0 1.91959580120840378
1 1.9258829154988113
2 1.91842865332182533
3 1.92805648628445492
4 1.99645075969764085
5 1.96558195770351962
6 1.99382471126611249
7 1.91771909139672436
8 1.98280766393891383
9 1.94631993894428401
10 1.92190115316803456
11 1.90719722031732575
12 1.97540888930082681
13 1.93788577194433764
14 1.91379462381885346
15 1.99129496669922279
16 1.98282646845784494
17 1.91611744034930287
18 1.9080978947927687
19 1.9958512205451302
20 1.96134105067005682
21 1.94078988016242371
22 1.93337335501567131
23 1.9909631822712428
24 1.93314834234052579
25 1.9638141104431166
26 1.92671019804119514
27 1.99911461950143021
28 1.9760904252246172
29 1.90789638935976757
30 1.90445469037906556
31 1.90906784907234184
32 1.91721809390334563
33 1.94623685981553951
34 1.93833090561092591
35 1.97256489645517585
36 1.90469917606400063
37 1.91239444180200047
38 1.99114070366257501
39 1.91249735112434505
40 1.93888210843807562
41 1.90634514102712105
42 1.91523406572058708
43 1.97803748988366945
44 1.99537278764158876
45 1.98795239586278694
46 1.90685218032167203
47 1.96612516950202876
48 1.9569094883600886
49 1.94451726049565909
50 1.9725861506356932
51 1.94540079422905521
52 1.97378034352945253
53 1.91072428536290828
54 1.95641656383004836
55 1.9088240506894032
56 1.99148768808649046
57 1.92194882298470326
58 1.99751052950744512
59 1.97288267336819589
60 1.9085585597738981
61 1.90453652914670379
62 1.9672394681009544
63 1.94891114936445087
64 1.96317459439929443
65 1.91311800808413168
66 1.98202589581419164
67 1.94551967469993103
68 1.91293021189012258
69 1.95164959672694582
70 1.97714759136023188
71 1.94334263239866423
72 1.92233819032364961
73 1.90609804945650319
74 1.98401644050198978
75 1.99257868599577392
76 1.94258170457075652
77 1.99813711144791428
78 1.92482014300877013
79 1.93644515161203001
80 1.94232101481449959
81 1.97019862448886185
82 1.91925489806953919
83 1.96914803044889908
84 1.98323919827718642
85 1.92777517367817763
86 1.96949308466392203
87 1.98664105820569725
88 1.9921480719821214
89 1.98485283130173129
90 1.96855331552436219
91 1.99910132837101462
92 1.98485168272114132
93 1.93929998234298773
94 1.98857697425086699
95 1.95093674799802419
96 1.99868865131800999
97 1.99099508238734013
98 1.98845166219771086
99 1.95039510478484446
100 1.94826293012505447
101 1.97739235405485414
102 1.95155902641856183
103 1.99951121973810064
104 1.9779168320920113
105 1.90639912485579832
106 1.97391303105397942
107 1.9838409666012311
108 1.97754380820682951
109 1.94253559863790137
110 1.97987028507350127
111 1.96328043210113612
112 1.97676404530934136
113 1.93716822362542929
114 1.90803796308630513
115 1.97835064551498596
116 1.90038877036629694
117 1.91969823536434014
118 1.91160255370119847
119 1.95918905610224225
120 1.98780393390012078
121 1.94531113472279626
122 1.92652367938164781
123 1.90642627518172203
124 1.94085331027427865
125 1.95993706146460944
126 1.99772210722676102
127 1.99889565242152334
128 1.96149522304800117
129 1.96069149168007217
130 1.92068521758105759
131 1.94329452895728161
132 1.9697959390690627
133 1.96593161197627464
134 1.90386606324872432
135 1.94543334946908009
136 1.94509595128051771
137 1.97689211483940519
138 1.99317678416556054
139 1.99471673291471041
140 1.94780326460470121
141 1.94197506854491286
142 1.92820114467236392
143 1.99524458325187437
144 1.93782706637453428
145 1.93235000735390949
146 1.98383737445931696
147 1.96336725954325475
148 1.93267518179623954
149 1.99692995588189803
150 1.98918661002403718
151 1.92079134919058592
152 1.95443109760561606
153 1.90715155137819048
154 1.94744615980407931
155 1.92064225514179343
156 1.92524838575027402
157 1.9525427705710614
158 1.90464555028212601
159 1.95816855397276335
160 1.91715953322154009
161 1.97400119481302161
162 1.98362476802486309
163 1.97945454417077382
164 1.96058820663048428
165 1.90909279842682533
166 1.93903035152758729
167 1.91596068322574298
168 1.94542468158827386
169 1.90856911030899723
170 1.96003823109673547
171 1.92991551372483028
172 1.95607047696894787
173 1.98163750326130539
174 1.95391059736621764
175 1.94900529849756521
176 1.98993950804802355
177 1.93424430358277233
178 1.91829798867275492
179 1.93596278140664024
180 1.92681350454254852
181 1.93371222097293582
182 1.96842287712679376
183 1.93900293837109849
184 1.94163588000401055
185 1.95163299377872979
186 1.99444610569167069
187 1.97371424742876389
188 1.90899640695607209
189 1.99958770898161786
190 1.93932156190003058
191 1.98569146908778849
192 1.92035721260020487
193 1.91666348911887141
194 1.97140742770789701
195 1.99276106389423302
196 1.93104726410199956
197 1.98555812396014009
198 1.9267533140447668
199 1.96822421576711659
200 1.99326353665939804
201 1.92686767916342716
202 1.90355677173899873
203 1.97499409269774118
204 1.94182968766156638
205 1.92774276175896087
206 1.93810935413019658
207 1.9972873496687773
208 1.94568694156095745
209 1.91776593557254404
210 1.9517158833222894
211 1.95085761750511866
212 1.98223235064691061
213 1.94598433269783322
214 1.95716576628647632
215 1.9456509736048524
216 1.92928273713878684
217 1.99127023868705
218 1.93059534178343828
219 1.94865790145766371
220 1.94629509522319855
221 1.96999208042591767
222 1.98122086330473834
223 1.91963077131937854
224 1.98877355132568234
225 1.95116972057145799
226 1.90218412034415918
227 1.98027921252495864
228 1.90937720738632488
229 1.99538916528073496
230 1.91645645588715308
231 1.92041806723400721
232 1.92381867139135876
233 1.985354254914943
234 1.94412908712776855
235 1.97987511142436912
236 1.98861061321303501
237 1.7340141523371837
238 1.87931687001706815
239 0.948580940479700319
240 1.10554236193906807
241 1.09007464165009482
242 0.965096066023329646
243 1.38580732541337492
244 1.96591370573580426
245 1.93581166906370572
246 1.90830277933127124
247 1.97596656091478007
248 1.9154403893449552
249 1.96550809988792285
250 1.95646325483501582
251 1.96731086198872696
252 1.90207345008891515
253 1.97851445657521507
254 1.94877979228652842
255 1.98330720763743895
256 1.92705990537782124
257 1.94494138117526005
258 1.97678444045874668
259 1.91968859105217504
260 1.93987537240656516
261 1.91471762062113804
262 1.93034032338660144
263 1.97349362716363497
264 1.90554101929564279
265 1.92195493926500416
266 1.91842743247411041
267 1.93700709153310102
268 1.99729836402182004
269 1.92163403044080994
270 1.92377477888868564
271 1.98341614628808793
272 1.90705282822350641
273 1.93849007867316536
274 1.91230083732182088
275 1.96260350849365017
276 1.95658895953711953
277 1.93311535890285646
278 1.90656359162710531
279 1.96818709336458664
280 1.93756303106374927
281 1.2699678683514779
282 1.73901858949983446
283 1.29548055027208231
284 1.20327031666015305
285 1.91006979784360409
286 1.01608964252713863
287 0.958957233856080116
288 1.98884997815938602
289 1.90599252260184837
290 1.9575789360335043
291 1.92622447526792873
292 1.90990947601050109
293 1.95241197305982928
294 1.99562124400681196
295 1.91992220242696443
296 1.90914589586416428
297 1.94204762791992791
298 1.95255087829867535
299 1.9830778754800682
300 1.94964531766573201
301 1.91910228845340436
302 1.9081464963436745
303 1.95315685603036227
304 1.94322777666962376
305 1.97130742315560159
306 1.94130998853239856
307 1.90306695239890811
308 1.9034382348797183
309 1.96856193553336634
310 1.90340291424028107
311 1.93253231895982625
312 1.95347916813449185
313 1.96579118685698528
314 1.90604058008416688
315 1.99523193031256629
316 1.90572132520886028
317 1.95223152428352531
318 1.99619323800343285
319 1.9966361284679488
320 1.97588167844645146
321 1.96982455485876562
322 1.96960416076567357
323 1.91628333591022049
324 1.94794830825123788
325 1.94924812366927669
326 1.91031243505366799
327 1.92674977549729132
328 1.97287914899637884
329 1.9407490077927696
330 1.98376232557958243
331 1.90671472313969503
332 1.98162828260513435
333 1.95850816434442399
334 1.92833172911296535
335 1.91159681941263204
336 1.92086134140734233
337 1.94662787138060933
338 1.96013629897553687
339 1.9707248976126861
340 1.99074493865673463
341 1.9695977139681955
342 1.97407538492151291
343 1.97493265310717647
344 1.97481956725408581
345 1.9722380844908074
346 1.92453288085378493
347 1.9950160959506793
348 1.91318617023766957
349 1.98122096932830605
350 1.97148231735752022
351 1.90219925281177504
352 1.98882567856600589
353 1.98221877927280477
354 1.98537251996067265
355 1.95357956368943264
356 1.95705197945904841
357 1.9862452434558826
358 1.99022893169415527
359 1.92317767353068803
360 1.9964368074449359
361 1.9465146994070619
362 1.99266799650082893
363 1.9648651198971181
364 1.98521140192809731
365 1.95244915914899253
366 1.91393715707570156
367 1.94493321654983253
368 1.99698717389635005
369 1.93209322636240977
370 1.98929506307852511
371 1.91673854277500721
372 1.9268345352052183
373 1.95495796913012265
374 1.93906002506539266
375 1.92765592531400043
376 1.93334552741598098
377 1.92438868162710186
378 1.90838863239494105
379 1.90833728879363274
380 1.96410857551377127
381 1.94323751986503823
382 1.96292509456588671
383 1.92596856849990927
384 1.9176519372103511
385 1.98511890807597258
386 1.94844024636629909
387 1.99750777614782526
388 1.94652979571465123
389 1.91641871081143611
390 1.94807200968985095
391 1.98633018812861617
392 1.92966199970203767
393 1.95687986685080229
394 1.94043919281987298
395 1.9883586097273156
396 1.99691694741201609
397 1.92389738802826971
398 1.9872388465622608
399 1.9860286716858373
400 1.92085096401513278
401 1.92949713176719784
402 1.97737699213385199
403 1.93800227912502043
404 1.91736724806947612
405 1.94650698511218789
406 1.97476377294328387
407 0.978013477086389305
408 1.1852136897826635
409 1.93297430951065108
410 1.65819156626754594
411 1.06879710822142937
412 1.51520952552728172
413 1.73659343589049575
414 1.93035961330060979
415 1.9850950445525557
416 1.99190380982029014
417 1.98063320256912268
418 1.91076694884740972
419 1.97292177431124971
420 1.90556804977670691
421 1.98399659860104061
422 1.98941274142875435
423 1.98104702108470154
424 1.95313573375839034
425 1.96087487320620046
426 1.90772906539579523
427 1.93457789006285319
428 1.90367070985099529
429 1.90790295512786412
430 1.90441360439118945
431 1.93033701860049578
432 1.92456108786461577
433 1.90381573173451124
434 1.97963347346843666
435 1.98504357705838763
436 1.92449332798459616
437 1.93599019500930414
438 1.95804441205422597
439 1.91029419651670151
440 1.91109232471333335
441 1.99362856723980708
442 1.96354597569523048
443 1.96304835350616091
444 1.90878513259485594
445 1.90180558393351906
446 1.95616403535230376
447 1.91578926488955559
448 1.95581673440557791
449 1.96931144807630321
450 1.90053029517885297
451 1.99735777830524142
452 1.91510476404821994
453 1.93676638754790753
454 1.99550578296239856
455 1.99446884661953394
456 1.97955103676513811
457 1.98667746386867039
458 1.93078450068817098
459 1.98461732917653033
460 1.96829897072348947
461 1.92978671213752007
462 1.97343955160661189
463 1.9215437416245964
464 1.99277636820362059
465 1.98745447954642129
466 1.93383867364159423
467 1.9754280011457459
468 1.90971763835222674
469 1.97962673984133053
470 1.91790117918798075
471 1.98915794570029703
472 1.97796401865119442
473 1.96652562577774126
474 1.92388983223018428
475 1.91669646368977142
476 1.99112598817837472
477 1.98433351799121427
478 1.9001475946499593
479 1.99757522180618352
480 1.99634423714911735
481 1.95342375808260771
482 1.94281129817886322
483 1.99617911790811187
484 1.94525333490048435
485 1.96477455283939428
486 1.94363891319919757
487 1.94553035942173969
488 1.90254540228938795
489 1.90609072174261818
490 1.91230458357238176
491 1.98855195454045353
492 1.91686878712771835
493 1.97135018463954825
494 1.90645452408444949
495 1.93180843157557525
496 1.97997048142735532
497 1.9449687667845954
498 1.90021092495608568
499 1.91340299771293654
500 1.92671958961131407
501 1.90299179546183206
502 1.97091386136183266
503 1.9228105661262378
504 1.95608683670214156
505 1.95843055997279514
506 1.93208042329935603
507 1.94309696644048668
508 1.9339177438284354
509 1.92673558053211136
510 1.92390822354300739
511 1.90631219253811968
512 1.91452276194824411
513 1.94745403729624766
514 1.98222520843302807
515 1.96415224425104107
516 1.91278769860352482
517 1.92050505628596513
518 1.9021359204415853
519 1.930673283486952
520 1.91835741966504303
521 1.91685592054590614
522 1.93626674637604324
523 1.93563773982901988
524 1.92081511242698189
525 1.91034929144852161
526 1.99550335671276691
527 1.98390066987440394
528 1.92962388571578281
529 1.95128609697010225
530 1.90366726131900443
531 1.98233121748434882
532 1.98461215692654025
533 1.91083751011612701
534 1.92289665311888602
535 1.93117633449532988
536 1.91292125719239436
537 1.92165800048949209
538 1.99795315668969309
539 1.92000302658208244
540 1.99895085044783594
541 1.92654710676403451
542 1.93386552022309388
543 1.94548706744430389
544 1.98539844799320164
545 1.90164775401310093
546 1.94828544578098373
547 1.92284484181728654
548 1.95536104596007854
549 1.94852572882204522
550 1.93602959325493473
551 1.98298344994980802
552 1.90057509911208977
553 1.92461383467600533
554 1.95360146345838404
555 1.99680804820335522
556 1.92602424039573594
557 1.93323701372884504
558 1.99787107318366264
559 1.95783185272415694
560 1.96286405583533696
561 1.97866449552605217
562 1.99992890442978255
563 1.98811001929751452
564 1.99919157534604319
565 1.94148334011584045
566 1.94619197766805518
567 1.94291655209697312
568 1.96273196370806913
569 1.90449118647491367
570 1.95679310324918321
571 1.94086526402495219
572 1.73278246302643701
573 1.04694876092778877
574 1.28075464962244467
575 1.83329420536447163
576 1.18147207645915753
577 1.75633746573164773
578 1.1068193920507472
579 1.90913271355916647
580 1.99845046627844836
581 1.9680447182145322
582 1.94419575696210845
583 1.92954033800395175
584 1.95590256274249952
585 1.94662702771468732
586 1.9587013199631913
587 1.93443873703041413
588 1.91711054816280368
589 1.97799128428431303
590 1.96868690475643793
591 1.91696505824103403
592 1.92595702987800643
593 1.92591739068894441
594 1.97621240038157953
595 1.97986131263675413
596 1.99235451445260869
597 1.91962334588440164
598 1.92856325784130744
599 1.91662994506813855
600 1.94539921732607746
601 1.94849215681522914
602 1.95023477620515395
603 1.96839366843794283
604 1.9835617196478883
605 1.97415465643833388
606 1.92457884337899476
607 1.91078848395940759
608 1.91639440748770573
609 1.99600899018831957
610 1.95424315927847592
611 1.93236310128737099
612 1.96408554311886663
613 1.96240777321862137
614 1.92418969960891784
615 1.95788293347799436
616 1.93055242007197148
617 1.94110650383812033
618 1.90091562774579081
619 1.91337550779951959
620 1.9097067126175129
621 1.9670972612237434
622 1.93046504414569542
623 1.97928127074482063
624 1.98720411438567912
625 1.93330621981881556
626 1.9705875235399255
627 1.9427054649108646
628 1.98173145479170065
629 1.93477848345177317
630 1.98823570145804362
631 1.91012309389849078
632 1.95831423785059444
633 1.97699397201841265
634 1.94233362387352715
635 1.98101198155985947
636 1.98185133019155435
637 1.9189848388740629
638 1.90211723982740644
639 1.90956543176460158
640 1.96390313339988998
641 1.93102766491148081
642 1.95385100081579388
643 1.92661683351540325
644 1.95922150886547919
645 1.90692250278084874
646 1.98861084214508166
647 1.94517927293157933
648 1.90989344508832448
649 1.96946755589714595
650 1.90413835643866403
651 1.80136813278204522
652 1.25985565516339904
653 1.27969105240305492
654 1.66906679640534406
655 1.15169798827894043
656 1.04152644133680394
657 0.931554642026962698
658 1.97457144888057456
659 1.92430205256387565
660 1.96049362696217155
661 1.90884457273786801
662 1.99588905827403518
663 1.95832030138322488
664 1.97938277485616876
665 1.97504065372190674
666 1.93182210363139051
667 1.98595161635756723
668 1.98044784084534697
669 1.97601532458849571
670 1.91804951057776996
671 1.97017844008573295
672 1.9932856370030847
673 1.98959062783013918
674 1.94651787259357922
675 1.97911201890772626
676 1.91633138164370243
677 1.97923052627468077
678 1.90346759040539926
679 1.97976118557403535
680 1.96959941120116766
681 1.95228917722702033
682 1.92132699929527329
683 1.98660934455141214
684 1.91290968789770832
685 1.99487145410546174
686 1.95414312148142977
687 1.98819293016323195
688 1.95647635158362587
689 1.9394226307796143
690 1.99152924185198454
691 1.98736717501284987
692 1.97381065067259454
693 1.90366548538854263
694 1.99751987123010699
695 1.90720942286316064
696 1.99943205849573635
697 1.96715952967603958
698 1.97286636812696181
699 1.95823527727647928
700 1.96453897339143579
701 1.92557998786948836
702 1.96113756364862124
703 1.99137208971333846
704 1.92778901882724529
705 1.9404338602460991
706 1.9069817608277011
707 1.93196344179812618
708 1.97919502606441822
709 1.91939639987731336
710 1.94274930424660264
711 1.95136527876533838
712 1.90316371997718914
713 1.93799186226001652
714 1.912808510708502
715 1.99860755587431305
716 1.99720251722102216
717 1.94519040113190611
718 1.902937053413438
719 1.99412735578843292
720 1.94340780945346303
721 1.96625811733595324
722 1.91579396745189356
723 1.9959682454404255
724 1.98883567088057656
725 1.98444297504147693
726 1.99281940734317442
727 1.98397192796944677
728 1.99688191365692891
729 1.93564452685916155
730 1.91619614985009767
731 1.91142656119179377
732 1.93448304560627404
733 1.97723238547167668
734 1.93907871912761509
735 1.94555922625899025
736 1.96284572985950634
737 1.98769306171384597
738 1.93953554253206817
739 1.90490264372506513
740 1.95851890730238187
741 1.9365649648231853
742 1.96033422497628873
743 1.97969059435350259
744 1.96497840453835826
745 1.99237480068055861
746 1.98523774721451085
747 1.91344514046341474
748 1.90536233773660735
749 1.93174995026706364
750 1.95433556803443786
751 1.99166498894497979
752 1.95504946753541953
753 1.94947822522376857
754 1.91343048965364915
755 1.92526206386153453
756 1.91396633602364852
757 1.95575982644659629
758 1.98232796957150859
759 1.90128583924268546
760 1.99436783440537679
761 1.92764499772425801
762 1.99753196197985683
763 1.91340552795471752
764 1.95740317853318713
765 1.92241156692306503
766 1.98880336848548045
767 1.92199926465743531
768 1.95928119831218273
769 1.92352423592172439
770 1.95082309477228577
771 1.93797519829696241
772 1.96857005670050267
773 1.95482529160753105
774 1.9015218651407928
775 1.98526983239561261
776 1.98245835971721784
777 1.98160338511802392
778 1.91293119887031215
779 1.92449055867248076
780 1.9405876220795486
781 1.93924278931994443
782 1.9923204626850084
783 1.93957971585889277
784 1.90852321021892868
785 1.90127149738017565
786 1.9799829478660016
787 1.99887717925191155
788 1.94526840010996915
789 1.99460396655129335
790 1.9933941882430144
791 1.95416209780791972
792 1.98850383938550967
793 1.92675560562322623
794 1.94490312027803114
795 1.91901681330990392
796 1.97663599744788065
797 1.9692190458723593
798 1.95442420381370097
799 1.97507732083114607
800 1.99612538863484379
801 1.96489338970135363
802 1.93620406744950868
803 1.97044077110275495
804 1.92982197988292725
805 1.97818502922224115
806 1.9407980156741067
807 1.93299278793776352
808 1.94694598139225095
809 1.95555987908163953
810 1.90215872029569066
811 1.90193696140939661
812 1.92321622006193538
813 1.99817753403120268
814 1.97715907035624205
815 1.99869808805402238
816 1.94260822278855572
817 1.91171189197330693
818 1.94593070590217798
819 1.94778495716325772
820 1.9153019315400388
821 1.95714780682944833
822 1.9268657589872551
823 1.94563058556529866
824 1.97850268852732825
825 1.97771957947986787
826 1.98906867960178513
827 1.94205637354181193
828 1.91669218118086659
829 1.91798859381064513
830 1.9216838458626615
831 1.92429512422325466
832 1.94659303672634421
833 1.97022150301501364
834 1.9982422001394613
835 1.9709717645172562
836 1.94493098193988478
837 1.997220609023592
838 1.93959187698647351
839 1.99797303342731558
840 1.94928275880039203
841 1.94167960394588612
842 1.93022378684058094
843 1.97275158771492309
844 1.92101016390491219
845 1.9284958266127461
846 1.9660718417898051
847 1.91229400570970265
848 1.9938496581363947
849 1.99646996668074284
850 1.98198021096171462
851 1.94264649026776182
852 1.92101281372959587
853 1.92592015704997155
854 1.98481174262136451
855 1.96960989041242818
856 1.99606454551364054
857 1.99095321961025773
858 1.95349561049965215
859 1.96490300433570586
860 1.9308362350968058
861 1.98152629079373543
862 1.91549018087908829
863 1.99455243776675828
864 1.92838575641254284
865 1.96783678963036657
866 1.94539415281589356
867 1.94697320217748215
868 1.96698595938468523
869 1.98358610886516451
870 1.99903183019267749
871 1.99263844980685145
872 1.98205826005093466
873 1.93379273281757635
874 1.96829953578747663
875 1.9330998103131285
876 1.90642030216166947
877 1.96096880221098568
878 1.99918693915360612
879 1.92839779304957259
880 1.97817928201988047
881 1.92648928044280576
882 1.91258004820130134
883 1.94377901522716146
884 1.91478281697792729
885 1.95593947511210975
886 1.94070636873986735
887 1.95091771372938649
888 1.95496541451075578
889 1.96105500461022264
890 1.96645524062025978
891 1.90806247850738941
892 1.99687466782469247
893 1.98977119555371718
894 1.97599759181607526
895 1.96952348499337537
896 1.99990868907486208
897 1.93343211652062519
898 1.98065216827374058
899 1.92191416404710913
900 1.94038698246450347
901 1.99680114891474503
902 1.93731969806389492
903 1.91987076316766281
904 1.93756924585054713
905 1.93634543515091928
906 1.90594661971862056
907 1.96126940311442732
908 1.95747359335254556
909 1.95360956282571618
910 1.91337540414546425
911 1.95919990865469784
912 1.90758317798960775
913 1.93304881493982839
914 1.99815925084778123
915 1.93424917591727663
916 1.99938834391471709
917 1.96496182970762545
918 1.98998276955836717
919 1.92722544647566552
920 1.93071673733203464
921 1.98332025119346489
922 1.91834920241290563
923 1.98677453845287788
924 1.92693113819368667
925 1.92455000858158454
926 1.94730326528919084
927 1.90301464717401436
928 1.90794476373969113
929 1.93727551646067364
930 1.93907430281208515
931 1.99118007126860919
932 1.99963382273030144
933 1.93070746907016177
934 1.96175211401026384
935 1.92248055297766585
936 1.94591499256961464
937 1.9336734240088651
938 1.94123492403777309
939 1.94652698494474841
940 1.9578598955863018
941 1.99075578955267329
942 1.98796933630330086
943 1.95090469060217853
944 1.96019166314203153
945 1.93665506770815865
946 1.98674156448573047
947 1.92944146049003451
948 1.97200553331067163
949 1.93509036509836774
950 1.91094637259156452
951 1.97401618291455572
952 1.90362820128157284
953 1.99022192391219233
954 1.97130209310978488
955 1.9655999629988592
956 1.93502831781303675
957 1.97045645301861772
958 1.95999916858760903
959 1.90882849433141666
960 1.90518201942320009
961 1.9057662403030271
962 1.90821343642012353
963 1.95373733711990361
964 1.9463167914074373
965 1.96947228354563997
966 1.94356001114125432
967 1.97116272036096518
968 1.98771221407254473
969 1.99594978274159596
970 1.9902650661675958
971 1.98256147579348285
972 1.9193647225252235
973 1.95308796252714489
974 1.90267541193273759
975 1.99494308720206881
976 1.93869733642385977
977 1.91191631034439413
978 1.92778348602416094
979 1.95100083645828537
980 1.9343503840148133
981 1.9521527811816739
982 1.92870822093102667
983 1.94600969538515733
984 1.97090997076594987
985 1.94689986802313286
986 1.90356004718880834
987 1.91571946862245635
988 1.95687857971200874
989 1.98585934852081092
990 1.95793722194308772
991 1.98837152904456804
992 1.94046659205271976
993 1.92965883433732199
994 1.91800228246714077
995 1.95891560195666981
996 1.92655519767309436
997 1.94298509827200916
998 1.9582729444979956
999 1.93917023048908255
1000 1.92502226549728905
1001 1.90465638702144724
1002 1.95390192693298892
1003 1.93876022419124427
1004 1.95693881786887736
1005 1.98828076469682147
1006 1.99990783113955595
1007 1.90708996818226795
1008 1.94802613054204454
1009 1.96855114422545019
1010 1.95529330090736142
1011 1.95730014551984888
1012 1.9886276546890147
1013 1.99800484357380692
1014 1.92958433034930765
1015 1.92787421857035368
1016 1.92437983654165912
1017 1.94745254715708316
1018 1.95633923476920235
1019 1.90896591790784997
1020 1.90431241043218047
1021 1.98104526218252253
1022 1.90627598667843645
1023 1.98541366161797184
1024 1.90541710484794335
1025 1.94592797341222057
1026 1.90164295798174243
1027 1.9305313768654504
1028 1.92880272619865778
1029 1.94553850155789698
1030 1.92459630637172752
1031 1.98972846411104487
1032 1.98303338670111229
1033 1.97058080899935395
1034 1.98685495069960405
1035 1.94266075024413776
1036 1.91173375495225217
1037 1.99854193988205608
1038 1.91166445120503647
1039 1.90155960139557534
1040 1.9582991596347501
1041 1.94248120417026082
1042 1.99864799805593285
1043 1.91602564460131686
1044 1.92832972916121159
1045 1.94122756832934251
1046 1.99036635521849226
1047 1.95081177068481981
1048 1.9831389985011536
1049 1.96406130008716651
1050 1.97580310240679746
1051 1.9815827178648675
1052 1.97211029257889936
1053 1.93328835798137066
1054 1.97836797612045179
1055 1.90112700650120647
1056 1.94492736328140303
1057 1.94367440310916639
1058 1.91159019238649708
1059 1.99994585419976545
1060 1.99011464658314852
1061 1.98986404373794623
1062 1.97405952452332634
1063 1.92024387321408829
1064 1.92093193203902213
1065 1.98604467099192772
1066 1.91865327010239639
1067 1.99570942857674338
1068 1.95572082688110527
1069 1.9421909018985799
1070 1.9535040785069322
1071 1.98478382596266401
1072 1.92589843706943187
1073 1.92075412419801483
1074 1.97516553331811773
1075 1.90914317216121798
1076 1.97096435956825067
1077 1.94550322522537877
1078 1.92523833931110344
1079 1.92900993364244489
1080 1.99507247348134009
1081 1.9457325545399804
1082 1.93218213826973528
1083 1.96904515984299744
1084 1.9098308900665002
1085 1.98485878594270315
1086 1.96586195604628378
1087 1.9072793230342453
1088 1.91052486915155173
1089 1.91870219380857154
1090 1.96498796641637496
1091 1.95979428682847168
1092 1.92758944498713047
1093 1.96484285799985692
1094 1.99859530434126897
1095 1.99032682197831878
1096 1.90388023176458243
1097 1.90222170656543677
1098 1.90592437243434776
1099 1.92157357907648385
1100 1.9970864375995947
1101 1.91113499285102106
1102 1.94211403918035375
1103 1.98491062564223353
1104 1.98274652900250459
1105 1.9735507033641595
1106 1.9830199139104383
1107 1.9455369122709758
1108 1.90361634795322621
1109 1.92847107341265978
1110 1.93948938547104222
1111 1.95175797408588902
1112 1.99796246703712699
1113 1.95621561793312071
1114 1.94061202433896374
1115 1.9087913290982792
1116 1.97305701635965414
1117 1.91260798010616084
1118 1.98847458355310502
1119 1.99252925036661077
1120 1.9263078326135763
1121 1.97823659183510281
1122 1.93958019317507535
1123 1.98513396425019906
1124 1.98761440197674544
1125 1.96869671122445222
1126 1.97273279496660026
1127 1.93870338932868291
1128 1.94355745661319745
1129 1.98088734117710752
1130 1.96231021079477164
1131 1.96603301489845816
1132 1.9612106812581156
1133 1.92381783824273556
1134 1.92582724288277118
1135 1.98766429545106171
1136 1.98229695766953329
1137 1.93379137623608921
1138 1.95040218045409897
1139 1.94562897014435188
1140 1.91700819063846128
1141 1.97406072237870944
1142 1.99491326154370796
1143 1.9935722196989154
1144 1.92716639950346913
1145 1.9502037759970472
1146 1.93321403446940843
1147 1.9295069972959118
1148 1.97193422940319629
1149 1.91131574351371469
1150 1.99684245149299899
1151 1.90065022180115317
1152 1.99554960797615988
1153 1.99707860679859373
1154 1.9595062732033619
1155 1.99939535093873455
1156 1.9784488605808066
1157 1.94018880520890091
1158 1.90929509284793131
1159 1.96911564239066506
1160 1.94242459647446197
1161 1.9024108374791231
1162 1.97369093497513415
1163 1.93882440245961285
1164 1.9625233113035474
1165 1.99262527522908472
1166 1.93989077462495607
1167 1.90310009150743786
1168 1.98142992290305586
1169 1.90735247194399138
1170 1.97940251768603748
1171 1.9310159761033765
1172 1.94556474825286085
1173 1.95995496761146981
1174 1.96144611409606084
1175 1.93097824812357755
1176 1.97051037842191268
1177 1.91015086773310427
1178 1.93465910920741302
1179 1.9359621297361953
1180 1.95895141657264471
1181 1.99775024926361033
1182 1.96216823038420718
1183 1.90522686114205664
1184 1.99344573050342255
1185 1.98050184695123077
1186 1.91051980537903154
1187 1.94884059568446633
1188 1.91390182840542034
1189 1.94571758186732913
1190 1.91655186554710077
1191 1.90776345408878978
1192 1.92515106715046036
1193 1.93693915625562885
1194 1.9803654431923936
1195 1.99882941404606673
1196 1.92958246584034976
1197 1.92872133081592612
1198 1.98598823672028169
1199 1.94979086165432269
1200 1.98805498544988479
1201 1.9261798411807276
1202 1.93880066575682819
1203 1.99613455246349081
1204 1.98527694002315114
1205 1.99125660553102279
1206 1.91912019537252632
1207 1.9343780096817087
1208 1.93154417513264698
1209 1.94751598684215921
1210 1.94243225974691014
1211 1.99508864099531658
1212 1.92911986163597282
1213 1.94773691244197167
1214 1.91589967468348754
1215 1.94935289345345164
1216 1.91654626480680035
1217 1.92479787971003269
1218 1.96402472719565169
1219 1.93343316275046306
1220 1.93373757268558588
1221 1.94952558628315353
1222 1.99927173762524446
1223 1.95203760223056477
1224 1.91096106191822224
1225 1.99392739998255841
1226 1.99339681912458699
1227 1.97822923986379062
1228 1.93648262303036778
1229 1.9373040352582187
1230 1.94827097676669436
1231 1.99828050407224045
1232 1.99012223775973496
1233 1.99655424445232321
1234 1.91921807347825402
1235 1.97091636104099366
1236 1.9123055369615487
1237 1.91681234462549144
1238 1.96300898072844432
1239 1.92881680668402655
1240 1.92094464302013046
1241 1.98121891223043245
1242 1.99858752230835357
1243 1.92183911290131437
1244 1.95946154636444358
1245 1.93428352435157835
1246 1.95898563144207816
1247 1.98562070193349482
1248 1.96100731131753392
1249 1.94809709922577956
1250 1.96694950511704025
1251 1.99288757598600608
1252 1.99862520530440024
1253 1.92108779275620245
1254 1.995520583781905
1255 1.94277417268388408
1256 1.96417107605475882
1257 1.98493670953156753
1258 1.96534389430369805
1259 1.9357701618752623
1260 1.94793160770891638
1261 1.92665463885099086
1262 1.92098375066750782
1263 1.91263619261791185
1264 1.93094784436130151
1265 1.91608728735093758
1266 1.98725392847674853
1267 1.97919541307471425
1268 1.94365194264204
1269 1.99041563533791854
1270 1.90507941711853235
1271 1.94664526545750771
1272 1.9824100217912517
1273 1.93994245836826362
1274 1.92507637735170878
1275 1.96982845496275427
1276 1.94692382931628138
1277 1.95368041800721914
1278 1.97204751869980432
1279 1.98052872525714863
1280 1.93620070097927255
1281 1.99911811831498154
1282 1.90413144545335289
1283 1.95779345694871676
1284 1.96384229597035853
1285 1.9004736254356569
1286 1.95653498559842975
1287 1.12422697904957758
1288 1.68012148319179833
1289 0.971880737816654072
1290 1.79813850199128522
1291 1.00803079712914756
1292 1.4209000172298718
1293 1.56120712546091966
1294 1.9664898877172059
1295 1.93478174377581746
1296 1.94592525723901044
1297 1.94075703767625818
1298 1.9411590817490727
1299 1.97529701743995423
1300 1.98620387927193809
1301 1.92965054959751225
1302 1.94018078751434819
1303 1.9409535727298064
1304 1.97923545472202411
1305 1.99428528492137347
1306 1.9636413455753674
1307 1.99385578499069394
1308 1.99127385156440573
1309 1.92538685001102206
1310 1.91425920628041824
1311 1.94304727040142011
1312 1.9495893304812868
1313 1.97783753940059426
1314 1.99176922506135168
1315 1.92425172409922562
1316 1.90651564984914046
1317 1.92625073673263314
1318 1.99824993015128771
1319 1.91205531610613377
1320 1.95611521799821686
1321 1.90711572254574735
1322 1.90158048849498917
1323 1.95465374157265148
1324 1.96993270696692191
1325 1.95477756022210714
1326 1.94894239993363927
1327 1.96979684873349714
1328 1.92117873778941339
1329 1.98718865762081864
1330 1.91852483443028965
1331 1.96136042848679515
1332 1.9237919244307311
1333 1.95452129721793044
1334 1.9331119672771655
1335 1.97380642490182168
1336 1.97282299727870614
1337 1.9722176794918973
1338 1.92308629525369001
1339 1.93575253786690626
1340 1.91282311600950572
1341 1.91999010009132132
1342 1.36263950771310616
1343 1.7613060082389933
1344 1.22919510962959899
1345 1.88801917852769741
1346 1.69326245399026343
1347 1.88917087723553423
1348 1.35744824962716271
1349 1.92868215755625916
1350 1.96607192147025045
1351 1.93602313684898508
1352 1.92606312856649664
1353 1.95216456034544761
1354 1.98330995517477993
1355 1.9123803957629093
1356 1.94657224310316423
1357 1.92253211530119206
1358 1.91582315519573076
1359 1.90599937286392573
1360 1.98099513451990039
1361 1.9531775986398745
1362 1.97983992485298166
1363 1.96818424332165609
1364 1.59205889505018305
1365 1.70749697585427707
1366 1.94777202722273701
1367 1.00072967471369778
1368 1.65124567092562446
1369 1.423061857209452
1370 1.60839237900613385
1371 1.93628726840741328
1372 1.92689879933920527
1373 1.91705451737978061
1374 1.92615275654585583
1375 1.91151466485172072
1376 1.9946013270373435
1377 1.92298789946902793
1378 1.93188427609426561
1379 1.93387578892065748
1380 1.98844097740669912
1381 1.95287087041560148
1382 1.92281315169145062
1383 1.93398685405931481
1384 1.94323591024074593
1385 1.94808036012086139
1386 1.91706839301545284
1387 1.90587876406063539
1388 1.94325397100766217
1389 1.9243222728148448
1390 1.95374940964062072
1391 1.95720538586703818
1392 1.99513389793614859
1393 1.95118793674819524
1394 1.98455767357412327
1395 1.94427063235788911
1396 1.92614004278960116
1397 1.97745074684578603
1398 1.9056405722407177
1399 1.93953784919809746
1400 1.90441040588910693
1401 1.98850366272356971
1402 1.94693455425083872
1403 1.92753954243782544
1404 1.54386471690887195
1405 1.90199446211805423
1406 1.67478642939364675
1407 1.12224390905039151
1408 1.26364941856327162
1409 1.31911227594474623
1410 1.56386901367344611
1411 1.98596716992541222
1412 1.94714892707702281
1413 1.97853762573975978
1414 1.97759824736064216
1415 1.90170591558507884
1416 1.93614532019973939
1417 1.93351585556126926
1418 1.9073219663872818
1419 1.99836060380442815
1420 1.90375230980597898
1421 1.94880348669923875
1422 1.90432654491222042
1423 1.92825046575759051
1424 1.90120931797964898
1425 1.98456543154528275
1426 1.99691303888086402
1427 1.98792659826615248
1428 1.9564787215913042
1429 1.95489028867707626
1430 1.94886074519131469
1431 1.93398190947620008
1432 1.91366733503740383
1433 1.90011567643196422
1434 1.93451098265163113
1435 1.98188888550825792
1436 1.97983809518939968
1437 1.97671330886199748
1438 1.98859113824711331
1439 1.90163937374450542
1440 1.99917256121955056
1441 1.91215693307055057
1442 1.93858045183448091
1443 1.97105609156057504
1444 1.98895700264598774
1445 1.99981295443522744
1446 1.95652741114554218
1447 1.97588445833219195
1448 1.94842595282945563
1449 1.98313652458304568
1450 1.92678916078490792
1451 1.92886399704755318
1452 1.92743990426974698
1453 1.92116682221735346
1454 1.98896010107727972
1455 1.99800074225993907
1456 1.93660074000495541
1457 1.97182734229522505
1458 1.97269689254051928
1459 1.95402227264212702
1460 1.91489798658016364
1461 1.98551243144446743
1462 1.94561326256636447
1463 1.96652717580648151
1464 1.99332187770737712
1465 1.92345942123424707
1466 1.92137116805626884
1467 1.93029554130297432
1468 1.99494134033771209
1469 1.95441018410116962
1470 1.98939331928720975
1471 1.93715043987645963
1472 1.98755402001702941
1473 1.9531872972228832
1474 1.96958605474632131
1475 1.95891356868842781
1476 1.93064325326921282
1477 1.95015060015486474
1478 1.99255005105741811
1479 1.90506167308191454
1480 1.98957910202206723
1481 1.93240490234118956
1482 1.94068708363846287
1483 1.95891290747093283
1484 1.94612319789473798
1485 1.9711988153021458
1486 1.92357907132170713
1487 1.96022200197486485
1488 1.97649323042723113
1489 1.99176265977378408
1490 1.91297867930852794
1491 1.97839821733679355
1492 1.92884312717212669
1493 1.94843043486960887
1494 1.93006018354136821
1495 1.92978819273895641
1496 1.93007280011874172
1497 1.91587221456688805
1498 1.99722437122111862
1499 1.91529131985550949
1500 1.99416710833773836
1501 1.95347918094028672
1502 1.9726178025883141
1503 1.9648040500325612
1504 1.94028694008031488
1505 1.97556067900340793
1506 1.93457569794460782
1507 1.92669120797292104
1508 1.94897853991279968
1509 1.92139584875899283
1510 1.97023883460849358
1511 1.96739399379510105
1512 1.93306598272170982
1513 1.94622308265069455
1514 1.95236850500193282
1515 1.90151131426311482
1516 1.91047205708317525
1517 1.9533917647365977
1518 1.0305665302203959
1519 1.10473357915955273
1520 1.21525240461298623
1521 1.41200616300473092
1522 1.38713049462208438
1523 1.40200728770057448
1524 1.62065407288195118
1525 1.99638462424265217
1526 1.96984168997547227
1527 1.94521295900318836
1528 1.98475730906803882
1529 1.92450873917546783
1530 1.98935155590443591
1531 1.91884741028232386
1532 1.91834747180389065
1533 1.99926663321814124
1534 1.95075706144785954
1535 1.96590031487673889
1536 1.9261742041584764
1537 1.93612012602259664
1538 1.99111989652198074
1539 1.9334009377721133
1540 1.90639765693998608
1541 1.90494533654594345
1542 1.96448636955023614
1543 1.92285427751421123
1544 1.90084024422224318
1545 1.95470007707400528
1546 1.92969146886377851
1547 1.99770035837425319
1548 1.90514104105243254
1549 1.91934639041889676
1550 1.9726455203213531
1551 1.95543525273526719
1552 1.91587021591913143
1553 1.95602043484022614
1554 1.92735737165087118
1555 1.91221827038456715
1556 1.946873415757991
1557 1.93136811484831616
1558 1.9059448781305639
1559 1.9068829533877234
1560 1.99963132775187491
1561 1.91406565063870016
1562 1.95497562536770531
1563 1.97546001148183459
1564 1.93707075229242509
1565 1.93986213666313079
1566 1.99934756874981501
1567 1.91566879787964317
1568 1.92378024580987894
1569 1.9919646164834941
1570 1.90299004279880135
1571 1.95625754099015792
1572 1.90715107422027352
1573 1.95357128730352625
1574 1.96144216499527202
1575 1.99787428517061572
1576 1.93481860455298471
1577 1.95765838115292445
1578 1.91078319359490845
1579 1.92415787102251734
1580 1.99517247136724873
1581 1.99539476453523879
1582 1.97146666653630609
1583 1.9456289435747125
1584 1.92841474389146028
1585 1.97680815493831696
1586 1.96291952962316496
1587 1.94459402564676598
1588 1.93727870186970752
1589 1.91050678270805085
1590 1.95043837542843157
1591 1.93473216908331991
1592 1.93397091201357263
1593 1.93196092082474924
1594 1.91329179069735411
1595 1.93335541843255343
1596 1.90912710511702977
1597 1.94000132675577297
1598 1.91197262363173426
1599 1.96821556550650589
1600 1.93528044438299096
1601 1.97947715837505389
1602 1.92496088665020615
1603 1.92236715861595364
1604 1.97853582733597011
1605 1.98665079728266614
1606 1.93516211782849634
1607 1.90969867582448405
1608 1.90804576954265359
1609 1.9152095365397217
1610 1.9190933430237922
1611 1.9598025771578671
1612 1.92655281482144258
1613 1.94747340087078702
1614 1.90343414221790885
1615 1.91647956499245353
1616 1.93734843796808942
1617 1.97299457441988002
1618 1.91610741674575857
1619 1.99108709357170266
1620 1.94070456744281339
1621 1.93062796431586414
1622 1.9307159122909463
1623 1.94411993392033233
1624 1.99157531385563846
1625 1.97950020072985788
1626 1.97704647992654081
1627 1.92346705150681685
1628 1.90517795582750971
1629 1.93048145684558814
1630 1.99448222548308984
1631 1.9301592571377717
1632 1.99744146064019024
1633 1.94780322445307319
1634 1.93045989663629092
1635 1.92733825512200507
1636 1.98872517365951174
1637 1.92633697797073888
1638 1.99704352323615719
1639 1.97474765815117004
1640 1.97199345760211608
1641 1.95038397977836397
1642 1.95546241595676906
1643 1.95098951417864908
1644 1.99894800233429248
1645 1.92406638847471201
1646 1.91402384947511517
1647 1.91297520496458606
1648 1.9758210045736524
1649 1.98334236339343217
1650 1.94031719236887801
1651 1.96868647170317468
1652 1.98749732102025911
1653 1.9831234931877737
1654 1.91705414647542338
1655 1.93320398205815502
1656 1.94641434276556713
1657 1.92678795386777013
1658 1.91913838433520412
1659 1.95379402570028216
1660 1.95728268956961604
1661 1.91287910071884326
1662 1.97921959372789513
1663 1.96142072758776997
1664 1.97179433985940888
1665 1.98976530594746137
1666 1.98969361562729286
1667 1.94096325189453722
1668 1.94541764236804982
1669 1.98316971032106659
1670 1.90243570936977169
1671 1.98253344854962199
1672 1.91492562120313514
1673 1.97220719257794652
1674 1.98201767002558826
1675 1.95428145375465845
1676 1.96693628973270185
1677 1.94765119121835983
1678 1.97380789248701483
1679 1.91444284376720697
1680 1.95700246334301964
1681 1.96132072515164468
1682 1.9392447483399482
1683 1.95259604620948335
1684 1.9165391242738008
1685 1.91629830774503418
1686 1.98517528553579448
1687 1.98843632171915985
1688 1.90157837942235663
1689 1.92949068245762767
1690 1.97093215746223427
1691 1.95035364250579835
1692 1.9181184779897289
1693 1.95365767240570176
1694 1.92613774342269273
1695 1.97054864301766575
1696 1.972278140272828
1697 1.93355446999032288
1698 1.94757805162480313
1699 1.97686996739153065
1700 1.9292586448408271
1701 1.90735995993043495
1702 1.98351478689915051
1703 1.9800715953131347
1704 1.99203996218588464
1705 1.9943554573730391
1706 1.96863357594935562
1707 1.90068546019493612
1708 1.93164913544234373
1709 1.99651325051992634
1710 1.90865368038030048
1711 1.99896649449436969
1712 1.92995946818877129
1713 1.95325606060548052
1714 1.92149419345950401
1715 1.93598064458880614
1716 1.96507104125543175
1717 1.93476655072233861
1718 1.90594672338927196
1719 1.96021438447984431
1720 1.96307121188705369
1721 1.93822473429611897
1722 1.93274931648268278
1723 1.90535486033722568
1724 1.95986034276289134
1725 1.99056845529881832
1726 1.98910037200928169
1727 1.95855141503517594
1728 1.90857431593220084
1729 1.93218687900827146
1730 1.99420938517604629
1731 1.96709212270797962
1732 1.97325010767358067
1733 1.95120036682038678
1734 1.91476538554847098
1735 1.97310779771438582
1736 1.91114857348631606
1737 1.95346354059268945
1738 1.93330436398071193
1739 1.95142727829539053
1740 1.99626500347436009
1741 1.97669887888462603
1742 1.90322643381602807
1743 1.96204902300485706
1744 1.91495293425453572
1745 1.91276192495791308
1746 1.92805247326403517
1747 1.94678532475598187
1748 1.94962182435801989
1749 1.98254674880333037
1750 1.96454826339172617
1751 1.982726906898721
1752 1.94489618379920381
1753 1.94209568889621043
1754 1.93323508760928342
1755 1.95519123303717279
1756 1.95791712771535131
1757 1.95699136046465494
1758 1.97517951394324287
1759 1.96743874706010735
1760 1.99914509920728189
1761 1.91987586716846415
1762 1.97721024331156259
1763 1.92026920351883912
1764 1.97076901940121951
1765 1.99922657186758235
1766 1.99052761994954741
1767 1.92231755760753886
1768 1.98586427882690497
1769 1.91643105677280445
1770 1.92760666988776097
1771 1.90122210123651847
1772 1.94124845256561263
1773 1.93822649648620327
1774 1.99383256655733532
1775 1.9218811498385262
1776 1.98393786553381912
1777 1.95154084893607438
1778 1.99627431296346569
1779 1.98602772752469092
1780 1.9435261469226317
1781 1.96236663432604375
1782 1.95241880505155163
1783 1.99796633814474589
1784 1.92811464927091492
1785 1.91406974052591172
1786 1.94428577203160802
1787 1.96822183683411267
1788 1.9821784913854299
1789 1.94960888559052536
1790 1.90549143794680931
1791 1.98715402887816284
1792 1.99332376542026779
1793 1.99982001460139069
1794 1.92665747478175109
1795 1.99417999449647643
1796 1.99453170804574875
1797 1.99888539082893968
1798 1.95451335932263692
1799 1.9373955168156709
1800 1.96691944258243612
1801 1.90619158525948951
1802 1.95822418177086477
1803 1.94489482085327814
1804 1.91142737376879213
1805 1.92561462840801667
1806 1.99393435516412931
1807 1.90732971279318675
1808 1.91868935315399392
1809 1.97893951172662419
1810 1.93345795596150061
1811 1.96135448071080365
1812 1.94472722956784594
1813 1.95993473820650355
1814 1.90552208104663001
1815 1.95009907938159732
1816 1.96640116174562629
1817 1.92375918387851952
1818 1.92813612537218093
1819 1.93060045037474248
1820 1.95407829758222373
1821 1.96851868786482509
1822 1.93984813624889063
1823 1.94294019326550305
1824 1.94689359201435463
1825 1.97030855275534367
1826 1.39929017731846828
1827 1.88645848528571047
1828 1.21015745327428959
1829 1.41182874962119254
1830 1.71084112246393349
1831 1.90632777512273255
1832 1.80310160994170299
1833 1.98362212713574459
1834 1.98476257527384536
1835 1.93908062160914985
1836 1.96047561590475627
1837 1.95782181244123676
1838 1.98213638861925356
1839 1.93866761174792068
1840 1.91094089225887176
1841 1.90930518776456237
1842 1.93928887066250843
1843 1.94912835103909221
1844 1.90945874853422448
1845 1.98007025427896521
1846 1.95954734178089196
1847 1.92712982500509655
1848 1.91409068286741069
1849 1.98087428801525078
1850 1.91579604415505567
1851 1.99391774214787931
1852 1.91338906473724668
1853 1.97433226695194541
1854 1.94463253369230848
1855 1.91410626238565862
1856 1.98186291790365288
1857 1.92212636070475007
1858 1.96668787400827716
1859 1.98591027086695471
1860 1.9600243106689863
1861 1.98810198628988477
1862 1.93465424225852622
1863 1.92322496210328153
1864 1.91945873975396175
1865 1.98383183677714858
1866 1.95330365928293026
1867 1.93863458252789345
1868 1.94271537541043848
1869 1.9985989690277588
1870 1.93290540520973964
1871 1.95788124313055101
1872 1.95458582941440517
1873 1.96574813735335097
1874 1.91105878173016097
1875 1.90803877526950116
1876 1.95664050510083842
1877 1.93992451299926172
1878 1.99174028812458692
1879 1.91300428504788966
1880 1.94238320153607447
1881 1.95770263139108724
1882 1.94885201001727171
1883 1.95382287415856704
1884 1.96964993771914632
1885 1.90410322774018437
1886 1.91896583634156337
1887 1.91733660797628414
1888 1.94874365374442982
1889 1.9430083830850855
1890 1.90877382504288051
1891 1.92085046417658867
1892 1.91820708858406208
1893 1.95070577219504826
1894 1.91014023797630883
1895 1.98014559661432998
1896 1.92942688012886965
1897 1.99716276570836437
1898 1.9738160788873067
1899 1.90353738786181848
1900 1.91871461153104628
1901 1.92634326863246352
1902 1.92064589102820005
1903 1.90849013805066581
1904 1.91524473140373885
1905 1.92379047719858765
1906 1.94057628088833489
1907 1.93760084574323921
1908 1.97285235809953252
1909 1.97545412650831853
1910 1.90309948167198173
1911 1.93227697260693509
1912 1.92393531102936444
1913 1.94584838881115219
1914 1.95776676916936987
1915 1.91005809804428184
1916 1.99681461761898715
1917 1.90852240213954705
1918 1.97818426202070108
1919 1.98280464747686902
1920 1.97765047964088447
1921 1.90950631632435508
1922 1.95388260113231138
1923 1.93695798317733758
1924 1.94982846994616921
1925 1.96302903235507142
1926 1.98775011069084262
1927 1.9517099163805276
1928 1.93654582050702961
1929 1.929810922239237
1930 1.96799929323238265
1931 1.98765715255529174
1932 1.97113350989012193
1933 1.93761348026837976
1934 1.9660432833936472
1935 1.93513422296205784
1936 1.96775310596282438
1937 1.94251917583345812
1938 1.92164729469031048
1939 1.94770666067946463
1940 1.95014223073653659
1941 1.93109515150249744
1942 1.93667150482494543
1943 1.97754389938684971
1944 1.94846492751235334
1945 1.96345871193408139
1946 1.9215574673812863
1947 1.9631195002166868
1948 1.98867360767320012
1949 1.92917409171787102
1950 1.96633610975758288
1951 1.92211634040057411
1952 1.97317961521960661
1953 1.99796027219370154
1954 1.93029292395882535
1955 1.93172552933989849
1956 1.91351488493498945
1957 1.97192480918064605
1958 1.95185042149654064
1959 1.9361337867848909
1960 1.99573281927738422
1961 1.97211650140145789
1962 1.99885707583513539
1963 1.9552814422330782
1964 1.95546700790953576
1965 1.94822394825800926
1966 1.92287973372227894
1967 1.93238452320117382
1968 1.98916745030164854
1969 1.96800456633654841
1970 1.97549203214102809
1971 1.98678486066438476
1972 1.90746697657882591
1973 1.93786684640628026
1974 1.91962472406922524
1975 1.92424692194308022
1976 1.96309282078329894
1977 1.919788501658372
1978 1.9405201290423808
1979 1.95929501459051458
1980 1.92029928506353098
1981 1.92796507723949895
1982 1.92435700907900276
1983 1.97242561713733333
1984 1.98133426380545763
1985 1.97382342683266021
1986 1.92203281267245241
1987 1.92372029525350285
1988 1.96616498014422292
1989 1.94980978764878654
1990 1.98392024279977908
1991 1.96733534146011779
1992 1.94551052846749983
1993 1.99869986509349418
1994 1.94739789920961592
1995 1.95921889001687255
1996 1.99493088130702478
1997 1.98120204550535051
1998 1.92064180919127248
1999 1.91849564857141153
2000 1.93358759390166024
2001 1.94359611259894072
2002 1.97405768108325885
2003 1.9412482011487151
2004 1.96223622200969472
2005 1.97438554524427978
2006 1.95936650849758642
2007 1.93392850013143747
2008 1.97014429529343893
2009 1.97384627141318947
2010 1.97014041014546204
2011 1.93274940475262813
2012 1.90006370307901173
2013 1.94881315316846115
2014 1.96722432170014394
2015 1.98193655418351322
2016 1.96468934424979835
2017 1.96877130818937718
2018 1.9752474217175584
2019 1.93070983569777566
2020 1.90029578999426363
2021 1.94700951260922794
2022 1.90008721400898217
2023 1.96928356000454441
2024 1.92024364722151319
2025 1.92204076914403998
2026 1.95024241534795872
2027 1.91916248707056436
2028 1.91160873709704049
2029 1.93939215677246146
2030 1.96644743879702788
2031 1.91018726904374558
2032 1.94042440551921302
2033 1.98951461657128581
2034 1.91420092662392571
2035 1.92131238851942454
2036 1.9635227177430048
2037 1.9442289258835681
2038 1.93364202371290683
2039 1.94162334057296593
2040 1.96835040819010265
2041 1.90393822517099576
2042 1.95309743232502719
2043 1.94013616315167359
2044 1.90448016618432137
2045 1.92861099226404509
2046 1.92533908779176977
2047 1.93841895377792639
2048 1.98469418931154151
2049 1.90951544060694078
2050 1.97646176007557917
2051 1.96043485395298456
2052 1.98099857630003484
2053 1.96429465641142231
2054 1.95063639590562055
2055 1.9065672170896204
2056 1.98171220613320775
2057 1.96903018826221077
2058 1.95455540930440064
2059 1.94127065199280091
2060 1.90955571507556576
2061 1.93002742029923269
2062 1.99273245723952441
2063 1.91068831750787749
2064 1.98202311208832538
2065 1.99655077862109631
2066 1.9580859383806275
2067 1.93757892440525814
2068 1.92761588108268289
2069 1.98141162133847004
2070 1.97765760329074936
2071 1.95865689914191576
2072 1.98608653560560278
2073 1.9142904269645642
2074 1.93051672121643669
2075 1.96220545885755349
2076 1.91641872522866508
2077 1.97081897526722449
2078 1.96018620452485659
2079 1.90121024428439345
2080 1.91971752865120782
2081 1.99973268978945251
2082 1.94724743665936817
2083 1.99146408753449178
2084 1.9630603273913485
2085 1.98208083552487335
2086 1.99888472742631906
2087 1.96202992411423049
2088 1.90875667396554505
2089 1.91895955916211913
2090 1.95135253981946821
2091 1.9114967211144267
2092 1.94930537309694984
2093 1.91480774247632501
2094 1.919857484475749
2095 1.90614777939347446
2096 1.92236234981318121
2097 1.91134253145057476
2098 1.92673938136295719
2099 1.92162220040117715
2100 1.06693366668211853
2101 1.75930472327581677
2102 1.54000515277434058
2103 1.71849874790592572
2104 1.8450438445746804
2105 1.3891820095713896
2106 1.91839541325049989
2107 1.95922790716752782
2108 1.93947870545092216
2109 1.91933278327644574
2110 1.96529726258305693
2111 1.98191840135506969
2112 1.93891464955041215
2113 1.94552446754292618
2114 1.94035163808230982
2115 1.95861294387471108
2116 1.90170982044158277
2117 1.98465541609230134
2118 1.9936652330891651
2119 1.93741031635793881
2120 1.95919797510508187
2121 1.95317146592196234
2122 1.90572652649912633
2123 1.91944278704409865
2124 1.95416445392060312
2125 1.91575427354325645
2126 1.96095792025111848
2127 1.91608224629532642
2128 1.94188787499779703
2129 1.94606082940419478
2130 1.99237033619179926
2131 1.94546063391222401
2132 1.91729242069074624
2133 1.99493060553702062
2134 1.99690672361792765
2135 1.9070011761554202
2136 1.93320452808690701
2137 1.98987544979873499
2138 1.91709813103606663
2139 1.99528787092831239
2140 1.99777925965715708
2141 1.99245286232617325
2142 1.99255306008646027
2143 1.9494417176637584
2144 1.99172980734282823
2145 1.94414317785850055
2146 1.9876812313497465
2147 1.95586195558857878
2148 1.97756108537653552
2149 1.92105152231938536
2150 1.91422469047134269
2151 1.9496845875402935
2152 1.92083187742636752
2153 1.91786942594007659
2154 1.97352348746554385
2155 1.91990967449891858
2156 1.94654139157464412
2157 1.99761615506498091
2158 1.94077032736143185
2159 1.9864041664742158
2160 1.99302476748990842
2161 1.95507101123263416
2162 1.95991324143783396
2163 1.99089315901320929
2164 1.93427447466767655
2165 1.93051378933799644
2166 1.94433146035772664
2167 1.99191929861462969
2168 1.94259053834954232
2169 1.91142253507229709
2170 1.95866222520570821
2171 1.98992099813500944
2172 1.90111462898169892
2173 1.9731755817875245
2174 1.92327100342066259
2175 1.97754398503817597
2176 1.94493147714443726
2177 1.94573546272452935
2178 1.94864168217200229
2179 1.91076780325700346
2180 1.94076878058885782
2181 1.93066097345926635
2182 1.98775080708351704
2183 1.9391589346036795
2184 1.92379862167069393
2185 1.98198539356646108
2186 1.91781747597751506
2187 1.92780433501805892
2188 1.98951361289305884
2189 1.9623833663585577
2190 1.98953991289767829
2191 1.93960223200564674
2192 1.93790976042457208
2193 1.94549900568185974
2194 1.93997086995608514
2195 1.94451782167248211
2196 1.91937022848460481
2197 1.96997055973615476
2198 1.92600310726032897
2199 1.90034947639353402
2200 1.9066486162491767
2201 1.99221761230544203
2202 1.95556063649889023
2203 1.93733536527276939
2204 1.91325309635892804
2205 1.9966641369407705
2206 1.99096323320411095
2207 1.93766952998732878
2208 1.9825791261101271
2209 1.97692093233168764
2210 1.91381619527180802
2211 1.91624734305223576
2212 1.98362873556213781
2213 1.91232999808994375
2214 1.99223941633445278
2215 1.96234061111981761
2216 1.90956359332477077
2217 1.93426786555733821
2218 1.90545434464241303
2219 1.99047385817575351
2220 1.95358739238810264
2221 1.90455590744738656
2222 1.96540891351404534
2223 1.97118546268735084
2224 1.9116460596968714
2225 1.99491237374209684
2226 1.98785775798057895
2227 1.92361151469005742
2228 1.97141714492852338
2229 1.94743626682599258
2230 1.94031229916412662
2231 1.9903285659563803
2232 1.96026245869785987
2233 1.90134717409698006
2234 1.91323793610688897
2235 1.92473404112438851
2236 1.94079227941037602
2237 1.90978969531120857
2238 1.95247518782448126
2239 1.91346281483101932
2240 1.97048271371058537
2241 1.90693468093036333
2242 1.99192003628498604
2243 1.95121149411183681
2244 1.91242370075773227
2245 1.95537820569165621
2246 1.98306647411691617
2247 1.99951124548943948
2248 1.96498755422934623
2249 1.99683971507459668
2250 1.97685064880388106
2251 1.98146848897780314
2252 1.97319216878846926
2253 1.93397121884075918
2254 1.92189706148943396
2255 1.99000685837275437
2256 1.9664170783489261
2257 1.90687178761494835
2258 1.95628220092486949
2259 1.94511038931958247
2260 1.97591577679231256
2261 1.92708253280325881
2262 1.9312997245178456
2263 1.94056210806338547
2264 1.91445892709508869
2265 1.95685889718804384
2266 1.95569877666562464
2267 1.95478451860342806
2268 1.991486687015668
2269 1.91392076690109225
2270 1.97737916118077206
2271 1.97413872971053128
2272 1.92846873158537924
2273 1.94662214242782539
2274 1.96128231098653827
2275 1.93344228363876969
2276 1.93628356653954348
2277 1.96541705861392346
2278 1.90246962082065729
2279 1.99521647496032251
2280 1.98935965058357112
2281 1.95757617888439506
2282 1.95318182515730165
2283 1.91071071241167534
2284 1.95058203100047134
2285 1.93994399930297501
2286 1.92392460944213317
2287 1.99315941690893395
2288 1.90919918306017333
2289 1.98187789124424274
2290 1.98301096933893972
2291 1.96623021837644618
2292 1.97631065574801745
2293 1.91470557445352307
2294 1.98254353632352842
2295 1.94686851711078868
2296 1.96970054496521851
2297 1.96259202416884126
2298 1.94206331530044163
2299 1.97350785619398383
2300 1.90581059223534721
2301 1.99270288314743094
2302 1.98847738738553614
2303 1.92362264683513251
2304 1.96086212442076535
2305 1.93248896135601522
2306 1.9753970508249048
2307 1.91550635271056646
2308 1.99120975630905983
2309 1.9688817157764924
2310 1.92296985702675793
2311 1.93787531064904894
2312 1.90937646793652815
2313 1.96611998819315459
2314 1.92155693101809888
2315 1.91161749845917228
2316 1.99355589148751022
2317 1.92475562004461098
2318 1.95765082900839449
2319 1.91348296883563584
2320 1.94301814198799461
2321 1.97911373457047368
2322 1.91567702322587996
2323 1.96027681463897441
2324 1.91220207470391501
2325 1.90871333207452198
2326 1.97595214838194466
2327 1.94646554633228219
2328 1.93368414699014557
2329 1.93981232191566222
2330 1.92468449618142001
2331 1.9537785594292798
2332 1.97805095365374184
2333 1.95576151627305239
2334 1.93944381594641468
2335 1.99665117497374944
2336 1.97390836782489076
2337 1.90486318419716749
2338 1.99925872681127759
2339 1.91857339961778739
2340 1.98367130597710184
2341 1.93463425202894101
2342 1.90129854217609728
2343 1.96495024896480275
2344 1.98564389108741013
2345 1.94604816414144555
2346 1.9562456807763775
2347 1.98402067820626304
2348 1.94882675402822847
2349 1.95983582909926701
2350 1.94738524307865069
2351 1.91736564248393737
2352 1.96528184638044978
2353 1.94559041733795257
2354 1.91401264856100406
2355 1.99833588397121953
2356 1.90193018806086922
2357 1.9870365651011348
2358 1.9116185866970048
2359 1.96047522794642037
2360 1.90313380386656239
2361 1.99367481926014922
2362 1.98585900578913011
2363 1.99678756759942622
2364 1.94192861340498069
2365 1.9963602217160763
2366 1.98058688113055004
2367 1.9900631571899412
2368 1.98371798604540972
2369 1.94567458013771843
2370 1.99997980805275355
2371 1.97895232852611147
2372 1.91394302540845884
2373 1.99470470035629455
2374 1.96766230393031405
2375 1.90080561875514475
2376 1.91767426432032506
2377 1.91118813315701375
2378 1.99587974568689286
2379 1.90815877743650919
2380 1.94676895061870603
2381 1.91967386206215096
2382 1.92747498349194646
2383 1.95564635853028501
2384 1.91696399644324589
2385 1.90483890640695552
2386 1.99973989488160275
2387 1.96750146407783921
2388 1.96323621434572826
2389 1.9804803040143808
2390 1.96196834284353683
2391 1.94975387486586826
2392 1.94024880595259308
2393 1.90458028864539619
2394 1.95450083569461897
2395 1.97236866510659259
2396 1.94226402727731307
2397 1.98631062886700782
2398 1.93791572185548144
2399 1.93670272792026177
2400 1.93315001510605411
2401 1.95565516549873153
2402 1.90642193278849059
2403 1.99445737947502089
2404 1.90753130374890789
2405 1.97976954435629926
2406 1.99936268433886477
2407 1.93551993121699706
2408 1.97274895652222537
2409 1.92520070206250993
2410 1.9329374715015919
2411 1.91722688671599939
2412 1.90418595397528501
2413 1.99103836137030243
2414 1.93483160998409254
2415 1.9260862014235236
2416 1.98029933963122962
2417 1.94626258225691751
2418 1.97061813796915697
2419 1.99645699987985692
2420 1.93654093957030615
2421 1.98621060841148944
2422 1.92721664701604989
2423 1.90939487122469598
2424 1.90624550028403705
2425 1.92570071650826868
2426 1.99138272002631189
2427 1.95692098125765113
2428 1.94087117849492685
2429 1.92565702640220704
2430 1.90922014936406481
2431 1.93252282052565372
2432 1.95835356470964106
2433 1.97925431241109462
2434 1.97344630269566101
2435 1.95210324159356774
2436 1.91882744449957943
2437 1.90748191670167477
2438 1.91582084382503059
2439 1.90096289847050093
2440 1.90947040575618754
2441 0.94106400517110611
2442 1.7774792909200392
2443 1.69497996553798824
2444 1.91476669896606255
2445 1.21118225680203162
2446 1.3392298515375356
2447 1.12791764161266039
2448 1.99844760809936095
2449 1.98104346783200169
2450 1.95297550046221313
2451 1.92012387327521394
2452 1.98874815227154711
2453 1.92187638489803514
2454 1.94412166109381324
2455 1.95608068368014409
2456 1.94803479636667731
2457 1.98820779300155492
2458 1.94147389245072532
2459 1.96983104546723897
2460 1.97790291517576255
2461 1.97722432159824901
2462 1.90777214236719761
2463 1.9875990974590485
2464 1.9728409897785073
2465 1.93545284312148524
2466 1.99648286454606239
2467 1.96331529129823967
2468 1.99355514292656411
2469 1.96133189717718204
2470 1.92643903273654282
2471 1.9829379695298408
2472 1.97312073811936939
2473 1.96475869313259333
2474 1.90786705757423092
2475 1.93186578108164975
2476 1.92046723929415686
2477 1.93915302330896044
2478 1.90816124632810702
2479 1.95406903051229031
2480 1.94855335205913827
2481 1.98555659391864281
2482 1.93043476749143483
2483 1.92597951455703997
2484 1.91852908345690176
2485 1.93292238885119483
2486 1.99933919786632219
2487 1.95323493535168824
2488 1.99438830554731172
2489 1.91730341548331729
2490 1.93741765277977085
2491 1.91965115969967304
2492 1.94076486025220185
2493 1.91235923140022024
2494 1.95282232355468577
2495 1.95607391400408304
2496 1.94463366997909404
2497 1.90560553460615445
2498 1.92348038679682398
2499 1.96658117819353162
2500 1.9336773125986888
2501 1.9419061010831653
2502 1.92974480747964217
2503 1.92582500862806705
2504 1.94526560525455117
2505 1.91012176554030466
2506 1.92678953893587712
2507 1.97175018794528301
2508 1.90742038773809242
2509 1.95839432447414996
2510 1.98220428580202412
2511 1.9088730428453593
2512 1.93030586134265114
2513 1.90997666932764543
2514 1.95402968975015878
2515 1.96915095128221918
2516 1.93750963946419441
2517 1.96646238271499185
2518 1.94915725987959387
2519 1.9675129261801898
2520 1.97763957919465372
2521 1.92081248106229152
2522 1.91920038662575654
2523 1.92962686629587421
2524 1.99680020300078254
2525 1.94770771663135167
2526 1.97370906438999882
2527 1.92237513525918913
2528 1.96388696728000722
2529 1.99390211484089463
2530 1.98384371195807541
2531 1.98439608336701845
2532 1.92562126669646516
2533 1.91522441739285987
2534 1.97086774789702623
2535 1.97406199571176866
2536 1.92142535431369943
2537 1.94847369586249575
2538 1.97220726538896085
2539 1.91866191258002572
2540 1.9181600577963136
2541 1.95318018807944549
2542 1.95766228986467694
2543 1.91485612425824003
2544 1.99515503232006197
2545 1.91648175081048899
2546 1.98005029561094092
2547 1.90145698323881507
2548 1.96220958352434671
2549 1.9137547622248603
2550 1.93859212355214838
2551 1.95271600795631017
2552 1.99082317886346494
2553 1.90087959875976686
2554 1.90159475033983449
2555 1.97635905822026325
2556 1.99257758803115204
2557 1.95264853249547299
2558 1.98547988388567576
2559 1.97493771354638925
2560 1.9588550126494455
2561 1.93391287925762745
2562 1.95526538552345519
2563 1.91139491528113381
2564 1.94003139602618346
2565 1.96793600566208693
2566 1.92816350132987524
2567 1.91337356431737526
2568 1.90915606750396183
2569 1.94921963601437453
2570 1.90423156823524509
2571 1.94649588469211299
2572 1.97468028580633659
2573 1.92904378614556515
2574 1.96425243636552582
2575 1.92076195807185002
2576 1.90154890945683586
2577 1.97544113663742649
2578 1.98002942068672372
2579 1.94350670144025517
2580 1.9696687350340043
2581 1.94334147248365641
2582 1.9387482711511308
2583 1.93492782820880693
2584 1.90954759352135661
2585 1.9499451567609718
2586 1.98672199496107393
2587 1.90079501396015904
2588 1.98535782728476673
2589 1.99777136074117845
2590 1.9261692659377867
2591 1.92153371842376819
2592 1.93820254912501988
2593 1.97826464962261106
2594 1.93967337805616591
2595 1.95423870353232743
2596 1.92928115819443069
2597 1.94140220655732132
2598 1.93150548378348663
2599 1.94278743976079693
2600 1.9106557456164821
2601 1.93213144503700307
2602 1.98186854315210281
2603 1.99381182280954761
2604 1.91101939728366799
2605 1.90931392434835212
2606 1.91615810556275878
2607 1.98708908273446494
2608 1.90800234982780181
2609 1.97345436572813915
2610 1.98459603450530087
2611 1.91941413885556345
2612 1.92969249644842167
2613 1.9447250364709523
2614 1.99904176752737284
2615 1.99841533358370715
2616 1.98269286823642577
2617 1.98401773285074245
2618 1.96064612507188984
2619 1.98984424820374484
2620 1.90597520537715082
2621 1.9022297806328905
2622 1.96536592169652025
2623 1.90988500413762674
2624 1.924245471264594
2625 1.92983492236670218
2626 1.96014309853933355
2627 1.95035470213758266
2628 1.96496027161645226
2629 1.99473184682113125
2630 1.92108883262088748
2631 1.98455437457968054
2632 1.98030859173539264
2633 1.96053640233231929
2634 1.93892522369575637
2635 1.963811497473128
2636 1.9003631300277426
2637 1.92487030792356406
2638 1.98003566875593839
2639 1.94300924749415849
2640 1.99220958683726757
2641 1.99109762354755437
2642 1.91860476622597376
2643 1.9353093055488817
2644 1.90152301494822162
2645 1.97348768664964314
2646 1.96401638377105292
2647 1.95257776053180065
2648 1.96881973844294444
2649 1.96031771926739151
2650 1.97231909806325212
2651 1.91545838401253343
2652 1.97013116147045397
2653 1.94243112763860259
2654 1.94110433098827673
2655 1.91257404444024393
2656 1.95609491513046274
2657 1.91313217470909214
2658 1.92153667288382857
2659 1.95812062342952897
2660 1.94388002864932408
2661 1.92519943270971661
2662 1.91650303237305453
2663 1.97897004519180264
2664 1.9950102741292377
2665 1.97464743642273399
2666 1.91149411947777259
2667 1.94693137904467406
2668 1.91291537005623447
2669 1.96373457353540148
2670 1.90348239426454491
2671 1.98109087875915635
2672 1.99477204623126525
2673 1.90815580700347875
2674 1.93400591970971125
2675 1.99290377377181493
2676 1.97672585623034625
2677 1.91215672300086892
2678 1.96847885025963509
2679 1.94691969083897143
2680 1.97660487414743002
2681 1.92110363250110949
2682 1.94376225795166002
2683 1.97901578107572851
2684 1.98239864039050251
2685 1.97069638232076527
2686 1.94262866511498888
2687 1.92694718104845442
2688 1.93271382254095458
2689 1.90392828743696851
2690 1.92095537944357586
2691 1.9709937129750299
2692 1.94788120341948945
2693 1.92671077762879639
2694 1.91362928275228006
2695 1.94975382670764064
2696 1.9895989784239998
2697 1.91188722398801469
2698 1.05976726877534233
2699 1.18261171742824955
2700 1.28644872040259828
2701 1.62124340972940795
2702 1.17764113989244157
2703 1.04835279689455474
2704 1.56091237129635241
2705 1.94516969983869092
2706 1.92465982618388187
2707 1.99844889762254763
2708 1.92400638831312709
2709 1.94670727886116923
2710 1.9517438745873501
2711 1.90036543591893681
2712 1.90117474952510168
2713 1.95166446435510399
2714 1.97460550541057556
2715 1.9116671335002724
2716 1.91850902340663709
2717 1.95621706536324114
2718 1.99214754411070238
2719 1.93045780234297526
2720 1.94463595394730349
2721 1.90684361680184811
2722 1.98082715169086043
2723 1.90577589530824665
2724 1.99822282943981833
2725 1.98560655912681283
2726 1.96567633261325669
2727 1.90614982669091582
2728 1.94155827349276033
2729 1.92829578114447764
2730 1.92105134307361136
2731 1.9877025413910836
2732 1.90503983033429725
2733 1.983724670879774
2734 1.95818902288818553
2735 1.96960493127367431
2736 1.9093543346937345
2737 1.9180413812925039
2738 1.95679127317634727
2739 1.99593903069131451
2740 1.97254019752415122
2741 1.98592737530080399
2742 1.9558836954825225
2743 1.95533360892441976
2744 1.90270212305906794
2745 1.99171299130916291
2746 1.93418124642445455
2747 1.9100677758849558
2748 1.92618749536253797
2749 1.97916821751831984
2750 1.917075045248962
2751 1.91741757359276699
2752 1.99130972392213001
2753 1.99590069094930023
2754 1.97571912141439698
2755 1.94741151000318147
2756 1.96586335079401731
2757 1.96833610852873431
2758 1.90839972633058341
2759 1.90438837971877017
2760 1.90072477739167955
2761 1.91243740506714399
2762 1.94135076983859878
2763 1.91768381176222302
2764 1.93495542021407019
2765 1.92628860275002523
2766 1.98230748191114392
2767 1.99149694004771294
2768 1.94186212649808421
2769 1.94897914076386147
2770 1.95686057879291786
2771 1.99513727789275208
2772 1.94344686772308406
2773 1.92344440457163124
2774 1.92517507072664595
2775 1.95755205915980701
2776 1.99573652596949591
2777 1.96896847837579236
2778 1.91513249651528183
2779 1.96176800838010701
2780 1.9942010410817439
2781 1.90102432122756615
2782 1.90070381410729095
2783 1.99606780680206763
2784 1.91573022269172566
2785 1.97846876208978983
2786 1.91974306212836421
2787 1.98358893766059952
2788 1.9627946447656861
2789 1.91520953795051474
2790 1.97475673474172875
2791 1.93357935352395049
2792 1.9323396973326612
2793 1.954350451197302
2794 1.96226278149871325
2795 1.90739402719367268
2796 1.98396158396841837
2797 1.90766867443499355
2798 1.90141356686597751
2799 1.99665916787141184
2800 1.96048564924044677
2801 1.99791445518970656
2802 1.90402306944122679
2803 1.98654302919896653
2804 1.99716967170099946
2805 1.98143445005951735
2806 1.99928644353798002
2807 1.94186970980918883
2808 1.996085682508703
2809 1.96704162935422699
2810 1.97525131419465527
2811 1.97922469380799915
2812 1.90765963745821554
2813 1.9991865922796408
2814 1.95249617477148263
2815 1.95268494909681833
2816 1.96749385462323323
2817 1.91976303797693792
2818 1.97067501967496717
2819 1.98809083716545909
2820 1.90934701363909398
2821 1.94334902739533089
2822 1.96380362657585783
2823 1.94229442348534542
2824 1.92474413103550579
2825 1.93982747427469593
2826 1.96977943313240389
2827 1.90141570789819636
2828 1.99679566960521693
2829 1.96856080641843167
2830 1.91654523283435752
2831 1.93654444139002568
2832 1.97795072737883681
2833 1.96814622553582752
2834 1.90191812498556256
2835 1.98631903467563387
2836 1.91840045117691549
2837 1.98857718944532391
2838 1.93064123515519137
2839 1.90390472763748297
2840 1.93195482942203789
2841 1.98935669010844407
2842 1.9626482858352432
2843 1.94658945129986205
2844 1.9661472388442669
2845 1.98899342518775768
2846 1.9286865693309756
2847 1.98534984849064289
2848 1.95532749291213515
2849 1.93073151736414617
2850 1.93112724279463288
2851 1.93859577030959462
2852 1.95475865234919821
2853 1.94503846298779548
2854 1.97962367999435984
2855 1.9048521681603221
2856 1.91816501242489124
2857 1.9561167858021693
2858 1.91345120762209731
2859 1.99065906830281358
2860 1.90281262488752922
2861 1.94860113040284344
2862 1.9059748233037892
2863 1.98981666868318907
2864 1.97415071758446103
2865 1.98712339303439989
2866 1.90906566315442361
2867 1.99773471336867847
2868 1.9218723407965399
2869 1.98239110379410044
2870 1.9345898170852025
2871 1.91723500899924004
2872 1.90077672531826369
2873 1.91187734406364052
2874 1.99075260583059488
2875 1.96565822165161852
2876 1.9960639860403564
2877 1.96753338266483535
2878 1.99938338928074888
2879 1.90714864854243915
2880 1.9011494053770952
2881 1.98726565078810857
2882 1.97959662312714446
2883 1.90701035837718624
2884 1.98814195650755865
2885 1.97775983985800563
2886 1.9920702862562083
2887 1.96011666353370262
2888 1.92374923990660096
2889 1.92198779952234111
2890 1.97042899357319778
2891 1.9464775330997901
2892 1.90414534485453246
2893 1.90890079496129128
2894 1.93033356927011135
2895 1.90487149874367301
2896 1.9731393836315041
2897 1.91039945596997196
2898 1.93497853986370516
2899 1.99503039261956805
2900 1.9870588050740301
2901 1.91778515585997655
2902 1.90336867077948169
2903 1.90773694519038495
2904 1.98281183631757907
2905 1.93766603649502867
2906 1.9354129671537188
2907 1.95880116397705972
2908 1.94197152843084253
2909 1.91752431019033387
2910 1.98324892492526961
2911 1.9712032610437713
2912 1.90684292087581997
2913 1.96816382563926728
2914 1.95537252336901579
2915 1.98636086477853091
2916 1.96685856488803745
2917 1.92911463349717516
2918 1.94563952633441684
2919 1.9854740218571969
2920 1.91853146044334211
2921 1.96815788527254987
2922 1.95530535863836286
2923 1.9835658925735018
2924 1.9716660381704203
2925 1.90507477417436366
2926 1.96210543418095629
2927 1.95295646723820537
2928 1.9282212211573464
2929 1.98590886820927626
2930 1.90971633689635034
2931 1.91109455032940834
2932 1.96049034297324853
2933 1.92975253282672488
2934 1.91617399659239473
2935 1.92576574559018643
2936 1.96651160766563993
2937 1.99864088896377656
2938 1.99655928241073966
2939 1.99114998395006593
2940 1.95187461419639763
2941 1.98101136766511554
2942 1.95447445090695537
2943 1.99412020774753374
2944 1.96481876954259604
2945 1.92102552350861444
2946 1.96799246155757679
2947 1.98087832355511662
2948 1.91098927750210268
2949 1.94689942068199695
2950 1.92533343390856526
2951 1.91059841419436394
2952 1.99443309375804367
2953 1.90150130180238008
2954 1.9899662180522768
2955 1.9872542736244978
2956 1.962345896022619
2957 1.9884964731013437
2958 1.97192192393679888
2959 1.9889565238234721
2960 1.98017194845985944
2961 1.94627040272644414
2962 1.91836487501691466
2963 1.93529987764949407
2964 1.90970589071691843
2965 1.91792937644624639
2966 1.91822616138259772
2967 1.95902475066650639
2968 1.96151267258804185
2969 1.99591566072603976
2970 1.92106033931853726
2971 1.9126658526164797
2972 1.95970211097782609
2973 1.95295377052395591
2974 1.95141283456446879
2975 1.96049061371958722
2976 1.95881926183169375
2977 1.90196568626499873
2978 1.9976808223102176
2979 1.96032895386555395
2980 1.92634995441630341
2981 1.91423047169008376
2982 1.98967989643089194
2983 1.92679916056847667
2984 1.9848100179035606
2985 1.93676885345774474
2986 1.98616184545230734
2987 1.95878633977221939
2988 1.9724434415440173
2989 1.98110492433136098
2990 1.99727079513255945
2991 1.91046079455203621
2992 1.9165916635660154
2993 1.98305289117782491
2994 1.91671517821759618
2995 1.93244937640920722
2996 1.94051351765770907
2997 1.90804321905710506
2998 1.93967332017590643
2999 1.98795096472064992
3000 1.93823265414765378
3001 1.99918564357506146
3002 1.94733994116367537
3003 1.93192934457621113
3004 1.93179309978569824
3005 1.90068834824011934
3006 1.94035079621687534
3007 1.98927170712049439
3008 1.90614951989457859
3009 1.94444747090328418
3010 1.92183550193290453
3011 1.92123733403500885
3012 1.98503649092877121
3013 1.97965567897516292
3014 1.91956933052738354
3015 1.91470271017574301
3016 1.92162014382398261
3017 1.93267658145793386
3018 1.9763167657501628
3019 1.91299486914318084
3020 1.9247855154511162
3021 1.97188636533615824
3022 1.91557237123430868
3023 1.95016134372226868
3024 1.93452764470780214
3025 1.94358088236249804
3026 1.94927399500318899
3027 1.92920157232559353
3028 1.95869365123160288
3029 1.98024217142364534
3030 1.94275372058775564
3031 1.96183014679116918
3032 1.99324978882889536
3033 1.98514000253122336
3034 1.98095981242874108
3035 1.97075885696765751
3036 1.94707993195716322
3037 1.93639547496872155
3038 1.94318825988956512
3039 1.98709470719945824
3040 1.99937842701410418
3041 1.93179583477347316
3042 1.98566004339946378
3043 1.92055910390371487
3044 1.92667115149865098
3045 1.90957053918485942
3046 1.95652517224369826
3047 1.90366407629122003
3048 1.92542006788010123
3049 1.96398978499093602
3050 1.99754250136088962
3051 1.9239531146230604
3052 1.94282001143737793
3053 1.99046848163649082
3054 1.98957447824326583
3055 1.9913674659118652
3056 1.91953741824695223
3057 1.96510420477198733
3058 1.91470015679474637
3059 1.92239064459589959
3060 1.90247055228163164
3061 1.99951070856435131
3062 1.90322267795355016
3063 1.95634131439645209
3064 1.9386495006253901
3065 1.91860785186287108
3066 1.90843823680141478
3067 1.970160613507977
3068 1.98277471410634565
3069 1.95938216218748051
3070 1.95156555835329204
3071 1.98960460735278399
3072 1.93813707618556119
3073 1.91601931924760671
3074 1.98834690589525898
3075 1.94539455568935504
3076 1.97311604981216937
3077 1.90921101564349982
3078 1.92964242022665977
3079 1.91735073085114482
3080 1.95689705651855417
3081 1.90191634491545591
3082 1.9313413316547412
3083 1.96023227103833975
3084 1.99115314868703641
3085 1.98605171170998362
3086 1.99939195516076262
3087 1.93759367037572261
3088 1.96801476322696578
3089 1.93255088556425414
3090 1.92253848249860493
3091 1.9500169744917335
3092 1.94320323445984311
3093 1.96610386688352046
3094 1.90003761957090744
3095 1.93904604553135074
3096 1.97273786486846214
3097 1.94720550571586615
3098 1.92222174721198558
3099 1.98000302392453076
3100 1.92088640410586131
3101 1.93851641257119511
3102 1.95595950684751196
3103 1.90214921364287881
3104 1.94581678817288495
3105 1.99070150138305668
3106 1.98088160443535077
3107 1.98391953977441693
3108 1.98655935559297814
3109 1.94747635090421456
3110 1.95622836267185352
3111 1.97681249008207227
3112 1.96071699372469643
3113 1.98004123549784294
3114 1.99243944007212681
3115 1.97443351609605755
3116 1.97441074433982022
3117 1.99825860213408224
3118 1.93752001631045556
3119 1.93045557675513257
3120 1.94436483280152039
3121 1.96671587239179502
3122 1.92575581087348446
3123 1.93722544606280578
3124 1.93085390552794367
3125 1.98039730882578535
3126 1.91527516811256482
3127 1.94755073615514851
3128 1.92196702303578837
3129 1.90539113228138968
3130 1.9527449517901152
3131 1.97893740443575661
3132 1.99248245415186442
3133 1.91935694032407023
3134 1.99214828935966892
3135 1.94283615987110303
3136 1.94985860012119372
3137 1.96589448624356877
3138 1.97468731632050365
3139 1.94629309497781522
3140 1.94329333174625596
3141 1.96468238779508941
3142 1.96345185180743598
3143 1.92409872119333025
3144 1.99284276021506956
3145 1.91956857711466444
3146 1.94809697704539708
3147 1.91110881536312194
3148 1.96643446581308923
3149 1.97017052376760993
3150 1.92483065959674238
3151 1.95241830397040839
3152 1.95841213248294732
3153 1.99210928063216874
3154 1.91195787195901645
3155 1.99180352134691896
3156 1.95425769320226417
3157 1.91338416501773301
3158 1.99514605854980909
3159 1.93984907942537399
3160 1.9712241487214035
3161 1.90849273706304623
3162 1.94418017895948347
3163 1.97393220323678209
3164 1.92494364554962383
3165 1.9853874805497671
3166 1.99260768898429719
3167 1.98434112923523309
3168 1.98421624405424923
3169 1.95061106215018332
3170 1.91467075385250096
3171 1.90371983389561761
3172 1.99854054909742618
3173 1.95170035323293423
3174 1.92460139951198395
3175 1.90180302820514213
3176 1.94676572923402214
3177 1.95462235102727422
3178 1.90900438656228677
3179 1.98630363889500483
3180 1.96511015934868527
3181 1.93723992414475799
3182 1.97200672573420377
3183 1.94553720745257608
3184 1.93333338804646093
3185 1.98358511099961143
3186 1.9713044083265685
3187 1.9608665084416359
3188 1.9289635145931876
3189 1.93572182155097217
3190 1.94354603476714427
3191 1.98978445149164274
3192 1.91094930046257705
3193 1.90063557868046829
3194 1.94061258666180225
3195 1.94226479407745356
3196 1.91488201697185056
3197 1.96737074638749987
3198 1.90820531710164931
3199 1.98447806467676613
3200 1.90258566409774299
3201 1.9005507166195621
3202 1.97478629682142071
3203 1.98043017390706244
3204 1.93243311264739459
3205 1.90728381689068049
3206 1.93752892918726372
3207 1.99826764038668792
3208 1.97570383024900753
3209 1.96324680652432959
3210 1.96756902782615062
3211 1.96636618437163802
3212 1.99350599963795072
3213 1.91898549061594714
3214 1.90537967869770175
3215 1.90905113595465092
3216 1.97770187166922851
3217 1.99466172961506305
3218 1.95782376755427889
3219 1.96246098771214061
3220 1.9758104329342614
3221 1.91658912529426773
3222 1.99229557849249028
3223 1.96456640865982402
3224 1.98852706745387353
3225 1.97854247927187998
3226 1.94691493435610696
3227 1.99538743089852155
3228 1.93090662310853389
3229 1.96635652006727768
3230 1.98896884201479418
3231 1.92414064412206165
3232 1.90346552029633043
3233 1.94228716425756653
3234 1.96876523051774432
3235 1.94752025513428562
3236 1.99080831928148472
3237 1.91722091840362818
3238 1.90004192972832686
3239 1.9137129136537443
3240 1.95365166359249232
3241 1.90825939025407587
3242 1.93036671802759496
3243 1.99301267467153354
3244 1.95648291809269859
3245 1.94332603441954976
3246 1.98545122780458394
3247 1.94807918944031666
3248 1.93985114044448426
3249 1.94134596894831746
3250 1.98832254224164684
3251 1.99977127983918157
3252 1.94473504483661097
3253 1.93008495514032452
3254 1.90763794420755217
3255 1.95687876710436082
3256 1.98713755860301222
3257 1.95622686183337535
3258 1.97783065687808923
3259 1.91094519135696728
3260 1.94965606185067042
3261 1.94334504027054922
3262 1.98131304190195667
3263 1.97732513319271175
3264 1.93318319881708689
3265 1.93153316215374016
3266 1.92738178746753852
3267 1.98641594766536578
3268 1.99085858467136467
3269 1.93324597450115121
3270 1.91828606463760631
3271 1.93257666952765716
3272 1.92701478677110627
3273 1.9392505897584873
3274 1.93139468311163487
3275 1.93520613781908324
3276 1.97419023430974971
3277 1.9335185759920932
3278 1.99842081145928496
3279 1.97286081353870468
3280 1.90967857358777726
3281 1.91446998517713363
3282 1.9927552170268128
3283 1.98588846952685061
3284 1.97970579147037617
3285 1.99817231798760275
3286 1.92888023381730345
3287 1.92354168926548863
3288 1.93277888516919805
3289 1.94716044457431559
3290 1.97208341760413997
3291 1.98827563480984115
3292 1.90591413721678515
3293 1.94080944466826666
3294 1.92839788066073692
3295 1.93597456818877589
3296 1.99984575362881367
3297 1.9433168186286538
3298 1.9299676143780693
3299 1.90621062840577449
3300 1.92419681444478452
3301 1.9233796112019792
3302 1.94767559966380466
3303 1.95759257163179035
3304 1.95717745869789872
3305 1.9689322191302483
3306 1.9993974233401437
3307 1.9815912218792282
3308 1.91707254726258425
3309 1.92266798223195612
3310 1.92801896280757856
3311 1.96484316071661946
3312 1.90768093816744422
3313 1.90349739772839355
3314 1.91783562418170495
3315 1.98025797769270517
3316 1.97371258392374194
3317 1.93095544267658981
3318 1.91469789085740771
3319 1.98366138780900569
3320 1.99840075102398496
3321 1.99602582540420159
3322 1.90631142094258066
3323 1.91222794838381915
3324 1.99379407938103714
3325 1.94949337385076449
3326 1.96100809713791802
3327 1.94514340582456668
3328 1.90319365256153228
3329 1.91733987094688896
3330 1.93761013114841241
3331 1.9280853004464924
3332 1.99794166501836523
3333 1.94658225250136141
3334 1.92416054820154114
3335 1.96647230413597596
3336 1.91791739985875442
3337 1.92429772060117665
3338 1.96341054220111721
3339 1.97616970364818179
3340 1.9127163291593583
3341 1.99196447654239583
3342 1.94483959685421559
3343 1.92352517290465919
3344 1.98810178760972556
3345 1.90460106485407188
3346 1.93757740529458244
3347 1.98652794799175636
3348 1.9332705969861872
3349 1.95413582544883879
3350 1.99824084595775542
3351 1.99784096967844982
3352 1.93425486097445876
3353 1.9971771104142817
3354 1.9648573590392846
3355 1.98663774021473327
3356 1.9474506267092484
3357 1.91720742285112111
3358 1.98955241263025506
3359 1.96992791680888213
3360 1.93906677349444689
3361 1.97908679433025458
3362 1.98411973485105753
3363 1.91459208840846329
3364 1.95328543368426577
3365 1.97722215167299931
3366 1.90829737573806901
3367 1.94977907875831558
3368 1.99613888984905241
3369 1.94089297008310568
3370 1.91049951951000829
3371 1.99616207360093512
3372 1.99218728289716607
3373 1.93176680420823366
3374 1.96630468573816497
3375 1.98188998230819902
3376 1.962479057663431
3377 1.97025622749979301
3378 1.91385367535821205
3379 1.95549586605979497
3380 1.92059983190679739
3381 1.93580929552275394
3382 1.98730431025979914
3383 1.96470007773630839
3384 1.92413013881972361
3385 1.91796967439168364
3386 1.93131265977641786
3387 1.9494021445530596
3388 1.99498147996150954
3389 1.94315612954383621
3390 1.97020662550107906
3391 1.98828762140011461
3392 1.94846641795028508
3393 1.97063033188975623
3394 1.91943558949164883
3395 1.96842470509854151
3396 1.98757540782596065
3397 1.9388014826863269
3398 1.91800642721956538
3399 1.98192531103965197
3400 1.98703026572243435
3401 1.96673976040875842
3402 1.93164149413888664
3403 1.90848682097991218
3404 1.95736158381460257
3405 1.96443955902124334
3406 1.98872057680920333
3407 1.90412738100908818
3408 1.97188836037670967
3409 1.90703841405864183
3410 1.91155017529716598
3411 1.97272308081610048
3412 1.90872681709357273
3413 1.90185950215970556
3414 1.80065965209881185
3415 0.954801631780308524
3416 1.51820862999434136
3417 1.47283152794869165
3418 1.84860902899242419
3419 1.6380621016516177
3420 1.80705050541577239
3421 1.99014450209498839
3422 1.99644792324456266
3423 1.96604520198577015
3424 1.96343840170840278
3425 1.92771211482700977
3426 1.92205843653658226
3427 1.95509801834447261
3428 1.98614662024498534
3429 1.9989189787074666
3430 1.96405445337267448
3431 1.93728637821455218
3432 1.97220658152254935
3433 1.91097026759748245
3434 1.999581522213981
3435 1.93512376677810072
3436 1.95069568788664727
3437 1.93112167374253718
3438 1.92992300062801658
3439 1.94157593189846223
3440 1.93806285337578021
3441 1.93547309269842116
3442 1.97041754400252267
3443 1.95411869705419217
3444 1.9850227210408018
3445 1.96692162571587881
3446 1.98732124525571963
3447 1.95586404487969867
3448 1.99011018964972797
3449 1.98652583748824374
3450 1.92482125398553028
3451 1.90290468224709208
3452 1.91786970216869079
3453 1.91926011094015792
3454 1.91295278324548579
3455 1.99540573149821343
3456 1.93094628166449267
3457 1.94884089577727027
3458 1.92236170478357127
3459 1.93432766035096937
3460 1.96178570613131442
3461 1.9268526601460807
3462 1.93455872080618607
3463 1.96763456015361804
3464 1.9670845362160827
3465 1.92104205851975074
3466 1.90939695923196506
3467 1.917869416663746
3468 1.9432415998716186
3469 1.93890347744199842
3470 1.97443711742793138
3471 1.99585386391343333
3472 1.99178802531034327
3473 1.97026488038872061
3474 1.95074870958280377
3475 1.94821061209659985
3476 1.92431494561060368
3477 1.95172152391091913
3478 1.94610250980699395
3479 1.97318596127651169
3480 1.92260497750514348
3481 1.92952955383365521
3482 1.9854163902735722
3483 1.94550311063590553
3484 1.9182903769614974
3485 1.99984832201564888
3486 1.90808143542250619
3487 1.919140854947462
3488 1.99457988421639509
3489 1.95948366413016206
3490 1.92417920789810326
3491 1.99088125997065069
3492 1.92298635347631985
3493 1.97489547756758843
3494 1.99861716728505256
3495 1.96898445129829502
3496 1.91295027491185299
3497 1.95710992232583791
3498 1.92784408419940623
3499 1.97474286504633145
3500 1.97156255093215149
3501 1.9598677315268962
3502 1.97431378230543975
3503 1.92682574006449481
3504 1.90553899696532758
3505 1.92384774453306395
3506 1.92629128254415294
3507 1.99174849658274633
3508 1.90793513727440867
3509 1.981988847889536
3510 1.99549665321474934
3511 1.95643061405081342
3512 1.93287672750319883
3513 1.96753767679793423
3514 1.96100865718568995
3515 1.96212280608737899
3516 1.95848021432487229
3517 1.92682200814607207
3518 1.9480380409991167
3519 1.90460994177242138
3520 1.94593171885553651
3521 1.92486233178814459
3522 1.91718022308885394
3523 1.93274202475722179
3524 1.92502564782145091
3525 1.92112698233415324
3526 1.9791499013392444
3527 1.9699060744019421
3528 1.91859138004449492
3529 1.93868831748352255
3530 1.92538437023382691
3531 1.91507004305926176
3532 1.95189167516073026
3533 1.98308400795893358
3534 1.97324577200791751
3535 1.9780056465789817
3536 1.98998686997872332
3537 1.93312571707233949
3538 1.93990723771846696
3539 1.93670986974856585
3540 1.90425990877214124
3541 1.99511077697984884
3542 1.99514648098910019
3543 1.99159434269569946
3544 1.91899968520946129
3545 1.93197435672334561
3546 1.99573764075110427
3547 1.9793556881352603
3548 1.9733817656465118
3549 1.97819755093141314
3550 1.91106827911206745
3551 1.93942210020598593
3552 1.92128266026521399
3553 1.99493569388457126
3554 1.98582016875739953
3555 1.95898715808132406
3556 1.95290256023076325
3557 1.90112947414592703
3558 1.91075536950863656
3559 1.91255279336679052
3560 1.97840611978774361
3561 1.91034380924967895
3562 1.90353056405399967
3563 1.96409208758736487
3564 1.96137952903182322
3565 1.97158640868492663
3566 1.91622114707265823
3567 1.91618969447182774
3568 1.95499986389430425
3569 1.99953953769810755
3570 1.97969495402578199
3571 1.91428994824243603
3572 1.98381692682775612
3573 1.98466424216186033
3574 1.90226715213007846
3575 1.94931206740822516
3576 1.90602884696977304
3577 1.92878420626667646
3578 1.90119883866913653
3579 1.90512642563190471
3580 1.95887921168989143
3581 1.92804847272048474
3582 1.98758954862740422
3583 1.9493218579824767
3584 1.96787513893172861
3585 1.96228372175910182
3586 1.96278152632017799
3587 1.909724181153162
3588 1.96003720081445176
3589 1.93067528587548076
3590 1.97977602390539165
3591 1.99236675413588671
3592 1.92935727810373958
3593 1.90327637914283132
3594 1.9060206361376717
3595 1.94954803796996279
3596 1.997749707291955
3597 1.91437626989957388
3598 1.92566919289641825
3599 1.94524174938128436
3600 1.91455662174625729
3601 1.97312523457460109
3602 1.94264019100908669
3603 1.93908992607712083
3604 1.93778617328304814
3605 1.92463101375327184
3606 1.93835525979062062
3607 1.94653464859827441
3608 1.93213991251183459
3609 1.90888150629702058
3610 1.98387335286037292
3611 1.92951163548266291
3612 1.99179325985814137
3613 1.91658464864196154
3614 1.91733542698041104
3615 1.9067896644720137
3616 1.99402721304578012
3617 1.99826497653337043
3618 1.98187568578352336
3619 1.94339255766613128
3620 1.93469696444279049
3621 1.98424612522058141
3622 1.93463805825880297
3623 1.92384053894942064
3624 1.93890009949020836
3625 1.96604480228926803
3626 1.95708143499196985
3627 1.9323903084999563
3628 1.98910366610383194
3629 1.95763402363608074
3630 1.9570567758382027
3631 1.91924740135278826
3632 1.94554712689631537
3633 1.90682328960368941
3634 1.99182387349506773
3635 1.97468915295988934
3636 1.9184251735066975
3637 1.93026438593014538
3638 1.90302423980191104
3639 1.94681997180776634
3640 1.90199958137477942
3641 1.93360840462587547
3642 1.95742255189719749
3643 1.93082905166873475
3644 1.97707684757844659
3645 1.93661736763098857
3646 1.93687305415666611
3647 1.93283673647269816
3648 1.98190077645774543
3649 1.92874953374738323
3650 1.95139616519765768
3651 1.95671425080672945
3652 1.98376239231923557
3653 1.96609746939994712
3654 1.91300443724523261
3655 1.9273819569578643
3656 1.98708341800115762
3657 1.94109498300758743
3658 1.98858256091426133
3659 1.91421662849745355
3660 1.92290814035297464
3661 1.95611184324273091
3662 1.9467907725909197
3663 1.90205468990731608
3664 1.90655006127522153
3665 1.91502018694007692
3666 1.94087326035630925
3667 1.98099900126339579
3668 1.95966443320752681
3669 1.97868605742905235
3670 1.95903560303227531
3671 1.92778357791103905
3672 1.96181481262143098
3673 1.93859875946068838
3674 1.96555264645658267
3675 1.93465601006457022
3676 1.90528916331637954
3677 1.99712888190607374
3678 1.9581705321620646
3679 1.97041641228003828
3680 1.91432055279437274
3681 1.92627508324988495
3682 1.99859891808657819
3683 1.99554624175667228
3684 1.9431857984851244
3685 1.98532509661625634
3686 1.90460810025093386
3687 1.94765885169986852
3688 1.91611845439685968
3689 1.90068251489983453
3690 1.91782558594922148
3691 1.95523782532476287
3692 1.96889724304840774
3693 1.96762534574723569
3694 1.99353741230304493
3695 1.92666451136045169
3696 1.96031271350243763
3697 1.95852314666960936
3698 1.9574902987975884
3699 1.99998748659069236
3700 1.98722736908967557
3701 1.91454908079533404
3702 1.92097216624482137
3703 1.92512278929616154
3704 1.97810702561628737
3705 1.94103146307887875
3706 1.96777630311422658
3707 1.91647964829168438
3708 1.98648077730924122
3709 1.98609265279507774
3710 1.90857206469194285
3711 1.9048319272750911
3712 1.91607800698343844
3713 1.98154150358782255
3714 1.91099211483402698
3715 1.91318050169156262
3716 1.97752223924301074
3717 1.98460788745105332
3718 1.9220362670696407
3719 1.92249297950418896
3720 1.95084551973588072
3721 1.97150235849356781
3722 1.94541672445311198
3723 1.94260518593390574
3724 1.93511322505330075
3725 1.9896477792900662
3726 1.91301857121196317
3727 1.93787603422565113
3728 1.91527617257641114
3729 1.97334146852991976
3730 1.95479049021412576
3731 1.96314956110490124
3732 1.9505139477804645
3733 1.99986111053959337
3734 1.99377103699953273
3735 1.99610559591789793
3736 1.93875472075698529
3737 1.92824046848068198
3738 1.90456117393911573
3739 1.97235713100101373
3740 1.99274401098847553
3741 1.99608888701927589
3742 1.95564604089773142
3743 1.93594992681214473
3744 1.91290644457285919
3745 1.95973202713840755
3746 1.99517999844373417
3747 1.91864430232485361
3748 1.95315749519033988
3749 1.98577932160079085
3750 1.9097852059038698
3751 1.99427454200542575
3752 1.930792174117127
3753 1.90916344085293455
3754 1.90350453773722705
3755 1.95141640839757158
3756 1.98887595345925883
3757 1.93659644315894819
3758 1.9469847334456265
3759 1.92021092702321527
3760 1.9090710619700908
3761 1.96192348539158168
3762 1.98586391973686793
3763 1.93506728293485852
3764 1.9340086672200949
3765 1.90590672935873195
3766 1.91575064067030953
3767 1.92496357358383441
3768 1.96015809294828469
3769 1.98890988797039814
3770 1.91047135479864694
3771 1.93474239174995888
3772 1.95232357919763122
3773 1.98091153672297215
3774 1.99557658050723141
3775 1.94873161932830352
3776 1.90436966767595472
3777 1.91809035354761526
3778 1.9409024121734495
3779 1.99348986124548166
3780 1.92927903924463107
3781 1.97506881412666679
3782 1.94740345987167052
3783 1.940540239747236
3784 1.93391220781241446
3785 1.9132209537007201
3786 1.90874044534792064
3787 1.94794723666088343
3788 1.95921106090727237
3789 1.90789023079764153
3790 1.92459454484813985
3791 1.95491062928813553
3792 1.92668842229387272
3793 1.92285800687402375
3794 1.95484608221310951
3795 1.97214113313336803
3796 1.96755158292399868
3797 1.93483585973282457
3798 1.91062585985509203
3799 1.96326133361811483
3800 1.97282401957143017
3801 1.92649864614651944
3802 1.92645444965627277
3803 1.96857030532015664
3804 1.91089374300337278
3805 1.94170307546865395
3806 1.97530387192083667
3807 1.98776423276953729
3808 1.93908726568430945
3809 1.93668019345741471
3810 1.90260987557895711
3811 1.91540419888225855
3812 1.99829500453155884
3813 1.94707730796811407
3814 1.91903685959292525
3815 1.97123859026777026
3816 1.91047787156672788
3817 1.92624227454558272
3818 1.98491011415618401
3819 1.99229975167585271
3820 1.99317282578427712
3821 1.97816564527998362
3822 1.9294952998842918
3823 1.96651413930907393
3824 1.91037437710646096
3825 1.96860413142135182
3826 1.91760315460968078
3827 1.9363497592208192
3828 1.91237598126016661
3829 1.93095996476290188
3830 1.93826168224744211
3831 1.92835186834326278
3832 1.95648179860240656
3833 1.98107805925307123
3834 1.90216198524865288
3835 1.92047928542846269
3836 1.93327709604436304
3837 1.93622187996095674
3838 1.9397668863439097
3839 1.90878801062444725
3840 1.92410989306089109
3841 1.90884137779564056
3842 1.96823598293706348
3843 1.97302676361676732
3844 1.98459276570876608
3845 1.92476995552773844
3846 1.99619321489536961
3847 1.96142468884308063
3848 1.97970750231027726
3849 1.90774058826561266
3850 1.98251172011055998
3851 1.99877271995219319
3852 1.95054464031089791
3853 1.95913907707116741
3854 1.9332161774452028
3855 1.97957706368110964
3856 1.95506052598248403
3857 1.91816607927051686
3858 1.91529868353898269
3859 1.96994863610301674
3860 1.9382783973721236
3861 1.94155603710849589
3862 1.96781161077561717
3863 1.9900513045135082
3864 1.9756617835357182
3865 1.97283501022879992
3866 1.96168797303929643
3867 1.92376971430017951
3868 1.90089285710550193
3869 1.956676882531448
3870 1.93589797698077826
3871 1.90297805845065127
3872 1.91038419755512257
3873 1.92517494857605986
3874 1.97707315200529488
3875 1.94963582885518005
3876 1.92237878757648062
3877 1.98818648390454999
3878 1.99143254274076775
3879 1.90585986924187356
3880 1.92847493344860244
3881 1.9209394765182517
3882 1.96450783780249494
3883 1.91573031040908481
3884 1.97560687743502905
3885 1.99450845200039062
3886 1.9677469361937463
3887 1.91605340444035832
3888 1.92332362448152971
3889 1.93764498895402615
3890 1.95180084685512623
3891 1.98596948866170186
3892 1.99911992834413321
3893 1.97050213479657654
3894 1.91921921450770672
3895 1.94888875334927025
3896 1.90232192132208544
3897 1.90450727103273953
3898 1.94801161864077388
3899 1.9041354422659087
3900 1.91491374775253353
3901 1.98708482506260387
3902 1.97505263442786227
3903 1.93465782887685589
3904 1.94869453437257745
3905 1.99304897913742352
3906 1.95638595008857497
3907 1.94602169420081927
3908 1.92144249615988327
3909 1.95131931268543313
3910 1.91572563750045233
3911 1.9435332131422598
3912 1.99995463279822516
3913 1.9029669133521776
3914 1.94588778640810478
3915 1.94376860861576173
3916 1.98623416289260057
3917 1.9435423496385853
3918 1.98390936375120042
3919 1.97770221100632404
3920 1.92783313433648895
3921 1.97078474968222439
3922 1.93740789298691518
3923 1.97811858274159302
3924 1.98768243390818644
3925 1.98761986921226086
3926 1.99923593590834381
3927 1.98539207867865786
3928 1.91522295239367479
3929 1.9300513514476485
3930 1.33023566518687186
3931 1.56109184443156979
3932 1.67302263025873255
3933 1.67716169265323489
3934 1.59361005320937066
3935 1.29752191588290988
3936 1.81280141240464854
3937 1.97935355388537015
3938 1.97685131089058497
3939 1.90169794393544556
3940 1.9672184258009382
3941 1.99108865843814797
3942 1.98966555768955766
3943 1.94991663930017189
3944 1.99812857310466185
3945 1.97680766653056139
3946 1.94977905720110023
3947 1.92009121026756646
3948 1.92599396704558301
3949 1.95774044481706033
3950 1.95383557559442478
3951 1.96343711248267572
3952 1.95407269310183174
3953 1.94676894512582299
3954 1.96604129079014522
3955 1.91473593068006398
3956 1.9201443473696207
3957 1.98487118321905798
3958 1.94276909703782308
3959 1.93654481095737729
3960 1.91066208814062866
3961 1.93460536638882363
3962 1.96593751332189637
3963 1.98516386879425966
3964 1.97471086588891698
3965 1.92858597069604554
3966 1.94823366792702912
3967 1.99926986892371472
3968 1.92661866636089663
3969 1.92933133291252656
3970 1.99886910447934762
3971 1.9964666175395942
3972 1.96950576920914733
3973 1.95891080292538011
3974 1.98123114709840942
3975 1.990277764958583
3976 1.96019904128824929
3977 1.92193759727233981
3978 1.90964919036083303
3979 1.94445656987722071
3980 1.94883790837453508
3981 1.95196857794257173
3982 1.91314502590468782
3983 1.91358271397287938
3984 1.90970149536677924
3985 1.92653454575166738
3986 1.90842328879386725
3987 1.94255633989908105
3988 1.90861347177225782
3989 1.92695522679777387
3990 1.96307278028698406
3991 1.99968652603812291
3992 1.93873036577537161
3993 1.94200483974389515
3994 1.95771348850766236
3995 1.98092522732692422
3996 1.94506922231620405
3997 1.92848852478444721
3998 1.96351552054756873
3999 1.95803098806772624
4000 1.94442772200404224
4001 1.98695141903503569
4002 1.93159639633038904
4003 1.97092496198306044
4004 1.98203365782944529
4005 1.93823105257524442
4006 1.97449495706489064
4007 1.9165993407829327
4008 1.97604644623094261
4009 1.97930684051979933
4010 1.91964650017773342
4011 1.98402438152763594
4012 1.97587704660493269
4013 1.99348419174498259
4014 1.94129423413517177
4015 1.97641153653725254
4016 1.93211985704590661
4017 1.96751526280926203
4018 1.99513921861826815
4019 1.98798222238714994
4020 1.94671928929270011
4021 1.98231269033019109
4022 1.99768277845872277
4023 1.94513337140816756
4024 1.90126052663226242
4025 1.91606645650515572
4026 1.99852428578200003
4027 1.99390161292726176
4028 1.94402936408282989
4029 1.93652563739381578
4030 1.96875479735885195
4031 1.98796918660984567
4032 1.95171770181452864
4033 1.93637777075513884
4034 1.91136365171479294
4035 1.94443943851206202
4036 1.9764870227877851
4037 1.94339116757199815
4038 1.9784680911121395
4039 1.95004009082393104
4040 1.96434119020236508
4041 1.9511796684156788
4042 1.97345341320780832
4043 1.99680147977416933
4044 1.93212893346339243
4045 1.90599008088627597
4046 1.92089313206675816
4047 1.98698304567117523
4048 1.91311321356281461
4049 1.96100171737384854
4050 1.90447760388008391
4051 1.99387005579687981
4052 1.96704174363186235
4053 1.90816107987858308
4054 1.97863905750365876
4055 1.92429061799059431
4056 1.97726543278510225
4057 1.94587772719960106
4058 1.92394966391660183
4059 1.96509276005987221
4060 1.93054453964796346
4061 1.98792338765468424
4062 1.99711271662736523
4063 1.97819605068087512
4064 1.99299304737569671
4065 1.92342790278490572
4066 1.95564771764013834
4067 1.92138639601588679
4068 1.97618283255820715
4069 1.92844820150650076
4070 1.95014022243288476
4071 1.95963476971616757
4072 1.9501481086024417
4073 1.97711851966886276
4074 1.92472264051451192
4075 1.90988695094633654
4076 1.95151038557088485
4077 1.92427181561546501
4078 1.94973670569533608
4079 1.9250294972313855
4080 1.95172594112965569
4081 1.9770998271499729
4082 1.97762420430626573
4083 1.94913499887260921
4084 1.97292979674171565
4085 1.91469592784983522
4086 1.97818728641223762
4087 1.92989182617341859
4088 1.94795045249994203
4089 1.96030803302036061
4090 1.92800023599771508
4091 1.92640358816875135
4092 1.90984770133609238
4093 1.99073597596233798
4094 1.93705935834994825
4095 1.97071180040456495
4096 1.97543452583517087
4097 1.95444104796492013
4098 1.98816326145750133
4099 1.99512583307064073
4100 1.96854399813965775
4101 1.96344451049651281
4102 1.90566058364254309
4103 1.92514360097833892
4104 1.95912822382390428
4105 1.97926449034076057
4106 1.93630113775932466
4107 1.93672464441637837
4108 1.99505858551254622
4109 1.97077778140446691
4110 1.90082151518169473
4111 1.97599363981621567
4112 1.90235142032477755
4113 1.96518187225029317
4114 1.916059578169792
4115 1.95923733830294977
4116 1.96287298174102798
4117 1.96851310319808137
4118 1.9258412900962214
4119 1.98630906921033068
4120 1.96868822341918004
4121 1.91934902697540322
4122 1.99466807326731543
4123 1.97704730498234893
4124 1.9195548749647271
4125 1.96148166833382454
4126 1.91186903453967871
4127 1.95134593366387432
4128 1.91385043399422372
4129 1.90451048310273863
4130 1.90893921279037682
4131 1.92638473811846378
4132 1.96602039420334895
4133 1.91647831477376074
4134 1.94400999777617645
4135 1.93541969828137628
4136 1.97841593391172532
4137 1.98781410979914019
4138 1.93736991143023563
4139 1.90172484451071
4140 1.97784026684531522
4141 1.94583685544292728
4142 1.99185399192765389
4143 1.96269072202398531
4144 1.98505137374470708
4145 1.94167942074316513
4146 1.97320309217736622
4147 1.91346079890667808
4148 1.92182215102235299
4149 1.9544423768720891
4150 1.94530484479886034
4151 1.92011416094735532
4152 1.9489573385835397
4153 1.92199895585072822
4154 1.92090156228693854
4155 1.99489544012891784
4156 1.90457363364472299
4157 1.97501139334564968
4158 1.96859303553708931
4159 1.91337841433082967
4160 1.91740073070907435
4161 1.93405193298143696
4162 1.96921838244627012
4163 1.96307232794835862
4164 1.99578016647770262
4165 1.95170657230168176
4166 1.91071586357900447
4167 1.91904942317119365
4168 1.9453818302576007
4169 1.91101346387578452
4170 1.94400446395957305
4171 1.96484522952852125
4172 1.95722311670971205
4173 1.94645647310956438
4174 1.94597049555259827
4175 1.95006956045786972
4176 1.91729484147453033
4177 1.97577441635530127
4178 1.91753977811880483
4179 1.9851501018465787
4180 1.98248243701198845
4181 1.96862268465708334
4182 1.97364181136732819
4183 1.93864542519650263
4184 1.90871138896289994
4185 1.98289493974728637
4186 1.9455370399427161
4187 1.96963106074910832
4188 1.97309000285860447
4189 1.98574880081554284
4190 1.99451684339555491
4191 1.95321631449907729
4192 1.95853327051414716
4193 1.95597118459881925
4194 1.91705257186800448
4195 1.92742177448268026
4196 1.9885179601965568
4197 1.93983330719954816
4198 1.98603691506906799
4199 1.97496830410379531
4200 1.96486842013676855
4201 1.91545683339859529
4202 1.99444312240934374
4203 1.97846700539563392
4204 1.97425643007780716
4205 1.9006468692141345
4206 1.94110807834297594
4207 1.93430929624716019
4208 1.95479707874154296
4209 1.98690303190017614
4210 1.94356390567452952
4211 1.90219493834163877
4212 1.97722618595930366
4213 1.99910673943409378
4214 1.98524967224811366
4215 1.92068967423100179
4216 1.90642931792842685
4217 1.94015203336318853
4218 1.91576605456321802
4219 1.98675930471855655
4220 1.9089787785990413
4221 1.9407077169579412
4222 1.96051363754039421
4223 1.98979872660761292
4224 1.91677174198165434
4225 1.93948783733613195
4226 1.96880248455365292
4227 1.97349403452052252
4228 1.94882647754579219
4229 1.91895066585873186
4230 1.93600473777973803
4231 1.90178613876877289
4232 1.97525320279355165
4233 1.99672305639972247
4234 1.94457025569635666
4235 1.9646497246156045
4236 1.90145134347002087
4237 1.90171244885349355
4238 1.91766893883299838
4239 1.95174187803762589
4240 1.9905279031411327
4241 1.90937412688571295
4242 1.97834132299193155
4243 1.9849011070458229
4244 1.94351418657437347
4245 1.92198208677300597
4246 1.98467733918130929
4247 1.97156258311709998
4248 1.91030538417624562
4249 1.90454996965384638
4250 1.97611936587915715
4251 1.97573114054829202
4252 1.93249151615149728
4253 1.91281899246127152
4254 1.9958649180991157
4255 1.96735526012497064
4256 1.90732521144101552
4257 1.93440407531197511
4258 1.96787228410457748
4259 1.9538472625095944
4260 1.96805163722326038
4261 1.94914288909330535
4262 1.99256315731716138
4263 1.96037290836475608
4264 1.92891243327286177
4265 1.95934356524133979
4266 1.99547830991937047
4267 1.99565509522914319
4268 1.98697867836444075
4269 1.98256992211092697
4270 1.97113274799772276
4271 1.94907566096393836
4272 1.93062572382412601
4273 1.95534970654435636
4274 1.92149760573430584
4275 1.97903491028052403
4276 1.99815074749616528
4277 1.93990743602659821
4278 1.94407299592510174
4279 1.92859626379796634
4280 1.9860827333536939
4281 1.90913376000043877
4282 1.92734205239351675
4283 1.93655611485955959
4284 1.98592435364921882
4285 1.91772613135188541
4286 1.94011241356898045
4287 1.96846134459272526
4288 1.95449352795605913
4289 1.93598279385123639
4290 1.9095571583282307
4291 1.99294769189774312
4292 1.90145414070503271
4293 1.93747160049977563
4294 1.91490926114297788
4295 1.99078973634067324
4296 1.99005705581818959
4297 1.95164784829278237
4298 1.96895724014370965
4299 1.99529026247954677
4300 1.94970164201550578
4301 1.96886638462618957
4302 1.94829279859750359
4303 1.90052871990152505
4304 1.93710671077845964
4305 1.91619822707800669
4306 1.97330439848356431
4307 1.91858533379756713
4308 1.99540548952242758
4309 1.93513206684233174
4310 1.94398732579624989
4311 1.95796760542784964
4312 1.93155129561664363
4313 1.96095299790332445
4314 1.94014959967537126
4315 1.96327901891625789
4316 1.92762537194509309
4317 1.94459748223457729
4318 1.9154937855901506
4319 1.94946485652940638
4320 1.98175228602158393
4321 1.91827270792078153
4322 1.97294649553333512
4323 1.99503803885673481
4324 1.96491152596949825
4325 1.95302702552415486
4326 1.93068653522973355
4327 1.9673894331898234
4328 1.92352512488702554
4329 1.99683386954290598
4330 1.94360761288581574
4331 1.92283710635238236
4332 1.92445088106195406
4333 1.96845234388064005
4334 1.96673260486325008
4335 1.91207464827114793
4336 1.96015519885369138
4337 1.90971130496264463
4338 1.9216961666039063
4339 1.95131676122783104
4340 1.95274135822150363
4341 1.92046053223190727
4342 1.95320601401569927
4343 1.95812191180904516
4344 1.94370554995162892
4345 1.98108485770922016
4346 1.90570051079401548
4347 1.97654424444306742
4348 1.9191513270334386
4349 1.9157955361112724
4350 1.99667284890789087
4351 1.93174978555183219
4352 1.98816466080963172
4353 1.93621260118502181
4354 1.97325526069868662
4355 1.99129748992979527
4356 1.989001192785538
4357 1.92333240642778769
4358 1.93374601251239908
4359 1.91192084487258995
4360 1.94561987207440112
4361 1.98745566971464216
4362 1.90322551754994018
4363 1.92531256183695265
4364 1.98375323999308728
4365 1.97492820067730057
4366 1.98947901159616247
4367 1.98760011530351965
4368 1.93719317177977945
4369 1.98458520464610322
4370 1.91578600192091431
4371 1.95839576583409514
4372 1.94219661164961366
4373 1.97855527136659215
4374 1.94072826440728763
4375 1.97338404621472563
4376 1.95755108966713176
4377 1.95777758822721859
4378 1.97238999207059251
4379 1.99556735438970057
4380 1.95606809662270575
4381 1.90278749407357051
4382 1.96098178167665216
4383 1.93425580112020823
4384 1.93256590003334461
4385 1.95290556256674619
4386 1.95609938802582128
4387 1.98513497676630868
4388 1.90343998658564195
4389 1.90432078345005351
4390 1.90751268737455137
4391 1.97521672478052657
4392 1.97314985839370038
4393 1.9921776126004227
4394 1.92374977509727008
4395 1.92377964024849302
4396 1.90377872991267849
4397 1.92135427138615023
4398 1.9101957084883876
4399 1.90840149310505014
4400 1.90690714375291925
4401 1.98897223147199931
4402 1.94159659979127275
4403 1.91476247873532257
4404 1.92032258164643133
4405 1.96081202228391227
4406 1.96752251052480087
4407 1.98772773128447588
4408 1.9561250901298084
4409 1.91594959071088144
4410 1.99139675932791493
4411 1.97566483582426078
4412 1.92012619980146004
4413 1.93168920325441662
4414 1.99141240212402026
4415 1.95597357710465825
4416 1.94520920506650774
4417 1.99649017408695295
4418 1.97279767821105634
4419 1.94765658734396552
4420 1.93662073771608068
4421 1.90505455849653016
4422 1.9220255000918085
4423 1.99013085727648642
4424 1.92411972518384133
4425 1.97204710086414337
4426 1.93207012615461693
4427 1.95535029057224286
4428 1.93478432628772801
4429 1.98511010948021216
4430 1.95253612811170796
4431 1.94285774036396708
4432 1.96907281043029148
4433 1.95648552156974742
4434 1.96390107235877975
4435 1.92713389089028508
4436 1.95895321366511754
4437 1.95233230525736023
4438 1.95027474631914322
4439 1.90177172331896727
4440 1.99947837647946369
4441 1.99267912463539387
4442 1.98540658437801554
4443 1.97383904993295323
4444 1.92586263456500917
4445 1.95337100302377609
4446 1.98474254100792646
4447 1.94319235060036455
4448 1.94557131024510865
4449 1.90969190981648596
4450 1.71384231589663116
4451 1.05572161989797708
4452 1.15077823037171578
4453 1.57042096671913156
4454 1.61459000154570242
4455 1.39078336184321438
4456 1.24081749480272796
4457 1.98161313473637901
4458 1.94907711203024192
4459 1.90332105737630175
4460 1.92366248521938266
4461 1.97639881292274167
4462 1.93767139556189183
4463 1.90242689608701854
4464 1.96579373411848368
4465 1.92668224770427576
4466 1.9367727373010184
4467 1.93200947588904737
4468 1.95847579150927853
4469 1.9607645705214658
4470 1.97931013153928781
4471 1.93738183186532531
4472 1.91218715203566547
4473 1.99821839702937654
4474 1.99597673357618022
4475 1.90980212084207057
4476 1.95078510794166693
4477 1.93931411145787846
4478 1.96854857643138592
4479 1.90052532566879462
4480 1.9053279238244385
4481 1.97429270673741053
4482 1.98003449110409746
4483 1.93059555005206485
4484 1.91953837006428008
4485 1.90431914524172519
4486 1.92929276287321749
4487 1.93807212021091613
4488 1.98276270945466049
4489 1.91128356766739316
4490 1.97684918765248607
4491 1.92120237730772847
4492 1.91473808581138094
4493 1.91990458435275069
4494 1.93332748241980146
4495 1.95083882949730736
4496 1.96911713391088061
4497 1.91810493465305609
4498 1.94117374338063375
4499 1.92325124285926186
4500 1.98907165152625875
4501 1.98848294990516306
4502 1.93226947350975409
4503 1.91701741564487826
4504 1.99753958332803316
4505 1.90266942990709298
4506 1.99960574766906074
4507 1.98406588922132099
4508 1.94203617049258037
4509 1.95647360268719628
4510 1.97957269731256869
4511 1.94227027286049703
4512 1.97557204022758137
4513 1.95520685940402617
4514 1.94715605045514373
4515 1.99027835691831734
4516 1.96669064638700353
4517 1.97201359768577889
4518 1.99782784028128546
4519 1.91881970573162985
4520 1.95496043983939272
4521 1.91052418896353471
4522 1.98520060360940098
4523 1.99218415155713946
4524 1.94743691502058058
4525 1.97649266215840025
4526 1.96716439265998599
4527 1.91063085355044771
4528 1.94216954990925172
4529 1.93370291681385287
4530 1.98604354288094798
4531 1.96834862744602268
4532 1.9167701244615567
4533 1.92197710320479409
4534 1.91786773662190679
4535 1.94666479342938792
4536 1.91734712407162822
4537 1.94666021735753647
4538 1.96328944458472554
4539 1.93871653691888923
4540 1.95551861083547096
4541 1.9860889576401195
4542 1.99237217143925238
4543 1.91796650252295997
4544 1.91121116057651719
4545 1.93586319972255594
4546 1.95304788782896299
4547 1.967234387187627
4548 1.94292670749014995
4549 1.9651531896199681
4550 1.9208957782563878
4551 1.93080114853227935
4552 1.97825572157876928
4553 1.99274054833124459
4554 1.91477689555476616
4555 1.93569802977276018
4556 1.9254927765350327
4557 1.98512827046018048
4558 1.9969844089138562
4559 1.92184874318100873
4560 1.96680044484198335
4561 1.90751831853715759
4562 1.93597748428207539
4563 1.94596447744534706
4564 1.95846114888520106
4565 1.95026248890653142
4566 1.98043594960079261
4567 1.9147577795631201
4568 1.97518144245812044
4569 1.94188279968408883
4570 1.98690689812561017
4571 1.93320986349871515
4572 1.9326906555815746
4573 1.99946417148123734
4574 1.98181181202680601
4575 1.96670570504018993
4576 1.94763055385468098
4577 1.93919698546000441
4578 1.95989696604847441
4579 1.9501828822821945
4580 1.91808774379136349
4581 1.90313003691643678
4582 1.90778986771305914
4583 1.96515544980380663
4584 1.99336016839279617
4585 1.99193518124887592
4586 1.97721841928885222
4587 1.99930811659954122
4588 1.90283694956302418
4589 1.94219106484931614
4590 1.99764505160533989
4591 1.9097257945317232
4592 1.91967711622589943
4593 1.91133805060055639
4594 1.93902902001405564
4595 1.9559504287692453
4596 1.90442726283252206
4597 1.93016365430870507
4598 1.93580270289173928
4599 1.93946280750713873
4600 1.99528735412052427
4601 1.93720575326571676
4602 1.91525024328383431
4603 1.96149878784399934
4604 1.98969024700420127
4605 1.90841553229266969
4606 1.91500535755010004
4607 1.91234760931681813
4608 1.94879281496618773
4609 1.96263183162682209
4610 1.97985235167541118
4611 1.93985175902897167
4612 1.93695669944465898
4613 1.95835674473023591
4614 1.99773300585299518
4615 1.97742334778701956
4616 1.94328591217174718
4617 1.95655063376468297
4618 1.93545928104820852
4619 1.90643888624133395
4620 1.97547716144949459
4621 1.94422054794996524
4622 1.94089852079341885
4623 1.97732304778926182
4624 1.94426780678474342
4625 1.96262365455985721
4626 1.93151229286197257
4627 1.96847850482734987
4628 1.95821604939356875
4629 1.91328973604434638
4630 1.95142528702430451
4631 1.90621999576146206
4632 1.99004718179011042
4633 1.93650280915391448
4634 1.90240392203538056
4635 1.93179679658650594
4636 1.96746375737512103
4637 1.95739597608843163
4638 1.91618786898737059
4639 1.99976423451190932
4640 1.9620199440713264
4641 1.94806074312568445
4642 1.93162784455781833
4643 1.93693062485802359
4644 1.90444391417490477
4645 1.98380971774110093
4646 1.96906745798452687
4647 1.95881576990987094
4648 1.99645355332225782
4649 1.944319814116235
4650 1.93862020124555312
4651 1.90225821406049644
4652 1.95798682143318992
4653 1.91331299898170926
4654 1.90098627903737105
4655 1.95511722765795914
4656 1.99425822988953816
4657 1.93455287614112326
4658 1.94963945549542594
4659 1.97501382744064435
4660 1.90513367530450206
4661 1.92783289782496658
4662 1.94285203622296065
4663 1.93490968071312386
4664 1.9516664124321601
4665 1.94461948133418239
4666 1.91954621091729694
4667 1.92983198280628332
4668 1.99562711375572666
4669 1.94422181773697789
4670 1.99743884058092958
4671 1.96157710544031727
4672 1.97019010246053949
4673 1.97781329482261881
4674 1.93790671122519775
4675 1.95364925348927176
4676 1.99710539213424854
4677 1.94953686204496091
4678 1.95127161721539766
4679 1.9546879426707664
4680 1.91658075535428307
4681 1.92790135446214861
4682 1.93487755294465136
4683 1.9034964490666324
4684 1.95778324481902688
4685 1.91903373270792144
4686 1.92521572782759742
4687 1.96213510187637197
4688 1.99006495253162519
4689 1.91156066441532824
4690 1.92214003808628187
4691 1.93681574747352503
4692 1.91720297199603351
4693 1.99985049465413711
4694 1.95370438896993326
4695 1.96023180279558717
4696 1.92031275042082972
4697 1.97167018672798688
4698 1.98531595956471385
4699 1.99995819073646341
4700 1.96234115767726802
4701 1.98812442042958182
4702 1.93216172323311275
4703 1.94002968002543463
4704 1.94564831980175645
4705 1.95552743819361896
4706 1.98117235691489069
4707 1.94161654765282199
4708 1.90986199727776151
4709 1.93489703368844324
4710 1.91130182707069762
4711 1.91930798506905598
4712 1.95636063175960939
4713 1.98619997809903093
4714 1.97666214731677692
4715 1.90764116835693875
4716 1.91352316037283665
4717 1.99075558175410716
4718 1.91205971184023849
4719 1.92784132738999281
4720 1.99049297516719226
4721 1.92969570365709853
4722 1.95269534415079282
4723 1.91298237578430208
4724 1.91703373217586592
4725 1.9492145836816146
4726 1.9564567075022401
4727 1.97466408165837337
4728 1.95538502129515335
4729 1.90305173696335572
4730 1.98230702624303845
4731 1.97592967526058061
4732 1.92000457540909975
4733 1.90415347289911741
4734 1.97682049188722186
4735 1.99331755885284223
4736 1.99875084581752116
4737 1.90246034160279365
4738 1.93983600747881191
4739 1.91022597788559412
4740 1.99900337822005114
4741 1.94995999134397713
4742 1.90379009430809965
4743 1.9125134817624394
4744 1.92284424909772556
4745 1.94605180729487759
4746 1.98723047899864813
4747 1.93791056843971798
4748 1.94991263243631074
4749 1.94810996165624783
4750 1.95978005395020727
4751 1.95719151543323089
4752 1.95742978037368554
4753 1.95789863321247193
4754 1.98938816829171206
4755 1.94188843534225342
4756 1.98533250267025019
4757 1.90224480290914588
4758 1.92102103059003171
4759 1.92804405840644022
4760 1.90799171490494435
4761 1.91245628654430178
4762 1.90933507454600448
4763 1.97711272810033001
4764 1.91685658266293268
4765 1.92130518180383825
4766 1.92601474337537781
4767 1.9413969771747801
4768 1.99661437410883558
4769 1.91215286268861062
4770 1.93262154096090311
4771 1.96983270018041012
4772 1.96038599179858974
4773 1.90680999825436737
4774 1.92840652343081409
4775 1.98402150125508681
4776 1.9548213177381264
4777 1.90750149138205316
4778 1.95565252335966067
4779 1.99923033738822742
4780 1.98445300849807227
4781 1.91617626458349011
4782 1.95533771715574889
4783 1.9554970165339034
4784 1.93970868526024742
4785 1.95818362794763656
4786 1.9658509446334318
4787 1.90027050940578324
4788 1.9922206115653025
4789 1.92786553706270913
4790 1.93489868075451943
4791 1.95442489668691533
4792 1.90257783286807114
4793 1.98615547567991335
4794 1.9543751841071173
4795 1.9983256427970344
4796 1.92484512955404474
4797 1.97229633584921071
4798 1.96690028982632215
4799 1.98644124628233576
4800 1.95871243393380445
4801 1.99486526320881041
4802 1.90447760951763345
4803 1.94139922884431382
4804 1.95969022675358828
4805 1.90599206244894148
4806 1.9548574379376209
4807 1.9492185044400705
4808 1.90812017236485199
4809 1.91172461834644669
4810 1.94587154217285452
4811 1.97785835021289214
4812 1.99287382152746018
4813 1.90404236051536357
4814 1.95198948459927357
4815 1.98417200037837005
4816 1.97593315273231585
4817 1.94691898677013886
4818 1.92588056992440038
4819 1.96694886697244997
4820 1.92766481870250339
4821 1.91991901485789418
4822 1.95654505426853764
4823 1.99978968424304115
4824 1.93190692769579853
4825 1.96366614581092658
4826 1.94238455029067092
4827 1.10172893175071462
4828 1.47683094250805169
4829 1.59488015758615842
4830 1.32454218533549684
4831 1.55090031891079572
4832 1.27660139031233255
4833 1.61904450382303988
4834 1.95697167118823523
4835 1.96854198222560051
4836 1.93698589964449486
4837 1.92377412732160091
4838 1.92498454320755696
4839 1.9601143933304277
4840 1.99279903271921133
4841 1.97328178855060221
4842 1.96733076812912433
4843 1.99262164095559169
4844 1.95004916197049272
4845 1.97687841633141348
4846 1.97965398221331368
4847 1.90445525801545523
4848 1.92621334298964686
4849 1.91422946227547497
4850 1.95988166919849283
4851 1.90998434667616634
4852 1.90311468946033169
4853 1.91870547283611104
4854 1.94503538965146672
4855 1.91694885128558701
4856 1.93714811102692464
4857 1.99401667999052146
4858 1.95174668396524065
4859 1.91522377487410855
4860 1.97527045766534526
4861 1.93911886926754717
4862 1.96492993872036092
4863 1.91398325451474216
4864 1.97776102568987699
4865 1.95943158285445973
4866 1.96374000385935399
4867 1.94322567041025374
4868 1.9302280067424753
4869 1.95467532466876959
4870 1.9446124064000172
4871 1.9646536532738923
4872 1.95362716114991941
4873 1.9911976811109211
4874 1.94890220356991373
4875 1.97015586857658587
4876 1.92848246916010302
4877 1.94647576723349713
4878 1.96170313710430122
4879 1.94140435103666631
4880 1.92259285399098045
4881 1.90941168321160304
4882 1.90091496897914403
4883 1.99435293966977745
4884 1.94508322923615729
4885 1.9961566735856251
4886 1.9934246230088537
4887 1.9157559217933342
4888 1.90322788932914833
4889 1.95860900730320031
4890 1.90434254833542393
4891 1.94738175430947713
4892 1.90890686806400955
4893 1.93424301747097105
4894 1.97269924177613953
4895 1.95790858851436966
4896 1.96954163148416983
4897 1.9046286423323191
4898 1.97459072149545678
4899 1.95442458694598686
4900 1.97079911975062005
4901 1.9641307033112041
4902 1.94214843869628506
4903 1.92477029230860563
4904 1.97374204606719128
4905 1.94681073325961473
4906 1.91973499773252643
4907 1.90039008740678295
4908 1.96233840126261239
4909 1.95048152905778083
4910 1.93356610499715242
4911 1.94982260555532716
4912 1.97479553281261011
4913 1.903667089295763
4914 1.90855498644170574
4915 1.95304973985368702
4916 1.94559419992693217
4917 1.91428602287827854
4918 1.91993196164664592
4919 1.96685080926109768
4920 1.9656166433203297
4921 1.9727808212970932
4922 1.90458878901370743
4923 1.98864513181302205
4924 1.96542269990495133
4925 1.93462284725971601
4926 1.91643935131119503
4927 1.99599274367293988
4928 1.98875073938899227
4929 1.98299208463676924
4930 1.99337815155355025
4931 1.91884695600639876
4932 1.90040395643673499
4933 1.94117543063284081
4934 1.93277677460028374
4935 1.98343154187263426
4936 1.9005210392555314
4937 1.90033597224049933
4938 1.93564176316588976
4939 1.98168233980932906
4940 1.96443857110157905
4941 1.94080366547146999
4942 1.9049591953497107
4943 1.99507495211213004
4944 1.90463155631803094
4945 1.94349952215465094
4946 1.90050925507568524
4947 1.93199115403360633
4948 1.92101360823657785
4949 1.90300564710000897
4950 1.93373456847205194
4951 1.94669741057079637
4952 1.97555593636624494
4953 1.99468986583082719
4954 1.92437539186184825
4955 1.94486872846542047
4956 1.95826543004175746
4957 1.98516001864089642
4958 1.92123877716134683
4959 1.97808493567770971
4960 1.9181063068453712
4961 1.90928979485666761
4962 1.93340522305796392
4963 1.99875644496104776
4964 1.96239394572730919
4965 1.98384920286334832
4966 1.90172639120013875
4967 1.95646180006906589
4968 1.91067779010511307
4969 1.96928500307385712
4970 1.9774284956256456
4971 1.9495514640941507
4972 1.90274928955216849
4973 1.92630262892312554
4974 1.93649221856079712
4975 1.957399057664299
4976 1.97682842464178044
4977 1.92442018922327418
4978 1.91869839595421743
4979 1.9384309122273915
4980 1.98143745814558381
4981 1.97066610550258625
4982 1.93023107467532307
4983 1.9731211406824225
4984 1.97526627300166036
4985 1.91465886669778373
4986 1.95018430938931542
4987 1.94673710410094647
4988 1.94672526530645285
4989 1.98433906612053157
4990 1.99852079989691189
4991 1.99434441325930356
4992 1.99311736138780327
4993 1.90967446757128734
4994 1.93968747540865971
4995 1.99594303640003146
4996 1.94137659317245848
4997 1.9428501810234875
4998 1.98389370149373212
4999 1.94155988894375864
5000 1.90126826995967968
5001 1.95078559585218025
5002 1.91921710848122484
5003 1.94815310515620177
5004 1.95516794461260779
5005 1.93822997279663212
5006 1.91142076381658033
5007 1.94388893968792598
5008 1.95985423976681417
5009 1.91987526322208524
5010 1.96477164691544925
5011 1.94648336026689806
5012 1.90631268527873687
5013 1.99986733692045826
5014 1.91839622456808079
5015 1.95584920366922432
5016 1.91052091617268571
5017 1.98109792084062764
5018 1.9521981734965963
5019 1.9135942287232881
5020 1.91148517438537602
5021 1.9473162144886984
5022 1.94021933247683354
5023 1.93161709335983844
5024 1.97555836657822947
5025 1.99028258160494875
5026 1.91689848323729883
5027 1.96068736431588353
5028 1.9573920800786937
5029 1.99988264179791186
5030 1.92658663605166436
5031 1.93785712806521815
5032 1.93119275402173707
5033 1.99296893130528319
5034 1.99511550847541042
5035 1.97525523400408853
5036 1.90364688163709972
5037 1.94227743745161119
5038 1.92008477499033314
5039 1.97641165422863341
5040 1.94847444395547287
5041 1.96846505037694297
5042 1.9781076229056036
5043 1.95338377280528741
5044 1.99416676720388852
5045 1.94866233209666939
5046 1.96308504884177992
5047 1.98958888301625003
5048 1.95611895587570661
5049 1.92424015417874505
5050 1.95494436130353755
5051 1.94180745731234872
5052 1.9120918962377198
5053 1.93268362933312954
5054 1.98131898144105434
5055 1.95146194043901389
5056 1.90430810959778918
5057 1.96994130567540848
5058 1.9542111319786637
5059 1.98479322893521992
5060 1.95456434667449042
5061 1.98548587448941882
5062 1.98453189115895978
5063 1.97409301272488014
5064 1.95127388531673196
5065 1.90595952415051628
5066 1.92441913712196278
5067 1.94027919764590373
5068 1.94012259653272334
5069 1.99189592940497118
5070 1.98548595328682542
5071 1.96575352494100275
5072 1.93393356777440184
5073 1.90951691499169818
5074 1.92311484879506667
5075 1.97390755528453443
5076 1.97803723693102507
5077 1.9757223586694217
5078 1.94822091082441506
5079 1.90988442196239294
5080 1.93582852866926225
5081 1.93389553430320471
5082 1.97700285708742207
5083 1.97230868666569159
5084 1.92380363016544909
5085 1.94651782365658299
5086 1.98292507466925505
5087 1.95582762002304755
5088 1.98437532048206333
5089 1.98935546915714512
5090 1.96458764541566366
5091 1.92780432254993594
5092 1.95928018941031623
5093 1.9972896326063454
5094 1.97530870644826084
5095 1.92754385189495725
5096 1.96943646567516129
5097 1.98933166786559656
5098 1.98382864180513185
5099 1.98303117140408114
5100 1.95177665653998655
5101 1.9343301235463608
5102 1.94715735688391156
5103 1.91184284985548913
5104 1.9809254686041009
5105 1.90081575917380263
5106 1.9982053512062028
5107 1.97037554950753768
5108 1.96740554937733969
5109 1.91747322243262897
5110 1.91093687718372296
5111 1.93211178788136895
5112 1.9683599885364409
5113 1.95142183652340884
5114 1.90493160705655473
5115 1.99869594040413312
5116 1.9344712157754631
5117 1.93412875833139219
5118 1.97928537068769339
5119 1.90506236835526477
5120 1.98504420534857595
5121 1.93164524043596875
5122 1.93028461732495549
5123 1.99425250496173811
5124 1.93834282230191413
5125 1.9040734223228668
5126 1.99226217094993863
5127 1.90621612660901008
5128 1.94072299942833348
5129 1.94006408500691729
5130 1.94892098706951256
5131 1.9211328623303443
5132 1.91220277638504088
5133 1.91898706860419876
5134 1.95450158841157773
5135 1.9751721562856035
5136 1.91994212612638249
5137 1.9539035300383798
5138 1.9917553419953713
5139 1.93642089408318285
5140 1.9497133187222222
5141 1.98670355201647153
5142 1.92209943880670209
5143 1.97820494484326326
5144 1.95259625877494991
5145 1.98049065416788661
5146 1.91350163883241153
5147 1.94968004181011079
5148 1.9652131607865917
5149 1.95284115500491695
5150 1.95417453644858163
5151 1.99928835458738208
5152 1.90525277754912281
5153 1.96232710909268437
5154 1.93343083718153341
5155 1.96977006567732937
5156 1.94249664475273653
5157 1.96931350862197196
5158 1.99824310964654339
5159 1.99285243820300662
5160 1.90257927223380752
5161 1.90680221228602864
5162 1.92582999617886585
5163 1.98350832475378547
5164 1.92502102793610819
5165 1.92589881652561878
5166 1.94702409196644122
5167 1.91135290824287196
5168 1.98731005213592304
5169 1.96943111240817137
5170 1.95398752041640944
5171 1.97860234528452472
5172 1.99668225437629032
5173 1.96174808257743383
5174 1.93324223689752461
5175 1.9474222479018779
5176 1.94210612653375514
5177 1.90243102129424613
5178 1.92886542840039099
5179 1.9278143464981865
5180 1.92286797039637491
5181 1.91817198374830511
5182 1.90707847819507537
5183 1.96943968356503918
5184 1.90336176164952353
5185 1.99847343846339132
5186 1.90350072546963101
5187 1.92060252480225446
5188 1.90868883825119262
5189 1.93691744152139322
5190 1.93123305917483346
5191 1.94128231827182285
5192 1.94599981355422713
5193 1.97963925980023214
5194 1.94248966121899058
5195 1.98613438296514166
5196 1.99185311564598111
5197 1.9157127403146561
5198 1.91707100609722136
5199 1.95078782859794742
5200 1.95973393201009083
5201 1.99591235651894072
5202 1.90394395073855804
5203 1.97623835742730458
5204 1.94054204955373177
5205 1.92674155143940795
5206 1.92873684547747226
5207 1.94888110655856805
5208 1.99335242732720164
5209 1.9439693129592277
5210 1.95625451450395604
5211 1.99564276982820665
5212 1.95182729937753607
5213 1.90658857707890617
5214 1.92960272083860329
5215 1.99037838602062833
5216 1.95678125924853696
5217 1.92820408427260226
5218 1.97823803040859914
5219 1.94396115390496149
5220 1.98882525390656717
5221 1.95133882489064048
5222 1.97011013020496906
5223 1.94206505485114889
5224 1.95736864504160746
5225 1.97816764951980506
5226 1.97898980918286593
5227 1.97984449101988247
5228 1.99234149253620862
5229 1.98856228371916344
5230 1.90919554358413013
5231 1.90961293594733506
5232 1.97902177134134161
5233 1.95232731647148139
5234 1.97222102110902964
5235 1.90621744567883944
5236 1.98923416154338017
5237 1.93305047994045665
5238 1.9339483648646898
5239 1.97420760050582
5240 1.9069061491594208
5241 1.94466199373106963
5242 1.9887689219288236
5243 1.98254253001708269
5244 1.94660226221137411
5245 1.9781496876414324
5246 1.95174757555959522
5247 1.98512140924683811
5248 1.97180819323456502
5249 1.98375797179790903
5250 1.93276353300554238
5251 1.93711697917919135
5252 1.9017413321070622
5253 1.9451194694169498
5254 1.95357157069489484
5255 1.95747686205009264
5256 1.91613315093689196
5257 1.95256618798919446
5258 1.93652744895743845
5259 1.94468469142209055
5260 1.92588243458906905
5261 1.91686554247778496
5262 1.96805443023434745
5263 1.94046248569773017
5264 1.96538109837232344
5265 1.99835160077063323
5266 1.94179345852324592
5267 1.97302190906753361
5268 1.99886912541887485
5269 1.95864165267230605
5270 1.95564207355515562
5271 1.9766853047697166
5272 1.97130449015251386
5273 1.9593164144741555
5274 1.92352195338786403
5275 1.9502528283773346
5276 1.99441212128372847
5277 1.99774190549430619
5278 1.9647972204263906
5279 1.93041144453650282
5280 1.94756792856270167
5281 1.92632006333206585
5282 1.99994413195521648
5283 1.92909571669657476
5284 1.90092052013564139
5285 1.95026978949764263
5286 1.90285658993015105
5287 1.9505563888230999
5288 1.91261540738832658
5289 1.98604289484870677
5290 1.9415395953415362
5291 1.99654228062200501
5292 1.92582377460615262
5293 1.97615462429756339
5294 1.90768735604692408
5295 1.90297345864735257
5296 1.98410055351663095
5297 1.91839596519107425
5298 1.98153173537540361
5299 1.95615427665430475
5300 1.94168658279153528
5301 1.94488401437645186
5302 1.93673381629958286
5303 1.93311037595057256
5304 1.98839049325796635
5305 1.96903194410960447
5306 1.93862859371505003
5307 1.98382665511536094
5308 1.98370360713188365
5309 1.90184375317734911
5310 1.96284167107390894
5311 1.92182532086096547
5312 1.93690077147791384
5313 1.99348958865317227
5314 1.98208645659814198
5315 1.97901808198933882
5316 1.94551927621877097
5317 1.93466775245148392
5318 1.96788517250493977
5319 1.91083911963672115
5320 1.99013202207024231
5321 1.9132116998523192
5322 1.93809380566887923
5323 1.98168698137488475
5324 1.9894439796970087
5325 1.91121680934892035
5326 1.93455806141937003
5327 1.99262274707170861
5328 1.96506362889702757
5329 1.9405741462655548
5330 1.9740046001933611
5331 1.97008923866959651
5332 1.96127909682757551
5333 1.9538927048871102
5334 1.98287055304009585
5335 1.9964361640367625
5336 1.98624351162087809
5337 1.94051918021775571
5338 1.98906316254962978
5339 1.95159146987393251
5340 1.96863595831378269
5341 1.98580578038461053
5342 1.92033083682992034
5343 1.91083933037927278
5344 1.96229523409110285
5345 1.96103567900354347
5346 1.92396286790794768
5347 1.95255310796136783
5348 1.94953955009421098
5349 1.98117767189980021
5350 1.90093722428401124
5351 1.968278966272621
5352 1.94899914223843829
5353 1.98706467038252677
5354 1.93410213746928683
5355 1.97818203897064016
5356 1.94004098024126037
5357 1.93707159606210388
5358 1.93236726103503753
5359 1.95449060725233981
5360 1.90113629835765585
5361 1.94613011388578783
5362 1.96868489239911537
5363 1.95157422773069533
5364 1.95569140664975638
5365 1.97657134232423481
5366 1.96795757246385028
5367 1.98211375876697793
5368 1.986503627466641
5369 1.92814319478422802
5370 1.95999657756767132
5371 1.97192147256251871
5372 1.98236724665405517
5373 1.9225498943514745
5374 1.90598170047138948
5375 1.94783062715830213
5376 1.93417624307392333
5377 1.92823757887414815
5378 1.94366310862175196
5379 1.97795799471296174
5380 1.9241145625797671
5381 1.95169242919387642
5382 1.90985479133838987
5383 1.96786396145530396
5384 1.93465899542133624
5385 1.95236474763958689
5386 1.93383201330248178
5387 1.96301388840833346
5388 1.90649825323186306
5389 1.94960536551486618
5390 1.95639839872335264
5391 1.93756476409773426
5392 1.98822171666886049
5393 1.90413625840672562
5394 1.99512792585394538
5395 1.91499122828475676
5396 1.99135396307500345
5397 1.99037805878000373
5398 1.91253214639697444
5399 1.98620452073341225
5400 1.96866037569887964
5401 1.95623954994011928
5402 1.95169151891274284
5403 1.91771024762852615
5404 1.9280270545000544
5405 1.99993206810877466
5406 1.98582543425918745
5407 1.95561540443385895
5408 1.97632738787356166
5409 1.92934915633392912
5410 1.97060399270316333
5411 1.95457658495948428
5412 1.92940589462991352
5413 1.96941210247276111
5414 1.90812659925595796
5415 1.96081747155062902
5416 1.93419251885465027
5417 1.99462355526716206
5418 1.95095670104587127
5419 1.91284554501312809
5420 1.98236131518969216
5421 1.91507647250873037
5422 1.90690854874102511
5423 1.93465834522736024
5424 1.94895520070541983
5425 1.9880812555029459
5426 1.9199784521327361
5427 1.93869528859573403
5428 1.93053695411762094
5429 1.98225970397811402
5430 1.98923008894400444
5431 1.9906179186172186
5432 1.97165517077717367
5433 1.95054694297897102
5434 1.96989613988333945
5435 1.97564958338981711
5436 1.99865441176183034
5437 1.97399557685175098
5438 1.91982590314986901
5439 1.91420729384988908
5440 1.90411591842607142
5441 1.93908175838079733
5442 1.92999619654289578
5443 1.92971328197122283
5444 1.91508969313005362
5445 1.93843880251077527
5446 1.99768330344652711
5447 1.9403277145326665
5448 1.96432541154195928
5449 1.9768543131354297
5450 1.93866104951904883
5451 1.98162546034125042
5452 1.98602927129540729
5453 1.98600903701841536
5454 1.92410548960641137
5455 1.90598421548568608
5456 1.96836480967080862
5457 1.97024845920924019
5458 1.90030437034982191
5459 1.95069931455991608
5460 1.98435125308979599
5461 1.92370028638003721
5462 1.94071682933562539
5463 1.99687662432094082
5464 1.99757234857667165
5465 1.95991073303411412
5466 1.90981297234629821
5467 1.94927402877994238
5468 1.91137598487850657
5469 1.92745911170410533
5470 1.96690788687347706
5471 1.94068891688418255
5472 1.90670156607338126
5473 1.98222769676324795
5474 1.98286323684648513
5475 1.91416238835695096
5476 1.90230555129256773
5477 1.9573634549978971
5478 1.97316818436274999
5479 1.97090745490613761
5480 1.90409311777772627
5481 1.91039329502798716
5482 1.98141695604784629
5483 1.97937935457498693
5484 1.96464278465131259
5485 1.96298626725999981
5486 1.93266626407741815
5487 1.90528702398681604
5488 1.97183502878243844
5489 1.9292371191524269
5490 1.98939086509207397
5491 1.96188628461878189
5492 1.9805623588707737
5493 1.9561821636121477
5494 1.94264965308001702
5495 1.96826542136387572
5496 1.9329413309002379
5497 1.97401924416138885
5498 1.96018005626202396
5499 1.97586581232427516
5500 1.99825466838886157
5501 1.94011504110351418
5502 1.94440847754588897
5503 1.96793722495357359
5504 1.96645778756432499
5505 1.98502698924459864
5506 1.95680872992903487
5507 1.95779711179346538
5508 1.96406381035806477
5509 1.90449030875436121
5510 1.96457117582691021
5511 1.95005543279510896
5512 1.92541081171942152
5513 1.99905721818175341
5514 1.94473332874434002
5515 1.95444623794069816
5516 1.99560744972437831
5517 1.98209442358034549
5518 1.9826949184901157
5519 1.95012689238916948
5520 1.93239272809145168
5521 1.94841874834761342
5522 1.98141877134776268
5523 1.97239909294925009
5524 1.97445385304251797
5525 1.98857056643494712
5526 1.94326456293840844
5527 1.92173766927977341
5528 1.9709694680380776
5529 1.91415828245123021
5530 1.95896433323217911
5531 1.92481897053285489
5532 1.98494809013377127
5533 1.9029639012143702
5534 1.90076797807738584
5535 1.91416847706706905
5536 1.96934025250913081
5537 1.92541241575214639
5538 1.94019806574102849
5539 1.93320519824339621
5540 1.9390294432313
5541 1.97168156905610115
5542 1.90396423740146226
5543 1.9514372331323131
5544 1.97997960953215024
5545 1.99604500138176122
5546 1.9838609075756124
5547 1.96862040367249058
5548 1.93149999018355545
5549 1.95605394839410884
5550 1.9323590255879004
5551 1.97355468811776413
5552 1.99741504020331884
5553 1.94572110747371974
5554 1.94369976846839987
5555 1.97036827620630373
5556 1.91405055330379081
5557 1.92397850070037535
5558 1.98649733829923925
5559 1.98527812958543959
5560 1.96846723285702674
5561 1.9767085313504078
5562 1.94864339062117176
5563 1.94307751321903921
5564 1.91735699011538219
5565 1.99864937221005179
5566 1.99220514284844885
5567 1.93201645705098413
5568 1.9871672505394633
5569 1.91714635119636601
5570 1.94062113402229919
5571 1.94381688474726122
5572 1.98296171186005665
5573 1.98939251924140281
5574 1.94053782281166787
5575 1.98983763805485614
5576 1.90244470694984535
5577 1.96358201819418809
5578 1.95066754656941566
5579 1.95120914467433093
5580 1.90578753834970582
5581 1.93715793682291704
5582 1.91130656906218976
5583 1.9439597295451152
5584 1.90945435866220503
5585 1.98249039061083487
5586 1.94348364241394633
5587 1.90591936467236289
5588 1.95114072642921199
5589 1.96526410903244475
5590 1.99438344079688235
5591 1.90488947770625616
5592 1.99434365527532598
5593 1.99933532054303376
5594 1.98712119399158116
5595 1.9730565164575915
5596 1.98001229301765824
5597 1.92181495763040799
5598 1.98513108535484073
5599 1.92483391362020528
5600 1.90866536082659022
5601 1.90506571519367607
5602 1.97614364772010376
5603 1.95757534470409134
5604 1.97585829255403755
5605 1.93645954489608974
5606 1.99947444241828221
5607 1.9407805524003634
5608 1.97092737073295377
5609 1.90637771380995091
5610 1.90600157866261521
5611 1.96491618774251386
5612 1.93431557382778152
5613 1.93086507042312405
5614 1.94412326952330528
5615 1.95999600790008799
5616 1.95558674475178362
5617 1.93739607223377752
5618 1.98131390165976051
5619 1.91385438436891819
5620 1.98408425762147012
5621 1.97563028981525379
5622 1.94696947280155697
5623 1.93261364158714066
5624 1.93593373483425069
5625 1.99742893411092814
5626 1.91560369520993268
5627 1.94198783002255326
5628 1.90742817575782819
5629 1.94353253923734082
5630 1.99541106341002439
5631 1.91504771279762909
5632 1.95641839317076416
5633 1.98214998161991485
5634 1.91493187479790117
5635 1.9377325191486956
5636 1.92577307998655489
5637 1.94568421111144985
5638 1.93667681083509646
5639 1.97947126946768326
5640 1.91625922854885733
5641 1.91846179952860285
5642 1.96500313511327129
5643 1.91322464367399903
5644 1.91258425444115443
5645 1.91607616184631624
5646 1.43885743717445003
5647 1.55508740543897628
5648 1.08170291086248049
5649 1.02429644161936495
5650 1.29897172900212388
5651 0.941180384888434807
5652 1.45956929007165304
5653 1.95120387771506887
5654 1.96741077515608453
5655 1.990800076120538
5656 1.9516873133746484
5657 1.92686074281962272
5658 1.95102877055708412
5659 1.91193116554100984
5660 1.90104149577768577
5661 1.90201431132782273
5662 1.9479697474650719
5663 1.94985529207658614
5664 1.93619671795338788
5665 1.99496635655230548
5666 1.94827222074583473
5667 1.9610986809727291
5668 1.92671656590901197
5669 1.94505686785478948
5670 1.94208668989791478
5671 1.92605836666700569
5672 1.92933153595873308
5673 1.96754586560965361
5674 1.9227142124773493
5675 1.94737307081517108
5676 1.93597457997445188
5677 1.92114334466266623
5678 1.91992878998296668
5679 1.92891753112923636
5680 1.96079278812433433
5681 1.91123700731469692
5682 1.92728303374127408
5683 1.96446326566319018
5684 1.93791289701475633
5685 1.99893953731466834
5686 1.93902498465446227
5687 1.9409063031422118
5688 1.96718067920529194
5689 1.943252240769753
5690 1.99633547221619012
5691 1.95986341931163799
5692 1.98093959901689631
5693 1.91163213838290535
5694 1.97355299139839713
5695 1.97024874363205416
5696 1.95561830641710244
5697 1.94268591109476785
5698 1.98762850779451505
5699 1.92857454581207621
5700 1.99593931778629408
5701 1.90137871119893154
5702 1.91350810079729916
5703 1.90578179902847533
5704 1.98218723979598965
5705 1.92768667501036117
5706 1.90035119607933334
5707 1.91969944743441645
5708 1.93809977311178705
5709 1.9938933765883109
5710 1.91119207273473757
5711 1.98956639892714926
5712 1.96046763114101386
5713 1.91513683746328001
5714 1.90690442206514454
5715 1.93851803161488134
5716 1.97825759317380956
5717 1.96170886657389665
5718 1.99145347931248229
5719 1.96354882368394179
5720 1.99508628577702529
5721 1.92153500539237632
5722 1.98656092721814215
5723 1.97229939546017086
5724 1.90194319361931341
5725 1.93791750212291158
5726 1.90629949109668417
5727 1.98005649460514865
5728 1.97046805738543784
5729 1.9572871901984914
5730 1.9114800215768708
5731 1.94284128074151874
5732 1.97426984928884575
5733 1.95969121722935746
5734 1.97159067986066661
5735 1.90831391414173712
5736 1.93706186123519308
5737 1.96232119081628276
5738 1.99983782788845743
5739 1.98763959622325559
5740 1.90248534796694235
5741 1.98686904361956529
5742 1.98635440983450784
5743 1.94426487538593262
5744 1.98397603393609567
5745 1.98036169800960526
5746 1.97291733233705391
5747 1.9531680909847533
5748 1.9959726249956975
5749 1.93760401516081049
5750 1.98241635672231342
5751 1.91252417026102028
5752 1.951903847784763
5753 1.99767947886091402
5754 1.94755124403067548
5755 1.90124669354851927
5756 1.96773728754467925
5757 1.99086214962453512
5758 1.90645069847504112
5759 1.96896889460663194
5760 1.93400582946803468
5761 1.95936988391187783
5762 1.95028512442733826
5763 1.93903212029005401
5764 1.97866593761273957
5765 1.92215539555056791
5766 1.99870232259502978
5767 1.9903294763051842
5768 1.92451627401538006
5769 1.96508491622244352
5770 1.90703149703266406
5771 1.93955950396663268
5772 1.93383091030483834
5773 1.9853658029435417
5774 1.99384539584728571
5775 1.91235845377400815
5776 1.98473335186665834
5777 1.92109676288043651
5778 1.96498571724504778
5779 1.9073037747429431
5780 1.95884514809976173
5781 1.97454025974846847
5782 1.91581915165582961
5783 1.9726515524367394
5784 1.99065309220239794
5785 1.97215151796481925
5786 1.90344884834643069
5787 1.92253723344959715
5788 1.97691807723176249
5789 1.95232128207173616
5790 1.94629821651367396
5791 1.98045345381616267
5792 1.99589649043143336
5793 1.97643581320211692
5794 1.91669667665952392
5795 1.93840649312207902
5796 1.91791597735835007
5797 1.96146252707437441
5798 1.90585645727225339
5799 1.98650247904642363
5800 1.91756450201610362
5801 1.94287260269158768
5802 1.99659703629781715
5803 1.92763894192201612
5804 1.91328667988441703
5805 1.90525338593100169
5806 1.98348033100154653
5807 1.99423277154611678
5808 1.93601165059782465
5809 1.9329840288422806
5810 1.95688660001229375
5811 1.90992537159999753
5812 1.94332642143415657
5813 1.97202738838886837
5814 1.96149892980647156
5815 1.9384027286817227
5816 1.93898186179545928
5817 1.9711683088346883
5818 1.94993017772248489
5819 1.92321924618341522
5820 1.90528682876880961
5821 1.98367257091698068
5822 1.96093169083469787
5823 1.94215906328625376
5824 1.9806335182054442
5825 1.96048714783212708
5826 1.92277526416085109
5827 1.98544580194899334
5828 1.97944845141761694
5829 1.9932313673447295
5830 1.95619102375584708
5831 1.9789684542479562
5832 1.9237124956203282
5833 1.9791858770758195
5834 1.97034936666919225
5835 1.98366696446559687
5836 1.99492318085640963
5837 1.97247914159605076
5838 1.93219331787455073
5839 1.94792972546752718
5840 1.95211048079355054
5841 1.96678841222372425
5842 1.92779071772974309
5843 1.98763813230942388
5844 1.9423061480508157
5845 1.94636177150858192
5846 1.96922666065697904
5847 1.93580321969519309
5848 1.93921261882031559
5849 1.94504572467382442
5850 1.90792271796744561
5851 1.91313869865166541
5852 1.9842275777366909
5853 1.95029873550041599
5854 1.93285057665873294
5855 1.98110967506579949
5856 1.9903185144718516
5857 1.90694717414803527
5858 1.924827773126917
5859 1.97159051361473336
5860 1.99929099945155664
5861 1.91673884263567884
5862 1.9580372830481434
5863 1.90251208016441331
5864 1.98720734267129129
5865 1.97176267613801426
5866 1.97639457100961802
5867 1.96650264531424757
5868 1.91999270991735682
5869 1.95199439825930887
5870 1.95325688148697907
5871 1.93447920932610673
5872 1.9316111711040127
5873 1.98709579092110444
5874 1.9029092922746853
5875 1.96152230637007396
5876 1.99262239685200759
5877 1.99207716987720418
5878 1.94769872269690758
5879 1.98474028203139286
5880 1.96407071833502767
5881 1.93196448808040122
5882 1.92304316785373919
5883 1.93495347844278975
5884 1.90539985617285978
5885 1.9813503605420868
5886 1.94442904802096983
5887 1.95636375108674065
5888 1.98607664231907854
5889 1.91419250334808799
5890 1.9939832373423203
5891 1.98856970657972987
5892 1.95579041579547486
5893 1.97373974599424784
5894 1.95915223860846477
5895 1.93085725539276609
5896 1.91101797895140901
5897 1.92067000681625299
5898 1.97096057737923069
5899 1.96397938074204648
5900 1.9108620436250161
5901 1.99698616487889025
5902 1.94616445549162309
5903 1.99409180605132774
5904 1.98203105529957968
5905 1.92159151807016015
5906 1.97516278034015924
5907 1.99343720896855325
5908 1.98789811192547194
5909 1.91334205275647595
5910 1.94836247051195266
5911 1.9878431456875747
5912 1.96097215248240175
5913 1.95864484253269433
5914 1.98796153357137473
5915 1.98298379825722249
5916 1.92900446749498733
5917 1.906139014748089
5918 1.91839595429233345
5919 1.90086188070216178
5920 1.90234288760864634
5921 1.94355360140064115
5922 1.94788725058757839
5923 1.91657209911454141
5924 1.95441851245128162
5925 1.93002489597107485
5926 1.99601985948684102
5927 1.98102732517209046
5928 1.98986160257393685
5929 1.97812283653870424
5930 1.98833281225057279
5931 1.98758182890634671
5932 1.91836440729424629
5933 1.91087030445580175
5934 1.99030336674423824
5935 1.91879559238252662
5936 1.95911304032089428
5937 1.99536491373687497
5938 1.9259715787649998
5939 1.91994847637683619
5940 1.90185060158314512
5941 1.92604195795905153
5942 1.96727371369767257
5943 1.93927783054032243
5944 1.97924175280545089
5945 1.96745616097934173
5946 1.90647288271188331
5947 1.99684379703326109
5948 1.98881440461871373
5949 1.97000098218039188
5950 1.97692387373374467
5951 1.96836762483257588
5952 1.93944482561734577
5953 1.91558570514748228
5954 1.92981701280804985
5955 1.93652460674883087
5956 1.90959082283723691
5957 1.99443980113710961
5958 1.98609832644060069
5959 1.93955125737565681
5960 1.91651619677642171
5961 1.91223623927043307
5962 1.91503155119604873
5963 1.96119658829270915
5964 1.91214509422715784
5965 1.97169647526538494
5966 1.95196632743236886
5967 1.90409358478748869
5968 1.99645279336824566
5969 1.97397094524371175
5970 1.95378899308996901
5971 1.91948184674252142
5972 1.96564116175962367
5973 1.90554739433988773
5974 1.91693037887593842
5975 1.98618720150638639
5976 1.92955085133121629
5977 1.95512407209596351
5978 1.95193990094997716
5979 1.97226695303236998
5980 1.98942430578579299
5981 1.97675006754168892
5982 1.96838873455279528
5983 1.94291952877627638
5984 1.99025217080317351
5985 1.99950299042755475
5986 1.93846248996064796
5987 1.98880367539617464
5988 1.97367929656469077
5989 1.98000184235647048
5990 1.91022933503464909
5991 1.96950359737425118
5992 1.98997760253457545
5993 1.93249209505171815
5994 1.97876801622466347
5995 1.97482929514125982
5996 1.95548933565131033
5997 1.92517711992318441
5998 1.98056211198626331
5999 1.96657870826742909
6000 1.96155357735548952
6001 1.98736553598641486
6002 1.91804638831511642
6003 1.95567095442694949
6004 1.95697919896167383
6005 1.98104016308143915
6006 1.93718055169043302
6007 1.90561646453128586
6008 1.99398266875740382
6009 1.93811762481589733
6010 1.97283002738423252
6011 1.92708453038557526
6012 1.91471823056207224
6013 1.90197958093075936
6014 1.93209875491443439
6015 1.91480051411784036
6016 1.99474607153755845
6017 1.96446606379887667
6018 1.98615973050323258
6019 1.93426293217162737
6020 1.96348268800814818
6021 1.91043429720445013
6022 1.90299034701393288
6023 1.99193907164528294
6024 1.96069593722735114
6025 1.92133569640578417
6026 1.94101468367753727
6027 1.93870218315051202
6028 1.99457200237824805
6029 1.91181779431122356
6030 1.97148305958705272
6031 1.93920415839400384
6032 1.99292913183485521
6033 1.95852102842810449
6034 1.97484824691807659
6035 1.93589044413252798
6036 1.92060149978521122
6037 1.90489469432302672
6038 1.95941069508290777
6039 1.91934824141306137
6040 1.99986981609939352
6041 1.94759345533679773
6042 1.94419270826970325
6043 1.94614044409640519
6044 1.96798174526557035
6045 1.94421408976130605
6046 1.91816699207276486
6047 1.93540822273999891
6048 1.96177086348090812
6049 1.95635157092338141
6050 1.90611267037774956
6051 1.98259226825571822
6052 1.9936112920238358
6053 1.99467358121655081
6054 1.93044784964512406
6055 1.90024172590270246
6056 1.90593890009218847
6057 1.94696290308186515
6058 1.91939887497568984
6059 1.96869264420191969
6060 1.92540200857666388
6061 1.94433510426420875
6062 1.97278365150783275
6063 1.90673267161260718
6064 1.9369854499657615
6065 1.93303838651505533
6066 1.95615703869721869
6067 1.96697750157540052
6068 1.92075649191256392
6069 1.91324793518614467
6070 1.9666708579733867
6071 1.91240498747295806
6072 1.97905650078421447
6073 1.9720321394147613
6074 1.94900938737137874
6075 1.92649237280101482
6076 1.92174026685864763
6077 1.92653461940088255
6078 1.9153080223539658
6079 1.98512682963465203
6080 1.92866074012819944
6081 1.93151436377162522
6082 1.9357185672438697
6083 1.97419860667038138
6084 1.97938073243913681
6085 1.96773027925479682
6086 1.9808992629806248
6087 1.95441616840544574
6088 1.97246967347138846
6089 1.93440752640054403
6090 1.95690474106028534
6091 1.92264670929806569
6092 1.90324945894453856
6093 1.96414638585721657
6094 1.92705383983300038
6095 1.95902602108648471
6096 1.95355495665230472
6097 1.96113437606351715
6098 1.97383021591273855
6099 1.91980273704432003
6100 1.90209294731357326
6101 1.93230076073377299
6102 1.98902216847922997
6103 1.92026038148233735
6104 1.97537432459555218
6105 1.98807221390342015
6106 1.96959085339030748
6107 1.98937844113417417
6108 1.93939813684576978
6109 1.9267852625718298
6110 1.93182618100093872
6111 1.96358706978675279
6112 1.95977258168395996
6113 1.9729725265816811
6114 1.98742417293784657
6115 1.96982353780710984
6116 1.95507509492525688
6117 1.97466395867787869
6118 1.99687291208489315
6119 1.93328793376879648
6120 1.91135228820258152
6121 1.936588225674442
6122 1.90809315584568862
6123 1.97007313398475836
6124 1.99648764877265616
6125 1.9903853304325454
6126 1.95996040784398806
6127 1.9433736093400038
6128 1.93434847851637381
6129 1.98827065198976083
6130 1.99032100945030943
6131 1.95810166396948326
6132 1.9875859162169689
6133 1.94853432641057833
6134 1.96177817708373903
6135 1.97113997834376531
6136 1.92529393968713913
6137 1.92665593434819837
6138 1.96907558481662437
6139 1.96155282413959497
6140 1.91730141366090123
6141 1.96211775100632546
6142 1.9980882793223893
6143 1.99488815373425044
6144 1.98926386610702322
6145 1.99694788173504789
6146 1.98256115525545429
6147 1.98261476392095504
6148 1.90143854980135285
6149 1.93144631618526375
6150 1.99244323083705877
6151 1.94388736826913111
6152 1.91679668366435929
6153 1.94307003703960013
6154 1.92242938220263415
6155 1.90366633636964622
6156 1.97770257155405083
6157 1.97392768328004786
6158 1.91060470628753198
6159 1.99195695113689752
6160 1.96537117589994459
6161 1.92917617511626815
6162 1.98455539759910904
6163 1.90489350974147631
6164 1.99004042210251497
6165 1.9459134953323407
6166 1.9463880936074518
6167 1.91141231074149687
6168 1.95505767239379535
6169 1.98464262650845114
6170 1.99725805810701806
6171 1.93726199339459271
6172 1.98759042107577466
6173 1.9789533780830848
6174 1.97168884621262919
6175 1.92882693652815052
6176 1.94486766549561652
6177 1.95168260742177635
6178 1.90587859869331822
6179 1.97814113467021624
6180 1.97250486117224622
6181 1.96991960000165345
6182 1.95636176049968613
6183 1.96282516916601035
6184 1.96562436465442669
6185 1.99399364565199955
6186 1.90694003930986122
6187 1.90461044208885188
6188 1.92574598406322006
6189 1.91694833767863626
6190 1.94730530003661384
6191 1.97010241402621533
6192 1.98475600498311455
6193 1.91465216787691817
6194 1.94029215292374602
6195 1.93997177165750689
6196 1.92338307300966171
6197 1.90827331809026868
6198 1.92901398815871228
6199 1.95550375295494172
6200 1.93141664601229079
6201 1.96903494617446051
6202 1.97958909408212347
6203 1.95928086638570909
6204 1.90808292000885937
6205 1.99315660895408797
6206 1.99111615612511228
6207 1.91647610765996856
6208 1.90918508645293383
6209 1.91465893169070767
6210 1.92065293179147112
6211 1.90469185498827853
6212 1.96698360986812903
6213 1.91241948282390761
6214 1.95851379968880734
6215 1.97830017142696102
6216 1.94051374364906914
6217 1.98656862263076173
6218 1.97548983110328891
6219 1.93345379949387608
6220 1.97099914189991887
6221 1.97793300430626506
6222 1.96223423071934899
6223 1.96618753017078252
6224 1.94590303223821892
6225 1.99352338185799827
6226 1.9548581986744189
6227 1.9209255600864994
6228 1.90846616878739206
6229 1.9888837751716717
6230 1.96768726274930317
6231 1.99790404809252986
6232 1.99515380721014957
6233 1.97778457515945605
6234 1.91241634591611898
6235 1.98190695480106704
6236 1.92879028605738689
6237 1.95275749109669228
6238 1.96580235308781259
6239 1.93615380097456558
6240 1.91442228011798998
6241 1.98182194271900713
6242 1.9339567314677768
6243 1.92712795543287441
6244 1.96362091621568147
6245 1.92229204508599527
6246 1.93084069649641177
6247 1.98988345997044513
6248 1.90550969691370709
6249 1.96024337471769416
6250 1.96664662156965386
6251 1.98218347164356845
6252 1.94141645547849184
6253 1.9911998803580635
6254 1.94611970929356004
6255 1.90351477864440888
6256 1.95928042787227041
6257 1.94118436527495164
6258 1.96277827994743093
6259 1.98210389367052287
6260 1.90638032204323205
6261 1.93871481231738141
6262 1.94134791181761268
6263 1.93357199032126559
6264 1.96258393549369381
6265 1.96874175943969298
6266 1.97160182054838473
6267 1.94041615355788055
6268 1.94488450713644712
6269 1.97861491140138401
6270 1.95842290640317773
6271 1.98496574073762733
6272 1.99643157761284118
6273 1.98865635792300033
6274 1.99144713132902518
6275 1.99881905086190037
6276 1.99573937855682226
6277 1.98507147512413318
6278 1.92947597330220533
6279 1.90635256701648648
6280 1.9949267682451679
6281 1.93128075520610776
6282 1.97081439761329902
6283 1.93128981047011594
6284 1.9786134430366773
6285 1.94390840913367557
6286 1.95737579550073537
6287 1.93101675038341103
6288 1.91418840698652692
6289 1.96997524402681834
6290 1.96969023526981135
6291 1.93166321002525265
6292 1.96070639688617132
6293 1.95246943224778446
6294 1.91045887448558571
6295 1.98476653757237775
6296 1.92535124103617106
6297 1.97846855029287938
6298 1.98895058067737907
6299 1.91594885463855058
6300 1.9751223967666014
6301 1.9774421254444019
6302 1.97426121749770922
6303 1.90328383146658919
6304 1.98133086812360215
6305 1.99419264633751192
6306 1.97910557609687787
6307 1.92206124604777528
6308 1.92493118649593176
6309 1.97440305903009161
6310 1.93012668211312133
6311 1.98170532313603154
6312 1.90175225649915558
6313 1.99270940711872457
6314 1.93701049982609441
6315 1.90186965978833999
6316 1.94318310978297459
6317 1.96397107214643873
6318 1.99919499693291791
6319 1.94800632516423411
6320 1.93555413819152888
6321 1.90298229621898929
6322 1.96940662504696928
6323 1.9002944892809206
6324 1.90624717223157902
6325 1.93732450973041259
6326 1.98025467506411923
6327 1.99070274494455735
6328 1.94655633510590942
6329 1.97581007028647382
6330 1.97585839495239246
6331 1.93043265901442762
6332 1.95017294839630839
6333 1.97956430616175405
6334 1.93112985459793429
6335 1.94625867115009665
6336 1.95227642337061713
6337 1.9899417108295856
6338 1.95226708331033838
6339 1.9706220165052506
6340 1.98051226016571924
6341 1.97853168939088664
6342 1.98669352159419166
6343 1.95374114499132379
6344 1.98674125057038653
6345 1.92656823799272958
6346 1.98105826172955868
6347 1.97719994483343231
6348 1.99681485019275762
6349 1.97052068635993649
6350 1.96457691256074596
6351 1.93854310751654757
6352 1.93600632303708275
6353 1.98629943679972953
6354 1.92719186422116784
6355 1.9767724758120635
6356 1.90695654018753902
6357 1.93033929461514919
6358 1.91505807659694849
6359 1.99949613872048371
6360 1.91232487582817035
6361 1.92053392051664229
6362 1.91797181583931819
6363 1.90313758384756526
6364 1.94034582743022366
6365 1.98867650560165066
6366 1.96112730471012497
6367 1.98011793454027973
6368 1.96619180122997994
6369 1.9025961680869059
6370 1.98275351531115418
6371 1.91968690833477074
6372 1.99297325641922707
6373 1.99941290474468825
6374 1.98200869715043204
6375 1.97552624607477778
6376 1.90143788212281573
6377 1.96119954366322702
6378 1.90636426872277487
6379 1.92642819846935565
6380 1.96526212595539396
6381 1.98322330126090174
6382 1.96226931779927938
6383 1.92897947363949518
6384 1.91166159936084346
6385 1.95660368388992656
6386 1.90243130259922055
6387 1.96132304821263492
6388 1.97662021560776058
6389 1.91189549897127198
6390 1.94402577101217244
6391 1.92890563475240184
6392 1.97938852473959837
6393 1.92562006509971217
6394 1.99658980647432283
6395 1.93182038739890483
6396 1.97128995199993651
6397 1.91835271704168764
6398 1.75958367067355415
6399 1.54539819447048687
6400 1.88032283828974478
6401 1.77899726535611125
6402 1.56630459087935958
6403 1.1828164925764364
6404 1.58510835682510054
6405 1.97960028508910724
6406 1.91050858828869141
6407 1.96455641506331302
6408 1.98716533535582007
6409 1.96922192961651366
6410 1.96759903067317587
6411 1.99626235132003749
6412 1.97803508141402484
6413 1.92219692181669588
6414 1.9832519965224702
6415 1.92972563911954476
6416 1.92845128207812899
6417 1.94794375833938815
6418 1.94041138348845998
6419 1.97158369978474135
6420 1.98717331872178171
6421 1.93032335746056982
6422 1.9470174413360275
6423 1.91845307303654811
6424 1.90349884636352473
6425 1.91757892973173649
6426 1.94052486804420643
6427 1.93490699224980656
6428 1.9295368697731945
6429 1.99103816036522274
6430 1.98552388458276008
6431 1.9315559098787205
6432 1.94127360141520056
6433 1.90458217473540903
6434 1.99329635243023273
6435 1.90910097553642544
6436 1.9165831521478347
6437 1.90413294809085731
6438 1.9526275537681248
6439 1.90279950948496102
6440 1.97702789693552239
6441 1.94992688314828322
6442 1.95680931278428716
6443 1.91600613568337574
6444 1.99403508596890844
6445 1.99191234712745402
6446 1.98751460237302435
6447 1.95558839695318132
6448 1.90266735160060274
6449 1.93824497695514575
6450 1.99514387839383356
6451 1.90480876648783259
6452 1.93349336105151526
6453 1.90341196646679567
6454 1.99390748816467278
6455 1.91465994312379029
6456 1.91129814154507516
6457 1.93378765269551778
6458 1.92775389226039384
6459 1.96995237381558042
6460 1.95960335867059077
6461 1.94968466349562064
6462 1.93834316260283268
6463 1.97350631626066519
6464 1.95568940140839898
6465 1.95741686544921811
6466 1.94874573773828419
6467 1.91244966086621049
6468 1.90377638487383294
6469 1.95720123568046422
6470 1.91973612955128381
6471 1.93329204802202659
6472 1.92322797484174668
6473 1.96086131608543179
6474 1.94017173500509332
6475 1.90883061065060256
6476 1.9729589162267358
6477 1.92186813264357692
6478 1.94283605308247731
6479 1.95267434731675182
6480 1.98313831723067713
6481 1.91928507945999827
6482 1.98931546424351668
6483 1.96650040743583032
6484 1.92116737835754448
6485 1.98218569564419878
6486 1.90282445443699033
6487 1.97353234240485431
6488 1.96269218298328862
6489 1.94002628279538425
6490 1.95203953993904999
6491 1.99418511222290684
6492 1.96313358199193444
6493 1.92901366609986225
6494 1.99891888103270787
6495 1.92286497465405515
6496 1.96475816654264879
6497 1.92600021350414363
6498 1.97066429258063458
6499 1.96987200879593272
6500 1.92427546721206189
6501 1.95098162480327519
6502 1.90139931496561654
6503 1.95430895255306636
6504 1.93041835775306314
6505 1.994532007078748
6506 1.97074425703098322
6507 1.90081532513036011
6508 1.93331668284218261
6509 1.91077143160930873
6510 1.97584099311380346
6511 1.99561409681319257
6512 1.93520162122921713
6513 1.94333794733368714
6514 1.97925135882586067
6515 1.95859403641874619
6516 1.92509861704395679
6517 1.92285449281864285
6518 1.99786817720399701
6519 1.90423194995975331
6520 1.95637849265795438
6521 1.9758116315566816
6522 1.93043096841977024
6523 1.98677158206623683
6524 1.96293750315816373
6525 1.94633695210418911
6526 1.95055952701193624
6527 1.98748090142272527
6528 1.94133412025800434
6529 1.98482450360737106
6530 1.93459113755653944
6531 1.99506186915788097
6532 1.91450942072961716
6533 1.91288659240622216
6534 1.91098519775797282
6535 1.95755019519919582
6536 1.94332772854487446
6537 1.98790680555664068
6538 1.90039048866382498
6539 1.98660218601558425
6540 1.99225570426485765
6541 1.96393930193606958
6542 1.98426092836903822
6543 1.95006019039317069
6544 1.93858659260184418
6545 1.94716373190089653
6546 1.90262295720141839
6547 1.96565081511824191
6548 1.94621743163441674
6549 1.99187895193866926
6550 1.97388557439181467
6551 1.92530585869676574
6552 1.90085356619867785
6553 1.95850742882280748
6554 1.9872416121213361
6555 1.98149931422861014
6556 1.93276722168820347
6557 1.9371212101820956
6558 1.95927146795844442
6559 1.97756182253923596
6560 1.94200073759413594
6561 1.98579169867078154
6562 1.95933004284712409
6563 1.99076380162758704
6564 1.94069002784509648
6565 1.90950188060777837
6566 1.9366177614794946
6567 1.94322885122350297
6568 1.94505517275005912
6569 1.9110755915829265
6570 1.95056045719117366
6571 1.9887181767798976
6572 1.98685823056179833
6573 1.93388898216907612
6574 1.93632174446520766
6575 1.92585674600254575
6576 1.99882278674434199
6577 1.9357816636036167
6578 1.95785329932168728
6579 1.92908692459686737
6580 1.94012327398946915
6581 1.96445807144228812
6582 1.92839890882125142
6583 1.90613463242926251
6584 1.90492265069309119
6585 1.91825575208887633
6586 1.91041973444905522
6587 1.9382538008573007
6588 1.94239411776980586
6589 1.90792889728174342
6590 1.99179201769717884
6591 1.96433044043409022
6592 1.97627643134233089
6593 1.98707550601982685
6594 1.98845143875809982
6595 1.91604441035412365
6596 1.99933180809689781
6597 1.96866637358771079
6598 1.96621925381186502
6599 1.93075162930925393
6600 1.99294210306473007
6601 1.93955301021983861
6602 1.92197574528404758
6603 1.91698378407705095
6604 1.94953730910402556
6605 1.96590648592943462
6606 1.96767475960770444
6607 1.91061871614088497
6608 1.92851020950464203
6609 1.99323467543178157
6610 1.91463051491096037
6611 1.93040195060647979
6612 1.95271060191656431
6613 1.91930411935560929
6614 1.98966127613820265
6615 1.96329538295390083
6616 1.9103702209780109
6617 1.99744821817735274
6618 1.92382805503983412
6619 1.96532498225479624
6620 1.98268400981935145
6621 1.93417133938503305
6622 1.90682243593225786
6623 1.93974341928108029
6624 1.94051472459812735
6625 1.92173142422018195
6626 1.90629343347602331
6627 1.92675299298039104
6628 1.95135323860800147
6629 1.93009236898435566
6630 1.98067975138373265
6631 1.95309691787012563
6632 1.92281680636794938
6633 1.97649538793730639
6634 1.91301450288258579
6635 1.91502540663303611
6636 1.91281131944946226
6637 1.94561753011811334
6638 1.91726434437209226
6639 1.93224064172506216
6640 1.98509368868610081
6641 1.92675236000698979
6642 1.92863463985328232
6643 1.94565464904663288
6644 1.97542791265806805
6645 1.90142135970296655
6646 1.9159940236166384
6647 1.90079966447823301
6648 1.99686708944075386
6649 1.93208305585341766
6650 1.92924410637812604
6651 1.94179658935106869
6652 1.95473124524802788
6653 1.92851639036241718
6654 1.91208985686229416
6655 1.97220889895280771
6656 1.90288745629556177
6657 1.97546334019792558
6658 1.99686649480647493
6659 1.93436801921532031
6660 1.97630465273530431
6661 1.9589253839845675
6662 1.93818483037598677
6663 1.96799444976160709
6664 1.96147303803251605
6665 1.93067422515827758
6666 1.93901855118646216
6667 1.96574033737928633
6668 1.97682154528399989
6669 1.93051400897626246
6670 1.98412798602110718
6671 1.96875759347332902
6672 1.94385645127729534
6673 1.9586740169875938
6674 1.9932020526064107
6675 1.98239867045501272
6676 1.9270214730270887
6677 1.90960530080309887
6678 1.99019267017466261
6679 1.98995700715253299
6680 1.9945852843481171
6681 1.96761148313619283
6682 1.99265381087480775
6683 1.93719551780653276
6684 1.96813589243443876
6685 1.91318736830428482
6686 1.929731223860502
6687 1.94582712539233738
6688 1.95475429510459575
6689 1.94646415270874096
6690 1.93968404231694258
6691 1.95078709816019402
6692 1.93706497406806233
6693 1.94746502405832245
6694 1.9358078109781669
6695 1.95876308868842908
6696 1.91590780597654819
6697 1.96206009144752813
6698 1.94374983337835561
6699 1.96538977054839892
6700 1.90035040123731513
6701 1.98620323542869626
6702 1.92584940397619686
6703 1.94610862811568741
6704 1.99434913335456776
6705 1.90521473208370584
6706 1.94589397114393026
6707 1.98765688734399437
6708 1.98363513533425428
6709 1.97772326906013007
6710 1.99017578606233658
6711 1.95461186185043001
6712 1.93437916194669901
6713 1.99134384319095714
6714 1.97376361813604073
6715 1.93975538672600711
6716 1.93720795539679491
6717 1.91993479169985082
6718 1.98346948800513379
6719 1.99114528677751546
6720 1.94739462734452817
6721 1.91086839615049198
6722 1.90800292141807315
6723 1.97683701168485282
6724 1.93227258534807089
6725 1.91992628433575385
6726 1.95605787021694089
6727 1.99390894538472385
6728 1.9345041012888593
6729 1.94322502863955116
6730 1.9665750317080557
6731 1.98278401491776202
6732 1.91704758369913986
6733 1.987572473202315
6734 1.99578149475709377
6735 1.94883759683150148
6736 1.90669798869747087
6737 1.99961973194722442
6738 1.99999311689734638
6739 1.93591274279284353
6740 1.98951420579799443
6741 1.9072683262411303
6742 1.98997979887395604
6743 1.99156769577491088
6744 1.92337273277862142
6745 1.91383863410446708
6746 1.97765112534571563
6747 1.90663945395193002
6748 1.97961037380531413
6749 1.92037040866503572
6750 1.928383784388227
6751 1.99158930441808169
6752 1.98486431790040463
6753 1.99419355012687194
6754 1.93542302219804219
6755 1.95241044310943246
6756 1.96638165017080291
6757 1.92402066325903598
6758 1.99073688042667074
6759 1.90027642819462628
6760 1.99571916361810797
6761 1.93674613815156782
6762 1.95251192852959488
6763 1.94834338684293429
6764 1.91045546571798708
6765 1.96410553465593973
6766 1.93873084524658457
6767 1.93221595010012615
6768 1.92497824309330534
6769 1.91426727847279388
6770 1.97020149898323238
6771 1.95863340588729828
6772 1.98623969697683789
6773 1.98068468869169223
6774 1.98868874576323695
6775 1.98393055127099194
6776 1.99778356155148029
6777 1.95887114674203766
6778 1.91263716749831025
6779 1.96331745903624144
6780 1.92741231520814393
6781 1.94540717171494748
6782 1.99424955563206496
6783 1.9116100931715192
6784 1.9835197063513561
6785 1.94885440606315141
6786 1.97247219082622971
6787 1.95018640313187563
6788 1.92640736978085547
6789 1.96538550107039001
6790 1.99269189599846919
6791 1.92179581739948846
6792 1.98309325611348752
6793 1.90380437351083076
6794 1.98258548411805768
6795 1.99855126232206692
6796 1.95771420391188578
6797 1.93902261093529948
6798 1.9031693830182832
6799 1.95612922533817657
6800 1.92384335446628585
6801 1.99466545853955401
6802 1.98858417107649799
6803 1.95645032089894721
6804 1.9244393444899548
6805 1.9327243219557293
6806 1.91987359999120599
6807 1.90944396123802695
6808 1.98858218321904534
6809 1.90620380441579251
6810 1.95567016555855133
6811 1.96816811950839488
6812 1.91043233796308298
6813 1.9922461577510624
6814 1.90461953402917494
6815 1.96028567723127489
6816 1.99391344872103127
6817 1.92026518393718448
6818 1.98307475640721886
6819 1.92653312758178585
6820 1.9982673082792155
6821 1.99943701569634169
6822 1.93595027366759109
6823 1.96213893902784764
6824 1.91816946073432293
6825 1.90173166241123792
6826 1.94587408049890742
6827 1.97134662951309125
6828 1.98911465498569506
6829 1.99303240127150838
6830 1.93243517149420052
6831 1.9705912190278696
6832 1.91777010387457203
6833 1.91979921721123348
6834 1.98800113906801124
6835 1.90949878214722246
6836 1.91969506590513683
6837 1.96464995642973128
6838 1.95939027190234261
6839 1.91307131945695064
6840 1.99244167610973522
6841 1.9947128612599283
6842 1.93847320412768842
6843 1.95396310822814745
6844 1.92039973785870921
6845 1.91492607246812652
6846 1.90667659564749403
6847 1.92841199327316937
6848 1.90653712962992361
6849 1.98090710023895111
6850 1.9060069976828351
6851 1.93873221580763255
6852 1.91285804560430561
6853 1.94883213958657664
6854 1.95390716721241042
6855 1.90238140908104869
6856 1.92546093053722478
6857 1.92134514492456931
6858 1.9789281152415279
6859 1.9683035581744126
6860 1.90700195160296793
6861 1.92403124797055147
6862 1.95202046989854661
6863 1.99373548019138069
6864 1.9188384124979081
6865 1.92640588960518966
6866 1.99961676377744979
6867 1.94439410708005656
6868 1.95445550610029017
6869 1.95959714400236695
6870 1.90289842454523939
6871 1.97666230924316166
6872 1.90667260584779252
6873 1.91291131828736716
6874 1.93564617332540645
6875 1.96187861826381416
6876 1.93146544709795132
6877 1.90778711685446312
6878 1.93457411549273006
6879 1.99612007273847869
6880 1.98634982141880845
6881 1.97855751897086063
6882 1.96134415487663216
6883 1.90978125000868304
6884 1.96201108970847682
6885 1.99093609982643582
6886 1.99851969488278103
6887 1.901363144510263
6888 1.98112276935906118
6889 1.96000736911841744
6890 1.92501761789719761
6891 1.93612522121226482
6892 1.93283322742758057
6893 1.94936753188162792
6894 1.99900380743459327
6895 1.95693989668039214
6896 1.96599961174776605
6897 1.39089482528376829
6898 1.87095550330920402
6899 1.6191936931899773
6900 1.21484087610113711
6901 1.68674417379512631
6902 1.95292578670808537
6903 1.65212986628534919
6904 1.94762172637815789
6905 1.97817032781510016
6906 1.91808236247411368
6907 1.9822625011137065
6908 1.91702376322419976
6909 1.94225374460258626
6910 1.98992753977830183
6911 1.98532497372300809
6912 1.94877845430589236
6913 1.9483360791563753
6914 1.97057641685200857
6915 1.99924585612219552
6916 1.97829779878080592
6917 1.97341516263327854
6918 1.93978451945955133
6919 1.92402159947889495
6920 1.99014738973678917
6921 1.91626286860187278
6922 1.96905022652488393
6923 1.99296959082187075
6924 1.96109087514273317
6925 1.95515484302179621
6926 1.9967536564366497
6927 1.93652822567154614
6928 1.96613579226919888
6929 1.97204209682384501
6930 1.93060568093948848
6931 1.97971760321464396
6932 1.92121405458768146
6933 1.99023815876079024
6934 1.92146161812855665
6935 1.95206211898665671
6936 1.99747279572836289
6937 1.9480934568692716
6938 1.97544371796721774
6939 1.90106395363439962
6940 1.95482086734783977
6941 1.981957277970257
6942 1.93227605528786883
6943 1.95477935794109392
6944 1.91877831991865389
6945 1.98242980019732729
6946 1.98958352963771468
6947 1.90456196922047494
6948 1.91536025668027676
6949 1.92617303105867865
6950 1.95519365879421714
6951 1.90583283288268612
6952 1.97399257846993503
6953 1.95309224098497158
6954 1.98372970346906552
6955 1.93962548737336427
6956 1.93016133420976166
6957 1.98345132964096194
6958 1.92519958921415757
6959 1.98981766104197222
6960 1.96576122969212785
6961 1.94262453638328147
6962 1.92738400616257866
6963 1.99810435115654306
6964 1.94891466722218532
6965 1.93740383225515389
6966 1.95870666097001966
6967 1.92203357959923515
6968 1.95226121368489047
6969 1.9568059912901743
6970 1.95792704340962986
6971 1.93423729622896756
6972 1.92191462909803112
6973 1.9253516804295272
6974 1.94604288455363572
6975 1.92918344618775572
6976 1.93029409652220929
6977 1.92169903027267619
6978 1.90160867515748189
6979 1.97012297925274105
6980 1.93919355629823209
6981 1.90858077221520483
6982 1.99124291513607665
6983 1.92190545308987981
6984 1.90239877079066533
6985 1.93196144572981909
6986 1.90279168806394861
6987 1.96029317146908366
6988 1.95875891954439929
6989 1.92029872993657014
6990 1.92234373050636465
6991 1.91484067815390135
6992 1.92909803744074937
6993 1.96916905599731518
6994 1.98753167822836985
6995 1.9155421034442448
6996 1.92454957745573751
6997 1.99509155907701508
6998 1.97421295362672411
6999 1.90302859747248099
7000 1.92095980383238762
7001 1.91449504283433591
7002 1.90240480934038292
7003 1.93748469989239469
7004 1.93223500481378951
7005 1.93161502957244235
7006 1.90424398130654149
7007 1.98280336159688897
7008 1.90355648636264241
7009 1.96970596841578982
7010 1.94355588263351287
7011 1.99801090778791557
7012 1.91862104147408119
7013 1.91478986631174464
7014 1.98780398371471634
7015 1.95428852027462918
7016 1.9548843077823661
7017 1.95392909827325756
7018 1.95271719388413612
7019 1.97558097062330718
7020 1.95772068126497345
7021 1.91802265327265808
7022 1.99170818530164229
7023 1.94865114095179592
7024 1.98423290458346568
7025 1.97268011301418511
7026 1.97538285632706145
7027 1.9466800023389581
7028 1.99240795078042643
7029 1.92802345197300173
7030 1.99380687640090537
7031 1.95993374407504373
7032 1.91281601842083182
7033 1.97792988337203823
7034 1.92152259660674862
7035 1.95291153539912532
7036 1.92655241735909066
7037 1.90432834706730936
7038 1.99890843235673765
7039 1.90312148070744813
7040 1.92684892103661354
7041 1.94837119156898475
7042 1.99425426507084524
7043 1.95101857024057201
7044 1.91695775524108014
7045 1.98025203276808859
7046 1.99948901970873716
7047 1.97806255553384491
7048 1.91855618308591103
7049 1.95518047409574947
7050 1.96602592391486342
7051 1.99266826723644686
7052 1.97830233206814099
7053 1.96535366438939718
7054 1.95165678971939704
7055 1.95408876931505837
7056 1.91000066564329241
7057 1.94034105354384234
7058 1.9936513661873263
7059 1.94373148703389109
7060 1.94656082318112222
7061 1.90672990482564364
7062 1.9140027826410293
7063 1.92833347732430993
7064 1.92411600586639642
7065 1.91087830739657738
7066 1.99662329456588794
7067 1.97828678253464174
7068 1.97217269510345683
7069 1.97388680131734828
7070 1.96514572034240942
7071 1.99110584426600989
7072 1.97817572913780149
7073 1.94986559152859584
7074 1.96584219054816001
7075 1.94335910785377664
7076 1.91148806571925389
7077 1.9682155485724897
7078 1.98282185738252137
7079 1.90087214006440774
7080 1.97318835481383292
7081 1.97578366344077772
7082 1.94461270133176023
7083 1.95628154462885617
7084 1.92028232563640922
7085 1.95568168971196177
7086 1.96877293981585733
7087 1.9798994533362404
7088 1.92825700342719175
7089 1.90206585188463673
7090 1.95179180025358612
7091 1.93864512376414733
7092 1.94779726936616293
7093 1.90827904332071463
7094 1.93097832457157592
7095 1.94941455041803779
7096 1.90202652588867815
7097 1.91697477906504909
7098 1.953809041216924
7099 1.97128401772866768
7100 1.96136183795514984
7101 1.97319576357043069
7102 1.90933797159372065
7103 1.90180081630697972
7104 1.9492665023361524
7105 1.91037510929001608
7106 1.96202864222450946
7107 1.99234124025954529
7108 1.97920008787783486
7109 1.95025517270710824
7110 1.99254022722998858
7111 1.93330480005198524
7112 1.97683324303266184
7113 1.93122287860160169
7114 1.99331436326846401
7115 1.9167137519465276
7116 1.98192179497412724
7117 1.9846108228066639
7118 1.92909026767523772
7119 1.92279755866567426
7120 1.94797845240452805
7121 1.98389800904306002
7122 1.91545329281742327
7123 1.9159936300904874
7124 1.94111064962180135
7125 1.91342702350440552
7126 1.97050283161484119
7127 1.99709153959400587
7128 1.90978940318296186
7129 1.96018708407980147
7130 1.93692526913563734
7131 1.9485674555213488
7132 1.97552689303751405
7133 1.95768046001136309
7134 1.91056887938402342
7135 1.98032458330845906
7136 1.99932523217134706
7137 1.96960237463786259
7138 1.99684481607619113
7139 1.94318526374903056
7140 1.98146693619401493
7141 1.99887378404941973
7142 1.98352991058011363
7143 1.96545878321067979
7144 1.94201031739033247
7145 1.98815188949585697
7146 1.91898057611829342
7147 1.93825351841943383
7148 1.96370013295810564
7149 1.95479241070470877
7150 1.99674064290001008
7151 1.95435918136174824
7152 1.93933249237732719
7153 1.9789050119396363
7154 1.94638386119815476
7155 1.97199490926946419
7156 1.91655288157957626
7157 1.96686858986351365
7158 1.99255335294282698
7159 1.99537163503455384
7160 1.95708031646961622
7161 1.94755453714333004
7162 1.90386819734682988
7163 1.99976018993199767
7164 1.9929090457181291
7165 1.90716413619321457
7166 1.96571848589887654
7167 1.99506877550155348
7168 1.97648767506602918
7169 1.99612177291628812
7170 1.95827435130085759
7171 1.91710928959147298
7172 1.92641655585576066
7173 1.90013090430607368
7174 1.97710943080635682
7175 1.9449433839070851
7176 1.98463026695460987
7177 1.99211947924573973
7178 1.96357435644421674
7179 1.95836324351657187
7180 1.9561646705587159
7181 1.93041732456937787
7182 1.94546998173257357
7183 1.92938668436154104
7184 1.92742760669909274
7185 1.98053493648815016
7186 1.92687881504403191
7187 1.92071531809362739
7188 1.98929701236745515
7189 1.90060271185416196
7190 1.96445129102607341
7191 1.93074624141532381
7192 1.95634871856624226
7193 1.9143862657151749
7194 1.92507561043894637
7195 1.94018193405054307
7196 1.94248934879568802
7197 1.90402738101794666
7198 1.96527824914882498
7199 1.94504300814036513
7200 1.96458030685595819
7201 1.9436401122557514
7202 1.98328508038825913
7203 1.91947347398930135
7204 1.90117767447243624
7205 1.96286490061352747
7206 1.93633468584408019
7207 1.96576880433860213
7208 1.94073455541593254
7209 1.95256875705507738
7210 1.93557333856876101
7211 1.98680281956243743
7212 1.94019847612678809
7213 1.96314084237498565
7214 1.97515356678867127
7215 1.91439795746519659
7216 1.97622545990460363
7217 1.95719845683216054
7218 1.93624862504957762
7219 1.90850122993837257
7220 1.99687365435380615
7221 1.98717142443116623
7222 1.93919339089143405
7223 1.95119430938407179
7224 1.99964998643641145
7225 1.90443873324546753
7226 1.92574024988159764
7227 1.97775474060728174
7228 1.93187372362158438
7229 1.94730679099072512
7230 1.96990849624996556
7231 1.96293263752613356
7232 1.96280235663573066
7233 1.94911184820869043
7234 1.90361229701991319
7235 1.9026824771145272
7236 1.98735715095216836
7237 1.92276822364257938
7238 1.96287884546257008
7239 1.95073882971661106
7240 1.91870946308134593
7241 1.9520522373036624
7242 1.92793350977290623
7243 1.97864287604754652
7244 1.94025116467842418
7245 1.91948805378434018
7246 1.90022373890840846
7247 1.95773471716438618
7248 1.96583703014017264
7249 1.90836970117893623
7250 1.91171238642197872
7251 1.9076523421370486
7252 1.90589772396975388
7253 1.96944669335651601
7254 1.98762208148144581
7255 1.96249595143131961
7256 1.91687142634925589
7257 1.92874276934501365
7258 1.92693365112931669
7259 1.9798107644711076
7260 1.99213011491014136
7261 1.90204954534369208
7262 1.91417277040975309
7263 1.96586504194815914
7264 1.94787219273055556
7265 1.99638047701643795
7266 1.92990272970564902
7267 1.97666914964509122
7268 1.98339270558677594
7269 1.92633517434068224
7270 1.98135706179481241
7271 1.91540824808151711
7272 1.94234939376998073
7273 1.99061655856462405
7274 1.94185657987508908
7275 1.99184433089567725
7276 1.93814117511982875
7277 1.94611188638431432
7278 1.96875082338611596
7279 1.98923951064239413
7280 1.94142080992519594
7281 1.92673770631122987
7282 1.98929201024446067
7283 1.90062368996635112
7284 1.97768499592476199
7285 1.98523876224469786
7286 1.92761207409394619
7287 1.97928415943970548
7288 1.10110882853280678
7289 1.31569876058159352
7290 1.32465987965975818
7291 1.3587157459171566
7292 1.11218966713178902
7293 1.43166048724996764
7294 1.83407683303511471
7295 1.5848787179208097
7296 0.990827166047128394
7297 1.96732651944159564
7298 1.91118181997354375
7299 1.9000141807356814
7300 1.96688851657761643
7301 1.9245218880349817
7302 1.9973038214335288
7303 1.93000254843541463
7304 1.98759074182507911
7305 1.97268780662369814
7306 1.96411187751577088
7307 1.98882848351248653
7308 1.9038343317017139
7309 1.90689307935101571
7310 1.98767625522141955
7311 1.92684048551215281
7312 1.90033406966942331
7313 1.98337018725353542
7314 1.91950309418623344
7315 1.98241033935759936
7316 1.94459148365379941
7317 1.97263970891277829
7318 1.98004621272297143
7319 1.97720440875103387
7320 1.90526401948757829
7321 1.96990895260496557
7322 1.94676417196447815
7323 1.92480088759956813
7324 1.92761912121963719
7325 1.91914096287874902
7326 1.90362028322873233
7327 1.91781330364668379
7328 1.9064646207044007
7329 1.92180030864915974
7330 1.93716033735694326
7331 1.94555461039040734
7332 1.98779794290438772
7333 1.96026192987869874
7334 1.92928591417636031
7335 1.96519717755005363
7336 1.92831714023164857
7337 1.99593868755877257
7338 1.99778168656069677
7339 1.9592986286138383
7340 1.98073262338790768
7341 1.96205080691892775
7342 1.91516513387720644
7343 1.94545397920400376
7344 1.99073833480441387
7345 1.94766289130956083
7346 1.98851812113304693
7347 1.96831386887711068
7348 1.9085141225950828
7349 1.92503818768189072
7350 1.93967234981778835
7351 1.95751364828858665
7352 1.9929908632301907
7353 1.92177047872242168
7354 1.93823432202032775
7355 1.92383601655397629
7356 1.99843490633980969
7357 1.91302288591335357
7358 1.96979175879831603
7359 1.95166828327637143
7360 1.92116168052644509
7361 1.90141303590665123
7362 1.98198786745196642
7363 1.94952024837854809
7364 1.99307004586176029
7365 1.93849134998879591
7366 1.94186667087504872
7367 1.95787530631152551
7368 1.97225345172956179
7369 1.95036587120537575
7370 1.90635697095420586
7371 1.99851797258149899
7372 1.90719683198653311
7373 1.95045079683157407
7374 1.90359464381295673
7375 1.97475220921750605
7376 1.94968107005140956
7377 1.97935592869729948
7378 1.96386725520392136
7379 1.95072750014446106
7380 1.96035129675373443
7381 1.9683752572545854
7382 1.98234133585634154
7383 1.9579437118670544
7384 1.90559961943917355
7385 1.981518515913548
7386 1.99212248903002864
7387 1.90568599813787531
7388 1.91639094746266414
7389 1.98777915878039457
7390 1.90205423979243915
7391 1.90289987293546314
7392 1.97902774121764602
7393 1.985768812492966
7394 1.99912987613523296
7395 1.90333400550710974
7396 1.92304329208513303
7397 1.93151050676438185
7398 1.93593085460450198
7399 1.97658397901911642
7400 1.93942501682437252
7401 1.95665573289412076
7402 1.92642721693189101
7403 1.91314540761284202
7404 1.98808647491696622
7405 1.92425473815741421
7406 1.96846836886922349
7407 1.93804550840320533
7408 1.92492812583410711
7409 1.94700744864197639
7410 1.96066786452201036
7411 1.98429106049782877
7412 1.96903354206133141
7413 1.92707028374783373
7414 1.99882274433298357
7415 1.92259684919006935
7416 1.91498377563384725
7417 1.97929412697335416
7418 1.90891001414140637
7419 1.98453094700929267
7420 1.98172580281715494
7421 1.98078773974339817
7422 1.93771001849133184
7423 1.98901046452946262
7424 1.91700728329340242
7425 1.95333023698024366
7426 1.93381843991033375
7427 1.91405369581623819
7428 1.92695238728335605
7429 1.95663428582420762
7430 1.9480805373349328
7431 1.98548056830925979
7432 1.93706515495717113
7433 1.92929547146435554
7434 1.90258844974922448
7435 1.99075949254677509
7436 1.99456843173960929
7437 1.90591152319295376
7438 1.91425779625404568
7439 1.97789258983168348
7440 1.95181731288367155
7441 1.93570537054894576
7442 1.99813079157685136
7443 1.94954654257649529
7444 1.99920068355984037
7445 1.90231111542705267
7446 1.98886650501666562
7447 1.95921456263575089
7448 1.91645214021344934
7449 1.98076300870415212
7450 1.90293445498583802
7451 1.92357801689341379
7452 1.98809146368479683
7453 1.99584206393470631
7454 1.99920811267583076
7455 1.97847667345093714
7456 1.99765595110857408
7457 1.93860040418249779
7458 1.91594522304034309
7459 1.94823642169271438
7460 1.90989106809633591
7461 1.97680414388275594
7462 1.97512778242827625
7463 1.90130591724498865
7464 1.97670689775712272
7465 1.98037117569578225
7466 1.9316322055715931
7467 1.94947178613678984
7468 1.92347924122646852
7469 1.9575168107840164
7470 1.9162742089667959
7471 1.90023304776660851
7472 1.95203619993487321
7473 1.92454857895258713
7474 1.92536608885219374
7475 1.98497531382146342
7476 1.99750864458671851
7477 1.94377787528506185
7478 1.99072065219725003
7479 1.98782868060612894
7480 1.98552490571395257
7481 1.95594240695918042
7482 1.96611271025549916
7483 1.97471961745264957
7484 1.95344518888655738
7485 1.92868817179388019
7486 1.98474681616850579
7487 1.75321868739946995
7488 0.964965346770875865
7489 0.998704430247175701
7490 1.91329866544405935
7491 1.29951600957909053
7492 1.62014129308787824
7493 0.967253315929063495
7494 1.99480187356287653
7495 1.96170453746441353
7496 1.95345103469276204
7497 1.94722135116338535
7498 1.94823718552042857
7499 1.99857729816093221
7500 1.98390711484752269
7501 1.91548322690064032
7502 1.92769901432326374
7503 1.92151044131468551
7504 1.98943587258888965
7505 1.92177110687985242
7506 1.922300897149406
7507 1.92410061391096687
7508 1.960901227488278
7509 1.96976796244418395
7510 1.97957717710976122
7511 1.99921406404518143
7512 1.91366241951544769
7513 1.95633800262269775
7514 1.91724311744637821
7515 1.98137618820064132
7516 1.99263534964717981
7517 1.99529517992337002
7518 1.91328242417794914
7519 1.91489256699961374
7520 1.95211278015821987
7521 1.94668288685896651
7522 1.99046084841328441
7523 1.97109360419063551
7524 1.9044443675610212
7525 1.94424283112654672
7526 1.98240526038968534
7527 1.94816940969397789
7528 1.97793863513740287
7529 1.92760707651475149
7530 1.98434982813695626
7531 1.99062872457172468
7532 1.92429952419256622
7533 1.96180547812566575
7534 1.98808346154880589
7535 1.97443899065203943
7536 1.99571535925950716
7537 1.99584848226438827
7538 1.91556501177649041
7539 1.99934833406871904
7540 1.92756228774074478
7541 1.97431341332532373
7542 1.97719036931126491
7543 1.96820502065282232
7544 1.92293949353587634
7545 1.99932307198477655
7546 1.90491570296855284
7547 1.95337394363070138
7548 1.97226138735232426
7549 1.91787210432097699
7550 1.98246121914088103
7551 1.97016113393034908
7552 1.91979925287869668
7553 1.93843766156930264
7554 1.95756345882430272
7555 1.93098507777536987
7556 1.94395820195264957
7557 1.99786137833008381
7558 1.90950176508089209
7559 1.937301848451634
7560 1.96429646830540761
7561 1.92737140021155562
7562 1.90853282798425394
7563 1.90629099473041275
7564 1.98708707729285838
7565 1.95022823788841548
7566 1.94761762744065203
7567 1.94308319104974037
7568 1.95839597581818925
7569 1.98173081019335617
7570 1.97337425471876005
7571 1.90537189111296579
7572 1.95045426390738652
7573 1.99463863829724342
7574 1.96223178972798906
7575 1.9418844028989255
7576 1.93505112009341196
7577 1.98598772152907999
7578 1.94505211537171241
7579 1.91858978622800302
7580 1.98543504871121157
7581 1.91516135224525086
7582 1.93716692992181838
7583 1.90351113192984212
7584 1.9333275080016088
7585 1.90789832210184351
7586 1.96184288869929802
7587 1.98174425074533578
7588 1.9700736929995426
7589 1.94352257282123486
7590 1.95761666981326909
7591 1.98288151653629918
7592 1.92738121099893678
7593 1.95383670474605675
7594 1.97587841670966169
7595 1.92602648764144213
7596 1.90145150376595762
7597 1.95309825754831223
7598 1.92176645806609825
7599 1.91242222456614819
7600 1.90613532150043885
7601 1.90248857155941464
7602 1.93242255882607439
7603 1.97281234861365062
7604 1.9764736835888328
7605 1.97206627382363209
7606 1.98894518946018972
7607 1.93938833681247647
7608 1.92598836052788025
7609 1.98250717605201121
7610 1.9577833635324482
7611 1.91119596462805741
7612 1.92126206490792439
7613 1.90569708801442861
7614 1.97422874483747268
7615 1.9328989482550456
7616 1.97005989982654617
7617 1.96963638324786117
7618 1.98302316132611334
7619 1.94810285918452442
7620 1.99625479391775151
7621 1.90658507205371341
7622 1.91983284561144396
7623 1.99925714318406555
7624 1.97861236107943572
7625 1.94653262113976977
7626 1.92482138594240682
7627 1.94263572873664581
7628 1.9917118946359671
7629 1.92732236742990293
7630 1.98560886704157613
7631 1.98111386035285642
7632 1.96009353414358145
7633 1.99180631370797601
7634 1.99900334231320342
7635 1.92125299767439484
7636 1.98513247089152811
7637 1.90696305223409346
7638 1.90268407950789542
7639 1.96417444069750191
7640 1.94766172891892597
7641 1.94307334278628585
7642 1.9184696567997872
7643 1.9029926346744086
7644 1.93598203863250307
7645 1.98450881454445049
7646 1.99752123016083716
7647 1.95714841058948141
7648 1.91934223798350478
7649 1.98875583181789839
7650 1.93120983475422947
7651 1.99927742141368903
7652 1.99221709826463056
7653 1.95008896484700123
7654 1.99826684796703491
7655 1.97931675523422657
7656 1.98071092399688986
7657 1.90614155710576272
7658 1.90557601908822538
7659 1.9925081210047797
7660 1.95145224560933861
7661 1.99788883658949423
7662 1.92015923231574415
7663 1.96648882443428352
7664 1.99647488134218443
7665 1.92782559614052973
7666 1.92325898120853056
7667 1.90807097881843024
7668 1.97483442538200205
7669 1.95235444531722258
7670 1.92522338293696516
7671 1.90919423004927724
7672 1.98954747597773451
7673 1.99582652164718755
7674 1.97561259327746019
7675 1.92162398024367498
7676 1.99617805192824571
7677 1.90028662455761399
7678 1.93792017974926623
7679 1.956586371217929
7680 1.92468169219441032
7681 1.98937904209936223
7682 1.94366993787295161
7683 1.93418282714088496
7684 1.98399048878568096
7685 1.92612700796966152
7686 1.96907285975615243
7687 1.99536369569255845
7688 1.95678819258783543
7689 1.91632260514898745
7690 1.9994965999080081
7691 1.95607270353281315
7692 1.99001943825085714
7693 1.92392979229501226
7694 1.93397246690353741
7695 1.97010809636372985
7696 1.93796443781205197
7697 1.92097369256504358
7698 1.9218585645884303
7699 1.9511413085164302
7700 1.93714744199715194
7701 1.96967763632220372
7702 1.92446117262668115
7703 1.99329075765246677
7704 1.96037965839328421
7705 1.97485092669699469
7706 1.91548631488527965
7707 1.99314370904092364
7708 1.99336302531867915
7709 1.93991531334686496
7710 1.90683751609571717
7711 1.9760621953383688
7712 1.90693137038545024
7713 1.94417286195613159
7714 1.90593483696324051
7715 1.93011341837496153
7716 1.92714127139989189
7717 1.90944487316400147
7718 1.96318526383536285
7719 1.9171453589456684
7720 1.92124979401928098
7721 1.96721685544363023
7722 1.91213799000566476
7723 1.97866596068067535
7724 1.97786228867863456
7725 1.92388288192162804
7726 1.94007074456067996
7727 1.98568859950736143
7728 1.95387586286756521
7729 1.96191914659294175
7730 1.90067872983227448
7731 1.97681459813454596
7732 1.96446983832095112
7733 1.93839490961697436
7734 1.93289761824075002
7735 1.94664031569619356
7736 1.99221394092798887
7737 1.99178687402145749
7738 1.99861094839770415
7739 1.93108815909685783
7740 1.90942127693266195
7741 1.95884591250088369
7742 1.96084285913641687
7743 1.93632857180259821
7744 1.95922929140670465
7745 1.91954453809552383
7746 1.99167342760555321
7747 1.90919445515204234
7748 1.90849959616116993
7749 1.95808353689120085
7750 1.95848754002039582
7751 1.95280118893014332
7752 1.92640236376741147
7753 1.94020404710300887
7754 1.90289873727864967
7755 1.97940926063195155
7756 1.9622196278317996
7757 1.98349371459884849
7758 1.95885841033177655
7759 1.98606950725079634
7760 1.99683467000909309
7761 1.92102988998099611
7762 1.97662738759868883
7763 1.97748247857704351
7764 1.9720368360686702
7765 1.90810631834390199
7766 1.96364026776223977
7767 1.95102778113858544
7768 1.96664032353221541
7769 1.98101668186041802
7770 1.9243975843434773
7771 1.93074522118347325
7772 1.95598620089520225
7773 1.95787035784051566
7774 1.98016351353615283
7775 1.99504072657217701
7776 1.91890644873754757
7777 1.92606485728247545
7778 1.97577332021813046
7779 1.93534714340653768
7780 1.98500544450923755
7781 1.91123222139682136
7782 1.90370246996610026
7783 1.90415808164960554
7784 1.99515126971398526
7785 1.90436995662536734
7786 1.93451906498346737
7787 1.98520598193982356
7788 1.99862713202712095
7789 1.98251628038633387
7790 1.92461007786868166
7791 1.93821349793651621
7792 1.95120120194460567
7793 1.95650040776546863
7794 1.94379196922425646
7795 1.94812691455292164
7796 1.92712051719317579
7797 1.94840508894268472
7798 1.94782622762176638
7799 1.91247366947725017
7800 1.94381319497509009
7801 1.97225496390787214
7802 1.92645733452608936
7803 1.99372335952819579
7804 1.93316524064692485
7805 1.95538341231239188
7806 1.91903315393256002
7807 1.91129240751477436
7808 1.91518715434789799
7809 1.99924843404559249
7810 1.99502550777241372
7811 1.9278568866708532
7812 1.93810451263872219
7813 1.95280548677618926
7814 1.95938832651795081
7815 1.96182513716909468
7816 1.99534598447691103
7817 1.94581964759606274
7818 1.90879181197706727
7819 1.9214161289242726
7820 1.93801451090318366
7821 1.92646337434385506
7822 1.96107019989577491
7823 1.90144329898696784
7824 1.9041848197427631
7825 1.92028465278626337
7826 1.97896898972531177
7827 1.96917288206949759
7828 1.96555663553281912
7829 1.94495325662155594
7830 1.90639245556350945
7831 1.93134948997750877
7832 1.9121678626448424
7833 1.94089741955795336
7834 1.96948909233227454
7835 1.97332219591618108
7836 1.9656787009108192
7837 1.96803434941158173
7838 1.91414206483042837
7839 1.96463411039744384
7840 1.9009566841041321
7841 1.97710665027543975
7842 1.97105481503371882
7843 1.91517281308339649
7844 1.99016633383904651
7845 1.90816181876604141
7846 1.94570685407652522
7847 1.98990835017051837
7848 1.96761501566048946
7849 1.94805193325978254
7850 1.96846707628044992
7851 1.99933122045184453
7852 1.90296750862636443
7853 1.99796786653285463
7854 1.95833426221613416
7855 1.97684474183581838
7856 1.91686650203654496
7857 1.90986056685959493
7858 1.98917618452725709
7859 1.94160979185210225
7860 1.90662762691982701
7861 1.92589574093564875
7862 1.95446019049153175
7863 1.90871493034115947
7864 1.95359295159188529
7865 1.98170394480350787
7866 1.91550953526526735
7867 1.99723327916783022
7868 1.9922393494694759
7869 1.98394993360505389
7870 1.99868709321538862
7871 1.91896574185875379
7872 1.92242724423666855
7873 1.93292264203303188
7874 1.96216113628411448
7875 1.98678429743491614
7876 1.9045035965298367
7877 1.94432224868616754
7878 1.91357828787618711
7879 1.94353993636145828
7880 1.90200266727067557
7881 1.93491856225502445
7882 1.96539966841021951
7883 1.94255475650337694
7884 1.93796506840766147
7885 1.99316719970564526
7886 1.96274485662125353
7887 1.94308361137921826
7888 1.97268402775604756
7889 1.98424348757354352
7890 1.96871392449465787
7891 1.90383840226967793
7892 1.9696960469520417
7893 1.9940175143777914
7894 1.95215697982104675
7895 1.93651454942869483
7896 1.90856136196400206
7897 1.96670185727946323
7898 1.94149279955527576
7899 1.90892161596402987
7900 1.91399184269853717
7901 1.90926109990052617
7902 1.95657754002358764
7903 1.94258507133035274
7904 1.96106588964531348
7905 1.96409648411468307
7906 1.98691124054152413
7907 1.99169627708261565
7908 1.98458766496740457
7909 1.99753750432375909
7910 1.98550931286560473
7911 1.95784279569017672
7912 1.94708401971383704
7913 1.9532527668755546
7914 1.96855734838892005
7915 1.94723884972512029
7916 1.95771016548765431
7917 1.95802025131966317
7918 1.99322631041515508
7919 1.99588201837828061
7920 1.96148864691339386
7921 1.91250343361364239
7922 1.9088378990622934
7923 1.95155530799857657
7924 1.97321192183627625
7925 1.92561501257425571
7926 1.97995271499422665
7927 1.92971699551023201
7928 1.91748780805554642
7929 1.98035407768571914
7930 1.9397041206800032
7931 1.90091373554128373
7932 1.93386994942265944
7933 1.98877509638895722
7934 1.94224657461970085
7935 1.95904120828391859
7936 1.95189200095460968
7937 1.97697668056869391
7938 1.96125971298257906
7939 1.90332677398056482
7940 1.93649063213200101
7941 1.92453398127690201
7942 1.92256266957680522
7943 1.96275736757459063
7944 1.94814839918709182
7945 1.97390810655005744
7946 1.90329426049062733
7947 1.98747462370068129
7948 1.94765117469528559
7949 1.96108616463261942
7950 1.9420961011149056
7951 1.94749062875702683
7952 1.98371886291199795
7953 1.91345054271435466
7954 1.92961514818807167
7955 1.91921438871423344
7956 1.9408593871924904
7957 1.94304276428279343
7958 1.9363148482838104
7959 1.97451692097031528
7960 1.93713838864849408
7961 1.95406662895978944
7962 1.94858839273846707
7963 1.96297616710861367
7964 1.90524026162796623
7965 1.91121985281825579
7966 1.93253095421818855
7967 1.98916600068628191
7968 1.91834350035350054
7969 1.91967158262574422
7970 1.91787555069855453
7971 1.93269490417244127
7972 1.93598685516627933
7973 1.93192556972136553
7974 1.91380747742160096
7975 1.90168071458422006
7976 1.93436141113863602
7977 1.9697162676703508
7978 1.98347166696355592
7979 1.94466966239008232
7980 1.99691564575723812
7981 1.9196326227993552
7982 1.9841526846411659
7983 1.9014906699529357
7984 1.9246493963458926
7985 1.93471845984447022
7986 1.9587082119687298
7987 1.9870604255197637
7988 1.91159084887173814
7989 1.91855224047920725
7990 1.97995957821958224
7991 1.93792588673178057
7992 1.99753416247034132
7993 1.90764929102936853
7994 1.93916848647688456
7995 1.98339674748337491
7996 1.99344749107908825
7997 1.91671018225981804
7998 1.92934026298224537
7999 1.9071928271881311
8000 1.92843415086250802
8001 1.99743691825111425
8002 1.95891913522025796
8003 1.97548631825138576
8004 1.93221390991057684
8005 1.97153347969570403
8006 1.9597213140189147
8007 1.94455580349088053
8008 1.930059732713022
8009 1.97356434056517571
8010 1.92957327794073219
8011 1.99403356801433795
8012 1.95456362782369686
8013 1.95847469708736233
8014 1.93665441165509522
8015 1.9273795204886266
8016 1.9905474203500535
8017 1.91002374963627553
8018 1.91383264486108806
8019 1.97994574005792479
8020 1.95537585990815477
8021 1.93765275200386089
8022 1.9836786539101019
8023 1.98171022590603574
8024 1.90934221288875117
8025 1.91634639402180929
8026 1.91589037501257486
8027 1.94110009937175154
8028 1.98069856222254703
8029 1.98363436772013624
8030 1.94341009954586807
8031 1.97292642986387889
8032 1.95469713106553433
8033 1.98292782372605236
8034 1.51139770824667408
8035 1.8954946421940011
8036 1.32116129446010744
8037 1.8409189189060049
8038 0.972420061750573606
8039 1.85892242878671698
8040 1.11576800205046767
8041 1.99252909705544146
8042 1.91765577974210033
8043 1.91010102383035663
8044 1.9827413469092201
8045 1.92908291033258328
8046 1.96065010253995253
8047 1.9129169304803737
8048 1.98765140470845547
8049 1.90019207842029791
8050 1.96277874052893386
8051 1.90648996232191004
8052 1.97985105993167632
8053 1.91718982679062955
8054 1.92014014313812398
8055 1.97957582661705023
8056 1.94353140421926884
8057 1.96910182334909445
8058 1.90433430408410809
8059 1.98623402184865849
8060 1.99500669257839447
8061 1.9161025624039103
8062 1.93777255996410003
8063 1.99817760000093791
8064 1.90477574555232687
8065 1.92199244622428078
8066 1.91386706172283394
8067 1.91709115869905888
8068 1.97272607517154208
8069 1.97549432055970375
8070 1.94896223684045178
8071 1.96366394681667256
8072 1.90968767155992403
8073 1.98148677543852081
8074 1.90569092242047877
8075 1.96840054265184872
8076 1.90543313028990835
8077 1.96268829246297849
8078 1.92952031298620663
8079 1.92326631706378781
8080 1.96716197053677577
8081 1.9660308404300384
8082 1.95032965572814865
8083 1.95443643744495832
8084 1.95425289120529921
8085 1.91323040874618111
8086 1.9496882595434184
8087 1.96549073224433468
8088 1.92088685673315895
8089 1.99958670771611602
8090 1.96299265917366572
8091 1.94143776607571605
8092 1.99102718812353396
8093 1.91012219325848265
8094 1.96510600218311793
8095 1.99071699709624417
8096 1.90447673862082323
8097 1.94664985713750593
8098 1.92678618254370759
8099 1.94869125383071018
8100 1.95340414301010923
8101 1.98703561490323444
8102 1.93511950250305076
8103 1.92904081498875235
8104 1.91381986285646888
8105 1.97067267274693902
8106 1.93869504753292898
8107 1.92089265436869372
8108 1.97603359466095729
8109 1.99568179676149837
8110 1.96339563984331433
8111 1.96881950825487584
8112 1.90382267964024399
8113 1.90385092772028219
8114 1.91597891273429854
8115 1.9986051246602754
8116 1.98710023436724414
8117 1.98240833684546081
8118 1.92752398624972354
8119 1.91779118486190647
8120 1.92135306982430598
8121 1.94449371396953241
8122 1.98834350119096048
8123 1.91982338134368913
8124 1.91241414522973119
8125 1.96837622690184122
8126 1.98531998832966927
8127 1.92983776623227765
8128 1.95771278649230629
8129 1.94442365457240673
8130 1.91318178937917716
8131 1.97571645329661538
8132 1.98693229399749649
8133 1.93586015139976264
8134 1.96141779772869262
8135 1.93560790979088093
8136 1.97286022969591013
8137 1.95051384712263109
8138 1.97780346425625009
8139 1.97503222833899961
8140 1.98892092095733442
8141 1.96361960247588985
8142 1.90611592525111395
8143 1.94512729561598285
8144 1.92637589052131508
8145 1.98152004185811759
8146 1.92951475149015028
8147 1.96854743138759614
8148 1.97343670974746122
8149 1.99088062529517984
8150 1.91632204924381488
8151 1.92155076421437809
8152 1.90403533401640024
8153 1.96859910746451039
8154 1.92924417059486952
8155 1.92490361872271576
8156 1.98905841873966427
8157 1.94586035204594654
8158 1.96763664154893347
8159 1.93871643393523985
8160 1.95293697827086987
8161 1.96253820528833733
8162 1.9342480851745314
8163 1.98962259413866427
8164 1.91126157736562985
8165 1.94627600985837601
8166 1.94568240657575497
8167 1.95735152243016053
8168 1.914204604799429
8169 1.97411322892348617
8170 1.98914415996329041
8171 1.96714522252564561
8172 1.990006626931619
8173 1.91083563581721116
8174 1.98677383825083509
8175 1.90283355548533262
8176 1.92187815115125304
8177 1.97953103311394418
8178 1.99859601494178851
8179 1.92931658325514177
8180 1.92401128224438067
8181 1.97035109738560155
8182 1.95260286791847459
8183 1.91131346932558799
8184 1.98633172823798065
8185 1.95612763483446406
8186 1.99828292931069185
8187 1.91690747548027218
8188 1.96228989502267126
8189 1.99924027770579338
8190 1.95174964905433779
8191 1.95651251820792993
8192 1.9697667711058322
8193 1.98975314086881561
8194 1.96957249831923131
8195 1.940182284176307
8196 1.99112655108303693
8197 1.98341428323531277
8198 1.91463716125640104
8199 1.93237990459478248
8200 1.93160274815967203
8201 1.90179662080792555
8202 1.97224296277026556
8203 1.92139520868308855
8204 1.93950055678387279
8205 1.93706974243370378
8206 1.97332714342020443
8207 1.90883758551982763
8208 1.94752503461186866
8209 1.93870553687322111
8210 1.97604562710020737
8211 1.98150739830103007
8212 1.90518321483506559
8213 1.9602239399461312
8214 1.96020932854284125
8215 1.91411358370688434
8216 1.92625088165118297
8217 1.90634226854408007
8218 1.91955161527894247
8219 1.97104722243260611
8220 1.95517520159587233
8221 1.96087811329380424
8222 1.91743147680662673
8223 1.95281507760164263
8224 1.94487342169762845
8225 1.90436294761198655
8226 1.97764729633136294
8227 1.9221055255923738
8228 1.99616031941366479
8229 1.93363857467313971
8230 1.97813372278840593
8231 1.90448665849110643
8232 1.98603960039362581
8233 1.90608042041722925
8234 1.94376945367905196
8235 1.93238158541279215
8236 1.90155335095945799
8237 1.98184181970439588
8238 1.97075584686435845
8239 1.99761415180606883
8240 1.98491769227847592
8241 1.98250596956828429
8242 1.92345308266818171
8243 1.92224167461090234
8244 1.99999254733704546
8245 1.98126019696063094
8246 1.96593943707627838
8247 1.94439525351096121
8248 1.91373687778852553
8249 1.90863847327413283
8250 1.95020752079538218
8251 1.96200410085292143
8252 1.96211582876976931
8253 1.9869397727263487
8254 1.9456298912423533
8255 1.95338608482470044
8256 1.9337751250661559
8257 1.95090453965638622
8258 1.94735576521134046
8259 1.97618403263837372
8260 1.92669986429284124
8261 1.9573148595375518
8262 1.96911359368370253
8263 1.91774034443422292
8264 1.94567831015653159
8265 1.94265112768976778
8266 1.99342144613644523
8267 1.90574136297672236
8268 1.95435640127252208
8269 1.90871308354670055
8270 1.92204487936642199
8271 1.96714345175842298
8272 1.96848190561539638
8273 1.96097485301490115
8274 1.99062075167807517
8275 1.9005880624078979
8276 1.92106291533007179
8277 1.93929397915742463
8278 1.98141213135048821
8279 1.05811216018582899
8280 1.97012893322357052
8281 1.54809842254291596
8282 1.87242465575414885
8283 1.79642417328125426
8284 1.19078895220714753
8285 0.912267476897201002
8286 1.95814037460169765
8287 1.93662860254451319
8288 1.92344735404540912
8289 1.90012495084448685
8290 1.97842234724168642
8291 1.96576538896563258
8292 1.96708552056137798
8293 1.90231368621325703
8294 1.93808867333893997
8295 1.96188628773915585
8296 1.98080276140726941
8297 1.90814404546231176
8298 1.97107505677830863
8299 1.90915733487455852
8300 1.99773045245782144
8301 1.92511360373741391
8302 1.97373177632746533
8303 1.94918676948371838
8304 1.94500083087415954
8305 1.94653622016081851
8306 1.98820460004588551
8307 1.93307085286096259
8308 1.98764911213472506
8309 1.92527148269352733
8310 1.92856382449794728
8311 1.90011718344040048
8312 1.945835996913585
8313 1.97080410948725815
8314 1.96288538461407258
8315 1.95915631615586472
8316 1.9733160088920958
8317 1.93836944481720552
8318 1.90285578381306797
8319 1.98551978432643539
8320 1.9495216973516547
8321 1.93071144287496943
8322 1.91192039057522178
8323 1.97939582743087228
8324 1.93553341470112716
8325 1.91115472526285979
8326 1.93416088988452706
8327 1.96345986335186384
8328 1.90522824575658456
8329 1.93431592274086217
8330 1.93030540031069497
8331 1.98108819496663746
8332 1.95588815540099725
8333 1.95682706068864576
8334 1.996967986363408
8335 1.9238953939935024
8336 1.92456371123366599
8337 1.93076916119886288
8338 1.93106551536976578
8339 1.92061251299105562
8340 1.98447344673545745
8341 1.95348763301017958
8342 1.90847415402028209
8343 1.93345616641734463
8344 1.91879383296892181
8345 1.9282155119795148
8346 1.93262310042090646
8347 1.94404131461985807
8348 1.98835074798384914
8349 1.98771101930571858
8350 1.97845934951352698
8351 1.92831045407615287
8352 1.94902088170928001
8353 1.94203555897557512
8354 1.97239673307005825
8355 1.95401939137461289
8356 1.94191835719819217
8357 1.91014107043947701
8358 1.9294934994921995
8359 1.97345555771303061
8360 1.92782049638603348
8361 1.93927830452855443
8362 1.93540026111646979
8363 1.95734650899864882
8364 1.93745047442313978
8365 1.92993809297253094
8366 1.96054677352877182
8367 1.99317354926400325
8368 1.9590677977041917
8369 1.92941555363295469
8370 1.92417390197843474
8371 1.93629230944612951
8372 1.93035088258499332
8373 1.91944955870889089
8374 1.97925486014307705
8375 1.92233880955703418
8376 1.97383137421119081
8377 1.95535491699243313
8378 1.9710409963968718
8379 1.98881395583017984
8380 1.98740914056364937
8381 1.91410641302913631
8382 1.92653054714479444
8383 1.97806449361683612
8384 1.96334499346750757
8385 1.99674548903958526
8386 1.93371538873823856
8387 1.9676257017366181
8388 1.98922740810139875
8389 1.97932452728629116
8390 1.90751494338770433
8391 1.93252162370577119
8392 1.96155502113189217
8393 1.96740287038076911
8394 1.95001270801568527
8395 1.96539559435247946
8396 1.9730615108481695
8397 1.97348453356866016
8398 1.99141962730105337
8399 1.95007054671147051
8400 1.98767716576564379
8401 1.98035327054709476
8402 1.9335885013416938
8403 1.93843139503740569
8404 1.93097325418366572
8405 1.93131904583140535
8406 1.93814396877962314
8407 1.93151620517070266
8408 1.91840384397143993
8409 1.9829439452092672
8410 1.99776082001095445
8411 1.94927719521299569
8412 1.9030985450286324
8413 1.98591704531585989
8414 1.90106118779447675
8415 1.94810189401367095
8416 1.91895638460403672
8417 1.95824466879894721
8418 1.94601097787422961
8419 1.9345004458226791
8420 1.9671795421205005
8421 1.91206933914875998
8422 1.90205932270398925
8423 1.91273186392618744
8424 1.98700417605166657
8425 1.93957091922461489
8426 1.91771454738454006
8427 1.99032698428902766
8428 1.91969417812076748
8429 1.9926573411106665
8430 1.92688751229794653
8431 1.97577069557790752
8432 1.91918326248651794
8433 1.90458163862444718
8434 1.9624386303660688
8435 1.964689687310885
8436 1.99459108726941503
8437 1.90942683947803848
8438 1.93053627655817905
8439 1.93918881966200374
8440 1.95048779247343207
8441 1.96402820578448023
8442 1.98785498869296418
8443 1.94233425980563257
8444 1.93752367507357781
8445 1.93977336334228045
8446 1.93969561978402028
8447 1.9169482020906452
8448 1.90234938740818271
8449 1.93565180101970236
8450 1.9748158563111371
8451 1.90383351368388554
8452 1.93067285875780814
8453 1.94006985562815126
8454 1.99092577113433755
8455 1.92064584001757899
8456 1.99927309724130442
8457 1.98614175624141343
8458 1.92711566585789629
8459 1.97562301417360775
8460 1.92731258676250028
8461 1.96752509022967836
8462 1.939525341839474
8463 1.96586339614443184
8464 1.98039097777017692
8465 1.90147486406803368
8466 1.97099603410637303
8467 1.91278874915592323
8468 1.99690710918943237
8469 1.93634837877130561
8470 1.93403617997378463
8471 1.97632505412551307
8472 1.9515782818947518
8473 1.97767804833472449
8474 1.94358526906923634
8475 1.96118764029275772
8476 1.90009456494987883
8477 1.98158129263461058
8478 1.97113535437381593
8479 1.9177796342098119
8480 1.96099163213749317
8481 1.91225897167972825
8482 1.93397827608868789
8483 1.98249225361901571
8484 1.98867909444330948
8485 1.98232270323433446
8486 1.99438403655232377
8487 1.98321482352341416
8488 1.97734938826690643
8489 1.90284438492263108
8490 1.94796723731095467
8491 1.9053152823763293
8492 1.98123519473512677
8493 1.9735406950661758
8494 1.95904424628882734
8495 1.92605389136388605
8496 1.97777579207820664
8497 1.92244492652503052
8498 1.90414814089991458
8499 1.97513347225567348
8500 1.99370089035296383
8501 1.98255902237789483
8502 1.9824274470463279
8503 1.95318037290338986
8504 1.95299363721863362
8505 1.95001775236929764
8506 1.90792434049831683
8507 1.91554271143197674
8508 1.95072815922075193
8509 1.97140510058547291
8510 1.92762874486907276
8511 1.9963948985929596
8512 1.98813014674702537
8513 1.90727455908851251
8514 1.97060830387928032
8515 1.97466604264294432
8516 1.99292022860933082
8517 1.98452074967946346
8518 1.94703222930504949
8519 1.96001579564143324
8520 1.91586856187204768
8521 1.92421092101768765
8522 1.91697836968361979
8523 1.93021204224870435
8524 1.94871579163813413
8525 1.92932864007433902
8526 1.9302278272884057
8527 1.90711891089340568
8528 1.93020027042480247
8529 1.97318096364917839
8530 1.95376600249641341
8531 1.9458169363027833
8532 1.9784926738377675
8533 1.94621890609392456
8534 1.94323244188803534
8535 1.94463968264897491
8536 1.95674372261923968
8537 1.9296376920239493
8538 1.90461944118112747
8539 1.97338775552202716
8540 1.97006269855076388
8541 1.96357387099370073
8542 1.94553244117121338
8543 1.91042281966784411
8544 1.96090631933661075
8545 1.91888562701206888
8546 1.99488306701528728
8547 1.91030757795751449
8548 1.93797484466853209
8549 1.90457478400657454
8550 1.96751665568535317
8551 1.98383867263047908
8552 1.98608054645676013
8553 1.95013197063886912
8554 1.96693284847761896
8555 1.90424130610429998
8556 1.9212376025706206
8557 1.90923790434920848
8558 1.96582082115937617
8559 1.90611985467463807
8560 1.92356625436186235
8561 1.98767946471667156
8562 1.9981877851730081
8563 1.91896785287042193
8564 1.93196894257866036
8565 1.98812471249396783
8566 1.98990396264759184
8567 1.90432036982404629
8568 1.99228763561867472
8569 1.95645390109480655
8570 1.96284000967906946
8571 1.9654637164884623
8572 1.91246222241234176
8573 1.94194112845619227
8574 1.92233092238121817
8575 1.98781863041975848
8576 1.94777939569714764
8577 1.91365505625489818
8578 1.93450660434753474
8579 1.95473364665582805
8580 1.94497321202385964
8581 1.9261697890270395
8582 1.99722076357685796
8583 1.92085940675813061
8584 1.98545662287094826
8585 1.94200371744012568
8586 1.96472243221563447
8587 1.90326347536390905
8588 1.99692684170478074
8589 1.98934665713340331
8590 1.9006002625234828
8591 1.99934718953906954
8592 1.93692461942354077
8593 1.90049516032189691
8594 1.98229198630926517
8595 1.90229903835354075
8596 1.94543239150212677
8597 1.9446167745107199
8598 1.99969986968089097
8599 1.95647747073973544
8600 1.91120721322252018
8601 1.96352948007605677
8602 1.98763321779470448
8603 1.94426440979229342
8604 1.90880813441451758
8605 1.99919476843491251
8606 1.96388287939105433
8607 1.9743744986116265
8608 1.96790352681233993
8609 1.98591123493429356
8610 1.98327154949222217
8611 1.97980255150769979
8612 1.9828642588990768
8613 1.94703487309312107
8614 1.97269035690334493
8615 1.92278656107775636
8616 1.92280481464537112
8617 1.92463130635269164
8618 1.99736390716823564
8619 1.90315644959252617
8620 1.99471745994781546
8621 1.96105637270755984
8622 1.98472549583387559
8623 1.98863377235409011
8624 1.93862384549773825
8625 1.90836457856051234
8626 1.93554880874541291
8627 1.96393596397949088
8628 1.95703259454127165
8629 1.90500613104610617
8630 1.99163189878585989
8631 1.92869985911688424
8632 1.94410288469894699
8633 1.92932082167040564
8634 1.92880771373260274
8635 1.99126626943140028
8636 1.99233036972815847
8637 1.9881841175027366
8638 1.99375080380357739
8639 1.91911372901314192
8640 1.96488753386062664
8641 1.97156279957190184
8642 1.94071652236157188
8643 1.95524157492861628
8644 1.91613500662805625
8645 1.9298844175164247
8646 1.97218221556220419
8647 1.9767552139639486
8648 1.99457569161130488
8649 1.98022301486418772
8650 1.97978699847727935
8651 1.93438334701197756
8652 1.92806506296076252
8653 1.99926591110312812
8654 1.9685098578127973
8655 1.9216624961286124
8656 1.96419331133942565
8657 1.91702865265881761
8658 1.95646186610155759
8659 1.90700128014147041
8660 1.90948229836327021
8661 1.96414059441636546
8662 1.93774328248762018
8663 1.92827291309708571
8664 1.96579058546376872
8665 1.9786852212775945
8666 1.93064774779411263
8667 1.95734269285526863
8668 1.94786179758662037
8669 1.98068769397362976
8670 1.99854274858573544
8671 1.94207913369060892
8672 1.9647685058335933
8673 1.94611840159924054
8674 1.96276730981389202
8675 1.9671115645063102
8676 1.94985363694127356
8677 1.99437520646315769
8678 1.98984130292042694
8679 1.91291708307831687
8680 1.9535389422193854
8681 1.93999934498117454
8682 1.98720281602097404
8683 1.98246169361774971
8684 1.98407940142786332
8685 1.96634197573627501
8686 1.93856604328959237
8687 1.97428917525299719
8688 1.94301643976484173
8689 1.98862401425484481
8690 1.9128529424123577
8691 1.96400878875806062
8692 1.91684723850897032
8693 1.91681223605160866
8694 1.960114379610852
8695 1.98812915595967321
8696 1.98064582363922659
8697 1.94966921196402065
8698 1.94954840665403339
8699 1.94418014972821007
8700 1.98121701093324076
8701 1.92572041545834405
8702 1.95445469559547069
8703 1.90942727716641625
8704 1.94087085884777411
8705 1.92851463871120421
8706 1.93114912752847556
8707 1.9037048069487863
8708 1.90337609984996226
8709 1.93802123608874188
8710 1.93976305383784742
8711 1.99425101057363308
8712 1.90671396702134666
8713 1.93167516019370145
8714 1.94690251010891213
8715 1.95045148551834124
8716 1.95129654991450385
8717 1.95347391509570101
8718 1.90744219798085446
8719 1.9054713599871631
8720 1.99549942725247598
8721 1.90091227916653605
8722 1.91277666607885255
8723 1.9797793841131428
8724 1.91017840771286185
8725 1.90323378490427508
8726 1.98523946630419901
8727 1.98607027793603597
8728 1.97103208087047554
8729 1.94315098304400213
8730 1.92026024498452896
8731 1.93741436610440854
8732 1.91042973300860397
8733 1.9788404702453124
8734 1.93278473589075395
8735 1.9623486994771786
8736 1.99451528547933843
8737 1.91006283504359287
8738 1.90147742670585895
8739 1.96280149237020307
8740 1.90756958432788593
8741 1.93073553349579252
8742 1.91972397441459242
8743 1.97335852052903382
8744 1.99658997412164596
8745 1.96573281459199456
8746 1.9637166130014152
8747 1.99462270529849484
8748 1.95645730336853974
8749 1.94933604563379559
8750 1.94259670612146063
8751 1.99535143526101288
8752 1.90580403977736879
8753 1.90983028400606147
8754 1.91880973986560655
8755 1.97703244470789308
8756 1.96118668780389793
8757 1.93296462302548022
8758 1.93275846665668838
8759 1.92449738288916783
8760 1.95516806970385337
8761 1.98862652345789814
8762 1.9630761633402003
8763 1.98277052196326831
8764 1.97947407147714793
8765 1.94622734112110352
8766 1.91505671697505897
8767 1.91450267718772094
8768 1.96491061210452767
8769 1.97407191263753501
8770 1.92424138976640369
8771 1.91139046328231399
8772 1.99651306648598248
8773 1.93169593257821637
8774 1.97891208272308106
8775 1.98432863927476122
8776 1.9391258829325464
8777 1.91326826640840286
8778 1.91441708100293884
8779 1.91601486049303826
8780 1.98186778592657942
8781 1.9416859614847628
8782 1.99582148280549987
8783 1.95599132999310421
8784 1.92082069020713542
8785 1.97328586392125227
8786 1.93812575536681342
8787 1.94190532652579861
8788 1.96225916756985708
8789 1.9651477200599996
8790 1.90420766603173819
8791 1.96526520728905241
8792 1.9000341340946556
8793 1.9281732206355513
8794 1.98328419805327116
8795 1.90223650553577883
8796 1.9402231985195868
8797 1.91239587448647996
8798 1.96677643170787997
8799 1.99626944273917828
8800 1.99060139916431988
8801 1.91267717733617193
8802 1.97696954861082275
8803 1.94246494979590612
8804 1.93191922873453237
8805 1.99860779608917372
8806 1.97276549068833407
8807 1.90504919314258103
8808 1.96244092146365734
8809 1.95517816223006768
8810 1.94611143599506109
8811 1.98976011303855649
8812 1.98940404991962527
8813 1.93543211585018282
8814 1.99752177082138016
8815 1.93835516234768068
8816 1.90852932327202796
8817 1.96566045624168129
8818 1.90331201775452463
8819 1.96782777965620781
8820 1.97276362442605446
8821 1.91020061612711545
8822 1.95957641197902244
8823 1.99002780771751286
8824 1.91737275236132687
8825 1.9527566999706889
8826 1.90968360891322497
8827 1.90058918770356788
8828 1.98207938026684904
8829 1.91036443057898886
8830 1.93007053000457107
8831 1.95589100280007799
8832 1.92249199231562673
8833 1.93358545076444521
8834 1.96260387694465921
8835 1.93648829378970144
8836 1.92568527891560426
8837 1.93324419336571873
8838 1.9129264046844543
8839 1.97319406023214072
8840 1.96815204496301632
8841 1.97219801638587433
8842 1.91552920796510429
8843 1.95299176666046481
8844 1.93011422860638349
8845 1.96099276873498951
8846 1.96821545122859476
8847 1.93841489751592655
8848 1.92859189815204934
8849 1.97510248714464209
8850 1.91594403939030489
8851 1.9780921578292785
8852 1.96879733126378187
8853 1.95152843424998901
8854 1.9216623092237759
8855 1.94786191162240119
8856 1.96927778301703338
8857 1.99202595900546564
8858 1.90183866078491581
8859 1.97256858189992279
8860 1.99024173091774514
8861 1.96039666054015416
8862 1.94398429502911396
8863 1.93579575879288335
8864 1.91159251039160027
8865 1.95176491844609701
8866 1.95500570889274616
8867 1.96976440618724014
8868 1.98141746193539192
8869 1.96972719077806446
8870 1.98448230738263187
8871 1.9666631527577989
8872 1.96615233547978763
8873 1.93475278093626213
8874 1.90017054483319781
8875 1.94208663941584514
8876 1.92689671112645722
8877 1.96418812713408397
8878 1.95742906141493611
8879 1.98489397013800684
8880 1.95460078309835428
8881 1.98420434240000221
8882 1.96614428865502688
8883 1.94763292926039
8884 1.97128349369778588
8885 1.96393076008362377
8886 1.90560516586027839
8887 1.96433777067416515
8888 1.99528905848072569
8889 1.97266398733103432
8890 1.97859320139090467
8891 1.93942719207875913
8892 1.9630985436735835
8893 1.98399888833645321
8894 1.95211704606260117
8895 1.98856756332146545
8896 1.92764302001611143
8897 1.93864854002123677
8898 1.94893469937903752
8899 1.92888915445077735
8900 1.96835992489189104
8901 1.97630700385534475
8902 1.91494092555348638
8903 1.91760836678835322
8904 1.90654495319488726
8905 1.98700090376521499
8906 1.91523417016842812
8907 1.97931105835138088
8908 1.90131774489045013
8909 1.95783837775461089
8910 1.95393762325235421
8911 1.90543422037964394
8912 1.98241490346393157
8913 1.91223776627682751
8914 1.91483454104592155
8915 1.96103440611133406
8916 1.96449870683637218
8917 1.91456614725968133
8918 1.94566865117358101
8919 1.95289987835754997
8920 1.99375590246521583
8921 1.9155246094168179
8922 1.97469045671018972
8923 1.94596553881579304
8924 1.97898509302562298
8925 1.90389228404662725
8926 1.98575535431981076
8927 1.94209865709456286
8928 1.92675545196929465
8929 1.99589220322499461
8930 1.93874275414562214
8931 1.96933307602389007
8932 1.94767052472181246
8933 1.90348305716063315
8934 1.96236884391429345
8935 1.92436742981306197
8936 1.9102075678599173
8937 1.96295607181263043
8938 1.90557614185337099
8939 1.94985923477404244
8940 1.95567364727568971
8941 1.91560222967431115
8942 1.97733010740485815
8943 1.94046944253801046
8944 1.95467803009420282
8945 1.96879516895962503
8946 1.95349443997106587
8947 1.94692057849672628
8948 1.91662926511616671
8949 1.95969761418321342
8950 1.95717812982286787
8951 1.96687635261693972
8952 1.90679624333502007
8953 1.97936328864492617
8954 1.91517475972059015
8955 1.97274560240263064
8956 1.92349019379233921
8957 1.93472264324296939
8958 1.99234447863668351
8959 1.96781308428045465
8960 1.9337208501172487
8961 1.90658367799578121
8962 1.92396911883428801
8963 1.90304481001263537
8964 1.98789391213330813
8965 1.90549047431937812
8966 1.93580421489594956
8967 1.95217127353497566
8968 1.96019759694164231
8969 1.96019888650675767
8970 1.94365737015836348
8971 1.97440130637660904
8972 1.90189121684969975
8973 1.92135595253594516
8974 1.96845124996807797
8975 1.96707950147017807
8976 1.95135581499632482
8977 1.93383282763272368
8978 1.96315568492315062
8979 1.90157497006823251
8980 1.9644157551993302
8981 1.924632876886196
8982 1.93992008687149009
8983 1.9810392891722064
8984 1.93530054227851855
8985 1.94968686278760206
8986 1.90386865585955167
8987 1.90548870486552824
8988 1.98251900162516548
8989 1.93882558845919162
8990 1.92164075358794029
8991 1.96897076984207331
8992 1.96736753786490604
8993 1.92244568524642889
8994 1.93201597843637773
8995 1.96105012242339649
8996 1.97214495040265669
8997 1.90975592427896457
8998 1.90930950689609791
8999 1.95357623940193692
9000 1.93493021547944899
9001 1.90368056603473956
9002 1.91766372347139713
9003 1.95271005931913177
9004 1.94399054630494472
9005 1.98773329381733221
9006 1.95258164139592649
9007 1.96883400488343097
9008 1.96629458607392693
9009 1.95475438797014922
9010 1.90274605875536307
9011 1.98224907308266474
9012 1.95120496789964637
9013 1.92100423335488846
9014 1.97313784364125278
9015 1.94483393945392868
9016 1.98257802006631101
9017 1.91039678521721101
9018 1.94924211972371197
9019 1.98230809563506249
9020 1.97622662091496926
9021 1.9971320180986003
9022 1.9215066635074487
9023 1.94316559706342495
9024 1.92753472151628147
9025 1.96192448644055939
9026 1.92665091237231456
9027 1.99916961003318883
9028 1.97351686790637904
9029 1.9023667042516641
9030 1.92437056817287644
9031 1.91133559824427257
9032 1.92904969549647576
9033 1.91366229378733843
9034 1.90784399541624783
9035 1.92374070420677379
9036 1.99110002393874908
9037 1.912121472439688
9038 1.95661252072774294
9039 1.91879364923943774
9040 1.92562861623055803
9041 1.9652755926264609
9042 1.91653480917743613
9043 1.93968244609930229
9044 1.91322408106434549
9045 1.95048293466776235
9046 1.92849043672985299
9047 1.94774522892939017
9048 1.98490761552914985
9049 1.91207676364571255
9050 1.90454198089861393
9051 1.91767184001528701
9052 1.95434365208958116
9053 1.91638994590957723
9054 1.90410767823479632
9055 1.93407006525235348
9056 1.9788032590726794
9057 1.96831646624613965
9058 1.94901504365299294
9059 1.99233110292225613
9060 1.95273885236756484
9061 1.97955507723462398
9062 1.97819533569479655
9063 1.91177754256514332
9064 1.90480675586326731
9065 1.90597644734390603
9066 1.92867267475342663
9067 1.93404911920149392
9068 1.98700438713829075
9069 1.9394740881665351
9070 1.98888717865786258
9071 1.99621899282459325
9072 1.93040330974109042
9073 1.93929239114374141
9074 1.94730792961726018
9075 1.99145709535710602
9076 1.95094584711115293
9077 1.97047899551437022
9078 1.99774260017981953
9079 1.90793605433590785
9080 1.97581234186902455
9081 1.99735860663802023
9082 1.94251627923392811
9083 1.90812774113921835
9084 1.93960973810944814
9085 1.93930439686800704
9086 1.92060220446258989
9087 1.94171539658193337
9088 1.97507974099207551
9089 1.97752417503769418
9090 1.96846287438040135
9091 1.97507599924453703
9092 1.92813746423872878
9093 1.97039840274507627
9094 1.99020461323677722
9095 1.94063704071546561
9096 1.99499520421901622
9097 1.95402321541347823
9098 1.9493633155693022
9099 1.96037422788471893
9100 1.95028433796236844
9101 1.95133826867397486
9102 1.99265698914439504
9103 1.96185884307878333
9104 1.94848077514456697
9105 1.96526275693053409
9106 1.94228717633468517
9107 1.95601879110225996
9108 1.94390753476321554
9109 1.91225010838476828
9110 1.95668832879510468
9111 1.97652405627712535
9112 1.98076366529084047
9113 1.95840013408160862
9114 1.91924883370098343
9115 1.95525554551924063
9116 1.96012160339968955
9117 1.96592771926456034
9118 1.97127786749752221
9119 1.90925447851289842
9120 1.95580181716114532
9121 1.98138108887856146
9122 1.97336617858183105
9123 1.92006906089193308
9124 1.90875583987117814
9125 1.95345140198603118
9126 1.94972147718776112
9127 1.97923525405067502
9128 1.94891990829693085
9129 1.94629111807428079
9130 1.92927656282185733
9131 1.9656941907221317
9132 1.98825082955446941
9133 1.94765327931343912
9134 1.93501902958664496
9135 1.97777823678820153
9136 1.92298880285077622
9137 1.95875986728330598
9138 1.90212652251974035
9139 1.92566358136418736
9140 1.96941607620908776
9141 1.91893546028123363
9142 1.93022765855062906
9143 1.93100966474486735
9144 1.90315645876380057
9145 1.92668367328676049
9146 1.99123304622732888
9147 1.97546271456529032
9148 1.90689844870569791
9149 1.9654087196651262
9150 1.95190185015293682
9151 1.97305414111055222
9152 1.98921046823096548
9153 1.97750329418687421
9154 1.94599422572008107
9155 1.98847897093506543
9156 1.99651759499217918
9157 1.94315169048478165
9158 1.94942600894433671
9159 1.94784777728021163
9160 1.91315475644227106
9161 1.97764847382730746
9162 1.91734390667143861
9163 1.98561275154078176
9164 1.17360264448746632
9165 1.83170473190063365
9166 1.60774636184285225
9167 1.83452518293325384
9168 1.28435425769278
9169 1.38759583664410036
9170 1.02963912635120769
9171 1.96160769393805623
9172 1.94669841716336345
9173 1.93460449149566571
9174 1.95789866671607204
9175 1.9910725782896519
9176 1.91948121505788105
9177 1.92348519609730428
9178 1.95563518628853528
9179 1.90226106003212569
9180 1.92780420880664982
9181 1.97748212562891812
9182 1.93933866032158364
9183 1.95323881476959005
9184 1.9626464617192525
9185 1.99239055987777536
9186 1.98271704399329973
9187 1.99925695209527632
9188 1.9771861094855101
9189 1.96731855470959505
9190 1.9994280912774347
9191 1.93932996570196936
9192 1.91585151239481299
9193 1.94225996411327761
9194 1.93829649296809747
9195 1.91821560711817618
9196 1.91304607043908681
9197 1.90644239055725073
9198 1.95734241745582538
9199 1.98448602620730097
9200 1.92019017947353632
9201 1.92708531455873944
9202 1.97070278405552313
9203 1.98783130474968139
9204 1.98150378186630061
9205 1.9770029248327361
9206 1.91004996932001569
9207 1.93634549663159405
9208 1.94051348793775702
9209 1.91115287327167405
9210 1.90092355973232952
9211 1.95975834523046588
9212 1.9572933946716975
9213 1.91160266156133907
9214 1.99840446404477934
9215 1.92804732473582474
9216 1.91908028859250379
9217 1.94932239366857774
9218 1.99174604474627071
9219 1.94090351032375219
9220 1.94655325823888625
9221 1.99790180427963615
9222 1.19740789271880432
9223 1.05699471134453837
9224 1.40832789345341292
9225 1.11441916478198078
9226 1.43417334256119644
9227 1.31094803144491157
9228 1.82095832486110787
9229 1.92706247102543871
9230 1.9842620142200782
9231 1.94584091428723194
9232 1.9282697121583634
9233 1.96309271881297231
9234 1.98090466255540831
9235 1.94206491949706761
9236 1.92492317493262322
9237 1.93026328104012812
9238 1.97224334680822899
9239 1.97117130796913753
9240 1.91391857797458442
9241 1.95335535518748116
9242 1.95484538955596676
9243 1.90791855913843311
9244 1.95111433028906545
9245 1.93578990356834479
9246 1.97703147171308968
9247 1.94090085084029051
9248 1.99585100707318075
9249 1.90262817734259149
9250 1.9720716246863168
9251 1.90928337355298061
9252 1.90278542134654716
9253 1.97776109818259926
9254 1.98062329852152241
9255 1.98015895393278618
9256 1.93574305670292279
9257 1.95413918334703784
9258 1.9713224496445565
9259 1.99673343846952878
9260 1.94418264685048259
9261 1.91433475876816472
9262 1.97543133823863171
9263 1.90152493976801962
9264 1.97978725767837793
9265 1.92551026769896483
9266 1.92328589383912552
9267 1.9499207100705902
9268 1.90593615888683865
9269 1.90516891215640882
9270 1.91432515293333783
9271 1.90100964744244094
9272 1.9464569888528942
9273 1.90940332354919828
9274 1.96365319545178996
9275 1.9164183296325763
9276 1.91066803480915026
9277 1.93842307042507089
9278 1.91848400903003369
9279 1.90399149638435494
9280 1.97297809059104567
9281 1.91874864566403835
9282 1.93896766576545265
9283 1.9915079943699816
9284 1.9981640463133501
9285 1.90999414391479672
9286 1.94452839360842789
9287 1.84260444622410824
9288 1.89921892576158458
9289 1.40121821797332347
9290 1.20305319717219961
9291 1.43284184798358272
9292 1.00510133446922878
9293 1.05689032786565562
9294 1.91333539172849387
9295 1.91086699995236509
9296 1.92066093379136626
9297 1.96465486939059053
9298 1.93473363768958273
9299 1.99394735822722002
9300 1.92044064470843234
9301 1.94192087011679515
9302 1.96371566628270289
9303 1.97838005488607838
9304 1.97919406817894949
9305 1.92094130814128894
9306 1.97539159625173255
9307 1.92907788087972309
9308 1.9755525590428995
9309 1.94159377628859842
9310 1.99716699257551533
9311 1.91234444490396149
9312 1.98234931906714396
9313 1.94108192739492047
9314 1.92597550357722702
9315 1.99412753555439992
9316 1.94948640000054096
9317 1.96214574203052883
9318 1.93212563014548389
9319 1.9530955338070668
9320 1.95795776758776108
9321 1.99983110160965816
9322 1.95085531840358417
9323 1.98964871607177418
9324 1.9802655388701651
9325 1.90653131313208712
9326 1.99773547710799448
9327 1.90017184678081841
9328 1.94229331812852646
9329 1.98342388827165372
9330 1.97610753136693473
9331 1.90707792945071719
9332 1.91123427522460898
9333 1.97758539355338958
9334 1.91593770279812903
9335 1.9945236022270505
9336 1.95534454546218495
9337 1.98207155040519223
9338 1.90591453585350501
9339 1.96018567212521422
9340 1.9181819472198538
9341 1.92093094131983966
9342 1.98173485434247243
9343 1.99403205796389882
9344 1.98558117040744575
9345 1.91684607168914223
9346 1.93729420165136879
9347 1.91799002369410032
9348 1.99802910123870969
9349 1.95386089854496925
9350 1.90638932730524013
9351 1.95754172670569182
9352 1.92143821358801503
9353 1.92895535084407244
9354 1.99660649322015904
9355 1.98492461846110424
9356 1.92409478941388534
9357 1.93388582779702944
9358 1.96397439140052099
9359 1.93538762834068723
9360 1.92309817959004348
9361 1.96765949698399467
9362 1.91572923603091194
9363 1.99914140243554339
9364 1.92433011037012891
9365 1.98605328213922938
9366 1.99772601897825419
9367 1.91074419305638021
9368 1.98246915082861719
9369 1.90134353802720524
9370 1.39236472997056104
9371 1.60059643723131928
9372 1.16862622966550744
9373 0.984928004889244813
9374 1.20942360179053932
9375 1.72500916798653714
9376 1.1724636059349649
9377 1.91680560933444877
9378 1.90036381165313983
9379 1.93938431061418171
9380 1.90784978143336703
9381 1.91295021591115066
9382 1.97085930153011946
9383 1.97579320977593897
9384 1.93864447825449071
9385 1.92743883225842483
9386 1.95209668134405967
9387 1.99501732896207207
9388 1.91229071923360783
9389 1.9581377046992825
9390 1.97221688432608655
9391 1.94887291157490994
9392 1.95057671080260353
9393 1.92667526368504616
9394 1.90672894379838187
9395 1.94996300521827681
9396 1.94115260656989119
9397 1.98167805512192974
9398 1.99176849324995531
9399 1.93617605063454756
9400 1.99730366997175546
9401 1.99526179063970344
9402 1.98106595044325684
9403 1.97401554555700698
9404 1.98151645231617879
9405 1.95014285188973835
9406 1.91287634290386843
9407 1.96349157551855691
9408 1.96847635309555047
9409 1.96066200614298269
9410 1.91563050055107542
9411 1.93389389345486995
9412 1.95498083194185934
9413 1.96666971299768045
9414 1.95593407409932696
9415 1.9873932572841595
9416 1.97634887594851683
9417 1.99300506841011327
9418 1.98407055196127935
9419 1.90030775935251084
9420 1.99464158917815571
9421 1.98966643926144116
9422 1.95454377337897856
9423 1.94793562178460444
9424 1.94475437503787374
9425 1.96114191578965169
9426 1.96312182808765323
9427 1.99676570995740743
9428 1.93299247129818874
9429 1.97397737260688588
9430 1.96038081378967077
9431 1.9477772086951175
9432 1.97944547817287742
9433 1.96619491210464714
9434 1.99726620765848284
9435 1.92369716529789292
9436 1.92420985083958107
9437 1.98217568959401746
9438 1.99983415978692824
9439 1.90839151420589892
9440 1.93395385986288204
9441 1.97890066039758739
9442 1.93646585517565284
9443 1.97079117751926836
9444 1.94241071977531843
9445 1.95386571642529372
9446 1.9893095525009179
9447 1.90491693675037732
9448 1.96244239563000877
9449 1.95266422790646743
9450 1.9326277043084934
9451 1.94766298678096095
9452 1.95535312632938685
9453 1.97419761633482649
9454 1.97428786097741527
9455 1.95745144306414609
9456 1.92621788255556203
9457 1.93813428948145394
9458 1.98475323828922123
9459 1.90095438973339848
9460 1.9760610921675672
9461 1.95079248374575465
9462 1.99064777788793679
9463 1.96798360690803809
9464 1.921840469902655
9465 1.97170114286465914
9466 1.98195729935079057
9467 1.91588058004206285
9468 1.9638028255549862
9469 1.91608061673453545
9470 1.98303134947773696
9471 1.96238634792936906
9472 1.92176349078932951
9473 1.92782898884326581
9474 1.95653809261210565
9475 1.90294179225423843
9476 1.91208640200718749
9477 1.93613355733771075
9478 1.98331659116115477
9479 1.93312680100689605
9480 1.9815234950484053
9481 1.9836571985294269
9482 1.94038281486593989
9483 1.94811221445825122
9484 1.90931069246278251
9485 1.92354825667514717
9486 1.94343053168129098
9487 1.91799759833946148
9488 1.98518531927331132
9489 1.93548929893419053
9490 1.93794470812619979
9491 1.9643625876398898
9492 1.90693759309875421
9493 1.9253811963714087
9494 1.991366355943474
9495 1.90423517087100946
9496 1.90431858013220623
9497 1.91030674523855248
9498 1.93512074284377689
9499 1.90781015625514239
9500 1.95517245834190034
9501 1.9577781912855996
9502 1.93170930353240089
9503 1.90767707899425321
9504 1.9179619782678532
9505 1.96018588815412165
9506 1.93689280520309048
9507 1.90365777657348767
9508 1.98995284893590663
9509 1.95460859617218508
9510 1.93487569013380289
9511 1.9479544212879043
9512 1.98340568875781909
9513 1.90565488250046533
9514 1.95308196613134455
9515 1.9737639883815068
9516 1.97070234387160448
9517 1.98220931803200595
9518 1.91792660200844378
9519 1.94042883653362219
9520 1.9296954148985983
9521 1.91479755207685165
9522 1.99316896343019767
9523 1.98385862018076664
9524 1.96025947525712896
9525 1.9104728715727608
9526 1.94178487335371219
9527 1.90549965465130877
9528 1.90662849400436674
9529 1.98071881547515138
9530 1.98755581496274747
9531 1.91317431221951573
9532 1.90024470940001344
9533 1.93309076911898869
9534 1.91551862633725456
9535 1.99661379413159001
9536 1.91802075898360136
9537 1.91638208081577677
9538 1.90701842478365835
9539 1.99762796941516041
9540 1.91884165313510491
9541 1.97763421466637945
9542 1.94920572436774187
9543 1.936534482551729
9544 1.91397367605671986
9545 1.97746932705718637
9546 1.92783480135610086
9547 1.99449560745441756
9548 1.99367651923478362
9549 1.95251126413355114
9550 1.90974595127942948
9551 1.90410547481428449
9552 1.97846714305665339
9553 1.90279941733926461
9554 1.93142276606991459
9555 1.9528787342583791
9556 1.94188286605515614
9557 1.92686438389742487
9558 1.94007215560951463
9559 1.9567028555805448
9560 1.97912462988248139
9561 1.96480509403772197
9562 1.96213135510847825
9563 1.9286931471513431
9564 1.96877483950330068
9565 1.99315866737825886
9566 1.97558813783319032
9567 1.9829694457070719
9568 1.92422454167648782
9569 1.93950510578885371
9570 1.98974154488854804
9571 1.92594068677879204
9572 1.94770437756854675
9573 1.90566867589437994
9574 1.9254827045792906
9575 1.94481304270841449
9576 1.97002920965614403
9577 1.96458471981253324
9578 1.99807403047760612
9579 1.98941499498238539
9580 1.9922346002146476
9581 1.93891242958962762
9582 1.99292523685670009
9583 1.95933050040286449
9584 1.9313983162216859
9585 1.96687570568107062
9586 1.94417006052862007
9587 1.92620347526807456
9588 1.93308885610254189
9589 1.9385926940758218
9590 1.90378526755793276
9591 1.95835682272615497
9592 1.98906961080932687
9593 1.93783437752355736
9594 1.96308551216770089
9595 1.90560026582132935
9596 1.9903269190756121
9597 1.91473892770901299
9598 1.94667538429264653
9599 1.92492390000194935
9600 1.91944337636928308
9601 1.91668637787274454
9602 1.90810704572328271
9603 1.93021221027819312
9604 1.95164930311803175
9605 1.99735977545266907
9606 1.95913440200040712
9607 1.9732685204574274
9608 1.92454085876692682
9609 1.98411941520952384
9610 1.9581000690470618
9611 1.94078578262908019
9612 1.90917452228634388
9613 1.91888746030777657
9614 1.91336822206032608
9615 1.96290459497357661
9616 1.94209843256853731
9617 1.91644841720012415
9618 1.90857775342705716
9619 1.98633099300279703
9620 1.92262645189632564
9621 1.92419559098813009
9622 1.96757451518840387
9623 1.96827348861583862
9624 1.96391862923171301
9625 1.99628614082207223
9626 1.96532105360887588
9627 1.97444363248391563
9628 1.95144200453386474
9629 1.98476332531715083
9630 1.98760633638818818
9631 1.91654034076538204
9632 1.9210093605825147
9633 1.95092814228043587
9634 1.95305754834135881
9635 1.92505496960482203
9636 1.98244900041904182
9637 1.95323823178142297
9638 1.91151058976760502
9639 1.92285151363400297
9640 1.98863635923426951
9641 1.90414576700983496
9642 1.97984948744810008
9643 1.96727398423217981
9644 1.90826159346766855
9645 1.94091958308961243
9646 1.928201444803189
9647 1.99859114773033864
9648 1.91517936063291638
9649 1.95235378530855486
9650 1.90501448387523653
9651 1.93438281933715661
9652 1.96470685915755627
9653 1.90957422995420201
9654 1.91383062598334486
9655 1.96806248959380903
9656 1.95445916678882736
9657 1.92161497513370527
9658 1.94633305994147521
9659 1.96253981768912755
9660 1.92048738737154023
9661 1.95491772106151851
9662 1.92212404604925924
9663 1.94801817070620165
9664 1.9504247514286599
9665 1.90812509369614713
9666 1.9903719888198641
9667 1.96752690044944267
9668 1.90868801050913017
9669 1.98845348055278648
9670 1.99407786657826325
9671 1.91070440731583679
9672 1.9844084540790885
9673 1.99889127769514174
9674 1.95350883446544632
9675 1.92072912967262166
9676 1.97915139317532773
9677 1.9777101834823938
9678 1.92288786069715356
9679 1.9370319642692424
9680 1.9898638299291469
9681 1.94505850946276948
9682 1.98147434001477873
9683 1.91828916801570259
9684 1.91707278489115862
9685 1.97693449899855067
9686 1.97663436918830193
9687 1.9953178930754123
9688 1.93584463103953786
9689 1.9895644476140768
9690 1.96777270351520595
9691 1.93836551357640441
9692 1.97072274390671787
9693 1.95940320461519102
9694 1.98368016583756823
9695 1.93897483205094989
9696 1.91384516780984137
9697 1.91824267635722956
9698 1.90284442429064193
9699 1.91422603198809149
9700 1.99278909859407727
9701 1.94215148072371258
9702 1.96908964301438116
9703 1.90832719671655715
9704 1.93473469331024495
9705 1.92946933744228666
9706 1.98048152573513758
9707 1.94995593367220965
9708 1.98199287211549535
9709 1.94139646344173999
9710 1.95847188999390442
9711 1.99350222445555647
9712 1.96875768016003128
9713 1.98092051542854475
9714 1.99342926436234946
9715 1.94614004392196649
9716 1.95559857190422859
9717 1.98795461900465509
9718 1.96470671202858216
9719 1.91204205461664545
9720 1.99799070345812479
9721 1.92271762412719638
9722 1.92236836486000562
9723 1.92898908035037708
9724 1.93296093859326734
9725 1.95037347881782663
9726 1.91432646914695281
9727 1.92942251348701554
9728 1.95152597136406958
9729 1.941889475035395
9730 1.95368157152290567
9731 1.92100245583867468
9732 1.90606911900812936
9733 1.9616795093462025
9734 1.97819341995763764
9735 1.94631916381333347
9736 1.99673754220038657
9737 1.94728986818094851
9738 1.91566939790745328
9739 1.93129276643439041
9740 1.99363168239493116
9741 1.92484816615539112
9742 1.98762667402806503
9743 1.90427317604712387
9744 1.93887226738280694
9745 1.92334061623979569
9746 1.97192862658707857
9747 1.96610095088547832
9748 1.917676517413196
9749 1.91724308515633735
9750 1.9561130626691603
9751 1.98304561496963716
9752 1.97182055537007361
9753 1.91657209399588435
9754 1.98176118887574337
9755 1.9507233840927436
9756 1.98614862443254925
9757 1.9968233168109697
9758 1.96102462353543583
9759 1.98259263605147051
9760 1.93878298177553088
9761 1.96781684384424937
9762 1.94350045245852865
9763 1.96312173462328365
9764 1.99950568729454248
9765 1.98852914215238208
9766 1.91900235373402595
9767 1.9288503252340794
9768 1.92749793669529845
9769 1.9591391558527198
9770 1.90463117113038405
9771 1.95632460332351665
9772 1.90902422330776234
9773 1.96231848001951237
9774 1.9741210220298322
9775 1.97601550946710725
9776 1.97113610718798582
9777 1.96906392008242137
9778 1.94161387346632686
9779 1.96026364367316486
9780 1.98110087721220696
9781 1.90241732498052429
9782 1.98042988883309623
9783 1.96461078837497372
9784 1.99199735320989868
9785 1.93881251826489809
9786 1.92456825487566707
9787 1.92966367287516416
9788 1.92732629237327391
9789 1.95189582782416915
9790 1.94048884930910348
9791 1.97642003368645769
9792 1.97242704282150494
9793 1.96501671137683864
9794 1.94037369133470761
9795 1.93555406463374791
9796 1.98323910143423454
9797 1.94735608821836115
9798 1.94852120800940476
9799 1.91421108574593335
9800 1.93884948512443911
9801 1.92972441572894837
9802 1.90373748898509754
9803 1.97437178034817951
9804 1.96025160716522096
9805 1.92515062419231553
9806 1.91395177293174901
9807 1.96921058311342856
9808 1.99450931605051696
9809 1.96722686012531023
9810 1.98253514549832488
9811 1.92218735562587795
9812 1.95831175732450413
9813 1.96846817975108301
9814 1.91468904246822902
9815 1.9985505753020063
9816 1.932284040983131
9817 1.90535772413529014
9818 1.98345220292110058
9819 1.94348999694840407
9820 1.936079548798878
9821 1.99929981536087831
9822 1.9395265951120102
9823 1.9537299507399204
9824 1.96575544632287946
9825 1.90096315873655097
9826 1.99437322690881946
9827 1.9136555219400524
9828 1.96065744553781185
9829 1.91419545045795969
9830 1.92552054470852751
9831 1.9864756957221692
9832 1.99680452973781009
9833 1.90292702224458044
9834 1.98938706131821164
9835 1.95622200595573115
9836 1.93074766010418708
9837 1.9125259186058603
9838 1.96967863851091907
9839 1.97495507848413165
9840 1.91636058182857805
9841 1.99598477294804844
9842 1.92120033255824096
9843 1.90386702844019307
9844 1.96358501904518046
9845 1.95908668700776967
9846 1.94259248676728902
9847 1.94359855829311656
9848 1.94127405726514102
9849 1.943321849353846
9850 1.95240377067891835
9851 1.96810409458959157
9852 1.97899263042963725
9853 1.94734936010104875
9854 1.98893373508724602
9855 1.91585721666787445
9856 1.99679088116956827
9857 1.95586082680402118
9858 1.93022139865584275
9859 1.97821771836944582
9860 1.94801688609235746
9861 1.96100636861121247
9862 1.99498748199093834
9863 1.91448696570296661
9864 1.94294863337223567
9865 1.95311325365820987
9866 1.97717485103810264
9867 1.90111487261996248
9868 1.94757813144718983
9869 1.99936422691979288
9870 1.93790757228879951
9871 1.96891884311437093
9872 1.91175725175005318
9873 1.90924661082335634
9874 1.99802575552601036
9875 1.95437497403984417
9876 1.99688382949209653
9877 1.97837500974620673
9878 1.91683320587755901
9879 1.99682249540141354
9880 1.9155838137045953
9881 1.94409273326256105
9882 1.91741020657496875
9883 1.9182181200507693
9884 1.99003275139016811
9885 1.95516761049824761
9886 1.96229583331640534
9887 1.99724978559121702
9888 1.97832734945217892
9889 1.92709304146190163
9890 1.90189415338318546
9891 1.92841496738164042
9892 1.91961812026789147
9893 1.92373264216180528
9894 1.99831120016710884
9895 1.99214301078193667
9896 1.93962383522680515
9897 1.95663874055472964
9898 1.96848000854557625
9899 1.99819844930269852
9900 1.96192274599560612
9901 1.99164200357332599
9902 1.90157852939552852
9903 1.90456405362336967
9904 1.99529727768999354
9905 1.92584164542010705
9906 1.93895651391824231
9907 1.90259792441434827
9908 1.93400016874934555
9909 1.95577080508163115
9910 1.97082562267172601
9911 1.93416931688409033
9912 1.92917516579217563
9913 1.97606488816210635
9914 1.9591763529925279
9915 1.92837251825520539
9916 1.93882235825656135
9917 1.99256778569672366
9918 1.95734346723316399
9919 1.99552987349915845
9920 1.93145355945252817
9921 1.92406339126882564
9922 1.91707716046031962
9923 1.91031740244836223
9924 1.98341527949304153
9925 1.98209715754811477
9926 1.97188249319058628
9927 1.93460038543867685
9928 1.94884766305274493
9929 1.95506377100162054
9930 1.98500722555709497
9931 1.92958964769392205
9932 1.94183199112057436
9933 1.94675979859710324
9934 1.94895763762086105
9935 1.9841651567159837
9936 1.90226770555130575
9937 1.97875255154376362
9938 1.95040089274060002
9939 1.96757311235019006
9940 1.93833645337449023
9941 1.95655183825461632
9942 1.96964828727236774
9943 1.91010975199726252
9944 1.95985490304346355
9945 1.96541048238205796
9946 1.9621829018621908
9947 1.93949899537028281
9948 1.93085410835566185
9949 1.98280523859726188
9950 1.98333011593204556
9951 1.9698480543216923
9952 1.94309834784277413
9953 1.95436914759020897
9954 1.92585842817782193
9955 1.97078006477772805
9956 1.9330998510527051
9957 1.93255194234608774
9958 1.96038947375981709
9959 1.96885509213734489
9960 1.90975686971329961
9961 1.97239516736277953
9962 1.98054235316524974
9963 1.93465274883591953
9964 1.9446149556057275
9965 1.91913926848941485
9966 1.95638566730672281
9967 1.93807408469862863
9968 1.90659451930525781
9969 1.90108006178333477
9970 1.90934020064402055
9971 1.92424766385599377
9972 1.91034458421772646
9973 1.90777805505886233
9974 1.90681193755047373
9975 1.94171811123078042
9976 1.99799063662705745
9977 1.94356928277867658
9978 1.97996597106951433
9979 1.9191710666711066
9980 1.9678690249034545
9981 1.9105870120779358
9982 1.95070007184903815
9983 1.99342706504570444
9984 1.98663144700384442
9985 1.90530858983906937
9986 1.91470561827175101
9987 1.9946318603613522
9988 1.98366991885829935
9989 1.94527767029703047
9990 1.99173967018746323
9991 1.95124909993118067
9992 1.95004600926252936
9993 1.94941615928542822
9994 1.93180134483730792
9995 1.9993093148126917
9996 1.97378375587565613
9997 1.96734972196505531
9998 1.97118944915684757
9999 1.91624118972090396
10000 1.94495083464602825