Metric,Value
MAE,2910.456077687657
R2,0.8637012007442755
