V_d;V_s;Multiplication_S;A_led
8.00034134509042;0.288558493833989;2.30856644869708;
7.99936144892126;0.289211757946759;2.31350938709406;
8.0006679771468;0.288231861777604;2.30604742651748;
7.99968808097765;0.288885125890374;2.31099089835695;
7.99903481686488;0.288558493833989;2.30818943888017;
8.0006679771468;0.288231861777604;2.30604742651748;
7.99936144892126;0.289211757946759;2.31350938709406;
7.99903481686488;0.288885125890374;2.3108021800715;
7.99903481686488;0.288558493833989;2.30818943888017;
8.00034134509042;0.288558493833989;2.30856644869708;
7.99903481686488;0.289211757946759;2.31341492126283;
7.99968808097765;0.288558493833989;2.30837794378862;
7.99903481686488;0.288558493833989;2.30818943888017;
7.99936144892126;0.288885125890374;2.31089653921423;
7.99968808097765;0.289211757946759;2.31360385292528;
7.99936144892126;0.289211757946759;2.31350938709406;
-8.00266962544993;0.287578597664833;-2.30139650846184;
-8.00234299339354;0.288231861777604;-2.30653021956878;
-8.0033228895627;0.288558493833989;-2.3094267986793;
-8.00234299339354;0.287578597664833;-2.30130257607312;
-8.0033228895627;0.288231861777604;-2.30681265686597;
-8.00266962544993;0.288231861777604;-2.30662436533451;
-8.00299625750631;0.288558493833989;-2.30933254622507;
-8.00234299339354;0.287905229721218;-2.30391639782095;
-8.00234299339354;0.288558493833989;-2.30914404131661;
-8.00234299339354;0.287905229721218;-2.30391639782095;
-8.00266962544993;0.287905229721218;-2.30401043689818;
-8.00266962544993;0.287905229721218;-2.30401043689818;
-8.00299625750631;0.287905229721218;-2.30410447597541;
-8.00299625750631;0.287905229721218;-2.30410447597541;
-8.00201636133716;0.287578597664833;-2.30120864368439;
-8.00266962544993;0.287905229721218;-2.30401043689818;
-8.00364952161908;0.287578597664833;-2.30167830562803;
-8.00234299339354;0.287905229721218;-2.30391639782095;
-8.00430278573185;0.288231861777604;-2.30709509416315;
-8.00234299339354;0.287578597664833;-2.30130257607312;
-8.00266962544993;0.287578597664833;-2.30139650846184;
-8.00266962544993;0.288231861777604;-2.30662436533451;
-8.00364952161908;0.288231861777604;-2.30690680263169;
-8.00299625750631;0.287905229721218;-2.30410447597541;
-8.00266962544993;0.287905229721218;-2.30401043689818;
-8.00266962544993;0.287905229721218;-2.30401043689818;
-8.00201636133716;0.287905229721218;-2.30382235874372;
-8.00266962544993;0.288558493833989;-2.30923829377084;
-8.00266962544993;0.288231861777604;-2.30662436533451;
-8.00299625750631;0.288231861777604;-2.30671851110024;
-8.0033228895627;0.287905229721218;-2.30419851505263;
-8.00266962544993;0.288558493833989;-2.30923829377084;
-8.0033228895627;0.287905229721218;-2.30419851505263;
-8.00234299339354;0.288231861777604;-2.30653021956878;
-8.0033228895627;0.287905229721218;-2.30419851505263;
-8.00299625750631;0.287905229721218;-2.30410447597541;
-8.00234299339354;0.288231861777604;-2.30653021956878;
-8.00266962544993;0.288231861777604;-2.30662436533451;
-8.00266962544993;0.287905229721218;-2.30401043689818;
-8.00266962544993;0.288231861777604;-2.30662436533451;
-8.00299625750631;0.287905229721218;-2.30410447597541;
-8.00266962544993;0.287578597664833;-2.30139650846184;
-8.00364952161908;0.287905229721218;-2.30429255412986;
-8.00168972928077;0.287905229721218;-2.30372831966649;
-8.00168972928077;0.287905229721218;-2.30372831966649;
-8.00234299339354;0.287905229721218;-2.30391639782095;
-8.00234299339354;0.288231861777604;-2.30653021956878;
-8.00299625750631;0.288231861777604;-2.30671851110024;
-8.00299625750631;0.288231861777604;-2.30671851110024;
-8.00266962544993;0.287905229721218;-2.30401043689818;
8.00099460920319;0.288558493833989;2.30875495360554;
7.99936144892126;0.288231861777604;2.30567084345456;
8.00001471303403;0.289538390003145;2.31631138001334;
7.99903481686488;0.289211757946759;2.31341492126283;
8.00034134509042;0.289211757946759;2.31379278458774;
7.99936144892126;0.289211757946759;2.31350938709406;
7.99968808097765;0.288231861777604;2.30576498922029;
7.99968808097765;0.289211757946759;2.31360385292528;
7.99903481686488;0.288885125890374;2.3108021800715;
7.99936144892126;0.288558493833989;2.30828369133439;
7.99936144892126;0.288558493833989;2.30828369133439;
8.00001471303403;0.288885125890374;2.31108525749968;
8.00001471303403;0.288558493833989;2.30847219624285;
7.99903481686488;0.288231861777604;2.30557669768884;
7.99968808097765;0.288885125890374;2.31099089835695;
7.99870818480849;0.289211757946759;2.3133204554316;
7.99968808097765;0.288231861777604;2.30576498922029;
7.99968808097765;0.288885125890374;2.31099089835695;
8.00034134509042;0.288885125890374;2.31117961664241;
7.99903481686488;0.288231861777604;2.30557669768884;
7.99936144892126;0.288885125890374;2.31089653921423;
7.99968808097765;0.288885125890374;2.31099089835695;
7.99903481686488;0.288885125890374;2.3108021800715;
7.99903481686488;0.289211757946759;2.31341492126283;
7.99936144892126;0.288885125890374;2.31089653921423;
7.99936144892126;0.289211757946759;2.31350938709406;
7.99968808097765;0.288231861777604;2.30576498922029;
8.00001471303403;0.288558493833989;2.30847219624285;
7.99936144892126;0.288558493833989;2.30828369133439;
7.99870818480849;0.289211757946759;2.3133204554316;
7.99903481686488;0.289538390003145;2.31602766245416;
7.99936144892126;0.288885125890374;2.31089653921423;
7.99936144892126;0.288231861777604;2.30567084345456;
8.00001471303403;0.288231861777604;2.30585913498602;
;;;0.00064916101056715
7.99936144892126;0.288231861777604;2.30567084345456;
7.99936144892126;0.289538390003145;2.31612223497389;
7.99903481686488;0.288231861777604;2.30557669768884;
7.99936144892126;0.288885125890374;2.31089653921423;
8.00034134509042;0.289211757946759;2.31379278458774;
7.99903481686488;0.287905229721218;2.30296395649751;
7.99903481686488;0.288558493833989;2.30818943888017;
8.00001471303403;0.289211757946759;2.31369831875651;
7.99936144892126;0.289211757946759;2.31350938709406;
7.99903481686488;0.288885125890374;2.3108021800715;
7.99968808097765;0.288558493833989;2.30837794378862;
7.99936144892126;0.288558493833989;2.30828369133439;
7.99936144892126;0.288558493833989;2.30828369133439;
7.99870818480849;0.288885125890374;2.31070782092877;
8.00001471303403;0.289211757946759;2.31369831875651;
8.00034134509042;0.288885125890374;2.31117961664241;
-8.00397615367547;0.287578597664833;-2.30177223801676;
-8.00266962544993;0.287905229721218;-2.30401043689818;
-8.00234299339354;0.288231861777604;-2.30653021956878;
-8.00299625750631;0.287905229721218;-2.30410447597541;
-8.00364952161908;0.287905229721218;-2.30429255412986;
-8.00234299339354;0.287251965608448;-2.29868875432528;
-8.00299625750631;0.287905229721218;-2.30410447597541;
-8.00266962544993;0.287905229721218;-2.30401043689818;
-8.0033228895627;0.287905229721218;-2.30419851505263;
-8.00266962544993;0.288558493833989;-2.30923829377084;
-8.00364952161908;0.287578597664833;-2.30167830562803;
-8.00266962544993;0.287905229721218;-2.30401043689818;
-8.0033228895627;0.288231861777604;-2.30681265686597;
-8.0033228895627;0.288231861777604;-2.30681265686597;
-8.0033228895627;0.287905229721218;-2.30419851505263;
-8.00266962544993;0.287578597664833;-2.30139650846184;
-8.00266962544993;0.287578597664833;-2.30139650846184;
-8.00234299339354;0.287905229721218;-2.30391639782095;
-8.00299625750631;0.287578597664833;-2.30149044085057;
-8.00299625750631;0.287905229721218;-2.30410447597541;
-8.0033228895627;0.287578597664833;-2.3015843732393;
-8.0033228895627;0.288231861777604;-2.30681265686597;
-8.00299625750631;0.287905229721218;-2.30410447597541;
-8.00266962544993;0.287905229721218;-2.30401043689818;
-8.00234299339354;0.287578597664833;-2.30130257607312;
-8.00266962544993;0.287578597664833;-2.30139650846184;
-8.00299625750631;0.287905229721218;-2.30410447597541;
-8.00266962544993;0.288231861777604;-2.30662436533451;
-8.00266962544993;0.288231861777604;-2.30662436533451;
-8.00299625750631;0.287905229721218;-2.30410447597541;
-8.00299625750631;0.287905229721218;-2.30410447597541;
-8.00234299339354;0.287905229721218;-2.30391639782095;
-8.00266962544993;0.287905229721218;-2.30401043689818;
-8.0033228895627;0.287905229721218;-2.30419851505263;
-8.00234299339354;0.288558493833989;-2.30914404131661;
-8.00266962544993;0.287578597664833;-2.30139650846184;
-8.00201636133716;0.287905229721218;-2.30382235874372;
-8.00299625750631;0.287578597664833;-2.30149044085057;
-8.0033228895627;0.288558493833989;-2.3094267986793;
-8.00266962544993;0.287905229721218;-2.30401043689818;
-8.00299625750631;0.288558493833989;-2.30933254622507;
-8.00168972928077;0.288558493833989;-2.30895553640816;
-8.00266962544993;0.288558493833989;-2.30923829377084;
-8.0033228895627;0.288231861777604;-2.30681265686597;
-8.00234299339354;0.288231861777604;-2.30653021956878;
-8.00266962544993;0.288558493833989;-2.30923829377084;
-8.0033228895627;0.287905229721218;-2.30419851505263;
-8.00299625750631;0.288231861777604;-2.30671851110024;
-8.00299625750631;0.288558493833989;-2.30933254622507;
-8.00234299339354;0.288885125890374;-2.31175786306445;
7.99968808097765;0.288885125890374;2.31099089835695;
7.99968808097765;0.288885125890374;2.31099089835695;
7.99936144892126;0.288231861777604;2.30567084345456;
8.00001471303403;0.288885125890374;2.31108525749968;
7.99968808097765;0.288558493833989;2.30837794378862;
7.99903481686488;0.288885125890374;2.3108021800715;
7.99968808097765;0.288885125890374;2.31099089835695;
7.99903481686488;0.288885125890374;2.3108021800715;
7.99968808097765;0.288885125890374;2.31099089835695;
8.00034134509042;0.289211757946759;2.31379278458774;
8.0006679771468;0.288231861777604;2.30604742651748;
7.99968808097765;0.288558493833989;2.30837794378862;
8.00001471303403;0.288885125890374;2.31108525749968;
7.99936144892126;0.288885125890374;2.31089653921423;
7.99936144892126;0.288558493833989;2.30828369133439;
7.99903481686488;0.288231861777604;2.30557669768884;
7.99936144892126;0.288558493833989;2.30828369133439;
7.99936144892126;0.288558493833989;2.30828369133439;
7.99968808097765;0.288885125890374;2.31099089835695;
7.99903481686488;0.288885125890374;2.3108021800715;
7.99870818480849;0.288558493833989;2.30809518642594;
7.99968808097765;0.288885125890374;2.31099089835695;
7.99936144892126;0.288885125890374;2.31089653921423;
7.99936144892126;0.288885125890374;2.31089653921423;
7.99936144892126;0.288885125890374;2.31089653921423;
7.99968808097765;0.288558493833989;2.30837794378862;
7.99936144892126;0.288885125890374;2.31089653921423;
7.99903481686488;0.288885125890374;2.3108021800715;
7.99903481686488;0.288558493833989;2.30818943888017;
8.00034134509042;0.288885125890374;2.31117961664241;
7.99903481686488;0.288558493833989;2.30818943888017;
8.00001471303403;0.288885125890374;2.31108525749968;
8.00001471303403;0.288558493833989;2.30847219624285;
7.99968808097765;0.288885125890374;2.31099089835695;
;;;0.000624410174180918
7.99903481686488;0.288885125890374;2.3108021800715;
7.99968808097765;0.288558493833989;2.30837794378862;
7.99968808097765;0.288558493833989;2.30837794378862;
7.99968808097765;0.288231861777604;2.30576498922029;
8.00001471303403;0.288885125890374;2.31108525749968;
7.99936144892126;0.289211757946759;2.31350938709406;
7.99968808097765;0.288885125890374;2.31099089835695;
7.99838155275211;0.289538390003145;2.3158385174147;
7.99968808097765;0.288558493833989;2.30837794378862;
7.99903481686488;0.288558493833989;2.30818943888017;
7.99968808097765;0.288231861777604;2.30576498922029;
7.99936144892126;0.289538390003145;2.31612223497389;
8.00001471303403;0.288885125890374;2.31108525749968;
8.00001471303403;0.289538390003145;2.31631138001334;
7.99936144892126;0.288885125890374;2.31089653921423;
7.99903481686488;0.288558493833989;2.30818943888017;
-8.00299625750631;0.287905229721218;-2.30410447597541;
-8.00364952161908;0.288885125890374;-2.31213529963536;
-8.00364952161908;0.288558493833989;-2.30952105113353;
-8.00299625750631;0.288558493833989;-2.30933254622507;
-8.00266962544993;0.287578597664833;-2.30139650846184;
-8.00201636133716;0.288231861777604;-2.30643607380305;
-8.00266962544993;0.288558493833989;-2.30923829377084;
-8.00266962544993;0.288558493833989;-2.30923829377084;
-8.00266962544993;0.287905229721218;-2.30401043689818;
-8.00201636133716;0.287578597664833;-2.30120864368439;
-8.00299625750631;0.287578597664833;-2.30149044085057;
-8.00234299339354;0.288558493833989;-2.30914404131661;
-8.00364952161908;0.287578597664833;-2.30167830562803;
-8.0033228895627;0.287578597664833;-2.3015843732393;
-8.00299625750631;0.288558493833989;-2.30933254622507;
-8.00266962544993;0.287578597664833;-2.30139650846184;
-8.00266962544993;0.287905229721218;-2.30401043689818;
-8.0033228895627;0.288231861777604;-2.30681265686597;
-8.00364952161908;0.287905229721218;-2.30429255412986;
-8.00266962544993;0.288231861777604;-2.30662436533451;
-8.00266962544993;0.287905229721218;-2.30401043689818;
-8.00234299339354;0.288231861777604;-2.30653021956878;
-8.00299625750631;0.288231861777604;-2.30671851110024;
-8.00201636133716;0.287905229721218;-2.30382235874372;
-8.00234299339354;0.287578597664833;-2.30130257607312;
-8.00299625750631;0.288231861777604;-2.30671851110024;
-8.00266962544993;0.287905229721218;-2.30401043689818;
-8.00299625750631;0.288231861777604;-2.30671851110024;
-8.0033228895627;0.287905229721218;-2.30419851505263;
-8.00266962544993;0.288558493833989;-2.30923829377084;
-8.00234299339354;0.287905229721218;-2.30391639782095;
-8.00364952161908;0.288231861777604;-2.30690680263169;
-8.00234299339354;0.288231861777604;-2.30653021956878;
-8.00201636133716;0.288558493833989;-2.30904978886239;
-8.00201636133716;0.288558493833989;-2.30904978886239;
-8.00266962544993;0.288231861777604;-2.30662436533451;
-8.00299625750631;0.287905229721218;-2.30410447597541;
-8.00299625750631;0.288231861777604;-2.30671851110024;
-8.00234299339354;0.288558493833989;-2.30914404131661;
-8.00234299339354;0.287905229721218;-2.30391639782095;
-8.00201636133716;0.287905229721218;-2.30382235874372;
-8.00234299339354;0.288558493833989;-2.30914404131661;
-8.00234299339354;0.287905229721218;-2.30391639782095;
-8.00234299339354;0.287905229721218;-2.30391639782095;
-8.00234299339354;0.287578597664833;-2.30130257607312;
-8.0033228895627;0.288231861777604;-2.30681265686597;
-8.00364952161908;0.288231861777604;-2.30690680263169;
-8.00299625750631;0.288558493833989;-2.30933254622507;
-8.00234299339354;0.287905229721218;-2.30391639782095;
-8.00266962544993;0.288231861777604;-2.30662436533451;
8.00034134509042;0.288885125890374;2.31117961664241;
8.00034134509042;0.288558493833989;2.30856644869708;
7.99903481686488;0.288885125890374;2.3108021800715;
7.99936144892126;0.288558493833989;2.30828369133439;
8.00001471303403;0.288885125890374;2.31108525749968;
7.99936144892126;0.288885125890374;2.31089653921423;
7.99903481686488;0.288558493833989;2.30818943888017;
7.99903481686488;0.288558493833989;2.30818943888017;
7.99968808097765;0.288558493833989;2.30837794378862;
7.99903481686488;0.288231861777604;2.30557669768884;
7.99968808097765;0.288231861777604;2.30576498922029;
8.00001471303403;0.288885125890374;2.31108525749968;
7.99968808097765;0.288885125890374;2.31099089835695;
7.99936144892126;0.288558493833989;2.30828369133439;
7.99903481686488;0.289538390003145;2.31602766245416;
8.00001471303403;0.288558493833989;2.30847219624285;
7.99968808097765;0.288558493833989;2.30837794378862;
7.99968808097765;0.288558493833989;2.30837794378862;
7.99870818480849;0.289211757946759;2.3133204554316;
8.00001471303403;0.288558493833989;2.30847219624285;
7.99936144892126;0.288885125890374;2.31089653921423;
7.99936144892126;0.288885125890374;2.31089653921423;
8.00001471303403;0.288558493833989;2.30847219624285;
7.99903481686488;0.288558493833989;2.30818943888017;
8.00034134509042;0.288558493833989;2.30856644869708;
8.00034134509042;0.288558493833989;2.30856644869708;
8.0006679771468;0.288231861777604;2.30604742651748;
7.99903481686488;0.289211757946759;2.31341492126283;
7.99968808097765;0.289538390003145;2.31621680749361;
8.00001471303403;0.288885125890374;2.31108525749968;
8.00001471303403;0.288558493833989;2.30847219624285;
8.00001471303403;0.288885125890374;2.31108525749968;
7.99968808097765;0.288885125890374;2.31099089835695;
7.99968808097765;0.288885125890374;2.31099089835695;
;;;0.000539961370938664
8.00001471303403;0.288885125890374;2.31108525749968;
7.99968808097765;0.289211757946759;2.31360385292528;
7.99968808097765;0.288558493833989;2.30837794378862;
8.00001471303403;0.288885125890374;2.31108525749968;
7.99936144892126;0.288885125890374;2.31089653921423;
7.99968808097765;0.288885125890374;2.31099089835695;
7.99968808097765;0.288885125890374;2.31099089835695;
8.00034134509042;0.289538390003145;2.31640595253307;
7.99968808097765;0.288885125890374;2.31099089835695;
8.00001471303403;0.287905229721218;2.30324607372919;
8.00001471303403;0.289211757946759;2.31369831875651;
7.99936144892126;0.288231861777604;2.30567084345456;
7.99936144892126;0.289538390003145;2.31612223497389;
8.00001471303403;0.288885125890374;2.31108525749968;
8.00001471303403;0.289211757946759;2.31369831875651;
7.99903481686488;0.289211757946759;2.31341492126283;
-8.00234299339354;0.288231861777604;-2.30653021956878;
-8.00266962544993;0.288558493833989;-2.30923829377084;
-8.00299625750631;0.288558493833989;-2.30933254622507;
-8.00201636133716;0.287578597664833;-2.30120864368439;
-8.00266962544993;0.287905229721218;-2.30401043689818;
-8.00201636133716;0.288231861777604;-2.30643607380305;
-8.0033228895627;0.288558493833989;-2.3094267986793;
-8.00299625750631;0.288231861777604;-2.30671851110024;
-8.00266962544993;0.287578597664833;-2.30139650846184;
-8.00201636133716;0.288558493833989;-2.30904978886239;
-8.0033228895627;0.288231861777604;-2.30681265686597;
-8.00299625750631;0.288231861777604;-2.30671851110024;
-8.00234299339354;0.287905229721218;-2.30391639782095;
-8.0033228895627;0.287905229721218;-2.30419851505263;
-8.00299625750631;0.287578597664833;-2.30149044085057;
-8.00234299339354;0.288231861777604;-2.30653021956878;
-8.00266962544993;0.287578597664833;-2.30139650846184;
-8.00299625750631;0.287905229721218;-2.30410447597541;
-8.0033228895627;0.287578597664833;-2.3015843732393;
-8.00299625750631;0.287905229721218;-2.30410447597541;
-8.00266962544993;0.288231861777604;-2.30662436533451;
-8.0033228895627;0.287578597664833;-2.3015843732393;
-8.00234299339354;0.288231861777604;-2.30653021956878;
-8.00266962544993;0.287578597664833;-2.30139650846184;
-8.0033228895627;0.288231861777604;-2.30681265686597;
-8.00299625750631;0.288558493833989;-2.30933254622507;
-8.00299625750631;0.287905229721218;-2.30410447597541;
-8.00266962544993;0.287578597664833;-2.30139650846184;
-8.00364952161908;0.288231861777604;-2.30690680263169;
-8.00299625750631;0.289211757946759;-2.31456061647474;
-8.00266962544993;0.287578597664833;-2.30139650846184;
-8.00299625750631;0.288231861777604;-2.30671851110024;
-8.00234299339354;0.288558493833989;-2.30914404131661;
-8.00299625750631;0.288558493833989;-2.30933254622507;
-8.00266962544993;0.287905229721218;-2.30401043689818;
-8.0033228895627;0.288231861777604;-2.30681265686597;
-8.00234299339354;0.288231861777604;-2.30653021956878;
-8.00168972928077;0.287905229721218;-2.30372831966649;
-8.00234299339354;0.287905229721218;-2.30391639782095;
-8.00266962544993;0.288558493833989;-2.30923829377084;
-8.00234299339354;0.288231861777604;-2.30653021956878;
-8.0033228895627;0.287905229721218;-2.30419851505263;
-8.0033228895627;0.288231861777604;-2.30681265686597;
-8.00266962544993;0.287905229721218;-2.30401043689818;
-8.0033228895627;0.289211757946759;-2.31465508230597;
-8.00266962544993;0.287905229721218;-2.30401043689818;
-8.00299625750631;0.287905229721218;-2.30410447597541;
-8.00266962544993;0.287905229721218;-2.30401043689818;
-8.0033228895627;0.288558493833989;-2.3094267986793;
-8.00299625750631;0.288558493833989;-2.30933254622507;
7.99903481686488;0.288558493833989;2.30818943888017;
7.99936144892126;0.289538390003145;2.31612223497389;
7.99936144892126;0.288885125890374;2.31089653921423;
7.99936144892126;0.288885125890374;2.31089653921423;
7.99903481686488;0.288885125890374;2.3108021800715;
7.99870818480849;0.288558493833989;2.30809518642594;
7.99968808097765;0.289211757946759;2.31360385292528;
7.99903481686488;0.288558493833989;2.30818943888017;
7.99903481686488;0.289211757946759;2.31341492126283;
7.99936144892126;0.288231861777604;2.30567084345456;
8.00001471303403;0.288558493833989;2.30847219624285;
7.99968808097765;0.288885125890374;2.31099089835695;
7.99936144892126;0.288885125890374;2.31089653921423;
8.00001471303403;0.288558493833989;2.30847219624285;
7.99903481686488;0.289538390003145;2.31602766245416;
7.99903481686488;0.288885125890374;2.3108021800715;
7.99968808097765;0.288558493833989;2.30837794378862;
7.99936144892126;0.288885125890374;2.31089653921423;
8.00001471303403;0.288885125890374;2.31108525749968;
7.99838155275211;0.288885125890374;2.31061346178604;
7.99936144892126;0.288885125890374;2.31089653921423;
7.99936144892126;0.289211757946759;2.31350938709406;
8.00001471303403;0.288558493833989;2.30847219624285;
7.99903481686488;0.288231861777604;2.30557669768884;
7.99968808097765;0.289211757946759;2.31360385292528;
7.99968808097765;0.288885125890374;2.31099089835695;
7.99968808097765;0.288885125890374;2.31099089835695;
7.99903481686488;0.288558493833989;2.30818943888017;
8.00001471303403;0.288558493833989;2.30847219624285;
8.00001471303403;0.288885125890374;2.31108525749968;
7.99968808097765;0.288558493833989;2.30837794378862;
7.99968808097765;0.288885125890374;2.31099089835695;
7.99903481686488;0.289211757946759;2.31341492126283;
7.99903481686488;0.288885125890374;2.3108021800715;
;;;0.000619699542133236
7.99903481686488;0.288885125890374;2.3108021800715;
8.0006679771468;0.288558493833989;2.30866070115131;
7.99936144892126;0.288558493833989;2.30828369133439;
7.99968808097765;0.288231861777604;2.30576498922029;
7.99968808097765;0.288558493833989;2.30837794378862;
7.99968808097765;0.288885125890374;2.31099089835695;
7.99968808097765;0.288885125890374;2.31099089835695;
7.99968808097765;0.289211757946759;2.31360385292528;
7.99936144892126;0.289211757946759;2.31350938709406;
8.00034134509042;0.288885125890374;2.31117961664241;
7.99968808097765;0.289538390003145;2.31621680749361;
7.99936144892126;0.288885125890374;2.31089653921423;
7.99870818480849;0.288885125890374;2.31070782092877;
8.00001471303403;0.288558493833989;2.30847219624285;
7.99936144892126;0.289211757946759;2.31350938709406;
7.99968808097765;0.288885125890374;2.31099089835695;
-8.00266962544993;0.288231861777604;-2.30662436533451;
-8.00266962544993;0.287251965608448;-2.29878258002551;
-8.00234299339354;0.288231861777604;-2.30653021956878;
-8.00299625750631;0.288558493833989;-2.30933254622507;
-8.00266962544993;0.288231861777604;-2.30662436533451;
-8.00266962544993;0.287251965608448;-2.29878258002551;
-8.00299625750631;0.288558493833989;-2.30933254622507;
-8.00234299339354;0.288231861777604;-2.30653021956878;
-8.00266962544993;0.287905229721218;-2.30401043689818;
-8.00266962544993;0.287578597664833;-2.30139650846184;
-8.00234299339354;0.288231861777604;-2.30653021956878;
-8.00299625750631;0.287578597664833;-2.30149044085057;
-8.00234299339354;0.288231861777604;-2.30653021956878;
-8.00364952161908;0.287578597664833;-2.30167830562803;
-8.00266962544993;0.287905229721218;-2.30401043689818;
-8.0033228895627;0.287578597664833;-2.3015843732393;
-8.00201636133716;0.288558493833989;-2.30904978886239;
-8.0033228895627;0.288558493833989;-2.3094267986793;
-8.00299625750631;0.288231861777604;-2.30671851110024;
-8.00266962544993;0.288231861777604;-2.30662436533451;
-8.00266962544993;0.287905229721218;-2.30401043689818;
-8.00299625750631;0.287905229721218;-2.30410447597541;
-8.00266962544993;0.287578597664833;-2.30139650846184;
-8.00266962544993;0.288231861777604;-2.30662436533451;
-8.00299625750631;0.288231861777604;-2.30671851110024;
-8.00266962544993;0.289538390003145;-2.31708007907984;
-8.00234299339354;0.288558493833989;-2.30914404131661;
-8.0033228895627;0.288231861777604;-2.30681265686597;
-8.00266962544993;0.288231861777604;-2.30662436533451;
-8.00299625750631;0.288231861777604;-2.30671851110024;
-8.00266962544993;0.288558493833989;-2.30923829377084;
-8.00234299339354;0.289211757946759;-2.31437168481228;
-8.00234299339354;0.288231861777604;-2.30653021956878;
-8.0033228895627;0.287905229721218;-2.30419851505263;
-8.0033228895627;0.288231861777604;-2.30681265686597;
-8.0033228895627;0.287578597664833;-2.3015843732393;
-8.0033228895627;0.287905229721218;-2.30419851505263;
-8.00266962544993;0.288231861777604;-2.30662436533451;
-8.00266962544993;0.287905229721218;-2.30401043689818;
-8.00266962544993;0.288231861777604;-2.30662436533451;
-8.00299625750631;0.288231861777604;-2.30671851110024;
-8.00234299339354;0.288231861777604;-2.30653021956878;
-8.00234299339354;0.287578597664833;-2.30130257607312;
-8.00299625750631;0.287578597664833;-2.30149044085057;
-8.0033228895627;0.288231861777604;-2.30681265686597;
-8.0033228895627;0.288885125890374;-2.31204094049263;
-8.00397615367547;0.288231861777604;-2.30700094839742;
-8.00234299339354;0.288231861777604;-2.30653021956878;
-8.00266962544993;0.288231861777604;-2.30662436533451;
-8.00266962544993;0.287578597664833;-2.30139650846184;
7.99903481686488;0.289211757946759;2.31341492126283;
7.99936144892126;0.288231861777604;2.30567084345456;
7.99936144892126;0.288558493833989;2.30828369133439;
8.00034134509042;0.288885125890374;2.31117961664241;
7.99903481686488;0.288885125890374;2.3108021800715;
7.99936144892126;0.289211757946759;2.31350938709406;
7.99936144892126;0.289211757946759;2.31350938709406;
8.00099460920319;0.288558493833989;2.30875495360554;
7.99968808097765;0.289211757946759;2.31360385292528;
8.00001471303403;0.288885125890374;2.31108525749968;
7.99903481686488;0.289538390003145;2.31602766245416;
8.00034134509042;0.289211757946759;2.31379278458774;
7.99936144892126;0.289211757946759;2.31350938709406;
7.99968808097765;0.289538390003145;2.31621680749361;
7.99936144892126;0.288885125890374;2.31089653921423;
7.99968808097765;0.288231861777604;2.30576498922029;
7.99936144892126;0.288231861777604;2.30567084345456;
7.99968808097765;0.288885125890374;2.31099089835695;
7.99968808097765;0.288885125890374;2.31099089835695;
8.00001471303403;0.289211757946759;2.31369831875651;
7.99936144892126;0.289538390003145;2.31612223497389;
7.99968808097765;0.289211757946759;2.31360385292528;
8.00001471303403;0.289538390003145;2.31631138001334;
7.99936144892126;0.288885125890374;2.31089653921423;
7.99903481686488;0.288885125890374;2.3108021800715;
7.99903481686488;0.288885125890374;2.3108021800715;
7.99936144892126;0.288885125890374;2.31089653921423;
8.00001471303403;0.288885125890374;2.31108525749968;
7.99968808097765;0.289211757946759;2.31360385292528;
7.99968808097765;0.289211757946759;2.31360385292528;
8.00001471303403;0.289538390003145;2.31631138001334;
7.99936144892126;0.288558493833989;2.30828369133439;
7.99936144892126;0.288885125890374;2.31089653921423;
7.99936144892126;0.289211757946759;2.31350938709406;
;;;0.000713988260567934
8.00001471303403;0.287905229721218;2.30324607372919;
7.99870818480849;0.288558493833989;2.30809518642594;
7.99903481686488;0.288885125890374;2.3108021800715;
8.00001471303403;0.289538390003145;2.31631138001334;
7.99936144892126;0.288231861777604;2.30567084345456;
7.99968808097765;0.288558493833989;2.30837794378862;
7.99870818480849;0.289211757946759;2.3133204554316;
8.00001471303403;0.289211757946759;2.31369831875651;
7.99968808097765;0.288885125890374;2.31099089835695;
7.99968808097765;0.289211757946759;2.31360385292528;
8.00034134509042;0.288885125890374;2.31117961664241;
7.99903481686488;0.289538390003145;2.31602766245416;
7.99903481686488;0.289211757946759;2.31341492126283;
8.00001471303403;0.288885125890374;2.31108525749968;
7.99936144892126;0.289538390003145;2.31612223497389;
8.00001471303403;0.289538390003145;2.31631138001334;
-8.00234299339354;0.287905229721218;-2.30391639782095;
-8.00266962544993;0.288558493833989;-2.30923829377084;
-8.00266962544993;0.288231861777604;-2.30662436533451;
-8.00299625750631;0.287578597664833;-2.30149044085057;
-8.00266962544993;0.288231861777604;-2.30662436533451;
-8.0033228895627;0.287905229721218;-2.30419851505263;
-8.00234299339354;0.287905229721218;-2.30391639782095;
-8.00266962544993;0.287905229721218;-2.30401043689818;
-8.00201636133716;0.287905229721218;-2.30382235874372;
-8.00234299339354;0.287905229721218;-2.30391639782095;
-8.00299625750631;0.288231861777604;-2.30671851110024;
-8.0033228895627;0.288558493833989;-2.3094267986793;
-8.0033228895627;0.287578597664833;-2.3015843732393;
-8.00364952161908;0.287905229721218;-2.30429255412986;
-8.00299625750631;0.288231861777604;-2.30671851110024;
-8.00299625750631;0.287905229721218;-2.30410447597541;
-8.00266962544993;0.288231861777604;-2.30662436533451;
-8.0033228895627;0.288231861777604;-2.30681265686597;
-8.00266962544993;0.288231861777604;-2.30662436533451;
-8.00234299339354;0.288558493833989;-2.30914404131661;
-8.0033228895627;0.287905229721218;-2.30419851505263;
-8.00299625750631;0.288558493833989;-2.30933254622507;
-8.00266962544993;0.288558493833989;-2.30923829377084;
-8.00299625750631;0.288885125890374;-2.3119465813499;
-8.00234299339354;0.287578597664833;-2.30130257607312;
-8.00266962544993;0.288231861777604;-2.30662436533451;
-8.00266962544993;0.288231861777604;-2.30662436533451;
-8.00234299339354;0.288231861777604;-2.30653021956878;
-8.0033228895627;0.287905229721218;-2.30419851505263;
-8.00266962544993;0.287905229721218;-2.30401043689818;
-8.00299625750631;0.287905229721218;-2.30410447597541;
-8.0033228895627;0.288231861777604;-2.30681265686597;
-8.00299625750631;0.288231861777604;-2.30671851110024;
-8.00299625750631;0.287578597664833;-2.30149044085057;
-8.0033228895627;0.287578597664833;-2.3015843732393;
-8.00364952161908;0.287905229721218;-2.30429255412986;
-8.00266962544993;0.287905229721218;-2.30401043689818;
-8.00364952161908;0.288231861777604;-2.30690680263169;
-8.00364952161908;0.288885125890374;-2.31213529963536;
-8.00299625750631;0.288231861777604;-2.30671851110024;
-8.00299625750631;0.288231861777604;-2.30671851110024;
-8.00299625750631;0.287905229721218;-2.30410447597541;
-8.00234299339354;0.287905229721218;-2.30391639782095;
-8.00266962544993;0.287578597664833;-2.30139650846184;
-8.00299625750631;0.288231861777604;-2.30671851110024;
-8.00266962544993;0.288231861777604;-2.30662436533451;
-8.00234299339354;0.287905229721218;-2.30391639782095;
-8.00266962544993;0.287905229721218;-2.30401043689818;
-8.00364952161908;0.287905229721218;-2.30429255412986;
-8.00266962544993;0.288885125890374;-2.31185222220718;
7.99870818480849;0.289211757946759;2.3133204554316;
7.99903481686488;0.288885125890374;2.3108021800715;
7.99903481686488;0.289211757946759;2.31341492126283;
7.99903481686488;0.288885125890374;2.3108021800715;
8.00001471303403;0.289211757946759;2.31369831875651;
8.00001471303403;0.288558493833989;2.30847219624285;
7.99903481686488;0.289211757946759;2.31341492126283;
7.99936144892126;0.289211757946759;2.31350938709406;
8.0006679771468;0.288885125890374;2.31127397578514;
7.99936144892126;0.288885125890374;2.31089653921423;
7.99903481686488;0.288885125890374;2.3108021800715;
7.99968808097765;0.289211757946759;2.31360385292528;
7.99903481686488;0.288885125890374;2.3108021800715;
7.99936144892126;0.289211757946759;2.31350938709406;
7.99936144892126;0.288885125890374;2.31089653921423;
8.00001471303403;0.288558493833989;2.30847219624285;
7.99870818480849;0.289211757946759;2.3133204554316;
7.99903481686488;0.288885125890374;2.3108021800715;
7.99936144892126;0.288558493833989;2.30828369133439;
7.99870818480849;0.288885125890374;2.31070782092877;
7.99936144892126;0.289538390003145;2.31612223497389;
7.99968808097765;0.289211757946759;2.31360385292528;
7.99968808097765;0.288885125890374;2.31099089835695;
7.99903481686488;0.288558493833989;2.30818943888017;
7.99936144892126;0.288558493833989;2.30828369133439;
7.99968808097765;0.288558493833989;2.30837794378862;
7.99870818480849;0.288885125890374;2.31070782092877;
8.00001471303403;0.289211757946759;2.31369831875651;
7.99903481686488;0.289211757946759;2.31341492126283;
7.99870818480849;0.288885125890374;2.31070782092877;
7.99936144892126;0.288558493833989;2.30828369133439;
7.99968808097765;0.289211757946759;2.31360385292528;
7.99968808097765;0.288885125890374;2.31099089835695;
7.99968808097765;0.288885125890374;2.31099089835695;
;;;0.000737226417570416
7.99968808097765;0.289211757946759;2.31360385292528;
7.99968808097765;0.288885125890374;2.31099089835695;
7.99968808097765;0.288885125890374;2.31099089835695;
8.00034134509042;0.288885125890374;2.31117961664241;
7.99968808097765;0.289211757946759;2.31360385292528;
7.99968808097765;0.288558493833989;2.30837794378862;
7.99936144892126;0.289538390003145;2.31612223497389;
7.99870818480849;0.289211757946759;2.3133204554316;
8.00001471303403;0.288231861777604;2.30585913498602;
7.99968808097765;0.289538390003145;2.31621680749361;
7.99936144892126;0.288885125890374;2.31089653921423;
7.99968808097765;0.288558493833989;2.30837794378862;
7.99903481686488;0.288558493833989;2.30818943888017;
7.99936144892126;0.288558493833989;2.30828369133439;
8.00001471303403;0.289538390003145;2.31631138001334;
7.99903481686488;0.289211757946759;2.31341492126283;
-8.00299625750631;0.288558493833989;-2.30933254622507;
-8.00266962544993;0.287905229721218;-2.30401043689818;
-8.00266962544993;0.288558493833989;-2.30923829377084;
-8.00234299339354;0.288558493833989;-2.30914404131661;
-8.00266962544993;0.287905229721218;-2.30401043689818;
-8.0033228895627;0.288558493833989;-2.3094267986793;
-8.00234299339354;0.288558493833989;-2.30914404131661;
-8.00299625750631;0.287905229721218;-2.30410447597541;
-8.00364952161908;0.287905229721218;-2.30429255412986;
-8.0033228895627;0.287578597664833;-2.3015843732393;
-8.00234299339354;0.287905229721218;-2.30391639782095;
-8.00266962544993;0.288558493833989;-2.30923829377084;
-8.00299625750631;0.288231861777604;-2.30671851110024;
-8.00299625750631;0.288231861777604;-2.30671851110024;
-8.0033228895627;0.288558493833989;-2.3094267986793;
-8.00299625750631;0.288558493833989;-2.30933254622507;
-8.00299625750631;0.287251965608448;-2.29887640572574;
-8.00234299339354;0.288231861777604;-2.30653021956878;
-8.0033228895627;0.288231861777604;-2.30681265686597;
-8.00397615367547;0.287905229721218;-2.30438659320709;
-8.00234299339354;0.288231861777604;-2.30653021956878;
-8.00266962544993;0.287578597664833;-2.30139650846184;
-8.00266962544993;0.288231861777604;-2.30662436533451;
-8.00266962544993;0.288558493833989;-2.30923829377084;
-8.00266962544993;0.287578597664833;-2.30139650846184;
-8.00299625750631;0.287905229721218;-2.30410447597541;
-8.00364952161908;0.288231861777604;-2.30690680263169;
-8.00234299339354;0.288231861777604;-2.30653021956878;
-8.00266962544993;0.288231861777604;-2.30662436533451;
-8.0033228895627;0.287905229721218;-2.30419851505263;
-8.00234299339354;0.288231861777604;-2.30653021956878;
-8.00201636133716;0.288231861777604;-2.30643607380305;
-8.00266962544993;0.287905229721218;-2.30401043689818;
-8.00234299339354;0.288231861777604;-2.30653021956878;
-8.00201636133716;0.287905229721218;-2.30382235874372;
-8.00266962544993;0.287905229721218;-2.30401043689818;
-8.0033228895627;0.288231861777604;-2.30681265686597;
-8.00299625750631;0.288231861777604;-2.30671851110024;
-8.00299625750631;0.288231861777604;-2.30671851110024;
-8.00299625750631;0.288558493833989;-2.30933254622507;
-8.00299625750631;0.287905229721218;-2.30410447597541;
-8.00299625750631;0.287905229721218;-2.30410447597541;
-8.00299625750631;0.288558493833989;-2.30933254622507;
-8.00299625750631;0.287905229721218;-2.30410447597541;
-8.00266962544993;0.287578597664833;-2.30139650846184;
-8.00234299339354;0.288231861777604;-2.30653021956878;
-8.00299625750631;0.288558493833989;-2.30933254622507;
-8.00299625750631;0.287905229721218;-2.30410447597541;
-8.00299625750631;0.287578597664833;-2.30149044085057;
-8.00364952161908;0.288231861777604;-2.30690680263169;
7.99968808097765;0.288558493833989;2.30837794378862;
7.99870818480849;0.288558493833989;2.30809518642594;
8.00001471303403;0.289211757946759;2.31369831875651;
8.00001471303403;0.288885125890374;2.31108525749968;
7.99936144892126;0.288231861777604;2.30567084345456;
7.99870818480849;0.288558493833989;2.30809518642594;
7.99870818480849;0.288558493833989;2.30809518642594;
8.00001471303403;0.288558493833989;2.30847219624285;
7.99903481686488;0.288558493833989;2.30818943888017;
7.99903481686488;0.289211757946759;2.31341492126283;
7.99936144892126;0.288885125890374;2.31089653921423;
7.99968808097765;0.289211757946759;2.31360385292528;
7.99968808097765;0.288885125890374;2.31099089835695;
7.99968808097765;0.288885125890374;2.31099089835695;
8.00034134509042;0.288231861777604;2.30595328075175;
7.99936144892126;0.288558493833989;2.30828369133439;
7.99870818480849;0.288885125890374;2.31070782092877;
8.00001471303403;0.288885125890374;2.31108525749968;
7.99936144892126;0.288885125890374;2.31089653921423;
7.99903481686488;0.288885125890374;2.3108021800715;
7.99968808097765;0.288885125890374;2.31099089835695;
8.00001471303403;0.288558493833989;2.30847219624285;
7.99936144892126;0.288558493833989;2.30828369133439;
7.99903481686488;0.289211757946759;2.31341492126283;
7.99968808097765;0.288558493833989;2.30837794378862;
8.00001471303403;0.288558493833989;2.30847219624285;
7.99936144892126;0.288885125890374;2.31089653921423;
8.00001471303403;0.288558493833989;2.30847219624285;
8.00001471303403;0.288558493833989;2.30847219624285;
7.99936144892126;0.288558493833989;2.30828369133439;
7.99903481686488;0.288558493833989;2.30818943888017;
7.99968808097765;0.289538390003145;2.31621680749361;
7.99968808097765;0.289211757946759;2.31360385292528;
8.00001471303403;0.288885125890374;2.31108525749968;
;;;0.000585631824853203
7.99903481686488;0.288558493833989;2.30818943888017;
7.99936144892126;0.288558493833989;2.30828369133439;
7.99936144892126;0.288231861777604;2.30567084345456;
8.00001471303403;0.288558493833989;2.30847219624285;
7.99903481686488;0.288885125890374;2.3108021800715;
7.99936144892126;0.288558493833989;2.30828369133439;
7.99870818480849;0.288558493833989;2.30809518642594;
7.99968808097765;0.288231861777604;2.30576498922029;
8.00001471303403;0.289211757946759;2.31369831875651;
7.99903481686488;0.288885125890374;2.3108021800715;
8.00001471303403;0.288885125890374;2.31108525749968;
7.99936144892126;0.288885125890374;2.31089653921423;
8.00001471303403;0.288885125890374;2.31108525749968;
7.99903481686488;0.288231861777604;2.30557669768884;
8.0006679771468;0.288885125890374;2.31127397578514;
7.99968808097765;0.288231861777604;2.30576498922029;
-8.00299625750631;0.287578597664833;-2.30149044085057;
-8.00201636133716;0.287578597664833;-2.30120864368439;
-8.00266962544993;0.287578597664833;-2.30139650846184;
-8.0033228895627;0.288231861777604;-2.30681265686597;
-8.00266962544993;0.287578597664833;-2.30139650846184;
-8.00266962544993;0.288558493833989;-2.30923829377084;
-8.00266962544993;0.288231861777604;-2.30662436533451;
-8.00234299339354;0.288558493833989;-2.30914404131661;
-8.0033228895627;0.287905229721218;-2.30419851505263;
-8.00299625750631;0.287905229721218;-2.30410447597541;
-8.00299625750631;0.288231861777604;-2.30671851110024;
-8.00299625750631;0.288231861777604;-2.30671851110024;
-8.0033228895627;0.287578597664833;-2.3015843732393;
-8.00266962544993;0.287905229721218;-2.30401043689818;
-8.00234299339354;0.287578597664833;-2.30130257607312;
-8.00266962544993;0.287905229721218;-2.30401043689818;
-8.00266962544993;0.288231861777604;-2.30662436533451;
-8.00234299339354;0.288558493833989;-2.30914404131661;
-8.00201636133716;0.288231861777604;-2.30643607380305;
-8.00266962544993;0.287905229721218;-2.30401043689818;
-8.00266962544993;0.287905229721218;-2.30401043689818;
-8.00299625750631;0.287905229721218;-2.30410447597541;
-8.00201636133716;0.287578597664833;-2.30120864368439;
-8.00266962544993;0.288231861777604;-2.30662436533451;
-8.00266962544993;0.287905229721218;-2.30401043689818;
-8.00299625750631;0.288231861777604;-2.30671851110024;
-8.00266962544993;0.288558493833989;-2.30923829377084;
-8.00234299339354;0.288231861777604;-2.30653021956878;
-8.00234299339354;0.288231861777604;-2.30653021956878;
-8.00299625750631;0.287905229721218;-2.30410447597541;
-8.00364952161908;0.288558493833989;-2.30952105113353;
-8.00299625750631;0.287578597664833;-2.30149044085057;
-8.0033228895627;0.287905229721218;-2.30419851505263;
-8.00299625750631;0.288231861777604;-2.30671851110024;
-8.00266962544993;0.287578597664833;-2.30139650846184;
-8.00299625750631;0.287578597664833;-2.30149044085057;
-8.0033228895627;0.287905229721218;-2.30419851505263;
-8.00299625750631;0.287905229721218;-2.30410447597541;
-8.00201636133716;0.287578597664833;-2.30120864368439;
-8.00266962544993;0.288558493833989;-2.30923829377084;
-8.00266962544993;0.288231861777604;-2.30662436533451;
-8.00266962544993;0.287578597664833;-2.30139650846184;
-8.0033228895627;0.288231861777604;-2.30681265686597;
-8.00266962544993;0.287905229721218;-2.30401043689818;
-8.00299625750631;0.288231861777604;-2.30671851110024;
-8.00266962544993;0.287578597664833;-2.30139650846184;
-8.00234299339354;0.287905229721218;-2.30391639782095;
-8.00364952161908;0.288231861777604;-2.30690680263169;
-8.0033228895627;0.287905229721218;-2.30419851505263;
-8.00299625750631;0.287905229721218;-2.30410447597541;
8.00034134509042;0.289211757946759;2.31379278458774;
7.99936144892126;0.287905229721218;2.30305799557473;
7.99968808097765;0.288885125890374;2.31099089835695;
7.99870818480849;0.288885125890374;2.31070782092877;
7.99968808097765;0.288558493833989;2.30837794378862;
7.99968808097765;0.289211757946759;2.31360385292528;
8.00034134509042;0.289211757946759;2.31379278458774;
8.00001471303403;0.288885125890374;2.31108525749968;
7.99936144892126;0.288558493833989;2.30828369133439;
7.99968808097765;0.288558493833989;2.30837794378862;
7.99968808097765;0.289211757946759;2.31360385292528;
7.99870818480849;0.289211757946759;2.3133204554316;
8.00034134509042;0.288231861777604;2.30595328075175;
8.00034134509042;0.288231861777604;2.30595328075175;
7.99936144892126;0.287905229721218;2.30305799557473;
7.99903481686488;0.288558493833989;2.30818943888017;
8.00034134509042;0.288558493833989;2.30856644869708;
8.00034134509042;0.288558493833989;2.30856644869708;
7.99936144892126;0.288885125890374;2.31089653921423;
7.99936144892126;0.288885125890374;2.31089653921423;
7.99968808097765;0.288885125890374;2.31099089835695;
8.00001471303403;0.288558493833989;2.30847219624285;
7.99870818480849;0.288558493833989;2.30809518642594;
8.00034134509042;0.288885125890374;2.31117961664241;
7.99968808097765;0.288231861777604;2.30576498922029;
8.00034134509042;0.289211757946759;2.31379278458774;
7.99870818480849;0.288231861777604;2.30548255192311;
7.99936144892126;0.288231861777604;2.30567084345456;
7.99936144892126;0.288885125890374;2.31089653921423;
8.00001471303403;0.288558493833989;2.30847219624285;
7.99936144892126;0.288885125890374;2.31089653921423;
8.00034134509042;0.288558493833989;2.30856644869708;
7.99968808097765;0.288231861777604;2.30576498922029;
8.00034134509042;0.289211757946759;2.31379278458774;
;;;0.000559385961234566
7.99936144892126;0.288558493833989;2.30828369133439;
7.99936144892126;0.288885125890374;2.31089653921423;
7.99936144892126;0.289211757946759;2.31350938709406;
7.99870818480849;0.288558493833989;2.30809518642594;
7.99903481686488;0.288558493833989;2.30818943888017;
7.99936144892126;0.288231861777604;2.30567084345456;
8.00001471303403;0.288558493833989;2.30847219624285;
7.99936144892126;0.288558493833989;2.30828369133439;
8.00001471303403;0.289211757946759;2.31369831875651;
7.99936144892126;0.288231861777604;2.30567084345456;
8.00001471303403;0.288231861777604;2.30585913498602;
8.00001471303403;0.288231861777604;2.30585913498602;
8.00001471303403;0.288885125890374;2.31108525749968;
8.00001471303403;0.288558493833989;2.30847219624285;
7.99936144892126;0.288558493833989;2.30828369133439;
7.99870818480849;0.289211757946759;2.3133204554316;
-8.00234299339354;0.287905229721218;-2.30391639782095;
-8.00299625750631;0.287905229721218;-2.30410447597541;
-8.00201636133716;0.287905229721218;-2.30382235874372;
-8.00364952161908;0.287905229721218;-2.30429255412986;
-8.00364952161908;0.287578597664833;-2.30167830562803;
-8.00234299339354;0.288231861777604;-2.30653021956878;
-8.0033228895627;0.287905229721218;-2.30419851505263;
-8.00266962544993;0.287905229721218;-2.30401043689818;
-8.00201636133716;0.287905229721218;-2.30382235874372;
-8.00299625750631;0.287905229721218;-2.30410447597541;
-8.0033228895627;0.287578597664833;-2.3015843732393;
-8.00266962544993;0.287905229721218;-2.30401043689818;
-8.00234299339354;0.287905229721218;-2.30391639782095;
-8.00266962544993;0.287578597664833;-2.30139650846184;
-8.00299625750631;0.286925333552063;-2.29626237060091;
-8.00266962544993;0.288231861777604;-2.30662436533451;
-8.0033228895627;0.287905229721218;-2.30419851505263;
-8.00234299339354;0.288558493833989;-2.30914404131661;
-8.0033228895627;0.288231861777604;-2.30681265686597;
-8.00201636133716;0.288558493833989;-2.30904978886239;
-8.00299625750631;0.287905229721218;-2.30410447597541;
-8.00266962544993;0.288231861777604;-2.30662436533451;
-8.0033228895627;0.287905229721218;-2.30419851505263;
-8.00299625750631;0.288231861777604;-2.30671851110024;
-8.0033228895627;0.287905229721218;-2.30419851505263;
-8.00266962544993;0.287578597664833;-2.30139650846184;
-8.00266962544993;0.288231861777604;-2.30662436533451;
-8.00201636133716;0.288231861777604;-2.30643607380305;
-8.00168972928077;0.287905229721218;-2.30372831966649;
-8.00234299339354;0.287578597664833;-2.30130257607312;
-8.00266962544993;0.288558493833989;-2.30923829377084;
-8.00234299339354;0.287578597664833;-2.30130257607312;
-8.00234299339354;0.288885125890374;-2.31175786306445;
-8.00299625750631;0.287578597664833;-2.30149044085057;
-8.00266962544993;0.287905229721218;-2.30401043689818;
-8.00266962544993;0.287578597664833;-2.30139650846184;
-8.00266962544993;0.287905229721218;-2.30401043689818;
-8.00234299339354;0.287578597664833;-2.30130257607312;
-8.00266962544993;0.287905229721218;-2.30401043689818;
-8.00234299339354;0.287578597664833;-2.30130257607312;
-8.0033228895627;0.287905229721218;-2.30419851505263;
-8.00299625750631;0.286925333552063;-2.29626237060091;
-8.00299625750631;0.287578597664833;-2.30149044085057;
-8.0033228895627;0.287578597664833;-2.3015843732393;
-8.00234299339354;0.287905229721218;-2.30391639782095;
-8.0033228895627;0.287905229721218;-2.30419851505263;
-8.0033228895627;0.287905229721218;-2.30419851505263;
-8.00266962544993;0.288231861777604;-2.30662436533451;
-8.00299625750631;0.287251965608448;-2.29887640572574;
-8.0033228895627;0.287905229721218;-2.30419851505263;
7.99903481686488;0.288231861777604;2.30557669768884;
8.00034134509042;0.287905229721218;2.30334011280642;
7.99968808097765;0.287905229721218;2.30315203465196;
7.99903481686488;0.288231861777604;2.30557669768884;
7.99870818480849;0.289211757946759;2.3133204554316;
7.99936144892126;0.289211757946759;2.31350938709406;
8.00001471303403;0.288558493833989;2.30847219624285;
7.99936144892126;0.288558493833989;2.30828369133439;
7.99936144892126;0.288558493833989;2.30828369133439;
8.00001471303403;0.288231861777604;2.30585913498602;
8.00001471303403;0.288885125890374;2.31108525749968;
7.99936144892126;0.288885125890374;2.31089653921423;
8.00001471303403;0.289538390003145;2.31631138001334;
7.99968808097765;0.288231861777604;2.30576498922029;
7.99936144892126;0.288558493833989;2.30828369133439;
7.99936144892126;0.288558493833989;2.30828369133439;
7.99903481686488;0.288558493833989;2.30818943888017;
7.99936144892126;0.288558493833989;2.30828369133439;
7.99968808097765;0.288558493833989;2.30837794378862;
7.99903481686488;0.289211757946759;2.31341492126283;
8.00001471303403;0.288558493833989;2.30847219624285;
7.99968808097765;0.288885125890374;2.31099089835695;
7.99903481686488;0.288558493833989;2.30818943888017;
7.99936144892126;0.288558493833989;2.30828369133439;
7.99936144892126;0.288231861777604;2.30567084345456;
8.00034134509042;0.288231861777604;2.30595328075175;
7.99936144892126;0.288885125890374;2.31089653921423;
7.99936144892126;0.288231861777604;2.30567084345456;
8.00001471303403;0.288558493833989;2.30847219624285;
7.99870818480849;0.288231861777604;2.30548255192311;
7.99936144892126;0.288231861777604;2.30567084345456;
7.99936144892126;0.288558493833989;2.30828369133439;
8.00001471303403;0.288885125890374;2.31108525749968;
8.00001471303403;0.288558493833989;2.30847219624285;
;;;0.000588319451280934
7.99936144892126;0.288885125890374;2.31089653921423;
7.99936144892126;0.288558493833989;2.30828369133439;
7.99936144892126;0.288231861777604;2.30567084345456;
7.99936144892126;0.288558493833989;2.30828369133439;
7.99936144892126;0.288885125890374;2.31089653921423;
7.99936144892126;0.288558493833989;2.30828369133439;
7.99936144892126;0.288558493833989;2.30828369133439;
7.99968808097765;0.288231861777604;2.30576498922029;
7.99936144892126;0.288885125890374;2.31089653921423;
8.00001471303403;0.288558493833989;2.30847219624285;
8.00034134509042;0.288558493833989;2.30856644869708;
8.00001471303403;0.288885125890374;2.31108525749968;
7.99968808097765;0.288885125890374;2.31099089835695;
7.99968808097765;0.288558493833989;2.30837794378862;
7.99936144892126;0.288558493833989;2.30828369133439;
7.99903481686488;0.288558493833989;2.30818943888017;
-8.00234299339354;0.287905229721218;-2.30391639782095;
-8.00299625750631;0.287905229721218;-2.30410447597541;
-8.00266962544993;0.287905229721218;-2.30401043689818;
-8.00266962544993;0.287578597664833;-2.30139650846184;
-8.00299625750631;0.287905229721218;-2.30410447597541;
-8.00299625750631;0.287905229721218;-2.30410447597541;
-8.00299625750631;0.287905229721218;-2.30410447597541;
-8.00234299339354;0.287251965608448;-2.29868875432528;
-8.00266962544993;0.287578597664833;-2.30139650846184;
-8.00266962544993;0.286925333552063;-2.29616865158918;
-8.00299625750631;0.287251965608448;-2.29887640572574;
-8.00266962544993;0.287905229721218;-2.30401043689818;
-8.00299625750631;0.287578597664833;-2.30149044085057;
-8.00364952161908;0.287578597664833;-2.30167830562803;
-8.00364952161908;0.287578597664833;-2.30167830562803;
-8.00299625750631;0.287578597664833;-2.30149044085057;
-8.001036465168;0.288231861777604;-2.30615363650587;
-8.0033228895627;0.288231861777604;-2.30681265686597;
-8.00266962544993;0.287578597664833;-2.30139650846184;
-8.00234299339354;0.288558493833989;-2.30914404131661;
-8.00201636133716;0.287905229721218;-2.30382235874372;
-8.0033228895627;0.287905229721218;-2.30419851505263;
-8.00266962544993;0.287905229721218;-2.30401043689818;
-8.00266962544993;0.287905229721218;-2.30401043689818;
-8.00299625750631;0.287905229721218;-2.30410447597541;
-8.00266962544993;0.287578597664833;-2.30139650846184;
-8.00299625750631;0.287578597664833;-2.30149044085057;
-8.00299625750631;0.286925333552063;-2.29626237060091;
-8.00299625750631;0.288231861777604;-2.30671851110024;
-8.00266962544993;0.288231861777604;-2.30662436533451;
-8.00299625750631;0.288231861777604;-2.30671851110024;
-8.00234299339354;0.288231861777604;-2.30653021956878;
-8.0033228895627;0.287578597664833;-2.3015843732393;
-8.0033228895627;0.287905229721218;-2.30419851505263;
-8.00364952161908;0.287905229721218;-2.30429255412986;
-8.00299625750631;0.287578597664833;-2.30149044085057;
-8.00234299339354;0.287905229721218;-2.30391639782095;
-8.0033228895627;0.287578597664833;-2.3015843732393;
-8.00266962544993;0.287251965608448;-2.29878258002551;
-8.00299625750631;0.288231861777604;-2.30671851110024;
-8.00234299339354;0.287578597664833;-2.30130257607312;
-8.00299625750631;0.288231861777604;-2.30671851110024;
-8.00266962544993;0.287578597664833;-2.30139650846184;
-8.00266962544993;0.287578597664833;-2.30139650846184;
-8.00299625750631;0.287578597664833;-2.30149044085057;
-8.00299625750631;0.287578597664833;-2.30149044085057;
-8.00299625750631;0.288231861777604;-2.30671851110024;
-8.00299625750631;0.287251965608448;-2.29887640572574;
-8.00234299339354;0.287578597664833;-2.30130257607312;
-8.00299625750631;0.288231861777604;-2.30671851110024;
7.99936144892126;0.288885125890374;2.31089653921423;
7.99968808097765;0.288231861777604;2.30576498922029;
7.99968808097765;0.288558493833989;2.30837794378862;
8.00001471303403;0.288885125890374;2.31108525749968;
8.00034134509042;0.288558493833989;2.30856644869708;
8.00034134509042;0.288885125890374;2.31117961664241;
7.99936144892126;0.287578597664833;2.3004451476949;
8.00001471303403;0.289211757946759;2.31369831875651;
8.00034134509042;0.287905229721218;2.30334011280642;
8.0006679771468;0.288885125890374;2.31127397578514;
8.00034134509042;0.288231861777604;2.30595328075175;
8.00001471303403;0.288885125890374;2.31108525749968;
8.00034134509042;0.288231861777604;2.30595328075175;
7.99870818480849;0.288231861777604;2.30548255192311;
7.99968808097765;0.288231861777604;2.30576498922029;
7.99968808097765;0.288231861777604;2.30576498922029;
8.00034134509042;0.288885125890374;2.31117961664241;
7.99936144892126;0.288231861777604;2.30567084345456;
7.99968808097765;0.289211757946759;2.31360385292528;
8.00001471303403;0.288231861777604;2.30585913498602;
7.99968808097765;0.288231861777604;2.30576498922029;
8.00034134509042;0.288885125890374;2.31117961664241;
8.00001471303403;0.288885125890374;2.31108525749968;
7.99936144892126;0.288558493833989;2.30828369133439;
7.99968808097765;0.288231861777604;2.30576498922029;
8.00001471303403;0.288558493833989;2.30847219624285;
7.99936144892126;0.288558493833989;2.30828369133439;
7.99936144892126;0.288558493833989;2.30828369133439;
7.99968808097765;0.288558493833989;2.30837794378862;
7.99968808097765;0.289538390003145;2.31621680749361;
7.99968808097765;0.289211757946759;2.31360385292528;
7.99936144892126;0.288885125890374;2.31089653921423;
7.99936144892126;0.288558493833989;2.30828369133439;
7.99968808097765;0.288231861777604;2.30576498922029;
;;;0.000704604896772734
8.00034134509042;0.288885125890374;2.31117961664241;
7.99968808097765;0.288558493833989;2.30837794378862;
7.99903481686488;0.289211757946759;2.31341492126283;
7.99968808097765;0.288231861777604;2.30576498922029;
8.00001471303403;0.288885125890374;2.31108525749968;
7.99936144892126;0.288558493833989;2.30828369133439;
7.99936144892126;0.289211757946759;2.31350938709406;
7.99968808097765;0.289211757946759;2.31360385292528;
7.99968808097765;0.288231861777604;2.30576498922029;
7.99903481686488;0.288558493833989;2.30818943888017;
7.99936144892126;0.288558493833989;2.30828369133439;
7.99903481686488;0.288558493833989;2.30818943888017;
8.00001471303403;0.288558493833989;2.30847219624285;
8.00001471303403;0.288885125890374;2.31108525749968;
7.99968808097765;0.288885125890374;2.31099089835695;
7.99968808097765;0.288558493833989;2.30837794378862;
-8.00299625750631;0.288558493833989;-2.30933254622507;
-8.00266962544993;0.287905229721218;-2.30401043689818;
-8.00234299339354;0.287251965608448;-2.29868875432528;
-8.00266962544993;0.287905229721218;-2.30401043689818;
-8.00234299339354;0.287578597664833;-2.30130257607312;
-8.00266962544993;0.287578597664833;-2.30139650846184;
-8.00266962544993;0.287578597664833;-2.30139650846184;
-8.00266962544993;0.287905229721218;-2.30401043689818;
-8.00266962544993;0.288231861777604;-2.30662436533451;
-8.0033228895627;0.287905229721218;-2.30419851505263;
-8.00299625750631;0.287905229721218;-2.30410447597541;
-8.0033228895627;0.287578597664833;-2.3015843732393;
-8.00234299339354;0.288231861777604;-2.30653021956878;
-8.00266962544993;0.288231861777604;-2.30662436533451;
-8.00299625750631;0.287251965608448;-2.29887640572574;
-8.00234299339354;0.287578597664833;-2.30130257607312;
-8.00299625750631;0.287905229721218;-2.30410447597541;
-8.00266962544993;0.287905229721218;-2.30401043689818;
-8.00299625750631;0.288231861777604;-2.30671851110024;
-8.0033228895627;0.288231861777604;-2.30681265686597;
-8.00299625750631;0.288558493833989;-2.30933254622507;
-8.00266962544993;0.287578597664833;-2.30139650846184;
-8.00299625750631;0.288231861777604;-2.30671851110024;
-8.00299625750631;0.287578597664833;-2.30149044085057;
-8.00201636133716;0.287578597664833;-2.30120864368439;
-8.00234299339354;0.287905229721218;-2.30391639782095;
-8.00299625750631;0.288558493833989;-2.30933254622507;
-8.00234299339354;0.288231861777604;-2.30653021956878;
-8.00299625750631;0.287578597664833;-2.30149044085057;
-8.00266962544993;0.287905229721218;-2.30401043689818;
-8.00266962544993;0.287578597664833;-2.30139650846184;
-8.00234299339354;0.288231861777604;-2.30653021956878;
-8.00266962544993;0.287578597664833;-2.30139650846184;
-8.00168972928077;0.287905229721218;-2.30372831966649;
-8.00266962544993;0.288231861777604;-2.30662436533451;
-8.0033228895627;0.287905229721218;-2.30419851505263;
-8.00234299339354;0.288885125890374;-2.31175786306445;
-8.00299625750631;0.287905229721218;-2.30410447597541;
-8.00299625750631;0.287578597664833;-2.30149044085057;
-8.0033228895627;0.287251965608448;-2.29897023142597;
-8.00299625750631;0.287251965608448;-2.29887640572574;
-8.0033228895627;0.287905229721218;-2.30419851505263;
-8.00364952161908;0.288558493833989;-2.30952105113353;
-8.00266962544993;0.287578597664833;-2.30139650846184;
-8.00299625750631;0.287905229721218;-2.30410447597541;
-8.0033228895627;0.287578597664833;-2.3015843732393;
-8.00299625750631;0.288231861777604;-2.30671851110024;
-8.00364952161908;0.287905229721218;-2.30429255412986;
-8.00299625750631;0.287905229721218;-2.30410447597541;
-8.00266962544993;0.288231861777604;-2.30662436533451;
7.99903481686488;0.288885125890374;2.3108021800715;
7.99870818480849;0.288558493833989;2.30809518642594;
7.99903481686488;0.288231861777604;2.30557669768884;
7.99936144892126;0.288231861777604;2.30567084345456;
7.99903481686488;0.288231861777604;2.30557669768884;
7.99903481686488;0.287905229721218;2.30296395649751;
7.99903481686488;0.288885125890374;2.3108021800715;
8.00001471303403;0.288558493833989;2.30847219624285;
7.99903481686488;0.289211757946759;2.31341492126283;
8.00001471303403;0.287905229721218;2.30324607372919;
7.99903481686488;0.288885125890374;2.3108021800715;
7.99936144892126;0.288558493833989;2.30828369133439;
8.00001471303403;0.288231861777604;2.30585913498602;
7.99936144892126;0.288558493833989;2.30828369133439;
7.99968808097765;0.289211757946759;2.31360385292528;
7.99903481686488;0.288231861777604;2.30557669768884;
7.99870818480849;0.288558493833989;2.30809518642594;
8.00001471303403;0.288558493833989;2.30847219624285;
7.99968808097765;0.288231861777604;2.30576498922029;
7.99936144892126;0.288231861777604;2.30567084345456;
8.00001471303403;0.288885125890374;2.31108525749968;
7.99968808097765;0.288885125890374;2.31099089835695;
8.00001471303403;0.288231861777604;2.30585913498602;
7.99936144892126;0.287905229721218;2.30305799557473;
7.99968808097765;0.288885125890374;2.31099089835695;
7.99968808097765;0.287578597664833;2.30053908008363;
7.99936144892126;0.287905229721218;2.30305799557473;
8.00001471303403;0.288558493833989;2.30847219624285;
7.99968808097765;0.288231861777604;2.30576498922029;
7.99903481686488;0.288558493833989;2.30818943888017;
7.99870818480849;0.289211757946759;2.3133204554316;
7.99968808097765;0.288231861777604;2.30576498922029;
7.99968808097765;0.288558493833989;2.30837794378862;
8.00001471303403;0.288231861777604;2.30585913498602;
;;;0.000520630904821949
7.99968808097765;0.288885125890374;2.31099089835695;
7.99870818480849;0.288885125890374;2.31070782092877;
7.99968808097765;0.288558493833989;2.30837794378862;
7.99903481686488;0.288558493833989;2.30818943888017;
7.99903481686488;0.288231861777604;2.30557669768884;
8.00001471303403;0.288885125890374;2.31108525749968;
7.99936144892126;0.287905229721218;2.30305799557473;
7.99968808097765;0.288558493833989;2.30837794378862;
7.99903481686488;0.288885125890374;2.3108021800715;
8.00001471303403;0.288558493833989;2.30847219624285;
7.99936144892126;0.288558493833989;2.30828369133439;
8.00034134509042;0.287905229721218;2.30334011280642;
7.99903481686488;0.288558493833989;2.30818943888017;
7.99903481686488;0.288231861777604;2.30557669768884;
7.99968808097765;0.288885125890374;2.31099089835695;
8.00001471303403;0.288885125890374;2.31108525749968;
-8.00266962544993;0.288231861777604;-2.30662436533451;
-8.00266962544993;0.287905229721218;-2.30401043689818;
-8.0033228895627;0.288558493833989;-2.3094267986793;
-8.00234299339354;0.287905229721218;-2.30391639782095;
-8.00234299339354;0.287578597664833;-2.30130257607312;
-8.00299625750631;0.287578597664833;-2.30149044085057;
-8.00299625750631;0.287578597664833;-2.30149044085057;
-8.00266962544993;0.287578597664833;-2.30139650846184;
-8.00299625750631;0.287578597664833;-2.30149044085057;
-8.0033228895627;0.287578597664833;-2.3015843732393;
-8.00266962544993;0.287578597664833;-2.30139650846184;
-8.00266962544993;0.287905229721218;-2.30401043689818;
-8.00364952161908;0.287905229721218;-2.30429255412986;
-8.00266962544993;0.287578597664833;-2.30139650846184;
-8.00299625750631;0.287905229721218;-2.30410447597541;
-8.00266962544993;0.286925333552063;-2.29616865158918;
-8.00299625750631;0.287905229721218;-2.30410447597541;
-8.0033228895627;0.288231861777604;-2.30681265686597;
-8.00299625750631;0.287905229721218;-2.30410447597541;
-8.00266962544993;0.288231861777604;-2.30662436533451;
-8.0033228895627;0.287905229721218;-2.30419851505263;
-8.00299625750631;0.288231861777604;-2.30671851110024;
-8.0033228895627;0.287905229721218;-2.30419851505263;
-8.00299625750631;0.287905229721218;-2.30410447597541;
-8.00299625750631;0.288558493833989;-2.30933254622507;
-8.00364952161908;0.287578597664833;-2.30167830562803;
-8.0033228895627;0.287578597664833;-2.3015843732393;
-8.00266962544993;0.287251965608448;-2.29878258002551;
-8.0033228895627;0.288558493833989;-2.3094267986793;
-8.00234299339354;0.287578597664833;-2.30130257607312;
-8.00234299339354;0.287251965608448;-2.29868875432528;
-8.00266962544993;0.287251965608448;-2.29878258002551;
-8.00299625750631;0.288231861777604;-2.30671851110024;
-8.00266962544993;0.287578597664833;-2.30139650846184;
-8.00266962544993;0.287578597664833;-2.30139650846184;
-8.0033228895627;0.288231861777604;-2.30681265686597;
-8.00266962544993;0.287905229721218;-2.30401043689818;
-8.00234299339354;0.287905229721218;-2.30391639782095;
-8.00299625750631;0.287905229721218;-2.30410447597541;
-8.00299625750631;0.287905229721218;-2.30410447597541;
-8.00234299339354;0.287578597664833;-2.30130257607312;
-8.0033228895627;0.287905229721218;-2.30419851505263;
-8.00364952161908;0.287578597664833;-2.30167830562803;
-8.00234299339354;0.287905229721218;-2.30391639782095;
-8.00299625750631;0.287905229721218;-2.30410447597541;
-8.0033228895627;0.288231861777604;-2.30681265686597;
-8.00299625750631;0.287905229721218;-2.30410447597541;
-8.00234299339354;0.288231861777604;-2.30653021956878;
-8.00299625750631;0.287905229721218;-2.30410447597541;
-8.00266962544993;0.287905229721218;-2.30401043689818;
7.99968808097765;0.288558493833989;2.30837794378862;
7.99870818480849;0.288558493833989;2.30809518642594;
7.99968808097765;0.288558493833989;2.30837794378862;
7.99903481686488;0.288558493833989;2.30818943888017;
8.00034134509042;0.288558493833989;2.30856644869708;
8.00001471303403;0.288558493833989;2.30847219624285;
7.99936144892126;0.289211757946759;2.31350938709406;
7.99968808097765;0.288558493833989;2.30837794378862;
7.99903481686488;0.288885125890374;2.3108021800715;
7.99968808097765;0.288885125890374;2.31099089835695;
7.99968808097765;0.288558493833989;2.30837794378862;
7.99968808097765;0.287905229721218;2.30315203465196;
7.99870818480849;0.288558493833989;2.30809518642594;
7.99968808097765;0.288231861777604;2.30576498922029;
8.00001471303403;0.288231861777604;2.30585913498602;
8.00034134509042;0.288558493833989;2.30856644869708;
7.99903481686488;0.288558493833989;2.30818943888017;
7.99936144892126;0.288558493833989;2.30828369133439;
7.99936144892126;0.288231861777604;2.30567084345456;
8.00001471303403;0.288558493833989;2.30847219624285;
7.99936144892126;0.288231861777604;2.30567084345456;
7.99903481686488;0.288885125890374;2.3108021800715;
7.99903481686488;0.289538390003145;2.31602766245416;
7.99968808097765;0.288885125890374;2.31099089835695;
8.00001471303403;0.288231861777604;2.30585913498602;
7.99936144892126;0.288558493833989;2.30828369133439;
8.00001471303403;0.287905229721218;2.30324607372919;
7.99968808097765;0.288558493833989;2.30837794378862;
7.99968808097765;0.287905229721218;2.30315203465196;
7.99903481686488;0.288885125890374;2.3108021800715;
8.00001471303403;0.288558493833989;2.30847219624285;
7.99936144892126;0.288885125890374;2.31089653921423;
7.99936144892126;0.288885125890374;2.31089653921423;
7.99903481686488;0.288558493833989;2.30818943888017;
;;;0.000602985932828953
7.99870818480849;0.288885125890374;2.31070782092877;
7.99968808097765;0.288885125890374;2.31099089835695;
7.99936144892126;0.288885125890374;2.31089653921423;
7.99903481686488;0.288231861777604;2.30557669768884;
7.99968808097765;0.288231861777604;2.30576498922029;
7.99968808097765;0.288231861777604;2.30576498922029;
8.00001471303403;0.287905229721218;2.30324607372919;
7.99870818480849;0.289538390003145;2.31593308993443;
8.00034134509042;0.288885125890374;2.31117961664241;
7.99936144892126;0.288558493833989;2.30828369133439;
7.99903481686488;0.288558493833989;2.30818943888017;
7.99903481686488;0.288558493833989;2.30818943888017;
7.99936144892126;0.288885125890374;2.31089653921423;
7.99936144892126;0.288558493833989;2.30828369133439;
8.00001471303403;0.288885125890374;2.31108525749968;
7.99936144892126;0.288558493833989;2.30828369133439;
-8.00266962544993;0.288231861777604;-2.30662436533451;
-8.00266962544993;0.287905229721218;-2.30401043689818;
-8.00234299339354;0.287905229721218;-2.30391639782095;
-8.00266962544993;0.287905229721218;-2.30401043689818;
-8.00397615367547;0.286925333552063;-2.29654352763609;
-8.00299625750631;0.287905229721218;-2.30410447597541;
-8.00364952161908;0.287251965608448;-2.29906405712619;
-8.00266962544993;0.288231861777604;-2.30662436533451;
-8.00364952161908;0.287905229721218;-2.30429255412986;
-8.00266962544993;0.287905229721218;-2.30401043689818;
-8.00266962544993;0.287578597664833;-2.30139650846184;
-8.0033228895627;0.287905229721218;-2.30419851505263;
-8.0033228895627;0.287905229721218;-2.30419851505263;
-8.0033228895627;0.288885125890374;-2.31204094049263;
-8.00364952161908;0.288231861777604;-2.30690680263169;
-8.00299625750631;0.288231861777604;-2.30671851110024;
-8.00299625750631;0.287905229721218;-2.30410447597541;
-8.0033228895627;0.287578597664833;-2.3015843732393;
-8.00234299339354;0.287578597664833;-2.30130257607312;
-8.00266962544993;0.287578597664833;-2.30139650846184;
-8.0033228895627;0.287578597664833;-2.3015843732393;
-8.0033228895627;0.288231861777604;-2.30681265686597;
-8.00266962544993;0.287578597664833;-2.30139650846184;
-8.00234299339354;0.288231861777604;-2.30653021956878;
-8.00234299339354;0.287905229721218;-2.30391639782095;
-8.00266962544993;0.287905229721218;-2.30401043689818;
-8.00299625750631;0.288558493833989;-2.30933254622507;
-8.00299625750631;0.288558493833989;-2.30933254622507;
-8.00266962544993;0.287905229721218;-2.30401043689818;
-8.00266962544993;0.288231861777604;-2.30662436533451;
-8.00299625750631;0.288231861777604;-2.30671851110024;
-8.00266962544993;0.287905229721218;-2.30401043689818;
-8.00299625750631;0.287905229721218;-2.30410447597541;
-8.00266962544993;0.288231861777604;-2.30662436533451;
-8.00430278573185;0.287905229721218;-2.30448063228432;
-8.0033228895627;0.288231861777604;-2.30681265686597;
-8.00299625750631;0.287905229721218;-2.30410447597541;
-8.00364952161908;0.287578597664833;-2.30167830562803;
-8.0033228895627;0.288231861777604;-2.30681265686597;
-8.0033228895627;0.287905229721218;-2.30419851505263;
-8.00234299339354;0.287905229721218;-2.30391639782095;
-8.00266962544993;0.288885125890374;-2.31185222220718;
-8.00234299339354;0.287905229721218;-2.30391639782095;
-8.00299625750631;0.287905229721218;-2.30410447597541;
-8.00364952161908;0.287578597664833;-2.30167830562803;
-8.00364952161908;0.288231861777604;-2.30690680263169;
-8.00266962544993;0.288231861777604;-2.30662436533451;
-8.00201636133716;0.288231861777604;-2.30643607380305;
-8.0033228895627;0.287905229721218;-2.30419851505263;
-8.00266962544993;0.287905229721218;-2.30401043689818;
7.99903481686488;0.288558493833989;2.30818943888017;
7.99968808097765;0.288558493833989;2.30837794378862;
7.99903481686488;0.288885125890374;2.3108021800715;
7.99936144892126;0.288558493833989;2.30828369133439;
7.99968808097765;0.288558493833989;2.30837794378862;
7.99936144892126;0.288231861777604;2.30567084345456;
7.99968808097765;0.288885125890374;2.31099089835695;
7.99968808097765;0.289211757946759;2.31360385292528;
8.00001471303403;0.287905229721218;2.30324607372919;
7.99903481686488;0.288231861777604;2.30557669768884;
7.99870818480849;0.288558493833989;2.30809518642594;
8.00034134509042;0.288231861777604;2.30595328075175;
7.99936144892126;0.288558493833989;2.30828369133439;
7.99968808097765;0.288231861777604;2.30576498922029;
7.99968808097765;0.288231861777604;2.30576498922029;
7.99870818480849;0.288885125890374;2.31070782092877;
7.99968808097765;0.287905229721218;2.30315203465196;
7.99968808097765;0.288231861777604;2.30576498922029;
7.99903481686488;0.288885125890374;2.3108021800715;
7.99968808097765;0.288885125890374;2.31099089835695;
7.99968808097765;0.288231861777604;2.30576498922029;
8.00001471303403;0.288231861777604;2.30585913498602;
8.00034134509042;0.288885125890374;2.31117961664241;
8.00034134509042;0.288558493833989;2.30856644869708;
7.99903481686488;0.288885125890374;2.3108021800715;
7.99968808097765;0.288558493833989;2.30837794378862;
7.99936144892126;0.288885125890374;2.31089653921423;
7.99968808097765;0.288231861777604;2.30576498922029;
7.99968808097765;0.288231861777604;2.30576498922029;
8.00001471303403;0.288558493833989;2.30847219624285;
7.99968808097765;0.288885125890374;2.31099089835695;
7.99936144892126;0.288558493833989;2.30828369133439;
7.99936144892126;0.288558493833989;2.30828369133439;
7.99903481686488;0.288558493833989;2.30818943888017;
;;;0.000462701353845375
7.99968808097765;0.288558493833989;2.30837794378862;
8.00034134509042;0.288558493833989;2.30856644869708;
7.99903481686488;0.288558493833989;2.30818943888017;
7.99903481686488;0.288885125890374;2.3108021800715;
7.99968808097765;0.288885125890374;2.31099089835695;
7.99870818480849;0.288885125890374;2.31070782092877;
7.99903481686488;0.288231861777604;2.30557669768884;
7.99903481686488;0.288231861777604;2.30557669768884;
7.99870818480849;0.288558493833989;2.30809518642594;
7.99936144892126;0.288558493833989;2.30828369133439;
7.99968808097765;0.289211757946759;2.31360385292528;
7.99870818480849;0.288885125890374;2.31070782092877;
7.99903481686488;0.288558493833989;2.30818943888017;
7.99968808097765;0.288885125890374;2.31099089835695;
7.99968808097765;0.288558493833989;2.30837794378862;
8.00001471303403;0.288558493833989;2.30847219624285;
-8.00168972928077;0.288558493833989;-2.30895553640816;
-8.00299625750631;0.287578597664833;-2.30149044085057;
-8.0033228895627;0.288885125890374;-2.31204094049263;
-8.0033228895627;0.287578597664833;-2.3015843732393;
-8.00299625750631;0.288231861777604;-2.30671851110024;
-8.00299625750631;0.288231861777604;-2.30671851110024;
-8.00266962544993;0.287905229721218;-2.30401043689818;
-8.00299625750631;0.287578597664833;-2.30149044085057;
-8.00299625750631;0.287578597664833;-2.30149044085057;
-8.00266962544993;0.287251965608448;-2.29878258002551;
-8.00266962544993;0.287578597664833;-2.30139650846184;
-8.00266962544993;0.287905229721218;-2.30401043689818;
-8.0033228895627;0.287905229721218;-2.30419851505263;
-8.00299625750631;0.287578597664833;-2.30149044085057;
-8.00299625750631;0.287578597664833;-2.30149044085057;
-8.00234299339354;0.287578597664833;-2.30130257607312;
-8.00234299339354;0.288231861777604;-2.30653021956878;
-8.00266962544993;0.287905229721218;-2.30401043689818;
-8.00266962544993;0.287578597664833;-2.30139650846184;
-8.0033228895627;0.287578597664833;-2.3015843732393;
-8.0033228895627;0.288231861777604;-2.30681265686597;
-8.00266962544993;0.287251965608448;-2.29878258002551;
-8.00299625750631;0.288231861777604;-2.30671851110024;
-8.00364952161908;0.288885125890374;-2.31213529963536;
-8.00266962544993;0.287905229721218;-2.30401043689818;
-8.0033228895627;0.287905229721218;-2.30419851505263;
-8.00299625750631;0.287905229721218;-2.30410447597541;
-8.00266962544993;0.287578597664833;-2.30139650846184;
-8.00266962544993;0.287905229721218;-2.30401043689818;
-8.00266962544993;0.287251965608448;-2.29878258002551;
-8.00397615367547;0.287905229721218;-2.30438659320709;
-8.00266962544993;0.288558493833989;-2.30923829377084;
-8.0033228895627;0.287251965608448;-2.29897023142597;
-8.00299625750631;0.287905229721218;-2.30410447597541;
-8.00266962544993;0.287905229721218;-2.30401043689818;
-8.00201636133716;0.287578597664833;-2.30120864368439;
-8.00266962544993;0.287905229721218;-2.30401043689818;
-8.0033228895627;0.287578597664833;-2.3015843732393;
-8.00299625750631;0.287905229721218;-2.30410447597541;
-8.00266962544993;0.286925333552063;-2.29616865158918;
-8.0033228895627;0.287905229721218;-2.30419851505263;
-8.00364952161908;0.287905229721218;-2.30429255412986;
-8.00266962544993;0.288231861777604;-2.30662436533451;
-8.00364952161908;0.287905229721218;-2.30429255412986;
-8.00299625750631;0.287905229721218;-2.30410447597541;
-8.0033228895627;0.288231861777604;-2.30681265686597;
-8.00299625750631;0.287578597664833;-2.30149044085057;
-8.00266962544993;0.287905229721218;-2.30401043689818;
-8.00299625750631;0.287578597664833;-2.30149044085057;
-8.0033228895627;0.287905229721218;-2.30419851505263;
7.99936144892126;0.288558493833989;2.30828369133439;
7.99936144892126;0.289211757946759;2.31350938709406;
8.00034134509042;0.288885125890374;2.31117961664241;
8.00001471303403;0.288558493833989;2.30847219624285;
7.99968808097765;0.289538390003145;2.31621680749361;
7.99968808097765;0.289211757946759;2.31360385292528;
7.99936144892126;0.289211757946759;2.31350938709406;
7.99968808097765;0.288885125890374;2.31099089835695;
7.99968808097765;0.288885125890374;2.31099089835695;
7.99936144892126;0.288885125890374;2.31089653921423;
7.99968808097765;0.289211757946759;2.31360385292528;
7.99968808097765;0.288885125890374;2.31099089835695;
7.99903481686488;0.289211757946759;2.31341492126283;
7.99936144892126;0.288885125890374;2.31089653921423;
7.99936144892126;0.288885125890374;2.31089653921423;
8.00001471303403;0.288558493833989;2.30847219624285;
7.99870818480849;0.288558493833989;2.30809518642594;
7.99936144892126;0.288885125890374;2.31089653921423;
8.0006679771468;0.288885125890374;2.31127397578514;
7.99903481686488;0.288558493833989;2.30818943888017;
8.00001471303403;0.289211757946759;2.31369831875651;
7.99968808097765;0.288558493833989;2.30837794378862;
8.00034134509042;0.288885125890374;2.31117961664241;
7.99903481686488;0.288558493833989;2.30818943888017;
7.99968808097765;0.288558493833989;2.30837794378862;
8.00001471303403;0.288558493833989;2.30847219624285;
7.99968808097765;0.288885125890374;2.31099089835695;
8.00001471303403;0.289211757946759;2.31369831875651;
7.99936144892126;0.288885125890374;2.31089653921423;
7.99968808097765;0.288231861777604;2.30576498922029;
7.99903481686488;0.289211757946759;2.31341492126283;
7.99870818480849;0.288885125890374;2.31070782092877;
8.00001471303403;0.288558493833989;2.30847219624285;
7.99936144892126;0.288558493833989;2.30828369133439;
;;;0.000823677784406116
7.99968808097765;0.288231861777604;2.30576498922029;
8.00001471303403;0.288558493833989;2.30847219624285;
7.99903481686488;0.288885125890374;2.3108021800715;
7.99936144892126;0.288558493833989;2.30828369133439;
7.99968808097765;0.289538390003145;2.31621680749361;
7.99936144892126;0.289211757946759;2.31350938709406;
7.99968808097765;0.287905229721218;2.30315203465196;
8.00001471303403;0.288558493833989;2.30847219624285;
7.99903481686488;0.287578597664833;2.30035121530618;
7.99903481686488;0.289211757946759;2.31341492126283;
7.99936144892126;0.288885125890374;2.31089653921423;
7.99870818480849;0.288558493833989;2.30809518642594;
7.99903481686488;0.289211757946759;2.31341492126283;
8.00034134509042;0.288885125890374;2.31117961664241;
7.99968808097765;0.288231861777604;2.30576498922029;
8.00034134509042;0.288558493833989;2.30856644869708;
-8.00201636133716;0.287905229721218;-2.30382235874372;
-8.0033228895627;0.287578597664833;-2.3015843732393;
-8.00234299339354;0.288231861777604;-2.30653021956878;
-8.00266962544993;0.287905229721218;-2.30401043689818;
-8.00266962544993;0.287578597664833;-2.30139650846184;
-8.0033228895627;0.287578597664833;-2.3015843732393;
-8.00168972928077;0.287578597664833;-2.30111471129566;
-8.00299625750631;0.287578597664833;-2.30149044085057;
-8.00364952161908;0.288231861777604;-2.30690680263169;
-8.0033228895627;0.288231861777604;-2.30681265686597;
-8.00266962544993;0.288231861777604;-2.30662436533451;
-8.0033228895627;0.288231861777604;-2.30681265686597;
-8.00299625750631;0.288231861777604;-2.30671851110024;
-8.00299625750631;0.287905229721218;-2.30410447597541;
-8.00299625750631;0.287905229721218;-2.30410447597541;
-8.00266962544993;0.288231861777604;-2.30662436533451;
-8.00299625750631;0.287905229721218;-2.30410447597541;
-8.00234299339354;0.288231861777604;-2.30653021956878;
-8.00201636133716;0.287578597664833;-2.30120864368439;
-8.00234299339354;0.287578597664833;-2.30130257607312;
-8.00234299339354;0.288231861777604;-2.30653021956878;
-8.0033228895627;0.287905229721218;-2.30419851505263;
-8.00299625750631;0.288231861777604;-2.30671851110024;
-8.0033228895627;0.288231861777604;-2.30681265686597;
-8.00234299339354;0.287578597664833;-2.30130257607312;
-8.00299625750631;0.288558493833989;-2.30933254622507;
-8.00299625750631;0.287905229721218;-2.30410447597541;
-8.00397615367547;0.287578597664833;-2.30177223801676;
-8.00266962544993;0.288558493833989;-2.30923829377084;
-8.00364952161908;0.287578597664833;-2.30167830562803;
-8.00299625750631;0.287578597664833;-2.30149044085057;
-8.00364952161908;0.288558493833989;-2.30952105113353;
-8.00266962544993;0.287905229721218;-2.30401043689818;
-8.00266962544993;0.287578597664833;-2.30139650846184;
-8.00266962544993;0.287578597664833;-2.30139650846184;
-8.0033228895627;0.288558493833989;-2.3094267986793;
-8.00234299339354;0.288231861777604;-2.30653021956878;
-8.0033228895627;0.287578597664833;-2.3015843732393;
-8.00234299339354;0.287905229721218;-2.30391639782095;
-8.00266962544993;0.288231861777604;-2.30662436533451;
-8.00364952161908;0.288885125890374;-2.31213529963536;
-8.00234299339354;0.287905229721218;-2.30391639782095;
-8.00299625750631;0.288231861777604;-2.30671851110024;
-8.00299625750631;0.288231861777604;-2.30671851110024;
-8.00364952161908;0.287905229721218;-2.30429255412986;
-8.00299625750631;0.287905229721218;-2.30410447597541;
-8.00299625750631;0.287905229721218;-2.30410447597541;
-8.0033228895627;0.288231861777604;-2.30681265686597;
-8.0033228895627;0.287578597664833;-2.3015843732393;
-8.0033228895627;0.287578597664833;-2.3015843732393;
8.00034134509042;0.288558493833989;2.30856644869708;
7.99936144892126;0.288558493833989;2.30828369133439;
8.00099460920319;0.288558493833989;2.30875495360554;
7.99968808097765;0.288558493833989;2.30837794378862;
7.99870818480849;0.288558493833989;2.30809518642594;
7.99903481686488;0.288558493833989;2.30818943888017;
7.99936144892126;0.289211757946759;2.31350938709406;
7.99968808097765;0.288885125890374;2.31099089835695;
8.00001471303403;0.287905229721218;2.30324607372919;
8.00001471303403;0.288558493833989;2.30847219624285;
7.99903481686488;0.288885125890374;2.3108021800715;
7.99903481686488;0.288558493833989;2.30818943888017;
8.00001471303403;0.289211757946759;2.31369831875651;
7.99870818480849;0.288558493833989;2.30809518642594;
7.99968808097765;0.288885125890374;2.31099089835695;
7.99936144892126;0.288558493833989;2.30828369133439;
8.00001471303403;0.289211757946759;2.31369831875651;
7.99968808097765;0.288558493833989;2.30837794378862;
8.00034134509042;0.287578597664833;2.30072694486109;
7.99903481686488;0.288558493833989;2.30818943888017;
7.99936144892126;0.288558493833989;2.30828369133439;
7.99968808097765;0.288231861777604;2.30576498922029;
8.00001471303403;0.288231861777604;2.30585913498602;
7.99968808097765;0.289538390003145;2.31621680749361;
7.99936144892126;0.288231861777604;2.30567084345456;
7.99936144892126;0.288885125890374;2.31089653921423;
7.99968808097765;0.288885125890374;2.31099089835695;
7.99870818480849;0.288558493833989;2.30809518642594;
8.00001471303403;0.288558493833989;2.30847219624285;
8.00001471303403;0.288558493833989;2.30847219624285;
7.99968808097765;0.288558493833989;2.30837794378862;
7.99903481686488;0.288885125890374;2.3108021800715;
7.99968808097765;0.289211757946759;2.31360385292528;
8.00034134509042;0.287905229721218;2.30334011280642;
;;;0.00053949438930769
7.99903481686488;0.288885125890374;2.3108021800715;
7.99903481686488;0.288885125890374;2.3108021800715;
7.99903481686488;0.289211757946759;2.31341492126283;
7.99903481686488;0.289211757946759;2.31341492126283;
7.99936144892126;0.288558493833989;2.30828369133439;
7.99968808097765;0.288885125890374;2.31099089835695;
7.99936144892126;0.288558493833989;2.30828369133439;
8.00099460920319;0.288885125890374;2.31136833492787;
7.99936144892126;0.289211757946759;2.31350938709406;
7.99968808097765;0.288885125890374;2.31099089835695;
7.99968808097765;0.288558493833989;2.30837794378862;
8.00001471303403;0.288885125890374;2.31108525749968;
7.99870818480849;0.288558493833989;2.30809518642594;
7.99936144892126;0.288885125890374;2.31089653921423;
7.99936144892126;0.288558493833989;2.30828369133439;
7.99936144892126;0.288885125890374;2.31089653921423;
-8.00299625750631;0.287251965608448;-2.29887640572574;
-8.0033228895627;0.287578597664833;-2.3015843732393;
-8.00234299339354;0.287905229721218;-2.30391639782095;
-8.00299625750631;0.287578597664833;-2.30149044085057;
-8.00299625750631;0.287905229721218;-2.30410447597541;
-8.0033228895627;0.287578597664833;-2.3015843732393;
-8.00266962544993;0.288231861777604;-2.30662436533451;
-8.00266962544993;0.287578597664833;-2.30139650846184;
-8.00266962544993;0.288231861777604;-2.30662436533451;
-8.0033228895627;0.287905229721218;-2.30419851505263;
-8.00266962544993;0.287905229721218;-2.30401043689818;
-8.00266962544993;0.287578597664833;-2.30139650846184;
-8.0033228895627;0.287905229721218;-2.30419851505263;
-8.00266962544993;0.287905229721218;-2.30401043689818;
-8.0033228895627;0.288885125890374;-2.31204094049263;
-8.00299625750631;0.287578597664833;-2.30149044085057;
-8.00364952161908;0.287905229721218;-2.30429255412986;
-8.00266962544993;0.287905229721218;-2.30401043689818;
-8.00266962544993;0.288231861777604;-2.30662436533451;
-8.00234299339354;0.287905229721218;-2.30391639782095;
-8.00201636133716;0.287578597664833;-2.30120864368439;
-8.0033228895627;0.287578597664833;-2.3015843732393;
-8.00201636133716;0.287905229721218;-2.30382235874372;
-8.00299625750631;0.288231861777604;-2.30671851110024;
-8.0033228895627;0.287578597664833;-2.3015843732393;
-8.00364952161908;0.287578597664833;-2.30167830562803;
-8.0033228895627;0.288558493833989;-2.3094267986793;
-8.00201636133716;0.287905229721218;-2.30382235874372;
-8.00299625750631;0.287578597664833;-2.30149044085057;
-8.00266962544993;0.287578597664833;-2.30139650846184;
-8.00364952161908;0.287578597664833;-2.30167830562803;
-8.00266962544993;0.287905229721218;-2.30401043689818;
-8.00299625750631;0.287905229721218;-2.30410447597541;
-8.0033228895627;0.287578597664833;-2.3015843732393;
-8.00299625750631;0.287905229721218;-2.30410447597541;
-8.00266962544993;0.288558493833989;-2.30923829377084;
-8.00299625750631;0.287578597664833;-2.30149044085057;
-8.00299625750631;0.288231861777604;-2.30671851110024;
-8.0033228895627;0.287578597664833;-2.3015843732393;
-8.00266962544993;0.287578597664833;-2.30139650846184;
-8.00299625750631;0.287905229721218;-2.30410447597541;
-8.00299625750631;0.287578597664833;-2.30149044085057;
-8.00299625750631;0.288231861777604;-2.30671851110024;
-8.00266962544993;0.287905229721218;-2.30401043689818;
-8.00299625750631;0.287578597664833;-2.30149044085057;
-8.00299625750631;0.287905229721218;-2.30410447597541;
-8.00299625750631;0.287578597664833;-2.30149044085057;
-8.00201636133716;0.288231861777604;-2.30643607380305;
-8.0033228895627;0.288231861777604;-2.30681265686597;
-8.00266962544993;0.288885125890374;-2.31185222220718;
7.99968808097765;0.287905229721218;2.30315203465196;
7.99968808097765;0.289211757946759;2.31360385292528;
7.99936144892126;0.288558493833989;2.30828369133439;
7.99903481686488;0.288885125890374;2.3108021800715;
7.99903481686488;0.288558493833989;2.30818943888017;
7.99968808097765;0.288558493833989;2.30837794378862;
7.99968808097765;0.288885125890374;2.31099089835695;
7.99936144892126;0.288885125890374;2.31089653921423;
8.0006679771468;0.288558493833989;2.30866070115131;
8.00034134509042;0.288558493833989;2.30856644869708;
8.00001471303403;0.287905229721218;2.30324607372919;
7.99936144892126;0.288231861777604;2.30567084345456;
7.99936144892126;0.287905229721218;2.30305799557473;
7.99936144892126;0.289211757946759;2.31350938709406;
7.99936144892126;0.288558493833989;2.30828369133439;
7.99903481686488;0.288558493833989;2.30818943888017;
7.99968808097765;0.288885125890374;2.31099089835695;
7.99936144892126;0.288558493833989;2.30828369133439;
8.00034134509042;0.288558493833989;2.30856644869708;
7.99936144892126;0.288231861777604;2.30567084345456;
8.00001471303403;0.288231861777604;2.30585913498602;
8.00001471303403;0.287905229721218;2.30324607372919;
8.00001471303403;0.289211757946759;2.31369831875651;
7.99870818480849;0.288885125890374;2.31070782092877;
7.99870818480849;0.287905229721218;2.30286991742028;
7.99936144892126;0.288558493833989;2.30828369133439;
7.99968808097765;0.288885125890374;2.31099089835695;
7.99968808097765;0.288558493833989;2.30837794378862;
7.99870818480849;0.288231861777604;2.30548255192311;
7.99903481686488;0.287905229721218;2.30296395649751;
8.00034134509042;0.288231861777604;2.30595328075175;
7.99936144892126;0.288558493833989;2.30828369133439;
7.99968808097765;0.288558493833989;2.30837794378862;
7.99903481686488;0.287578597664833;2.30035121530618;
;;;0.000595978611688208
7.99936144892126;0.288231861777604;2.30567084345456;
7.99968808097765;0.288558493833989;2.30837794378862;
8.00001471303403;0.287578597664833;2.30063301247236;
7.99968808097765;0.288231861777604;2.30576498922029;
7.99936144892126;0.288558493833989;2.30828369133439;
8.00001471303403;0.287905229721218;2.30324607372919;
7.99936144892126;0.288885125890374;2.31089653921423;
7.99870818480849;0.288558493833989;2.30809518642594;
7.99936144892126;0.288885125890374;2.31089653921423;
8.00001471303403;0.288231861777604;2.30585913498602;
7.99968808097765;0.288231861777604;2.30576498922029;
8.00034134509042;0.288558493833989;2.30856644869708;
7.99968808097765;0.288231861777604;2.30576498922029;
7.99968808097765;0.288231861777604;2.30576498922029;
7.99936144892126;0.288231861777604;2.30567084345456;
7.99903481686488;0.288558493833989;2.30818943888017;
-8.00299625750631;0.288231861777604;-2.30671851110024;
-8.00299625750631;0.287578597664833;-2.30149044085057;
-8.00299625750631;0.287905229721218;-2.30410447597541;
-8.00234299339354;0.287578597664833;-2.30130257607312;
-8.00299625750631;0.287905229721218;-2.30410447597541;
-8.00364952161908;0.287905229721218;-2.30429255412986;
-8.00299625750631;0.288885125890374;-2.3119465813499;
-8.00234299339354;0.287905229721218;-2.30391639782095;
-8.00266962544993;0.287905229721218;-2.30401043689818;
-8.00397615367547;0.288231861777604;-2.30700094839742;
-8.00234299339354;0.287578597664833;-2.30130257607312;
-8.00234299339354;0.287251965608448;-2.29868875432528;
-8.00266962544993;0.287578597664833;-2.30139650846184;
-8.00201636133716;0.287905229721218;-2.30382235874372;
-8.00266962544993;0.287578597664833;-2.30139650846184;
-8.0033228895627;0.288231861777604;-2.30681265686597;
-8.0033228895627;0.287578597664833;-2.3015843732393;
-8.00299625750631;0.287578597664833;-2.30149044085057;
-8.00364952161908;0.287905229721218;-2.30429255412986;
-8.00266962544993;0.288558493833989;-2.30923829377084;
-8.00234299339354;0.287578597664833;-2.30130257607312;
-8.00397615367547;0.287578597664833;-2.30177223801676;
-8.00201636133716;0.287578597664833;-2.30120864368439;
-8.00266962544993;0.287578597664833;-2.30139650846184;
-8.00266962544993;0.287905229721218;-2.30401043689818;
-8.00266962544993;0.287578597664833;-2.30139650846184;
-8.00266962544993;0.288231861777604;-2.30662436533451;
-8.00299625750631;0.288231861777604;-2.30671851110024;
-8.00397615367547;0.287578597664833;-2.30177223801676;
-8.0033228895627;0.287578597664833;-2.3015843732393;
-8.0033228895627;0.287578597664833;-2.3015843732393;
-8.0033228895627;0.287578597664833;-2.3015843732393;
-8.00266962544993;0.287251965608448;-2.29878258002551;
-8.00266962544993;0.287578597664833;-2.30139650846184;
-8.00299625750631;0.287905229721218;-2.30410447597541;
-8.00266962544993;0.287905229721218;-2.30401043689818;
-8.00266962544993;0.287905229721218;-2.30401043689818;
-8.00299625750631;0.288885125890374;-2.3119465813499;
-8.00201636133716;0.287905229721218;-2.30382235874372;
-8.00299625750631;0.287905229721218;-2.30410447597541;
-8.00266962544993;0.287578597664833;-2.30139650846184;
-8.00266962544993;0.287578597664833;-2.30139650846184;
-8.00299625750631;0.287578597664833;-2.30149044085057;
-8.00234299339354;0.287905229721218;-2.30391639782095;
-8.00266962544993;0.287251965608448;-2.29878258002551;
-8.00234299339354;0.287905229721218;-2.30391639782095;
-8.00266962544993;0.288558493833989;-2.30923829377084;
-8.00234299339354;0.287578597664833;-2.30130257607312;
-8.00299625750631;0.287905229721218;-2.30410447597541;
-8.00234299339354;0.287905229721218;-2.30391639782095;
8.00034134509042;0.288558493833989;2.30856644869708;
8.00001471303403;0.288558493833989;2.30847219624285;
7.99903481686488;0.288558493833989;2.30818943888017;
7.99968808097765;0.288231861777604;2.30576498922029;
7.99968808097765;0.288231861777604;2.30576498922029;
8.00034134509042;0.288231861777604;2.30595328075175;
7.99968808097765;0.287905229721218;2.30315203465196;
7.99968808097765;0.288231861777604;2.30576498922029;
7.99968808097765;0.288231861777604;2.30576498922029;
7.99968808097765;0.288231861777604;2.30576498922029;
7.99968808097765;0.288885125890374;2.31099089835695;
8.00001471303403;0.288885125890374;2.31108525749968;
7.99903481686488;0.288231861777604;2.30557669768884;
7.99903481686488;0.288885125890374;2.3108021800715;
7.99968808097765;0.289538390003145;2.31621680749361;
7.99936144892126;0.288231861777604;2.30567084345456;
7.99903481686488;0.287905229721218;2.30296395649751;
7.99936144892126;0.287905229721218;2.30305799557473;
7.99968808097765;0.288885125890374;2.31099089835695;
8.00001471303403;0.288558493833989;2.30847219624285;
7.99936144892126;0.288558493833989;2.30828369133439;
7.99903481686488;0.288231861777604;2.30557669768884;
8.00034134509042;0.288885125890374;2.31117961664241;
8.00001471303403;0.288231861777604;2.30585913498602;
7.99968808097765;0.288231861777604;2.30576498922029;
7.99968808097765;0.287905229721218;2.30315203465196;
8.00001471303403;0.288885125890374;2.31108525749968;
7.99968808097765;0.288558493833989;2.30837794378862;
7.99968808097765;0.288558493833989;2.30837794378862;
7.99903481686488;0.288558493833989;2.30818943888017;
7.99936144892126;0.288231861777604;2.30567084345456;
7.99968808097765;0.288885125890374;2.31099089835695;
7.99903481686488;0.287578597664833;2.30035121530618;
7.99936144892126;0.288558493833989;2.30828369133439;
;;;0.000465172813397544
7.99903481686488;0.288885125890374;2.3108021800715;
7.99903481686488;0.288231861777604;2.30557669768884;
7.99936144892126;0.288558493833989;2.30828369133439;
8.00001471303403;0.288558493833989;2.30847219624285;
7.99968808097765;0.288231861777604;2.30576498922029;
8.00001471303403;0.288885125890374;2.31108525749968;
7.99968808097765;0.288558493833989;2.30837794378862;
7.99936144892126;0.288885125890374;2.31089653921423;
7.99936144892126;0.288885125890374;2.31089653921423;
8.00001471303403;0.288558493833989;2.30847219624285;
8.0006679771468;0.287905229721218;2.30343415188365;
7.99936144892126;0.288231861777604;2.30567084345456;
7.99936144892126;0.288885125890374;2.31089653921423;
7.99903481686488;0.288885125890374;2.3108021800715;
7.99838155275211;0.288558493833989;2.30800093397171;
7.99968808097765;0.288231861777604;2.30576498922029;
-8.00266962544993;0.287905229721218;-2.30401043689818;
-8.00234299339354;0.287905229721218;-2.30391639782095;
-8.00266962544993;0.287251965608448;-2.29878258002551;
-8.00266962544993;0.287905229721218;-2.30401043689818;
-8.00234299339354;0.287578597664833;-2.30130257607312;
-8.0033228895627;0.287905229721218;-2.30419851505263;
-8.00364952161908;0.287905229721218;-2.30429255412986;
-8.00234299339354;0.287578597664833;-2.30130257607312;
-8.00364952161908;0.287578597664833;-2.30167830562803;
-8.00266962544993;0.288231861777604;-2.30662436533451;
-8.00299625750631;0.287578597664833;-2.30149044085057;
-8.00299625750631;0.287578597664833;-2.30149044085057;
-8.00234299339354;0.287905229721218;-2.30391639782095;
-8.00266962544993;0.287905229721218;-2.30401043689818;
-8.00234299339354;0.287251965608448;-2.29868875432528;
-8.00299625750631;0.287251965608448;-2.29887640572574;
-8.00266962544993;0.288231861777604;-2.30662436533451;
-8.0033228895627;0.287251965608448;-2.29897023142597;
-8.00266962544993;0.286925333552063;-2.29616865158918;
-8.00266962544993;0.286925333552063;-2.29616865158918;
-8.00201636133716;0.287578597664833;-2.30120864368439;
-8.00234299339354;0.287905229721218;-2.30391639782095;
-8.0033228895627;0.287905229721218;-2.30419851505263;
-8.00266962544993;0.287251965608448;-2.29878258002551;
-8.0033228895627;0.287251965608448;-2.29897023142597;
-8.0033228895627;0.287905229721218;-2.30419851505263;
-8.00364952161908;0.287905229721218;-2.30429255412986;
-8.00168972928077;0.288231861777604;-2.30634192803733;
-8.00266962544993;0.286925333552063;-2.29616865158918;
-8.00299625750631;0.287905229721218;-2.30410447597541;
-8.00299625750631;0.287578597664833;-2.30149044085057;
-8.00266962544993;0.287578597664833;-2.30139650846184;
-8.00299625750631;0.287578597664833;-2.30149044085057;
-8.00266962544993;0.288231861777604;-2.30662436533451;
-8.00364952161908;0.287578597664833;-2.30167830562803;
-8.00299625750631;0.287905229721218;-2.30410447597541;
-8.00234299339354;0.287251965608448;-2.29868875432528;
-8.00201636133716;0.287578597664833;-2.30120864368439;
-8.00266962544993;0.287251965608448;-2.29878258002551;
-8.00266962544993;0.287905229721218;-2.30401043689818;
-8.0033228895627;0.287578597664833;-2.3015843732393;
-8.00201636133716;0.288231861777604;-2.30643607380305;
-8.00266962544993;0.287905229721218;-2.30401043689818;
-8.00234299339354;0.287905229721218;-2.30391639782095;
-8.00266962544993;0.288231861777604;-2.30662436533451;
-8.00168972928077;0.287905229721218;-2.30372831966649;
-8.00266962544993;0.287578597664833;-2.30139650846184;
-8.00299625750631;0.287905229721218;-2.30410447597541;
-8.00299625750631;0.288231861777604;-2.30671851110024;
-8.00299625750631;0.287251965608448;-2.29887640572574;
7.99968808097765;0.288558493833989;2.30837794378862;
7.99968808097765;0.288231861777604;2.30576498922029;
7.99968808097765;0.288558493833989;2.30837794378862;
7.99936144892126;0.288231861777604;2.30567084345456;
7.99936144892126;0.288885125890374;2.31089653921423;
7.99968808097765;0.288558493833989;2.30837794378862;
7.99936144892126;0.289538390003145;2.31612223497389;
7.99870818480849;0.288558493833989;2.30809518642594;
8.00001471303403;0.288885125890374;2.31108525749968;
8.00001471303403;0.288885125890374;2.31108525749968;
7.99968808097765;0.288885125890374;2.31099089835695;
7.99870818480849;0.288231861777604;2.30548255192311;
7.99936144892126;0.289211757946759;2.31350938709406;
7.99936144892126;0.288558493833989;2.30828369133439;
7.99903481686488;0.288558493833989;2.30818943888017;
7.99968808097765;0.288558493833989;2.30837794378862;
7.99968808097765;0.288558493833989;2.30837794378862;
7.99968808097765;0.288558493833989;2.30837794378862;
7.99968808097765;0.289538390003145;2.31621680749361;
7.99936144892126;0.288558493833989;2.30828369133439;
7.99870818480849;0.289211757946759;2.3133204554316;
7.99968808097765;0.287905229721218;2.30315203465196;
7.99870818480849;0.288558493833989;2.30809518642594;
7.99968808097765;0.289211757946759;2.31360385292528;
7.99936144892126;0.288558493833989;2.30828369133439;
8.00001471303403;0.288558493833989;2.30847219624285;
7.99968808097765;0.288231861777604;2.30576498922029;
8.00034134509042;0.289538390003145;2.31640595253307;
7.99936144892126;0.288558493833989;2.30828369133439;
7.99968808097765;0.288558493833989;2.30837794378862;
8.00034134509042;0.288558493833989;2.30856644869708;
8.0006679771468;0.288558493833989;2.30866070115131;
7.99936144892126;0.288558493833989;2.30828369133439;
7.99968808097765;0.288558493833989;2.30837794378862;
;;;0.000838035628579711
7.99936144892126;0.289211757946759;2.31350938709406;
8.00001471303403;0.287905229721218;2.30324607372919;
8.00001471303403;0.288885125890374;2.31108525749968;
8.00034134509042;0.288885125890374;2.31117961664241;
8.00001471303403;0.288885125890374;2.31108525749968;
8.00001471303403;0.288231861777604;2.30585913498602;
7.99903481686488;0.289538390003145;2.31602766245416;
7.99968808097765;0.288558493833989;2.30837794378862;
7.99903481686488;0.288231861777604;2.30557669768884;
7.99968808097765;0.288231861777604;2.30576498922029;
7.99936144892126;0.288558493833989;2.30828369133439;
7.99903481686488;0.288885125890374;2.3108021800715;
7.99870818480849;0.289538390003145;2.31593308993443;
8.00001471303403;0.288558493833989;2.30847219624285;
7.99936144892126;0.288558493833989;2.30828369133439;
7.99968808097765;0.288885125890374;2.31099089835695;
-8.00299625750631;0.287578597664833;-2.30149044085057;
-8.00234299339354;0.287578597664833;-2.30130257607312;
-8.00299625750631;0.287578597664833;-2.30149044085057;
-8.00234299339354;0.288231861777604;-2.30653021956878;
-8.00364952161908;0.287905229721218;-2.30429255412986;
-8.00299625750631;0.287905229721218;-2.30410447597541;
-8.0033228895627;0.287905229721218;-2.30419851505263;
-8.00234299339354;0.287578597664833;-2.30130257607312;
-8.00364952161908;0.287578597664833;-2.30167830562803;
-8.00234299339354;0.287578597664833;-2.30130257607312;
-8.00266962544993;0.287578597664833;-2.30139650846184;
-8.00299625750631;0.287578597664833;-2.30149044085057;
-8.00234299339354;0.287905229721218;-2.30391639782095;
-8.00234299339354;0.287578597664833;-2.30130257607312;
-8.00234299339354;0.287578597664833;-2.30130257607312;
-8.00299625750631;0.287251965608448;-2.29887640572574;
-8.0033228895627;0.287905229721218;-2.30419851505263;
-8.00299625750631;0.287905229721218;-2.30410447597541;
-8.00266962544993;0.287578597664833;-2.30139650846184;
-8.00266962544993;0.287578597664833;-2.30139650846184;
-8.00397615367547;0.287578597664833;-2.30177223801676;
-8.0033228895627;0.286925333552063;-2.29635608961263;
-8.00201636133716;0.288231861777604;-2.30643607380305;
-8.00201636133716;0.287251965608448;-2.29859492862506;
-8.00234299339354;0.286598701495677;-2.29346111082962;
-8.00299625750631;0.287578597664833;-2.30149044085057;
-8.00234299339354;0.287578597664833;-2.30130257607312;
-8.00299625750631;0.287251965608448;-2.29887640572574;
-8.00234299339354;0.288231861777604;-2.30653021956878;
-8.00266962544993;0.287905229721218;-2.30401043689818;
-8.00299625750631;0.286925333552063;-2.29626237060091;
-8.00234299339354;0.287578597664833;-2.30130257607312;
-8.00299625750631;0.287905229721218;-2.30410447597541;
-8.00299625750631;0.287578597664833;-2.30149044085057;
-8.00266962544993;0.287905229721218;-2.30401043689818;
-8.00364952161908;0.287251965608448;-2.29906405712619;
-8.00299625750631;0.288558493833989;-2.30933254622507;
-8.00266962544993;0.287578597664833;-2.30139650846184;
-8.00299625750631;0.287905229721218;-2.30410447597541;
-8.0033228895627;0.287251965608448;-2.29897023142597;
-8.00299625750631;0.288231861777604;-2.30671851110024;
-8.00299625750631;0.287905229721218;-2.30410447597541;
-8.00299625750631;0.287578597664833;-2.30149044085057;
-8.00299625750631;0.287905229721218;-2.30410447597541;
-8.00299625750631;0.287251965608448;-2.29887640572574;
-8.0033228895627;0.287578597664833;-2.3015843732393;
-8.00266962544993;0.286925333552063;-2.29616865158918;
-8.00299625750631;0.287578597664833;-2.30149044085057;
-8.00266962544993;0.286598701495677;-2.29355472315285;
-8.00266962544993;0.288231861777604;-2.30662436533451;
7.99968808097765;0.289211757946759;2.31360385292528;
7.99870818480849;0.288558493833989;2.30809518642594;
7.99936144892126;0.289211757946759;2.31350938709406;
7.99968808097765;0.288558493833989;2.30837794378862;
7.99968808097765;0.287578597664833;2.30053908008363;
8.00034134509042;0.289211757946759;2.31379278458774;
7.99903481686488;0.288558493833989;2.30818943888017;
7.99968808097765;0.289211757946759;2.31360385292528;
8.00001471303403;0.28986502205953;2.31892444127018;
7.99968808097765;0.288885125890374;2.31099089835695;
8.00001471303403;0.289211757946759;2.31369831875651;
7.99936144892126;0.289211757946759;2.31350938709406;
8.00034134509042;0.288558493833989;2.30856644869708;
7.99903481686488;0.28986502205953;2.31864040364549;
7.99968808097765;0.288885125890374;2.31099089835695;
8.00001471303403;0.289211757946759;2.31369831875651;
8.00034134509042;0.289211757946759;2.31379278458774;
7.99936144892126;0.28986502205953;2.31873508285372;
7.99903481686488;0.289538390003145;2.31602766245416;
7.99936144892126;0.288231861777604;2.30567084345456;
7.99936144892126;0.289211757946759;2.31350938709406;
7.99968808097765;0.289211757946759;2.31360385292528;
7.99968808097765;0.288885125890374;2.31099089835695;
7.99936144892126;0.289538390003145;2.31612223497389;
8.00034134509042;0.289211757946759;2.31379278458774;
7.99903481686488;0.289538390003145;2.31602766245416;
7.99968808097765;0.288885125890374;2.31099089835695;
7.99870818480849;0.289538390003145;2.31593308993443;
7.99903481686488;0.289211757946759;2.31341492126283;
7.99936144892126;0.289211757946759;2.31350938709406;
8.00001471303403;0.289538390003145;2.31631138001334;
7.99968808097765;0.289538390003145;2.31621680749361;
7.99968808097765;0.289211757946759;2.31360385292528;
7.99936144892126;0.289538390003145;2.31612223497389;
;;;0.00126731269669102
8.00034134509042;0.289211757946759;2.31379278458774;
7.99903481686488;0.288885125890374;2.3108021800715;
7.99936144892126;0.289538390003145;2.31612223497389;
7.99968808097765;0.288558493833989;2.30837794378862;
7.99936144892126;0.289538390003145;2.31612223497389;
8.00001471303403;0.289538390003145;2.31631138001334;
7.99936144892126;0.289538390003145;2.31612223497389;
7.99870818480849;0.289211757946759;2.3133204554316;
7.99968808097765;0.288558493833989;2.30837794378862;
8.00001471303403;0.289211757946759;2.31369831875651;
8.0006679771468;0.289211757946759;2.31388725041897;
7.99968808097765;0.289211757946759;2.31360385292528;
7.99903481686488;0.288885125890374;2.3108021800715;
7.99903481686488;0.289538390003145;2.31602766245416;
7.99903481686488;0.288558493833989;2.30818943888017;
7.99936144892126;0.289538390003145;2.31612223497389;
-8.00266962544993;0.287578597664833;-2.30139650846184;
-8.00266962544993;0.288231861777604;-2.30662436533451;
-8.00234299339354;0.287905229721218;-2.30391639782095;
-8.00299625750631;0.287251965608448;-2.29887640572574;
-8.00299625750631;0.287578597664833;-2.30149044085057;
-8.00234299339354;0.287578597664833;-2.30130257607312;
-8.00234299339354;0.287251965608448;-2.29868875432528;
-8.0033228895627;0.287578597664833;-2.3015843732393;
-8.00299625750631;0.287905229721218;-2.30410447597541;
-8.00266962544993;0.287578597664833;-2.30139650846184;
-8.00266962544993;0.286925333552063;-2.29616865158918;
-8.00234299339354;0.287578597664833;-2.30130257607312;
-8.00266962544993;0.288231861777604;-2.30662436533451;
-8.00234299339354;0.287578597664833;-2.30130257607312;
-8.00201636133716;0.287905229721218;-2.30382235874372;
-8.00266962544993;0.287578597664833;-2.30139650846184;
-8.00299625750631;0.287578597664833;-2.30149044085057;
-8.0033228895627;0.287578597664833;-2.3015843732393;
-8.00299625750631;0.287578597664833;-2.30149044085057;
-8.00299625750631;0.287251965608448;-2.29887640572574;
-8.00266962544993;0.287578597664833;-2.30139650846184;
-8.00266962544993;0.287578597664833;-2.30139650846184;
-8.00201636133716;0.286925333552063;-2.29598121356572;
-8.00299625750631;0.287578597664833;-2.30149044085057;
-8.00299625750631;0.287578597664833;-2.30149044085057;
-8.0033228895627;0.287578597664833;-2.3015843732393;
-8.00266962544993;0.287578597664833;-2.30139650846184;
-8.00299625750631;0.287905229721218;-2.30410447597541;
-8.00299625750631;0.287251965608448;-2.29887640572574;
-8.00266962544993;0.287251965608448;-2.29878258002551;
-8.00299625750631;0.287578597664833;-2.30149044085057;
-8.00299625750631;0.287905229721218;-2.30410447597541;
-8.00397615367547;0.287578597664833;-2.30177223801676;
-8.0033228895627;0.288231861777604;-2.30681265686597;
-8.00266962544993;0.287905229721218;-2.30401043689818;
-8.00299625750631;0.287578597664833;-2.30149044085057;
-8.00266962544993;0.287905229721218;-2.30401043689818;
-8.0033228895627;0.287905229721218;-2.30419851505263;
-8.00266962544993;0.287578597664833;-2.30139650846184;
-8.00234299339354;0.287905229721218;-2.30391639782095;
-8.00266962544993;0.286925333552063;-2.29616865158918;
-8.00266962544993;0.287251965608448;-2.29878258002551;
-8.00397615367547;0.288231861777604;-2.30700094839742;
-8.00299625750631;0.287578597664833;-2.30149044085057;
-8.00266962544993;0.287905229721218;-2.30401043689818;
-8.0033228895627;0.286925333552063;-2.29635608961263;
-8.00201636133716;0.287905229721218;-2.30382235874372;
-8.0033228895627;0.287578597664833;-2.3015843732393;
-8.00266962544993;0.287578597664833;-2.30139650846184;
-8.00266962544993;0.287251965608448;-2.29878258002551;
7.99936144892126;0.289538390003145;2.31612223497389;
7.99936144892126;0.290191654115915;2.32134793073355;
7.99936144892126;0.28986502205953;2.31873508285372;
7.99968808097765;0.290191654115915;2.32144271663028;
7.99903481686488;0.290191654115915;2.32125314483682;
7.99903481686488;0.28986502205953;2.31864040364549;
8.00001471303403;0.290191654115915;2.32153750252701;
7.99936144892126;0.28986502205953;2.31873508285372;
7.99870818480849;0.289538390003145;2.31593308993443;
8.00001471303403;0.290191654115915;2.32153750252701;
8.00001471303403;0.289538390003145;2.31631138001334;
7.99968808097765;0.290191654115915;2.32144271663028;
7.99968808097765;0.289538390003145;2.31621680749361;
7.99968808097765;0.290518286172301;2.32405567119861;
7.99936144892126;0.290191654115915;2.32134793073355;
7.99936144892126;0.289538390003145;2.31612223497389;
7.99903481686488;0.289211757946759;2.31341492126283;
7.99936144892126;0.28986502205953;2.31873508285372;
8.00034134509042;0.289211757946759;2.31379278458774;
7.99968808097765;0.28986502205953;2.31882976206195;
7.99968808097765;0.289538390003145;2.31621680749361;
7.99968808097765;0.28986502205953;2.31882976206195;
7.99936144892126;0.28986502205953;2.31873508285372;
7.99903481686488;0.289211757946759;2.31341492126283;
7.99870818480849;0.28986502205953;2.31854572443726;
7.99936144892126;0.28986502205953;2.31873508285372;
7.99936144892126;0.290191654115915;2.32134793073355;
8.00034134509042;0.28986502205953;2.3190191204784;
7.99936144892126;0.289538390003145;2.31612223497389;
7.99936144892126;0.289211757946759;2.31350938709406;
7.99903481686488;0.28986502205953;2.31864040364549;
7.99968808097765;0.290191654115915;2.32144271663028;
7.99870818480849;0.289538390003145;2.31593308993443;
8.00001471303403;0.28986502205953;2.31892444127018;
;;;0.00188528636442196
7.99903481686488;0.28986502205953;2.31864040364549;
7.99903481686488;0.289538390003145;2.31602766245416;
7.99936144892126;0.289538390003145;2.31612223497389;
8.00034134509042;0.290844918228686;2.3268586243144;
7.99903481686488;0.28986502205953;2.31864040364549;
8.0006679771468;0.28986502205953;2.31911379968663;
7.99936144892126;0.290191654115915;2.32134793073355;
7.99936144892126;0.290191654115915;2.32134793073355;
7.99903481686488;0.290191654115915;2.32125314483682;
7.99903481686488;0.289211757946759;2.31341492126283;
7.99936144892126;0.290191654115915;2.32134793073355;
7.99936144892126;0.290191654115915;2.32134793073355;
7.99936144892126;0.289538390003145;2.31612223497389;
7.99870818480849;0.28986502205953;2.31854572443726;
8.00001471303403;0.290191654115915;2.32153750252701;
7.99936144892126;0.289211757946759;2.31350938709406;
-8.00266962544993;0.287905229721218;-2.30401043689818;
-8.00364952161908;0.287578597664833;-2.30167830562803;
-8.00234299339354;0.287578597664833;-2.30130257607312;
-8.0033228895627;0.287905229721218;-2.30419851505263;
-8.00299625750631;0.288231861777604;-2.30671851110024;
-8.00201636133716;0.288231861777604;-2.30643607380305;
-8.0033228895627;0.287905229721218;-2.30419851505263;
-8.00266962544993;0.287905229721218;-2.30401043689818;
-8.00299625750631;0.287905229721218;-2.30410447597541;
-8.0033228895627;0.287251965608448;-2.29897023142597;
-8.0033228895627;0.287578597664833;-2.3015843732393;
-8.00266962544993;0.287905229721218;-2.30401043689818;
-8.00266962544993;0.287251965608448;-2.29878258002551;
-8.00234299339354;0.287578597664833;-2.30130257607312;
-8.0033228895627;0.287578597664833;-2.3015843732393;
-8.00299625750631;0.287251965608448;-2.29887640572574;
-8.00234299339354;0.287578597664833;-2.30130257607312;
-8.00266962544993;0.288231861777604;-2.30662436533451;
-8.00299625750631;0.287905229721218;-2.30410447597541;
-8.00266962544993;0.287251965608448;-2.29878258002551;
-8.00234299339354;0.287578597664833;-2.30130257607312;
-8.0033228895627;0.287578597664833;-2.3015843732393;
-8.00299625750631;0.287578597664833;-2.30149044085057;
-8.00266962544993;0.287578597664833;-2.30139650846184;
-8.00266962544993;0.287905229721218;-2.30401043689818;
-8.0033228895627;0.287905229721218;-2.30419851505263;
-8.00234299339354;0.287578597664833;-2.30130257607312;
-8.00299625750631;0.287905229721218;-2.30410447597541;
-8.0033228895627;0.286925333552063;-2.29635608961263;
-8.00299625750631;0.287578597664833;-2.30149044085057;
-8.00299625750631;0.287905229721218;-2.30410447597541;
-8.0033228895627;0.287578597664833;-2.3015843732393;
-8.00266962544993;0.287578597664833;-2.30139650846184;
-8.0033228895627;0.287905229721218;-2.30419851505263;
-8.0033228895627;0.287251965608448;-2.29897023142597;
-8.00266962544993;0.287251965608448;-2.29878258002551;
-8.00299625750631;0.287578597664833;-2.30149044085057;
-8.00234299339354;0.287578597664833;-2.30130257607312;
-8.00299625750631;0.286925333552063;-2.29626237060091;
-8.00266962544993;0.287578597664833;-2.30139650846184;
-8.00299625750631;0.287251965608448;-2.29887640572574;
-8.00364952161908;0.287905229721218;-2.30429255412986;
-8.00266962544993;0.287578597664833;-2.30139650846184;
-8.00266962544993;0.287578597664833;-2.30139650846184;
-8.00201636133716;0.286925333552063;-2.29598121356572;
-8.00266962544993;0.288231861777604;-2.30662436533451;
-8.00234299339354;0.287578597664833;-2.30130257607312;
-8.00234299339354;0.287578597664833;-2.30130257607312;
-8.0033228895627;0.287578597664833;-2.3015843732393;
-8.0033228895627;0.287251965608448;-2.29897023142597;
7.99968808097765;0.290191654115915;2.32144271663028;
8.00034134509042;0.28986502205953;2.3190191204784;
7.99936144892126;0.290191654115915;2.32134793073355;
8.0006679771468;0.290518286172301;2.3243403489543;
7.99903481686488;0.290518286172301;2.32386588602815;
7.99968808097765;0.290518286172301;2.32405567119861;
7.99870818480849;0.28986502205953;2.31854572443726;
8.00001471303403;0.290518286172301;2.32415056378384;
7.99936144892126;0.290844918228686;2.32657362649321;
7.99936144892126;0.290518286172301;2.32396077861338;
7.99968808097765;0.290518286172301;2.32405567119861;
7.99903481686488;0.290518286172301;2.32386588602815;
7.99936144892126;0.290844918228686;2.32657362649321;
7.99968808097765;0.290518286172301;2.32405567119861;
7.99936144892126;0.290844918228686;2.32657362649321;
7.99968808097765;0.290191654115915;2.32144271663028;
7.99968808097765;0.290518286172301;2.32405567119861;
8.00034134509042;0.290844918228686;2.3268586243144;
8.00034134509042;0.290191654115915;2.32163228842374;
7.99968808097765;0.290518286172301;2.32405567119861;
7.99903481686488;0.290191654115915;2.32125314483682;
7.99870818480849;0.290191654115915;2.32115835894009;
7.99968808097765;0.290518286172301;2.32405567119861;
8.00001471303403;0.290844918228686;2.32676362504067;
7.99903481686488;0.290518286172301;2.32386588602815;
7.99936144892126;0.290518286172301;2.32396077861338;
8.00001471303403;0.290844918228686;2.32676362504067;
7.99936144892126;0.291171550285071;2.32918647437304;
7.99968808097765;0.290518286172301;2.32405567119861;
7.99936144892126;0.291171550285071;2.32918647437304;
8.00001471303403;0.290844918228686;2.32676362504067;
8.00001471303403;0.291171550285071;2.3293766862975;
8.00001471303403;0.290844918228686;2.32676362504067;
7.99968808097765;0.290844918228686;2.32666862576694;
;;;0.00261109178210162
7.99936144892126;0.290518286172301;2.32396077861338;
7.99903481686488;0.290844918228686;2.32647862721948;
7.99936144892126;0.291171550285071;2.32918647437304;
7.99968808097765;0.291498182341456;2.3318945349036;
8.00001471303403;0.291171550285071;2.3293766862975;
7.99936144892126;0.290844918228686;2.32657362649321;
8.00034134509042;0.290844918228686;2.3268586243144;
8.00001471303403;0.291824814397842;2.33460280881116;
8.00001471303403;0.291498182341456;2.33198974755433;
7.99936144892126;0.291171550285071;2.32918647437304;
7.99903481686488;0.290844918228686;2.32647862721948;
7.99870818480849;0.292151446454227;2.33683416595707;
7.99968808097765;0.291171550285071;2.32928158033527;
7.99903481686488;0.291171550285071;2.32909136841081;
7.99936144892126;0.291824814397842;2.3344121701327;
7.99936144892126;0.291498182341456;2.33179932225287;
-8.00234299339354;0.287905229721218;-2.30391639782095;
-8.00299625750631;0.287251965608448;-2.29887640572574;
-8.00266962544993;0.287578597664833;-2.30139650846184;
-8.00266962544993;0.288231861777604;-2.30662436533451;
-8.00299625750631;0.287578597664833;-2.30149044085057;
-8.00266962544993;0.287578597664833;-2.30139650846184;
-8.00266962544993;0.287905229721218;-2.30401043689818;
-8.00266962544993;0.288231861777604;-2.30662436533451;
-8.00266962544993;0.287578597664833;-2.30139650846184;
-8.00299625750631;0.286925333552063;-2.29626237060091;
-8.00299625750631;0.287578597664833;-2.30149044085057;
-8.00299625750631;0.288231861777604;-2.30671851110024;
-8.00299625750631;0.287578597664833;-2.30149044085057;
-8.00234299339354;0.287251965608448;-2.29868875432528;
-8.00266962544993;0.287578597664833;-2.30139650846184;
-8.00299625750631;0.288231861777604;-2.30671851110024;
-8.0033228895627;0.287578597664833;-2.3015843732393;
-8.00266962544993;0.287905229721218;-2.30401043689818;
-8.00234299339354;0.287578597664833;-2.30130257607312;
-8.00364952161908;0.287905229721218;-2.30429255412986;
-8.00266962544993;0.287578597664833;-2.30139650846184;
-8.00299625750631;0.287905229721218;-2.30410447597541;
-8.00266962544993;0.288231861777604;-2.30662436533451;
-8.00266962544993;0.287578597664833;-2.30139650846184;
-8.00299625750631;0.287578597664833;-2.30149044085057;
-8.00299625750631;0.287578597664833;-2.30149044085057;
-8.0033228895627;0.287251965608448;-2.29897023142597;
-8.00299625750631;0.287578597664833;-2.30149044085057;
-8.00299625750631;0.287251965608448;-2.29887640572574;
-8.0033228895627;0.288231861777604;-2.30681265686597;
-8.00234299339354;0.287905229721218;-2.30391639782095;
-8.00299625750631;0.287905229721218;-2.30410447597541;
-8.00234299339354;0.288231861777604;-2.30653021956878;
-8.00266962544993;0.287905229721218;-2.30401043689818;
-8.00266962544993;0.287578597664833;-2.30139650846184;
-8.0033228895627;0.287578597664833;-2.3015843732393;
-8.00299625750631;0.287578597664833;-2.30149044085057;
-8.00234299339354;0.287578597664833;-2.30130257607312;
-8.0033228895627;0.287578597664833;-2.3015843732393;
-8.0033228895627;0.287578597664833;-2.3015843732393;
-8.00299625750631;0.287905229721218;-2.30410447597541;
-8.00234299339354;0.287905229721218;-2.30391639782095;
-8.0033228895627;0.287905229721218;-2.30419851505263;
-8.0033228895627;0.287578597664833;-2.3015843732393;
-8.00266962544993;0.287578597664833;-2.30139650846184;
-8.00397615367547;0.287905229721218;-2.30438659320709;
-8.00266962544993;0.287578597664833;-2.30139650846184;
-8.00234299339354;0.287578597664833;-2.30130257607312;
-8.00299625750631;0.287905229721218;-2.30410447597541;
-8.0033228895627;0.288231861777604;-2.30681265686597;
7.99968808097765;0.291824814397842;2.33450748947193;
8.00034134509042;0.291824814397842;2.33469812815039;
8.00001471303403;0.292478078510612;2.33982893132482;
7.99936144892126;0.292804710566998;2.34225071377219;
7.99936144892126;0.292804710566998;2.34225071377219;
8.0006679771468;0.293131342623383;2.34524654602495;
7.99936144892126;0.292478078510612;2.33963786589236;
7.99968808097765;0.292151446454227;2.33712044404026;
7.99903481686488;0.292151446454227;2.3369295919848;
7.99936144892126;0.292478078510612;2.33963786589236;
7.99936144892126;0.292151446454227;2.33702501801253;
7.99936144892126;0.292804710566998;2.34225071377219;
7.99936144892126;0.292804710566998;2.34225071377219;
7.99968808097765;0.292151446454227;2.33712044404026;
7.99968808097765;0.292478078510612;2.33973339860859;
7.99936144892126;0.292478078510612;2.33963786589236;
7.99903481686488;0.293131342623383;2.34476781555879;
7.99936144892126;0.292804710566998;2.34225071377219;
7.99968808097765;0.292478078510612;2.33973339860859;
7.99870818480849;0.292478078510612;2.33944680045989;
8.00001471303403;0.292151446454227;2.33721587006799;
7.99936144892126;0.292804710566998;2.34225071377219;
7.99903481686488;0.292478078510612;2.33954233317613;
7.99903481686488;0.293131342623383;2.34476781555879;
8.00001471303403;0.292478078510612;2.33982893132482;
7.99968808097765;0.292804710566998;2.34234635317692;
7.99968808097765;0.291824814397842;2.33450748947193;
7.99968808097765;0.292478078510612;2.33973339860859;
7.99968808097765;0.292804710566998;2.34234635317692;
7.99968808097765;0.292804710566998;2.34234635317692;
7.99903481686488;0.292478078510612;2.33954233317613;
7.99936144892126;0.292804710566998;2.34225071377219;
7.99903481686488;0.292151446454227;2.3369295919848;
8.00034134509042;0.292804710566998;2.34253763198638;
;;;0.00426857381558096
7.99838155275211;0.292804710566998;2.34196379555799;
7.99870818480849;0.292804710566998;2.34205943496272;
7.99936144892126;0.292804710566998;2.34225071377219;
8.00001471303403;0.293131342623383;2.34505505383848;
7.99936144892126;0.292478078510612;2.33963786589236;
8.00034134509042;0.292478078510612;2.33992446404105;
7.99936144892126;0.292804710566998;2.34225071377219;
8.00034134509042;0.292804710566998;2.34253763198638;
7.99903481686488;0.293131342623383;2.34476781555879;
7.99968808097765;0.292478078510612;2.33973339860859;
7.99903481686488;0.293131342623383;2.34476781555879;
7.99870818480849;0.292804710566998;2.34205943496272;
8.00001471303403;0.293457974679768;2.34766811509531;
7.99936144892126;0.292478078510612;2.33963786589236;
7.99968808097765;0.292804710566998;2.34234635317692;
7.99968808097765;0.292804710566998;2.34234635317692;
-8.00266962544993;0.287905229721218;-2.30401043689818;
-8.00234299339354;0.287905229721218;-2.30391639782095;
-8.00266962544993;0.287578597664833;-2.30139650846184;
-8.00299625750631;0.287905229721218;-2.30410447597541;
-8.00234299339354;0.288231861777604;-2.30653021956878;
-8.00299625750631;0.287578597664833;-2.30149044085057;
-8.00299625750631;0.287578597664833;-2.30149044085057;
-8.00364952161908;0.288558493833989;-2.30952105113353;
-8.00266962544993;0.287578597664833;-2.30139650846184;
-8.00299625750631;0.287905229721218;-2.30410447597541;
-8.00234299339354;0.287905229721218;-2.30391639782095;
-8.00234299339354;0.287905229721218;-2.30391639782095;
-8.0033228895627;0.287251965608448;-2.29897023142597;
-8.0033228895627;0.287905229721218;-2.30419851505263;
-8.00299625750631;0.288231861777604;-2.30671851110024;
-8.00266962544993;0.288231861777604;-2.30662436533451;
-8.00234299339354;0.287578597664833;-2.30130257607312;
-8.0033228895627;0.287578597664833;-2.3015843732393;
-8.00299625750631;0.287578597664833;-2.30149044085057;
-8.0033228895627;0.288558493833989;-2.3094267986793;
-8.00234299339354;0.287578597664833;-2.30130257607312;
-8.00299625750631;0.287905229721218;-2.30410447597541;
-8.00234299339354;0.287578597664833;-2.30130257607312;
-8.00266962544993;0.287251965608448;-2.29878258002551;
-8.00234299339354;0.287251965608448;-2.29868875432528;
-8.00234299339354;0.287251965608448;-2.29868875432528;
-8.00299625750631;0.288231861777604;-2.30671851110024;
-8.00299625750631;0.287578597664833;-2.30149044085057;
-8.00299625750631;0.287905229721218;-2.30410447597541;
-8.00201636133716;0.288231861777604;-2.30643607380305;
-8.00299625750631;0.287905229721218;-2.30410447597541;
-8.00266962544993;0.287251965608448;-2.29878258002551;
-8.00430278573185;0.287578597664833;-2.30186617040548;
-8.00299625750631;0.287905229721218;-2.30410447597541;
-8.00299625750631;0.287905229721218;-2.30410447597541;
-8.0033228895627;0.288231861777604;-2.30681265686597;
-8.00299625750631;0.287905229721218;-2.30410447597541;
-8.00234299339354;0.287905229721218;-2.30391639782095;
-8.00234299339354;0.288231861777604;-2.30653021956878;
-8.0033228895627;0.288231861777604;-2.30681265686597;
-8.00299625750631;0.287578597664833;-2.30149044085057;
-8.0033228895627;0.287578597664833;-2.3015843732393;
-8.0033228895627;0.287905229721218;-2.30419851505263;
-8.00364952161908;0.287578597664833;-2.30167830562803;
-8.00266962544993;0.287578597664833;-2.30139650846184;
-8.0033228895627;0.287905229721218;-2.30419851505263;
-8.0033228895627;0.287578597664833;-2.3015843732393;
-8.0033228895627;0.288231861777604;-2.30681265686597;
-8.0033228895627;0.286925333552063;-2.29635608961263;
-8.00299625750631;0.286925333552063;-2.29626237060091;
7.99936144892126;0.294111238792539;2.35270210529151;
7.99968808097765;0.293784606736153;2.35018521688191;
7.99936144892126;0.294111238792539;2.35270210529151;
8.00001471303403;0.293457974679768;2.34766811509531;
7.99968808097765;0.294111238792539;2.35279817145024;
7.99903481686488;0.294111238792539;2.35260603913278;
7.99936144892126;0.293784606736153;2.35008925741168;
7.99968808097765;0.293457974679768;2.34757226231358;
7.99936144892126;0.293457974679768;2.34747640953185;
7.99870818480849;0.294111238792539;2.35250997297404;
7.99936144892126;0.294111238792539;2.35270210529151;
7.99968808097765;0.294437870848924;2.35541112601857;
7.99968808097765;0.293784606736153;2.35018521688191;
7.99968808097765;0.294764502905309;2.3580240805869;
7.99968808097765;0.294111238792539;2.35279817145024;
7.99968808097765;0.294111238792539;2.35279817145024;
8.00001471303403;0.294437870848924;2.35550729886581;
7.99968808097765;0.294437870848924;2.35541112601857;
7.99838155275211;0.294437870848924;2.35502643462964;
7.99903481686488;0.294111238792539;2.35260603913278;
8.00001471303403;0.294437870848924;2.35550729886581;
7.99870818480849;0.294764502905309;2.3577352419797;
7.99936144892126;0.294764502905309;2.35792780105117;
7.99968808097765;0.293784606736153;2.35018521688191;
8.00034134509042;0.294437870848924;2.35560347171304;
7.99968808097765;0.294764502905309;2.3580240805869;
8.00001471303403;0.294111238792539;2.35289423760898;
7.99870818480849;0.294437870848924;2.35512260747687;
7.99870818480849;0.294437870848924;2.35512260747687;
7.99903481686488;0.294764502905309;2.35783152151544;
7.99968808097765;0.294764502905309;2.3580240805869;
7.99936144892126;0.294764502905309;2.35792780105117;
7.99936144892126;0.29541776701808;2.36315349681083;
8.00034134509042;0.294764502905309;2.35821663965837;
;;;0.00591158209709667
7.99968808097765;0.294764502905309;2.3580240805869;
7.99968808097765;0.294437870848924;2.35541112601857;
7.99903481686488;0.294764502905309;2.35783152151544;
7.99936144892126;0.294437870848924;2.35531495317134;
7.99936144892126;0.294437870848924;2.35531495317134;
8.00034134509042;0.295091134961694;2.3608298076037;
7.99936144892126;0.295091134961694;2.360540648931;
7.99936144892126;0.295091134961694;2.360540648931;
7.99936144892126;0.29541776701808;2.36315349681083;
7.99903481686488;0.29541776701808;2.3630570038981;
7.99870818480849;0.295091134961694;2.36034787648253;
8.00034134509042;0.295744399074465;2.36605614349436;
7.99936144892126;0.295091134961694;2.360540648931;
7.99968808097765;0.295091134961694;2.36063703515523;
7.99903481686488;0.295091134961694;2.36044426270677;
7.99968808097765;0.295744399074465;2.3658629442919;
-8.00299625750631;0.287905229721218;-2.30410447597541;
-8.0033228895627;0.287905229721218;-2.30419851505263;
-8.00266962544993;0.287578597664833;-2.30139650846184;
-8.00397615367547;0.287905229721218;-2.30438659320709;
-8.00234299339354;0.287905229721218;-2.30391639782095;
-8.00299625750631;0.288231861777604;-2.30671851110024;
-8.00364952161908;0.287251965608448;-2.29906405712619;
-8.00266962544993;0.287905229721218;-2.30401043689818;
-8.0033228895627;0.287251965608448;-2.29897023142597;
-8.00234299339354;0.287578597664833;-2.30130257607312;
-8.00234299339354;0.287578597664833;-2.30130257607312;
-8.00234299339354;0.287905229721218;-2.30391639782095;
-8.00299625750631;0.287905229721218;-2.30410447597541;
-8.0033228895627;0.287905229721218;-2.30419851505263;
-8.00299625750631;0.288558493833989;-2.30933254622507;
-8.00397615367547;0.287251965608448;-2.29915788282642;
-8.00234299339354;0.287578597664833;-2.30130257607312;
-8.00266962544993;0.287905229721218;-2.30401043689818;
-8.0033228895627;0.288558493833989;-2.3094267986793;
-8.00266962544993;0.288231861777604;-2.30662436533451;
-8.00299625750631;0.288231861777604;-2.30671851110024;
-8.00299625750631;0.287905229721218;-2.30410447597541;
-8.00299625750631;0.287578597664833;-2.30149044085057;
-8.00299625750631;0.288231861777604;-2.30671851110024;
-8.00364952161908;0.287251965608448;-2.29906405712619;
-8.00266962544993;0.287578597664833;-2.30139650846184;
-8.00234299339354;0.288231861777604;-2.30653021956878;
-8.00364952161908;0.287905229721218;-2.30429255412986;
-8.00299625750631;0.287905229721218;-2.30410447597541;
-8.00266962544993;0.287578597664833;-2.30139650846184;
-8.00299625750631;0.288558493833989;-2.30933254622507;
-8.00299625750631;0.287578597664833;-2.30149044085057;
-8.00299625750631;0.287905229721218;-2.30410447597541;
-8.0033228895627;0.287578597664833;-2.3015843732393;
-8.00299625750631;0.287578597664833;-2.30149044085057;
-8.00266962544993;0.287578597664833;-2.30139650846184;
-8.0033228895627;0.287578597664833;-2.3015843732393;
-8.00201636133716;0.287905229721218;-2.30382235874372;
-8.00299625750631;0.287578597664833;-2.30149044085057;
-8.00266962544993;0.287251965608448;-2.29878258002551;
-8.0033228895627;0.288558493833989;-2.3094267986793;
-8.0033228895627;0.287578597664833;-2.3015843732393;
-8.00266962544993;0.287578597664833;-2.30139650846184;
-8.00266962544993;0.287905229721218;-2.30401043689818;
-8.00266962544993;0.287905229721218;-2.30401043689818;
-8.0033228895627;0.287251965608448;-2.29897023142597;
-8.00299625750631;0.288231861777604;-2.30671851110024;
-8.00299625750631;0.288558493833989;-2.30933254622507;
-8.0033228895627;0.287578597664833;-2.3015843732393;
-8.00299625750631;0.287905229721218;-2.30410447597541;
8.00001471303403;0.295091134961694;2.36073342137947;
7.99968808097765;0.296724295243621;2.37370180799689;
7.99936144892126;0.296724295243621;2.37360488833015;
7.99903481686488;0.296724295243621;2.37350796866342;
7.99968808097765;0.29607103113085;2.36847589886023;
7.99870818480849;0.296397663187236;2.37079841449385;
7.99936144892126;0.296724295243621;2.37360488833015;
7.99936144892126;0.29607103113085;2.36837919257049;
8.0006679771468;0.296397663187236;2.37137929236326;
7.99968808097765;0.29607103113085;2.36847589886023;
7.99903481686488;0.29607103113085;2.36828248628076;
7.99838155275211;0.296397663187236;2.37070160151562;
7.99968808097765;0.297050927300006;2.37631476256522;
7.99903481686488;0.297050927300006;2.37612070985475;
7.99968808097765;0.296397663187236;2.37108885342856;
8.00001471303403;0.296724295243621;2.37379872766362;
8.00001471303403;0.297050927300006;2.37641178892045;
7.99968808097765;0.297377559356391;2.37892771713355;
7.99903481686488;0.296397663187236;2.37089522747209;
7.99968808097765;0.296397663187236;2.37108885342856;
8.00001471303403;0.297050927300006;2.37641178892045;
7.99936144892126;0.297377559356391;2.37883058408981;
7.99968808097765;0.297050927300006;2.37631476256522;
8.00001471303403;0.297050927300006;2.37641178892045;
7.99968808097765;0.296397663187236;2.37108885342856;
8.00001471303403;0.297050927300006;2.37641178892045;
7.99968808097765;0.296397663187236;2.37108885342856;
7.99968808097765;0.296397663187236;2.37108885342856;
8.00001471303403;0.297050927300006;2.37641178892045;
8.00001471303403;0.296397663187236;2.37118566640679;
7.99968808097765;0.296724295243621;2.37370180799689;
7.99903481686488;0.296724295243621;2.37350796866342;
7.99870818480849;0.297050927300006;2.37602368349951;
7.99936144892126;0.296724295243621;2.37360488833015;
;;;0.00817201065468801
7.99936144892126;0.296724295243621;2.37360488833015;
7.99936144892126;0.297704191412777;2.38144343196964;
7.99968808097765;0.29607103113085;2.36847589886023;
7.99936144892126;0.296724295243621;2.37360488833015;
7.99870818480849;0.297050927300006;2.37602368349951;
7.99903481686488;0.297050927300006;2.37612070985475;
7.99870818480849;0.29607103113085;2.36818577999102;
7.99870818480849;0.296397663187236;2.37079841449385;
7.99903481686488;0.296397663187236;2.37089522747209;
7.99870818480849;0.297377559356391;2.37863631800234;
8.00001471303403;0.296397663187236;2.37118566640679;
8.00001471303403;0.296397663187236;2.37118566640679;
7.99968808097765;0.296397663187236;2.37108885342856;
7.99968808097765;0.297050927300006;2.37631476256522;
7.99936144892126;0.297050927300006;2.37621773620998;
7.99968808097765;0.297050927300006;2.37631476256522;
-8.00201636133716;0.288885125890374;-2.31166350392172;
-8.00234299339354;0.288558493833989;-2.30914404131661;
-8.00266962544993;0.288231861777604;-2.30662436533451;
-8.00266962544993;0.287578597664833;-2.30139650846184;
-8.00364952161908;0.287905229721218;-2.30429255412986;
-8.0033228895627;0.287578597664833;-2.3015843732393;
-8.00234299339354;0.287905229721218;-2.30391639782095;
-8.00299625750631;0.287905229721218;-2.30410447597541;
-8.00299625750631;0.287578597664833;-2.30149044085057;
-8.00299625750631;0.287905229721218;-2.30410447597541;
-8.00266962544993;0.287578597664833;-2.30139650846184;
-8.0033228895627;0.287251965608448;-2.29897023142597;
-8.00201636133716;0.287905229721218;-2.30382235874372;
-8.00266962544993;0.287905229721218;-2.30401043689818;
-8.00266962544993;0.287905229721218;-2.30401043689818;
-8.00364952161908;0.288885125890374;-2.31213529963536;
-8.00266962544993;0.287905229721218;-2.30401043689818;
-8.00364952161908;0.287578597664833;-2.30167830562803;
-8.00266962544993;0.287578597664833;-2.30139650846184;
-8.00234299339354;0.287578597664833;-2.30130257607312;
-8.00266962544993;0.287578597664833;-2.30139650846184;
-8.00299625750631;0.288231861777604;-2.30671851110024;
-8.0033228895627;0.288231861777604;-2.30681265686597;
-8.00266962544993;0.287905229721218;-2.30401043689818;
-8.00201636133716;0.287905229721218;-2.30382235874372;
-8.00266962544993;0.287905229721218;-2.30401043689818;
-8.00299625750631;0.288885125890374;-2.3119465813499;
-8.00299625750631;0.287578597664833;-2.30149044085057;
-8.0033228895627;0.287251965608448;-2.29897023142597;
-8.00364952161908;0.288231861777604;-2.30690680263169;
-8.00299625750631;0.288231861777604;-2.30671851110024;
-8.00266962544993;0.287251965608448;-2.29878258002551;
-8.0033228895627;0.287905229721218;-2.30419851505263;
-8.00234299339354;0.287578597664833;-2.30130257607312;
-8.00266962544993;0.287905229721218;-2.30401043689818;
-8.0033228895627;0.287905229721218;-2.30419851505263;
-8.0033228895627;0.288231861777604;-2.30681265686597;
-8.00234299339354;0.287905229721218;-2.30391639782095;
-8.00299625750631;0.288231861777604;-2.30671851110024;
-8.0033228895627;0.287578597664833;-2.3015843732393;
-8.00266962544993;0.288231861777604;-2.30662436533451;
-8.00266962544993;0.288558493833989;-2.30923829377084;
-8.00364952161908;0.287251965608448;-2.29906405712619;
-8.00397615367547;0.287905229721218;-2.30438659320709;
-8.0033228895627;0.288231861777604;-2.30681265686597;
-8.00299625750631;0.288558493833989;-2.30933254622507;
-8.00234299339354;0.288231861777604;-2.30653021956878;
-8.0033228895627;0.287578597664833;-2.3015843732393;
-8.0033228895627;0.287578597664833;-2.3015843732393;
-8.00201636133716;0.286598701495677;-2.29336749850639;
7.99870818480849;0.296397663187236;2.37079841449385;
7.99870818480849;0.297050927300006;2.37602368349951;
7.99870818480849;0.296724295243621;2.37341104899668;
7.99903481686488;0.296397663187236;2.37089522747209;
7.99903481686488;0.297704191412777;2.38134619223741;
7.99936144892126;0.296724295243621;2.37360488833015;
7.99968808097765;0.297050927300006;2.37631476256522;
7.99968808097765;0.297050927300006;2.37631476256522;
8.00001471303403;0.296724295243621;2.37379872766362;
7.99968808097765;0.297377559356391;2.37892771713355;
8.00001471303403;0.296397663187236;2.37118566640679;
7.99968808097765;0.296397663187236;2.37108885342856;
7.99903481686488;0.297377559356391;2.37873345104608;
7.99968808097765;0.296724295243621;2.37370180799689;
7.99968808097765;0.297704191412777;2.38154067170188;
7.99968808097765;0.297050927300006;2.37631476256522;
7.99903481686488;0.296724295243621;2.37350796866342;
7.99936144892126;0.297377559356391;2.37883058408981;
7.99968808097765;0.297050927300006;2.37631476256522;
7.99936144892126;0.297704191412777;2.38144343196964;
7.99936144892126;0.297704191412777;2.38144343196964;
7.99903481686488;0.297050927300006;2.37612070985475;
7.99968808097765;0.297377559356391;2.37892771713355;
7.99968808097765;0.297704191412777;2.38154067170188;
7.99903481686488;0.297704191412777;2.38134619223741;
8.00001471303403;0.297704191412777;2.38163791143411;
7.99936144892126;0.297377559356391;2.37883058408981;
7.99936144892126;0.297050927300006;2.37621773620998;
8.00001471303403;0.297050927300006;2.37641178892045;
7.99968808097765;0.297050927300006;2.37631476256522;
7.99968808097765;0.297704191412777;2.38154067170188;
7.99936144892126;0.297377559356391;2.37883058408981;
7.99968808097765;0.297704191412777;2.38154067170188;
7.99870818480849;0.297377559356391;2.37863631800234;
;;;0.00899906643425174
8.00034134509042;0.297050927300006;2.37650881527569;
7.99968808097765;0.297377559356391;2.37892771713355;
7.99968808097765;0.297377559356391;2.37892771713355;
7.99903481686488;0.297377559356391;2.37873345104608;
7.99936144892126;0.298357455525547;2.3866691277293;
7.99936144892126;0.297704191412777;2.38144343196964;
7.99968808097765;0.298357455525547;2.38676658083854;
7.99968808097765;0.297377559356391;2.37892771713355;
7.99903481686488;0.298030823469162;2.38395893342874;
7.99936144892126;0.297704191412777;2.38144343196964;
8.00001471303403;0.298030823469162;2.38425097269094;
7.99903481686488;0.297377559356391;2.37873345104608;
7.99936144892126;0.297704191412777;2.38144343196964;
7.99936144892126;0.297377559356391;2.37883058408981;
7.99903481686488;0.297704191412777;2.38134619223741;
7.99968808097765;0.298357455525547;2.38676658083854;
-8.0033228895627;0.288231861777604;-2.30681265686597;
-8.00266962544993;0.287905229721218;-2.30401043689818;
-8.00299625750631;0.288231861777604;-2.30671851110024;
-8.00299625750631;0.287251965608448;-2.29887640572574;
-8.00299625750631;0.287251965608448;-2.29887640572574;
-8.00266962544993;0.287905229721218;-2.30401043689818;
-8.00364952161908;0.288558493833989;-2.30952105113353;
-8.00299625750631;0.287578597664833;-2.30149044085057;
-8.00364952161908;0.287905229721218;-2.30429255412986;
-8.00299625750631;0.287578597664833;-2.30149044085057;
-8.0033228895627;0.287578597664833;-2.3015843732393;
-8.00234299339354;0.287905229721218;-2.30391639782095;
-8.00266962544993;0.288558493833989;-2.30923829377084;
-8.0033228895627;0.287905229721218;-2.30419851505263;
-8.00234299339354;0.287578597664833;-2.30130257607312;
-8.00266962544993;0.287905229721218;-2.30401043689818;
-8.0033228895627;0.287905229721218;-2.30419851505263;
-8.00266962544993;0.287905229721218;-2.30401043689818;
-8.00266962544993;0.287578597664833;-2.30139650846184;
-8.00234299339354;0.287578597664833;-2.30130257607312;
-8.0033228895627;0.287905229721218;-2.30419851505263;
-8.00266962544993;0.288558493833989;-2.30923829377084;
-8.00266962544993;0.287905229721218;-2.30401043689818;
-8.0033228895627;0.287905229721218;-2.30419851505263;
-8.00266962544993;0.287578597664833;-2.30139650846184;
-8.00266962544993;0.288558493833989;-2.30923829377084;
-8.00364952161908;0.288558493833989;-2.30952105113353;
-8.00364952161908;0.287578597664833;-2.30167830562803;
-8.00299625750631;0.287578597664833;-2.30149044085057;
-8.0033228895627;0.287905229721218;-2.30419851505263;
-8.00266962544993;0.288231861777604;-2.30662436533451;
-8.00234299339354;0.287578597664833;-2.30130257607312;
-8.0033228895627;0.287905229721218;-2.30419851505263;
-8.00299625750631;0.287578597664833;-2.30149044085057;
-8.00266962544993;0.287578597664833;-2.30139650846184;
-8.00364952161908;0.287578597664833;-2.30167830562803;
-8.00234299339354;0.287905229721218;-2.30391639782095;
-8.0033228895627;0.287905229721218;-2.30419851505263;
-8.00299625750631;0.287905229721218;-2.30410447597541;
-8.0033228895627;0.287578597664833;-2.3015843732393;
-8.00299625750631;0.288231861777604;-2.30671851110024;
-8.0033228895627;0.287251965608448;-2.29897023142597;
-8.00299625750631;0.287578597664833;-2.30149044085057;
-8.0033228895627;0.287578597664833;-2.3015843732393;
-8.00299625750631;0.287578597664833;-2.30149044085057;
-8.00364952161908;0.287578597664833;-2.30167830562803;
-8.0033228895627;0.288231861777604;-2.30681265686597;
-8.00266962544993;0.287905229721218;-2.30401043689818;
-8.00299625750631;0.287905229721218;-2.30410447597541;
-8.00299625750631;0.288231861777604;-2.30671851110024;
8.00001471303403;0.299010719638318;2.39209015646144;
7.99936144892126;0.298030823469162;2.38405627984947;
7.99968808097765;0.298030823469162;2.38415362627021;
7.99968808097765;0.298357455525547;2.38676658083854;
7.99936144892126;0.298030823469162;2.38405627984947;
7.99968808097765;0.298357455525547;2.38676658083854;
8.00001471303403;0.298684087581933;2.38947709520461;
7.99936144892126;0.298030823469162;2.38405627984947;
8.00034134509042;0.298684087581933;2.38957465500234;
7.99903481686488;0.298357455525547;2.38657167462007;
8.00001471303403;0.298357455525547;2.38686403394778;
8.00001471303403;0.298684087581933;2.38947709520461;
8.00001471303403;0.298357455525547;2.38686403394778;
7.99968808097765;0.298030823469162;2.38415362627021;
7.99870818480849;0.298030823469162;2.383861587008;
7.99968808097765;0.297704191412777;2.38154067170188;
8.00034134509042;0.298030823469162;2.38434831911168;
7.99903481686488;0.298357455525547;2.38657167462007;
7.99903481686488;0.298357455525547;2.38657167462007;
7.99968808097765;0.298357455525547;2.38676658083854;
8.00001471303403;0.298030823469162;2.38425097269094;
7.99936144892126;0.297377559356391;2.37883058408981;
7.99936144892126;0.297704191412777;2.38144343196964;
7.99936144892126;0.298030823469162;2.38405627984947;
7.99968808097765;0.298030823469162;2.38415362627021;
7.99903481686488;0.297704191412777;2.38134619223741;
7.99936144892126;0.298357455525547;2.3866691277293;
7.99968808097765;0.298030823469162;2.38415362627021;
8.00034134509042;0.298684087581933;2.38957465500234;
7.99968808097765;0.297050927300006;2.37631476256522;
7.99936144892126;0.298357455525547;2.3866691277293;
7.99968808097765;0.298030823469162;2.38415362627021;
8.00001471303403;0.298030823469162;2.38425097269094;
7.99870818480849;0.298357455525547;2.38647422151083;
;;;0.0100402703671168
7.99903481686488;0.298357455525547;2.38657167462007;
7.99968808097765;0.298030823469162;2.38415362627021;
7.99936144892126;0.298357455525547;2.3866691277293;
8.00001471303403;0.297704191412777;2.38163791143411;
8.00001471303403;0.297704191412777;2.38163791143411;
7.99936144892126;0.297704191412777;2.38144343196964;
7.99936144892126;0.297377559356391;2.37883058408981;
7.99903481686488;0.298684087581933;2.3891844158114;
8.00001471303403;0.297050927300006;2.37641178892045;
7.99936144892126;0.297377559356391;2.37883058408981;
8.00034134509042;0.297377559356391;2.37912198322102;
8.00001471303403;0.297704191412777;2.38163791143411;
8.00001471303403;0.297377559356391;2.37902485017728;
7.99936144892126;0.298030823469162;2.38405627984947;
7.99936144892126;0.298030823469162;2.38405627984947;
7.99903481686488;0.298357455525547;2.38657167462007;
-8.00234299339354;0.288231861777604;-2.30653021956878;
-8.0033228895627;0.288231861777604;-2.30681265686597;
-8.00364952161908;0.287251965608448;-2.29906405712619;
-8.0033228895627;0.288558493833989;-2.3094267986793;
-8.00299625750631;0.287905229721218;-2.30410447597541;
-8.00266962544993;0.287905229721218;-2.30401043689818;
-8.00299625750631;0.288231861777604;-2.30671851110024;
-8.00266962544993;0.287578597664833;-2.30139650846184;
-8.00266962544993;0.287578597664833;-2.30139650846184;
-8.00266962544993;0.288885125890374;-2.31185222220718;
-8.00266962544993;0.288231861777604;-2.30662436533451;
-8.00299625750631;0.287578597664833;-2.30149044085057;
-8.00266962544993;0.287578597664833;-2.30139650846184;
-8.00299625750631;0.287578597664833;-2.30149044085057;
-8.00299625750631;0.287905229721218;-2.30410447597541;
-8.00299625750631;0.287905229721218;-2.30410447597541;
-8.00266962544993;0.287905229721218;-2.30401043689818;
-8.00266962544993;0.288231861777604;-2.30662436533451;
-8.00299625750631;0.287905229721218;-2.30410447597541;
-8.00299625750631;0.287578597664833;-2.30149044085057;
-8.00234299339354;0.288885125890374;-2.31175786306445;
-8.00266962544993;0.287905229721218;-2.30401043689818;
-8.00266962544993;0.287905229721218;-2.30401043689818;
-8.00266962544993;0.288231861777604;-2.30662436533451;
-8.0033228895627;0.288231861777604;-2.30681265686597;
-8.00364952161908;0.287905229721218;-2.30429255412986;
-8.00266962544993;0.287578597664833;-2.30139650846184;
-8.00299625750631;0.287578597664833;-2.30149044085057;
-8.00299625750631;0.288558493833989;-2.30933254622507;
-8.00364952161908;0.287578597664833;-2.30167830562803;
-8.0033228895627;0.287578597664833;-2.3015843732393;
-8.00234299339354;0.287905229721218;-2.30391639782095;
-8.00234299339354;0.288558493833989;-2.30914404131661;
-8.0033228895627;0.288558493833989;-2.3094267986793;
-8.00234299339354;0.288885125890374;-2.31175786306445;
-8.00299625750631;0.288231861777604;-2.30671851110024;
-8.00266962544993;0.288231861777604;-2.30662436533451;
-8.00364952161908;0.288558493833989;-2.30952105113353;
-8.00299625750631;0.287578597664833;-2.30149044085057;
-8.0033228895627;0.287905229721218;-2.30419851505263;
-8.0033228895627;0.287905229721218;-2.30419851505263;
-8.00299625750631;0.287905229721218;-2.30410447597541;
-8.00299625750631;0.287905229721218;-2.30410447597541;
-8.00266962544993;0.288231861777604;-2.30662436533451;
-8.00299625750631;0.288558493833989;-2.30933254622507;
-8.00299625750631;0.287578597664833;-2.30149044085057;
-8.00266962544993;0.288231861777604;-2.30662436533451;
-8.00234299339354;0.288558493833989;-2.30914404131661;
-8.00234299339354;0.287905229721218;-2.30391639782095;
-8.00266962544993;0.288558493833989;-2.30923829377084;
7.99936144892126;0.29541776701808;2.36315349681083;
7.99870818480849;0.295744399074465;2.36557314548819;
8.00001471303403;0.294764502905309;2.35812036012264;
8.00001471303403;0.295744399074465;2.36595954389313;
7.99968808097765;0.29541776701808;2.36324998972356;
7.99870818480849;0.29541776701808;2.36296051098536;
7.99936144892126;0.29541776701808;2.36315349681083;
8.00001471303403;0.295744399074465;2.36595954389313;
7.99903481686488;0.295744399074465;2.36566974508943;
8.00001471303403;0.29541776701808;2.3633464826363;
8.00034134509042;0.29541776701808;2.36344297554903;
8.00034134509042;0.294764502905309;2.35821663965837;
7.99936144892126;0.295091134961694;2.360540648931;
7.99936144892126;0.29541776701808;2.36315349681083;
8.00001471303403;0.294437870848924;2.35550729886581;
7.99870818480849;0.29541776701808;2.36296051098536;
7.99936144892126;0.29541776701808;2.36315349681083;
7.99870818480849;0.295091134961694;2.36034787648253;
7.99968808097765;0.294764502905309;2.3580240805869;
7.99936144892126;0.294764502905309;2.35792780105117;
7.99936144892126;0.29541776701808;2.36315349681083;
7.99968808097765;0.295091134961694;2.36063703515523;
7.99936144892126;0.294437870848924;2.35531495317134;
7.99903481686488;0.294764502905309;2.35783152151544;
7.99838155275211;0.295091134961694;2.3602514902583;
7.99903481686488;0.294764502905309;2.35783152151544;
8.00001471303403;0.295091134961694;2.36073342137947;
7.99968808097765;0.29541776701808;2.36324998972356;
8.00034134509042;0.294437870848924;2.35560347171304;
8.00001471303403;0.295091134961694;2.36073342137947;
7.99968808097765;0.29541776701808;2.36324998972356;
7.99968808097765;0.294764502905309;2.3580240805869;
8.0006679771468;0.294764502905309;2.3583129191941;
7.99936144892126;0.293784606736153;2.35008925741168;
;;;0.00780989633696696
8.0006679771468;0.294437870848924;2.35569964456027;
7.99968808097765;0.295091134961694;2.36063703515523;
7.99968808097765;0.294764502905309;2.3580240805869;
7.99968808097765;0.29541776701808;2.36324998972356;
7.99968808097765;0.295744399074465;2.3658629442919;
8.00001471303403;0.295091134961694;2.36073342137947;
7.99968808097765;0.294764502905309;2.3580240805869;
7.99968808097765;0.29541776701808;2.36324998972356;
7.99870818480849;0.294764502905309;2.3577352419797;
7.99903481686488;0.29541776701808;2.3630570038981;
8.00034134509042;0.295744399074465;2.36605614349436;
8.00034134509042;0.295091134961694;2.3608298076037;
8.00001471303403;0.295091134961694;2.36073342137947;
7.99936144892126;0.295091134961694;2.360540648931;
8.00001471303403;0.295091134961694;2.36073342137947;
7.99870818480849;0.295091134961694;2.36034787648253;
-8.00266962544993;0.288231861777604;-2.30662436533451;
-8.0033228895627;0.287905229721218;-2.30419851505263;
-8.00234299339354;0.288231861777604;-2.30653021956878;
-8.0033228895627;0.288558493833989;-2.3094267986793;
-8.00234299339354;0.288231861777604;-2.30653021956878;
-8.0033228895627;0.288885125890374;-2.31204094049263;
-8.00299625750631;0.288231861777604;-2.30671851110024;
-8.0033228895627;0.288231861777604;-2.30681265686597;
-8.00299625750631;0.288558493833989;-2.30933254622507;
-8.00266962544993;0.287905229721218;-2.30401043689818;
-8.00266962544993;0.288231861777604;-2.30662436533451;
-8.00266962544993;0.288231861777604;-2.30662436533451;
-8.00201636133716;0.288558493833989;-2.30904978886239;
-8.00299625750631;0.287578597664833;-2.30149044085057;
-8.00266962544993;0.288231861777604;-2.30662436533451;
-8.0033228895627;0.289211757946759;-2.31465508230597;
-8.00299625750631;0.288231861777604;-2.30671851110024;
-8.00364952161908;0.287905229721218;-2.30429255412986;
-8.00299625750631;0.287905229721218;-2.30410447597541;
-8.00364952161908;0.287578597664833;-2.30167830562803;
-8.00266962544993;0.287905229721218;-2.30401043689818;
-8.00299625750631;0.287905229721218;-2.30410447597541;
-8.00299625750631;0.288231861777604;-2.30671851110024;
-8.00299625750631;0.288558493833989;-2.30933254622507;
-8.00234299339354;0.288231861777604;-2.30653021956878;
-8.00266962544993;0.288231861777604;-2.30662436533451;
-8.00266962544993;0.288231861777604;-2.30662436533451;
-8.00266962544993;0.288885125890374;-2.31185222220718;
-8.00299625750631;0.287578597664833;-2.30149044085057;
-8.00266962544993;0.287905229721218;-2.30401043689818;
-8.0033228895627;0.288558493833989;-2.3094267986793;
-8.00299625750631;0.288558493833989;-2.30933254622507;
-8.00266962544993;0.288231861777604;-2.30662436533451;
-8.0033228895627;0.288558493833989;-2.3094267986793;
-8.0033228895627;0.287905229721218;-2.30419851505263;
-8.00299625750631;0.287905229721218;-2.30410447597541;
-8.00266962544993;0.288558493833989;-2.30923829377084;
-8.00299625750631;0.288231861777604;-2.30671851110024;
-8.00266962544993;0.287905229721218;-2.30401043689818;
-8.00234299339354;0.287905229721218;-2.30391639782095;
-8.00299625750631;0.288231861777604;-2.30671851110024;
-8.0033228895627;0.287905229721218;-2.30419851505263;
-8.00364952161908;0.287905229721218;-2.30429255412986;
-8.00397615367547;0.287905229721218;-2.30438659320709;
-8.00299625750631;0.287905229721218;-2.30410447597541;
-8.00234299339354;0.288231861777604;-2.30653021956878;
-8.00299625750631;0.288231861777604;-2.30671851110024;
-8.00364952161908;0.288231861777604;-2.30690680263169;
-8.0033228895627;0.288231861777604;-2.30681265686597;
-8.00299625750631;0.288558493833989;-2.30933254622507;
7.99968808097765;0.294437870848924;2.35541112601857;
7.99870818480849;0.294764502905309;2.3577352419797;
7.99936144892126;0.294764502905309;2.35792780105117;
7.99936144892126;0.294437870848924;2.35531495317134;
7.99936144892126;0.294764502905309;2.35792780105117;
7.99936144892126;0.295091134961694;2.360540648931;
7.99903481686488;0.294764502905309;2.35783152151544;
7.99936144892126;0.294764502905309;2.35792780105117;
7.99968808097765;0.29541776701808;2.36324998972356;
7.99936144892126;0.294764502905309;2.35792780105117;
7.99903481686488;0.295091134961694;2.36044426270677;
7.99903481686488;0.29541776701808;2.3630570038981;
7.99968808097765;0.294764502905309;2.3580240805869;
7.99968808097765;0.294764502905309;2.3580240805869;
8.00001471303403;0.295091134961694;2.36073342137947;
7.99936144892126;0.295091134961694;2.360540648931;
8.00001471303403;0.294437870848924;2.35550729886581;
7.99903481686488;0.29541776701808;2.3630570038981;
7.99936144892126;0.29541776701808;2.36315349681083;
7.99968808097765;0.29541776701808;2.36324998972356;
8.00001471303403;0.295091134961694;2.36073342137947;
7.99968808097765;0.294764502905309;2.3580240805869;
8.00001471303403;0.29541776701808;2.3633464826363;
7.99936144892126;0.295091134961694;2.360540648931;
7.99968808097765;0.294764502905309;2.3580240805869;
8.00034134509042;0.295091134961694;2.3608298076037;
7.99968808097765;0.294437870848924;2.35541112601857;
7.99968808097765;0.29541776701808;2.36324998972356;
7.99968808097765;0.29541776701808;2.36324998972356;
7.99936144892126;0.295091134961694;2.360540648931;
7.99936144892126;0.29541776701808;2.36315349681083;
7.99903481686488;0.295091134961694;2.36044426270677;
8.00001471303403;0.295744399074465;2.36595954389313;
7.99936144892126;0.296397663187236;2.37099204045032;
;;;0.00676304083410448
7.99838155275211;0.295744399074465;2.36547654588696;
7.99870818480849;0.295091134961694;2.36034787648253;
7.99936144892126;0.295091134961694;2.360540648931;
7.99903481686488;0.295744399074465;2.36566974508943;
7.99936144892126;0.295091134961694;2.360540648931;
8.00001471303403;0.29541776701808;2.3633464826363;
7.99968808097765;0.295744399074465;2.3658629442919;
7.99968808097765;0.295091134961694;2.36063703515523;
7.99903481686488;0.29541776701808;2.3630570038981;
8.00001471303403;0.295091134961694;2.36073342137947;
8.00034134509042;0.29541776701808;2.36344297554903;
7.99936144892126;0.295091134961694;2.360540648931;
8.00001471303403;0.29541776701808;2.3633464826363;
7.99870818480849;0.294764502905309;2.3577352419797;
7.99936144892126;0.295091134961694;2.360540648931;
8.00001471303403;0.295091134961694;2.36073342137947;
-8.00299625750631;0.289538390003145;-2.31717465159957;
-8.00299625750631;0.288558493833989;-2.30933254622507;
-8.0033228895627;0.287905229721218;-2.30419851505263;
-8.00266962544993;0.287905229721218;-2.30401043689818;
-8.00201636133716;0.288558493833989;-2.30904978886239;
-8.00299625750631;0.288231861777604;-2.30671851110024;
-8.00299625750631;0.288558493833989;-2.30933254622507;
-8.00266962544993;0.288558493833989;-2.30923829377084;
-8.0033228895627;0.287905229721218;-2.30419851505263;
-8.00299625750631;0.288885125890374;-2.3119465813499;
-8.00299625750631;0.287905229721218;-2.30410447597541;
-8.00266962544993;0.288231861777604;-2.30662436533451;
-8.0033228895627;0.288231861777604;-2.30681265686597;
-8.00266962544993;0.287905229721218;-2.30401043689818;
-8.00266962544993;0.288558493833989;-2.30923829377084;
-8.0033228895627;0.288231861777604;-2.30681265686597;
-8.00299625750631;0.287905229721218;-2.30410447597541;
-8.00234299339354;0.288231861777604;-2.30653021956878;
-8.00266962544993;0.288885125890374;-2.31185222220718;
-8.0033228895627;0.288558493833989;-2.3094267986793;
-8.00266962544993;0.288558493833989;-2.30923829377084;
-8.0033228895627;0.288231861777604;-2.30681265686597;
-8.00299625750631;0.288558493833989;-2.30933254622507;
-8.00299625750631;0.288558493833989;-2.30933254622507;
-8.00266962544993;0.287905229721218;-2.30401043689818;
-8.00299625750631;0.288558493833989;-2.30933254622507;
-8.0033228895627;0.288231861777604;-2.30681265686597;
-8.00299625750631;0.288558493833989;-2.30933254622507;
-8.00266962544993;0.288231861777604;-2.30662436533451;
-8.00299625750631;0.287905229721218;-2.30410447597541;
-8.00397615367547;0.287251965608448;-2.29915788282642;
-8.00266962544993;0.288231861777604;-2.30662436533451;
-8.00266962544993;0.288231861777604;-2.30662436533451;
-8.0033228895627;0.288558493833989;-2.3094267986793;
-8.00266962544993;0.288231861777604;-2.30662436533451;
-8.00364952161908;0.288885125890374;-2.31213529963536;
-8.00364952161908;0.287905229721218;-2.30429255412986;
-8.0033228895627;0.288558493833989;-2.3094267986793;
-8.00234299339354;0.288231861777604;-2.30653021956878;
-8.00299625750631;0.288231861777604;-2.30671851110024;
-8.00266962544993;0.288231861777604;-2.30662436533451;
-8.0033228895627;0.287905229721218;-2.30419851505263;
-8.0033228895627;0.288558493833989;-2.3094267986793;
-8.00299625750631;0.287905229721218;-2.30410447597541;
-8.0033228895627;0.289538390003145;-2.3172692241193;
-8.00299625750631;0.288231861777604;-2.30671851110024;
-8.00234299339354;0.289211757946759;-2.31437168481228;
-8.00299625750631;0.288885125890374;-2.3119465813499;
-8.0033228895627;0.288231861777604;-2.30681265686597;
-8.00299625750631;0.287905229721218;-2.30410447597541;
7.99903481686488;0.296397663187236;2.37089522747209;
7.99870818480849;0.296397663187236;2.37079841449385;
7.99968808097765;0.297050927300006;2.37631476256522;
7.99968808097765;0.295744399074465;2.3658629442919;
8.00001471303403;0.296397663187236;2.37118566640679;
7.99936144892126;0.296724295243621;2.37360488833015;
7.99903481686488;0.297377559356391;2.37873345104608;
7.99936144892126;0.297050927300006;2.37621773620998;
8.00001471303403;0.297377559356391;2.37902485017728;
7.99968808097765;0.297377559356391;2.37892771713355;
7.99903481686488;0.29607103113085;2.36828248628076;
7.99936144892126;0.297050927300006;2.37621773620998;
7.99968808097765;0.296724295243621;2.37370180799689;
7.99968808097765;0.297377559356391;2.37892771713355;
7.99936144892126;0.297377559356391;2.37883058408981;
8.00001471303403;0.297377559356391;2.37902485017728;
7.99968808097765;0.297377559356391;2.37892771713355;
7.99968808097765;0.298030823469162;2.38415362627021;
7.99870818480849;0.297704191412777;2.38124895250517;
7.99903481686488;0.297704191412777;2.38134619223741;
7.99936144892126;0.297050927300006;2.37621773620998;
7.99968808097765;0.297377559356391;2.37892771713355;
7.99936144892126;0.297704191412777;2.38144343196964;
7.99903481686488;0.297377559356391;2.37873345104608;
7.99936144892126;0.297377559356391;2.37883058408981;
7.99968808097765;0.298030823469162;2.38415362627021;
7.99936144892126;0.297704191412777;2.38144343196964;
7.99968808097765;0.297704191412777;2.38154067170188;
8.00034134509042;0.297377559356391;2.37912198322102;
7.99968808097765;0.297704191412777;2.38154067170188;
7.99903481686488;0.298030823469162;2.38395893342874;
7.99968808097765;0.298030823469162;2.38415362627021;
7.99903481686488;0.297704191412777;2.38134619223741;
7.99968808097765;0.297704191412777;2.38154067170188;
;;;0.00816235830106214
7.99936144892126;0.298357455525547;2.3866691277293;
7.99968808097765;0.297050927300006;2.37631476256522;
8.00034134509042;0.297704191412777;2.38173515116635;
8.00001471303403;0.298030823469162;2.38425097269094;
7.99936144892126;0.298030823469162;2.38405627984947;
7.99936144892126;0.297377559356391;2.37883058408981;
8.00001471303403;0.297704191412777;2.38163791143411;
7.99903481686488;0.298030823469162;2.38395893342874;
7.99936144892126;0.298030823469162;2.38405627984947;
7.99968808097765;0.298030823469162;2.38415362627021;
7.99936144892126;0.297704191412777;2.38144343196964;
8.00034134509042;0.298030823469162;2.38434831911168;
7.99968808097765;0.297377559356391;2.37892771713355;
7.99936144892126;0.297377559356391;2.37883058408981;
7.99968808097765;0.297704191412777;2.38154067170188;
8.00001471303403;0.297704191412777;2.38163791143411;
-8.00397615367547;0.289211757946759;-2.31484401396842;
-8.00299625750631;0.287905229721218;-2.30410447597541;
-8.00299625750631;0.288558493833989;-2.30933254622507;
-8.0033228895627;0.288231861777604;-2.30681265686597;
-8.00299625750631;0.288558493833989;-2.30933254622507;
-8.00168972928077;0.288558493833989;-2.30895553640816;
-8.0033228895627;0.288231861777604;-2.30681265686597;
-8.00266962544993;0.288231861777604;-2.30662436533451;
-8.00364952161908;0.288558493833989;-2.30952105113353;
-8.00234299339354;0.288558493833989;-2.30914404131661;
-8.00299625750631;0.288885125890374;-2.3119465813499;
-8.00299625750631;0.287578597664833;-2.30149044085057;
-8.00266962544993;0.288231861777604;-2.30662436533451;
-8.00299625750631;0.288558493833989;-2.30933254622507;
-8.00299625750631;0.288558493833989;-2.30933254622507;
-8.00201636133716;0.288231861777604;-2.30643607380305;
-8.00364952161908;0.288231861777604;-2.30690680263169;
-8.00234299339354;0.287905229721218;-2.30391639782095;
-8.00266962544993;0.288231861777604;-2.30662436533451;
-8.00266962544993;0.287905229721218;-2.30401043689818;
-8.00266962544993;0.287905229721218;-2.30401043689818;
-8.00397615367547;0.288558493833989;-2.30961530358776;
-8.00299625750631;0.287578597664833;-2.30149044085057;
-8.00266962544993;0.287905229721218;-2.30401043689818;
-8.00299625750631;0.287905229721218;-2.30410447597541;
-8.00299625750631;0.288231861777604;-2.30671851110024;
-8.00364952161908;0.287905229721218;-2.30429255412986;
-8.0033228895627;0.288558493833989;-2.3094267986793;
-8.00299625750631;0.288231861777604;-2.30671851110024;
-8.00266962544993;0.288558493833989;-2.30923829377084;
-8.00234299339354;0.288885125890374;-2.31175786306445;
-8.00364952161908;0.289538390003145;-2.31736379663903;
-8.00266962544993;0.288558493833989;-2.30923829377084;
-8.00266962544993;0.287578597664833;-2.30139650846184;
-8.00266962544993;0.287905229721218;-2.30401043689818;
-8.00299625750631;0.288231861777604;-2.30671851110024;
-8.00234299339354;0.287578597664833;-2.30130257607312;
-8.00299625750631;0.288558493833989;-2.30933254622507;
-8.00299625750631;0.288231861777604;-2.30671851110024;
-8.00266962544993;0.288558493833989;-2.30923829377084;
-8.00299625750631;0.288558493833989;-2.30933254622507;
-8.00299625750631;0.288231861777604;-2.30671851110024;
-8.00299625750631;0.287905229721218;-2.30410447597541;
-8.00299625750631;0.287905229721218;-2.30410447597541;
-8.00299625750631;0.288558493833989;-2.30933254622507;
-8.00299625750631;0.288231861777604;-2.30671851110024;
-8.00364952161908;0.288231861777604;-2.30690680263169;
-8.00266962544993;0.288231861777604;-2.30662436533451;
-8.00234299339354;0.287905229721218;-2.30391639782095;
-8.00299625750631;0.288231861777604;-2.30671851110024;
7.99936144892126;0.298030823469162;2.38405627984947;
8.00001471303403;0.299010719638318;2.39209015646144;
7.99968808097765;0.298357455525547;2.38676658083854;
7.99903481686488;0.298030823469162;2.38395893342874;
7.99968808097765;0.299337351694703;2.39460544454353;
7.99870818480849;0.298357455525547;2.38647422151083;
8.00034134509042;0.298684087581933;2.38957465500234;
7.99936144892126;0.299010719638318;2.39189482348896;
7.99968808097765;0.299010719638318;2.3919924899752;
8.00001471303403;0.298684087581933;2.38947709520461;
8.00001471303403;0.298357455525547;2.38686403394778;
8.00001471303403;0.298357455525547;2.38686403394778;
8.00001471303403;0.299337351694703;2.39470321771827;
7.99968808097765;0.298357455525547;2.38676658083854;
7.99936144892126;0.299010719638318;2.39189482348896;
7.99936144892126;0.298684087581933;2.38928197560913;
8.00001471303403;0.299010719638318;2.39209015646144;
7.99968808097765;0.299337351694703;2.39460544454353;
7.99936144892126;0.298030823469162;2.38405627984947;
8.00001471303403;0.299010719638318;2.39209015646144;
7.99936144892126;0.299010719638318;2.39189482348896;
7.99936144892126;0.299337351694703;2.39450767136879;
8.00001471303403;0.299010719638318;2.39209015646144;
7.99968808097765;0.298684087581933;2.38937953540687;
8.00034134509042;0.298684087581933;2.38957465500234;
7.99903481686488;0.299010719638318;2.39179715700273;
8.00001471303403;0.298684087581933;2.38947709520461;
7.99968808097765;0.299663983751088;2.39721839911186;
7.99903481686488;0.299010719638318;2.39179715700273;
7.99903481686488;0.298684087581933;2.3891844158114;
7.99968808097765;0.298684087581933;2.38937953540687;
7.99936144892126;0.298357455525547;2.3866691277293;
7.99936144892126;0.298357455525547;2.3866691277293;
8.00099460920319;0.298684087581933;2.38976977459782;
;;;0.0100465589715845
8.00001471303403;0.298684087581933;2.38947709520461;
7.99936144892126;0.298684087581933;2.38928197560913;
7.99968808097765;0.298684087581933;2.38937953540687;
8.00001471303403;0.298030823469162;2.38425097269094;
7.99968808097765;0.298357455525547;2.38676658083854;
8.00001471303403;0.298684087581933;2.38947709520461;
7.99903481686488;0.299010719638318;2.39179715700273;
7.99968808097765;0.298684087581933;2.38937953540687;
7.99936144892126;0.298357455525547;2.3866691277293;
8.00001471303403;0.298357455525547;2.38686403394778;
7.99903481686488;0.299010719638318;2.39179715700273;
8.00034134509042;0.298684087581933;2.38957465500234;
7.99968808097765;0.299337351694703;2.39460544454353;
7.99968808097765;0.298357455525547;2.38676658083854;
7.99968808097765;0.299010719638318;2.3919924899752;
7.99968808097765;0.298684087581933;2.38937953540687;
-8.00299625750631;0.289211757946759;-2.31456061647474;
-8.00299625750631;0.287905229721218;-2.30410447597541;
-8.00266962544993;0.288231861777604;-2.30662436533451;
-8.00234299339354;0.288885125890374;-2.31175786306445;
-8.00299625750631;0.288231861777604;-2.30671851110024;
-8.00299625750631;0.287905229721218;-2.30410447597541;
-8.00201636133716;0.288231861777604;-2.30643607380305;
-8.00201636133716;0.287905229721218;-2.30382235874372;
-8.00168972928077;0.289211757946759;-2.31418275314982;
-8.00266962544993;0.288885125890374;-2.31185222220718;
-8.00299625750631;0.288231861777604;-2.30671851110024;
-8.00266962544993;0.288231861777604;-2.30662436533451;
-8.0033228895627;0.287905229721218;-2.30419851505263;
-8.00299625750631;0.288558493833989;-2.30933254622507;
-8.0033228895627;0.288231861777604;-2.30681265686597;
-8.00299625750631;0.288558493833989;-2.30933254622507;
-8.00266962544993;0.287905229721218;-2.30401043689818;
-8.00299625750631;0.287905229721218;-2.30410447597541;
-8.00299625750631;0.288558493833989;-2.30933254622507;
-8.0033228895627;0.287578597664833;-2.3015843732393;
-8.00234299339354;0.287578597664833;-2.30130257607312;
-8.00266962544993;0.288558493833989;-2.30923829377084;
-8.00299625750631;0.288558493833989;-2.30933254622507;
-8.00234299339354;0.288231861777604;-2.30653021956878;
-8.00364952161908;0.289211757946759;-2.3147495481372;
-8.0033228895627;0.288558493833989;-2.3094267986793;
-8.00299625750631;0.288558493833989;-2.30933254622507;
-8.00168972928077;0.287905229721218;-2.30372831966649;
-8.00266962544993;0.288231861777604;-2.30662436533451;
-8.00299625750631;0.288231861777604;-2.30671851110024;
-8.00234299339354;0.288558493833989;-2.30914404131661;
-8.00299625750631;0.287905229721218;-2.30410447597541;
-8.00234299339354;0.287905229721218;-2.30391639782095;
-8.00234299339354;0.287905229721218;-2.30391639782095;
-8.00299625750631;0.288231861777604;-2.30671851110024;
-8.0033228895627;0.288558493833989;-2.3094267986793;
-8.00136309722438;0.287578597664833;-2.30102077890693;
-8.00234299339354;0.288231861777604;-2.30653021956878;
-8.00234299339354;0.288231861777604;-2.30653021956878;
-8.00266962544993;0.287905229721218;-2.30401043689818;
-8.00299625750631;0.288231861777604;-2.30671851110024;
-8.00299625750631;0.288231861777604;-2.30671851110024;
-8.00234299339354;0.289211757946759;-2.31437168481228;
-8.00364952161908;0.287578597664833;-2.30167830562803;
-8.00266962544993;0.288558493833989;-2.30923829377084;
-8.00364952161908;0.289211757946759;-2.3147495481372;
-8.0033228895627;0.288231861777604;-2.30681265686597;
-8.00234299339354;0.288231861777604;-2.30653021956878;
-8.00364952161908;0.287578597664833;-2.30167830562803;
-8.00299625750631;0.288558493833989;-2.30933254622507;
8.00001471303403;0.299010719638318;2.39209015646144;
7.99903481686488;0.299990615807474;2.39963538057672;
7.99870818480849;0.299010719638318;2.39169949051649;
7.99968808097765;0.299010719638318;2.3919924899752;
7.99870818480849;0.299663983751088;2.39692475952215;
7.99870818480849;0.299010719638318;2.39169949051649;
8.00001471303403;0.299663983751088;2.3973162789751;
7.99968808097765;0.299990615807474;2.39983135368019;
8.00034134509042;0.299010719638318;2.39218782294767;
7.99936144892126;0.299337351694703;2.39450767136879;
7.99968808097765;0.299010719638318;2.3919924899752;
7.99968808097765;0.299990615807474;2.39983135368019;
7.99968808097765;0.299663983751088;2.39721839911186;
7.99936144892126;0.299663983751088;2.39712051924862;
7.99903481686488;0.299663983751088;2.39702263938539;
7.99968808097765;0.299990615807474;2.39983135368019;
7.99936144892126;0.299663983751088;2.39712051924862;
7.99936144892126;0.299663983751088;2.39712051924862;
7.99968808097765;0.299990615807474;2.39983135368019;
7.99936144892126;0.300317247863859;2.40234621500828;
7.99968808097765;0.299010719638318;2.3919924899752;
7.99903481686488;0.299990615807474;2.39963538057672;
7.99936144892126;0.300317247863859;2.40234621500828;
7.99936144892126;0.299990615807474;2.39973336712845;
7.99903481686488;0.300317247863859;2.40224812176805;
7.99936144892126;0.299990615807474;2.39973336712845;
8.00034134509042;0.30097051197663;2.40786683061966;
7.99903481686488;0.300317247863859;2.40224812176805;
7.99968808097765;0.299990615807474;2.39983135368019;
8.00001471303403;0.299663983751088;2.3973162789751;
7.99936144892126;0.300643879920244;2.40495906288812;
8.00001471303403;0.300317247863859;2.40254240148876;
8.00034134509042;0.300643879920244;2.40525366267433;
8.00001471303403;0.300643879920244;2.40515546274559;
;;;0.0110482401769989
7.99936144892126;0.300317247863859;2.40234621500828;
7.99968808097765;0.299990615807474;2.39983135368019;
7.99870818480849;0.300317247863859;2.40215002852781;
7.99968808097765;0.299990615807474;2.39983135368019;
7.99903481686488;0.300317247863859;2.40224812176805;
8.00001471303403;0.300643879920244;2.40515546274559;
7.99936144892126;0.301297144033015;2.41018475864778;
7.99968808097765;0.300317247863859;2.40244430824852;
7.99968808097765;0.30097051197663;2.40767021738518;
7.99936144892126;0.30097051197663;2.40757191076795;
8.00099460920319;0.300643879920244;2.40545006253181;
8.00034134509042;0.301297144033015;2.41047999856499;
7.99936144892126;0.301297144033015;2.41018475864778;
8.00001471303403;0.300643879920244;2.40515546274559;
7.99870818480849;0.300643879920244;2.40476266303064;
8.00001471303403;0.3016237760894;2.41299464651608;
-8.00266962544993;0.288231861777604;-2.30662436533451;
-8.00266962544993;0.288231861777604;-2.30662436533451;
-8.00364952161908;0.287905229721218;-2.30429255412986;
-8.0033228895627;0.289538390003145;-2.3172692241193;
-8.00364952161908;0.288558493833989;-2.30952105113353;
-8.00234299339354;0.287905229721218;-2.30391639782095;
-8.00266962544993;0.288231861777604;-2.30662436533451;
-8.00299625750631;0.288231861777604;-2.30671851110024;
-8.00266962544993;0.287905229721218;-2.30401043689818;
-8.00234299339354;0.288231861777604;-2.30653021956878;
-8.00364952161908;0.287905229721218;-2.30429255412986;
-8.00266962544993;0.288231861777604;-2.30662436533451;
-8.00266962544993;0.287905229721218;-2.30401043689818;
-8.00299625750631;0.288231861777604;-2.30671851110024;
-8.00299625750631;0.288558493833989;-2.30933254622507;
-8.00299625750631;0.287578597664833;-2.30149044085057;
-8.00234299339354;0.288558493833989;-2.30914404131661;
-8.00266962544993;0.288885125890374;-2.31185222220718;
-8.00266962544993;0.287905229721218;-2.30401043689818;
-8.00299625750631;0.288231861777604;-2.30671851110024;
-8.0033228895627;0.287578597664833;-2.3015843732393;
-8.0033228895627;0.288231861777604;-2.30681265686597;
-8.00364952161908;0.288558493833989;-2.30952105113353;
-8.00234299339354;0.287905229721218;-2.30391639782095;
-8.00299625750631;0.288558493833989;-2.30933254622507;
-8.00234299339354;0.287905229721218;-2.30391639782095;
-8.00234299339354;0.287905229721218;-2.30391639782095;
-8.00299625750631;0.288558493833989;-2.30933254622507;
-8.00364952161908;0.287905229721218;-2.30429255412986;
-8.00299625750631;0.287251965608448;-2.29887640572574;
-8.00299625750631;0.288231861777604;-2.30671851110024;
-8.00397615367547;0.288231861777604;-2.30700094839742;
-8.0033228895627;0.288231861777604;-2.30681265686597;
-8.00234299339354;0.287905229721218;-2.30391639782095;
-8.00266962544993;0.288231861777604;-2.30662436533451;
-8.00266962544993;0.287905229721218;-2.30401043689818;
-8.00299625750631;0.288231861777604;-2.30671851110024;
-8.00234299339354;0.287905229721218;-2.30391639782095;
-8.0033228895627;0.287905229721218;-2.30419851505263;
-8.00299625750631;0.288885125890374;-2.3119465813499;
-8.00299625750631;0.288558493833989;-2.30933254622507;
-8.00299625750631;0.288558493833989;-2.30933254622507;
-8.00266962544993;0.288558493833989;-2.30923829377084;
-8.00299625750631;0.287905229721218;-2.30410447597541;
-8.00266962544993;0.288885125890374;-2.31185222220718;
-8.00234299339354;0.289211757946759;-2.31437168481228;
-8.00299625750631;0.288231861777604;-2.30671851110024;
-8.0033228895627;0.288231861777604;-2.30681265686597;
-8.00299625750631;0.288558493833989;-2.30933254622507;
-8.00234299339354;0.287905229721218;-2.30391639782095;
8.00001471303403;0.303910200484097;2.4312860753139;
8.00001471303403;0.303256936371326;2.42605995280024;
7.99936144892126;0.304563464596868;2.43631323744608;
7.99936144892126;0.304236832540482;2.43370038956625;
7.99936144892126;0.304236832540482;2.43370038956625;
7.99936144892126;0.304563464596868;2.43631323744608;
7.99903481686488;0.304563464596868;2.43621375725534;
7.99936144892126;0.304563464596868;2.43631323744608;
7.99968808097765;0.304563464596868;2.43641271763682;
7.99936144892126;0.304890096653253;2.43892608532591;
8.0006679771468;0.304563464596868;2.43671115820904;
7.99903481686488;0.305543360766023;2.44405198082933;
7.99936144892126;0.305543360766023;2.44415178108557;
7.99936144892126;0.304890096653253;2.43892608532591;
7.99968808097765;0.305216728709638;2.44163862677348;
7.99903481686488;0.304890096653253;2.43882649844667;
7.99936144892126;0.305216728709638;2.44153893320574;
8.00034134509042;0.305216728709638;2.44183801390896;
7.99936144892126;0.304890096653253;2.43892608532591;
7.99936144892126;0.305216728709638;2.44153893320574;
8.00034134509042;0.304890096653253;2.43922484596363;
8.00001471303403;0.304563464596868;2.43651219782756;
7.99968808097765;0.305543360766023;2.44425158134181;
8.00034134509042;0.305543360766023;2.44445118185429;
7.99936144892126;0.306196624878794;2.44937747684523;
7.99903481686488;0.306196624878794;2.44927746321199;
7.99968808097765;0.305216728709638;2.44163862677348;
7.99870818480849;0.305216728709638;2.44133954607026;
7.99936144892126;0.305216728709638;2.44153893320574;
7.99936144892126;0.306196624878794;2.44937747684523;
8.00001471303403;0.305869992822409;2.44696444285488;
8.00001471303403;0.305543360766023;2.44435138159805;
7.99968808097765;0.306196624878794;2.44947749047847;
8.00099460920319;0.306523256935179;2.45249092633377;
;;;0.0153435499575217
7.99936144892126;0.305869992822409;2.4467646289654;
8.00001471303403;0.306196624878794;2.44957750411171;
8.00001471303403;0.305543360766023;2.44435138159805;
7.99903481686488;0.305543360766023;2.44405198082933;
8.0006679771468;0.306196624878794;2.4497775313782;
7.99936144892126;0.30717652104795;2.45721602048472;
8.00001471303403;0.306523256935179;2.45219056536855;
7.99968808097765;0.306196624878794;2.44947749047847;
7.99903481686488;0.306196624878794;2.44927746321199;
7.99968808097765;0.305869992822409;2.44686453591014;
7.99936144892126;0.305869992822409;2.4467646289654;
7.99838155275211;0.306196624878794;2.4490774359455;
7.99968808097765;0.306523256935179;2.4520904450468;
8.00001471303403;0.305869992822409;2.44696444285488;
7.99968808097765;0.305869992822409;2.44686453591014;
7.99936144892126;0.306523256935179;2.45199032472506;
-8.00266962544993;0.289211757946759;-2.31446615064351;
-8.00299625750631;0.288885125890374;-2.3119465813499;
-8.00266962544993;0.288231861777604;-2.30662436533451;
-8.00234299339354;0.287905229721218;-2.30391639782095;
-8.00299625750631;0.288231861777604;-2.30671851110024;
-8.00266962544993;0.287905229721218;-2.30401043689818;
-8.00266962544993;0.288558493833989;-2.30923829377084;
-8.00168972928077;0.288885125890374;-2.31156914477899;
-8.0033228895627;0.288231861777604;-2.30681265686597;
-8.0033228895627;0.288558493833989;-2.3094267986793;
-8.00266962544993;0.288885125890374;-2.31185222220718;
-8.00299625750631;0.287905229721218;-2.30410447597541;
-8.00266962544993;0.287905229721218;-2.30401043689818;
-8.00266962544993;0.287578597664833;-2.30139650846184;
-8.00234299339354;0.288558493833989;-2.30914404131661;
-8.00234299339354;0.288231861777604;-2.30653021956878;
-8.00266962544993;0.288558493833989;-2.30923829377084;
-8.00201636133716;0.287905229721218;-2.30382235874372;
-8.00266962544993;0.288885125890374;-2.31185222220718;
-8.0033228895627;0.288558493833989;-2.3094267986793;
-8.00266962544993;0.287905229721218;-2.30401043689818;
-8.00266962544993;0.288231861777604;-2.30662436533451;
-8.00201636133716;0.288558493833989;-2.30904978886239;
-8.00299625750631;0.288231861777604;-2.30671851110024;
-8.00266962544993;0.288231861777604;-2.30662436533451;
-8.00201636133716;0.288231861777604;-2.30643607380305;
-8.00299625750631;0.288231861777604;-2.30671851110024;
-8.00234299339354;0.288558493833989;-2.30914404131661;
-8.00234299339354;0.288558493833989;-2.30914404131661;
-8.00234299339354;0.288231861777604;-2.30653021956878;
-8.00266962544993;0.287905229721218;-2.30401043689818;
-8.00299625750631;0.288558493833989;-2.30933254622507;
-8.00234299339354;0.289211757946759;-2.31437168481228;
-8.00266962544993;0.288231861777604;-2.30662436533451;
-8.00234299339354;0.288885125890374;-2.31175786306445;
-8.00266962544993;0.288558493833989;-2.30923829377084;
-8.00234299339354;0.288885125890374;-2.31175786306445;
-8.00266962544993;0.287905229721218;-2.30401043689818;
-8.00299625750631;0.288231861777604;-2.30671851110024;
-8.00266962544993;0.287905229721218;-2.30401043689818;
-8.00299625750631;0.288558493833989;-2.30933254622507;
-8.00201636133716;0.287905229721218;-2.30382235874372;
-8.0033228895627;0.287905229721218;-2.30419851505263;
-8.00201636133716;0.288558493833989;-2.30904978886239;
-8.00299625750631;0.287905229721218;-2.30410447597541;
-8.00266962544993;0.287905229721218;-2.30401043689818;
-8.00299625750631;0.288558493833989;-2.30933254622507;
-8.0033228895627;0.288231861777604;-2.30681265686597;
-8.00266962544993;0.288231861777604;-2.30662436533451;
-8.00299625750631;0.288231861777604;-2.30671851110024;
7.99968808097765;0.305543360766023;2.44425158134181;
8.00001471303403;0.305869992822409;2.44696444285488;
7.99968808097765;0.305543360766023;2.44425158134181;
7.99903481686488;0.305869992822409;2.44666472202066;
7.99968808097765;0.305869992822409;2.44686453591014;
7.99870818480849;0.305869992822409;2.44656481507592;
8.00001471303403;0.305543360766023;2.44435138159805;
7.99936144892126;0.306523256935179;2.45199032472506;
7.99903481686488;0.305869992822409;2.44666472202066;
7.99968808097765;0.305869992822409;2.44686453591014;
7.99968808097765;0.305869992822409;2.44686453591014;
7.99968808097765;0.305869992822409;2.44686453591014;
7.99968808097765;0.305869992822409;2.44686453591014;
8.00001471303403;0.305543360766023;2.44435138159805;
7.99968808097765;0.306196624878794;2.44947749047847;
8.00001471303403;0.305543360766023;2.44435138159805;
7.99936144892126;0.306523256935179;2.45199032472506;
8.00034134509042;0.306523256935179;2.45229068569029;
8.00001471303403;0.305869992822409;2.44696444285488;
7.99968808097765;0.305216728709638;2.44163862677348;
7.99968808097765;0.305869992822409;2.44686453591014;
7.99968808097765;0.306196624878794;2.44947749047847;
8.0006679771468;0.306196624878794;2.4497775313782;
8.00001471303403;0.306196624878794;2.44957750411171;
8.00099460920319;0.306196624878794;2.44987754501144;
7.99968808097765;0.305869992822409;2.44686453591014;
8.00001471303403;0.305869992822409;2.44696444285488;
7.99903481686488;0.306523256935179;2.45189020440332;
7.99968808097765;0.306523256935179;2.4520904450468;
8.00001471303403;0.306523256935179;2.45219056536855;
7.99968808097765;0.306196624878794;2.44947749047847;
7.99870818480849;0.305543360766023;2.44395218057309;
8.00001471303403;0.30717652104795;2.45741668788221;
7.99936144892126;0.305216728709638;2.44153893320574;
;;;0.0175885142089732
7.99903481686488;0.306523256935179;2.45189020440332;
7.99936144892126;0.306196624878794;2.44937747684523;
8.00034134509042;0.30717652104795;2.45751702158095;
7.99903481686488;0.306196624878794;2.44927746321199;
7.99870818480849;0.306523256935179;2.45179008408157;
7.99968808097765;0.307503153104335;2.45992930875179;
8.00034134509042;0.306849888991565;2.45490385363562;
8.00001471303403;0.306523256935179;2.45219056536855;
8.00034134509042;0.307503153104335;2.46013018952628;
7.99936144892126;0.306523256935179;2.45199032472506;
8.00034134509042;0.306849888991565;2.45490385363562;
7.99968808097765;0.30717652104795;2.45731635418346;
7.99968808097765;0.306849888991565;2.45470339961513;
7.99870818480849;0.306849888991565;2.4544027185844;
8.00001471303403;0.30717652104795;2.45741668788221;
8.00001471303403;0.306849888991565;2.45480362662538;
-8.00266962544993;0.289538390003145;-2.31708007907984;
-8.00266962544993;0.288558493833989;-2.30923829377084;
-8.00266962544993;0.288231861777604;-2.30662436533451;
-8.00299625750631;0.288558493833989;-2.30933254622507;
-8.00266962544993;0.288558493833989;-2.30923829377084;
-8.00266962544993;0.289211757946759;-2.31446615064351;
-8.00201636133716;0.288231861777604;-2.30643607380305;
-8.0033228895627;0.288558493833989;-2.3094267986793;
-8.00299625750631;0.287905229721218;-2.30410447597541;
-8.00234299339354;0.287905229721218;-2.30391639782095;
-8.0033228895627;0.288231861777604;-2.30681265686597;
-8.00364952161908;0.287905229721218;-2.30429255412986;
-8.00299625750631;0.288231861777604;-2.30671851110024;
-8.00299625750631;0.288231861777604;-2.30671851110024;
-8.00201636133716;0.288231861777604;-2.30643607380305;
-8.00234299339354;0.288885125890374;-2.31175786306445;
-8.00299625750631;0.287251965608448;-2.29887640572574;
-8.00299625750631;0.288231861777604;-2.30671851110024;
-8.00234299339354;0.288885125890374;-2.31175786306445;
-8.00266962544993;0.288231861777604;-2.30662436533451;
-8.00299625750631;0.288231861777604;-2.30671851110024;
-8.00234299339354;0.288231861777604;-2.30653021956878;
-8.00266962544993;0.288558493833989;-2.30923829377084;
-8.00266962544993;0.288885125890374;-2.31185222220718;
-8.0033228895627;0.288885125890374;-2.31204094049263;
-8.00299625750631;0.288231861777604;-2.30671851110024;
-8.00201636133716;0.287905229721218;-2.30382235874372;
-8.0033228895627;0.288231861777604;-2.30681265686597;
-8.00234299339354;0.288558493833989;-2.30914404131661;
-8.0033228895627;0.288231861777604;-2.30681265686597;
-8.00234299339354;0.288885125890374;-2.31175786306445;
-8.00201636133716;0.288558493833989;-2.30904978886239;
-8.0033228895627;0.287905229721218;-2.30419851505263;
-8.00299625750631;0.287578597664833;-2.30149044085057;
-8.00234299339354;0.288231861777604;-2.30653021956878;
-8.00299625750631;0.288231861777604;-2.30671851110024;
-8.00266962544993;0.288558493833989;-2.30923829377084;
-8.00299625750631;0.288885125890374;-2.3119465813499;
-8.00234299339354;0.288231861777604;-2.30653021956878;
-8.00234299339354;0.288885125890374;-2.31175786306445;
-8.00234299339354;0.288231861777604;-2.30653021956878;
-8.00299625750631;0.288231861777604;-2.30671851110024;
-8.0033228895627;0.287578597664833;-2.3015843732393;
-8.00234299339354;0.288558493833989;-2.30914404131661;
-8.00364952161908;0.287905229721218;-2.30429255412986;
-8.00234299339354;0.288558493833989;-2.30914404131661;
-8.00299625750631;0.288231861777604;-2.30671851110024;
-8.00266962544993;0.287578597664833;-2.30139650846184;
-8.00234299339354;0.288558493833989;-2.30914404131661;
-8.0033228895627;0.287578597664833;-2.3015843732393;
7.99968808097765;0.310116209555417;2.48083294529844;
8.00034134509042;0.311422737780958;2.49148820487025;
7.99968808097765;0.311749369837344;2.49389771814009;
7.99968808097765;0.311096105724573;2.48867180900343;
7.99968808097765;0.311096105724573;2.48867180900343;
8.00001471303403;0.311422737780958;2.49138648422101;
8.00001471303403;0.311422737780958;2.49138648422101;
7.99936144892126;0.311749369837344;2.49379589080234;
8.00001471303403;0.311749369837344;2.49399954547784;
7.99870818480849;0.312076001893729;2.49620487062968;
7.99968808097765;0.311422737780958;2.49128476357176;
7.99936144892126;0.312402633950114;2.49902158656201;
7.99936144892126;0.311749369837344;2.49379589080234;
8.00034134509042;0.312076001893729;2.49671454076092;
8.00001471303403;0.312402633950114;2.4992256679915;
7.99936144892126;0.312402633950114;2.49902158656201;
7.99870818480849;0.311749369837344;2.49359223612685;
7.99936144892126;0.312076001893729;2.49640873868217;
7.99968808097765;0.312076001893729;2.49651067270842;
7.99870818480849;0.3127292660065;2.50143013963534;
7.99968808097765;0.3127292660065;2.50173658184508;
7.99968808097765;0.3127292660065;2.50173658184508;
7.99903481686488;0.3127292660065;2.50153228703859;
8.00001471303403;0.312402633950114;2.4992256679915;
7.99936144892126;0.312076001893729;2.49640873868217;
7.99968808097765;0.313055898062885;2.50434953641341;
7.99936144892126;0.312076001893729;2.49640873868217;
7.99936144892126;0.312402633950114;2.49902158656201;
7.99968808097765;0.312076001893729;2.49651067270842;
7.99968808097765;0.312402633950114;2.49912362727675;
7.99936144892126;0.3127292660065;2.50163443444184;
8.00001471303403;0.3127292660065;2.50183872924833;
7.99903481686488;0.312402633950114;2.49891954584726;
7.99870818480849;0.3127292660065;2.50143013963534;
;;;0.0219450472811967
7.99936144892126;0.312076001893729;2.49640873868217;
7.99968808097765;0.312076001893729;2.49651067270842;
7.99936144892126;0.3127292660065;2.50163443444184;
7.99936144892126;0.312076001893729;2.49640873868217;
8.00001471303403;0.313055898062885;2.50445179050516;
7.99936144892126;0.3127292660065;2.50163443444184;
8.00001471303403;0.313055898062885;2.50445179050516;
7.99968808097765;0.312402633950114;2.49912362727675;
8.0006679771468;0.313055898062885;2.50465629868866;
7.99968808097765;0.3127292660065;2.50173658184508;
7.99936144892126;0.312402633950114;2.49902158656201;
7.99936144892126;0.312402633950114;2.49902158656201;
7.99936144892126;0.313055898062885;2.50424728232167;
7.99968808097765;0.312402633950114;2.49912362727675;
8.00001471303403;0.312402633950114;2.4992256679915;
8.00001471303403;0.311749369837344;2.49399954547784;
-8.00266962544993;0.290191654115915;-2.32230793595251;
-8.00299625750631;0.287578597664833;-2.30149044085057;
-8.00266962544993;0.287578597664833;-2.30139650846184;
-8.00299625750631;0.288558493833989;-2.30933254622507;
-8.00299625750631;0.287905229721218;-2.30410447597541;
-8.00234299339354;0.289211757946759;-2.31437168481228;
-8.00234299339354;0.287905229721218;-2.30391639782095;
-8.00266962544993;0.287905229721218;-2.30401043689818;
-8.00299625750631;0.287905229721218;-2.30410447597541;
-8.00201636133716;0.288558493833989;-2.30904978886239;
-8.00299625750631;0.288231861777604;-2.30671851110024;
-8.00299625750631;0.287578597664833;-2.30149044085057;
-8.00266962544993;0.288231861777604;-2.30662436533451;
-8.00299625750631;0.288231861777604;-2.30671851110024;
-8.00299625750631;0.288231861777604;-2.30671851110024;
-8.00299625750631;0.287578597664833;-2.30149044085057;
-8.00299625750631;0.287905229721218;-2.30410447597541;
-8.00201636133716;0.288231861777604;-2.30643607380305;
-8.00364952161908;0.287905229721218;-2.30429255412986;
-8.0033228895627;0.287578597664833;-2.3015843732393;
-8.00299625750631;0.287578597664833;-2.30149044085057;
-8.00234299339354;0.288231861777604;-2.30653021956878;
-8.00299625750631;0.287578597664833;-2.30149044085057;
-8.00299625750631;0.287905229721218;-2.30410447597541;
-8.00299625750631;0.288231861777604;-2.30671851110024;
-8.0033228895627;0.287578597664833;-2.3015843732393;
-8.00266962544993;0.288231861777604;-2.30662436533451;
-8.00299625750631;0.287905229721218;-2.30410447597541;
-8.00266962544993;0.287905229721218;-2.30401043689818;
-8.0033228895627;0.287905229721218;-2.30419851505263;
-8.00299625750631;0.287905229721218;-2.30410447597541;
-8.00266962544993;0.288558493833989;-2.30923829377084;
-8.00234299339354;0.288558493833989;-2.30914404131661;
-8.00299625750631;0.287905229721218;-2.30410447597541;
-8.00201636133716;0.287905229721218;-2.30382235874372;
-8.0033228895627;0.288231861777604;-2.30681265686597;
-8.0033228895627;0.288231861777604;-2.30681265686597;
-8.00299625750631;0.287578597664833;-2.30149044085057;
-8.00266962544993;0.288231861777604;-2.30662436533451;
-8.0033228895627;0.288558493833989;-2.3094267986793;
-8.00299625750631;0.288231861777604;-2.30671851110024;
-8.00266962544993;0.288558493833989;-2.30923829377084;
-8.00234299339354;0.288231861777604;-2.30653021956878;
-8.00266962544993;0.288231861777604;-2.30662436533451;
-8.00234299339354;0.287905229721218;-2.30391639782095;
-8.00266962544993;0.287905229721218;-2.30401043689818;
-8.00234299339354;0.288231861777604;-2.30653021956878;
-8.00266962544993;0.287578597664833;-2.30139650846184;
-8.0033228895627;0.287905229721218;-2.30419851505263;
-8.00299625750631;0.287905229721218;-2.30410447597541;
8.00034134509042;0.311749369837344;2.49410137281558;
8.00001471303403;0.312402633950114;2.4992256679915;
8.00034134509042;0.312402633950114;2.49932770870625;
8.00001471303403;0.313055898062885;2.50445179050516;
7.99968808097765;0.313055898062885;2.50434953641341;
7.99936144892126;0.313055898062885;2.50424728232167;
7.99936144892126;0.3127292660065;2.50163443444184;
7.99936144892126;0.312076001893729;2.49640873868217;
8.00001471303403;0.312402633950114;2.4992256679915;
7.99968808097765;0.31338253011927;2.50696249098174;
7.99936144892126;0.312076001893729;2.49640873868217;
7.99968808097765;0.31338253011927;2.50696249098174;
8.0006679771468;0.312076001893729;2.49681647478716;
7.99903481686488;0.3127292660065;2.50153228703859;
7.99968808097765;0.3127292660065;2.50173658184508;
7.99870818480849;0.313055898062885;2.50404277413817;
7.99936144892126;0.3127292660065;2.50163443444184;
7.99968808097765;0.3127292660065;2.50173658184508;
7.99936144892126;0.312402633950114;2.49902158656201;
7.99903481686488;0.3127292660065;2.50153228703859;
8.00001471303403;0.312076001893729;2.49661260673467;
7.99936144892126;0.3127292660065;2.50163443444184;
7.99968808097765;0.312402633950114;2.49912362727675;
7.99968808097765;0.312402633950114;2.49912362727675;
7.99903481686488;0.3127292660065;2.50153228703859;
7.99936144892126;0.312402633950114;2.49902158656201;
7.99936144892126;0.3127292660065;2.50163443444184;
8.00001471303403;0.313055898062885;2.50445179050516;
7.99936144892126;0.313055898062885;2.50424728232167;
7.99936144892126;0.313055898062885;2.50424728232167;
8.00001471303403;0.312076001893729;2.49661260673467;
7.99968808097765;0.313055898062885;2.50434953641341;
8.00001471303403;0.3127292660065;2.50183872924833;
7.99936144892126;0.312076001893729;2.49640873868217;
;;;0.0243947154752128
7.99968808097765;0.312076001893729;2.49651067270842;
7.99968808097765;0.313055898062885;2.50434953641341;
8.00034134509042;0.31338253011927;2.50716721254224;
7.99968808097765;0.3127292660065;2.50173658184508;
7.99936144892126;0.313055898062885;2.50424728232167;
7.99903481686488;0.313055898062885;2.50414502822992;
7.99968808097765;0.312402633950114;2.49912362727675;
8.00001471303403;0.313055898062885;2.50445179050516;
7.99936144892126;0.3127292660065;2.50163443444184;
8.00001471303403;0.312076001893729;2.49661260673467;
8.00001471303403;0.312402633950114;2.4992256679915;
7.99838155275211;0.313055898062885;2.50394052004642;
7.99968808097765;0.313055898062885;2.50434953641341;
7.99903481686488;0.3127292660065;2.50153228703859;
8.0006679771468;0.3127292660065;2.50204302405483;
7.99968808097765;0.3127292660065;2.50173658184508;
-8.00299625750631;0.289211757946759;-2.31456061647474;
-8.00266962544993;0.288231861777604;-2.30662436533451;
-8.0033228895627;0.287905229721218;-2.30419851505263;
-8.00234299339354;0.288558493833989;-2.30914404131661;
-8.00299625750631;0.289211757946759;-2.31456061647474;
-8.00266962544993;0.288885125890374;-2.31185222220718;
-8.00266962544993;0.288558493833989;-2.30923829377084;
-8.00266962544993;0.288558493833989;-2.30923829377084;
-8.00299625750631;0.287905229721218;-2.30410447597541;
-8.00299625750631;0.288231861777604;-2.30671851110024;
-8.0033228895627;0.288231861777604;-2.30681265686597;
-8.00266962544993;0.287905229721218;-2.30401043689818;
-8.00234299339354;0.287905229721218;-2.30391639782095;
-8.0033228895627;0.287905229721218;-2.30419851505263;
-8.00266962544993;0.287578597664833;-2.30139650846184;
-8.00364952161908;0.287578597664833;-2.30167830562803;
-8.00266962544993;0.288231861777604;-2.30662436533451;
-8.00266962544993;0.287578597664833;-2.30139650846184;
-8.00234299339354;0.287578597664833;-2.30130257607312;
-8.00299625750631;0.287905229721218;-2.30410447597541;
-8.00234299339354;0.288231861777604;-2.30653021956878;
-8.00266962544993;0.288231861777604;-2.30662436533451;
-8.00299625750631;0.288558493833989;-2.30933254622507;
-8.0033228895627;0.287905229721218;-2.30419851505263;
-8.00364952161908;0.288558493833989;-2.30952105113353;
-8.00168972928077;0.288558493833989;-2.30895553640816;
-8.00234299339354;0.288231861777604;-2.30653021956878;
-8.00266962544993;0.287905229721218;-2.30401043689818;
-8.00299625750631;0.288231861777604;-2.30671851110024;
-8.00299625750631;0.287905229721218;-2.30410447597541;
-8.00201636133716;0.287251965608448;-2.29859492862506;
-8.00299625750631;0.288558493833989;-2.30933254622507;
-8.00364952161908;0.287905229721218;-2.30429255412986;
-8.00266962544993;0.287905229721218;-2.30401043689818;
-8.00266962544993;0.287905229721218;-2.30401043689818;
-8.00266962544993;0.287905229721218;-2.30401043689818;
-8.00266962544993;0.288231861777604;-2.30662436533451;
-8.00299625750631;0.288558493833989;-2.30933254622507;
-8.00299625750631;0.287578597664833;-2.30149044085057;
-8.0033228895627;0.288231861777604;-2.30681265686597;
-8.00234299339354;0.288231861777604;-2.30653021956878;
-8.00299625750631;0.288558493833989;-2.30933254622507;
-8.00299625750631;0.288558493833989;-2.30933254622507;
-8.00201636133716;0.288231861777604;-2.30643607380305;
-8.0033228895627;0.287905229721218;-2.30419851505263;
-8.00266962544993;0.287905229721218;-2.30401043689818;
-8.00397615367547;0.287905229721218;-2.30438659320709;
-8.00234299339354;0.288231861777604;-2.30653021956878;
-8.00299625750631;0.287905229721218;-2.30410447597541;
-8.0033228895627;0.287578597664833;-2.3015843732393;
7.99968808097765;0.310442841611803;2.48344589986677;
8.00001471303403;0.311422737780958;2.49138648422101;
8.00001471303403;0.311096105724573;2.48877342296418;
7.99903481686488;0.312076001893729;2.49630680465593;
8.00001471303403;0.311749369837344;2.49399954547784;
7.99968808097765;0.311422737780958;2.49128476357176;
8.00034134509042;0.311422737780958;2.49148820487025;
7.99903481686488;0.311422737780958;2.49108132227327;
7.99968808097765;0.311422737780958;2.49128476357176;
7.99903481686488;0.310769473668188;2.48585583989061;
7.99968808097765;0.310769473668188;2.4860588544351;
7.99968808097765;0.311749369837344;2.49389771814009;
8.00001471303403;0.310769473668188;2.48616036170735;
7.99870818480849;0.310769473668188;2.48575433261836;
7.99936144892126;0.310442841611803;2.48334449928302;
7.99870818480849;0.310769473668188;2.48575433261836;
7.99936144892126;0.311096105724573;2.48857019504268;
7.99870818480849;0.310116209555417;2.4805290636127;
8.0006679771468;0.310769473668188;2.48636337625184;
8.00001471303403;0.310442841611803;2.48354730045051;
8.00001471303403;0.310442841611803;2.48354730045051;
7.99968808097765;0.310116209555417;2.48083294529844;
8.00001471303403;0.309789577499032;2.47832117793685;
7.99968808097765;0.310769473668188;2.4860588544351;
8.00001471303403;0.310116209555417;2.48093423919368;
7.99968808097765;0.310442841611803;2.48344589986677;
7.99805492069572;0.309462945442647;2.47510163357055;
7.99968808097765;0.309789577499032;2.47821999073011;
7.99870818480849;0.309789577499032;2.47791642910987;
8.00034134509042;0.309789577499032;2.4784223651436;
8.00001471303403;0.309462945442647;2.47570811668002;
7.99968808097765;0.309789577499032;2.47821999073011;
7.99968808097765;0.309789577499032;2.47821999073011;
7.99968808097765;0.308809681329876;2.47038112702512;
;;;0.0230146490320093
7.99968808097765;0.309136313386261;2.47299408159345;
7.99968808097765;0.308809681329876;2.47038112702512;
7.99968808097765;0.309136313386261;2.47299408159345;
7.99968808097765;0.309462945442647;2.47560703616178;
7.99968808097765;0.309462945442647;2.47560703616178;
7.99936144892126;0.309789577499032;2.47811880352336;
7.99936144892126;0.309462945442647;2.47550595564353;
7.99936144892126;0.310116209555417;2.48073165140319;
7.99870818480849;0.309789577499032;2.47791642910987;
7.99936144892126;0.309462945442647;2.47550595564353;
7.99870818480849;0.309789577499032;2.47791642910987;
7.99968808097765;0.308809681329876;2.47038112702512;
8.00001471303403;0.309462945442647;2.47570811668002;
7.99903481686488;0.30782978516072;2.46234116916864;
8.00001471303403;0.309462945442647;2.47570811668002;
7.99936144892126;0.309136313386261;2.4728931077637;
-8.00299625750631;0.289211757946759;-2.31456061647474;
-8.00364952161908;0.288558493833989;-2.30952105113353;
-8.00364952161908;0.288558493833989;-2.30952105113353;
-8.00266962544993;0.288558493833989;-2.30923829377084;
-8.00299625750631;0.288231861777604;-2.30671851110024;
-8.0033228895627;0.288231861777604;-2.30681265686597;
-8.0033228895627;0.288885125890374;-2.31204094049263;
-8.00299625750631;0.288885125890374;-2.3119465813499;
-8.00234299339354;0.287578597664833;-2.30130257607312;
-8.00266962544993;0.288231861777604;-2.30662436533451;
-8.00266962544993;0.288558493833989;-2.30923829377084;
-8.00299625750631;0.288231861777604;-2.30671851110024;
-8.00299625750631;0.288231861777604;-2.30671851110024;
-8.0033228895627;0.288885125890374;-2.31204094049263;
-8.00234299339354;0.287578597664833;-2.30130257607312;
-8.0033228895627;0.288885125890374;-2.31204094049263;
-8.0033228895627;0.288558493833989;-2.3094267986793;
-8.00299625750631;0.288885125890374;-2.3119465813499;
-8.00299625750631;0.288231861777604;-2.30671851110024;
-8.00266962544993;0.288231861777604;-2.30662436533451;
-8.00299625750631;0.289538390003145;-2.31717465159957;
-8.00299625750631;0.288558493833989;-2.30933254622507;
-8.00266962544993;0.288231861777604;-2.30662436533451;
-8.00266962544993;0.287905229721218;-2.30401043689818;
-8.0033228895627;0.288558493833989;-2.3094267986793;
-8.00299625750631;0.287905229721218;-2.30410447597541;
-8.0033228895627;0.287905229721218;-2.30419851505263;
-8.00266962544993;0.288558493833989;-2.30923829377084;
-8.00266962544993;0.288885125890374;-2.31185222220718;
-8.00266962544993;0.288558493833989;-2.30923829377084;
-8.00299625750631;0.288231861777604;-2.30671851110024;
-8.00364952161908;0.287905229721218;-2.30429255412986;
-8.00266962544993;0.287905229721218;-2.30401043689818;
-8.00364952161908;0.288231861777604;-2.30690680263169;
-8.00234299339354;0.288558493833989;-2.30914404131661;
-8.00234299339354;0.288231861777604;-2.30653021956878;
-8.0033228895627;0.288558493833989;-2.3094267986793;
-8.00234299339354;0.288558493833989;-2.30914404131661;
-8.00364952161908;0.288231861777604;-2.30690680263169;
-8.00299625750631;0.288558493833989;-2.30933254622507;
-8.00299625750631;0.287905229721218;-2.30410447597541;
-8.0033228895627;0.288231861777604;-2.30681265686597;
-8.00266962544993;0.288558493833989;-2.30923829377084;
-8.00299625750631;0.289211757946759;-2.31456061647474;
-8.00234299339354;0.288231861777604;-2.30653021956878;
-8.00364952161908;0.288558493833989;-2.30952105113353;
-8.00266962544993;0.288231861777604;-2.30662436533451;
-8.00364952161908;0.288231861777604;-2.30690680263169;
-8.00397615367547;0.288231861777604;-2.30700094839742;
-8.00266962544993;0.288231861777604;-2.30662436533451;
7.99936144892126;0.304563464596868;2.43631323744608;
7.99870818480849;0.304236832540482;2.43350164256177;
7.99968808097765;0.305216728709638;2.44163862677348;
7.99903481686488;0.304236832540482;2.43360101606401;
7.99968808097765;0.305216728709638;2.44163862677348;
7.99968808097765;0.304563464596868;2.43641271763682;
7.99936144892126;0.304563464596868;2.43631323744608;
7.99903481686488;0.304236832540482;2.43360101606401;
7.99936144892126;0.304236832540482;2.43370038956625;
7.99936144892126;0.303583568427712;2.42847469380659;
8.00001471303403;0.303583568427712;2.42867301405707;
8.00001471303403;0.303256936371326;2.42605995280024;
7.99870818480849;0.303256936371326;2.42566373905328;
7.99968808097765;0.302930304314941;2.42334794479517;
7.99968808097765;0.302603672258556;2.42073499022684;
7.99870818480849;0.302930304314941;2.42305110455045;
7.99968808097765;0.303583568427712;2.42857385393183;
7.99936144892126;0.302603672258556;2.4206361501671;
7.99968808097765;0.302277040202171;2.41812203565851;
8.00001471303403;0.302603672258556;2.42083383028658;
8.0006679771468;0.302603672258556;2.42103151040605;
7.99936144892126;0.301950408145785;2.41541045440744;
7.99968808097765;0.302603672258556;2.42073499022684;
7.99936144892126;0.301950408145785;2.41541045440744;
7.99903481686488;0.302603672258556;2.42053731010736;
7.99968808097765;0.301950408145785;2.41550908109018;
7.99936144892126;0.302277040202171;2.41802330228727;
7.99968808097765;0.301950408145785;2.41550908109018;
8.00001471303403;0.3016237760894;2.41299464651608;
7.99936144892126;0.3016237760894;2.41279760652761;
7.99903481686488;0.3016237760894;2.41269908653337;
8.00001471303403;0.301297144033015;2.41038158525925;
7.99936144892126;0.301297144033015;2.41018475864778;
8.00001471303403;0.301950408145785;2.41560770777291;
;;;0.0164785844912753
7.99903481686488;0.301297144033015;2.41008634534204;
8.00034134509042;0.301297144033015;2.41047999856499;
7.99903481686488;0.301297144033015;2.41008634534204;
7.99936144892126;0.300643879920244;2.40495906288812;
7.99936144892126;0.301297144033015;2.41018475864778;
7.99968808097765;0.301297144033015;2.41028317195351;
8.00001471303403;0.30097051197663;2.40776852400242;
7.99968808097765;0.3016237760894;2.41289612652184;
7.99968808097765;0.300643879920244;2.40505726281685;
7.99968808097765;0.30097051197663;2.40767021738518;
8.00001471303403;0.30097051197663;2.40776852400242;
7.99968808097765;0.3016237760894;2.41289612652184;
7.99936144892126;0.301297144033015;2.41018475864778;
8.00034134509042;0.3016237760894;2.41309316651032;
7.99903481686488;0.30097051197663;2.40747360415071;
7.99968808097765;0.30097051197663;2.40767021738518;
-8.00234299339354;0.289211757946759;-2.31437168481228;
-8.00299625750631;0.288231861777604;-2.30671851110024;
-8.00299625750631;0.288558493833989;-2.30933254622507;
-8.00430278573185;0.287905229721218;-2.30448063228432;
-8.00266962544993;0.288885125890374;-2.31185222220718;
-8.00266962544993;0.288231861777604;-2.30662436533451;
-8.00266962544993;0.287905229721218;-2.30401043689818;
-8.00299625750631;0.287578597664833;-2.30149044085057;
-8.00234299339354;0.287905229721218;-2.30391639782095;
-8.00299625750631;0.288558493833989;-2.30933254622507;
-8.00234299339354;0.288885125890374;-2.31175786306445;
-8.00299625750631;0.288885125890374;-2.3119465813499;
-8.00299625750631;0.288558493833989;-2.30933254622507;
-8.00299625750631;0.288558493833989;-2.30933254622507;
-8.00364952161908;0.288558493833989;-2.30952105113353;
-8.00266962544993;0.288231861777604;-2.30662436533451;
-8.0033228895627;0.288558493833989;-2.3094267986793;
-8.00266962544993;0.288231861777604;-2.30662436533451;
-8.00266962544993;0.288558493833989;-2.30923829377084;
-8.00364952161908;0.288558493833989;-2.30952105113353;
-8.00299625750631;0.288231861777604;-2.30671851110024;
-8.00299625750631;0.288885125890374;-2.3119465813499;
-8.00234299339354;0.287905229721218;-2.30391639782095;
-8.00234299339354;0.288558493833989;-2.30914404131661;
-8.0033228895627;0.288558493833989;-2.3094267986793;
-8.0033228895627;0.288231861777604;-2.30681265686597;
-8.00299625750631;0.288885125890374;-2.3119465813499;
-8.00299625750631;0.287905229721218;-2.30410447597541;
-8.0033228895627;0.288558493833989;-2.3094267986793;
-8.0033228895627;0.288231861777604;-2.30681265686597;
-8.00234299339354;0.287905229721218;-2.30391639782095;
-8.00201636133716;0.288885125890374;-2.31166350392172;
-8.0033228895627;0.288231861777604;-2.30681265686597;
-8.00266962544993;0.288558493833989;-2.30923829377084;
-8.00234299339354;0.288558493833989;-2.30914404131661;
-8.0033228895627;0.288885125890374;-2.31204094049263;
-8.0033228895627;0.288885125890374;-2.31204094049263;
-8.00266962544993;0.288231861777604;-2.30662436533451;
-8.00299625750631;0.287578597664833;-2.30149044085057;
-8.00299625750631;0.288558493833989;-2.30933254622507;
-8.00266962544993;0.288885125890374;-2.31185222220718;
-8.00266962544993;0.288885125890374;-2.31185222220718;
-8.00299625750631;0.288558493833989;-2.30933254622507;
-8.0033228895627;0.288558493833989;-2.3094267986793;
-8.00266962544993;0.288231861777604;-2.30662436533451;
-8.0033228895627;0.288231861777604;-2.30681265686597;
-8.00299625750631;0.287905229721218;-2.30410447597541;
-8.00299625750631;0.288558493833989;-2.30933254622507;
-8.00299625750631;0.288558493833989;-2.30933254622507;
-8.00299625750631;0.288558493833989;-2.30933254622507;
7.99936144892126;0.301950408145785;2.41541045440744;
7.99968808097765;0.302277040202171;2.41812203565851;
7.99903481686488;0.302277040202171;2.41792456891603;
7.99968808097765;0.302603672258556;2.42073499022684;
7.99968808097765;0.303256936371326;2.4259608993635;
7.99936144892126;0.303256936371326;2.42586184592676;
7.99903481686488;0.302603672258556;2.42053731010736;
7.99936144892126;0.302277040202171;2.41802330228727;
7.99936144892126;0.303256936371326;2.42586184592676;
7.99936144892126;0.302603672258556;2.4206361501671;
7.99936144892126;0.303256936371326;2.42586184592676;
7.99936144892126;0.303256936371326;2.42586184592676;
8.00001471303403;0.303256936371326;2.42605995280024;
8.00001471303403;0.303583568427712;2.42867301405707;
7.99936144892126;0.302930304314941;2.42324899804693;
7.99968808097765;0.302603672258556;2.42073499022684;
7.99936144892126;0.303256936371326;2.42586184592676;
7.99968808097765;0.302930304314941;2.42334794479517;
7.99903481686488;0.302930304314941;2.42315005129869;
7.99903481686488;0.303256936371326;2.42576279249002;
7.99968808097765;0.302277040202171;2.41812203565851;
8.00034134509042;0.302277040202171;2.41831950240098;
7.99870818480849;0.302603672258556;2.42043847004762;
8.0006679771468;0.302930304314941;2.42364478503989;
7.99903481686488;0.303256936371326;2.42576279249002;
8.00034134509042;0.303256936371326;2.42615900623698;
7.99903481686488;0.302930304314941;2.42315005129869;
7.99903481686488;0.303256936371326;2.42576279249002;
7.99903481686488;0.303256936371326;2.42576279249002;
7.99968808097765;0.303256936371326;2.4259608993635;
7.99968808097765;0.302603672258556;2.42073499022684;
7.99903481686488;0.303910200484097;2.43098827487268;
8.00001471303403;0.303583568427712;2.42867301405707;
8.00001471303403;0.303910200484097;2.4312860753139;
;;;0.0138373564446963
7.99936144892126;0.303256936371326;2.42586184592676;
8.00001471303403;0.303910200484097;2.4312860753139;
7.99968808097765;0.303256936371326;2.4259608993635;
8.00001471303403;0.303583568427712;2.42867301405707;
7.99903481686488;0.303256936371326;2.42576279249002;
7.99936144892126;0.303910200484097;2.43108754168642;
7.99903481686488;0.303910200484097;2.43098827487268;
7.99936144892126;0.303583568427712;2.42847469380659;
7.99936144892126;0.304236832540482;2.43370038956625;
7.99968808097765;0.303583568427712;2.42857385393183;
7.99968808097765;0.303583568427712;2.42857385393183;
8.0006679771468;0.303910200484097;2.43148460894138;
7.99968808097765;0.303583568427712;2.42857385393183;
8.00034134509042;0.303583568427712;2.42877217418231;
7.99936144892126;0.303910200484097;2.43108754168642;
7.99968808097765;0.304236832540482;2.43379976306849;
-8.00299625750631;0.288558493833989;-2.30933254622507;
-8.00299625750631;0.288558493833989;-2.30933254622507;
-8.00299625750631;0.288885125890374;-2.3119465813499;
-8.00299625750631;0.288558493833989;-2.30933254622507;
-8.0033228895627;0.288231861777604;-2.30681265686597;
-8.00266962544993;0.288558493833989;-2.30923829377084;
-8.0033228895627;0.288558493833989;-2.3094267986793;
-8.00266962544993;0.288558493833989;-2.30923829377084;
-8.00364952161908;0.288885125890374;-2.31213529963536;
-8.0033228895627;0.288558493833989;-2.3094267986793;
-8.00364952161908;0.288885125890374;-2.31213529963536;
-8.00266962544993;0.289538390003145;-2.31708007907984;
-8.00234299339354;0.288231861777604;-2.30653021956878;
-8.00266962544993;0.288231861777604;-2.30662436533451;
-8.00234299339354;0.288558493833989;-2.30914404131661;
-8.00364952161908;0.288558493833989;-2.30952105113353;
-8.0033228895627;0.288885125890374;-2.31204094049263;
-8.0033228895627;0.288885125890374;-2.31204094049263;
-8.0033228895627;0.288558493833989;-2.3094267986793;
-8.00299625750631;0.288885125890374;-2.3119465813499;
-8.00299625750631;0.288558493833989;-2.30933254622507;
-8.00266962544993;0.288885125890374;-2.31185222220718;
-8.00299625750631;0.288558493833989;-2.30933254622507;
-8.00299625750631;0.288231861777604;-2.30671851110024;
-8.00299625750631;0.288885125890374;-2.3119465813499;
-8.00266962544993;0.287905229721218;-2.30401043689818;
-8.00266962544993;0.288885125890374;-2.31185222220718;
-8.00364952161908;0.288231861777604;-2.30690680263169;
-8.0033228895627;0.288558493833989;-2.3094267986793;
-8.0033228895627;0.288231861777604;-2.30681265686597;
-8.00299625750631;0.288558493833989;-2.30933254622507;
-8.0033228895627;0.288558493833989;-2.3094267986793;
-8.00299625750631;0.289211757946759;-2.31456061647474;
-8.00234299339354;0.288885125890374;-2.31175786306445;
-8.00266962544993;0.289211757946759;-2.31446615064351;
-8.00266962544993;0.288231861777604;-2.30662436533451;
-8.0033228895627;0.288231861777604;-2.30681265686597;
-8.00266962544993;0.288558493833989;-2.30923829377084;
-8.00266962544993;0.288558493833989;-2.30923829377084;
-8.00266962544993;0.288885125890374;-2.31185222220718;
-8.00266962544993;0.288558493833989;-2.30923829377084;
-8.00136309722438;0.288231861777604;-2.3062477822716;
-8.00299625750631;0.288231861777604;-2.30671851110024;
-8.00364952161908;0.288558493833989;-2.30952105113353;
-8.00266962544993;0.288231861777604;-2.30662436533451;
-8.00266962544993;0.288231861777604;-2.30662436533451;
-8.00266962544993;0.288231861777604;-2.30662436533451;
-8.00266962544993;0.288885125890374;-2.31185222220718;
-8.00234299339354;0.287251965608448;-2.29868875432528;
-8.0033228895627;0.287905229721218;-2.30419851505263;
8.00001471303403;0.311749369837344;2.49399954547784;
7.99968808097765;0.313055898062885;2.50434953641341;
8.00001471303403;0.312402633950114;2.4992256679915;
7.99968808097765;0.312402633950114;2.49912362727675;
7.99968808097765;0.312076001893729;2.49651067270842;
7.99870818480849;0.311749369837344;2.49359223612685;
7.99870818480849;0.312076001893729;2.49620487062968;
7.99968808097765;0.312402633950114;2.49912362727675;
8.00001471303403;0.311749369837344;2.49399954547784;
7.99968808097765;0.3127292660065;2.50173658184508;
8.00034134509042;0.311749369837344;2.49410137281558;
8.00001471303403;0.3127292660065;2.50183872924833;
8.0006679771468;0.311422737780958;2.4915899255195;
8.00001471303403;0.312402633950114;2.4992256679915;
7.99968808097765;0.311096105724573;2.48867180900343;
8.00001471303403;0.312402633950114;2.4992256679915;
7.99936144892126;0.3127292660065;2.50163443444184;
7.99903481686488;0.312076001893729;2.49630680465593;
7.99936144892126;0.3127292660065;2.50163443444184;
7.99903481686488;0.311749369837344;2.4936940634646;
8.00001471303403;0.311422737780958;2.49138648422101;
7.99936144892126;0.311749369837344;2.49379589080234;
7.99968808097765;0.312076001893729;2.49651067270842;
8.00001471303403;0.311749369837344;2.49399954547784;
7.99968808097765;0.311422737780958;2.49128476357176;
8.00001471303403;0.312076001893729;2.49661260673467;
8.00001471303403;0.311749369837344;2.49399954547784;
8.00001471303403;0.312076001893729;2.49661260673467;
7.99968808097765;0.311096105724573;2.48867180900343;
7.99968808097765;0.312076001893729;2.49651067270842;
7.99936144892126;0.312076001893729;2.49640873868217;
7.99968808097765;0.311749369837344;2.49389771814009;
7.99870818480849;0.311749369837344;2.49359223612685;
8.0006679771468;0.311422737780958;2.4915899255195;
;;;0.0206819279441589
8.00001471303403;0.312402633950114;2.4992256679915;
7.99936144892126;0.311749369837344;2.49379589080234;
8.00001471303403;0.311749369837344;2.49399954547784;
8.00034134509042;0.312076001893729;2.49671454076092;
7.99968808097765;0.312402633950114;2.49912362727675;
7.99903481686488;0.311096105724573;2.48846858108194;
7.99936144892126;0.311096105724573;2.48857019504268;
7.99903481686488;0.311422737780958;2.49108132227327;
7.99903481686488;0.311749369837344;2.4936940634646;
7.99870818480849;0.3127292660065;2.50143013963534;
7.99903481686488;0.311749369837344;2.4936940634646;
7.99936144892126;0.312076001893729;2.49640873868217;
7.99838155275211;0.311749369837344;2.4934904087891;
7.99903481686488;0.312076001893729;2.49630680465593;
7.99936144892126;0.312076001893729;2.49640873868217;
7.99968808097765;0.312076001893729;2.49651067270842;
-8.00201636133716;0.290191654115915;-2.32211836415905;
-8.00266962544993;0.288231861777604;-2.30662436533451;
-8.00299625750631;0.287905229721218;-2.30410447597541;
-8.00266962544993;0.288885125890374;-2.31185222220718;
-8.00266962544993;0.288885125890374;-2.31185222220718;
-8.00234299339354;0.288558493833989;-2.30914404131661;
-8.00397615367547;0.287905229721218;-2.30438659320709;
-8.00299625750631;0.288231861777604;-2.30671851110024;
-8.00266962544993;0.288231861777604;-2.30662436533451;
-8.00299625750631;0.288231861777604;-2.30671851110024;
-8.00299625750631;0.288558493833989;-2.30933254622507;
-8.00201636133716;0.287905229721218;-2.30382235874372;
-8.00266962544993;0.288231861777604;-2.30662436533451;
-8.00266962544993;0.288231861777604;-2.30662436533451;
-8.00299625750631;0.287251965608448;-2.29887640572574;
-8.00234299339354;0.287905229721218;-2.30391639782095;
-8.00201636133716;0.288231861777604;-2.30643607380305;
-8.00266962544993;0.288558493833989;-2.30923829377084;
-8.00168972928077;0.288558493833989;-2.30895553640816;
-8.00201636133716;0.287905229721218;-2.30382235874372;
-8.00266962544993;0.288231861777604;-2.30662436533451;
-8.00201636133716;0.288558493833989;-2.30904978886239;
-8.00299625750631;0.288885125890374;-2.3119465813499;
-8.00266962544993;0.288231861777604;-2.30662436533451;
-8.00234299339354;0.287905229721218;-2.30391639782095;
-8.00299625750631;0.288885125890374;-2.3119465813499;
-8.00299625750631;0.288558493833989;-2.30933254622507;
-8.00364952161908;0.287905229721218;-2.30429255412986;
-8.0033228895627;0.288885125890374;-2.31204094049263;
-8.00234299339354;0.288231861777604;-2.30653021956878;
-8.00299625750631;0.287578597664833;-2.30149044085057;
-8.00266962544993;0.288231861777604;-2.30662436533451;
-8.00266962544993;0.287905229721218;-2.30401043689818;
-8.00364952161908;0.289211757946759;-2.3147495481372;
-8.00266962544993;0.288558493833989;-2.30923829377084;
-8.0033228895627;0.287578597664833;-2.3015843732393;
-8.00266962544993;0.288558493833989;-2.30923829377084;
-8.00201636133716;0.288558493833989;-2.30904978886239;
-8.00266962544993;0.288231861777604;-2.30662436533451;
-8.00364952161908;0.288558493833989;-2.30952105113353;
-8.00299625750631;0.287905229721218;-2.30410447597541;
-8.00299625750631;0.287905229721218;-2.30410447597541;
-8.00299625750631;0.288231861777604;-2.30671851110024;
-8.00266962544993;0.287905229721218;-2.30401043689818;
-8.00266962544993;0.288231861777604;-2.30662436533451;
-8.00234299339354;0.287905229721218;-2.30391639782095;
-8.00299625750631;0.288558493833989;-2.30933254622507;
-8.0033228895627;0.288558493833989;-2.3094267986793;
-8.00299625750631;0.288558493833989;-2.30933254622507;
-8.00201636133716;0.287905229721218;-2.30382235874372;
8.00034134509042;0.310442841611803;2.48364870103426;
8.00001471303403;0.311749369837344;2.49399954547784;
7.99903481686488;0.311096105724573;2.48846858108194;
7.99968808097765;0.311749369837344;2.49389771814009;
7.99968808097765;0.311422737780958;2.49128476357176;
8.00001471303403;0.312076001893729;2.49661260673467;
7.99936144892126;0.311749369837344;2.49379589080234;
8.00001471303403;0.311422737780958;2.49138648422101;
8.00001471303403;0.312076001893729;2.49661260673467;
7.99968808097765;0.311749369837344;2.49389771814009;
7.99968808097765;0.311749369837344;2.49389771814009;
7.99936144892126;0.3127292660065;2.50163443444184;
7.99936144892126;0.312076001893729;2.49640873868217;
8.00001471303403;0.312076001893729;2.49661260673467;
7.99968808097765;0.311749369837344;2.49389771814009;
7.99968808097765;0.311096105724573;2.48867180900343;
8.00034134509042;0.311749369837344;2.49410137281558;
7.99936144892126;0.312076001893729;2.49640873868217;
7.99936144892126;0.312402633950114;2.49902158656201;
7.99968808097765;0.311096105724573;2.48867180900343;
7.99903481686488;0.311422737780958;2.49108132227327;
7.99936144892126;0.311422737780958;2.49118304292251;
7.99968808097765;0.312076001893729;2.49651067270842;
7.99936144892126;0.311749369837344;2.49379589080234;
7.99968808097765;0.311749369837344;2.49389771814009;
7.99936144892126;0.311749369837344;2.49379589080234;
8.00099460920319;0.312076001893729;2.49691840881341;
7.99968808097765;0.312076001893729;2.49651067270842;
8.00001471303403;0.312402633950114;2.4992256679915;
7.99968808097765;0.311749369837344;2.49389771814009;
8.00001471303403;0.311422737780958;2.49138648422101;
7.99968808097765;0.311096105724573;2.48867180900343;
7.99870818480849;0.311422737780958;2.49097960162402;
7.99968808097765;0.311749369837344;2.49389771814009;
;;;0.0233499654564855
7.99968808097765;0.311749369837344;2.49389771814009;
7.99936144892126;0.312076001893729;2.49640873868217;
7.99870818480849;0.312076001893729;2.49620487062968;
8.0006679771468;0.311749369837344;2.49420320015333;
7.99903481686488;0.311096105724573;2.48846858108194;
7.99936144892126;0.311749369837344;2.49379589080234;
7.99936144892126;0.311749369837344;2.49379589080234;
8.00001471303403;0.311749369837344;2.49399954547784;
7.99968808097765;0.311749369837344;2.49389771814009;
8.00001471303403;0.311749369837344;2.49399954547784;
7.99968808097765;0.311749369837344;2.49389771814009;
8.00034134509042;0.3127292660065;2.50194087665158;
7.99968808097765;0.311422737780958;2.49128476357176;
7.99936144892126;0.312402633950114;2.49902158656201;
8.00034134509042;0.311749369837344;2.49410137281558;
7.99968808097765;0.312402633950114;2.49912362727675;
-8.00299625750631;0.28986502205953;-2.3197886867244;
-8.00234299339354;0.288558493833989;-2.30914404131661;
-8.0033228895627;0.288231861777604;-2.30681265686597;
-8.0033228895627;0.287905229721218;-2.30419851505263;
-8.00364952161908;0.288231861777604;-2.30690680263169;
-8.00299625750631;0.288231861777604;-2.30671851110024;
-8.00299625750631;0.288558493833989;-2.30933254622507;
-8.00299625750631;0.287905229721218;-2.30410447597541;
-8.00266962544993;0.287905229721218;-2.30401043689818;
-8.00266962544993;0.287578597664833;-2.30139650846184;
-8.00168972928077;0.287905229721218;-2.30372831966649;
-8.0033228895627;0.287905229721218;-2.30419851505263;
-8.00299625750631;0.288885125890374;-2.3119465813499;
-8.00299625750631;0.288558493833989;-2.30933254622507;
-8.00299625750631;0.287905229721218;-2.30410447597541;
-8.00234299339354;0.288231861777604;-2.30653021956878;
-8.00266962544993;0.288231861777604;-2.30662436533451;
-8.0033228895627;0.287905229721218;-2.30419851505263;
-8.00299625750631;0.288231861777604;-2.30671851110024;
-8.00299625750631;0.288885125890374;-2.3119465813499;
-8.00299625750631;0.287578597664833;-2.30149044085057;
-8.00234299339354;0.287905229721218;-2.30391639782095;
-8.00201636133716;0.288231861777604;-2.30643607380305;
-8.00234299339354;0.288231861777604;-2.30653021956878;
-8.00266962544993;0.288231861777604;-2.30662436533451;
-8.00201636133716;0.287905229721218;-2.30382235874372;
-8.00266962544993;0.287905229721218;-2.30401043689818;
-8.00266962544993;0.287905229721218;-2.30401043689818;
-8.00364952161908;0.287905229721218;-2.30429255412986;
-8.00266962544993;0.287905229721218;-2.30401043689818;
-8.00299625750631;0.287905229721218;-2.30410447597541;
-8.00299625750631;0.288231861777604;-2.30671851110024;
-8.00266962544993;0.288231861777604;-2.30662436533451;
-8.00266962544993;0.288231861777604;-2.30662436533451;
-8.00266962544993;0.288558493833989;-2.30923829377084;
-8.00234299339354;0.288231861777604;-2.30653021956878;
-8.00430278573185;0.287905229721218;-2.30448063228432;
-8.00266962544993;0.288231861777604;-2.30662436533451;
-8.00266962544993;0.288558493833989;-2.30923829377084;
-8.0033228895627;0.288885125890374;-2.31204094049263;
-8.0033228895627;0.287905229721218;-2.30419851505263;
-8.00299625750631;0.288231861777604;-2.30671851110024;
-8.00234299339354;0.288558493833989;-2.30914404131661;
-8.0033228895627;0.287905229721218;-2.30419851505263;
-8.00168972928077;0.287905229721218;-2.30372831966649;
-8.00299625750631;0.287905229721218;-2.30410447597541;
-8.0033228895627;0.287905229721218;-2.30419851505263;
-8.00299625750631;0.288558493833989;-2.30933254622507;
-8.00266962544993;0.288231861777604;-2.30662436533451;
-8.00201636133716;0.288231861777604;-2.30643607380305;
7.99936144892126;0.311749369837344;2.49379589080234;
8.00001471303403;0.312076001893729;2.49661260673467;
8.00034134509042;0.312076001893729;2.49671454076092;
7.99968808097765;0.312076001893729;2.49651067270842;
7.99936144892126;0.311749369837344;2.49379589080234;
7.99903481686488;0.311422737780958;2.49108132227327;
7.99968808097765;0.311422737780958;2.49128476357176;
7.99968808097765;0.311749369837344;2.49389771814009;
7.99936144892126;0.311749369837344;2.49379589080234;
8.00001471303403;0.311749369837344;2.49399954547784;
7.99968808097765;0.311749369837344;2.49389771814009;
8.00001471303403;0.311749369837344;2.49399954547784;
7.99903481686488;0.311422737780958;2.49108132227327;
7.99903481686488;0.311749369837344;2.4936940634646;
7.99936144892126;0.311749369837344;2.49379589080234;
7.99936144892126;0.312402633950114;2.49902158656201;
8.00034134509042;0.311749369837344;2.49410137281558;
7.99936144892126;0.312076001893729;2.49640873868217;
7.99870818480849;0.311749369837344;2.49359223612685;
7.99903481686488;0.311422737780958;2.49108132227327;
7.99968808097765;0.312076001893729;2.49651067270842;
7.99968808097765;0.312076001893729;2.49651067270842;
7.99968808097765;0.311422737780958;2.49128476357176;
7.99968808097765;0.311749369837344;2.49389771814009;
7.99936144892126;0.311749369837344;2.49379589080234;
8.00099460920319;0.312402633950114;2.49953179013574;
7.99936144892126;0.311422737780958;2.49118304292251;
7.99968808097765;0.311749369837344;2.49389771814009;
7.99968808097765;0.311749369837344;2.49389771814009;
7.99968808097765;0.311422737780958;2.49128476357176;
7.99968808097765;0.311749369837344;2.49389771814009;
8.00001471303403;0.312402633950114;2.4992256679915;
8.00034134509042;0.312076001893729;2.49671454076092;
7.99936144892126;0.311749369837344;2.49379589080234;
;;;0.0235195974430352
7.99936144892126;0.312076001893729;2.49640873868217;
7.99968808097765;0.311749369837344;2.49389771814009;
7.99968808097765;0.311422737780958;2.49128476357176;
7.99936144892126;0.311422737780958;2.49118304292251;
8.00001471303403;0.311749369837344;2.49399954547784;
7.99968808097765;0.312076001893729;2.49651067270842;
7.99936144892126;0.311096105724573;2.48857019504268;
7.99936144892126;0.311749369837344;2.49379589080234;
7.99936144892126;0.311096105724573;2.48857019504268;
8.00034134509042;0.312402633950114;2.49932770870625;
8.0006679771468;0.312076001893729;2.49681647478716;
7.99936144892126;0.311422737780958;2.49118304292251;
7.99968808097765;0.311749369837344;2.49389771814009;
7.99968808097765;0.311749369837344;2.49389771814009;
8.0006679771468;0.312076001893729;2.49681647478716;
8.00001471303403;0.311749369837344;2.49399954547784;
-8.00266962544993;0.28986502205953;-2.31969400751617;
-8.00299625750631;0.287905229721218;-2.30410447597541;
-8.00299625750631;0.287905229721218;-2.30410447597541;
-8.0033228895627;0.288558493833989;-2.3094267986793;
-8.00234299339354;0.287578597664833;-2.30130257607312;
-8.00299625750631;0.287578597664833;-2.30149044085057;
-8.00234299339354;0.288231861777604;-2.30653021956878;
-8.00299625750631;0.288231861777604;-2.30671851110024;
-8.00266962544993;0.287905229721218;-2.30401043689818;
-8.00299625750631;0.288558493833989;-2.30933254622507;
-8.00299625750631;0.288885125890374;-2.3119465813499;
-8.00201636133716;0.287905229721218;-2.30382235874372;
-8.00266962544993;0.288231861777604;-2.30662436533451;
-8.0033228895627;0.287578597664833;-2.3015843732393;
-8.00234299339354;0.288558493833989;-2.30914404131661;
-8.0033228895627;0.288231861777604;-2.30681265686597;
-8.00201636133716;0.288558493833989;-2.30904978886239;
-8.0033228895627;0.288558493833989;-2.3094267986793;
-8.00266962544993;0.287905229721218;-2.30401043689818;
-8.0033228895627;0.288231861777604;-2.30681265686597;
-8.0033228895627;0.289211757946759;-2.31465508230597;
-8.00266962544993;0.288558493833989;-2.30923829377084;
-8.00299625750631;0.287905229721218;-2.30410447597541;
-8.00234299339354;0.288231861777604;-2.30653021956878;
-8.00266962544993;0.288231861777604;-2.30662436533451;
-8.0033228895627;0.288231861777604;-2.30681265686597;
-8.00234299339354;0.288231861777604;-2.30653021956878;
-8.00266962544993;0.287905229721218;-2.30401043689818;
-8.00364952161908;0.288231861777604;-2.30690680263169;
-8.00234299339354;0.288558493833989;-2.30914404131661;
-8.00266962544993;0.288231861777604;-2.30662436533451;
-8.00201636133716;0.288231861777604;-2.30643607380305;
-8.00364952161908;0.287578597664833;-2.30167830562803;
-8.00234299339354;0.289211757946759;-2.31437168481228;
-8.00299625750631;0.287905229721218;-2.30410447597541;
-8.00299625750631;0.288558493833989;-2.30933254622507;
-8.0033228895627;0.287578597664833;-2.3015843732393;
-8.00266962544993;0.287905229721218;-2.30401043689818;
-8.00397615367547;0.288885125890374;-2.31222965877809;
-8.00201636133716;0.288558493833989;-2.30904978886239;
-8.00266962544993;0.288231861777604;-2.30662436533451;
-8.00266962544993;0.288231861777604;-2.30662436533451;
-8.00364952161908;0.288231861777604;-2.30690680263169;
-8.00299625750631;0.287905229721218;-2.30410447597541;
-8.0033228895627;0.288558493833989;-2.3094267986793;
-8.00299625750631;0.287905229721218;-2.30410447597541;
-8.00266962544993;0.288558493833989;-2.30923829377084;
-8.00266962544993;0.288231861777604;-2.30662436533451;
-8.00266962544993;0.287578597664833;-2.30139650846184;
-8.00299625750631;0.287578597664833;-2.30149044085057;
7.99936144892126;0.311422737780958;2.49118304292251;
7.99903481686488;0.311422737780958;2.49108132227327;
7.99936144892126;0.3127292660065;2.50163443444184;
7.99903481686488;0.312076001893729;2.49630680465593;
8.00001471303403;0.311749369837344;2.49399954547784;
8.00001471303403;0.312402633950114;2.4992256679915;
8.00034134509042;0.311749369837344;2.49410137281558;
7.99968808097765;0.311749369837344;2.49389771814009;
8.00001471303403;0.311749369837344;2.49399954547784;
8.00001471303403;0.311749369837344;2.49399954547784;
7.99903481686488;0.311749369837344;2.4936940634646;
7.99936144892126;0.312076001893729;2.49640873868217;
8.00034134509042;0.311096105724573;2.48887503692492;
7.99903481686488;0.311422737780958;2.49108132227327;
7.99968808097765;0.312076001893729;2.49651067270842;
7.99968808097765;0.311422737780958;2.49128476357176;
7.99968808097765;0.312076001893729;2.49651067270842;
7.99968808097765;0.312076001893729;2.49651067270842;
7.99903481686488;0.312076001893729;2.49630680465593;
7.99903481686488;0.312076001893729;2.49630680465593;
7.99968808097765;0.3127292660065;2.50173658184508;
7.99936144892126;0.312076001893729;2.49640873868217;
7.99903481686488;0.311749369837344;2.4936940634646;
8.00034134509042;0.311749369837344;2.49410137281558;
7.99968808097765;0.311749369837344;2.49389771814009;
8.00001471303403;0.311422737780958;2.49138648422101;
7.99936144892126;0.312402633950114;2.49902158656201;
7.99936144892126;0.312402633950114;2.49902158656201;
7.99968808097765;0.311422737780958;2.49128476357176;
7.99968808097765;0.311422737780958;2.49128476357176;
7.99936144892126;0.311422737780958;2.49118304292251;
7.99968808097765;0.311749369837344;2.49389771814009;
7.99870818480849;0.311749369837344;2.49359223612685;
7.99968808097765;0.312076001893729;2.49651067270842;
;;;0.0234590789588848
8.00001471303403;0.311422737780958;2.49138648422101;
7.99936144892126;0.311749369837344;2.49379589080234;
8.00001471303403;0.311422737780958;2.49138648422101;
8.00001471303403;0.311749369837344;2.49399954547784;
8.00001471303403;0.311749369837344;2.49399954547784;
7.99968808097765;0.312076001893729;2.49651067270842;
8.00001471303403;0.311749369837344;2.49399954547784;
7.99968808097765;0.311749369837344;2.49389771814009;
7.99936144892126;0.311749369837344;2.49379589080234;
7.99968808097765;0.312402633950114;2.49912362727675;
7.99968808097765;0.312076001893729;2.49651067270842;
7.99968808097765;0.312076001893729;2.49651067270842;
7.99936144892126;0.312076001893729;2.49640873868217;
7.99903481686488;0.312076001893729;2.49630680465593;
7.99968808097765;0.311422737780958;2.49128476357176;
7.99936144892126;0.311749369837344;2.49379589080234;
-8.00201636133716;0.289211757946759;-2.31427721898105;
-8.00299625750631;0.287905229721218;-2.30410447597541;
-8.00266962544993;0.288558493833989;-2.30923829377084;
-8.00234299339354;0.288231861777604;-2.30653021956878;
-8.00201636133716;0.288558493833989;-2.30904978886239;
-8.0033228895627;0.287905229721218;-2.30419851505263;
-8.00234299339354;0.287905229721218;-2.30391639782095;
-8.00364952161908;0.288231861777604;-2.30690680263169;
-8.00266962544993;0.288231861777604;-2.30662436533451;
-8.00266962544993;0.287578597664833;-2.30139650846184;
-8.00364952161908;0.287905229721218;-2.30429255412986;
-8.00234299339354;0.288231861777604;-2.30653021956878;
-8.00201636133716;0.287905229721218;-2.30382235874372;
-8.00201636133716;0.287905229721218;-2.30382235874372;
-8.00234299339354;0.287905229721218;-2.30391639782095;
-8.00201636133716;0.287905229721218;-2.30382235874372;
-8.00266962544993;0.288558493833989;-2.30923829377084;
-8.00201636133716;0.289211757946759;-2.31427721898105;
-8.00234299339354;0.288231861777604;-2.30653021956878;
-8.00299625750631;0.288558493833989;-2.30933254622507;
-8.00299625750631;0.288231861777604;-2.30671851110024;
-8.00299625750631;0.287905229721218;-2.30410447597541;
-8.00299625750631;0.287905229721218;-2.30410447597541;
-8.00234299339354;0.288231861777604;-2.30653021956878;
-8.00266962544993;0.288231861777604;-2.30662436533451;
-8.00266962544993;0.288558493833989;-2.30923829377084;
-8.00299625750631;0.288231861777604;-2.30671851110024;
-8.00299625750631;0.287578597664833;-2.30149044085057;
-8.00299625750631;0.287905229721218;-2.30410447597541;
-8.0033228895627;0.288558493833989;-2.3094267986793;
-8.00299625750631;0.287578597664833;-2.30149044085057;
-8.00266962544993;0.288231861777604;-2.30662436533451;
-8.0033228895627;0.287905229721218;-2.30419851505263;
-8.00364952161908;0.288231861777604;-2.30690680263169;
-8.00364952161908;0.287578597664833;-2.30167830562803;
-8.00299625750631;0.288231861777604;-2.30671851110024;
-8.00299625750631;0.288231861777604;-2.30671851110024;
-8.00299625750631;0.288558493833989;-2.30933254622507;
-8.00266962544993;0.288231861777604;-2.30662436533451;
-8.00266962544993;0.288885125890374;-2.31185222220718;
-8.00266962544993;0.288558493833989;-2.30923829377084;
-8.00299625750631;0.287905229721218;-2.30410447597541;
-8.00266962544993;0.287578597664833;-2.30139650846184;
-8.00364952161908;0.288231861777604;-2.30690680263169;
-8.00299625750631;0.287905229721218;-2.30410447597541;
-8.0033228895627;0.288558493833989;-2.3094267986793;
-8.00234299339354;0.288558493833989;-2.30914404131661;
-8.00234299339354;0.288231861777604;-2.30653021956878;
-8.00266962544993;0.288231861777604;-2.30662436533451;
-8.00364952161908;0.287251965608448;-2.29906405712619;
7.99903481686488;0.310116209555417;2.48063035750795;
7.99936144892126;0.311096105724573;2.48857019504268;
7.99903481686488;0.310442841611803;2.48324309869928;
7.99903481686488;0.311422737780958;2.49108132227327;
7.99936144892126;0.310442841611803;2.48334449928302;
7.99968808097765;0.310769473668188;2.4860588544351;
7.99936144892126;0.310442841611803;2.48334449928302;
7.99870818480849;0.310442841611803;2.48314169811553;
7.99936144892126;0.310116209555417;2.48073165140319;
7.99968808097765;0.310769473668188;2.4860588544351;
8.00001471303403;0.310442841611803;2.48354730045051;
7.99936144892126;0.309789577499032;2.47811880352336;
7.99968808097765;0.310442841611803;2.48344589986677;
8.00001471303403;0.310116209555417;2.48093423919368;
8.00001471303403;0.310769473668188;2.48616036170735;
8.00001471303403;0.311096105724573;2.48877342296418;
8.0006679771468;0.310442841611803;2.48375010161801;
8.00001471303403;0.309136313386261;2.47309505542319;
8.00001471303403;0.310769473668188;2.48616036170735;
7.99968808097765;0.310769473668188;2.4860588544351;
8.00001471303403;0.311096105724573;2.48877342296418;
8.00034134509042;0.310769473668188;2.48626186897959;
8.00001471303403;0.310442841611803;2.48354730045051;
7.99968808097765;0.309789577499032;2.47821999073011;
7.99903481686488;0.310442841611803;2.48324309869928;
7.99968808097765;0.310116209555417;2.48083294529844;
7.99968808097765;0.310769473668188;2.4860588544351;
8.00001471303403;0.310442841611803;2.48354730045051;
7.99968808097765;0.310442841611803;2.48344589986677;
7.99903481686488;0.311096105724573;2.48846858108194;
8.00001471303403;0.310442841611803;2.48354730045051;
7.99968808097765;0.310442841611803;2.48344589986677;
7.99903481686488;0.310116209555417;2.48063035750795;
7.99936144892126;0.310442841611803;2.48334449928302;
;;;0.0226318934844358
7.99903481686488;0.310116209555417;2.48063035750795;
7.99936144892126;0.309789577499032;2.47811880352336;
8.00001471303403;0.309789577499032;2.47832117793685;
8.00001471303403;0.310116209555417;2.48093423919368;
7.99936144892126;0.310442841611803;2.48334449928302;
8.00034134509042;0.310116209555417;2.48103553308893;
7.99903481686488;0.310442841611803;2.48324309869928;
7.99936144892126;0.310116209555417;2.48073165140319;
7.99968808097765;0.310442841611803;2.48344589986677;
7.99903481686488;0.310116209555417;2.48063035750795;
8.00034134509042;0.310116209555417;2.48103553308893;
7.99936144892126;0.310116209555417;2.48073165140319;
8.00001471303403;0.310769473668188;2.48616036170735;
7.99870818480849;0.309789577499032;2.47791642910987;
7.99936144892126;0.310116209555417;2.48073165140319;
8.00034134509042;0.310442841611803;2.48364870103426;
-8.00266962544993;0.288885125890374;-2.31185222220718;
-8.00201636133716;0.288231861777604;-2.30643607380305;
-8.00299625750631;0.288231861777604;-2.30671851110024;
-8.00201636133716;0.288231861777604;-2.30643607380305;
-8.00299625750631;0.287905229721218;-2.30410447597541;
-8.00299625750631;0.288231861777604;-2.30671851110024;
-8.00299625750631;0.288231861777604;-2.30671851110024;
-8.00299625750631;0.288231861777604;-2.30671851110024;
-8.00266962544993;0.288558493833989;-2.30923829377084;
-8.00266962544993;0.287905229721218;-2.30401043689818;
-8.00201636133716;0.287578597664833;-2.30120864368439;
-8.0033228895627;0.288231861777604;-2.30681265686597;
-8.00234299339354;0.288558493833989;-2.30914404131661;
-8.00234299339354;0.288231861777604;-2.30653021956878;
-8.00299625750631;0.288231861777604;-2.30671851110024;
-8.00266962544993;0.288231861777604;-2.30662436533451;
-8.00266962544993;0.287905229721218;-2.30401043689818;
-8.00266962544993;0.287905229721218;-2.30401043689818;
-8.00201636133716;0.287905229721218;-2.30382235874372;
-8.00234299339354;0.288231861777604;-2.30653021956878;
-8.00299625750631;0.287905229721218;-2.30410447597541;
-8.00299625750631;0.287905229721218;-2.30410447597541;
-8.00234299339354;0.288558493833989;-2.30914404131661;
-8.00234299339354;0.288231861777604;-2.30653021956878;
-8.00266962544993;0.287578597664833;-2.30139650846184;
-8.00266962544993;0.288558493833989;-2.30923829377084;
-8.0033228895627;0.288231861777604;-2.30681265686597;
-8.00299625750631;0.287905229721218;-2.30410447597541;
-8.00299625750631;0.287905229721218;-2.30410447597541;
-8.00364952161908;0.288231861777604;-2.30690680263169;
-8.00299625750631;0.287905229721218;-2.30410447597541;
-8.00397615367547;0.287905229721218;-2.30438659320709;
-8.00299625750631;0.287905229721218;-2.30410447597541;
-8.00364952161908;0.288231861777604;-2.30690680263169;
-8.00234299339354;0.287905229721218;-2.30391639782095;
-8.00266962544993;0.287905229721218;-2.30401043689818;
-8.00364952161908;0.287578597664833;-2.30167830562803;
-8.00299625750631;0.287578597664833;-2.30149044085057;
-8.00299625750631;0.287905229721218;-2.30410447597541;
-8.00234299339354;0.287251965608448;-2.29868875432528;
-8.00201636133716;0.287905229721218;-2.30382235874372;
-8.00299625750631;0.287578597664833;-2.30149044085057;
-8.00266962544993;0.288558493833989;-2.30923829377084;
-8.0033228895627;0.287905229721218;-2.30419851505263;
-8.00201636133716;0.288231861777604;-2.30643607380305;
-8.00299625750631;0.287578597664833;-2.30149044085057;
-8.00299625750631;0.287905229721218;-2.30410447597541;
-8.00266962544993;0.287578597664833;-2.30139650846184;
-8.00397615367547;0.288231861777604;-2.30700094839742;
-8.0033228895627;0.288231861777604;-2.30681265686597;
7.99870818480849;0.308809681329876;2.47007852560138;
7.99968808097765;0.309789577499032;2.47821999073011;
7.99936144892126;0.309462945442647;2.47550595564353;
7.99870818480849;0.309789577499032;2.47791642910987;
7.99968808097765;0.309136313386261;2.47299408159345;
7.99936144892126;0.309462945442647;2.47550595564353;
7.99936144892126;0.308809681329876;2.47028025988387;
7.99903481686488;0.309462945442647;2.47540487512529;
7.99903481686488;0.309789577499032;2.47801761631662;
8.00001471303403;0.310116209555417;2.48093423919368;
7.99968808097765;0.309462945442647;2.47560703616178;
7.99968808097765;0.308809681329876;2.47038112702512;
8.00034134509042;0.309789577499032;2.4784223651436;
7.99968808097765;0.308483049273491;2.46776817245679;
7.99936144892126;0.309136313386261;2.4728931077637;
7.99936144892126;0.308809681329876;2.47028025988387;
8.00001471303403;0.310442841611803;2.48354730045051;
8.00001471303403;0.309462945442647;2.47570811668002;
7.99968808097765;0.309462945442647;2.47560703616178;
7.99968808097765;0.310116209555417;2.48083294529844;
7.99870818480849;0.309136313386261;2.47269116010421;
7.99903481686488;0.308483049273491;2.4675666515513;
7.99936144892126;0.308483049273491;2.46766741200404;
7.99968808097765;0.308483049273491;2.46776817245679;
8.0006679771468;0.309462945442647;2.47591027771651;
8.0006679771468;0.309462945442647;2.47591027771651;
7.99936144892126;0.309462945442647;2.47550595564353;
7.99936144892126;0.308809681329876;2.47028025988387;
7.99936144892126;0.308483049273491;2.46766741200404;
7.99968808097765;0.308809681329876;2.47038112702512;
7.99903481686488;0.309136313386261;2.47279213393396;
8.00001471303403;0.309136313386261;2.47309505542319;
7.99936144892126;0.309462945442647;2.47550595564353;
7.99936144892126;0.309136313386261;2.4728931077637;
;;;0.021380021227699
8.00001471303403;0.309789577499032;2.47832117793685;
7.99936144892126;0.308809681329876;2.47028025988387;
7.99903481686488;0.309136313386261;2.47279213393396;
7.99968808097765;0.308483049273491;2.46776817245679;
7.99968808097765;0.309789577499032;2.47821999073011;
7.99936144892126;0.309462945442647;2.47550595564353;
8.00001471303403;0.309136313386261;2.47309505542319;
7.99968808097765;0.308809681329876;2.47038112702512;
8.00001471303403;0.308156417217106;2.4652558716527;
8.00001471303403;0.308809681329876;2.47048199416636;
7.99936144892126;0.309462945442647;2.47550595564353;
7.99903481686488;0.309462945442647;2.47540487512529;
8.00001471303403;0.308483049273491;2.46786893290953;
7.99968808097765;0.309136313386261;2.47299408159345;
8.00001471303403;0.309136313386261;2.47309505542319;
7.99936144892126;0.308809681329876;2.47028025988387;
-8.00234299339354;0.288885125890374;-2.31175786306445;
-8.00299625750631;0.288231861777604;-2.30671851110024;
-8.00234299339354;0.287578597664833;-2.30130257607312;
-8.00299625750631;0.287578597664833;-2.30149044085057;
-8.00136309722438;0.288231861777604;-2.3062477822716;
-8.00299625750631;0.287905229721218;-2.30410447597541;
-8.00266962544993;0.287905229721218;-2.30401043689818;
-8.00234299339354;0.287905229721218;-2.30391639782095;
-8.0033228895627;0.287905229721218;-2.30419851505263;
-8.0033228895627;0.288231861777604;-2.30681265686597;
-8.0033228895627;0.288231861777604;-2.30681265686597;
-8.00266962544993;0.287905229721218;-2.30401043689818;
-8.00234299339354;0.287905229721218;-2.30391639782095;
-8.00234299339354;0.287905229721218;-2.30391639782095;
-8.00299625750631;0.287905229721218;-2.30410447597541;
-8.00266962544993;0.287905229721218;-2.30401043689818;
-8.00299625750631;0.287578597664833;-2.30149044085057;
-8.00266962544993;0.287578597664833;-2.30139650846184;
-8.00201636133716;0.288558493833989;-2.30904978886239;
-8.00234299339354;0.287578597664833;-2.30130257607312;
-8.00234299339354;0.287578597664833;-2.30130257607312;
-8.00234299339354;0.287578597664833;-2.30130257607312;
-8.00201636133716;0.287905229721218;-2.30382235874372;
-8.00234299339354;0.287905229721218;-2.30391639782095;
-8.00299625750631;0.287578597664833;-2.30149044085057;
-8.0033228895627;0.288231861777604;-2.30681265686597;
-8.00234299339354;0.287578597664833;-2.30130257607312;
-8.00299625750631;0.287578597664833;-2.30149044085057;
-8.00299625750631;0.287905229721218;-2.30410447597541;
-8.00266962544993;0.287905229721218;-2.30401043689818;
-8.00266962544993;0.287905229721218;-2.30401043689818;
-8.00299625750631;0.287905229721218;-2.30410447597541;
-8.00201636133716;0.287905229721218;-2.30382235874372;
-8.00299625750631;0.287578597664833;-2.30149044085057;
-8.00234299339354;0.287578597664833;-2.30130257607312;
-8.00201636133716;0.287578597664833;-2.30120864368439;
-8.00234299339354;0.287905229721218;-2.30391639782095;
-8.00266962544993;0.288231861777604;-2.30662436533451;
-8.00299625750631;0.288558493833989;-2.30933254622507;
-8.00234299339354;0.287578597664833;-2.30130257607312;
-8.00234299339354;0.287905229721218;-2.30391639782095;
-8.00234299339354;0.288558493833989;-2.30914404131661;
-8.00299625750631;0.287578597664833;-2.30149044085057;
-8.00299625750631;0.287905229721218;-2.30410447597541;
-8.00266962544993;0.288231861777604;-2.30662436533451;
-8.00266962544993;0.287251965608448;-2.29878258002551;
-8.00299625750631;0.288558493833989;-2.30933254622507;
-8.00299625750631;0.287905229721218;-2.30410447597541;
-8.00266962544993;0.287905229721218;-2.30401043689818;
-8.00266962544993;0.287905229721218;-2.30401043689818;
7.99968808097765;0.309136313386261;2.47299408159345;
7.99936144892126;0.308483049273491;2.46766741200404;
8.00034134509042;0.308809681329876;2.47058286130761;
7.99838155275211;0.308809681329876;2.46997765846014;
7.99968808097765;0.309789577499032;2.47821999073011;
7.99903481686488;0.308809681329876;2.47017939274263;
7.99903481686488;0.308809681329876;2.47017939274263;
7.99903481686488;0.308483049273491;2.4675666515513;
7.99968808097765;0.309136313386261;2.47299408159345;
7.99903481686488;0.308483049273491;2.4675666515513;
7.99903481686488;0.308809681329876;2.47017939274263;
7.99870818480849;0.308809681329876;2.47007852560138;
7.99936144892126;0.30782978516072;2.46244171624438;
8.00001471303403;0.30782978516072;2.46264281039587;
8.00001471303403;0.309462945442647;2.47570811668002;
8.00001471303403;0.309136313386261;2.47309505542319;
7.99968808097765;0.309136313386261;2.47299408159345;
8.00001471303403;0.308809681329876;2.47048199416636;
7.99968808097765;0.308809681329876;2.47038112702512;
7.99936144892126;0.309136313386261;2.4728931077637;
7.99968808097765;0.309136313386261;2.47299408159345;
7.99968808097765;0.309136313386261;2.47299408159345;
7.99936144892126;0.308483049273491;2.46766741200404;
7.99903481686488;0.308809681329876;2.47017939274263;
7.99968808097765;0.309789577499032;2.47821999073011;
7.99936144892126;0.309462945442647;2.47550595564353;
7.99936144892126;0.309136313386261;2.4728931077637;
7.99968808097765;0.308809681329876;2.47038112702512;
7.99936144892126;0.309462945442647;2.47550595564353;
8.0006679771468;0.309136313386261;2.47329700308268;
7.99936144892126;0.309462945442647;2.47550595564353;
7.99903481686488;0.309136313386261;2.47279213393396;
7.99968808097765;0.308156417217106;2.46515521788846;
7.99968808097765;0.309136313386261;2.47299408159345;
;;;0.0209485019362523
7.99936144892126;0.308483049273491;2.46766741200404;
7.99903481686488;0.309136313386261;2.47279213393396;
8.00034134509042;0.309136313386261;2.47319602925294;
7.99936144892126;0.309136313386261;2.4728931077637;
8.00001471303403;0.309136313386261;2.47309505542319;
8.00001471303403;0.308809681329876;2.47048199416636;
7.99936144892126;0.308809681329876;2.47028025988387;
7.99936144892126;0.309136313386261;2.4728931077637;
7.99903481686488;0.308809681329876;2.47017939274263;
7.99903481686488;0.308809681329876;2.47017939274263;
7.99936144892126;0.308483049273491;2.46766741200404;
7.99936144892126;0.308483049273491;2.46766741200404;
7.99968808097765;0.309136313386261;2.47299408159345;
7.99903481686488;0.309136313386261;2.47279213393396;
8.00001471303403;0.309136313386261;2.47309505542319;
7.99936144892126;0.308809681329876;2.47028025988387;
-8.0033228895627;0.288885125890374;-2.31204094049263;
-8.00201636133716;0.287578597664833;-2.30120864368439;
-8.00234299339354;0.287905229721218;-2.30391639782095;
-8.00201636133716;0.287905229721218;-2.30382235874372;
-8.00266962544993;0.287905229721218;-2.30401043689818;
-8.00201636133716;0.288231861777604;-2.30643607380305;
-8.00266962544993;0.287578597664833;-2.30139650846184;
-8.0033228895627;0.287251965608448;-2.29897023142597;
-8.0033228895627;0.287905229721218;-2.30419851505263;
-8.00266962544993;0.287578597664833;-2.30139650846184;
-8.0033228895627;0.287905229721218;-2.30419851505263;
-8.0033228895627;0.288231861777604;-2.30681265686597;
-8.00234299339354;0.287905229721218;-2.30391639782095;
-8.00266962544993;0.287578597664833;-2.30139650846184;
-8.00299625750631;0.287905229721218;-2.30410447597541;
-8.00266962544993;0.287905229721218;-2.30401043689818;
-8.00234299339354;0.287578597664833;-2.30130257607312;
-8.00266962544993;0.287905229721218;-2.30401043689818;
-8.00266962544993;0.287578597664833;-2.30139650846184;
-8.00234299339354;0.286925333552063;-2.29607493257745;
-8.00266962544993;0.287578597664833;-2.30139650846184;
-8.0033228895627;0.287578597664833;-2.3015843732393;
-8.00299625750631;0.287578597664833;-2.30149044085057;
-8.00266962544993;0.287905229721218;-2.30401043689818;
-8.00266962544993;0.288231861777604;-2.30662436533451;
-8.00266962544993;0.287578597664833;-2.30139650846184;
-8.00266962544993;0.287905229721218;-2.30401043689818;
-8.00266962544993;0.287578597664833;-2.30139650846184;
-8.00266962544993;0.288231861777604;-2.30662436533451;
-8.00266962544993;0.287905229721218;-2.30401043689818;
-8.00266962544993;0.287578597664833;-2.30139650846184;
-8.00234299339354;0.287578597664833;-2.30130257607312;
-8.00299625750631;0.287578597664833;-2.30149044085057;
-8.00299625750631;0.288558493833989;-2.30933254622507;
-8.00266962544993;0.287905229721218;-2.30401043689818;
-8.00168972928077;0.287905229721218;-2.30372831966649;
-8.00266962544993;0.287578597664833;-2.30139650846184;
-8.00299625750631;0.288231861777604;-2.30671851110024;
-8.00234299339354;0.287578597664833;-2.30130257607312;
-8.00266962544993;0.287905229721218;-2.30401043689818;
-8.00299625750631;0.288231861777604;-2.30671851110024;
-8.00266962544993;0.287578597664833;-2.30139650846184;
-8.00266962544993;0.288231861777604;-2.30662436533451;
-8.00299625750631;0.288231861777604;-2.30671851110024;
-8.00299625750631;0.287905229721218;-2.30410447597541;
-8.00364952161908;0.288231861777604;-2.30690680263169;
-8.00266962544993;0.287578597664833;-2.30139650846184;
-8.00201636133716;0.287578597664833;-2.30120864368439;
-8.00266962544993;0.287578597664833;-2.30139650846184;
-8.00234299339354;0.288231861777604;-2.30653021956878;
7.99903481686488;0.30782978516072;2.46234116916864;
7.99870818480849;0.308809681329876;2.47007852560138;
7.99870818480849;0.308809681329876;2.47007852560138;
7.99968808097765;0.308483049273491;2.46776817245679;
7.99936144892126;0.309136313386261;2.4728931077637;
8.00001471303403;0.308156417217106;2.4652558716527;
7.99903481686488;0.308483049273491;2.4675666515513;
7.99968808097765;0.308483049273491;2.46776817245679;
7.99936144892126;0.309136313386261;2.4728931077637;
7.99870818480849;0.308483049273491;2.46746589109855;
7.99968808097765;0.308809681329876;2.47038112702512;
7.99936144892126;0.308483049273491;2.46766741200404;
7.99936144892126;0.309462945442647;2.47550595564353;
7.99936144892126;0.309136313386261;2.4728931077637;
7.99968808097765;0.308809681329876;2.47038112702512;
7.99903481686488;0.308483049273491;2.4675666515513;
7.99903481686488;0.309462945442647;2.47540487512529;
8.00034134509042;0.308809681329876;2.47058286130761;
7.99936144892126;0.308483049273491;2.46766741200404;
7.99936144892126;0.308809681329876;2.47028025988387;
8.00001471303403;0.308809681329876;2.47048199416636;
7.99936144892126;0.308483049273491;2.46766741200404;
7.99903481686488;0.308483049273491;2.4675666515513;
7.99903481686488;0.309136313386261;2.47279213393396;
8.0006679771468;0.308809681329876;2.47068372844885;
7.99936144892126;0.308483049273491;2.46766741200404;
8.00034134509042;0.308809681329876;2.47058286130761;
7.99936144892126;0.308809681329876;2.47028025988387;
8.00001471303403;0.309136313386261;2.47309505542319;
8.00001471303403;0.309136313386261;2.47309505542319;
7.99903481686488;0.309136313386261;2.47279213393396;
7.99968808097765;0.308809681329876;2.47038112702512;
7.99968808097765;0.309136313386261;2.47299408159345;
7.99936144892126;0.308809681329876;2.47028025988387;
;;;0.0208652500882293
7.99936144892126;0.308483049273491;2.46766741200404;
8.00001471303403;0.308483049273491;2.46786893290953;
7.99968808097765;0.308809681329876;2.47038112702512;
7.99968808097765;0.309136313386261;2.47299408159345;
8.00001471303403;0.308483049273491;2.46786893290953;
7.99936144892126;0.308483049273491;2.46766741200404;
7.99968808097765;0.308809681329876;2.47038112702512;
8.00034134509042;0.308809681329876;2.47058286130761;
7.99936144892126;0.309136313386261;2.4728931077637;
7.99968808097765;0.309136313386261;2.47299408159345;
7.99968808097765;0.308483049273491;2.46776817245679;
7.99936144892126;0.308809681329876;2.47028025988387;
7.99936144892126;0.309462945442647;2.47550595564353;
7.99903481686488;0.308809681329876;2.47017939274263;
8.00001471303403;0.308483049273491;2.46786893290953;
7.99936144892126;0.308483049273491;2.46766741200404;
-8.00168972928077;0.289211757946759;-2.31418275314982;
-8.00266962544993;0.286598701495677;-2.29355472315285;
-8.00266962544993;0.287905229721218;-2.30401043689818;
-8.00201636133716;0.287578597664833;-2.30120864368439;
-8.00266962544993;0.287578597664833;-2.30139650846184;
-8.00266962544993;0.288558493833989;-2.30923829377084;
-8.00266962544993;0.287905229721218;-2.30401043689818;
-8.00364952161908;0.287251965608448;-2.29906405712619;
-8.0033228895627;0.287905229721218;-2.30419851505263;
-8.0033228895627;0.287578597664833;-2.3015843732393;
-8.00266962544993;0.287905229721218;-2.30401043689818;
-8.00266962544993;0.287578597664833;-2.30139650846184;
-8.0033228895627;0.288231861777604;-2.30681265686597;
-8.00234299339354;0.287578597664833;-2.30130257607312;
-8.00234299339354;0.287578597664833;-2.30130257607312;
-8.00299625750631;0.287578597664833;-2.30149044085057;
-8.00299625750631;0.287905229721218;-2.30410447597541;
-8.00299625750631;0.287578597664833;-2.30149044085057;
-8.00266962544993;0.287578597664833;-2.30139650846184;
-8.00266962544993;0.287578597664833;-2.30139650846184;
-8.00234299339354;0.287905229721218;-2.30391639782095;
-8.00266962544993;0.288558493833989;-2.30923829377084;
-8.00168972928077;0.287578597664833;-2.30111471129566;
-8.00234299339354;0.287578597664833;-2.30130257607312;
-8.0033228895627;0.287578597664833;-2.3015843732393;
-8.00266962544993;0.286925333552063;-2.29616865158918;
-8.00299625750631;0.287905229721218;-2.30410447597541;
-8.00266962544993;0.288231861777604;-2.30662436533451;
-8.00266962544993;0.287905229721218;-2.30401043689818;
-8.00266962544993;0.287578597664833;-2.30139650846184;
-8.00266962544993;0.287251965608448;-2.29878258002551;
-8.00299625750631;0.287578597664833;-2.30149044085057;
-8.00299625750631;0.287905229721218;-2.30410447597541;
-8.0033228895627;0.287905229721218;-2.30419851505263;
-8.00266962544993;0.287251965608448;-2.29878258002551;
-8.00299625750631;0.287905229721218;-2.30410447597541;
-8.0033228895627;0.287905229721218;-2.30419851505263;
-8.00136309722438;0.288231861777604;-2.3062477822716;
-8.0033228895627;0.288231861777604;-2.30681265686597;
-8.00266962544993;0.287905229721218;-2.30401043689818;
-8.00201636133716;0.288558493833989;-2.30904978886239;
-8.0033228895627;0.287578597664833;-2.3015843732393;
-8.00266962544993;0.287905229721218;-2.30401043689818;
-8.00299625750631;0.287905229721218;-2.30410447597541;
-8.00266962544993;0.288231861777604;-2.30662436533451;
-8.00266962544993;0.287905229721218;-2.30401043689818;
-8.00266962544993;0.287905229721218;-2.30401043689818;
-8.00299625750631;0.287578597664833;-2.30149044085057;
-8.00266962544993;0.287905229721218;-2.30401043689818;
-8.00201636133716;0.287905229721218;-2.30382235874372;
7.99903481686488;0.308809681329876;2.47017939274263;
7.99936144892126;0.309136313386261;2.4728931077637;
7.99936144892126;0.308809681329876;2.47028025988387;
7.99968808097765;0.309789577499032;2.47821999073011;
7.99968808097765;0.309136313386261;2.47299408159345;
7.99936144892126;0.308809681329876;2.47028025988387;
8.00034134509042;0.309136313386261;2.47319602925294;
7.99903481686488;0.308809681329876;2.47017939274263;
7.99903481686488;0.309462945442647;2.47540487512529;
7.99968808097765;0.309136313386261;2.47299408159345;
7.99936144892126;0.308809681329876;2.47028025988387;
7.99936144892126;0.308809681329876;2.47028025988387;
8.00034134509042;0.309462945442647;2.47580919719827;
7.99968808097765;0.309462945442647;2.47560703616178;
8.00034134509042;0.309462945442647;2.47580919719827;
8.00001471303403;0.309789577499032;2.47832117793685;
7.99968808097765;0.309462945442647;2.47560703616178;
8.0006679771468;0.309462945442647;2.47591027771651;
8.00001471303403;0.309462945442647;2.47570811668002;
7.99936144892126;0.309462945442647;2.47550595564353;
7.99968808097765;0.308809681329876;2.47038112702512;
7.99968808097765;0.309136313386261;2.47299408159345;
8.00001471303403;0.309136313386261;2.47309505542319;
7.99968808097765;0.308483049273491;2.46776817245679;
7.99936144892126;0.309789577499032;2.47811880352336;
8.00001471303403;0.309136313386261;2.47309505542319;
7.99968808097765;0.308483049273491;2.46776817245679;
8.00034134509042;0.309462945442647;2.47580919719827;
7.99936144892126;0.309462945442647;2.47550595564353;
7.99870818480849;0.309789577499032;2.47791642910987;
7.99936144892126;0.309462945442647;2.47550595564353;
7.99936144892126;0.309462945442647;2.47550595564353;
7.99870818480849;0.309789577499032;2.47791642910987;
7.99936144892126;0.309136313386261;2.4728931077637;
;;;0.0211706000377729
7.99968808097765;0.309789577499032;2.47821999073011;
7.99936144892126;0.309462945442647;2.47550595564353;
7.99936144892126;0.309136313386261;2.4728931077637;
8.00001471303403;0.308809681329876;2.47048199416636;
7.99936144892126;0.309136313386261;2.4728931077637;
8.00034134509042;0.309789577499032;2.4784223651436;
7.99936144892126;0.309136313386261;2.4728931077637;
8.00001471303403;0.309462945442647;2.47570811668002;
7.99968808097765;0.308809681329876;2.47038112702512;
7.99936144892126;0.309462945442647;2.47550595564353;
7.99968808097765;0.309789577499032;2.47821999073011;
8.00034134509042;0.308809681329876;2.47058286130761;
7.99968808097765;0.309136313386261;2.47299408159345;
8.00034134509042;0.309462945442647;2.47580919719827;
8.00034134509042;0.309136313386261;2.47319602925294;
7.99903481686488;0.309789577499032;2.47801761631662;
-8.00234299339354;0.289211757946759;-2.31437168481228;
-8.00234299339354;0.288231861777604;-2.30653021956878;
-8.0033228895627;0.287578597664833;-2.3015843732393;
-8.00299625750631;0.287578597664833;-2.30149044085057;
-8.00266962544993;0.288231861777604;-2.30662436533451;
-8.00201636133716;0.287578597664833;-2.30120864368439;
-8.0033228895627;0.287578597664833;-2.3015843732393;
-8.00234299339354;0.287578597664833;-2.30130257607312;
-8.00168972928077;0.287578597664833;-2.30111471129566;
-8.00201636133716;0.287578597664833;-2.30120864368439;
-8.0033228895627;0.287905229721218;-2.30419851505263;
-8.00234299339354;0.286925333552063;-2.29607493257745;
-8.00299625750631;0.287251965608448;-2.29887640572574;
-8.00299625750631;0.287578597664833;-2.30149044085057;
-8.00266962544993;0.287578597664833;-2.30139650846184;
-8.00266962544993;0.287251965608448;-2.29878258002551;
-8.0033228895627;0.287578597664833;-2.3015843732393;
-8.00266962544993;0.287905229721218;-2.30401043689818;
-8.00234299339354;0.286925333552063;-2.29607493257745;
-8.00266962544993;0.287578597664833;-2.30139650846184;
-8.00266962544993;0.287905229721218;-2.30401043689818;
-8.0033228895627;0.287578597664833;-2.3015843732393;
-8.00299625750631;0.286925333552063;-2.29626237060091;
-8.00266962544993;0.287905229721218;-2.30401043689818;
-8.00234299339354;0.288885125890374;-2.31175786306445;
-8.00266962544993;0.288558493833989;-2.30923829377084;
-8.00266962544993;0.287905229721218;-2.30401043689818;
-8.00266962544993;0.288231861777604;-2.30662436533451;
-8.00201636133716;0.287905229721218;-2.30382235874372;
-8.00299625750631;0.287251965608448;-2.29887640572574;
-8.00234299339354;0.287578597664833;-2.30130257607312;
-8.0033228895627;0.288231861777604;-2.30681265686597;
-8.00266962544993;0.287578597664833;-2.30139650846184;
-8.00299625750631;0.287905229721218;-2.30410447597541;
-8.00168972928077;0.287905229721218;-2.30372831966649;
-8.00234299339354;0.288231861777604;-2.30653021956878;
-8.00234299339354;0.287251965608448;-2.29868875432528;
-8.00266962544993;0.287905229721218;-2.30401043689818;
-8.0033228895627;0.287905229721218;-2.30419851505263;
-8.00299625750631;0.287905229721218;-2.30410447597541;
-8.00266962544993;0.287905229721218;-2.30401043689818;
-8.00234299339354;0.288558493833989;-2.30914404131661;
-8.00266962544993;0.287578597664833;-2.30139650846184;
-8.00234299339354;0.286925333552063;-2.29607493257745;
-8.0033228895627;0.287905229721218;-2.30419851505263;
-8.00299625750631;0.287905229721218;-2.30410447597541;
-8.0033228895627;0.288558493833989;-2.3094267986793;
-8.00299625750631;0.288231861777604;-2.30671851110024;
-8.00299625750631;0.287578597664833;-2.30149044085057;
-8.00234299339354;0.287905229721218;-2.30391639782095;
7.99968808097765;0.308156417217106;2.46515521788846;
8.00001471303403;0.309462945442647;2.47570811668002;
8.00001471303403;0.309136313386261;2.47309505542319;
8.00001471303403;0.309462945442647;2.47570811668002;
7.99968808097765;0.309136313386261;2.47299408159345;
7.99903481686488;0.310116209555417;2.48063035750795;
7.99936144892126;0.309462945442647;2.47550595564353;
7.99968808097765;0.308483049273491;2.46776817245679;
7.99968808097765;0.309462945442647;2.47560703616178;
7.99968808097765;0.309462945442647;2.47560703616178;
7.99968808097765;0.309136313386261;2.47299408159345;
7.99968808097765;0.310116209555417;2.48083294529844;
7.99870818480849;0.309462945442647;2.47530379460704;
7.99903481686488;0.309136313386261;2.47279213393396;
8.00001471303403;0.308809681329876;2.47048199416636;
7.99838155275211;0.309462945442647;2.4752027140888;
8.00099460920319;0.309136313386261;2.47339797691243;
8.00001471303403;0.309462945442647;2.47570811668002;
7.99936144892126;0.309789577499032;2.47811880352336;
8.00001471303403;0.308809681329876;2.47048199416636;
7.99903481686488;0.309789577499032;2.47801761631662;
7.99936144892126;0.309136313386261;2.4728931077637;
8.00001471303403;0.309136313386261;2.47309505542319;
7.99968808097765;0.309136313386261;2.47299408159345;
7.99936144892126;0.309462945442647;2.47550595564353;
8.00001471303403;0.309136313386261;2.47309505542319;
8.00001471303403;0.309136313386261;2.47309505542319;
8.00001471303403;0.309136313386261;2.47309505542319;
7.99870818480849;0.309136313386261;2.47269116010421;
7.99936144892126;0.308809681329876;2.47028025988387;
7.99936144892126;0.309136313386261;2.4728931077637;
8.00034134509042;0.309462945442647;2.47580919719827;
7.99903481686488;0.308809681329876;2.47017939274263;
8.0006679771468;0.309789577499032;2.47852355235034;
;;;0.0213763123862987
8.00001471303403;0.309789577499032;2.47832117793685;
8.00001471303403;0.308483049273491;2.46786893290953;
7.99903481686488;0.309462945442647;2.47540487512529;
7.99936144892126;0.309789577499032;2.47811880352336;
8.00001471303403;0.309462945442647;2.47570811668002;
8.00001471303403;0.309136313386261;2.47309505542319;
8.00001471303403;0.309789577499032;2.47832117793685;
8.00001471303403;0.309136313386261;2.47309505542319;
8.00001471303403;0.309136313386261;2.47309505542319;
7.99936144892126;0.308809681329876;2.47028025988387;
8.00001471303403;0.309136313386261;2.47309505542319;
8.00001471303403;0.309136313386261;2.47309505542319;
7.99903481686488;0.309789577499032;2.47801761631662;
7.99968808097765;0.309462945442647;2.47560703616178;
8.00001471303403;0.308483049273491;2.46786893290953;
8.00001471303403;0.309136313386261;2.47309505542319;
-8.00234299339354;0.288885125890374;-2.31175786306445;
-8.00266962544993;0.288885125890374;-2.31185222220718;
-8.00299625750631;0.288231861777604;-2.30671851110024;
-8.00234299339354;0.288231861777604;-2.30653021956878;
-8.0033228895627;0.287251965608448;-2.29897023142597;
-8.00201636133716;0.287251965608448;-2.29859492862506;
-8.00397615367547;0.287905229721218;-2.30438659320709;
-8.00266962544993;0.286925333552063;-2.29616865158918;
-8.00266962544993;0.287905229721218;-2.30401043689818;
-8.00266962544993;0.287578597664833;-2.30139650846184;
-8.00299625750631;0.287905229721218;-2.30410447597541;
-8.0033228895627;0.287251965608448;-2.29897023142597;
-8.00299625750631;0.287905229721218;-2.30410447597541;
-8.00266962544993;0.288231861777604;-2.30662436533451;
-8.00299625750631;0.287578597664833;-2.30149044085057;
-8.00299625750631;0.287578597664833;-2.30149044085057;
-8.00299625750631;0.287578597664833;-2.30149044085057;
-8.0033228895627;0.287905229721218;-2.30419851505263;
-8.00299625750631;0.287578597664833;-2.30149044085057;
-8.0033228895627;0.287905229721218;-2.30419851505263;
-8.0033228895627;0.287905229721218;-2.30419851505263;
-8.00299625750631;0.287905229721218;-2.30410447597541;
-8.00299625750631;0.287905229721218;-2.30410447597541;
-8.0033228895627;0.287905229721218;-2.30419851505263;
-8.00266962544993;0.287251965608448;-2.29878258002551;
-8.00266962544993;0.288231861777604;-2.30662436533451;
-8.00266962544993;0.287905229721218;-2.30401043689818;
-8.00234299339354;0.287905229721218;-2.30391639782095;
-8.00299625750631;0.287578597664833;-2.30149044085057;
-8.00201636133716;0.287578597664833;-2.30120864368439;
-8.00234299339354;0.288231861777604;-2.30653021956878;
-8.00299625750631;0.287905229721218;-2.30410447597541;
-8.00266962544993;0.287578597664833;-2.30139650846184;
-8.00299625750631;0.287905229721218;-2.30410447597541;
-8.00299625750631;0.287905229721218;-2.30410447597541;
-8.00234299339354;0.287251965608448;-2.29868875432528;
-8.00234299339354;0.287905229721218;-2.30391639782095;
-8.00299625750631;0.287905229721218;-2.30410447597541;
-8.00234299339354;0.286925333552063;-2.29607493257745;
-8.0033228895627;0.288231861777604;-2.30681265686597;
-8.0033228895627;0.287905229721218;-2.30419851505263;
-8.00299625750631;0.288885125890374;-2.3119465813499;
-8.00266962544993;0.287251965608448;-2.29878258002551;
-8.00299625750631;0.287905229721218;-2.30410447597541;
-8.00299625750631;0.288558493833989;-2.30933254622507;
-8.00234299339354;0.287905229721218;-2.30391639782095;
-8.00266962544993;0.287905229721218;-2.30401043689818;
-8.00266962544993;0.287578597664833;-2.30139650846184;
-8.00234299339354;0.287251965608448;-2.29868875432528;
-8.00299625750631;0.287905229721218;-2.30410447597541;
8.00001471303403;0.308483049273491;2.46786893290953;
8.00034134509042;0.309136313386261;2.47319602925294;
8.00034134509042;0.308809681329876;2.47058286130761;
7.99968808097765;0.308809681329876;2.47038112702512;
7.99968808097765;0.309136313386261;2.47299408159345;
7.99968808097765;0.309789577499032;2.47821999073011;
7.99936144892126;0.309462945442647;2.47550595564353;
7.99968808097765;0.309136313386261;2.47299408159345;
7.99968808097765;0.308809681329876;2.47038112702512;
8.00034134509042;0.308809681329876;2.47058286130761;
7.99968808097765;0.309462945442647;2.47560703616178;
8.00001471303403;0.308809681329876;2.47048199416636;
7.99968808097765;0.309789577499032;2.47821999073011;
7.99968808097765;0.309789577499032;2.47821999073011;
7.99903481686488;0.309462945442647;2.47540487512529;
8.00001471303403;0.309462945442647;2.47570811668002;
7.99968808097765;0.308483049273491;2.46776817245679;
7.99968808097765;0.309462945442647;2.47560703616178;
7.99936144892126;0.309462945442647;2.47550595564353;
7.99903481686488;0.309789577499032;2.47801761631662;
7.99936144892126;0.309462945442647;2.47550595564353;
7.99903481686488;0.309789577499032;2.47801761631662;
8.00034134509042;0.308156417217106;2.46535652541694;
7.99936144892126;0.309462945442647;2.47550595564353;
7.99903481686488;0.308483049273491;2.4675666515513;
7.99936144892126;0.309136313386261;2.4728931077637;
7.99968808097765;0.308809681329876;2.47038112702512;
7.99903481686488;0.309136313386261;2.47279213393396;
7.99936144892126;0.309136313386261;2.4728931077637;
7.99968808097765;0.309136313386261;2.47299408159345;
7.99968808097765;0.309462945442647;2.47560703616178;
7.99936144892126;0.309789577499032;2.47811880352336;
7.99903481686488;0.309136313386261;2.47279213393396;
7.99936144892126;0.309462945442647;2.47550595564353;
;;;0.0212793982143227
7.99936144892126;0.308809681329876;2.47028025988387;
8.0006679771468;0.309136313386261;2.47329700308268;
8.00001471303403;0.308483049273491;2.46786893290953;
8.00001471303403;0.309462945442647;2.47570811668002;
7.99870818480849;0.309136313386261;2.47269116010421;
7.99936144892126;0.309462945442647;2.47550595564353;
8.00001471303403;0.309136313386261;2.47309505542319;
7.99968808097765;0.309136313386261;2.47299408159345;
8.00001471303403;0.310116209555417;2.48093423919368;
7.99936144892126;0.309462945442647;2.47550595564353;
7.99968808097765;0.308809681329876;2.47038112702512;
7.99936144892126;0.310116209555417;2.48073165140319;
7.99968808097765;0.309462945442647;2.47560703616178;
7.99968808097765;0.309789577499032;2.47821999073011;
8.00001471303403;0.308809681329876;2.47048199416636;
7.99936144892126;0.309136313386261;2.4728931077637;
-8.00299625750631;0.289211757946759;-2.31456061647474;
-8.00299625750631;0.287578597664833;-2.30149044085057;
-8.0033228895627;0.287578597664833;-2.3015843732393;
-8.0033228895627;0.287578597664833;-2.3015843732393;
-8.00234299339354;0.287905229721218;-2.30391639782095;
-8.00234299339354;0.287905229721218;-2.30391639782095;
-8.00299625750631;0.287578597664833;-2.30149044085057;
-8.00201636133716;0.287578597664833;-2.30120864368439;
-8.0033228895627;0.288231861777604;-2.30681265686597;
-8.00364952161908;0.287578597664833;-2.30167830562803;
-8.00201636133716;0.287578597664833;-2.30120864368439;
-8.00299625750631;0.287905229721218;-2.30410447597541;
-8.00201636133716;0.288231861777604;-2.30643607380305;
-8.00299625750631;0.287905229721218;-2.30410447597541;
-8.00299625750631;0.288231861777604;-2.30671851110024;
-8.00266962544993;0.287905229721218;-2.30401043689818;
-8.00266962544993;0.287578597664833;-2.30139650846184;
-8.00364952161908;0.287905229721218;-2.30429255412986;
-8.00266962544993;0.287578597664833;-2.30139650846184;
-8.00299625750631;0.288558493833989;-2.30933254622507;
-8.00299625750631;0.287905229721218;-2.30410447597541;
-8.00234299339354;0.287578597664833;-2.30130257607312;
-8.0033228895627;0.288231861777604;-2.30681265686597;
-8.00201636133716;0.286925333552063;-2.29598121356572;
-8.00266962544993;0.287578597664833;-2.30139650846184;
-8.00234299339354;0.288231861777604;-2.30653021956878;
-8.0033228895627;0.288558493833989;-2.3094267986793;
-8.00234299339354;0.287578597664833;-2.30130257607312;
-8.00397615367547;0.287251965608448;-2.29915788282642;
-8.0033228895627;0.287905229721218;-2.30419851505263;
-8.00266962544993;0.286925333552063;-2.29616865158918;
-8.00299625750631;0.287905229721218;-2.30410447597541;
-8.0033228895627;0.287905229721218;-2.30419851505263;
-8.00299625750631;0.287578597664833;-2.30149044085057;
-8.00299625750631;0.288231861777604;-2.30671851110024;
-8.00234299339354;0.287578597664833;-2.30130257607312;
-8.0033228895627;0.287905229721218;-2.30419851505263;
-8.00299625750631;0.288231861777604;-2.30671851110024;
-8.00266962544993;0.288558493833989;-2.30923829377084;
-8.00266962544993;0.288558493833989;-2.30923829377084;
-8.00266962544993;0.288231861777604;-2.30662436533451;
-8.0033228895627;0.287578597664833;-2.3015843732393;
-8.00266962544993;0.288231861777604;-2.30662436533451;
-8.0033228895627;0.287905229721218;-2.30419851505263;
-8.00234299339354;0.288231861777604;-2.30653021956878;
-8.00234299339354;0.287578597664833;-2.30130257607312;
-8.0033228895627;0.288231861777604;-2.30681265686597;
-8.00234299339354;0.287251965608448;-2.29868875432528;
-8.00266962544993;0.287578597664833;-2.30139650846184;
-8.0033228895627;0.288231861777604;-2.30681265686597;
7.99936144892126;0.310116209555417;2.48073165140319;
8.00001471303403;0.311749369837344;2.49399954547784;
8.00001471303403;0.312076001893729;2.49661260673467;
8.00001471303403;0.310769473668188;2.48616036170735;
7.99968808097765;0.312076001893729;2.49651067270842;
7.99903481686488;0.312402633950114;2.49891954584726;
7.99870818480849;0.311422737780958;2.49097960162402;
7.99870818480849;0.311749369837344;2.49359223612685;
7.99870818480849;0.312402633950114;2.49881750513251;
7.99936144892126;0.312076001893729;2.49640873868217;
7.99936144892126;0.3127292660065;2.50163443444184;
7.99968808097765;0.313055898062885;2.50434953641341;
7.99968808097765;0.3127292660065;2.50173658184508;
7.99936144892126;0.3127292660065;2.50163443444184;
7.99968808097765;0.3127292660065;2.50173658184508;
7.99903481686488;0.3127292660065;2.50153228703859;
7.99968808097765;0.3127292660065;2.50173658184508;
7.99870818480849;0.312402633950114;2.49881750513251;
7.99936144892126;0.312402633950114;2.49902158656201;
8.00034134509042;0.313709162175655;2.50978038048757;
7.99936144892126;0.313055898062885;2.50424728232167;
8.00001471303403;0.313055898062885;2.50445179050516;
7.99968808097765;0.313055898062885;2.50434953641341;
7.99936144892126;0.313055898062885;2.50424728232167;
8.00034134509042;0.3127292660065;2.50194087665158;
7.99903481686488;0.3127292660065;2.50153228703859;
7.99968808097765;0.31338253011927;2.50696249098174;
7.99870818480849;0.312402633950114;2.49881750513251;
7.99903481686488;0.312402633950114;2.49891954584726;
7.99903481686488;0.312402633950114;2.49891954584726;
8.00001471303403;0.3127292660065;2.50183872924833;
8.00001471303403;0.3127292660065;2.50183872924833;
7.99968808097765;0.3127292660065;2.50173658184508;
7.99936144892126;0.313055898062885;2.50424728232167;
;;;0.0234488723220988
8.00034134509042;0.3127292660065;2.50194087665158;
7.99936144892126;0.312402633950114;2.49902158656201;
7.99936144892126;0.312402633950114;2.49902158656201;
7.99936144892126;0.312076001893729;2.49640873868217;
8.00001471303403;0.312402633950114;2.4992256679915;
8.00034134509042;0.312076001893729;2.49671454076092;
7.99968808097765;0.31338253011927;2.50696249098174;
7.99936144892126;0.312402633950114;2.49902158656201;
7.99936144892126;0.312076001893729;2.49640873868217;
7.99936144892126;0.312076001893729;2.49640873868217;
7.99936144892126;0.312402633950114;2.49902158656201;
7.99936144892126;0.311749369837344;2.49379589080234;
8.00001471303403;0.313055898062885;2.50445179050516;
7.99968808097765;0.312402633950114;2.49912362727675;
7.99870818480849;0.312402633950114;2.49881750513251;
7.99968808097765;0.3127292660065;2.50173658184508;
-8.00299625750631;0.289538390003145;-2.31717465159957;
-8.0033228895627;0.288231861777604;-2.30681265686597;
-8.00299625750631;0.288558493833989;-2.30933254622507;
-8.00299625750631;0.287578597664833;-2.30149044085057;
-8.0033228895627;0.287905229721218;-2.30419851505263;
-8.00234299339354;0.288558493833989;-2.30914404131661;
-8.00234299339354;0.287578597664833;-2.30130257607312;
-8.00234299339354;0.288231861777604;-2.30653021956878;
-8.00266962544993;0.287905229721218;-2.30401043689818;
-8.0033228895627;0.287251965608448;-2.29897023142597;
-8.00266962544993;0.287905229721218;-2.30401043689818;
-8.00266962544993;0.287578597664833;-2.30139650846184;
-8.00266962544993;0.287578597664833;-2.30139650846184;
-8.00266962544993;0.287578597664833;-2.30139650846184;
-8.00234299339354;0.287578597664833;-2.30130257607312;
-8.00266962544993;0.287578597664833;-2.30139650846184;
-8.00234299339354;0.287251965608448;-2.29868875432528;
-8.00201636133716;0.288885125890374;-2.31166350392172;
-8.00234299339354;0.287905229721218;-2.30391639782095;
-8.00299625750631;0.288231861777604;-2.30671851110024;
-8.00299625750631;0.287578597664833;-2.30149044085057;
-8.00364952161908;0.287905229721218;-2.30429255412986;
-8.00266962544993;0.287251965608448;-2.29878258002551;
-8.00234299339354;0.287251965608448;-2.29868875432528;
-8.00266962544993;0.287905229721218;-2.30401043689818;
-8.00201636133716;0.287578597664833;-2.30120864368439;
-8.00299625750631;0.287905229721218;-2.30410447597541;
-8.00266962544993;0.287905229721218;-2.30401043689818;
-8.00201636133716;0.287905229721218;-2.30382235874372;
-8.00234299339354;0.288231861777604;-2.30653021956878;
-8.00266962544993;0.287578597664833;-2.30139650846184;
-8.00299625750631;0.288231861777604;-2.30671851110024;
-8.00299625750631;0.288231861777604;-2.30671851110024;
-8.00234299339354;0.287578597664833;-2.30130257607312;
-8.00266962544993;0.287251965608448;-2.29878258002551;
-8.00234299339354;0.287578597664833;-2.30130257607312;
-8.00266962544993;0.287905229721218;-2.30401043689818;
-8.00364952161908;0.288231861777604;-2.30690680263169;
-8.00234299339354;0.288231861777604;-2.30653021956878;
-8.00234299339354;0.287905229721218;-2.30391639782095;
-8.00266962544993;0.287251965608448;-2.29878258002551;
-8.00364952161908;0.287578597664833;-2.30167830562803;
-8.00234299339354;0.286925333552063;-2.29607493257745;
-8.00299625750631;0.287251965608448;-2.29887640572574;
-8.00299625750631;0.287578597664833;-2.30149044085057;
-8.00201636133716;0.286925333552063;-2.29598121356572;
-8.00397615367547;0.287251965608448;-2.29915788282642;
-8.00299625750631;0.287251965608448;-2.29887640572574;
-8.00299625750631;0.287251965608448;-2.29887640572574;
-8.00234299339354;0.287578597664833;-2.30130257607312;
7.99936144892126;0.30717652104795;2.45721602048472;
7.99870818480849;0.307503153104335;2.45962798759006;
7.99936144892126;0.306849888991565;2.45460317260489;
8.00001471303403;0.305869992822409;2.44696444285488;
8.0006679771468;0.305216728709638;2.44193770747671;
7.99936144892126;0.304563464596868;2.43631323744608;
7.99838155275211;0.304890096653253;2.43862732468818;
7.99903481686488;0.304236832540482;2.43360101606401;
8.00034134509042;0.303583568427712;2.42877217418231;
7.99903481686488;0.304236832540482;2.43360101606401;
7.99936144892126;0.304236832540482;2.43370038956625;
7.99903481686488;0.303583568427712;2.42837553368135;
8.00001471303403;0.304236832540482;2.43389913657073;
7.99936144892126;0.303910200484097;2.43108754168642;
7.99968808097765;0.304236832540482;2.43379976306849;
8.00001471303403;0.303583568427712;2.42867301405707;
7.99936144892126;0.303910200484097;2.43108754168642;
7.99903481686488;0.303910200484097;2.43098827487268;
7.99968808097765;0.303583568427712;2.42857385393183;
8.0006679771468;0.303256936371326;2.42625805967372;
7.99936144892126;0.303256936371326;2.42586184592676;
7.99968808097765;0.303583568427712;2.42857385393183;
8.00034134509042;0.303910200484097;2.43138534212764;
7.99936144892126;0.303910200484097;2.43108754168642;
8.00001471303403;0.302930304314941;2.42344689154341;
8.00001471303403;0.303256936371326;2.42605995280024;
7.99870818480849;0.303256936371326;2.42566373905328;
8.00034134509042;0.303583568427712;2.42877217418231;
7.99936144892126;0.303910200484097;2.43108754168642;
7.99936144892126;0.303583568427712;2.42847469380659;
7.99968808097765;0.303256936371326;2.4259608993635;
8.00001471303403;0.303583568427712;2.42867301405707;
7.99968808097765;0.303256936371326;2.4259608993635;
8.00001471303403;0.303256936371326;2.42605995280024;
;;;0.0189159534634529
8.00001471303403;0.303256936371326;2.42605995280024;
7.99968808097765;0.303256936371326;2.4259608993635;
8.00034134509042;0.303583568427712;2.42877217418231;
8.00001471303403;0.303583568427712;2.42867301405707;
7.99870818480849;0.302603672258556;2.42043847004762;
8.00001471303403;0.303256936371326;2.42605995280024;
7.99936144892126;0.303910200484097;2.43108754168642;
7.99903481686488;0.303256936371326;2.42576279249002;
7.99936144892126;0.303910200484097;2.43108754168642;
7.99936144892126;0.303256936371326;2.42586184592676;
7.99968808097765;0.303583568427712;2.42857385393183;
7.99903481686488;0.303256936371326;2.42576279249002;
8.00001471303403;0.303256936371326;2.42605995280024;
7.99936144892126;0.303583568427712;2.42847469380659;
7.99903481686488;0.302930304314941;2.42315005129869;
7.99936144892126;0.303583568427712;2.42847469380659;
-8.00266962544993;0.287905229721218;-2.30401043689818;
-8.00266962544993;0.287578597664833;-2.30139650846184;
-8.00299625750631;0.287578597664833;-2.30149044085057;
-8.00266962544993;0.287905229721218;-2.30401043689818;
-8.00234299339354;0.287578597664833;-2.30130257607312;
-8.00299625750631;0.288558493833989;-2.30933254622507;
-8.00299625750631;0.287578597664833;-2.30149044085057;
-8.00266962544993;0.287578597664833;-2.30139650846184;
-8.00266962544993;0.287251965608448;-2.29878258002551;
-8.00266962544993;0.287578597664833;-2.30139650846184;
-8.00299625750631;0.286925333552063;-2.29626237060091;
-8.00430278573185;0.287251965608448;-2.29925170852665;
-8.00266962544993;0.286925333552063;-2.29616865158918;
-8.00266962544993;0.287251965608448;-2.29878258002551;
-8.00266962544993;0.287578597664833;-2.30139650846184;
-8.00299625750631;0.288231861777604;-2.30671851110024;
-8.00364952161908;0.287251965608448;-2.29906405712619;
-8.0033228895627;0.286925333552063;-2.29635608961263;
-8.00299625750631;0.287578597664833;-2.30149044085057;
-8.00266962544993;0.287578597664833;-2.30139650846184;
-8.00266962544993;0.287251965608448;-2.29878258002551;
-8.0033228895627;0.287251965608448;-2.29897023142597;
-8.00234299339354;0.286925333552063;-2.29607493257745;
-8.0033228895627;0.287251965608448;-2.29897023142597;
-8.00299625750631;0.287251965608448;-2.29887640572574;
-8.00299625750631;0.287578597664833;-2.30149044085057;
-8.00266962544993;0.287905229721218;-2.30401043689818;
-8.0033228895627;0.287578597664833;-2.3015843732393;
-8.00299625750631;0.287578597664833;-2.30149044085057;
-8.00234299339354;0.287578597664833;-2.30130257607312;
-8.00299625750631;0.287251965608448;-2.29887640572574;
-8.00299625750631;0.287251965608448;-2.29887640572574;
-8.00234299339354;0.287251965608448;-2.29868875432528;
-8.00299625750631;0.287578597664833;-2.30149044085057;
-8.00234299339354;0.287578597664833;-2.30130257607312;
-8.00299625750631;0.287905229721218;-2.30410447597541;
-8.00266962544993;0.287251965608448;-2.29878258002551;
-8.00234299339354;0.287905229721218;-2.30391639782095;
-8.00266962544993;0.287578597664833;-2.30139650846184;
-8.00364952161908;0.287905229721218;-2.30429255412986;
-8.0033228895627;0.287251965608448;-2.29897023142597;
-8.00266962544993;0.287578597664833;-2.30139650846184;
-8.00266962544993;0.287578597664833;-2.30139650846184;
-8.00234299339354;0.286925333552063;-2.29607493257745;
-8.0033228895627;0.287578597664833;-2.3015843732393;
-8.00234299339354;0.287578597664833;-2.30130257607312;
-8.00299625750631;0.287251965608448;-2.29887640572574;
-8.00299625750631;0.287578597664833;-2.30149044085057;
-8.0033228895627;0.287251965608448;-2.29897023142597;
-8.00299625750631;0.287578597664833;-2.30149044085057;
8.00001471303403;0.301297144033015;2.41038158525925;
7.99903481686488;0.3016237760894;2.41269908653337;
7.99903481686488;0.3016237760894;2.41269908653337;
7.99968808097765;0.30097051197663;2.40767021738518;
7.99968808097765;0.30097051197663;2.40767021738518;
7.99903481686488;0.30097051197663;2.40747360415071;
7.99968808097765;0.300643879920244;2.40505726281685;
7.99968808097765;0.300317247863859;2.40244430824852;
7.99903481686488;0.300317247863859;2.40224812176805;
7.99936144892126;0.299990615807474;2.39973336712845;
8.0006679771468;0.299663983751088;2.39751203870157;
7.99870818480849;0.299663983751088;2.39692475952215;
7.99968808097765;0.298684087581933;2.38937953540687;
7.99903481686488;0.299010719638318;2.39179715700273;
7.99936144892126;0.298357455525547;2.3866691277293;
8.00034134509042;0.298030823469162;2.38434831911168;
7.99968808097765;0.297050927300006;2.37631476256522;
7.99968808097765;0.297377559356391;2.37892771713355;
8.00001471303403;0.297377559356391;2.37902485017728;
7.99968808097765;0.296724295243621;2.37370180799689;
7.99968808097765;0.29607103113085;2.36847589886023;
7.99936144892126;0.295744399074465;2.36576634469066;
8.00001471303403;0.295744399074465;2.36595954389313;
7.99968808097765;0.295091134961694;2.36063703515523;
7.99870818480849;0.295091134961694;2.36034787648253;
7.99968808097765;0.29541776701808;2.36324998972356;
8.00034134509042;0.29541776701808;2.36344297554903;
7.99936144892126;0.294764502905309;2.35792780105117;
7.99805492069572;0.295091134961694;2.36015510403407;
7.99936144892126;0.294764502905309;2.35792780105117;
7.99936144892126;0.294437870848924;2.35531495317134;
7.99936144892126;0.294111238792539;2.35270210529151;
7.99968808097765;0.294437870848924;2.35541112601857;
8.00001471303403;0.293784606736153;2.35028117635214;
;;;0.011885520200485
7.99870818480849;0.293784606736153;2.34989733847121;
8.00001471303403;0.293784606736153;2.35028117635214;
7.99968808097765;0.293784606736153;2.35018521688191;
7.99936144892126;0.294111238792539;2.35270210529151;
7.99936144892126;0.294111238792539;2.35270210529151;
8.00001471303403;0.293457974679768;2.34766811509531;
7.99903481686488;0.293457974679768;2.34738055675012;
7.99936144892126;0.294111238792539;2.35270210529151;
8.00001471303403;0.292804710566998;2.34244199258165;
7.99968808097765;0.293457974679768;2.34757226231358;
7.99968808097765;0.293457974679768;2.34757226231358;
8.00001471303403;0.293131342623383;2.34505505383848;
7.99936144892126;0.293457974679768;2.34747640953185;
7.99968808097765;0.292804710566998;2.34234635317692;
7.99903481686488;0.292151446454227;2.3369295919848;
7.99870818480849;0.293131342623383;2.34467206946555;
-8.00234299339354;0.287578597664833;-2.30130257607312;
-8.00266962544993;0.288231861777604;-2.30662436533451;
-8.0033228895627;0.287578597664833;-2.3015843732393;
-8.00266962544993;0.287578597664833;-2.30139650846184;
-8.00266962544993;0.288885125890374;-2.31185222220718;
-8.00266962544993;0.287251965608448;-2.29878258002551;
-8.00266962544993;0.288231861777604;-2.30662436533451;
-8.00299625750631;0.288231861777604;-2.30671851110024;
-8.00266962544993;0.288231861777604;-2.30662436533451;
-8.00266962544993;0.287578597664833;-2.30139650846184;
-8.0033228895627;0.287905229721218;-2.30419851505263;
-8.00299625750631;0.287905229721218;-2.30410447597541;
-8.00266962544993;0.287905229721218;-2.30401043689818;
-8.00299625750631;0.287905229721218;-2.30410447597541;
-8.00234299339354;0.287905229721218;-2.30391639782095;
-8.00364952161908;0.287578597664833;-2.30167830562803;
-8.00234299339354;0.288231861777604;-2.30653021956878;
-8.0033228895627;0.287578597664833;-2.3015843732393;
-8.00364952161908;0.287905229721218;-2.30429255412986;
-8.00266962544993;0.288231861777604;-2.30662436533451;
-8.0033228895627;0.287251965608448;-2.29897023142597;
-8.00266962544993;0.287578597664833;-2.30139650846184;
-8.00299625750631;0.288231861777604;-2.30671851110024;
-8.00299625750631;0.287905229721218;-2.30410447597541;
-8.0033228895627;0.286925333552063;-2.29635608961263;
-8.00266962544993;0.288231861777604;-2.30662436533451;
-8.00234299339354;0.288231861777604;-2.30653021956878;
-8.00299625750631;0.287578597664833;-2.30149044085057;
-8.00299625750631;0.286925333552063;-2.29626237060091;
-8.00364952161908;0.287905229721218;-2.30429255412986;
-8.00266962544993;0.287578597664833;-2.30139650846184;
-8.00364952161908;0.287578597664833;-2.30167830562803;
-8.00266962544993;0.288231861777604;-2.30662436533451;
-8.00364952161908;0.287578597664833;-2.30167830562803;
-8.0033228895627;0.288231861777604;-2.30681265686597;
-8.00299625750631;0.287905229721218;-2.30410447597541;
-8.0033228895627;0.288231861777604;-2.30681265686597;
-8.00266962544993;0.288885125890374;-2.31185222220718;
-8.0033228895627;0.288885125890374;-2.31204094049263;
-8.00266962544993;0.288231861777604;-2.30662436533451;
-8.0033228895627;0.287578597664833;-2.3015843732393;
-8.00266962544993;0.287905229721218;-2.30401043689818;
-8.00266962544993;0.287251965608448;-2.29878258002551;
-8.0033228895627;0.288558493833989;-2.3094267986793;
-8.00299625750631;0.287578597664833;-2.30149044085057;
-8.00266962544993;0.287905229721218;-2.30401043689818;
-8.00299625750631;0.288231861777604;-2.30671851110024;
-8.00234299339354;0.287905229721218;-2.30391639782095;
-8.0033228895627;0.287905229721218;-2.30419851505263;
-8.00266962544993;0.287905229721218;-2.30401043689818;
8.00034134509042;0.288885125890374;2.31117961664241;
8.00034134509042;0.288885125890374;2.31117961664241;
7.99968808097765;0.289211757946759;2.31360385292528;
7.99903481686488;0.288231861777604;2.30557669768884;
7.99903481686488;0.289211757946759;2.31341492126283;
8.00034134509042;0.288885125890374;2.31117961664241;
7.99968808097765;0.289211757946759;2.31360385292528;
7.99936144892126;0.288231861777604;2.30567084345456;
7.99936144892126;0.288885125890374;2.31089653921423;
7.99936144892126;0.287578597664833;2.3004451476949;
7.99968808097765;0.288885125890374;2.31099089835695;
7.99968808097765;0.288558493833989;2.30837794378862;
8.00034134509042;0.288231861777604;2.30595328075175;
8.00001471303403;0.288558493833989;2.30847219624285;
8.00034134509042;0.288231861777604;2.30595328075175;
8.00001471303403;0.288231861777604;2.30585913498602;
7.99968808097765;0.288885125890374;2.31099089835695;
7.99936144892126;0.288885125890374;2.31089653921423;
7.99870818480849;0.288558493833989;2.30809518642594;
8.00034134509042;0.287905229721218;2.30334011280642;
7.99936144892126;0.288885125890374;2.31089653921423;
7.99968808097765;0.288231861777604;2.30576498922029;
7.99936144892126;0.288558493833989;2.30828369133439;
7.99903481686488;0.288885125890374;2.3108021800715;
7.99903481686488;0.288558493833989;2.30818943888017;
8.00001471303403;0.288558493833989;2.30847219624285;
8.00001471303403;0.288558493833989;2.30847219624285;
7.99968808097765;0.288885125890374;2.31099089835695;
7.99870818480849;0.289211757946759;2.3133204554316;
7.99968808097765;0.288558493833989;2.30837794378862;
7.99936144892126;0.288558493833989;2.30828369133439;
8.00001471303403;0.288558493833989;2.30847219624285;
7.99968808097765;0.288558493833989;2.30837794378862;
7.99903481686488;0.288231861777604;2.30557669768884;
;;;0.0021326898918275
8.00034134509042;0.288885125890374;2.31117961664241;
7.99936144892126;0.289211757946759;2.31350938709406;
7.99968808097765;0.288231861777604;2.30576498922029;
7.99936144892126;0.287905229721218;2.30305799557473;
7.99903481686488;0.288885125890374;2.3108021800715;
7.99968808097765;0.287905229721218;2.30315203465196;
7.99936144892126;0.288558493833989;2.30828369133439;
7.99936144892126;0.289211757946759;2.31350938709406;
7.99968808097765;0.288558493833989;2.30837794378862;
7.99968808097765;0.288231861777604;2.30576498922029;
7.99903481686488;0.288558493833989;2.30818943888017;
7.99936144892126;0.288231861777604;2.30567084345456;
7.99870818480849;0.287905229721218;2.30286991742028;
7.99903481686488;0.288558493833989;2.30818943888017;
8.00001471303403;0.287905229721218;2.30324607372919;
7.99870818480849;0.288885125890374;2.31070782092877;
-8.00234299339354;0.286925333552063;-2.29607493257745;
-8.00201636133716;0.287578597664833;-2.30120864368439;
-8.00299625750631;0.287905229721218;-2.30410447597541;
-8.00266962544993;0.287578597664833;-2.30139650846184;
-8.00299625750631;0.287578597664833;-2.30149044085057;
-8.00234299339354;0.287578597664833;-2.30130257607312;
-8.00201636133716;0.287578597664833;-2.30120864368439;
-8.0033228895627;0.287578597664833;-2.3015843732393;
-8.0033228895627;0.287905229721218;-2.30419851505263;
-8.00299625750631;0.287578597664833;-2.30149044085057;
-8.00299625750631;0.287578597664833;-2.30149044085057;
-8.00234299339354;0.286925333552063;-2.29607493257745;
-8.00299625750631;0.288231861777604;-2.30671851110024;
-8.0033228895627;0.287578597664833;-2.3015843732393;
-8.0033228895627;0.287905229721218;-2.30419851505263;
-8.0033228895627;0.287578597664833;-2.3015843732393;
-8.00266962544993;0.287578597664833;-2.30139650846184;
-8.00299625750631;0.287905229721218;-2.30410447597541;
-8.0033228895627;0.287578597664833;-2.3015843732393;
-8.00299625750631;0.286925333552063;-2.29626237060091;
-8.00299625750631;0.288231861777604;-2.30671851110024;
-8.00201636133716;0.287251965608448;-2.29859492862506;
-8.00430278573185;0.287905229721218;-2.30448063228432;
-8.0033228895627;0.287251965608448;-2.29897023142597;
-8.00266962544993;0.287251965608448;-2.29878258002551;
-8.00299625750631;0.287578597664833;-2.30149044085057;
-8.00266962544993;0.287578597664833;-2.30139650846184;
-8.00299625750631;0.287905229721218;-2.30410447597541;
-8.00299625750631;0.287905229721218;-2.30410447597541;
-8.00201636133716;0.287578597664833;-2.30120864368439;
-8.00299625750631;0.287578597664833;-2.30149044085057;
-8.00234299339354;0.287578597664833;-2.30130257607312;
-8.00299625750631;0.288231861777604;-2.30671851110024;
-8.0033228895627;0.288231861777604;-2.30681265686597;
-8.00266962544993;0.287905229721218;-2.30401043689818;
-8.00299625750631;0.287905229721218;-2.30410447597541;
-8.00234299339354;0.287905229721218;-2.30391639782095;
-8.0033228895627;0.287578597664833;-2.3015843732393;
-8.00234299339354;0.287905229721218;-2.30391639782095;
-8.00299625750631;0.287905229721218;-2.30410447597541;
-8.0033228895627;0.287905229721218;-2.30419851505263;
-8.00234299339354;0.287578597664833;-2.30130257607312;
-8.00299625750631;0.287905229721218;-2.30410447597541;
-8.00266962544993;0.287578597664833;-2.30139650846184;
-8.00299625750631;0.287905229721218;-2.30410447597541;
-8.00299625750631;0.287251965608448;-2.29887640572574;
-8.00299625750631;0.288231861777604;-2.30671851110024;
-8.00266962544993;0.287251965608448;-2.29878258002551;
-8.00299625750631;0.287905229721218;-2.30410447597541;
-8.00234299339354;0.287578597664833;-2.30130257607312;
7.99838155275211;0.287905229721218;2.30277587834305;
7.99903481686488;0.288885125890374;2.3108021800715;
7.99968808097765;0.288231861777604;2.30576498922029;
7.99903481686488;0.288558493833989;2.30818943888017;
8.00034134509042;0.289211757946759;2.31379278458774;
7.99968808097765;0.288885125890374;2.31099089835695;
7.99968808097765;0.288231861777604;2.30576498922029;
8.00001471303403;0.287905229721218;2.30324607372919;
8.00001471303403;0.287905229721218;2.30324607372919;
7.99838155275211;0.287905229721218;2.30277587834305;
7.99936144892126;0.288231861777604;2.30567084345456;
7.99968808097765;0.287905229721218;2.30315203465196;
7.99870818480849;0.288231861777604;2.30548255192311;
7.99936144892126;0.289211757946759;2.31350938709406;
7.99903481686488;0.288558493833989;2.30818943888017;
8.00001471303403;0.288885125890374;2.31108525749968;
8.00001471303403;0.288558493833989;2.30847219624285;
7.99968808097765;0.288231861777604;2.30576498922029;
7.99968808097765;0.289211757946759;2.31360385292528;
7.99903481686488;0.288558493833989;2.30818943888017;
7.99968808097765;0.288558493833989;2.30837794378862;
7.99936144892126;0.287905229721218;2.30305799557473;
7.99968808097765;0.287905229721218;2.30315203465196;
8.00034134509042;0.288558493833989;2.30856644869708;
7.99968808097765;0.288231861777604;2.30576498922029;
7.99903481686488;0.289211757946759;2.31341492126283;
7.99968808097765;0.288558493833989;2.30837794378862;
7.99903481686488;0.288231861777604;2.30557669768884;
7.99936144892126;0.288885125890374;2.31089653921423;
7.99936144892126;0.288231861777604;2.30567084345456;
7.99936144892126;0.287905229721218;2.30305799557473;
7.99968808097765;0.288558493833989;2.30837794378862;
7.99968808097765;0.288231861777604;2.30576498922029;
7.99903481686488;0.288885125890374;2.3108021800715;
;;;0.000654606732455265
8.00001471303403;0.289211757946759;2.31369831875651;
7.99903481686488;0.288231861777604;2.30557669768884;
8.00001471303403;0.288558493833989;2.30847219624285;
8.00034134509042;0.288885125890374;2.31117961664241;
7.99936144892126;0.288558493833989;2.30828369133439;
7.99903481686488;0.288558493833989;2.30818943888017;
7.99903481686488;0.288231861777604;2.30557669768884;
8.00001471303403;0.289211757946759;2.31369831875651;
7.99936144892126;0.288558493833989;2.30828369133439;
8.00001471303403;0.287905229721218;2.30324607372919;
8.0006679771468;0.288231861777604;2.30604742651748;
7.99936144892126;0.288231861777604;2.30567084345456;
7.99936144892126;0.288558493833989;2.30828369133439;
7.99903481686488;0.288231861777604;2.30557669768884;
7.99903481686488;0.288885125890374;2.3108021800715;
7.99936144892126;0.288558493833989;2.30828369133439;
-8.0033228895627;0.287578597664833;-2.3015843732393;
-8.00299625750631;0.287251965608448;-2.29887640572574;
-8.00299625750631;0.287578597664833;-2.30149044085057;
-8.00234299339354;0.288558493833989;-2.30914404131661;
-8.00364952161908;0.287578597664833;-2.30167830562803;
-8.00299625750631;0.287578597664833;-2.30149044085057;
-8.00234299339354;0.288231861777604;-2.30653021956878;
-8.00234299339354;0.288231861777604;-2.30653021956878;
-8.0033228895627;0.288231861777604;-2.30681265686597;
-8.00266962544993;0.287578597664833;-2.30139650846184;
-8.00234299339354;0.287578597664833;-2.30130257607312;
-8.00299625750631;0.287578597664833;-2.30149044085057;
-8.0033228895627;0.286925333552063;-2.29635608961263;
-8.0033228895627;0.287578597664833;-2.3015843732393;
-8.0033228895627;0.287578597664833;-2.3015843732393;
-8.00299625750631;0.287905229721218;-2.30410447597541;
-8.00201636133716;0.287578597664833;-2.30120864368439;
-8.0033228895627;0.287251965608448;-2.29897023142597;
-8.00299625750631;0.287578597664833;-2.30149044085057;
-8.00299625750631;0.287251965608448;-2.29887640572574;
-8.00234299339354;0.287251965608448;-2.29868875432528;
-8.00266962544993;0.287578597664833;-2.30139650846184;
-8.00234299339354;0.287578597664833;-2.30130257607312;
-8.00266962544993;0.287905229721218;-2.30401043689818;
-8.00266962544993;0.288231861777604;-2.30662436533451;
-8.00299625750631;0.287578597664833;-2.30149044085057;
-8.00364952161908;0.287905229721218;-2.30429255412986;
-8.00266962544993;0.287578597664833;-2.30139650846184;
-8.00299625750631;0.287578597664833;-2.30149044085057;
-8.0033228895627;0.287905229721218;-2.30419851505263;
-8.00266962544993;0.287905229721218;-2.30401043689818;
-8.00234299339354;0.286925333552063;-2.29607493257745;
-8.00299625750631;0.287578597664833;-2.30149044085057;
-8.00266962544993;0.286925333552063;-2.29616865158918;
-8.0033228895627;0.287905229721218;-2.30419851505263;
-8.00299625750631;0.288231861777604;-2.30671851110024;
-8.00201636133716;0.287578597664833;-2.30120864368439;
-8.0033228895627;0.287578597664833;-2.3015843732393;
-8.00299625750631;0.287578597664833;-2.30149044085057;
-8.00299625750631;0.287578597664833;-2.30149044085057;
-8.0033228895627;0.287578597664833;-2.3015843732393;
-8.0033228895627;0.287578597664833;-2.3015843732393;
-8.00299625750631;0.288231861777604;-2.30671851110024;
-8.00299625750631;0.287905229721218;-2.30410447597541;
-8.00299625750631;0.287905229721218;-2.30410447597541;
-8.00364952161908;0.287905229721218;-2.30429255412986;
-8.00364952161908;0.288231861777604;-2.30690680263169;
-8.00299625750631;0.287905229721218;-2.30410447597541;
-8.00266962544993;0.287578597664833;-2.30139650846184;
-8.0033228895627;0.287578597664833;-2.3015843732393;
7.99968808097765;0.289211757946759;2.31360385292528;
8.00034134509042;0.288231861777604;2.30595328075175;
7.99936144892126;0.288231861777604;2.30567084345456;
7.99968808097765;0.288558493833989;2.30837794378862;
7.99936144892126;0.288558493833989;2.30828369133439;
7.99968808097765;0.288885125890374;2.31099089835695;
7.99936144892126;0.288885125890374;2.31089653921423;
8.00001471303403;0.288885125890374;2.31108525749968;
7.99936144892126;0.288885125890374;2.31089653921423;
8.00001471303403;0.288231861777604;2.30585913498602;
8.00001471303403;0.287578597664833;2.30063301247236;
7.99903481686488;0.288231861777604;2.30557669768884;
7.99968808097765;0.287905229721218;2.30315203465196;
7.99968808097765;0.287905229721218;2.30315203465196;
7.99968808097765;0.289211757946759;2.31360385292528;
8.00034134509042;0.288231861777604;2.30595328075175;
8.00034134509042;0.288231861777604;2.30595328075175;
7.99936144892126;0.288558493833989;2.30828369133439;
8.00001471303403;0.288558493833989;2.30847219624285;
7.99968808097765;0.288558493833989;2.30837794378862;
8.00001471303403;0.288558493833989;2.30847219624285;
7.99968808097765;0.288231861777604;2.30576498922029;
7.99936144892126;0.288558493833989;2.30828369133439;
7.99968808097765;0.288558493833989;2.30837794378862;
8.00034134509042;0.288231861777604;2.30595328075175;
7.99968808097765;0.288885125890374;2.31099089835695;
7.99936144892126;0.287905229721218;2.30305799557473;
7.99936144892126;0.289211757946759;2.31350938709406;
8.00001471303403;0.288558493833989;2.30847219624285;
7.99968808097765;0.288558493833989;2.30837794378862;
7.99936144892126;0.288231861777604;2.30567084345456;
7.99936144892126;0.288231861777604;2.30567084345456;
8.00001471303403;0.288558493833989;2.30847219624285;
7.99936144892126;0.289538390003145;2.31612223497389;
;;;0.000711582112273336
7.99968808097765;0.288231861777604;2.30576498922029;
7.99936144892126;0.288885125890374;2.31089653921423;
7.99968808097765;0.288231861777604;2.30576498922029;
8.00034134509042;0.288558493833989;2.30856644869708;
7.99936144892126;0.287905229721218;2.30305799557473;
8.00034134509042;0.288885125890374;2.31117961664241;
8.00034134509042;0.287905229721218;2.30334011280642;
8.00001471303403;0.287905229721218;2.30324607372919;
7.99968808097765;0.288231861777604;2.30576498922029;
7.99936144892126;0.288558493833989;2.30828369133439;
7.99903481686488;0.288558493833989;2.30818943888017;
7.99936144892126;0.288558493833989;2.30828369133439;
7.99968808097765;0.288231861777604;2.30576498922029;
8.00001471303403;0.288885125890374;2.31108525749968;
7.99968808097765;0.288558493833989;2.30837794378862;
7.99968808097765;0.288558493833989;2.30837794378862;
-8.00234299339354;0.287905229721218;-2.30391639782095;
-8.00201636133716;0.287578597664833;-2.30120864368439;
-8.00299625750631;0.287905229721218;-2.30410447597541;
-8.00299625750631;0.287578597664833;-2.30149044085057;
-8.0033228895627;0.288231861777604;-2.30681265686597;
-8.0033228895627;0.287905229721218;-2.30419851505263;
-8.00266962544993;0.287578597664833;-2.30139650846184;
-8.00364952161908;0.287905229721218;-2.30429255412986;
-8.00299625750631;0.287905229721218;-2.30410447597541;
-8.00266962544993;0.288231861777604;-2.30662436533451;
-8.00234299339354;0.287251965608448;-2.29868875432528;
-8.00234299339354;0.287905229721218;-2.30391639782095;
-8.00234299339354;0.286925333552063;-2.29607493257745;
-8.00201636133716;0.287578597664833;-2.30120864368439;
-8.00234299339354;0.288231861777604;-2.30653021956878;
-8.0033228895627;0.287905229721218;-2.30419851505263;
-8.00266962544993;0.287578597664833;-2.30139650846184;
-8.00266962544993;0.287251965608448;-2.29878258002551;
-8.00299625750631;0.287905229721218;-2.30410447597541;
-8.00299625750631;0.288231861777604;-2.30671851110024;
-8.00266962544993;0.287905229721218;-2.30401043689818;
-8.00299625750631;0.287578597664833;-2.30149044085057;
-8.00299625750631;0.287905229721218;-2.30410447597541;
-8.00299625750631;0.287905229721218;-2.30410447597541;
-8.0033228895627;0.287905229721218;-2.30419851505263;
-8.00234299339354;0.288231861777604;-2.30653021956878;
-8.00266962544993;0.287578597664833;-2.30139650846184;
-8.0033228895627;0.287905229721218;-2.30419851505263;
-8.00266962544993;0.287251965608448;-2.29878258002551;
-8.0033228895627;0.287578597664833;-2.3015843732393;
-8.00266962544993;0.287251965608448;-2.29878258002551;
-8.00299625750631;0.287578597664833;-2.30149044085057;
-8.00299625750631;0.287905229721218;-2.30410447597541;
-8.0033228895627;0.287251965608448;-2.29897023142597;
-8.00234299339354;0.287578597664833;-2.30130257607312;
-8.0033228895627;0.287905229721218;-2.30419851505263;
-8.00397615367547;0.287905229721218;-2.30438659320709;
-8.00234299339354;0.288231861777604;-2.30653021956878;
-8.00168972928077;0.287251965608448;-2.29850110292483;
-8.0033228895627;0.287905229721218;-2.30419851505263;
-8.00266962544993;0.288558493833989;-2.30923829377084;
-8.00234299339354;0.287905229721218;-2.30391639782095;
-8.00299625750631;0.287251965608448;-2.29887640572574;
-8.00234299339354;0.287578597664833;-2.30130257607312;
-8.0033228895627;0.288231861777604;-2.30681265686597;
-8.00266962544993;0.287578597664833;-2.30139650846184;
-8.00201636133716;0.288231861777604;-2.30643607380305;
-8.00266962544993;0.288231861777604;-2.30662436533451;
-8.0033228895627;0.287905229721218;-2.30419851505263;
-8.00266962544993;0.287905229721218;-2.30401043689818;
7.99968808097765;0.287905229721218;2.30315203465196;
7.99936144892126;0.288558493833989;2.30828369133439;
7.99968808097765;0.288885125890374;2.31099089835695;
7.99903481686488;0.288885125890374;2.3108021800715;
7.99903481686488;0.289211757946759;2.31341492126283;
8.00001471303403;0.289211757946759;2.31369831875651;
7.99936144892126;0.288885125890374;2.31089653921423;
8.00034134509042;0.288885125890374;2.31117961664241;
7.99936144892126;0.287905229721218;2.30305799557473;
7.99936144892126;0.288885125890374;2.31089653921423;
7.99968808097765;0.288885125890374;2.31099089835695;
7.99968808097765;0.288558493833989;2.30837794378862;
7.99968808097765;0.287905229721218;2.30315203465196;
7.99870818480849;0.288231861777604;2.30548255192311;
7.99968808097765;0.288558493833989;2.30837794378862;
7.99936144892126;0.288885125890374;2.31089653921423;
8.00001471303403;0.288558493833989;2.30847219624285;
7.99903481686488;0.288231861777604;2.30557669768884;
8.00001471303403;0.288558493833989;2.30847219624285;
8.00001471303403;0.288231861777604;2.30585913498602;
7.99936144892126;0.288558493833989;2.30828369133439;
7.99968808097765;0.288231861777604;2.30576498922029;
7.99936144892126;0.288231861777604;2.30567084345456;
8.00001471303403;0.288558493833989;2.30847219624285;
7.99968808097765;0.287905229721218;2.30315203465196;
8.00001471303403;0.288885125890374;2.31108525749968;
7.99936144892126;0.288231861777604;2.30567084345456;
8.00034134509042;0.287905229721218;2.30334011280642;
7.99936144892126;0.288558493833989;2.30828369133439;
8.00001471303403;0.288558493833989;2.30847219624285;
8.00034134509042;0.288558493833989;2.30856644869708;
7.99903481686488;0.288885125890374;2.3108021800715;
8.00001471303403;0.287905229721218;2.30324607372919;
7.99968808097765;0.288558493833989;2.30837794378862;
;;;0.000579293727138958
7.99936144892126;0.288885125890374;2.31089653921423;
7.99968808097765;0.289211757946759;2.31360385292528;
7.99903481686488;0.287905229721218;2.30296395649751;
7.99870818480849;0.28986502205953;2.31854572443726;
8.00001471303403;0.288558493833989;2.30847219624285;
7.99968808097765;0.288558493833989;2.30837794378862;
7.99870818480849;0.288231861777604;2.30548255192311;
7.99936144892126;0.287905229721218;2.30305799557473;
7.99968808097765;0.288231861777604;2.30576498922029;
7.99968808097765;0.288558493833989;2.30837794378862;
7.99968808097765;0.288558493833989;2.30837794378862;
7.99870818480849;0.288558493833989;2.30809518642594;
7.99936144892126;0.287905229721218;2.30305799557473;
7.99936144892126;0.288231861777604;2.30567084345456;
7.99903481686488;0.288558493833989;2.30818943888017;
8.00001471303403;0.289538390003145;2.31631138001334;
-8.00266962544993;0.287578597664833;-2.30139650846184;
-8.0033228895627;0.287905229721218;-2.30419851505263;
-8.00266962544993;0.287578597664833;-2.30139650846184;
-8.0033228895627;0.287578597664833;-2.3015843732393;
-8.0033228895627;0.288231861777604;-2.30681265686597;
-8.00266962544993;0.288231861777604;-2.30662436533451;
-8.00299625750631;0.288231861777604;-2.30671851110024;
-8.00266962544993;0.287578597664833;-2.30139650846184;
-8.00266962544993;0.287251965608448;-2.29878258002551;
-8.00299625750631;0.288231861777604;-2.30671851110024;
-8.00299625750631;0.287578597664833;-2.30149044085057;
-8.00266962544993;0.287578597664833;-2.30139650846184;
-8.00266962544993;0.288558493833989;-2.30923829377084;
-8.00234299339354;0.287905229721218;-2.30391639782095;
-8.00299625750631;0.287578597664833;-2.30149044085057;
-8.0033228895627;0.286925333552063;-2.29635608961263;
-8.00299625750631;0.287578597664833;-2.30149044085057;
-8.0033228895627;0.287578597664833;-2.3015843732393;
-8.00168972928077;0.287905229721218;-2.30372831966649;
-8.00299625750631;0.287905229721218;-2.30410447597541;
-8.00234299339354;0.287578597664833;-2.30130257607312;
-8.00266962544993;0.288231861777604;-2.30662436533451;
-8.00299625750631;0.287578597664833;-2.30149044085057;
-8.00299625750631;0.288231861777604;-2.30671851110024;
-8.00299625750631;0.287578597664833;-2.30149044085057;
-8.0033228895627;0.287578597664833;-2.3015843732393;
-8.00234299339354;0.287578597664833;-2.30130257607312;
-8.00299625750631;0.288231861777604;-2.30671851110024;
-8.00266962544993;0.287578597664833;-2.30139650846184;
-8.0033228895627;0.287578597664833;-2.3015843732393;
-8.0033228895627;0.287905229721218;-2.30419851505263;
-8.0033228895627;0.288231861777604;-2.30681265686597;
-8.0033228895627;0.287905229721218;-2.30419851505263;
-8.00266962544993;0.287251965608448;-2.29878258002551;
-8.00234299339354;0.287905229721218;-2.30391639782095;
-8.00234299339354;0.287905229721218;-2.30391639782095;
-8.00299625750631;0.288231861777604;-2.30671851110024;
-8.00299625750631;0.287905229721218;-2.30410447597541;
-8.00234299339354;0.287905229721218;-2.30391639782095;
-8.00234299339354;0.287905229721218;-2.30391639782095;
-8.00299625750631;0.288231861777604;-2.30671851110024;
-8.0033228895627;0.287905229721218;-2.30419851505263;
-8.00234299339354;0.287905229721218;-2.30391639782095;
-8.00234299339354;0.287578597664833;-2.30130257607312;
-8.00234299339354;0.287905229721218;-2.30391639782095;
-8.00201636133716;0.288885125890374;-2.31166350392172;
-8.00266962544993;0.287578597664833;-2.30139650846184;
-8.00266962544993;0.287905229721218;-2.30401043689818;
-8.00234299339354;0.287905229721218;-2.30391639782095;
-8.00266962544993;0.287905229721218;-2.30401043689818;
7.99968808097765;0.288558493833989;2.30837794378862;
7.99968808097765;0.287905229721218;2.30315203465196;
8.00001471303403;0.288885125890374;2.31108525749968;
8.00034134509042;0.288558493833989;2.30856644869708;
7.99870818480849;0.287905229721218;2.30286991742028;
7.99968808097765;0.287251965608448;2.2979261255153;
8.00034134509042;0.288231861777604;2.30595328075175;
7.99968808097765;0.288558493833989;2.30837794378862;
8.00034134509042;0.288558493833989;2.30856644869708;
7.99903481686488;0.289211757946759;2.31341492126283;
7.99936144892126;0.288885125890374;2.31089653921423;
7.99903481686488;0.288885125890374;2.3108021800715;
8.00001471303403;0.288558493833989;2.30847219624285;
8.00001471303403;0.288231861777604;2.30585913498602;
7.99903481686488;0.288231861777604;2.30557669768884;
7.99968808097765;0.288885125890374;2.31099089835695;
8.00001471303403;0.288885125890374;2.31108525749968;
7.99870818480849;0.288558493833989;2.30809518642594;
7.99936144892126;0.288558493833989;2.30828369133439;
7.99870818480849;0.288885125890374;2.31070782092877;
8.00001471303403;0.287905229721218;2.30324607372919;
7.99936144892126;0.288558493833989;2.30828369133439;
7.99936144892126;0.288231861777604;2.30567084345456;
7.99968808097765;0.288885125890374;2.31099089835695;
8.00001471303403;0.288231861777604;2.30585913498602;
8.00034134509042;0.288558493833989;2.30856644869708;
7.99870818480849;0.288558493833989;2.30809518642594;
7.99936144892126;0.287905229721218;2.30305799557473;
8.00001471303403;0.288231861777604;2.30585913498602;
7.99936144892126;0.288558493833989;2.30828369133439;
7.99936144892126;0.288558493833989;2.30828369133439;
7.99936144892126;0.288558493833989;2.30828369133439;
7.99903481686488;0.288231861777604;2.30557669768884;
8.00001471303403;0.288885125890374;2.31108525749968;
;;;0.000548202051394977
7.99903481686488;0.287905229721218;2.30296395649751;
7.99968808097765;0.288558493833989;2.30837794378862;
8.00001471303403;0.288558493833989;2.30847219624285;
7.99903481686488;0.289211757946759;2.31341492126283;
7.99968808097765;0.289211757946759;2.31360385292528;
8.00034134509042;0.288558493833989;2.30856644869708;
7.99870818480849;0.288885125890374;2.31070782092877;
7.99968808097765;0.289211757946759;2.31360385292528;
7.99936144892126;0.288558493833989;2.30828369133439;
7.99936144892126;0.288558493833989;2.30828369133439;
7.99968808097765;0.288231861777604;2.30576498922029;
7.99838155275211;0.289211757946759;2.31322598960037;
7.99968808097765;0.288558493833989;2.30837794378862;
8.00001471303403;0.288885125890374;2.31108525749968;
7.99936144892126;0.289211757946759;2.31350938709406;
8.00001471303403;0.288231861777604;2.30585913498602;
-8.00201636133716;0.287578597664833;-2.30120864368439;
-8.00266962544993;0.287905229721218;-2.30401043689818;
-8.00299625750631;0.287905229721218;-2.30410447597541;
-8.00299625750631;0.287905229721218;-2.30410447597541;
-8.0033228895627;0.287578597664833;-2.3015843732393;
-8.0033228895627;0.287905229721218;-2.30419851505263;
-8.0033228895627;0.287578597664833;-2.3015843732393;
-8.0033228895627;0.286925333552063;-2.29635608961263;
-8.00266962544993;0.286925333552063;-2.29616865158918;
-8.00266962544993;0.287905229721218;-2.30401043689818;
-8.00299625750631;0.287578597664833;-2.30149044085057;
-8.00266962544993;0.288231861777604;-2.30662436533451;
-8.00299625750631;0.287578597664833;-2.30149044085057;
-8.00234299339354;0.287578597664833;-2.30130257607312;
-8.00234299339354;0.287578597664833;-2.30130257607312;
-8.00201636133716;0.287905229721218;-2.30382235874372;
-8.00266962544993;0.287251965608448;-2.29878258002551;
-8.00364952161908;0.287251965608448;-2.29906405712619;
-8.00234299339354;0.287578597664833;-2.30130257607312;
-8.00234299339354;0.287905229721218;-2.30391639782095;
-8.0033228895627;0.287578597664833;-2.3015843732393;
-8.00299625750631;0.287578597664833;-2.30149044085057;
-8.00299625750631;0.287905229721218;-2.30410447597541;
-8.00201636133716;0.287905229721218;-2.30382235874372;
-8.00234299339354;0.287578597664833;-2.30130257607312;
-8.00299625750631;0.288231861777604;-2.30671851110024;
-8.001036465168;0.288231861777604;-2.30615363650587;
-8.00266962544993;0.287905229721218;-2.30401043689818;
-8.00266962544993;0.287578597664833;-2.30139650846184;
-8.00299625750631;0.287905229721218;-2.30410447597541;
-8.00266962544993;0.288231861777604;-2.30662436533451;
-8.00299625750631;0.288231861777604;-2.30671851110024;
-8.0033228895627;0.287578597664833;-2.3015843732393;
-8.0033228895627;0.287905229721218;-2.30419851505263;
-8.00266962544993;0.287905229721218;-2.30401043689818;
-8.00266962544993;0.287905229721218;-2.30401043689818;
-8.00234299339354;0.287905229721218;-2.30391639782095;
-8.00266962544993;0.287251965608448;-2.29878258002551;
-8.00299625750631;0.287578597664833;-2.30149044085057;
-8.00266962544993;0.287905229721218;-2.30401043689818;
-8.00299625750631;0.287905229721218;-2.30410447597541;
-8.00266962544993;0.287578597664833;-2.30139650846184;
-8.00299625750631;0.287578597664833;-2.30149044085057;
-8.00266962544993;0.287905229721218;-2.30401043689818;
-8.0033228895627;0.287578597664833;-2.3015843732393;
-8.00234299339354;0.287905229721218;-2.30391639782095;
-8.00266962544993;0.287905229721218;-2.30401043689818;
-8.0033228895627;0.287578597664833;-2.3015843732393;
-8.0033228895627;0.287905229721218;-2.30419851505263;
-8.00299625750631;0.287578597664833;-2.30149044085057;
8.00034134509042;0.288558493833989;2.30856644869708;
8.00034134509042;0.288558493833989;2.30856644869708;
7.99968808097765;0.288885125890374;2.31099089835695;
7.99968808097765;0.288231861777604;2.30576498922029;
7.99968808097765;0.288558493833989;2.30837794378862;
7.99936144892126;0.288558493833989;2.30828369133439;
7.99968808097765;0.287578597664833;2.30053908008363;
8.00001471303403;0.288558493833989;2.30847219624285;
7.99936144892126;0.288558493833989;2.30828369133439;
7.99936144892126;0.288231861777604;2.30567084345456;
7.99968808097765;0.288231861777604;2.30576498922029;
8.00034134509042;0.288558493833989;2.30856644869708;
8.00034134509042;0.289211757946759;2.31379278458774;
7.99968808097765;0.287905229721218;2.30315203465196;
7.99903481686488;0.288558493833989;2.30818943888017;
8.00001471303403;0.288885125890374;2.31108525749968;
8.00001471303403;0.288885125890374;2.31108525749968;
7.99968808097765;0.288885125890374;2.31099089835695;
7.99968808097765;0.288885125890374;2.31099089835695;
7.99968808097765;0.288558493833989;2.30837794378862;
8.00001471303403;0.289211757946759;2.31369831875651;
8.00001471303403;0.288231861777604;2.30585913498602;
7.99936144892126;0.288231861777604;2.30567084345456;
7.99968808097765;0.289211757946759;2.31360385292528;
7.99936144892126;0.287905229721218;2.30305799557473;
7.99968808097765;0.288558493833989;2.30837794378862;
7.99968808097765;0.287905229721218;2.30315203465196;
7.99870818480849;0.288885125890374;2.31070782092877;
7.99968808097765;0.289211757946759;2.31360385292528;
7.99936144892126;0.288558493833989;2.30828369133439;
8.00001471303403;0.288231861777604;2.30585913498602;
7.99968808097765;0.288558493833989;2.30837794378862;
7.99903481686488;0.288558493833989;2.30818943888017;
7.99968808097765;0.289211757946759;2.31360385292528;
;;;0.00076852398104133
7.99903481686488;0.288231861777604;2.30557669768884;
7.99903481686488;0.288558493833989;2.30818943888017;
7.99968808097765;0.288558493833989;2.30837794378862;
7.99968808097765;0.288558493833989;2.30837794378862;
7.99903481686488;0.289211757946759;2.31341492126283;
7.99903481686488;0.288231861777604;2.30557669768884;
7.99870818480849;0.288558493833989;2.30809518642594;
7.99936144892126;0.288558493833989;2.30828369133439;
7.99968808097765;0.288231861777604;2.30576498922029;
7.99968808097765;0.288885125890374;2.31099089835695;
8.00034134509042;0.288885125890374;2.31117961664241;
7.99936144892126;0.288558493833989;2.30828369133439;
7.99903481686488;0.288558493833989;2.30818943888017;
7.99936144892126;0.288885125890374;2.31089653921423;
8.00001471303403;0.288231861777604;2.30585913498602;
7.99936144892126;0.288558493833989;2.30828369133439;
-8.00299625750631;0.287905229721218;-2.30410447597541;
-8.00299625750631;0.287578597664833;-2.30149044085057;
-8.0033228895627;0.288558493833989;-2.3094267986793;
-8.00364952161908;0.287251965608448;-2.29906405712619;
-8.00201636133716;0.287905229721218;-2.30382235874372;
-8.00364952161908;0.287905229721218;-2.30429255412986;
-8.00266962544993;0.287905229721218;-2.30401043689818;
-8.00299625750631;0.287905229721218;-2.30410447597541;
-8.00299625750631;0.288885125890374;-2.3119465813499;
-8.00266962544993;0.287251965608448;-2.29878258002551;
-8.00299625750631;0.287578597664833;-2.30149044085057;
-8.0033228895627;0.287905229721218;-2.30419851505263;
-8.00234299339354;0.287578597664833;-2.30130257607312;
-8.0033228895627;0.286598701495677;-2.2937419477993;
-8.00201636133716;0.287578597664833;-2.30120864368439;
-8.00299625750631;0.287578597664833;-2.30149044085057;
-8.00364952161908;0.288231861777604;-2.30690680263169;
-8.00299625750631;0.287905229721218;-2.30410447597541;
-8.00299625750631;0.287905229721218;-2.30410447597541;
-8.00266962544993;0.287578597664833;-2.30139650846184;
-8.0033228895627;0.287251965608448;-2.29897023142597;
-8.00299625750631;0.287578597664833;-2.30149044085057;
-8.00266962544993;0.287905229721218;-2.30401043689818;
-8.00201636133716;0.287905229721218;-2.30382235874372;
-8.00266962544993;0.287905229721218;-2.30401043689818;
-8.0033228895627;0.287905229721218;-2.30419851505263;
-8.00299625750631;0.287578597664833;-2.30149044085057;
-8.00266962544993;0.287905229721218;-2.30401043689818;
-8.00266962544993;0.287578597664833;-2.30139650846184;
-8.00299625750631;0.288885125890374;-2.3119465813499;
-8.00299625750631;0.287578597664833;-2.30149044085057;
-8.00201636133716;0.287905229721218;-2.30382235874372;
-8.00266962544993;0.288231861777604;-2.30662436533451;
-8.00266962544993;0.287905229721218;-2.30401043689818;
-8.00299625750631;0.288231861777604;-2.30671851110024;
-8.00266962544993;0.287905229721218;-2.30401043689818;
-8.00234299339354;0.287905229721218;-2.30391639782095;
-8.00266962544993;0.287251965608448;-2.29878258002551;
-8.00234299339354;0.287578597664833;-2.30130257607312;
-8.00266962544993;0.288231861777604;-2.30662436533451;
-8.00364952161908;0.287578597664833;-2.30167830562803;
-8.00201636133716;0.287905229721218;-2.30382235874372;
-8.0033228895627;0.288231861777604;-2.30681265686597;
-8.0033228895627;0.287578597664833;-2.3015843732393;
-8.00234299339354;0.287905229721218;-2.30391639782095;
-8.00299625750631;0.287905229721218;-2.30410447597541;
-8.00266962544993;0.287905229721218;-2.30401043689818;
-8.00364952161908;0.287578597664833;-2.30167830562803;
-8.00266962544993;0.287578597664833;-2.30139650846184;
-8.00234299339354;0.287905229721218;-2.30391639782095;
7.99968808097765;0.288558493833989;2.30837794378862;
7.99936144892126;0.288558493833989;2.30828369133439;
8.00001471303403;0.289538390003145;2.31631138001334;
7.99936144892126;0.288558493833989;2.30828369133439;
7.99968808097765;0.288558493833989;2.30837794378862;
7.99968808097765;0.288885125890374;2.31099089835695;
7.99936144892126;0.288558493833989;2.30828369133439;
7.99936144892126;0.288885125890374;2.31089653921423;
7.99936144892126;0.288558493833989;2.30828369133439;
8.00001471303403;0.288885125890374;2.31108525749968;
7.99968808097765;0.288885125890374;2.31099089835695;
7.99968808097765;0.287905229721218;2.30315203465196;
7.99968808097765;0.288885125890374;2.31099089835695;
7.99936144892126;0.288885125890374;2.31089653921423;
8.00001471303403;0.289211757946759;2.31369831875651;
8.00001471303403;0.288885125890374;2.31108525749968;
7.99968808097765;0.288231861777604;2.30576498922029;
7.99903481686488;0.289211757946759;2.31341492126283;
8.00001471303403;0.288885125890374;2.31108525749968;
7.99936144892126;0.288558493833989;2.30828369133439;
8.00001471303403;0.288558493833989;2.30847219624285;
7.99936144892126;0.288231861777604;2.30567084345456;
7.99838155275211;0.289211757946759;2.31322598960037;
7.99936144892126;0.288885125890374;2.31089653921423;
8.00001471303403;0.288558493833989;2.30847219624285;
8.00001471303403;0.288885125890374;2.31108525749968;
7.99870818480849;0.288231861777604;2.30548255192311;
8.00001471303403;0.288231861777604;2.30585913498602;
7.99968808097765;0.288558493833989;2.30837794378862;
8.00001471303403;0.288885125890374;2.31108525749968;
7.99968808097765;0.288885125890374;2.31099089835695;
7.99936144892126;0.288885125890374;2.31089653921423;
7.99936144892126;0.289211757946759;2.31350938709406;
7.99968808097765;0.287905229721218;2.30315203465196;
;;;0.000736240410120581
7.99936144892126;0.288558493833989;2.30828369133439;
7.99903481686488;0.288885125890374;2.3108021800715;
7.99936144892126;0.288885125890374;2.31089653921423;
7.99936144892126;0.288885125890374;2.31089653921423;
7.99968808097765;0.288558493833989;2.30837794378862;
7.99903481686488;0.288558493833989;2.30818943888017;
7.99903481686488;0.288558493833989;2.30818943888017;
7.99936144892126;0.288885125890374;2.31089653921423;
8.00001471303403;0.288885125890374;2.31108525749968;
7.99968808097765;0.289211757946759;2.31360385292528;
7.99968808097765;0.288231861777604;2.30576498922029;
7.99968808097765;0.288885125890374;2.31099089835695;
7.99968808097765;0.288558493833989;2.30837794378862;
8.00001471303403;0.288885125890374;2.31108525749968;
7.99968808097765;0.288885125890374;2.31099089835695;
7.99903481686488;0.288558493833989;2.30818943888017;
-8.00201636133716;0.287905229721218;-2.30382235874372;
-8.00299625750631;0.287578597664833;-2.30149044085057;
-8.00299625750631;0.287905229721218;-2.30410447597541;
-8.00299625750631;0.287905229721218;-2.30410447597541;
-8.00201636133716;0.287578597664833;-2.30120864368439;
-8.00234299339354;0.287905229721218;-2.30391639782095;
-8.00266962544993;0.287905229721218;-2.30401043689818;
-8.00266962544993;0.287905229721218;-2.30401043689818;
-8.00201636133716;0.287578597664833;-2.30120864368439;
-8.00299625750631;0.287905229721218;-2.30410447597541;
-8.00299625750631;0.287578597664833;-2.30149044085057;
-8.00299625750631;0.287251965608448;-2.29887640572574;
-8.00234299339354;0.288231861777604;-2.30653021956878;
-8.00266962544993;0.287905229721218;-2.30401043689818;
-8.00266962544993;0.287905229721218;-2.30401043689818;
-8.00266962544993;0.287905229721218;-2.30401043689818;
-8.00299625750631;0.287578597664833;-2.30149044085057;
-8.00266962544993;0.287905229721218;-2.30401043689818;
-8.00234299339354;0.287905229721218;-2.30391639782095;
-8.0033228895627;0.287251965608448;-2.29897023142597;
-8.00234299339354;0.288231861777604;-2.30653021956878;
-8.00299625750631;0.287905229721218;-2.30410447597541;
-8.00397615367547;0.287578597664833;-2.30177223801676;
-8.0033228895627;0.287905229721218;-2.30419851505263;
-8.00266962544993;0.288231861777604;-2.30662436533451;
-8.0033228895627;0.287905229721218;-2.30419851505263;
-8.00234299339354;0.287251965608448;-2.29868875432528;
-8.00299625750631;0.287251965608448;-2.29887640572574;
-8.00299625750631;0.287905229721218;-2.30410447597541;
-8.00299625750631;0.287905229721218;-2.30410447597541;
-8.00266962544993;0.288231861777604;-2.30662436533451;
-8.00234299339354;0.287905229721218;-2.30391639782095;
-8.00266962544993;0.287578597664833;-2.30139650846184;
-8.00299625750631;0.287578597664833;-2.30149044085057;
-8.00299625750631;0.287905229721218;-2.30410447597541;
-8.00168972928077;0.286925333552063;-2.295887494554;
-8.0033228895627;0.287905229721218;-2.30419851505263;
-8.0033228895627;0.287905229721218;-2.30419851505263;
-8.00266962544993;0.287578597664833;-2.30139650846184;
-8.00299625750631;0.287251965608448;-2.29887640572574;
-8.0033228895627;0.288231861777604;-2.30681265686597;
-8.00364952161908;0.287251965608448;-2.29906405712619;
-8.00234299339354;0.287578597664833;-2.30130257607312;
-8.00266962544993;0.287578597664833;-2.30139650846184;
-8.00266962544993;0.287578597664833;-2.30139650846184;
-8.00234299339354;0.287578597664833;-2.30130257607312;
-8.00266962544993;0.288231861777604;-2.30662436533451;
-8.0033228895627;0.287905229721218;-2.30419851505263;
-8.00234299339354;0.288231861777604;-2.30653021956878;
-8.00299625750631;0.287905229721218;-2.30410447597541;
7.99968808097765;0.288885125890374;2.31099089835695;
7.99968808097765;0.288558493833989;2.30837794378862;
7.99936144892126;0.288885125890374;2.31089653921423;
7.99968808097765;0.288885125890374;2.31099089835695;
7.99870818480849;0.288558493833989;2.30809518642594;
7.99968808097765;0.289211757946759;2.31360385292528;
7.99936144892126;0.289211757946759;2.31350938709406;
7.99936144892126;0.288231861777604;2.30567084345456;
7.99936144892126;0.288885125890374;2.31089653921423;
8.00001471303403;0.288231861777604;2.30585913498602;
7.99936144892126;0.288885125890374;2.31089653921423;
7.99968808097765;0.288885125890374;2.31099089835695;
8.00001471303403;0.288231861777604;2.30585913498602;
7.99936144892126;0.288885125890374;2.31089653921423;
7.99936144892126;0.287905229721218;2.30305799557473;
8.00034134509042;0.288885125890374;2.31117961664241;
7.99936144892126;0.289211757946759;2.31350938709406;
7.99903481686488;0.289211757946759;2.31341492126283;
7.99968808097765;0.288231861777604;2.30576498922029;
7.99968808097765;0.288231861777604;2.30576498922029;
7.99968808097765;0.288558493833989;2.30837794378862;
8.00001471303403;0.288885125890374;2.31108525749968;
7.99968808097765;0.288885125890374;2.31099089835695;
7.99968808097765;0.288231861777604;2.30576498922029;
7.99870818480849;0.288885125890374;2.31070782092877;
8.00001471303403;0.287905229721218;2.30324607372919;
7.99968808097765;0.289211757946759;2.31360385292528;
7.99936144892126;0.289211757946759;2.31350938709406;
7.99903481686488;0.288885125890374;2.3108021800715;
7.99968808097765;0.287905229721218;2.30315203465196;
8.00001471303403;0.288885125890374;2.31108525749968;
7.99936144892126;0.288231861777604;2.30567084345456;
8.00034134509042;0.288558493833989;2.30856644869708;
7.99968808097765;0.289211757946759;2.31360385292528;
;;;0.000824231812357538
7.99936144892126;0.288558493833989;2.30828369133439;
8.00001471303403;0.288558493833989;2.30847219624285;
7.99936144892126;0.288885125890374;2.31089653921423;
7.99968808097765;0.289211757946759;2.31360385292528;
8.00001471303403;0.288231861777604;2.30585913498602;
7.99968808097765;0.288558493833989;2.30837794378862;
7.99936144892126;0.288558493833989;2.30828369133439;
7.99936144892126;0.288231861777604;2.30567084345456;
7.99936144892126;0.289538390003145;2.31612223497389;
7.99968808097765;0.289211757946759;2.31360385292528;
8.00034134509042;0.288885125890374;2.31117961664241;
7.99968808097765;0.289211757946759;2.31360385292528;
8.00001471303403;0.288558493833989;2.30847219624285;
7.99968808097765;0.288558493833989;2.30837794378862;
7.99968808097765;0.288558493833989;2.30837794378862;
7.99936144892126;0.287905229721218;2.30305799557473;
-8.0033228895627;0.287905229721218;-2.30419851505263;
-8.00299625750631;0.287905229721218;-2.30410447597541;
-8.00234299339354;0.287578597664833;-2.30130257607312;
-8.00234299339354;0.287905229721218;-2.30391639782095;
-8.00201636133716;0.288231861777604;-2.30643607380305;
-8.00397615367547;0.287905229721218;-2.30438659320709;
-8.00234299339354;0.288231861777604;-2.30653021956878;
-8.00266962544993;0.287578597664833;-2.30139650846184;
-8.00201636133716;0.287578597664833;-2.30120864368439;
-8.00234299339354;0.288231861777604;-2.30653021956878;
-8.00266962544993;0.287905229721218;-2.30401043689818;
-8.00234299339354;0.288885125890374;-2.31175786306445;
-8.00201636133716;0.287905229721218;-2.30382235874372;
-8.00234299339354;0.287905229721218;-2.30391639782095;
-8.00299625750631;0.288231861777604;-2.30671851110024;
-8.00266962544993;0.287905229721218;-2.30401043689818;
-8.00299625750631;0.287578597664833;-2.30149044085057;
-8.00201636133716;0.287905229721218;-2.30382235874372;
-8.00397615367547;0.288231861777604;-2.30700094839742;
-8.00299625750631;0.287578597664833;-2.30149044085057;
-8.00266962544993;0.288558493833989;-2.30923829377084;
-8.00201636133716;0.287905229721218;-2.30382235874372;
-8.00299625750631;0.287905229721218;-2.30410447597541;
-8.00299625750631;0.287905229721218;-2.30410447597541;
-8.00266962544993;0.287578597664833;-2.30139650846184;
-8.00266962544993;0.287905229721218;-2.30401043689818;
-8.00299625750631;0.287905229721218;-2.30410447597541;
-8.00234299339354;0.287578597664833;-2.30130257607312;
-8.00299625750631;0.287251965608448;-2.29887640572574;
-8.0033228895627;0.287905229721218;-2.30419851505263;
-8.00234299339354;0.288231861777604;-2.30653021956878;
-8.00234299339354;0.287905229721218;-2.30391639782095;
-8.00299625750631;0.287578597664833;-2.30149044085057;
-8.00266962544993;0.287905229721218;-2.30401043689818;
-8.00266962544993;0.288558493833989;-2.30923829377084;
-8.0033228895627;0.288558493833989;-2.3094267986793;
-8.00266962544993;0.287578597664833;-2.30139650846184;
-8.00364952161908;0.288231861777604;-2.30690680263169;
-8.00234299339354;0.288231861777604;-2.30653021956878;
-8.00201636133716;0.287578597664833;-2.30120864368439;
-8.0033228895627;0.288885125890374;-2.31204094049263;
-8.0033228895627;0.287905229721218;-2.30419851505263;
-8.00266962544993;0.288558493833989;-2.30923829377084;
-8.00266962544993;0.287905229721218;-2.30401043689818;
-8.00266962544993;0.287578597664833;-2.30139650846184;
-8.00201636133716;0.287905229721218;-2.30382235874372;
-8.00299625750631;0.288231861777604;-2.30671851110024;
-8.0033228895627;0.287905229721218;-2.30419851505263;
-8.00234299339354;0.288558493833989;-2.30914404131661;
-8.00234299339354;0.287578597664833;-2.30130257607312;
7.99903481686488;0.288885125890374;2.3108021800715;
7.99936144892126;0.288558493833989;2.30828369133439;
8.0006679771468;0.289211757946759;2.31388725041897;
7.99968808097765;0.288885125890374;2.31099089835695;
8.00001471303403;0.288558493833989;2.30847219624285;
7.99968808097765;0.289211757946759;2.31360385292528;
8.00001471303403;0.288558493833989;2.30847219624285;
7.99968808097765;0.288885125890374;2.31099089835695;
8.00001471303403;0.288231861777604;2.30585913498602;
8.00001471303403;0.288558493833989;2.30847219624285;
8.00001471303403;0.288558493833989;2.30847219624285;
8.00034134509042;0.288885125890374;2.31117961664241;
7.99903481686488;0.288558493833989;2.30818943888017;
7.99936144892126;0.288885125890374;2.31089653921423;
7.99968808097765;0.288885125890374;2.31099089835695;
8.00001471303403;0.288558493833989;2.30847219624285;
8.00001471303403;0.288885125890374;2.31108525749968;
7.99936144892126;0.288558493833989;2.30828369133439;
7.99936144892126;0.289211757946759;2.31350938709406;
8.00001471303403;0.288231861777604;2.30585913498602;
7.99968808097765;0.289211757946759;2.31360385292528;
7.99936144892126;0.28986502205953;2.31873508285372;
7.99968808097765;0.288885125890374;2.31099089835695;
8.00034134509042;0.289211757946759;2.31379278458774;
8.00001471303403;0.289211757946759;2.31369831875651;
7.99968808097765;0.289211757946759;2.31360385292528;
7.99903481686488;0.288558493833989;2.30818943888017;
7.99870818480849;0.289211757946759;2.3133204554316;
7.99936144892126;0.288885125890374;2.31089653921423;
7.99903481686488;0.288558493833989;2.30818943888017;
7.99903481686488;0.288231861777604;2.30557669768884;
7.99968808097765;0.288885125890374;2.31099089835695;
7.99936144892126;0.289211757946759;2.31350938709406;
7.99903481686488;0.289211757946759;2.31341492126283;
;;;0.00071898637723624
7.99936144892126;0.288558493833989;2.30828369133439;
7.99968808097765;0.288558493833989;2.30837794378862;
8.00034134509042;0.288885125890374;2.31117961664241;
8.00001471303403;0.288885125890374;2.31108525749968;
8.00001471303403;0.288885125890374;2.31108525749968;
7.99903481686488;0.288885125890374;2.3108021800715;
8.00034134509042;0.288885125890374;2.31117961664241;
8.00001471303403;0.289538390003145;2.31631138001334;
7.99936144892126;0.288558493833989;2.30828369133439;
8.00001471303403;0.288231861777604;2.30585913498602;
8.00001471303403;0.288885125890374;2.31108525749968;
8.0006679771468;0.288558493833989;2.30866070115131;
8.00034134509042;0.288885125890374;2.31117961664241;
7.99870818480849;0.288885125890374;2.31070782092877;
7.99968808097765;0.288885125890374;2.31099089835695;
7.99936144892126;0.289211757946759;2.31350938709406;
-8.00201636133716;0.287905229721218;-2.30382235874372;
-8.00234299339354;0.288231861777604;-2.30653021956878;
-8.00266962544993;0.287905229721218;-2.30401043689818;
-8.00299625750631;0.288558493833989;-2.30933254622507;
-8.00266962544993;0.287905229721218;-2.30401043689818;
-8.0033228895627;0.287905229721218;-2.30419851505263;
-8.00299625750631;0.288231861777604;-2.30671851110024;
-8.00299625750631;0.287578597664833;-2.30149044085057;
-8.00299625750631;0.287905229721218;-2.30410447597541;
-8.0033228895627;0.287905229721218;-2.30419851505263;
-8.00299625750631;0.288558493833989;-2.30933254622507;
-8.00234299339354;0.287578597664833;-2.30130257607312;
-8.00299625750631;0.287905229721218;-2.30410447597541;
-8.00299625750631;0.287905229721218;-2.30410447597541;
-8.00266962544993;0.287578597664833;-2.30139650846184;
-8.00299625750631;0.288558493833989;-2.30933254622507;
-8.00299625750631;0.288231861777604;-2.30671851110024;
-8.0033228895627;0.287905229721218;-2.30419851505263;
-8.00266962544993;0.288885125890374;-2.31185222220718;
-8.00234299339354;0.288231861777604;-2.30653021956878;
-8.0033228895627;0.288558493833989;-2.3094267986793;
-8.00266962544993;0.288558493833989;-2.30923829377084;
-8.00364952161908;0.287905229721218;-2.30429255412986;
-8.0033228895627;0.288231861777604;-2.30681265686597;
-8.00364952161908;0.288231861777604;-2.30690680263169;
-8.00299625750631;0.288231861777604;-2.30671851110024;
-8.00299625750631;0.288231861777604;-2.30671851110024;
-8.00201636133716;0.288231861777604;-2.30643607380305;
-8.00266962544993;0.287578597664833;-2.30139650846184;
-8.0033228895627;0.288558493833989;-2.3094267986793;
-8.00266962544993;0.287905229721218;-2.30401043689818;
-8.00266962544993;0.287905229721218;-2.30401043689818;
-8.00234299339354;0.288231861777604;-2.30653021956878;
-8.00266962544993;0.287578597664833;-2.30139650846184;
-8.00299625750631;0.287578597664833;-2.30149044085057;
-8.00266962544993;0.288231861777604;-2.30662436533451;
-8.00266962544993;0.287905229721218;-2.30401043689818;
-8.00234299339354;0.287905229721218;-2.30391639782095;
-8.00364952161908;0.287578597664833;-2.30167830562803;
-8.0033228895627;0.288558493833989;-2.3094267986793;
-8.0033228895627;0.287905229721218;-2.30419851505263;
-8.0033228895627;0.287578597664833;-2.3015843732393;
-8.00266962544993;0.287905229721218;-2.30401043689818;
-8.00266962544993;0.287905229721218;-2.30401043689818;
-8.00168972928077;0.287905229721218;-2.30372831966649;
-8.00299625750631;0.288231861777604;-2.30671851110024;
-8.00234299339354;0.287905229721218;-2.30391639782095;
-8.00234299339354;0.287905229721218;-2.30391639782095;
-8.00299625750631;0.288231861777604;-2.30671851110024;
-8.00234299339354;0.287905229721218;-2.30391639782095;
7.99968808097765;0.288558493833989;2.30837794378862;
8.00034134509042;0.289211757946759;2.31379278458774;
7.99968808097765;0.288885125890374;2.31099089835695;
8.00034134509042;0.289211757946759;2.31379278458774;
7.99936144892126;0.288558493833989;2.30828369133439;
7.99968808097765;0.288885125890374;2.31099089835695;
7.99936144892126;0.288885125890374;2.31089653921423;
7.99936144892126;0.288231861777604;2.30567084345456;
7.99870818480849;0.288885125890374;2.31070782092877;
7.99870818480849;0.288231861777604;2.30548255192311;
7.99936144892126;0.289211757946759;2.31350938709406;
7.99936144892126;0.288558493833989;2.30828369133439;
7.99903481686488;0.289211757946759;2.31341492126283;
7.99936144892126;0.288885125890374;2.31089653921423;
8.00001471303403;0.288885125890374;2.31108525749968;
8.00034134509042;0.288885125890374;2.31117961664241;
7.99968808097765;0.288885125890374;2.31099089835695;
7.99903481686488;0.288885125890374;2.3108021800715;
7.99968808097765;0.288558493833989;2.30837794378862;
8.00001471303403;0.289211757946759;2.31369831875651;
7.99903481686488;0.288558493833989;2.30818943888017;
7.99968808097765;0.288885125890374;2.31099089835695;
7.99903481686488;0.288885125890374;2.3108021800715;
7.99903481686488;0.288885125890374;2.3108021800715;
7.99838155275211;0.288558493833989;2.30800093397171;
7.99968808097765;0.289538390003145;2.31621680749361;
7.99936144892126;0.288885125890374;2.31089653921423;
7.99903481686488;0.288885125890374;2.3108021800715;
7.99968808097765;0.288231861777604;2.30576498922029;
7.99838155275211;0.288558493833989;2.30800093397171;
8.00001471303403;0.288558493833989;2.30847219624285;
7.99903481686488;0.289211757946759;2.31341492126283;
7.99870818480849;0.288558493833989;2.30809518642594;
7.99968808097765;0.288885125890374;2.31099089835695;
;;;0.000651930096856292
7.99936144892126;0.288558493833989;2.30828369133439;
7.99968808097765;0.289211757946759;2.31360385292528;
8.00001471303403;0.288558493833989;2.30847219624285;
7.99936144892126;0.289211757946759;2.31350938709406;
7.99968808097765;0.288558493833989;2.30837794378862;
7.99903481686488;0.288885125890374;2.3108021800715;
8.00034134509042;0.288558493833989;2.30856644869708;
8.00001471303403;0.288885125890374;2.31108525749968;
8.00034134509042;0.288885125890374;2.31117961664241;
7.99968808097765;0.288885125890374;2.31099089835695;
7.99936144892126;0.289211757946759;2.31350938709406;
7.99936144892126;0.289211757946759;2.31350938709406;
8.00034134509042;0.289211757946759;2.31379278458774;
7.99968808097765;0.288558493833989;2.30837794378862;
8.00001471303403;0.289211757946759;2.31369831875651;
7.99903481686488;0.288885125890374;2.3108021800715;
-8.00266962544993;0.287905229721218;-2.30401043689818;
-8.00299625750631;0.287905229721218;-2.30410447597541;
-8.00299625750631;0.288558493833989;-2.30933254622507;
-8.00299625750631;0.288558493833989;-2.30933254622507;
-8.00234299339354;0.288558493833989;-2.30914404131661;
-8.00397615367547;0.288231861777604;-2.30700094839742;
-8.00266962544993;0.287905229721218;-2.30401043689818;
-8.00299625750631;0.288231861777604;-2.30671851110024;
-8.00266962544993;0.287905229721218;-2.30401043689818;
-8.0033228895627;0.287905229721218;-2.30419851505263;
-8.00299625750631;0.288231861777604;-2.30671851110024;
-8.00299625750631;0.287578597664833;-2.30149044085057;
-8.00266962544993;0.288558493833989;-2.30923829377084;
-8.00299625750631;0.288558493833989;-2.30933254622507;
-8.00266962544993;0.287905229721218;-2.30401043689818;
-8.00266962544993;0.288231861777604;-2.30662436533451;
-8.00234299339354;0.287905229721218;-2.30391639782095;
-8.00299625750631;0.287905229721218;-2.30410447597541;
-8.00364952161908;0.287905229721218;-2.30429255412986;
-8.0033228895627;0.288231861777604;-2.30681265686597;
-8.00364952161908;0.287905229721218;-2.30429255412986;
-8.00266962544993;0.288231861777604;-2.30662436533451;
-8.00299625750631;0.288231861777604;-2.30671851110024;
-8.00397615367547;0.288231861777604;-2.30700094839742;
-8.00299625750631;0.287578597664833;-2.30149044085057;
-8.00234299339354;0.287905229721218;-2.30391639782095;
-8.00364952161908;0.287905229721218;-2.30429255412986;
-8.00266962544993;0.287251965608448;-2.29878258002551;
-8.00234299339354;0.288885125890374;-2.31175786306445;
-8.0033228895627;0.287905229721218;-2.30419851505263;
-8.00201636133716;0.287905229721218;-2.30382235874372;
-8.00299625750631;0.287578597664833;-2.30149044085057;
-8.00234299339354;0.287578597664833;-2.30130257607312;
-8.00364952161908;0.287905229721218;-2.30429255412986;
-8.00299625750631;0.287905229721218;-2.30410447597541;
-8.00299625750631;0.288231861777604;-2.30671851110024;
-8.00234299339354;0.287905229721218;-2.30391639782095;
-8.00266962544993;0.287905229721218;-2.30401043689818;
-8.00364952161908;0.287905229721218;-2.30429255412986;
-8.0033228895627;0.288558493833989;-2.3094267986793;
-8.00266962544993;0.288558493833989;-2.30923829377084;
-8.00201636133716;0.287905229721218;-2.30382235874372;
-8.00266962544993;0.288885125890374;-2.31185222220718;
-8.0033228895627;0.287905229721218;-2.30419851505263;
-8.00299625750631;0.288231861777604;-2.30671851110024;
-8.00234299339354;0.288231861777604;-2.30653021956878;
-8.0033228895627;0.287905229721218;-2.30419851505263;
-8.00299625750631;0.288231861777604;-2.30671851110024;
-8.00299625750631;0.287578597664833;-2.30149044085057;
-8.00266962544993;0.288558493833989;-2.30923829377084;
7.99968808097765;0.288885125890374;2.31099089835695;
7.99968808097765;0.288885125890374;2.31099089835695;
7.99968808097765;0.288231861777604;2.30576498922029;
7.99903481686488;0.289211757946759;2.31341492126283;
7.99903481686488;0.288885125890374;2.3108021800715;
7.99968808097765;0.288885125890374;2.31099089835695;
8.00034134509042;0.288558493833989;2.30856644869708;
7.99903481686488;0.289538390003145;2.31602766245416;
7.99968808097765;0.289211757946759;2.31360385292528;
7.99903481686488;0.288885125890374;2.3108021800715;
7.99936144892126;0.289211757946759;2.31350938709406;
7.99936144892126;0.289211757946759;2.31350938709406;
8.00001471303403;0.288885125890374;2.31108525749968;
7.99936144892126;0.288885125890374;2.31089653921423;
7.99936144892126;0.288231861777604;2.30567084345456;
7.99968808097765;0.289211757946759;2.31360385292528;
7.99936144892126;0.288558493833989;2.30828369133439;
8.00001471303403;0.288885125890374;2.31108525749968;
7.99903481686488;0.288558493833989;2.30818943888017;
7.99968808097765;0.289211757946759;2.31360385292528;
7.99903481686488;0.288885125890374;2.3108021800715;
8.00001471303403;0.288885125890374;2.31108525749968;
7.99968808097765;0.288885125890374;2.31099089835695;
7.99936144892126;0.288558493833989;2.30828369133439;
8.00001471303403;0.288885125890374;2.31108525749968;
7.99968808097765;0.288885125890374;2.31099089835695;
8.00001471303403;0.289211757946759;2.31369831875651;
8.00034134509042;0.289211757946759;2.31379278458774;
7.99936144892126;0.288558493833989;2.30828369133439;
7.99936144892126;0.289538390003145;2.31612223497389;
7.99870818480849;0.288231861777604;2.30548255192311;
7.99968808097765;0.289211757946759;2.31360385292528;
7.99870818480849;0.287905229721218;2.30286991742028;
7.99936144892126;0.288885125890374;2.31089653921423;
;;;0.00068270174127833
7.99936144892126;0.288231861777604;2.30567084345456;
8.00034134509042;0.288231861777604;2.30595328075175;
7.99936144892126;0.289538390003145;2.31612223497389;
7.99968808097765;0.288885125890374;2.31099089835695;
7.99968808097765;0.289211757946759;2.31360385292528;
8.00001471303403;0.289211757946759;2.31369831875651;
7.99903481686488;0.288885125890374;2.3108021800715;
7.99903481686488;0.288231861777604;2.30557669768884;
7.99968808097765;0.289211757946759;2.31360385292528;
8.00034134509042;0.288231861777604;2.30595328075175;
7.99968808097765;0.288885125890374;2.31099089835695;
7.99870818480849;0.288885125890374;2.31070782092877;
7.99903481686488;0.289211757946759;2.31341492126283;
7.99936144892126;0.289211757946759;2.31350938709406;
7.99870818480849;0.288885125890374;2.31070782092877;
7.99903481686488;0.288885125890374;2.3108021800715;
-8.0033228895627;0.288231861777604;-2.30681265686597;
-8.00201636133716;0.287905229721218;-2.30382235874372;
-8.00201636133716;0.288558493833989;-2.30904978886239;
-8.00266962544993;0.288558493833989;-2.30923829377084;
-8.00299625750631;0.288231861777604;-2.30671851110024;
-8.00299625750631;0.288231861777604;-2.30671851110024;
-8.00266962544993;0.288558493833989;-2.30923829377084;
-8.00266962544993;0.287578597664833;-2.30139650846184;
-8.00266962544993;0.287905229721218;-2.30401043689818;
-8.0033228895627;0.288231861777604;-2.30681265686597;
-8.00299625750631;0.288231861777604;-2.30671851110024;
-8.00299625750631;0.288231861777604;-2.30671851110024;
-8.00299625750631;0.287578597664833;-2.30149044085057;
-8.00299625750631;0.287578597664833;-2.30149044085057;
-8.0033228895627;0.288231861777604;-2.30681265686597;
-8.00201636133716;0.288231861777604;-2.30643607380305;
-8.00364952161908;0.288558493833989;-2.30952105113353;
-8.00266962544993;0.288558493833989;-2.30923829377084;
-8.00266962544993;0.288231861777604;-2.30662436533451;
-8.00234299339354;0.288558493833989;-2.30914404131661;
-8.00266962544993;0.288231861777604;-2.30662436533451;
-8.00299625750631;0.288231861777604;-2.30671851110024;
-8.00234299339354;0.288231861777604;-2.30653021956878;
-8.00234299339354;0.288231861777604;-2.30653021956878;
-8.00266962544993;0.287905229721218;-2.30401043689818;
-8.00266962544993;0.287578597664833;-2.30139650846184;
-8.00299625750631;0.287578597664833;-2.30149044085057;
-8.00299625750631;0.287905229721218;-2.30410447597541;
-8.0033228895627;0.288558493833989;-2.3094267986793;
-8.00234299339354;0.288231861777604;-2.30653021956878;
-8.0033228895627;0.287905229721218;-2.30419851505263;
-8.0033228895627;0.288231861777604;-2.30681265686597;
-8.00234299339354;0.287905229721218;-2.30391639782095;
-8.00266962544993;0.287578597664833;-2.30139650846184;
-8.00299625750631;0.288558493833989;-2.30933254622507;
-8.00364952161908;0.287578597664833;-2.30167830562803;
-8.00266962544993;0.287905229721218;-2.30401043689818;
-8.00364952161908;0.288558493833989;-2.30952105113353;
-8.00299625750631;0.288231861777604;-2.30671851110024;
-8.0033228895627;0.287905229721218;-2.30419851505263;
-8.00266962544993;0.288558493833989;-2.30923829377084;
-8.00299625750631;0.288231861777604;-2.30671851110024;
-8.0033228895627;0.288558493833989;-2.3094267986793;
-8.00266962544993;0.288558493833989;-2.30923829377084;
-8.00266962544993;0.289211757946759;-2.31446615064351;
-8.00234299339354;0.287578597664833;-2.30130257607312;
-8.0033228895627;0.287905229721218;-2.30419851505263;
-8.00201636133716;0.288231861777604;-2.30643607380305;
-8.0033228895627;0.288231861777604;-2.30681265686597;
-8.0033228895627;0.288231861777604;-2.30681265686597;
7.99936144892126;0.289211757946759;2.31350938709406;
7.99968808097765;0.288231861777604;2.30576498922029;
8.00001471303403;0.288885125890374;2.31108525749968;
8.0006679771468;0.288558493833989;2.30866070115131;
7.99968808097765;0.288231861777604;2.30576498922029;
7.99968808097765;0.288885125890374;2.31099089835695;
7.99936144892126;0.288885125890374;2.31089653921423;
7.99936144892126;0.289538390003145;2.31612223497389;
7.99936144892126;0.289211757946759;2.31350938709406;
8.00001471303403;0.288885125890374;2.31108525749968;
7.99968808097765;0.288885125890374;2.31099089835695;
7.99903481686488;0.289211757946759;2.31341492126283;
8.00034134509042;0.288885125890374;2.31117961664241;
7.99936144892126;0.289538390003145;2.31612223497389;
7.99870818480849;0.288558493833989;2.30809518642594;
7.99870818480849;0.289211757946759;2.3133204554316;
7.99870818480849;0.288885125890374;2.31070782092877;
8.00001471303403;0.289211757946759;2.31369831875651;
7.99903481686488;0.288885125890374;2.3108021800715;
7.99936144892126;0.289211757946759;2.31350938709406;
7.99968808097765;0.288885125890374;2.31099089835695;
7.99968808097765;0.289211757946759;2.31360385292528;
7.99903481686488;0.289538390003145;2.31602766245416;
8.00001471303403;0.288558493833989;2.30847219624285;
7.99903481686488;0.289211757946759;2.31341492126283;
7.99968808097765;0.288885125890374;2.31099089835695;
8.00034134509042;0.288885125890374;2.31117961664241;
7.99968808097765;0.288558493833989;2.30837794378862;
8.00001471303403;0.288231861777604;2.30585913498602;
7.99968808097765;0.288885125890374;2.31099089835695;
7.99936144892126;0.288885125890374;2.31089653921423;
7.99903481686488;0.288231861777604;2.30557669768884;
7.99968808097765;0.289211757946759;2.31360385292528;
7.99936144892126;0.288885125890374;2.31089653921423;
;;;0.000611030533865993
7.99968808097765;0.289211757946759;2.31360385292528;
7.99936144892126;0.289211757946759;2.31350938709406;
7.99936144892126;0.289211757946759;2.31350938709406;
8.00001471303403;0.289211757946759;2.31369831875651;
7.99903481686488;0.289538390003145;2.31602766245416;
7.99936144892126;0.288885125890374;2.31089653921423;
7.99936144892126;0.288558493833989;2.30828369133439;
7.99870818480849;0.28986502205953;2.31854572443726;
8.00034134509042;0.289211757946759;2.31379278458774;
7.99903481686488;0.289211757946759;2.31341492126283;
7.99936144892126;0.289211757946759;2.31350938709406;
7.99968808097765;0.288558493833989;2.30837794378862;
7.99936144892126;0.289538390003145;2.31612223497389;
7.99968808097765;0.288558493833989;2.30837794378862;
7.99968808097765;0.289211757946759;2.31360385292528;
8.00001471303403;0.289538390003145;2.31631138001334;
-8.0033228895627;0.287905229721218;-2.30419851505263;
-8.00234299339354;0.288231861777604;-2.30653021956878;
-8.0033228895627;0.288231861777604;-2.30681265686597;
-8.00266962544993;0.287905229721218;-2.30401043689818;
-8.00299625750631;0.288231861777604;-2.30671851110024;
-8.00364952161908;0.287905229721218;-2.30429255412986;
-8.00299625750631;0.287905229721218;-2.30410447597541;
-8.00299625750631;0.287578597664833;-2.30149044085057;
-8.00234299339354;0.289211757946759;-2.31437168481228;
-8.00299625750631;0.288231861777604;-2.30671851110024;
-8.00266962544993;0.287578597664833;-2.30139650846184;
-8.00266962544993;0.287578597664833;-2.30139650846184;
-8.00299625750631;0.288885125890374;-2.3119465813499;
-8.00234299339354;0.288231861777604;-2.30653021956878;
-8.00234299339354;0.287905229721218;-2.30391639782095;
-8.00234299339354;0.288885125890374;-2.31175786306445;
-8.00299625750631;0.288231861777604;-2.30671851110024;
-8.00364952161908;0.287905229721218;-2.30429255412986;
-8.0033228895627;0.287905229721218;-2.30419851505263;
-8.00266962544993;0.288231861777604;-2.30662436533451;
-8.00364952161908;0.288231861777604;-2.30690680263169;
-8.00266962544993;0.287578597664833;-2.30139650846184;
-8.00364952161908;0.288231861777604;-2.30690680263169;
-8.00299625750631;0.287578597664833;-2.30149044085057;
-8.0033228895627;0.287578597664833;-2.3015843732393;
-8.00266962544993;0.287578597664833;-2.30139650846184;
-8.0033228895627;0.288885125890374;-2.31204094049263;
-8.00266962544993;0.289211757946759;-2.31446615064351;
-8.0033228895627;0.287905229721218;-2.30419851505263;
-8.00266962544993;0.288885125890374;-2.31185222220718;
-8.00201636133716;0.288231861777604;-2.30643607380305;
-8.0033228895627;0.287905229721218;-2.30419851505263;
-8.00299625750631;0.288231861777604;-2.30671851110024;
-8.00234299339354;0.287905229721218;-2.30391639782095;
-8.00397615367547;0.287905229721218;-2.30438659320709;
-8.00266962544993;0.287578597664833;-2.30139650846184;
-8.00234299339354;0.287905229721218;-2.30391639782095;
-8.00299625750631;0.287905229721218;-2.30410447597541;
-8.00266962544993;0.287905229721218;-2.30401043689818;
-8.00266962544993;0.288558493833989;-2.30923829377084;
-8.00266962544993;0.287905229721218;-2.30401043689818;
-8.0033228895627;0.288231861777604;-2.30681265686597;
-8.00299625750631;0.288231861777604;-2.30671851110024;
-8.00266962544993;0.288558493833989;-2.30923829377084;
-8.0033228895627;0.288558493833989;-2.3094267986793;
-8.00266962544993;0.287905229721218;-2.30401043689818;
-8.00266962544993;0.287905229721218;-2.30401043689818;
-8.00266962544993;0.288231861777604;-2.30662436533451;
-8.00299625750631;0.287905229721218;-2.30410447597541;
-8.00299625750631;0.287578597664833;-2.30149044085057;
7.99903481686488;0.289211757946759;2.31341492126283;
7.99903481686488;0.289538390003145;2.31602766245416;
7.99968808097765;0.289211757946759;2.31360385292528;
7.99968808097765;0.289538390003145;2.31621680749361;
8.00001471303403;0.288885125890374;2.31108525749968;
7.99968808097765;0.288885125890374;2.31099089835695;
7.99968808097765;0.288885125890374;2.31099089835695;
7.99936144892126;0.28986502205953;2.31873508285372;
7.99968808097765;0.288558493833989;2.30837794378862;
8.00001471303403;0.288558493833989;2.30847219624285;
7.99936144892126;0.288885125890374;2.31089653921423;
8.00001471303403;0.289211757946759;2.31369831875651;
8.00001471303403;0.288885125890374;2.31108525749968;
7.99968808097765;0.288558493833989;2.30837794378862;
8.00034134509042;0.289211757946759;2.31379278458774;
8.00034134509042;0.288885125890374;2.31117961664241;
8.00001471303403;0.289211757946759;2.31369831875651;
8.0006679771468;0.288885125890374;2.31127397578514;
7.99838155275211;0.28986502205953;2.31845104522903;
7.99968808097765;0.289211757946759;2.31360385292528;
8.00001471303403;0.289538390003145;2.31631138001334;
7.99968808097765;0.288558493833989;2.30837794378862;
7.99903481686488;0.289211757946759;2.31341492126283;
8.00001471303403;0.289211757946759;2.31369831875651;
7.99936144892126;0.288885125890374;2.31089653921423;
8.00001471303403;0.288885125890374;2.31108525749968;
7.99936144892126;0.288885125890374;2.31089653921423;
8.0006679771468;0.289538390003145;2.3165005250528;
7.99968808097765;0.289211757946759;2.31360385292528;
7.99936144892126;0.289211757946759;2.31350938709406;
8.00001471303403;0.289211757946759;2.31369831875651;
7.99968808097765;0.288885125890374;2.31099089835695;
8.00001471303403;0.288885125890374;2.31108525749968;
7.99936144892126;0.289211757946759;2.31350938709406;
;;;0.000895255900345838
7.99968808097765;0.288558493833989;2.30837794378862;
7.99968808097765;0.289211757946759;2.31360385292528;
7.99936144892126;0.288885125890374;2.31089653921423;
8.00001471303403;0.288885125890374;2.31108525749968;
7.99903481686488;0.288885125890374;2.3108021800715;
7.99870818480849;0.288885125890374;2.31070782092877;
8.00001471303403;0.289211757946759;2.31369831875651;
7.99968808097765;0.289211757946759;2.31360385292528;
7.99903481686488;0.288885125890374;2.3108021800715;
7.99870818480849;0.288558493833989;2.30809518642594;
8.00001471303403;0.288558493833989;2.30847219624285;
7.99968808097765;0.288558493833989;2.30837794378862;
7.99936144892126;0.288885125890374;2.31089653921423;
8.00001471303403;0.288885125890374;2.31108525749968;
7.99968808097765;0.287905229721218;2.30315203465196;
7.99968808097765;0.288231861777604;2.30576498922029;
-8.0033228895627;0.288231861777604;-2.30681265686597;
-8.00364952161908;0.288558493833989;-2.30952105113353;
-8.00234299339354;0.288231861777604;-2.30653021956878;
-8.00234299339354;0.287578597664833;-2.30130257607312;
-8.00266962544993;0.287905229721218;-2.30401043689818;
-8.00266962544993;0.287905229721218;-2.30401043689818;
-8.00201636133716;0.288231861777604;-2.30643607380305;
-8.00299625750631;0.287578597664833;-2.30149044085057;
-8.00266962544993;0.289211757946759;-2.31446615064351;
-8.00168972928077;0.288231861777604;-2.30634192803733;
-8.00299625750631;0.287905229721218;-2.30410447597541;
-8.00234299339354;0.288558493833989;-2.30914404131661;
-8.00234299339354;0.288231861777604;-2.30653021956878;
-8.00299625750631;0.288885125890374;-2.3119465813499;
-8.00234299339354;0.288885125890374;-2.31175786306445;
-8.00299625750631;0.288231861777604;-2.30671851110024;
-8.00299625750631;0.287905229721218;-2.30410447597541;
-8.00266962544993;0.287905229721218;-2.30401043689818;
-8.00266962544993;0.287578597664833;-2.30139650846184;
-8.00299625750631;0.287905229721218;-2.30410447597541;
-8.00168972928077;0.288558493833989;-2.30895553640816;
-8.00266962544993;0.287905229721218;-2.30401043689818;
-8.00201636133716;0.288231861777604;-2.30643607380305;
-8.00299625750631;0.288231861777604;-2.30671851110024;
-8.00266962544993;0.288558493833989;-2.30923829377084;
-8.00266962544993;0.287905229721218;-2.30401043689818;
-8.00299625750631;0.287905229721218;-2.30410447597541;
-8.00364952161908;0.287905229721218;-2.30429255412986;
-8.00299625750631;0.287905229721218;-2.30410447597541;
-8.00266962544993;0.288885125890374;-2.31185222220718;
-8.00234299339354;0.288231861777604;-2.30653021956878;
-8.0033228895627;0.288231861777604;-2.30681265686597;
-8.0033228895627;0.288231861777604;-2.30681265686597;
-8.00201636133716;0.288558493833989;-2.30904978886239;
-8.0033228895627;0.287905229721218;-2.30419851505263;
-8.00299625750631;0.287578597664833;-2.30149044085057;
-8.00266962544993;0.287578597664833;-2.30139650846184;
-8.00299625750631;0.287905229721218;-2.30410447597541;
-8.00234299339354;0.288558493833989;-2.30914404131661;
-8.00266962544993;0.288231861777604;-2.30662436533451;
-8.0033228895627;0.287905229721218;-2.30419851505263;
-8.00234299339354;0.288231861777604;-2.30653021956878;
-8.0033228895627;0.287578597664833;-2.3015843732393;
-8.00266962544993;0.288231861777604;-2.30662436533451;
-8.00266962544993;0.287578597664833;-2.30139650846184;
-8.00266962544993;0.288231861777604;-2.30662436533451;
-8.0033228895627;0.287905229721218;-2.30419851505263;
-8.0033228895627;0.287905229721218;-2.30419851505263;
-8.00234299339354;0.287905229721218;-2.30391639782095;
-8.00168972928077;0.287905229721218;-2.30372831966649;
7.99936144892126;0.288885125890374;2.31089653921423;
8.00001471303403;0.289538390003145;2.31631138001334;
8.00001471303403;0.288885125890374;2.31108525749968;
7.99968808097765;0.289538390003145;2.31621680749361;
7.99968808097765;0.289211757946759;2.31360385292528;
7.99936144892126;0.288558493833989;2.30828369133439;
8.00034134509042;0.289538390003145;2.31640595253307;
7.99968808097765;0.289538390003145;2.31621680749361;
7.99936144892126;0.289211757946759;2.31350938709406;
7.99903481686488;0.289538390003145;2.31602766245416;
7.99936144892126;0.289211757946759;2.31350938709406;
7.99903481686488;0.288885125890374;2.3108021800715;
7.99903481686488;0.289538390003145;2.31602766245416;
7.99870818480849;0.289211757946759;2.3133204554316;
7.99870818480849;0.289211757946759;2.3133204554316;
7.99870818480849;0.289211757946759;2.3133204554316;
7.99936144892126;0.288885125890374;2.31089653921423;
7.99968808097765;0.289538390003145;2.31621680749361;
8.00001471303403;0.289211757946759;2.31369831875651;
7.99936144892126;0.288885125890374;2.31089653921423;
7.99903481686488;0.289538390003145;2.31602766245416;
7.99968808097765;0.290191654115915;2.32144271663028;
7.99870818480849;0.288558493833989;2.30809518642594;
7.99968808097765;0.288558493833989;2.30837794378862;
7.99968808097765;0.289538390003145;2.31621680749361;
7.99936144892126;0.288885125890374;2.31089653921423;
7.99936144892126;0.288885125890374;2.31089653921423;
7.99936144892126;0.289538390003145;2.31612223497389;
7.99903481686488;0.289211757946759;2.31341492126283;
7.99936144892126;0.288558493833989;2.30828369133439;
7.99903481686488;0.288231861777604;2.30557669768884;
8.00001471303403;0.288558493833989;2.30847219624285;
7.99968808097765;0.288885125890374;2.31099089835695;
8.00001471303403;0.289538390003145;2.31631138001334;
;;;0.000783718264009338
