time;V(Net-_C3-Pad1_);
0;-5.98317;
1e-08;-5.98317;
2e-08;-5.98317;
4e-08;-5.98317;
8e-08;-5.98317;
1.6e-07;-5.98317;
3.2e-07;-5.98317;
6.4e-07;-5.98317;
1e-06;-5.98317;
1.064e-06;-5.98317;
1.192e-06;-5.98317;
1.448e-06;-5.98317;
1.96e-06;-5.98317;
2.984e-06;-5.98317;
5.032e-06;-5.98317;
9.128e-06;-5.98317;
1.732e-05;-5.98317;
3.3704e-05;-5.98317;
5.3704e-05;-5.98317;
7.3704e-05;-5.98317;
9.3704e-05;-5.98317;
0.000113704;-5.98317;
0.000133704;-5.98317;
0.000153704;-5.98317;
0.000173704;-5.98317;
0.000193704;-5.98317;
0.000213704;-5.98317;
0.000233704;-5.98317;
0.000253704;-5.98317;
0.000273704;-5.98317;
0.000293704;-5.98317;
0.000313704;-5.98317;
0.000333704;-5.98317;
0.000353704;-5.98317;
0.000373704;-5.98317;
0.000393704;-5.98317;
0.000413704;-5.98317;
0.000433704;-5.98317;
0.000453704;-5.98317;
0.000473704;-5.98317;
0.000493704;-5.98317;
0.000513704;-5.98317;
0.000533704;-5.98317;
0.000553704;-5.98317;
0.000573704;-5.98317;
0.000593704;-5.98316;
0.000610704;-5.98316;
0.000627962;-5.98315;
0.000644363;-5.98315;
0.000664363;-5.98314;
0.000684363;-5.98313;
0.000704363;-5.98312;
0.000724363;-5.9831;
0.000744363;-5.98309;
0.000764363;-5.98307;
0.000784363;-5.98306;
0.000804363;-5.98304;
0.000824363;-5.98302;
0.000844363;-5.983;
0.000864363;-5.98298;
0.000884363;-5.98295;
0.000904363;-5.98293;
0.000924363;-5.9829;
0.000944363;-5.98287;
0.000964363;-5.98285;
0.000984363;-5.98282;
0.00100436;-5.98278;
0.00102436;-5.98275;
0.00104436;-5.98272;
0.00106436;-5.98268;
0.00108436;-5.98264;
0.00110436;-5.98261;
0.00112436;-5.98257;
0.00114436;-5.98253;
0.00116436;-5.98248;
0.00118436;-5.98244;
0.00120436;-5.9824;
0.00122436;-5.98235;
0.00124436;-5.9823;
0.00126436;-5.98225;
0.00128436;-5.9822;
0.00130436;-5.98215;
0.00132436;-5.9821;
0.00134436;-5.98205;
0.00136436;-5.98199;
0.00138436;-5.98194;
0.00140436;-5.98188;
0.00142436;-5.98182;
0.00144436;-5.98176;
0.00146436;-5.9817;
0.00148436;-5.98163;
0.00150436;-5.98157;
0.00152436;-5.9815;
0.00154436;-5.98144;
0.00156436;-5.98137;
0.00158436;-5.9813;
0.00160436;-5.98123;
0.00162436;-5.98116;
0.00164436;-5.98108;
0.00166436;-5.98101;
0.00168436;-5.98093;
0.00170436;-5.98085;
0.00172436;-5.98077;
0.00174436;-5.98069;
0.00176436;-5.98061;
0.00178436;-5.98053;
0.00180436;-5.98045;
0.00182436;-5.98036;
0.00184436;-5.98028;
0.00186436;-5.98019;
0.00188436;-5.9801;
0.00190436;-5.98001;
0.00192436;-5.97992;
0.00194436;-5.97982;
0.00196436;-5.97973;
0.00198436;-5.97963;
0.00200436;-5.97954;
0.00202436;-5.97944;
0.00204436;-5.97934;
0.00206436;-5.97924;
0.00208436;-5.97914;
0.00210436;-5.97903;
0.00212436;-5.97893;
0.00214436;-5.97882;
0.00216436;-5.97872;
0.00218436;-5.97861;
0.00220436;-5.9785;
0.00222436;-5.97839;
0.00224436;-5.97828;
0.00226436;-5.97816;
0.00228436;-5.97805;
0.00230436;-5.97793;
0.00232436;-5.97781;
0.00234436;-5.9777;
0.00236436;-5.97758;
0.00238436;-5.97745;
0.00240436;-5.97733;
0.00242436;-5.97721;
0.00244436;-5.97708;
0.00246436;-5.97696;
0.00248436;-5.97683;
0.00250436;-5.9767;
0.00252436;-5.97657;
0.00254436;-5.97644;
0.00256436;-5.97631;
0.00258436;-5.97617;
0.00260436;-5.97604;
0.00262436;-5.9759;
0.00264436;-5.97576;
0.00266436;-5.97563;
0.00268436;-5.97549;
0.00270436;-5.97534;
0.00272436;-5.9752;
0.00274436;-5.97506;
0.00276436;-5.97491;
0.00278436;-5.97477;
0.00280436;-5.97462;
0.00282436;-5.97447;
0.00284436;-5.97432;
0.00286436;-5.97417;
0.00288436;-5.97402;
0.00290436;-5.97386;
0.00292436;-5.97371;
0.00294436;-5.97355;
0.00296436;-5.97339;
0.00298436;-5.97323;
0.00300436;-5.97307;
0.00302436;-5.97291;
0.00304436;-5.97275;
0.00306436;-5.97258;
0.00308436;-5.97242;
0.00310436;-5.97225;
0.00312436;-5.97209;
0.00314436;-5.97192;
0.00316436;-5.97175;
0.00318436;-5.97158;
0.00320436;-5.9714;
0.00322436;-5.97123;
0.00324436;-5.97105;
0.00326436;-5.97088;
0.00328436;-5.9707;
0.00330436;-5.97052;
0.00332436;-5.97034;
0.003334;-5.97025;
0.0033341;-5.97025;
0.0033343;-5.97025;
0.0033347;-5.97025;
0.003335;-5.97024;
0.00333508;-5.97024;
0.00333524;-5.97024;
0.00333556;-5.97024;
0.0033362;-5.97023;
0.00333748;-5.97022;
0.00334004;-5.9702;
0.00334516;-5.97015;
0.0033554;-5.97006;
0.0033754;-5.96988;
0.0033954;-5.96969;
0.0034154;-5.96951;
0.0034354;-5.96932;
0.0034554;-5.96913;
0.0034754;-5.96894;
0.0034954;-5.96875;
0.0035154;-5.96856;
0.0035354;-5.96837;
0.0035554;-5.96817;
0.0035754;-5.96798;
0.0035954;-5.96778;
0.0036154;-5.96758;
0.0036354;-5.96738;
0.0036554;-5.96718;
0.0036754;-5.96698;
0.0036954;-5.96678;
0.0037154;-5.96657;
0.0037354;-5.96637;
0.0037554;-5.96616;
0.0037754;-5.96595;
0.0037954;-5.96574;
0.0038154;-5.96553;
0.0038354;-5.96532;
0.0038554;-5.96511;
0.0038754;-5.9649;
0.0038954;-5.96468;
0.0039154;-5.96446;
0.0039354;-5.96425;
0.0039554;-5.96403;
0.0039754;-5.96381;
0.0039954;-5.96359;
0.0040154;-5.96336;
0.0040354;-5.96314;
0.0040554;-5.96292;
0.0040754;-5.96269;
0.0040954;-5.96246;
0.0041154;-5.96223;
0.0041354;-5.96201;
0.0041554;-5.96177;
0.0041754;-5.96154;
0.0041954;-5.96131;
0.0042154;-5.96107;
0.0042354;-5.96084;
0.0042554;-5.9606;
0.0042754;-5.96036;
0.0042954;-5.96012;
0.0043154;-5.95988;
0.0043354;-5.95964;
0.0043554;-5.9594;
0.0043754;-5.95916;
0.0043954;-5.95891;
0.0044154;-5.95866;
0.0044354;-5.95842;
0.0044554;-5.95817;
0.0044754;-5.95792;
0.0044954;-5.95767;
0.0045154;-5.95741;
0.0045354;-5.95716;
0.0045554;-5.95691;
0.0045754;-5.95665;
0.0045954;-5.95639;
0.0046154;-5.95613;
0.0046354;-5.95587;
0.0046554;-5.95561;
0.0046754;-5.95535;
0.0046954;-5.95509;
0.0047154;-5.95482;
0.0047354;-5.95456;
0.0047554;-5.95429;
0.0047754;-5.95402;
0.0047954;-5.95376;
0.0048154;-5.95349;
0.0048354;-5.95321;
0.0048554;-5.95294;
0.0048754;-5.95267;
0.0048954;-5.95239;
0.0049154;-5.95212;
0.0049354;-5.95184;
0.0049554;-5.95156;
0.0049754;-5.95128;
0.0049954;-5.951;
0.0050154;-5.95072;
0.0050354;-5.95044;
0.0050554;-5.95015;
0.0050754;-5.94987;
0.0050954;-5.94958;
0.0051154;-5.94929;
0.0051354;-5.949;
0.0051554;-5.94871;
0.0051754;-5.94842;
0.0051954;-5.94813;
0.0052154;-5.94783;
0.0052354;-5.94754;
0.0052554;-5.94724;
0.0052754;-5.94695;
0.0052954;-5.94665;
0.0053154;-5.94635;
0.0053354;-5.94605;
0.0053554;-5.94575;
0.0053754;-5.94544;
0.0053954;-5.94514;
0.0054154;-5.94483;
0.0054354;-5.94453;
0.0054554;-5.94422;
0.0054754;-5.94391;
0.0054954;-5.9436;
0.0055154;-5.94329;
0.0055354;-5.94298;
0.0055554;-5.94266;
0.0055754;-5.94235;
0.0055954;-5.94203;
0.0056154;-5.94172;
0.0056354;-5.9414;
0.0056554;-5.94108;
0.0056754;-5.94076;
0.0056954;-5.94044;
0.0057154;-5.94012;
0.0057354;-5.93979;
0.0057554;-5.93947;
0.0057754;-5.93914;
0.0057954;-5.93881;
0.0058154;-5.93849;
0.0058354;-5.93816;
0.0058554;-5.93783;
0.0058754;-5.93749;
0.0058954;-5.93716;
0.0059154;-5.93683;
0.0059354;-5.93649;
0.0059554;-5.93615;
0.0059754;-5.93582;
0.0059954;-5.93548;
0.0060154;-5.93514;
0.0060354;-5.9348;
0.0060554;-5.93446;
0.0060754;-5.93411;
0.0060954;-5.93377;
0.0061154;-5.93342;
0.0061354;-5.93308;
0.0061554;-5.93273;
0.0061754;-5.93238;
0.0061954;-5.93203;
0.0062154;-5.93168;
0.0062354;-5.93133;
0.0062554;-5.93097;
0.0062754;-5.93062;
0.0062954;-5.93026;
0.0063154;-5.92991;
0.0063354;-5.92955;
0.0063554;-5.92919;
0.0063754;-5.92883;
0.0063954;-5.92847;
0.0064154;-5.92811;
0.0064354;-5.92774;
0.0064554;-5.92738;
0.0064754;-5.92701;
0.0064954;-5.92664;
0.0065154;-5.92628;
0.0065354;-5.92591;
0.0065554;-5.92554;
0.0065754;-5.92517;
0.0065954;-5.92479;
0.0066154;-5.92442;
0.0066354;-5.92405;
0.0066554;-5.92367;
0.006666;-5.92347;
0.0066661;-5.92347;
0.0066663;-5.92346;
0.0066667;-5.92346;
0.006667;-5.92345;
0.00666708;-5.92345;
0.00666724;-5.92345;
0.00666756;-5.92344;
0.0066682;-5.92343;
0.00666948;-5.9234;
0.00667204;-5.92336;
0.00667716;-5.92326;
0.0066874;-5.92307;
0.0067074;-5.92269;
0.0067274;-5.92231;
0.0067474;-5.92193;
0.0067674;-5.92154;
0.0067874;-5.92116;
0.0068074;-5.92078;
0.0068274;-5.92039;
0.0068474;-5.92001;
0.0068674;-5.91962;
0.0068874;-5.91923;
0.0069074;-5.91884;
0.0069274;-5.91845;
0.0069474;-5.91806;
0.0069674;-5.91766;
0.0069874;-5.91727;
0.0070074;-5.91687;
0.0070274;-5.91648;
0.0070474;-5.91608;
0.0070674;-5.91568;
0.0070874;-5.91528;
0.0071074;-5.91488;
0.0071274;-5.91448;
0.0071474;-5.91407;
0.0071674;-5.91367;
0.0071874;-5.91327;
0.0072074;-5.91286;
0.0072274;-5.91245;
0.0072474;-5.91204;
0.0072674;-5.91163;
0.0072874;-5.91122;
0.0073074;-5.91081;
0.0073274;-5.9104;
0.0073474;-5.90998;
0.0073674;-5.90957;
0.0073874;-5.90915;
0.0074074;-5.90874;
0.0074274;-5.90832;
0.0074474;-5.9079;
0.0074674;-5.90748;
0.0074874;-5.90706;
0.0075074;-5.90663;
0.0075274;-5.90621;
0.0075474;-5.90578;
0.0075674;-5.90536;
0.0075874;-5.90493;
0.0076074;-5.9045;
0.0076274;-5.90407;
0.0076474;-5.90364;
0.0076674;-5.90321;
0.0076874;-5.90278;
0.0077074;-5.90235;
0.0077274;-5.90191;
0.0077474;-5.90148;
0.0077674;-5.90104;
0.0077874;-5.9006;
0.0078074;-5.90016;
0.0078274;-5.89972;
0.0078474;-5.89928;
0.0078674;-5.89884;
0.0078874;-5.8984;
0.0079074;-5.89795;
0.0079274;-5.89751;
0.0079474;-5.89706;
0.0079674;-5.89661;
0.0079874;-5.89616;
0.0080074;-5.89571;
0.0080274;-5.89526;
0.0080474;-5.89481;
0.0080674;-5.89436;
0.0080874;-5.8939;
0.0081074;-5.89345;
0.0081274;-5.89299;
0.0081474;-5.89254;
0.0081674;-5.89208;
0.0081874;-5.89162;
0.0082074;-5.89116;
0.0082274;-5.8907;
0.0082474;-5.89023;
0.0082674;-5.88977;
0.0082874;-5.88931;
0.0083074;-5.88884;
0.0083274;-5.88837;
0.0083474;-5.88791;
0.0083674;-5.88744;
0.0083874;-5.88697;
0.0084074;-5.8865;
0.0084274;-5.88603;
0.0084474;-5.88555;
0.0084674;-5.88508;
0.0084874;-5.8846;
0.0085074;-5.88413;
0.0085274;-5.88365;
0.0085474;-5.88317;
0.0085674;-5.88269;
0.0085874;-5.88221;
0.0086074;-5.88173;
0.0086274;-5.88125;
0.0086474;-5.88076;
0.0086674;-5.88028;
0.0086874;-5.87979;
0.0087074;-5.87931;
0.0087274;-5.87882;
0.0087474;-5.87833;
0.0087674;-5.87784;
0.0087874;-5.87735;
0.0088074;-5.87686;
0.0088274;-5.87637;
0.0088474;-5.87587;
0.0088674;-5.87538;
0.0088874;-5.87488;
0.0089074;-5.87438;
0.0089274;-5.87389;
0.0089474;-5.87339;
0.0089674;-5.87289;
0.0089874;-5.87238;
0.0090074;-5.87188;
0.0090274;-5.87138;
0.0090474;-5.87087;
0.0090674;-5.87037;
0.0090874;-5.86986;
0.0091074;-5.86936;
0.0091274;-5.86885;
0.0091474;-5.86834;
0.0091674;-5.86783;
0.0091874;-5.86732;
0.0092074;-5.8668;
0.0092274;-5.86629;
0.0092474;-5.86577;
0.0092674;-5.86526;
0.0092874;-5.86474;
0.0093074;-5.86422;
0.0093274;-5.86371;
0.0093474;-5.86319;
0.0093674;-5.86267;
0.0093874;-5.86214;
0.0094074;-5.86162;
0.0094274;-5.8611;
0.0094474;-5.86057;
0.0094674;-5.86005;
0.0094874;-5.85952;
0.0095074;-5.85899;
0.0095274;-5.85846;
0.0095474;-5.85793;
0.0095674;-5.8574;
0.0095874;-5.85687;
0.0096074;-5.85634;
0.0096274;-5.8558;
0.0096474;-5.85527;
0.0096674;-5.85473;
0.0096874;-5.85419;
0.0097074;-5.85366;
0.0097274;-5.85312;
0.0097474;-5.85258;
0.0097674;-5.85204;
0.0097874;-5.85149;
0.0098074;-5.85095;
0.0098274;-5.85041;
0.0098474;-5.84986;
0.0098674;-5.84931;
0.0098874;-5.84877;
0.0099074;-5.84822;
0.0099274;-5.84767;
0.0099474;-5.84712;
0.0099674;-5.84657;
0.0099874;-5.84602;
0.01;-5.84567;
0.0100001;-5.84567;
0.0100003;-5.84566;
0.0100007;-5.84565;
0.010001;-5.84564;
0.0100011;-5.84564;
0.0100012;-5.84563;
0.0100016;-5.84562;
0.0100022;-5.84561;
0.0100035;-5.84557;
0.010006;-5.8455;
0.0100112;-5.84536;
0.0100214;-5.84508;
0.0100414;-5.84452;
0.0100614;-5.84396;
0.0100814;-5.84341;
0.0101014;-5.84285;
0.0101214;-5.84229;
0.0101414;-5.84173;
0.0101614;-5.84117;
0.0101814;-5.84061;
0.0102014;-5.84005;
0.0102214;-5.83948;
0.0102414;-5.83892;
0.0102614;-5.83835;
0.0102814;-5.83778;
0.0103014;-5.83722;
0.0103214;-5.83665;
0.0103414;-5.83608;
0.0103614;-5.83551;
0.0103814;-5.83493;
0.0104014;-5.83436;
0.0104214;-5.83379;
0.0104414;-5.83321;
0.0104614;-5.83264;
0.0104814;-5.83206;
0.0105014;-5.83148;
0.0105214;-5.8309;
0.0105414;-5.83032;
0.0105614;-5.82974;
0.0105814;-5.82916;
0.0106014;-5.82858;
0.0106214;-5.82799;
0.0106414;-5.82741;
0.0106614;-5.82682;
0.0106814;-5.82624;
0.0107014;-5.82565;
0.0107214;-5.82506;
0.0107414;-5.82447;
0.0107614;-5.82388;
0.0107814;-5.82329;
0.0108014;-5.8227;
0.0108214;-5.8221;
0.0108414;-5.82151;
0.0108614;-5.82091;
0.0108814;-5.82032;
0.0109014;-5.81972;
0.0109214;-5.81912;
0.0109414;-5.81852;
0.0109614;-5.81792;
0.0109814;-5.81732;
0.0110014;-5.81672;
0.0110214;-5.81612;
0.0110414;-5.81551;
0.0110614;-5.81491;
0.0110814;-5.8143;
0.0111014;-5.81369;
0.0111214;-5.81308;
0.0111414;-5.81248;
0.0111614;-5.81187;
0.0111814;-5.81125;
0.0112014;-5.81064;
0.0112214;-5.81003;
0.0112414;-5.80942;
0.0112614;-5.8088;
0.0112814;-5.80819;
0.0113014;-5.80757;
0.0113214;-5.80695;
0.0113414;-5.80633;
0.0113614;-5.80571;
0.0113814;-5.80509;
0.0114014;-5.80447;
0.0114214;-5.80385;
0.0114414;-5.80322;
0.0114614;-5.8026;
0.0114814;-5.80197;
0.0115014;-5.80135;
0.0115214;-5.80072;
0.0115414;-5.80009;
0.0115614;-5.79946;
0.0115814;-5.79883;
0.0116014;-5.7982;
0.0116214;-5.79757;
0.0116414;-5.79694;
0.0116614;-5.7963;
0.0116814;-5.79567;
0.0117014;-5.79503;
0.0117214;-5.7944;
0.0117414;-5.79376;
0.0117614;-5.79312;
0.0117814;-5.79248;
0.0118014;-5.79184;
0.0118214;-5.7912;
0.0118414;-5.79055;
0.0118614;-5.78991;
0.0118814;-5.78927;
0.0119014;-5.78862;
0.0119214;-5.78797;
0.0119414;-5.78733;
0.0119614;-5.78668;
0.0119814;-5.78603;
0.0120014;-5.78538;
0.0120214;-5.78473;
0.0120414;-5.78408;
0.0120614;-5.78342;
0.0120814;-5.78277;
0.0121014;-5.78212;
0.0121214;-5.78146;
0.0121414;-5.7808;
0.0121614;-5.78015;
0.0121814;-5.77949;
0.0122014;-5.77883;
0.0122214;-5.77817;
0.0122414;-5.77751;
0.0122614;-5.77684;
0.0122814;-5.77618;
0.0123014;-5.77552;
0.0123214;-5.77485;
0.0123414;-5.77419;
0.0123614;-5.77352;
0.0123814;-5.77285;
0.0124014;-5.77218;
0.0124214;-5.77151;
0.0124414;-5.77084;
0.0124614;-5.77017;
0.0124814;-5.7695;
0.0125014;-5.76883;
0.0125214;-5.76815;
0.0125414;-5.76748;
0.0125614;-5.7668;
0.0125814;-5.76612;
0.0126014;-5.76544;
0.0126214;-5.76477;
0.0126414;-5.76409;
0.0126614;-5.76341;
0.0126814;-5.76272;
0.0127014;-5.76204;
0.0127214;-5.76136;
0.0127414;-5.76067;
0.0127614;-5.75999;
0.0127814;-5.7593;
0.0128014;-5.75861;
0.0128214;-5.75793;
0.0128414;-5.75724;
0.0128614;-5.75655;
0.0128814;-5.75586;
0.0129014;-5.75517;
0.0129214;-5.75447;
0.0129414;-5.75378;
0.0129614;-5.75308;
0.0129814;-5.75239;
0.0130014;-5.75169;
0.0130214;-5.751;
0.0130414;-5.7503;
0.0130614;-5.7496;
0.0130814;-5.7489;
0.0131014;-5.7482;
0.0131214;-5.7475;
0.0131414;-5.74679;
0.0131614;-5.74609;
0.0131814;-5.74539;
0.0132014;-5.74468;
0.0132214;-5.74397;
0.0132414;-5.74327;
0.0132614;-5.74256;
0.0132814;-5.74185;
0.0133014;-5.74114;
0.0133214;-5.74043;
0.013332;-5.74005;
0.0133321;-5.74005;
0.0133323;-5.74004;
0.0133327;-5.74003;
0.013333;-5.74002;
0.0133331;-5.74001;
0.0133332;-5.74001;
0.0133336;-5.74;
0.0133342;-5.73997;
0.0133355;-5.73993;
0.013338;-5.73984;
0.0133432;-5.73966;
0.0133534;-5.73929;
0.0133734;-5.73858;
0.0133934;-5.73786;
0.0134134;-5.73715;
0.0134334;-5.73643;
0.0134534;-5.73572;
0.0134734;-5.735;
0.0134934;-5.73428;
0.0135134;-5.73356;
0.0135334;-5.73284;
0.0135534;-5.73212;
0.0135734;-5.7314;
0.0135934;-5.73067;
0.0136134;-5.72995;
0.0136334;-5.72923;
0.0136534;-5.7285;
0.0136734;-5.72777;
0.0136934;-5.72705;
0.0137134;-5.72632;
0.0137334;-5.72559;
0.0137534;-5.72486;
0.0137734;-5.72413;
0.0137934;-5.7234;
0.0138134;-5.72266;
0.0138334;-5.72193;
0.0138534;-5.7212;
0.0138734;-5.72046;
0.0138934;-5.71972;
0.0139134;-5.71899;
0.0139334;-5.71825;
0.0139534;-5.71751;
0.0139734;-5.71677;
0.0139934;-5.71603;
0.0140134;-5.71529;
0.0140334;-5.71455;
0.0140534;-5.7138;
0.0140734;-5.71306;
0.0140934;-5.71231;
0.0141134;-5.71157;
0.0141334;-5.71082;
0.0141534;-5.71007;
0.0141734;-5.70932;
0.0141934;-5.70857;
0.0142134;-5.70782;
0.0142334;-5.70707;
0.0142534;-5.70632;
0.0142734;-5.70557;
0.0142934;-5.70481;
0.0143134;-5.70406;
0.0143334;-5.7033;
0.0143534;-5.70255;
0.0143734;-5.70179;
0.0143934;-5.70103;
0.0144134;-5.70027;
0.0144334;-5.69951;
0.0144534;-5.69875;
0.0144734;-5.69799;
0.0144934;-5.69723;
0.0145134;-5.69647;
0.0145334;-5.6957;
0.0145534;-5.69494;
0.0145734;-5.69417;
0.0145934;-5.6934;
0.0146134;-5.69264;
0.0146334;-5.69187;
0.0146534;-5.6911;
0.0146734;-5.69033;
0.0146934;-5.68956;
0.0147134;-5.68878;
0.0147334;-5.68801;
0.0147534;-5.68724;
0.0147734;-5.68646;
0.0147934;-5.68569;
0.0148134;-5.68491;
0.0148334;-5.68413;
0.0148534;-5.68336;
0.0148734;-5.68258;
0.0148934;-5.6818;
0.0149134;-5.68102;
0.0149334;-5.68024;
0.0149534;-5.67945;
0.0149734;-5.67867;
0.0149934;-5.67789;
0.0150134;-5.6771;
0.0150334;-5.67632;
0.0150534;-5.67553;
0.0150734;-5.67474;
0.0150934;-5.67395;
0.0151134;-5.67317;
0.0151334;-5.67238;
0.0151534;-5.67159;
0.0151734;-5.67079;
0.0151934;-5.67;
0.0152134;-5.66921;
0.0152334;-5.66841;
0.0152534;-5.66762;
0.0152734;-5.66682;
0.0152934;-5.66603;
0.0153134;-5.66523;
0.0153334;-5.66443;
0.0153534;-5.66363;
0.0153734;-5.66283;
0.0153934;-5.66203;
0.0154134;-5.66123;
0.0154334;-5.66043;
0.0154534;-5.65962;
0.0154734;-5.65882;
0.0154934;-5.65801;
0.0155134;-5.65721;
0.0155334;-5.6564;
0.0155534;-5.65559;
0.0155734;-5.65479;
0.0155934;-5.65398;
0.0156134;-5.65317;
0.0156334;-5.65236;
0.0156534;-5.65154;
0.0156734;-5.65073;
0.0156934;-5.64992;
0.0157134;-5.6491;
0.0157334;-5.64829;
0.0157534;-5.64747;
0.0157734;-5.64666;
0.0157934;-5.64584;
0.0158134;-5.64502;
0.0158334;-5.6442;
0.0158534;-5.64338;
0.0158734;-5.64256;
0.0158934;-5.64174;
0.0159134;-5.64092;
0.0159334;-5.64009;
0.0159534;-5.63927;
0.0159734;-5.63844;
0.0159934;-5.63762;
0.0160134;-5.63679;
0.0160334;-5.63596;
0.0160534;-5.63514;
0.0160734;-5.63431;
0.0160934;-5.63348;
0.0161134;-5.63265;
0.0161334;-5.63181;
0.0161534;-5.63098;
0.0161734;-5.63015;
0.0161934;-5.62932;
0.0162134;-5.62848;
0.0162334;-5.62764;
0.0162534;-5.62681;
0.0162734;-5.62597;
0.0162934;-5.62513;
0.0163134;-5.62429;
0.0163334;-5.62345;
0.0163534;-5.62261;
0.0163734;-5.62177;
0.0163934;-5.62093;
0.0164134;-5.62009;
0.0164334;-5.61924;
0.0164534;-5.6184;
0.0164734;-5.61755;
0.0164934;-5.61671;
0.0165134;-5.61586;
0.0165334;-5.61501;
0.0165534;-5.61416;
0.0165734;-5.61332;
0.0165934;-5.61247;
0.0166134;-5.61161;
0.0166334;-5.61076;
0.0166534;-5.60991;
0.016666;-5.60937;
0.0166661;-5.60937;
0.0166663;-5.60936;
0.0166667;-5.60934;
0.016667;-5.60933;
0.0166671;-5.60933;
0.0166672;-5.60932;
0.0166676;-5.60931;
0.0166682;-5.60928;
0.0166695;-5.60922;
0.016672;-5.60911;
0.0166772;-5.6089;
0.0166874;-5.60846;
0.0167074;-5.6076;
0.0167274;-5.60675;
0.0167474;-5.60589;
0.0167674;-5.60503;
0.0167874;-5.60418;
0.0168074;-5.60332;
0.0168274;-5.60246;
0.0168474;-5.6016;
0.0168674;-5.60074;
0.0168874;-5.59987;
0.0169074;-5.59901;
0.0169274;-5.59815;
0.0169474;-5.59728;
0.0169674;-5.59642;
0.0169874;-5.59555;
0.0170074;-5.59469;
0.0170274;-5.59382;
0.0170474;-5.59295;
0.0170674;-5.59208;
0.0170874;-5.59121;
0.0171074;-5.59034;
0.0171274;-5.58947;
0.0171474;-5.5886;
0.0171674;-5.58772;
0.0171874;-5.58685;
0.0172074;-5.58597;
0.0172274;-5.5851;
0.0172474;-5.58422;
0.0172674;-5.58335;
0.0172874;-5.58247;
0.0173074;-5.58159;
0.0173274;-5.58071;
0.0173474;-5.57983;
0.0173674;-5.57895;
0.0173874;-5.57807;
0.0174074;-5.57718;
0.0174274;-5.5763;
0.0174474;-5.57542;
0.0174674;-5.57453;
0.0174874;-5.57365;
0.0175074;-5.57276;
0.0175274;-5.57187;
0.0175474;-5.57099;
0.0175674;-5.5701;
0.0175874;-5.56921;
0.0176074;-5.56832;
0.0176274;-5.56743;
0.0176474;-5.56653;
0.0176674;-5.56564;
0.0176874;-5.56475;
0.0177074;-5.56385;
0.0177274;-5.56296;
0.0177474;-5.56206;
0.0177674;-5.56117;
0.0177874;-5.56027;
0.0178074;-5.55937;
0.0178274;-5.55847;
0.0178474;-5.55757;
0.0178674;-5.55667;
0.0178874;-5.55577;
0.0179074;-5.55487;
0.0179274;-5.55397;
0.0179474;-5.55306;
0.0179674;-5.55216;
0.0179874;-5.55125;
0.0180074;-5.55035;
0.0180274;-5.54944;
0.0180474;-5.54853;
0.0180674;-5.54762;
0.0180874;-5.54672;
0.0181074;-5.54581;
0.0181274;-5.5449;
0.0181474;-5.54398;
0.0181674;-5.54307;
0.0181874;-5.54216;
0.0182074;-5.54125;
0.0182274;-5.54033;
0.0182474;-5.53942;
0.0182674;-5.5385;
0.0182874;-5.53758;
0.0183074;-5.53667;
0.0183274;-5.53575;
0.0183474;-5.53483;
0.0183674;-5.53391;
0.0183874;-5.53299;
0.0184074;-5.53207;
0.0184274;-5.53115;
0.0184474;-5.53023;
0.0184674;-5.5293;
0.0184874;-5.52838;
0.0185074;-5.52745;
0.0185274;-5.52653;
0.0185474;-5.5256;
0.0185674;-5.52467;
0.0185874;-5.52375;
0.0186074;-5.52282;
0.0186274;-5.52189;
0.0186474;-5.52096;
0.0186674;-5.52003;
0.0186874;-5.5191;
0.0187074;-5.51816;
0.0187274;-5.51723;
0.0187474;-5.5163;
0.0187674;-5.51536;
0.0187874;-5.51443;
0.0188074;-5.51349;
0.0188274;-5.51255;
0.0188474;-5.51162;
0.0188674;-5.51068;
0.0188874;-5.50974;
0.0189074;-5.5088;
0.0189274;-5.50786;
0.0189474;-5.50692;
0.0189674;-5.50597;
0.0189874;-5.50503;
0.0190074;-5.50409;
0.0190274;-5.50314;
0.0190474;-5.5022;
0.0190674;-5.50125;
0.0190874;-5.50031;
0.0191074;-5.49936;
0.0191274;-5.49841;
0.0191474;-5.49746;
0.0191674;-5.49651;
0.0191874;-5.49556;
0.0192074;-5.49461;
0.0192274;-5.49366;
0.0192474;-5.49271;
0.0192674;-5.49176;
0.0192874;-5.4908;
0.0193074;-5.48985;
0.0193274;-5.48889;
0.0193474;-5.48794;
0.0193674;-5.48698;
0.0193874;-5.48602;
0.0194074;-5.48506;
0.0194274;-5.4841;
0.0194474;-5.48314;
0.0194674;-5.48218;
0.0194874;-5.48122;
0.0195074;-5.48026;
0.0195274;-5.4793;
0.0195474;-5.47833;
0.0195674;-5.47737;
0.0195874;-5.47641;
0.0196074;-5.47544;
0.0196274;-5.47447;
0.0196474;-5.47351;
0.0196674;-5.47254;
0.0196874;-5.47157;
0.0197074;-5.4706;
0.0197274;-5.46963;
0.0197474;-5.46866;
0.0197674;-5.46769;
0.0197874;-5.46672;
0.0198074;-5.46574;
0.0198274;-5.46477;
0.0198474;-5.4638;
0.0198674;-5.46282;
0.0198874;-5.46185;
0.0199074;-5.46087;
0.0199274;-5.45989;
0.0199474;-5.45891;
0.0199674;-5.45794;
0.0199874;-5.45696;
0.019998;-5.45644;
0.0199981;-5.45643;
0.0199983;-5.45642;
0.0199987;-5.4564;
0.019999;-5.45639;
0.0199991;-5.45638;
0.0199992;-5.45638;
0.0199996;-5.45636;
0.0200002;-5.45633;
0.0200015;-5.45627;
0.020004;-5.45614;
0.0200092;-5.45589;
0.0200194;-5.45539;
0.0200394;-5.45441;
0.0200594;-5.45343;
0.0200794;-5.45244;
0.0200994;-5.45146;
0.0201194;-5.45048;
0.0201394;-5.44949;
0.0201594;-5.44851;
0.0201794;-5.44752;
0.0201994;-5.44653;
0.0202194;-5.44555;
0.0202394;-5.44456;
0.0202594;-5.44357;
0.0202794;-5.44258;
0.0202994;-5.44159;
0.0203194;-5.4406;
0.0203394;-5.43961;
0.0203594;-5.43861;
0.0203794;-5.43762;
0.0203994;-5.43663;
0.0204194;-5.43563;
0.0204394;-5.43464;
0.0204594;-5.43364;
0.0204794;-5.43264;
0.0204994;-5.43165;
0.0205194;-5.43065;
0.0205394;-5.42965;
0.0205594;-5.42865;
0.0205794;-5.42765;
0.0205994;-5.42665;
0.0206194;-5.42565;
0.0206394;-5.42464;
0.0206594;-5.42364;
0.0206794;-5.42264;
0.0206994;-5.42163;
0.0207194;-5.42063;
0.0207394;-5.41962;
0.0207594;-5.41862;
0.0207794;-5.41761;
0.0207994;-5.4166;
0.0208194;-5.41559;
0.0208394;-5.41458;
0.0208594;-5.41357;
0.0208794;-5.41256;
0.0208994;-5.41155;
0.0209194;-5.41054;
0.0209394;-5.40953;
0.0209594;-5.40851;
0.0209794;-5.4075;
0.0209994;-5.40648;
0.0210194;-5.40547;
0.0210394;-5.40445;
0.0210594;-5.40344;
0.0210794;-5.40242;
0.0210994;-5.4014;
0.0211194;-5.40038;
0.0211394;-5.39936;
0.0211594;-5.39834;
0.0211794;-5.39732;
0.0211994;-5.3963;
0.0212194;-5.39528;
0.0212394;-5.39425;
0.0212594;-5.39323;
0.0212794;-5.3922;
0.0212994;-5.39118;
0.0213194;-5.39015;
0.0213394;-5.38913;
0.0213594;-5.3881;
0.0213794;-5.38707;
0.0213994;-5.38604;
0.0214194;-5.38501;
0.0214394;-5.38398;
0.0214594;-5.38295;
0.0214794;-5.38192;
0.0214994;-5.38089;
0.0215194;-5.37986;
0.0215394;-5.37882;
0.0215594;-5.37779;
0.0215794;-5.37676;
0.0215994;-5.37572;
0.0216194;-5.37468;
0.0216394;-5.37365;
0.0216594;-5.37261;
0.0216794;-5.37157;
0.0216994;-5.37053;
0.0217194;-5.36949;
0.0217394;-5.36845;
0.0217594;-5.36741;
0.0217794;-5.36637;
0.0217994;-5.36533;
0.0218194;-5.36429;
0.0218394;-5.36324;
0.0218594;-5.3622;
0.0218794;-5.36115;
0.0218994;-5.36011;
0.0219194;-5.35906;
0.0219394;-5.35802;
0.0219594;-5.35697;
0.0219794;-5.35592;
0.0219994;-5.35487;
0.0220194;-5.35382;
0.0220394;-5.35277;
0.0220594;-5.35172;
0.0220794;-5.35067;
0.0220994;-5.34962;
0.0221194;-5.34857;
0.0221394;-5.34751;
0.0221594;-5.34646;
0.0221794;-5.3454;
0.0221994;-5.34435;
0.0222194;-5.34329;
0.0222394;-5.34223;
0.0222594;-5.34118;
0.0222794;-5.34012;
0.0222994;-5.33906;
0.0223194;-5.338;
0.0223394;-5.33694;
0.0223594;-5.33588;
0.0223794;-5.33482;
0.0223994;-5.33376;
0.0224194;-5.33269;
0.0224394;-5.33163;
0.0224594;-5.33057;
0.0224794;-5.3295;
0.0224994;-5.32844;
0.0225194;-5.32737;
0.0225394;-5.3263;
0.0225594;-5.32524;
0.0225794;-5.32417;
0.0225994;-5.3231;
0.0226194;-5.32203;
0.0226394;-5.32096;
0.0226594;-5.31989;
0.0226794;-5.31882;
0.0226994;-5.31775;
0.0227194;-5.31668;
0.0227394;-5.3156;
0.0227594;-5.31453;
0.0227794;-5.31346;
0.0227994;-5.31238;
0.0228194;-5.3113;
0.0228394;-5.31023;
0.0228594;-5.30915;
0.0228794;-5.30807;
0.0228994;-5.307;
0.0229194;-5.30592;
0.0229394;-5.30484;
0.0229594;-5.30376;
0.0229794;-5.30268;
0.0229994;-5.30159;
0.0230194;-5.30051;
0.0230394;-5.29943;
0.0230594;-5.29835;
0.0230794;-5.29726;
0.0230994;-5.29618;
0.0231194;-5.29509;
0.0231394;-5.29401;
0.0231594;-5.29292;
0.0231794;-5.29183;
0.0231994;-5.29074;
0.0232194;-5.28966;
0.0232394;-5.28857;
0.0232594;-5.28748;
0.0232794;-5.28639;
0.0232994;-5.2853;
0.0233194;-5.2842;
0.023332;-5.28352;
0.0233321;-5.28351;
0.0233323;-5.2835;
0.0233327;-5.28348;
0.023333;-5.28346;
0.0233331;-5.28346;
0.0233332;-5.28345;
0.0233336;-5.28343;
0.0233342;-5.2834;
0.0233355;-5.28333;
0.023338;-5.28319;
0.0233432;-5.28291;
0.0233534;-5.28235;
0.0233734;-5.28125;
0.0233934;-5.28016;
0.0234134;-5.27906;
0.0234334;-5.27797;
0.0234534;-5.27687;
0.0234734;-5.27578;
0.0234934;-5.27468;
0.0235134;-5.27358;
0.0235334;-5.27248;
0.0235534;-5.27138;
0.0235734;-5.27028;
0.0235934;-5.26918;
0.0236134;-5.26808;
0.0236334;-5.26698;
0.0236534;-5.26588;
0.0236734;-5.26478;
0.0236934;-5.26367;
0.0237134;-5.26257;
0.0237334;-5.26146;
0.0237534;-5.26036;
0.0237734;-5.25925;
0.0237934;-5.25815;
0.0238134;-5.25704;
0.0238334;-5.25593;
0.0238534;-5.25482;
0.0238734;-5.25371;
0.0238934;-5.2526;
0.0239134;-5.25149;
0.0239334;-5.25038;
0.0239534;-5.24927;
0.0239734;-5.24816;
0.0239934;-5.24705;
0.0240134;-5.24593;
0.0240334;-5.24482;
0.0240534;-5.2437;
0.0240734;-5.24259;
0.0240934;-5.24147;
0.0241134;-5.24036;
0.0241334;-5.23924;
0.0241534;-5.23812;
0.0241734;-5.237;
0.0241934;-5.23588;
0.0242134;-5.23476;
0.0242334;-5.23364;
0.0242534;-5.23252;
0.0242734;-5.2314;
0.0242934;-5.23028;
0.0243134;-5.22916;
0.0243334;-5.22803;
0.0243534;-5.22691;
0.0243734;-5.22578;
0.0243934;-5.22466;
0.0244134;-5.22353;
0.0244334;-5.22241;
0.0244534;-5.22128;
0.0244734;-5.22015;
0.0244934;-5.21903;
0.0245134;-5.2179;
0.0245334;-5.21677;
0.0245534;-5.21564;
0.0245734;-5.21451;
0.0245934;-5.21338;
0.0246134;-5.21224;
0.0246334;-5.21111;
0.0246534;-5.20998;
0.0246734;-5.20884;
0.0246934;-5.20771;
0.0247134;-5.20658;
0.0247334;-5.20544;
0.0247534;-5.2043;
0.0247734;-5.20317;
0.0247934;-5.20203;
0.0248134;-5.20089;
0.0248334;-5.19975;
0.0248534;-5.19861;
0.0248734;-5.19748;
0.0248934;-5.19633;
0.0249134;-5.19519;
0.0249334;-5.19405;
0.0249534;-5.19291;
0.0249734;-5.19177;
0.0249934;-5.19062;
0.0250134;-5.18948;
0.0250334;-5.18834;
0.0250534;-5.18719;
0.0250734;-5.18605;
0.0250934;-5.1849;
0.0251134;-5.18375;
0.0251334;-5.18261;
0.0251534;-5.18146;
0.0251734;-5.18031;
0.0251934;-5.17916;
0.0252134;-5.17801;
0.0252334;-5.17686;
0.0252534;-5.17571;
0.0252734;-5.17456;
0.0252934;-5.17341;
0.0253134;-5.17225;
0.0253334;-5.1711;
0.0253534;-5.16995;
0.0253734;-5.16879;
0.0253934;-5.16764;
0.0254134;-5.16648;
0.0254334;-5.16532;
0.0254534;-5.16417;
0.0254734;-5.16301;
0.0254934;-5.16185;
0.0255134;-5.16069;
0.0255334;-5.15953;
0.0255534;-5.15837;
0.0255734;-5.15721;
0.0255934;-5.15605;
0.0256134;-5.15489;
0.0256334;-5.15373;
0.0256534;-5.15257;
0.0256734;-5.1514;
0.0256934;-5.15024;
0.0257134;-5.14908;
0.0257334;-5.14791;
0.0257534;-5.14674;
0.0257734;-5.14558;
0.0257934;-5.14441;
0.0258134;-5.14324;
0.0258334;-5.14208;
0.0258534;-5.14091;
0.0258734;-5.13974;
0.0258934;-5.13857;
0.0259134;-5.1374;
0.0259334;-5.13623;
0.0259534;-5.13506;
0.0259734;-5.13389;
0.0259934;-5.13271;
0.0260134;-5.13154;
0.0260334;-5.13037;
0.0260534;-5.12919;
0.0260734;-5.12802;
0.0260934;-5.12684;
0.0261134;-5.12567;
0.0261334;-5.12449;
0.0261534;-5.12331;
0.0261734;-5.12214;
0.0261934;-5.12096;
0.0262134;-5.11978;
0.0262334;-5.1186;
0.0262534;-5.11742;
0.0262734;-5.11624;
0.0262934;-5.11506;
0.0263134;-5.11388;
0.0263334;-5.11269;
0.0263534;-5.11151;
0.0263734;-5.11033;
0.0263934;-5.10914;
0.0264134;-5.10796;
0.0264334;-5.10677;
0.0264534;-5.10559;
0.0264734;-5.1044;
0.0264934;-5.10322;
0.0265134;-5.10203;
0.0265334;-5.10084;
0.0265534;-5.09965;
0.0265734;-5.09846;
0.0265934;-5.09727;
0.0266134;-5.09608;
0.0266334;-5.09489;
0.0266534;-5.0937;
0.026664;-5.09307;
0.0266641;-5.09306;
0.0266643;-5.09305;
0.0266647;-5.09303;
0.026665;-5.09301;
0.0266651;-5.09301;
0.0266652;-5.093;
0.0266656;-5.09298;
0.0266662;-5.09294;
0.0266675;-5.09286;
0.02667;-5.09271;
0.0266752;-5.09241;
0.0266854;-5.09179;
0.0267054;-5.0906;
0.0267254;-5.08941;
0.0267454;-5.08822;
0.0267654;-5.08702;
0.0267854;-5.08583;
0.0268054;-5.08463;
0.0268254;-5.08343;
0.0268454;-5.08224;
0.0268654;-5.08104;
0.0268854;-5.07984;
0.0269054;-5.07865;
0.0269254;-5.07745;
0.0269454;-5.07625;
0.0269654;-5.07505;
0.0269854;-5.07385;
0.0270054;-5.07265;
0.0270254;-5.07144;
0.0270454;-5.07024;
0.0270654;-5.06904;
0.0270854;-5.06784;
0.0271054;-5.06663;
0.0271254;-5.06543;
0.0271454;-5.06422;
0.0271654;-5.06302;
0.0271854;-5.06181;
0.0272054;-5.06061;
0.0272254;-5.0594;
0.0272454;-5.05819;
0.0272654;-5.05698;
0.0272854;-5.05577;
0.0273054;-5.05456;
0.0273254;-5.05336;
0.0273454;-5.05214;
0.0273654;-5.05093;
0.0273854;-5.04972;
0.0274054;-5.04851;
0.0274254;-5.0473;
0.0274454;-5.04609;
0.0274654;-5.04487;
0.0274854;-5.04366;
0.0275054;-5.04244;
0.0275254;-5.04123;
0.0275454;-5.04001;
0.0275654;-5.0388;
0.0275854;-5.03758;
0.0276054;-5.03636;
0.0276254;-5.03514;
0.0276454;-5.03393;
0.0276654;-5.03271;
0.0276854;-5.03149;
0.0277054;-5.03027;
0.0277254;-5.02905;
0.0277454;-5.02782;
0.0277654;-5.0266;
0.0277854;-5.02538;
0.0278054;-5.02416;
0.0278254;-5.02293;
0.0278454;-5.02171;
0.0278654;-5.02049;
0.0278854;-5.01926;
0.0279054;-5.01804;
0.0279254;-5.01681;
0.0279454;-5.01558;
0.0279654;-5.01436;
0.0279854;-5.01313;
0.0280054;-5.0119;
0.0280254;-5.01067;
0.0280454;-5.00944;
0.0280654;-5.00821;
0.0280854;-5.00698;
0.0281054;-5.00575;
0.0281254;-5.00452;
0.0281454;-5.00329;
0.0281654;-5.00206;
0.0281854;-5.00082;
0.0282054;-4.99959;
0.0282254;-4.99836;
0.0282454;-4.99712;
0.0282654;-4.99589;
0.0282854;-4.99465;
0.0283054;-4.99342;
0.0283254;-4.99218;
0.0283454;-4.99094;
0.0283654;-4.98971;
0.0283854;-4.98847;
0.0284054;-4.98723;
0.0284254;-4.98599;
0.0284454;-4.98475;
0.0284654;-4.98351;
0.0284854;-4.98227;
0.0285054;-4.98103;
0.0285254;-4.97979;
0.0285454;-4.97854;
0.0285654;-4.9773;
0.0285854;-4.97606;
0.0286054;-4.97481;
0.0286254;-4.97357;
0.0286454;-4.97233;
0.0286654;-4.97108;
0.0286854;-4.96983;
0.0287054;-4.96859;
0.0287254;-4.96734;
0.0287454;-4.96609;
0.0287654;-4.96484;
0.0287854;-4.9636;
0.0288054;-4.96235;
0.0288254;-4.9611;
0.0288454;-4.95985;
0.0288654;-4.9586;
0.0288854;-4.95735;
0.0289054;-4.95609;
0.0289254;-4.95484;
0.0289454;-4.95359;
0.0289654;-4.95234;
0.0289854;-4.95108;
0.0290054;-4.94983;
0.0290254;-4.94857;
0.0290454;-4.94732;
0.0290654;-4.94606;
0.0290854;-4.94481;
0.0291054;-4.94355;
0.0291254;-4.94229;
0.0291454;-4.94104;
0.0291654;-4.93978;
0.0291854;-4.93852;
0.0292054;-4.93726;
0.0292254;-4.936;
0.0292454;-4.93474;
0.0292654;-4.93348;
0.0292854;-4.93222;
0.0293054;-4.93096;
0.0293254;-4.92969;
0.0293454;-4.92843;
0.0293654;-4.92717;
0.0293854;-4.9259;
0.0294054;-4.92464;
0.0294254;-4.92338;
0.0294454;-4.92211;
0.0294654;-4.92084;
0.0294854;-4.91958;
0.0295054;-4.91831;
0.0295254;-4.91704;
0.0295454;-4.91578;
0.0295654;-4.91451;
0.0295854;-4.91324;
0.0296054;-4.91197;
0.0296254;-4.9107;
0.0296454;-4.90943;
0.0296654;-4.90816;
0.0296854;-4.90689;
0.0297054;-4.90562;
0.0297254;-4.90434;
0.0297454;-4.90307;
0.0297654;-4.9018;
0.0297854;-4.90052;
0.0298054;-4.89925;
0.0298254;-4.89798;
0.0298454;-4.8967;
0.0298654;-4.89542;
0.0298854;-4.89415;
0.0299054;-4.89287;
0.0299254;-4.89159;
0.0299454;-4.89032;
0.0299654;-4.88904;
0.0299854;-4.88776;
0.029998;-4.88695;
0.0299981;-4.88695;
0.0299983;-4.88694;
0.0299987;-4.88691;
0.029999;-4.88689;
0.0299991;-4.88689;
0.0299992;-4.88688;
0.0299996;-4.88685;
0.0300002;-4.88681;
0.0300015;-4.88673;
0.030004;-4.88657;
0.0300092;-4.88624;
0.0300194;-4.88559;
0.0300394;-4.88431;
0.0300594;-4.88302;
0.0300794;-4.88174;
0.0300994;-4.88046;
0.0301194;-4.87918;
0.0301394;-4.8779;
0.0301594;-4.87662;
0.0301794;-4.87533;
0.0301994;-4.87405;
0.0302194;-4.87276;
0.0302394;-4.87148;
0.0302594;-4.87019;
0.0302794;-4.86891;
0.0302994;-4.86762;
0.0303194;-4.86633;
0.0303394;-4.86505;
0.0303594;-4.86376;
0.0303794;-4.86247;
0.0303994;-4.86118;
0.0304194;-4.85989;
0.0304394;-4.8586;
0.0304594;-4.85731;
0.0304794;-4.85602;
0.0304994;-4.85473;
0.0305194;-4.85344;
0.0305394;-4.85215;
0.0305594;-4.85086;
0.0305794;-4.84956;
0.0305994;-4.84827;
0.0306194;-4.84697;
0.0306394;-4.84568;
0.0306594;-4.84439;
0.0306794;-4.84309;
0.0306994;-4.84179;
0.0307194;-4.8405;
0.0307394;-4.8392;
0.0307594;-4.8379;
0.0307794;-4.83661;
0.0307994;-4.83531;
0.0308194;-4.83401;
0.0308394;-4.83271;
0.0308594;-4.83141;
0.0308794;-4.83011;
0.0308994;-4.82881;
0.0309194;-4.82751;
0.0309394;-4.82621;
0.0309594;-4.8249;
0.0309794;-4.8236;
0.0309994;-4.8223;
0.0310194;-4.82099;
0.0310394;-4.81969;
0.0310594;-4.81839;
0.0310794;-4.81708;
0.0310994;-4.81578;
0.0311194;-4.81447;
0.0311394;-4.81316;
0.0311594;-4.81186;
0.0311794;-4.81055;
0.0311994;-4.80924;
0.0312194;-4.80793;
0.0312394;-4.80662;
0.0312594;-4.80532;
0.0312794;-4.80401;
0.0312994;-4.8027;
0.0313194;-4.80139;
0.0313394;-4.80007;
0.0313594;-4.79876;
0.0313794;-4.79745;
0.0313994;-4.79614;
0.0314194;-4.79483;
0.0314394;-4.79351;
0.0314594;-4.7922;
0.0314794;-4.79088;
0.0314994;-4.78957;
0.0315194;-4.78825;
0.0315394;-4.78694;
0.0315594;-4.78562;
0.0315794;-4.78431;
0.0315994;-4.78299;
0.0316194;-4.78167;
0.0316394;-4.78035;
0.0316594;-4.77904;
0.0316794;-4.77772;
0.0316994;-4.7764;
0.0317194;-4.77508;
0.0317394;-4.77376;
0.0317594;-4.77244;
0.0317794;-4.77112;
0.0317994;-4.76979;
0.0318194;-4.76847;
0.0318394;-4.76715;
0.0318594;-4.76583;
0.0318794;-4.7645;
0.0318994;-4.76318;
0.0319194;-4.76185;
0.0319394;-4.76053;
0.0319594;-4.7592;
0.0319794;-4.75788;
0.0319994;-4.75655;
0.0320194;-4.75523;
0.0320394;-4.7539;
0.0320594;-4.75257;
0.0320794;-4.75124;
0.0320994;-4.74992;
0.0321194;-4.74859;
0.0321394;-4.74726;
0.0321594;-4.74593;
0.0321794;-4.7446;
0.0321994;-4.74327;
0.0322194;-4.74194;
0.0322394;-4.7406;
0.0322594;-4.73927;
0.0322794;-4.73794;
0.0322994;-4.73661;
0.0323194;-4.73527;
0.0323394;-4.73394;
0.0323594;-4.73261;
0.0323794;-4.73127;
0.0323994;-4.72994;
0.0324194;-4.7286;
0.0324394;-4.72726;
0.0324594;-4.72593;
0.0324794;-4.72459;
0.0324994;-4.72325;
0.0325194;-4.72192;
0.0325394;-4.72058;
0.0325594;-4.71924;
0.0325794;-4.7179;
0.0325994;-4.71656;
0.0326194;-4.71522;
0.0326394;-4.71388;
0.0326594;-4.71254;
0.0326794;-4.7112;
0.0326994;-4.70986;
0.0327194;-4.70851;
0.0327394;-4.70717;
0.0327594;-4.70583;
0.0327794;-4.70449;
0.0327994;-4.70314;
0.0328194;-4.7018;
0.0328394;-4.70045;
0.0328594;-4.69911;
0.0328794;-4.69776;
0.0328994;-4.69642;
0.0329194;-4.69507;
0.0329394;-4.69372;
0.0329594;-4.69238;
0.0329794;-4.69103;
0.0329994;-4.68968;
0.0330194;-4.68833;
0.0330394;-4.68698;
0.0330594;-4.68563;
0.0330794;-4.68428;
0.0330994;-4.68293;
0.0331194;-4.68158;
0.0331394;-4.68023;
0.0331594;-4.67888;
0.0331794;-4.67753;
0.0331994;-4.67617;
0.0332194;-4.67482;
0.0332394;-4.67347;
0.0332594;-4.67211;
0.0332794;-4.67076;
0.0332994;-4.6694;
0.0333194;-4.66805;
0.03333;-4.66733;
0.0333301;-4.66732;
0.0333303;-4.66731;
0.0333307;-4.66728;
0.033331;-4.66726;
0.0333311;-4.66726;
0.0333312;-4.66725;
0.0333316;-4.66722;
0.0333322;-4.66718;
0.0333335;-4.66709;
0.033336;-4.66692;
0.0333412;-4.66657;
0.0333514;-4.66588;
0.0333714;-4.66452;
0.0333914;-4.66317;
0.0334114;-4.66181;
0.0334314;-4.66045;
0.0334514;-4.65909;
0.0334714;-4.65774;
0.0334914;-4.65638;
0.0335114;-4.65502;
0.0335314;-4.65366;
0.0335514;-4.6523;
0.0335714;-4.65094;
0.0335914;-4.64958;
0.0336114;-4.64821;
0.0336314;-4.64685;
0.0336514;-4.64549;
0.0336714;-4.64413;
0.0336914;-4.64277;
0.0337114;-4.6414;
0.0337314;-4.64004;
0.0337514;-4.63867;
0.0337714;-4.63731;
0.0337914;-4.63594;
0.0338114;-4.63458;
0.0338314;-4.63321;
0.0338514;-4.63185;
0.0338714;-4.63048;
0.0338914;-4.62911;
0.0339114;-4.62774;
0.0339314;-4.62638;
0.0339514;-4.62501;
0.0339714;-4.62364;
0.0339914;-4.62227;
0.0340114;-4.6209;
0.0340314;-4.61953;
0.0340514;-4.61816;
0.0340714;-4.61679;
0.0340914;-4.61542;
0.0341114;-4.61405;
0.0341314;-4.61267;
0.0341514;-4.6113;
0.0341714;-4.60993;
0.0341914;-4.60855;
0.0342114;-4.60718;
0.0342314;-4.60581;
0.0342514;-4.60443;
0.0342714;-4.60306;
0.0342914;-4.60168;
0.0343114;-4.6003;
0.0343314;-4.59893;
0.0343514;-4.59755;
0.0343714;-4.59617;
0.0343914;-4.5948;
0.0344114;-4.59342;
0.0344314;-4.59204;
0.0344514;-4.59066;
0.0344714;-4.58928;
0.0344914;-4.5879;
0.0345114;-4.58652;
0.0345314;-4.58514;
0.0345514;-4.58376;
0.0345714;-4.58238;
0.0345914;-4.581;
0.0346114;-4.57962;
0.0346314;-4.57823;
0.0346514;-4.57685;
0.0346714;-4.57547;
0.0346914;-4.57409;
0.0347114;-4.5727;
0.0347314;-4.57132;
0.0347514;-4.56993;
0.0347714;-4.56855;
0.0347914;-4.56716;
0.0348114;-4.56577;
0.0348314;-4.56439;
0.0348514;-4.563;
0.0348714;-4.56161;
0.0348914;-4.56023;
0.0349114;-4.55884;
0.0349314;-4.55745;
0.0349514;-4.55606;
0.0349714;-4.55467;
0.0349914;-4.55328;
0.0350114;-4.55189;
0.0350314;-4.5505;
0.0350514;-4.54911;
0.0350714;-4.54772;
0.0350914;-4.54633;
0.0351114;-4.54494;
0.0351314;-4.54354;
0.0351514;-4.54215;
0.0351714;-4.54076;
0.0351914;-4.53936;
0.0352114;-4.53797;
0.0352314;-4.53658;
0.0352514;-4.53518;
0.0352714;-4.53379;
0.0352914;-4.53239;
0.0353114;-4.53099;
0.0353314;-4.5296;
0.0353514;-4.5282;
0.0353714;-4.5268;
0.0353914;-4.52541;
0.0354114;-4.52401;
0.0354314;-4.52261;
0.0354514;-4.52121;
0.0354714;-4.51981;
0.0354914;-4.51841;
0.0355114;-4.51701;
0.0355314;-4.51561;
0.0355514;-4.51421;
0.0355714;-4.51281;
0.0355914;-4.51141;
0.0356114;-4.51001;
0.0356314;-4.50861;
0.0356514;-4.5072;
0.0356714;-4.5058;
0.0356914;-4.5044;
0.0357114;-4.50299;
0.0357314;-4.50159;
0.0357514;-4.50019;
0.0357714;-4.49878;
0.0357914;-4.49738;
0.0358114;-4.49597;
0.0358314;-4.49456;
0.0358514;-4.49316;
0.0358714;-4.49175;
0.0358914;-4.49034;
0.0359114;-4.48894;
0.0359314;-4.48753;
0.0359514;-4.48612;
0.0359714;-4.48471;
0.0359914;-4.4833;
0.0360114;-4.48189;
0.0360314;-4.48048;
0.0360514;-4.47907;
0.0360714;-4.47766;
0.0360914;-4.47625;
0.0361114;-4.47484;
0.0361314;-4.47343;
0.0361514;-4.47202;
0.0361714;-4.4706;
0.0361914;-4.46919;
0.0362114;-4.46778;
0.0362314;-4.46636;
0.0362514;-4.46495;
0.0362714;-4.46354;
0.0362914;-4.46212;
0.0363114;-4.46071;
0.0363314;-4.45929;
0.0363514;-4.45787;
0.0363714;-4.45646;
0.0363914;-4.45504;
0.0364114;-4.45362;
0.0364314;-4.45221;
0.0364514;-4.45079;
0.0364714;-4.44937;
0.0364914;-4.44795;
0.0365114;-4.44653;
0.0365314;-4.44511;
0.0365514;-4.44369;
0.0365714;-4.44227;
0.0365914;-4.44085;
0.0366114;-4.43943;
0.0366314;-4.43801;
0.0366514;-4.43659;
0.036664;-4.4357;
0.0366641;-4.43569;
0.0366643;-4.43567;
0.0366647;-4.43565;
0.036665;-4.43562;
0.0366651;-4.43562;
0.0366652;-4.43561;
0.0366656;-4.43558;
0.0366662;-4.43554;
0.0366675;-4.43545;
0.03667;-4.43527;
0.0366752;-4.4349;
0.0366854;-4.43417;
0.0367054;-4.43275;
0.0367254;-4.43133;
0.0367454;-4.42991;
0.0367654;-4.42848;
0.0367854;-4.42706;
0.0368054;-4.42563;
0.0368254;-4.42421;
0.0368454;-4.42278;
0.0368654;-4.42136;
0.0368854;-4.41993;
0.0369054;-4.41851;
0.0369254;-4.41708;
0.0369454;-4.41565;
0.0369654;-4.41423;
0.0369854;-4.4128;
0.0370054;-4.41137;
0.0370254;-4.40994;
0.0370454;-4.40851;
0.0370654;-4.40709;
0.0370854;-4.40566;
0.0371054;-4.40423;
0.0371254;-4.4028;
0.0371454;-4.40137;
0.0371654;-4.39993;
0.0371854;-4.3985;
0.0372054;-4.39707;
0.0372254;-4.39564;
0.0372454;-4.39421;
0.0372654;-4.39278;
0.0372854;-4.39134;
0.0373054;-4.38991;
0.0373254;-4.38848;
0.0373454;-4.38704;
0.0373654;-4.38561;
0.0373854;-4.38417;
0.0374054;-4.38274;
0.0374254;-4.3813;
0.0374454;-4.37987;
0.0374654;-4.37843;
0.0374854;-4.37699;
0.0375054;-4.37556;
0.0375254;-4.37412;
0.0375454;-4.37268;
0.0375654;-4.37124;
0.0375854;-4.3698;
0.0376054;-4.36837;
0.0376254;-4.36693;
0.0376454;-4.36549;
0.0376654;-4.36405;
0.0376854;-4.36261;
0.0377054;-4.36117;
0.0377254;-4.35973;
0.0377454;-4.35829;
0.0377654;-4.35684;
0.0377854;-4.3554;
0.0378054;-4.35396;
0.0378254;-4.35252;
0.0378454;-4.35107;
0.0378654;-4.34963;
0.0378854;-4.34819;
0.0379054;-4.34674;
0.0379254;-4.3453;
0.0379454;-4.34385;
0.0379654;-4.34241;
0.0379854;-4.34096;
0.0380054;-4.33952;
0.0380254;-4.33807;
0.0380454;-4.33663;
0.0380654;-4.33518;
0.0380854;-4.33373;
0.0381054;-4.33229;
0.0381254;-4.33084;
0.0381454;-4.32939;
0.0381654;-4.32794;
0.0381854;-4.32649;
0.0382054;-4.32504;
0.0382254;-4.32359;
0.0382454;-4.32214;
0.0382654;-4.32069;
0.0382854;-4.31924;
0.0383054;-4.31779;
0.0383254;-4.31634;
0.0383454;-4.31489;
0.0383654;-4.31344;
0.0383854;-4.31199;
0.0384054;-4.31053;
0.0384254;-4.30908;
0.0384454;-4.30763;
0.0384654;-4.30617;
0.0384854;-4.30472;
0.0385054;-4.30327;
0.0385254;-4.30181;
0.0385454;-4.30036;
0.0385654;-4.2989;
0.0385854;-4.29744;
0.0386054;-4.29599;
0.0386254;-4.29453;
0.0386454;-4.29308;
0.0386654;-4.29162;
0.0386854;-4.29016;
0.0387054;-4.2887;
0.0387254;-4.28725;
0.0387454;-4.28579;
0.0387654;-4.28433;
0.0387854;-4.28287;
0.0388054;-4.28141;
0.0388254;-4.27995;
0.0388454;-4.27849;
0.0388654;-4.27703;
0.0388854;-4.27557;
0.0389054;-4.27411;
0.0389254;-4.27265;
0.0389454;-4.27119;
0.0389654;-4.26972;
0.0389854;-4.26826;
0.0390054;-4.2668;
0.0390254;-4.26534;
0.0390454;-4.26387;
0.0390654;-4.26241;
0.0390854;-4.26095;
0.0391054;-4.25948;
0.0391254;-4.25802;
0.0391454;-4.25655;
0.0391654;-4.25509;
0.0391854;-4.25362;
0.0392054;-4.25216;
0.0392254;-4.25069;
0.0392454;-4.24922;
0.0392654;-4.24776;
0.0392854;-4.24629;
0.0393054;-4.24482;
0.0393254;-4.24335;
0.0393454;-4.24188;
0.0393654;-4.24042;
0.0393854;-4.23895;
0.0394054;-4.23748;
0.0394254;-4.23601;
0.0394454;-4.23454;
0.0394654;-4.23307;
0.0394854;-4.2316;
0.0395054;-4.23013;
0.0395254;-4.22866;
0.0395454;-4.22718;
0.0395654;-4.22571;
0.0395854;-4.22424;
0.0396054;-4.22277;
0.0396254;-4.2213;
0.0396454;-4.21982;
0.0396654;-4.21835;
0.0396854;-4.21688;
0.0397054;-4.2154;
0.0397254;-4.21393;
0.0397454;-4.21245;
0.0397654;-4.21098;
0.0397854;-4.2095;
0.0398054;-4.20803;
0.0398254;-4.20655;
0.0398454;-4.20507;
0.0398654;-4.2036;
0.0398854;-4.20212;
0.0399054;-4.20064;
0.0399254;-4.19917;
0.0399454;-4.19769;
0.03996;-4.19664;
0.0399739;-4.1957;
0.0399844;-4.19502;
0.0399946;-4.19436;
0.039996;-4.19427;
0.0399969;-4.19421;
0.039997;-4.1942;
0.0399972;-4.19419;
0.0399975;-4.19417;
0.0399981;-4.19413;
0.0399993;-4.19405;
0.0400019;-4.19389;
0.0400069;-4.19356;
0.0400169;-4.19291;
0.0400369;-4.19161;
0.0400569;-4.19031;
0.0400769;-4.18902;
0.0400969;-4.18772;
0.0401169;-4.18642;
0.0401369;-4.18512;
0.0401569;-4.18382;
0.0401769;-4.18251;
0.0401969;-4.18121;
0.0402169;-4.17991;
0.0402369;-4.17861;
0.0402569;-4.1773;
0.0402769;-4.176;
0.0402969;-4.1747;
0.0403169;-4.17339;
0.0403369;-4.17209;
0.0403569;-4.17078;
0.0403769;-4.16948;
0.0403969;-4.16817;
0.0404169;-4.16687;
0.0404369;-4.16556;
0.0404569;-4.16425;
0.0404769;-4.16295;
0.0404969;-4.16164;
0.0405169;-4.16033;
0.0405369;-4.15902;
0.0405569;-4.15771;
0.0405769;-4.1564;
0.0405969;-4.15509;
0.0406169;-4.15378;
0.0406369;-4.15247;
0.0406569;-4.15116;
0.0406769;-4.14985;
0.0406969;-4.14854;
0.0407169;-4.14722;
0.0407369;-4.14591;
0.0407569;-4.1446;
0.0407769;-4.14328;
0.0407969;-4.14197;
0.0408169;-4.14065;
0.0408369;-4.13934;
0.0408569;-4.13802;
0.0408769;-4.13671;
0.0408969;-4.13539;
0.0409169;-4.13408;
0.0409369;-4.13276;
0.0409569;-4.13144;
0.0409769;-4.13012;
0.0409969;-4.12881;
0.0410169;-4.12749;
0.0410369;-4.12617;
0.0410569;-4.12485;
0.0410769;-4.12353;
0.0410969;-4.12221;
0.0411169;-4.12089;
0.0411369;-4.11957;
0.0411569;-4.11825;
0.0411769;-4.11692;
0.0411969;-4.1156;
0.0412169;-4.11428;
0.0412369;-4.11296;
0.0412569;-4.11163;
0.0412769;-4.11031;
0.0412969;-4.10898;
0.0413169;-4.10766;
0.0413369;-4.10633;
0.0413569;-4.10501;
0.0413769;-4.10368;
0.0413969;-4.10236;
0.0414169;-4.10103;
0.0414369;-4.0997;
0.0414569;-4.09838;
0.0414769;-4.09705;
0.0414969;-4.09572;
0.0415169;-4.09439;
0.0415369;-4.09306;
0.0415569;-4.09173;
0.0415769;-4.0904;
0.0415969;-4.08907;
0.0416169;-4.08774;
0.0416369;-4.08641;
0.0416569;-4.08508;
0.0416769;-4.08375;
0.0416969;-4.08242;
0.0417169;-4.08108;
0.0417369;-4.07975;
0.0417569;-4.07842;
0.0417769;-4.07708;
0.0417969;-4.07575;
0.0418169;-4.07441;
0.0418369;-4.07308;
0.0418569;-4.07174;
0.0418769;-4.07041;
0.0418969;-4.06907;
0.0419169;-4.06774;
0.0419369;-4.0664;
0.0419569;-4.06506;
0.0419769;-4.06372;
0.0419969;-4.06239;
0.0420169;-4.06105;
0.0420369;-4.05971;
0.0420569;-4.05837;
0.0420769;-4.05703;
0.0420969;-4.05569;
0.0421169;-4.05435;
0.0421369;-4.05301;
0.0421569;-4.05167;
0.0421769;-4.05033;
0.0421969;-4.04898;
0.0422169;-4.04764;
0.0422369;-4.0463;
0.0422569;-4.04496;
0.0422769;-4.04361;
0.0422969;-4.04227;
0.0423169;-4.04092;
0.0423369;-4.03958;
0.0423569;-4.03823;
0.0423769;-4.03689;
0.0423969;-4.03554;
0.0424169;-4.0342;
0.0424369;-4.03285;
0.0424569;-4.0315;
0.0424769;-4.03016;
0.0424969;-4.02881;
0.0425169;-4.02746;
0.0425369;-4.02611;
0.0425569;-4.02476;
0.0425769;-4.02341;
0.0425969;-4.02206;
0.0426169;-4.02071;
0.0426369;-4.01936;
0.0426569;-4.01801;
0.0426769;-4.01666;
0.0426969;-4.01531;
0.0427169;-4.01396;
0.0427369;-4.01261;
0.0427569;-4.01125;
0.0427769;-4.0099;
0.0427969;-4.00855;
0.0428169;-4.00719;
0.0428369;-4.00584;
0.0428569;-4.00449;
0.0428769;-4.00313;
0.0428969;-4.00178;
0.0429169;-4.00042;
0.0429369;-3.99906;
0.0429569;-3.99771;
0.0429769;-3.99635;
0.0429969;-3.99499;
0.0430169;-3.99364;
0.0430369;-3.99228;
0.0430569;-3.99092;
0.0430769;-3.98956;
0.0430969;-3.9882;
0.0431169;-3.98684;
0.0431369;-3.98548;
0.0431569;-3.98412;
0.0431769;-3.98276;
0.0431969;-3.9814;
0.0432169;-3.98004;
0.0432369;-3.97868;
0.0432569;-3.97732;
0.0432769;-3.97595;
0.0432969;-3.97459;
0.0433169;-3.97323;
0.04333;-3.97233;
0.0433301;-3.97233;
0.0433303;-3.97231;
0.0433307;-3.97229;
0.043331;-3.97227;
0.0433311;-3.97226;
0.0433312;-3.97225;
0.0433316;-3.97223;
0.0433322;-3.97218;
0.0433335;-3.9721;
0.043336;-3.97192;
0.0433412;-3.97157;
0.0433514;-3.97088;
0.0433714;-3.96951;
0.0433914;-3.96815;
0.0434114;-3.96678;
0.0434314;-3.96542;
0.0434514;-3.96405;
0.0434714;-3.96269;
0.0434914;-3.96132;
0.0435114;-3.95995;
0.0435314;-3.95859;
0.0435514;-3.95722;
0.0435714;-3.95585;
0.0435914;-3.95448;
0.0436114;-3.95311;
0.0436314;-3.95175;
0.0436514;-3.95038;
0.0436714;-3.94901;
0.0436914;-3.94764;
0.0437114;-3.94627;
0.0437314;-3.9449;
0.0437514;-3.94353;
0.0437714;-3.94215;
0.0437914;-3.94078;
0.0438114;-3.93941;
0.0438314;-3.93804;
0.0438514;-3.93667;
0.0438714;-3.93529;
0.0438914;-3.93392;
0.0439114;-3.93255;
0.0439314;-3.93117;
0.0439514;-3.9298;
0.0439714;-3.92842;
0.0439914;-3.92705;
0.0440114;-3.92567;
0.0440314;-3.92429;
0.0440514;-3.92292;
0.0440714;-3.92154;
0.0440914;-3.92016;
0.0441114;-3.91879;
0.0441314;-3.91741;
0.0441514;-3.91603;
0.0441714;-3.91465;
0.0441914;-3.91327;
0.0442114;-3.9119;
0.0442314;-3.91052;
0.0442514;-3.90914;
0.0442714;-3.90776;
0.0442914;-3.90638;
0.0443114;-3.90499;
0.0443314;-3.90361;
0.0443514;-3.90223;
0.0443714;-3.90085;
0.0443914;-3.89947;
0.0444114;-3.89808;
0.0444314;-3.8967;
0.0444514;-3.89532;
0.0444714;-3.89393;
0.0444914;-3.89255;
0.0445114;-3.89117;
0.0445314;-3.88978;
0.0445514;-3.8884;
0.0445714;-3.88701;
0.0445914;-3.88563;
0.0446114;-3.88424;
0.0446314;-3.88285;
0.0446514;-3.88147;
0.0446714;-3.88008;
0.0446914;-3.87869;
0.0447114;-3.8773;
0.0447314;-3.87592;
0.0447514;-3.87453;
0.0447714;-3.87314;
0.0447914;-3.87175;
0.0448114;-3.87036;
0.0448314;-3.86897;
0.0448514;-3.86758;
0.0448714;-3.86619;
0.0448914;-3.8648;
0.0449114;-3.86341;
0.0449314;-3.86201;
0.0449514;-3.86062;
0.0449714;-3.85923;
0.0449914;-3.85784;
0.0450114;-3.85644;
0.0450314;-3.85505;
0.0450514;-3.85366;
0.0450714;-3.85226;
0.0450914;-3.85087;
0.0451114;-3.84947;
0.0451314;-3.84808;
0.0451514;-3.84668;
0.0451714;-3.84529;
0.0451914;-3.84389;
0.0452114;-3.8425;
0.0452314;-3.8411;
0.0452514;-3.8397;
0.0452714;-3.8383;
0.0452914;-3.83691;
0.0453114;-3.83551;
0.0453314;-3.83411;
0.0453514;-3.83271;
0.0453714;-3.83131;
0.0453914;-3.82991;
0.0454114;-3.82851;
0.0454314;-3.82711;
0.0454514;-3.82571;
0.0454714;-3.82431;
0.0454914;-3.82291;
0.0455114;-3.82151;
0.0455314;-3.82011;
0.0455514;-3.81871;
0.0455714;-3.8173;
0.0455914;-3.8159;
0.0456114;-3.8145;
0.0456314;-3.8131;
0.0456514;-3.81169;
0.0456714;-3.81029;
0.0456914;-3.80888;
0.0457114;-3.80748;
0.0457314;-3.80607;
0.0457514;-3.80467;
0.0457714;-3.80326;
0.0457914;-3.80186;
0.0458114;-3.80045;
0.0458314;-3.79904;
0.0458514;-3.79764;
0.0458714;-3.79623;
0.0458914;-3.79482;
0.0459114;-3.79341;
0.0459314;-3.79201;
0.0459514;-3.7906;
0.0459714;-3.78919;
0.0459914;-3.78778;
0.0460114;-3.78637;
0.0460314;-3.78496;
0.0460514;-3.78355;
0.0460714;-3.78214;
0.0460914;-3.78073;
0.0461114;-3.77932;
0.0461314;-3.7779;
0.0461514;-3.77649;
0.0461714;-3.77508;
0.0461914;-3.77367;
0.0462114;-3.77226;
0.0462314;-3.77084;
0.0462514;-3.76943;
0.0462714;-3.76801;
0.0462914;-3.7666;
0.0463114;-3.76519;
0.0463314;-3.76377;
0.0463514;-3.76236;
0.0463714;-3.76094;
0.0463914;-3.75953;
0.0464114;-3.75811;
0.0464314;-3.75669;
0.0464514;-3.75528;
0.0464714;-3.75386;
0.0464914;-3.75244;
0.0465114;-3.75102;
0.0465314;-3.74961;
0.0465514;-3.74819;
0.0465714;-3.74677;
0.0465914;-3.74535;
0.0466114;-3.74395;
0.0466229;-3.74318;
0.0466339;-3.74244;
0.0466402;-3.74203;
0.0466479;-3.74153;
0.046662;-3.7406;
0.0466621;-3.7406;
0.0466623;-3.74058;
0.0466627;-3.74056;
0.046663;-3.74054;
0.0466631;-3.74053;
0.0466632;-3.74052;
0.0466636;-3.7405;
0.0466642;-3.74046;
0.0466655;-3.74037;
0.046668;-3.74021;
0.0466732;-3.73987;
0.0466834;-3.7392;
0.0467034;-3.73788;
0.0467234;-3.73657;
0.0467401;-3.73547;
0.0467572;-3.73435;
0.0467754;-3.73315;
0.0467954;-3.73184;
0.0468154;-3.73052;
0.0468354;-3.7292;
0.0468554;-3.72789;
0.0468754;-3.72657;
0.0468954;-3.72525;
0.0469154;-3.72393;
0.0469354;-3.72261;
0.0469554;-3.7213;
0.0469754;-3.71998;
0.0469954;-3.71866;
0.0470154;-3.71734;
0.0470354;-3.71602;
0.0470554;-3.7147;
0.0470754;-3.71338;
0.0470954;-3.71205;
0.0471154;-3.71073;
0.0471354;-3.70941;
0.0471554;-3.70809;
0.0471754;-3.70676;
0.0471954;-3.70544;
0.0472154;-3.70412;
0.0472354;-3.70279;
0.0472554;-3.70147;
0.0472754;-3.70014;
0.0472954;-3.69882;
0.0473154;-3.69749;
0.0473354;-3.69617;
0.0473554;-3.69484;
0.0473754;-3.69352;
0.0473954;-3.69219;
0.0474154;-3.69086;
0.0474354;-3.68953;
0.0474554;-3.68821;
0.0474754;-3.68688;
0.0474954;-3.68555;
0.0475154;-3.68422;
0.0475354;-3.68289;
0.0475554;-3.68156;
0.0475754;-3.68023;
0.0475954;-3.6789;
0.0476154;-3.67757;
0.0476354;-3.67624;
0.0476554;-3.67491;
0.0476754;-3.67357;
0.0476954;-3.67224;
0.0477154;-3.67091;
0.0477354;-3.66958;
0.0477554;-3.66824;
0.0477754;-3.66691;
0.0477954;-3.66557;
0.0478154;-3.66424;
0.0478354;-3.6629;
0.0478554;-3.66157;
0.0478754;-3.66023;
0.0478954;-3.6589;
0.0479154;-3.65756;
0.0479354;-3.65623;
0.0479554;-3.65489;
0.0479754;-3.65355;
0.0479954;-3.65221;
0.0480154;-3.65087;
0.0480354;-3.64954;
0.0480554;-3.6482;
0.0480754;-3.64686;
0.0480954;-3.64552;
0.0481154;-3.64418;
0.0481354;-3.64284;
0.0481554;-3.6415;
0.0481754;-3.64016;
0.0481954;-3.63882;
0.0482154;-3.63747;
0.0482354;-3.63613;
0.0482554;-3.63479;
0.0482754;-3.63345;
0.0482954;-3.6321;
0.0483154;-3.63076;
0.0483354;-3.62942;
0.0483554;-3.62807;
0.0483754;-3.62673;
0.0483954;-3.62538;
0.0484154;-3.62404;
0.0484354;-3.62269;
0.0484554;-3.62135;
0.0484754;-3.62;
0.0484954;-3.61865;
0.0485154;-3.61731;
0.0485354;-3.61596;
0.0485554;-3.61461;
0.0485754;-3.61326;
0.0485954;-3.61192;
0.0486154;-3.61057;
0.0486354;-3.60922;
0.0486554;-3.60787;
0.0486754;-3.60652;
0.0486954;-3.60517;
0.0487154;-3.60382;
0.0487354;-3.60247;
0.0487554;-3.60112;
0.0487754;-3.59977;
0.0487954;-3.59841;
0.0488154;-3.59706;
0.0488354;-3.59571;
0.0488554;-3.59436;
0.0488754;-3.593;
0.0488954;-3.59165;
0.0489154;-3.5903;
0.0489354;-3.58894;
0.0489554;-3.58759;
0.0489754;-3.58623;
0.0489954;-3.58488;
0.0490154;-3.58352;
0.0490354;-3.58217;
0.0490554;-3.58081;
0.0490754;-3.57945;
0.0490954;-3.5781;
0.0491154;-3.57674;
0.0491354;-3.57538;
0.0491554;-3.57402;
0.0491754;-3.57267;
0.0491954;-3.57131;
0.0492154;-3.56995;
0.0492354;-3.56859;
0.0492554;-3.56723;
0.0492754;-3.56587;
0.0492954;-3.56451;
0.0493154;-3.56315;
0.0493354;-3.56179;
0.0493554;-3.56043;
0.0493754;-3.55906;
0.0493954;-3.5577;
0.0494154;-3.55634;
0.0494354;-3.55498;
0.0494554;-3.55362;
0.0494754;-3.55225;
0.0494954;-3.55089;
0.0495154;-3.54952;
0.0495354;-3.54816;
0.0495554;-3.5468;
0.0495754;-3.54543;
0.0495954;-3.54407;
0.0496154;-3.5427;
0.0496354;-3.54133;
0.0496554;-3.53997;
0.0496754;-3.5386;
0.0496954;-3.53723;
0.0497154;-3.53587;
0.0497354;-3.5345;
0.0497554;-3.53313;
0.0497754;-3.53176;
0.0497954;-3.53039;
0.0498154;-3.52903;
0.0498354;-3.52766;
0.0498554;-3.52629;
0.0498754;-3.52492;
0.0498954;-3.52355;
0.0499154;-3.52218;
0.0499354;-3.52081;
0.0499554;-3.51943;
0.0499754;-3.51806;
0.0499954;-3.51669;
0.049996;-3.51665;
0.0499961;-3.51664;
0.0499963;-3.51663;
0.0499967;-3.5166;
0.049997;-3.51658;
0.0499971;-3.51657;
0.0499972;-3.51656;
0.0499976;-3.51654;
0.0499982;-3.5165;
0.0499995;-3.51641;
0.050002;-3.51623;
0.0500072;-3.51588;
0.0500174;-3.51518;
0.0500374;-3.51381;
0.0500574;-3.51243;
0.0500774;-3.51106;
0.0500974;-3.50969;
0.0501174;-3.50831;
0.0501374;-3.50694;
0.0501574;-3.50556;
0.0501774;-3.50419;
0.0501974;-3.50281;
0.0502174;-3.50144;
0.0502374;-3.50006;
0.0502574;-3.49869;
0.0502774;-3.49731;
0.0502974;-3.49593;
0.0503174;-3.49456;
0.0503374;-3.49318;
0.0503574;-3.4918;
0.0503774;-3.49042;
0.0503974;-3.48905;
0.0504174;-3.48767;
0.0504374;-3.48629;
0.0504574;-3.48491;
0.0504774;-3.48353;
0.0504974;-3.48215;
0.0505174;-3.48077;
0.0505374;-3.47939;
0.0505574;-3.47801;
0.0505774;-3.47663;
0.0505974;-3.47525;
0.0506174;-3.47386;
0.0506374;-3.47248;
0.0506574;-3.4711;
0.0506774;-3.46972;
0.0506974;-3.46833;
0.0507174;-3.46695;
0.0507374;-3.46557;
0.0507574;-3.46418;
0.0507774;-3.4628;
0.0507974;-3.46141;
0.0508174;-3.46003;
0.0508374;-3.45864;
0.0508574;-3.45726;
0.0508774;-3.45587;
0.0508974;-3.45449;
0.0509174;-3.4531;
0.0509374;-3.45171;
0.0509574;-3.45032;
0.0509774;-3.44894;
0.0509974;-3.44755;
0.0510174;-3.44616;
0.0510374;-3.44477;
0.0510574;-3.44338;
0.0510774;-3.442;
0.0510974;-3.44061;
0.0511174;-3.43922;
0.0511374;-3.43783;
0.0511574;-3.43644;
0.0511774;-3.43505;
0.0511974;-3.43365;
0.0512174;-3.43226;
0.0512374;-3.43087;
0.0512574;-3.42948;
0.0512774;-3.42809;
0.0512974;-3.4267;
0.0513174;-3.4253;
0.0513374;-3.42391;
0.0513574;-3.42252;
0.0513774;-3.42112;
0.0513974;-3.41973;
0.0514174;-3.41834;
0.0514374;-3.41694;
0.0514574;-3.41555;
0.0514774;-3.41415;
0.0514974;-3.41276;
0.0515174;-3.41136;
0.0515374;-3.40996;
0.0515574;-3.40857;
0.0515774;-3.40717;
0.0515974;-3.40577;
0.0516174;-3.40438;
0.0516374;-3.40298;
0.0516574;-3.40158;
0.0516774;-3.40018;
0.0516974;-3.39878;
0.0517174;-3.39739;
0.0517374;-3.39599;
0.0517574;-3.39459;
0.0517774;-3.39319;
0.0517974;-3.39179;
0.0518174;-3.39039;
0.0518374;-3.38899;
0.0518574;-3.38759;
0.0518774;-3.38619;
0.0518974;-3.38478;
0.0519174;-3.38338;
0.0519374;-3.38198;
0.0519574;-3.38058;
0.0519774;-3.37918;
0.0519974;-3.37777;
0.0520174;-3.37637;
0.0520374;-3.37497;
0.0520574;-3.37356;
0.0520774;-3.37216;
0.0520974;-3.37075;
0.0521174;-3.36935;
0.0521374;-3.36794;
0.0521574;-3.36654;
0.0521774;-3.36513;
0.0521974;-3.36373;
0.0522174;-3.36232;
0.0522374;-3.36091;
0.0522574;-3.35951;
0.0522774;-3.3581;
0.0522974;-3.35669;
0.0523174;-3.35529;
0.0523374;-3.35388;
0.0523574;-3.35247;
0.0523774;-3.35106;
0.0523974;-3.34965;
0.0524174;-3.34824;
0.0524374;-3.34683;
0.0524574;-3.34542;
0.0524774;-3.34401;
0.0524974;-3.3426;
0.0525174;-3.34119;
0.0525374;-3.33978;
0.0525574;-3.33837;
0.0525774;-3.33696;
0.0525974;-3.33555;
0.0526174;-3.33414;
0.0526374;-3.33272;
0.0526574;-3.33131;
0.0526774;-3.3299;
0.0526974;-3.32849;
0.0527174;-3.32707;
0.0527374;-3.32566;
0.0527574;-3.32425;
0.0527774;-3.32283;
0.0527974;-3.32142;
0.0528174;-3.32;
0.0528374;-3.31859;
0.0528574;-3.31717;
0.0528774;-3.31576;
0.0528974;-3.31434;
0.0529174;-3.31292;
0.0529374;-3.31151;
0.0529574;-3.31009;
0.0529774;-3.30867;
0.0529974;-3.30726;
0.0530174;-3.30584;
0.0530374;-3.30442;
0.0530574;-3.303;
0.0530774;-3.30158;
0.0530974;-3.30017;
0.0531174;-3.29875;
0.0531374;-3.29733;
0.0531574;-3.29591;
0.0531774;-3.2945;
0.0531893;-3.29369;
0.0532008;-3.29294;
0.0532089;-3.29242;
0.0532178;-3.29185;
0.0532299;-3.29108;
0.0532499;-3.28979;
0.0532699;-3.28851;
0.0532899;-3.28723;
0.0533099;-3.28595;
0.053328;-3.28479;
0.0533281;-3.28478;
0.0533283;-3.28477;
0.0533287;-3.28475;
0.053329;-3.28473;
0.0533291;-3.28472;
0.0533292;-3.28471;
0.0533296;-3.28469;
0.0533302;-3.28465;
0.0533315;-3.28457;
0.053334;-3.2844;
0.0533392;-3.28408;
0.0533423;-3.28387;
0.0533454;-3.28368;
0.0533508;-3.28335;
0.053356;-3.28304;
0.0533609;-3.28274;
0.0533697;-3.28221;
0.0533823;-3.28145;
0.0533938;-3.28076;
0.0534053;-3.28006;
0.0534171;-3.27935;
0.0534371;-3.27815;
0.0534571;-3.27694;
0.0534771;-3.27573;
0.0534971;-3.27452;
0.0535171;-3.27331;
0.0535371;-3.27211;
0.0535571;-3.2709;
0.0535771;-3.26969;
0.0535971;-3.26848;
0.0536171;-3.26726;
0.0536371;-3.26605;
0.0536571;-3.26484;
0.0536771;-3.26363;
0.0536971;-3.26242;
0.0537171;-3.26121;
0.0537371;-3.25999;
0.0537571;-3.25878;
0.0537771;-3.25756;
0.0537971;-3.25635;
0.0538171;-3.25514;
0.0538371;-3.25392;
0.0538571;-3.25271;
0.0538771;-3.25149;
0.0538971;-3.25027;
0.0539171;-3.24906;
0.0539371;-3.24784;
0.0539571;-3.24662;
0.0539771;-3.2454;
0.0539971;-3.24419;
0.0540171;-3.24297;
0.0540371;-3.24175;
0.0540571;-3.24053;
0.0540771;-3.23931;
0.0540971;-3.23809;
0.0541171;-3.23687;
0.0541371;-3.23565;
0.0541571;-3.23443;
0.0541771;-3.2332;
0.0541971;-3.23198;
0.0542171;-3.23076;
0.0542371;-3.22954;
0.0542571;-3.22831;
0.0542771;-3.22709;
0.0542971;-3.22586;
0.0543171;-3.22464;
0.0543371;-3.22341;
0.0543571;-3.22219;
0.0543771;-3.22096;
0.0543971;-3.21974;
0.0544171;-3.21851;
0.0544371;-3.21728;
0.0544571;-3.21606;
0.0544771;-3.21483;
0.0544971;-3.2136;
0.0545171;-3.21237;
0.0545371;-3.21114;
0.0545571;-3.20991;
0.0545771;-3.20869;
0.0545971;-3.20746;
0.0546171;-3.20622;
0.0546371;-3.20499;
0.0546571;-3.20376;
0.0546771;-3.20253;
0.0546971;-3.2013;
0.0547171;-3.20007;
0.0547371;-3.19883;
0.0547571;-3.1976;
0.0547771;-3.19637;
0.0547971;-3.19513;
0.0548171;-3.1939;
0.0548371;-3.19267;
0.0548571;-3.19143;
0.0548771;-3.19019;
0.0548971;-3.18896;
0.0549171;-3.18772;
0.0549371;-3.18649;
0.0549571;-3.18525;
0.0549771;-3.18401;
0.0549971;-3.18277;
0.0550171;-3.18154;
0.0550371;-3.1803;
0.0550571;-3.17906;
0.0550771;-3.17782;
0.0550971;-3.17658;
0.0551171;-3.17534;
0.0551371;-3.1741;
0.0551571;-3.17286;
0.0551771;-3.17162;
0.0551971;-3.17038;
0.0552171;-3.16914;
0.0552371;-3.16789;
0.0552571;-3.16665;
0.0552771;-3.16541;
0.0552971;-3.16416;
0.0553171;-3.16292;
0.0553371;-3.16168;
0.0553571;-3.16043;
0.0553771;-3.15919;
0.0553971;-3.15794;
0.0554171;-3.1567;
0.0554371;-3.15545;
0.0554571;-3.15421;
0.0554771;-3.15296;
0.0554971;-3.15171;
0.0555171;-3.15046;
0.0555371;-3.14922;
0.0555571;-3.14797;
0.0555771;-3.14672;
0.0555971;-3.14547;
0.0556171;-3.14422;
0.0556371;-3.14297;
0.0556571;-3.14172;
0.0556771;-3.14047;
0.0556971;-3.13922;
0.0557171;-3.13797;
0.0557371;-3.13672;
0.0557571;-3.13547;
0.0557771;-3.13421;
0.0557971;-3.13296;
0.0558171;-3.13171;
0.0558371;-3.13046;
0.0558571;-3.1292;
0.0558771;-3.12795;
0.0558971;-3.12669;
0.0559171;-3.12544;
0.0559371;-3.12418;
0.0559571;-3.12293;
0.0559771;-3.12167;
0.0559971;-3.12042;
0.0560171;-3.11916;
0.0560371;-3.1179;
0.0560571;-3.11665;
0.0560771;-3.11539;
0.0560971;-3.11413;
0.0561171;-3.11287;
0.0561371;-3.11161;
0.0561571;-3.11035;
0.0561771;-3.10909;
0.0561971;-3.10783;
0.0562171;-3.10657;
0.0562371;-3.10531;
0.0562571;-3.10405;
0.0562771;-3.10279;
0.0562971;-3.10153;
0.0563171;-3.10027;
0.0563371;-3.09901;
0.0563571;-3.09774;
0.0563771;-3.09648;
0.0563971;-3.09522;
0.0564171;-3.09395;
0.0564371;-3.09269;
0.0564571;-3.09142;
0.0564771;-3.09016;
0.0564971;-3.08889;
0.0565171;-3.08763;
0.0565371;-3.08636;
0.0565571;-3.0851;
0.0565771;-3.08383;
0.0565971;-3.08256;
0.0566171;-3.0813;
0.0566371;-3.08003;
0.0566571;-3.07876;
0.056662;-3.07845;
0.0566621;-3.07844;
0.0566623;-3.07843;
0.0566627;-3.0784;
0.056663;-3.07838;
0.0566631;-3.07838;
0.0566632;-3.07837;
0.0566636;-3.07835;
0.0566642;-3.07831;
0.0566655;-3.07823;
0.056668;-3.07806;
0.0566732;-3.07774;
0.0566834;-3.07709;
0.0567034;-3.07582;
0.0567234;-3.07455;
0.0567434;-3.07328;
0.0567634;-3.07201;
0.0567834;-3.07074;
0.0568034;-3.06947;
0.0568234;-3.0682;
0.0568434;-3.06693;
0.0568634;-3.06566;
0.0568834;-3.06439;
0.0569034;-3.06311;
0.0569234;-3.06184;
0.0569434;-3.06057;
0.0569634;-3.05929;
0.0569834;-3.05802;
0.0570034;-3.05675;
0.0570234;-3.05547;
0.0570434;-3.0542;
0.0570634;-3.05292;
0.0570834;-3.05165;
0.0571034;-3.05037;
0.0571234;-3.04909;
0.0571434;-3.04782;
0.0571634;-3.04654;
0.0571834;-3.04526;
0.0572034;-3.04399;
0.0572234;-3.04271;
0.0572434;-3.04143;
0.0572634;-3.04015;
0.0572834;-3.03887;
0.0573034;-3.03759;
0.0573234;-3.03631;
0.0573434;-3.03503;
0.0573634;-3.03375;
0.0573834;-3.03247;
0.0574034;-3.03119;
0.0574234;-3.02991;
0.0574434;-3.02863;
0.0574634;-3.02735;
0.0574834;-3.02607;
0.0575034;-3.02478;
0.0575234;-3.0235;
0.0575434;-3.02222;
0.0575634;-3.02093;
0.0575834;-3.01965;
0.0576034;-3.01836;
0.0576234;-3.01708;
0.0576434;-3.01579;
0.0576634;-3.01451;
0.0576834;-3.01322;
0.0577034;-3.01194;
0.0577234;-3.01065;
0.0577434;-3.00936;
0.0577634;-3.00808;
0.0577834;-3.00679;
0.0578034;-3.0055;
0.0578234;-3.00421;
0.0578434;-3.00293;
0.0578634;-3.00164;
0.0578834;-3.00035;
0.0579034;-2.99906;
0.0579234;-2.99777;
0.0579434;-2.99648;
0.0579634;-2.99519;
0.0579834;-2.9939;
0.0580034;-2.99261;
0.0580234;-2.99132;
0.0580434;-2.99002;
0.0580634;-2.98873;
0.0580834;-2.98744;
0.0581034;-2.98615;
0.0581234;-2.98485;
0.0581434;-2.98356;
0.0581634;-2.98227;
0.0581834;-2.98097;
0.0582034;-2.97968;
0.0582234;-2.97838;
0.0582434;-2.97709;
0.0582634;-2.97579;
0.0582834;-2.9745;
0.0583034;-2.9732;
0.0583234;-2.97191;
0.0583434;-2.97061;
0.0583634;-2.96931;
0.0583834;-2.96801;
0.0584034;-2.96672;
0.0584234;-2.96542;
0.0584434;-2.96412;
0.0584634;-2.96282;
0.0584834;-2.96152;
0.0585034;-2.96022;
0.0585234;-2.95892;
0.0585434;-2.95762;
0.0585634;-2.95632;
0.0585834;-2.95502;
0.0586034;-2.95372;
0.0586234;-2.95242;
0.0586434;-2.95112;
0.0586634;-2.94982;
0.0586834;-2.94852;
0.0587034;-2.94721;
0.0587234;-2.94591;
0.0587434;-2.94461;
0.0587634;-2.9433;
0.0587834;-2.942;
0.0588034;-2.9407;
0.0588234;-2.93939;
0.0588434;-2.93809;
0.0588634;-2.93678;
0.0588834;-2.93548;
0.0589034;-2.93417;
0.0589234;-2.93287;
0.0589434;-2.93156;
0.0589634;-2.93025;
0.0589834;-2.92895;
0.0590034;-2.92764;
0.0590234;-2.92633;
0.0590434;-2.92502;
0.0590634;-2.92371;
0.0590834;-2.92241;
0.0591034;-2.9211;
0.0591234;-2.91979;
0.0591434;-2.91848;
0.0591634;-2.91717;
0.0591834;-2.91586;
0.0592034;-2.91455;
0.0592234;-2.91324;
0.0592434;-2.91193;
0.0592634;-2.91062;
0.0592834;-2.9093;
0.0593034;-2.90799;
0.0593234;-2.90668;
0.0593434;-2.90537;
0.0593634;-2.90405;
0.0593834;-2.90274;
0.0594034;-2.90143;
0.0594234;-2.90011;
0.0594434;-2.8988;
0.0594634;-2.89748;
0.0594834;-2.89617;
0.0595034;-2.89485;
0.0595234;-2.89354;
0.0595434;-2.89222;
0.0595634;-2.89091;
0.0595834;-2.88959;
0.0596034;-2.88827;
0.0596234;-2.88696;
0.0596434;-2.88564;
0.0596634;-2.88432;
0.0596834;-2.883;
0.0597034;-2.88169;
0.0597234;-2.88037;
0.0597434;-2.87905;
0.0597634;-2.87773;
0.0597834;-2.87641;
0.0598034;-2.87509;
0.0598234;-2.87377;
0.0598434;-2.87245;
0.0598634;-2.87113;
0.0598771;-2.87026;
0.0598894;-2.86954;
0.059898;-2.86905;
0.0599057;-2.86862;
0.059914;-2.86815;
0.0599258;-2.86748;
0.0599372;-2.86684;
0.0599572;-2.86572;
0.0599772;-2.86459;
0.059994;-2.86364;
0.0599941;-2.86363;
0.0599943;-2.86362;
0.0599947;-2.8636;
0.059995;-2.86358;
0.0599951;-2.86358;
0.0599952;-2.86357;
0.0599956;-2.86355;
0.0599962;-2.86352;
0.0599975;-2.86344;
0.06;-2.8633;
0.0600052;-2.86301;
0.0600154;-2.86243;
0.0600354;-2.8613;
0.0600554;-2.86017;
0.0600754;-2.85904;
0.0600954;-2.85791;
0.0601154;-2.85678;
0.0601354;-2.85565;
0.0601554;-2.85452;
0.0601754;-2.85339;
0.0601954;-2.85225;
0.0602154;-2.85112;
0.0602354;-2.84999;
0.0602554;-2.84885;
0.0602754;-2.84772;
0.0602954;-2.84658;
0.0603154;-2.84545;
0.0603354;-2.84431;
0.0603554;-2.84318;
0.0603754;-2.84204;
0.0603954;-2.8409;
0.0604154;-2.83977;
0.0604354;-2.83863;
0.0604554;-2.83749;
0.0604754;-2.83635;
0.0604954;-2.83521;
0.0605154;-2.83407;
0.0605354;-2.83294;
0.0605554;-2.8318;
0.0605754;-2.83065;
0.0605954;-2.82951;
0.0606154;-2.82837;
0.0606354;-2.82723;
0.0606554;-2.82609;
0.0606754;-2.82495;
0.0606954;-2.8238;
0.0607154;-2.82266;
0.0607354;-2.82152;
0.0607554;-2.82037;
0.0607754;-2.81923;
0.0607954;-2.81808;
0.0608154;-2.81694;
0.0608354;-2.81579;
0.0608554;-2.81465;
0.0608754;-2.8135;
0.0608954;-2.81235;
0.0609154;-2.8112;
0.0609354;-2.81006;
0.0609554;-2.80891;
0.0609754;-2.80776;
0.0609954;-2.80661;
0.0610154;-2.80546;
0.0610354;-2.80431;
0.0610554;-2.80316;
0.0610754;-2.80201;
0.0610954;-2.80086;
0.0611154;-2.79971;
0.0611354;-2.79856;
0.0611554;-2.7974;
0.0611754;-2.79625;
0.0611954;-2.7951;
0.0612154;-2.79395;
0.0612354;-2.79279;
0.0612554;-2.79164;
0.0612754;-2.79048;
0.0612954;-2.78933;
0.0613154;-2.78817;
0.0613354;-2.78702;
0.0613554;-2.78586;
0.0613754;-2.7847;
0.0613954;-2.78355;
0.0614154;-2.78239;
0.0614354;-2.78123;
0.0614554;-2.78007;
0.0614754;-2.77892;
0.0614954;-2.77776;
0.0615154;-2.7766;
0.0615354;-2.77544;
0.0615554;-2.77428;
0.0615754;-2.77312;
0.0615954;-2.77196;
0.0616154;-2.77079;
0.0616354;-2.76963;
0.0616554;-2.76847;
0.0616754;-2.76731;
0.0616954;-2.76615;
0.0617154;-2.76498;
0.0617354;-2.76382;
0.0617554;-2.76265;
0.0617754;-2.76149;
0.0617954;-2.76033;
0.0618154;-2.75916;
0.0618354;-2.75799;
0.0618554;-2.75683;
0.0618754;-2.75566;
0.0618954;-2.7545;
0.0619154;-2.75333;
0.0619354;-2.75216;
0.0619554;-2.75099;
0.0619754;-2.74982;
0.0619954;-2.74866;
0.0620154;-2.74749;
0.0620354;-2.74632;
0.0620554;-2.74515;
0.0620754;-2.74398;
0.0620954;-2.74281;
0.0621154;-2.74164;
0.0621354;-2.74046;
0.0621554;-2.73929;
0.0621754;-2.73812;
0.0621954;-2.73695;
0.0622154;-2.73577;
0.0622354;-2.7346;
0.0622554;-2.73343;
0.0622754;-2.73225;
0.0622954;-2.73108;
0.0623154;-2.7299;
0.0623354;-2.72873;
0.0623554;-2.72755;
0.0623754;-2.72638;
0.0623954;-2.7252;
0.0624154;-2.72402;
0.0624354;-2.72285;
0.0624554;-2.72167;
0.0624754;-2.72049;
0.0624954;-2.71931;
0.0625154;-2.71814;
0.0625354;-2.71696;
0.0625554;-2.71578;
0.0625754;-2.7146;
0.0625954;-2.71342;
0.0626154;-2.71224;
0.0626354;-2.71106;
0.0626554;-2.70987;
0.0626754;-2.70869;
0.0626954;-2.70751;
0.0627154;-2.70633;
0.0627354;-2.70515;
0.0627554;-2.70396;
0.0627754;-2.70278;
0.0627954;-2.7016;
0.0628154;-2.70041;
0.0628354;-2.69923;
0.0628554;-2.69804;
0.0628754;-2.69686;
0.0628954;-2.69567;
0.0629154;-2.69448;
0.0629354;-2.6933;
0.0629554;-2.69211;
0.0629754;-2.69092;
0.0629954;-2.68974;
0.0630154;-2.68855;
0.0630354;-2.68736;
0.0630554;-2.68617;
0.0630754;-2.68498;
0.0630954;-2.68379;
0.0631154;-2.6826;
0.0631354;-2.68141;
0.0631554;-2.68022;
0.0631754;-2.67903;
0.0631954;-2.67784;
0.0632154;-2.67665;
0.0632354;-2.67546;
0.0632554;-2.67426;
0.0632754;-2.67307;
0.0632954;-2.67188;
0.0633154;-2.67068;
0.063328;-2.66993;
0.0633281;-2.66993;
0.0633283;-2.66991;
0.0633287;-2.66989;
0.063329;-2.66987;
0.0633291;-2.66987;
0.0633292;-2.66986;
0.0633296;-2.66984;
0.0633302;-2.6698;
0.0633315;-2.66973;
0.063334;-2.66957;
0.0633392;-2.66927;
0.0633494;-2.66866;
0.0633694;-2.66746;
0.0633894;-2.66627;
0.0634094;-2.66507;
0.0634294;-2.66388;
0.0634494;-2.66268;
0.0634694;-2.66148;
0.0634894;-2.66029;
0.0635094;-2.65909;
0.0635294;-2.65789;
0.0635494;-2.65669;
0.0635694;-2.6555;
0.0635894;-2.6543;
0.0636094;-2.6531;
0.0636294;-2.6519;
0.0636494;-2.6507;
0.0636694;-2.6495;
0.0636894;-2.6483;
0.0637094;-2.6471;
0.0637294;-2.6459;
0.0637494;-2.6447;
0.0637694;-2.6435;
0.0637894;-2.64229;
0.0638094;-2.64109;
0.0638294;-2.63989;
0.0638494;-2.63869;
0.0638694;-2.63748;
0.0638894;-2.63628;
0.0639094;-2.63507;
0.0639294;-2.63387;
0.0639494;-2.63267;
0.0639694;-2.63146;
0.0639894;-2.63025;
0.0640094;-2.62905;
0.0640294;-2.62784;
0.0640494;-2.62664;
0.0640694;-2.62543;
0.0640894;-2.62422;
0.0641094;-2.62301;
0.0641294;-2.62181;
0.0641494;-2.6206;
0.0641694;-2.61939;
0.0641894;-2.61818;
0.0642094;-2.61697;
0.0642294;-2.61576;
0.0642494;-2.61455;
0.0642694;-2.61334;
0.0642894;-2.61213;
0.0643094;-2.61092;
0.0643294;-2.60971;
0.0643494;-2.60849;
0.0643694;-2.60728;
0.0643894;-2.60607;
0.0644094;-2.60486;
0.0644294;-2.60364;
0.0644494;-2.60243;
0.0644694;-2.60122;
0.0644894;-2.6;
0.0645094;-2.59879;
0.0645294;-2.59757;
0.0645494;-2.59636;
0.0645694;-2.59514;
0.0645894;-2.59392;
0.0646094;-2.59271;
0.0646294;-2.59149;
0.0646494;-2.59027;
0.0646694;-2.58906;
0.0646894;-2.58784;
0.0647094;-2.58662;
0.0647294;-2.5854;
0.0647494;-2.58418;
0.0647694;-2.58296;
0.0647894;-2.58174;
0.0648094;-2.58052;
0.0648294;-2.5793;
0.0648494;-2.57808;
0.0648694;-2.57686;
0.0648894;-2.57564;
0.0649094;-2.57442;
0.0649294;-2.5732;
0.0649494;-2.57198;
0.0649694;-2.57075;
0.0649894;-2.56953;
0.0650094;-2.56831;
0.0650294;-2.56708;
0.0650494;-2.56586;
0.0650694;-2.56464;
0.0650894;-2.56341;
0.0651094;-2.56219;
0.0651294;-2.56096;
0.0651494;-2.55974;
0.0651694;-2.55851;
0.0651894;-2.55728;
0.0652094;-2.55606;
0.0652294;-2.55483;
0.0652494;-2.5536;
0.0652694;-2.55237;
0.0652894;-2.55115;
0.0653094;-2.54992;
0.0653294;-2.54869;
0.0653494;-2.54746;
0.0653694;-2.54623;
0.0653894;-2.545;
0.0654094;-2.54377;
0.0654294;-2.54254;
0.0654494;-2.54131;
0.0654694;-2.54008;
0.0654894;-2.53885;
0.0655094;-2.53762;
0.0655294;-2.53639;
0.0655494;-2.53515;
0.0655694;-2.53392;
0.0655894;-2.53269;
0.0656094;-2.53145;
0.0656294;-2.53022;
0.0656494;-2.52899;
0.0656694;-2.52775;
0.0656894;-2.52652;
0.0657094;-2.52528;
0.0657294;-2.52405;
0.0657494;-2.52281;
0.0657694;-2.52158;
0.0657894;-2.52034;
0.0658094;-2.5191;
0.0658294;-2.51787;
0.0658494;-2.51663;
0.0658694;-2.51539;
0.0658894;-2.51415;
0.0659094;-2.51292;
0.0659294;-2.51168;
0.0659494;-2.51044;
0.0659694;-2.5092;
0.0659894;-2.50796;
0.0660094;-2.50672;
0.0660294;-2.50548;
0.0660494;-2.50424;
0.0660694;-2.503;
0.0660894;-2.50176;
0.0661094;-2.50052;
0.0661294;-2.49927;
0.0661494;-2.49803;
0.0661694;-2.49679;
0.0661894;-2.49555;
0.0662094;-2.4943;
0.0662294;-2.49306;
0.0662494;-2.49182;
0.0662694;-2.49057;
0.0662894;-2.48933;
0.0663094;-2.48808;
0.0663294;-2.48684;
0.0663494;-2.48559;
0.0663694;-2.48435;
0.0663894;-2.4831;
0.0664094;-2.48186;
0.0664294;-2.48061;
0.0664494;-2.47936;
0.0664694;-2.47812;
0.0664894;-2.47687;
0.0665094;-2.47562;
0.0665294;-2.47439;
0.0665413;-2.47368;
0.0665528;-2.47303;
0.0665609;-2.47258;
0.0665698;-2.47209;
0.066582;-2.47141;
0.066602;-2.4703;
0.066622;-2.46919;
0.066642;-2.46808;
0.06666;-2.46708;
0.0666601;-2.46708;
0.0666603;-2.46706;
0.0666607;-2.46704;
0.066661;-2.46703;
0.0666611;-2.46702;
0.0666612;-2.46701;
0.0666616;-2.46699;
0.0666622;-2.46696;
0.0666635;-2.46689;
0.066666;-2.46675;
0.0666712;-2.46646;
0.0666814;-2.46589;
0.0667014;-2.46478;
0.0667214;-2.46367;
0.0667414;-2.46256;
0.0667572;-2.46168;
0.0667736;-2.46077;
0.0667921;-2.45974;
0.0668121;-2.45863;
0.0668321;-2.45751;
0.0668521;-2.4564;
0.0668721;-2.45528;
0.0668921;-2.45417;
0.0669121;-2.45305;
0.0669321;-2.45194;
0.0669521;-2.45082;
0.0669721;-2.44971;
0.0669921;-2.44859;
0.0670121;-2.44747;
0.0670321;-2.44636;
0.0670521;-2.44524;
0.0670721;-2.44412;
0.0670921;-2.443;
0.0671121;-2.44188;
0.0671321;-2.44076;
0.0671521;-2.43964;
0.0671721;-2.43852;
0.0671921;-2.4374;
0.0672121;-2.43628;
0.0672321;-2.43516;
0.0672521;-2.43404;
0.0672721;-2.43292;
0.0672921;-2.43179;
0.0673121;-2.43067;
0.0673321;-2.42955;
0.0673521;-2.42842;
0.0673721;-2.4273;
0.0673921;-2.42618;
0.0674121;-2.42505;
0.0674321;-2.42393;
0.0674521;-2.4228;
0.0674721;-2.42167;
0.0674921;-2.42055;
0.0675121;-2.41942;
0.0675321;-2.41829;
0.0675521;-2.41717;
0.0675721;-2.41604;
0.0675921;-2.41491;
0.0676121;-2.41378;
0.0676321;-2.41265;
0.0676521;-2.41152;
0.0676721;-2.41039;
0.0676921;-2.40926;
0.0677121;-2.40813;
0.0677321;-2.407;
0.0677521;-2.40587;
0.0677721;-2.40474;
0.0677921;-2.40361;
0.0678121;-2.40247;
0.0678321;-2.40134;
0.0678521;-2.40021;
0.0678721;-2.39907;
0.0678921;-2.39794;
0.0679121;-2.39681;
0.0679321;-2.39567;
0.0679521;-2.39454;
0.0679721;-2.3934;
0.0679921;-2.39227;
0.0680121;-2.39113;
0.0680321;-2.38999;
0.0680521;-2.38886;
0.0680721;-2.38772;
0.0680921;-2.38658;
0.0681121;-2.38544;
0.0681321;-2.3843;
0.0681521;-2.38316;
0.0681721;-2.38203;
0.0681921;-2.38089;
0.0682121;-2.37975;
0.0682321;-2.37861;
0.0682521;-2.37746;
0.0682721;-2.37632;
0.0682921;-2.37518;
0.0683121;-2.37404;
0.0683321;-2.3729;
0.0683521;-2.37176;
0.0683721;-2.37061;
0.0683921;-2.36947;
0.0684121;-2.36833;
0.0684321;-2.36718;
0.0684521;-2.36604;
0.0684721;-2.36489;
0.0684921;-2.36375;
0.0685121;-2.3626;
0.0685321;-2.36146;
0.0685521;-2.36031;
0.0685721;-2.35916;
0.0685921;-2.35802;
0.0686121;-2.35687;
0.0686321;-2.35572;
0.0686521;-2.35457;
0.0686721;-2.35342;
0.0686921;-2.35227;
0.0687121;-2.35113;
0.0687321;-2.34998;
0.0687521;-2.34883;
0.0687721;-2.34768;
0.0687921;-2.34652;
0.0688121;-2.34537;
0.0688321;-2.34422;
0.0688521;-2.34307;
0.0688721;-2.34192;
0.0688921;-2.34077;
0.0689121;-2.33961;
0.0689321;-2.33846;
0.0689521;-2.33731;
0.0689721;-2.33615;
0.0689921;-2.335;
0.0690121;-2.33384;
0.0690321;-2.33269;
0.0690521;-2.33153;
0.0690721;-2.33038;
0.0690921;-2.32922;
0.0691121;-2.32806;
0.0691321;-2.32691;
0.0691521;-2.32575;
0.0691721;-2.32459;
0.0691921;-2.32343;
0.0692121;-2.32228;
0.0692321;-2.32112;
0.0692521;-2.31996;
0.0692721;-2.3188;
0.0692921;-2.31764;
0.0693121;-2.31648;
0.0693321;-2.31532;
0.0693521;-2.31416;
0.0693721;-2.313;
0.0693921;-2.31184;
0.0694121;-2.31067;
0.0694321;-2.30951;
0.0694521;-2.30835;
0.0694721;-2.30719;
0.0694921;-2.30602;
0.0695121;-2.30486;
0.0695321;-2.3037;
0.0695521;-2.30253;
0.0695721;-2.30137;
0.0695921;-2.3002;
0.0696121;-2.29904;
0.0696321;-2.29787;
0.0696521;-2.2967;
0.0696721;-2.29554;
0.0696921;-2.29437;
0.0697121;-2.2932;
0.0697321;-2.29204;
0.0697521;-2.29087;
0.0697721;-2.2897;
0.0697921;-2.28853;
0.0698121;-2.28736;
0.0698321;-2.28619;
0.0698521;-2.28502;
0.0698721;-2.28385;
0.0698921;-2.28268;
0.0699121;-2.28151;
0.0699321;-2.28034;
0.0699521;-2.27917;
0.0699721;-2.278;
0.0699921;-2.27683;
0.069994;-2.27672;
0.0699941;-2.27671;
0.0699943;-2.2767;
0.0699947;-2.27668;
0.069995;-2.27666;
0.0699951;-2.27665;
0.0699952;-2.27664;
0.0699956;-2.27662;
0.0699962;-2.27659;
0.0699975;-2.27651;
0.07;-2.27636;
0.0700052;-2.27606;
0.0700154;-2.27546;
0.0700354;-2.27429;
0.0700554;-2.27312;
0.0700754;-2.27194;
0.0700954;-2.27077;
0.0701154;-2.26959;
0.0701354;-2.26842;
0.0701554;-2.26725;
0.0701754;-2.26607;
0.0701954;-2.26489;
0.0702154;-2.26372;
0.0702354;-2.26254;
0.0702554;-2.26137;
0.0702754;-2.26019;
0.0702954;-2.25901;
0.0703154;-2.25783;
0.0703354;-2.25666;
0.0703554;-2.25548;
0.0703754;-2.2543;
0.0703954;-2.25312;
0.0704154;-2.25194;
0.0704354;-2.25076;
0.0704554;-2.24958;
0.0704754;-2.2484;
0.0704954;-2.24722;
0.0705154;-2.24604;
0.0705354;-2.24486;
0.0705554;-2.24368;
0.0705754;-2.24249;
0.0705954;-2.24131;
0.0706154;-2.24013;
0.0706354;-2.23895;
0.0706554;-2.23776;
0.0706754;-2.23658;
0.0706954;-2.2354;
0.0707154;-2.23421;
0.0707354;-2.23303;
0.0707554;-2.23184;
0.0707754;-2.23066;
0.0707954;-2.22947;
0.0708154;-2.22828;
0.0708354;-2.2271;
0.0708554;-2.22591;
0.0708754;-2.22472;
0.0708954;-2.22354;
0.0709154;-2.22235;
0.0709354;-2.22116;
0.0709554;-2.21997;
0.0709754;-2.21878;
0.0709954;-2.2176;
0.0710154;-2.21641;
0.0710354;-2.21522;
0.0710554;-2.21403;
0.0710754;-2.21284;
0.0710954;-2.21165;
0.0711154;-2.21045;
0.0711354;-2.20926;
0.0711554;-2.20807;
0.0711754;-2.20688;
0.0711954;-2.20569;
0.0712154;-2.2045;
0.0712354;-2.2033;
0.0712554;-2.20211;
0.0712754;-2.20092;
0.0712954;-2.19972;
0.0713154;-2.19853;
0.0713354;-2.19733;
0.0713554;-2.19614;
0.0713754;-2.19494;
0.0713954;-2.19375;
0.0714154;-2.19255;
0.0714354;-2.19135;
0.0714554;-2.19016;
0.0714754;-2.18896;
0.0714954;-2.18776;
0.0715154;-2.18657;
0.0715354;-2.18537;
0.0715554;-2.18417;
0.0715754;-2.18297;
0.0715954;-2.18177;
0.0716154;-2.18057;
0.0716354;-2.17937;
0.0716554;-2.17817;
0.0716754;-2.17697;
0.0716954;-2.17577;
0.0717154;-2.17457;
0.0717354;-2.17337;
0.0717554;-2.17217;
0.0717754;-2.17097;
0.0717954;-2.16977;
0.0718154;-2.16857;
0.0718354;-2.16736;
0.0718554;-2.16616;
0.0718754;-2.16496;
0.0718954;-2.16375;
0.0719154;-2.16255;
0.0719354;-2.16134;
0.0719554;-2.16014;
0.0719754;-2.15894;
0.0719954;-2.15773;
0.0720154;-2.15652;
0.0720354;-2.15532;
0.0720554;-2.15411;
0.0720754;-2.15291;
0.0720954;-2.1517;
0.0721154;-2.15049;
0.0721354;-2.14928;
0.0721554;-2.14808;
0.0721754;-2.14687;
0.0721954;-2.14566;
0.0722154;-2.14445;
0.0722354;-2.14324;
0.0722554;-2.14203;
0.0722754;-2.14082;
0.0722954;-2.13961;
0.0723154;-2.1384;
0.0723354;-2.13719;
0.0723554;-2.13598;
0.0723754;-2.13477;
0.0723954;-2.13356;
0.0724154;-2.13235;
0.0724354;-2.13114;
0.0724554;-2.12992;
0.0724754;-2.12871;
0.0724954;-2.1275;
0.0725154;-2.12628;
0.0725354;-2.12507;
0.0725554;-2.12386;
0.0725754;-2.12264;
0.0725954;-2.12143;
0.0726154;-2.12021;
0.0726354;-2.119;
0.0726554;-2.11778;
0.0726754;-2.11657;
0.0726954;-2.11535;
0.0727154;-2.11413;
0.0727354;-2.11292;
0.0727554;-2.1117;
0.0727754;-2.11048;
0.0727954;-2.10927;
0.0728154;-2.10805;
0.0728354;-2.10683;
0.0728554;-2.10561;
0.0728754;-2.10439;
0.0728954;-2.10317;
0.0729154;-2.10195;
0.0729354;-2.10073;
0.0729554;-2.09951;
0.0729754;-2.09829;
0.0729954;-2.09707;
0.0730154;-2.09585;
0.0730354;-2.09463;
0.0730554;-2.09341;
0.0730754;-2.09219;
0.0730954;-2.09096;
0.0731154;-2.08974;
0.0731354;-2.08854;
0.0731471;-2.08786;
0.0731584;-2.08722;
0.0731662;-2.0868;
0.0731748;-2.08633;
0.0731847;-2.08578;
0.0732047;-2.08469;
0.0732247;-2.08359;
0.0732447;-2.0825;
0.0732647;-2.0814;
0.0732808;-2.08054;
0.0732943;-2.07985;
0.0733067;-2.07924;
0.0733161;-2.07877;
0.0733252;-2.07832;
0.073326;-2.07828;
0.0733261;-2.07828;
0.0733263;-2.07827;
0.0733267;-2.07825;
0.073327;-2.07823;
0.0733271;-2.07823;
0.0733272;-2.07822;
0.0733276;-2.07821;
0.0733282;-2.07817;
0.0733295;-2.07811;
0.073332;-2.07798;
0.0733372;-2.07773;
0.0733474;-2.07722;
0.0733674;-2.07623;
0.0733842;-2.0754;
0.0734014;-2.07455;
0.0734214;-2.07355;
0.0734414;-2.07256;
0.0734614;-2.07157;
0.0734814;-2.07058;
0.0735014;-2.06958;
0.0735214;-2.06859;
0.0735414;-2.06759;
0.0735614;-2.0666;
0.0735814;-2.0656;
0.0736014;-2.06461;
0.0736214;-2.06361;
0.0736414;-2.06261;
0.0736614;-2.06162;
0.0736814;-2.06062;
0.0737014;-2.05962;
0.0737214;-2.05862;
0.0737414;-2.05762;
0.0737614;-2.05663;
0.0737814;-2.05563;
0.0738014;-2.05463;
0.0738214;-2.05363;
0.0738414;-2.05262;
0.0738614;-2.05162;
0.0738814;-2.05062;
0.0739014;-2.04962;
0.0739214;-2.04862;
0.0739414;-2.04761;
0.0739614;-2.04661;
0.0739814;-2.04561;
0.0740014;-2.0446;
0.0740214;-2.0436;
0.0740414;-2.04259;
0.0740614;-2.04159;
0.0740814;-2.04058;
0.0741014;-2.03957;
0.0741214;-2.03857;
0.0741414;-2.03756;
0.0741614;-2.03655;
0.0741814;-2.03554;
0.0742014;-2.03453;
0.0742214;-2.03353;
0.0742414;-2.03252;
0.0742614;-2.03151;
0.0742814;-2.0305;
0.0743014;-2.02948;
0.0743214;-2.02847;
0.0743414;-2.02746;
0.0743614;-2.02645;
0.0743814;-2.02544;
0.0744014;-2.02442;
0.0744214;-2.02341;
0.0744414;-2.0224;
0.0744614;-2.02138;
0.0744814;-2.02037;
0.0745014;-2.01935;
0.0745214;-2.01834;
0.0745414;-2.01732;
0.0745614;-2.01631;
0.0745814;-2.01529;
0.0746014;-2.01427;
0.0746214;-2.01326;
0.0746414;-2.01224;
0.0746614;-2.01122;
0.0746814;-2.0102;
0.0747014;-2.00918;
0.0747214;-2.00816;
0.0747414;-2.00714;
0.0747614;-2.00612;
0.0747814;-2.0051;
0.0748014;-2.00408;
0.0748214;-2.00306;
0.0748414;-2.00204;
0.0748614;-2.00101;
0.0748814;-1.99999;
0.0749014;-1.99897;
0.0749214;-1.99794;
0.0749414;-1.99692;
0.0749614;-1.99589;
0.0749814;-1.99487;
0.0750014;-1.99384;
0.0750214;-1.99282;
0.0750414;-1.99179;
0.0750614;-1.99077;
0.0750814;-1.98974;
0.0751014;-1.98871;
0.0751214;-1.98768;
0.0751414;-1.98665;
0.0751614;-1.98563;
0.0751814;-1.9846;
0.0752014;-1.98357;
0.0752214;-1.98254;
0.0752414;-1.98151;
0.0752614;-1.98048;
0.0752814;-1.97945;
0.0753014;-1.97841;
0.0753214;-1.97738;
0.0753414;-1.97635;
0.0753614;-1.97532;
0.0753814;-1.97428;
0.0754014;-1.97325;
0.0754214;-1.97222;
0.0754414;-1.97118;
0.0754614;-1.97015;
0.0754814;-1.96911;
0.0755014;-1.96808;
0.0755214;-1.96704;
0.0755414;-1.966;
0.0755614;-1.96497;
0.0755814;-1.96393;
0.0756014;-1.96289;
0.0756214;-1.96186;
0.0756414;-1.96082;
0.0756614;-1.95978;
0.0756814;-1.95874;
0.0757014;-1.9577;
0.0757214;-1.95666;
0.0757414;-1.95562;
0.0757614;-1.95458;
0.0757814;-1.95354;
0.0758014;-1.9525;
0.0758214;-1.95145;
0.0758414;-1.95041;
0.0758614;-1.94937;
0.0758814;-1.94833;
0.0759014;-1.94728;
0.0759214;-1.94624;
0.0759414;-1.94519;
0.0759614;-1.94415;
0.0759814;-1.9431;
0.0760014;-1.94206;
0.0760214;-1.94101;
0.0760414;-1.93997;
0.0760614;-1.93892;
0.0760814;-1.93787;
0.0761014;-1.93682;
0.0761214;-1.93578;
0.0761414;-1.93473;
0.0761614;-1.93368;
0.0761814;-1.93263;
0.0762014;-1.93158;
0.0762214;-1.93053;
0.0762414;-1.92948;
0.0762614;-1.92843;
0.0762814;-1.92738;
0.0763014;-1.92633;
0.0763214;-1.92528;
0.0763414;-1.92422;
0.0763614;-1.92317;
0.0763814;-1.92212;
0.0764014;-1.92107;
0.0764214;-1.92001;
0.0764414;-1.91896;
0.0764614;-1.9179;
0.0764814;-1.91685;
0.0765014;-1.91579;
0.0765214;-1.91474;
0.0765414;-1.91368;
0.0765614;-1.91262;
0.0765814;-1.91157;
0.0766014;-1.91051;
0.0766214;-1.90945;
0.0766414;-1.90839;
0.07666;-1.90741;
0.0766601;-1.90741;
0.0766603;-1.9074;
0.0766607;-1.90738;
0.076661;-1.90736;
0.0766611;-1.90736;
0.0766612;-1.90735;
0.0766616;-1.90733;
0.0766622;-1.9073;
0.0766635;-1.90723;
0.076666;-1.90709;
0.0766712;-1.90682;
0.0766814;-1.90628;
0.0767014;-1.90522;
0.0767214;-1.90416;
0.0767414;-1.9031;
0.0767614;-1.90204;
0.0767814;-1.90098;
0.0768014;-1.89992;
0.0768214;-1.89886;
0.0768414;-1.8978;
0.0768614;-1.89673;
0.0768814;-1.89567;
0.0769014;-1.89461;
0.0769214;-1.89354;
0.0769414;-1.89248;
0.0769614;-1.89142;
0.0769814;-1.89035;
0.0770014;-1.88929;
0.0770214;-1.88822;
0.0770414;-1.88716;
0.0770614;-1.88609;
0.0770814;-1.88502;
0.0771014;-1.88396;
0.0771214;-1.88289;
0.0771414;-1.88182;
0.0771614;-1.88075;
0.0771814;-1.87969;
0.0772014;-1.87862;
0.0772214;-1.87755;
0.0772414;-1.87648;
0.0772614;-1.87541;
0.0772814;-1.87434;
0.0773014;-1.87327;
0.0773214;-1.8722;
0.0773414;-1.87113;
0.0773614;-1.87005;
0.0773814;-1.86898;
0.0774014;-1.86791;
0.0774214;-1.86684;
0.0774414;-1.86576;
0.0774614;-1.86469;
0.0774814;-1.86362;
0.0775014;-1.86254;
0.0775214;-1.86147;
0.0775414;-1.86039;
0.0775614;-1.85932;
0.0775814;-1.85824;
0.0776014;-1.85717;
0.0776214;-1.85609;
0.0776414;-1.85501;
0.0776614;-1.85393;
0.0776814;-1.85286;
0.0777014;-1.85178;
0.0777214;-1.8507;
0.0777414;-1.84962;
0.0777614;-1.84854;
0.0777814;-1.84746;
0.0778014;-1.84638;
0.0778214;-1.8453;
0.0778414;-1.84422;
0.0778614;-1.84314;
0.0778814;-1.84206;
0.0779014;-1.84098;
0.0779214;-1.8399;
0.0779414;-1.83881;
0.0779614;-1.83773;
0.0779814;-1.83665;
0.0780014;-1.83557;
0.0780214;-1.83448;
0.0780414;-1.8334;
0.0780614;-1.83231;
0.0780814;-1.83123;
0.0781014;-1.83014;
0.0781214;-1.82906;
0.0781414;-1.82797;
0.0781614;-1.82688;
0.0781814;-1.8258;
0.0782014;-1.82471;
0.0782214;-1.82362;
0.0782414;-1.82254;
0.0782614;-1.82145;
0.0782814;-1.82036;
0.0783014;-1.81927;
0.0783214;-1.81818;
0.0783414;-1.81709;
0.0783614;-1.816;
0.0783814;-1.81491;
0.0784014;-1.81382;
0.0784214;-1.81273;
0.0784414;-1.81164;
0.0784614;-1.81055;
0.0784814;-1.80945;
0.0785014;-1.80836;
0.0785214;-1.80727;
0.0785414;-1.80618;
0.0785614;-1.80508;
0.0785814;-1.80399;
0.0786014;-1.80289;
0.0786214;-1.8018;
0.0786414;-1.8007;
0.0786614;-1.79961;
0.0786814;-1.79851;
0.0787014;-1.79742;
0.0787214;-1.79632;
0.0787414;-1.79522;
0.0787614;-1.79413;
0.0787814;-1.79303;
0.0788014;-1.79193;
0.0788214;-1.79083;
0.0788414;-1.78974;
0.0788614;-1.78864;
0.0788814;-1.78754;
0.0789014;-1.78644;
0.0789214;-1.78534;
0.0789414;-1.78424;
0.0789614;-1.78314;
0.0789814;-1.78204;
0.0790014;-1.78093;
0.0790214;-1.77983;
0.0790414;-1.77873;
0.0790614;-1.77763;
0.0790814;-1.77653;
0.0791014;-1.77542;
0.0791214;-1.77432;
0.0791414;-1.77322;
0.0791614;-1.77211;
0.0791814;-1.77101;
0.0792014;-1.7699;
0.0792214;-1.7688;
0.0792414;-1.76769;
0.0792614;-1.76659;
0.0792814;-1.76548;
0.0793014;-1.76437;
0.0793214;-1.76327;
0.0793414;-1.76216;
0.0793614;-1.76105;
0.0793814;-1.75994;
0.0794014;-1.75884;
0.0794214;-1.75773;
0.0794414;-1.75662;
0.0794614;-1.75551;
0.0794814;-1.7544;
0.0795014;-1.75329;
0.0795214;-1.75218;
0.0795414;-1.75107;
0.0795614;-1.74996;
0.0795814;-1.74885;
0.0796014;-1.74774;
0.0796214;-1.74662;
0.0796414;-1.74551;
0.0796614;-1.7444;
0.0796814;-1.74329;
0.0797014;-1.74217;
0.0797214;-1.74106;
0.0797414;-1.73994;
0.0797614;-1.73883;
0.0797814;-1.73772;
0.0798014;-1.7366;
0.0798214;-1.73549;
0.0798414;-1.73437;
0.079855;-1.73365;
0.0798672;-1.73305;
0.0798762;-1.73263;
0.0798851;-1.73222;
0.0798944;-1.73178;
0.0799043;-1.73132;
0.0799162;-1.73077;
0.0799362;-1.72984;
0.0799562;-1.7289;
0.0799762;-1.72797;
0.079992;-1.72723;
0.0799921;-1.72723;
0.0799923;-1.72722;
0.0799927;-1.7272;
0.079993;-1.72719;
0.0799931;-1.72718;
0.0799932;-1.72717;
0.0799936;-1.72716;
0.0799942;-1.72713;
0.0799955;-1.72707;
0.079998;-1.72695;
0.0800032;-1.72671;
0.0800134;-1.72623;
0.0800334;-1.7253;
0.0800534;-1.72436;
0.0800734;-1.72343;
0.0800934;-1.72249;
0.0801134;-1.72155;
0.0801334;-1.72062;
0.0801534;-1.71968;
0.0801734;-1.71874;
0.0801934;-1.7178;
0.0802134;-1.71686;
0.0802334;-1.71593;
0.0802534;-1.71499;
0.0802734;-1.71405;
0.0802934;-1.71311;
0.0803134;-1.71216;
0.0803334;-1.71122;
0.0803534;-1.71028;
0.0803734;-1.70934;
0.0803934;-1.7084;
0.0804134;-1.70745;
0.0804334;-1.70651;
0.0804534;-1.70557;
0.0804734;-1.70462;
0.0804934;-1.70368;
0.0805134;-1.70273;
0.0805334;-1.70178;
0.0805534;-1.70084;
0.0805734;-1.69989;
0.0805934;-1.69894;
0.0806134;-1.698;
0.0806334;-1.69705;
0.0806534;-1.6961;
0.0806734;-1.69515;
0.0806934;-1.6942;
0.0807134;-1.69325;
0.0807334;-1.6923;
0.0807534;-1.69135;
0.0807734;-1.6904;
0.0807934;-1.68945;
0.0808134;-1.6885;
0.0808334;-1.68755;
0.0808534;-1.68659;
0.0808734;-1.68564;
0.0808934;-1.68469;
0.0809134;-1.68373;
0.0809334;-1.68278;
0.0809534;-1.68182;
0.0809734;-1.68087;
0.0809934;-1.67991;
0.0810134;-1.67896;
0.0810334;-1.678;
0.0810534;-1.67704;
0.0810734;-1.67608;
0.0810934;-1.67513;
0.0811134;-1.67417;
0.0811334;-1.67321;
0.0811534;-1.67225;
0.0811734;-1.67129;
0.0811934;-1.67033;
0.0812134;-1.66937;
0.0812334;-1.66841;
0.0812534;-1.66745;
0.0812734;-1.66649;
0.0812934;-1.66552;
0.0813134;-1.66456;
0.0813334;-1.6636;
0.0813534;-1.66264;
0.0813734;-1.66167;
0.0813934;-1.66071;
0.0814134;-1.65974;
0.0814334;-1.65878;
0.0814534;-1.65781;
0.0814734;-1.65685;
0.0814934;-1.65588;
0.0815134;-1.65491;
0.0815334;-1.65395;
0.0815534;-1.65298;
0.0815734;-1.65201;
0.0815934;-1.65104;
0.0816134;-1.65007;
0.0816334;-1.6491;
0.0816534;-1.64813;
0.0816734;-1.64716;
0.0816934;-1.64619;
0.0817134;-1.64522;
0.0817334;-1.64425;
0.0817534;-1.64328;
0.0817734;-1.64231;
0.0817934;-1.64133;
0.0818134;-1.64036;
0.0818334;-1.63939;
0.0818534;-1.63841;
0.0818734;-1.63744;
0.0818934;-1.63647;
0.0819134;-1.63549;
0.0819334;-1.63451;
0.0819534;-1.63354;
0.0819734;-1.63256;
0.0819934;-1.63159;
0.0820134;-1.63061;
0.0820334;-1.62963;
0.0820534;-1.62865;
0.0820734;-1.62767;
0.0820934;-1.6267;
0.0821134;-1.62572;
0.0821334;-1.62474;
0.0821534;-1.62376;
0.0821734;-1.62278;
0.0821934;-1.6218;
0.0822134;-1.62081;
0.0822334;-1.61983;
0.0822534;-1.61885;
0.0822734;-1.61787;
0.0822934;-1.61689;
0.0823134;-1.6159;
0.0823334;-1.61492;
0.0823534;-1.61393;
0.0823734;-1.61295;
0.0823934;-1.61197;
0.0824134;-1.61098;
0.0824334;-1.60999;
0.0824534;-1.60901;
0.0824734;-1.60802;
0.0824934;-1.60703;
0.0825134;-1.60605;
0.0825334;-1.60506;
0.0825534;-1.60407;
0.0825734;-1.60308;
0.0825934;-1.60209;
0.0826134;-1.6011;
0.0826334;-1.60011;
0.0826534;-1.59912;
0.0826734;-1.59813;
0.0826934;-1.59714;
0.0827134;-1.59615;
0.0827334;-1.59516;
0.0827534;-1.59417;
0.0827734;-1.59318;
0.0827934;-1.59218;
0.0828134;-1.59119;
0.0828334;-1.5902;
0.0828534;-1.5892;
0.0828734;-1.58821;
0.0828934;-1.58721;
0.0829134;-1.58622;
0.0829334;-1.58522;
0.0829534;-1.58422;
0.0829734;-1.58323;
0.0829934;-1.58223;
0.0830134;-1.58123;
0.0830334;-1.58024;
0.0830534;-1.57924;
0.0830734;-1.57824;
0.0830934;-1.57724;
0.0831134;-1.57624;
0.0831334;-1.57524;
0.0831534;-1.57424;
0.0831734;-1.57324;
0.0831934;-1.57224;
0.0832134;-1.57124;
0.0832334;-1.57024;
0.0832534;-1.56924;
0.0832734;-1.56823;
0.0832934;-1.56723;
0.0833134;-1.56623;
0.083326;-1.56559;
0.0833261;-1.56559;
0.0833263;-1.56558;
0.0833267;-1.56556;
0.083327;-1.56554;
0.0833271;-1.56554;
0.0833272;-1.56553;
0.0833276;-1.56552;
0.0833282;-1.56548;
0.0833295;-1.56542;
0.083332;-1.56529;
0.0833372;-1.56503;
0.0833474;-1.56452;
0.0833674;-1.56352;
0.0833874;-1.56251;
0.0834074;-1.56151;
0.0834274;-1.5605;
0.0834474;-1.5595;
0.0834674;-1.55849;
0.0834874;-1.55748;
0.0835074;-1.55648;
0.0835274;-1.55547;
0.0835474;-1.55446;
0.0835674;-1.55345;
0.0835874;-1.55244;
0.0836074;-1.55144;
0.0836274;-1.55043;
0.0836474;-1.54942;
0.0836674;-1.54841;
0.0836874;-1.5474;
0.0837074;-1.54638;
0.0837274;-1.54537;
0.0837474;-1.54436;
0.0837674;-1.54335;
0.0837874;-1.54234;
0.0838074;-1.54133;
0.0838274;-1.54031;
0.0838474;-1.5393;
0.0838674;-1.53828;
0.0838874;-1.53727;
0.0839074;-1.53626;
0.0839274;-1.53524;
0.0839474;-1.53423;
0.0839674;-1.53321;
0.0839874;-1.53219;
0.0840074;-1.53118;
0.0840274;-1.53016;
0.0840474;-1.52914;
0.0840674;-1.52812;
0.0840874;-1.52711;
0.0841074;-1.52609;
0.0841274;-1.52507;
0.0841474;-1.52405;
0.0841674;-1.52303;
0.0841874;-1.52201;
0.0842074;-1.52099;
0.0842274;-1.51997;
0.0842474;-1.51895;
0.0842674;-1.51793;
0.0842874;-1.5169;
0.0843074;-1.51588;
0.0843274;-1.51486;
0.0843474;-1.51384;
0.0843674;-1.51281;
0.0843874;-1.51179;
0.0844074;-1.51077;
0.0844274;-1.50974;
0.0844474;-1.50872;
0.0844674;-1.50769;
0.0844874;-1.50667;
0.0845074;-1.50564;
0.0845274;-1.50461;
0.0845474;-1.50359;
0.0845674;-1.50256;
0.0845874;-1.50153;
0.0846074;-1.5005;
0.0846274;-1.49948;
0.0846474;-1.49845;
0.0846674;-1.49742;
0.0846874;-1.49639;
0.0847074;-1.49536;
0.0847274;-1.49433;
0.0847474;-1.4933;
0.0847674;-1.49227;
0.0847874;-1.49124;
0.0848074;-1.49021;
0.0848274;-1.48917;
0.0848474;-1.48814;
0.0848674;-1.48711;
0.0848874;-1.48608;
0.0849074;-1.48504;
0.0849274;-1.48401;
0.0849474;-1.48298;
0.0849674;-1.48194;
0.0849874;-1.48091;
0.0850074;-1.47987;
0.0850274;-1.47884;
0.0850474;-1.4778;
0.0850674;-1.47676;
0.0850874;-1.47573;
0.0851074;-1.47469;
0.0851274;-1.47365;
0.0851474;-1.47261;
0.0851674;-1.47158;
0.0851874;-1.47054;
0.0852074;-1.4695;
0.0852274;-1.46846;
0.0852474;-1.46742;
0.0852674;-1.46638;
0.0852874;-1.46534;
0.0853074;-1.4643;
0.0853274;-1.46326;
0.0853474;-1.46222;
0.0853674;-1.46118;
0.0853874;-1.46013;
0.0854074;-1.45909;
0.0854274;-1.45805;
0.0854474;-1.45701;
0.0854674;-1.45596;
0.0854874;-1.45492;
0.0855074;-1.45387;
0.0855274;-1.45283;
0.0855474;-1.45178;
0.0855674;-1.45074;
0.0855874;-1.44969;
0.0856074;-1.44865;
0.0856274;-1.4476;
0.0856474;-1.44655;
0.0856674;-1.44551;
0.0856874;-1.44446;
0.0857074;-1.44341;
0.0857274;-1.44236;
0.0857474;-1.44132;
0.0857674;-1.44027;
0.0857874;-1.43922;
0.0858074;-1.43817;
0.0858274;-1.43712;
0.0858474;-1.43607;
0.0858674;-1.43502;
0.0858874;-1.43397;
0.0859074;-1.43292;
0.0859274;-1.43186;
0.0859474;-1.43081;
0.0859674;-1.42976;
0.0859874;-1.42871;
0.0860074;-1.42765;
0.0860274;-1.4266;
0.0860474;-1.42555;
0.0860674;-1.42449;
0.0860874;-1.42344;
0.0861074;-1.42238;
0.0861274;-1.42133;
0.0861474;-1.42027;
0.0861674;-1.41922;
0.0861874;-1.41816;
0.0862074;-1.41711;
0.0862274;-1.41605;
0.0862474;-1.41499;
0.0862674;-1.41393;
0.0862874;-1.41288;
0.0863074;-1.41182;
0.0863274;-1.41076;
0.0863474;-1.4097;
0.0863674;-1.40864;
0.0863874;-1.40758;
0.0864074;-1.40652;
0.0864274;-1.40546;
0.0864474;-1.4044;
0.0864674;-1.40334;
0.0864874;-1.40228;
0.0865025;-1.4015;
0.0865171;-1.40081;
0.0865284;-1.4003;
0.0865395;-1.39981;
0.0865515;-1.39927;
0.0865631;-1.39874;
0.0865768;-1.39813;
0.0865968;-1.39723;
0.0866168;-1.39633;
0.0866368;-1.39543;
0.0866568;-1.39453;
0.086658;-1.39448;
0.0866581;-1.39447;
0.0866583;-1.39446;
0.0866587;-1.39444;
0.086659;-1.39443;
0.0866591;-1.39443;
0.0866592;-1.39442;
0.0866596;-1.39441;
0.0866602;-1.39438;
0.0866615;-1.39432;
0.086664;-1.3942;
0.0866692;-1.39397;
0.0866794;-1.39351;
0.0866994;-1.39261;
0.0867194;-1.39171;
0.0867394;-1.3908;
0.0867594;-1.3899;
0.0867794;-1.389;
0.0867994;-1.38809;
0.0868194;-1.38719;
0.0868394;-1.38629;
0.0868594;-1.38538;
0.0868794;-1.38447;
0.0868994;-1.38357;
0.0869194;-1.38266;
0.0869394;-1.38175;
0.0869594;-1.38085;
0.0869794;-1.37994;
0.0869994;-1.37903;
0.0870194;-1.37812;
0.0870394;-1.37721;
0.0870594;-1.3763;
0.0870794;-1.37539;
0.0870994;-1.37448;
0.0871194;-1.37357;
0.0871394;-1.37266;
0.0871594;-1.37175;
0.0871794;-1.37084;
0.0871994;-1.36993;
0.0872194;-1.36901;
0.0872394;-1.3681;
0.0872594;-1.36718;
0.0872794;-1.36627;
0.0872994;-1.36536;
0.0873194;-1.36444;
0.0873394;-1.36353;
0.0873594;-1.36261;
0.0873794;-1.36169;
0.0873994;-1.36078;
0.0874194;-1.35986;
0.0874394;-1.35894;
0.0874594;-1.35802;
0.0874794;-1.3571;
0.0874994;-1.35619;
0.0875194;-1.35527;
0.0875394;-1.35435;
0.0875594;-1.35343;
0.0875794;-1.35251;
0.0875994;-1.35158;
0.0876194;-1.35066;
0.0876394;-1.34974;
0.0876594;-1.34882;
0.0876794;-1.3479;
0.0876994;-1.34697;
0.0877194;-1.34605;
0.0877394;-1.34512;
0.0877594;-1.3442;
0.0877794;-1.34328;
0.0877994;-1.34235;
0.0878194;-1.34142;
0.0878394;-1.3405;
0.0878594;-1.33957;
0.0878794;-1.33864;
0.0878994;-1.33772;
0.0879194;-1.33679;
0.0879394;-1.33586;
0.0879594;-1.33493;
0.0879794;-1.334;
0.0879994;-1.33307;
0.0880194;-1.33214;
0.0880394;-1.33121;
0.0880594;-1.33028;
0.0880794;-1.32935;
0.0880994;-1.32842;
0.0881194;-1.32749;
0.0881394;-1.32656;
0.0881594;-1.32562;
0.0881794;-1.32469;
0.0881994;-1.32376;
0.0882194;-1.32282;
0.0882394;-1.32189;
0.0882594;-1.32095;
0.0882794;-1.32002;
0.0882994;-1.31908;
0.0883194;-1.31815;
0.0883394;-1.31721;
0.0883594;-1.31627;
0.0883794;-1.31534;
0.0883994;-1.3144;
0.0884194;-1.31346;
0.0884394;-1.31252;
0.0884594;-1.31158;
0.0884794;-1.31064;
0.0884994;-1.3097;
0.0885194;-1.30876;
0.0885394;-1.30782;
0.0885594;-1.30688;
0.0885794;-1.30594;
0.0885994;-1.305;
0.0886194;-1.30406;
0.0886394;-1.30311;
0.0886594;-1.30217;
0.0886794;-1.30123;
0.0886994;-1.30028;
0.0887194;-1.29934;
0.0887394;-1.29839;
0.0887594;-1.29745;
0.0887794;-1.2965;
0.0887994;-1.29556;
0.0888194;-1.29461;
0.0888394;-1.29366;
0.0888594;-1.29272;
0.0888794;-1.29177;
0.0888994;-1.29082;
0.0889194;-1.28987;
0.0889394;-1.28893;
0.0889594;-1.28798;
0.0889794;-1.28703;
0.0889994;-1.28608;
0.0890194;-1.28513;
0.0890394;-1.28418;
0.0890594;-1.28322;
0.0890794;-1.28227;
0.0890994;-1.28132;
0.0891194;-1.28037;
0.0891394;-1.27942;
0.0891594;-1.27846;
0.0891794;-1.27751;
0.0891994;-1.27656;
0.0892194;-1.2756;
0.0892394;-1.27465;
0.0892594;-1.27369;
0.0892794;-1.27274;
0.0892994;-1.27178;
0.0893194;-1.27082;
0.0893394;-1.26987;
0.0893594;-1.26891;
0.0893794;-1.26795;
0.0893994;-1.267;
0.0894194;-1.26604;
0.0894394;-1.26508;
0.0894594;-1.26412;
0.0894794;-1.26316;
0.0894994;-1.2622;
0.0895194;-1.26124;
0.0895394;-1.26028;
0.0895594;-1.25932;
0.0895794;-1.25836;
0.0895994;-1.2574;
0.0896194;-1.25643;
0.0896394;-1.25547;
0.0896594;-1.25451;
0.0896794;-1.25355;
0.0896994;-1.25258;
0.0897194;-1.25162;
0.0897394;-1.25065;
0.0897594;-1.24969;
0.0897794;-1.24872;
0.0897994;-1.24776;
0.0898194;-1.24679;
0.0898394;-1.24582;
0.0898594;-1.24486;
0.0898794;-1.24389;
0.0898994;-1.24292;
0.0899194;-1.24196;
0.0899394;-1.24099;
0.0899594;-1.24002;
0.0899794;-1.23905;
0.089992;-1.23844;
0.0899921;-1.23843;
0.0899923;-1.23842;
0.0899927;-1.2384;
0.089993;-1.23839;
0.0899931;-1.23839;
0.0899932;-1.23838;
0.0899936;-1.23836;
0.0899942;-1.23833;
0.0899955;-1.23827;
0.089998;-1.23815;
0.0900032;-1.2379;
0.0900134;-1.2374;
0.0900334;-1.23643;
0.0900534;-1.23546;
0.0900734;-1.23449;
0.0900934;-1.23352;
0.0901134;-1.23255;
0.0901334;-1.23157;
0.0901534;-1.2306;
0.0901734;-1.22963;
0.0901934;-1.22866;
0.0902134;-1.22768;
0.0902334;-1.22671;
0.0902534;-1.22573;
0.0902734;-1.22476;
0.0902934;-1.22378;
0.0903134;-1.22281;
0.0903334;-1.22183;
0.0903534;-1.22086;
0.0903734;-1.21988;
0.0903934;-1.2189;
0.0904134;-1.21793;
0.0904334;-1.21695;
0.0904534;-1.21597;
0.0904734;-1.21499;
0.0904934;-1.21401;
0.0905134;-1.21303;
0.0905334;-1.21205;
0.0905534;-1.21107;
0.0905734;-1.21009;
0.0905934;-1.20911;
0.0906134;-1.20813;
0.0906334;-1.20715;
0.0906534;-1.20617;
0.0906734;-1.20519;
0.0906934;-1.2042;
0.0907134;-1.20322;
0.0907334;-1.20224;
0.0907534;-1.20125;
0.0907734;-1.20027;
0.0907934;-1.19928;
0.0908134;-1.1983;
0.0908334;-1.19731;
0.0908534;-1.19633;
0.0908734;-1.19534;
0.0908934;-1.19436;
0.0909134;-1.19337;
0.0909334;-1.19238;
0.0909534;-1.19139;
0.0909734;-1.19041;
0.0909934;-1.18942;
0.0910134;-1.18843;
0.0910334;-1.18744;
0.0910534;-1.18645;
0.0910734;-1.18546;
0.0910934;-1.18447;
0.0911134;-1.18348;
0.0911334;-1.18249;
0.0911534;-1.1815;
0.0911734;-1.18051;
0.0911934;-1.17952;
0.0912134;-1.17852;
0.0912334;-1.17753;
0.0912534;-1.17654;
0.0912734;-1.17554;
0.0912934;-1.17455;
0.0913134;-1.17356;
0.0913334;-1.17256;
0.0913534;-1.17157;
0.0913734;-1.17057;
0.0913934;-1.16958;
0.0914134;-1.16858;
0.0914334;-1.16758;
0.0914534;-1.16659;
0.0914734;-1.16559;
0.0914934;-1.16459;
0.0915134;-1.1636;
0.0915334;-1.1626;
0.0915534;-1.1616;
0.0915734;-1.1606;
0.0915934;-1.1596;
0.0916134;-1.1586;
0.0916334;-1.1576;
0.0916534;-1.1566;
0.0916734;-1.1556;
0.0916934;-1.1546;
0.0917134;-1.1536;
0.0917334;-1.1526;
0.0917534;-1.1516;
0.0917734;-1.15059;
0.0917934;-1.14959;
0.0918134;-1.14859;
0.0918334;-1.14758;
0.0918534;-1.14658;
0.0918734;-1.14558;
0.0918934;-1.14457;
0.0919134;-1.14357;
0.0919334;-1.14256;
0.0919534;-1.14155;
0.0919734;-1.14055;
0.0919934;-1.13954;
0.0920134;-1.13854;
0.0920334;-1.13753;
0.0920534;-1.13652;
0.0920734;-1.13551;
0.0920934;-1.13451;
0.0921134;-1.1335;
0.0921334;-1.13249;
0.0921534;-1.13148;
0.0921734;-1.13047;
0.0921934;-1.12946;
0.0922134;-1.12845;
0.0922334;-1.12744;
0.0922534;-1.12643;
0.0922734;-1.12542;
0.0922934;-1.12441;
0.0923134;-1.12339;
0.0923334;-1.12238;
0.0923534;-1.12137;
0.0923734;-1.12036;
0.0923934;-1.11934;
0.0924134;-1.11833;
0.0924334;-1.11731;
0.0924534;-1.1163;
0.0924734;-1.11529;
0.0924934;-1.11427;
0.0925134;-1.11325;
0.0925334;-1.11224;
0.0925534;-1.11122;
0.0925734;-1.11021;
0.0925934;-1.10919;
0.0926134;-1.10817;
0.0926334;-1.10716;
0.0926534;-1.10614;
0.0926734;-1.10512;
0.0926934;-1.1041;
0.0927134;-1.10308;
0.0927334;-1.10206;
0.0927534;-1.10104;
0.0927734;-1.10002;
0.0927934;-1.099;
0.0928134;-1.09798;
0.0928334;-1.09696;
0.0928534;-1.09594;
0.0928734;-1.09492;
0.0928934;-1.0939;
0.0929134;-1.09287;
0.0929334;-1.09185;
0.0929534;-1.09083;
0.0929734;-1.0898;
0.0929934;-1.08878;
0.0930134;-1.08776;
0.0930334;-1.08673;
0.0930534;-1.08571;
0.0930734;-1.08468;
0.0930934;-1.08366;
0.0931134;-1.08263;
0.0931334;-1.08163;
0.0931483;-1.08093;
0.0931617;-1.0803;
0.0931719;-1.07983;
0.0931835;-1.07929;
0.0932035;-1.07837;
0.0932094;-1.0781;
0.0932194;-1.07766;
0.0932277;-1.07731;
0.0932349;-1.077;
0.0932423;-1.07669;
0.0932571;-1.07606;
0.0932771;-1.07521;
0.0932971;-1.07436;
0.0933171;-1.07351;
0.093324;-1.07323;
0.0933241;-1.07323;
0.0933243;-1.07322;
0.0933247;-1.0732;
0.093325;-1.07319;
0.0933251;-1.07319;
0.0933252;-1.07318;
0.0933256;-1.07317;
0.0933262;-1.07315;
0.0933275;-1.0731;
0.0933286;-1.07305;
0.0933296;-1.07301;
0.0933316;-1.07293;
0.0933357;-1.07278;
0.0933431;-1.07249;
0.0933562;-1.07197;
0.0933762;-1.07119;
0.0933916;-1.07059;
0.0934075;-1.06997;
0.093424;-1.06932;
0.093444;-1.06854;
0.093464;-1.06775;
0.093484;-1.06697;
0.093504;-1.06618;
0.093524;-1.0654;
0.093544;-1.06461;
0.093564;-1.06383;
0.093584;-1.06304;
0.093604;-1.06225;
0.093624;-1.06146;
0.093644;-1.06068;
0.093664;-1.05989;
0.093684;-1.0591;
0.093704;-1.05831;
0.093724;-1.05752;
0.093744;-1.05673;
0.093764;-1.05594;
0.093784;-1.05514;
0.093804;-1.05435;
0.093824;-1.05356;
0.093844;-1.05277;
0.093864;-1.05197;
0.093884;-1.05118;
0.093904;-1.05038;
0.093924;-1.04959;
0.093944;-1.04879;
0.093964;-1.048;
0.093984;-1.0472;
0.094004;-1.04641;
0.094024;-1.04561;
0.094044;-1.04481;
0.094064;-1.04401;
0.094084;-1.04321;
0.094104;-1.04241;
0.094124;-1.04161;
0.094144;-1.04081;
0.094164;-1.04001;
0.094184;-1.03921;
0.094204;-1.03841;
0.094224;-1.03761;
0.094244;-1.03681;
0.094264;-1.036;
0.094284;-1.0352;
0.094304;-1.0344;
0.094324;-1.03359;
0.094344;-1.03279;
0.094364;-1.03198;
0.094384;-1.03118;
0.094404;-1.03037;
0.094424;-1.02956;
0.094444;-1.02876;
0.094464;-1.02795;
0.094484;-1.02714;
0.094504;-1.02633;
0.094524;-1.02552;
0.094544;-1.02471;
0.094564;-1.0239;
0.094584;-1.02309;
0.094604;-1.02228;
0.094624;-1.02147;
0.094644;-1.02066;
0.094664;-1.01985;
0.094684;-1.01903;
0.094704;-1.01822;
0.094724;-1.01741;
0.094744;-1.01659;
0.094764;-1.01578;
0.094784;-1.01496;
0.094804;-1.01415;
0.094824;-1.01333;
0.094844;-1.01252;
0.094864;-1.0117;
0.094884;-1.01088;
0.094904;-1.01007;
0.094924;-1.00925;
0.094944;-1.00843;
0.094964;-1.00761;
0.094984;-1.00679;
0.095004;-1.00597;
0.095024;-1.00515;
0.095044;-1.00433;
0.095064;-1.00351;
0.095084;-1.00268;
0.095104;-1.00186;
0.095124;-1.00104;
0.095144;-1.00022;
0.095164;-0.999393;
0.095184;-0.998569;
0.095204;-0.997744;
0.095224;-0.996919;
0.095244;-0.996094;
0.095264;-0.995268;
0.095284;-0.994442;
0.095304;-0.993615;
0.095324;-0.992788;
0.095344;-0.99196;
0.095364;-0.991132;
0.095384;-0.990303;
0.095404;-0.989474;
0.095424;-0.988645;
0.095444;-0.987815;
0.095464;-0.986984;
0.095484;-0.986153;
0.095504;-0.985322;
0.095524;-0.98449;
0.095544;-0.983658;
0.095564;-0.982826;
0.095584;-0.981992;
0.095604;-0.981159;
0.095624;-0.980325;
0.095644;-0.979491;
0.095664;-0.978656;
0.095684;-0.97782;
0.095704;-0.976985;
0.095724;-0.976148;
0.095744;-0.975312;
0.095764;-0.974475;
0.095784;-0.973637;
0.095804;-0.972799;
0.095824;-0.971961;
0.095844;-0.971122;
0.095864;-0.970283;
0.095884;-0.969443;
0.095904;-0.968603;
0.095924;-0.967762;
0.095944;-0.966921;
0.095964;-0.96608;
0.095984;-0.965238;
0.096004;-0.964395;
0.096024;-0.963552;
0.096044;-0.962709;
0.096064;-0.961865;
0.096084;-0.961021;
0.096104;-0.960177;
0.096124;-0.959332;
0.096144;-0.958486;
0.096164;-0.95764;
0.096184;-0.956794;
0.096204;-0.955947;
0.096224;-0.9551;
0.096244;-0.954253;
0.096264;-0.953405;
0.096284;-0.952556;
0.096304;-0.951707;
0.096324;-0.950858;
0.096344;-0.950008;
0.096364;-0.949158;
0.096384;-0.948307;
0.096404;-0.947456;
0.096424;-0.946605;
0.096444;-0.945753;
0.096464;-0.9449;
0.096484;-0.944047;
0.096504;-0.943194;
0.096524;-0.942341;
0.096544;-0.941486;
0.096564;-0.940632;
0.096584;-0.939777;
0.096604;-0.938922;
0.096624;-0.938066;
0.096644;-0.937209;
0.096658;-0.936612;
0.0966581;-0.936608;
0.0966583;-0.936599;
0.0966587;-0.936582;
0.096659;-0.936569;
0.0966591;-0.936566;
0.0966592;-0.936559;
0.0966596;-0.936545;
0.0966602;-0.936518;
0.0966615;-0.936463;
0.096664;-0.936353;
0.0966692;-0.936134;
0.0966794;-0.935695;
0.0966994;-0.934837;
0.0967194;-0.93398;
0.0967394;-0.933121;
0.0967594;-0.932263;
0.0967794;-0.931403;
0.0967994;-0.930544;
0.0968194;-0.929684;
0.0968394;-0.928823;
0.0968594;-0.927963;
0.0968794;-0.927101;
0.0968994;-0.92624;
0.0969194;-0.925378;
0.0969394;-0.924515;
0.0969594;-0.923652;
0.0969794;-0.922789;
0.0969994;-0.921925;
0.0970194;-0.921061;
0.0970394;-0.920196;
0.0970594;-0.919331;
0.0970794;-0.918465;
0.0970994;-0.9176;
0.0971194;-0.916733;
0.0971394;-0.915866;
0.0971594;-0.914999;
0.0971794;-0.914132;
0.0971994;-0.913264;
0.0972194;-0.912395;
0.0972394;-0.911526;
0.0972594;-0.910657;
0.0972794;-0.909787;
0.0972994;-0.908917;
0.0973194;-0.908047;
0.0973394;-0.907176;
0.0973594;-0.906304;
0.0973794;-0.905433;
0.0973994;-0.90456;
0.0974194;-0.903688;
0.0974394;-0.902815;
0.0974594;-0.901941;
0.0974794;-0.901067;
0.0974994;-0.900193;
0.0975194;-0.899319;
0.0975394;-0.898443;
0.0975594;-0.897568;
0.0975794;-0.896692;
0.0975994;-0.895816;
0.0976194;-0.894939;
0.0976394;-0.894062;
0.0976594;-0.893184;
0.0976794;-0.892306;
0.0976994;-0.891428;
0.0977194;-0.890549;
0.0977394;-0.88967;
0.0977594;-0.88879;
0.0977794;-0.88791;
0.0977994;-0.88703;
0.0978194;-0.886149;
0.0978394;-0.885267;
0.0978594;-0.884386;
0.0978794;-0.883504;
0.0978994;-0.882621;
0.0979194;-0.881738;
0.0979394;-0.880855;
0.0979594;-0.879971;
0.0979794;-0.879087;
0.0979994;-0.878203;
0.0980194;-0.877318;
0.0980394;-0.876432;
0.0980594;-0.875546;
0.0980794;-0.87466;
0.0980994;-0.873774;
0.0981194;-0.872887;
0.0981394;-0.871999;
0.0981594;-0.871112;
0.0981794;-0.870223;
0.0981994;-0.869335;
0.0982194;-0.868446;
0.0982394;-0.867556;
0.0982594;-0.866667;
0.0982794;-0.865776;
0.0982994;-0.864886;
0.0983194;-0.863995;
0.0983394;-0.863103;
0.0983594;-0.862212;
0.0983794;-0.861319;
0.0983994;-0.860427;
0.0984194;-0.859534;
0.0984394;-0.85864;
0.0984594;-0.857747;
0.0984794;-0.856852;
0.0984994;-0.855958;
0.0985194;-0.855063;
0.0985394;-0.854167;
0.0985594;-0.853272;
0.0985794;-0.852375;
0.0985994;-0.851479;
0.0986194;-0.850582;
0.0986394;-0.849684;
0.0986594;-0.848787;
0.0986794;-0.847888;
0.0986994;-0.84699;
0.0987194;-0.846091;
0.0987394;-0.845191;
0.0987594;-0.844292;
0.0987794;-0.843392;
0.0987994;-0.842491;
0.0988194;-0.84159;
0.0988394;-0.840689;
0.0988594;-0.839787;
0.0988794;-0.838885;
0.0988994;-0.837982;
0.0989194;-0.837079;
0.0989394;-0.836176;
0.0989594;-0.835272;
0.0989794;-0.834368;
0.0989994;-0.833464;
0.0990194;-0.832559;
0.0990394;-0.831654;
0.0990594;-0.830748;
0.0990794;-0.829842;
0.0990994;-0.828936;
0.0991194;-0.828029;
0.0991394;-0.827122;
0.0991594;-0.826214;
0.0991794;-0.825306;
0.0991994;-0.824398;
0.0992194;-0.823489;
0.0992394;-0.82258;
0.0992594;-0.82167;
0.0992794;-0.82076;
0.0992994;-0.81985;
0.0993194;-0.818939;
0.0993394;-0.818028;
0.0993594;-0.817117;
0.0993794;-0.816205;
0.0993994;-0.815292;
0.0994194;-0.81438;
0.0994394;-0.813467;
0.0994594;-0.812553;
0.0994794;-0.81164;
0.0994994;-0.810725;
0.0995194;-0.809811;
0.0995394;-0.808896;
0.0995594;-0.807981;
0.0995794;-0.807065;
0.0995994;-0.806149;
0.0996194;-0.805232;
0.0996394;-0.804316;
0.0996594;-0.803398;
0.0996794;-0.802481;
0.0996994;-0.801563;
0.0997194;-0.800644;
0.0997394;-0.799726;
0.0997594;-0.798807;
0.0997794;-0.797887;
0.0997994;-0.796967;
0.0998194;-0.796047;
0.0998394;-0.795126;
0.0998565;-0.794363;
0.0998705;-0.793772;
0.0998834;-0.793251;
0.0998924;-0.792889;
0.0999009;-0.792544;
0.0999179;-0.791854;
0.0999379;-0.791043;
0.0999579;-0.790238;
0.0999635;-0.790017;
0.0999719;-0.789705;
0.0999792;-0.789446;
0.0999862;-0.789199;
0.09999;-0.789064;
0.0999901;-0.789061;
0.0999903;-0.789054;
0.0999907;-0.78904;
0.099991;-0.789029;
0.0999911;-0.789026;
0.0999912;-0.78902;
0.0999916;-0.789009;
0.0999922;-0.788986;
0.0999935;-0.788941;
0.099996;-0.78885;
0.100001;-0.788669;
0.100011;-0.788306;
0.100022;-0.787944;
0.100033;-0.787545;
0.10005;-0.786922;
0.10007;-0.78624;
0.10009;-0.785529;
0.10011;-0.784817;
0.10013;-0.784105;
0.10015;-0.783393;
0.10017;-0.78268;
0.10019;-0.781967;
0.10021;-0.781253;
0.10023;-0.780538;
0.10025;-0.779823;
0.10027;-0.779108;
0.10029;-0.778392;
0.10031;-0.777676;
0.10033;-0.776959;
0.10035;-0.776241;
0.10037;-0.775524;
0.10039;-0.774805;
0.10041;-0.774086;
0.10043;-0.773367;
0.10045;-0.772647;
0.10047;-0.771927;
0.10049;-0.771206;
0.10051;-0.770484;
0.10053;-0.769762;
0.10055;-0.76904;
0.10057;-0.768317;
0.10059;-0.767594;
0.10061;-0.76687;
0.10063;-0.766146;
0.10065;-0.765421;
0.10067;-0.764695;
0.10069;-0.76397;
0.10071;-0.763243;
0.10073;-0.762516;
0.10075;-0.761789;
0.10077;-0.761061;
0.10079;-0.760333;
0.10081;-0.759604;
0.10083;-0.758875;
0.10085;-0.758145;
0.10087;-0.757415;
0.10089;-0.756684;
0.10091;-0.755953;
0.10093;-0.755221;
0.10095;-0.754489;
0.10097;-0.753756;
0.10099;-0.753023;
0.10101;-0.752289;
0.10103;-0.751555;
0.10105;-0.750821;
0.10107;-0.750086;
0.10109;-0.74935;
0.10111;-0.748614;
0.10113;-0.747877;
0.10115;-0.74714;
0.10117;-0.746403;
0.10119;-0.745665;
0.10121;-0.744926;
0.10123;-0.744187;
0.10125;-0.743448;
0.10127;-0.742708;
0.10129;-0.741967;
0.10131;-0.741226;
0.10133;-0.740485;
0.10135;-0.739743;
0.10137;-0.739;
0.10139;-0.738258;
0.10141;-0.737514;
0.10143;-0.73677;
0.10145;-0.736026;
0.10147;-0.735281;
0.10149;-0.734536;
0.10151;-0.73379;
0.10153;-0.733044;
0.10155;-0.732297;
0.10157;-0.73155;
0.10159;-0.730803;
0.10161;-0.730054;
0.10163;-0.729306;
0.10165;-0.728557;
0.10167;-0.727807;
0.10169;-0.727057;
0.10171;-0.726307;
0.10173;-0.725556;
0.10175;-0.724804;
0.10177;-0.724052;
0.10179;-0.7233;
0.10181;-0.722547;
0.10183;-0.721794;
0.10185;-0.72104;
0.10187;-0.720286;
0.10189;-0.719531;
0.10191;-0.718776;
0.10193;-0.71802;
0.10195;-0.717264;
0.10197;-0.716507;
0.10199;-0.71575;
0.10201;-0.714992;
0.10203;-0.714234;
0.10205;-0.713476;
0.10207;-0.712717;
0.10209;-0.711957;
0.10211;-0.711197;
0.10213;-0.710437;
0.10215;-0.709676;
0.10217;-0.708915;
0.10219;-0.708153;
0.10221;-0.707391;
0.10223;-0.706628;
0.10225;-0.705865;
0.10227;-0.705101;
0.10229;-0.704337;
0.10231;-0.703572;
0.10233;-0.702807;
0.10235;-0.702042;
0.10237;-0.701276;
0.10239;-0.700509;
0.10241;-0.699742;
0.10243;-0.698975;
0.10245;-0.698207;
0.10247;-0.697439;
0.10249;-0.69667;
0.10251;-0.695901;
0.10253;-0.695131;
0.10255;-0.694361;
0.10257;-0.69359;
0.10259;-0.692819;
0.10261;-0.692048;
0.10263;-0.691276;
0.10265;-0.690503;
0.10267;-0.68973;
0.10269;-0.688957;
0.10271;-0.688183;
0.10273;-0.687409;
0.10275;-0.686634;
0.10277;-0.685859;
0.10279;-0.685083;
0.10281;-0.684307;
0.10283;-0.683531;
0.10285;-0.682754;
0.10287;-0.681976;
0.10289;-0.681198;
0.10291;-0.68042;
0.10293;-0.679641;
0.10295;-0.678862;
0.10297;-0.678082;
0.10299;-0.677302;
0.10301;-0.676521;
0.10303;-0.67574;
0.10305;-0.674958;
0.10307;-0.674176;
0.10309;-0.673394;
0.10311;-0.672611;
0.10313;-0.671828;
0.10315;-0.671044;
0.10317;-0.67026;
0.10319;-0.669475;
0.10321;-0.66869;
0.10323;-0.667904;
0.10325;-0.667118;
0.10327;-0.666331;
0.10329;-0.665545;
0.10331;-0.664757;
0.103324;-0.66419;
0.103324;-0.664187;
0.103324;-0.664179;
0.103325;-0.664163;
0.103325;-0.664151;
0.103325;-0.664148;
0.103325;-0.664142;
0.103326;-0.664129;
0.103326;-0.664104;
0.103327;-0.664053;
0.10333;-0.663953;
0.103335;-0.663751;
0.103345;-0.663347;
0.103365;-0.662558;
0.103385;-0.661769;
0.103405;-0.66098;
0.103425;-0.66019;
0.103445;-0.659399;
0.103465;-0.658608;
0.103485;-0.657817;
0.103505;-0.657025;
0.103525;-0.656233;
0.103545;-0.65544;
0.103565;-0.654647;
0.103585;-0.653854;
0.103605;-0.65306;
0.103625;-0.652265;
0.103645;-0.65147;
0.103665;-0.650675;
0.103685;-0.649879;
0.103705;-0.649083;
0.103725;-0.648287;
0.103745;-0.647489;
0.103765;-0.646692;
0.103785;-0.645894;
0.103805;-0.645096;
0.103825;-0.644297;
0.103845;-0.643497;
0.103865;-0.642698;
0.103885;-0.641897;
0.103905;-0.641097;
0.103925;-0.640296;
0.103945;-0.639494;
0.103965;-0.638692;
0.103985;-0.63789;
0.104005;-0.637087;
0.104025;-0.636284;
0.104045;-0.63548;
0.104065;-0.634676;
0.104085;-0.633872;
0.104105;-0.633067;
0.104125;-0.632261;
0.104145;-0.631456;
0.104165;-0.630649;
0.104185;-0.629843;
0.104205;-0.629035;
0.104225;-0.628228;
0.104245;-0.62742;
0.104265;-0.626611;
0.104285;-0.625803;
0.104305;-0.624993;
0.104325;-0.624183;
0.104345;-0.623373;
0.104365;-0.622563;
0.104385;-0.621752;
0.104405;-0.62094;
0.104425;-0.620128;
0.104445;-0.619316;
0.104465;-0.618503;
0.104485;-0.61769;
0.104505;-0.616877;
0.104525;-0.616062;
0.104545;-0.615248;
0.104565;-0.614433;
0.104585;-0.613618;
0.104605;-0.612802;
0.104625;-0.611986;
0.104645;-0.611169;
0.104665;-0.610352;
0.104685;-0.609535;
0.104705;-0.608717;
0.104725;-0.607899;
0.104745;-0.60708;
0.104765;-0.606261;
0.104785;-0.605441;
0.104805;-0.604621;
0.104825;-0.603801;
0.104845;-0.60298;
0.104865;-0.602159;
0.104885;-0.601337;
0.104905;-0.600515;
0.104925;-0.599692;
0.104945;-0.598869;
0.104965;-0.598046;
0.104985;-0.597222;
0.105005;-0.596398;
0.105025;-0.595573;
0.105045;-0.594748;
0.105065;-0.593923;
0.105085;-0.593097;
0.105105;-0.592271;
0.105125;-0.591444;
0.105145;-0.590617;
0.105165;-0.589789;
0.105185;-0.588961;
0.105205;-0.588133;
0.105225;-0.587304;
0.105245;-0.586475;
0.105265;-0.585645;
0.105285;-0.584815;
0.105305;-0.583985;
0.105325;-0.583154;
0.105345;-0.582323;
0.105365;-0.581491;
0.105385;-0.580659;
0.105405;-0.579826;
0.105425;-0.578993;
0.105445;-0.57816;
0.105465;-0.577326;
0.105485;-0.576492;
0.105505;-0.575657;
0.105525;-0.574822;
0.105545;-0.573987;
0.105565;-0.573151;
0.105585;-0.572315;
0.105605;-0.571478;
0.105625;-0.570641;
0.105645;-0.569803;
0.105665;-0.568965;
0.105685;-0.568127;
0.105705;-0.567288;
0.105725;-0.566449;
0.105745;-0.56561;
0.105765;-0.56477;
0.105785;-0.563929;
0.105805;-0.563089;
0.105825;-0.562247;
0.105845;-0.561406;
0.105865;-0.560564;
0.105885;-0.559721;
0.105905;-0.558879;
0.105925;-0.558035;
0.105945;-0.557192;
0.105965;-0.556348;
0.105985;-0.555503;
0.106005;-0.554658;
0.106025;-0.553813;
0.106045;-0.552968;
0.106065;-0.552122;
0.106085;-0.551275;
0.106105;-0.550428;
0.106125;-0.549581;
0.106145;-0.548733;
0.106165;-0.547885;
0.106185;-0.547037;
0.106205;-0.546188;
0.106225;-0.545339;
0.106245;-0.544489;
0.106265;-0.543639;
0.106285;-0.542789;
0.106305;-0.541938;
0.106325;-0.541086;
0.106345;-0.540235;
0.106365;-0.539383;
0.106385;-0.53853;
0.106405;-0.537677;
0.106425;-0.536824;
0.106445;-0.53597;
0.106465;-0.535116;
0.106485;-0.534262;
0.106505;-0.533407;
0.106525;-0.532552;
0.10654;-0.531944;
0.106555;-0.53142;
0.106565;-0.531045;
0.106576;-0.530681;
0.106587;-0.530321;
0.106599;-0.529911;
0.106612;-0.529434;
0.106632;-0.528748;
0.106652;-0.528062;
0.106656;-0.527941;
0.106656;-0.527938;
0.106656;-0.527931;
0.106657;-0.527917;
0.106657;-0.527907;
0.106657;-0.527904;
0.106657;-0.527898;
0.106658;-0.527887;
0.106658;-0.527865;
0.106659;-0.527821;
0.106662;-0.527733;
0.106667;-0.527558;
0.106677;-0.527206;
0.106697;-0.526518;
0.106717;-0.52583;
0.106737;-0.525141;
0.106757;-0.524452;
0.106777;-0.523762;
0.106797;-0.523072;
0.106817;-0.522381;
0.106837;-0.52169;
0.106857;-0.520999;
0.106877;-0.520306;
0.106897;-0.519614;
0.106917;-0.518921;
0.106937;-0.518227;
0.106957;-0.517533;
0.106977;-0.516838;
0.106997;-0.516143;
0.107017;-0.515448;
0.107037;-0.514751;
0.107057;-0.514055;
0.107077;-0.513358;
0.107097;-0.51266;
0.107117;-0.511962;
0.107137;-0.511264;
0.107157;-0.510565;
0.107177;-0.509865;
0.107197;-0.509165;
0.107217;-0.508465;
0.107237;-0.507764;
0.107257;-0.507062;
0.107277;-0.50636;
0.107297;-0.505658;
0.107317;-0.504955;
0.107337;-0.504251;
0.107357;-0.503548;
0.107377;-0.502843;
0.107397;-0.502138;
0.107417;-0.501433;
0.107437;-0.500727;
0.107457;-0.500021;
0.107477;-0.499314;
0.107497;-0.498607;
0.107517;-0.497899;
0.107537;-0.497191;
0.107557;-0.496482;
0.107577;-0.495773;
0.107597;-0.495063;
0.107617;-0.494353;
0.107637;-0.493642;
0.107657;-0.492931;
0.107677;-0.492219;
0.107697;-0.491507;
0.107717;-0.490795;
0.107737;-0.490082;
0.107757;-0.489368;
0.107777;-0.488654;
0.107797;-0.48794;
0.107817;-0.487225;
0.107837;-0.486509;
0.107857;-0.485793;
0.107877;-0.485077;
0.107897;-0.48436;
0.107917;-0.483643;
0.107937;-0.482925;
0.107957;-0.482207;
0.107977;-0.481488;
0.107997;-0.480769;
0.108017;-0.480049;
0.108037;-0.479329;
0.108057;-0.478608;
0.108077;-0.477887;
0.108097;-0.477165;
0.108117;-0.476443;
0.108137;-0.475721;
0.108157;-0.474998;
0.108177;-0.474274;
0.108197;-0.47355;
0.108217;-0.472826;
0.108237;-0.472101;
0.108257;-0.471376;
0.108277;-0.47065;
0.108297;-0.469923;
0.108317;-0.469197;
0.108337;-0.468469;
0.108357;-0.467742;
0.108377;-0.467014;
0.108397;-0.466285;
0.108417;-0.465556;
0.108437;-0.464826;
0.108457;-0.464096;
0.108477;-0.463366;
0.108497;-0.462635;
0.108517;-0.461903;
0.108537;-0.461171;
0.108557;-0.460439;
0.108577;-0.459706;
0.108597;-0.458973;
0.108617;-0.458239;
0.108637;-0.457505;
0.108657;-0.45677;
0.108677;-0.456035;
0.108697;-0.455299;
0.108717;-0.454563;
0.108737;-0.453827;
0.108757;-0.45309;
0.108777;-0.452352;
0.108797;-0.451614;
0.108817;-0.450876;
0.108837;-0.450137;
0.108857;-0.449398;
0.108877;-0.448658;
0.108897;-0.447918;
0.108917;-0.447177;
0.108937;-0.446436;
0.108957;-0.445694;
0.108977;-0.444952;
0.108997;-0.44421;
0.109017;-0.443467;
0.109037;-0.442723;
0.109057;-0.441979;
0.109077;-0.441235;
0.109097;-0.44049;
0.109117;-0.439745;
0.109137;-0.438999;
0.109157;-0.438253;
0.109177;-0.437506;
0.109197;-0.436759;
0.109217;-0.436012;
0.109237;-0.435264;
0.109257;-0.434515;
0.109277;-0.433766;
0.109297;-0.433017;
0.109317;-0.432267;
0.109337;-0.431517;
0.109357;-0.430766;
0.109377;-0.430015;
0.109397;-0.429264;
0.109417;-0.428512;
0.109437;-0.427759;
0.109457;-0.427006;
0.109477;-0.426253;
0.109497;-0.425499;
0.109517;-0.424745;
0.109537;-0.42399;
0.109557;-0.423235;
0.109577;-0.422479;
0.109597;-0.421723;
0.109617;-0.420966;
0.109637;-0.420209;
0.109657;-0.419452;
0.109677;-0.418694;
0.109697;-0.417936;
0.109717;-0.417177;
0.109737;-0.416418;
0.109757;-0.415658;
0.109777;-0.414898;
0.109797;-0.414138;
0.109817;-0.413377;
0.109837;-0.412615;
0.109857;-0.411853;
0.109877;-0.411091;
0.109897;-0.410328;
0.109917;-0.409565;
0.109937;-0.408801;
0.109957;-0.408037;
0.109977;-0.407273;
0.10999;-0.406791;
0.10999;-0.406787;
0.10999;-0.406779;
0.109991;-0.406764;
0.109991;-0.406753;
0.109991;-0.40675;
0.109991;-0.406743;
0.109992;-0.406731;
0.109992;-0.406707;
0.109993;-0.406658;
0.109996;-0.40656;
0.110001;-0.406364;
0.110011;-0.405972;
0.110031;-0.405206;
0.110051;-0.40444;
0.110071;-0.403674;
0.110091;-0.402907;
0.110111;-0.402139;
0.110131;-0.401371;
0.110151;-0.400603;
0.110171;-0.399834;
0.110191;-0.399065;
0.110211;-0.398295;
0.110231;-0.397525;
0.110251;-0.396755;
0.110271;-0.395984;
0.110291;-0.395212;
0.110311;-0.39444;
0.110331;-0.393668;
0.110351;-0.392895;
0.110371;-0.392122;
0.110391;-0.391349;
0.110411;-0.390575;
0.110431;-0.3898;
0.110451;-0.389025;
0.110471;-0.38825;
0.110491;-0.387474;
0.110511;-0.386698;
0.110531;-0.385921;
0.110551;-0.385144;
0.110571;-0.384367;
0.110591;-0.383589;
0.110611;-0.382811;
0.110631;-0.382032;
0.110651;-0.381253;
0.110671;-0.380473;
0.110691;-0.379693;
0.110711;-0.378912;
0.110731;-0.378132;
0.110751;-0.37735;
0.110771;-0.376568;
0.110791;-0.375786;
0.110811;-0.375004;
0.110831;-0.374221;
0.110851;-0.373437;
0.110871;-0.372653;
0.110891;-0.371869;
0.110911;-0.371084;
0.110931;-0.370299;
0.110951;-0.369513;
0.110971;-0.368727;
0.110991;-0.367941;
0.111011;-0.367154;
0.111031;-0.366366;
0.111051;-0.365579;
0.111071;-0.364791;
0.111091;-0.364002;
0.111111;-0.363213;
0.111131;-0.362424;
0.111151;-0.361634;
0.111171;-0.360843;
0.111191;-0.360053;
0.111211;-0.359262;
0.111231;-0.35847;
0.111251;-0.357678;
0.111271;-0.356886;
0.111291;-0.356093;
0.111311;-0.3553;
0.111331;-0.354506;
0.111351;-0.353712;
0.111371;-0.352918;
0.111391;-0.352123;
0.111411;-0.351327;
0.111431;-0.350532;
0.111451;-0.349735;
0.111471;-0.348939;
0.111491;-0.348142;
0.111511;-0.347344;
0.111531;-0.346547;
0.111551;-0.345748;
0.111571;-0.34495;
0.111591;-0.344151;
0.111611;-0.343351;
0.111631;-0.342551;
0.111651;-0.341751;
0.111671;-0.34095;
0.111691;-0.340149;
0.111711;-0.339348;
0.111731;-0.338546;
0.111751;-0.337743;
0.111771;-0.33694;
0.111791;-0.336137;
0.111811;-0.335334;
0.111831;-0.33453;
0.111851;-0.333725;
0.111871;-0.33292;
0.111891;-0.332115;
0.111911;-0.331309;
0.111931;-0.330503;
0.111951;-0.329697;
0.111971;-0.32889;
0.111991;-0.328083;
0.112011;-0.327275;
0.112031;-0.326467;
0.112051;-0.325658;
0.112071;-0.324849;
0.112091;-0.32404;
0.112111;-0.32323;
0.112131;-0.32242;
0.112151;-0.32161;
0.112171;-0.320799;
0.112191;-0.319987;
0.112211;-0.319175;
0.112231;-0.318363;
0.112251;-0.317551;
0.112271;-0.316738;
0.112291;-0.315924;
0.112311;-0.31511;
0.112331;-0.314296;
0.112351;-0.313482;
0.112371;-0.312666;
0.112391;-0.311851;
0.112411;-0.311035;
0.112431;-0.310219;
0.112451;-0.309402;
0.112471;-0.308585;
0.112491;-0.307768;
0.112511;-0.30695;
0.112531;-0.306132;
0.112551;-0.305313;
0.112571;-0.304494;
0.112591;-0.303675;
0.112611;-0.302855;
0.112631;-0.302035;
0.112651;-0.301214;
0.112671;-0.300393;
0.112691;-0.299572;
0.112711;-0.29875;
0.112731;-0.297927;
0.112751;-0.297105;
0.112771;-0.296282;
0.112791;-0.295458;
0.112811;-0.294635;
0.112831;-0.29381;
0.112851;-0.292986;
0.112871;-0.292161;
0.112891;-0.291335;
0.112911;-0.29051;
0.112931;-0.289683;
0.112951;-0.288857;
0.112971;-0.28803;
0.112991;-0.287202;
0.113011;-0.286375;
0.113031;-0.285546;
0.113051;-0.284718;
0.113071;-0.283889;
0.113091;-0.28306;
0.113111;-0.28223;
0.113131;-0.2814;
0.113151;-0.280569;
0.113171;-0.279759;
0.113183;-0.279318;
0.113194;-0.278912;
0.113201;-0.278674;
0.113208;-0.278389;
0.113221;-0.277951;
0.113241;-0.277229;
0.113261;-0.276506;
0.113275;-0.276011;
0.113288;-0.275573;
0.113299;-0.275262;
0.113309;-0.274955;
0.113322;-0.274546;
0.113322;-0.274543;
0.113322;-0.274537;
0.113323;-0.274525;
0.113323;-0.274516;
0.113323;-0.274513;
0.113323;-0.274508;
0.113324;-0.274498;
0.113324;-0.274479;
0.113325;-0.27444;
0.113328;-0.274361;
0.113333;-0.274205;
0.113343;-0.273892;
0.113353;-0.273605;
0.113372;-0.27303;
0.113392;-0.272417;
0.113412;-0.271804;
0.113432;-0.271189;
0.113452;-0.270575;
0.113472;-0.26996;
0.113492;-0.269344;
0.113512;-0.268728;
0.113532;-0.268111;
0.113552;-0.267494;
0.113572;-0.266876;
0.113592;-0.266258;
0.113612;-0.265639;
0.113632;-0.265019;
0.113652;-0.2644;
0.113672;-0.263779;
0.113692;-0.263158;
0.113712;-0.262537;
0.113732;-0.261915;
0.113752;-0.261293;
0.113772;-0.26067;
0.113792;-0.260046;
0.113812;-0.259422;
0.113832;-0.258798;
0.113852;-0.258173;
0.113872;-0.257547;
0.113892;-0.256921;
0.113912;-0.256295;
0.113932;-0.255668;
0.113952;-0.25504;
0.113972;-0.254412;
0.113992;-0.253783;
0.114012;-0.253154;
0.114032;-0.252525;
0.114052;-0.251895;
0.114072;-0.251264;
0.114092;-0.250633;
0.114112;-0.250001;
0.114132;-0.249369;
0.114152;-0.248736;
0.114172;-0.248103;
0.114192;-0.24747;
0.114212;-0.246835;
0.114232;-0.246201;
0.114252;-0.245565;
0.114272;-0.24493;
0.114292;-0.244294;
0.114312;-0.243657;
0.114332;-0.24302;
0.114352;-0.242382;
0.114372;-0.241744;
0.114392;-0.241105;
0.114412;-0.240466;
0.114432;-0.239826;
0.114452;-0.239186;
0.114472;-0.238545;
0.114492;-0.237904;
0.114512;-0.237262;
0.114532;-0.23662;
0.114552;-0.235977;
0.114572;-0.235334;
0.114592;-0.23469;
0.114612;-0.234046;
0.114632;-0.233401;
0.114652;-0.232756;
0.114672;-0.23211;
0.114692;-0.231464;
0.114712;-0.230817;
0.114732;-0.23017;
0.114752;-0.229523;
0.114772;-0.228874;
0.114792;-0.228226;
0.114812;-0.227576;
0.114832;-0.226927;
0.114852;-0.226277;
0.114872;-0.225626;
0.114892;-0.224975;
0.114912;-0.224323;
0.114932;-0.223671;
0.114952;-0.223018;
0.114972;-0.222365;
0.114992;-0.221711;
0.115012;-0.221057;
0.115032;-0.220403;
0.115052;-0.219747;
0.115072;-0.219092;
0.115092;-0.218436;
0.115112;-0.217779;
0.115132;-0.217122;
0.115152;-0.216464;
0.115172;-0.215806;
0.115192;-0.215148;
0.115212;-0.214489;
0.115232;-0.213829;
0.115252;-0.213169;
0.115272;-0.212509;
0.115292;-0.211848;
0.115312;-0.211186;
0.115332;-0.210524;
0.115352;-0.209862;
0.115372;-0.209199;
0.115392;-0.208535;
0.115412;-0.207871;
0.115432;-0.207207;
0.115452;-0.206542;
0.115472;-0.205877;
0.115492;-0.205211;
0.115512;-0.204545;
0.115532;-0.203878;
0.115552;-0.20321;
0.115572;-0.202543;
0.115592;-0.201874;
0.115612;-0.201206;
0.115632;-0.200536;
0.115652;-0.199867;
0.115672;-0.199196;
0.115692;-0.198526;
0.115712;-0.197855;
0.115732;-0.197183;
0.115752;-0.196511;
0.115772;-0.195838;
0.115792;-0.195165;
0.115812;-0.194492;
0.115832;-0.193817;
0.115852;-0.193143;
0.115872;-0.192468;
0.115892;-0.191792;
0.115912;-0.191117;
0.115932;-0.19044;
0.115952;-0.189763;
0.115972;-0.189086;
0.115992;-0.188408;
0.116012;-0.18773;
0.116032;-0.187051;
0.116052;-0.186372;
0.116072;-0.185692;
0.116092;-0.185012;
0.116112;-0.184331;
0.116132;-0.18365;
0.116152;-0.182968;
0.116172;-0.182286;
0.116192;-0.181603;
0.116212;-0.18092;
0.116232;-0.180237;
0.116252;-0.179553;
0.116272;-0.178868;
0.116292;-0.178183;
0.116312;-0.177498;
0.116332;-0.176812;
0.116352;-0.176126;
0.116372;-0.175439;
0.116392;-0.174752;
0.116412;-0.174064;
0.116432;-0.173376;
0.116452;-0.172687;
0.116472;-0.171998;
0.116492;-0.171308;
0.116512;-0.170618;
0.116532;-0.169927;
0.116552;-0.169236;
0.116572;-0.168545;
0.116592;-0.167853;
0.116612;-0.16716;
0.116632;-0.166467;
0.116652;-0.165774;
0.116656;-0.165619;
0.116656;-0.165615;
0.116656;-0.165608;
0.116657;-0.165595;
0.116657;-0.165584;
0.116657;-0.165581;
0.116657;-0.165576;
0.116658;-0.165565;
0.116658;-0.165542;
0.116659;-0.165498;
0.116662;-0.165409;
0.116667;-0.165232;
0.116677;-0.164876;
0.116697;-0.164182;
0.116717;-0.163487;
0.116737;-0.162792;
0.116757;-0.162096;
0.116777;-0.1614;
0.116797;-0.160703;
0.116817;-0.160006;
0.116837;-0.159308;
0.116857;-0.15861;
0.116877;-0.157911;
0.116897;-0.157212;
0.116917;-0.156513;
0.116937;-0.155813;
0.116957;-0.155112;
0.116977;-0.154411;
0.116997;-0.15371;
0.117017;-0.153008;
0.117037;-0.152306;
0.117057;-0.151603;
0.117077;-0.1509;
0.117097;-0.150196;
0.117117;-0.149492;
0.117137;-0.148788;
0.117157;-0.148083;
0.117177;-0.147377;
0.117197;-0.146671;
0.117217;-0.145965;
0.117237;-0.145258;
0.117257;-0.144551;
0.117277;-0.143843;
0.117297;-0.143135;
0.117317;-0.142426;
0.117337;-0.141717;
0.117357;-0.141008;
0.117377;-0.140298;
0.117397;-0.139587;
0.117417;-0.138876;
0.117437;-0.138165;
0.117457;-0.137453;
0.117477;-0.136741;
0.117497;-0.136028;
0.117517;-0.135315;
0.117537;-0.134602;
0.117557;-0.133887;
0.117577;-0.133173;
0.117597;-0.132458;
0.117617;-0.131743;
0.117637;-0.131027;
0.117657;-0.13031;
0.117677;-0.129594;
0.117697;-0.128877;
0.117717;-0.128159;
0.117737;-0.127441;
0.117757;-0.126722;
0.117777;-0.126003;
0.117797;-0.125284;
0.117817;-0.124564;
0.117837;-0.123844;
0.117857;-0.123123;
0.117877;-0.122402;
0.117897;-0.12168;
0.117917;-0.120958;
0.117937;-0.120235;
0.117957;-0.119512;
0.117977;-0.118789;
0.117997;-0.118065;
0.118017;-0.117341;
0.118037;-0.116616;
0.118057;-0.115891;
0.118077;-0.115165;
0.118097;-0.114439;
0.118117;-0.113713;
0.118137;-0.112986;
0.118157;-0.112258;
0.118177;-0.111531;
0.118197;-0.110802;
0.118217;-0.110074;
0.118237;-0.109344;
0.118257;-0.108615;
0.118277;-0.107885;
0.118297;-0.107154;
0.118317;-0.106423;
0.118337;-0.105692;
0.118357;-0.10496;
0.118377;-0.104228;
0.118397;-0.103496;
0.118417;-0.102762;
0.118437;-0.102029;
0.118457;-0.101295;
0.118477;-0.100561;
0.118497;-0.0998258;
0.118517;-0.0990905;
0.118537;-0.0983548;
0.118557;-0.0976187;
0.118577;-0.0968822;
0.118597;-0.0961452;
0.118617;-0.0954077;
0.118637;-0.0946699;
0.118657;-0.0939316;
0.118677;-0.0931929;
0.118697;-0.0924538;
0.118717;-0.0917142;
0.118737;-0.0909742;
0.118757;-0.0902337;
0.118777;-0.0894929;
0.118797;-0.0887516;
0.118817;-0.0880098;
0.118837;-0.0872677;
0.118857;-0.0865251;
0.118877;-0.0857821;
0.118897;-0.0850386;
0.118917;-0.0842948;
0.118937;-0.0835505;
0.118957;-0.0828058;
0.118977;-0.0820606;
0.118997;-0.081315;
0.119017;-0.080569;
0.119037;-0.0798226;
0.119057;-0.0790758;
0.119077;-0.0783285;
0.119097;-0.0775808;
0.119117;-0.0768326;
0.119137;-0.0760841;
0.119157;-0.0753351;
0.119177;-0.0745857;
0.119197;-0.0738359;
0.119217;-0.0730856;
0.119237;-0.072335;
0.119257;-0.0715839;
0.119277;-0.0708324;
0.119297;-0.0700804;
0.119317;-0.0693281;
0.119337;-0.0685753;
0.119357;-0.0678221;
0.119377;-0.0670685;
0.119397;-0.0663145;
0.119417;-0.06556;
0.119437;-0.0648051;
0.119457;-0.0640498;
0.119477;-0.0632941;
0.119497;-0.062538;
0.119517;-0.0617814;
0.119537;-0.0610244;
0.119557;-0.0602671;
0.119577;-0.0595092;
0.119597;-0.058751;
0.119617;-0.0579924;
0.119637;-0.0572333;
0.119657;-0.0564739;
0.119677;-0.055714;
0.119697;-0.0549537;
0.119717;-0.0541929;
0.119737;-0.0534318;
0.119757;-0.0526703;
0.119777;-0.0519083;
0.119797;-0.0511459;
0.119817;-0.0503831;
0.119837;-0.0496199;
0.119857;-0.0488635;
0.119871;-0.048385;
0.119883;-0.0480004;
0.119892;-0.047733;
0.119902;-0.0474449;
0.119913;-0.0471091;
0.119923;-0.0468189;
0.119935;-0.0464732;
0.119955;-0.045882;
0.119975;-0.0452903;
0.119988;-0.0448983;
0.119988;-0.0448953;
0.119988;-0.0448894;
0.119989;-0.0448775;
0.119989;-0.0448687;
0.119989;-0.0448663;
0.119989;-0.0448615;
0.11999;-0.0448521;
0.11999;-0.0448331;
0.119991;-0.0447952;
0.119994;-0.0447194;
0.119999;-0.0445677;
0.120009;-0.0442642;
0.120029;-0.0436711;
0.120049;-0.0430775;
0.120069;-0.0424833;
0.120089;-0.0418887;
0.120109;-0.0412935;
0.120129;-0.0406978;
0.120149;-0.0401016;
0.120169;-0.0395049;
0.120189;-0.0389077;
0.120209;-0.0383099;
0.120229;-0.0377117;
0.120249;-0.0371129;
0.120269;-0.0365137;
0.120289;-0.0359139;
0.120309;-0.0353136;
0.120329;-0.0347128;
0.120349;-0.0341115;
0.120369;-0.0335097;
0.120389;-0.0329074;
0.120409;-0.0323045;
0.120429;-0.0317012;
0.120449;-0.0310973;
0.120469;-0.030493;
0.120489;-0.0298881;
0.120509;-0.0292828;
0.120529;-0.0286769;
0.120549;-0.0280705;
0.120569;-0.0274636;
0.120589;-0.0268562;
0.120609;-0.0262483;
0.120629;-0.0256399;
0.120649;-0.025031;
0.120669;-0.0244216;
0.120689;-0.0238117;
0.120709;-0.0232013;
0.120729;-0.0225904;
0.120749;-0.021979;
0.120769;-0.0213671;
0.120789;-0.0207546;
0.120809;-0.0201417;
0.120829;-0.0195283;
0.120849;-0.0189144;
0.120869;-0.0182999;
0.120889;-0.017685;
0.120909;-0.0170696;
0.120929;-0.0164537;
0.120949;-0.0158373;
0.120969;-0.0152203;
0.120989;-0.0146029;
0.121009;-0.013985;
0.121029;-0.0133666;
0.121049;-0.0127477;
0.121069;-0.0121283;
0.121089;-0.0115084;
0.121109;-0.010888;
0.121129;-0.0102671;
0.121149;-0.00964571;
0.121169;-0.00902383;
0.121189;-0.00840145;
0.121209;-0.00777858;
0.121229;-0.00715521;
0.121249;-0.00653135;
0.121269;-0.005907;
0.121289;-0.00528216;
0.121309;-0.00465682;
0.121329;-0.00403099;
0.121349;-0.00340467;
0.121369;-0.00277785;
0.121389;-0.00215055;
0.121409;-0.00152276;
0.121429;-0.00089447;
0.121449;-0.000265695;
0.121469;0.00036357;
0.121489;0.000993324;
0.121509;0.00162357;
0.121529;0.0022543;
0.121549;0.00288552;
0.121569;0.00351723;
0.121589;0.00414942;
0.121609;0.00478211;
0.121629;0.00541528;
0.121649;0.00604893;
0.121669;0.00668308;
0.121689;0.00731771;
0.121709;0.00795282;
0.121729;0.00858842;
0.121749;0.0092245;
0.121769;0.00986107;
0.121789;0.0104981;
0.121809;0.0111357;
0.121829;0.0117737;
0.121849;0.0124122;
0.121869;0.0130512;
0.121889;0.0136906;
0.121909;0.0143306;
0.121929;0.014971;
0.121949;0.0156119;
0.121969;0.0162533;
0.121989;0.0168952;
0.122009;0.0175376;
0.122029;0.0181804;
0.122049;0.0188237;
0.122069;0.0194675;
0.122089;0.0201118;
0.122109;0.0207566;
0.122129;0.0214018;
0.122149;0.0220475;
0.122169;0.0226937;
0.122189;0.0233404;
0.122209;0.0239875;
0.122229;0.0246351;
0.122249;0.0252832;
0.122269;0.0259318;
0.122289;0.0265808;
0.122309;0.0272304;
0.122329;0.0278804;
0.122349;0.0285308;
0.122369;0.0291818;
0.122389;0.0298332;
0.122409;0.0304851;
0.122429;0.0311375;
0.122449;0.0317903;
0.122469;0.0324436;
0.122489;0.0330974;
0.122509;0.0337517;
0.122529;0.0344064;
0.122549;0.0350616;
0.122569;0.0357173;
0.122589;0.0363734;
0.122609;0.0370301;
0.122629;0.0376871;
0.122649;0.0383447;
0.122669;0.0390027;
0.122689;0.0396612;
0.122709;0.0403202;
0.122729;0.0409796;
0.122749;0.0416395;
0.122769;0.0422999;
0.122789;0.0429607;
0.122809;0.043622;
0.122829;0.0442838;
0.122849;0.044946;
0.122869;0.0456087;
0.122889;0.0462719;
0.122909;0.0469355;
0.122929;0.0475996;
0.122949;0.0482641;
0.122969;0.0489292;
0.122989;0.0495947;
0.123009;0.0502606;
0.123029;0.050927;
0.123049;0.0515939;
0.123069;0.0522612;
0.123089;0.0529291;
0.123109;0.0535973;
0.123129;0.054266;
0.123149;0.0549352;
0.123169;0.0556049;
0.123189;0.056275;
0.123209;0.0569456;
0.123229;0.0576166;
0.123249;0.0582881;
0.123269;0.05896;
0.123289;0.0596324;
0.123309;0.0603053;
0.123322;0.0607295;
0.123322;0.0607328;
0.123322;0.0607396;
0.123323;0.060753;
0.123323;0.0607631;
0.123323;0.0607658;
0.123323;0.0607712;
0.123324;0.060782;
0.123324;0.0608035;
0.123325;0.0608466;
0.123328;0.0609328;
0.123333;0.0611053;
0.123343;0.0614502;
0.123363;0.0621243;
0.123383;0.0627989;
0.123403;0.0634739;
0.123423;0.0641494;
0.123443;0.0648253;
0.123463;0.0655017;
0.123483;0.0661786;
0.123503;0.0668559;
0.123523;0.0675336;
0.123543;0.0682118;
0.123563;0.0688905;
0.123583;0.0695696;
0.123603;0.0702492;
0.123623;0.0709292;
0.123643;0.0716097;
0.123663;0.0722906;
0.123683;0.072972;
0.123703;0.0736539;
0.123723;0.0743362;
0.123743;0.0750189;
0.123763;0.0757021;
0.123783;0.0763857;
0.123803;0.0770698;
0.123823;0.0777544;
0.123843;0.0784394;
0.123863;0.0791248;
0.123883;0.0798107;
0.123903;0.0804971;
0.123923;0.0811839;
0.123943;0.0818711;
0.123963;0.0825588;
0.123983;0.0832469;
0.124003;0.0839355;
0.124023;0.0846245;
0.124043;0.085314;
0.124063;0.0860039;
0.124083;0.0866943;
0.124103;0.0873851;
0.124123;0.0880764;
0.124143;0.0887681;
0.124163;0.0894602;
0.124183;0.0901528;
0.124203;0.0908459;
0.124223;0.0915394;
0.124243;0.0922333;
0.124263;0.0929277;
0.124283;0.0936225;
0.124303;0.0943177;
0.124323;0.0950134;
0.124343;0.0957096;
0.124363;0.0964062;
0.124383;0.0971032;
0.124403;0.0978006;
0.124423;0.0984986;
0.124443;0.0991969;
0.124463;0.0998957;
0.124483;0.100595;
0.124503;0.101295;
0.124523;0.101995;
0.124543;0.102695;
0.124563;0.103396;
0.124583;0.104098;
0.124603;0.104799;
0.124623;0.105502;
0.124643;0.106205;
0.124663;0.106908;
0.124683;0.107611;
0.124703;0.108315;
0.124723;0.10902;
0.124743;0.109725;
0.124763;0.11043;
0.124783;0.111136;
0.124803;0.111842;
0.124823;0.112549;
0.124843;0.113256;
0.124863;0.113963;
0.124883;0.114671;
0.124903;0.11538;
0.124923;0.116088;
0.124943;0.116798;
0.124963;0.117507;
0.124983;0.118218;
0.125003;0.118928;
0.125023;0.119639;
0.125043;0.12035;
0.125063;0.121062;
0.125083;0.121775;
0.125103;0.122487;
0.125123;0.1232;
0.125143;0.123914;
0.125163;0.124628;
0.125183;0.125342;
0.125203;0.126057;
0.125223;0.126772;
0.125243;0.127488;
0.125263;0.128204;
0.125283;0.128921;
0.125303;0.129638;
0.125323;0.130355;
0.125343;0.131073;
0.125363;0.131791;
0.125383;0.13251;
0.125403;0.133229;
0.125423;0.133949;
0.125443;0.134669;
0.125463;0.135389;
0.125483;0.13611;
0.125503;0.136831;
0.125523;0.137553;
0.125543;0.138275;
0.125563;0.138997;
0.125583;0.13972;
0.125603;0.140444;
0.125623;0.141167;
0.125643;0.141891;
0.125663;0.142616;
0.125683;0.143341;
0.125703;0.144067;
0.125723;0.144792;
0.125743;0.145519;
0.125763;0.146245;
0.125783;0.146973;
0.125803;0.1477;
0.125823;0.148428;
0.125843;0.149156;
0.125863;0.149885;
0.125883;0.150614;
0.125903;0.151344;
0.125923;0.152074;
0.125943;0.152805;
0.125963;0.153536;
0.125983;0.154267;
0.126003;0.154999;
0.126023;0.155731;
0.126043;0.156463;
0.126063;0.157196;
0.126083;0.15793;
0.126103;0.158663;
0.126123;0.159398;
0.126143;0.160132;
0.126163;0.160867;
0.126183;0.161603;
0.126203;0.162339;
0.126223;0.163075;
0.126243;0.163812;
0.126263;0.164549;
0.126283;0.165286;
0.126303;0.166024;
0.126323;0.166762;
0.126343;0.167501;
0.126363;0.16824;
0.126383;0.16898;
0.126403;0.16972;
0.126423;0.17046;
0.126443;0.171201;
0.126463;0.171942;
0.126483;0.172684;
0.126503;0.1734;
0.126517;0.17384;
0.126529;0.174237;
0.126535;0.174453;
0.126544;0.174723;
0.12656;0.175261;
0.126566;0.175433;
0.126574;0.17567;
0.12658;0.17587;
0.126587;0.176072;
0.126594;0.176287;
0.126608;0.176686;
0.126628;0.177282;
0.126639;0.177613;
0.12665;0.177914;
0.126654;0.178007;
0.126655;0.178036;
0.126657;0.178094;
0.126662;0.178209;
0.126671;0.178441;
0.126687;0.178842;
0.1267;0.179188;
0.126714;0.179539;
0.126728;0.179905;
0.126748;0.180418;
0.126768;0.180931;
0.126788;0.181445;
0.126808;0.181959;
0.126828;0.182474;
0.126848;0.182989;
0.126868;0.183505;
0.126888;0.184022;
0.126908;0.184539;
0.126928;0.185056;
0.126948;0.185574;
0.126968;0.186093;
0.126988;0.186612;
0.127008;0.187132;
0.127028;0.187652;
0.127048;0.188173;
0.127068;0.188694;
0.127088;0.189216;
0.127108;0.189739;
0.127128;0.190262;
0.127148;0.190785;
0.127168;0.191309;
0.127188;0.191834;
0.127208;0.192359;
0.127228;0.192885;
0.127248;0.193411;
0.127268;0.193938;
0.127288;0.194465;
0.127308;0.194993;
0.127328;0.195521;
0.127348;0.19605;
0.127368;0.196579;
0.127388;0.197109;
0.127408;0.19764;
0.127428;0.198171;
0.127448;0.198702;
0.127468;0.199234;
0.127488;0.199767;
0.127508;0.2003;
0.127528;0.200834;
0.127548;0.201368;
0.127568;0.201902;
0.127588;0.202438;
0.127608;0.202973;
0.127628;0.20351;
0.127648;0.204047;
0.127668;0.204584;
0.127688;0.205122;
0.127708;0.20566;
0.127728;0.206199;
0.127748;0.206739;
0.127768;0.207279;
0.127788;0.207819;
0.127808;0.20836;
0.127828;0.208902;
0.127848;0.209444;
0.127868;0.209987;
0.127888;0.21053;
0.127908;0.211073;
0.127928;0.211618;
0.127948;0.212162;
0.127968;0.212707;
0.127988;0.213253;
0.128008;0.2138;
0.128028;0.214346;
0.128048;0.214894;
0.128068;0.215442;
0.128088;0.21599;
0.128108;0.216539;
0.128128;0.217088;
0.128148;0.217638;
0.128168;0.218189;
0.128188;0.21874;
0.128208;0.219291;
0.128228;0.219843;
0.128248;0.220396;
0.128268;0.220949;
0.128288;0.221502;
0.128308;0.222056;
0.128328;0.222611;
0.128348;0.223166;
0.128368;0.223722;
0.128388;0.224278;
0.128408;0.224835;
0.128428;0.225392;
0.128448;0.225949;
0.128468;0.226508;
0.128488;0.227066;
0.128508;0.227626;
0.128528;0.228185;
0.128548;0.228746;
0.128568;0.229306;
0.128588;0.229868;
0.128608;0.230429;
0.128628;0.230992;
0.128648;0.231555;
0.128668;0.232118;
0.128688;0.232682;
0.128708;0.233246;
0.128728;0.233811;
0.128748;0.234376;
0.128768;0.234942;
0.128788;0.235509;
0.128808;0.236075;
0.128828;0.236643;
0.128848;0.237211;
0.128868;0.237779;
0.128888;0.238348;
0.128908;0.238918;
0.128928;0.239488;
0.128948;0.240058;
0.128968;0.240629;
0.128988;0.2412;
0.129008;0.241772;
0.129028;0.242345;
0.129048;0.242918;
0.129068;0.243491;
0.129088;0.244065;
0.129108;0.24464;
0.129128;0.245215;
0.129148;0.24579;
0.129168;0.246366;
0.129188;0.246943;
0.129208;0.24752;
0.129228;0.248097;
0.129248;0.248675;
0.129268;0.249254;
0.129288;0.249833;
0.129308;0.250412;
0.129328;0.250992;
0.129348;0.251573;
0.129368;0.252154;
0.129388;0.252735;
0.129408;0.253317;
0.129428;0.253899;
0.129448;0.254482;
0.129468;0.255066;
0.129488;0.25565;
0.129508;0.256234;
0.129528;0.256819;
0.129548;0.257405;
0.129568;0.257991;
0.129588;0.258577;
0.129608;0.259164;
0.129628;0.259752;
0.129648;0.260339;
0.129668;0.260928;
0.129688;0.261517;
0.129708;0.262106;
0.129728;0.262696;
0.129748;0.263287;
0.129768;0.263877;
0.129788;0.264469;
0.129808;0.265061;
0.129828;0.265653;
0.129848;0.266246;
0.129868;0.266839;
0.129888;0.267433;
0.129908;0.268027;
0.129928;0.268622;
0.129948;0.269217;
0.129968;0.269813;
0.129988;0.270402;
0.129988;0.270405;
0.129988;0.270411;
0.129989;0.270423;
0.129989;0.270432;
0.129989;0.270434;
0.129989;0.270439;
0.12999;0.270449;
0.12999;0.270468;
0.129991;0.270506;
0.129994;0.270582;
0.129999;0.270735;
0.130009;0.271041;
0.130029;0.271638;
0.130049;0.272236;
0.130069;0.272834;
0.130089;0.273433;
0.130109;0.274032;
0.130129;0.274632;
0.130149;0.275232;
0.130169;0.275833;
0.130189;0.276434;
0.130209;0.277035;
0.130229;0.277637;
0.130249;0.27824;
0.130269;0.278843;
0.130289;0.279447;
0.130309;0.280051;
0.130329;0.280655;
0.130349;0.28126;
0.130369;0.281866;
0.130389;0.282472;
0.130409;0.283078;
0.130429;0.283685;
0.130449;0.284293;
0.130469;0.284901;
0.130489;0.285509;
0.130509;0.286118;
0.130529;0.286727;
0.130549;0.287337;
0.130569;0.287947;
0.130589;0.288558;
0.130609;0.289169;
0.130629;0.289781;
0.130649;0.290393;
0.130669;0.291006;
0.130689;0.291619;
0.130709;0.292233;
0.130729;0.292847;
0.130749;0.293461;
0.130769;0.294077;
0.130789;0.294692;
0.130809;0.295308;
0.130829;0.295925;
0.130849;0.296542;
0.130869;0.297159;
0.130889;0.297777;
0.130909;0.298395;
0.130929;0.299014;
0.130949;0.299633;
0.130969;0.300253;
0.130989;0.300873;
0.131009;0.301494;
0.131029;0.302115;
0.131049;0.302737;
0.131069;0.303359;
0.131089;0.303982;
0.131109;0.304605;
0.131129;0.305228;
0.131149;0.305852;
0.131169;0.306477;
0.131189;0.307102;
0.131209;0.307727;
0.131229;0.308353;
0.131249;0.30898;
0.131269;0.309606;
0.131289;0.310234;
0.131309;0.310861;
0.131329;0.31149;
0.131349;0.312118;
0.131369;0.312748;
0.131389;0.313377;
0.131409;0.314007;
0.131429;0.314638;
0.131449;0.315269;
0.131469;0.3159;
0.131489;0.316532;
0.131509;0.317165;
0.131529;0.317797;
0.131549;0.318431;
0.131569;0.319065;
0.131589;0.319699;
0.131609;0.320333;
0.131629;0.320969;
0.131649;0.321604;
0.131669;0.32224;
0.131689;0.322877;
0.131709;0.323514;
0.131729;0.324151;
0.131749;0.324789;
0.131769;0.325428;
0.131789;0.326066;
0.131809;0.326706;
0.131829;0.327346;
0.131849;0.327986;
0.131869;0.328626;
0.131889;0.329267;
0.131909;0.329909;
0.131929;0.330551;
0.131949;0.331194;
0.131969;0.331837;
0.131989;0.33248;
0.132009;0.333124;
0.132029;0.333768;
0.132049;0.334413;
0.132069;0.335058;
0.132089;0.335704;
0.132109;0.33635;
0.132129;0.336996;
0.132149;0.337643;
0.132169;0.338291;
0.132189;0.338939;
0.132209;0.339587;
0.132229;0.340236;
0.132249;0.340885;
0.132269;0.341535;
0.132289;0.342185;
0.132309;0.342836;
0.132329;0.343487;
0.132349;0.344138;
0.132369;0.34479;
0.132389;0.345443;
0.132409;0.346096;
0.132429;0.346749;
0.132449;0.347403;
0.132469;0.348057;
0.132489;0.348712;
0.132509;0.349367;
0.132529;0.350022;
0.132549;0.350678;
0.132569;0.351335;
0.132589;0.351992;
0.132609;0.352649;
0.132629;0.353307;
0.132649;0.353965;
0.132669;0.354624;
0.132689;0.355283;
0.132709;0.355942;
0.132729;0.356602;
0.132749;0.357263;
0.132769;0.357924;
0.132789;0.358585;
0.132809;0.359247;
0.132829;0.359909;
0.132849;0.360571;
0.132869;0.361235;
0.132889;0.361898;
0.132909;0.362562;
0.132929;0.363226;
0.132949;0.363891;
0.132969;0.364557;
0.132989;0.365222;
0.133009;0.365888;
0.133029;0.366555;
0.133049;0.367222;
0.133069;0.36789;
0.133089;0.368557;
0.133109;0.369226;
0.133129;0.369895;
0.133149;0.370564;
0.133169;0.371233;
0.133189;0.371904;
0.133209;0.372547;
0.133225;0.372993;
0.133239;0.373387;
0.133247;0.373631;
0.133257;0.373895;
0.133275;0.374424;
0.133295;0.374988;
0.13331;0.375376;
0.13332;0.375624;
0.13332;0.375626;
0.13332;0.375631;
0.133321;0.37564;
0.133321;0.375647;
0.133321;0.375649;
0.133321;0.375653;
0.133322;0.37566;
0.133322;0.375675;
0.133323;0.375704;
0.133326;0.375763;
0.133331;0.375882;
0.133341;0.376119;
0.133352;0.376365;
0.133367;0.3767;
0.133379;0.376988;
0.133392;0.377302;
0.133412;0.377766;
0.133432;0.378231;
0.133452;0.378697;
0.133472;0.379163;
0.133492;0.379629;
0.133512;0.380096;
0.133532;0.380564;
0.133552;0.381032;
0.133572;0.381501;
0.133592;0.38197;
0.133612;0.38244;
0.133632;0.38291;
0.133652;0.383381;
0.133672;0.383853;
0.133692;0.384325;
0.133712;0.384797;
0.133732;0.385271;
0.133752;0.385744;
0.133772;0.386219;
0.133792;0.386693;
0.133812;0.387169;
0.133832;0.387645;
0.133852;0.388121;
0.133872;0.388598;
0.133892;0.389076;
0.133912;0.389554;
0.133932;0.390033;
0.133952;0.390512;
0.133972;0.390992;
0.133992;0.391472;
0.134012;0.391953;
0.134032;0.392434;
0.134052;0.392916;
0.134072;0.393399;
0.134092;0.393882;
0.134112;0.394366;
0.134132;0.39485;
0.134152;0.395334;
0.134172;0.39582;
0.134192;0.396305;
0.134212;0.396792;
0.134232;0.397279;
0.134252;0.397766;
0.134272;0.398254;
0.134292;0.398742;
0.134312;0.399232;
0.134332;0.399721;
0.134352;0.400211;
0.134372;0.400702;
0.134392;0.401193;
0.134412;0.401685;
0.134432;0.402177;
0.134452;0.40267;
0.134472;0.403163;
0.134492;0.403657;
0.134512;0.404152;
0.134532;0.404647;
0.134552;0.405142;
0.134572;0.405638;
0.134592;0.406135;
0.134612;0.406632;
0.134632;0.40713;
0.134652;0.407628;
0.134672;0.408127;
0.134692;0.408626;
0.134712;0.409126;
0.134732;0.409626;
0.134752;0.410127;
0.134772;0.410628;
0.134792;0.41113;
0.134812;0.411633;
0.134832;0.412136;
0.134852;0.412639;
0.134872;0.413143;
0.134892;0.413648;
0.134912;0.414153;
0.134932;0.414659;
0.134952;0.415165;
0.134972;0.415672;
0.134992;0.416179;
0.135012;0.416687;
0.135032;0.417195;
0.135052;0.417704;
0.135072;0.418213;
0.135092;0.418723;
0.135112;0.419233;
0.135132;0.419744;
0.135152;0.420256;
0.135172;0.420768;
0.135192;0.42128;
0.135212;0.421793;
0.135232;0.422307;
0.135252;0.422821;
0.135272;0.423336;
0.135292;0.423851;
0.135312;0.424367;
0.135332;0.424883;
0.135352;0.4254;
0.135372;0.425917;
0.135392;0.426435;
0.135412;0.426953;
0.135432;0.427472;
0.135452;0.427991;
0.135472;0.428511;
0.135492;0.429031;
0.135512;0.429552;
0.135532;0.430074;
0.135552;0.430596;
0.135572;0.431118;
0.135592;0.431641;
0.135612;0.432164;
0.135632;0.432688;
0.135652;0.433213;
0.135672;0.433738;
0.135692;0.434264;
0.135712;0.43479;
0.135732;0.435316;
0.135752;0.435843;
0.135772;0.436371;
0.135792;0.436899;
0.135812;0.437428;
0.135832;0.437957;
0.135852;0.438487;
0.135872;0.439017;
0.135892;0.439548;
0.135912;0.440079;
0.135932;0.440611;
0.135952;0.441143;
0.135972;0.441676;
0.135992;0.442209;
0.136012;0.442743;
0.136032;0.443277;
0.136052;0.443812;
0.136072;0.444347;
0.136092;0.444883;
0.136112;0.445419;
0.136132;0.445956;
0.136152;0.446494;
0.136172;0.447031;
0.136192;0.44757;
0.136212;0.448109;
0.136232;0.448648;
0.136252;0.449188;
0.136272;0.449728;
0.136292;0.450269;
0.136312;0.450811;
0.136332;0.451353;
0.136352;0.451895;
0.136372;0.452438;
0.136392;0.452982;
0.136412;0.453526;
0.136432;0.45407;
0.136452;0.454615;
0.136472;0.45516;
0.136492;0.455706;
0.136512;0.456253;
0.136532;0.4568;
0.136552;0.457347;
0.136572;0.457895;
0.136592;0.458444;
0.136612;0.458993;
0.136632;0.459542;
0.136652;0.460092;
0.136654;0.460134;
0.136654;0.460137;
0.136654;0.460142;
0.136655;0.460153;
0.136655;0.460161;
0.136655;0.460164;
0.136655;0.460168;
0.136656;0.460177;
0.136656;0.460194;
0.136657;0.46023;
0.13666;0.4603;
0.136665;0.460441;
0.136675;0.460723;
0.136695;0.461274;
0.136715;0.461825;
0.136735;0.462378;
0.136755;0.46293;
0.136775;0.463483;
0.136795;0.464037;
0.136815;0.464591;
0.136835;0.465145;
0.136855;0.4657;
0.136875;0.466256;
0.136895;0.466812;
0.136915;0.467368;
0.136935;0.467925;
0.136955;0.468483;
0.136975;0.469041;
0.136995;0.469599;
0.137015;0.470158;
0.137035;0.470718;
0.137055;0.471278;
0.137075;0.471838;
0.137095;0.472399;
0.137115;0.472961;
0.137135;0.473523;
0.137155;0.474085;
0.137175;0.474648;
0.137195;0.475212;
0.137215;0.475776;
0.137235;0.47634;
0.137255;0.476905;
0.137275;0.47747;
0.137295;0.478036;
0.137315;0.478603;
0.137335;0.47917;
0.137355;0.479737;
0.137375;0.480305;
0.137395;0.480873;
0.137415;0.481442;
0.137435;0.482011;
0.137455;0.482581;
0.137475;0.483151;
0.137495;0.483722;
0.137515;0.484293;
0.137535;0.484865;
0.137555;0.485437;
0.137575;0.48601;
0.137595;0.486583;
0.137615;0.487157;
0.137635;0.487731;
0.137655;0.488306;
0.137675;0.488881;
0.137695;0.489456;
0.137715;0.490032;
0.137735;0.490609;
0.137755;0.491186;
0.137775;0.491764;
0.137795;0.492342;
0.137815;0.49292;
0.137835;0.493499;
0.137855;0.494079;
0.137875;0.494658;
0.137895;0.495239;
0.137915;0.49582;
0.137935;0.496401;
0.137955;0.496983;
0.137975;0.497565;
0.137995;0.498148;
0.138015;0.498731;
0.138035;0.499315;
0.138055;0.499899;
0.138075;0.500484;
0.138095;0.501069;
0.138115;0.501655;
0.138135;0.502241;
0.138155;0.502828;
0.138175;0.503415;
0.138195;0.504002;
0.138215;0.50459;
0.138235;0.505179;
0.138255;0.505768;
0.138275;0.506357;
0.138295;0.506947;
0.138315;0.507538;
0.138335;0.508129;
0.138355;0.50872;
0.138375;0.509312;
0.138395;0.509904;
0.138415;0.510497;
0.138435;0.51109;
0.138455;0.511684;
0.138475;0.512278;
0.138495;0.512873;
0.138515;0.513468;
0.138535;0.514063;
0.138555;0.514659;
0.138575;0.515256;
0.138595;0.515853;
0.138615;0.51645;
0.138635;0.517048;
0.138655;0.517647;
0.138675;0.518246;
0.138695;0.518845;
0.138715;0.519445;
0.138735;0.520045;
0.138755;0.520646;
0.138775;0.521247;
0.138795;0.521848;
0.138815;0.522451;
0.138835;0.523053;
0.138855;0.523656;
0.138875;0.52426;
0.138895;0.524864;
0.138915;0.525468;
0.138935;0.526073;
0.138955;0.526678;
0.138975;0.527284;
0.138995;0.52789;
0.139015;0.528497;
0.139035;0.529104;
0.139055;0.529712;
0.139075;0.53032;
0.139095;0.530929;
0.139115;0.531538;
0.139135;0.532147;
0.139155;0.532757;
0.139175;0.533368;
0.139195;0.533978;
0.139215;0.53459;
0.139235;0.535202;
0.139255;0.535814;
0.139275;0.536427;
0.139295;0.53704;
0.139315;0.537653;
0.139335;0.538267;
0.139355;0.538882;
0.139375;0.539497;
0.139395;0.540112;
0.139415;0.540728;
0.139435;0.541345;
0.139455;0.541961;
0.139475;0.542579;
0.139495;0.543196;
0.139515;0.543814;
0.139535;0.544433;
0.139555;0.545052;
0.139575;0.545672;
0.139595;0.546292;
0.139615;0.546912;
0.139635;0.547533;
0.139655;0.548154;
0.139675;0.548776;
0.139695;0.549398;
0.139715;0.550021;
0.139735;0.550644;
0.139755;0.551268;
0.139775;0.551892;
0.139795;0.552516;
0.139815;0.553141;
0.139835;0.553766;
0.139855;0.554392;
0.139875;0.555012;
0.139889;0.555401;
0.139901;0.555702;
0.13991;0.555906;
0.13992;0.556126;
0.13993;0.556345;
0.13994;0.556569;
0.139952;0.556841;
0.139972;0.557289;
0.139986;0.5576;
0.139986;0.557603;
0.139986;0.557607;
0.139987;0.557616;
0.139987;0.557623;
0.139987;0.557625;
0.139987;0.557628;
0.139988;0.557635;
0.139988;0.55765;
0.139989;0.557679;
0.139992;0.557736;
0.139997;0.557851;
0.140007;0.558081;
0.140027;0.55853;
0.140047;0.55898;
0.140067;0.559431;
0.140087;0.559882;
0.140107;0.560334;
0.140127;0.560786;
0.140147;0.561239;
0.140167;0.561692;
0.140187;0.562146;
0.140207;0.562601;
0.140227;0.563056;
0.140247;0.563511;
0.140267;0.563967;
0.140287;0.564424;
0.140307;0.564881;
0.140327;0.565339;
0.140347;0.565797;
0.140367;0.566256;
0.140387;0.566716;
0.140407;0.567176;
0.140427;0.567636;
0.140447;0.568097;
0.140467;0.568559;
0.140487;0.569021;
0.140507;0.569483;
0.140527;0.569947;
0.140547;0.57041;
0.140567;0.570875;
0.140587;0.57134;
0.140607;0.571805;
0.140627;0.572271;
0.140647;0.572737;
0.140667;0.573204;
0.140687;0.573672;
0.140707;0.57414;
0.140727;0.574609;
0.140747;0.575078;
0.140767;0.575547;
0.140787;0.576018;
0.140807;0.576489;
0.140827;0.57696;
0.140847;0.577432;
0.140867;0.577904;
0.140887;0.578377;
0.140907;0.578851;
0.140927;0.579325;
0.140947;0.579799;
0.140967;0.580274;
0.140987;0.58075;
0.141007;0.581226;
0.141027;0.581703;
0.141047;0.58218;
0.141067;0.582658;
0.141087;0.583136;
0.141107;0.583615;
0.141127;0.584094;
0.141147;0.584574;
0.141167;0.585054;
0.141187;0.585535;
0.141207;0.586017;
0.141227;0.586499;
0.141247;0.586981;
0.141267;0.587464;
0.141287;0.587948;
0.141307;0.588432;
0.141327;0.588917;
0.141347;0.589402;
0.141367;0.589888;
0.141387;0.590374;
0.141407;0.590861;
0.141427;0.591348;
0.141447;0.591836;
0.141467;0.592324;
0.141487;0.592813;
0.141507;0.593303;
0.141527;0.593793;
0.141547;0.594283;
0.141567;0.594774;
0.141587;0.595266;
0.141607;0.595758;
0.141627;0.59625;
0.141647;0.596743;
0.141667;0.597237;
0.141687;0.597731;
0.141707;0.598226;
0.141727;0.598721;
0.141747;0.599217;
0.141767;0.599713;
0.141787;0.60021;
0.141807;0.600707;
0.141827;0.601205;
0.141847;0.601703;
0.141867;0.602202;
0.141887;0.602701;
0.141907;0.603201;
0.141927;0.603701;
0.141947;0.604202;
0.141967;0.604704;
0.141987;0.605206;
0.142007;0.605708;
0.142027;0.606211;
0.142047;0.606714;
0.142067;0.607219;
0.142087;0.607723;
0.142107;0.608228;
0.142127;0.608734;
0.142147;0.60924;
0.142167;0.609746;
0.142187;0.610253;
0.142207;0.610761;
0.142227;0.611269;
0.142247;0.611778;
0.142267;0.612287;
0.142287;0.612797;
0.142307;0.613307;
0.142327;0.613817;
0.142347;0.614329;
0.142367;0.61484;
0.142387;0.615353;
0.142407;0.615865;
0.142427;0.616379;
0.142447;0.616892;
0.142467;0.617407;
0.142487;0.617921;
0.142507;0.618437;
0.142527;0.618952;
0.142547;0.619469;
0.142567;0.619985;
0.142587;0.620503;
0.142607;0.621021;
0.142627;0.621539;
0.142647;0.622058;
0.142667;0.622577;
0.142687;0.623097;
0.142707;0.623617;
0.142727;0.624138;
0.142747;0.624659;
0.142767;0.625181;
0.142787;0.625704;
0.142807;0.626227;
0.142827;0.62675;
0.142847;0.627274;
0.142867;0.627798;
0.142887;0.628323;
0.142907;0.628848;
0.142927;0.629374;
0.142947;0.629901;
0.142967;0.630428;
0.142987;0.630955;
0.143007;0.631483;
0.143027;0.632011;
0.143047;0.63254;
0.143067;0.633069;
0.143087;0.633599;
0.143107;0.63413;
0.143127;0.634661;
0.143147;0.635192;
0.143167;0.635724;
0.143187;0.636256;
0.143207;0.636789;
0.143227;0.637322;
0.143247;0.637856;
0.143267;0.638391;
0.143287;0.638925;
0.143307;0.639461;
0.14332;0.639798;
0.14332;0.639801;
0.14332;0.639806;
0.143321;0.639817;
0.143321;0.639825;
0.143321;0.639827;
0.143321;0.639832;
0.143322;0.63984;
0.143322;0.639857;
0.143323;0.639892;
0.143326;0.63996;
0.143331;0.640097;
0.143341;0.640372;
0.143361;0.640909;
0.143381;0.641446;
0.143401;0.641983;
0.143421;0.642522;
0.143441;0.64306;
0.143461;0.643599;
0.143481;0.644139;
0.143501;0.644679;
0.143521;0.64522;
0.143541;0.645761;
0.143561;0.646303;
0.143581;0.646845;
0.143601;0.647387;
0.143621;0.64793;
0.143641;0.648474;
0.143661;0.649018;
0.143681;0.649562;
0.143701;0.650107;
0.143721;0.650653;
0.143741;0.651199;
0.143761;0.651745;
0.143781;0.652292;
0.143801;0.65284;
0.143821;0.653388;
0.143841;0.653936;
0.143861;0.654485;
0.143881;0.655035;
0.143901;0.655584;
0.143921;0.656135;
0.143941;0.656686;
0.143961;0.657237;
0.143981;0.657789;
0.144001;0.658341;
0.144021;0.658894;
0.144041;0.659447;
0.144061;0.660001;
0.144081;0.660555;
0.144101;0.66111;
0.144121;0.661665;
0.144141;0.662221;
0.144161;0.662777;
0.144181;0.663334;
0.144201;0.663891;
0.144221;0.664448;
0.144241;0.665006;
0.144261;0.665565;
0.144281;0.666124;
0.144301;0.666683;
0.144321;0.667243;
0.144341;0.667804;
0.144361;0.668365;
0.144381;0.668926;
0.144401;0.669488;
0.144421;0.670051;
0.144441;0.670613;
0.144461;0.671177;
0.144481;0.671741;
0.144501;0.672305;
0.144521;0.67287;
0.144541;0.673435;
0.144561;0.674;
0.144581;0.674567;
0.144601;0.675133;
0.144621;0.6757;
0.144641;0.676268;
0.144661;0.676836;
0.144681;0.677405;
0.144701;0.677974;
0.144721;0.678543;
0.144741;0.679113;
0.144761;0.679683;
0.144781;0.680254;
0.144801;0.680826;
0.144821;0.681398;
0.144841;0.68197;
0.144861;0.682543;
0.144881;0.683116;
0.144901;0.68369;
0.144921;0.684264;
0.144941;0.684838;
0.144961;0.685414;
0.144981;0.685989;
0.145001;0.686565;
0.145021;0.687142;
0.145041;0.687719;
0.145061;0.688296;
0.145081;0.688874;
0.145101;0.689452;
0.145121;0.690031;
0.145141;0.690611;
0.145161;0.69119;
0.145181;0.691771;
0.145201;0.692351;
0.145221;0.692932;
0.145241;0.693514;
0.145261;0.694096;
0.145281;0.694679;
0.145301;0.695262;
0.145321;0.695845;
0.145341;0.696429;
0.145361;0.697013;
0.145381;0.697598;
0.145401;0.698184;
0.145421;0.698769;
0.145441;0.699356;
0.145461;0.699942;
0.145481;0.700529;
0.145501;0.701117;
0.145521;0.701705;
0.145541;0.702294;
0.145561;0.702883;
0.145581;0.703472;
0.145601;0.704062;
0.145621;0.704652;
0.145641;0.705243;
0.145661;0.705834;
0.145681;0.706426;
0.145701;0.707018;
0.145721;0.707611;
0.145741;0.708204;
0.145761;0.708798;
0.145781;0.709392;
0.145801;0.709986;
0.145821;0.710581;
0.145841;0.711176;
0.145861;0.711772;
0.145881;0.712368;
0.145901;0.712965;
0.145921;0.713562;
0.145941;0.71416;
0.145961;0.714758;
0.145981;0.715356;
0.146001;0.715955;
0.146021;0.716555;
0.146041;0.717155;
0.146061;0.717755;
0.146081;0.718356;
0.146101;0.718957;
0.146121;0.719559;
0.146141;0.720161;
0.146161;0.720763;
0.146181;0.721366;
0.146201;0.72197;
0.146221;0.722574;
0.146241;0.723178;
0.146261;0.723783;
0.146281;0.724388;
0.146301;0.724994;
0.146321;0.7256;
0.146341;0.726206;
0.146361;0.726814;
0.146381;0.727421;
0.146401;0.728029;
0.146421;0.728637;
0.146441;0.729246;
0.146461;0.729855;
0.146481;0.730465;
0.146501;0.731075;
0.146521;0.73167;
0.146533;0.731995;
0.146545;0.732281;
0.146553;0.732471;
0.146561;0.732679;
0.146572;0.732941;
0.146592;0.733419;
0.146612;0.733898;
0.146632;0.734378;
0.146652;0.734852;
0.146652;0.734855;
0.146652;0.73486;
0.146653;0.734869;
0.146653;0.734876;
0.146653;0.734878;
0.146653;0.734882;
0.146654;0.73489;
0.146654;0.734905;
0.146655;0.734936;
0.146658;0.734997;
0.146663;0.73512;
0.146673;0.735366;
0.146688;0.735722;
0.146704;0.736096;
0.146718;0.736446;
0.146738;0.736928;
0.146758;0.737411;
0.146778;0.737894;
0.146798;0.738378;
0.146818;0.738861;
0.146838;0.739345;
0.146858;0.739831;
0.146878;0.740316;
0.146898;0.740803;
0.146918;0.741289;
0.146938;0.741777;
0.146958;0.742264;
0.146978;0.742753;
0.146998;0.743242;
0.147018;0.743731;
0.147038;0.744221;
0.147058;0.744711;
0.147078;0.745202;
0.147098;0.745694;
0.147118;0.746185;
0.147138;0.746678;
0.147158;0.747171;
0.147178;0.747664;
0.147198;0.748158;
0.147218;0.748653;
0.147238;0.749148;
0.147258;0.749643;
0.147278;0.750139;
0.147298;0.750636;
0.147318;0.751133;
0.147338;0.75163;
0.147358;0.752128;
0.147378;0.752627;
0.147398;0.753126;
0.147418;0.753626;
0.147438;0.754126;
0.147458;0.754626;
0.147478;0.755127;
0.147498;0.755629;
0.147518;0.756131;
0.147538;0.756634;
0.147558;0.757137;
0.147578;0.75764;
0.147598;0.758144;
0.147618;0.758649;
0.147638;0.759154;
0.147658;0.75966;
0.147678;0.760166;
0.147698;0.760673;
0.147718;0.76118;
0.147738;0.761687;
0.147758;0.762196;
0.147778;0.762704;
0.147798;0.763213;
0.147818;0.763723;
0.147838;0.764233;
0.147858;0.764744;
0.147878;0.765255;
0.147898;0.765766;
0.147918;0.766279;
0.147938;0.766791;
0.147958;0.767304;
0.147978;0.767818;
0.147998;0.768332;
0.148018;0.768847;
0.148038;0.769362;
0.148058;0.769878;
0.148078;0.770394;
0.148098;0.77091;
0.148118;0.771427;
0.148138;0.771945;
0.148158;0.772463;
0.148178;0.772982;
0.148198;0.773501;
0.148218;0.77402;
0.148238;0.77454;
0.148258;0.775061;
0.148278;0.775582;
0.148298;0.776104;
0.148318;0.776626;
0.148338;0.777148;
0.148358;0.777671;
0.148378;0.778195;
0.148398;0.778719;
0.148418;0.779243;
0.148438;0.779768;
0.148458;0.780294;
0.148478;0.78082;
0.148498;0.781346;
0.148518;0.781873;
0.148538;0.7824;
0.148558;0.782928;
0.148578;0.783457;
0.148598;0.783986;
0.148618;0.784515;
0.148638;0.785045;
0.148658;0.785575;
0.148678;0.786106;
0.148698;0.786637;
0.148718;0.787169;
0.148738;0.787702;
0.148758;0.788234;
0.148778;0.788768;
0.148798;0.789301;
0.148818;0.789836;
0.148838;0.79037;
0.148858;0.790905;
0.148878;0.791441;
0.148898;0.791977;
0.148918;0.792514;
0.148938;0.793051;
0.148958;0.793589;
0.148978;0.794127;
0.148998;0.794665;
0.149018;0.795204;
0.149038;0.795744;
0.149058;0.796284;
0.149078;0.796824;
0.149098;0.797365;
0.149118;0.797907;
0.149138;0.798449;
0.149158;0.798991;
0.149178;0.799534;
0.149198;0.800077;
0.149218;0.800621;
0.149238;0.801165;
0.149258;0.80171;
0.149278;0.802256;
0.149298;0.802801;
0.149318;0.803347;
0.149338;0.803894;
0.149358;0.804441;
0.149378;0.804989;
0.149398;0.805537;
0.149418;0.806086;
0.149438;0.806635;
0.149458;0.807184;
0.149478;0.807734;
0.149498;0.808285;
0.149518;0.808836;
0.149538;0.809387;
0.149558;0.809939;
0.149578;0.810491;
0.149598;0.811044;
0.149618;0.811597;
0.149638;0.812151;
0.149658;0.812705;
0.149678;0.81326;
0.149698;0.813815;
0.149718;0.814371;
0.149738;0.814927;
0.149758;0.815484;
0.149778;0.816041;
0.149798;0.816598;
0.149818;0.817156;
0.149838;0.817715;
0.149858;0.818274;
0.149878;0.818833;
0.149898;0.819393;
0.149918;0.819953;
0.149938;0.820514;
0.149958;0.821075;
0.149978;0.821637;
0.149986;0.821856;
0.149986;0.821859;
0.149986;0.821864;
0.149987;0.821875;
0.149987;0.821884;
0.149987;0.821886;
0.149987;0.821891;
0.149988;0.8219;
0.149988;0.821918;
0.149989;0.821954;
0.149992;0.822026;
0.149997;0.822169;
0.150007;0.822457;
0.150027;0.82302;
0.150047;0.823584;
0.150067;0.824147;
0.150087;0.824712;
0.150107;0.825276;
0.150127;0.825842;
0.150147;0.826407;
0.150167;0.826973;
0.150187;0.82754;
0.150207;0.828107;
0.150227;0.828674;
0.150247;0.829242;
0.150267;0.829811;
0.150287;0.830379;
0.150307;0.830949;
0.150327;0.831519;
0.150347;0.832089;
0.150367;0.832659;
0.150387;0.833231;
0.150407;0.833802;
0.150427;0.834374;
0.150447;0.834947;
0.150467;0.83552;
0.150487;0.836093;
0.150507;0.836667;
0.150527;0.837241;
0.150547;0.837816;
0.150567;0.838391;
0.150587;0.838967;
0.150607;0.839543;
0.150627;0.84012;
0.150647;0.840697;
0.150667;0.841275;
0.150687;0.841853;
0.150707;0.842431;
0.150727;0.84301;
0.150747;0.843589;
0.150767;0.844169;
0.150787;0.844749;
0.150807;0.84533;
0.150827;0.845911;
0.150847;0.846493;
0.150867;0.847075;
0.150887;0.847657;
0.150907;0.84824;
0.150927;0.848824;
0.150947;0.849407;
0.150967;0.849992;
0.150987;0.850576;
0.151007;0.851162;
0.151027;0.851747;
0.151047;0.852333;
0.151067;0.85292;
0.151087;0.853507;
0.151107;0.854094;
0.151127;0.854682;
0.151147;0.85527;
0.151167;0.855859;
0.151187;0.856448;
0.151207;0.857038;
0.151227;0.857628;
0.151247;0.858219;
0.151267;0.85881;
0.151287;0.859401;
0.151307;0.859993;
0.151327;0.860585;
0.151347;0.861178;
0.151367;0.861771;
0.151387;0.862365;
0.151407;0.862959;
0.151427;0.863553;
0.151447;0.864148;
0.151467;0.864744;
0.151487;0.86534;
0.151507;0.865936;
0.151527;0.866533;
0.151547;0.86713;
0.151567;0.867727;
0.151587;0.868325;
0.151607;0.868924;
0.151627;0.869523;
0.151647;0.870122;
0.151667;0.870722;
0.151687;0.871322;
0.151707;0.871923;
0.151727;0.872524;
0.151747;0.873126;
0.151767;0.873727;
0.151787;0.87433;
0.151807;0.874933;
0.151827;0.875536;
0.151847;0.87614;
0.151867;0.876744;
0.151887;0.877349;
0.151907;0.877954;
0.151927;0.878559;
0.151947;0.879165;
0.151967;0.879771;
0.151987;0.880378;
0.152007;0.880985;
0.152027;0.881593;
0.152047;0.882201;
0.152067;0.882809;
0.152087;0.883418;
0.152107;0.884028;
0.152127;0.884637;
0.152147;0.885248;
0.152167;0.885858;
0.152187;0.886469;
0.152207;0.887081;
0.152227;0.887693;
0.152247;0.888305;
0.152267;0.888918;
0.152287;0.889531;
0.152307;0.890145;
0.152327;0.890759;
0.152347;0.891373;
0.152367;0.891988;
0.152387;0.892604;
0.152407;0.893219;
0.152427;0.893835;
0.152447;0.894452;
0.152467;0.895069;
0.152487;0.895687;
0.152507;0.896305;
0.152527;0.896923;
0.152547;0.897542;
0.152567;0.898161;
0.152587;0.89878;
0.152607;0.8994;
0.152627;0.900021;
0.152647;0.900642;
0.152667;0.901263;
0.152687;0.901885;
0.152707;0.902507;
0.152727;0.903129;
0.152747;0.903752;
0.152767;0.904376;
0.152787;0.905;
0.152807;0.905624;
0.152827;0.906248;
0.152847;0.906874;
0.152867;0.907499;
0.152887;0.908125;
0.152907;0.908751;
0.152927;0.909378;
0.152947;0.910005;
0.152967;0.910633;
0.152987;0.911261;
0.153007;0.911889;
0.153027;0.912518;
0.153047;0.913147;
0.153067;0.913777;
0.153087;0.914407;
0.153107;0.915038;
0.153123;0.915504;
0.153138;0.915906;
0.15315;0.916194;
0.153162;0.916477;
0.153176;0.916818;
0.15319;0.917156;
0.153203;0.917473;
0.153223;0.917955;
0.153243;0.918438;
0.153263;0.918921;
0.153283;0.919405;
0.153303;0.91989;
0.153318;0.920242;
0.153318;0.920245;
0.153318;0.920249;
0.153319;0.920259;
0.153319;0.920266;
0.153319;0.920268;
0.153319;0.920272;
0.15332;0.92028;
0.15332;0.920295;
0.153321;0.920326;
0.153324;0.920389;
0.153329;0.920513;
0.153339;0.920761;
0.153354;0.92111;
0.153363;0.921301;
0.153371;0.921474;
0.153377;0.921617;
0.153384;0.921756;
0.153396;0.922034;
0.153416;0.922469;
0.153435;0.922877;
0.153453;0.923266;
0.153471;0.923663;
0.153491;0.9241;
0.153511;0.924537;
0.153531;0.924976;
0.153551;0.925414;
0.153571;0.925853;
0.153591;0.926293;
0.153611;0.926733;
0.153631;0.927174;
0.153651;0.927615;
0.153671;0.928057;
0.153691;0.928499;
0.153711;0.928942;
0.153731;0.929385;
0.153751;0.929829;
0.153771;0.930273;
0.153791;0.930718;
0.153811;0.931164;
0.153831;0.93161;
0.153851;0.932056;
0.153871;0.932503;
0.153891;0.932951;
0.153911;0.933399;
0.153931;0.933848;
0.153951;0.934297;
0.153971;0.934746;
0.153991;0.935197;
0.154011;0.935647;
0.154031;0.936098;
0.154051;0.93655;
0.154071;0.937002;
0.154091;0.937455;
0.154111;0.937908;
0.154131;0.938362;
0.154151;0.938817;
0.154171;0.939271;
0.154191;0.939727;
0.154211;0.940183;
0.154231;0.940639;
0.154251;0.941096;
0.154271;0.941553;
0.154291;0.942011;
0.154311;0.94247;
0.154331;0.942929;
0.154351;0.943388;
0.154371;0.943848;
0.154391;0.944309;
0.154411;0.94477;
0.154431;0.945232;
0.154451;0.945694;
0.154471;0.946156;
0.154491;0.946619;
0.154511;0.947083;
0.154531;0.947547;
0.154551;0.948012;
0.154571;0.948477;
0.154591;0.948943;
0.154611;0.949409;
0.154631;0.949876;
0.154651;0.950343;
0.154671;0.95081;
0.154691;0.951279;
0.154711;0.951747;
0.154731;0.952217;
0.154751;0.952686;
0.154771;0.953157;
0.154791;0.953628;
0.154811;0.954099;
0.154831;0.954571;
0.154851;0.955043;
0.154871;0.955516;
0.154891;0.955989;
0.154911;0.956463;
0.154931;0.956937;
0.154951;0.957412;
0.154971;0.957887;
0.154991;0.958363;
0.155011;0.95884;
0.155031;0.959316;
0.155051;0.959794;
0.155071;0.960272;
0.155091;0.96075;
0.155111;0.961229;
0.155131;0.961708;
0.155151;0.962188;
0.155171;0.962668;
0.155191;0.963149;
0.155211;0.963631;
0.155231;0.964113;
0.155251;0.964595;
0.155271;0.965078;
0.155291;0.965561;
0.155311;0.966045;
0.155331;0.966529;
0.155351;0.967014;
0.155371;0.9675;
0.155391;0.967986;
0.155411;0.968472;
0.155431;0.968959;
0.155451;0.969446;
0.155471;0.969934;
0.155491;0.970422;
0.155511;0.970911;
0.155531;0.971401;
0.155551;0.97189;
0.155571;0.972381;
0.155591;0.972872;
0.155611;0.973363;
0.155631;0.973855;
0.155651;0.974347;
0.155671;0.97484;
0.155691;0.975333;
0.155711;0.975827;
0.155731;0.976321;
0.155751;0.976816;
0.155771;0.977311;
0.155791;0.977807;
0.155811;0.978303;
0.155831;0.9788;
0.155851;0.979297;
0.155871;0.979795;
0.155891;0.980293;
0.155911;0.980792;
0.155931;0.981291;
0.155951;0.981791;
0.155971;0.982291;
0.155991;0.982792;
0.156011;0.983293;
0.156031;0.983795;
0.156051;0.984297;
0.156071;0.984799;
0.156091;0.985302;
0.156111;0.985806;
0.156131;0.98631;
0.156151;0.986815;
0.156171;0.98732;
0.156191;0.987825;
0.156211;0.988331;
0.156231;0.988838;
0.156251;0.989345;
0.156271;0.989852;
0.156291;0.99036;
0.156311;0.990869;
0.156331;0.991378;
0.156351;0.991887;
0.156371;0.992397;
0.156391;0.992907;
0.156411;0.993418;
0.156431;0.993929;
0.156451;0.994441;
0.156471;0.994953;
0.156491;0.995466;
0.156511;0.995979;
0.156531;0.996493;
0.156551;0.997007;
0.156571;0.997522;
0.156591;0.998037;
0.156611;0.998553;
0.156631;0.999069;
0.156651;0.999586;
0.156652;0.999606;
0.156652;0.999609;
0.156652;0.999614;
0.156653;0.999624;
0.156653;0.999632;
0.156653;0.999634;
0.156653;0.999638;
0.156654;0.999646;
0.156654;0.999663;
0.156655;0.999696;
0.156658;0.999762;
0.156663;0.999895;
0.156673;1.00016;
0.156693;1.00068;
0.156713;1.0012;
0.156733;1.00171;
0.156753;1.00223;
0.156773;1.00275;
0.156793;1.00327;
0.156813;1.00379;
0.156833;1.00431;
0.156853;1.00483;
0.156873;1.00536;
0.156893;1.00588;
0.156913;1.0064;
0.156933;1.00693;
0.156953;1.00745;
0.156973;1.00797;
0.156993;1.0085;
0.157013;1.00902;
0.157033;1.00955;
0.157053;1.01007;
0.157073;1.0106;
0.157093;1.01113;
0.157113;1.01166;
0.157133;1.01218;
0.157153;1.01271;
0.157173;1.01324;
0.157193;1.01377;
0.157213;1.0143;
0.157233;1.01483;
0.157253;1.01536;
0.157273;1.01589;
0.157293;1.01643;
0.157313;1.01696;
0.157333;1.01749;
0.157353;1.01802;
0.157373;1.01856;
0.157393;1.01909;
0.157413;1.01963;
0.157433;1.02016;
0.157453;1.0207;
0.157473;1.02123;
0.157493;1.02177;
0.157513;1.02231;
0.157533;1.02284;
0.157553;1.02338;
0.157573;1.02392;
0.157593;1.02446;
0.157613;1.025;
0.157633;1.02554;
0.157653;1.02608;
0.157673;1.02662;
0.157693;1.02716;
0.157713;1.0277;
0.157733;1.02824;
0.157753;1.02878;
0.157773;1.02933;
0.157793;1.02987;
0.157813;1.03041;
0.157833;1.03096;
0.157853;1.0315;
0.157873;1.03205;
0.157893;1.03259;
0.157913;1.03314;
0.157933;1.03369;
0.157953;1.03423;
0.157973;1.03478;
0.157993;1.03533;
0.158013;1.03588;
0.158033;1.03643;
0.158053;1.03697;
0.158073;1.03752;
0.158093;1.03807;
0.158113;1.03862;
0.158133;1.03918;
0.158153;1.03973;
0.158173;1.04028;
0.158193;1.04083;
0.158213;1.04138;
0.158233;1.04194;
0.158253;1.04249;
0.158273;1.04305;
0.158293;1.0436;
0.158313;1.04416;
0.158333;1.04471;
0.158353;1.04527;
0.158373;1.04582;
0.158393;1.04638;
0.158413;1.04694;
0.158433;1.0475;
0.158453;1.04805;
0.158473;1.04861;
0.158493;1.04917;
0.158513;1.04973;
0.158533;1.05029;
0.158553;1.05085;
0.158573;1.05141;
0.158593;1.05197;
0.158613;1.05254;
0.158633;1.0531;
0.158653;1.05366;
0.158673;1.05423;
0.158693;1.05479;
0.158713;1.05535;
0.158733;1.05592;
0.158753;1.05648;
0.158773;1.05705;
0.158793;1.05761;
0.158813;1.05818;
0.158833;1.05875;
0.158853;1.05931;
0.158873;1.05988;
0.158893;1.06045;
0.158913;1.06102;
0.158933;1.06159;
0.158953;1.06216;
0.158973;1.06273;
0.158993;1.0633;
0.159013;1.06387;
0.159033;1.06444;
0.159053;1.06501;
0.159073;1.06558;
0.159093;1.06615;
0.159113;1.06673;
0.159133;1.0673;
0.159153;1.06787;
0.159173;1.06845;
0.159193;1.06902;
0.159213;1.0696;
0.159233;1.07017;
0.159253;1.07075;
0.159273;1.07133;
0.159293;1.0719;
0.159313;1.07248;
0.159333;1.07306;
0.159353;1.07364;
0.159373;1.07421;
0.159393;1.07479;
0.159413;1.07537;
0.159433;1.07595;
0.159453;1.07653;
0.159473;1.07711;
0.159493;1.0777;
0.159513;1.07828;
0.159533;1.07886;
0.159553;1.07944;
0.159573;1.08002;
0.159593;1.08061;
0.159613;1.08119;
0.159633;1.08178;
0.159653;1.08236;
0.159673;1.08295;
0.159693;1.08353;
0.159713;1.08412;
0.159733;1.0847;
0.159753;1.08529;
0.159773;1.08588;
0.159793;1.08645;
0.159807;1.0868;
0.159818;1.08708;
0.159827;1.08727;
0.159837;1.08748;
0.159851;1.08779;
0.159869;1.08819;
0.159889;1.08863;
0.159908;1.08905;
0.159928;1.08949;
0.159948;1.08992;
0.159968;1.09036;
0.159984;1.09071;
0.159984;1.09071;
0.159984;1.09071;
0.159985;1.09072;
0.159985;1.09073;
0.159985;1.09073;
0.159985;1.09074;
0.159986;1.09074;
0.159986;1.09076;
0.159987;1.09078;
0.15999;1.09084;
0.159995;1.09095;
0.160005;1.09118;
0.160025;1.09162;
0.160036;1.09185;
0.160047;1.09205;
0.160055;1.09221;
0.160063;1.09238;
0.160075;1.09261;
0.160089;1.09287;
0.160103;1.09313;
0.160115;1.09337;
0.160135;1.09376;
0.160155;1.09415;
0.160175;1.09453;
0.160195;1.09492;
0.160215;1.09531;
0.160235;1.0957;
0.160255;1.09609;
0.160275;1.09647;
0.160295;1.09686;
0.160315;1.09726;
0.160335;1.09765;
0.160355;1.09804;
0.160375;1.09843;
0.160395;1.09882;
0.160415;1.09922;
0.160435;1.09961;
0.160455;1.1;
0.160475;1.1004;
0.160495;1.10079;
0.160515;1.10119;
0.160535;1.10159;
0.160555;1.10198;
0.160575;1.10238;
0.160595;1.10278;
0.160615;1.10318;
0.160635;1.10358;
0.160655;1.10398;
0.160675;1.10438;
0.160695;1.10478;
0.160715;1.10518;
0.160735;1.10558;
0.160755;1.10598;
0.160775;1.10639;
0.160795;1.10679;
0.160815;1.10719;
0.160835;1.1076;
0.160855;1.108;
0.160875;1.10841;
0.160895;1.10882;
0.160915;1.10922;
0.160935;1.10963;
0.160955;1.11004;
0.160975;1.11045;
0.160995;1.11085;
0.161015;1.11126;
0.161035;1.11167;
0.161055;1.11208;
0.161075;1.1125;
0.161095;1.11291;
0.161115;1.11332;
0.161135;1.11373;
0.161155;1.11414;
0.161175;1.11456;
0.161195;1.11497;
0.161215;1.11539;
0.161235;1.1158;
0.161255;1.11622;
0.161275;1.11663;
0.161295;1.11705;
0.161315;1.11747;
0.161335;1.11789;
0.161355;1.1183;
0.161375;1.11872;
0.161395;1.11914;
0.161415;1.11956;
0.161435;1.11998;
0.161455;1.1204;
0.161475;1.12083;
0.161495;1.12125;
0.161515;1.12167;
0.161535;1.12209;
0.161555;1.12252;
0.161575;1.12294;
0.161595;1.12337;
0.161615;1.12379;
0.161635;1.12422;
0.161655;1.12464;
0.161675;1.12507;
0.161695;1.1255;
0.161715;1.12592;
0.161735;1.12635;
0.161755;1.12678;
0.161775;1.12721;
0.161795;1.12764;
0.161815;1.12807;
0.161835;1.1285;
0.161855;1.12893;
0.161875;1.12937;
0.161895;1.1298;
0.161915;1.13023;
0.161935;1.13066;
0.161955;1.1311;
0.161975;1.13153;
0.161995;1.13197;
0.162015;1.1324;
0.162035;1.13284;
0.162055;1.13328;
0.162075;1.13371;
0.162095;1.13415;
0.162115;1.13459;
0.162135;1.13503;
0.162155;1.13547;
0.162175;1.13591;
0.162195;1.13635;
0.162215;1.13679;
0.162235;1.13723;
0.162255;1.13767;
0.162275;1.13811;
0.162295;1.13856;
0.162315;1.139;
0.162335;1.13944;
0.162355;1.13989;
0.162375;1.14033;
0.162395;1.14078;
0.162415;1.14122;
0.162435;1.14167;
0.162455;1.14212;
0.162475;1.14256;
0.162495;1.14301;
0.162515;1.14346;
0.162535;1.14391;
0.162555;1.14436;
0.162575;1.14481;
0.162595;1.14526;
0.162615;1.14571;
0.162635;1.14616;
0.162655;1.14661;
0.162675;1.14706;
0.162695;1.14752;
0.162715;1.14797;
0.162735;1.14842;
0.162755;1.14888;
0.162775;1.14933;
0.162795;1.14979;
0.162815;1.15024;
0.162835;1.1507;
0.162855;1.15116;
0.162875;1.15162;
0.162895;1.15207;
0.162915;1.15253;
0.162935;1.15299;
0.162955;1.15345;
0.162975;1.15391;
0.162995;1.15437;
0.163015;1.15483;
0.163035;1.15529;
0.163055;1.15575;
0.163075;1.15622;
0.163095;1.15668;
0.163115;1.15714;
0.163135;1.15761;
0.163155;1.15807;
0.163175;1.15854;
0.163195;1.159;
0.163215;1.15947;
0.163235;1.15993;
0.163255;1.1604;
0.163275;1.16087;
0.163295;1.16134;
0.163315;1.1618;
0.163318;1.16187;
0.163318;1.16187;
0.163318;1.16188;
0.163319;1.16189;
0.163319;1.16189;
0.163319;1.16189;
0.163319;1.1619;
0.16332;1.16191;
0.16332;1.16192;
0.163321;1.16195;
0.163324;1.16201;
0.163329;1.16213;
0.163339;1.16237;
0.163359;1.16284;
0.163379;1.16331;
0.163399;1.16378;
0.163419;1.16425;
0.163439;1.16472;
0.163459;1.16519;
0.163479;1.16567;
0.163499;1.16614;
0.163519;1.16661;
0.163539;1.16709;
0.163559;1.16756;
0.163579;1.16804;
0.163599;1.16851;
0.163619;1.16899;
0.163639;1.16946;
0.163659;1.16994;
0.163679;1.17042;
0.163699;1.1709;
0.163719;1.17137;
0.163739;1.17185;
0.163759;1.17233;
0.163779;1.17281;
0.163799;1.17329;
0.163819;1.17377;
0.163839;1.17425;
0.163859;1.17473;
0.163879;1.17522;
0.163899;1.1757;
0.163919;1.17618;
0.163939;1.17667;
0.163959;1.17715;
0.163979;1.17763;
0.163999;1.17812;
0.164019;1.1786;
0.164039;1.17909;
0.164059;1.17958;
0.164079;1.18006;
0.164099;1.18055;
0.164119;1.18104;
0.164139;1.18153;
0.164159;1.18202;
0.164179;1.18251;
0.164199;1.183;
0.164219;1.18349;
0.164239;1.18398;
0.164259;1.18447;
0.164279;1.18496;
0.164299;1.18545;
0.164319;1.18594;
0.164339;1.18644;
0.164359;1.18693;
0.164379;1.18743;
0.164399;1.18792;
0.164419;1.18842;
0.164439;1.18891;
0.164459;1.18941;
0.164479;1.1899;
0.164499;1.1904;
0.164519;1.1909;
0.164539;1.1914;
0.164559;1.19189;
0.164579;1.19239;
0.164599;1.19289;
0.164619;1.19339;
0.164639;1.19389;
0.164659;1.19439;
0.164679;1.19489;
0.164699;1.1954;
0.164719;1.1959;
0.164739;1.1964;
0.164759;1.1969;
0.164779;1.19741;
0.164799;1.19791;
0.164819;1.19842;
0.164839;1.19892;
0.164859;1.19943;
0.164879;1.19993;
0.164899;1.20044;
0.164919;1.20094;
0.164939;1.20145;
0.164959;1.20196;
0.164979;1.20247;
0.164999;1.20298;
0.165019;1.20349;
0.165039;1.204;
0.165059;1.20451;
0.165079;1.20502;
0.165099;1.20553;
0.165119;1.20604;
0.165139;1.20655;
0.165159;1.20706;
0.165179;1.20758;
0.165199;1.20809;
0.165219;1.2086;
0.165239;1.20912;
0.165259;1.20963;
0.165279;1.21015;
0.165299;1.21066;
0.165319;1.21118;
0.165339;1.2117;
0.165359;1.21221;
0.165379;1.21273;
0.165399;1.21325;
0.165419;1.21377;
0.165439;1.21429;
0.165459;1.2148;
0.165479;1.21532;
0.165499;1.21584;
0.165519;1.21637;
0.165539;1.21689;
0.165559;1.21741;
0.165579;1.21793;
0.165599;1.21845;
0.165619;1.21898;
0.165639;1.2195;
0.165659;1.22002;
0.165679;1.22055;
0.165699;1.22107;
0.165719;1.2216;
0.165739;1.22212;
0.165759;1.22265;
0.165779;1.22318;
0.165799;1.2237;
0.165819;1.22423;
0.165839;1.22476;
0.165859;1.22529;
0.165879;1.22582;
0.165899;1.22634;
0.165919;1.22687;
0.165939;1.2274;
0.165959;1.22794;
0.165979;1.22847;
0.165999;1.229;
0.166019;1.22953;
0.166039;1.23006;
0.166059;1.2306;
0.166079;1.23113;
0.166099;1.23166;
0.166119;1.2322;
0.166139;1.23273;
0.166159;1.23327;
0.166179;1.2338;
0.166199;1.23434;
0.166219;1.23488;
0.166239;1.23541;
0.166259;1.23595;
0.166279;1.23649;
0.166299;1.23703;
0.166319;1.23756;
0.166339;1.2381;
0.166359;1.23864;
0.166379;1.23918;
0.166399;1.23972;
0.166419;1.24026;
0.166439;1.24081;
0.166459;1.24135;
0.166479;1.24187;
0.166491;1.24215;
0.166502;1.2424;
0.16651;1.24255;
0.166518;1.24273;
0.166528;1.24293;
0.166547;1.24334;
0.166567;1.24377;
0.166587;1.24419;
0.166605;1.24456;
0.166616;1.24476;
0.166626;1.24494;
0.166631;1.24503;
0.166638;1.24514;
0.16665;1.24535;
0.16665;1.24535;
0.16665;1.24536;
0.166651;1.24536;
0.166651;1.24537;
0.166651;1.24537;
0.166651;1.24537;
0.166652;1.24538;
0.166652;1.24539;
0.166653;1.24541;
0.166656;1.24545;
0.166661;1.24554;
0.166671;1.24572;
0.166691;1.24606;
0.166711;1.2464;
0.166727;1.24668;
0.166744;1.24698;
0.166764;1.24733;
0.166784;1.24767;
0.166804;1.24802;
0.166824;1.24837;
0.166844;1.24872;
0.166864;1.24907;
0.166884;1.24942;
0.166904;1.24977;
0.166924;1.25012;
0.166944;1.25047;
0.166964;1.25082;
0.166984;1.25118;
0.167004;1.25153;
0.167024;1.25188;
0.167044;1.25224;
0.167064;1.25259;
0.167084;1.25295;
0.167104;1.2533;
0.167124;1.25366;
0.167144;1.25402;
0.167164;1.25438;
0.167184;1.25473;
0.167204;1.25509;
0.167224;1.25545;
0.167244;1.25581;
0.167264;1.25617;
0.167284;1.25653;
0.167304;1.2569;
0.167324;1.25726;
0.167344;1.25762;
0.167364;1.25798;
0.167384;1.25835;
0.167404;1.25871;
0.167424;1.25908;
0.167444;1.25944;
0.167464;1.25981;
0.167484;1.26018;
0.167504;1.26054;
0.167524;1.26091;
0.167544;1.26128;
0.167564;1.26165;
0.167584;1.26202;
0.167604;1.26239;
0.167624;1.26276;
0.167644;1.26313;
0.167664;1.2635;
0.167684;1.26387;
0.167704;1.26424;
0.167724;1.26462;
0.167744;1.26499;
0.167764;1.26536;
0.167784;1.26574;
0.167804;1.26611;
0.167824;1.26649;
0.167844;1.26687;
0.167864;1.26724;
0.167884;1.26762;
0.167904;1.268;
0.167924;1.26838;
0.167944;1.26876;
0.167964;1.26914;
0.167984;1.26952;
0.168004;1.2699;
0.168024;1.27028;
0.168044;1.27066;
0.168064;1.27104;
0.168084;1.27142;
0.168104;1.27181;
0.168124;1.27219;
0.168144;1.27258;
0.168164;1.27296;
0.168184;1.27335;
0.168204;1.27373;
0.168224;1.27412;
0.168244;1.27451;
0.168264;1.27489;
0.168284;1.27528;
0.168304;1.27567;
0.168324;1.27606;
0.168344;1.27645;
0.168364;1.27684;
0.168384;1.27723;
0.168404;1.27762;
0.168424;1.27801;
0.168444;1.27841;
0.168464;1.2788;
0.168484;1.27919;
0.168504;1.27959;
0.168524;1.27998;
0.168544;1.28038;
0.168564;1.28077;
0.168584;1.28117;
0.168604;1.28156;
0.168624;1.28196;
0.168644;1.28236;
0.168664;1.28276;
0.168684;1.28316;
0.168704;1.28356;
0.168724;1.28396;
0.168744;1.28436;
0.168764;1.28476;
0.168784;1.28516;
0.168804;1.28556;
0.168824;1.28596;
0.168844;1.28636;
0.168864;1.28677;
0.168884;1.28717;
0.168904;1.28758;
0.168924;1.28798;
0.168944;1.28839;
0.168964;1.28879;
0.168984;1.2892;
0.169004;1.28961;
0.169024;1.29001;
0.169044;1.29042;
0.169064;1.29083;
0.169084;1.29124;
0.169104;1.29165;
0.169124;1.29206;
0.169144;1.29247;
0.169164;1.29288;
0.169184;1.29329;
0.169204;1.29371;
0.169224;1.29412;
0.169244;1.29453;
0.169264;1.29495;
0.169284;1.29536;
0.169304;1.29578;
0.169324;1.29619;
0.169344;1.29661;
0.169364;1.29702;
0.169384;1.29744;
0.169404;1.29786;
0.169424;1.29828;
0.169444;1.29869;
0.169464;1.29911;
0.169484;1.29953;
0.169504;1.29995;
0.169524;1.30037;
0.169544;1.30079;
0.169564;1.30121;
0.169584;1.30164;
0.169604;1.30206;
0.169624;1.30248;
0.169644;1.30291;
0.169664;1.30333;
0.169684;1.30375;
0.169704;1.30418;
0.169724;1.30461;
0.169744;1.30503;
0.169764;1.30546;
0.169784;1.30588;
0.169804;1.30631;
0.169824;1.30674;
0.169844;1.30717;
0.169864;1.3076;
0.169884;1.30803;
0.169904;1.30846;
0.169924;1.30889;
0.169944;1.30932;
0.169964;1.30975;
0.169984;1.31017;
0.169984;1.31018;
0.169984;1.31018;
0.169985;1.31019;
0.169985;1.3102;
0.169985;1.3102;
0.169985;1.3102;
0.169986;1.31021;
0.169986;1.31022;
0.169987;1.31025;
0.16999;1.31031;
0.169995;1.31042;
0.170005;1.31064;
0.170025;1.31107;
0.170045;1.3115;
0.170065;1.31194;
0.170085;1.31237;
0.170105;1.31281;
0.170125;1.31324;
0.170145;1.31368;
0.170165;1.31412;
0.170185;1.31455;
0.170205;1.31499;
0.170225;1.31543;
0.170245;1.31587;
0.170265;1.31631;
0.170285;1.31675;
0.170305;1.31719;
0.170325;1.31763;
0.170345;1.31807;
0.170365;1.31851;
0.170385;1.31895;
0.170405;1.3194;
0.170425;1.31984;
0.170445;1.32028;
0.170465;1.32073;
0.170485;1.32117;
0.170505;1.32162;
0.170525;1.32206;
0.170545;1.32251;
0.170565;1.32296;
0.170585;1.3234;
0.170605;1.32385;
0.170625;1.3243;
0.170645;1.32475;
0.170665;1.3252;
0.170685;1.32565;
0.170705;1.3261;
0.170725;1.32655;
0.170745;1.327;
0.170765;1.32745;
0.170785;1.3279;
0.170805;1.32835;
0.170825;1.32881;
0.170845;1.32926;
0.170865;1.32971;
0.170885;1.33017;
0.170905;1.33062;
0.170925;1.33108;
0.170945;1.33153;
0.170965;1.33199;
0.170985;1.33245;
0.171005;1.3329;
0.171025;1.33336;
0.171045;1.33382;
0.171065;1.33428;
0.171085;1.33474;
0.171105;1.3352;
0.171125;1.33566;
0.171145;1.33612;
0.171165;1.33658;
0.171185;1.33704;
0.171205;1.33751;
0.171225;1.33797;
0.171245;1.33843;
0.171265;1.33889;
0.171285;1.33936;
0.171305;1.33982;
0.171325;1.34029;
0.171345;1.34075;
0.171365;1.34122;
0.171385;1.34169;
0.171405;1.34215;
0.171425;1.34262;
0.171445;1.34309;
0.171465;1.34356;
0.171485;1.34403;
0.171505;1.3445;
0.171525;1.34497;
0.171545;1.34544;
0.171565;1.34591;
0.171585;1.34638;
0.171605;1.34685;
0.171625;1.34732;
0.171645;1.3478;
0.171665;1.34827;
0.171685;1.34874;
0.171705;1.34922;
0.171725;1.34969;
0.171745;1.35017;
0.171765;1.35064;
0.171785;1.35112;
0.171805;1.35159;
0.171825;1.35207;
0.171845;1.35255;
0.171865;1.35303;
0.171885;1.35351;
0.171905;1.35398;
0.171925;1.35446;
0.171945;1.35494;
0.171965;1.35542;
0.171985;1.35591;
0.172005;1.35639;
0.172025;1.35687;
0.172045;1.35735;
0.172065;1.35783;
0.172085;1.35832;
0.172105;1.3588;
0.172125;1.35928;
0.172145;1.35977;
0.172165;1.36025;
0.172185;1.36074;
0.172205;1.36122;
0.172225;1.36171;
0.172245;1.3622;
0.172265;1.36269;
0.172285;1.36317;
0.172305;1.36366;
0.172325;1.36415;
0.172345;1.36464;
0.172365;1.36513;
0.172385;1.36562;
0.172405;1.36611;
0.172425;1.3666;
0.172445;1.36709;
0.172465;1.36758;
0.172485;1.36808;
0.172505;1.36857;
0.172525;1.36906;
0.172545;1.36956;
0.172565;1.37005;
0.172585;1.37055;
0.172605;1.37104;
0.172625;1.37154;
0.172645;1.37203;
0.172665;1.37253;
0.172685;1.37303;
0.172705;1.37352;
0.172725;1.37402;
0.172745;1.37452;
0.172765;1.37502;
0.172785;1.37552;
0.172805;1.37602;
0.172825;1.37652;
0.172845;1.37702;
0.172865;1.37752;
0.172885;1.37802;
0.172905;1.37852;
0.172925;1.37903;
0.172945;1.37953;
0.172965;1.38003;
0.172985;1.38054;
0.173005;1.38104;
0.173025;1.38155;
0.173045;1.38205;
0.173065;1.38256;
0.173085;1.38306;
0.173105;1.38357;
0.173125;1.38408;
0.173145;1.38458;
0.173159;1.3849;
0.173172;1.38513;
0.17318;1.38525;
0.173186;1.38535;
0.173194;1.38546;
0.173201;1.38557;
0.173216;1.3858;
0.173236;1.3861;
0.173256;1.3864;
0.173276;1.38671;
0.173296;1.38701;
0.173316;1.38732;
0.173316;1.38732;
0.173316;1.38732;
0.173316;1.38732;
0.173317;1.38733;
0.173317;1.38733;
0.173317;1.38733;
0.173317;1.38734;
0.173318;1.38734;
0.173318;1.38735;
0.173319;1.38737;
0.173322;1.38741;
0.173327;1.38749;
0.173337;1.38765;
0.173357;1.38795;
0.173377;1.38826;
0.173397;1.38857;
0.173417;1.38887;
0.173437;1.38918;
0.173457;1.38949;
0.173477;1.3898;
0.173497;1.39011;
0.173517;1.39042;
0.173537;1.39074;
0.173557;1.39105;
0.173577;1.39136;
0.173597;1.39167;
0.173617;1.39199;
0.173637;1.3923;
0.173657;1.39262;
0.173677;1.39293;
0.173697;1.39325;
0.173717;1.39357;
0.173737;1.39388;
0.173757;1.3942;
0.173777;1.39452;
0.173797;1.39484;
0.173817;1.39516;
0.173837;1.39548;
0.173857;1.3958;
0.173877;1.39612;
0.173897;1.39644;
0.173917;1.39676;
0.173937;1.39709;
0.173957;1.39741;
0.173977;1.39773;
0.173997;1.39806;
0.174017;1.39838;
0.174037;1.39871;
0.174057;1.39904;
0.174077;1.39936;
0.174097;1.39969;
0.174117;1.40002;
0.174137;1.40035;
0.174157;1.40068;
0.174177;1.401;
0.174197;1.40133;
0.174217;1.40167;
0.174237;1.402;
0.174257;1.40233;
0.174277;1.40266;
0.174297;1.40299;
0.174317;1.40333;
0.174337;1.40366;
0.174357;1.404;
0.174377;1.40433;
0.174397;1.40467;
0.174417;1.405;
0.174437;1.40534;
0.174457;1.40568;
0.174477;1.40602;
0.174497;1.40635;
0.174517;1.40669;
0.174537;1.40703;
0.174557;1.40737;
0.174577;1.40771;
0.174597;1.40805;
0.174617;1.4084;
0.174637;1.40874;
0.174657;1.40908;
0.174677;1.40942;
0.174697;1.40977;
0.174717;1.41011;
0.174737;1.41046;
0.174757;1.4108;
0.174777;1.41115;
0.174797;1.4115;
0.174817;1.41184;
0.174837;1.41219;
0.174857;1.41254;
0.174877;1.41289;
0.174897;1.41324;
0.174917;1.41359;
0.174937;1.41394;
0.174957;1.41429;
0.174977;1.41464;
0.174997;1.41499;
0.175017;1.41535;
0.175037;1.4157;
0.175057;1.41605;
0.175077;1.41641;
0.175097;1.41676;
0.175117;1.41712;
0.175137;1.41747;
0.175157;1.41783;
0.175177;1.41819;
0.175197;1.41855;
0.175217;1.4189;
0.175237;1.41926;
0.175257;1.41962;
0.175277;1.41998;
0.175297;1.42034;
0.175317;1.4207;
0.175337;1.42106;
0.175357;1.42143;
0.175377;1.42179;
0.175397;1.42215;
0.175417;1.42251;
0.175437;1.42288;
0.175457;1.42324;
0.175477;1.42361;
0.175497;1.42397;
0.175517;1.42434;
0.175537;1.42471;
0.175557;1.42507;
0.175577;1.42544;
0.175597;1.42581;
0.175617;1.42618;
0.175637;1.42655;
0.175657;1.42692;
0.175677;1.42729;
0.175697;1.42766;
0.175717;1.42803;
0.175737;1.4284;
0.175757;1.42877;
0.175777;1.42915;
0.175797;1.42952;
0.175817;1.4299;
0.175837;1.43027;
0.175857;1.43064;
0.175877;1.43102;
0.175897;1.4314;
0.175917;1.43177;
0.175937;1.43215;
0.175957;1.43253;
0.175977;1.43291;
0.175997;1.43329;
0.176017;1.43367;
0.176037;1.43404;
0.176057;1.43443;
0.176077;1.43481;
0.176097;1.43519;
0.176117;1.43557;
0.176137;1.43595;
0.176157;1.43634;
0.176177;1.43672;
0.176197;1.4371;
0.176217;1.43749;
0.176237;1.43787;
0.176257;1.43826;
0.176277;1.43864;
0.176297;1.43903;
0.176317;1.43942;
0.176337;1.43981;
0.176357;1.44019;
0.176377;1.44058;
0.176397;1.44097;
0.176417;1.44136;
0.176437;1.44175;
0.176457;1.44214;
0.176477;1.44253;
0.176497;1.44293;
0.176517;1.44332;
0.176537;1.44371;
0.176557;1.44411;
0.176577;1.4445;
0.176597;1.44489;
0.176617;1.44529;
0.176637;1.44568;
0.17665;1.44593;
0.17665;1.44594;
0.17665;1.44594;
0.176651;1.44595;
0.176651;1.44595;
0.176651;1.44595;
0.176651;1.44596;
0.176652;1.44596;
0.176652;1.44598;
0.176653;1.446;
0.176656;1.44605;
0.176661;1.44615;
0.176671;1.44636;
0.176691;1.44675;
0.176711;1.44715;
0.176731;1.44755;
0.176751;1.44795;
0.176771;1.44835;
0.176791;1.44875;
0.176811;1.44915;
0.176831;1.44955;
0.176851;1.44995;
0.176871;1.45035;
0.176891;1.45075;
0.176911;1.45115;
0.176931;1.45156;
0.176951;1.45196;
0.176971;1.45236;
0.176991;1.45277;
0.177011;1.45317;
0.177031;1.45358;
0.177051;1.45399;
0.177071;1.45439;
0.177091;1.4548;
0.177111;1.45521;
0.177131;1.45561;
0.177151;1.45602;
0.177171;1.45643;
0.177191;1.45684;
0.177211;1.45725;
0.177231;1.45766;
0.177251;1.45807;
0.177271;1.45849;
0.177291;1.4589;
0.177311;1.45931;
0.177331;1.45972;
0.177351;1.46014;
0.177371;1.46055;
0.177391;1.46097;
0.177411;1.46138;
0.177431;1.4618;
0.177451;1.46221;
0.177471;1.46263;
0.177491;1.46305;
0.177511;1.46346;
0.177531;1.46388;
0.177551;1.4643;
0.177571;1.46472;
0.177591;1.46514;
0.177611;1.46556;
0.177631;1.46598;
0.177651;1.4664;
0.177671;1.46682;
0.177691;1.46724;
0.177711;1.46767;
0.177731;1.46809;
0.177751;1.46851;
0.177771;1.46894;
0.177791;1.46936;
0.177811;1.46979;
0.177831;1.47021;
0.177851;1.47064;
0.177871;1.47107;
0.177891;1.47149;
0.177911;1.47192;
0.177931;1.47235;
0.177951;1.47278;
0.177971;1.47321;
0.177991;1.47364;
0.178011;1.47407;
0.178031;1.4745;
0.178051;1.47493;
0.178071;1.47536;
0.178091;1.47579;
0.178111;1.47622;
0.178131;1.47666;
0.178151;1.47709;
0.178171;1.47752;
0.178191;1.47796;
0.178211;1.47839;
0.178231;1.47883;
0.178251;1.47926;
0.178271;1.4797;
0.178291;1.48014;
0.178311;1.48057;
0.178331;1.48101;
0.178351;1.48145;
0.178371;1.48189;
0.178391;1.48233;
0.178411;1.48277;
0.178431;1.48321;
0.178451;1.48365;
0.178471;1.48409;
0.178491;1.48453;
0.178511;1.48497;
0.178531;1.48542;
0.178551;1.48586;
0.178571;1.4863;
0.178591;1.48675;
0.178611;1.48719;
0.178631;1.48764;
0.178651;1.48808;
0.178671;1.48853;
0.178691;1.48898;
0.178711;1.48942;
0.178731;1.48987;
0.178751;1.49032;
0.178771;1.49077;
0.178791;1.49122;
0.178811;1.49166;
0.178831;1.49211;
0.178851;1.49256;
0.178871;1.49302;
0.178891;1.49347;
0.178911;1.49392;
0.178931;1.49437;
0.178951;1.49482;
0.178971;1.49528;
0.178991;1.49573;
0.179011;1.49618;
0.179031;1.49664;
0.179051;1.49709;
0.179071;1.49755;
0.179091;1.49801;
0.179111;1.49846;
0.179131;1.49892;
0.179151;1.49938;
0.179171;1.49983;
0.179191;1.50029;
0.179211;1.50075;
0.179231;1.50121;
0.179251;1.50167;
0.179271;1.50213;
0.179291;1.50259;
0.179311;1.50305;
0.179331;1.50352;
0.179351;1.50398;
0.179371;1.50444;
0.179391;1.5049;
0.179411;1.50537;
0.179431;1.50583;
0.179451;1.5063;
0.179471;1.50676;
0.179491;1.50723;
0.179511;1.50769;
0.179531;1.50816;
0.179551;1.50863;
0.179571;1.50909;
0.179591;1.50956;
0.179611;1.51003;
0.179631;1.5105;
0.179651;1.51097;
0.179671;1.51144;
0.179691;1.51191;
0.179711;1.51238;
0.179731;1.51285;
0.179751;1.51332;
0.179771;1.51379;
0.179791;1.51426;
0.179811;1.51474;
0.179831;1.51519;
0.179844;1.51544;
0.179855;1.51566;
0.179859;1.51573;
0.179865;1.51584;
0.179875;1.51603;
0.17988;1.51614;
0.179885;1.51623;
0.17989;1.51632;
0.179895;1.51641;
0.179902;1.51651;
0.179907;1.51661;
0.179919;1.51681;
0.179928;1.51697;
0.179937;1.51712;
0.179943;1.5172;
0.179951;1.51733;
0.179961;1.51748;
0.179965;1.51755;
0.179972;1.51765;
0.179982;1.51779;
0.179982;1.51779;
0.179982;1.51779;
0.179983;1.5178;
0.179983;1.5178;
0.179983;1.5178;
0.179983;1.51781;
0.179984;1.51781;
0.179984;1.51782;
0.179985;1.51784;
0.179988;1.51787;
0.179993;1.51795;
0.180002;1.51807;
0.180015;1.51826;
0.180035;1.51854;
0.180051;1.51876;
0.180068;1.51901;
0.180088;1.51929;
0.180108;1.51957;
0.180128;1.51985;
0.180148;1.52014;
0.180168;1.52042;
0.180188;1.52071;
0.180208;1.521;
0.180228;1.52128;
0.180248;1.52157;
0.180268;1.52186;
0.180288;1.52215;
0.180308;1.52244;
0.180328;1.52272;
0.180348;1.52301;
0.180368;1.52331;
0.180388;1.5236;
0.180408;1.52389;
0.180428;1.52418;
0.180448;1.52447;
0.180468;1.52477;
0.180488;1.52506;
0.180508;1.52536;
0.180528;1.52565;
0.180548;1.52595;
0.180568;1.52624;
0.180588;1.52654;
0.180608;1.52684;
0.180628;1.52714;
0.180648;1.52744;
0.180668;1.52773;
0.180688;1.52803;
0.180708;1.52833;
0.180728;1.52864;
0.180748;1.52894;
0.180768;1.52924;
0.180788;1.52954;
0.180808;1.52985;
0.180828;1.53015;
0.180848;1.53045;
0.180868;1.53076;
0.180888;1.53106;
0.180908;1.53137;
0.180928;1.53168;
0.180948;1.53198;
0.180968;1.53229;
0.180988;1.5326;
0.181008;1.53291;
0.181028;1.53322;
0.181048;1.53353;
0.181068;1.53384;
0.181088;1.53415;
0.181108;1.53446;
0.181128;1.53477;
0.181148;1.53508;
0.181168;1.5354;
0.181188;1.53571;
0.181208;1.53603;
0.181228;1.53634;
0.181248;1.53666;
0.181268;1.53697;
0.181288;1.53729;
0.181308;1.53761;
0.181328;1.53792;
0.181348;1.53824;
0.181368;1.53856;
0.181388;1.53888;
0.181408;1.5392;
0.181428;1.53952;
0.181448;1.53984;
0.181468;1.54016;
0.181488;1.54049;
0.181508;1.54081;
0.181528;1.54113;
0.181548;1.54146;
0.181568;1.54178;
0.181588;1.5421;
0.181608;1.54243;
0.181628;1.54276;
0.181648;1.54308;
0.181668;1.54341;
0.181688;1.54374;
0.181708;1.54407;
0.181728;1.54439;
0.181748;1.54472;
0.181768;1.54505;
0.181788;1.54538;
0.181808;1.54571;
0.181828;1.54605;
0.181848;1.54638;
0.181868;1.54671;
0.181888;1.54704;
0.181908;1.54738;
0.181928;1.54771;
0.181948;1.54805;
0.181968;1.54838;
0.181988;1.54872;
0.182008;1.54905;
0.182028;1.54939;
0.182048;1.54973;
0.182068;1.55006;
0.182088;1.5504;
0.182108;1.55074;
0.182128;1.55108;
0.182148;1.55142;
0.182168;1.55176;
0.182188;1.5521;
0.182208;1.55245;
0.182228;1.55279;
0.182248;1.55313;
0.182268;1.55347;
0.182288;1.55382;
0.182308;1.55416;
0.182328;1.55451;
0.182348;1.55485;
0.182368;1.5552;
0.182388;1.55555;
0.182408;1.55589;
0.182428;1.55624;
0.182448;1.55659;
0.182468;1.55694;
0.182488;1.55729;
0.182508;1.55764;
0.182528;1.55799;
0.182548;1.55834;
0.182568;1.55869;
0.182588;1.55904;
0.182608;1.55939;
0.182628;1.55974;
0.182648;1.5601;
0.182668;1.56045;
0.182688;1.56081;
0.182708;1.56116;
0.182728;1.56152;
0.182748;1.56187;
0.182768;1.56223;
0.182788;1.56259;
0.182808;1.56295;
0.182828;1.5633;
0.182848;1.56366;
0.182868;1.56402;
0.182888;1.56438;
0.182908;1.56474;
0.182928;1.5651;
0.182948;1.56546;
0.182968;1.56583;
0.182988;1.56619;
0.183008;1.56655;
0.183028;1.56691;
0.183048;1.56728;
0.183068;1.56764;
0.183088;1.56801;
0.183108;1.56837;
0.183128;1.56874;
0.183148;1.56911;
0.183168;1.56947;
0.183188;1.56984;
0.183208;1.57021;
0.183228;1.57058;
0.183248;1.57095;
0.183268;1.57132;
0.183288;1.57169;
0.183308;1.57206;
0.183316;1.5722;
0.183316;1.5722;
0.183316;1.5722;
0.183317;1.57221;
0.183317;1.57222;
0.183317;1.57222;
0.183317;1.57222;
0.183318;1.57223;
0.183318;1.57224;
0.183319;1.57226;
0.183322;1.57231;
0.183327;1.5724;
0.183337;1.57259;
0.183357;1.57297;
0.183377;1.57334;
0.183397;1.57371;
0.183417;1.57409;
0.183437;1.57446;
0.183457;1.57483;
0.183477;1.57521;
0.183497;1.57559;
0.183517;1.57596;
0.183537;1.57634;
0.183557;1.57672;
0.183577;1.57709;
0.183597;1.57747;
0.183617;1.57785;
0.183637;1.57823;
0.183657;1.57861;
0.183677;1.57899;
0.183697;1.57937;
0.183717;1.57975;
0.183737;1.58013;
0.183757;1.58052;
0.183777;1.5809;
0.183797;1.58128;
0.183817;1.58167;
0.183837;1.58205;
0.183857;1.58243;
0.183877;1.58282;
0.183897;1.58321;
0.183917;1.58359;
0.183937;1.58398;
0.183957;1.58437;
0.183977;1.58475;
0.183997;1.58514;
0.184017;1.58553;
0.184037;1.58592;
0.184057;1.58631;
0.184077;1.5867;
0.184097;1.58709;
0.184117;1.58748;
0.184137;1.58788;
0.184157;1.58827;
0.184177;1.58866;
0.184197;1.58906;
0.184217;1.58945;
0.184237;1.58984;
0.184257;1.59024;
0.184277;1.59063;
0.184297;1.59103;
0.184317;1.59143;
0.184337;1.59182;
0.184357;1.59222;
0.184377;1.59262;
0.184397;1.59302;
0.184417;1.59342;
0.184437;1.59382;
0.184457;1.59422;
0.184477;1.59462;
0.184497;1.59502;
0.184517;1.59542;
0.184537;1.59582;
0.184557;1.59622;
0.184577;1.59663;
0.184597;1.59703;
0.184617;1.59743;
0.184637;1.59784;
0.184657;1.59824;
0.184677;1.59865;
0.184697;1.59906;
0.184717;1.59946;
0.184737;1.59987;
0.184757;1.60028;
0.184777;1.60068;
0.184797;1.60109;
0.184817;1.6015;
0.184837;1.60191;
0.184857;1.60232;
0.184877;1.60273;
0.184897;1.60314;
0.184917;1.60355;
0.184937;1.60397;
0.184957;1.60438;
0.184977;1.60479;
0.184997;1.6052;
0.185017;1.60562;
0.185037;1.60603;
0.185057;1.60645;
0.185077;1.60686;
0.185097;1.60728;
0.185117;1.6077;
0.185137;1.60811;
0.185157;1.60853;
0.185177;1.60895;
0.185197;1.60937;
0.185217;1.60978;
0.185237;1.6102;
0.185257;1.61062;
0.185277;1.61104;
0.185297;1.61146;
0.185317;1.61189;
0.185337;1.61231;
0.185357;1.61273;
0.185377;1.61315;
0.185397;1.61357;
0.185417;1.614;
0.185437;1.61442;
0.185457;1.61485;
0.185477;1.61527;
0.185497;1.6157;
0.185517;1.61612;
0.185537;1.61655;
0.185557;1.61698;
0.185577;1.6174;
0.185597;1.61783;
0.185617;1.61826;
0.185637;1.61869;
0.185657;1.61912;
0.185677;1.61955;
0.185697;1.61998;
0.185717;1.62041;
0.185737;1.62084;
0.185757;1.62127;
0.185777;1.62171;
0.185797;1.62214;
0.185817;1.62257;
0.185837;1.62301;
0.185857;1.62344;
0.185877;1.62387;
0.185897;1.62431;
0.185917;1.62475;
0.185937;1.62518;
0.185957;1.62562;
0.185977;1.62606;
0.185997;1.62649;
0.186017;1.62693;
0.186037;1.62737;
0.186057;1.62781;
0.186077;1.62825;
0.186097;1.62869;
0.186117;1.62913;
0.186137;1.62957;
0.186157;1.63001;
0.186177;1.63045;
0.186197;1.63089;
0.186217;1.63134;
0.186237;1.63178;
0.186257;1.63222;
0.186277;1.63267;
0.186297;1.63311;
0.186317;1.63356;
0.186337;1.634;
0.186357;1.63445;
0.186377;1.63489;
0.186397;1.63534;
0.186417;1.63579;
0.186437;1.63624;
0.186457;1.63669;
0.186477;1.63713;
0.186497;1.63756;
0.186511;1.63781;
0.186523;1.63803;
0.186532;1.63818;
0.186541;1.63834;
0.186559;1.63866;
0.186564;1.63875;
0.186572;1.63888;
0.18658;1.63898;
0.186587;1.63909;
0.186595;1.63922;
0.18661;1.63943;
0.18663;1.63973;
0.186648;1.63998;
0.186648;1.63998;
0.186648;1.63999;
0.186649;1.63999;
0.186649;1.63999;
0.186649;1.64;
0.186649;1.64;
0.18665;1.64;
0.18665;1.64001;
0.186651;1.64003;
0.186653;1.64004;
0.186654;1.64006;
0.186657;1.64009;
0.186663;1.64017;
0.186674;1.64031;
0.186694;1.64055;
0.18671;1.64075;
0.186727;1.64096;
0.186747;1.64121;
0.186766;1.64145;
0.186786;1.6417;
0.186806;1.64195;
0.186826;1.6422;
0.186846;1.64245;
0.186866;1.6427;
0.186886;1.64295;
0.186906;1.64321;
0.186926;1.64346;
0.186946;1.64371;
0.186966;1.64397;
0.186986;1.64423;
0.187006;1.64448;
0.187026;1.64474;
0.187046;1.645;
0.187066;1.64525;
0.187086;1.64551;
0.187106;1.64577;
0.187126;1.64603;
0.187146;1.64629;
0.187166;1.64655;
0.187186;1.64681;
0.187206;1.64707;
0.187226;1.64734;
0.187246;1.6476;
0.187266;1.64786;
0.187286;1.64813;
0.187306;1.64839;
0.187326;1.64866;
0.187346;1.64892;
0.187366;1.64919;
0.187386;1.64946;
0.187406;1.64973;
0.187426;1.64999;
0.187446;1.65026;
0.187466;1.65053;
0.187486;1.6508;
0.187506;1.65107;
0.187526;1.65134;
0.187546;1.65162;
0.187566;1.65189;
0.187586;1.65216;
0.187606;1.65243;
0.187626;1.65271;
0.187646;1.65298;
0.187666;1.65326;
0.187686;1.65353;
0.187706;1.65381;
0.187726;1.65409;
0.187746;1.65436;
0.187766;1.65464;
0.187786;1.65492;
0.187806;1.6552;
0.187826;1.65548;
0.187846;1.65576;
0.187866;1.65604;
0.187886;1.65632;
0.187906;1.6566;
0.187926;1.65689;
0.187946;1.65717;
0.187966;1.65745;
0.187986;1.65774;
0.188006;1.65802;
0.188026;1.65831;
0.188046;1.65859;
0.188066;1.65888;
0.188086;1.65917;
0.188106;1.65945;
0.188126;1.65974;
0.188146;1.66003;
0.188166;1.66032;
0.188186;1.66061;
0.188206;1.6609;
0.188226;1.66119;
0.188246;1.66148;
0.188266;1.66178;
0.188286;1.66207;
0.188306;1.66236;
0.188326;1.66266;
0.188346;1.66295;
0.188366;1.66324;
0.188386;1.66354;
0.188406;1.66384;
0.188426;1.66413;
0.188446;1.66443;
0.188466;1.66473;
0.188486;1.66503;
0.188506;1.66532;
0.188526;1.66562;
0.188546;1.66592;
0.188566;1.66622;
0.188586;1.66652;
0.188606;1.66683;
0.188626;1.66713;
0.188646;1.66743;
0.188666;1.66773;
0.188686;1.66804;
0.188706;1.66834;
0.188726;1.66865;
0.188746;1.66895;
0.188766;1.66926;
0.188786;1.66956;
0.188806;1.66987;
0.188826;1.67018;
0.188846;1.67049;
0.188866;1.6708;
0.188886;1.67111;
0.188906;1.67141;
0.188926;1.67173;
0.188946;1.67204;
0.188966;1.67235;
0.188986;1.67266;
0.189006;1.67297;
0.189026;1.67328;
0.189046;1.6736;
0.189066;1.67391;
0.189086;1.67423;
0.189106;1.67454;
0.189126;1.67486;
0.189146;1.67517;
0.189166;1.67549;
0.189186;1.67581;
0.189206;1.67613;
0.189226;1.67645;
0.189246;1.67676;
0.189266;1.67708;
0.189286;1.6774;
0.189306;1.67772;
0.189326;1.67805;
0.189346;1.67837;
0.189366;1.67869;
0.189386;1.67901;
0.189406;1.67934;
0.189426;1.67966;
0.189446;1.67998;
0.189466;1.68031;
0.189486;1.68063;
0.189506;1.68096;
0.189526;1.68129;
0.189546;1.68161;
0.189566;1.68194;
0.189586;1.68227;
0.189606;1.6826;
0.189626;1.68293;
0.189646;1.68326;
0.189666;1.68359;
0.189686;1.68392;
0.189706;1.68425;
0.189726;1.68458;
0.189746;1.68492;
0.189766;1.68525;
0.189786;1.68558;
0.189806;1.68592;
0.189826;1.68625;
0.189846;1.68659;
0.189866;1.68692;
0.189886;1.68726;
0.189906;1.68759;
0.189926;1.68793;
0.189946;1.68827;
0.189966;1.68861;
0.189982;1.68887;
0.189982;1.68888;
0.189982;1.68888;
0.189983;1.68889;
0.189983;1.68889;
0.189983;1.68889;
0.189983;1.6889;
0.189984;1.6889;
0.189984;1.68891;
0.189985;1.68893;
0.189988;1.68898;
0.189993;1.68906;
0.190003;1.68924;
0.190023;1.68958;
0.190043;1.68992;
0.190063;1.69026;
0.190083;1.6906;
0.190103;1.69094;
0.190123;1.69128;
0.190143;1.69163;
0.190163;1.69197;
0.190183;1.69231;
0.190203;1.69266;
0.190223;1.693;
0.190243;1.69335;
0.190263;1.6937;
0.190283;1.69404;
0.190303;1.69439;
0.190323;1.69474;
0.190343;1.69509;
0.190363;1.69543;
0.190383;1.69578;
0.190403;1.69613;
0.190423;1.69648;
0.190443;1.69683;
0.190463;1.69719;
0.190483;1.69754;
0.190503;1.69789;
0.190523;1.69824;
0.190543;1.6986;
0.190563;1.69895;
0.190583;1.69931;
0.190603;1.69966;
0.190623;1.70002;
0.190643;1.70037;
0.190663;1.70073;
0.190683;1.70109;
0.190703;1.70144;
0.190723;1.7018;
0.190743;1.70216;
0.190763;1.70252;
0.190783;1.70288;
0.190803;1.70324;
0.190823;1.7036;
0.190843;1.70396;
0.190863;1.70432;
0.190883;1.70468;
0.190903;1.70505;
0.190923;1.70541;
0.190943;1.70577;
0.190963;1.70614;
0.190983;1.7065;
0.191003;1.70687;
0.191023;1.70723;
0.191043;1.7076;
0.191063;1.70797;
0.191083;1.70833;
0.191103;1.7087;
0.191123;1.70907;
0.191143;1.70944;
0.191163;1.70981;
0.191183;1.71018;
0.191203;1.71055;
0.191223;1.71092;
0.191243;1.71129;
0.191263;1.71166;
0.191283;1.71204;
0.191303;1.71241;
0.191323;1.71278;
0.191343;1.71316;
0.191363;1.71353;
0.191383;1.7139;
0.191403;1.71428;
0.191423;1.71466;
0.191443;1.71503;
0.191463;1.71541;
0.191483;1.71579;
0.191503;1.71617;
0.191523;1.71654;
0.191543;1.71692;
0.191563;1.7173;
0.191583;1.71768;
0.191603;1.71806;
0.191623;1.71844;
0.191643;1.71882;
0.191663;1.71921;
0.191683;1.71959;
0.191703;1.71997;
0.191723;1.72036;
0.191743;1.72074;
0.191763;1.72112;
0.191783;1.72151;
0.191803;1.72189;
0.191823;1.72228;
0.191843;1.72267;
0.191863;1.72305;
0.191883;1.72344;
0.191903;1.72383;
0.191923;1.72422;
0.191943;1.72461;
0.191963;1.725;
0.191983;1.72539;
0.192003;1.72578;
0.192023;1.72617;
0.192043;1.72656;
0.192063;1.72695;
0.192083;1.72734;
0.192103;1.72774;
0.192123;1.72813;
0.192143;1.72852;
0.192163;1.72892;
0.192183;1.72931;
0.192203;1.72971;
0.192223;1.7301;
0.192243;1.7305;
0.192263;1.7309;
0.192283;1.73129;
0.192303;1.73169;
0.192323;1.73209;
0.192343;1.73249;
0.192363;1.73289;
0.192383;1.73329;
0.192403;1.73369;
0.192423;1.73409;
0.192443;1.73449;
0.192463;1.73489;
0.192483;1.73529;
0.192503;1.7357;
0.192523;1.7361;
0.192543;1.7365;
0.192563;1.73691;
0.192583;1.73731;
0.192603;1.73772;
0.192623;1.73812;
0.192643;1.73853;
0.192663;1.73894;
0.192683;1.73934;
0.192703;1.73975;
0.192723;1.74016;
0.192743;1.74057;
0.192763;1.74098;
0.192783;1.74139;
0.192803;1.7418;
0.192823;1.74221;
0.192843;1.74262;
0.192863;1.74303;
0.192883;1.74344;
0.192903;1.74385;
0.192923;1.74427;
0.192943;1.74468;
0.192963;1.74509;
0.192983;1.74551;
0.193003;1.74592;
0.193023;1.74634;
0.193043;1.74675;
0.193063;1.74717;
0.193083;1.74759;
0.193103;1.748;
0.193123;1.74842;
0.193143;1.74884;
0.193163;1.74926;
0.193177;1.74951;
0.19319;1.74968;
0.193198;1.74977;
0.193205;1.74985;
0.193213;1.74993;
0.193222;1.75003;
0.193235;1.75018;
0.193255;1.7504;
0.193275;1.75062;
0.193295;1.75085;
0.193314;1.75105;
0.193314;1.75105;
0.193314;1.75106;
0.193315;1.75106;
0.193315;1.75106;
0.193315;1.75106;
0.193315;1.75107;
0.193316;1.75107;
0.193316;1.75108;
0.193317;1.75109;
0.19332;1.75112;
0.193325;1.75118;
0.193335;1.75129;
0.193355;1.75151;
0.193375;1.75174;
0.193395;1.75196;
0.193415;1.75219;
0.193435;1.75241;
0.193455;1.75264;
0.193475;1.75287;
0.193495;1.75309;
0.193515;1.75332;
0.193535;1.75355;
0.193555;1.75378;
0.193575;1.75401;
0.193595;1.75424;
0.193615;1.75447;
0.193635;1.7547;
0.193655;1.75493;
0.193675;1.75517;
0.193695;1.7554;
0.193715;1.75563;
0.193735;1.75587;
0.193755;1.7561;
0.193775;1.75634;
0.193795;1.75658;
0.193815;1.75681;
0.193835;1.75705;
0.193855;1.75729;
0.193875;1.75753;
0.193895;1.75777;
0.193915;1.758;
0.193935;1.75825;
0.193955;1.75849;
0.193975;1.75873;
0.193995;1.75897;
0.194015;1.75921;
0.194035;1.75946;
0.194055;1.7597;
0.194075;1.75994;
0.194095;1.76019;
0.194115;1.76043;
0.194135;1.76068;
0.194155;1.76093;
0.194175;1.76117;
0.194195;1.76142;
0.194215;1.76167;
0.194235;1.76192;
0.194255;1.76217;
0.194275;1.76242;
0.194295;1.76267;
0.194315;1.76292;
0.194335;1.76317;
0.194355;1.76343;
0.194375;1.76368;
0.194395;1.76393;
0.194415;1.76419;
0.194435;1.76444;
0.194455;1.7647;
0.194475;1.76495;
0.194495;1.76521;
0.194515;1.76547;
0.194535;1.76572;
0.194555;1.76598;
0.194575;1.76624;
0.194595;1.7665;
0.194615;1.76676;
0.194635;1.76702;
0.194655;1.76728;
0.194675;1.76754;
0.194695;1.7678;
0.194715;1.76807;
0.194735;1.76833;
0.194755;1.76859;
0.194775;1.76886;
0.194795;1.76912;
0.194815;1.76939;
0.194835;1.76966;
0.194855;1.76992;
0.194875;1.77019;
0.194895;1.77046;
0.194915;1.77073;
0.194935;1.77099;
0.194955;1.77126;
0.194975;1.77153;
0.194995;1.77181;
0.195015;1.77208;
0.195035;1.77235;
0.195055;1.77262;
0.195075;1.77289;
0.195095;1.77317;
0.195115;1.77344;
0.195135;1.77372;
0.195155;1.77399;
0.195175;1.77427;
0.195195;1.77454;
0.195215;1.77482;
0.195235;1.7751;
0.195255;1.77537;
0.195275;1.77565;
0.195295;1.77593;
0.195315;1.77621;
0.195335;1.77649;
0.195355;1.77677;
0.195375;1.77705;
0.195395;1.77734;
0.195415;1.77762;
0.195435;1.7779;
0.195455;1.77818;
0.195475;1.77847;
0.195495;1.77875;
0.195515;1.77904;
0.195535;1.77932;
0.195555;1.77961;
0.195575;1.7799;
0.195595;1.78018;
0.195615;1.78047;
0.195635;1.78076;
0.195655;1.78105;
0.195675;1.78134;
0.195695;1.78163;
0.195715;1.78192;
0.195735;1.78221;
0.195755;1.7825;
0.195775;1.7828;
0.195795;1.78309;
0.195815;1.78338;
0.195835;1.78368;
0.195855;1.78397;
0.195875;1.78427;
0.195895;1.78456;
0.195915;1.78486;
0.195935;1.78515;
0.195955;1.78545;
0.195975;1.78575;
0.195995;1.78605;
0.196015;1.78635;
0.196035;1.78665;
0.196055;1.78695;
0.196075;1.78725;
0.196095;1.78755;
0.196115;1.78785;
0.196135;1.78815;
0.196155;1.78845;
0.196175;1.78876;
0.196195;1.78906;
0.196215;1.78937;
0.196235;1.78967;
0.196255;1.78998;
0.196275;1.79028;
0.196295;1.79059;
0.196315;1.7909;
0.196335;1.7912;
0.196355;1.79151;
0.196375;1.79182;
0.196395;1.79213;
0.196415;1.79244;
0.196435;1.79275;
0.196455;1.79306;
0.196475;1.79337;
0.196495;1.79368;
0.196515;1.794;
0.196535;1.79431;
0.196555;1.79462;
0.196575;1.79494;
0.196595;1.79525;
0.196615;1.79557;
0.196635;1.79588;
0.196648;1.79608;
0.196648;1.79608;
0.196648;1.79609;
0.196649;1.79609;
0.196649;1.7961;
0.196649;1.7961;
0.196649;1.7961;
0.19665;1.7961;
0.19665;1.79612;
0.196651;1.79614;
0.196654;1.79618;
0.196659;1.79626;
0.196669;1.79642;
0.196689;1.79674;
0.196709;1.79705;
0.196729;1.79737;
0.196749;1.79769;
0.196769;1.79801;
0.196789;1.79833;
0.196809;1.79865;
0.196829;1.79897;
0.196849;1.79929;
0.196869;1.79961;
0.196889;1.79994;
0.196909;1.80026;
0.196929;1.80058;
0.196949;1.80091;
0.196969;1.80123;
0.196989;1.80156;
0.197009;1.80188;
0.197029;1.80221;
0.197049;1.80253;
0.197069;1.80286;
0.197089;1.80319;
0.197109;1.80352;
0.197129;1.80385;
0.197149;1.80417;
0.197169;1.8045;
0.197189;1.80483;
0.197209;1.80517;
0.197229;1.8055;
0.197249;1.80583;
0.197269;1.80616;
0.197289;1.80649;
0.197309;1.80683;
0.197329;1.80716;
0.197349;1.8075;
0.197369;1.80783;
0.197389;1.80817;
0.197409;1.8085;
0.197429;1.80884;
0.197449;1.80918;
0.197469;1.80951;
0.197489;1.80985;
0.197509;1.81019;
0.197529;1.81053;
0.197549;1.81087;
0.197569;1.81121;
0.197589;1.81155;
0.197609;1.81189;
0.197629;1.81223;
0.197649;1.81258;
0.197669;1.81292;
0.197689;1.81326;
0.197709;1.81361;
0.197729;1.81395;
0.197749;1.81429;
0.197769;1.81464;
0.197789;1.81499;
0.197809;1.81533;
0.197829;1.81568;
0.197849;1.81603;
0.197869;1.81637;
0.197889;1.81672;
0.197909;1.81707;
0.197929;1.81742;
0.197949;1.81777;
0.197969;1.81812;
0.197989;1.81847;
0.198009;1.81882;
0.198029;1.81918;
0.198049;1.81953;
0.198069;1.81988;
0.198089;1.82024;
0.198109;1.82059;
0.198129;1.82094;
0.198149;1.8213;
0.198169;1.82165;
0.198189;1.82201;
0.198209;1.82237;
0.198229;1.82272;
0.198249;1.82308;
0.198269;1.82344;
0.198289;1.8238;
0.198309;1.82416;
0.198329;1.82452;
0.198349;1.82488;
0.198369;1.82524;
0.198389;1.8256;
0.198409;1.82596;
0.198429;1.82632;
0.198449;1.82669;
0.198469;1.82705;
0.198489;1.82741;
0.198509;1.82778;
0.198529;1.82814;
0.198549;1.82851;
0.198569;1.82887;
0.198589;1.82924;
0.198609;1.82961;
0.198629;1.82997;
0.198649;1.83034;
0.198669;1.83071;
0.198689;1.83108;
0.198709;1.83145;
0.198729;1.83182;
0.198749;1.83219;
0.198769;1.83256;
0.198789;1.83293;
0.198809;1.8333;
0.198829;1.83367;
0.198849;1.83404;
0.198869;1.83442;
0.198889;1.83479;
0.198909;1.83517;
0.198929;1.83554;
0.198949;1.83592;
0.198969;1.83629;
0.198989;1.83667;
0.199009;1.83704;
0.199029;1.83742;
0.199049;1.8378;
0.199069;1.83818;
0.199089;1.83856;
0.199109;1.83893;
0.199129;1.83931;
0.199149;1.83969;
0.199169;1.84007;
0.199189;1.84046;
0.199209;1.84084;
0.199229;1.84122;
0.199249;1.8416;
0.199269;1.84198;
0.199289;1.84237;
0.199309;1.84275;
0.199329;1.84314;
0.199349;1.84352;
0.199369;1.84391;
0.199389;1.84429;
0.199409;1.84468;
0.199429;1.84507;
0.199449;1.84545;
0.199469;1.84584;
0.199489;1.84623;
0.199509;1.84662;
0.199529;1.84701;
0.199549;1.8474;
0.199569;1.84779;
0.199589;1.84818;
0.199609;1.84857;
0.199629;1.84896;
0.199649;1.84935;
0.199669;1.84975;
0.199689;1.85014;
0.199709;1.85053;
0.199729;1.85093;
0.199749;1.85132;
0.199769;1.85172;
0.199789;1.85211;
0.199809;1.85251;
0.199829;1.85291;
0.199843;1.85315;
0.199856;1.85332;
0.199865;1.8534;
0.199872;1.85347;
0.19988;1.85354;
0.199887;1.85362;
0.199902;1.85376;
0.199922;1.85396;
0.199942;1.85416;
0.199962;1.85435;
0.19998;1.85453;
0.19998;1.85453;
0.19998;1.85454;
0.199981;1.85454;
0.199981;1.85454;
0.199981;1.85454;
0.199981;1.85455;
0.199982;1.85455;
0.199982;1.85455;
0.199983;1.85457;
0.199986;1.85459;
0.199991;1.85464;
0.200001;1.85475;
0.200021;1.85494;
0.200041;1.85514;
0.200061;1.85534;
0.200081;1.85555;
0.200101;1.85575;
0.200121;1.85595;
0.200141;1.85615;
0.200161;1.85636;
0.200181;1.85656;
0.200201;1.85676;
0.200221;1.85697;
0.200241;1.85718;
0.200261;1.85738;
0.200281;1.85759;
0.200301;1.8578;
0.200321;1.858;
0.200341;1.85821;
0.200361;1.85842;
0.200381;1.85863;
0.200401;1.85884;
0.200421;1.85905;
0.200441;1.85927;
0.200461;1.85948;
0.200481;1.85969;
0.200501;1.8599;
0.200521;1.86012;
0.200541;1.86033;
0.200561;1.86055;
0.200581;1.86076;
0.200601;1.86098;
0.200621;1.8612;
0.200641;1.86142;
0.200661;1.86163;
0.200681;1.86185;
0.200701;1.86207;
0.200721;1.86229;
0.200741;1.86251;
0.200761;1.86273;
0.200781;1.86295;
0.200801;1.86318;
0.200821;1.8634;
0.200841;1.86362;
0.200861;1.86385;
0.200881;1.86407;
0.200901;1.8643;
0.200921;1.86452;
0.200941;1.86475;
0.200961;1.86498;
0.200981;1.8652;
0.201001;1.86543;
0.201021;1.86566;
0.201041;1.86589;
0.201061;1.86612;
0.201081;1.86635;
0.201101;1.86658;
0.201121;1.86681;
0.201141;1.86705;
0.201161;1.86728;
0.201181;1.86751;
0.201201;1.86775;
0.201221;1.86798;
0.201241;1.86821;
0.201261;1.86845;
0.201281;1.86869;
0.201301;1.86892;
0.201321;1.86916;
0.201341;1.8694;
0.201361;1.86964;
0.201381;1.86988;
0.201401;1.87012;
0.201421;1.87036;
0.201441;1.8706;
0.201461;1.87084;
0.201481;1.87108;
0.201501;1.87132;
0.201521;1.87157;
0.201541;1.87181;
0.201561;1.87205;
0.201581;1.8723;
0.201601;1.87254;
0.201621;1.87279;
0.201641;1.87304;
0.201661;1.87328;
0.201681;1.87353;
0.201701;1.87378;
0.201721;1.87403;
0.201741;1.87428;
0.201761;1.87453;
0.201781;1.87478;
0.201801;1.87503;
0.201821;1.87528;
0.201841;1.87553;
0.201861;1.87579;
0.201881;1.87604;
0.201901;1.87629;
0.201921;1.87655;
0.201941;1.8768;
0.201961;1.87706;
0.201981;1.87731;
0.202001;1.87757;
0.202021;1.87783;
0.202041;1.87809;
0.202061;1.87834;
0.202081;1.8786;
0.202101;1.87886;
0.202121;1.87912;
0.202141;1.87938;
0.202161;1.87964;
0.202181;1.87991;
0.202201;1.88017;
0.202221;1.88043;
0.202241;1.8807;
0.202261;1.88096;
0.202281;1.88122;
0.202301;1.88149;
0.202321;1.88175;
0.202341;1.88202;
0.202361;1.88229;
0.202381;1.88256;
0.202401;1.88282;
0.202421;1.88309;
0.202441;1.88336;
0.202461;1.88363;
0.202481;1.8839;
0.202501;1.88417;
0.202521;1.88444;
0.202541;1.88471;
0.202561;1.88499;
0.202581;1.88526;
0.202601;1.88553;
0.202621;1.88581;
0.202641;1.88608;
0.202661;1.88636;
0.202681;1.88663;
0.202701;1.88691;
0.202721;1.88718;
0.202741;1.88746;
0.202761;1.88774;
0.202781;1.88802;
0.202801;1.8883;
0.202821;1.88858;
0.202841;1.88886;
0.202861;1.88914;
0.202881;1.88942;
0.202901;1.8897;
0.202921;1.88998;
0.202941;1.89027;
0.202961;1.89055;
0.202981;1.89083;
0.203001;1.89112;
0.203021;1.8914;
0.203041;1.89169;
0.203061;1.89197;
0.203081;1.89226;
0.203101;1.89255;
0.203121;1.89283;
0.203141;1.89312;
0.203161;1.89341;
0.203181;1.8937;
0.203201;1.89399;
0.203221;1.89428;
0.203241;1.89457;
0.203261;1.89486;
0.203281;1.89516;
0.203301;1.89545;
0.203314;1.89563;
0.203314;1.89563;
0.203314;1.89564;
0.203315;1.89564;
0.203315;1.89565;
0.203315;1.89565;
0.203315;1.89565;
0.203316;1.89566;
0.203316;1.89566;
0.203317;1.89568;
0.20332;1.89572;
0.203325;1.8958;
0.203335;1.89595;
0.203355;1.89624;
0.203375;1.89654;
0.203395;1.89683;
0.203415;1.89713;
0.203435;1.89742;
0.203455;1.89772;
0.203475;1.89802;
0.203495;1.89831;
0.203515;1.89861;
0.203535;1.89891;
0.203555;1.89921;
0.203575;1.89951;
0.203595;1.89981;
0.203615;1.90011;
0.203635;1.90041;
0.203655;1.90072;
0.203675;1.90102;
0.203695;1.90132;
0.203715;1.90162;
0.203735;1.90193;
0.203755;1.90223;
0.203775;1.90254;
0.203795;1.90284;
0.203815;1.90315;
0.203835;1.90346;
0.203855;1.90377;
0.203875;1.90407;
0.203895;1.90438;
0.203915;1.90469;
0.203935;1.905;
0.203955;1.90531;
0.203975;1.90562;
0.203995;1.90593;
0.204015;1.90624;
0.204035;1.90656;
0.204055;1.90687;
0.204075;1.90718;
0.204095;1.90749;
0.204115;1.90781;
0.204135;1.90812;
0.204155;1.90844;
0.204175;1.90876;
0.204195;1.90907;
0.204215;1.90939;
0.204235;1.90971;
0.204255;1.91002;
0.204275;1.91034;
0.204295;1.91066;
0.204315;1.91098;
0.204335;1.9113;
0.204355;1.91162;
0.204375;1.91194;
0.204395;1.91226;
0.204415;1.91259;
0.204435;1.91291;
0.204455;1.91323;
0.204475;1.91356;
0.204495;1.91388;
0.204515;1.9142;
0.204535;1.91453;
0.204555;1.91485;
0.204575;1.91518;
0.204595;1.91551;
0.204615;1.91584;
0.204635;1.91616;
0.204655;1.91649;
0.204675;1.91682;
0.204695;1.91715;
0.204715;1.91748;
0.204735;1.91781;
0.204755;1.91814;
0.204775;1.91847;
0.204795;1.9188;
0.204815;1.91914;
0.204835;1.91947;
0.204855;1.9198;
0.204875;1.92014;
0.204895;1.92047;
0.204915;1.92081;
0.204935;1.92114;
0.204955;1.92148;
0.204975;1.92181;
0.204995;1.92215;
0.205015;1.92249;
0.205035;1.92283;
0.205055;1.92317;
0.205075;1.9235;
0.205095;1.92384;
0.205115;1.92418;
0.205135;1.92453;
0.205155;1.92487;
0.205175;1.92521;
0.205195;1.92555;
0.205215;1.92589;
0.205235;1.92624;
0.205255;1.92658;
0.205275;1.92692;
0.205295;1.92727;
0.205315;1.92761;
0.205335;1.92796;
0.205355;1.92831;
0.205375;1.92865;
0.205395;1.929;
0.205415;1.92935;
0.205435;1.9297;
0.205455;1.93004;
0.205475;1.93039;
0.205495;1.93074;
0.205515;1.93109;
0.205535;1.93144;
0.205555;1.9318;
0.205575;1.93215;
0.205595;1.9325;
0.205615;1.93285;
0.205635;1.93321;
0.205655;1.93356;
0.205675;1.93391;
0.205695;1.93427;
0.205715;1.93462;
0.205735;1.93498;
0.205755;1.93534;
0.205775;1.93569;
0.205795;1.93605;
0.205815;1.93641;
0.205835;1.93677;
0.205855;1.93712;
0.205875;1.93748;
0.205895;1.93784;
0.205915;1.9382;
0.205935;1.93856;
0.205955;1.93893;
0.205975;1.93929;
0.205995;1.93965;
0.206015;1.94001;
0.206035;1.94037;
0.206055;1.94074;
0.206075;1.9411;
0.206095;1.94147;
0.206115;1.94183;
0.206135;1.9422;
0.206155;1.94256;
0.206175;1.94293;
0.206195;1.9433;
0.206215;1.94367;
0.206235;1.94403;
0.206255;1.9444;
0.206275;1.94477;
0.206295;1.94514;
0.206315;1.94551;
0.206335;1.94588;
0.206355;1.94625;
0.206375;1.94662;
0.206395;1.947;
0.206415;1.94737;
0.206435;1.94774;
0.206455;1.94812;
0.206475;1.94849;
0.206495;1.94886;
0.206511;1.94913;
0.206526;1.94932;
0.206537;1.94945;
0.206549;1.94958;
0.206563;1.94974;
0.206576;1.94987;
0.206589;1.95002;
0.206609;1.95024;
0.206629;1.95046;
0.206646;1.95065;
0.206646;1.95065;
0.206646;1.95065;
0.206647;1.95065;
0.206647;1.95066;
0.206647;1.95066;
0.206647;1.95066;
0.206648;1.95066;
0.206648;1.95067;
0.206649;1.95069;
0.206652;1.95071;
0.206657;1.95077;
0.206667;1.95088;
0.206687;1.95111;
0.206707;1.95133;
0.206727;1.95155;
0.206747;1.95178;
0.206767;1.952;
0.206787;1.95223;
0.206807;1.95246;
0.206827;1.95268;
0.206847;1.95291;
0.206867;1.95314;
0.206887;1.95337;
0.206907;1.9536;
0.206927;1.95382;
0.206947;1.95405;
0.206967;1.95429;
0.206987;1.95452;
0.207007;1.95475;
0.207027;1.95498;
0.207047;1.95521;
0.207067;1.95545;
0.207087;1.95568;
0.207107;1.95592;
0.207127;1.95615;
0.207147;1.95639;
0.207167;1.95662;
0.207187;1.95686;
0.207207;1.9571;
0.207227;1.95734;
0.207247;1.95758;
0.207267;1.95782;
0.207287;1.95806;
0.207307;1.9583;
0.207327;1.95854;
0.207347;1.95878;
0.207367;1.95902;
0.207387;1.95926;
0.207407;1.95951;
0.207427;1.95975;
0.207447;1.96;
0.207467;1.96024;
0.207487;1.96049;
0.207507;1.96073;
0.207527;1.96098;
0.207547;1.96123;
0.207567;1.96147;
0.207587;1.96172;
0.207607;1.96197;
0.207627;1.96222;
0.207647;1.96247;
0.207667;1.96272;
0.207687;1.96297;
0.207707;1.96322;
0.207727;1.96348;
0.207747;1.96373;
0.207767;1.96398;
0.207787;1.96424;
0.207807;1.96449;
0.207827;1.96475;
0.207847;1.965;
0.207867;1.96526;
0.207887;1.96551;
0.207907;1.96577;
0.207927;1.96603;
0.207947;1.96629;
0.207967;1.96655;
0.207987;1.96681;
0.208007;1.96707;
0.208027;1.96733;
0.208047;1.96759;
0.208067;1.96785;
0.208087;1.96811;
0.208107;1.96837;
0.208127;1.96864;
0.208147;1.9689;
0.208167;1.96917;
0.208187;1.96943;
0.208207;1.9697;
0.208227;1.96996;
0.208247;1.97023;
0.208267;1.9705;
0.208287;1.97076;
0.208307;1.97103;
0.208327;1.9713;
0.208347;1.97157;
0.208367;1.97184;
0.208387;1.97211;
0.208407;1.97238;
0.208427;1.97265;
0.208447;1.97293;
0.208467;1.9732;
0.208487;1.97347;
0.208507;1.97375;
0.208527;1.97402;
0.208547;1.97429;
0.208567;1.97457;
0.208587;1.97485;
0.208607;1.97512;
0.208627;1.9754;
0.208647;1.97568;
0.208667;1.97596;
0.208687;1.97623;
0.208707;1.97651;
0.208727;1.97679;
0.208747;1.97707;
0.208767;1.97735;
0.208787;1.97764;
0.208807;1.97792;
0.208827;1.9782;
0.208847;1.97848;
0.208867;1.97877;
0.208887;1.97905;
0.208907;1.97934;
0.208927;1.97962;
0.208947;1.97991;
0.208967;1.98019;
0.208987;1.98048;
0.209007;1.98077;
0.209027;1.98105;
0.209047;1.98134;
0.209067;1.98163;
0.209087;1.98192;
0.209107;1.98221;
0.209127;1.9825;
0.209147;1.98279;
0.209167;1.98308;
0.209187;1.98338;
0.209207;1.98367;
0.209227;1.98396;
0.209247;1.98426;
0.209267;1.98455;
0.209287;1.98484;
0.209307;1.98514;
0.209327;1.98544;
0.209347;1.98573;
0.209367;1.98603;
0.209387;1.98633;
0.209407;1.98662;
0.209427;1.98692;
0.209447;1.98722;
0.209467;1.98752;
0.209487;1.98782;
0.209507;1.98812;
0.209527;1.98842;
0.209547;1.98872;
0.209567;1.98903;
0.209587;1.98933;
0.209607;1.98963;
0.209627;1.98994;
0.209647;1.99024;
0.209667;1.99055;
0.209687;1.99085;
0.209707;1.99116;
0.209727;1.99146;
0.209747;1.99177;
0.209767;1.99208;
0.209787;1.99239;
0.209807;1.99269;
0.209827;1.993;
0.209847;1.99331;
0.209867;1.99362;
0.209887;1.99393;
0.209907;1.99424;
0.209927;1.99456;
0.209947;1.99487;
0.209967;1.99518;
0.20998;1.99538;
0.20998;1.99538;
0.20998;1.99538;
0.209981;1.99539;
0.209981;1.99539;
0.209981;1.99539;
0.209981;1.9954;
0.209982;1.9954;
0.209982;1.99541;
0.209983;1.99543;
0.209986;1.99547;
0.209991;1.99555;
0.210001;1.99571;
0.210021;1.99603;
0.210041;1.99634;
0.210061;1.99666;
0.210081;1.99697;
0.210101;1.99729;
0.210121;1.99761;
0.210141;1.99792;
0.210161;1.99824;
0.210181;1.99856;
0.210201;1.99888;
0.210221;1.9992;
0.210241;1.99952;
0.210261;1.99984;
0.210281;2.00016;
0.210301;2.00048;
0.210321;2.0008;
0.210341;2.00112;
0.210361;2.00144;
0.210381;2.00177;
0.210401;2.00209;
0.210421;2.00242;
0.210441;2.00274;
0.210461;2.00307;
0.210481;2.00339;
0.210501;2.00372;
0.210521;2.00405;
0.210541;2.00437;
0.210561;2.0047;
0.210581;2.00503;
0.210601;2.00536;
0.210621;2.00569;
0.210641;2.00602;
0.210661;2.00635;
0.210681;2.00668;
0.210701;2.00701;
0.210721;2.00734;
0.210741;2.00768;
0.210761;2.00801;
0.210781;2.00834;
0.210801;2.00868;
0.210821;2.00901;
0.210841;2.00935;
0.210861;2.00968;
0.210881;2.01002;
0.210901;2.01035;
0.210921;2.01069;
0.210941;2.01103;
0.210961;2.01137;
0.210981;2.01171;
0.211001;2.01204;
0.211021;2.01238;
0.211041;2.01272;
0.211061;2.01306;
0.211081;2.01341;
0.211101;2.01375;
0.211121;2.01409;
0.211141;2.01443;
0.211161;2.01477;
0.211181;2.01512;
0.211201;2.01546;
0.211221;2.01581;
0.211241;2.01615;
0.211261;2.0165;
0.211281;2.01684;
0.211301;2.01719;
0.211321;2.01754;
0.211341;2.01789;
0.211361;2.01823;
0.211381;2.01858;
0.211401;2.01893;
0.211421;2.01928;
0.211441;2.01963;
0.211461;2.01998;
0.211481;2.02033;
0.211501;2.02068;
0.211521;2.02104;
0.211541;2.02139;
0.211561;2.02174;
0.211581;2.02209;
0.211601;2.02245;
0.211621;2.0228;
0.211641;2.02316;
0.211661;2.02351;
0.211681;2.02387;
0.211701;2.02423;
0.211721;2.02458;
0.211741;2.02494;
0.211761;2.0253;
0.211781;2.02566;
0.211801;2.02602;
0.211821;2.02638;
0.211841;2.02673;
0.211861;2.0271;
0.211881;2.02746;
0.211901;2.02782;
0.211921;2.02818;
0.211941;2.02854;
0.211961;2.0289;
0.211981;2.02927;
0.212001;2.02963;
0.212021;2.03;
0.212041;2.03036;
0.212061;2.03073;
0.212081;2.03109;
0.212101;2.03146;
0.212121;2.03182;
0.212141;2.03219;
0.212161;2.03256;
0.212181;2.03293;
0.212201;2.0333;
0.212221;2.03367;
0.212241;2.03404;
0.212261;2.03441;
0.212281;2.03478;
0.212301;2.03515;
0.212321;2.03552;
0.212341;2.03589;
0.212361;2.03626;
0.212381;2.03664;
0.212401;2.03701;
0.212421;2.03738;
0.212441;2.03776;
0.212461;2.03813;
0.212481;2.03851;
0.212501;2.03888;
0.212521;2.03926;
0.212541;2.03964;
0.212561;2.04001;
0.212581;2.04039;
0.212601;2.04077;
0.212621;2.04115;
0.212641;2.04153;
0.212661;2.04191;
0.212681;2.04229;
0.212701;2.04267;
0.212721;2.04305;
0.212741;2.04343;
0.212761;2.04381;
0.212781;2.0442;
0.212801;2.04458;
0.212821;2.04496;
0.212841;2.04535;
0.212861;2.04573;
0.212881;2.04612;
0.212901;2.0465;
0.212921;2.04689;
0.212941;2.04727;
0.212961;2.04766;
0.212981;2.04805;
0.213001;2.04844;
0.213021;2.04882;
0.213041;2.04921;
0.213061;2.0496;
0.213081;2.04999;
0.213101;2.05038;
0.213121;2.05077;
0.213135;2.05101;
0.213148;2.05116;
0.213156;2.05124;
0.213162;2.0513;
0.213169;2.05136;
0.213176;2.05142;
0.21319;2.05155;
0.21321;2.05173;
0.21323;2.05192;
0.21325;2.0521;
0.21327;2.05229;
0.21329;2.05248;
0.21331;2.05266;
0.213312;2.05268;
0.213312;2.05268;
0.213312;2.05268;
0.213313;2.05269;
0.213313;2.05269;
0.213313;2.05269;
0.213313;2.05269;
0.213314;2.0527;
0.213314;2.0527;
0.213315;2.05271;
0.213318;2.05274;
0.213323;2.05279;
0.213333;2.05288;
0.213351;2.05305;
0.21337;2.05322;
0.21339;2.05341;
0.21341;2.0536;
0.21343;2.05379;
0.21345;2.05398;
0.21347;2.05418;
0.21349;2.05437;
0.21351;2.05456;
0.21353;2.05475;
0.21355;2.05495;
0.21357;2.05514;
0.21359;2.05534;
0.21361;2.05553;
0.21363;2.05573;
0.21365;2.05593;
0.21367;2.05612;
0.21369;2.05632;
0.21371;2.05652;
0.21373;2.05672;
0.21375;2.05692;
0.21377;2.05712;
0.21379;2.05732;
0.21381;2.05752;
0.21383;2.05772;
0.21385;2.05793;
0.21387;2.05813;
0.21389;2.05833;
0.21391;2.05854;
0.21393;2.05874;
0.21395;2.05895;
0.21397;2.05916;
0.21399;2.05936;
0.21401;2.05957;
0.21403;2.05978;
0.21405;2.05999;
0.21407;2.0602;
0.21409;2.06041;
0.21411;2.06062;
0.21413;2.06083;
0.21415;2.06104;
0.21417;2.06125;
0.21419;2.06146;
0.21421;2.06168;
0.21423;2.06189;
0.21425;2.0621;
0.21427;2.06232;
0.21429;2.06253;
0.21431;2.06275;
0.21433;2.06297;
0.21435;2.06318;
0.21437;2.0634;
0.21439;2.06362;
0.21441;2.06384;
0.21443;2.06406;
0.21445;2.06428;
0.21447;2.0645;
0.21449;2.06472;
0.21451;2.06494;
0.21453;2.06516;
0.21455;2.06539;
0.21457;2.06561;
0.21459;2.06583;
0.21461;2.06606;
0.21463;2.06628;
0.21465;2.06651;
0.21467;2.06674;
0.21469;2.06696;
0.21471;2.06719;
0.21473;2.06742;
0.21475;2.06765;
0.21477;2.06788;
0.21479;2.06811;
0.21481;2.06834;
0.21483;2.06857;
0.21485;2.0688;
0.21487;2.06903;
0.21489;2.06926;
0.21491;2.0695;
0.21493;2.06973;
0.21495;2.06996;
0.21497;2.0702;
0.21499;2.07043;
0.21501;2.07067;
0.21503;2.07091;
0.21505;2.07114;
0.21507;2.07138;
0.21509;2.07162;
0.21511;2.07186;
0.21513;2.0721;
0.21515;2.07234;
0.21517;2.07258;
0.21519;2.07282;
0.21521;2.07306;
0.21523;2.0733;
0.21525;2.07354;
0.21527;2.07379;
0.21529;2.07403;
0.21531;2.07427;
0.21533;2.07452;
0.21535;2.07476;
0.21537;2.07501;
0.21539;2.07526;
0.21541;2.0755;
0.21543;2.07575;
0.21545;2.076;
0.21547;2.07625;
0.21549;2.0765;
0.21551;2.07675;
0.21553;2.077;
0.21555;2.07725;
0.21557;2.0775;
0.21559;2.07775;
0.21561;2.078;
0.21563;2.07826;
0.21565;2.07851;
0.21567;2.07876;
0.21569;2.07902;
0.21571;2.07927;
0.21573;2.07953;
0.21575;2.07979;
0.21577;2.08004;
0.21579;2.0803;
0.21581;2.08056;
0.21583;2.08082;
0.21585;2.08108;
0.21587;2.08133;
0.21589;2.08159;
0.21591;2.08186;
0.21593;2.08212;
0.21595;2.08238;
0.21597;2.08264;
0.21599;2.0829;
0.21601;2.08317;
0.21603;2.08343;
0.21605;2.0837;
0.21607;2.08396;
0.21609;2.08423;
0.21611;2.08449;
0.21613;2.08476;
0.21615;2.08503;
0.21617;2.08529;
0.21619;2.08556;
0.21621;2.08583;
0.21623;2.0861;
0.21625;2.08637;
0.21627;2.08664;
0.21629;2.08691;
0.21631;2.08718;
0.21633;2.08745;
0.21635;2.08773;
0.21637;2.088;
0.21639;2.08827;
0.21641;2.08855;
0.21643;2.08882;
0.21645;2.0891;
0.21647;2.08937;
0.21649;2.08965;
0.21651;2.08993;
0.21653;2.0902;
0.21655;2.09048;
0.21657;2.09076;
0.21659;2.09104;
0.21661;2.09132;
0.21663;2.0916;
0.216646;2.09183;
0.216646;2.09183;
0.216646;2.09183;
0.216647;2.09184;
0.216647;2.09184;
0.216647;2.09184;
0.216647;2.09185;
0.216648;2.09185;
0.216648;2.09186;
0.216649;2.09188;
0.216652;2.09191;
0.216657;2.09199;
0.216667;2.09213;
0.216687;2.09241;
0.216707;2.09269;
0.216727;2.09298;
0.216747;2.09326;
0.216767;2.09354;
0.216787;2.09383;
0.216807;2.09411;
0.216827;2.0944;
0.216847;2.09468;
0.216867;2.09497;
0.216887;2.09526;
0.216907;2.09554;
0.216927;2.09583;
0.216947;2.09612;
0.216967;2.09641;
0.216987;2.0967;
0.217007;2.09699;
0.217027;2.09728;
0.217047;2.09757;
0.217067;2.09786;
0.217087;2.09815;
0.217107;2.09845;
0.217127;2.09874;
0.217147;2.09903;
0.217167;2.09933;
0.217187;2.09962;
0.217207;2.09992;
0.217227;2.10021;
0.217247;2.10051;
0.217267;2.10081;
0.217287;2.1011;
0.217307;2.1014;
0.217327;2.1017;
0.217347;2.102;
0.217367;2.1023;
0.217387;2.1026;
0.217407;2.1029;
0.217427;2.1032;
0.217447;2.1035;
0.217467;2.1038;
0.217487;2.10411;
0.217507;2.10441;
0.217527;2.10471;
0.217547;2.10502;
0.217567;2.10532;
0.217587;2.10563;
0.217607;2.10593;
0.217627;2.10624;
0.217647;2.10654;
0.217667;2.10685;
0.217687;2.10716;
0.217707;2.10747;
0.217727;2.10778;
0.217747;2.10809;
0.217767;2.1084;
0.217787;2.10871;
0.217807;2.10902;
0.217827;2.10933;
0.217847;2.10964;
0.217867;2.10995;
0.217887;2.11026;
0.217907;2.11058;
0.217927;2.11089;
0.217947;2.11121;
0.217967;2.11152;
0.217987;2.11184;
0.218007;2.11215;
0.218027;2.11247;
0.218047;2.11279;
0.218067;2.1131;
0.218087;2.11342;
0.218107;2.11374;
0.218127;2.11406;
0.218147;2.11438;
0.218167;2.1147;
0.218187;2.11502;
0.218207;2.11534;
0.218227;2.11566;
0.218247;2.11598;
0.218267;2.1163;
0.218287;2.11663;
0.218307;2.11695;
0.218327;2.11728;
0.218347;2.1176;
0.218367;2.11792;
0.218387;2.11825;
0.218407;2.11858;
0.218427;2.1189;
0.218447;2.11923;
0.218467;2.11956;
0.218487;2.11989;
0.218507;2.12021;
0.218527;2.12054;
0.218547;2.12087;
0.218567;2.1212;
0.218587;2.12153;
0.218607;2.12186;
0.218627;2.1222;
0.218647;2.12253;
0.218667;2.12286;
0.218687;2.12319;
0.218707;2.12353;
0.218727;2.12386;
0.218747;2.12419;
0.218767;2.12453;
0.218787;2.12486;
0.218807;2.1252;
0.218827;2.12554;
0.218847;2.12587;
0.218867;2.12621;
0.218887;2.12655;
0.218907;2.12689;
0.218927;2.12723;
0.218947;2.12757;
0.218967;2.12791;
0.218987;2.12825;
0.219007;2.12859;
0.219027;2.12893;
0.219047;2.12927;
0.219067;2.12961;
0.219087;2.12996;
0.219107;2.1303;
0.219127;2.13064;
0.219147;2.13099;
0.219167;2.13133;
0.219187;2.13168;
0.219207;2.13202;
0.219227;2.13237;
0.219247;2.13272;
0.219267;2.13306;
0.219287;2.13341;
0.219307;2.13376;
0.219327;2.13411;
0.219347;2.13446;
0.219367;2.13481;
0.219387;2.13516;
0.219407;2.13551;
0.219427;2.13586;
0.219447;2.13621;
0.219467;2.13656;
0.219487;2.13692;
0.219507;2.13727;
0.219527;2.13762;
0.219547;2.13798;
0.219567;2.13833;
0.219587;2.13869;
0.219607;2.13904;
0.219627;2.1394;
0.219647;2.13975;
0.219667;2.14011;
0.219687;2.14047;
0.219707;2.14083;
0.219727;2.14118;
0.219747;2.14154;
0.219767;2.1419;
0.219787;2.14226;
0.219807;2.14261;
0.219821;2.14281;
0.219832;2.14295;
0.219841;2.14305;
0.21985;2.14315;
0.219864;2.1433;
0.219884;2.14351;
0.219904;2.14373;
0.219922;2.14393;
0.219942;2.14415;
0.219962;2.14437;
0.219978;2.14454;
0.219978;2.14454;
0.219978;2.14455;
0.219979;2.14455;
0.219979;2.14455;
0.219979;2.14456;
0.219979;2.14456;
0.21998;2.14456;
0.21998;2.14457;
0.219981;2.14458;
0.219984;2.14461;
0.219989;2.14467;
0.219999;2.14478;
0.220011;2.1449;
0.22002;2.14498;
0.220028;2.14506;
0.220037;2.14514;
0.220049;2.14524;
0.220066;2.1454;
0.220081;2.14553;
0.220096;2.14567;
0.220112;2.14581;
0.220132;2.14599;
0.220152;2.14618;
0.220172;2.14636;
0.220192;2.14654;
0.220212;2.14673;
0.220232;2.14691;
0.220252;2.1471;
0.220272;2.14728;
0.220292;2.14747;
0.220312;2.14765;
0.220332;2.14784;
0.220352;2.14803;
0.220372;2.14822;
0.220392;2.14841;
0.220412;2.1486;
0.220432;2.14879;
0.220452;2.14898;
0.220472;2.14917;
0.220492;2.14936;
0.220512;2.14955;
0.220532;2.14975;
0.220552;2.14994;
0.220572;2.15013;
0.220592;2.15033;
0.220612;2.15053;
0.220632;2.15072;
0.220652;2.15092;
0.220672;2.15111;
0.220692;2.15131;
0.220712;2.15151;
0.220732;2.15171;
0.220752;2.15191;
0.220772;2.15211;
0.220792;2.15231;
0.220812;2.15251;
0.220832;2.15271;
0.220852;2.15292;
0.220872;2.15312;
0.220892;2.15332;
0.220912;2.15353;
0.220932;2.15373;
0.220952;2.15394;
0.220972;2.15414;
0.220992;2.15435;
0.221012;2.15456;
0.221032;2.15476;
0.221052;2.15497;
0.221072;2.15518;
0.221092;2.15539;
0.221112;2.1556;
0.221132;2.15581;
0.221152;2.15602;
0.221172;2.15623;
0.221192;2.15644;
0.221212;2.15666;
0.221232;2.15687;
0.221252;2.15708;
0.221272;2.1573;
0.221292;2.15751;
0.221312;2.15773;
0.221332;2.15794;
0.221352;2.15816;
0.221372;2.15838;
0.221392;2.1586;
0.221412;2.15881;
0.221432;2.15903;
0.221452;2.15925;
0.221472;2.15947;
0.221492;2.15969;
0.221512;2.15991;
0.221532;2.16014;
0.221552;2.16036;
0.221572;2.16058;
0.221592;2.1608;
0.221612;2.16103;
0.221632;2.16125;
0.221652;2.16148;
0.221672;2.1617;
0.221692;2.16193;
0.221712;2.16216;
0.221732;2.16238;
0.221752;2.16261;
0.221772;2.16284;
0.221792;2.16307;
0.221812;2.1633;
0.221832;2.16353;
0.221852;2.16376;
0.221872;2.16399;
0.221892;2.16422;
0.221912;2.16445;
0.221932;2.16469;
0.221952;2.16492;
0.221972;2.16515;
0.221992;2.16539;
0.222012;2.16562;
0.222032;2.16586;
0.222052;2.1661;
0.222072;2.16633;
0.222092;2.16657;
0.222112;2.16681;
0.222132;2.16705;
0.222152;2.16728;
0.222172;2.16752;
0.222192;2.16776;
0.222212;2.168;
0.222232;2.16825;
0.222252;2.16849;
0.222272;2.16873;
0.222292;2.16897;
0.222312;2.16922;
0.222332;2.16946;
0.222352;2.1697;
0.222372;2.16995;
0.222392;2.17019;
0.222412;2.17044;
0.222432;2.17069;
0.222452;2.17093;
0.222472;2.17118;
0.222492;2.17143;
0.222512;2.17168;
0.222532;2.17193;
0.222552;2.17218;
0.222572;2.17243;
0.222592;2.17268;
0.222612;2.17293;
0.222632;2.17318;
0.222652;2.17344;
0.222672;2.17369;
0.222692;2.17394;
0.222712;2.1742;
0.222732;2.17445;
0.222752;2.17471;
0.222772;2.17496;
0.222792;2.17522;
0.222812;2.17548;
0.222832;2.17573;
0.222852;2.17599;
0.222872;2.17625;
0.222892;2.17651;
0.222912;2.17677;
0.222932;2.17703;
0.222952;2.17729;
0.222972;2.17755;
0.222992;2.17781;
0.223012;2.17807;
0.223032;2.17834;
0.223052;2.1786;
0.223072;2.17886;
0.223092;2.17913;
0.223112;2.17939;
0.223132;2.17966;
0.223152;2.17992;
0.223172;2.18019;
0.223192;2.18046;
0.223212;2.18073;
0.223232;2.18099;
0.223252;2.18126;
0.223272;2.18153;
0.223292;2.1818;
0.223312;2.18207;
0.223312;2.18208;
0.223312;2.18208;
0.223312;2.18208;
0.223313;2.18208;
0.223313;2.18209;
0.223313;2.18209;
0.223313;2.18209;
0.223314;2.1821;
0.223314;2.1821;
0.223315;2.18212;
0.223318;2.18216;
0.223323;2.18223;
0.223333;2.18236;
0.223353;2.18264;
0.223373;2.18291;
0.223393;2.18318;
0.223413;2.18345;
0.223433;2.18373;
0.223453;2.184;
0.223473;2.18428;
0.223493;2.18455;
0.223513;2.18483;
0.223533;2.1851;
0.223553;2.18538;
0.223573;2.18566;
0.223593;2.18593;
0.223613;2.18621;
0.223633;2.18649;
0.223653;2.18677;
0.223673;2.18705;
0.223693;2.18733;
0.223713;2.18761;
0.223733;2.18789;
0.223753;2.18817;
0.223773;2.18846;
0.223793;2.18874;
0.223813;2.18902;
0.223833;2.18931;
0.223853;2.18959;
0.223873;2.18988;
0.223893;2.19016;
0.223913;2.19045;
0.223933;2.19073;
0.223953;2.19102;
0.223973;2.19131;
0.223993;2.1916;
0.224013;2.19189;
0.224033;2.19218;
0.224053;2.19246;
0.224073;2.19276;
0.224093;2.19305;
0.224113;2.19334;
0.224133;2.19363;
0.224153;2.19392;
0.224173;2.19421;
0.224193;2.19451;
0.224213;2.1948;
0.224233;2.1951;
0.224253;2.19539;
0.224273;2.19569;
0.224293;2.19598;
0.224313;2.19628;
0.224333;2.19657;
0.224353;2.19687;
0.224373;2.19717;
0.224393;2.19747;
0.224413;2.19777;
0.224433;2.19807;
0.224453;2.19837;
0.224473;2.19867;
0.224493;2.19897;
0.224513;2.19927;
0.224533;2.19957;
0.224553;2.19987;
0.224573;2.20018;
0.224593;2.20048;
0.224613;2.20079;
0.224633;2.20109;
0.224653;2.20139;
0.224673;2.2017;
0.224693;2.20201;
0.224713;2.20231;
0.224733;2.20262;
0.224753;2.20293;
0.224773;2.20324;
0.224793;2.20354;
0.224813;2.20385;
0.224833;2.20416;
0.224853;2.20447;
0.224873;2.20478;
0.224893;2.2051;
0.224913;2.20541;
0.224933;2.20572;
0.224953;2.20603;
0.224973;2.20634;
0.224993;2.20666;
0.225013;2.20697;
0.225033;2.20729;
0.225053;2.2076;
0.225073;2.20792;
0.225093;2.20823;
0.225113;2.20855;
0.225133;2.20887;
0.225153;2.20919;
0.225173;2.2095;
0.225193;2.20982;
0.225213;2.21014;
0.225233;2.21046;
0.225253;2.21078;
0.225273;2.2111;
0.225293;2.21142;
0.225313;2.21175;
0.225333;2.21207;
0.225353;2.21239;
0.225373;2.21271;
0.225393;2.21304;
0.225413;2.21336;
0.225433;2.21369;
0.225453;2.21401;
0.225473;2.21434;
0.225493;2.21466;
0.225513;2.21499;
0.225533;2.21532;
0.225553;2.21564;
0.225573;2.21597;
0.225593;2.2163;
0.225613;2.21663;
0.225633;2.21696;
0.225653;2.21729;
0.225673;2.21762;
0.225693;2.21795;
0.225713;2.21828;
0.225733;2.21861;
0.225753;2.21895;
0.225773;2.21928;
0.225793;2.21961;
0.225813;2.21995;
0.225833;2.22028;
0.225853;2.22062;
0.225873;2.22095;
0.225893;2.22129;
0.225913;2.22162;
0.225933;2.22196;
0.225953;2.2223;
0.225973;2.22264;
0.225993;2.22298;
0.226013;2.22331;
0.226033;2.22365;
0.226053;2.22399;
0.226073;2.22433;
0.226093;2.22467;
0.226113;2.22502;
0.226133;2.22536;
0.226153;2.2257;
0.226173;2.22604;
0.226193;2.22639;
0.226213;2.22673;
0.226233;2.22707;
0.226253;2.22742;
0.226273;2.22776;
0.226293;2.22811;
0.226313;2.22845;
0.226333;2.2288;
0.226353;2.22915;
0.226373;2.2295;
0.226393;2.22984;
0.226413;2.23019;
0.226433;2.23054;
0.226453;2.23089;
0.22647;2.23115;
0.226484;2.23134;
0.226497;2.23148;
0.226509;2.23162;
0.226521;2.23175;
0.226541;2.23198;
0.226561;2.23221;
0.226581;2.23243;
0.226601;2.23266;
0.226614;2.23278;
0.226628;2.23285;
0.226638;2.23288;
0.226644;2.23289;
0.226644;2.23289;
0.226644;2.2329;
0.226645;2.2329;
0.226645;2.2329;
0.226645;2.2329;
0.226645;2.2329;
0.226646;2.2329;
0.226646;2.2329;
0.226647;2.2329;
0.22665;2.23291;
0.226655;2.23292;
0.226665;2.23295;
0.226685;2.23301;
0.226705;2.23306;
0.226725;2.23312;
0.226745;2.23317;
0.226765;2.23323;
0.226785;2.23329;
0.226805;2.23335;
0.226825;2.23341;
0.226845;2.23347;
0.226865;2.23353;
0.226885;2.23359;
0.226905;2.23365;
0.226925;2.23371;
0.226945;2.23378;
0.226965;2.23384;
0.226985;2.23391;
0.227005;2.23397;
0.227025;2.23404;
0.227045;2.2341;
0.227065;2.23417;
0.227085;2.23424;
0.227105;2.23431;
0.227125;2.23438;
0.227145;2.23445;
0.227165;2.23452;
0.227185;2.23459;
0.227205;2.23466;
0.227225;2.23473;
0.227245;2.2348;
0.227265;2.23488;
0.227285;2.23495;
0.227305;2.23503;
0.227325;2.2351;
0.227345;2.23518;
0.227365;2.23525;
0.227385;2.23533;
0.227405;2.23541;
0.227425;2.23549;
0.227445;2.23557;
0.227465;2.23565;
0.227485;2.23573;
0.227505;2.23581;
0.227525;2.23589;
0.227545;2.23597;
0.227565;2.23606;
0.227585;2.23614;
0.227605;2.23623;
0.227625;2.23631;
0.227645;2.2364;
0.227665;2.23648;
0.227685;2.23657;
0.227705;2.23666;
0.227725;2.23675;
0.227745;2.23684;
0.227765;2.23693;
0.227785;2.23702;
0.227805;2.23711;
0.227825;2.2372;
0.227845;2.23729;
0.227865;2.23738;
0.227885;2.23748;
0.227905;2.23757;
0.227925;2.23766;
0.227945;2.23776;
0.227965;2.23786;
0.227985;2.23795;
0.228005;2.23805;
0.228025;2.23815;
0.228045;2.23825;
0.228065;2.23834;
0.228085;2.23844;
0.228105;2.23854;
0.228125;2.23865;
0.228145;2.23875;
0.228165;2.23885;
0.228185;2.23895;
0.228205;2.23906;
0.228225;2.23916;
0.228245;2.23926;
0.228265;2.23937;
0.228285;2.23948;
0.228305;2.23958;
0.228325;2.23969;
0.228345;2.2398;
0.228365;2.2399;
0.228385;2.24001;
0.228405;2.24012;
0.228425;2.24023;
0.228445;2.24034;
0.228465;2.24046;
0.228485;2.24057;
0.228505;2.24068;
0.228525;2.24079;
0.228545;2.24091;
0.228565;2.24102;
0.228585;2.24114;
0.228605;2.24125;
0.228625;2.24137;
0.228645;2.24149;
0.228665;2.24161;
0.228685;2.24172;
0.228705;2.24184;
0.228725;2.24196;
0.228745;2.24208;
0.228765;2.2422;
0.228785;2.24232;
0.228805;2.24245;
0.228825;2.24257;
0.228845;2.24269;
0.228865;2.24282;
0.228885;2.24294;
0.228905;2.24307;
0.228925;2.24319;
0.228945;2.24332;
0.228965;2.24345;
0.228985;2.24357;
0.229005;2.2437;
0.229025;2.24383;
0.229045;2.24396;
0.229065;2.24409;
0.229085;2.24422;
0.229105;2.24435;
0.229125;2.24448;
0.229145;2.24462;
0.229165;2.24475;
0.229185;2.24488;
0.229205;2.24502;
0.229225;2.24515;
0.229245;2.24529;
0.229265;2.24542;
0.229285;2.24556;
0.229305;2.2457;
0.229325;2.24583;
0.229345;2.24597;
0.229365;2.24611;
0.229385;2.24625;
0.229405;2.24639;
0.229425;2.24653;
0.229445;2.24667;
0.229465;2.24682;
0.229485;2.24696;
0.229505;2.2471;
0.229525;2.24725;
0.229545;2.24739;
0.229565;2.24754;
0.229585;2.24768;
0.229605;2.24783;
0.229625;2.24797;
0.229645;2.24812;
0.229665;2.24827;
0.229685;2.24842;
0.229705;2.24857;
0.229725;2.24872;
0.229745;2.24887;
0.229765;2.24902;
0.229785;2.24917;
0.229805;2.24932;
0.229825;2.24948;
0.229845;2.24963;
0.229865;2.24978;
0.229885;2.24994;
0.229905;2.25009;
0.229925;2.25025;
0.229945;2.25041;
0.229965;2.25056;
0.229978;2.25066;
0.229978;2.25066;
0.229978;2.25066;
0.229979;2.25067;
0.229979;2.25067;
0.229979;2.25067;
0.229979;2.25067;
0.22998;2.25067;
0.22998;2.25068;
0.229981;2.25069;
0.229984;2.25071;
0.229989;2.25075;
0.229999;2.25083;
0.230019;2.25099;
0.230039;2.25115;
0.230059;2.25131;
0.230079;2.25147;
0.230099;2.25163;
0.230119;2.25179;
0.230139;2.25195;
0.230159;2.25212;
0.230179;2.25228;
0.230199;2.25244;
0.230219;2.25261;
0.230239;2.25277;
0.230259;2.25294;
0.230279;2.25311;
0.230299;2.25327;
0.230319;2.25344;
0.230339;2.25361;
0.230359;2.25378;
0.230379;2.25395;
0.230399;2.25412;
0.230419;2.25429;
0.230439;2.25446;
0.230459;2.25463;
0.230479;2.2548;
0.230499;2.25497;
0.230519;2.25515;
0.230539;2.25532;
0.230559;2.2555;
0.230579;2.25567;
0.230599;2.25585;
0.230619;2.25602;
0.230639;2.2562;
0.230659;2.25638;
0.230679;2.25656;
0.230699;2.25673;
0.230719;2.25691;
0.230739;2.25709;
0.230759;2.25727;
0.230779;2.25745;
0.230799;2.25764;
0.230819;2.25782;
0.230839;2.258;
0.230859;2.25818;
0.230879;2.25837;
0.230899;2.25855;
0.230919;2.25874;
0.230939;2.25892;
0.230959;2.25911;
0.230979;2.25929;
0.230999;2.25948;
0.231019;2.25967;
0.231039;2.25986;
0.231059;2.26005;
0.231079;2.26024;
0.231099;2.26043;
0.231119;2.26062;
0.231139;2.26081;
0.231159;2.261;
0.231179;2.26119;
0.231199;2.26138;
0.231219;2.26158;
0.231239;2.26177;
0.231259;2.26197;
0.231279;2.26216;
0.231299;2.26236;
0.231319;2.26255;
0.231339;2.26275;
0.231359;2.26295;
0.231379;2.26315;
0.231399;2.26335;
0.231419;2.26354;
0.231439;2.26374;
0.231459;2.26394;
0.231479;2.26415;
0.231499;2.26435;
0.231519;2.26455;
0.231539;2.26475;
0.231559;2.26495;
0.231579;2.26516;
0.231599;2.26536;
0.231619;2.26557;
0.231639;2.26577;
0.231659;2.26598;
0.231679;2.26618;
0.231699;2.26639;
0.231719;2.2666;
0.231739;2.26681;
0.231759;2.26702;
0.231779;2.26723;
0.231799;2.26744;
0.231819;2.26765;
0.231839;2.26786;
0.231859;2.26807;
0.231879;2.26828;
0.231899;2.26849;
0.231919;2.26871;
0.231939;2.26892;
0.231959;2.26913;
0.231979;2.26935;
0.231999;2.26957;
0.232019;2.26978;
0.232039;2.27;
0.232059;2.27021;
0.232079;2.27043;
0.232099;2.27065;
0.232119;2.27087;
0.232139;2.27109;
0.232159;2.27131;
0.232179;2.27153;
0.232199;2.27175;
0.232219;2.27197;
0.232239;2.27219;
0.232259;2.27242;
0.232279;2.27264;
0.232299;2.27286;
0.232319;2.27309;
0.232339;2.27331;
0.232359;2.27354;
0.232379;2.27376;
0.232399;2.27399;
0.232419;2.27422;
0.232439;2.27445;
0.232459;2.27467;
0.232479;2.2749;
0.232499;2.27513;
0.232519;2.27536;
0.232539;2.27559;
0.232559;2.27582;
0.232579;2.27605;
0.232599;2.27629;
0.232619;2.27652;
0.232639;2.27675;
0.232659;2.27699;
0.232679;2.27722;
0.232699;2.27745;
0.232719;2.27769;
0.232739;2.27793;
0.232759;2.27816;
0.232779;2.2784;
0.232799;2.27864;
0.232819;2.27887;
0.232839;2.27911;
0.232859;2.27935;
0.232879;2.27959;
0.232899;2.27983;
0.232919;2.28007;
0.232939;2.28031;
0.232959;2.28055;
0.232979;2.2808;
0.232999;2.28104;
0.233019;2.28128;
0.233039;2.28153;
0.233059;2.28177;
0.233079;2.28202;
0.233099;2.28226;
0.233119;2.28251;
0.233139;2.28275;
0.233159;2.283;
0.233179;2.28325;
0.233199;2.2835;
0.233219;2.28375;
0.233239;2.28398;
0.233253;2.28411;
0.233265;2.28419;
0.233273;2.28423;
0.233283;2.28428;
0.233297;2.28435;
0.23331;2.28441;
0.23331;2.28441;
0.23331;2.28441;
0.233311;2.28441;
0.233311;2.28441;
0.233311;2.28441;
0.233311;2.28441;
0.233312;2.28442;
0.233312;2.28442;
0.233313;2.28442;
0.233316;2.28444;
0.233321;2.28446;
0.233331;2.28451;
0.233351;2.28461;
0.233371;2.28471;
0.233391;2.28481;
0.233411;2.28491;
0.233431;2.28501;
0.233451;2.28511;
0.233471;2.28521;
0.233491;2.28532;
0.233511;2.28542;
0.233531;2.28552;
0.233551;2.28563;
0.233571;2.28573;
0.233591;2.28584;
0.233611;2.28595;
0.233631;2.28605;
0.233651;2.28616;
0.233671;2.28627;
0.233691;2.28638;
0.233711;2.28649;
0.233731;2.2866;
0.233751;2.28671;
0.233771;2.28682;
0.233791;2.28693;
0.233811;2.28704;
0.233831;2.28716;
0.233851;2.28727;
0.233871;2.28738;
0.233891;2.2875;
0.233911;2.28761;
0.233931;2.28773;
0.233951;2.28785;
0.233971;2.28797;
0.233991;2.28808;
0.234011;2.2882;
0.234031;2.28832;
0.234051;2.28844;
0.234071;2.28856;
0.234091;2.28868;
0.234111;2.2888;
0.234131;2.28893;
0.234151;2.28905;
0.234171;2.28917;
0.234191;2.2893;
0.234211;2.28942;
0.234231;2.28955;
0.234251;2.28967;
0.234271;2.2898;
0.234291;2.28993;
0.234311;2.29006;
0.234331;2.29018;
0.234351;2.29031;
0.234371;2.29044;
0.234391;2.29057;
0.234411;2.2907;
0.234431;2.29084;
0.234451;2.29097;
0.234471;2.2911;
0.234491;2.29123;
0.234511;2.29137;
0.234531;2.2915;
0.234551;2.29164;
0.234571;2.29177;
0.234591;2.29191;
0.234611;2.29205;
0.234631;2.29218;
0.234651;2.29232;
0.234671;2.29246;
0.234691;2.2926;
0.234711;2.29274;
0.234731;2.29288;
0.234751;2.29302;
0.234771;2.29316;
0.234791;2.29331;
0.234811;2.29345;
0.234831;2.29359;
0.234851;2.29374;
0.234871;2.29388;
0.234891;2.29403;
0.234911;2.29417;
0.234931;2.29432;
0.234951;2.29447;
0.234971;2.29461;
0.234991;2.29476;
0.235011;2.29491;
0.235031;2.29506;
0.235051;2.29521;
0.235071;2.29536;
0.235091;2.29551;
0.235111;2.29566;
0.235131;2.29582;
0.235151;2.29597;
0.235171;2.29612;
0.235191;2.29628;
0.235211;2.29643;
0.235231;2.29659;
0.235251;2.29674;
0.235271;2.2969;
0.235291;2.29706;
0.235311;2.29721;
0.235331;2.29737;
0.235351;2.29753;
0.235371;2.29769;
0.235391;2.29785;
0.235411;2.29801;
0.235431;2.29817;
0.235451;2.29834;
0.235471;2.2985;
0.235491;2.29866;
0.235511;2.29882;
0.235531;2.29899;
0.235551;2.29915;
0.235571;2.29932;
0.235591;2.29948;
0.235611;2.29965;
0.235631;2.29982;
0.235651;2.29999;
0.235671;2.30015;
0.235691;2.30032;
0.235711;2.30049;
0.235731;2.30066;
0.235751;2.30083;
0.235771;2.301;
0.235791;2.30118;
0.235811;2.30135;
0.235831;2.30152;
0.235851;2.3017;
0.235871;2.30187;
0.235891;2.30204;
0.235911;2.30222;
0.235931;2.30239;
0.235951;2.30257;
0.235971;2.30275;
0.235991;2.30293;
0.236011;2.3031;
0.236031;2.30328;
0.236051;2.30346;
0.236071;2.30364;
0.236091;2.30382;
0.236111;2.304;
0.236131;2.30418;
0.236151;2.30437;
0.236171;2.30455;
0.236191;2.30473;
0.236211;2.30492;
0.236231;2.3051;
0.236251;2.30529;
0.236271;2.30547;
0.236291;2.30566;
0.236311;2.30584;
0.236331;2.30603;
0.236351;2.30622;
0.236371;2.30641;
0.236391;2.3066;
0.236411;2.30679;
0.236431;2.30698;
0.236451;2.30717;
0.236471;2.30736;
0.236491;2.30755;
0.236511;2.30774;
0.236531;2.30794;
0.236551;2.30813;
0.236571;2.30832;
0.236591;2.30852;
0.236611;2.30871;
0.236631;2.30891;
0.236644;2.30903;
0.236644;2.30903;
0.236644;2.30904;
0.236645;2.30904;
0.236645;2.30904;
0.236645;2.30904;
0.236645;2.30905;
0.236646;2.30905;
0.236646;2.30905;
0.236647;2.30907;
0.23665;2.30909;
0.236655;2.30914;
0.236665;2.30924;
0.236685;2.30944;
0.236705;2.30964;
0.236725;2.30984;
0.236745;2.31004;
0.236765;2.31024;
0.236785;2.31044;
0.236805;2.31064;
0.236825;2.31084;
0.236845;2.31104;
0.236865;2.31124;
0.236885;2.31145;
0.236905;2.31165;
0.236925;2.31185;
0.236945;2.31206;
0.236965;2.31226;
0.236985;2.31247;
0.237005;2.31268;
0.237025;2.31288;
0.237045;2.31309;
0.237065;2.3133;
0.237085;2.31351;
0.237105;2.31371;
0.237125;2.31392;
0.237145;2.31413;
0.237165;2.31435;
0.237185;2.31456;
0.237205;2.31477;
0.237225;2.31498;
0.237245;2.31519;
0.237265;2.31541;
0.237285;2.31562;
0.237305;2.31584;
0.237325;2.31605;
0.237345;2.31627;
0.237365;2.31648;
0.237385;2.3167;
0.237405;2.31692;
0.237425;2.31714;
0.237445;2.31735;
0.237465;2.31757;
0.237485;2.31779;
0.237505;2.31801;
0.237525;2.31823;
0.237545;2.31846;
0.237565;2.31868;
0.237585;2.3189;
0.237605;2.31912;
0.237625;2.31935;
0.237645;2.31957;
0.237665;2.31979;
0.237685;2.32002;
0.237705;2.32025;
0.237725;2.32047;
0.237745;2.3207;
0.237765;2.32093;
0.237785;2.32115;
0.237805;2.32138;
0.237825;2.32161;
0.237845;2.32184;
0.237865;2.32207;
0.237885;2.3223;
0.237905;2.32253;
0.237925;2.32276;
0.237945;2.323;
0.237965;2.32323;
0.237985;2.32346;
0.238005;2.3237;
0.238025;2.32393;
0.238045;2.32416;
0.238065;2.3244;
0.238085;2.32464;
0.238105;2.32487;
0.238125;2.32511;
0.238145;2.32535;
0.238165;2.32558;
0.238185;2.32582;
0.238205;2.32606;
0.238225;2.3263;
0.238245;2.32654;
0.238265;2.32678;
0.238285;2.32702;
0.238305;2.32727;
0.238325;2.32751;
0.238345;2.32775;
0.238365;2.328;
0.238385;2.32824;
0.238405;2.32848;
0.238425;2.32873;
0.238445;2.32897;
0.238465;2.32922;
0.238485;2.32947;
0.238505;2.32971;
0.238525;2.32996;
0.238545;2.33021;
0.238565;2.33046;
0.238585;2.33071;
0.238605;2.33096;
0.238625;2.33121;
0.238645;2.33146;
0.238665;2.33171;
0.238685;2.33196;
0.238705;2.33222;
0.238725;2.33247;
0.238745;2.33272;
0.238765;2.33298;
0.238785;2.33323;
0.238805;2.33349;
0.238825;2.33374;
0.238845;2.334;
0.238865;2.33426;
0.238885;2.33451;
0.238905;2.33477;
0.238925;2.33503;
0.238945;2.33529;
0.238965;2.33555;
0.238985;2.33581;
0.239005;2.33607;
0.239025;2.33633;
0.239045;2.33659;
0.239065;2.33685;
0.239085;2.33711;
0.239105;2.33738;
0.239125;2.33764;
0.239145;2.3379;
0.239165;2.33817;
0.239185;2.33843;
0.239205;2.3387;
0.239225;2.33897;
0.239245;2.33923;
0.239265;2.3395;
0.239285;2.33977;
0.239305;2.34004;
0.239325;2.3403;
0.239345;2.34057;
0.239365;2.34084;
0.239385;2.34111;
0.239405;2.34138;
0.239425;2.34166;
0.239445;2.34193;
0.239465;2.3422;
0.239485;2.34247;
0.239505;2.34275;
0.239525;2.34302;
0.239545;2.3433;
0.239565;2.34357;
0.239585;2.34385;
0.239605;2.34412;
0.239625;2.3444;
0.239645;2.34468;
0.239665;2.34495;
0.239685;2.34523;
0.239705;2.34551;
0.239725;2.34579;
0.239745;2.34607;
0.239765;2.34635;
0.239785;2.34663;
0.239805;2.34691;
0.239825;2.34719;
0.239845;2.34747;
0.239859;2.34763;
0.239872;2.34772;
0.23988;2.34775;
0.239887;2.34778;
0.239894;2.34781;
0.239902;2.34784;
0.239918;2.3479;
0.239938;2.34798;
0.239958;2.34806;
0.239976;2.34813;
0.239976;2.34813;
0.239976;2.34813;
0.239977;2.34814;
0.239977;2.34814;
0.239977;2.34814;
0.239977;2.34814;
0.239978;2.34814;
0.239978;2.34814;
0.239979;2.34815;
0.239982;2.34816;
0.239987;2.34818;
0.239997;2.34822;
0.240017;2.3483;
0.240037;2.34839;
0.240057;2.34847;
0.240077;2.34855;
0.240097;2.34864;
0.240117;2.34872;
0.240137;2.34881;
0.240157;2.34889;
0.240177;2.34898;
0.240197;2.34907;
0.240217;2.34916;
0.240237;2.34925;
0.240257;2.34934;
0.240277;2.34943;
0.240297;2.34952;
0.240317;2.34961;
0.240337;2.3497;
0.240357;2.34979;
0.240377;2.34989;
0.240397;2.34998;
0.240417;2.35008;
0.240437;2.35017;
0.240457;2.35027;
0.240477;2.35036;
0.240497;2.35046;
0.240517;2.35056;
0.240537;2.35066;
0.240557;2.35075;
0.240577;2.35085;
0.240597;2.35095;
0.240617;2.35105;
0.240637;2.35116;
0.240657;2.35126;
0.240677;2.35136;
0.240697;2.35146;
0.240717;2.35157;
0.240737;2.35167;
0.240757;2.35178;
0.240777;2.35188;
0.240797;2.35199;
0.240817;2.3521;
0.240837;2.3522;
0.240857;2.35231;
0.240877;2.35242;
0.240897;2.35253;
0.240917;2.35264;
0.240937;2.35275;
0.240957;2.35286;
0.240977;2.35297;
0.240997;2.35309;
0.241017;2.3532;
0.241037;2.35331;
0.241057;2.35343;
0.241077;2.35354;
0.241097;2.35366;
0.241117;2.35377;
0.241137;2.35389;
0.241157;2.35401;
0.241177;2.35413;
0.241197;2.35424;
0.241217;2.35436;
0.241237;2.35448;
0.241257;2.3546;
0.241277;2.35472;
0.241297;2.35485;
0.241317;2.35497;
0.241337;2.35509;
0.241357;2.35521;
0.241377;2.35534;
0.241397;2.35546;
0.241417;2.35559;
0.241437;2.35571;
0.241457;2.35584;
0.241477;2.35597;
0.241497;2.3561;
0.241517;2.35622;
0.241537;2.35635;
0.241557;2.35648;
0.241577;2.35661;
0.241597;2.35674;
0.241617;2.35687;
0.241637;2.35701;
0.241657;2.35714;
0.241677;2.35727;
0.241697;2.3574;
0.241717;2.35754;
0.241737;2.35767;
0.241757;2.35781;
0.241777;2.35795;
0.241797;2.35808;
0.241817;2.35822;
0.241837;2.35836;
0.241857;2.3585;
0.241877;2.35863;
0.241897;2.35877;
0.241917;2.35891;
0.241937;2.35905;
0.241957;2.3592;
0.241977;2.35934;
0.241997;2.35948;
0.242017;2.35962;
0.242037;2.35977;
0.242057;2.35991;
0.242077;2.36006;
0.242097;2.3602;
0.242117;2.36035;
0.242137;2.3605;
0.242157;2.36064;
0.242177;2.36079;
0.242197;2.36094;
0.242217;2.36109;
0.242237;2.36124;
0.242257;2.36139;
0.242277;2.36154;
0.242297;2.36169;
0.242317;2.36184;
0.242337;2.36199;
0.242357;2.36215;
0.242377;2.3623;
0.242397;2.36246;
0.242417;2.36261;
0.242437;2.36277;
0.242457;2.36292;
0.242477;2.36308;
0.242497;2.36324;
0.242517;2.36339;
0.242537;2.36355;
0.242557;2.36371;
0.242577;2.36387;
0.242597;2.36403;
0.242617;2.36419;
0.242637;2.36435;
0.242657;2.36452;
0.242677;2.36468;
0.242697;2.36484;
0.242717;2.365;
0.242737;2.36517;
0.242757;2.36533;
0.242777;2.3655;
0.242797;2.36566;
0.242817;2.36583;
0.242837;2.366;
0.242857;2.36617;
0.242877;2.36633;
0.242897;2.3665;
0.242917;2.36667;
0.242937;2.36684;
0.242957;2.36701;
0.242977;2.36718;
0.242997;2.36736;
0.243017;2.36753;
0.243037;2.3677;
0.243057;2.36787;
0.243077;2.36805;
0.243097;2.36822;
0.243117;2.3684;
0.243137;2.36857;
0.243157;2.36875;
0.243177;2.36893;
0.243197;2.36911;
0.243217;2.36928;
0.243237;2.36946;
0.243257;2.36964;
0.243277;2.36982;
0.243297;2.37;
0.24331;2.37012;
0.24331;2.37012;
0.24331;2.37012;
0.243311;2.37012;
0.243311;2.37012;
0.243311;2.37012;
0.243311;2.37013;
0.243312;2.37013;
0.243312;2.37013;
0.243313;2.37015;
0.243316;2.37017;
0.243321;2.37022;
0.243331;2.37031;
0.243351;2.37049;
0.243371;2.37067;
0.243391;2.37086;
0.243411;2.37104;
0.243431;2.37122;
0.243451;2.37141;
0.243471;2.37159;
0.243491;2.37178;
0.243511;2.37197;
0.243531;2.37215;
0.243551;2.37234;
0.243571;2.37253;
0.243591;2.37272;
0.243611;2.37291;
0.243631;2.3731;
0.243651;2.37329;
0.243671;2.37348;
0.243691;2.37367;
0.243711;2.37386;
0.243731;2.37405;
0.243751;2.37425;
0.243771;2.37444;
0.243791;2.37463;
0.243811;2.37483;
0.243831;2.37502;
0.243851;2.37522;
0.243871;2.37542;
0.243891;2.37561;
0.243911;2.37581;
0.243931;2.37601;
0.243951;2.37621;
0.243971;2.37641;
0.243991;2.37661;
0.244011;2.37681;
0.244031;2.37701;
0.244051;2.37721;
0.244071;2.37741;
0.244091;2.37762;
0.244111;2.37782;
0.244131;2.37802;
0.244151;2.37823;
0.244171;2.37843;
0.244191;2.37864;
0.244211;2.37884;
0.244231;2.37905;
0.244251;2.37926;
0.244271;2.37946;
0.244291;2.37967;
0.244311;2.37988;
0.244331;2.38009;
0.244351;2.3803;
0.244371;2.38051;
0.244391;2.38072;
0.244411;2.38093;
0.244431;2.38115;
0.244451;2.38136;
0.244471;2.38157;
0.244491;2.38178;
0.244511;2.382;
0.244531;2.38221;
0.244551;2.38243;
0.244571;2.38265;
0.244591;2.38286;
0.244611;2.38308;
0.244631;2.3833;
0.244651;2.38351;
0.244671;2.38373;
0.244691;2.38395;
0.244711;2.38417;
0.244731;2.38439;
0.244751;2.38461;
0.244771;2.38483;
0.244791;2.38506;
0.244811;2.38528;
0.244831;2.3855;
0.244851;2.38572;
0.244871;2.38595;
0.244891;2.38617;
0.244911;2.3864;
0.244931;2.38662;
0.244951;2.38685;
0.244971;2.38708;
0.244991;2.3873;
0.245011;2.38753;
0.245031;2.38776;
0.245051;2.38799;
0.245071;2.38822;
0.245091;2.38845;
0.245111;2.38868;
0.245131;2.38891;
0.245151;2.38914;
0.245171;2.38937;
0.245191;2.38961;
0.245211;2.38984;
0.245231;2.39007;
0.245251;2.39031;
0.245271;2.39054;
0.245291;2.39078;
0.245311;2.39101;
0.245331;2.39125;
0.245351;2.39149;
0.245371;2.39172;
0.245391;2.39196;
0.245411;2.3922;
0.245431;2.39244;
0.245451;2.39268;
0.245471;2.39292;
0.245491;2.39316;
0.245511;2.3934;
0.245531;2.39364;
0.245551;2.39389;
0.245571;2.39413;
0.245591;2.39437;
0.245611;2.39462;
0.245631;2.39486;
0.245651;2.39511;
0.245671;2.39535;
0.245691;2.3956;
0.245711;2.39584;
0.245731;2.39609;
0.245751;2.39634;
0.245771;2.39659;
0.245791;2.39683;
0.245811;2.39708;
0.245831;2.39733;
0.245851;2.39758;
0.245871;2.39783;
0.245891;2.39809;
0.245911;2.39834;
0.245931;2.39859;
0.245951;2.39884;
0.245971;2.3991;
0.245991;2.39935;
0.246011;2.3996;
0.246031;2.39986;
0.246051;2.40011;
0.246071;2.40037;
0.246091;2.40063;
0.246111;2.40088;
0.246131;2.40114;
0.246151;2.4014;
0.246171;2.40166;
0.246191;2.40192;
0.246211;2.40218;
0.246231;2.40244;
0.246251;2.4027;
0.246271;2.40296;
0.246291;2.40322;
0.246311;2.40348;
0.246331;2.40374;
0.246351;2.40401;
0.246371;2.40427;
0.246391;2.40454;
0.246411;2.4048;
0.246431;2.40507;
0.246451;2.40533;
0.246471;2.4056;
0.246491;2.40586;
0.246511;2.40613;
0.246526;2.4063;
0.246541;2.40641;
0.246552;2.40647;
0.246563;2.40652;
0.246574;2.40658;
0.246585;2.40663;
0.246599;2.4067;
0.246619;2.40681;
0.246639;2.40691;
0.246642;2.40692;
0.246642;2.40692;
0.246642;2.40692;
0.246643;2.40693;
0.246643;2.40693;
0.246643;2.40693;
0.246643;2.40693;
0.246644;2.40693;
0.246644;2.40693;
0.246645;2.40694;
0.246648;2.40695;
0.246653;2.40698;
0.246663;2.40703;
0.246683;2.40714;
0.246703;2.40724;
0.246723;2.40735;
0.246743;2.40745;
0.246763;2.40756;
0.246783;2.40766;
0.246803;2.40777;
0.246823;2.40788;
0.246843;2.40799;
0.246863;2.4081;
0.246883;2.40821;
0.246903;2.40832;
0.246923;2.40843;
0.246943;2.40854;
0.246963;2.40865;
0.246983;2.40876;
0.247003;2.40888;
0.247023;2.40899;
0.247043;2.4091;
0.247063;2.40922;
0.247083;2.40934;
0.247103;2.40945;
0.247123;2.40957;
0.247143;2.40969;
0.247163;2.4098;
0.247183;2.40992;
0.247203;2.41004;
0.247223;2.41016;
0.247243;2.41028;
0.247263;2.4104;
0.247283;2.41053;
0.247303;2.41065;
0.247323;2.41077;
0.247343;2.41089;
0.247363;2.41102;
0.247383;2.41114;
0.247403;2.41127;
0.247423;2.41139;
0.247443;2.41152;
0.247463;2.41165;
0.247483;2.41178;
0.247503;2.4119;
0.247523;2.41203;
0.247543;2.41216;
0.247563;2.41229;
0.247583;2.41242;
0.247603;2.41255;
0.247623;2.41269;
0.247643;2.41282;
0.247663;2.41295;
0.247683;2.41309;
0.247703;2.41322;
0.247723;2.41336;
0.247743;2.41349;
0.247763;2.41363;
0.247783;2.41376;
0.247803;2.4139;
0.247823;2.41404;
0.247843;2.41418;
0.247863;2.41432;
0.247883;2.41446;
0.247903;2.4146;
0.247923;2.41474;
0.247943;2.41488;
0.247963;2.41502;
0.247983;2.41516;
0.248003;2.41531;
0.248023;2.41545;
0.248043;2.41559;
0.248063;2.41574;
0.248083;2.41588;
0.248103;2.41603;
0.248123;2.41618;
0.248143;2.41632;
0.248163;2.41647;
0.248183;2.41662;
0.248203;2.41677;
0.248223;2.41692;
0.248243;2.41707;
0.248263;2.41722;
0.248283;2.41737;
0.248303;2.41752;
0.248323;2.41768;
0.248343;2.41783;
0.248363;2.41798;
0.248383;2.41814;
0.248403;2.41829;
0.248423;2.41845;
0.248443;2.4186;
0.248463;2.41876;
0.248483;2.41892;
0.248503;2.41907;
0.248523;2.41923;
0.248543;2.41939;
0.248563;2.41955;
0.248583;2.41971;
0.248603;2.41987;
0.248623;2.42003;
0.248643;2.42019;
0.248663;2.42036;
0.248683;2.42052;
0.248703;2.42068;
0.248723;2.42085;
0.248743;2.42101;
0.248763;2.42118;
0.248783;2.42134;
0.248803;2.42151;
0.248823;2.42168;
0.248843;2.42184;
0.248863;2.42201;
0.248883;2.42218;
0.248903;2.42235;
0.248923;2.42252;
0.248943;2.42269;
0.248963;2.42286;
0.248983;2.42303;
0.249003;2.4232;
0.249023;2.42338;
0.249043;2.42355;
0.249063;2.42372;
0.249083;2.4239;
0.249103;2.42407;
0.249123;2.42425;
0.249143;2.42443;
0.249163;2.4246;
0.249183;2.42478;
0.249203;2.42496;
0.249223;2.42514;
0.249243;2.42531;
0.249263;2.42549;
0.249283;2.42567;
0.249303;2.42585;
0.249323;2.42604;
0.249343;2.42622;
0.249363;2.4264;
0.249383;2.42658;
0.249403;2.42677;
0.249423;2.42695;
0.249443;2.42713;
0.249463;2.42732;
0.249483;2.42751;
0.249503;2.42769;
0.249523;2.42788;
0.249543;2.42807;
0.249563;2.42825;
0.249583;2.42844;
0.249603;2.42863;
0.249623;2.42882;
0.249643;2.42901;
0.249663;2.4292;
0.249683;2.42939;
0.249703;2.42958;
0.249723;2.42978;
0.249743;2.42997;
0.249763;2.43016;
0.249783;2.43036;
0.249803;2.43055;
0.249823;2.43075;
0.249843;2.43094;
0.249863;2.43114;
0.249883;2.43134;
0.249903;2.43153;
0.249923;2.43173;
0.249943;2.43193;
0.249963;2.43213;
0.249976;2.43225;
0.249976;2.43226;
0.249976;2.43226;
0.249977;2.43226;
0.249977;2.43226;
0.249977;2.43227;
0.249977;2.43227;
0.249978;2.43227;
0.249978;2.43228;
0.249979;2.43229;
0.249982;2.43231;
0.249987;2.43237;
0.249997;2.43247;
0.250017;2.43267;
0.250037;2.43287;
0.250057;2.43307;
0.250077;2.43327;
0.250097;2.43348;
0.250117;2.43368;
0.250137;2.43388;
0.250157;2.43409;
0.250177;2.43429;
0.250197;2.4345;
0.250217;2.4347;
0.250237;2.43491;
0.250257;2.43512;
0.250277;2.43533;
0.250297;2.43553;
0.250317;2.43574;
0.250337;2.43595;
0.250357;2.43616;
0.250377;2.43637;
0.250397;2.43658;
0.250417;2.4368;
0.250437;2.43701;
0.250457;2.43722;
0.250477;2.43743;
0.250497;2.43765;
0.250517;2.43786;
0.250537;2.43808;
0.250557;2.43829;
0.250577;2.43851;
0.250597;2.43872;
0.250617;2.43894;
0.250637;2.43916;
0.250657;2.43938;
0.250677;2.43959;
0.250697;2.43981;
0.250717;2.44003;
0.250737;2.44025;
0.250757;2.44047;
0.250777;2.4407;
0.250797;2.44092;
0.250817;2.44114;
0.250837;2.44136;
0.250857;2.44159;
0.250877;2.44181;
0.250897;2.44203;
0.250917;2.44226;
0.250937;2.44249;
0.250957;2.44271;
0.250977;2.44294;
0.250997;2.44317;
0.251017;2.44339;
0.251037;2.44362;
0.251057;2.44385;
0.251077;2.44408;
0.251097;2.44431;
0.251117;2.44454;
0.251137;2.44477;
0.251157;2.445;
0.251177;2.44523;
0.251197;2.44547;
0.251217;2.4457;
0.251237;2.44593;
0.251257;2.44617;
0.251277;2.4464;
0.251297;2.44664;
0.251317;2.44687;
0.251337;2.44711;
0.251357;2.44735;
0.251377;2.44758;
0.251397;2.44782;
0.251417;2.44806;
0.251437;2.4483;
0.251457;2.44854;
0.251477;2.44878;
0.251497;2.44902;
0.251517;2.44926;
0.251537;2.4495;
0.251557;2.44974;
0.251577;2.44998;
0.251597;2.45023;
0.251617;2.45047;
0.251637;2.45072;
0.251657;2.45096;
0.251677;2.45121;
0.251697;2.45145;
0.251717;2.4517;
0.251737;2.45194;
0.251757;2.45219;
0.251777;2.45244;
0.251797;2.45269;
0.251817;2.45294;
0.251837;2.45319;
0.251857;2.45344;
0.251877;2.45369;
0.251897;2.45394;
0.251917;2.45419;
0.251937;2.45444;
0.251957;2.45469;
0.251977;2.45495;
0.251997;2.4552;
0.252017;2.45545;
0.252037;2.45571;
0.252057;2.45596;
0.252077;2.45622;
0.252097;2.45647;
0.252117;2.45673;
0.252137;2.45699;
0.252157;2.45725;
0.252177;2.4575;
0.252197;2.45776;
0.252217;2.45802;
0.252237;2.45828;
0.252257;2.45854;
0.252277;2.4588;
0.252297;2.45906;
0.252317;2.45933;
0.252337;2.45959;
0.252357;2.45985;
0.252377;2.46011;
0.252397;2.46038;
0.252417;2.46064;
0.252437;2.46091;
0.252457;2.46117;
0.252477;2.46144;
0.252497;2.46171;
0.252517;2.46197;
0.252537;2.46224;
0.252557;2.46251;
0.252577;2.46278;
0.252597;2.46304;
0.252617;2.46331;
0.252637;2.46358;
0.252657;2.46385;
0.252677;2.46413;
0.252697;2.4644;
0.252717;2.46467;
0.252737;2.46494;
0.252757;2.46521;
0.252777;2.46549;
0.252797;2.46576;
0.252817;2.46604;
0.252837;2.46631;
0.252857;2.46659;
0.252877;2.46686;
0.252897;2.46714;
0.252917;2.46742;
0.252937;2.46769;
0.252957;2.46797;
0.252977;2.46825;
0.252997;2.46853;
0.253017;2.46881;
0.253037;2.46909;
0.253057;2.46937;
0.253077;2.46965;
0.253097;2.46993;
0.253117;2.47021;
0.253137;2.4705;
0.253157;2.47075;
0.253172;2.47091;
0.253186;2.47103;
0.253195;2.47111;
0.253205;2.4712;
0.253225;2.47138;
0.253245;2.47155;
0.253262;2.47167;
0.25328;2.47176;
0.253292;2.47181;
0.253304;2.47186;
0.253308;2.47188;
0.253309;2.47188;
0.253311;2.47189;
0.253316;2.47191;
0.253325;2.47195;
0.253344;2.47203;
0.25336;2.4721;
0.253377;2.47217;
0.253397;2.47226;
0.253417;2.47235;
0.253437;2.47244;
0.253457;2.47253;
0.253477;2.47262;
0.253497;2.47271;
0.253517;2.4728;
0.253537;2.47289;
0.253557;2.47299;
0.253577;2.47308;
0.253597;2.47317;
0.253617;2.47327;
0.253637;2.47336;
0.253657;2.47346;
0.253677;2.47355;
0.253697;2.47365;
0.253717;2.47375;
0.253737;2.47385;
0.253757;2.47395;
0.253777;2.47404;
0.253797;2.47414;
0.253817;2.47425;
0.253837;2.47435;
0.253857;2.47445;
0.253877;2.47455;
0.253897;2.47465;
0.253917;2.47476;
0.253937;2.47486;
0.253957;2.47497;
0.253977;2.47507;
0.253997;2.47518;
0.254017;2.47528;
0.254037;2.47539;
0.254057;2.4755;
0.254077;2.47561;
0.254097;2.47572;
0.254117;2.47583;
0.254137;2.47594;
0.254157;2.47605;
0.254177;2.47616;
0.254197;2.47627;
0.254217;2.47638;
0.254237;2.4765;
0.254257;2.47661;
0.254277;2.47673;
0.254297;2.47684;
0.254317;2.47696;
0.254337;2.47707;
0.254357;2.47719;
0.254377;2.47731;
0.254397;2.47742;
0.254417;2.47754;
0.254437;2.47766;
0.254457;2.47778;
0.254477;2.4779;
0.254497;2.47802;
0.254517;2.47815;
0.254537;2.47827;
0.254557;2.47839;
0.254577;2.47851;
0.254597;2.47864;
0.254617;2.47876;
0.254637;2.47889;
0.254657;2.47901;
0.254677;2.47914;
0.254697;2.47927;
0.254717;2.47939;
0.254737;2.47952;
0.254757;2.47965;
0.254777;2.47978;
0.254797;2.47991;
0.254817;2.48004;
0.254837;2.48017;
0.254857;2.4803;
0.254877;2.48044;
0.254897;2.48057;
0.254917;2.4807;
0.254937;2.48084;
0.254957;2.48097;
0.254977;2.48111;
0.254997;2.48124;
0.255017;2.48138;
0.255037;2.48152;
0.255057;2.48165;
0.255077;2.48179;
0.255097;2.48193;
0.255117;2.48207;
0.255137;2.48221;
0.255157;2.48235;
0.255177;2.48249;
0.255197;2.48263;
0.255217;2.48278;
0.255237;2.48292;
0.255257;2.48306;
0.255277;2.48321;
0.255297;2.48335;
0.255317;2.4835;
0.255337;2.48364;
0.255357;2.48379;
0.255377;2.48394;
0.255397;2.48408;
0.255417;2.48423;
0.255437;2.48438;
0.255457;2.48453;
0.255477;2.48468;
0.255497;2.48483;
0.255517;2.48498;
0.255537;2.48513;
0.255557;2.48528;
0.255577;2.48544;
0.255597;2.48559;
0.255617;2.48574;
0.255637;2.4859;
0.255657;2.48605;
0.255677;2.48621;
0.255697;2.48636;
0.255717;2.48652;
0.255737;2.48668;
0.255757;2.48684;
0.255777;2.487;
0.255797;2.48715;
0.255817;2.48731;
0.255837;2.48747;
0.255857;2.48763;
0.255877;2.4878;
0.255897;2.48796;
0.255917;2.48812;
0.255937;2.48828;
0.255957;2.48845;
0.255977;2.48861;
0.255997;2.48878;
0.256017;2.48894;
0.256037;2.48911;
0.256057;2.48927;
0.256077;2.48944;
0.256097;2.48961;
0.256117;2.48978;
0.256137;2.48995;
0.256157;2.49011;
0.256177;2.49028;
0.256197;2.49045;
0.256217;2.49063;
0.256237;2.4908;
0.256257;2.49097;
0.256277;2.49114;
0.256297;2.49132;
0.256317;2.49149;
0.256337;2.49166;
0.256357;2.49184;
0.256377;2.49201;
0.256397;2.49219;
0.256417;2.49237;
0.256437;2.49254;
0.256457;2.49272;
0.256477;2.4929;
0.256497;2.49308;
0.256517;2.49326;
0.256537;2.49344;
0.256557;2.49362;
0.256577;2.4938;
0.256597;2.49398;
0.256617;2.49416;
0.256637;2.49435;
0.256642;2.49439;
0.256642;2.49439;
0.256642;2.4944;
0.256643;2.4944;
0.256643;2.4944;
0.256643;2.4944;
0.256643;2.4944;
0.256644;2.49441;
0.256644;2.49441;
0.256645;2.49442;
0.256648;2.49445;
0.256653;2.4945;
0.256663;2.49459;
0.256683;2.49477;
0.256703;2.49496;
0.256723;2.49514;
0.256743;2.49533;
0.256763;2.49552;
0.256783;2.4957;
0.256803;2.49589;
0.256823;2.49608;
0.256843;2.49627;
0.256863;2.49646;
0.256883;2.49664;
0.256903;2.49683;
0.256923;2.49703;
0.256943;2.49722;
0.256963;2.49741;
0.256983;2.4976;
0.257003;2.49779;
0.257023;2.49799;
0.257043;2.49818;
0.257063;2.49838;
0.257083;2.49857;
0.257103;2.49877;
0.257123;2.49896;
0.257143;2.49916;
0.257163;2.49936;
0.257183;2.49956;
0.257203;2.49975;
0.257223;2.49995;
0.257243;2.50015;
0.257263;2.50035;
0.257283;2.50055;
0.257303;2.50075;
0.257323;2.50096;
0.257343;2.50116;
0.257363;2.50136;
0.257383;2.50156;
0.257403;2.50177;
0.257423;2.50197;
0.257443;2.50218;
0.257463;2.50238;
0.257483;2.50259;
0.257503;2.5028;
0.257523;2.503;
0.257543;2.50321;
0.257563;2.50342;
0.257583;2.50363;
0.257603;2.50384;
0.257623;2.50405;
0.257643;2.50426;
0.257663;2.50447;
0.257683;2.50468;
0.257703;2.50489;
0.257723;2.5051;
0.257743;2.50532;
0.257763;2.50553;
0.257783;2.50575;
0.257803;2.50596;
0.257823;2.50618;
0.257843;2.50639;
0.257863;2.50661;
0.257883;2.50682;
0.257903;2.50704;
0.257923;2.50726;
0.257943;2.50748;
0.257963;2.5077;
0.257983;2.50792;
0.258003;2.50814;
0.258023;2.50836;
0.258043;2.50858;
0.258063;2.5088;
0.258083;2.50902;
0.258103;2.50925;
0.258123;2.50947;
0.258143;2.50969;
0.258163;2.50992;
0.258183;2.51014;
0.258203;2.51037;
0.258223;2.51059;
0.258243;2.51082;
0.258263;2.51105;
0.258283;2.51127;
0.258303;2.5115;
0.258323;2.51173;
0.258343;2.51196;
0.258363;2.51219;
0.258383;2.51242;
0.258403;2.51265;
0.258423;2.51288;
0.258443;2.51311;
0.258463;2.51335;
0.258483;2.51358;
0.258503;2.51381;
0.258523;2.51405;
0.258543;2.51428;
0.258563;2.51452;
0.258583;2.51475;
0.258603;2.51499;
0.258623;2.51522;
0.258643;2.51546;
0.258663;2.5157;
0.258683;2.51594;
0.258703;2.51617;
0.258723;2.51641;
0.258743;2.51665;
0.258763;2.51689;
0.258783;2.51713;
0.258803;2.51738;
0.258823;2.51762;
0.258843;2.51786;
0.258863;2.5181;
0.258883;2.51835;
0.258903;2.51859;
0.258923;2.51883;
0.258943;2.51908;
0.258963;2.51932;
0.258983;2.51957;
0.259003;2.51982;
0.259023;2.52006;
0.259043;2.52031;
0.259063;2.52056;
0.259083;2.52081;
0.259103;2.52106;
0.259123;2.52131;
0.259143;2.52156;
0.259163;2.52181;
0.259183;2.52206;
0.259203;2.52231;
0.259223;2.52256;
0.259243;2.52281;
0.259263;2.52307;
0.259283;2.52332;
0.259303;2.52357;
0.259323;2.52383;
0.259343;2.52408;
0.259363;2.52434;
0.259383;2.5246;
0.259403;2.52485;
0.259423;2.52511;
0.259443;2.52537;
0.259463;2.52563;
0.259483;2.52588;
0.259503;2.52614;
0.259523;2.5264;
0.259543;2.52666;
0.259563;2.52692;
0.259583;2.52718;
0.259603;2.52745;
0.259623;2.52771;
0.259643;2.52797;
0.259663;2.52824;
0.259683;2.5285;
0.259703;2.52876;
0.259723;2.52903;
0.259743;2.52929;
0.259763;2.52956;
0.259783;2.52983;
0.259803;2.53009;
0.259823;2.53035;
0.259835;2.53047;
0.259847;2.53056;
0.259855;2.53061;
0.259864;2.53067;
0.259875;2.53075;
0.259895;2.53088;
0.259915;2.53101;
0.259935;2.53114;
0.259955;2.53127;
0.259974;2.5314;
0.259974;2.5314;
0.259974;2.5314;
0.259975;2.5314;
0.259975;2.53141;
0.259975;2.53141;
0.259975;2.53141;
0.259976;2.53141;
0.259976;2.53141;
0.259977;2.53142;
0.25998;2.53144;
0.259985;2.53147;
0.259995;2.53154;
0.260015;2.53168;
0.260035;2.53181;
0.260055;2.53195;
0.260075;2.53209;
0.260091;2.53219;
0.260107;2.5323;
0.260125;2.53242;
0.260145;2.53256;
0.260165;2.5327;
0.260185;2.53284;
0.260205;2.53298;
0.260225;2.53312;
0.260245;2.53326;
0.260265;2.53341;
0.260285;2.53355;
0.260305;2.53369;
0.260325;2.53384;
0.260345;2.53398;
0.260365;2.53413;
0.260385;2.53427;
0.260405;2.53442;
0.260425;2.53456;
0.260445;2.53471;
0.260465;2.53486;
0.260485;2.53501;
0.260505;2.53516;
0.260525;2.53531;
0.260545;2.53546;
0.260565;2.53561;
0.260585;2.53576;
0.260605;2.53591;
0.260625;2.53606;
0.260645;2.53622;
0.260665;2.53637;
0.260685;2.53652;
0.260705;2.53668;
0.260725;2.53683;
0.260745;2.53699;
0.260765;2.53715;
0.260785;2.5373;
0.260805;2.53746;
0.260825;2.53762;
0.260845;2.53778;
0.260865;2.53794;
0.260885;2.5381;
0.260905;2.53826;
0.260925;2.53842;
0.260945;2.53858;
0.260965;2.53874;
0.260985;2.5389;
0.261005;2.53907;
0.261025;2.53923;
0.261045;2.5394;
0.261065;2.53956;
0.261085;2.53973;
0.261105;2.53989;
0.261125;2.54006;
0.261145;2.54023;
0.261165;2.54039;
0.261185;2.54056;
0.261205;2.54073;
0.261225;2.5409;
0.261245;2.54107;
0.261265;2.54124;
0.261285;2.54141;
0.261305;2.54158;
0.261325;2.54176;
0.261345;2.54193;
0.261365;2.5421;
0.261385;2.54228;
0.261405;2.54245;
0.261425;2.54263;
0.261445;2.5428;
0.261465;2.54298;
0.261485;2.54315;
0.261505;2.54333;
0.261525;2.54351;
0.261545;2.54369;
0.261565;2.54387;
0.261585;2.54405;
0.261605;2.54423;
0.261625;2.54441;
0.261645;2.54459;
0.261665;2.54477;
0.261685;2.54495;
0.261705;2.54513;
0.261725;2.54532;
0.261745;2.5455;
0.261765;2.54569;
0.261785;2.54587;
0.261805;2.54606;
0.261825;2.54624;
0.261845;2.54643;
0.261865;2.54662;
0.261885;2.54681;
0.261905;2.54699;
0.261925;2.54718;
0.261945;2.54737;
0.261965;2.54756;
0.261985;2.54775;
0.262005;2.54794;
0.262025;2.54814;
0.262045;2.54833;
0.262065;2.54852;
0.262085;2.54871;
0.262105;2.54891;
0.262125;2.5491;
0.262145;2.5493;
0.262165;2.54949;
0.262185;2.54969;
0.262205;2.54988;
0.262225;2.55008;
0.262245;2.55028;
0.262265;2.55048;
0.262285;2.55068;
0.262305;2.55088;
0.262325;2.55108;
0.262345;2.55128;
0.262365;2.55148;
0.262385;2.55168;
0.262405;2.55188;
0.262425;2.55208;
0.262445;2.55229;
0.262465;2.55249;
0.262485;2.55269;
0.262505;2.5529;
0.262525;2.5531;
0.262545;2.55331;
0.262565;2.55352;
0.262585;2.55372;
0.262605;2.55393;
0.262625;2.55414;
0.262645;2.55435;
0.262665;2.55456;
0.262685;2.55477;
0.262705;2.55498;
0.262725;2.55519;
0.262745;2.5554;
0.262765;2.55561;
0.262785;2.55582;
0.262805;2.55603;
0.262825;2.55625;
0.262845;2.55646;
0.262865;2.55668;
0.262885;2.55689;
0.262905;2.55711;
0.262925;2.55732;
0.262945;2.55754;
0.262965;2.55776;
0.262985;2.55797;
0.263005;2.55819;
0.263025;2.55841;
0.263045;2.55863;
0.263065;2.55885;
0.263085;2.55907;
0.263105;2.55929;
0.263125;2.55951;
0.263145;2.55973;
0.263165;2.55996;
0.263185;2.56018;
0.263205;2.5604;
0.263225;2.56063;
0.263245;2.56085;
0.263265;2.56107;
0.263285;2.5613;
0.263305;2.56153;
0.263308;2.56156;
0.263308;2.56156;
0.263308;2.56157;
0.263309;2.56157;
0.263309;2.56157;
0.263309;2.56158;
0.263309;2.56158;
0.26331;2.56158;
0.26331;2.56159;
0.263311;2.5616;
0.263314;2.56163;
0.263319;2.56169;
0.263329;2.56181;
0.263349;2.56203;
0.263369;2.56226;
0.263389;2.56249;
0.263409;2.56272;
0.263429;2.56295;
0.263449;2.56318;
0.263469;2.56341;
0.263489;2.56364;
0.263509;2.56387;
0.263529;2.5641;
0.263549;2.56433;
0.263569;2.56457;
0.263589;2.5648;
0.263609;2.56503;
0.263629;2.56527;
0.263649;2.5655;
0.263669;2.56574;
0.263689;2.56598;
0.263709;2.56621;
0.263729;2.56645;
0.263749;2.56669;
0.263769;2.56693;
0.263789;2.56716;
0.263809;2.5674;
0.263829;2.56764;
0.263849;2.56788;
0.263869;2.56812;
0.263889;2.56837;
0.263909;2.56861;
0.263929;2.56885;
0.263949;2.56909;
0.263969;2.56934;
0.263989;2.56958;
0.264009;2.56982;
0.264029;2.57007;
0.264049;2.57031;
0.264069;2.57056;
0.264089;2.57081;
0.264109;2.57105;
0.264129;2.5713;
0.264149;2.57155;
0.264169;2.5718;
0.264189;2.57205;
0.264209;2.5723;
0.264229;2.57255;
0.264249;2.5728;
0.264269;2.57305;
0.264289;2.5733;
0.264309;2.57355;
0.264329;2.5738;
0.264349;2.57406;
0.264369;2.57431;
0.264389;2.57457;
0.264409;2.57482;
0.264429;2.57508;
0.264449;2.57533;
0.264469;2.57559;
0.264489;2.57584;
0.264509;2.5761;
0.264529;2.57636;
0.264549;2.57662;
0.264569;2.57688;
0.264589;2.57713;
0.264609;2.57739;
0.264629;2.57765;
0.264649;2.57792;
0.264669;2.57818;
0.264689;2.57844;
0.264709;2.5787;
0.264729;2.57896;
0.264749;2.57923;
0.264769;2.57949;
0.264789;2.57975;
0.264809;2.58002;
0.264829;2.58028;
0.264849;2.58055;
0.264869;2.58082;
0.264889;2.58108;
0.264909;2.58135;
0.264929;2.58162;
0.264949;2.58189;
0.264969;2.58215;
0.264989;2.58242;
0.265009;2.58269;
0.265029;2.58296;
0.265049;2.58323;
0.265069;2.58351;
0.265089;2.58378;
0.265109;2.58405;
0.265129;2.58432;
0.265149;2.5846;
0.265169;2.58487;
0.265189;2.58514;
0.265209;2.58542;
0.265229;2.58569;
0.265249;2.58597;
0.265269;2.58625;
0.265289;2.58652;
0.265309;2.5868;
0.265329;2.58708;
0.265349;2.58736;
0.265369;2.58763;
0.265389;2.58791;
0.265409;2.58819;
0.265429;2.58847;
0.265449;2.58875;
0.265469;2.58903;
0.265489;2.58932;
0.265509;2.5896;
0.265529;2.58988;
0.265549;2.59016;
0.265569;2.59045;
0.265589;2.59073;
0.265609;2.59102;
0.265629;2.5913;
0.265649;2.59159;
0.265669;2.59187;
0.265689;2.59216;
0.265709;2.59245;
0.265729;2.59273;
0.265749;2.59302;
0.265769;2.59331;
0.265789;2.5936;
0.265809;2.59389;
0.265829;2.59418;
0.265849;2.59447;
0.265869;2.59476;
0.265889;2.59505;
0.265909;2.59534;
0.265929;2.59564;
0.265949;2.59593;
0.265969;2.59622;
0.265989;2.59652;
0.266009;2.59681;
0.266029;2.5971;
0.266049;2.5974;
0.266069;2.5977;
0.266089;2.59799;
0.266109;2.59829;
0.266129;2.59859;
0.266149;2.59888;
0.266169;2.59918;
0.266189;2.59948;
0.266209;2.59978;
0.266229;2.60008;
0.266249;2.60038;
0.266269;2.60068;
0.266289;2.60098;
0.266309;2.60128;
0.266329;2.60158;
0.266349;2.60189;
0.266369;2.60219;
0.266389;2.60249;
0.266409;2.6028;
0.266429;2.60308;
0.266441;2.60322;
0.266452;2.60333;
0.266458;2.60339;
0.266466;2.60347;
0.266479;2.6036;
0.266499;2.6038;
0.266519;2.60399;
0.26653;2.60409;
0.266541;2.60416;
0.266548;2.6042;
0.266557;2.60425;
0.266566;2.6043;
0.266584;2.60441;
0.266604;2.60452;
0.266624;2.60464;
0.266636;2.60469;
0.26664;2.6047;
0.26664;2.6047;
0.26664;2.6047;
0.266641;2.6047;
0.266641;2.6047;
0.266641;2.6047;
0.266641;2.6047;
0.266642;2.6047;
0.266642;2.6047;
0.266643;2.6047;
0.266646;2.60471;
0.266651;2.60471;
0.266661;2.60473;
0.266681;2.60476;
0.266694;2.60478;
0.266709;2.60481;
0.266724;2.60483;
0.266744;2.60487;
0.266764;2.6049;
0.266784;2.60494;
0.266804;2.60497;
0.266824;2.60501;
0.266844;2.60505;
0.266864;2.60509;
0.266884;2.60513;
0.266904;2.60517;
0.266924;2.60521;
0.266944;2.60525;
0.266964;2.60529;
0.266984;2.60533;
0.267004;2.60537;
0.267024;2.60542;
0.267044;2.60546;
0.267064;2.6055;
0.267084;2.60555;
0.267104;2.6056;
0.267124;2.60564;
0.267144;2.60569;
0.267164;2.60574;
0.267184;2.60578;
0.267204;2.60583;
0.267224;2.60588;
0.267244;2.60593;
0.267264;2.60598;
0.267284;2.60604;
0.267304;2.60609;
0.267324;2.60614;
0.267344;2.60619;
0.267364;2.60625;
0.267384;2.6063;
0.267404;2.60636;
0.267424;2.60641;
0.267444;2.60647;
0.267464;2.60653;
0.267484;2.60658;
0.267504;2.60664;
0.267524;2.6067;
0.267544;2.60676;
0.267564;2.60682;
0.267584;2.60688;
0.267604;2.60694;
0.267624;2.60701;
0.267644;2.60707;
0.267664;2.60713;
0.267684;2.6072;
0.267704;2.60726;
0.267724;2.60733;
0.267744;2.60739;
0.267764;2.60746;
0.267784;2.60753;
0.267804;2.60759;
0.267824;2.60766;
0.267844;2.60773;
0.267864;2.6078;
0.267884;2.60787;
0.267904;2.60794;
0.267924;2.60801;
0.267944;2.60808;
0.267964;2.60816;
0.267984;2.60823;
0.268004;2.6083;
0.268024;2.60838;
0.268044;2.60845;
0.268064;2.60853;
0.268084;2.6086;
0.268104;2.60868;
0.268124;2.60876;
0.268144;2.60884;
0.268164;2.60892;
0.268184;2.609;
0.268204;2.60907;
0.268224;2.60916;
0.268244;2.60924;
0.268264;2.60932;
0.268284;2.6094;
0.268304;2.60948;
0.268324;2.60957;
0.268344;2.60965;
0.268364;2.60974;
0.268384;2.60982;
0.268404;2.60991;
0.268424;2.60999;
0.268444;2.61008;
0.268464;2.61017;
0.268484;2.61026;
0.268504;2.61035;
0.268524;2.61044;
0.268544;2.61053;
0.268564;2.61062;
0.268584;2.61071;
0.268604;2.6108;
0.268624;2.61089;
0.268644;2.61099;
0.268664;2.61108;
0.268684;2.61118;
0.268704;2.61127;
0.268724;2.61137;
0.268744;2.61146;
0.268764;2.61156;
0.268784;2.61166;
0.268804;2.61176;
0.268824;2.61185;
0.268844;2.61195;
0.268864;2.61205;
0.268884;2.61215;
0.268904;2.61225;
0.268924;2.61236;
0.268944;2.61246;
0.268964;2.61256;
0.268984;2.61266;
0.269004;2.61277;
0.269024;2.61287;
0.269044;2.61298;
0.269064;2.61308;
0.269084;2.61319;
0.269104;2.6133;
0.269124;2.61341;
0.269144;2.61351;
0.269164;2.61362;
0.269184;2.61373;
0.269204;2.61384;
0.269224;2.61395;
0.269244;2.61406;
0.269264;2.61418;
0.269284;2.61429;
0.269304;2.6144;
0.269324;2.61451;
0.269344;2.61463;
0.269364;2.61474;
0.269384;2.61486;
0.269404;2.61497;
0.269424;2.61509;
0.269444;2.61521;
0.269464;2.61533;
0.269484;2.61544;
0.269504;2.61556;
0.269524;2.61568;
0.269544;2.6158;
0.269564;2.61592;
0.269584;2.61604;
0.269604;2.61617;
0.269624;2.61629;
0.269644;2.61641;
0.269664;2.61653;
0.269684;2.61666;
0.269704;2.61678;
0.269724;2.61691;
0.269744;2.61703;
0.269764;2.61716;
0.269784;2.61729;
0.269804;2.61742;
0.269824;2.61754;
0.269844;2.61767;
0.269864;2.6178;
0.269884;2.61793;
0.269904;2.61806;
0.269924;2.61819;
0.269944;2.61832;
0.269964;2.61846;
0.269974;2.61852;
0.269974;2.61852;
0.269974;2.61853;
0.269975;2.61853;
0.269975;2.61853;
0.269975;2.61853;
0.269975;2.61853;
0.269976;2.61853;
0.269976;2.61854;
0.269977;2.61855;
0.26998;2.61856;
0.269985;2.6186;
0.269995;2.61867;
0.270015;2.6188;
0.270035;2.61893;
0.270055;2.61907;
0.270075;2.6192;
0.270095;2.61934;
0.270115;2.61948;
0.270135;2.61961;
0.270155;2.61975;
0.270175;2.61989;
0.270195;2.62003;
0.270215;2.62017;
0.270235;2.62031;
0.270255;2.62045;
0.270275;2.62059;
0.270295;2.62073;
0.270315;2.62087;
0.270335;2.62102;
0.270355;2.62116;
0.270375;2.62131;
0.270395;2.62145;
0.270415;2.62159;
0.270435;2.62174;
0.270455;2.62189;
0.270475;2.62203;
0.270495;2.62218;
0.270515;2.62233;
0.270535;2.62248;
0.270555;2.62263;
0.270575;2.62278;
0.270595;2.62293;
0.270615;2.62308;
0.270635;2.62323;
0.270655;2.62338;
0.270675;2.62353;
0.270695;2.62369;
0.270715;2.62384;
0.270735;2.624;
0.270755;2.62415;
0.270775;2.62431;
0.270795;2.62446;
0.270815;2.62462;
0.270835;2.62478;
0.270855;2.62493;
0.270875;2.62509;
0.270895;2.62525;
0.270915;2.62541;
0.270935;2.62557;
0.270955;2.62573;
0.270975;2.62589;
0.270995;2.62605;
0.271015;2.62621;
0.271035;2.62638;
0.271055;2.62654;
0.271075;2.6267;
0.271095;2.62687;
0.271115;2.62703;
0.271135;2.6272;
0.271155;2.62736;
0.271175;2.62753;
0.271195;2.6277;
0.271215;2.62787;
0.271235;2.62803;
0.271255;2.6282;
0.271275;2.62837;
0.271295;2.62854;
0.271315;2.62871;
0.271335;2.62888;
0.271355;2.62906;
0.271375;2.62923;
0.271395;2.6294;
0.271415;2.62957;
0.271435;2.62975;
0.271455;2.62992;
0.271475;2.6301;
0.271495;2.63027;
0.271515;2.63045;
0.271535;2.63063;
0.271555;2.6308;
0.271575;2.63098;
0.271595;2.63116;
0.271615;2.63134;
0.271635;2.63152;
0.271655;2.6317;
0.271675;2.63188;
0.271695;2.63206;
0.271715;2.63224;
0.271735;2.63242;
0.271755;2.6326;
0.271775;2.63279;
0.271795;2.63297;
0.271815;2.63315;
0.271835;2.63334;
0.271855;2.63353;
0.271875;2.63371;
0.271895;2.6339;
0.271915;2.63408;
0.271935;2.63427;
0.271955;2.63446;
0.271975;2.63465;
0.271995;2.63484;
0.272015;2.63503;
0.272035;2.63522;
0.272055;2.63541;
0.272075;2.6356;
0.272095;2.63579;
0.272115;2.63598;
0.272135;2.63618;
0.272155;2.63637;
0.272175;2.63656;
0.272195;2.63676;
0.272215;2.63695;
0.272235;2.63715;
0.272255;2.63735;
0.272275;2.63754;
0.272295;2.63774;
0.272315;2.63794;
0.272335;2.63814;
0.272355;2.63833;
0.272375;2.63853;
0.272395;2.63873;
0.272415;2.63893;
0.272435;2.63914;
0.272455;2.63934;
0.272475;2.63954;
0.272495;2.63974;
0.272515;2.63995;
0.272535;2.64015;
0.272555;2.64035;
0.272575;2.64056;
0.272595;2.64076;
0.272615;2.64097;
0.272635;2.64118;
0.272655;2.64138;
0.272675;2.64159;
0.272695;2.6418;
0.272715;2.64201;
0.272735;2.64221;
0.272755;2.64242;
0.272775;2.64263;
0.272795;2.64285;
0.272815;2.64306;
0.272835;2.64327;
0.272855;2.64348;
0.272875;2.64369;
0.272895;2.64391;
0.272915;2.64412;
0.272935;2.64433;
0.272955;2.64455;
0.272975;2.64476;
0.272995;2.64498;
0.273015;2.6452;
0.273035;2.64541;
0.273055;2.64563;
0.273075;2.64585;
0.273095;2.64607;
0.273115;2.64629;
0.273135;2.64651;
0.273155;2.64673;
0.273175;2.64695;
0.27319;2.64708;
0.273203;2.64713;
0.273213;2.64715;
0.273221;2.64716;
0.27323;2.64718;
0.27324;2.6472;
0.273256;2.64722;
0.273276;2.64726;
0.273296;2.64729;
0.273306;2.64731;
0.273306;2.64731;
0.273306;2.64731;
0.273307;2.64731;
0.273307;2.64731;
0.273307;2.64731;
0.273307;2.64731;
0.273308;2.64731;
0.273308;2.64731;
0.273309;2.64732;
0.273312;2.64732;
0.273317;2.64733;
0.273327;2.64735;
0.273347;2.64739;
0.273367;2.64742;
0.273387;2.64746;
0.273407;2.6475;
0.273427;2.64754;
0.273447;2.64758;
0.273467;2.64762;
0.273487;2.64766;
0.273507;2.6477;
0.273527;2.64775;
0.273547;2.64779;
0.273567;2.64783;
0.273587;2.64788;
0.273607;2.64792;
0.273627;2.64797;
0.273647;2.64801;
0.273667;2.64806;
0.273687;2.64811;
0.273707;2.64816;
0.273727;2.64821;
0.273747;2.64825;
0.273767;2.6483;
0.273787;2.64836;
0.273807;2.64841;
0.273827;2.64846;
0.273847;2.64851;
0.273867;2.64856;
0.273887;2.64862;
0.273907;2.64867;
0.273927;2.64873;
0.273947;2.64878;
0.273967;2.64884;
0.273987;2.6489;
0.274007;2.64895;
0.274027;2.64901;
0.274047;2.64907;
0.274067;2.64913;
0.274087;2.64919;
0.274107;2.64925;
0.274127;2.64931;
0.274147;2.64937;
0.274167;2.64944;
0.274187;2.6495;
0.274207;2.64956;
0.274227;2.64963;
0.274247;2.64969;
0.274267;2.64976;
0.274287;2.64982;
0.274307;2.64989;
0.274327;2.64996;
0.274347;2.65003;
0.274367;2.65009;
0.274387;2.65016;
0.274407;2.65023;
0.274427;2.6503;
0.274447;2.65038;
0.274467;2.65045;
0.274487;2.65052;
0.274507;2.65059;
0.274527;2.65067;
0.274547;2.65074;
0.274567;2.65081;
0.274587;2.65089;
0.274607;2.65097;
0.274627;2.65104;
0.274647;2.65112;
0.274667;2.6512;
0.274687;2.65128;
0.274707;2.65135;
0.274727;2.65143;
0.274747;2.65151;
0.274767;2.6516;
0.274787;2.65168;
0.274807;2.65176;
0.274827;2.65184;
0.274847;2.65192;
0.274867;2.65201;
0.274887;2.65209;
0.274907;2.65218;
0.274927;2.65226;
0.274947;2.65235;
0.274967;2.65244;
0.274987;2.65252;
0.275007;2.65261;
0.275027;2.6527;
0.275047;2.65279;
0.275067;2.65288;
0.275087;2.65297;
0.275107;2.65306;
0.275127;2.65315;
0.275147;2.65325;
0.275167;2.65334;
0.275187;2.65343;
0.275207;2.65353;
0.275227;2.65362;
0.275247;2.65372;
0.275267;2.65381;
0.275287;2.65391;
0.275307;2.65401;
0.275327;2.6541;
0.275347;2.6542;
0.275367;2.6543;
0.275387;2.6544;
0.275407;2.6545;
0.275427;2.6546;
0.275447;2.6547;
0.275467;2.6548;
0.275487;2.65491;
0.275507;2.65501;
0.275527;2.65511;
0.275547;2.65522;
0.275567;2.65532;
0.275587;2.65543;
0.275607;2.65553;
0.275627;2.65564;
0.275647;2.65575;
0.275667;2.65585;
0.275687;2.65596;
0.275707;2.65607;
0.275727;2.65618;
0.275747;2.65629;
0.275767;2.6564;
0.275787;2.65651;
0.275807;2.65663;
0.275827;2.65674;
0.275847;2.65685;
0.275867;2.65696;
0.275887;2.65708;
0.275907;2.65719;
0.275927;2.65731;
0.275947;2.65742;
0.275967;2.65754;
0.275987;2.65766;
0.276007;2.65778;
0.276027;2.65789;
0.276047;2.65801;
0.276067;2.65813;
0.276087;2.65825;
0.276107;2.65837;
0.276127;2.65849;
0.276147;2.65862;
0.276167;2.65874;
0.276187;2.65886;
0.276207;2.65899;
0.276227;2.65911;
0.276247;2.65923;
0.276267;2.65936;
0.276287;2.65949;
0.276307;2.65961;
0.276327;2.65974;
0.276347;2.65987;
0.276367;2.65999;
0.276387;2.66012;
0.276407;2.66025;
0.276427;2.66038;
0.276447;2.66051;
0.276467;2.66064;
0.276487;2.66078;
0.276507;2.66091;
0.276527;2.66104;
0.276547;2.66117;
0.276567;2.66131;
0.276587;2.66144;
0.276607;2.66158;
0.276627;2.66171;
0.27664;2.6618;
0.27664;2.6618;
0.27664;2.6618;
0.276641;2.6618;
0.276641;2.66181;
0.276641;2.66181;
0.276641;2.66181;
0.276642;2.66181;
0.276642;2.66181;
0.276643;2.66182;
0.276646;2.66184;
0.276651;2.66187;
0.276661;2.66194;
0.276681;2.66208;
0.276701;2.66222;
0.276721;2.66236;
0.276741;2.6625;
0.276761;2.66264;
0.276781;2.66278;
0.276801;2.66292;
0.276821;2.66306;
0.276841;2.6632;
0.276861;2.66334;
0.276881;2.66349;
0.276901;2.66363;
0.276921;2.66377;
0.276941;2.66392;
0.276961;2.66406;
0.276981;2.66421;
0.277001;2.66435;
0.277021;2.6645;
0.277041;2.66465;
0.277061;2.6648;
0.277081;2.66495;
0.277101;2.66509;
0.277121;2.66524;
0.277141;2.66539;
0.277161;2.66555;
0.277181;2.6657;
0.277201;2.66585;
0.277221;2.666;
0.277241;2.66615;
0.277261;2.66631;
0.277281;2.66646;
0.277301;2.66662;
0.277321;2.66677;
0.277341;2.66693;
0.277361;2.66708;
0.277381;2.66724;
0.277401;2.6674;
0.277421;2.66756;
0.277441;2.66772;
0.277461;2.66787;
0.277481;2.66803;
0.277501;2.66819;
0.277521;2.66836;
0.277541;2.66852;
0.277561;2.66868;
0.277581;2.66884;
0.277601;2.66901;
0.277621;2.66917;
0.277641;2.66933;
0.277661;2.6695;
0.277681;2.66966;
0.277701;2.66983;
0.277721;2.67;
0.277741;2.67016;
0.277761;2.67033;
0.277781;2.6705;
0.277801;2.67067;
0.277821;2.67084;
0.277841;2.67101;
0.277861;2.67118;
0.277881;2.67135;
0.277901;2.67152;
0.277921;2.67169;
0.277941;2.67186;
0.277961;2.67204;
0.277981;2.67221;
0.278001;2.67238;
0.278021;2.67256;
0.278041;2.67273;
0.278061;2.67291;
0.278081;2.67309;
0.278101;2.67326;
0.278121;2.67344;
0.278141;2.67362;
0.278161;2.6738;
0.278181;2.67398;
0.278201;2.67416;
0.278221;2.67434;
0.278241;2.67452;
0.278261;2.6747;
0.278281;2.67488;
0.278301;2.67506;
0.278321;2.67524;
0.278341;2.67543;
0.278361;2.67561;
0.278381;2.6758;
0.278401;2.67598;
0.278421;2.67617;
0.278441;2.67635;
0.278461;2.67654;
0.278481;2.67673;
0.278501;2.67692;
0.278521;2.6771;
0.278541;2.67729;
0.278561;2.67748;
0.278581;2.67767;
0.278601;2.67786;
0.278621;2.67805;
0.278641;2.67824;
0.278661;2.67844;
0.278681;2.67863;
0.278701;2.67882;
0.278721;2.67902;
0.278741;2.67921;
0.278761;2.67941;
0.278781;2.6796;
0.278801;2.6798;
0.278821;2.67999;
0.278841;2.68019;
0.278861;2.68039;
0.278881;2.68059;
0.278901;2.68078;
0.278921;2.68098;
0.278941;2.68118;
0.278961;2.68138;
0.278981;2.68158;
0.279001;2.68178;
0.279021;2.68199;
0.279041;2.68219;
0.279061;2.68239;
0.279081;2.68259;
0.279101;2.6828;
0.279121;2.683;
0.279141;2.68321;
0.279161;2.68341;
0.279181;2.68362;
0.279201;2.68383;
0.279221;2.68403;
0.279241;2.68424;
0.279261;2.68445;
0.279281;2.68466;
0.279301;2.68487;
0.279321;2.68508;
0.279341;2.68529;
0.279361;2.6855;
0.279381;2.68571;
0.279401;2.68592;
0.279421;2.68613;
0.279441;2.68634;
0.279461;2.68656;
0.279481;2.68677;
0.279501;2.68699;
0.279521;2.6872;
0.279541;2.68742;
0.279561;2.68763;
0.279581;2.68785;
0.279601;2.68807;
0.279621;2.68828;
0.279641;2.6885;
0.279661;2.68872;
0.279681;2.68894;
0.279701;2.68916;
0.279721;2.68938;
0.279741;2.6896;
0.279761;2.68982;
0.279781;2.69004;
0.279801;2.69026;
0.279821;2.69049;
0.279839;2.69066;
0.279852;2.69076;
0.279863;2.69083;
0.279871;2.69088;
0.279879;2.69094;
0.279895;2.69104;
0.279903;2.69109;
0.279914;2.69114;
0.279923;2.69118;
0.27993;2.69121;
0.279937;2.69124;
0.279947;2.69128;
0.279956;2.69131;
0.279963;2.69133;
0.279972;2.69135;
0.279972;2.69135;
0.279972;2.69135;
0.279973;2.69136;
0.279973;2.69136;
0.279973;2.69136;
0.279973;2.69136;
0.279974;2.69136;
0.279974;2.69136;
0.279975;2.69136;
0.279978;2.69137;
0.279983;2.69138;
0.279988;2.69139;
0.279993;2.69141;
0.280003;2.69143;
0.280022;2.69148;
0.280042;2.69153;
0.280062;2.69158;
0.280081;2.69163;
0.2801;2.69168;
0.28012;2.69173;
0.28014;2.69178;
0.28016;2.69183;
0.28018;2.69189;
0.2802;2.69194;
0.28022;2.692;
0.28024;2.69205;
0.28026;2.69211;
0.28028;2.69217;
0.2803;2.69223;
0.28032;2.69228;
0.28034;2.69234;
0.28036;2.6924;
0.28038;2.69246;
0.2804;2.69252;
0.28042;2.69258;
0.28044;2.69265;
0.28046;2.69271;
0.28048;2.69277;
0.2805;2.69284;
0.28052;2.6929;
0.28054;2.69297;
0.28056;2.69303;
0.28058;2.6931;
0.2806;2.69317;
0.28062;2.69323;
0.28064;2.6933;
0.28066;2.69337;
0.28068;2.69344;
0.2807;2.69351;
0.28072;2.69358;
0.28074;2.69365;
0.28076;2.69372;
0.28078;2.6938;
0.2808;2.69387;
0.28082;2.69394;
0.28084;2.69402;
0.28086;2.69409;
0.28088;2.69417;
0.2809;2.69424;
0.28092;2.69432;
0.28094;2.6944;
0.28096;2.69448;
0.28098;2.69455;
0.281;2.69463;
0.28102;2.69471;
0.28104;2.69479;
0.28106;2.69488;
0.28108;2.69496;
0.2811;2.69504;
0.28112;2.69512;
0.28114;2.69521;
0.28116;2.69529;
0.28118;2.69537;
0.2812;2.69546;
0.28122;2.69554;
0.28124;2.69563;
0.28126;2.69572;
0.28128;2.69581;
0.2813;2.69589;
0.28132;2.69598;
0.28134;2.69607;
0.28136;2.69616;
0.28138;2.69625;
0.2814;2.69634;
0.28142;2.69644;
0.28144;2.69653;
0.28146;2.69662;
0.28148;2.69671;
0.2815;2.69681;
0.28152;2.6969;
0.28154;2.697;
0.28156;2.69709;
0.28158;2.69719;
0.2816;2.69729;
0.28162;2.69739;
0.28164;2.69748;
0.28166;2.69758;
0.28168;2.69768;
0.2817;2.69778;
0.28172;2.69788;
0.28174;2.69798;
0.28176;2.69809;
0.28178;2.69819;
0.2818;2.69829;
0.28182;2.6984;
0.28184;2.6985;
0.28186;2.6986;
0.28188;2.69871;
0.2819;2.69882;
0.28192;2.69892;
0.28194;2.69903;
0.28196;2.69914;
0.28198;2.69925;
0.282;2.69935;
0.28202;2.69946;
0.28204;2.69957;
0.28206;2.69968;
0.28208;2.6998;
0.2821;2.69991;
0.28212;2.70002;
0.28214;2.70013;
0.28216;2.70025;
0.28218;2.70036;
0.2822;2.70048;
0.28222;2.70059;
0.28224;2.70071;
0.28226;2.70082;
0.28228;2.70094;
0.2823;2.70106;
0.28232;2.70118;
0.28234;2.7013;
0.28236;2.70141;
0.28238;2.70153;
0.2824;2.70166;
0.28242;2.70178;
0.28244;2.7019;
0.28246;2.70202;
0.28248;2.70214;
0.2825;2.70227;
0.28252;2.70239;
0.28254;2.70252;
0.28256;2.70264;
0.28258;2.70277;
0.2826;2.70289;
0.28262;2.70302;
0.28264;2.70315;
0.28266;2.70328;
0.28268;2.7034;
0.2827;2.70353;
0.28272;2.70366;
0.28274;2.70379;
0.28276;2.70392;
0.28278;2.70406;
0.2828;2.70419;
0.28282;2.70432;
0.28284;2.70445;
0.28286;2.70459;
0.28288;2.70472;
0.2829;2.70486;
0.28292;2.70499;
0.28294;2.70513;
0.28296;2.70526;
0.28298;2.7054;
0.283;2.70554;
0.28302;2.70568;
0.28304;2.70582;
0.28306;2.70596;
0.28308;2.7061;
0.2831;2.70624;
0.28312;2.70638;
0.28314;2.70652;
0.28316;2.70666;
0.28318;2.7068;
0.2832;2.70695;
0.28322;2.70709;
0.28324;2.70724;
0.28326;2.70738;
0.28328;2.70753;
0.2833;2.70767;
0.283306;2.70772;
0.283306;2.70772;
0.283306;2.70772;
0.283307;2.70772;
0.283307;2.70772;
0.283307;2.70772;
0.283307;2.70772;
0.283308;2.70773;
0.283308;2.70773;
0.283309;2.70774;
0.283312;2.70776;
0.283317;2.7078;
0.283327;2.70787;
0.283347;2.70802;
0.283367;2.70817;
0.283387;2.70832;
0.283407;2.70847;
0.283427;2.70862;
0.283447;2.70877;
0.283467;2.70892;
0.283487;2.70907;
0.283507;2.70922;
0.283527;2.70937;
0.283547;2.70953;
0.283567;2.70968;
0.283587;2.70983;
0.283607;2.70999;
0.283627;2.71015;
0.283647;2.7103;
0.283667;2.71046;
0.283687;2.71061;
0.283707;2.71077;
0.283727;2.71093;
0.283747;2.71109;
0.283767;2.71125;
0.283787;2.71141;
0.283807;2.71157;
0.283827;2.71173;
0.283847;2.71189;
0.283867;2.71205;
0.283887;2.71222;
0.283907;2.71238;
0.283927;2.71254;
0.283947;2.71271;
0.283967;2.71287;
0.283987;2.71304;
0.284007;2.7132;
0.284027;2.71337;
0.284047;2.71354;
0.284067;2.7137;
0.284087;2.71387;
0.284107;2.71404;
0.284127;2.71421;
0.284147;2.71438;
0.284167;2.71455;
0.284187;2.71472;
0.284207;2.71489;
0.284227;2.71506;
0.284247;2.71524;
0.284267;2.71541;
0.284287;2.71558;
0.284307;2.71576;
0.284327;2.71593;
0.284347;2.71611;
0.284367;2.71628;
0.284387;2.71646;
0.284407;2.71664;
0.284427;2.71681;
0.284447;2.71699;
0.284467;2.71717;
0.284487;2.71735;
0.284507;2.71753;
0.284527;2.71771;
0.284547;2.71789;
0.284567;2.71807;
0.284587;2.71825;
0.284607;2.71843;
0.284627;2.71862;
0.284647;2.7188;
0.284667;2.71898;
0.284687;2.71917;
0.284707;2.71935;
0.284727;2.71954;
0.284747;2.71973;
0.284767;2.71991;
0.284787;2.7201;
0.284807;2.72029;
0.284827;2.72048;
0.284847;2.72066;
0.284867;2.72085;
0.284887;2.72104;
0.284907;2.72123;
0.284927;2.72142;
0.284947;2.72162;
0.284967;2.72181;
0.284987;2.722;
0.285007;2.72219;
0.285027;2.72239;
0.285047;2.72258;
0.285067;2.72278;
0.285087;2.72297;
0.285107;2.72317;
0.285127;2.72336;
0.285147;2.72356;
0.285167;2.72376;
0.285187;2.72395;
0.285207;2.72415;
0.285227;2.72435;
0.285247;2.72455;
0.285267;2.72475;
0.285287;2.72495;
0.285307;2.72515;
0.285327;2.72535;
0.285347;2.72556;
0.285367;2.72576;
0.285387;2.72596;
0.285407;2.72617;
0.285427;2.72637;
0.285447;2.72657;
0.285467;2.72678;
0.285487;2.72698;
0.285507;2.72719;
0.285527;2.7274;
0.285547;2.72761;
0.285567;2.72781;
0.285587;2.72802;
0.285607;2.72823;
0.285627;2.72844;
0.285647;2.72865;
0.285667;2.72886;
0.285687;2.72907;
0.285707;2.72928;
0.285727;2.72949;
0.285747;2.72971;
0.285767;2.72992;
0.285787;2.73013;
0.285807;2.73035;
0.285827;2.73056;
0.285847;2.73078;
0.285867;2.73099;
0.285887;2.73121;
0.285907;2.73143;
0.285927;2.73164;
0.285947;2.73186;
0.285967;2.73208;
0.285987;2.7323;
0.286007;2.73252;
0.286027;2.73274;
0.286047;2.73296;
0.286067;2.73318;
0.286087;2.7334;
0.286107;2.73362;
0.286127;2.73384;
0.286147;2.73407;
0.286167;2.73429;
0.286187;2.73451;
0.286207;2.73474;
0.286227;2.73496;
0.286247;2.73519;
0.286267;2.73541;
0.286287;2.73564;
0.286307;2.73587;
0.286327;2.7361;
0.286347;2.73632;
0.286367;2.73655;
0.286387;2.73678;
0.286407;2.73701;
0.286427;2.73724;
0.286447;2.73747;
0.286467;2.7377;
0.286484;2.73787;
0.286498;2.73798;
0.286511;2.73805;
0.286521;2.73811;
0.28653;2.73816;
0.286549;2.73827;
0.286569;2.73838;
0.286589;2.7385;
0.286605;2.73858;
0.28662;2.73861;
0.286633;2.73863;
0.286638;2.73864;
0.286638;2.73864;
0.286638;2.73864;
0.286639;2.73864;
0.286639;2.73864;
0.286639;2.73864;
0.286639;2.73864;
0.28664;2.73864;
0.28664;2.73864;
0.286641;2.73864;
0.286644;2.73865;
0.286649;2.73865;
0.286659;2.73867;
0.286679;2.73869;
0.286693;2.73871;
0.286708;2.73873;
0.286728;2.73876;
0.286748;2.73879;
0.286768;2.73882;
0.286788;2.73885;
0.286808;2.73888;
0.286828;2.73891;
0.286848;2.73894;
0.286868;2.73898;
0.286888;2.73901;
0.286908;2.73904;
0.286928;2.73908;
0.286948;2.73911;
0.286968;2.73915;
0.286988;2.73918;
0.287008;2.73922;
0.287028;2.73926;
0.287048;2.7393;
0.287068;2.73934;
0.287088;2.73938;
0.287108;2.73942;
0.287128;2.73946;
0.287148;2.7395;
0.287168;2.73954;
0.287188;2.73958;
0.287208;2.73963;
0.287228;2.73967;
0.287248;2.73971;
0.287268;2.73976;
0.287288;2.73981;
0.287308;2.73985;
0.287328;2.7399;
0.287348;2.73995;
0.287368;2.73999;
0.287388;2.74004;
0.287408;2.74009;
0.287428;2.74014;
0.287448;2.74019;
0.287468;2.74025;
0.287488;2.7403;
0.287508;2.74035;
0.287528;2.7404;
0.287548;2.74046;
0.287568;2.74051;
0.287588;2.74057;
0.287608;2.74062;
0.287628;2.74068;
0.287648;2.74073;
0.287668;2.74079;
0.287688;2.74085;
0.287708;2.74091;
0.287728;2.74097;
0.287748;2.74103;
0.287768;2.74109;
0.287788;2.74115;
0.287808;2.74121;
0.287828;2.74127;
0.287848;2.74134;
0.287868;2.7414;
0.287888;2.74146;
0.287908;2.74153;
0.287928;2.74159;
0.287948;2.74166;
0.287968;2.74173;
0.287988;2.74179;
0.288008;2.74186;
0.288028;2.74193;
0.288048;2.742;
0.288068;2.74207;
0.288088;2.74214;
0.288108;2.74221;
0.288128;2.74228;
0.288148;2.74235;
0.288168;2.74243;
0.288188;2.7425;
0.288208;2.74257;
0.288228;2.74265;
0.288248;2.74272;
0.288268;2.7428;
0.288288;2.74288;
0.288308;2.74295;
0.288328;2.74303;
0.288348;2.74311;
0.288368;2.74319;
0.288388;2.74327;
0.288408;2.74335;
0.288428;2.74343;
0.288448;2.74351;
0.288468;2.74359;
0.288488;2.74367;
0.288508;2.74375;
0.288528;2.74384;
0.288548;2.74392;
0.288568;2.74401;
0.288588;2.74409;
0.288608;2.74418;
0.288628;2.74426;
0.288648;2.74435;
0.288668;2.74444;
0.288688;2.74453;
0.288708;2.74462;
0.288728;2.74471;
0.288748;2.7448;
0.288768;2.74489;
0.288788;2.74498;
0.288808;2.74507;
0.288828;2.74516;
0.288848;2.74525;
0.288868;2.74535;
0.288888;2.74544;
0.288908;2.74554;
0.288928;2.74563;
0.288948;2.74573;
0.288968;2.74583;
0.288988;2.74592;
0.289008;2.74602;
0.289028;2.74612;
0.289048;2.74622;
0.289068;2.74632;
0.289088;2.74642;
0.289108;2.74652;
0.289128;2.74662;
0.289148;2.74672;
0.289168;2.74682;
0.289188;2.74693;
0.289208;2.74703;
0.289228;2.74713;
0.289248;2.74724;
0.289268;2.74734;
0.289288;2.74745;
0.289308;2.74756;
0.289328;2.74766;
0.289348;2.74777;
0.289368;2.74788;
0.289388;2.74799;
0.289408;2.7481;
0.289428;2.74821;
0.289448;2.74832;
0.289468;2.74843;
0.289488;2.74854;
0.289508;2.74865;
0.289528;2.74877;
0.289548;2.74888;
0.289568;2.74899;
0.289588;2.74911;
0.289608;2.74922;
0.289628;2.74934;
0.289648;2.74946;
0.289668;2.74957;
0.289688;2.74969;
0.289708;2.74981;
0.289728;2.74993;
0.289748;2.75005;
0.289768;2.75017;
0.289788;2.75029;
0.289808;2.75041;
0.289828;2.75053;
0.289848;2.75065;
0.289868;2.75077;
0.289888;2.7509;
0.289908;2.75102;
0.289928;2.75115;
0.289948;2.75127;
0.289968;2.7514;
0.289972;2.75142;
0.289972;2.75142;
0.289972;2.75142;
0.289973;2.75142;
0.289973;2.75143;
0.289973;2.75143;
0.289973;2.75143;
0.289974;2.75143;
0.289974;2.75143;
0.289975;2.75144;
0.289978;2.75146;
0.289983;2.75149;
0.289993;2.75155;
0.290013;2.75168;
0.290033;2.75181;
0.290053;2.75194;
0.290073;2.75206;
0.290093;2.75219;
0.290113;2.75232;
0.290133;2.75245;
0.290153;2.75258;
0.290173;2.75272;
0.290193;2.75285;
0.290213;2.75298;
0.290233;2.75311;
0.290253;2.75325;
0.290273;2.75338;
0.290293;2.75352;
0.290313;2.75365;
0.290333;2.75379;
0.290353;2.75392;
0.290373;2.75406;
0.290393;2.7542;
0.290413;2.75434;
0.290433;2.75448;
0.290453;2.75462;
0.290473;2.75476;
0.290493;2.7549;
0.290513;2.75504;
0.290533;2.75518;
0.290553;2.75532;
0.290573;2.75546;
0.290593;2.75561;
0.290613;2.75575;
0.290633;2.75589;
0.290653;2.75604;
0.290673;2.75619;
0.290693;2.75633;
0.290713;2.75648;
0.290733;2.75663;
0.290753;2.75677;
0.290773;2.75692;
0.290793;2.75707;
0.290813;2.75722;
0.290833;2.75737;
0.290853;2.75752;
0.290873;2.75767;
0.290893;2.75782;
0.290913;2.75797;
0.290933;2.75813;
0.290953;2.75828;
0.290973;2.75843;
0.290993;2.75859;
0.291013;2.75874;
0.291033;2.7589;
0.291053;2.75906;
0.291073;2.75921;
0.291093;2.75937;
0.291113;2.75953;
0.291133;2.75969;
0.291153;2.75984;
0.291173;2.76;
0.291193;2.76016;
0.291213;2.76032;
0.291233;2.76049;
0.291253;2.76065;
0.291273;2.76081;
0.291293;2.76097;
0.291313;2.76113;
0.291333;2.7613;
0.291353;2.76146;
0.291373;2.76163;
0.291393;2.76179;
0.291413;2.76196;
0.291433;2.76213;
0.291453;2.76229;
0.291473;2.76246;
0.291493;2.76263;
0.291513;2.7628;
0.291533;2.76297;
0.291553;2.76314;
0.291573;2.76331;
0.291593;2.76348;
0.291613;2.76365;
0.291633;2.76382;
0.291653;2.76399;
0.291673;2.76417;
0.291693;2.76434;
0.291713;2.76451;
0.291733;2.76469;
0.291753;2.76486;
0.291773;2.76504;
0.291793;2.76522;
0.291813;2.76539;
0.291833;2.76557;
0.291853;2.76575;
0.291873;2.76593;
0.291893;2.76611;
0.291913;2.76629;
0.291933;2.76647;
0.291953;2.76665;
0.291973;2.76683;
0.291993;2.76701;
0.292013;2.76719;
0.292033;2.76737;
0.292053;2.76756;
0.292073;2.76774;
0.292093;2.76793;
0.292113;2.76811;
0.292133;2.7683;
0.292153;2.76848;
0.292173;2.76867;
0.292193;2.76885;
0.292213;2.76904;
0.292233;2.76923;
0.292253;2.76942;
0.292273;2.76961;
0.292293;2.7698;
0.292313;2.76999;
0.292333;2.77018;
0.292353;2.77037;
0.292373;2.77056;
0.292393;2.77075;
0.292413;2.77095;
0.292433;2.77114;
0.292453;2.77133;
0.292473;2.77153;
0.292493;2.77172;
0.292513;2.77192;
0.292533;2.77212;
0.292553;2.77231;
0.292573;2.77251;
0.292593;2.77271;
0.292613;2.7729;
0.292633;2.7731;
0.292653;2.7733;
0.292673;2.7735;
0.292693;2.7737;
0.292713;2.7739;
0.292733;2.7741;
0.292753;2.77431;
0.292773;2.77451;
0.292793;2.77471;
0.292813;2.77492;
0.292833;2.77512;
0.292853;2.77532;
0.292873;2.77553;
0.292893;2.77573;
0.292913;2.77594;
0.292933;2.77615;
0.292953;2.77635;
0.292973;2.77656;
0.292993;2.77677;
0.293013;2.77698;
0.293033;2.77719;
0.293053;2.7774;
0.293073;2.77761;
0.293093;2.77782;
0.293113;2.77803;
0.293133;2.77824;
0.293153;2.77845;
0.293167;2.77857;
0.29318;2.77861;
0.293188;2.77861;
0.293194;2.77861;
0.293202;2.77861;
0.293209;2.77862;
0.293224;2.77862;
0.293244;2.77863;
0.293264;2.77864;
0.293284;2.77865;
0.293304;2.77866;
0.293304;2.77866;
0.293304;2.77866;
0.293305;2.77866;
0.293305;2.77866;
0.293305;2.77866;
0.293305;2.77866;
0.293306;2.77866;
0.293306;2.77866;
0.293307;2.77866;
0.29331;2.77866;
0.293315;2.77866;
0.293325;2.77867;
0.293345;2.77868;
0.293365;2.77869;
0.293385;2.7787;
0.293405;2.77872;
0.293425;2.77873;
0.293445;2.77874;
0.293465;2.77876;
0.293485;2.77877;
0.293505;2.77879;
0.293525;2.77881;
0.293545;2.77882;
0.293565;2.77884;
0.293585;2.77886;
0.293605;2.77888;
0.293625;2.7789;
0.293645;2.77892;
0.293665;2.77894;
0.293685;2.77896;
0.293705;2.77899;
0.293725;2.77901;
0.293745;2.77903;
0.293765;2.77906;
0.293785;2.77908;
0.293805;2.77911;
0.293825;2.77913;
0.293845;2.77916;
0.293865;2.77919;
0.293885;2.77922;
0.293905;2.77925;
0.293925;2.77928;
0.293945;2.77931;
0.293965;2.77934;
0.293985;2.77937;
0.294005;2.7794;
0.294025;2.77943;
0.294045;2.77946;
0.294065;2.7795;
0.294085;2.77953;
0.294105;2.77957;
0.294125;2.7796;
0.294145;2.77964;
0.294165;2.77968;
0.294185;2.77971;
0.294205;2.77975;
0.294225;2.77979;
0.294245;2.77983;
0.294265;2.77987;
0.294285;2.77991;
0.294305;2.77995;
0.294325;2.77999;
0.294345;2.78004;
0.294365;2.78008;
0.294385;2.78012;
0.294405;2.78017;
0.294425;2.78021;
0.294445;2.78026;
0.294465;2.7803;
0.294485;2.78035;
0.294505;2.7804;
0.294525;2.78045;
0.294545;2.78049;
0.294565;2.78054;
0.294585;2.78059;
0.294605;2.78064;
0.294625;2.7807;
0.294645;2.78075;
0.294665;2.7808;
0.294685;2.78085;
0.294705;2.78091;
0.294725;2.78096;
0.294745;2.78101;
0.294765;2.78107;
0.294785;2.78113;
0.294805;2.78118;
0.294825;2.78124;
0.294845;2.7813;
0.294865;2.78136;
0.294885;2.78142;
0.294905;2.78147;
0.294925;2.78153;
0.294945;2.7816;
0.294965;2.78166;
0.294985;2.78172;
0.295005;2.78178;
0.295025;2.78185;
0.295045;2.78191;
0.295065;2.78197;
0.295085;2.78204;
0.295105;2.7821;
0.295125;2.78217;
0.295145;2.78224;
0.295165;2.78231;
0.295185;2.78237;
0.295205;2.78244;
0.295225;2.78251;
0.295245;2.78258;
0.295265;2.78265;
0.295285;2.78272;
0.295305;2.78279;
0.295325;2.78287;
0.295345;2.78294;
0.295365;2.78301;
0.295385;2.78309;
0.295405;2.78316;
0.295425;2.78324;
0.295445;2.78331;
0.295465;2.78339;
0.295485;2.78347;
0.295505;2.78355;
0.295525;2.78362;
0.295545;2.7837;
0.295565;2.78378;
0.295585;2.78386;
0.295605;2.78394;
0.295625;2.78402;
0.295645;2.78411;
0.295665;2.78419;
0.295685;2.78427;
0.295705;2.78436;
0.295725;2.78444;
0.295745;2.78452;
0.295765;2.78461;
0.295785;2.7847;
0.295805;2.78478;
0.295825;2.78487;
0.295845;2.78496;
0.295865;2.78505;
0.295885;2.78514;
0.295905;2.78523;
0.295925;2.78532;
0.295945;2.78541;
0.295965;2.7855;
0.295985;2.78559;
0.296005;2.78568;
0.296025;2.78578;
0.296045;2.78587;
0.296065;2.78596;
0.296085;2.78606;
0.296105;2.78615;
0.296125;2.78625;
0.296145;2.78635;
0.296165;2.78644;
0.296185;2.78654;
0.296205;2.78664;
0.296225;2.78674;
0.296245;2.78684;
0.296265;2.78694;
0.296285;2.78704;
0.296305;2.78714;
0.296325;2.78724;
0.296345;2.78735;
0.296365;2.78745;
0.296385;2.78755;
0.296405;2.78766;
0.296425;2.78776;
0.296445;2.78787;
0.296465;2.78797;
0.296485;2.78808;
0.296505;2.78819;
0.296525;2.78829;
0.296545;2.7884;
0.296565;2.78851;
0.296585;2.78862;
0.296605;2.78873;
0.296625;2.78884;
0.296638;2.78891;
0.296638;2.78891;
0.296638;2.78891;
0.296639;2.78892;
0.296639;2.78892;
0.296639;2.78892;
0.296639;2.78892;
0.29664;2.78892;
0.29664;2.78892;
0.296641;2.78893;
0.296644;2.78895;
0.296649;2.78897;
0.296659;2.78903;
0.296679;2.78914;
0.296699;2.78926;
0.296719;2.78937;
0.296739;2.78948;
0.296759;2.7896;
0.296779;2.78971;
0.296799;2.78983;
0.296819;2.78995;
0.296839;2.79006;
0.296859;2.79018;
0.296879;2.7903;
0.296899;2.79042;
0.296919;2.79054;
0.296939;2.79065;
0.296959;2.79078;
0.296979;2.7909;
0.296999;2.79102;
0.297019;2.79114;
0.297039;2.79126;
0.297059;2.79138;
0.297079;2.79151;
0.297099;2.79163;
0.297119;2.79176;
0.297139;2.79188;
0.297159;2.79201;
0.297179;2.79214;
0.297199;2.79226;
0.297219;2.79239;
0.297239;2.79252;
0.297259;2.79265;
0.297279;2.79278;
0.297299;2.79291;
0.297319;2.79304;
0.297339;2.79317;
0.297359;2.7933;
0.297379;2.79343;
0.297399;2.79356;
0.297419;2.7937;
0.297439;2.79383;
0.297459;2.79397;
0.297479;2.7941;
0.297499;2.79424;
0.297519;2.79437;
0.297539;2.79451;
0.297559;2.79465;
0.297579;2.79478;
0.297599;2.79492;
0.297619;2.79506;
0.297639;2.7952;
0.297659;2.79534;
0.297679;2.79548;
0.297699;2.79562;
0.297719;2.79576;
0.297739;2.79591;
0.297759;2.79605;
0.297779;2.79619;
0.297799;2.79634;
0.297819;2.79648;
0.297839;2.79663;
0.297859;2.79677;
0.297879;2.79692;
0.297899;2.79707;
0.297919;2.79721;
0.297939;2.79736;
0.297959;2.79751;
0.297979;2.79766;
0.297999;2.79781;
0.298019;2.79796;
0.298039;2.79811;
0.298059;2.79826;
0.298079;2.79841;
0.298099;2.79856;
0.298119;2.79872;
0.298139;2.79887;
0.298159;2.79902;
0.298179;2.79918;
0.298199;2.79933;
0.298219;2.79949;
0.298239;2.79964;
0.298259;2.7998;
0.298279;2.79996;
0.298299;2.80012;
0.298319;2.80027;
0.298339;2.80043;
0.298359;2.80059;
0.298379;2.80075;
0.298399;2.80091;
0.298419;2.80107;
0.298439;2.80124;
0.298459;2.8014;
0.298479;2.80156;
0.298499;2.80172;
0.298519;2.80189;
0.298539;2.80205;
0.298559;2.80222;
0.298579;2.80238;
0.298599;2.80255;
0.298619;2.80271;
0.298639;2.80288;
0.298659;2.80305;
0.298679;2.80322;
0.298699;2.80339;
0.298719;2.80356;
0.298739;2.80372;
0.298759;2.8039;
0.298779;2.80407;
0.298799;2.80424;
0.298819;2.80441;
0.298839;2.80458;
0.298859;2.80475;
0.298879;2.80493;
0.298899;2.8051;
0.298919;2.80528;
0.298939;2.80545;
0.298959;2.80563;
0.298979;2.8058;
0.298999;2.80598;
0.299019;2.80616;
0.299039;2.80634;
0.299059;2.80651;
0.299079;2.80669;
0.299099;2.80687;
0.299119;2.80705;
0.299139;2.80723;
0.299159;2.80741;
0.299179;2.8076;
0.299199;2.80778;
0.299219;2.80796;
0.299239;2.80814;
0.299259;2.80833;
0.299279;2.80851;
0.299299;2.8087;
0.299319;2.80888;
0.299339;2.80907;
0.299359;2.80925;
0.299379;2.80944;
0.299399;2.80963;
0.299419;2.80982;
0.299439;2.81;
0.299459;2.81019;
0.299479;2.81038;
0.299499;2.81057;
0.299519;2.81076;
0.299539;2.81095;
0.299559;2.81115;
0.299579;2.81134;
0.299599;2.81153;
0.299619;2.81172;
0.299639;2.81192;
0.299659;2.81211;
0.299679;2.81231;
0.299699;2.8125;
0.299719;2.8127;
0.299739;2.8129;
0.299759;2.81309;
0.299779;2.81329;
0.299799;2.81349;
0.299819;2.81369;
0.299837;2.81384;
0.299851;2.81392;
0.299864;2.81398;
0.299872;2.81402;
0.299882;2.81407;
0.299902;2.81416;
0.299922;2.81426;
0.299937;2.8143;
0.299953;2.81431;
0.299964;2.81429;
0.29997;2.81428;
0.29997;2.81428;
0.29997;2.81428;
0.299971;2.81428;
0.299971;2.81428;
0.299971;2.81428;
0.299971;2.81428;
0.299972;2.81428;
0.299972;2.81428;
0.299973;2.81427;
0.299976;2.81427;
0.299981;2.81426;
0.299988;2.81425;
0.299994;2.81424;
0.300006;2.81422;
0.300026;2.81419;
0.300046;2.81417;
0.300066;2.81414;
0.300086;2.81411;
0.300106;2.81408;
0.300126;2.81406;
0.300146;2.81403;
0.300166;2.814;
0.300186;2.81398;
0.300206;2.81396;
0.300226;2.81393;
0.300246;2.81391;
0.300266;2.81389;
0.300286;2.81387;
0.300306;2.81385;
0.300326;2.81383;
0.300346;2.81381;
0.300366;2.81379;
0.300386;2.81377;
0.300406;2.81375;
0.300426;2.81374;
0.300446;2.81372;
0.300466;2.81371;
0.300486;2.81369;
0.300506;2.81368;
0.300526;2.81366;
0.300546;2.81365;
0.300566;2.81364;
0.300586;2.81363;
0.300606;2.81362;
0.300626;2.81361;
0.300646;2.8136;
0.300666;2.81359;
0.300686;2.81358;
0.300706;2.81357;
0.300726;2.81356;
0.300746;2.81356;
0.300766;2.81355;
0.300786;2.81355;
0.300806;2.81354;
0.300826;2.81354;
0.300846;2.81354;
0.300866;2.81353;
0.300886;2.81353;
0.300906;2.81353;
0.300926;2.81353;
0.300946;2.81353;
0.300966;2.81353;
0.300986;2.81353;
0.301006;2.81353;
0.301026;2.81354;
0.301046;2.81354;
0.301066;2.81354;
0.301086;2.81355;
0.301106;2.81355;
0.301126;2.81356;
0.301146;2.81357;
0.301166;2.81357;
0.301186;2.81358;
0.301206;2.81359;
0.301226;2.8136;
0.301246;2.81361;
0.301266;2.81362;
0.301286;2.81363;
0.301306;2.81364;
0.301326;2.81365;
0.301346;2.81367;
0.301366;2.81368;
0.301386;2.8137;
0.301406;2.81371;
0.301426;2.81373;
0.301446;2.81374;
0.301466;2.81376;
0.301486;2.81378;
0.301506;2.81379;
0.301526;2.81381;
0.301546;2.81383;
0.301566;2.81385;
0.301586;2.81387;
0.301606;2.81389;
0.301626;2.81391;
0.301646;2.81394;
0.301666;2.81396;
0.301686;2.81398;
0.301706;2.81401;
0.301726;2.81403;
0.301746;2.81406;
0.301766;2.81408;
0.301786;2.81411;
0.301806;2.81414;
0.301826;2.81417;
0.301846;2.8142;
0.301866;2.81422;
0.301886;2.81425;
0.301906;2.81429;
0.301926;2.81432;
0.301946;2.81435;
0.301966;2.81438;
0.301986;2.81441;
0.302006;2.81445;
0.302026;2.81448;
0.302046;2.81452;
0.302066;2.81455;
0.302086;2.81459;
0.302106;2.81462;
0.302126;2.81466;
0.302146;2.8147;
0.302166;2.81474;
0.302186;2.81478;
0.302206;2.81482;
0.302226;2.81486;
0.302246;2.8149;
0.302266;2.81494;
0.302286;2.81498;
0.302306;2.81503;
0.302326;2.81507;
0.302346;2.81511;
0.302366;2.81516;
0.302386;2.8152;
0.302406;2.81525;
0.302426;2.8153;
0.302446;2.81534;
0.302466;2.81539;
0.302486;2.81544;
0.302506;2.81549;
0.302526;2.81554;
0.302546;2.81559;
0.302566;2.81564;
0.302586;2.81569;
0.302606;2.81574;
0.302626;2.8158;
0.302646;2.81585;
0.302666;2.8159;
0.302686;2.81596;
0.302706;2.81601;
0.302726;2.81607;
0.302746;2.81613;
0.302766;2.81618;
0.302786;2.81624;
0.302806;2.8163;
0.302826;2.81636;
0.302846;2.81642;
0.302866;2.81648;
0.302886;2.81654;
0.302906;2.8166;
0.302926;2.81666;
0.302946;2.81672;
0.302966;2.81679;
0.302986;2.81685;
0.303006;2.81691;
0.303026;2.81698;
0.303046;2.81704;
0.303066;2.81711;
0.303086;2.81718;
0.303106;2.81724;
0.303126;2.81731;
0.303146;2.81738;
0.303166;2.81745;
0.303186;2.81752;
0.303206;2.81759;
0.303226;2.81766;
0.303246;2.81773;
0.303266;2.8178;
0.303286;2.81788;
0.303304;2.81794;
0.303304;2.81794;
0.303304;2.81794;
0.303305;2.81794;
0.303305;2.81794;
0.303305;2.81794;
0.303305;2.81794;
0.303306;2.81795;
0.303306;2.81795;
0.303307;2.81795;
0.30331;2.81796;
0.303315;2.81798;
0.303325;2.81802;
0.303345;2.81809;
0.303365;2.81817;
0.303385;2.81824;
0.303405;2.81832;
0.303425;2.8184;
0.303445;2.81847;
0.303465;2.81855;
0.303485;2.81863;
0.303505;2.81871;
0.303525;2.81879;
0.303545;2.81887;
0.303565;2.81895;
0.303585;2.81903;
0.303605;2.81912;
0.303625;2.8192;
0.303645;2.81928;
0.303665;2.81937;
0.303685;2.81945;
0.303705;2.81953;
0.303725;2.81962;
0.303745;2.81971;
0.303765;2.81979;
0.303785;2.81988;
0.303805;2.81997;
0.303825;2.82006;
0.303845;2.82015;
0.303865;2.82024;
0.303885;2.82033;
0.303905;2.82042;
0.303925;2.82051;
0.303945;2.8206;
0.303965;2.82069;
0.303985;2.82079;
0.304005;2.82088;
0.304025;2.82098;
0.304045;2.82107;
0.304065;2.82117;
0.304085;2.82126;
0.304105;2.82136;
0.304125;2.82146;
0.304145;2.82156;
0.304165;2.82165;
0.304185;2.82175;
0.304205;2.82185;
0.304225;2.82195;
0.304245;2.82205;
0.304265;2.82216;
0.304285;2.82226;
0.304305;2.82236;
0.304325;2.82246;
0.304345;2.82257;
0.304365;2.82267;
0.304385;2.82278;
0.304405;2.82288;
0.304425;2.82299;
0.304445;2.8231;
0.304465;2.8232;
0.304485;2.82331;
0.304505;2.82342;
0.304525;2.82353;
0.304545;2.82364;
0.304565;2.82375;
0.304585;2.82386;
0.304605;2.82397;
0.304625;2.82408;
0.304645;2.82419;
0.304665;2.82431;
0.304685;2.82442;
0.304705;2.82454;
0.304725;2.82465;
0.304745;2.82477;
0.304765;2.82488;
0.304785;2.825;
0.304805;2.82512;
0.304825;2.82523;
0.304845;2.82535;
0.304865;2.82547;
0.304885;2.82559;
0.304905;2.82571;
0.304925;2.82583;
0.304945;2.82595;
0.304965;2.82607;
0.304985;2.82619;
0.305005;2.82632;
0.305025;2.82644;
0.305045;2.82656;
0.305065;2.82669;
0.305085;2.82681;
0.305105;2.82694;
0.305125;2.82707;
0.305145;2.82719;
0.305165;2.82732;
0.305185;2.82745;
0.305205;2.82758;
0.305225;2.8277;
0.305245;2.82783;
0.305265;2.82796;
0.305285;2.82809;
0.305305;2.82823;
0.305325;2.82836;
0.305345;2.82849;
0.305365;2.82862;
0.305385;2.82876;
0.305405;2.82889;
0.305425;2.82902;
0.305445;2.82916;
0.305465;2.8293;
0.305485;2.82943;
0.305505;2.82957;
0.305525;2.82971;
0.305545;2.82984;
0.305565;2.82998;
0.305585;2.83012;
0.305605;2.83026;
0.305625;2.8304;
0.305645;2.83054;
0.305665;2.83068;
0.305685;2.83083;
0.305705;2.83097;
0.305725;2.83111;
0.305745;2.83125;
0.305765;2.8314;
0.305785;2.83154;
0.305805;2.83169;
0.305825;2.83183;
0.305845;2.83198;
0.305865;2.83213;
0.305885;2.83227;
0.305905;2.83242;
0.305925;2.83257;
0.305945;2.83272;
0.305965;2.83287;
0.305985;2.83302;
0.306005;2.83317;
0.306025;2.83332;
0.306045;2.83347;
0.306065;2.83362;
0.306085;2.83378;
0.306105;2.83393;
0.306125;2.83409;
0.306145;2.83424;
0.306165;2.83439;
0.306185;2.83455;
0.306205;2.83471;
0.306225;2.83486;
0.306245;2.83502;
0.306265;2.83518;
0.306285;2.83534;
0.306305;2.8355;
0.306325;2.83565;
0.306345;2.83581;
0.306365;2.83598;
0.306385;2.83614;
0.306405;2.8363;
0.306425;2.83646;
0.306445;2.83662;
0.306465;2.83679;
0.306485;2.83695;
0.306505;2.83711;
0.306525;2.83728;
0.30654;2.83737;
0.306555;2.83741;
0.306565;2.8374;
0.306576;2.8374;
0.306587;2.8374;
0.306599;2.83739;
0.306612;2.83739;
0.306632;2.83739;
0.306636;2.83739;
0.306636;2.83739;
0.306636;2.83739;
0.306637;2.83739;
0.306637;2.83739;
0.306637;2.83739;
0.306637;2.83739;
0.306638;2.83739;
0.306638;2.83739;
0.306639;2.83739;
0.306642;2.83739;
0.306647;2.83738;
0.306657;2.83738;
0.306677;2.83738;
0.306697;2.83738;
0.306717;2.83738;
0.306737;2.83738;
0.306757;2.83738;
0.306777;2.83738;
0.306797;2.83738;
0.306817;2.83738;
0.306837;2.83738;
0.306857;2.83739;
0.306877;2.83739;
0.306897;2.8374;
0.306917;2.8374;
0.306937;2.83741;
0.306957;2.83741;
0.306977;2.83742;
0.306997;2.83743;
0.307017;2.83744;
0.307037;2.83745;
0.307057;2.83746;
0.307077;2.83747;
0.307097;2.83748;
0.307117;2.83749;
0.307137;2.8375;
0.307157;2.83751;
0.307177;2.83753;
0.307197;2.83754;
0.307217;2.83756;
0.307237;2.83757;
0.307257;2.83759;
0.307277;2.8376;
0.307297;2.83762;
0.307317;2.83764;
0.307337;2.83766;
0.307357;2.83768;
0.307377;2.8377;
0.307397;2.83772;
0.307417;2.83774;
0.307437;2.83776;
0.307457;2.83778;
0.307477;2.83781;
0.307497;2.83783;
0.307517;2.83785;
0.307537;2.83788;
0.307557;2.8379;
0.307577;2.83793;
0.307597;2.83796;
0.307617;2.83798;
0.307637;2.83801;
0.307657;2.83804;
0.307677;2.83807;
0.307697;2.8381;
0.307717;2.83813;
0.307737;2.83816;
0.307757;2.83819;
0.307777;2.83822;
0.307797;2.83826;
0.307817;2.83829;
0.307837;2.83833;
0.307857;2.83836;
0.307877;2.8384;
0.307897;2.83843;
0.307917;2.83847;
0.307937;2.83851;
0.307957;2.83854;
0.307977;2.83858;
0.307997;2.83862;
0.308017;2.83866;
0.308037;2.8387;
0.308057;2.83874;
0.308077;2.83878;
0.308097;2.83883;
0.308117;2.83887;
0.308137;2.83891;
0.308157;2.83896;
0.308177;2.839;
0.308197;2.83905;
0.308217;2.83909;
0.308237;2.83914;
0.308257;2.83919;
0.308277;2.83923;
0.308297;2.83928;
0.308317;2.83933;
0.308337;2.83938;
0.308357;2.83943;
0.308377;2.83948;
0.308397;2.83953;
0.308417;2.83958;
0.308437;2.83964;
0.308457;2.83969;
0.308477;2.83974;
0.308497;2.8398;
0.308517;2.83985;
0.308537;2.83991;
0.308557;2.83996;
0.308577;2.84002;
0.308597;2.84008;
0.308617;2.84014;
0.308637;2.8402;
0.308657;2.84025;
0.308677;2.84031;
0.308697;2.84038;
0.308717;2.84044;
0.308737;2.8405;
0.308757;2.84056;
0.308777;2.84062;
0.308797;2.84069;
0.308817;2.84075;
0.308837;2.84082;
0.308857;2.84088;
0.308877;2.84095;
0.308897;2.84101;
0.308917;2.84108;
0.308937;2.84115;
0.308957;2.84122;
0.308977;2.84128;
0.308997;2.84135;
0.309017;2.84142;
0.309037;2.84149;
0.309057;2.84157;
0.309077;2.84164;
0.309097;2.84171;
0.309117;2.84178;
0.309137;2.84186;
0.309157;2.84193;
0.309177;2.84201;
0.309197;2.84208;
0.309217;2.84216;
0.309237;2.84223;
0.309257;2.84231;
0.309277;2.84239;
0.309297;2.84247;
0.309317;2.84255;
0.309337;2.84263;
0.309357;2.84271;
0.309377;2.84279;
0.309397;2.84287;
0.309417;2.84295;
0.309437;2.84303;
0.309457;2.84312;
0.309477;2.8432;
0.309497;2.84328;
0.309517;2.84337;
0.309537;2.84345;
0.309557;2.84354;
0.309577;2.84363;
0.309597;2.84371;
0.309617;2.8438;
0.309637;2.84389;
0.309657;2.84398;
0.309677;2.84407;
0.309697;2.84416;
0.309717;2.84425;
0.309737;2.84434;
0.309757;2.84443;
0.309777;2.84453;
0.309797;2.84462;
0.309817;2.84471;
0.309837;2.84481;
0.309857;2.8449;
0.309877;2.845;
0.309897;2.84509;
0.309917;2.84519;
0.309937;2.84529;
0.309957;2.84538;
0.30997;2.84545;
0.30997;2.84545;
0.30997;2.84545;
0.309971;2.84545;
0.309971;2.84545;
0.309971;2.84545;
0.309971;2.84545;
0.309972;2.84545;
0.309972;2.84546;
0.309973;2.84546;
0.309976;2.84548;
0.309981;2.8455;
0.309991;2.84555;
0.310011;2.84565;
0.310031;2.84575;
0.310051;2.84585;
0.310071;2.84595;
0.310091;2.84605;
0.310111;2.84616;
0.310131;2.84626;
0.310151;2.84636;
0.310171;2.84647;
0.310191;2.84657;
0.310211;2.84668;
0.310231;2.84678;
0.310251;2.84689;
0.310271;2.847;
0.310291;2.8471;
0.310311;2.84721;
0.310331;2.84732;
0.310351;2.84743;
0.310371;2.84754;
0.310391;2.84765;
0.310411;2.84776;
0.310431;2.84787;
0.310451;2.84798;
0.310471;2.8481;
0.310491;2.84821;
0.310511;2.84832;
0.310531;2.84844;
0.310551;2.84855;
0.310571;2.84867;
0.310591;2.84878;
0.310611;2.8489;
0.310631;2.84902;
0.310651;2.84913;
0.310671;2.84925;
0.310691;2.84937;
0.310711;2.84949;
0.310731;2.84961;
0.310751;2.84973;
0.310771;2.84985;
0.310791;2.84997;
0.310811;2.8501;
0.310831;2.85022;
0.310851;2.85034;
0.310871;2.85047;
0.310891;2.85059;
0.310911;2.85072;
0.310931;2.85084;
0.310951;2.85097;
0.310971;2.85109;
0.310991;2.85122;
0.311011;2.85135;
0.311031;2.85148;
0.311051;2.85161;
0.311071;2.85174;
0.311091;2.85187;
0.311111;2.852;
0.311131;2.85213;
0.311151;2.85226;
0.311171;2.85239;
0.311191;2.85253;
0.311211;2.85266;
0.311231;2.85279;
0.311251;2.85293;
0.311271;2.85306;
0.311291;2.8532;
0.311311;2.85334;
0.311331;2.85347;
0.311351;2.85361;
0.311371;2.85375;
0.311391;2.85389;
0.311411;2.85402;
0.311431;2.85416;
0.311451;2.8543;
0.311471;2.85445;
0.311491;2.85459;
0.311511;2.85473;
0.311531;2.85487;
0.311551;2.85501;
0.311571;2.85516;
0.311591;2.8553;
0.311611;2.85545;
0.311631;2.85559;
0.311651;2.85574;
0.311671;2.85588;
0.311691;2.85603;
0.311711;2.85618;
0.311731;2.85632;
0.311751;2.85647;
0.311771;2.85662;
0.311791;2.85677;
0.311811;2.85692;
0.311831;2.85707;
0.311851;2.85722;
0.311871;2.85738;
0.311891;2.85753;
0.311911;2.85768;
0.311931;2.85783;
0.311951;2.85799;
0.311971;2.85814;
0.311991;2.8583;
0.312011;2.85845;
0.312031;2.85861;
0.312051;2.85877;
0.312071;2.85892;
0.312091;2.85908;
0.312111;2.85924;
0.312131;2.8594;
0.312151;2.85956;
0.312171;2.85972;
0.312191;2.85988;
0.312211;2.86004;
0.312231;2.8602;
0.312251;2.86036;
0.312271;2.86052;
0.312291;2.86069;
0.312311;2.86085;
0.312331;2.86102;
0.312351;2.86118;
0.312371;2.86135;
0.312391;2.86151;
0.312411;2.86168;
0.312431;2.86185;
0.312451;2.86201;
0.312471;2.86218;
0.312491;2.86235;
0.312511;2.86252;
0.312531;2.86269;
0.312551;2.86286;
0.312571;2.86303;
0.312591;2.8632;
0.312611;2.86337;
0.312631;2.86354;
0.312651;2.86372;
0.312671;2.86389;
0.312691;2.86406;
0.312711;2.86424;
0.312731;2.86441;
0.312751;2.86459;
0.312771;2.86476;
0.312791;2.86494;
0.312811;2.86512;
0.312831;2.8653;
0.312851;2.86547;
0.312871;2.86565;
0.312891;2.86583;
0.312911;2.86601;
0.312931;2.86619;
0.312951;2.86637;
0.312971;2.86655;
0.312991;2.86674;
0.313011;2.86692;
0.313031;2.8671;
0.313051;2.86729;
0.313071;2.86747;
0.313091;2.86765;
0.313111;2.86784;
0.313131;2.86802;
0.313151;2.86821;
0.313171;2.86837;
0.313185;2.86845;
0.313197;2.8685;
0.313205;2.86854;
0.313214;2.86858;
0.313232;2.86866;
0.313238;2.86868;
0.313246;2.86871;
0.313253;2.86872;
0.31326;2.86873;
0.313268;2.86874;
0.313282;2.86877;
0.313302;2.8688;
0.313302;2.8688;
0.313302;2.8688;
0.313303;2.86881;
0.313303;2.86881;
0.313303;2.86881;
0.313303;2.86881;
0.313304;2.86881;
0.313304;2.86881;
0.313305;2.86881;
0.313308;2.86881;
0.313311;2.86882;
0.313313;2.86882;
0.313316;2.86882;
0.313319;2.86883;
0.313323;2.86883;
0.31333;2.86883;
0.313344;2.86884;
0.313364;2.86885;
0.313377;2.86885;
0.313391;2.86886;
0.313406;2.86887;
0.313426;2.86888;
0.313446;2.86889;
0.313466;2.86891;
0.313486;2.86892;
0.313506;2.86894;
0.313526;2.86895;
0.313546;2.86897;
0.313566;2.86898;
0.313586;2.869;
0.313606;2.86902;
0.313626;2.86904;
0.313646;2.86905;
0.313666;2.86907;
0.313686;2.86909;
0.313706;2.86911;
0.313726;2.86914;
0.313746;2.86916;
0.313766;2.86918;
0.313786;2.8692;
0.313806;2.86923;
0.313826;2.86925;
0.313846;2.86928;
0.313866;2.8693;
0.313886;2.86933;
0.313906;2.86936;
0.313926;2.86938;
0.313946;2.86941;
0.313966;2.86944;
0.313986;2.86947;
0.314006;2.8695;
0.314026;2.86953;
0.314046;2.86956;
0.314066;2.86959;
0.314086;2.86963;
0.314106;2.86966;
0.314126;2.86969;
0.314146;2.86973;
0.314166;2.86976;
0.314186;2.8698;
0.314206;2.86983;
0.314226;2.86987;
0.314246;2.86991;
0.314266;2.86995;
0.314286;2.86999;
0.314306;2.87002;
0.314326;2.87006;
0.314346;2.87011;
0.314366;2.87015;
0.314386;2.87019;
0.314406;2.87023;
0.314426;2.87027;
0.314446;2.87032;
0.314466;2.87036;
0.314486;2.87041;
0.314506;2.87045;
0.314526;2.8705;
0.314546;2.87054;
0.314566;2.87059;
0.314586;2.87064;
0.314606;2.87069;
0.314626;2.87074;
0.314646;2.87079;
0.314666;2.87084;
0.314686;2.87089;
0.314706;2.87094;
0.314726;2.87099;
0.314746;2.87104;
0.314766;2.8711;
0.314786;2.87115;
0.314806;2.87121;
0.314826;2.87126;
0.314846;2.87132;
0.314866;2.87137;
0.314886;2.87143;
0.314906;2.87149;
0.314926;2.87155;
0.314946;2.8716;
0.314966;2.87166;
0.314986;2.87172;
0.315006;2.87178;
0.315026;2.87185;
0.315046;2.87191;
0.315066;2.87197;
0.315086;2.87203;
0.315106;2.8721;
0.315126;2.87216;
0.315146;2.87222;
0.315166;2.87229;
0.315186;2.87236;
0.315206;2.87242;
0.315226;2.87249;
0.315246;2.87256;
0.315266;2.87263;
0.315286;2.8727;
0.315306;2.87276;
0.315326;2.87283;
0.315346;2.87291;
0.315366;2.87298;
0.315386;2.87305;
0.315406;2.87312;
0.315426;2.87319;
0.315446;2.87327;
0.315466;2.87334;
0.315486;2.87342;
0.315506;2.87349;
0.315526;2.87357;
0.315546;2.87365;
0.315566;2.87372;
0.315586;2.8738;
0.315606;2.87388;
0.315626;2.87396;
0.315646;2.87404;
0.315666;2.87412;
0.315686;2.8742;
0.315706;2.87428;
0.315726;2.87436;
0.315746;2.87444;
0.315766;2.87453;
0.315786;2.87461;
0.315806;2.8747;
0.315826;2.87478;
0.315846;2.87487;
0.315866;2.87495;
0.315886;2.87504;
0.315906;2.87513;
0.315926;2.87521;
0.315946;2.8753;
0.315966;2.87539;
0.315986;2.87548;
0.316006;2.87557;
0.316026;2.87566;
0.316046;2.87575;
0.316066;2.87584;
0.316086;2.87594;
0.316106;2.87603;
0.316126;2.87612;
0.316146;2.87622;
0.316166;2.87631;
0.316186;2.87641;
0.316206;2.8765;
0.316226;2.8766;
0.316246;2.8767;
0.316266;2.8768;
0.316286;2.87689;
0.316306;2.87699;
0.316326;2.87709;
0.316346;2.87719;
0.316366;2.87729;
0.316386;2.87739;
0.316406;2.8775;
0.316426;2.8776;
0.316446;2.8777;
0.316466;2.8778;
0.316486;2.87791;
0.316506;2.87801;
0.316526;2.87812;
0.316546;2.87822;
0.316566;2.87833;
0.316586;2.87844;
0.316606;2.87855;
0.316626;2.87865;
0.316636;2.87871;
0.316636;2.87871;
0.316636;2.87871;
0.316637;2.87871;
0.316637;2.87871;
0.316637;2.87871;
0.316637;2.87871;
0.316638;2.87872;
0.316638;2.87872;
0.316639;2.87873;
0.316642;2.87874;
0.316647;2.87877;
0.316657;2.87882;
0.316677;2.87893;
0.316697;2.87904;
0.316717;2.87915;
0.316737;2.87927;
0.316757;2.87938;
0.316777;2.87949;
0.316797;2.8796;
0.316817;2.87972;
0.316837;2.87983;
0.316857;2.87995;
0.316877;2.88006;
0.316897;2.88018;
0.316917;2.88029;
0.316937;2.88041;
0.316957;2.88053;
0.316977;2.88065;
0.316997;2.88076;
0.317017;2.88088;
0.317037;2.881;
0.317057;2.88112;
0.317077;2.88124;
0.317097;2.88137;
0.317117;2.88149;
0.317137;2.88161;
0.317157;2.88173;
0.317177;2.88186;
0.317197;2.88198;
0.317217;2.88211;
0.317237;2.88223;
0.317257;2.88236;
0.317277;2.88248;
0.317297;2.88261;
0.317317;2.88274;
0.317337;2.88287;
0.317357;2.883;
0.317377;2.88312;
0.317397;2.88325;
0.317417;2.88338;
0.317437;2.88352;
0.317457;2.88365;
0.317477;2.88378;
0.317497;2.88391;
0.317517;2.88405;
0.317537;2.88418;
0.317557;2.88431;
0.317577;2.88445;
0.317597;2.88458;
0.317617;2.88472;
0.317637;2.88486;
0.317657;2.88499;
0.317677;2.88513;
0.317697;2.88527;
0.317717;2.88541;
0.317737;2.88555;
0.317757;2.88569;
0.317777;2.88583;
0.317797;2.88597;
0.317817;2.88611;
0.317837;2.88625;
0.317857;2.88639;
0.317877;2.88654;
0.317897;2.88668;
0.317917;2.88683;
0.317937;2.88697;
0.317957;2.88712;
0.317977;2.88726;
0.317997;2.88741;
0.318017;2.88756;
0.318037;2.8877;
0.318057;2.88785;
0.318077;2.888;
0.318097;2.88815;
0.318117;2.8883;
0.318137;2.88845;
0.318157;2.8886;
0.318177;2.88875;
0.318197;2.8889;
0.318217;2.88906;
0.318237;2.88921;
0.318257;2.88936;
0.318277;2.88952;
0.318297;2.88967;
0.318317;2.88983;
0.318337;2.88998;
0.318357;2.89014;
0.318377;2.8903;
0.318397;2.89045;
0.318417;2.89061;
0.318437;2.89077;
0.318457;2.89093;
0.318477;2.89109;
0.318497;2.89125;
0.318517;2.89141;
0.318537;2.89157;
0.318557;2.89173;
0.318577;2.89189;
0.318597;2.89206;
0.318617;2.89222;
0.318637;2.89238;
0.318657;2.89255;
0.318677;2.89271;
0.318697;2.89288;
0.318717;2.89304;
0.318737;2.89321;
0.318757;2.89338;
0.318777;2.89354;
0.318797;2.89371;
0.318817;2.89388;
0.318837;2.89405;
0.318857;2.89422;
0.318877;2.89439;
0.318897;2.89456;
0.318917;2.89473;
0.318937;2.8949;
0.318957;2.89508;
0.318977;2.89525;
0.318997;2.89542;
0.319017;2.8956;
0.319037;2.89577;
0.319057;2.89595;
0.319077;2.89612;
0.319097;2.8963;
0.319117;2.89648;
0.319137;2.89665;
0.319157;2.89683;
0.319177;2.89701;
0.319197;2.89719;
0.319217;2.89737;
0.319237;2.89755;
0.319257;2.89773;
0.319277;2.89791;
0.319297;2.89809;
0.319317;2.89827;
0.319337;2.89845;
0.319357;2.89864;
0.319377;2.89882;
0.319397;2.899;
0.319417;2.89919;
0.319437;2.89937;
0.319457;2.89956;
0.319477;2.89975;
0.319497;2.89993;
0.319517;2.90012;
0.319537;2.90031;
0.319557;2.90049;
0.319577;2.90068;
0.319597;2.90087;
0.319617;2.90106;
0.319637;2.90125;
0.319657;2.90144;
0.319677;2.90164;
0.319697;2.90183;
0.319717;2.90202;
0.319737;2.90221;
0.319757;2.90241;
0.319777;2.9026;
0.319797;2.90279;
0.319817;2.90297;
0.319829;2.90304;
0.31984;2.9031;
0.319846;2.90312;
0.319853;2.90316;
0.319868;2.90323;
0.319885;2.90331;
0.319899;2.90336;
0.319911;2.90339;
0.319919;2.9034;
0.319928;2.90341;
0.319938;2.90342;
0.319957;2.90344;
0.319968;2.90346;
0.319968;2.90346;
0.319968;2.90346;
0.319969;2.90346;
0.319969;2.90346;
0.319969;2.90346;
0.319969;2.90346;
0.31997;2.90346;
0.31997;2.90346;
0.319971;2.90346;
0.319974;2.90347;
0.319979;2.90347;
0.319989;2.90349;
0.320009;2.90351;
0.320029;2.90354;
0.320049;2.90356;
0.320069;2.90359;
0.320088;2.90362;
0.320107;2.90365;
0.320127;2.90367;
0.320147;2.9037;
0.320167;2.90374;
0.320187;2.90377;
0.320207;2.9038;
0.320227;2.90383;
0.320247;2.90386;
0.320267;2.9039;
0.320287;2.90393;
0.320307;2.90397;
0.320327;2.904;
0.320347;2.90404;
0.320367;2.90408;
0.320387;2.90411;
0.320407;2.90415;
0.320427;2.90419;
0.320447;2.90423;
0.320467;2.90427;
0.320487;2.90431;
0.320507;2.90435;
0.320527;2.90439;
0.320547;2.90443;
0.320567;2.90448;
0.320587;2.90452;
0.320607;2.90456;
0.320627;2.90461;
0.320647;2.90465;
0.320667;2.9047;
0.320687;2.90475;
0.320707;2.90479;
0.320727;2.90484;
0.320747;2.90489;
0.320767;2.90494;
0.320787;2.90499;
0.320807;2.90504;
0.320827;2.90509;
0.320847;2.90514;
0.320867;2.90519;
0.320887;2.90524;
0.320907;2.9053;
0.320927;2.90535;
0.320947;2.90541;
0.320967;2.90546;
0.320987;2.90552;
0.321007;2.90557;
0.321027;2.90563;
0.321047;2.90569;
0.321067;2.90574;
0.321087;2.9058;
0.321107;2.90586;
0.321127;2.90592;
0.321147;2.90598;
0.321167;2.90604;
0.321187;2.90611;
0.321207;2.90617;
0.321227;2.90623;
0.321247;2.90629;
0.321267;2.90636;
0.321287;2.90642;
0.321307;2.90649;
0.321327;2.90655;
0.321347;2.90662;
0.321367;2.90669;
0.321387;2.90675;
0.321407;2.90682;
0.321427;2.90689;
0.321447;2.90696;
0.321467;2.90703;
0.321487;2.9071;
0.321507;2.90717;
0.321527;2.90724;
0.321547;2.90732;
0.321567;2.90739;
0.321587;2.90746;
0.321607;2.90754;
0.321627;2.90761;
0.321647;2.90769;
0.321667;2.90776;
0.321687;2.90784;
0.321707;2.90791;
0.321727;2.90799;
0.321747;2.90807;
0.321767;2.90815;
0.321787;2.90823;
0.321807;2.90831;
0.321827;2.90839;
0.321847;2.90847;
0.321867;2.90855;
0.321887;2.90863;
0.321907;2.90872;
0.321927;2.9088;
0.321947;2.90888;
0.321967;2.90897;
0.321987;2.90905;
0.322007;2.90914;
0.322027;2.90923;
0.322047;2.90931;
0.322067;2.9094;
0.322087;2.90949;
0.322107;2.90958;
0.322127;2.90967;
0.322147;2.90976;
0.322167;2.90985;
0.322187;2.90994;
0.322207;2.91003;
0.322227;2.91012;
0.322247;2.91021;
0.322267;2.91031;
0.322287;2.9104;
0.322307;2.9105;
0.322327;2.91059;
0.322347;2.91069;
0.322367;2.91078;
0.322387;2.91088;
0.322407;2.91098;
0.322427;2.91107;
0.322447;2.91117;
0.322467;2.91127;
0.322487;2.91137;
0.322507;2.91147;
0.322527;2.91157;
0.322547;2.91167;
0.322567;2.91178;
0.322587;2.91188;
0.322607;2.91198;
0.322627;2.91209;
0.322647;2.91219;
0.322667;2.91229;
0.322687;2.9124;
0.322707;2.91251;
0.322727;2.91261;
0.322747;2.91272;
0.322767;2.91283;
0.322787;2.91294;
0.322807;2.91304;
0.322827;2.91315;
0.322847;2.91326;
0.322867;2.91337;
0.322887;2.91348;
0.322907;2.9136;
0.322927;2.91371;
0.322947;2.91382;
0.322967;2.91393;
0.322987;2.91405;
0.323007;2.91416;
0.323027;2.91428;
0.323047;2.91439;
0.323067;2.91451;
0.323087;2.91463;
0.323107;2.91474;
0.323127;2.91486;
0.323147;2.91498;
0.323167;2.9151;
0.323187;2.91522;
0.323207;2.91534;
0.323227;2.91546;
0.323247;2.91558;
0.323267;2.9157;
0.323287;2.91582;
0.323302;2.91592;
0.323302;2.91592;
0.323302;2.91592;
0.323303;2.91592;
0.323303;2.91592;
0.323303;2.91592;
0.323303;2.91592;
0.323304;2.91592;
0.323304;2.91593;
0.323305;2.91594;
0.323308;2.91595;
0.323313;2.91598;
0.323323;2.91605;
0.323343;2.91617;
0.323363;2.9163;
0.323383;2.91642;
0.323403;2.91655;
0.323423;2.91667;
0.323443;2.9168;
0.323463;2.91693;
0.323483;2.91705;
0.323503;2.91718;
0.323523;2.91731;
0.323543;2.91744;
0.323563;2.91757;
0.323583;2.9177;
0.323603;2.91783;
0.323623;2.91796;
0.323643;2.9181;
0.323663;2.91823;
0.323683;2.91836;
0.323703;2.9185;
0.323723;2.91863;
0.323743;2.91877;
0.323763;2.9189;
0.323783;2.91904;
0.323803;2.91917;
0.323823;2.91931;
0.323843;2.91945;
0.323863;2.91959;
0.323883;2.91973;
0.323903;2.91987;
0.323923;2.92001;
0.323943;2.92015;
0.323963;2.92029;
0.323983;2.92043;
0.324003;2.92057;
0.324023;2.92071;
0.324043;2.92086;
0.324063;2.921;
0.324083;2.92115;
0.324103;2.92129;
0.324123;2.92144;
0.324143;2.92158;
0.324163;2.92173;
0.324183;2.92188;
0.324203;2.92202;
0.324223;2.92217;
0.324243;2.92232;
0.324263;2.92247;
0.324283;2.92262;
0.324303;2.92277;
0.324323;2.92292;
0.324343;2.92307;
0.324363;2.92322;
0.324383;2.92338;
0.324403;2.92353;
0.324423;2.92368;
0.324443;2.92384;
0.324463;2.92399;
0.324483;2.92415;
0.324503;2.9243;
0.324523;2.92446;
0.324543;2.92462;
0.324563;2.92477;
0.324583;2.92493;
0.324603;2.92509;
0.324623;2.92525;
0.324643;2.92541;
0.324663;2.92557;
0.324683;2.92573;
0.324703;2.92589;
0.324723;2.92605;
0.324743;2.92622;
0.324763;2.92638;
0.324783;2.92654;
0.324803;2.92671;
0.324823;2.92687;
0.324843;2.92703;
0.324863;2.9272;
0.324883;2.92737;
0.324903;2.92753;
0.324923;2.9277;
0.324943;2.92787;
0.324963;2.92804;
0.324983;2.9282;
0.325003;2.92837;
0.325023;2.92854;
0.325043;2.92871;
0.325063;2.92888;
0.325083;2.92906;
0.325103;2.92923;
0.325123;2.9294;
0.325143;2.92957;
0.325163;2.92975;
0.325183;2.92992;
0.325203;2.93009;
0.325223;2.93027;
0.325243;2.93044;
0.325263;2.93062;
0.325283;2.9308;
0.325303;2.93097;
0.325323;2.93115;
0.325343;2.93133;
0.325363;2.93151;
0.325383;2.93169;
0.325403;2.93187;
0.325423;2.93205;
0.325443;2.93223;
0.325463;2.93241;
0.325483;2.93259;
0.325503;2.93277;
0.325523;2.93296;
0.325543;2.93314;
0.325563;2.93332;
0.325583;2.93351;
0.325603;2.93369;
0.325623;2.93388;
0.325643;2.93407;
0.325663;2.93425;
0.325683;2.93444;
0.325703;2.93463;
0.325723;2.93481;
0.325743;2.935;
0.325763;2.93519;
0.325783;2.93538;
0.325803;2.93557;
0.325823;2.93576;
0.325843;2.93595;
0.325863;2.93615;
0.325883;2.93634;
0.325903;2.93653;
0.325923;2.93672;
0.325943;2.93692;
0.325963;2.93711;
0.325983;2.93731;
0.326003;2.9375;
0.326023;2.9377;
0.326043;2.93789;
0.326063;2.93809;
0.326083;2.93829;
0.326103;2.93849;
0.326123;2.93869;
0.326143;2.93888;
0.326163;2.93908;
0.326183;2.93928;
0.326203;2.93948;
0.326223;2.93968;
0.326243;2.93989;
0.326263;2.94009;
0.326283;2.94029;
0.326303;2.94049;
0.326323;2.9407;
0.326343;2.9409;
0.326363;2.94111;
0.326383;2.94131;
0.326403;2.94152;
0.326423;2.94172;
0.326443;2.94193;
0.32646;2.94208;
0.326474;2.94217;
0.326487;2.94223;
0.326497;2.94227;
0.326506;2.94231;
0.326524;2.9424;
0.326544;2.94249;
0.326564;2.94258;
0.326578;2.94263;
0.326593;2.94263;
0.326608;2.9426;
0.326622;2.94258;
0.326634;2.94255;
0.326634;2.94255;
0.326634;2.94255;
0.326635;2.94255;
0.326635;2.94255;
0.326635;2.94255;
0.326635;2.94255;
0.326636;2.94255;
0.326636;2.94255;
0.326637;2.94255;
0.32664;2.94254;
0.326645;2.94253;
0.326655;2.94251;
0.326675;2.94247;
0.326695;2.94244;
0.326715;2.9424;
0.326735;2.94236;
0.326755;2.94233;
0.326775;2.94229;
0.326795;2.94226;
0.326815;2.94223;
0.326835;2.94219;
0.326855;2.94216;
0.326875;2.94213;
0.326895;2.9421;
0.326915;2.94207;
0.326935;2.94204;
0.326955;2.94201;
0.326975;2.94198;
0.326995;2.94196;
0.327015;2.94193;
0.327035;2.9419;
0.327055;2.94188;
0.327075;2.94185;
0.327095;2.94183;
0.327115;2.9418;
0.327135;2.94178;
0.327155;2.94176;
0.327175;2.94174;
0.327195;2.94172;
0.327215;2.9417;
0.327235;2.94168;
0.327255;2.94166;
0.327275;2.94164;
0.327295;2.94162;
0.327315;2.9416;
0.327335;2.94159;
0.327355;2.94157;
0.327375;2.94156;
0.327395;2.94154;
0.327415;2.94153;
0.327435;2.94151;
0.327455;2.9415;
0.327475;2.94149;
0.327495;2.94148;
0.327515;2.94147;
0.327535;2.94146;
0.327555;2.94145;
0.327575;2.94144;
0.327595;2.94143;
0.327615;2.94142;
0.327635;2.94142;
0.327655;2.94141;
0.327675;2.9414;
0.327695;2.9414;
0.327715;2.94139;
0.327735;2.94139;
0.327755;2.94139;
0.327775;2.94138;
0.327795;2.94138;
0.327815;2.94138;
0.327835;2.94138;
0.327855;2.94138;
0.327875;2.94138;
0.327895;2.94138;
0.327915;2.94139;
0.327935;2.94139;
0.327955;2.94139;
0.327975;2.94139;
0.327995;2.9414;
0.328015;2.9414;
0.328035;2.94141;
0.328055;2.94142;
0.328075;2.94142;
0.328095;2.94143;
0.328115;2.94144;
0.328135;2.94145;
0.328155;2.94146;
0.328175;2.94147;
0.328195;2.94148;
0.328215;2.94149;
0.328235;2.9415;
0.328255;2.94151;
0.328275;2.94153;
0.328295;2.94154;
0.328315;2.94156;
0.328335;2.94157;
0.328355;2.94159;
0.328375;2.9416;
0.328395;2.94162;
0.328415;2.94164;
0.328435;2.94166;
0.328455;2.94167;
0.328475;2.94169;
0.328495;2.94171;
0.328515;2.94173;
0.328535;2.94176;
0.328555;2.94178;
0.328575;2.9418;
0.328595;2.94182;
0.328615;2.94185;
0.328635;2.94187;
0.328655;2.9419;
0.328675;2.94192;
0.328695;2.94195;
0.328715;2.94197;
0.328735;2.942;
0.328755;2.94203;
0.328775;2.94206;
0.328795;2.94209;
0.328815;2.94212;
0.328835;2.94215;
0.328855;2.94218;
0.328875;2.94221;
0.328895;2.94224;
0.328915;2.94228;
0.328935;2.94231;
0.328955;2.94234;
0.328975;2.94238;
0.328995;2.94242;
0.329015;2.94245;
0.329035;2.94249;
0.329055;2.94253;
0.329075;2.94256;
0.329095;2.9426;
0.329115;2.94264;
0.329135;2.94268;
0.329155;2.94272;
0.329175;2.94276;
0.329195;2.9428;
0.329215;2.94285;
0.329235;2.94289;
0.329255;2.94293;
0.329275;2.94298;
0.329295;2.94302;
0.329315;2.94306;
0.329335;2.94311;
0.329355;2.94316;
0.329375;2.9432;
0.329395;2.94325;
0.329415;2.9433;
0.329435;2.94335;
0.329455;2.9434;
0.329475;2.94345;
0.329495;2.9435;
0.329515;2.94355;
0.329535;2.9436;
0.329555;2.94365;
0.329575;2.94371;
0.329595;2.94376;
0.329615;2.94381;
0.329635;2.94387;
0.329655;2.94392;
0.329675;2.94398;
0.329695;2.94404;
0.329715;2.94409;
0.329735;2.94415;
0.329755;2.94421;
0.329775;2.94427;
0.329795;2.94433;
0.329815;2.94439;
0.329835;2.94445;
0.329855;2.94451;
0.329875;2.94457;
0.329895;2.94464;
0.329915;2.9447;
0.329935;2.94476;
0.329955;2.94483;
0.329968;2.94487;
0.329968;2.94487;
0.329968;2.94487;
0.329969;2.94487;
0.329969;2.94487;
0.329969;2.94487;
0.329969;2.94487;
0.32997;2.94487;
0.32997;2.94487;
0.329971;2.94488;
0.329974;2.94489;
0.329979;2.9449;
0.329989;2.94494;
0.330009;2.945;
0.330029;2.94507;
0.330049;2.94514;
0.330069;2.9452;
0.330089;2.94527;
0.330109;2.94534;
0.330129;2.94541;
0.330149;2.94548;
0.330169;2.94555;
0.330189;2.94562;
0.330209;2.94569;
0.330229;2.94577;
0.330249;2.94584;
0.330269;2.94591;
0.330289;2.94599;
0.330309;2.94606;
0.330329;2.94614;
0.330349;2.94621;
0.330369;2.94629;
0.330389;2.94637;
0.330409;2.94645;
0.330429;2.94652;
0.330449;2.9466;
0.330469;2.94668;
0.330489;2.94676;
0.330509;2.94684;
0.330529;2.94692;
0.330549;2.94701;
0.330569;2.94709;
0.330589;2.94717;
0.330609;2.94725;
0.330629;2.94734;
0.330649;2.94742;
0.330669;2.94751;
0.330689;2.94759;
0.330709;2.94768;
0.330729;2.94777;
0.330749;2.94785;
0.330769;2.94794;
0.330789;2.94803;
0.330809;2.94812;
0.330829;2.94821;
0.330849;2.9483;
0.330869;2.94839;
0.330889;2.94848;
0.330909;2.94858;
0.330929;2.94867;
0.330949;2.94876;
0.330969;2.94886;
0.330989;2.94895;
0.331009;2.94905;
0.331029;2.94914;
0.331049;2.94924;
0.331069;2.94933;
0.331089;2.94943;
0.331109;2.94953;
0.331129;2.94963;
0.331149;2.94973;
0.331169;2.94983;
0.331189;2.94993;
0.331209;2.95003;
0.331229;2.95013;
0.331249;2.95023;
0.331269;2.95033;
0.331289;2.95044;
0.331309;2.95054;
0.331329;2.95064;
0.331349;2.95075;
0.331369;2.95085;
0.331389;2.95096;
0.331409;2.95107;
0.331429;2.95117;
0.331449;2.95128;
0.331469;2.95139;
0.331489;2.9515;
0.331509;2.95161;
0.331529;2.95172;
0.331549;2.95183;
0.331569;2.95194;
0.331589;2.95205;
0.331609;2.95216;
0.331629;2.95228;
0.331649;2.95239;
0.331669;2.9525;
0.331689;2.95262;
0.331709;2.95273;
0.331729;2.95285;
0.331749;2.95296;
0.331769;2.95308;
0.331789;2.9532;
0.331809;2.95331;
0.331829;2.95343;
0.331849;2.95355;
0.331869;2.95367;
0.331889;2.95379;
0.331909;2.95391;
0.331929;2.95403;
0.331949;2.95415;
0.331969;2.95428;
0.331989;2.9544;
0.332009;2.95452;
0.332029;2.95465;
0.332049;2.95477;
0.332069;2.9549;
0.332089;2.95502;
0.332109;2.95515;
0.332129;2.95527;
0.332149;2.9554;
0.332169;2.95553;
0.332189;2.95566;
0.332209;2.95579;
0.332229;2.95592;
0.332249;2.95605;
0.332269;2.95618;
0.332289;2.95631;
0.332309;2.95644;
0.332329;2.95657;
0.332349;2.9567;
0.332369;2.95684;
0.332389;2.95697;
0.332409;2.95711;
0.332429;2.95724;
0.332449;2.95738;
0.332469;2.95751;
0.332489;2.95765;
0.332509;2.95779;
0.332529;2.95792;
0.332549;2.95806;
0.332569;2.9582;
0.332589;2.95834;
0.332609;2.95848;
0.332629;2.95862;
0.332649;2.95876;
0.332669;2.9589;
0.332689;2.95905;
0.332709;2.95919;
0.332729;2.95933;
0.332749;2.95947;
0.332769;2.95962;
0.332789;2.95976;
0.332809;2.95991;
0.332829;2.96005;
0.332849;2.9602;
0.332869;2.96035;
0.332889;2.9605;
0.332909;2.96064;
0.332929;2.96079;
0.332949;2.96094;
0.332969;2.96109;
0.332989;2.96124;
0.333009;2.96139;
0.333029;2.96154;
0.333049;2.9617;
0.333069;2.96185;
0.333089;2.962;
0.333109;2.96215;
0.333129;2.96231;
0.333149;2.96246;
0.333169;2.96262;
0.333185;2.96271;
0.3332;2.96275;
0.333212;2.96275;
0.333223;2.96275;
0.333238;2.96275;
0.33325;2.96275;
0.333263;2.96275;
0.333283;2.96276;
0.3333;2.96276;
0.3333;2.96276;
0.3333;2.96276;
0.333301;2.96276;
0.333301;2.96276;
0.333301;2.96276;
0.333301;2.96276;
0.333302;2.96276;
0.333302;2.96276;
0.333303;2.96276;
0.333306;2.96276;
0.333311;2.96276;
0.333321;2.96277;
0.333339;2.96277;
0.333356;2.96278;
0.333376;2.96278;
0.333396;2.96279;
0.333416;2.9628;
0.333436;2.96281;
0.333456;2.96282;
0.333476;2.96283;
0.333496;2.96284;
0.333516;2.96285;
0.333536;2.96286;
0.333556;2.96287;
0.333576;2.96289;
0.333596;2.9629;
0.333616;2.96291;
0.333636;2.96293;
0.333656;2.96294;
0.333676;2.96296;
0.333696;2.96298;
0.333716;2.96299;
0.333736;2.96301;
0.333756;2.96303;
0.333776;2.96305;
0.333796;2.96307;
0.333816;2.96309;
0.333836;2.96311;
0.333856;2.96313;
0.333876;2.96315;
0.333896;2.96318;
0.333916;2.9632;
0.333936;2.96322;
0.333956;2.96325;
0.333976;2.96327;
0.333996;2.9633;
0.334016;2.96333;
0.334036;2.96335;
0.334056;2.96338;
0.334076;2.96341;
0.334096;2.96344;
0.334116;2.96347;
0.334136;2.9635;
0.334156;2.96353;
0.334176;2.96356;
0.334196;2.96359;
0.334216;2.96362;
0.334236;2.96366;
0.334256;2.96369;
0.334276;2.96373;
0.334296;2.96376;
0.334316;2.9638;
0.334336;2.96383;
0.334356;2.96387;
0.334376;2.96391;
0.334396;2.96395;
0.334416;2.96398;
0.334436;2.96402;
0.334456;2.96406;
0.334476;2.9641;
0.334496;2.96415;
0.334516;2.96419;
0.334536;2.96423;
0.334556;2.96427;
0.334576;2.96432;
0.334596;2.96436;
0.334616;2.96441;
0.334636;2.96445;
0.334656;2.9645;
0.334676;2.96454;
0.334696;2.96459;
0.334716;2.96464;
0.334736;2.96469;
0.334756;2.96474;
0.334776;2.96478;
0.334796;2.96484;
0.334816;2.96489;
0.334836;2.96494;
0.334856;2.96499;
0.334876;2.96504;
0.334896;2.96509;
0.334916;2.96515;
0.334936;2.9652;
0.334956;2.96526;
0.334976;2.96531;
0.334996;2.96537;
0.335016;2.96543;
0.335036;2.96548;
0.335056;2.96554;
0.335076;2.9656;
0.335096;2.96566;
0.335116;2.96572;
0.335136;2.96578;
0.335156;2.96584;
0.335176;2.9659;
0.335196;2.96596;
0.335216;2.96603;
0.335236;2.96609;
0.335256;2.96615;
0.335276;2.96622;
0.335296;2.96628;
0.335316;2.96635;
0.335336;2.96642;
0.335356;2.96648;
0.335376;2.96655;
0.335396;2.96662;
0.335416;2.96669;
0.335436;2.96676;
0.335456;2.96683;
0.335476;2.9669;
0.335496;2.96697;
0.335516;2.96704;
0.335536;2.96711;
0.335556;2.96718;
0.335576;2.96726;
0.335596;2.96733;
0.335616;2.9674;
0.335636;2.96748;
0.335656;2.96756;
0.335676;2.96763;
0.335696;2.96771;
0.335716;2.96779;
0.335736;2.96786;
0.335756;2.96794;
0.335776;2.96802;
0.335796;2.9681;
0.335816;2.96818;
0.335836;2.96826;
0.335856;2.96834;
0.335876;2.96843;
0.335896;2.96851;
0.335916;2.96859;
0.335936;2.96868;
0.335956;2.96876;
0.335976;2.96884;
0.335996;2.96893;
0.336016;2.96902;
0.336036;2.9691;
0.336056;2.96919;
0.336076;2.96928;
0.336096;2.96937;
0.336116;2.96946;
0.336136;2.96955;
0.336156;2.96964;
0.336176;2.96973;
0.336196;2.96982;
0.336216;2.96991;
0.336236;2.97;
0.336256;2.97009;
0.336276;2.97019;
0.336296;2.97028;
0.336316;2.97038;
0.336336;2.97047;
0.336356;2.97057;
0.336376;2.97066;
0.336396;2.97076;
0.336416;2.97086;
0.336436;2.97096;
0.336456;2.97106;
0.336476;2.97116;
0.336496;2.97126;
0.336516;2.97136;
0.336536;2.97146;
0.336556;2.97156;
0.336576;2.97166;
0.336596;2.97176;
0.336616;2.97187;
0.336634;2.97196;
0.336634;2.97196;
0.336634;2.97196;
0.336635;2.97196;
0.336635;2.97196;
0.336635;2.97196;
0.336635;2.97196;
0.336636;2.97197;
0.336636;2.97197;
0.336637;2.97198;
0.33664;2.97199;
0.336645;2.97202;
0.336655;2.97207;
0.336675;2.97217;
0.336695;2.97228;
0.336715;2.97239;
0.336735;2.97249;
0.336755;2.9726;
0.336775;2.97271;
0.336795;2.97282;
0.336815;2.97292;
0.336835;2.97303;
0.336855;2.97314;
0.336875;2.97326;
0.336895;2.97337;
0.336915;2.97348;
0.336935;2.97359;
0.336955;2.9737;
0.336975;2.97382;
0.336995;2.97393;
0.337015;2.97404;
0.337035;2.97416;
0.337055;2.97428;
0.337075;2.97439;
0.337095;2.97451;
0.337115;2.97463;
0.337135;2.97474;
0.337155;2.97486;
0.337175;2.97498;
0.337195;2.9751;
0.337215;2.97522;
0.337235;2.97534;
0.337255;2.97546;
0.337275;2.97558;
0.337295;2.97571;
0.337315;2.97583;
0.337335;2.97595;
0.337355;2.97608;
0.337375;2.9762;
0.337395;2.97633;
0.337415;2.97645;
0.337435;2.97658;
0.337455;2.97671;
0.337475;2.97683;
0.337495;2.97696;
0.337515;2.97709;
0.337535;2.97722;
0.337555;2.97735;
0.337575;2.97748;
0.337595;2.97761;
0.337615;2.97774;
0.337635;2.97787;
0.337655;2.978;
0.337675;2.97814;
0.337695;2.97827;
0.337715;2.9784;
0.337735;2.97854;
0.337755;2.97867;
0.337775;2.97881;
0.337795;2.97895;
0.337815;2.97908;
0.337835;2.97922;
0.337855;2.97936;
0.337875;2.9795;
0.337895;2.97963;
0.337915;2.97977;
0.337935;2.97991;
0.337955;2.98005;
0.337975;2.98019;
0.337995;2.98034;
0.338015;2.98048;
0.338035;2.98062;
0.338055;2.98076;
0.338075;2.98091;
0.338095;2.98105;
0.338115;2.9812;
0.338135;2.98134;
0.338155;2.98149;
0.338175;2.98164;
0.338195;2.98178;
0.338215;2.98193;
0.338235;2.98208;
0.338255;2.98223;
0.338275;2.98238;
0.338295;2.98253;
0.338315;2.98268;
0.338335;2.98283;
0.338355;2.98298;
0.338375;2.98313;
0.338395;2.98328;
0.338415;2.98343;
0.338435;2.98359;
0.338455;2.98374;
0.338475;2.9839;
0.338495;2.98405;
0.338515;2.98421;
0.338535;2.98436;
0.338555;2.98452;
0.338575;2.98468;
0.338595;2.98484;
0.338615;2.98499;
0.338635;2.98515;
0.338655;2.98531;
0.338675;2.98547;
0.338695;2.98563;
0.338715;2.98579;
0.338735;2.98595;
0.338755;2.98612;
0.338775;2.98628;
0.338795;2.98644;
0.338815;2.98661;
0.338835;2.98677;
0.338855;2.98693;
0.338875;2.9871;
0.338895;2.98727;
0.338915;2.98743;
0.338935;2.9876;
0.338955;2.98777;
0.338975;2.98793;
0.338995;2.9881;
0.339015;2.98827;
0.339035;2.98844;
0.339055;2.98861;
0.339075;2.98878;
0.339095;2.98895;
0.339115;2.98912;
0.339135;2.98929;
0.339155;2.98947;
0.339175;2.98964;
0.339195;2.98981;
0.339215;2.98999;
0.339235;2.99016;
0.339255;2.99034;
0.339275;2.99051;
0.339295;2.99069;
0.339315;2.99087;
0.339335;2.99104;
0.339355;2.99122;
0.339375;2.9914;
0.339395;2.99158;
0.339415;2.99176;
0.339435;2.99194;
0.339455;2.99212;
0.339475;2.9923;
0.339495;2.99248;
0.339515;2.99266;
0.339535;2.99285;
0.339555;2.99303;
0.339575;2.99321;
0.339595;2.9934;
0.339615;2.99358;
0.339635;2.99377;
0.339655;2.99395;
0.339675;2.99414;
0.339695;2.99432;
0.339715;2.99451;
0.339735;2.9947;
0.339755;2.99489;
0.339775;2.99507;
0.339795;2.99525;
0.339809;2.99534;
0.33982;2.99538;
0.339829;2.9954;
0.339839;2.99541;
0.339853;2.99544;
0.33987;2.99547;
0.33989;2.99551;
0.339909;2.99555;
0.339929;2.99559;
0.339949;2.99563;
0.339966;2.99566;
0.339966;2.99566;
0.339966;2.99566;
0.339967;2.99566;
0.339967;2.99566;
0.339967;2.99566;
0.339967;2.99566;
0.339968;2.99567;
0.339968;2.99567;
0.339969;2.99567;
0.339972;2.99567;
0.339977;2.99568;
0.339987;2.99571;
0.340007;2.99575;
0.340027;2.99579;
0.340047;2.99583;
0.340067;2.99588;
0.340083;2.99591;
0.340098;2.99594;
0.340116;2.99598;
0.340136;2.99603;
0.340156;2.99608;
0.340176;2.99612;
0.340196;2.99617;
0.340216;2.99622;
0.340236;2.99627;
0.340256;2.99632;
0.340276;2.99637;
0.340296;2.99642;
0.340316;2.99647;
0.340336;2.99652;
0.340356;2.99657;
0.340376;2.99662;
0.340396;2.99668;
0.340416;2.99673;
0.340436;2.99679;
0.340456;2.99684;
0.340476;2.9969;
0.340496;2.99695;
0.340516;2.99701;
0.340536;2.99707;
0.340556;2.99712;
0.340576;2.99718;
0.340596;2.99724;
0.340616;2.9973;
0.340636;2.99736;
0.340656;2.99742;
0.340676;2.99749;
0.340696;2.99755;
0.340716;2.99761;
0.340736;2.99767;
0.340756;2.99774;
0.340776;2.9978;
0.340796;2.99787;
0.340816;2.99793;
0.340836;2.998;
0.340856;2.99807;
0.340876;2.99813;
0.340896;2.9982;
0.340916;2.99827;
0.340936;2.99834;
0.340956;2.99841;
0.340976;2.99848;
0.340996;2.99855;
0.341016;2.99862;
0.341036;2.9987;
0.341056;2.99877;
0.341076;2.99884;
0.341096;2.99892;
0.341116;2.99899;
0.341136;2.99907;
0.341156;2.99914;
0.341176;2.99922;
0.341196;2.99929;
0.341216;2.99937;
0.341236;2.99945;
0.341256;2.99953;
0.341276;2.99961;
0.341296;2.99969;
0.341316;2.99977;
0.341336;2.99985;
0.341356;2.99993;
0.341376;3.00001;
0.341396;3.00009;
0.341416;3.00018;
0.341436;3.00026;
0.341456;3.00035;
0.341476;3.00043;
0.341496;3.00052;
0.341516;3.0006;
0.341536;3.00069;
0.341556;3.00078;
0.341576;3.00086;
0.341596;3.00095;
0.341616;3.00104;
0.341636;3.00113;
0.341656;3.00122;
0.341676;3.00131;
0.341696;3.0014;
0.341716;3.0015;
0.341736;3.00159;
0.341756;3.00168;
0.341776;3.00177;
0.341796;3.00187;
0.341816;3.00196;
0.341836;3.00206;
0.341856;3.00215;
0.341876;3.00225;
0.341896;3.00235;
0.341916;3.00244;
0.341936;3.00254;
0.341956;3.00264;
0.341976;3.00274;
0.341996;3.00284;
0.342016;3.00294;
0.342036;3.00304;
0.342056;3.00314;
0.342076;3.00325;
0.342096;3.00335;
0.342116;3.00345;
0.342136;3.00356;
0.342156;3.00366;
0.342176;3.00376;
0.342196;3.00387;
0.342216;3.00398;
0.342236;3.00408;
0.342256;3.00419;
0.342276;3.0043;
0.342296;3.00441;
0.342316;3.00451;
0.342336;3.00462;
0.342356;3.00473;
0.342376;3.00484;
0.342396;3.00496;
0.342416;3.00507;
0.342436;3.00518;
0.342456;3.00529;
0.342476;3.00541;
0.342496;3.00552;
0.342516;3.00563;
0.342536;3.00575;
0.342556;3.00586;
0.342576;3.00598;
0.342596;3.0061;
0.342616;3.00621;
0.342636;3.00633;
0.342656;3.00645;
0.342676;3.00657;
0.342696;3.00669;
0.342716;3.00681;
0.342736;3.00693;
0.342756;3.00705;
0.342776;3.00717;
0.342796;3.00729;
0.342816;3.00742;
0.342836;3.00754;
0.342856;3.00766;
0.342876;3.00779;
0.342896;3.00791;
0.342916;3.00804;
0.342936;3.00817;
0.342956;3.00829;
0.342976;3.00842;
0.342996;3.00855;
0.343016;3.00868;
0.343036;3.0088;
0.343056;3.00893;
0.343076;3.00906;
0.343096;3.00919;
0.343116;3.00932;
0.343136;3.00946;
0.343156;3.00959;
0.343176;3.00972;
0.343196;3.00985;
0.343216;3.00999;
0.343236;3.01012;
0.343256;3.01026;
0.343276;3.01039;
0.343296;3.01053;
0.3433;3.01055;
0.3433;3.01056;
0.3433;3.01056;
0.343301;3.01056;
0.343301;3.01056;
0.343301;3.01056;
0.343301;3.01056;
0.343302;3.01057;
0.343302;3.01057;
0.343303;3.01058;
0.343306;3.0106;
0.343311;3.01063;
0.343321;3.0107;
0.343341;3.01084;
0.343361;3.01098;
0.343381;3.01111;
0.343401;3.01125;
0.343421;3.01139;
0.343441;3.01153;
0.343461;3.01167;
0.343481;3.01181;
0.343501;3.01195;
0.343521;3.0121;
0.343541;3.01224;
0.343561;3.01238;
0.343581;3.01253;
0.343601;3.01267;
0.343621;3.01282;
0.343641;3.01296;
0.343661;3.01311;
0.343681;3.01325;
0.343701;3.0134;
0.343721;3.01355;
0.343741;3.0137;
0.343761;3.01384;
0.343781;3.01399;
0.343801;3.01414;
0.343821;3.01429;
0.343841;3.01444;
0.343861;3.01459;
0.343881;3.01475;
0.343901;3.0149;
0.343921;3.01505;
0.343941;3.0152;
0.343961;3.01536;
0.343981;3.01551;
0.344001;3.01567;
0.344021;3.01582;
0.344041;3.01598;
0.344061;3.01614;
0.344081;3.01629;
0.344101;3.01645;
0.344121;3.01661;
0.344141;3.01677;
0.344161;3.01693;
0.344181;3.01709;
0.344201;3.01725;
0.344221;3.01741;
0.344241;3.01757;
0.344261;3.01773;
0.344281;3.01789;
0.344301;3.01806;
0.344321;3.01822;
0.344341;3.01838;
0.344361;3.01855;
0.344381;3.01871;
0.344401;3.01888;
0.344421;3.01904;
0.344441;3.01921;
0.344461;3.01938;
0.344481;3.01955;
0.344501;3.01971;
0.344521;3.01988;
0.344541;3.02005;
0.344561;3.02022;
0.344581;3.02039;
0.344601;3.02056;
0.344621;3.02073;
0.344641;3.02091;
0.344661;3.02108;
0.344681;3.02125;
0.344701;3.02142;
0.344721;3.0216;
0.344741;3.02177;
0.344761;3.02195;
0.344781;3.02212;
0.344801;3.0223;
0.344821;3.02248;
0.344841;3.02265;
0.344861;3.02283;
0.344881;3.02301;
0.344901;3.02319;
0.344921;3.02337;
0.344941;3.02354;
0.344961;3.02373;
0.344981;3.02391;
0.345001;3.02409;
0.345021;3.02427;
0.345041;3.02445;
0.345061;3.02463;
0.345081;3.02482;
0.345101;3.025;
0.345121;3.02518;
0.345141;3.02537;
0.345161;3.02555;
0.345181;3.02574;
0.345201;3.02593;
0.345221;3.02611;
0.345241;3.0263;
0.345261;3.02649;
0.345281;3.02668;
0.345301;3.02687;
0.345321;3.02706;
0.345341;3.02725;
0.345361;3.02744;
0.345381;3.02763;
0.345401;3.02782;
0.345421;3.02801;
0.345441;3.0282;
0.345461;3.0284;
0.345481;3.02859;
0.345501;3.02878;
0.345521;3.02898;
0.345541;3.02917;
0.345561;3.02937;
0.345581;3.02956;
0.345601;3.02976;
0.345621;3.02996;
0.345641;3.03016;
0.345661;3.03035;
0.345681;3.03055;
0.345701;3.03075;
0.345721;3.03095;
0.345741;3.03115;
0.345761;3.03135;
0.345781;3.03155;
0.345801;3.03175;
0.345821;3.03196;
0.345841;3.03216;
0.345861;3.03236;
0.345881;3.03256;
0.345901;3.03277;
0.345921;3.03297;
0.345941;3.03318;
0.345961;3.03338;
0.345981;3.03359;
0.346001;3.0338;
0.346021;3.034;
0.346041;3.03421;
0.346061;3.03442;
0.346081;3.03463;
0.346101;3.03484;
0.346121;3.03505;
0.346141;3.03526;
0.346161;3.03547;
0.346181;3.03568;
0.346201;3.03589;
0.346221;3.0361;
0.346241;3.03632;
0.346261;3.03653;
0.346281;3.03674;
0.346301;3.03696;
0.346321;3.03717;
0.346341;3.03739;
0.346361;3.0376;
0.346381;3.03782;
0.346401;3.03803;
0.346421;3.03823;
0.346433;3.03832;
0.346444;3.03838;
0.34645;3.03842;
0.346458;3.03846;
0.346471;3.03854;
0.346491;3.03865;
0.346511;3.03875;
0.346522;3.0388;
0.346533;3.03882;
0.346541;3.03883;
0.346549;3.03884;
0.346557;3.03885;
0.346574;3.03888;
0.346594;3.0389;
0.346614;3.03893;
0.346629;3.03894;
0.346632;3.03893;
0.346632;3.03893;
0.346632;3.03893;
0.346633;3.03893;
0.346633;3.03893;
0.346633;3.03893;
0.346633;3.03893;
0.346634;3.03893;
0.346634;3.03893;
0.346635;3.03892;
0.346638;3.03892;
0.346643;3.03891;
0.346653;3.03888;
0.346672;3.03884;
0.346686;3.03881;
0.346702;3.03878;
0.346722;3.03874;
0.34674;3.0387;
0.34676;3.03866;
0.34678;3.03862;
0.3468;3.03858;
0.34682;3.03855;
0.34684;3.03851;
0.34686;3.03847;
0.34688;3.03843;
0.3469;3.0384;
0.34692;3.03836;
0.34694;3.03833;
0.34696;3.0383;
0.34698;3.03826;
0.347;3.03823;
0.34702;3.0382;
0.34704;3.03817;
0.34706;3.03814;
0.34708;3.03811;
0.3471;3.03808;
0.34712;3.03805;
0.34714;3.03802;
0.34716;3.038;
0.34718;3.03797;
0.3472;3.03794;
0.34722;3.03792;
0.34724;3.03789;
0.34726;3.03787;
0.34728;3.03785;
0.3473;3.03782;
0.34732;3.0378;
0.34734;3.03778;
0.34736;3.03776;
0.34738;3.03774;
0.3474;3.03772;
0.34742;3.0377;
0.34744;3.03768;
0.34746;3.03766;
0.34748;3.03765;
0.3475;3.03763;
0.34752;3.03761;
0.34754;3.0376;
0.34756;3.03759;
0.34758;3.03757;
0.3476;3.03756;
0.34762;3.03755;
0.34764;3.03753;
0.34766;3.03752;
0.34768;3.03751;
0.3477;3.0375;
0.34772;3.03749;
0.34774;3.03748;
0.34776;3.03748;
0.34778;3.03747;
0.3478;3.03746;
0.34782;3.03745;
0.34784;3.03745;
0.34786;3.03744;
0.34788;3.03744;
0.3479;3.03744;
0.34792;3.03743;
0.34794;3.03743;
0.34796;3.03743;
0.34798;3.03743;
0.348;3.03743;
0.34802;3.03743;
0.34804;3.03743;
0.34806;3.03743;
0.34808;3.03743;
0.3481;3.03743;
0.34812;3.03744;
0.34814;3.03744;
0.34816;3.03744;
0.34818;3.03745;
0.3482;3.03745;
0.34822;3.03746;
0.34824;3.03747;
0.34826;3.03747;
0.34828;3.03748;
0.3483;3.03749;
0.34832;3.0375;
0.34834;3.03751;
0.34836;3.03752;
0.34838;3.03753;
0.3484;3.03754;
0.34842;3.03756;
0.34844;3.03757;
0.34846;3.03758;
0.34848;3.0376;
0.3485;3.03761;
0.34852;3.03763;
0.34854;3.03764;
0.34856;3.03766;
0.34858;3.03768;
0.3486;3.03769;
0.34862;3.03771;
0.34864;3.03773;
0.34866;3.03775;
0.34868;3.03777;
0.3487;3.03779;
0.34872;3.03782;
0.34874;3.03784;
0.34876;3.03786;
0.34878;3.03788;
0.3488;3.03791;
0.34882;3.03793;
0.34884;3.03796;
0.34886;3.03798;
0.34888;3.03801;
0.3489;3.03804;
0.34892;3.03806;
0.34894;3.03809;
0.34896;3.03812;
0.34898;3.03815;
0.349;3.03818;
0.34902;3.03821;
0.34904;3.03824;
0.34906;3.03828;
0.34908;3.03831;
0.3491;3.03834;
0.34912;3.03837;
0.34914;3.03841;
0.34916;3.03844;
0.34918;3.03848;
0.3492;3.03852;
0.34922;3.03855;
0.34924;3.03859;
0.34926;3.03863;
0.34928;3.03867;
0.3493;3.03871;
0.34932;3.03875;
0.34934;3.03879;
0.34936;3.03883;
0.34938;3.03887;
0.3494;3.03891;
0.34942;3.03895;
0.34944;3.039;
0.34946;3.03904;
0.34948;3.03908;
0.3495;3.03913;
0.34952;3.03918;
0.34954;3.03922;
0.34956;3.03927;
0.34958;3.03932;
0.3496;3.03936;
0.34962;3.03941;
0.34964;3.03946;
0.34966;3.03951;
0.34968;3.03956;
0.3497;3.03961;
0.34972;3.03967;
0.34974;3.03972;
0.34976;3.03977;
0.34978;3.03982;
0.3498;3.03988;
0.34982;3.03993;
0.34984;3.03999;
0.34986;3.04004;
0.34988;3.0401;
0.3499;3.04016;
0.34992;3.04022;
0.34994;3.04027;
0.34996;3.04033;
0.349966;3.04035;
0.349966;3.04035;
0.349966;3.04035;
0.349967;3.04035;
0.349967;3.04035;
0.349967;3.04035;
0.349967;3.04035;
0.349968;3.04035;
0.349968;3.04036;
0.349969;3.04036;
0.349972;3.04037;
0.349977;3.04038;
0.349987;3.04041;
0.350007;3.04047;
0.350027;3.04053;
0.350047;3.0406;
0.350067;3.04066;
0.350087;3.04072;
0.350107;3.04078;
0.350127;3.04085;
0.350147;3.04091;
0.350167;3.04098;
0.350187;3.04104;
0.350207;3.04111;
0.350227;3.04117;
0.350247;3.04124;
0.350267;3.04131;
0.350287;3.04138;
0.350307;3.04145;
0.350327;3.04152;
0.350347;3.04159;
0.350367;3.04166;
0.350387;3.04173;
0.350407;3.0418;
0.350427;3.04187;
0.350447;3.04194;
0.350467;3.04202;
0.350487;3.04209;
0.350507;3.04217;
0.350527;3.04224;
0.350547;3.04232;
0.350567;3.0424;
0.350587;3.04247;
0.350607;3.04255;
0.350627;3.04263;
0.350647;3.04271;
0.350667;3.04279;
0.350687;3.04287;
0.350707;3.04295;
0.350727;3.04303;
0.350747;3.04311;
0.350767;3.04319;
0.350787;3.04327;
0.350807;3.04336;
0.350827;3.04344;
0.350847;3.04353;
0.350867;3.04361;
0.350887;3.0437;
0.350907;3.04378;
0.350927;3.04387;
0.350947;3.04396;
0.350967;3.04405;
0.350987;3.04413;
0.351007;3.04422;
0.351027;3.04431;
0.351047;3.0444;
0.351067;3.04449;
0.351087;3.04459;
0.351107;3.04468;
0.351127;3.04477;
0.351147;3.04486;
0.351167;3.04496;
0.351187;3.04505;
0.351207;3.04515;
0.351227;3.04524;
0.351247;3.04534;
0.351267;3.04543;
0.351287;3.04553;
0.351307;3.04563;
0.351327;3.04573;
0.351347;3.04583;
0.351367;3.04592;
0.351387;3.04602;
0.351407;3.04612;
0.351427;3.04623;
0.351447;3.04633;
0.351467;3.04643;
0.351487;3.04653;
0.351507;3.04664;
0.351527;3.04674;
0.351547;3.04684;
0.351567;3.04695;
0.351587;3.04705;
0.351607;3.04716;
0.351627;3.04727;
0.351647;3.04737;
0.351667;3.04748;
0.351687;3.04759;
0.351707;3.0477;
0.351727;3.04781;
0.351747;3.04792;
0.351767;3.04803;
0.351787;3.04814;
0.351807;3.04825;
0.351827;3.04836;
0.351847;3.04848;
0.351867;3.04859;
0.351887;3.0487;
0.351907;3.04882;
0.351927;3.04893;
0.351947;3.04905;
0.351967;3.04916;
0.351987;3.04928;
0.352007;3.0494;
0.352027;3.04952;
0.352047;3.04963;
0.352067;3.04975;
0.352087;3.04987;
0.352107;3.04999;
0.352127;3.05011;
0.352147;3.05023;
0.352167;3.05036;
0.352187;3.05048;
0.352207;3.0506;
0.352227;3.05072;
0.352247;3.05085;
0.352267;3.05097;
0.352287;3.0511;
0.352307;3.05122;
0.352327;3.05135;
0.352347;3.05147;
0.352367;3.0516;
0.352387;3.05173;
0.352407;3.05186;
0.352427;3.05199;
0.352447;3.05212;
0.352467;3.05225;
0.352487;3.05238;
0.352507;3.05251;
0.352527;3.05264;
0.352547;3.05277;
0.352567;3.0529;
0.352587;3.05304;
0.352607;3.05317;
0.352627;3.0533;
0.352647;3.05344;
0.352667;3.05357;
0.352687;3.05371;
0.352707;3.05385;
0.352727;3.05398;
0.352747;3.05412;
0.352767;3.05426;
0.352787;3.0544;
0.352807;3.05454;
0.352827;3.05467;
0.352847;3.05481;
0.352867;3.05496;
0.352887;3.0551;
0.352907;3.05524;
0.352927;3.05538;
0.352947;3.05552;
0.352967;3.05567;
0.352987;3.05581;
0.353007;3.05595;
0.353027;3.0561;
0.353047;3.05625;
0.353067;3.05639;
0.353087;3.05654;
0.353107;3.05668;
0.353127;3.05683;
0.353147;3.05698;
0.353167;3.0571;
0.35318;3.05715;
0.353192;3.05719;
0.353198;3.0572;
0.353206;3.05723;
0.35322;3.05727;
0.353226;3.05728;
0.353233;3.05729;
0.353239;3.05729;
0.353245;3.05729;
0.35325;3.0573;
0.353262;3.0573;
0.35328;3.05731;
0.353289;3.05731;
0.353297;3.05729;
0.353298;3.05729;
0.353298;3.05729;
0.353298;3.05729;
0.353299;3.05729;
0.353299;3.05729;
0.353299;3.05729;
0.353299;3.05729;
0.3533;3.05729;
0.3533;3.05729;
0.353301;3.05728;
0.353304;3.05728;
0.353309;3.05726;
0.353319;3.05723;
0.353339;3.05718;
0.353353;3.05714;
0.353367;3.05711;
0.353383;3.05707;
0.353403;3.05701;
0.353423;3.05696;
0.353443;3.05691;
0.353463;3.05686;
0.353483;3.05681;
0.353503;3.05677;
0.353523;3.05672;
0.353543;3.05667;
0.353563;3.05662;
0.353583;3.05658;
0.353603;3.05653;
0.353623;3.05649;
0.353643;3.05644;
0.353663;3.0564;
0.353683;3.05636;
0.353703;3.05632;
0.353723;3.05627;
0.353743;3.05623;
0.353763;3.05619;
0.353783;3.05615;
0.353803;3.05612;
0.353823;3.05608;
0.353843;3.05604;
0.353863;3.056;
0.353883;3.05597;
0.353903;3.05593;
0.353923;3.0559;
0.353943;3.05586;
0.353963;3.05583;
0.353983;3.05579;
0.354003;3.05576;
0.354023;3.05573;
0.354043;3.0557;
0.354063;3.05567;
0.354083;3.05564;
0.354103;3.05561;
0.354123;3.05558;
0.354143;3.05555;
0.354163;3.05553;
0.354183;3.0555;
0.354203;3.05547;
0.354223;3.05545;
0.354243;3.05542;
0.354263;3.0554;
0.354283;3.05538;
0.354303;3.05535;
0.354323;3.05533;
0.354343;3.05531;
0.354363;3.05529;
0.354383;3.05527;
0.354403;3.05525;
0.354423;3.05523;
0.354443;3.05521;
0.354463;3.05519;
0.354483;3.05518;
0.354503;3.05516;
0.354523;3.05515;
0.354543;3.05513;
0.354563;3.05512;
0.354583;3.0551;
0.354603;3.05509;
0.354623;3.05508;
0.354643;3.05506;
0.354663;3.05505;
0.354683;3.05504;
0.354703;3.05503;
0.354723;3.05502;
0.354743;3.05501;
0.354763;3.055;
0.354783;3.055;
0.354803;3.05499;
0.354823;3.05498;
0.354843;3.05498;
0.354863;3.05497;
0.354883;3.05497;
0.354903;3.05496;
0.354923;3.05496;
0.354943;3.05496;
0.354963;3.05496;
0.354983;3.05496;
0.355003;3.05495;
0.355023;3.05495;
0.355043;3.05495;
0.355063;3.05496;
0.355083;3.05496;
0.355103;3.05496;
0.355123;3.05496;
0.355143;3.05497;
0.355163;3.05497;
0.355183;3.05498;
0.355203;3.05498;
0.355223;3.05499;
0.355243;3.05499;
0.355263;3.055;
0.355283;3.05501;
0.355303;3.05502;
0.355323;3.05503;
0.355343;3.05504;
0.355363;3.05505;
0.355383;3.05506;
0.355403;3.05507;
0.355423;3.05508;
0.355443;3.0551;
0.355463;3.05511;
0.355483;3.05512;
0.355503;3.05514;
0.355523;3.05515;
0.355543;3.05517;
0.355563;3.05519;
0.355583;3.0552;
0.355603;3.05522;
0.355623;3.05524;
0.355643;3.05526;
0.355663;3.05528;
0.355683;3.0553;
0.355703;3.05532;
0.355723;3.05534;
0.355743;3.05536;
0.355763;3.05538;
0.355783;3.05541;
0.355803;3.05543;
0.355823;3.05546;
0.355843;3.05548;
0.355863;3.05551;
0.355883;3.05553;
0.355903;3.05556;
0.355923;3.05559;
0.355943;3.05562;
0.355963;3.05564;
0.355983;3.05567;
0.356003;3.0557;
0.356023;3.05573;
0.356043;3.05577;
0.356063;3.0558;
0.356083;3.05583;
0.356103;3.05586;
0.356123;3.0559;
0.356143;3.05593;
0.356163;3.05597;
0.356183;3.056;
0.356203;3.05604;
0.356223;3.05607;
0.356243;3.05611;
0.356263;3.05615;
0.356283;3.05619;
0.356303;3.05623;
0.356323;3.05627;
0.356343;3.05631;
0.356363;3.05635;
0.356383;3.05639;
0.356403;3.05643;
0.356423;3.05647;
0.356443;3.05652;
0.356463;3.05656;
0.356483;3.0566;
0.356503;3.05665;
0.356523;3.05669;
0.356543;3.05674;
0.356563;3.05679;
0.356583;3.05683;
0.356603;3.05688;
0.356623;3.05693;
0.356632;3.05695;
0.356632;3.05695;
0.356632;3.05695;
0.356633;3.05696;
0.356633;3.05696;
0.356633;3.05696;
0.356633;3.05696;
0.356634;3.05696;
0.356634;3.05696;
0.356635;3.05696;
0.356638;3.05697;
0.356643;3.05698;
0.356653;3.05701;
0.356673;3.05706;
0.356693;3.05711;
0.356713;3.05716;
0.356733;3.05721;
0.356753;3.05726;
0.356773;3.05732;
0.356793;3.05737;
0.356813;3.05742;
0.356833;3.05748;
0.356853;3.05753;
0.356873;3.05759;
0.356893;3.05765;
0.356913;3.0577;
0.356933;3.05776;
0.356953;3.05782;
0.356973;3.05788;
0.356993;3.05794;
0.357013;3.058;
0.357033;3.05806;
0.357053;3.05812;
0.357073;3.05818;
0.357093;3.05824;
0.357113;3.05831;
0.357133;3.05837;
0.357153;3.05843;
0.357173;3.0585;
0.357193;3.05856;
0.357213;3.05863;
0.357233;3.0587;
0.357253;3.05876;
0.357273;3.05883;
0.357293;3.0589;
0.357313;3.05897;
0.357333;3.05904;
0.357353;3.05911;
0.357373;3.05918;
0.357393;3.05925;
0.357413;3.05932;
0.357433;3.05939;
0.357453;3.05947;
0.357473;3.05954;
0.357493;3.05961;
0.357513;3.05969;
0.357533;3.05976;
0.357553;3.05984;
0.357573;3.05992;
0.357593;3.05999;
0.357613;3.06007;
0.357633;3.06015;
0.357653;3.06023;
0.357673;3.06031;
0.357693;3.06039;
0.357713;3.06047;
0.357733;3.06055;
0.357753;3.06063;
0.357773;3.06071;
0.357793;3.06079;
0.357813;3.06088;
0.357833;3.06096;
0.357853;3.06104;
0.357873;3.06113;
0.357893;3.06121;
0.357913;3.0613;
0.357933;3.06139;
0.357953;3.06147;
0.357973;3.06156;
0.357993;3.06165;
0.358013;3.06174;
0.358033;3.06183;
0.358053;3.06192;
0.358073;3.06201;
0.358093;3.0621;
0.358113;3.06219;
0.358133;3.06229;
0.358153;3.06238;
0.358173;3.06247;
0.358193;3.06257;
0.358213;3.06266;
0.358233;3.06276;
0.358253;3.06285;
0.358273;3.06295;
0.358293;3.06304;
0.358313;3.06314;
0.358333;3.06324;
0.358353;3.06334;
0.358373;3.06344;
0.358393;3.06354;
0.358413;3.06364;
0.358433;3.06374;
0.358453;3.06384;
0.358473;3.06394;
0.358493;3.06404;
0.358513;3.06415;
0.358533;3.06425;
0.358553;3.06435;
0.358573;3.06446;
0.358593;3.06456;
0.358613;3.06467;
0.358633;3.06478;
0.358653;3.06488;
0.358673;3.06499;
0.358693;3.0651;
0.358713;3.06521;
0.358733;3.06532;
0.358753;3.06543;
0.358773;3.06554;
0.358793;3.06565;
0.358813;3.06576;
0.358833;3.06587;
0.358853;3.06598;
0.358873;3.0661;
0.358893;3.06621;
0.358913;3.06632;
0.358933;3.06644;
0.358953;3.06655;
0.358973;3.06667;
0.358993;3.06679;
0.359013;3.0669;
0.359033;3.06702;
0.359053;3.06714;
0.359073;3.06726;
0.359093;3.06738;
0.359113;3.0675;
0.359133;3.06762;
0.359153;3.06774;
0.359173;3.06786;
0.359193;3.06798;
0.359213;3.0681;
0.359233;3.06823;
0.359253;3.06835;
0.359273;3.06847;
0.359293;3.0686;
0.359313;3.06872;
0.359333;3.06885;
0.359353;3.06898;
0.359373;3.0691;
0.359393;3.06923;
0.359413;3.06936;
0.359433;3.06949;
0.359453;3.06962;
0.359473;3.06975;
0.359493;3.06988;
0.359513;3.07001;
0.359533;3.07014;
0.359553;3.07027;
0.359573;3.0704;
0.359593;3.07053;
0.359613;3.07067;
0.359633;3.0708;
0.359653;3.07094;
0.359673;3.07107;
0.359693;3.07121;
0.359713;3.07134;
0.359733;3.07148;
0.359753;3.07162;
0.359773;3.07175;
0.359793;3.07189;
0.359813;3.07203;
0.359833;3.07216;
0.359847;3.07222;
0.359859;3.07223;
0.359868;3.07221;
0.359878;3.07219;
0.359889;3.07217;
0.359898;3.07216;
0.35991;3.07214;
0.35993;3.0721;
0.35995;3.07207;
0.359964;3.07205;
0.359964;3.07205;
0.359964;3.07205;
0.359965;3.07205;
0.359965;3.07205;
0.359965;3.07204;
0.359965;3.07204;
0.359966;3.07204;
0.359966;3.07204;
0.359967;3.07204;
0.35997;3.07204;
0.359975;3.07203;
0.359985;3.07201;
0.360005;3.07198;
0.360025;3.07195;
0.360045;3.07192;
0.360065;3.07189;
0.360085;3.07186;
0.360105;3.07183;
0.360125;3.07181;
0.360145;3.07178;
0.360165;3.07175;
0.360185;3.07173;
0.360205;3.0717;
0.360225;3.07168;
0.360245;3.07165;
0.360265;3.07163;
0.360285;3.07161;
0.360305;3.07158;
0.360325;3.07156;
0.360345;3.07154;
0.360365;3.07152;
0.360385;3.0715;
0.360405;3.07148;
0.360425;3.07147;
0.360445;3.07145;
0.360465;3.07143;
0.360485;3.07142;
0.360505;3.0714;
0.360525;3.07139;
0.360545;3.07137;
0.360565;3.07136;
0.360585;3.07134;
0.360605;3.07133;
0.360625;3.07132;
0.360645;3.07131;
0.360665;3.0713;
0.360685;3.07129;
0.360705;3.07128;
0.360725;3.07127;
0.360745;3.07126;
0.360765;3.07125;
0.360785;3.07125;
0.360805;3.07124;
0.360825;3.07124;
0.360845;3.07123;
0.360865;3.07123;
0.360885;3.07122;
0.360905;3.07122;
0.360925;3.07122;
0.360945;3.07122;
0.360965;3.07121;
0.360985;3.07121;
0.361005;3.07121;
0.361025;3.07121;
0.361045;3.07122;
0.361065;3.07122;
0.361085;3.07122;
0.361105;3.07122;
0.361125;3.07123;
0.361145;3.07123;
0.361165;3.07124;
0.361185;3.07124;
0.361205;3.07125;
0.361225;3.07126;
0.361245;3.07126;
0.361265;3.07127;
0.361285;3.07128;
0.361305;3.07129;
0.361325;3.0713;
0.361345;3.07131;
0.361365;3.07132;
0.361385;3.07133;
0.361405;3.07134;
0.361425;3.07136;
0.361445;3.07137;
0.361465;3.07139;
0.361485;3.0714;
0.361505;3.07142;
0.361525;3.07143;
0.361545;3.07145;
0.361565;3.07147;
0.361585;3.07148;
0.361605;3.0715;
0.361625;3.07152;
0.361645;3.07154;
0.361665;3.07156;
0.361685;3.07158;
0.361705;3.0716;
0.361725;3.07163;
0.361745;3.07165;
0.361765;3.07167;
0.361785;3.0717;
0.361805;3.07172;
0.361825;3.07175;
0.361845;3.07177;
0.361865;3.0718;
0.361885;3.07183;
0.361905;3.07185;
0.361925;3.07188;
0.361945;3.07191;
0.361965;3.07194;
0.361985;3.07197;
0.362005;3.072;
0.362025;3.07203;
0.362045;3.07206;
0.362065;3.0721;
0.362085;3.07213;
0.362105;3.07216;
0.362125;3.0722;
0.362145;3.07223;
0.362165;3.07227;
0.362185;3.0723;
0.362205;3.07234;
0.362225;3.07238;
0.362245;3.07241;
0.362265;3.07245;
0.362285;3.07249;
0.362305;3.07253;
0.362325;3.07257;
0.362345;3.07261;
0.362365;3.07265;
0.362385;3.0727;
0.362405;3.07274;
0.362425;3.07278;
0.362445;3.07283;
0.362465;3.07287;
0.362485;3.07292;
0.362505;3.07296;
0.362525;3.07301;
0.362545;3.07305;
0.362565;3.0731;
0.362585;3.07315;
0.362605;3.0732;
0.362625;3.07325;
0.362645;3.0733;
0.362665;3.07335;
0.362685;3.0734;
0.362705;3.07345;
0.362725;3.0735;
0.362745;3.07355;
0.362765;3.07361;
0.362785;3.07366;
0.362805;3.07372;
0.362825;3.07377;
0.362845;3.07383;
0.362865;3.07388;
0.362885;3.07394;
0.362905;3.074;
0.362925;3.07406;
0.362945;3.07411;
0.362965;3.07417;
0.362985;3.07423;
0.363005;3.07429;
0.363025;3.07435;
0.363045;3.07442;
0.363065;3.07448;
0.363085;3.07454;
0.363105;3.0746;
0.363125;3.07467;
0.363145;3.07473;
0.363165;3.0748;
0.363185;3.07486;
0.363205;3.07493;
0.363225;3.075;
0.363245;3.07506;
0.363265;3.07513;
0.363285;3.0752;
0.363298;3.07524;
0.363298;3.07524;
0.363298;3.07524;
0.363299;3.07524;
0.363299;3.07525;
0.363299;3.07525;
0.363299;3.07525;
0.3633;3.07525;
0.3633;3.07525;
0.363301;3.07525;
0.363304;3.07526;
0.363309;3.07528;
0.363319;3.07532;
0.363339;3.07539;
0.363359;3.07546;
0.363379;3.07553;
0.363399;3.0756;
0.363419;3.07567;
0.363439;3.07575;
0.363459;3.07582;
0.363479;3.07589;
0.363499;3.07597;
0.363519;3.07604;
0.363539;3.07612;
0.363559;3.0762;
0.363579;3.07627;
0.363599;3.07635;
0.363619;3.07643;
0.363639;3.07651;
0.363659;3.07659;
0.363679;3.07667;
0.363699;3.07675;
0.363719;3.07683;
0.363739;3.07691;
0.363759;3.07699;
0.363779;3.07707;
0.363799;3.07716;
0.363819;3.07724;
0.363839;3.07733;
0.363859;3.07741;
0.363879;3.0775;
0.363899;3.07758;
0.363919;3.07767;
0.363939;3.07776;
0.363959;3.07784;
0.363979;3.07793;
0.363999;3.07802;
0.364019;3.07811;
0.364039;3.0782;
0.364059;3.07829;
0.364079;3.07838;
0.364099;3.07847;
0.364119;3.07857;
0.364139;3.07866;
0.364159;3.07875;
0.364179;3.07885;
0.364199;3.07894;
0.364219;3.07904;
0.364239;3.07913;
0.364259;3.07923;
0.364279;3.07933;
0.364299;3.07942;
0.364319;3.07952;
0.364339;3.07962;
0.364359;3.07972;
0.364379;3.07982;
0.364399;3.07992;
0.364419;3.08002;
0.364439;3.08012;
0.364459;3.08022;
0.364479;3.08033;
0.364499;3.08043;
0.364519;3.08053;
0.364539;3.08064;
0.364559;3.08074;
0.364579;3.08085;
0.364599;3.08095;
0.364619;3.08106;
0.364639;3.08117;
0.364659;3.08127;
0.364679;3.08138;
0.364699;3.08149;
0.364719;3.0816;
0.364739;3.08171;
0.364759;3.08182;
0.364779;3.08193;
0.364799;3.08204;
0.364819;3.08215;
0.364839;3.08227;
0.364859;3.08238;
0.364879;3.08249;
0.364899;3.08261;
0.364919;3.08272;
0.364939;3.08284;
0.364959;3.08295;
0.364979;3.08307;
0.364999;3.08319;
0.365019;3.0833;
0.365039;3.08342;
0.365059;3.08354;
0.365079;3.08366;
0.365099;3.08378;
0.365119;3.0839;
0.365139;3.08402;
0.365159;3.08414;
0.365179;3.08426;
0.365199;3.08439;
0.365219;3.08451;
0.365239;3.08463;
0.365259;3.08476;
0.365279;3.08488;
0.365299;3.08501;
0.365319;3.08513;
0.365339;3.08526;
0.365359;3.08538;
0.365379;3.08551;
0.365399;3.08564;
0.365419;3.08577;
0.365439;3.0859;
0.365459;3.08603;
0.365479;3.08616;
0.365499;3.08629;
0.365519;3.08642;
0.365539;3.08655;
0.365559;3.08668;
0.365579;3.08681;
0.365599;3.08695;
0.365619;3.08708;
0.365639;3.08722;
0.365659;3.08735;
0.365679;3.08749;
0.365699;3.08762;
0.365719;3.08776;
0.365739;3.0879;
0.365759;3.08803;
0.365779;3.08817;
0.365799;3.08831;
0.365819;3.08845;
0.365839;3.08859;
0.365859;3.08873;
0.365879;3.08887;
0.365899;3.08901;
0.365919;3.08915;
0.365939;3.0893;
0.365959;3.08944;
0.365979;3.08958;
0.365999;3.08973;
0.366019;3.08987;
0.366039;3.09002;
0.366059;3.09016;
0.366079;3.09031;
0.366099;3.09045;
0.366119;3.0906;
0.366139;3.09075;
0.366159;3.0909;
0.366179;3.09105;
0.366199;3.0912;
0.366219;3.09135;
0.366239;3.0915;
0.366259;3.09165;
0.366279;3.0918;
0.366299;3.09195;
0.366319;3.0921;
0.366339;3.09226;
0.366359;3.09241;
0.366379;3.09256;
0.366399;3.09272;
0.366419;3.09287;
0.366439;3.09303;
0.366459;3.09319;
0.366479;3.09332;
0.366491;3.09337;
0.366502;3.09341;
0.366508;3.09342;
0.366515;3.09344;
0.36653;3.09348;
0.366548;3.09353;
0.366566;3.09357;
0.366577;3.09358;
0.366587;3.09358;
0.366592;3.09358;
0.366598;3.09358;
0.36661;3.09358;
0.366616;3.09357;
0.366623;3.09356;
0.366628;3.09355;
0.36663;3.09355;
0.36663;3.09355;
0.36663;3.09355;
0.366631;3.09355;
0.366631;3.09355;
0.366631;3.09355;
0.366631;3.09355;
0.366632;3.09355;
0.366632;3.09355;
0.366633;3.09354;
0.366636;3.09354;
0.366641;3.09353;
0.366649;3.09352;
0.366661;3.0935;
0.36668;3.09347;
0.3667;3.09344;
0.366719;3.09341;
0.366739;3.09338;
0.366759;3.09335;
0.366779;3.09332;
0.366799;3.09329;
0.366819;3.09326;
0.366839;3.09323;
0.366859;3.09321;
0.366879;3.09318;
0.366899;3.09316;
0.366919;3.09313;
0.366939;3.09311;
0.366959;3.09308;
0.366979;3.09306;
0.366999;3.09304;
0.367019;3.09302;
0.367039;3.093;
0.367059;3.09298;
0.367079;3.09296;
0.367099;3.09294;
0.367119;3.09292;
0.367139;3.0929;
0.367159;3.09289;
0.367179;3.09287;
0.367199;3.09285;
0.367219;3.09284;
0.367239;3.09282;
0.367259;3.09281;
0.367279;3.0928;
0.367299;3.09278;
0.367319;3.09277;
0.367339;3.09276;
0.367359;3.09275;
0.367379;3.09274;
0.367399;3.09273;
0.367419;3.09272;
0.367439;3.09271;
0.367459;3.09271;
0.367479;3.0927;
0.367499;3.09269;
0.367519;3.09269;
0.367539;3.09268;
0.367559;3.09268;
0.367579;3.09267;
0.367599;3.09267;
0.367619;3.09267;
0.367639;3.09267;
0.367659;3.09266;
0.367679;3.09266;
0.367699;3.09266;
0.367719;3.09266;
0.367739;3.09266;
0.367759;3.09267;
0.367779;3.09267;
0.367799;3.09267;
0.367819;3.09268;
0.367839;3.09268;
0.367859;3.09268;
0.367879;3.09269;
0.367899;3.0927;
0.367919;3.0927;
0.367939;3.09271;
0.367959;3.09272;
0.367979;3.09273;
0.367999;3.09274;
0.368019;3.09274;
0.368039;3.09276;
0.368059;3.09277;
0.368079;3.09278;
0.368099;3.09279;
0.368119;3.0928;
0.368139;3.09282;
0.368159;3.09283;
0.368179;3.09284;
0.368199;3.09286;
0.368219;3.09288;
0.368239;3.09289;
0.368259;3.09291;
0.368279;3.09293;
0.368299;3.09295;
0.368319;3.09296;
0.368339;3.09298;
0.368359;3.093;
0.368379;3.09302;
0.368399;3.09305;
0.368419;3.09307;
0.368439;3.09309;
0.368459;3.09311;
0.368479;3.09314;
0.368499;3.09316;
0.368519;3.09319;
0.368539;3.09321;
0.368559;3.09324;
0.368579;3.09326;
0.368599;3.09329;
0.368619;3.09332;
0.368639;3.09335;
0.368659;3.09338;
0.368679;3.09341;
0.368699;3.09344;
0.368719;3.09347;
0.368739;3.0935;
0.368759;3.09353;
0.368779;3.09357;
0.368799;3.0936;
0.368819;3.09363;
0.368839;3.09367;
0.368859;3.0937;
0.368879;3.09374;
0.368899;3.09377;
0.368919;3.09381;
0.368939;3.09385;
0.368959;3.09389;
0.368979;3.09393;
0.368999;3.09397;
0.369019;3.09401;
0.369039;3.09405;
0.369059;3.09409;
0.369079;3.09413;
0.369099;3.09417;
0.369119;3.09421;
0.369139;3.09426;
0.369159;3.0943;
0.369179;3.09435;
0.369199;3.09439;
0.369219;3.09444;
0.369239;3.09448;
0.369259;3.09453;
0.369279;3.09458;
0.369299;3.09463;
0.369319;3.09468;
0.369339;3.09473;
0.369359;3.09478;
0.369379;3.09483;
0.369399;3.09488;
0.369419;3.09493;
0.369439;3.09498;
0.369459;3.09503;
0.369479;3.09509;
0.369499;3.09514;
0.369519;3.0952;
0.369539;3.09525;
0.369559;3.09531;
0.369579;3.09536;
0.369599;3.09542;
0.369619;3.09548;
0.369639;3.09554;
0.369659;3.0956;
0.369679;3.09566;
0.369699;3.09572;
0.369719;3.09578;
0.369739;3.09584;
0.369759;3.0959;
0.369779;3.09596;
0.369799;3.09602;
0.369819;3.09609;
0.369839;3.09615;
0.369859;3.09622;
0.369879;3.09628;
0.369899;3.09635;
0.369919;3.09641;
0.369939;3.09648;
0.369959;3.09655;
0.369964;3.09656;
0.369964;3.09657;
0.369964;3.09657;
0.369965;3.09657;
0.369965;3.09657;
0.369965;3.09657;
0.369965;3.09657;
0.369966;3.09657;
0.369966;3.09657;
0.369967;3.09658;
0.36997;3.09659;
0.369975;3.0966;
0.369985;3.09664;
0.370005;3.09671;
0.370025;3.09678;
0.370045;3.09685;
0.370065;3.09692;
0.370085;3.09699;
0.370105;3.09706;
0.370125;3.09713;
0.370145;3.09721;
0.370165;3.09728;
0.370185;3.09735;
0.370205;3.09743;
0.370225;3.0975;
0.370245;3.09758;
0.370265;3.09765;
0.370285;3.09773;
0.370305;3.09781;
0.370325;3.09789;
0.370345;3.09797;
0.370365;3.09805;
0.370385;3.09812;
0.370405;3.09821;
0.370425;3.09829;
0.370445;3.09837;
0.370465;3.09845;
0.370485;3.09853;
0.370505;3.09862;
0.370525;3.0987;
0.370545;3.09878;
0.370565;3.09887;
0.370585;3.09895;
0.370605;3.09904;
0.370625;3.09913;
0.370645;3.09921;
0.370665;3.0993;
0.370685;3.09939;
0.370705;3.09948;
0.370725;3.09957;
0.370745;3.09966;
0.370765;3.09975;
0.370785;3.09984;
0.370805;3.09993;
0.370825;3.10002;
0.370845;3.10012;
0.370865;3.10021;
0.370885;3.1003;
0.370905;3.1004;
0.370925;3.10049;
0.370945;3.10059;
0.370965;3.10069;
0.370985;3.10078;
0.371005;3.10088;
0.371025;3.10098;
0.371045;3.10108;
0.371065;3.10118;
0.371085;3.10128;
0.371105;3.10138;
0.371125;3.10148;
0.371145;3.10158;
0.371165;3.10168;
0.371185;3.10178;
0.371205;3.10188;
0.371225;3.10199;
0.371245;3.10209;
0.371265;3.1022;
0.371285;3.1023;
0.371305;3.10241;
0.371325;3.10251;
0.371345;3.10262;
0.371365;3.10273;
0.371385;3.10284;
0.371405;3.10294;
0.371425;3.10305;
0.371445;3.10316;
0.371465;3.10327;
0.371485;3.10338;
0.371505;3.1035;
0.371525;3.10361;
0.371545;3.10372;
0.371565;3.10383;
0.371585;3.10395;
0.371605;3.10406;
0.371625;3.10417;
0.371645;3.10429;
0.371665;3.10441;
0.371685;3.10452;
0.371705;3.10464;
0.371725;3.10476;
0.371745;3.10487;
0.371765;3.10499;
0.371785;3.10511;
0.371805;3.10523;
0.371825;3.10535;
0.371845;3.10547;
0.371865;3.10559;
0.371885;3.10571;
0.371905;3.10584;
0.371925;3.10596;
0.371945;3.10608;
0.371965;3.10621;
0.371985;3.10633;
0.372005;3.10646;
0.372025;3.10658;
0.372045;3.10671;
0.372065;3.10683;
0.372085;3.10696;
0.372105;3.10709;
0.372125;3.10722;
0.372145;3.10735;
0.372165;3.10747;
0.372185;3.1076;
0.372205;3.10773;
0.372225;3.10787;
0.372245;3.108;
0.372265;3.10813;
0.372285;3.10826;
0.372305;3.10839;
0.372325;3.10853;
0.372345;3.10866;
0.372365;3.1088;
0.372385;3.10893;
0.372405;3.10907;
0.372425;3.1092;
0.372445;3.10934;
0.372465;3.10948;
0.372485;3.10962;
0.372505;3.10976;
0.372525;3.10989;
0.372545;3.11003;
0.372565;3.11017;
0.372585;3.11031;
0.372605;3.11046;
0.372625;3.1106;
0.372645;3.11074;
0.372665;3.11088;
0.372685;3.11103;
0.372705;3.11117;
0.372725;3.11131;
0.372745;3.11146;
0.372765;3.1116;
0.372785;3.11175;
0.372805;3.1119;
0.372825;3.11204;
0.372845;3.11219;
0.372865;3.11234;
0.372885;3.11249;
0.372905;3.11264;
0.372925;3.11279;
0.372945;3.11294;
0.372965;3.11309;
0.372985;3.11324;
0.373005;3.11339;
0.373025;3.11354;
0.373045;3.11369;
0.373065;3.11385;
0.373085;3.114;
0.373105;3.11416;
0.373125;3.11431;
0.373143;3.11442;
0.373157;3.11448;
0.373169;3.11451;
0.373178;3.11453;
0.373188;3.11455;
0.373207;3.1146;
0.373227;3.11466;
0.373241;3.11467;
0.373257;3.11464;
0.373268;3.1146;
0.37328;3.11455;
0.373295;3.11449;
0.373296;3.11449;
0.373296;3.11449;
0.373296;3.11448;
0.373297;3.11448;
0.373297;3.11448;
0.373297;3.11448;
0.373297;3.11448;
0.373298;3.11448;
0.373298;3.11448;
0.373299;3.11447;
0.373302;3.11446;
0.373307;3.11444;
0.373317;3.1144;
0.373337;3.11432;
0.373357;3.11425;
0.373377;3.11417;
0.373397;3.11409;
0.373417;3.11402;
0.373437;3.11394;
0.373457;3.11387;
0.373477;3.1138;
0.373497;3.11372;
0.373517;3.11365;
0.373537;3.11358;
0.373557;3.11351;
0.373577;3.11344;
0.373597;3.11337;
0.373617;3.1133;
0.373637;3.11323;
0.373657;3.11317;
0.373677;3.1131;
0.373697;3.11303;
0.373717;3.11297;
0.373737;3.1129;
0.373757;3.11284;
0.373777;3.11278;
0.373797;3.11271;
0.373817;3.11265;
0.373837;3.11259;
0.373857;3.11253;
0.373877;3.11247;
0.373897;3.11241;
0.373917;3.11235;
0.373937;3.11229;
0.373957;3.11224;
0.373977;3.11218;
0.373997;3.11212;
0.374017;3.11207;
0.374037;3.11201;
0.374057;3.11196;
0.374077;3.1119;
0.374097;3.11185;
0.374117;3.1118;
0.374137;3.11175;
0.374157;3.1117;
0.374177;3.11165;
0.374197;3.1116;
0.374217;3.11155;
0.374237;3.1115;
0.374257;3.11145;
0.374277;3.1114;
0.374297;3.11136;
0.374317;3.11131;
0.374337;3.11127;
0.374357;3.11122;
0.374377;3.11118;
0.374397;3.11113;
0.374417;3.11109;
0.374437;3.11105;
0.374457;3.11101;
0.374477;3.11097;
0.374497;3.11093;
0.374517;3.11089;
0.374537;3.11085;
0.374557;3.11081;
0.374577;3.11077;
0.374597;3.11074;
0.374617;3.1107;
0.374637;3.11067;
0.374657;3.11063;
0.374677;3.1106;
0.374697;3.11056;
0.374717;3.11053;
0.374737;3.1105;
0.374757;3.11047;
0.374777;3.11043;
0.374797;3.1104;
0.374817;3.11037;
0.374837;3.11035;
0.374857;3.11032;
0.374877;3.11029;
0.374897;3.11026;
0.374917;3.11023;
0.374937;3.11021;
0.374957;3.11018;
0.374977;3.11016;
0.374997;3.11013;
0.375017;3.11011;
0.375037;3.11009;
0.375057;3.11007;
0.375077;3.11004;
0.375097;3.11002;
0.375117;3.11;
0.375137;3.10998;
0.375157;3.10996;
0.375177;3.10995;
0.375197;3.10993;
0.375217;3.10991;
0.375237;3.10989;
0.375257;3.10988;
0.375277;3.10986;
0.375297;3.10985;
0.375317;3.10983;
0.375337;3.10982;
0.375357;3.10981;
0.375377;3.1098;
0.375397;3.10978;
0.375417;3.10977;
0.375437;3.10976;
0.375457;3.10975;
0.375477;3.10974;
0.375497;3.10974;
0.375517;3.10973;
0.375537;3.10972;
0.375557;3.10972;
0.375577;3.10971;
0.375597;3.1097;
0.375617;3.1097;
0.375637;3.1097;
0.375657;3.10969;
0.375677;3.10969;
0.375697;3.10969;
0.375717;3.10969;
0.375737;3.10968;
0.375757;3.10968;
0.375777;3.10968;
0.375797;3.10969;
0.375817;3.10969;
0.375837;3.10969;
0.375857;3.10969;
0.375877;3.10969;
0.375897;3.1097;
0.375917;3.1097;
0.375937;3.10971;
0.375957;3.10971;
0.375977;3.10972;
0.375997;3.10973;
0.376017;3.10974;
0.376037;3.10974;
0.376057;3.10975;
0.376077;3.10976;
0.376097;3.10977;
0.376117;3.10978;
0.376137;3.10979;
0.376157;3.10981;
0.376177;3.10982;
0.376197;3.10983;
0.376217;3.10985;
0.376237;3.10986;
0.376257;3.10988;
0.376277;3.10989;
0.376297;3.10991;
0.376317;3.10992;
0.376337;3.10994;
0.376357;3.10996;
0.376377;3.10998;
0.376397;3.11;
0.376417;3.11002;
0.376437;3.11004;
0.376457;3.11006;
0.376477;3.11008;
0.376497;3.1101;
0.376517;3.11013;
0.376537;3.11015;
0.376557;3.11017;
0.376577;3.1102;
0.376597;3.11022;
0.376617;3.11025;
0.37663;3.11027;
0.37663;3.11027;
0.37663;3.11027;
0.376631;3.11027;
0.376631;3.11027;
0.376631;3.11027;
0.376631;3.11027;
0.376632;3.11027;
0.376632;3.11027;
0.376633;3.11027;
0.376636;3.11027;
0.376641;3.11028;
0.376651;3.1103;
0.376671;3.11032;
0.376691;3.11035;
0.376711;3.11038;
0.376731;3.11041;
0.376751;3.11044;
0.376771;3.11047;
0.376791;3.1105;
0.376811;3.11053;
0.376831;3.11056;
0.376851;3.1106;
0.376871;3.11063;
0.376891;3.11067;
0.376911;3.1107;
0.376931;3.11074;
0.376951;3.11077;
0.376971;3.11081;
0.376991;3.11085;
0.377011;3.11088;
0.377031;3.11092;
0.377051;3.11096;
0.377071;3.111;
0.377091;3.11104;
0.377111;3.11108;
0.377131;3.11112;
0.377151;3.11116;
0.377171;3.11121;
0.377191;3.11125;
0.377211;3.11129;
0.377231;3.11134;
0.377251;3.11138;
0.377271;3.11143;
0.377291;3.11147;
0.377311;3.11152;
0.377331;3.11157;
0.377351;3.11162;
0.377371;3.11166;
0.377391;3.11171;
0.377411;3.11176;
0.377431;3.11181;
0.377451;3.11186;
0.377471;3.11191;
0.377491;3.11197;
0.377511;3.11202;
0.377531;3.11207;
0.377551;3.11213;
0.377571;3.11218;
0.377591;3.11223;
0.377611;3.11229;
0.377631;3.11235;
0.377651;3.1124;
0.377671;3.11246;
0.377691;3.11252;
0.377711;3.11258;
0.377731;3.11264;
0.377751;3.11269;
0.377771;3.11275;
0.377791;3.11282;
0.377811;3.11288;
0.377831;3.11294;
0.377851;3.113;
0.377871;3.11306;
0.377891;3.11313;
0.377911;3.11319;
0.377931;3.11326;
0.377951;3.11332;
0.377971;3.11339;
0.377991;3.11345;
0.378011;3.11352;
0.378031;3.11359;
0.378051;3.11366;
0.378071;3.11373;
0.378091;3.1138;
0.378111;3.11387;
0.378131;3.11394;
0.378151;3.11401;
0.378171;3.11408;
0.378191;3.11415;
0.378211;3.11422;
0.378231;3.1143;
0.378251;3.11437;
0.378271;3.11445;
0.378291;3.11452;
0.378311;3.1146;
0.378331;3.11467;
0.378351;3.11475;
0.378371;3.11483;
0.378391;3.1149;
0.378411;3.11498;
0.378431;3.11506;
0.378451;3.11514;
0.378471;3.11522;
0.378491;3.1153;
0.378511;3.11538;
0.378531;3.11547;
0.378551;3.11555;
0.378571;3.11563;
0.378591;3.11572;
0.378611;3.1158;
0.378631;3.11588;
0.378651;3.11597;
0.378671;3.11606;
0.378691;3.11614;
0.378711;3.11623;
0.378731;3.11632;
0.378751;3.11641;
0.378771;3.11649;
0.378791;3.11658;
0.378811;3.11667;
0.378831;3.11676;
0.378851;3.11686;
0.378871;3.11695;
0.378891;3.11704;
0.378911;3.11713;
0.378931;3.11722;
0.378951;3.11732;
0.378971;3.11741;
0.378991;3.11751;
0.379011;3.1176;
0.379031;3.1177;
0.379051;3.1178;
0.379071;3.11789;
0.379091;3.11799;
0.379111;3.11809;
0.379131;3.11819;
0.379151;3.11829;
0.379171;3.11839;
0.379191;3.11849;
0.379211;3.11859;
0.379231;3.11869;
0.379251;3.11879;
0.379271;3.1189;
0.379291;3.119;
0.379311;3.1191;
0.379331;3.11921;
0.379351;3.11931;
0.379371;3.11942;
0.379391;3.11952;
0.379411;3.11963;
0.379431;3.11974;
0.379451;3.11985;
0.379471;3.11995;
0.379491;3.12006;
0.379511;3.12017;
0.379531;3.12028;
0.379551;3.12039;
0.379571;3.1205;
0.379591;3.12062;
0.379611;3.12073;
0.379631;3.12084;
0.379651;3.12095;
0.379671;3.12107;
0.379691;3.12118;
0.379711;3.1213;
0.379731;3.12141;
0.379751;3.12153;
0.379771;3.12165;
0.379791;3.12176;
0.379811;3.12188;
0.379831;3.122;
0.379851;3.12209;
0.379863;3.12212;
0.379874;3.12214;
0.379878;3.12214;
0.379885;3.12215;
0.379899;3.12217;
0.37991;3.12218;
0.379918;3.12218;
0.379926;3.12218;
0.37993;3.12217;
0.379936;3.12217;
0.379944;3.12216;
0.379955;3.12215;
0.379962;3.12214;
0.379962;3.12214;
0.379962;3.12214;
0.379963;3.12214;
0.379963;3.12214;
0.379963;3.12214;
0.379963;3.12214;
0.379964;3.12214;
0.379964;3.12214;
0.379965;3.12213;
0.379967;3.12213;
0.379969;3.12213;
0.379972;3.12212;
0.379975;3.12212;
0.379978;3.12211;
0.379982;3.1221;
0.37999;3.12208;
0.380007;3.12205;
0.380027;3.122;
0.380046;3.12196;
0.380066;3.12192;
0.380084;3.12188;
0.380104;3.12184;
0.380124;3.1218;
0.380144;3.12176;
0.380164;3.12172;
0.380184;3.12168;
0.380204;3.12164;
0.380224;3.1216;
0.380244;3.12156;
0.380264;3.12153;
0.380284;3.12149;
0.380304;3.12146;
0.380324;3.12142;
0.380344;3.12139;
0.380364;3.12135;
0.380384;3.12132;
0.380404;3.12129;
0.380424;3.12126;
0.380444;3.12123;
0.380464;3.1212;
0.380484;3.12117;
0.380504;3.12114;
0.380524;3.12111;
0.380544;3.12108;
0.380564;3.12106;
0.380584;3.12103;
0.380604;3.121;
0.380624;3.12098;
0.380644;3.12095;
0.380664;3.12093;
0.380684;3.12091;
0.380704;3.12089;
0.380724;3.12086;
0.380744;3.12084;
0.380764;3.12082;
0.380784;3.1208;
0.380804;3.12078;
0.380824;3.12076;
0.380844;3.12075;
0.380864;3.12073;
0.380884;3.12071;
0.380904;3.12069;
0.380924;3.12068;
0.380944;3.12066;
0.380964;3.12065;
0.380984;3.12064;
0.381004;3.12062;
0.381024;3.12061;
0.381044;3.1206;
0.381064;3.12059;
0.381084;3.12058;
0.381104;3.12057;
0.381124;3.12056;
0.381144;3.12055;
0.381164;3.12054;
0.381184;3.12053;
0.381204;3.12053;
0.381224;3.12052;
0.381244;3.12051;
0.381264;3.12051;
0.381284;3.12051;
0.381304;3.1205;
0.381324;3.1205;
0.381344;3.1205;
0.381364;3.12049;
0.381384;3.12049;
0.381404;3.12049;
0.381424;3.12049;
0.381444;3.12049;
0.381464;3.12049;
0.381484;3.1205;
0.381504;3.1205;
0.381524;3.1205;
0.381544;3.1205;
0.381564;3.12051;
0.381584;3.12051;
0.381604;3.12052;
0.381624;3.12053;
0.381644;3.12053;
0.381664;3.12054;
0.381684;3.12055;
0.381704;3.12056;
0.381724;3.12057;
0.381744;3.12058;
0.381764;3.12059;
0.381784;3.1206;
0.381804;3.12061;
0.381824;3.12062;
0.381844;3.12063;
0.381864;3.12065;
0.381884;3.12066;
0.381904;3.12068;
0.381924;3.12069;
0.381944;3.12071;
0.381964;3.12072;
0.381984;3.12074;
0.382004;3.12076;
0.382024;3.12078;
0.382044;3.1208;
0.382064;3.12082;
0.382084;3.12084;
0.382104;3.12086;
0.382124;3.12088;
0.382144;3.1209;
0.382164;3.12092;
0.382184;3.12094;
0.382204;3.12097;
0.382224;3.12099;
0.382244;3.12102;
0.382264;3.12104;
0.382284;3.12107;
0.382304;3.1211;
0.382324;3.12112;
0.382344;3.12115;
0.382364;3.12118;
0.382384;3.12121;
0.382404;3.12124;
0.382424;3.12127;
0.382444;3.1213;
0.382464;3.12133;
0.382484;3.12136;
0.382504;3.1214;
0.382524;3.12143;
0.382544;3.12146;
0.382564;3.1215;
0.382584;3.12153;
0.382604;3.12157;
0.382624;3.12161;
0.382644;3.12164;
0.382664;3.12168;
0.382684;3.12172;
0.382704;3.12176;
0.382724;3.1218;
0.382744;3.12184;
0.382764;3.12188;
0.382784;3.12192;
0.382804;3.12196;
0.382824;3.122;
0.382844;3.12205;
0.382864;3.12209;
0.382884;3.12213;
0.382904;3.12218;
0.382924;3.12222;
0.382944;3.12227;
0.382964;3.12232;
0.382984;3.12236;
0.383004;3.12241;
0.383024;3.12246;
0.383044;3.12251;
0.383064;3.12256;
0.383084;3.12261;
0.383104;3.12266;
0.383124;3.12271;
0.383144;3.12276;
0.383164;3.12281;
0.383184;3.12286;
0.383204;3.12292;
0.383224;3.12297;
0.383244;3.12303;
0.383264;3.12308;
0.383284;3.12314;
0.383296;3.12317;
0.383296;3.12317;
0.383296;3.12317;
0.383297;3.12317;
0.383297;3.12317;
0.383297;3.12317;
0.383297;3.12318;
0.383298;3.12318;
0.383298;3.12318;
0.383299;3.12318;
0.383302;3.12319;
0.383307;3.1232;
0.383317;3.12323;
0.383337;3.12329;
0.383357;3.12335;
0.383377;3.12341;
0.383397;3.12347;
0.383417;3.12352;
0.383437;3.12359;
0.383457;3.12365;
0.383477;3.12371;
0.383497;3.12377;
0.383517;3.12383;
0.383537;3.1239;
0.383557;3.12396;
0.383577;3.12402;
0.383597;3.12409;
0.383617;3.12415;
0.383637;3.12422;
0.383657;3.12429;
0.383677;3.12435;
0.383697;3.12442;
0.383717;3.12449;
0.383737;3.12456;
0.383757;3.12463;
0.383777;3.1247;
0.383797;3.12477;
0.383817;3.12484;
0.383837;3.12491;
0.383857;3.12498;
0.383877;3.12506;
0.383897;3.12513;
0.383917;3.12521;
0.383937;3.12528;
0.383957;3.12536;
0.383977;3.12543;
0.383997;3.12551;
0.384017;3.12558;
0.384037;3.12566;
0.384057;3.12574;
0.384077;3.12582;
0.384097;3.1259;
0.384117;3.12598;
0.384137;3.12606;
0.384157;3.12614;
0.384177;3.12622;
0.384197;3.1263;
0.384217;3.12639;
0.384237;3.12647;
0.384257;3.12655;
0.384277;3.12664;
0.384297;3.12672;
0.384317;3.12681;
0.384337;3.12689;
0.384357;3.12698;
0.384377;3.12707;
0.384397;3.12716;
0.384417;3.12724;
0.384437;3.12733;
0.384457;3.12742;
0.384477;3.12751;
0.384497;3.1276;
0.384517;3.12769;
0.384537;3.12779;
0.384557;3.12788;
0.384577;3.12797;
0.384597;3.12806;
0.384617;3.12816;
0.384637;3.12825;
0.384657;3.12835;
0.384677;3.12844;
0.384697;3.12854;
0.384717;3.12864;
0.384737;3.12873;
0.384757;3.12883;
0.384777;3.12893;
0.384797;3.12903;
0.384817;3.12913;
0.384837;3.12923;
0.384857;3.12933;
0.384877;3.12943;
0.384897;3.12953;
0.384917;3.12963;
0.384937;3.12974;
0.384957;3.12984;
0.384977;3.12994;
0.384997;3.13005;
0.385017;3.13015;
0.385037;3.13026;
0.385057;3.13037;
0.385077;3.13047;
0.385097;3.13058;
0.385117;3.13069;
0.385137;3.1308;
0.385157;3.1309;
0.385177;3.13101;
0.385197;3.13112;
0.385217;3.13124;
0.385237;3.13135;
0.385257;3.13146;
0.385277;3.13157;
0.385297;3.13168;
0.385317;3.1318;
0.385337;3.13191;
0.385357;3.13202;
0.385377;3.13214;
0.385397;3.13226;
0.385417;3.13237;
0.385437;3.13249;
0.385457;3.13261;
0.385477;3.13272;
0.385497;3.13284;
0.385517;3.13296;
0.385537;3.13308;
0.385557;3.1332;
0.385577;3.13332;
0.385597;3.13344;
0.385617;3.13356;
0.385637;3.13368;
0.385657;3.13381;
0.385677;3.13393;
0.385697;3.13405;
0.385717;3.13418;
0.385737;3.1343;
0.385757;3.13443;
0.385777;3.13455;
0.385797;3.13468;
0.385817;3.13481;
0.385837;3.13494;
0.385857;3.13506;
0.385877;3.13519;
0.385897;3.13532;
0.385917;3.13545;
0.385937;3.13558;
0.385957;3.13571;
0.385977;3.13584;
0.385997;3.13597;
0.386017;3.13611;
0.386037;3.13624;
0.386057;3.13637;
0.386077;3.13651;
0.386097;3.13664;
0.386117;3.13678;
0.386137;3.13691;
0.386157;3.13705;
0.386177;3.13719;
0.386197;3.13732;
0.386217;3.13746;
0.386237;3.1376;
0.386257;3.13774;
0.386277;3.13788;
0.386297;3.13802;
0.386317;3.13816;
0.386337;3.1383;
0.386357;3.13844;
0.386377;3.13858;
0.386397;3.13872;
0.386417;3.13887;
0.386437;3.13901;
0.386457;3.13915;
0.386477;3.13928;
0.386489;3.13934;
0.386501;3.13935;
0.386509;3.13936;
0.386518;3.13936;
0.386531;3.13936;
0.386551;3.13936;
0.386571;3.13936;
0.386591;3.13937;
0.386611;3.13937;
0.386628;3.13938;
0.386628;3.13938;
0.386628;3.13938;
0.386629;3.13938;
0.386629;3.13938;
0.386629;3.13938;
0.386629;3.13938;
0.38663;3.13938;
0.38663;3.13938;
0.386631;3.13938;
0.386634;3.13938;
0.386639;3.13938;
0.386645;3.13938;
0.386649;3.13938;
0.386652;3.13937;
0.386657;3.13936;
0.386662;3.13935;
0.386667;3.13934;
0.386678;3.13932;
0.386698;3.13928;
0.386711;3.13926;
0.386725;3.13923;
0.38674;3.13921;
0.38676;3.13917;
0.38678;3.13914;
0.3868;3.1391;
0.38682;3.13907;
0.38684;3.13903;
0.38686;3.139;
0.38688;3.13897;
0.3869;3.13894;
0.38692;3.13891;
0.38694;3.13888;
0.38696;3.13885;
0.38698;3.13882;
0.387;3.13879;
0.38702;3.13876;
0.38704;3.13874;
0.38706;3.13871;
0.38708;3.13868;
0.3871;3.13866;
0.38712;3.13863;
0.38714;3.13861;
0.38716;3.13859;
0.38718;3.13856;
0.3872;3.13854;
0.38722;3.13852;
0.38724;3.1385;
0.38726;3.13848;
0.38728;3.13846;
0.3873;3.13844;
0.38732;3.13842;
0.38734;3.13841;
0.38736;3.13839;
0.38738;3.13837;
0.3874;3.13836;
0.38742;3.13834;
0.38744;3.13833;
0.38746;3.13831;
0.38748;3.1383;
0.3875;3.13829;
0.38752;3.13828;
0.38754;3.13827;
0.38756;3.13826;
0.38758;3.13825;
0.3876;3.13824;
0.38762;3.13823;
0.38764;3.13822;
0.38766;3.13821;
0.38768;3.1382;
0.3877;3.1382;
0.38772;3.13819;
0.38774;3.13819;
0.38776;3.13818;
0.38778;3.13818;
0.3878;3.13818;
0.38782;3.13817;
0.38784;3.13817;
0.38786;3.13817;
0.38788;3.13817;
0.3879;3.13817;
0.38792;3.13817;
0.38794;3.13817;
0.38796;3.13817;
0.38798;3.13817;
0.388;3.13818;
0.38802;3.13818;
0.38804;3.13819;
0.38806;3.13819;
0.38808;3.1382;
0.3881;3.1382;
0.38812;3.13821;
0.38814;3.13822;
0.38816;3.13822;
0.38818;3.13823;
0.3882;3.13824;
0.38822;3.13825;
0.38824;3.13826;
0.38826;3.13827;
0.38828;3.13828;
0.3883;3.1383;
0.38832;3.13831;
0.38834;3.13832;
0.38836;3.13834;
0.38838;3.13835;
0.3884;3.13837;
0.38842;3.13838;
0.38844;3.1384;
0.38846;3.13841;
0.38848;3.13843;
0.3885;3.13845;
0.38852;3.13847;
0.38854;3.13849;
0.38856;3.13851;
0.38858;3.13853;
0.3886;3.13855;
0.38862;3.13857;
0.38864;3.13859;
0.38866;3.13862;
0.38868;3.13864;
0.3887;3.13867;
0.38872;3.13869;
0.38874;3.13872;
0.38876;3.13874;
0.38878;3.13877;
0.3888;3.1388;
0.38882;3.13882;
0.38884;3.13885;
0.38886;3.13888;
0.38888;3.13891;
0.3889;3.13894;
0.38892;3.13897;
0.38894;3.139;
0.38896;3.13904;
0.38898;3.13907;
0.389;3.1391;
0.38902;3.13913;
0.38904;3.13917;
0.38906;3.1392;
0.38908;3.13924;
0.3891;3.13928;
0.38912;3.13931;
0.38914;3.13935;
0.38916;3.13939;
0.38918;3.13943;
0.3892;3.13947;
0.38922;3.13951;
0.38924;3.13955;
0.38926;3.13959;
0.38928;3.13963;
0.3893;3.13967;
0.38932;3.13971;
0.38934;3.13976;
0.38936;3.1398;
0.38938;3.13984;
0.3894;3.13989;
0.38942;3.13994;
0.38944;3.13998;
0.38946;3.14003;
0.38948;3.14008;
0.3895;3.14012;
0.38952;3.14017;
0.38954;3.14022;
0.38956;3.14027;
0.38958;3.14032;
0.3896;3.14037;
0.38962;3.14042;
0.38964;3.14048;
0.38966;3.14053;
0.38968;3.14058;
0.3897;3.14064;
0.38972;3.14069;
0.38974;3.14075;
0.38976;3.1408;
0.38978;3.14086;
0.3898;3.14091;
0.38982;3.14097;
0.38984;3.14103;
0.38986;3.14109;
0.38988;3.14115;
0.3899;3.14121;
0.38992;3.14127;
0.38994;3.14133;
0.38996;3.14139;
0.389962;3.14139;
0.389962;3.14139;
0.389962;3.1414;
0.389963;3.1414;
0.389963;3.1414;
0.389963;3.1414;
0.389963;3.1414;
0.389964;3.1414;
0.389964;3.1414;
0.389965;3.14141;
0.389968;3.14141;
0.389973;3.14143;
0.389983;3.14146;
0.390003;3.14152;
0.390023;3.14159;
0.390043;3.14165;
0.390063;3.14171;
0.390083;3.14178;
0.390103;3.14185;
0.390123;3.14191;
0.390143;3.14198;
0.390163;3.14205;
0.390183;3.14211;
0.390203;3.14218;
0.390223;3.14225;
0.390243;3.14232;
0.390263;3.14239;
0.390283;3.14246;
0.390303;3.14253;
0.390323;3.1426;
0.390343;3.14268;
0.390363;3.14275;
0.390383;3.14282;
0.390403;3.1429;
0.390423;3.14297;
0.390443;3.14305;
0.390463;3.14312;
0.390483;3.1432;
0.390503;3.14328;
0.390523;3.14335;
0.390543;3.14343;
0.390563;3.14351;
0.390583;3.14359;
0.390603;3.14367;
0.390623;3.14375;
0.390643;3.14383;
0.390663;3.14391;
0.390683;3.144;
0.390703;3.14408;
0.390723;3.14416;
0.390743;3.14425;
0.390763;3.14433;
0.390783;3.14441;
0.390803;3.1445;
0.390823;3.14459;
0.390843;3.14467;
0.390863;3.14476;
0.390883;3.14485;
0.390903;3.14494;
0.390923;3.14502;
0.390943;3.14511;
0.390963;3.1452;
0.390983;3.14529;
0.391003;3.14539;
0.391023;3.14548;
0.391043;3.14557;
0.391063;3.14566;
0.391083;3.14576;
0.391103;3.14585;
0.391123;3.14594;
0.391143;3.14604;
0.391163;3.14614;
0.391183;3.14623;
0.391203;3.14633;
0.391223;3.14643;
0.391243;3.14652;
0.391263;3.14662;
0.391283;3.14672;
0.391303;3.14682;
0.391323;3.14692;
0.391343;3.14702;
0.391363;3.14712;
0.391383;3.14722;
0.391403;3.14733;
0.391423;3.14743;
0.391443;3.14753;
0.391463;3.14764;
0.391483;3.14774;
0.391503;3.14785;
0.391523;3.14795;
0.391543;3.14806;
0.391563;3.14816;
0.391583;3.14827;
0.391603;3.14838;
0.391623;3.14849;
0.391643;3.1486;
0.391663;3.14871;
0.391683;3.14882;
0.391703;3.14893;
0.391723;3.14904;
0.391743;3.14915;
0.391763;3.14926;
0.391783;3.14937;
0.391803;3.14949;
0.391823;3.1496;
0.391843;3.14972;
0.391863;3.14983;
0.391883;3.14995;
0.391903;3.15006;
0.391923;3.15018;
0.391943;3.1503;
0.391963;3.15041;
0.391983;3.15053;
0.392003;3.15065;
0.392023;3.15077;
0.392043;3.15089;
0.392063;3.15101;
0.392083;3.15113;
0.392103;3.15125;
0.392123;3.15137;
0.392143;3.1515;
0.392163;3.15162;
0.392183;3.15174;
0.392203;3.15187;
0.392223;3.15199;
0.392243;3.15212;
0.392263;3.15224;
0.392283;3.15237;
0.392303;3.1525;
0.392323;3.15262;
0.392343;3.15275;
0.392363;3.15288;
0.392383;3.15301;
0.392403;3.15314;
0.392423;3.15327;
0.392443;3.1534;
0.392463;3.15353;
0.392483;3.15366;
0.392503;3.15379;
0.392523;3.15393;
0.392543;3.15406;
0.392563;3.15419;
0.392583;3.15433;
0.392603;3.15446;
0.392623;3.1546;
0.392643;3.15474;
0.392663;3.15487;
0.392683;3.15501;
0.392703;3.15515;
0.392723;3.15528;
0.392743;3.15542;
0.392763;3.15556;
0.392783;3.1557;
0.392803;3.15584;
0.392823;3.15598;
0.392843;3.15612;
0.392863;3.15627;
0.392883;3.15641;
0.392903;3.15655;
0.392923;3.15669;
0.392943;3.15684;
0.392963;3.15698;
0.392983;3.15713;
0.393003;3.15727;
0.393023;3.15742;
0.393043;3.15757;
0.393063;3.15771;
0.393083;3.15786;
0.393103;3.15801;
0.393123;3.15816;
0.393139;3.15825;
0.393154;3.15828;
0.393166;3.15828;
0.393178;3.15828;
0.393192;3.15828;
0.393206;3.15828;
0.393219;3.15828;
0.393239;3.15828;
0.393259;3.15828;
0.393279;3.15828;
0.393294;3.15829;
0.393294;3.15829;
0.393294;3.15829;
0.393295;3.15829;
0.393295;3.15829;
0.393295;3.15829;
0.393295;3.15829;
0.393296;3.15829;
0.393296;3.15829;
0.393297;3.15829;
0.3933;3.15829;
0.393305;3.15829;
0.393315;3.15829;
0.393335;3.15829;
0.393355;3.1583;
0.393375;3.1583;
0.393395;3.15831;
0.393415;3.15831;
0.393435;3.15832;
0.393455;3.15833;
0.393475;3.15834;
0.393495;3.15834;
0.393515;3.15835;
0.393535;3.15836;
0.393555;3.15837;
0.393575;3.15838;
0.393595;3.1584;
0.393615;3.15841;
0.393635;3.15842;
0.393655;3.15843;
0.393675;3.15845;
0.393695;3.15846;
0.393715;3.15848;
0.393735;3.15849;
0.393755;3.15851;
0.393775;3.15853;
0.393795;3.15855;
0.393815;3.15856;
0.393835;3.15858;
0.393855;3.1586;
0.393875;3.15862;
0.393895;3.15864;
0.393915;3.15867;
0.393935;3.15869;
0.393955;3.15871;
0.393975;3.15873;
0.393995;3.15876;
0.394015;3.15878;
0.394035;3.15881;
0.394055;3.15883;
0.394075;3.15886;
0.394095;3.15888;
0.394115;3.15891;
0.394135;3.15894;
0.394155;3.15897;
0.394175;3.159;
0.394195;3.15903;
0.394215;3.15906;
0.394235;3.15909;
0.394255;3.15912;
0.394275;3.15915;
0.394295;3.15918;
0.394315;3.15922;
0.394335;3.15925;
0.394355;3.15929;
0.394375;3.15932;
0.394395;3.15936;
0.394415;3.15939;
0.394435;3.15943;
0.394455;3.15947;
0.394475;3.15951;
0.394495;3.15954;
0.394515;3.15958;
0.394535;3.15962;
0.394555;3.15966;
0.394575;3.1597;
0.394595;3.15975;
0.394615;3.15979;
0.394635;3.15983;
0.394655;3.15987;
0.394675;3.15992;
0.394695;3.15996;
0.394715;3.16001;
0.394735;3.16005;
0.394755;3.1601;
0.394775;3.16015;
0.394795;3.16019;
0.394815;3.16024;
0.394835;3.16029;
0.394855;3.16034;
0.394875;3.16039;
0.394895;3.16044;
0.394915;3.16049;
0.394935;3.16054;
0.394955;3.16059;
0.394975;3.16065;
0.394995;3.1607;
0.395015;3.16075;
0.395035;3.16081;
0.395055;3.16086;
0.395075;3.16092;
0.395095;3.16098;
0.395115;3.16103;
0.395135;3.16109;
0.395155;3.16115;
0.395175;3.16121;
0.395195;3.16127;
0.395215;3.16132;
0.395235;3.16139;
0.395255;3.16145;
0.395275;3.16151;
0.395295;3.16157;
0.395315;3.16163;
0.395335;3.16169;
0.395355;3.16176;
0.395375;3.16182;
0.395395;3.16189;
0.395415;3.16195;
0.395435;3.16202;
0.395455;3.16209;
0.395475;3.16215;
0.395495;3.16222;
0.395515;3.16229;
0.395535;3.16236;
0.395555;3.16243;
0.395575;3.1625;
0.395595;3.16257;
0.395615;3.16264;
0.395635;3.16271;
0.395655;3.16278;
0.395675;3.16286;
0.395695;3.16293;
0.395715;3.163;
0.395735;3.16308;
0.395755;3.16315;
0.395775;3.16323;
0.395795;3.16331;
0.395815;3.16338;
0.395835;3.16346;
0.395855;3.16354;
0.395875;3.16362;
0.395895;3.1637;
0.395915;3.16378;
0.395935;3.16386;
0.395955;3.16394;
0.395975;3.16402;
0.395995;3.1641;
0.396015;3.16418;
0.396035;3.16427;
0.396055;3.16435;
0.396075;3.16443;
0.396095;3.16452;
0.396115;3.1646;
0.396135;3.16469;
0.396155;3.16478;
0.396175;3.16486;
0.396195;3.16495;
0.396215;3.16504;
0.396235;3.16513;
0.396255;3.16522;
0.396275;3.16531;
0.396295;3.1654;
0.396315;3.16549;
0.396335;3.16558;
0.396355;3.16567;
0.396375;3.16576;
0.396395;3.16586;
0.396415;3.16595;
0.396435;3.16604;
0.396455;3.16614;
0.396475;3.16624;
0.396495;3.16633;
0.396515;3.16643;
0.396535;3.16652;
0.396555;3.16662;
0.396575;3.16672;
0.396595;3.16682;
0.396615;3.16692;
0.396628;3.16698;
0.396628;3.16698;
0.396628;3.16698;
0.396629;3.16699;
0.396629;3.16699;
0.396629;3.16699;
0.396629;3.16699;
0.39663;3.16699;
0.39663;3.16699;
0.396631;3.167;
0.396634;3.16701;
0.396639;3.16704;
0.396649;3.16709;
0.396669;3.16719;
0.396689;3.16729;
0.396709;3.16739;
0.396729;3.1675;
0.396749;3.1676;
0.396769;3.1677;
0.396789;3.16781;
0.396809;3.16791;
0.396829;3.16802;
0.396849;3.16812;
0.396869;3.16823;
0.396889;3.16833;
0.396909;3.16844;
0.396929;3.16855;
0.396949;3.16866;
0.396969;3.16877;
0.396989;3.16888;
0.397009;3.16899;
0.397029;3.1691;
0.397049;3.16921;
0.397069;3.16932;
0.397089;3.16943;
0.397109;3.16955;
0.397129;3.16966;
0.397149;3.16977;
0.397169;3.16989;
0.397189;3.17;
0.397209;3.17012;
0.397229;3.17024;
0.397249;3.17035;
0.397269;3.17047;
0.397289;3.17059;
0.397309;3.17071;
0.397329;3.17082;
0.397349;3.17094;
0.397369;3.17106;
0.397389;3.17118;
0.397409;3.17131;
0.397429;3.17143;
0.397449;3.17155;
0.397469;3.17167;
0.397489;3.17179;
0.397509;3.17192;
0.397529;3.17204;
0.397549;3.17217;
0.397569;3.17229;
0.397589;3.17242;
0.397609;3.17255;
0.397629;3.17267;
0.397649;3.1728;
0.397669;3.17293;
0.397689;3.17306;
0.397709;3.17319;
0.397729;3.17332;
0.397749;3.17345;
0.397769;3.17358;
0.397789;3.17371;
0.397809;3.17384;
0.397829;3.17397;
0.397849;3.1741;
0.397869;3.17424;
0.397889;3.17437;
0.397909;3.17451;
0.397929;3.17464;
0.397949;3.17478;
0.397969;3.17491;
0.397989;3.17505;
0.398009;3.17519;
0.398029;3.17532;
0.398049;3.17546;
0.398069;3.1756;
0.398089;3.17574;
0.398109;3.17588;
0.398129;3.17602;
0.398149;3.17616;
0.398169;3.1763;
0.398189;3.17644;
0.398209;3.17659;
0.398229;3.17673;
0.398249;3.17687;
0.398269;3.17702;
0.398289;3.17716;
0.398309;3.17731;
0.398329;3.17745;
0.398349;3.1776;
0.398369;3.17774;
0.398389;3.17789;
0.398409;3.17804;
0.398429;3.17819;
0.398449;3.17834;
0.398469;3.17849;
0.398489;3.17864;
0.398509;3.17879;
0.398529;3.17894;
0.398549;3.17909;
0.398569;3.17924;
0.398589;3.17939;
0.398609;3.17955;
0.398629;3.1797;
0.398649;3.17985;
0.398669;3.18001;
0.398689;3.18016;
0.398709;3.18032;
0.398729;3.18047;
0.398749;3.18063;
0.398769;3.18079;
0.398789;3.18094;
0.398809;3.1811;
0.398829;3.18126;
0.398849;3.18142;
0.398869;3.18158;
0.398889;3.18174;
0.398909;3.1819;
0.398929;3.18206;
0.398949;3.18222;
0.398969;3.18239;
0.398989;3.18255;
0.399009;3.18271;
0.399029;3.18288;
0.399049;3.18304;
0.399069;3.1832;
0.399089;3.18337;
0.399109;3.18354;
0.399129;3.1837;
0.399149;3.18387;
0.399169;3.18404;
0.399189;3.1842;
0.399209;3.18437;
0.399229;3.18454;
0.399249;3.18471;
0.399269;3.18488;
0.399289;3.18505;
0.399309;3.18522;
0.399329;3.18539;
0.399349;3.18557;
0.399369;3.18574;
0.399389;3.18591;
0.399409;3.18608;
0.399429;3.18626;
0.399449;3.18643;
0.399469;3.18661;
0.399489;3.18678;
0.399509;3.18696;
0.399529;3.18714;
0.399549;3.18731;
0.399569;3.18749;
0.399589;3.18767;
0.399609;3.18785;
0.399629;3.18803;
0.399649;3.18821;
0.399669;3.18839;
0.399689;3.18857;
0.399709;3.18875;
0.399729;3.18893;
0.399749;3.1891;
0.399763;3.18919;
0.399775;3.18922;
0.399784;3.18923;
0.399794;3.18923;
0.399805;3.18924;
0.399815;3.18924;
0.399827;3.18925;
0.399847;3.18926;
0.399867;3.18927;
0.399887;3.18928;
0.399907;3.1893;
0.399927;3.18931;
0.399947;3.18932;
0.39996;3.18933;
0.39996;3.18933;
0.39996;3.18933;
0.399961;3.18933;
0.399961;3.18933;
0.399961;3.18933;
0.399961;3.18933;
0.399962;3.18933;
0.399962;3.18934;
0.399963;3.18934;
0.399966;3.18934;
0.399971;3.18934;
0.399981;3.18935;
0.400001;3.18937;
0.400021;3.18938;
0.400041;3.18939;
0.40006;3.1894;
0.400077;3.18941;
0.40009;3.18942;
0.400104;3.18943;
0.400118;3.18944;
0.400138;3.18945;
0.400158;3.18946;
0.400178;3.18948;
0.400198;3.18949;
0.400218;3.18951;
0.400238;3.18953;
0.400258;3.18954;
0.400278;3.18956;
0.400298;3.18958;
0.400318;3.1896;
0.400338;3.18962;
0.400358;3.18964;
0.400378;3.18966;
0.400398;3.18968;
0.400418;3.1897;
0.400438;3.18972;
0.400458;3.18974;
0.400478;3.18977;
0.400498;3.18979;
0.400518;3.18982;
0.400538;3.18984;
0.400558;3.18987;
0.400578;3.18989;
0.400598;3.18992;
0.400618;3.18995;
0.400638;3.18998;
0.400658;3.19001;
0.400678;3.19004;
0.400698;3.19007;
0.400718;3.1901;
0.400738;3.19013;
0.400758;3.19016;
0.400778;3.19019;
0.400798;3.19022;
0.400818;3.19026;
0.400838;3.19029;
0.400858;3.19033;
0.400878;3.19036;
0.400898;3.1904;
0.400918;3.19043;
0.400938;3.19047;
0.400958;3.19051;
0.400978;3.19055;
0.400998;3.19059;
0.401018;3.19063;
0.401038;3.19067;
0.401058;3.19071;
0.401078;3.19075;
0.401098;3.19079;
0.401118;3.19083;
0.401138;3.19088;
0.401158;3.19092;
0.401178;3.19096;
0.401198;3.19101;
0.401218;3.19105;
0.401238;3.1911;
0.401258;3.19115;
0.401278;3.19119;
0.401298;3.19124;
0.401318;3.19129;
0.401338;3.19134;
0.401358;3.19139;
0.401378;3.19144;
0.401398;3.19149;
0.401418;3.19154;
0.401438;3.19159;
0.401458;3.19164;
0.401478;3.1917;
0.401498;3.19175;
0.401518;3.1918;
0.401538;3.19186;
0.401558;3.19191;
0.401578;3.19197;
0.401598;3.19203;
0.401618;3.19208;
0.401638;3.19214;
0.401658;3.1922;
0.401678;3.19226;
0.401698;3.19232;
0.401718;3.19238;
0.401738;3.19244;
0.401758;3.1925;
0.401778;3.19256;
0.401798;3.19262;
0.401818;3.19268;
0.401838;3.19275;
0.401858;3.19281;
0.401878;3.19287;
0.401898;3.19294;
0.401918;3.19301;
0.401938;3.19307;
0.401958;3.19314;
0.401978;3.19321;
0.401998;3.19327;
0.402018;3.19334;
0.402038;3.19341;
0.402058;3.19348;
0.402078;3.19355;
0.402098;3.19362;
0.402118;3.19369;
0.402138;3.19376;
0.402158;3.19384;
0.402178;3.19391;
0.402198;3.19398;
0.402218;3.19406;
0.402238;3.19413;
0.402258;3.19421;
0.402278;3.19428;
0.402298;3.19436;
0.402318;3.19444;
0.402338;3.19451;
0.402358;3.19459;
0.402378;3.19467;
0.402398;3.19475;
0.402418;3.19483;
0.402438;3.19491;
0.402458;3.19499;
0.402478;3.19507;
0.402498;3.19515;
0.402518;3.19524;
0.402538;3.19532;
0.402558;3.1954;
0.402578;3.19549;
0.402598;3.19557;
0.402618;3.19566;
0.402638;3.19574;
0.402658;3.19583;
0.402678;3.19592;
0.402698;3.19601;
0.402718;3.19609;
0.402738;3.19618;
0.402758;3.19627;
0.402778;3.19636;
0.402798;3.19645;
0.402818;3.19654;
0.402838;3.19663;
0.402858;3.19673;
0.402878;3.19682;
0.402898;3.19691;
0.402918;3.19701;
0.402938;3.1971;
0.402958;3.1972;
0.402978;3.19729;
0.402998;3.19739;
0.403018;3.19748;
0.403038;3.19758;
0.403058;3.19768;
0.403078;3.19778;
0.403098;3.19788;
0.403118;3.19797;
0.403138;3.19807;
0.403158;3.19818;
0.403178;3.19828;
0.403198;3.19838;
0.403218;3.19848;
0.403238;3.19858;
0.403258;3.19869;
0.403278;3.19879;
0.403294;3.19887;
0.403294;3.19887;
0.403294;3.19887;
0.403295;3.19888;
0.403295;3.19888;
0.403295;3.19888;
0.403295;3.19888;
0.403296;3.19888;
0.403296;3.19888;
0.403297;3.19889;
0.4033;3.1989;
0.403305;3.19893;
0.403315;3.19898;
0.403335;3.19909;
0.403355;3.1992;
0.403375;3.1993;
0.403395;3.19941;
0.403415;3.19952;
0.403435;3.19962;
0.403455;3.19973;
0.403475;3.19984;
0.403495;3.19995;
0.403515;3.20006;
0.403535;3.20017;
0.403555;3.20028;
0.403575;3.2004;
0.403595;3.20051;
0.403615;3.20062;
0.403635;3.20073;
0.403655;3.20085;
0.403675;3.20096;
0.403695;3.20108;
0.403715;3.20119;
0.403735;3.20131;
0.403755;3.20143;
0.403775;3.20154;
0.403795;3.20166;
0.403815;3.20178;
0.403835;3.2019;
0.403855;3.20202;
0.403875;3.20214;
0.403895;3.20226;
0.403915;3.20238;
0.403935;3.2025;
0.403955;3.20262;
0.403975;3.20275;
0.403995;3.20287;
0.404015;3.20299;
0.404035;3.20312;
0.404055;3.20324;
0.404075;3.20337;
0.404095;3.20349;
0.404115;3.20362;
0.404135;3.20375;
0.404155;3.20387;
0.404175;3.204;
0.404195;3.20413;
0.404215;3.20426;
0.404235;3.20439;
0.404255;3.20452;
0.404275;3.20465;
0.404295;3.20478;
0.404315;3.20491;
0.404335;3.20504;
0.404355;3.20518;
0.404375;3.20531;
0.404395;3.20544;
0.404415;3.20558;
0.404435;3.20571;
0.404455;3.20585;
0.404475;3.20599;
0.404495;3.20612;
0.404515;3.20626;
0.404535;3.2064;
0.404555;3.20653;
0.404575;3.20667;
0.404595;3.20681;
0.404615;3.20695;
0.404635;3.20709;
0.404655;3.20723;
0.404675;3.20737;
0.404695;3.20752;
0.404715;3.20766;
0.404735;3.2078;
0.404755;3.20794;
0.404775;3.20809;
0.404795;3.20823;
0.404815;3.20838;
0.404835;3.20852;
0.404855;3.20867;
0.404875;3.20881;
0.404895;3.20896;
0.404915;3.20911;
0.404935;3.20926;
0.404955;3.20941;
0.404975;3.20956;
0.404995;3.2097;
0.405015;3.20985;
0.405035;3.21001;
0.405055;3.21016;
0.405075;3.21031;
0.405095;3.21046;
0.405115;3.21061;
0.405135;3.21077;
0.405155;3.21092;
0.405175;3.21107;
0.405195;3.21123;
0.405215;3.21138;
0.405235;3.21154;
0.405255;3.2117;
0.405275;3.21185;
0.405295;3.21201;
0.405315;3.21217;
0.405335;3.21233;
0.405355;3.21249;
0.405375;3.21265;
0.405395;3.21281;
0.405415;3.21297;
0.405435;3.21313;
0.405455;3.21329;
0.405475;3.21345;
0.405495;3.21361;
0.405515;3.21378;
0.405535;3.21394;
0.405555;3.2141;
0.405575;3.21427;
0.405595;3.21443;
0.405615;3.2146;
0.405635;3.21477;
0.405655;3.21493;
0.405675;3.2151;
0.405695;3.21527;
0.405715;3.21543;
0.405735;3.2156;
0.405755;3.21577;
0.405775;3.21594;
0.405795;3.21611;
0.405815;3.21628;
0.405835;3.21645;
0.405855;3.21663;
0.405875;3.2168;
0.405895;3.21697;
0.405915;3.21714;
0.405935;3.21732;
0.405955;3.21749;
0.405975;3.21767;
0.405995;3.21784;
0.406015;3.21802;
0.406035;3.21819;
0.406055;3.21837;
0.406075;3.21855;
0.406095;3.21873;
0.406115;3.2189;
0.406135;3.21908;
0.406155;3.21926;
0.406175;3.21944;
0.406195;3.21962;
0.406215;3.2198;
0.406235;3.21998;
0.406255;3.22017;
0.406275;3.22035;
0.406295;3.22053;
0.406315;3.22071;
0.406335;3.2209;
0.406355;3.22108;
0.406375;3.22127;
0.406395;3.22145;
0.406411;3.22157;
0.406425;3.22164;
0.406437;3.22167;
0.406448;3.22169;
0.406462;3.22173;
0.406482;3.22178;
0.406502;3.22183;
0.406522;3.22188;
0.406542;3.22194;
0.406562;3.22199;
0.406582;3.22204;
0.406602;3.2221;
0.406622;3.22215;
0.406626;3.22217;
0.406626;3.22217;
0.406626;3.22217;
0.406627;3.22217;
0.406627;3.22217;
0.406627;3.22217;
0.406627;3.22217;
0.406628;3.22217;
0.406628;3.22217;
0.406629;3.22217;
0.406632;3.22218;
0.406637;3.2222;
0.406647;3.22222;
0.406653;3.22222;
0.406658;3.2222;
0.406663;3.22218;
0.406667;3.22215;
0.406674;3.22211;
0.40668;3.22207;
0.406688;3.22203;
0.406697;3.22198;
0.406707;3.22192;
0.406726;3.22181;
0.406746;3.2217;
0.406766;3.22158;
0.406786;3.22147;
0.406806;3.22136;
0.406826;3.22125;
0.406846;3.22114;
0.406866;3.22103;
0.406886;3.22092;
0.406906;3.22081;
0.406926;3.2207;
0.406946;3.22059;
0.406966;3.22049;
0.406986;3.22038;
0.407006;3.22028;
0.407026;3.22017;
0.407046;3.22007;
0.407066;3.21996;
0.407086;3.21986;
0.407106;3.21976;
0.407126;3.21966;
0.407146;3.21956;
0.407166;3.21946;
0.407186;3.21936;
0.407206;3.21926;
0.407226;3.21916;
0.407246;3.21907;
0.407266;3.21897;
0.407286;3.21887;
0.407306;3.21878;
0.407326;3.21869;
0.407346;3.21859;
0.407366;3.2185;
0.407386;3.21841;
0.407406;3.21831;
0.407426;3.21822;
0.407446;3.21813;
0.407466;3.21804;
0.407486;3.21795;
0.407506;3.21787;
0.407526;3.21778;
0.407546;3.21769;
0.407566;3.2176;
0.407586;3.21752;
0.407606;3.21743;
0.407626;3.21735;
0.407646;3.21726;
0.407666;3.21718;
0.407686;3.2171;
0.407706;3.21702;
0.407726;3.21694;
0.407746;3.21686;
0.407766;3.21678;
0.407786;3.2167;
0.407806;3.21662;
0.407826;3.21654;
0.407846;3.21646;
0.407866;3.21639;
0.407886;3.21631;
0.407906;3.21623;
0.407926;3.21616;
0.407946;3.21609;
0.407966;3.21601;
0.407986;3.21594;
0.408006;3.21587;
0.408026;3.2158;
0.408046;3.21573;
0.408066;3.21566;
0.408086;3.21559;
0.408106;3.21552;
0.408126;3.21545;
0.408146;3.21538;
0.408166;3.21532;
0.408186;3.21525;
0.408206;3.21518;
0.408226;3.21512;
0.408246;3.21505;
0.408266;3.21499;
0.408286;3.21493;
0.408306;3.21487;
0.408326;3.2148;
0.408346;3.21474;
0.408366;3.21468;
0.408386;3.21462;
0.408406;3.21456;
0.408426;3.21451;
0.408446;3.21445;
0.408466;3.21439;
0.408486;3.21433;
0.408506;3.21428;
0.408526;3.21422;
0.408546;3.21417;
0.408566;3.21412;
0.408586;3.21406;
0.408606;3.21401;
0.408626;3.21396;
0.408646;3.21391;
0.408666;3.21386;
0.408686;3.21381;
0.408706;3.21376;
0.408726;3.21371;
0.408746;3.21366;
0.408766;3.21361;
0.408786;3.21357;
0.408806;3.21352;
0.408826;3.21347;
0.408846;3.21343;
0.408866;3.21338;
0.408886;3.21334;
0.408906;3.2133;
0.408926;3.21326;
0.408946;3.21321;
0.408966;3.21317;
0.408986;3.21313;
0.409006;3.21309;
0.409026;3.21305;
0.409046;3.21301;
0.409066;3.21298;
0.409086;3.21294;
0.409106;3.2129;
0.409126;3.21287;
0.409146;3.21283;
0.409166;3.2128;
0.409186;3.21276;
0.409206;3.21273;
0.409226;3.2127;
0.409246;3.21266;
0.409266;3.21263;
0.409286;3.2126;
0.409306;3.21257;
0.409326;3.21254;
0.409346;3.21251;
0.409366;3.21248;
0.409386;3.21246;
0.409406;3.21243;
0.409426;3.2124;
0.409446;3.21238;
0.409466;3.21235;
0.409486;3.21233;
0.409506;3.2123;
0.409526;3.21228;
0.409546;3.21225;
0.409566;3.21223;
0.409586;3.21221;
0.409606;3.21219;
0.409626;3.21217;
0.409646;3.21215;
0.409666;3.21213;
0.409686;3.21211;
0.409706;3.21209;
0.409726;3.21208;
0.409746;3.21206;
0.409766;3.21204;
0.409786;3.21203;
0.409806;3.21201;
0.409826;3.212;
0.409846;3.21199;
0.409866;3.21197;
0.409886;3.21196;
0.409906;3.21195;
0.409926;3.21194;
0.409946;3.21193;
0.40996;3.21192;
0.40996;3.21192;
0.40996;3.21192;
0.409961;3.21192;
0.409961;3.21192;
0.409961;3.21192;
0.409961;3.21192;
0.409962;3.21192;
0.409962;3.21192;
0.409963;3.21192;
0.409966;3.21192;
0.409971;3.21192;
0.409981;3.21191;
0.410001;3.2119;
0.410021;3.21189;
0.410041;3.21189;
0.410061;3.21188;
0.410081;3.21187;
0.410101;3.21187;
0.410121;3.21186;
0.410141;3.21186;
0.410161;3.21185;
0.410181;3.21185;
0.410201;3.21185;
0.410221;3.21185;
0.410241;3.21185;
0.410261;3.21184;
0.410281;3.21184;
0.410301;3.21184;
0.410321;3.21185;
0.410341;3.21185;
0.410361;3.21185;
0.410381;3.21185;
0.410401;3.21186;
0.410421;3.21186;
0.410441;3.21186;
0.410461;3.21187;
0.410481;3.21188;
0.410501;3.21188;
0.410521;3.21189;
0.410541;3.2119;
0.410561;3.21191;
0.410581;3.21191;
0.410601;3.21192;
0.410621;3.21193;
0.410641;3.21195;
0.410661;3.21196;
0.410681;3.21197;
0.410701;3.21198;
0.410721;3.21199;
0.410741;3.21201;
0.410761;3.21202;
0.410781;3.21204;
0.410801;3.21205;
0.410821;3.21207;
0.410841;3.21209;
0.410861;3.2121;
0.410881;3.21212;
0.410901;3.21214;
0.410921;3.21216;
0.410941;3.21218;
0.410961;3.2122;
0.410981;3.21222;
0.411001;3.21224;
0.411021;3.21226;
0.411041;3.21229;
0.411061;3.21231;
0.411081;3.21233;
0.411101;3.21236;
0.411121;3.21238;
0.411141;3.21241;
0.411161;3.21244;
0.411181;3.21246;
0.411201;3.21249;
0.411221;3.21252;
0.411241;3.21255;
0.411261;3.21258;
0.411281;3.21261;
0.411301;3.21264;
0.411321;3.21267;
0.411341;3.2127;
0.411361;3.21273;
0.411381;3.21276;
0.411401;3.2128;
0.411421;3.21283;
0.411441;3.21287;
0.411461;3.2129;
0.411481;3.21294;
0.411501;3.21297;
0.411521;3.21301;
0.411541;3.21305;
0.411561;3.21309;
0.411581;3.21312;
0.411601;3.21316;
0.411621;3.2132;
0.411641;3.21324;
0.411661;3.21329;
0.411681;3.21333;
0.411701;3.21337;
0.411721;3.21341;
0.411741;3.21346;
0.411761;3.2135;
0.411781;3.21354;
0.411801;3.21359;
0.411821;3.21364;
0.411841;3.21368;
0.411861;3.21373;
0.411881;3.21378;
0.411901;3.21382;
0.411921;3.21387;
0.411941;3.21392;
0.411961;3.21397;
0.411981;3.21402;
0.412001;3.21407;
0.412021;3.21412;
0.412041;3.21418;
0.412061;3.21423;
0.412081;3.21428;
0.412101;3.21434;
0.412121;3.21439;
0.412141;3.21445;
0.412161;3.2145;
0.412181;3.21456;
0.412201;3.21461;
0.412221;3.21467;
0.412241;3.21473;
0.412261;3.21479;
0.412281;3.21485;
0.412301;3.21491;
0.412321;3.21497;
0.412341;3.21503;
0.412361;3.21509;
0.412381;3.21515;
0.412401;3.21521;
0.412421;3.21528;
0.412441;3.21534;
0.412461;3.2154;
0.412481;3.21547;
0.412501;3.21553;
0.412521;3.2156;
0.412541;3.21567;
0.412561;3.21573;
0.412581;3.2158;
0.412601;3.21587;
0.412621;3.21594;
0.412641;3.21601;
0.412661;3.21608;
0.412681;3.21615;
0.412701;3.21622;
0.412721;3.21629;
0.412741;3.21636;
0.412761;3.21644;
0.412781;3.21651;
0.412801;3.21658;
0.412821;3.21666;
0.412841;3.21673;
0.412861;3.21681;
0.412881;3.21688;
0.412901;3.21696;
0.412921;3.21704;
0.412941;3.21712;
0.412961;3.21719;
0.412981;3.21727;
0.413001;3.21735;
0.413021;3.21743;
0.413041;3.21751;
0.413061;3.21759;
0.413081;3.21768;
0.413101;3.21776;
0.413121;3.21784;
0.413141;3.21792;
0.413161;3.21801;
0.413181;3.21809;
0.413199;3.21815;
0.413212;3.21815;
0.413224;3.21814;
0.413234;3.21814;
0.413245;3.21813;
0.413264;3.21812;
0.413279;3.2181;
0.413292;3.21806;
0.413292;3.21806;
0.413292;3.21806;
0.413293;3.21805;
0.413293;3.21805;
0.413293;3.21805;
0.413293;3.21805;
0.413294;3.21805;
0.413294;3.21805;
0.413295;3.21804;
0.413298;3.21803;
0.413303;3.21801;
0.413313;3.21797;
0.413333;3.21789;
0.413346;3.21784;
0.41336;3.21779;
0.41338;3.21771;
0.4134;3.21763;
0.41342;3.21756;
0.41344;3.21748;
0.41346;3.21741;
0.41348;3.21733;
0.4135;3.21726;
0.41352;3.21719;
0.41354;3.21711;
0.41356;3.21704;
0.41358;3.21697;
0.4136;3.2169;
0.41362;3.21683;
0.41364;3.21676;
0.41366;3.21669;
0.41368;3.21662;
0.4137;3.21656;
0.41372;3.21649;
0.41374;3.21642;
0.41376;3.21636;
0.41378;3.21629;
0.4138;3.21623;
0.41382;3.21617;
0.41384;3.2161;
0.41386;3.21604;
0.41388;3.21598;
0.4139;3.21592;
0.41392;3.21586;
0.41394;3.2158;
0.41396;3.21574;
0.41398;3.21568;
0.414;3.21562;
0.41402;3.21557;
0.41404;3.21551;
0.41406;3.21546;
0.41408;3.2154;
0.4141;3.21535;
0.41412;3.21529;
0.41414;3.21524;
0.41416;3.21519;
0.41418;3.21514;
0.4142;3.21508;
0.41422;3.21503;
0.41424;3.21498;
0.41426;3.21493;
0.41428;3.21489;
0.4143;3.21484;
0.41432;3.21479;
0.41434;3.21474;
0.41436;3.2147;
0.41438;3.21465;
0.4144;3.21461;
0.41442;3.21456;
0.41444;3.21452;
0.41446;3.21448;
0.41448;3.21444;
0.4145;3.21439;
0.41452;3.21435;
0.41454;3.21431;
0.41456;3.21427;
0.41458;3.21423;
0.4146;3.2142;
0.41462;3.21416;
0.41464;3.21412;
0.41466;3.21408;
0.41468;3.21405;
0.4147;3.21401;
0.41472;3.21398;
0.41474;3.21394;
0.41476;3.21391;
0.41478;3.21388;
0.4148;3.21385;
0.41482;3.21381;
0.41484;3.21378;
0.41486;3.21375;
0.41488;3.21372;
0.4149;3.2137;
0.41492;3.21367;
0.41494;3.21364;
0.41496;3.21361;
0.41498;3.21359;
0.415;3.21356;
0.41502;3.21353;
0.41504;3.21351;
0.41506;3.21349;
0.41508;3.21346;
0.4151;3.21344;
0.41512;3.21342;
0.41514;3.2134;
0.41516;3.21338;
0.41518;3.21336;
0.4152;3.21334;
0.41522;3.21332;
0.41524;3.2133;
0.41526;3.21328;
0.41528;3.21326;
0.4153;3.21325;
0.41532;3.21323;
0.41534;3.21322;
0.41536;3.2132;
0.41538;3.21319;
0.4154;3.21317;
0.41542;3.21316;
0.41544;3.21315;
0.41546;3.21314;
0.41548;3.21313;
0.4155;3.21312;
0.41552;3.21311;
0.41554;3.2131;
0.41556;3.21309;
0.41558;3.21308;
0.4156;3.21307;
0.41562;3.21307;
0.41564;3.21306;
0.41566;3.21306;
0.41568;3.21305;
0.4157;3.21305;
0.41572;3.21304;
0.41574;3.21304;
0.41576;3.21304;
0.41578;3.21304;
0.4158;3.21304;
0.41582;3.21304;
0.41584;3.21304;
0.41586;3.21304;
0.41588;3.21304;
0.4159;3.21304;
0.41592;3.21304;
0.41594;3.21305;
0.41596;3.21305;
0.41598;3.21305;
0.416;3.21306;
0.41602;3.21306;
0.41604;3.21307;
0.41606;3.21308;
0.41608;3.21308;
0.4161;3.21309;
0.41612;3.2131;
0.41614;3.21311;
0.41616;3.21312;
0.41618;3.21313;
0.4162;3.21314;
0.41622;3.21315;
0.41624;3.21317;
0.41626;3.21318;
0.41628;3.21319;
0.4163;3.21321;
0.41632;3.21322;
0.41634;3.21324;
0.41636;3.21325;
0.41638;3.21327;
0.4164;3.21328;
0.41642;3.2133;
0.41644;3.21332;
0.41646;3.21334;
0.41648;3.21336;
0.4165;3.21338;
0.41652;3.2134;
0.41654;3.21342;
0.41656;3.21344;
0.41658;3.21347;
0.4166;3.21349;
0.41662;3.21351;
0.416626;3.21352;
0.416626;3.21352;
0.416626;3.21352;
0.416627;3.21352;
0.416627;3.21352;
0.416627;3.21352;
0.416627;3.21352;
0.416628;3.21352;
0.416628;3.21352;
0.416629;3.21352;
0.416632;3.21353;
0.416637;3.21353;
0.416647;3.21355;
0.416667;3.21357;
0.416687;3.2136;
0.416707;3.21362;
0.416727;3.21365;
0.416747;3.21368;
0.416767;3.2137;
0.416787;3.21373;
0.416807;3.21376;
0.416827;3.21379;
0.416847;3.21382;
0.416867;3.21385;
0.416887;3.21389;
0.416907;3.21392;
0.416927;3.21395;
0.416947;3.21398;
0.416967;3.21402;
0.416987;3.21405;
0.417007;3.21409;
0.417027;3.21412;
0.417047;3.21416;
0.417067;3.2142;
0.417087;3.21423;
0.417107;3.21427;
0.417127;3.21431;
0.417147;3.21435;
0.417167;3.21439;
0.417187;3.21443;
0.417207;3.21447;
0.417227;3.21451;
0.417247;3.21455;
0.417267;3.2146;
0.417287;3.21464;
0.417307;3.21468;
0.417327;3.21473;
0.417347;3.21477;
0.417367;3.21482;
0.417387;3.21487;
0.417407;3.21491;
0.417427;3.21496;
0.417447;3.21501;
0.417467;3.21506;
0.417487;3.21511;
0.417507;3.21516;
0.417527;3.21521;
0.417547;3.21526;
0.417567;3.21531;
0.417587;3.21536;
0.417607;3.21541;
0.417627;3.21547;
0.417647;3.21552;
0.417667;3.21557;
0.417687;3.21563;
0.417707;3.21568;
0.417727;3.21574;
0.417747;3.2158;
0.417767;3.21585;
0.417787;3.21591;
0.417807;3.21597;
0.417827;3.21603;
0.417847;3.21609;
0.417867;3.21615;
0.417887;3.21621;
0.417907;3.21627;
0.417927;3.21633;
0.417947;3.2164;
0.417967;3.21646;
0.417987;3.21652;
0.418007;3.21659;
0.418027;3.21665;
0.418047;3.21672;
0.418067;3.21678;
0.418087;3.21685;
0.418107;3.21692;
0.418127;3.21698;
0.418147;3.21705;
0.418167;3.21712;
0.418187;3.21719;
0.418207;3.21726;
0.418227;3.21733;
0.418247;3.2174;
0.418267;3.21747;
0.418287;3.21754;
0.418307;3.21762;
0.418327;3.21769;
0.418347;3.21776;
0.418367;3.21784;
0.418387;3.21791;
0.418407;3.21799;
0.418427;3.21806;
0.418447;3.21814;
0.418467;3.21822;
0.418487;3.2183;
0.418507;3.21837;
0.418527;3.21845;
0.418547;3.21853;
0.418567;3.21861;
0.418587;3.21869;
0.418607;3.21877;
0.418627;3.21886;
0.418647;3.21894;
0.418667;3.21902;
0.418687;3.2191;
0.418707;3.21919;
0.418727;3.21927;
0.418747;3.21936;
0.418767;3.21944;
0.418787;3.21953;
0.418807;3.21962;
0.418827;3.2197;
0.418847;3.21979;
0.418867;3.21988;
0.418887;3.21997;
0.418907;3.22006;
0.418927;3.22015;
0.418947;3.22024;
0.418967;3.22033;
0.418987;3.22042;
0.419007;3.22051;
0.419027;3.22061;
0.419047;3.2207;
0.419067;3.22079;
0.419087;3.22089;
0.419107;3.22098;
0.419127;3.22108;
0.419147;3.22117;
0.419167;3.22127;
0.419187;3.22137;
0.419207;3.22147;
0.419227;3.22156;
0.419247;3.22166;
0.419267;3.22176;
0.419287;3.22186;
0.419307;3.22196;
0.419327;3.22206;
0.419347;3.22217;
0.419367;3.22227;
0.419387;3.22237;
0.419407;3.22247;
0.419427;3.22258;
0.419447;3.22268;
0.419467;3.22279;
0.419487;3.22289;
0.419507;3.223;
0.419527;3.22311;
0.419547;3.22321;
0.419567;3.22332;
0.419587;3.22343;
0.419607;3.22354;
0.419627;3.22365;
0.419647;3.22376;
0.419667;3.22387;
0.419687;3.22398;
0.419707;3.22409;
0.419727;3.2242;
0.419747;3.22431;
0.419767;3.22443;
0.419787;3.22454;
0.419807;3.22465;
0.419827;3.22475;
0.419839;3.22477;
0.41985;3.22479;
0.419854;3.22479;
0.419861;3.2248;
0.419874;3.22481;
0.419884;3.22482;
0.419891;3.22482;
0.419898;3.22482;
0.419903;3.22481;
0.419909;3.2248;
0.419917;3.22479;
0.419927;3.22478;
0.419945;3.22475;
0.419953;3.22474;
0.419958;3.22472;
0.419958;3.22472;
0.419958;3.22472;
0.419959;3.22472;
0.419959;3.22472;
0.419959;3.22472;
0.419959;3.22472;
0.41996;3.22472;
0.41996;3.22471;
0.419961;3.22471;
0.419964;3.2247;
0.419969;3.22468;
0.419979;3.22465;
0.419996;3.2246;
0.420016;3.22453;
0.42003;3.22449;
0.420045;3.22444;
0.42006;3.22439;
0.42008;3.22433;
0.4201;3.22427;
0.42012;3.22421;
0.42014;3.22415;
0.42016;3.22409;
0.42018;3.22403;
0.4202;3.22397;
0.42022;3.22392;
0.42024;3.22386;
0.42026;3.2238;
0.42028;3.22375;
0.4203;3.22369;
0.42032;3.22364;
0.42034;3.22359;
0.42036;3.22353;
0.42038;3.22348;
0.4204;3.22343;
0.42042;3.22338;
0.42044;3.22333;
0.42046;3.22328;
0.42048;3.22323;
0.4205;3.22318;
0.42052;3.22313;
0.42054;3.22309;
0.42056;3.22304;
0.42058;3.223;
0.4206;3.22295;
0.42062;3.22291;
0.42064;3.22286;
0.42066;3.22282;
0.42068;3.22278;
0.4207;3.22273;
0.42072;3.22269;
0.42074;3.22265;
0.42076;3.22261;
0.42078;3.22257;
0.4208;3.22253;
0.42082;3.2225;
0.42084;3.22246;
0.42086;3.22242;
0.42088;3.22239;
0.4209;3.22235;
0.42092;3.22231;
0.42094;3.22228;
0.42096;3.22225;
0.42098;3.22221;
0.421;3.22218;
0.42102;3.22215;
0.42104;3.22212;
0.42106;3.22209;
0.42108;3.22206;
0.4211;3.22203;
0.42112;3.222;
0.42114;3.22197;
0.42116;3.22194;
0.42118;3.22192;
0.4212;3.22189;
0.42122;3.22186;
0.42124;3.22184;
0.42126;3.22182;
0.42128;3.22179;
0.4213;3.22177;
0.42132;3.22175;
0.42134;3.22172;
0.42136;3.2217;
0.42138;3.22168;
0.4214;3.22166;
0.42142;3.22164;
0.42144;3.22162;
0.42146;3.22161;
0.42148;3.22159;
0.4215;3.22157;
0.42152;3.22156;
0.42154;3.22154;
0.42156;3.22152;
0.42158;3.22151;
0.4216;3.2215;
0.42162;3.22148;
0.42164;3.22147;
0.42166;3.22146;
0.42168;3.22145;
0.4217;3.22144;
0.42172;3.22143;
0.42174;3.22142;
0.42176;3.22141;
0.42178;3.2214;
0.4218;3.22139;
0.42182;3.22139;
0.42184;3.22138;
0.42186;3.22137;
0.42188;3.22137;
0.4219;3.22136;
0.42192;3.22136;
0.42194;3.22136;
0.42196;3.22135;
0.42198;3.22135;
0.422;3.22135;
0.42202;3.22135;
0.42204;3.22135;
0.42206;3.22135;
0.42208;3.22135;
0.4221;3.22135;
0.42212;3.22135;
0.42214;3.22136;
0.42216;3.22136;
0.42218;3.22136;
0.4222;3.22137;
0.42222;3.22137;
0.42224;3.22138;
0.42226;3.22139;
0.42228;3.22139;
0.4223;3.2214;
0.42232;3.22141;
0.42234;3.22142;
0.42236;3.22143;
0.42238;3.22144;
0.4224;3.22145;
0.42242;3.22146;
0.42244;3.22147;
0.42246;3.22148;
0.42248;3.2215;
0.4225;3.22151;
0.42252;3.22152;
0.42254;3.22154;
0.42256;3.22155;
0.42258;3.22157;
0.4226;3.22159;
0.42262;3.2216;
0.42264;3.22162;
0.42266;3.22164;
0.42268;3.22166;
0.4227;3.22168;
0.42272;3.2217;
0.42274;3.22172;
0.42276;3.22174;
0.42278;3.22176;
0.4228;3.22179;
0.42282;3.22181;
0.42284;3.22183;
0.42286;3.22186;
0.42288;3.22188;
0.4229;3.22191;
0.42292;3.22193;
0.42294;3.22196;
0.42296;3.22199;
0.42298;3.22202;
0.423;3.22204;
0.42302;3.22207;
0.42304;3.2221;
0.42306;3.22213;
0.42308;3.22216;
0.4231;3.2222;
0.42312;3.22223;
0.42314;3.22226;
0.42316;3.22229;
0.42318;3.22233;
0.4232;3.22236;
0.42322;3.2224;
0.42324;3.22243;
0.42326;3.22247;
0.42328;3.22251;
0.423292;3.22253;
0.423292;3.22253;
0.423292;3.22253;
0.423293;3.22253;
0.423293;3.22253;
0.423293;3.22253;
0.423293;3.22253;
0.423294;3.22253;
0.423294;3.22253;
0.423295;3.22253;
0.423298;3.22254;
0.423303;3.22255;
0.423313;3.22257;
0.423333;3.22261;
0.423353;3.22265;
0.423373;3.22268;
0.423393;3.22272;
0.423413;3.22277;
0.423433;3.22281;
0.423453;3.22285;
0.423473;3.22289;
0.423493;3.22293;
0.423513;3.22298;
0.423533;3.22302;
0.423553;3.22307;
0.423573;3.22311;
0.423593;3.22316;
0.423613;3.2232;
0.423633;3.22325;
0.423653;3.2233;
0.423673;3.22335;
0.423693;3.2234;
0.423713;3.22345;
0.423733;3.2235;
0.423753;3.22355;
0.423773;3.2236;
0.423793;3.22365;
0.423813;3.2237;
0.423833;3.22375;
0.423853;3.22381;
0.423873;3.22386;
0.423893;3.22392;
0.423913;3.22397;
0.423933;3.22403;
0.423953;3.22408;
0.423973;3.22414;
0.423993;3.2242;
0.424013;3.22426;
0.424033;3.22432;
0.424053;3.22437;
0.424073;3.22443;
0.424093;3.22449;
0.424113;3.22456;
0.424133;3.22462;
0.424153;3.22468;
0.424173;3.22474;
0.424193;3.22481;
0.424213;3.22487;
0.424233;3.22493;
0.424253;3.225;
0.424273;3.22506;
0.424293;3.22513;
0.424313;3.2252;
0.424333;3.22526;
0.424353;3.22533;
0.424373;3.2254;
0.424393;3.22547;
0.424413;3.22554;
0.424433;3.22561;
0.424453;3.22568;
0.424473;3.22575;
0.424493;3.22582;
0.424513;3.22589;
0.424533;3.22597;
0.424553;3.22604;
0.424573;3.22611;
0.424593;3.22619;
0.424613;3.22626;
0.424633;3.22634;
0.424653;3.22642;
0.424673;3.22649;
0.424693;3.22657;
0.424713;3.22665;
0.424733;3.22673;
0.424753;3.22681;
0.424773;3.22689;
0.424793;3.22697;
0.424813;3.22705;
0.424833;3.22713;
0.424853;3.22721;
0.424873;3.22729;
0.424893;3.22738;
0.424913;3.22746;
0.424933;3.22754;
0.424953;3.22763;
0.424973;3.22771;
0.424993;3.2278;
0.425013;3.22789;
0.425033;3.22797;
0.425053;3.22806;
0.425073;3.22815;
0.425093;3.22824;
0.425113;3.22833;
0.425133;3.22842;
0.425153;3.22851;
0.425173;3.2286;
0.425193;3.22869;
0.425213;3.22878;
0.425233;3.22887;
0.425253;3.22897;
0.425273;3.22906;
0.425293;3.22915;
0.425313;3.22925;
0.425333;3.22934;
0.425353;3.22944;
0.425373;3.22954;
0.425393;3.22963;
0.425413;3.22973;
0.425433;3.22983;
0.425453;3.22993;
0.425473;3.23003;
0.425493;3.23012;
0.425513;3.23022;
0.425533;3.23033;
0.425553;3.23043;
0.425573;3.23053;
0.425593;3.23063;
0.425613;3.23073;
0.425633;3.23084;
0.425653;3.23094;
0.425673;3.23105;
0.425693;3.23115;
0.425713;3.23126;
0.425733;3.23136;
0.425753;3.23147;
0.425773;3.23158;
0.425793;3.23168;
0.425813;3.23179;
0.425833;3.2319;
0.425853;3.23201;
0.425873;3.23212;
0.425893;3.23223;
0.425913;3.23234;
0.425933;3.23245;
0.425953;3.23257;
0.425973;3.23268;
0.425993;3.23279;
0.426013;3.23291;
0.426033;3.23302;
0.426053;3.23314;
0.426073;3.23325;
0.426093;3.23337;
0.426113;3.23348;
0.426133;3.2336;
0.426153;3.23372;
0.426173;3.23384;
0.426193;3.23396;
0.426213;3.23407;
0.426233;3.23419;
0.426253;3.23431;
0.426273;3.23444;
0.426293;3.23456;
0.426313;3.23468;
0.426333;3.2348;
0.426353;3.23492;
0.426373;3.23505;
0.426393;3.23517;
0.426413;3.2353;
0.426433;3.23542;
0.426453;3.23555;
0.426473;3.23566;
0.426485;3.2357;
0.426497;3.23571;
0.426504;3.2357;
0.426513;3.2357;
0.426524;3.2357;
0.426544;3.23569;
0.426564;3.23569;
0.426584;3.23569;
0.426604;3.23568;
0.426624;3.23567;
0.426624;3.23567;
0.426624;3.23567;
0.426624;3.23567;
0.426625;3.23567;
0.426625;3.23567;
0.426625;3.23567;
0.426625;3.23567;
0.426626;3.23567;
0.426626;3.23567;
0.426627;3.23567;
0.42663;3.23566;
0.426633;3.23565;
0.426635;3.23564;
0.426638;3.23563;
0.426643;3.2356;
0.426652;3.23556;
0.42667;3.23548;
0.426682;3.23543;
0.426695;3.23537;
0.426709;3.23531;
0.426729;3.23523;
0.426749;3.23514;
0.426769;3.23506;
0.426789;3.23497;
0.426809;3.23489;
0.426829;3.23481;
0.426849;3.23472;
0.426869;3.23464;
0.426889;3.23456;
0.426909;3.23448;
0.426929;3.2344;
0.426949;3.23432;
0.426969;3.23424;
0.426989;3.23417;
0.427009;3.23409;
0.427029;3.23401;
0.427049;3.23394;
0.427069;3.23386;
0.427089;3.23379;
0.427109;3.23371;
0.427129;3.23364;
0.427149;3.23357;
0.427169;3.23349;
0.427189;3.23342;
0.427209;3.23335;
0.427229;3.23328;
0.427249;3.23321;
0.427269;3.23315;
0.427289;3.23308;
0.427309;3.23301;
0.427329;3.23294;
0.427349;3.23288;
0.427369;3.23281;
0.427389;3.23275;
0.427409;3.23268;
0.427429;3.23262;
0.427449;3.23256;
0.427469;3.23249;
0.427489;3.23243;
0.427509;3.23237;
0.427529;3.23231;
0.427549;3.23225;
0.427569;3.23219;
0.427589;3.23214;
0.427609;3.23208;
0.427629;3.23202;
0.427649;3.23196;
0.427669;3.23191;
0.427689;3.23185;
0.427709;3.2318;
0.427729;3.23175;
0.427749;3.23169;
0.427769;3.23164;
0.427789;3.23159;
0.427809;3.23154;
0.427829;3.23149;
0.427849;3.23144;
0.427869;3.23139;
0.427889;3.23134;
0.427909;3.23129;
0.427929;3.23124;
0.427949;3.2312;
0.427969;3.23115;
0.427989;3.2311;
0.428009;3.23106;
0.428029;3.23101;
0.428049;3.23097;
0.428069;3.23093;
0.428089;3.23089;
0.428109;3.23084;
0.428129;3.2308;
0.428149;3.23076;
0.428169;3.23072;
0.428189;3.23068;
0.428209;3.23065;
0.428229;3.23061;
0.428249;3.23057;
0.428269;3.23053;
0.428289;3.2305;
0.428309;3.23046;
0.428329;3.23043;
0.428349;3.23039;
0.428369;3.23036;
0.428389;3.23033;
0.428409;3.23029;
0.428429;3.23026;
0.428449;3.23023;
0.428469;3.2302;
0.428489;3.23017;
0.428509;3.23014;
0.428529;3.23011;
0.428549;3.23009;
0.428569;3.23006;
0.428589;3.23003;
0.428609;3.23001;
0.428629;3.22998;
0.428649;3.22996;
0.428669;3.22993;
0.428689;3.22991;
0.428709;3.22989;
0.428729;3.22986;
0.428749;3.22984;
0.428769;3.22982;
0.428789;3.2298;
0.428809;3.22978;
0.428829;3.22976;
0.428849;3.22974;
0.428869;3.22973;
0.428889;3.22971;
0.428909;3.22969;
0.428929;3.22968;
0.428949;3.22966;
0.428969;3.22965;
0.428989;3.22963;
0.429009;3.22962;
0.429029;3.22961;
0.429049;3.22959;
0.429069;3.22958;
0.429089;3.22957;
0.429109;3.22956;
0.429129;3.22955;
0.429149;3.22954;
0.429169;3.22953;
0.429189;3.22952;
0.429209;3.22952;
0.429229;3.22951;
0.429249;3.2295;
0.429269;3.2295;
0.429289;3.22949;
0.429309;3.22949;
0.429329;3.22949;
0.429349;3.22948;
0.429369;3.22948;
0.429389;3.22948;
0.429409;3.22948;
0.429429;3.22948;
0.429449;3.22948;
0.429469;3.22948;
0.429489;3.22948;
0.429509;3.22948;
0.429529;3.22948;
0.429549;3.22948;
0.429569;3.22949;
0.429589;3.22949;
0.429609;3.2295;
0.429629;3.2295;
0.429649;3.22951;
0.429669;3.22952;
0.429689;3.22952;
0.429709;3.22953;
0.429729;3.22954;
0.429749;3.22955;
0.429769;3.22956;
0.429789;3.22957;
0.429809;3.22958;
0.429829;3.22959;
0.429849;3.2296;
0.429869;3.22961;
0.429889;3.22963;
0.429909;3.22964;
0.429929;3.22966;
0.429949;3.22967;
0.429958;3.22968;
0.429958;3.22968;
0.429958;3.22968;
0.429959;3.22968;
0.429959;3.22968;
0.429959;3.22968;
0.429959;3.22968;
0.42996;3.22968;
0.42996;3.22968;
0.429961;3.22968;
0.429964;3.22968;
0.429969;3.22969;
0.429979;3.2297;
0.429999;3.22971;
0.430019;3.22973;
0.430039;3.22975;
0.430059;3.22977;
0.430079;3.22978;
0.430099;3.2298;
0.430119;3.22982;
0.430139;3.22984;
0.430159;3.22987;
0.430179;3.22989;
0.430199;3.22991;
0.430219;3.22993;
0.430239;3.22996;
0.430259;3.22998;
0.430279;3.23001;
0.430299;3.23003;
0.430319;3.23006;
0.430339;3.23008;
0.430359;3.23011;
0.430379;3.23014;
0.430399;3.23017;
0.430419;3.2302;
0.430439;3.23023;
0.430459;3.23026;
0.430479;3.23029;
0.430499;3.23032;
0.430519;3.23035;
0.430539;3.23038;
0.430559;3.23042;
0.430579;3.23045;
0.430599;3.23049;
0.430619;3.23052;
0.430639;3.23056;
0.430659;3.23059;
0.430679;3.23063;
0.430699;3.23067;
0.430719;3.2307;
0.430739;3.23074;
0.430759;3.23078;
0.430779;3.23082;
0.430799;3.23086;
0.430819;3.2309;
0.430839;3.23094;
0.430859;3.23099;
0.430879;3.23103;
0.430899;3.23107;
0.430919;3.23111;
0.430939;3.23116;
0.430959;3.2312;
0.430979;3.23125;
0.430999;3.2313;
0.431019;3.23134;
0.431039;3.23139;
0.431059;3.23144;
0.431079;3.23149;
0.431099;3.23153;
0.431119;3.23158;
0.431139;3.23163;
0.431159;3.23168;
0.431179;3.23174;
0.431199;3.23179;
0.431219;3.23184;
0.431239;3.23189;
0.431259;3.23195;
0.431279;3.232;
0.431299;3.23206;
0.431319;3.23211;
0.431339;3.23217;
0.431359;3.23222;
0.431379;3.23228;
0.431399;3.23234;
0.431419;3.2324;
0.431439;3.23245;
0.431459;3.23251;
0.431479;3.23257;
0.431499;3.23263;
0.431519;3.2327;
0.431539;3.23276;
0.431559;3.23282;
0.431579;3.23288;
0.431599;3.23295;
0.431619;3.23301;
0.431639;3.23307;
0.431659;3.23314;
0.431679;3.2332;
0.431699;3.23327;
0.431719;3.23334;
0.431739;3.2334;
0.431759;3.23347;
0.431779;3.23354;
0.431799;3.23361;
0.431819;3.23368;
0.431839;3.23375;
0.431859;3.23382;
0.431879;3.23389;
0.431899;3.23396;
0.431919;3.23404;
0.431939;3.23411;
0.431959;3.23418;
0.431979;3.23426;
0.431999;3.23433;
0.432019;3.23441;
0.432039;3.23448;
0.432059;3.23456;
0.432079;3.23464;
0.432099;3.23471;
0.432119;3.23479;
0.432139;3.23487;
0.432159;3.23495;
0.432179;3.23503;
0.432199;3.23511;
0.432219;3.23519;
0.432239;3.23527;
0.432259;3.23535;
0.432279;3.23544;
0.432299;3.23552;
0.432319;3.2356;
0.432339;3.23569;
0.432359;3.23577;
0.432379;3.23586;
0.432399;3.23594;
0.432419;3.23603;
0.432439;3.23612;
0.432459;3.2362;
0.432479;3.23629;
0.432499;3.23638;
0.432519;3.23647;
0.432539;3.23656;
0.432559;3.23665;
0.432579;3.23674;
0.432599;3.23683;
0.432619;3.23692;
0.432639;3.23702;
0.432659;3.23711;
0.432679;3.2372;
0.432699;3.2373;
0.432719;3.23739;
0.432739;3.23749;
0.432759;3.23758;
0.432779;3.23768;
0.432799;3.23778;
0.432819;3.23787;
0.432839;3.23797;
0.432859;3.23807;
0.432879;3.23817;
0.432899;3.23827;
0.432919;3.23837;
0.432939;3.23847;
0.432959;3.23857;
0.432979;3.23867;
0.432999;3.23877;
0.433019;3.23888;
0.433039;3.23898;
0.433059;3.23909;
0.433079;3.23919;
0.433099;3.2393;
0.433119;3.2394;
0.433139;3.23951;
0.433159;3.2396;
0.433173;3.23964;
0.433185;3.23963;
0.433194;3.2396;
0.433203;3.23958;
0.433215;3.23955;
0.433227;3.23952;
0.43324;3.23948;
0.43326;3.23943;
0.43328;3.23938;
0.43329;3.23935;
0.43329;3.23935;
0.43329;3.23935;
0.433291;3.23935;
0.433291;3.23935;
0.433291;3.23935;
0.433291;3.23935;
0.433292;3.23935;
0.433292;3.23935;
0.433293;3.23934;
0.433296;3.23934;
0.433301;3.23932;
0.433311;3.2393;
0.433329;3.23925;
0.433346;3.23921;
0.433366;3.23916;
0.433386;3.23911;
0.433406;3.23907;
0.433426;3.23902;
0.433446;3.23897;
0.433466;3.23893;
0.433486;3.23888;
0.433506;3.23884;
0.433526;3.2388;
0.433546;3.23875;
0.433566;3.23871;
0.433586;3.23867;
0.433606;3.23863;
0.433626;3.23859;
0.433646;3.23855;
0.433666;3.23851;
0.433686;3.23847;
0.433706;3.23843;
0.433726;3.23839;
0.433746;3.23836;
0.433766;3.23832;
0.433786;3.23829;
0.433806;3.23825;
0.433826;3.23822;
0.433846;3.23818;
0.433866;3.23815;
0.433886;3.23812;
0.433906;3.23809;
0.433926;3.23806;
0.433946;3.23802;
0.433966;3.23799;
0.433986;3.23797;
0.434006;3.23794;
0.434026;3.23791;
0.434046;3.23788;
0.434066;3.23786;
0.434086;3.23783;
0.434106;3.2378;
0.434126;3.23778;
0.434146;3.23775;
0.434166;3.23773;
0.434186;3.23771;
0.434206;3.23769;
0.434226;3.23766;
0.434246;3.23764;
0.434266;3.23762;
0.434286;3.2376;
0.434306;3.23758;
0.434326;3.23757;
0.434346;3.23755;
0.434366;3.23753;
0.434386;3.23751;
0.434406;3.2375;
0.434426;3.23748;
0.434446;3.23747;
0.434466;3.23745;
0.434486;3.23744;
0.434506;3.23743;
0.434526;3.23741;
0.434546;3.2374;
0.434566;3.23739;
0.434586;3.23738;
0.434606;3.23737;
0.434626;3.23736;
0.434646;3.23735;
0.434666;3.23734;
0.434686;3.23734;
0.434706;3.23733;
0.434726;3.23732;
0.434746;3.23732;
0.434766;3.23731;
0.434786;3.23731;
0.434806;3.2373;
0.434826;3.2373;
0.434846;3.2373;
0.434866;3.2373;
0.434886;3.23729;
0.434906;3.23729;
0.434926;3.23729;
0.434946;3.23729;
0.434966;3.2373;
0.434986;3.2373;
0.435006;3.2373;
0.435026;3.2373;
0.435046;3.23731;
0.435066;3.23731;
0.435086;3.23731;
0.435106;3.23732;
0.435126;3.23733;
0.435146;3.23733;
0.435166;3.23734;
0.435186;3.23735;
0.435206;3.23735;
0.435226;3.23736;
0.435246;3.23737;
0.435266;3.23738;
0.435286;3.23739;
0.435306;3.23741;
0.435326;3.23742;
0.435346;3.23743;
0.435366;3.23744;
0.435386;3.23746;
0.435406;3.23747;
0.435426;3.23749;
0.435446;3.2375;
0.435466;3.23752;
0.435486;3.23753;
0.435506;3.23755;
0.435526;3.23757;
0.435546;3.23759;
0.435566;3.23761;
0.435586;3.23763;
0.435606;3.23765;
0.435626;3.23767;
0.435646;3.23769;
0.435666;3.23771;
0.435686;3.23773;
0.435706;3.23776;
0.435726;3.23778;
0.435746;3.23781;
0.435766;3.23783;
0.435786;3.23786;
0.435806;3.23788;
0.435826;3.23791;
0.435846;3.23794;
0.435866;3.23796;
0.435886;3.23799;
0.435906;3.23802;
0.435926;3.23805;
0.435946;3.23808;
0.435966;3.23811;
0.435986;3.23815;
0.436006;3.23818;
0.436026;3.23821;
0.436046;3.23824;
0.436066;3.23828;
0.436086;3.23831;
0.436106;3.23835;
0.436126;3.23838;
0.436146;3.23842;
0.436166;3.23846;
0.436186;3.23849;
0.436206;3.23853;
0.436226;3.23857;
0.436246;3.23861;
0.436266;3.23865;
0.436286;3.23869;
0.436306;3.23873;
0.436326;3.23877;
0.436346;3.23881;
0.436366;3.23886;
0.436386;3.2389;
0.436406;3.23894;
0.436426;3.23899;
0.436446;3.23903;
0.436466;3.23908;
0.436486;3.23912;
0.436506;3.23917;
0.436526;3.23922;
0.436546;3.23927;
0.436566;3.23932;
0.436586;3.23936;
0.436606;3.23941;
0.436624;3.23946;
0.436624;3.23946;
0.436624;3.23946;
0.436625;3.23946;
0.436625;3.23946;
0.436625;3.23946;
0.436625;3.23946;
0.436626;3.23946;
0.436626;3.23946;
0.436627;3.23947;
0.43663;3.23947;
0.436635;3.23949;
0.436645;3.23951;
0.436665;3.23956;
0.436685;3.23962;
0.436705;3.23967;
0.436725;3.23972;
0.436745;3.23978;
0.436765;3.23983;
0.436785;3.23988;
0.436805;3.23994;
0.436825;3.24;
0.436845;3.24005;
0.436865;3.24011;
0.436885;3.24017;
0.436905;3.24023;
0.436925;3.24028;
0.436945;3.24034;
0.436965;3.2404;
0.436985;3.24046;
0.437005;3.24053;
0.437025;3.24059;
0.437045;3.24065;
0.437065;3.24071;
0.437085;3.24078;
0.437105;3.24084;
0.437125;3.2409;
0.437145;3.24097;
0.437165;3.24103;
0.437185;3.2411;
0.437205;3.24117;
0.437225;3.24124;
0.437245;3.2413;
0.437265;3.24137;
0.437285;3.24144;
0.437305;3.24151;
0.437325;3.24158;
0.437345;3.24165;
0.437365;3.24172;
0.437385;3.24179;
0.437405;3.24187;
0.437425;3.24194;
0.437445;3.24201;
0.437465;3.24209;
0.437485;3.24216;
0.437505;3.24224;
0.437525;3.24231;
0.437545;3.24239;
0.437565;3.24247;
0.437585;3.24254;
0.437605;3.24262;
0.437625;3.2427;
0.437645;3.24278;
0.437665;3.24286;
0.437685;3.24294;
0.437705;3.24302;
0.437725;3.2431;
0.437745;3.24318;
0.437765;3.24327;
0.437785;3.24335;
0.437805;3.24343;
0.437825;3.24352;
0.437845;3.2436;
0.437865;3.24369;
0.437885;3.24377;
0.437905;3.24386;
0.437925;3.24395;
0.437945;3.24404;
0.437965;3.24412;
0.437985;3.24421;
0.438005;3.2443;
0.438025;3.24439;
0.438045;3.24448;
0.438065;3.24457;
0.438085;3.24466;
0.438105;3.24476;
0.438125;3.24485;
0.438145;3.24494;
0.438165;3.24504;
0.438185;3.24513;
0.438205;3.24522;
0.438225;3.24532;
0.438245;3.24542;
0.438265;3.24551;
0.438285;3.24561;
0.438305;3.24571;
0.438325;3.2458;
0.438345;3.2459;
0.438365;3.246;
0.438385;3.2461;
0.438405;3.2462;
0.438425;3.2463;
0.438445;3.2464;
0.438465;3.24651;
0.438485;3.24661;
0.438505;3.24671;
0.438525;3.24682;
0.438545;3.24692;
0.438565;3.24702;
0.438585;3.24713;
0.438605;3.24724;
0.438625;3.24734;
0.438645;3.24745;
0.438665;3.24756;
0.438685;3.24766;
0.438705;3.24777;
0.438725;3.24788;
0.438745;3.24799;
0.438765;3.2481;
0.438785;3.24821;
0.438805;3.24832;
0.438825;3.24843;
0.438845;3.24855;
0.438865;3.24866;
0.438885;3.24877;
0.438905;3.24889;
0.438925;3.249;
0.438945;3.24912;
0.438965;3.24923;
0.438985;3.24935;
0.439005;3.24946;
0.439025;3.24958;
0.439045;3.2497;
0.439065;3.24982;
0.439085;3.24993;
0.439105;3.25005;
0.439125;3.25017;
0.439145;3.25029;
0.439165;3.25041;
0.439185;3.25054;
0.439205;3.25066;
0.439225;3.25078;
0.439245;3.2509;
0.439265;3.25103;
0.439285;3.25115;
0.439305;3.25128;
0.439325;3.2514;
0.439345;3.25153;
0.439365;3.25165;
0.439385;3.25178;
0.439405;3.25191;
0.439425;3.25203;
0.439445;3.25216;
0.439465;3.25229;
0.439485;3.25242;
0.439505;3.25255;
0.439525;3.25268;
0.439545;3.25281;
0.439565;3.25294;
0.439585;3.25307;
0.439605;3.25321;
0.439625;3.25334;
0.439645;3.25347;
0.439665;3.25361;
0.439685;3.25374;
0.439705;3.25388;
0.439725;3.25401;
0.439745;3.25415;
0.439765;3.25429;
0.439785;3.25441;
0.439799;3.25447;
0.439811;3.25448;
0.439819;3.25447;
0.439829;3.25446;
0.439843;3.25445;
0.439859;3.25444;
0.439878;3.25442;
0.439898;3.25441;
0.439918;3.25439;
0.439938;3.25438;
0.439956;3.25437;
0.439956;3.25437;
0.439956;3.25437;
0.439957;3.25437;
0.439957;3.25437;
0.439957;3.25437;
0.439957;3.25437;
0.439958;3.25437;
0.439958;3.25437;
0.439959;3.25437;
0.439962;3.25436;
0.439967;3.25436;
0.439977;3.25435;
0.439997;3.25434;
0.440017;3.25433;
0.440037;3.25432;
0.440057;3.25431;
0.440075;3.2543;
0.440093;3.2543;
0.440112;3.25429;
0.440132;3.25428;
0.440152;3.25427;
0.440172;3.25427;
0.440192;3.25426;
0.440212;3.25426;
0.440232;3.25425;
0.440252;3.25425;
0.440272;3.25424;
0.440292;3.25424;
0.440312;3.25424;
0.440332;3.25424;
0.440352;3.25424;
0.440372;3.25424;
0.440392;3.25424;
0.440412;3.25424;
0.440432;3.25424;
0.440452;3.25424;
0.440472;3.25424;
0.440492;3.25425;
0.440512;3.25425;
0.440532;3.25426;
0.440552;3.25426;
0.440572;3.25427;
0.440592;3.25427;
0.440612;3.25428;
0.440632;3.25429;
0.440652;3.2543;
0.440672;3.25431;
0.440692;3.25431;
0.440712;3.25432;
0.440732;3.25434;
0.440752;3.25435;
0.440772;3.25436;
0.440792;3.25437;
0.440812;3.25438;
0.440832;3.2544;
0.440852;3.25441;
0.440872;3.25443;
0.440892;3.25444;
0.440912;3.25446;
0.440932;3.25447;
0.440952;3.25449;
0.440972;3.25451;
0.440992;3.25453;
0.441012;3.25455;
0.441032;3.25457;
0.441052;3.25459;
0.441072;3.25461;
0.441092;3.25463;
0.441112;3.25465;
0.441132;3.25467;
0.441152;3.2547;
0.441172;3.25472;
0.441192;3.25474;
0.441212;3.25477;
0.441232;3.25479;
0.441252;3.25482;
0.441272;3.25485;
0.441292;3.25487;
0.441312;3.2549;
0.441332;3.25493;
0.441352;3.25496;
0.441372;3.25499;
0.441392;3.25502;
0.441412;3.25505;
0.441432;3.25508;
0.441452;3.25511;
0.441472;3.25515;
0.441492;3.25518;
0.441512;3.25521;
0.441532;3.25525;
0.441552;3.25528;
0.441572;3.25532;
0.441592;3.25535;
0.441612;3.25539;
0.441632;3.25543;
0.441652;3.25547;
0.441672;3.25551;
0.441692;3.25554;
0.441712;3.25558;
0.441732;3.25562;
0.441752;3.25566;
0.441772;3.25571;
0.441792;3.25575;
0.441812;3.25579;
0.441832;3.25583;
0.441852;3.25588;
0.441872;3.25592;
0.441892;3.25597;
0.441912;3.25601;
0.441932;3.25606;
0.441952;3.2561;
0.441972;3.25615;
0.441992;3.2562;
0.442012;3.25625;
0.442032;3.2563;
0.442052;3.25635;
0.442072;3.2564;
0.442092;3.25645;
0.442112;3.2565;
0.442132;3.25655;
0.442152;3.2566;
0.442172;3.25665;
0.442192;3.25671;
0.442212;3.25676;
0.442232;3.25682;
0.442252;3.25687;
0.442272;3.25693;
0.442292;3.25698;
0.442312;3.25704;
0.442332;3.2571;
0.442352;3.25716;
0.442372;3.25722;
0.442392;3.25727;
0.442412;3.25733;
0.442432;3.25739;
0.442452;3.25746;
0.442472;3.25752;
0.442492;3.25758;
0.442512;3.25764;
0.442532;3.25771;
0.442552;3.25777;
0.442572;3.25783;
0.442592;3.2579;
0.442612;3.25796;
0.442632;3.25803;
0.442652;3.2581;
0.442672;3.25816;
0.442692;3.25823;
0.442712;3.2583;
0.442732;3.25837;
0.442752;3.25844;
0.442772;3.25851;
0.442792;3.25858;
0.442812;3.25865;
0.442832;3.25872;
0.442852;3.25879;
0.442872;3.25887;
0.442892;3.25894;
0.442912;3.25901;
0.442932;3.25909;
0.442952;3.25916;
0.442972;3.25924;
0.442992;3.25932;
0.443012;3.25939;
0.443032;3.25947;
0.443052;3.25955;
0.443072;3.25963;
0.443092;3.2597;
0.443112;3.25978;
0.443132;3.25986;
0.443152;3.25994;
0.443172;3.26003;
0.443192;3.26011;
0.443212;3.26019;
0.443232;3.26027;
0.443252;3.26036;
0.443272;3.26044;
0.44329;3.26052;
0.44329;3.26052;
0.44329;3.26052;
0.443291;3.26052;
0.443291;3.26052;
0.443291;3.26052;
0.443291;3.26052;
0.443292;3.26052;
0.443292;3.26053;
0.443293;3.26053;
0.443296;3.26054;
0.443301;3.26056;
0.443311;3.26061;
0.443331;3.26069;
0.443351;3.26078;
0.443371;3.26087;
0.443391;3.26095;
0.443411;3.26104;
0.443431;3.26113;
0.443451;3.26122;
0.443471;3.26131;
0.443491;3.2614;
0.443511;3.26149;
0.443531;3.26158;
0.443551;3.26167;
0.443571;3.26176;
0.443591;3.26186;
0.443611;3.26195;
0.443631;3.26204;
0.443651;3.26214;
0.443671;3.26223;
0.443691;3.26233;
0.443711;3.26243;
0.443731;3.26252;
0.443751;3.26262;
0.443771;3.26272;
0.443791;3.26282;
0.443811;3.26291;
0.443831;3.26301;
0.443851;3.26311;
0.443871;3.26321;
0.443891;3.26332;
0.443911;3.26342;
0.443931;3.26352;
0.443951;3.26362;
0.443971;3.26372;
0.443991;3.26383;
0.444011;3.26393;
0.444031;3.26404;
0.444051;3.26414;
0.444071;3.26425;
0.444091;3.26436;
0.444111;3.26446;
0.444131;3.26457;
0.444151;3.26468;
0.444171;3.26479;
0.444191;3.2649;
0.444211;3.26501;
0.444231;3.26512;
0.444251;3.26523;
0.444271;3.26534;
0.444291;3.26545;
0.444311;3.26556;
0.444331;3.26568;
0.444351;3.26579;
0.444371;3.2659;
0.444391;3.26602;
0.444411;3.26613;
0.444431;3.26625;
0.444451;3.26636;
0.444471;3.26648;
0.444491;3.2666;
0.444511;3.26672;
0.444531;3.26684;
0.444551;3.26695;
0.444571;3.26707;
0.444591;3.26719;
0.444611;3.26731;
0.444631;3.26743;
0.444651;3.26756;
0.444671;3.26768;
0.444691;3.2678;
0.444711;3.26792;
0.444731;3.26805;
0.444751;3.26817;
0.444771;3.2683;
0.444791;3.26842;
0.444811;3.26855;
0.444831;3.26867;
0.444851;3.2688;
0.444871;3.26893;
0.444891;3.26906;
0.444911;3.26918;
0.444931;3.26931;
0.444951;3.26944;
0.444971;3.26957;
0.444991;3.2697;
0.445011;3.26983;
0.445031;3.26997;
0.445051;3.2701;
0.445071;3.27023;
0.445091;3.27036;
0.445111;3.2705;
0.445131;3.27063;
0.445151;3.27077;
0.445171;3.2709;
0.445191;3.27104;
0.445211;3.27117;
0.445231;3.27131;
0.445251;3.27145;
0.445271;3.27159;
0.445291;3.27173;
0.445311;3.27186;
0.445331;3.272;
0.445351;3.27214;
0.445371;3.27228;
0.445391;3.27243;
0.445411;3.27257;
0.445431;3.27271;
0.445451;3.27285;
0.445471;3.27299;
0.445491;3.27314;
0.445511;3.27328;
0.445531;3.27343;
0.445551;3.27357;
0.445571;3.27372;
0.445591;3.27386;
0.445611;3.27401;
0.445631;3.27416;
0.445651;3.27431;
0.445671;3.27445;
0.445691;3.2746;
0.445711;3.27475;
0.445731;3.2749;
0.445751;3.27505;
0.445771;3.2752;
0.445791;3.27535;
0.445811;3.27551;
0.445831;3.27566;
0.445851;3.27581;
0.445871;3.27597;
0.445891;3.27612;
0.445911;3.27627;
0.445931;3.27643;
0.445951;3.27658;
0.445971;3.27674;
0.445991;3.2769;
0.446011;3.27705;
0.446031;3.27721;
0.446051;3.27737;
0.446071;3.27753;
0.446091;3.27769;
0.446111;3.27785;
0.446131;3.27801;
0.446151;3.27817;
0.446171;3.27833;
0.446191;3.27849;
0.446211;3.27865;
0.446231;3.27881;
0.446251;3.27898;
0.446271;3.27914;
0.446291;3.27931;
0.446311;3.27947;
0.446331;3.27964;
0.446351;3.2798;
0.446371;3.27997;
0.446391;3.28013;
0.446411;3.28028;
0.446423;3.28035;
0.446434;3.28038;
0.446442;3.2804;
0.446451;3.28041;
0.446461;3.28044;
0.44648;3.28048;
0.4465;3.28052;
0.44652;3.28056;
0.44654;3.28061;
0.446555;3.28062;
0.44657;3.28057;
0.446581;3.28052;
0.446592;3.28047;
0.446605;3.2804;
0.446619;3.28033;
0.446622;3.28032;
0.446622;3.28031;
0.446622;3.28031;
0.446623;3.28031;
0.446623;3.28031;
0.446623;3.28031;
0.446623;3.28031;
0.446624;3.28031;
0.446624;3.2803;
0.446625;3.2803;
0.446628;3.28029;
0.446633;3.28026;
0.446643;3.28021;
0.446663;3.28011;
0.446683;3.28002;
0.446703;3.27992;
0.446723;3.27983;
0.446743;3.27973;
0.446763;3.27964;
0.446783;3.27954;
0.446803;3.27945;
0.446823;3.27936;
0.446843;3.27927;
0.446863;3.27918;
0.446883;3.27909;
0.446903;3.279;
0.446923;3.27891;
0.446943;3.27882;
0.446963;3.27874;
0.446983;3.27865;
0.447003;3.27856;
0.447023;3.27848;
0.447043;3.27839;
0.447063;3.27831;
0.447083;3.27823;
0.447103;3.27814;
0.447123;3.27806;
0.447143;3.27798;
0.447163;3.2779;
0.447183;3.27782;
0.447203;3.27774;
0.447223;3.27766;
0.447243;3.27758;
0.447263;3.27751;
0.447283;3.27743;
0.447303;3.27735;
0.447323;3.27728;
0.447343;3.2772;
0.447363;3.27713;
0.447383;3.27706;
0.447403;3.27698;
0.447423;3.27691;
0.447443;3.27684;
0.447463;3.27677;
0.447483;3.2767;
0.447503;3.27663;
0.447523;3.27656;
0.447543;3.27649;
0.447563;3.27642;
0.447583;3.27636;
0.447603;3.27629;
0.447623;3.27622;
0.447643;3.27616;
0.447663;3.2761;
0.447683;3.27603;
0.447703;3.27597;
0.447723;3.27591;
0.447743;3.27584;
0.447763;3.27578;
0.447783;3.27572;
0.447803;3.27566;
0.447823;3.2756;
0.447843;3.27554;
0.447863;3.27549;
0.447883;3.27543;
0.447903;3.27537;
0.447923;3.27532;
0.447943;3.27526;
0.447963;3.27521;
0.447983;3.27515;
0.448003;3.2751;
0.448023;3.27505;
0.448043;3.27499;
0.448063;3.27494;
0.448083;3.27489;
0.448103;3.27484;
0.448123;3.27479;
0.448143;3.27474;
0.448163;3.27469;
0.448183;3.27464;
0.448203;3.2746;
0.448223;3.27455;
0.448243;3.2745;
0.448263;3.27446;
0.448283;3.27441;
0.448303;3.27437;
0.448323;3.27433;
0.448343;3.27428;
0.448363;3.27424;
0.448383;3.2742;
0.448403;3.27416;
0.448423;3.27412;
0.448443;3.27408;
0.448463;3.27404;
0.448483;3.274;
0.448503;3.27397;
0.448523;3.27393;
0.448543;3.27389;
0.448563;3.27386;
0.448583;3.27382;
0.448603;3.27379;
0.448623;3.27375;
0.448643;3.27372;
0.448663;3.27369;
0.448683;3.27365;
0.448703;3.27362;
0.448723;3.27359;
0.448743;3.27356;
0.448763;3.27353;
0.448783;3.2735;
0.448803;3.27347;
0.448823;3.27345;
0.448843;3.27342;
0.448863;3.27339;
0.448883;3.27337;
0.448903;3.27334;
0.448923;3.27332;
0.448943;3.27329;
0.448963;3.27327;
0.448983;3.27325;
0.449003;3.27322;
0.449023;3.2732;
0.449043;3.27318;
0.449063;3.27316;
0.449083;3.27314;
0.449103;3.27312;
0.449123;3.2731;
0.449143;3.27309;
0.449163;3.27307;
0.449183;3.27305;
0.449203;3.27304;
0.449223;3.27302;
0.449243;3.27301;
0.449263;3.27299;
0.449283;3.27298;
0.449303;3.27297;
0.449323;3.27295;
0.449343;3.27294;
0.449363;3.27293;
0.449383;3.27292;
0.449403;3.27291;
0.449423;3.2729;
0.449443;3.27289;
0.449463;3.27288;
0.449483;3.27288;
0.449503;3.27287;
0.449523;3.27286;
0.449543;3.27286;
0.449563;3.27285;
0.449583;3.27285;
0.449603;3.27285;
0.449623;3.27284;
0.449643;3.27284;
0.449663;3.27284;
0.449683;3.27284;
0.449703;3.27284;
0.449723;3.27284;
0.449743;3.27284;
0.449763;3.27284;
0.449783;3.27284;
0.449803;3.27284;
0.449823;3.27284;
0.449843;3.27285;
0.449863;3.27285;
0.449883;3.27286;
0.449903;3.27286;
0.449923;3.27287;
0.449943;3.27287;
0.449956;3.27288;
0.449956;3.27288;
0.449956;3.27288;
0.449957;3.27288;
0.449957;3.27288;
0.449957;3.27288;
0.449957;3.27288;
0.449958;3.27288;
0.449958;3.27288;
0.449959;3.27288;
0.449962;3.27288;
0.449967;3.27288;
0.449977;3.27289;
0.449997;3.27289;
0.450017;3.2729;
0.450037;3.27291;
0.450057;3.27292;
0.450077;3.27293;
0.450097;3.27294;
0.450117;3.27296;
0.450137;3.27297;
0.450157;3.27298;
0.450177;3.27299;
0.450197;3.27301;
0.450217;3.27302;
0.450237;3.27304;
0.450257;3.27305;
0.450277;3.27307;
0.450297;3.27309;
0.450317;3.27311;
0.450337;3.27312;
0.450357;3.27314;
0.450377;3.27316;
0.450397;3.27318;
0.450417;3.2732;
0.450437;3.27322;
0.450457;3.27325;
0.450477;3.27327;
0.450497;3.27329;
0.450517;3.27332;
0.450537;3.27334;
0.450557;3.27336;
0.450577;3.27339;
0.450597;3.27342;
0.450617;3.27344;
0.450637;3.27347;
0.450657;3.2735;
0.450677;3.27353;
0.450697;3.27355;
0.450717;3.27358;
0.450737;3.27361;
0.450757;3.27365;
0.450777;3.27368;
0.450797;3.27371;
0.450817;3.27374;
0.450837;3.27377;
0.450857;3.27381;
0.450877;3.27384;
0.450897;3.27388;
0.450917;3.27391;
0.450937;3.27395;
0.450957;3.27398;
0.450977;3.27402;
0.450997;3.27406;
0.451017;3.2741;
0.451037;3.27414;
0.451057;3.27418;
0.451077;3.27422;
0.451097;3.27426;
0.451117;3.2743;
0.451137;3.27434;
0.451157;3.27438;
0.451177;3.27442;
0.451197;3.27447;
0.451217;3.27451;
0.451237;3.27456;
0.451257;3.2746;
0.451277;3.27465;
0.451297;3.27469;
0.451317;3.27474;
0.451337;3.27479;
0.451357;3.27484;
0.451377;3.27489;
0.451397;3.27493;
0.451417;3.27498;
0.451437;3.27504;
0.451457;3.27509;
0.451477;3.27514;
0.451497;3.27519;
0.451517;3.27524;
0.451537;3.2753;
0.451557;3.27535;
0.451577;3.2754;
0.451597;3.27546;
0.451617;3.27551;
0.451637;3.27557;
0.451657;3.27563;
0.451677;3.27568;
0.451697;3.27574;
0.451717;3.2758;
0.451737;3.27586;
0.451757;3.27592;
0.451777;3.27598;
0.451797;3.27604;
0.451817;3.2761;
0.451837;3.27616;
0.451857;3.27623;
0.451877;3.27629;
0.451897;3.27635;
0.451917;3.27642;
0.451937;3.27648;
0.451957;3.27655;
0.451977;3.27661;
0.451997;3.27668;
0.452017;3.27675;
0.452037;3.27681;
0.452057;3.27688;
0.452077;3.27695;
0.452097;3.27702;
0.452117;3.27709;
0.452137;3.27716;
0.452157;3.27723;
0.452177;3.2773;
0.452197;3.27737;
0.452217;3.27745;
0.452237;3.27752;
0.452257;3.27759;
0.452277;3.27767;
0.452297;3.27774;
0.452317;3.27782;
0.452337;3.27789;
0.452357;3.27797;
0.452377;3.27805;
0.452397;3.27813;
0.452417;3.2782;
0.452437;3.27828;
0.452457;3.27836;
0.452477;3.27844;
0.452497;3.27852;
0.452517;3.2786;
0.452537;3.27868;
0.452557;3.27877;
0.452577;3.27885;
0.452597;3.27893;
0.452617;3.27902;
0.452637;3.2791;
0.452657;3.27918;
0.452677;3.27927;
0.452697;3.27936;
0.452717;3.27944;
0.452737;3.27953;
0.452757;3.27962;
0.452777;3.27971;
0.452797;3.27979;
0.452817;3.27988;
0.452837;3.27997;
0.452857;3.28006;
0.452877;3.28015;
0.452897;3.28025;
0.452917;3.28034;
0.452937;3.28043;
0.452957;3.28052;
0.452977;3.28062;
0.452997;3.28071;
0.453017;3.28081;
0.453037;3.2809;
0.453057;3.281;
0.453077;3.28109;
0.453097;3.28119;
0.453117;3.28129;
0.453137;3.28139;
0.453157;3.28148;
0.453171;3.2815;
0.453183;3.28149;
0.453191;3.28146;
0.453201;3.28143;
0.453214;3.2814;
0.453227;3.28136;
0.453242;3.28131;
0.453262;3.28126;
0.453282;3.2812;
0.453288;3.28118;
0.453288;3.28118;
0.453288;3.28118;
0.453289;3.28118;
0.453289;3.28118;
0.453289;3.28118;
0.453289;3.28118;
0.45329;3.28118;
0.45329;3.28118;
0.453291;3.28117;
0.453294;3.28117;
0.453299;3.28115;
0.453309;3.28112;
0.453329;3.28107;
0.453349;3.28101;
0.453369;3.28096;
0.453389;3.28091;
0.453409;3.28085;
0.453429;3.2808;
0.453449;3.28075;
0.453469;3.2807;
0.453489;3.28065;
0.453509;3.2806;
0.453529;3.28055;
0.453549;3.2805;
0.453569;3.28046;
0.453589;3.28041;
0.453609;3.28036;
0.453629;3.28032;
0.453649;3.28027;
0.453669;3.28023;
0.453689;3.28018;
0.453709;3.28014;
0.453729;3.2801;
0.453749;3.28006;
0.453769;3.28002;
0.453789;3.27997;
0.453809;3.27993;
0.453829;3.2799;
0.453849;3.27986;
0.453869;3.27982;
0.453889;3.27978;
0.453909;3.27974;
0.453929;3.27971;
0.453949;3.27967;
0.453969;3.27964;
0.453989;3.2796;
0.454009;3.27957;
0.454029;3.27954;
0.454049;3.2795;
0.454069;3.27947;
0.454089;3.27944;
0.454109;3.27941;
0.454129;3.27938;
0.454149;3.27935;
0.454169;3.27932;
0.454189;3.27929;
0.454209;3.27927;
0.454229;3.27924;
0.454249;3.27921;
0.454269;3.27919;
0.454289;3.27916;
0.454309;3.27914;
0.454329;3.27911;
0.454349;3.27909;
0.454369;3.27907;
0.454389;3.27905;
0.454409;3.27903;
0.454429;3.279;
0.454449;3.27898;
0.454469;3.27897;
0.454489;3.27895;
0.454509;3.27893;
0.454529;3.27891;
0.454549;3.27889;
0.454569;3.27888;
0.454589;3.27886;
0.454609;3.27885;
0.454629;3.27883;
0.454649;3.27882;
0.454669;3.2788;
0.454689;3.27879;
0.454709;3.27878;
0.454729;3.27877;
0.454749;3.27876;
0.454769;3.27875;
0.454789;3.27874;
0.454809;3.27873;
0.454829;3.27872;
0.454849;3.27871;
0.454869;3.2787;
0.454889;3.2787;
0.454909;3.27869;
0.454929;3.27869;
0.454949;3.27868;
0.454969;3.27868;
0.454989;3.27867;
0.455009;3.27867;
0.455029;3.27867;
0.455049;3.27867;
0.455069;3.27867;
0.455089;3.27867;
0.455109;3.27867;
0.455129;3.27867;
0.455149;3.27867;
0.455169;3.27867;
0.455189;3.27867;
0.455209;3.27868;
0.455229;3.27868;
0.455249;3.27868;
0.455269;3.27869;
0.455289;3.27869;
0.455309;3.2787;
0.455329;3.27871;
0.455349;3.27871;
0.455369;3.27872;
0.455389;3.27873;
0.455409;3.27874;
0.455429;3.27875;
0.455449;3.27876;
0.455469;3.27877;
0.455489;3.27878;
0.455509;3.27879;
0.455529;3.27881;
0.455549;3.27882;
0.455569;3.27883;
0.455589;3.27885;
0.455609;3.27886;
0.455629;3.27888;
0.455649;3.2789;
0.455669;3.27891;
0.455689;3.27893;
0.455709;3.27895;
0.455729;3.27897;
0.455749;3.27899;
0.455769;3.27901;
0.455789;3.27903;
0.455809;3.27905;
0.455829;3.27907;
0.455849;3.27909;
0.455869;3.27911;
0.455889;3.27914;
0.455909;3.27916;
0.455929;3.27919;
0.455949;3.27921;
0.455969;3.27924;
0.455989;3.27926;
0.456009;3.27929;
0.456029;3.27932;
0.456049;3.27935;
0.456069;3.27937;
0.456089;3.2794;
0.456109;3.27943;
0.456129;3.27946;
0.456149;3.27949;
0.456169;3.27953;
0.456189;3.27956;
0.456209;3.27959;
0.456229;3.27962;
0.456249;3.27966;
0.456269;3.27969;
0.456289;3.27973;
0.456309;3.27976;
0.456329;3.2798;
0.456349;3.27984;
0.456369;3.27987;
0.456389;3.27991;
0.456409;3.27995;
0.456429;3.27999;
0.456449;3.28003;
0.456469;3.28007;
0.456489;3.28011;
0.456509;3.28015;
0.456529;3.2802;
0.456549;3.28024;
0.456569;3.28028;
0.456589;3.28033;
0.456609;3.28037;
0.456622;3.2804;
0.456622;3.2804;
0.456622;3.2804;
0.456623;3.2804;
0.456623;3.2804;
0.456623;3.2804;
0.456623;3.2804;
0.456624;3.2804;
0.456624;3.2804;
0.456625;3.28041;
0.456628;3.28041;
0.456633;3.28042;
0.456643;3.28045;
0.456663;3.28049;
0.456683;3.28054;
0.456703;3.28059;
0.456723;3.28063;
0.456743;3.28068;
0.456763;3.28073;
0.456783;3.28078;
0.456803;3.28083;
0.456823;3.28088;
0.456843;3.28093;
0.456863;3.28098;
0.456883;3.28104;
0.456903;3.28109;
0.456923;3.28114;
0.456943;3.2812;
0.456963;3.28125;
0.456983;3.28131;
0.457003;3.28136;
0.457023;3.28142;
0.457043;3.28148;
0.457063;3.28153;
0.457083;3.28159;
0.457103;3.28165;
0.457123;3.28171;
0.457143;3.28177;
0.457163;3.28183;
0.457183;3.28189;
0.457203;3.28195;
0.457223;3.28201;
0.457243;3.28208;
0.457263;3.28214;
0.457283;3.2822;
0.457303;3.28227;
0.457323;3.28233;
0.457343;3.2824;
0.457363;3.28246;
0.457383;3.28253;
0.457403;3.2826;
0.457423;3.28266;
0.457443;3.28273;
0.457463;3.2828;
0.457483;3.28287;
0.457503;3.28294;
0.457523;3.28301;
0.457543;3.28308;
0.457563;3.28315;
0.457583;3.28323;
0.457603;3.2833;
0.457623;3.28337;
0.457643;3.28345;
0.457663;3.28352;
0.457683;3.2836;
0.457703;3.28367;
0.457723;3.28375;
0.457743;3.28382;
0.457763;3.2839;
0.457783;3.28398;
0.457803;3.28406;
0.457823;3.28414;
0.457843;3.28421;
0.457863;3.28429;
0.457883;3.28438;
0.457903;3.28446;
0.457923;3.28454;
0.457943;3.28462;
0.457963;3.2847;
0.457983;3.28479;
0.458003;3.28487;
0.458023;3.28495;
0.458043;3.28504;
0.458063;3.28513;
0.458083;3.28521;
0.458103;3.2853;
0.458123;3.28539;
0.458143;3.28547;
0.458163;3.28556;
0.458183;3.28565;
0.458203;3.28574;
0.458223;3.28583;
0.458243;3.28592;
0.458263;3.28601;
0.458283;3.2861;
0.458303;3.28619;
0.458323;3.28629;
0.458343;3.28638;
0.458363;3.28647;
0.458383;3.28657;
0.458403;3.28666;
0.458423;3.28676;
0.458443;3.28686;
0.458463;3.28695;
0.458483;3.28705;
0.458503;3.28715;
0.458523;3.28724;
0.458543;3.28734;
0.458563;3.28744;
0.458583;3.28754;
0.458603;3.28764;
0.458623;3.28774;
0.458643;3.28785;
0.458663;3.28795;
0.458683;3.28805;
0.458703;3.28815;
0.458723;3.28826;
0.458743;3.28836;
0.458763;3.28846;
0.458783;3.28857;
0.458803;3.28868;
0.458823;3.28878;
0.458843;3.28889;
0.458863;3.289;
0.458883;3.2891;
0.458903;3.28921;
0.458923;3.28932;
0.458943;3.28943;
0.458963;3.28954;
0.458983;3.28965;
0.459003;3.28976;
0.459023;3.28987;
0.459043;3.28999;
0.459063;3.2901;
0.459083;3.29021;
0.459103;3.29033;
0.459123;3.29044;
0.459143;3.29056;
0.459163;3.29067;
0.459183;3.29079;
0.459203;3.2909;
0.459223;3.29102;
0.459243;3.29114;
0.459263;3.29126;
0.459283;3.29138;
0.459303;3.29149;
0.459323;3.29161;
0.459343;3.29173;
0.459363;3.29186;
0.459383;3.29198;
0.459403;3.2921;
0.459423;3.29222;
0.459443;3.29234;
0.459463;3.29247;
0.459483;3.29259;
0.459503;3.29272;
0.459523;3.29284;
0.459543;3.29297;
0.459563;3.29309;
0.459583;3.29322;
0.459603;3.29335;
0.459623;3.29347;
0.459643;3.2936;
0.459663;3.29373;
0.459683;3.29386;
0.459703;3.29399;
0.459723;3.29412;
0.459743;3.29425;
0.459763;3.29438;
0.459783;3.2945;
0.459795;3.29454;
0.459806;3.29455;
0.459813;3.29456;
0.459822;3.29456;
0.459831;3.29457;
0.45985;3.29458;
0.45987;3.2946;
0.45989;3.29462;
0.459906;3.29461;
0.45992;3.29457;
0.459931;3.29452;
0.459941;3.29448;
0.459951;3.29444;
0.459954;3.29443;
0.459954;3.29443;
0.459954;3.29443;
0.459955;3.29443;
0.459955;3.29443;
0.459955;3.29443;
0.459955;3.29442;
0.459956;3.29442;
0.459956;3.29442;
0.459957;3.29442;
0.45996;3.2944;
0.459965;3.29438;
0.459975;3.29434;
0.459995;3.29426;
0.460015;3.29418;
0.460035;3.2941;
0.460055;3.29402;
0.460075;3.29394;
0.460095;3.29386;
0.460115;3.29379;
0.460135;3.29371;
0.460155;3.29363;
0.460175;3.29356;
0.460195;3.29348;
0.460215;3.29341;
0.460235;3.29333;
0.460255;3.29326;
0.460275;3.29319;
0.460295;3.29311;
0.460315;3.29304;
0.460335;3.29297;
0.460355;3.2929;
0.460375;3.29283;
0.460395;3.29276;
0.460415;3.2927;
0.460435;3.29263;
0.460455;3.29256;
0.460475;3.29249;
0.460495;3.29243;
0.460515;3.29236;
0.460535;3.2923;
0.460555;3.29224;
0.460575;3.29217;
0.460595;3.29211;
0.460615;3.29205;
0.460635;3.29199;
0.460655;3.29193;
0.460675;3.29187;
0.460695;3.29181;
0.460715;3.29175;
0.460735;3.29169;
0.460755;3.29164;
0.460775;3.29158;
0.460795;3.29152;
0.460815;3.29147;
0.460835;3.29141;
0.460855;3.29136;
0.460875;3.29131;
0.460895;3.29125;
0.460915;3.2912;
0.460935;3.29115;
0.460955;3.2911;
0.460975;3.29105;
0.460995;3.291;
0.461015;3.29095;
0.461035;3.2909;
0.461055;3.29085;
0.461075;3.29081;
0.461095;3.29076;
0.461115;3.29071;
0.461135;3.29067;
0.461155;3.29062;
0.461175;3.29058;
0.461195;3.29054;
0.461215;3.29049;
0.461235;3.29045;
0.461255;3.29041;
0.461275;3.29037;
0.461295;3.29033;
0.461315;3.29029;
0.461335;3.29025;
0.461355;3.29021;
0.461375;3.29018;
0.461395;3.29014;
0.461415;3.2901;
0.461435;3.29007;
0.461455;3.29003;
0.461475;3.29;
0.461495;3.28996;
0.461515;3.28993;
0.461535;3.2899;
0.461555;3.28987;
0.461575;3.28983;
0.461595;3.2898;
0.461615;3.28977;
0.461635;3.28974;
0.461655;3.28971;
0.461675;3.28969;
0.461695;3.28966;
0.461715;3.28963;
0.461735;3.28961;
0.461755;3.28958;
0.461775;3.28955;
0.461795;3.28953;
0.461815;3.28951;
0.461835;3.28948;
0.461855;3.28946;
0.461875;3.28944;
0.461895;3.28942;
0.461915;3.2894;
0.461935;3.28938;
0.461955;3.28936;
0.461975;3.28934;
0.461995;3.28932;
0.462015;3.2893;
0.462035;3.28928;
0.462055;3.28927;
0.462075;3.28925;
0.462095;3.28924;
0.462115;3.28922;
0.462135;3.28921;
0.462155;3.28919;
0.462175;3.28918;
0.462195;3.28917;
0.462215;3.28916;
0.462235;3.28915;
0.462255;3.28914;
0.462275;3.28913;
0.462295;3.28912;
0.462315;3.28911;
0.462335;3.2891;
0.462355;3.28909;
0.462375;3.28909;
0.462395;3.28908;
0.462415;3.28907;
0.462435;3.28907;
0.462455;3.28906;
0.462475;3.28906;
0.462495;3.28906;
0.462515;3.28905;
0.462535;3.28905;
0.462555;3.28905;
0.462575;3.28905;
0.462595;3.28905;
0.462615;3.28905;
0.462635;3.28905;
0.462655;3.28905;
0.462675;3.28906;
0.462695;3.28906;
0.462715;3.28906;
0.462735;3.28907;
0.462755;3.28907;
0.462775;3.28908;
0.462795;3.28908;
0.462815;3.28909;
0.462835;3.2891;
0.462855;3.2891;
0.462875;3.28911;
0.462895;3.28912;
0.462915;3.28913;
0.462935;3.28914;
0.462955;3.28915;
0.462975;3.28916;
0.462995;3.28918;
0.463015;3.28919;
0.463035;3.2892;
0.463055;3.28921;
0.463075;3.28923;
0.463095;3.28924;
0.463115;3.28926;
0.463135;3.28928;
0.463155;3.28929;
0.463175;3.28931;
0.463195;3.28933;
0.463215;3.28935;
0.463235;3.28936;
0.463255;3.28938;
0.463275;3.2894;
0.463288;3.28942;
0.463288;3.28942;
0.463288;3.28942;
0.463289;3.28942;
0.463289;3.28942;
0.463289;3.28942;
0.463289;3.28942;
0.46329;3.28942;
0.46329;3.28942;
0.463291;3.28942;
0.463294;3.28942;
0.463299;3.28943;
0.463309;3.28944;
0.463329;3.28946;
0.463349;3.28949;
0.463369;3.28951;
0.463389;3.28953;
0.463409;3.28956;
0.463429;3.28958;
0.463449;3.28961;
0.463469;3.28963;
0.463489;3.28966;
0.463509;3.28969;
0.463529;3.28971;
0.463549;3.28974;
0.463569;3.28977;
0.463589;3.2898;
0.463609;3.28983;
0.463629;3.28986;
0.463649;3.28989;
0.463669;3.28992;
0.463689;3.28996;
0.463709;3.28999;
0.463729;3.29002;
0.463749;3.29006;
0.463769;3.29009;
0.463789;3.29013;
0.463809;3.29016;
0.463829;3.2902;
0.463849;3.29024;
0.463869;3.29027;
0.463889;3.29031;
0.463909;3.29035;
0.463929;3.29039;
0.463949;3.29043;
0.463969;3.29047;
0.463989;3.29051;
0.464009;3.29055;
0.464029;3.2906;
0.464049;3.29064;
0.464069;3.29068;
0.464089;3.29073;
0.464109;3.29077;
0.464129;3.29082;
0.464149;3.29086;
0.464169;3.29091;
0.464189;3.29096;
0.464209;3.291;
0.464229;3.29105;
0.464249;3.2911;
0.464269;3.29115;
0.464289;3.2912;
0.464309;3.29125;
0.464329;3.2913;
0.464349;3.29135;
0.464369;3.2914;
0.464389;3.29146;
0.464409;3.29151;
0.464429;3.29156;
0.464449;3.29162;
0.464469;3.29167;
0.464489;3.29173;
0.464509;3.29178;
0.464529;3.29184;
0.464549;3.2919;
0.464569;3.29196;
0.464589;3.29201;
0.464609;3.29207;
0.464629;3.29213;
0.464649;3.29219;
0.464669;3.29225;
0.464689;3.29232;
0.464709;3.29238;
0.464729;3.29244;
0.464749;3.2925;
0.464769;3.29257;
0.464789;3.29263;
0.464809;3.29269;
0.464829;3.29276;
0.464849;3.29283;
0.464869;3.29289;
0.464889;3.29296;
0.464909;3.29303;
0.464929;3.29309;
0.464949;3.29316;
0.464969;3.29323;
0.464989;3.2933;
0.465009;3.29337;
0.465029;3.29344;
0.465049;3.29351;
0.465069;3.29359;
0.465089;3.29366;
0.465109;3.29373;
0.465129;3.2938;
0.465149;3.29388;
0.465169;3.29395;
0.465189;3.29403;
0.465209;3.2941;
0.465229;3.29418;
0.465249;3.29426;
0.465269;3.29434;
0.465289;3.29441;
0.465309;3.29449;
0.465329;3.29457;
0.465349;3.29465;
0.465369;3.29473;
0.465389;3.29481;
0.465409;3.29489;
0.465429;3.29498;
0.465449;3.29506;
0.465469;3.29514;
0.465489;3.29522;
0.465509;3.29531;
0.465529;3.29539;
0.465549;3.29548;
0.465569;3.29556;
0.465589;3.29565;
0.465609;3.29574;
0.465629;3.29583;
0.465649;3.29591;
0.465669;3.296;
0.465689;3.29609;
0.465709;3.29618;
0.465729;3.29627;
0.465749;3.29636;
0.465769;3.29645;
0.465789;3.29654;
0.465809;3.29664;
0.465829;3.29673;
0.465849;3.29682;
0.465869;3.29692;
0.465889;3.29701;
0.465909;3.29711;
0.465929;3.2972;
0.465949;3.2973;
0.465969;3.2974;
0.465989;3.29749;
0.466009;3.29759;
0.466029;3.29769;
0.466049;3.29779;
0.466069;3.29789;
0.466089;3.29799;
0.466109;3.29809;
0.466129;3.29819;
0.466149;3.29829;
0.466169;3.29839;
0.466189;3.2985;
0.466209;3.2986;
0.466229;3.2987;
0.466249;3.29881;
0.466269;3.29891;
0.466289;3.29902;
0.466309;3.29912;
0.466329;3.29923;
0.466349;3.29934;
0.466369;3.29945;
0.466389;3.29955;
0.466409;3.29966;
0.466429;3.29977;
0.466449;3.29988;
0.466469;3.29998;
0.466483;3.30002;
0.466495;3.30001;
0.466504;3.29998;
0.466514;3.29995;
0.466525;3.29992;
0.466535;3.29989;
0.466547;3.29985;
0.466567;3.29979;
0.466587;3.29973;
0.466607;3.29967;
0.46662;3.29963;
0.46662;3.29963;
0.46662;3.29963;
0.466621;3.29963;
0.466621;3.29963;
0.466621;3.29963;
0.466621;3.29963;
0.466622;3.29963;
0.466622;3.29963;
0.466623;3.29962;
0.466626;3.29962;
0.466631;3.2996;
0.466641;3.29957;
0.466661;3.29951;
0.466681;3.29946;
0.466701;3.2994;
0.466721;3.29934;
0.466741;3.29929;
0.466761;3.29924;
0.466781;3.29918;
0.466801;3.29913;
0.466821;3.29908;
0.466841;3.29902;
0.466861;3.29897;
0.466881;3.29892;
0.466901;3.29887;
0.466921;3.29882;
0.466941;3.29878;
0.466961;3.29873;
0.466981;3.29868;
0.467001;3.29863;
0.467021;3.29859;
0.467041;3.29854;
0.467061;3.2985;
0.467081;3.29845;
0.467101;3.29841;
0.467121;3.29837;
0.467141;3.29832;
0.467161;3.29828;
0.467181;3.29824;
0.467201;3.2982;
0.467221;3.29816;
0.467241;3.29812;
0.467261;3.29808;
0.467281;3.29804;
0.467301;3.29801;
0.467321;3.29797;
0.467341;3.29793;
0.467361;3.2979;
0.467381;3.29786;
0.467401;3.29783;
0.467421;3.2978;
0.467441;3.29776;
0.467461;3.29773;
0.467481;3.2977;
0.467501;3.29767;
0.467521;3.29764;
0.467541;3.29761;
0.467561;3.29758;
0.467581;3.29755;
0.467601;3.29752;
0.467621;3.2975;
0.467641;3.29747;
0.467661;3.29744;
0.467681;3.29742;
0.467701;3.29739;
0.467721;3.29737;
0.467741;3.29734;
0.467761;3.29732;
0.467781;3.2973;
0.467801;3.29728;
0.467821;3.29726;
0.467841;3.29724;
0.467861;3.29722;
0.467881;3.2972;
0.467901;3.29718;
0.467921;3.29716;
0.467941;3.29714;
0.467961;3.29712;
0.467981;3.29711;
0.468001;3.29709;
0.468021;3.29708;
0.468041;3.29706;
0.468061;3.29705;
0.468081;3.29704;
0.468101;3.29702;
0.468121;3.29701;
0.468141;3.297;
0.468161;3.29699;
0.468181;3.29698;
0.468201;3.29697;
0.468221;3.29696;
0.468241;3.29695;
0.468261;3.29695;
0.468281;3.29694;
0.468301;3.29693;
0.468321;3.29693;
0.468341;3.29692;
0.468361;3.29692;
0.468381;3.29691;
0.468401;3.29691;
0.468421;3.29691;
0.468441;3.2969;
0.468461;3.2969;
0.468481;3.2969;
0.468501;3.2969;
0.468521;3.2969;
0.468541;3.2969;
0.468561;3.2969;
0.468581;3.2969;
0.468601;3.29691;
0.468621;3.29691;
0.468641;3.29691;
0.468661;3.29692;
0.468681;3.29692;
0.468701;3.29693;
0.468721;3.29694;
0.468741;3.29694;
0.468761;3.29695;
0.468781;3.29696;
0.468801;3.29697;
0.468821;3.29698;
0.468841;3.29698;
0.468861;3.297;
0.468881;3.29701;
0.468901;3.29702;
0.468921;3.29703;
0.468941;3.29704;
0.468961;3.29706;
0.468981;3.29707;
0.469001;3.29708;
0.469021;3.2971;
0.469041;3.29712;
0.469061;3.29713;
0.469081;3.29715;
0.469101;3.29717;
0.469121;3.29718;
0.469141;3.2972;
0.469161;3.29722;
0.469181;3.29724;
0.469201;3.29726;
0.469221;3.29728;
0.469241;3.29731;
0.469261;3.29733;
0.469281;3.29735;
0.469301;3.29737;
0.469321;3.2974;
0.469341;3.29742;
0.469361;3.29745;
0.469381;3.29747;
0.469401;3.2975;
0.469421;3.29753;
0.469441;3.29755;
0.469461;3.29758;
0.469481;3.29761;
0.469501;3.29764;
0.469521;3.29767;
0.469541;3.2977;
0.469561;3.29773;
0.469581;3.29776;
0.469601;3.2978;
0.469621;3.29783;
0.469641;3.29786;
0.469661;3.2979;
0.469681;3.29793;
0.469701;3.29797;
0.469721;3.298;
0.469741;3.29804;
0.469761;3.29807;
0.469781;3.29811;
0.469801;3.29815;
0.469821;3.29819;
0.469841;3.29823;
0.469861;3.29827;
0.469881;3.29831;
0.469901;3.29835;
0.469921;3.29839;
0.469941;3.29843;
0.469954;3.29846;
0.469954;3.29846;
0.469954;3.29846;
0.469955;3.29846;
0.469955;3.29846;
0.469955;3.29846;
0.469955;3.29846;
0.469956;3.29846;
0.469956;3.29846;
0.469957;3.29847;
0.46996;3.29847;
0.469965;3.29848;
0.469975;3.29851;
0.469995;3.29855;
0.470015;3.29859;
0.470035;3.29864;
0.470055;3.29868;
0.470075;3.29873;
0.470095;3.29878;
0.470115;3.29882;
0.470135;3.29887;
0.470155;3.29892;
0.470175;3.29897;
0.470195;3.29902;
0.470215;3.29907;
0.470235;3.29912;
0.470255;3.29917;
0.470275;3.29922;
0.470295;3.29927;
0.470315;3.29933;
0.470335;3.29938;
0.470355;3.29943;
0.470375;3.29949;
0.470395;3.29954;
0.470415;3.2996;
0.470435;3.29965;
0.470455;3.29971;
0.470475;3.29977;
0.470495;3.29983;
0.470515;3.29989;
0.470535;3.29994;
0.470555;3.3;
0.470575;3.30006;
0.470595;3.30013;
0.470615;3.30019;
0.470635;3.30025;
0.470655;3.30031;
0.470675;3.30037;
0.470695;3.30044;
0.470715;3.3005;
0.470735;3.30057;
0.470755;3.30063;
0.470775;3.3007;
0.470795;3.30076;
0.470815;3.30083;
0.470835;3.3009;
0.470855;3.30097;
0.470875;3.30104;
0.470895;3.30111;
0.470915;3.30118;
0.470935;3.30125;
0.470955;3.30132;
0.470975;3.30139;
0.470995;3.30146;
0.471015;3.30153;
0.471035;3.30161;
0.471055;3.30168;
0.471075;3.30175;
0.471095;3.30183;
0.471115;3.3019;
0.471135;3.30198;
0.471155;3.30206;
0.471175;3.30213;
0.471195;3.30221;
0.471215;3.30229;
0.471235;3.30237;
0.471255;3.30245;
0.471275;3.30253;
0.471295;3.30261;
0.471315;3.30269;
0.471335;3.30277;
0.471355;3.30285;
0.471375;3.30294;
0.471395;3.30302;
0.471415;3.3031;
0.471435;3.30319;
0.471455;3.30327;
0.471475;3.30336;
0.471495;3.30344;
0.471515;3.30353;
0.471535;3.30362;
0.471555;3.3037;
0.471575;3.30379;
0.471595;3.30388;
0.471615;3.30397;
0.471635;3.30406;
0.471655;3.30415;
0.471675;3.30424;
0.471695;3.30433;
0.471715;3.30442;
0.471735;3.30452;
0.471755;3.30461;
0.471775;3.3047;
0.471795;3.3048;
0.471815;3.30489;
0.471835;3.30499;
0.471855;3.30508;
0.471875;3.30518;
0.471895;3.30528;
0.471915;3.30537;
0.471935;3.30547;
0.471955;3.30557;
0.471975;3.30567;
0.471995;3.30577;
0.472015;3.30587;
0.472035;3.30597;
0.472055;3.30607;
0.472075;3.30617;
0.472095;3.30628;
0.472115;3.30638;
0.472135;3.30648;
0.472155;3.30659;
0.472175;3.30669;
0.472195;3.3068;
0.472215;3.3069;
0.472235;3.30701;
0.472255;3.30711;
0.472275;3.30722;
0.472295;3.30733;
0.472315;3.30744;
0.472335;3.30755;
0.472355;3.30766;
0.472375;3.30777;
0.472395;3.30788;
0.472415;3.30799;
0.472435;3.3081;
0.472455;3.30821;
0.472475;3.30832;
0.472495;3.30844;
0.472515;3.30855;
0.472535;3.30866;
0.472555;3.30878;
0.472575;3.30889;
0.472595;3.30901;
0.472615;3.30913;
0.472635;3.30924;
0.472655;3.30936;
0.472675;3.30948;
0.472695;3.3096;
0.472715;3.30972;
0.472735;3.30984;
0.472755;3.30996;
0.472775;3.31008;
0.472795;3.3102;
0.472815;3.31032;
0.472835;3.31044;
0.472855;3.31056;
0.472875;3.31069;
0.472895;3.31081;
0.472915;3.31093;
0.472935;3.31106;
0.472955;3.31118;
0.472975;3.31131;
0.472995;3.31144;
0.473015;3.31156;
0.473035;3.31169;
0.473055;3.31182;
0.473075;3.31195;
0.473095;3.31208;
0.473115;3.31218;
0.473127;3.31222;
0.473138;3.31224;
0.473144;3.31225;
0.473151;3.31226;
0.473166;3.31228;
0.473184;3.3123;
0.473199;3.31231;
0.47321;3.31231;
0.473219;3.31229;
0.473229;3.31228;
0.47324;3.31226;
0.473258;3.31223;
0.473265;3.31222;
0.473272;3.31219;
0.473279;3.31216;
0.473285;3.31213;
0.473286;3.31213;
0.473286;3.31212;
0.473286;3.31212;
0.473287;3.31212;
0.473287;3.31212;
0.473287;3.31212;
0.473287;3.31212;
0.473288;3.31212;
0.473288;3.31212;
0.473289;3.31211;
0.473292;3.3121;
0.473297;3.31207;
0.473307;3.31203;
0.473327;3.31194;
0.473341;3.31187;
0.473356;3.31181;
0.473376;3.31172;
0.473396;3.31163;
0.473416;3.31154;
0.473436;3.31145;
0.473456;3.31136;
0.473476;3.31128;
0.473496;3.31119;
0.473516;3.31111;
0.473536;3.31102;
0.473556;3.31094;
0.473576;3.31085;
0.473596;3.31077;
0.473616;3.31069;
0.473636;3.31061;
0.473656;3.31053;
0.473676;3.31045;
0.473696;3.31037;
0.473716;3.31029;
0.473736;3.31021;
0.473756;3.31013;
0.473776;3.31006;
0.473796;3.30998;
0.473816;3.30991;
0.473836;3.30983;
0.473856;3.30976;
0.473876;3.30968;
0.473896;3.30961;
0.473916;3.30954;
0.473936;3.30947;
0.473956;3.3094;
0.473976;3.30933;
0.473996;3.30926;
0.474016;3.30919;
0.474036;3.30912;
0.474056;3.30905;
0.474076;3.30899;
0.474096;3.30892;
0.474116;3.30885;
0.474136;3.30879;
0.474156;3.30872;
0.474176;3.30866;
0.474196;3.3086;
0.474216;3.30853;
0.474236;3.30847;
0.474256;3.30841;
0.474276;3.30835;
0.474296;3.30829;
0.474316;3.30823;
0.474336;3.30817;
0.474356;3.30811;
0.474376;3.30806;
0.474396;3.308;
0.474416;3.30794;
0.474436;3.30789;
0.474456;3.30783;
0.474476;3.30778;
0.474496;3.30773;
0.474516;3.30767;
0.474536;3.30762;
0.474556;3.30757;
0.474576;3.30752;
0.474596;3.30747;
0.474616;3.30742;
0.474636;3.30737;
0.474656;3.30732;
0.474676;3.30727;
0.474696;3.30722;
0.474716;3.30718;
0.474736;3.30713;
0.474756;3.30709;
0.474776;3.30704;
0.474796;3.307;
0.474816;3.30695;
0.474836;3.30691;
0.474856;3.30687;
0.474876;3.30683;
0.474896;3.30679;
0.474916;3.30675;
0.474936;3.30671;
0.474956;3.30667;
0.474976;3.30663;
0.474996;3.30659;
0.475016;3.30655;
0.475036;3.30652;
0.475056;3.30648;
0.475076;3.30644;
0.475096;3.30641;
0.475116;3.30638;
0.475136;3.30634;
0.475156;3.30631;
0.475176;3.30628;
0.475196;3.30625;
0.475216;3.30621;
0.475236;3.30618;
0.475256;3.30615;
0.475276;3.30613;
0.475296;3.3061;
0.475316;3.30607;
0.475336;3.30604;
0.475356;3.30601;
0.475376;3.30599;
0.475396;3.30596;
0.475416;3.30594;
0.475436;3.30591;
0.475456;3.30589;
0.475476;3.30587;
0.475496;3.30585;
0.475516;3.30582;
0.475536;3.3058;
0.475556;3.30578;
0.475576;3.30576;
0.475596;3.30574;
0.475616;3.30572;
0.475636;3.30571;
0.475656;3.30569;
0.475676;3.30567;
0.475696;3.30566;
0.475716;3.30564;
0.475736;3.30563;
0.475756;3.30561;
0.475776;3.3056;
0.475796;3.30558;
0.475816;3.30557;
0.475836;3.30556;
0.475856;3.30555;
0.475876;3.30554;
0.475896;3.30553;
0.475916;3.30552;
0.475936;3.30551;
0.475956;3.3055;
0.475976;3.30549;
0.475996;3.30549;
0.476016;3.30548;
0.476036;3.30547;
0.476056;3.30547;
0.476076;3.30546;
0.476096;3.30546;
0.476116;3.30546;
0.476136;3.30545;
0.476156;3.30545;
0.476176;3.30545;
0.476196;3.30545;
0.476216;3.30545;
0.476236;3.30545;
0.476256;3.30545;
0.476276;3.30545;
0.476296;3.30545;
0.476316;3.30545;
0.476336;3.30546;
0.476356;3.30546;
0.476376;3.30547;
0.476396;3.30547;
0.476416;3.30548;
0.476436;3.30548;
0.476456;3.30549;
0.476476;3.3055;
0.476496;3.30551;
0.476516;3.30551;
0.476536;3.30552;
0.476556;3.30553;
0.476576;3.30554;
0.476596;3.30555;
0.476616;3.30557;
0.47662;3.30557;
0.47662;3.30557;
0.47662;3.30557;
0.476621;3.30557;
0.476621;3.30557;
0.476621;3.30557;
0.476621;3.30557;
0.476622;3.30557;
0.476622;3.30557;
0.476623;3.30557;
0.476626;3.30557;
0.476631;3.30557;
0.476641;3.30558;
0.476661;3.30559;
0.476681;3.30561;
0.476701;3.30562;
0.476721;3.30564;
0.476741;3.30565;
0.476761;3.30567;
0.476781;3.30568;
0.476801;3.3057;
0.476821;3.30572;
0.476841;3.30574;
0.476861;3.30576;
0.476881;3.30578;
0.476901;3.3058;
0.476921;3.30582;
0.476941;3.30584;
0.476961;3.30586;
0.476981;3.30588;
0.477001;3.3059;
0.477021;3.30593;
0.477041;3.30595;
0.477061;3.30598;
0.477081;3.306;
0.477101;3.30603;
0.477121;3.30605;
0.477141;3.30608;
0.477161;3.30611;
0.477181;3.30614;
0.477201;3.30617;
0.477221;3.3062;
0.477241;3.30623;
0.477261;3.30626;
0.477281;3.30629;
0.477301;3.30632;
0.477321;3.30635;
0.477341;3.30639;
0.477361;3.30642;
0.477381;3.30645;
0.477401;3.30649;
0.477421;3.30652;
0.477441;3.30656;
0.477461;3.30659;
0.477481;3.30663;
0.477501;3.30667;
0.477521;3.30671;
0.477541;3.30675;
0.477561;3.30679;
0.477581;3.30683;
0.477601;3.30687;
0.477621;3.30691;
0.477641;3.30695;
0.477661;3.30699;
0.477681;3.30703;
0.477701;3.30708;
0.477721;3.30712;
0.477741;3.30717;
0.477761;3.30721;
0.477781;3.30726;
0.477801;3.3073;
0.477821;3.30735;
0.477841;3.3074;
0.477861;3.30745;
0.477881;3.30749;
0.477901;3.30754;
0.477921;3.30759;
0.477941;3.30764;
0.477961;3.30769;
0.477981;3.30774;
0.478001;3.3078;
0.478021;3.30785;
0.478041;3.3079;
0.478061;3.30796;
0.478081;3.30801;
0.478101;3.30807;
0.478121;3.30812;
0.478141;3.30818;
0.478161;3.30823;
0.478181;3.30829;
0.478201;3.30835;
0.478221;3.30841;
0.478241;3.30847;
0.478261;3.30852;
0.478281;3.30858;
0.478301;3.30865;
0.478321;3.30871;
0.478341;3.30877;
0.478361;3.30883;
0.478381;3.30889;
0.478401;3.30896;
0.478421;3.30902;
0.478441;3.30908;
0.478461;3.30915;
0.478481;3.30922;
0.478501;3.30928;
0.478521;3.30935;
0.478541;3.30942;
0.478561;3.30948;
0.478581;3.30955;
0.478601;3.30962;
0.478621;3.30969;
0.478641;3.30976;
0.478661;3.30983;
0.478681;3.3099;
0.478701;3.30997;
0.478721;3.31005;
0.478741;3.31012;
0.478761;3.31019;
0.478781;3.31027;
0.478801;3.31034;
0.478821;3.31042;
0.478841;3.31049;
0.478861;3.31057;
0.478881;3.31064;
0.478901;3.31072;
0.478921;3.3108;
0.478941;3.31088;
0.478961;3.31096;
0.478981;3.31104;
0.479001;3.31112;
0.479021;3.3112;
0.479041;3.31128;
0.479061;3.31136;
0.479081;3.31144;
0.479101;3.31153;
0.479121;3.31161;
0.479141;3.31169;
0.479161;3.31178;
0.479181;3.31186;
0.479201;3.31195;
0.479221;3.31204;
0.479241;3.31212;
0.479261;3.31221;
0.479281;3.3123;
0.479301;3.31239;
0.479321;3.31247;
0.479341;3.31256;
0.479361;3.31265;
0.479381;3.31274;
0.479401;3.31284;
0.479421;3.31293;
0.479441;3.31302;
0.479461;3.31311;
0.479481;3.31321;
0.479501;3.3133;
0.479521;3.31339;
0.479541;3.31349;
0.479561;3.31358;
0.479581;3.31368;
0.479601;3.31378;
0.479621;3.31387;
0.479641;3.31397;
0.479661;3.31407;
0.479681;3.31417;
0.479701;3.31427;
0.479721;3.31437;
0.479741;3.31447;
0.479761;3.31457;
0.479781;3.31467;
0.479801;3.31477;
0.479816;3.31482;
0.479831;3.31481;
0.479842;3.31477;
0.479853;3.31474;
0.479864;3.3147;
0.479876;3.31467;
0.479889;3.31462;
0.479909;3.31456;
0.479929;3.3145;
0.479949;3.31444;
0.479952;3.31443;
0.479952;3.31443;
0.479952;3.31443;
0.479953;3.31442;
0.479953;3.31442;
0.479953;3.31442;
0.479953;3.31442;
0.479954;3.31442;
0.479954;3.31442;
0.479955;3.31442;
0.479958;3.31441;
0.479963;3.31439;
0.479973;3.31436;
0.479993;3.3143;
0.480013;3.31424;
0.480033;3.31418;
0.480053;3.31412;
0.480073;3.31407;
0.480093;3.31401;
0.480113;3.31395;
0.480133;3.3139;
0.480153;3.31384;
0.480173;3.31379;
0.480193;3.31373;
0.480213;3.31368;
0.480233;3.31363;
0.480253;3.31357;
0.480273;3.31352;
0.480293;3.31347;
0.480313;3.31342;
0.480333;3.31337;
0.480353;3.31332;
0.480373;3.31328;
0.480393;3.31323;
0.480413;3.31318;
0.480433;3.31313;
0.480453;3.31309;
0.480473;3.31304;
0.480493;3.313;
0.480513;3.31296;
0.480533;3.31291;
0.480553;3.31287;
0.480573;3.31283;
0.480593;3.31279;
0.480613;3.31275;
0.480633;3.31271;
0.480653;3.31267;
0.480673;3.31263;
0.480693;3.31259;
0.480713;3.31255;
0.480733;3.31251;
0.480753;3.31248;
0.480773;3.31244;
0.480793;3.31241;
0.480813;3.31237;
0.480833;3.31234;
0.480853;3.31231;
0.480873;3.31227;
0.480893;3.31224;
0.480913;3.31221;
0.480933;3.31218;
0.480953;3.31215;
0.480973;3.31212;
0.480993;3.31209;
0.481013;3.31206;
0.481033;3.31203;
0.481053;3.31201;
0.481073;3.31198;
0.481093;3.31195;
0.481113;3.31193;
0.481133;3.31191;
0.481153;3.31188;
0.481173;3.31186;
0.481193;3.31184;
0.481213;3.31181;
0.481233;3.31179;
0.481253;3.31177;
0.481273;3.31175;
0.481293;3.31173;
0.481313;3.31171;
0.481333;3.31169;
0.481353;3.31168;
0.481373;3.31166;
0.481393;3.31164;
0.481413;3.31163;
0.481433;3.31161;
0.481453;3.3116;
0.481473;3.31158;
0.481493;3.31157;
0.481513;3.31156;
0.481533;3.31154;
0.481553;3.31153;
0.481573;3.31152;
0.481593;3.31151;
0.481613;3.3115;
0.481633;3.31149;
0.481653;3.31148;
0.481673;3.31147;
0.481693;3.31147;
0.481713;3.31146;
0.481733;3.31145;
0.481753;3.31145;
0.481773;3.31144;
0.481793;3.31144;
0.481813;3.31143;
0.481833;3.31143;
0.481853;3.31143;
0.481873;3.31143;
0.481893;3.31143;
0.481913;3.31142;
0.481933;3.31142;
0.481953;3.31142;
0.481973;3.31143;
0.481993;3.31143;
0.482013;3.31143;
0.482033;3.31143;
0.482053;3.31144;
0.482073;3.31144;
0.482093;3.31144;
0.482113;3.31145;
0.482133;3.31146;
0.482153;3.31146;
0.482173;3.31147;
0.482193;3.31148;
0.482213;3.31148;
0.482233;3.31149;
0.482253;3.3115;
0.482273;3.31151;
0.482293;3.31152;
0.482313;3.31153;
0.482333;3.31155;
0.482353;3.31156;
0.482373;3.31157;
0.482393;3.31159;
0.482413;3.3116;
0.482433;3.31161;
0.482453;3.31163;
0.482473;3.31165;
0.482493;3.31166;
0.482513;3.31168;
0.482533;3.3117;
0.482553;3.31172;
0.482573;3.31173;
0.482593;3.31175;
0.482613;3.31177;
0.482633;3.31179;
0.482653;3.31182;
0.482673;3.31184;
0.482693;3.31186;
0.482713;3.31188;
0.482733;3.31191;
0.482753;3.31193;
0.482773;3.31196;
0.482793;3.31198;
0.482813;3.31201;
0.482833;3.31203;
0.482853;3.31206;
0.482873;3.31209;
0.482893;3.31212;
0.482913;3.31215;
0.482933;3.31217;
0.482953;3.3122;
0.482973;3.31224;
0.482993;3.31227;
0.483013;3.3123;
0.483033;3.31233;
0.483053;3.31236;
0.483073;3.3124;
0.483093;3.31243;
0.483113;3.31247;
0.483133;3.3125;
0.483153;3.31254;
0.483173;3.31257;
0.483193;3.31261;
0.483213;3.31265;
0.483233;3.31269;
0.483253;3.31273;
0.483273;3.31277;
0.483286;3.31279;
0.483286;3.31279;
0.483286;3.31279;
0.483287;3.31279;
0.483287;3.31279;
0.483287;3.31279;
0.483287;3.31279;
0.483288;3.31279;
0.483288;3.31279;
0.483289;3.3128;
0.483292;3.3128;
0.483297;3.31281;
0.483307;3.31283;
0.483327;3.31287;
0.483347;3.31292;
0.483367;3.31296;
0.483387;3.313;
0.483407;3.31304;
0.483427;3.31309;
0.483447;3.31313;
0.483467;3.31318;
0.483487;3.31322;
0.483507;3.31327;
0.483527;3.31332;
0.483547;3.31336;
0.483567;3.31341;
0.483587;3.31346;
0.483607;3.31351;
0.483627;3.31356;
0.483647;3.31361;
0.483667;3.31366;
0.483687;3.31371;
0.483707;3.31376;
0.483727;3.31381;
0.483747;3.31387;
0.483767;3.31392;
0.483787;3.31397;
0.483807;3.31403;
0.483827;3.31408;
0.483847;3.31414;
0.483867;3.3142;
0.483887;3.31425;
0.483907;3.31431;
0.483927;3.31437;
0.483947;3.31443;
0.483967;3.31449;
0.483987;3.31455;
0.484007;3.31461;
0.484027;3.31467;
0.484047;3.31473;
0.484067;3.31479;
0.484087;3.31485;
0.484107;3.31492;
0.484127;3.31498;
0.484147;3.31505;
0.484167;3.31511;
0.484187;3.31518;
0.484207;3.31524;
0.484227;3.31531;
0.484247;3.31538;
0.484267;3.31544;
0.484287;3.31551;
0.484307;3.31558;
0.484327;3.31565;
0.484347;3.31572;
0.484367;3.31579;
0.484387;3.31586;
0.484407;3.31593;
0.484427;3.316;
0.484447;3.31608;
0.484467;3.31615;
0.484487;3.31622;
0.484507;3.3163;
0.484527;3.31637;
0.484547;3.31645;
0.484567;3.31653;
0.484587;3.3166;
0.484607;3.31668;
0.484627;3.31676;
0.484647;3.31684;
0.484667;3.31691;
0.484687;3.31699;
0.484707;3.31707;
0.484727;3.31715;
0.484747;3.31723;
0.484767;3.31732;
0.484787;3.3174;
0.484807;3.31748;
0.484827;3.31756;
0.484847;3.31765;
0.484867;3.31773;
0.484887;3.31782;
0.484907;3.3179;
0.484927;3.31799;
0.484947;3.31808;
0.484967;3.31816;
0.484987;3.31825;
0.485007;3.31834;
0.485027;3.31843;
0.485047;3.31852;
0.485067;3.31861;
0.485087;3.3187;
0.485107;3.31879;
0.485127;3.31888;
0.485147;3.31897;
0.485167;3.31906;
0.485187;3.31916;
0.485207;3.31925;
0.485227;3.31935;
0.485247;3.31944;
0.485267;3.31954;
0.485287;3.31963;
0.485307;3.31973;
0.485327;3.31982;
0.485347;3.31992;
0.485367;3.32002;
0.485387;3.32012;
0.485407;3.32022;
0.485427;3.32032;
0.485447;3.32042;
0.485467;3.32052;
0.485487;3.32062;
0.485507;3.32072;
0.485527;3.32082;
0.485547;3.32093;
0.485567;3.32103;
0.485587;3.32113;
0.485607;3.32124;
0.485627;3.32134;
0.485647;3.32145;
0.485667;3.32156;
0.485687;3.32166;
0.485707;3.32177;
0.485727;3.32188;
0.485747;3.32199;
0.485767;3.32209;
0.485787;3.3222;
0.485807;3.32231;
0.485827;3.32242;
0.485847;3.32254;
0.485867;3.32265;
0.485887;3.32276;
0.485907;3.32287;
0.485927;3.32298;
0.485947;3.3231;
0.485967;3.32321;
0.485987;3.32333;
0.486007;3.32344;
0.486027;3.32356;
0.486047;3.32367;
0.486067;3.32379;
0.486087;3.32391;
0.486107;3.32403;
0.486127;3.32414;
0.486147;3.32426;
0.486167;3.32438;
0.486187;3.3245;
0.486207;3.32462;
0.486227;3.32474;
0.486247;3.32487;
0.486267;3.32499;
0.486287;3.32511;
0.486307;3.32523;
0.486327;3.32536;
0.486347;3.32548;
0.486367;3.32561;
0.486387;3.32573;
0.486407;3.32586;
0.486427;3.32598;
0.486447;3.32609;
0.486459;3.32612;
0.48647;3.32614;
0.486475;3.32615;
0.486483;3.32616;
0.486497;3.32618;
0.486515;3.3262;
0.486528;3.32621;
0.48654;3.32619;
0.486548;3.32617;
0.486558;3.32615;
0.486567;3.32612;
0.486585;3.32607;
0.486605;3.32602;
0.486618;3.32599;
0.486618;3.32599;
0.486618;3.32599;
0.486619;3.32599;
0.486619;3.32598;
0.486619;3.32598;
0.486619;3.32598;
0.48662;3.32598;
0.48662;3.32598;
0.486621;3.32598;
0.486624;3.32597;
0.486629;3.32596;
0.486639;3.32593;
0.486659;3.32588;
0.486679;3.32583;
0.486699;3.32578;
0.486714;3.32575;
0.48673;3.32571;
0.48675;3.32566;
0.48677;3.32562;
0.48679;3.32557;
0.48681;3.32552;
0.48683;3.32548;
0.48685;3.32544;
0.48687;3.32539;
0.48689;3.32535;
0.48691;3.32531;
0.48693;3.32527;
0.48695;3.32522;
0.48697;3.32518;
0.48699;3.32514;
0.48701;3.3251;
0.48703;3.32507;
0.48705;3.32503;
0.48707;3.32499;
0.48709;3.32495;
0.48711;3.32492;
0.48713;3.32488;
0.48715;3.32485;
0.48717;3.32481;
0.48719;3.32478;
0.48721;3.32475;
0.48723;3.32471;
0.48725;3.32468;
0.48727;3.32465;
0.48729;3.32462;
0.48731;3.32459;
0.48733;3.32456;
0.48735;3.32453;
0.48737;3.32451;
0.48739;3.32448;
0.48741;3.32445;
0.48743;3.32442;
0.48745;3.3244;
0.48747;3.32437;
0.48749;3.32435;
0.48751;3.32433;
0.48753;3.3243;
0.48755;3.32428;
0.48757;3.32426;
0.48759;3.32424;
0.48761;3.32422;
0.48763;3.3242;
0.48765;3.32418;
0.48767;3.32416;
0.48769;3.32414;
0.48771;3.32412;
0.48773;3.32411;
0.48775;3.32409;
0.48777;3.32407;
0.48779;3.32406;
0.48781;3.32404;
0.48783;3.32403;
0.48785;3.32402;
0.48787;3.324;
0.48789;3.32399;
0.48791;3.32398;
0.48793;3.32397;
0.48795;3.32396;
0.48797;3.32395;
0.48799;3.32394;
0.48801;3.32393;
0.48803;3.32392;
0.48805;3.32392;
0.48807;3.32391;
0.48809;3.3239;
0.48811;3.3239;
0.48813;3.32389;
0.48815;3.32389;
0.48817;3.32389;
0.48819;3.32388;
0.48821;3.32388;
0.48823;3.32388;
0.48825;3.32388;
0.48827;3.32388;
0.48829;3.32388;
0.48831;3.32388;
0.48833;3.32388;
0.48835;3.32388;
0.48837;3.32388;
0.48839;3.32389;
0.48841;3.32389;
0.48843;3.32389;
0.48845;3.3239;
0.48847;3.3239;
0.48849;3.32391;
0.48851;3.32392;
0.48853;3.32392;
0.48855;3.32393;
0.48857;3.32394;
0.48859;3.32395;
0.48861;3.32396;
0.48863;3.32397;
0.48865;3.32398;
0.48867;3.32399;
0.48869;3.324;
0.48871;3.32402;
0.48873;3.32403;
0.48875;3.32404;
0.48877;3.32406;
0.48879;3.32407;
0.48881;3.32409;
0.48883;3.3241;
0.48885;3.32412;
0.48887;3.32414;
0.48889;3.32416;
0.48891;3.32417;
0.48893;3.32419;
0.48895;3.32421;
0.48897;3.32423;
0.48899;3.32425;
0.48901;3.32428;
0.48903;3.3243;
0.48905;3.32432;
0.48907;3.32434;
0.48909;3.32437;
0.48911;3.32439;
0.48913;3.32442;
0.48915;3.32444;
0.48917;3.32447;
0.48919;3.32449;
0.48921;3.32452;
0.48923;3.32455;
0.48925;3.32458;
0.48927;3.32461;
0.48929;3.32464;
0.48931;3.32467;
0.48933;3.3247;
0.48935;3.32473;
0.48937;3.32476;
0.48939;3.32479;
0.48941;3.32483;
0.48943;3.32486;
0.48945;3.3249;
0.48947;3.32493;
0.48949;3.32497;
0.48951;3.325;
0.48953;3.32504;
0.48955;3.32508;
0.48957;3.32511;
0.48959;3.32515;
0.48961;3.32519;
0.48963;3.32523;
0.48965;3.32527;
0.48967;3.32531;
0.48969;3.32535;
0.48971;3.32539;
0.48973;3.32544;
0.48975;3.32548;
0.48977;3.32552;
0.48979;3.32557;
0.48981;3.32561;
0.48983;3.32566;
0.48985;3.3257;
0.48987;3.32575;
0.48989;3.3258;
0.48991;3.32584;
0.48993;3.32589;
0.48995;3.32594;
0.489952;3.32594;
0.489952;3.32595;
0.489952;3.32595;
0.489953;3.32595;
0.489953;3.32595;
0.489953;3.32595;
0.489953;3.32595;
0.489954;3.32595;
0.489954;3.32595;
0.489955;3.32595;
0.489958;3.32596;
0.489963;3.32597;
0.489973;3.326;
0.489993;3.32605;
0.490013;3.3261;
0.490033;3.32615;
0.490053;3.3262;
0.490073;3.32625;
0.490093;3.32631;
0.490113;3.32636;
0.490133;3.32641;
0.490153;3.32647;
0.490173;3.32652;
0.490193;3.32658;
0.490213;3.32663;
0.490233;3.32669;
0.490253;3.32675;
0.490273;3.32681;
0.490293;3.32686;
0.490313;3.32692;
0.490333;3.32698;
0.490353;3.32704;
0.490373;3.3271;
0.490393;3.32717;
0.490413;3.32723;
0.490433;3.32729;
0.490453;3.32735;
0.490473;3.32742;
0.490493;3.32748;
0.490513;3.32754;
0.490533;3.32761;
0.490553;3.32768;
0.490573;3.32774;
0.490593;3.32781;
0.490613;3.32788;
0.490633;3.32794;
0.490653;3.32801;
0.490673;3.32808;
0.490693;3.32815;
0.490713;3.32822;
0.490733;3.32829;
0.490753;3.32836;
0.490773;3.32844;
0.490793;3.32851;
0.490813;3.32858;
0.490833;3.32866;
0.490853;3.32873;
0.490873;3.3288;
0.490893;3.32888;
0.490913;3.32896;
0.490933;3.32903;
0.490953;3.32911;
0.490973;3.32919;
0.490993;3.32926;
0.491013;3.32934;
0.491033;3.32942;
0.491053;3.3295;
0.491073;3.32958;
0.491093;3.32966;
0.491113;3.32974;
0.491133;3.32983;
0.491153;3.32991;
0.491173;3.32999;
0.491193;3.33008;
0.491213;3.33016;
0.491233;3.33024;
0.491253;3.33033;
0.491273;3.33042;
0.491293;3.3305;
0.491313;3.33059;
0.491333;3.33068;
0.491353;3.33076;
0.491373;3.33085;
0.491393;3.33094;
0.491413;3.33103;
0.491433;3.33112;
0.491453;3.33121;
0.491473;3.3313;
0.491493;3.33139;
0.491513;3.33149;
0.491533;3.33158;
0.491553;3.33167;
0.491573;3.33177;
0.491593;3.33186;
0.491613;3.33196;
0.491633;3.33205;
0.491653;3.33215;
0.491673;3.33225;
0.491693;3.33234;
0.491713;3.33244;
0.491733;3.33254;
0.491753;3.33264;
0.491773;3.33274;
0.491793;3.33284;
0.491813;3.33294;
0.491833;3.33304;
0.491853;3.33314;
0.491873;3.33324;
0.491893;3.33334;
0.491913;3.33345;
0.491933;3.33355;
0.491953;3.33366;
0.491973;3.33376;
0.491993;3.33387;
0.492013;3.33397;
0.492033;3.33408;
0.492053;3.33418;
0.492073;3.33429;
0.492093;3.3344;
0.492113;3.33451;
0.492133;3.33462;
0.492153;3.33473;
0.492173;3.33484;
0.492193;3.33495;
0.492213;3.33506;
0.492233;3.33517;
0.492253;3.33528;
0.492273;3.3354;
0.492293;3.33551;
0.492313;3.33562;
0.492333;3.33574;
0.492353;3.33585;
0.492373;3.33597;
0.492393;3.33608;
0.492413;3.3362;
0.492433;3.33632;
0.492453;3.33644;
0.492473;3.33655;
0.492493;3.33667;
0.492513;3.33679;
0.492533;3.33691;
0.492553;3.33703;
0.492573;3.33715;
0.492593;3.33727;
0.492613;3.3374;
0.492633;3.33752;
0.492653;3.33764;
0.492673;3.33776;
0.492693;3.33789;
0.492713;3.33801;
0.492733;3.33814;
0.492753;3.33826;
0.492773;3.33839;
0.492793;3.33852;
0.492813;3.33864;
0.492833;3.33877;
0.492853;3.3389;
0.492873;3.33903;
0.492893;3.33916;
0.492913;3.33929;
0.492933;3.33942;
0.492953;3.33955;
0.492973;3.33968;
0.492993;3.33981;
0.493013;3.33994;
0.493033;3.34007;
0.493053;3.34021;
0.493073;3.34034;
0.493093;3.34047;
0.493107;3.34053;
0.493119;3.34053;
0.493128;3.34051;
0.493137;3.34048;
0.493146;3.34046;
0.493156;3.34044;
0.493168;3.34041;
0.493188;3.34036;
0.493208;3.34031;
0.493228;3.34026;
0.493248;3.34021;
0.493268;3.34017;
0.493284;3.34013;
0.493284;3.34013;
0.493284;3.34013;
0.493285;3.34013;
0.493285;3.34013;
0.493285;3.34013;
0.493285;3.34013;
0.493286;3.34013;
0.493286;3.34013;
0.493287;3.34012;
0.49329;3.34012;
0.493295;3.34011;
0.493305;3.34008;
0.493325;3.34004;
0.493345;3.33999;
0.493365;3.33995;
0.493385;3.33991;
0.493405;3.33987;
0.493425;3.33983;
0.493445;3.33978;
0.493465;3.33974;
0.493485;3.33971;
0.493505;3.33967;
0.493525;3.33963;
0.493545;3.33959;
0.493565;3.33955;
0.493585;3.33952;
0.493605;3.33948;
0.493625;3.33945;
0.493645;3.33941;
0.493665;3.33938;
0.493685;3.33934;
0.493705;3.33931;
0.493725;3.33928;
0.493745;3.33925;
0.493765;3.33922;
0.493785;3.33919;
0.493805;3.33916;
0.493825;3.33913;
0.493845;3.3391;
0.493865;3.33907;
0.493885;3.33905;
0.493905;3.33902;
0.493925;3.33899;
0.493945;3.33897;
0.493965;3.33894;
0.493985;3.33892;
0.494005;3.3389;
0.494025;3.33887;
0.494045;3.33885;
0.494065;3.33883;
0.494085;3.33881;
0.494105;3.33879;
0.494125;3.33877;
0.494145;3.33875;
0.494165;3.33873;
0.494185;3.33871;
0.494205;3.33869;
0.494225;3.33868;
0.494245;3.33866;
0.494265;3.33865;
0.494285;3.33863;
0.494305;3.33862;
0.494325;3.3386;
0.494345;3.33859;
0.494365;3.33858;
0.494385;3.33857;
0.494405;3.33856;
0.494425;3.33854;
0.494445;3.33853;
0.494465;3.33853;
0.494485;3.33852;
0.494505;3.33851;
0.494525;3.3385;
0.494545;3.33849;
0.494565;3.33849;
0.494585;3.33848;
0.494605;3.33848;
0.494625;3.33847;
0.494645;3.33847;
0.494665;3.33846;
0.494685;3.33846;
0.494705;3.33846;
0.494725;3.33846;
0.494745;3.33846;
0.494765;3.33846;
0.494785;3.33846;
0.494805;3.33846;
0.494825;3.33846;
0.494845;3.33846;
0.494865;3.33846;
0.494885;3.33847;
0.494905;3.33847;
0.494925;3.33848;
0.494945;3.33848;
0.494965;3.33849;
0.494985;3.33849;
0.495005;3.3385;
0.495025;3.33851;
0.495045;3.33851;
0.495065;3.33852;
0.495085;3.33853;
0.495105;3.33854;
0.495125;3.33855;
0.495145;3.33856;
0.495165;3.33857;
0.495185;3.33859;
0.495205;3.3386;
0.495225;3.33861;
0.495245;3.33863;
0.495265;3.33864;
0.495285;3.33866;
0.495305;3.33867;
0.495325;3.33869;
0.495345;3.33871;
0.495365;3.33872;
0.495385;3.33874;
0.495405;3.33876;
0.495425;3.33878;
0.495445;3.3388;
0.495465;3.33882;
0.495485;3.33884;
0.495505;3.33886;
0.495525;3.33888;
0.495545;3.33891;
0.495565;3.33893;
0.495585;3.33895;
0.495605;3.33898;
0.495625;3.339;
0.495645;3.33903;
0.495665;3.33906;
0.495685;3.33908;
0.495705;3.33911;
0.495725;3.33914;
0.495745;3.33917;
0.495765;3.3392;
0.495785;3.33923;
0.495805;3.33926;
0.495825;3.33929;
0.495845;3.33932;
0.495865;3.33935;
0.495885;3.33938;
0.495905;3.33942;
0.495925;3.33945;
0.495945;3.33949;
0.495965;3.33952;
0.495985;3.33956;
0.496005;3.33959;
0.496025;3.33963;
0.496045;3.33967;
0.496065;3.3397;
0.496085;3.33974;
0.496105;3.33978;
0.496125;3.33982;
0.496145;3.33986;
0.496165;3.3399;
0.496185;3.33994;
0.496205;3.33999;
0.496225;3.34003;
0.496245;3.34007;
0.496265;3.34011;
0.496285;3.34016;
0.496305;3.3402;
0.496325;3.34025;
0.496345;3.3403;
0.496365;3.34034;
0.496385;3.34039;
0.496405;3.34044;
0.496425;3.34048;
0.496445;3.34053;
0.496465;3.34058;
0.496485;3.34063;
0.496505;3.34068;
0.496525;3.34073;
0.496545;3.34079;
0.496565;3.34084;
0.496585;3.34089;
0.496605;3.34094;
0.496618;3.34098;
0.496618;3.34098;
0.496618;3.34098;
0.496619;3.34098;
0.496619;3.34098;
0.496619;3.34098;
0.496619;3.34098;
0.49662;3.34098;
0.49662;3.34098;
0.496621;3.34099;
0.496624;3.34099;
0.496629;3.34101;
0.496639;3.34104;
0.496659;3.34109;
0.496679;3.34115;
0.496699;3.3412;
0.496719;3.34126;
0.496739;3.34132;
0.496759;3.34137;
0.496779;3.34143;
0.496799;3.34149;
0.496819;3.34155;
0.496839;3.34161;
0.496859;3.34167;
0.496879;3.34173;
0.496899;3.34179;
0.496919;3.34186;
0.496939;3.34192;
0.496959;3.34198;
0.496979;3.34205;
0.496999;3.34211;
0.497019;3.34218;
0.497039;3.34224;
0.497059;3.34231;
0.497079;3.34237;
0.497099;3.34244;
0.497119;3.34251;
0.497139;3.34258;
0.497159;3.34265;
0.497179;3.34272;
0.497199;3.34279;
0.497219;3.34286;
0.497239;3.34293;
0.497259;3.343;
0.497279;3.34307;
0.497299;3.34315;
0.497319;3.34322;
0.497339;3.34329;
0.497359;3.34337;
0.497379;3.34344;
0.497399;3.34352;
0.497419;3.34359;
0.497439;3.34367;
0.497459;3.34375;
0.497479;3.34383;
0.497499;3.3439;
0.497519;3.34398;
0.497539;3.34406;
0.497559;3.34414;
0.497579;3.34422;
0.497599;3.3443;
0.497619;3.34439;
0.497639;3.34447;
0.497659;3.34455;
0.497679;3.34463;
0.497699;3.34472;
0.497719;3.3448;
0.497739;3.34489;
0.497759;3.34497;
0.497779;3.34506;
0.497799;3.34515;
0.497819;3.34523;
0.497839;3.34532;
0.497859;3.34541;
0.497879;3.3455;
0.497899;3.34559;
0.497919;3.34568;
0.497939;3.34577;
0.497959;3.34586;
0.497979;3.34595;
0.497999;3.34604;
0.498019;3.34614;
0.498039;3.34623;
0.498059;3.34632;
0.498079;3.34642;
0.498099;3.34651;
0.498119;3.34661;
0.498139;3.3467;
0.498159;3.3468;
0.498179;3.3469;
0.498199;3.34699;
0.498219;3.34709;
0.498239;3.34719;
0.498259;3.34729;
0.498279;3.34739;
0.498299;3.34749;
0.498319;3.34759;
0.498339;3.34769;
0.498359;3.34779;
0.498379;3.3479;
0.498399;3.348;
0.498419;3.3481;
0.498439;3.34821;
0.498459;3.34831;
0.498479;3.34842;
0.498499;3.34852;
0.498519;3.34863;
0.498539;3.34873;
0.498559;3.34884;
0.498579;3.34895;
0.498599;3.34906;
0.498619;3.34917;
0.498639;3.34928;
0.498659;3.34939;
0.498679;3.3495;
0.498699;3.34961;
0.498719;3.34972;
0.498739;3.34983;
0.498759;3.34994;
0.498779;3.35006;
0.498799;3.35017;
0.498819;3.35028;
0.498839;3.3504;
0.498859;3.35051;
0.498879;3.35063;
0.498899;3.35075;
0.498919;3.35086;
0.498939;3.35098;
0.498959;3.3511;
0.498979;3.35122;
0.498999;3.35134;
0.499019;3.35145;
0.499039;3.35157;
0.499059;3.35169;
0.499079;3.35182;
0.499099;3.35194;
0.499119;3.35206;
0.499139;3.35218;
0.499159;3.35231;
0.499179;3.35243;
0.499199;3.35255;
0.499219;3.35268;
0.499239;3.3528;
0.499259;3.35293;
0.499279;3.35305;
0.499299;3.35318;
0.499319;3.35331;
0.499339;3.35344;
0.499359;3.35357;
0.499379;3.35369;
0.499399;3.35382;
0.499419;3.35395;
0.499439;3.35408;
0.499459;3.35421;
0.499479;3.35435;
0.499499;3.35448;
0.499519;3.35461;
0.499539;3.35474;
0.499559;3.35488;
0.499579;3.35501;
0.499599;3.35515;
0.499619;3.35528;
0.499639;3.35542;
0.499659;3.35555;
0.499679;3.35569;
0.499699;3.35583;
0.499719;3.35596;
0.499739;3.3561;
0.499759;3.35621;
0.499774;3.35626;
0.499788;3.35629;
0.499798;3.3563;
0.499809;3.35632;
0.499829;3.35636;
0.499845;3.35638;
0.499862;3.35636;
0.499878;3.35633;
0.499889;3.3563;
0.499899;3.35628;
0.499919;3.35624;
0.499939;3.35619;
0.49995;3.35616;
0.49995;3.35616;
0.49995;3.35616;
0.499951;3.35616;
0.499951;3.35616;
0.499951;3.35616;
0.499951;3.35616;
0.499952;3.35616;
0.499952;3.35616;
0.499953;3.35615;
0.499955;3.35614;
0.499957;3.35613;
0.49996;3.35612;
0.499962;3.35611;
0.499967;3.35609;
0.499976;3.35604;
0.499994;3.35595;
0.5;3.35592;
