time;V(Net-_C3-Pad1_);
0;-5.98317;
1e-08;-5.98317;
2e-08;-5.98317;
4e-08;-5.98317;
8e-08;-5.98317;
1.6e-07;-5.98317;
3.2e-07;-5.98317;
6.4e-07;-5.98317;
1e-06;-5.98317;
1.064e-06;-5.98317;
1.192e-06;-5.98317;
1.448e-06;-5.98317;
1.96e-06;-5.98317;
2.984e-06;-5.98317;
5.032e-06;-5.98317;
9.128e-06;-5.98317;
1.732e-05;-5.98317;
3.3704e-05;-5.98317;
5.3704e-05;-5.98317;
7.3704e-05;-5.98317;
9.3704e-05;-5.98317;
0.000113704;-5.98317;
0.000133704;-5.98317;
0.000153704;-5.98317;
0.000173704;-5.98317;
0.000193704;-5.98317;
0.000213704;-5.98317;
0.000233704;-5.98317;
0.000253704;-5.98317;
0.000273704;-5.98317;
0.000293704;-5.98317;
0.000313704;-5.98317;
0.000333704;-5.98317;
0.000353704;-5.98317;
0.000373704;-5.98317;
0.000393704;-5.98317;
0.000413704;-5.98317;
0.000433704;-5.98317;
0.000453704;-5.98317;
0.000473704;-5.98317;
0.000493704;-5.98317;
0.000501;-5.98317;
0.0005011;-5.98317;
0.0005013;-5.98317;
0.0005017;-5.98317;
0.000502;-5.98317;
0.00050208;-5.98317;
0.00050224;-5.98317;
0.00050256;-5.98317;
0.0005032;-5.98317;
0.00050448;-5.98317;
0.00050704;-5.98317;
0.00051216;-5.98317;
0.0005224;-5.98317;
0.0005424;-5.98317;
0.0005624;-5.98317;
0.0005824;-5.98317;
0.0006024;-5.98317;
0.0006224;-5.98317;
0.0006424;-5.98317;
0.0006624;-5.98317;
0.0006824;-5.98317;
0.0007024;-5.98317;
0.0007224;-5.98317;
0.0007424;-5.98317;
0.0007624;-5.98317;
0.0007824;-5.98317;
0.0008024;-5.98317;
0.0008224;-5.98317;
0.0008424;-5.98317;
0.0008624;-5.98317;
0.0008824;-5.98317;
0.0009024;-5.98317;
0.0009224;-5.98317;
0.0009424;-5.98317;
0.0009624;-5.98317;
0.0009824;-5.98317;
0.001;-5.98317;
0.0010001;-5.98317;
0.0010003;-5.98317;
0.0010007;-5.98317;
0.001001;-5.98317;
0.00100108;-5.98317;
0.00100124;-5.98317;
0.00100156;-5.98317;
0.0010022;-5.98317;
0.00100348;-5.98317;
0.00100604;-5.98317;
0.00101116;-5.98317;
0.0010214;-5.98317;
0.0010414;-5.98317;
0.0010614;-5.98317;
0.0010814;-5.98317;
0.0011014;-5.98317;
0.0011214;-5.98317;
0.0011414;-5.98317;
0.0011614;-5.98317;
0.0011814;-5.98317;
0.0012014;-5.98317;
0.0012214;-5.98317;
0.0012414;-5.98317;
0.0012614;-5.98317;
0.0012814;-5.98317;
0.0013014;-5.98316;
0.00131847;-5.98316;
0.0013358;-5.98315;
0.00135223;-5.98315;
0.00137223;-5.98314;
0.00139223;-5.98313;
0.00141223;-5.98311;
0.00143223;-5.9831;
0.00145223;-5.98309;
0.00147223;-5.98307;
0.00149223;-5.98306;
0.001501;-5.98305;
0.0015011;-5.98305;
0.0015013;-5.98305;
0.0015017;-5.98305;
0.001502;-5.98305;
0.00150208;-5.98305;
0.00150224;-5.98305;
0.00150256;-5.98305;
0.0015032;-5.98305;
0.00150448;-5.98304;
0.00150704;-5.98304;
0.00151216;-5.98304;
0.0015224;-5.98303;
0.0015424;-5.98301;
0.0015624;-5.98299;
0.0015824;-5.98296;
0.0016024;-5.98294;
0.0016224;-5.98291;
0.0016424;-5.98289;
0.0016624;-5.98286;
0.0016824;-5.98283;
0.0017024;-5.9828;
0.0017224;-5.98277;
0.0017424;-5.98273;
0.0017624;-5.9827;
0.0017824;-5.98266;
0.0018024;-5.98262;
0.0018224;-5.98259;
0.0018424;-5.98255;
0.0018624;-5.9825;
0.0018824;-5.98246;
0.0019024;-5.98242;
0.0019224;-5.98237;
0.0019424;-5.98233;
0.0019624;-5.98228;
0.0019824;-5.98223;
0.002;-5.98218;
0.0020001;-5.98218;
0.0020003;-5.98218;
0.0020007;-5.98218;
0.002001;-5.98218;
0.00200108;-5.98218;
0.00200124;-5.98218;
0.00200156;-5.98218;
0.0020022;-5.98218;
0.00200348;-5.98218;
0.00200604;-5.98217;
0.00201116;-5.98216;
0.0020214;-5.98213;
0.0020414;-5.98208;
0.0020614;-5.98202;
0.0020814;-5.98197;
0.0021014;-5.98191;
0.0021214;-5.98185;
0.0021414;-5.98179;
0.0021614;-5.98173;
0.0021814;-5.98167;
0.0022014;-5.9816;
0.0022214;-5.98154;
0.0022414;-5.98147;
0.0022614;-5.9814;
0.0022814;-5.98134;
0.0023014;-5.98126;
0.0023214;-5.98119;
0.0023414;-5.98112;
0.0023614;-5.98105;
0.0023814;-5.98097;
0.0024014;-5.98089;
0.0024214;-5.98082;
0.0024414;-5.98074;
0.0024614;-5.98066;
0.0024814;-5.98057;
0.002501;-5.98049;
0.0025011;-5.98049;
0.0025013;-5.98049;
0.0025017;-5.98049;
0.002502;-5.98049;
0.00250208;-5.98049;
0.00250224;-5.98049;
0.00250256;-5.98049;
0.0025032;-5.98048;
0.00250448;-5.98048;
0.00250704;-5.98047;
0.00251216;-5.98045;
0.0025224;-5.9804;
0.0025424;-5.98032;
0.0025624;-5.98023;
0.0025824;-5.98014;
0.0026024;-5.98005;
0.0026224;-5.97996;
0.0026424;-5.97987;
0.0026624;-5.97977;
0.0026824;-5.97968;
0.0027024;-5.97958;
0.0027224;-5.97949;
0.0027424;-5.97939;
0.0027624;-5.97929;
0.0027824;-5.97919;
0.0028024;-5.97908;
0.0028224;-5.97898;
0.0028424;-5.97887;
0.0028624;-5.97877;
0.0028824;-5.97866;
0.0029024;-5.97855;
0.0029224;-5.97844;
0.0029424;-5.97833;
0.0029624;-5.97822;
0.0029824;-5.9781;
0.003;-5.978;
0.0030001;-5.978;
0.0030003;-5.978;
0.0030007;-5.978;
0.003001;-5.978;
0.00300108;-5.97799;
0.00300124;-5.97799;
0.00300156;-5.97799;
0.0030022;-5.97799;
0.00300348;-5.97798;
0.00300604;-5.97797;
0.00301116;-5.97794;
0.0030214;-5.97788;
0.0030414;-5.97776;
0.0030614;-5.97764;
0.0030814;-5.97752;
0.0031014;-5.9774;
0.0031214;-5.97727;
0.0031414;-5.97715;
0.0031614;-5.97702;
0.0031814;-5.9769;
0.0032014;-5.97677;
0.0032214;-5.97664;
0.0032414;-5.97651;
0.0032614;-5.97638;
0.0032814;-5.97624;
0.0033014;-5.97611;
0.0033214;-5.97597;
0.0033414;-5.97584;
0.0033614;-5.9757;
0.0033814;-5.97556;
0.0034014;-5.97542;
0.0034214;-5.97528;
0.0034414;-5.97513;
0.0034614;-5.97499;
0.0034814;-5.97484;
0.003501;-5.9747;
0.0035011;-5.9747;
0.0035013;-5.9747;
0.0035017;-5.97469;
0.003502;-5.97469;
0.00350208;-5.97469;
0.00350224;-5.97469;
0.00350256;-5.97469;
0.0035032;-5.97468;
0.00350448;-5.97467;
0.00350704;-5.97466;
0.00351216;-5.97462;
0.0035224;-5.97454;
0.0035424;-5.97439;
0.0035624;-5.97424;
0.0035824;-5.97409;
0.0036024;-5.97394;
0.0036224;-5.97378;
0.0036424;-5.97363;
0.0036624;-5.97347;
0.0036824;-5.97331;
0.0037024;-5.97315;
0.0037224;-5.97299;
0.0037424;-5.97283;
0.0037624;-5.97266;
0.0037824;-5.9725;
0.0038024;-5.97233;
0.0038224;-5.97217;
0.0038424;-5.972;
0.0038624;-5.97183;
0.0038824;-5.97166;
0.0039024;-5.97149;
0.0039224;-5.97131;
0.0039424;-5.97114;
0.0039624;-5.97096;
0.0039824;-5.97079;
0.004;-5.97063;
0.0040001;-5.97063;
0.0040003;-5.97063;
0.0040007;-5.97062;
0.004001;-5.97062;
0.00400108;-5.97062;
0.00400124;-5.97062;
0.00400156;-5.97061;
0.0040022;-5.97061;
0.00400348;-5.9706;
0.00400604;-5.97057;
0.00401116;-5.97053;
0.0040214;-5.97044;
0.0040414;-5.97026;
0.0040614;-5.97007;
0.0040814;-5.96989;
0.0041014;-5.96971;
0.0041214;-5.96952;
0.0041414;-5.96933;
0.0041614;-5.96915;
0.0041814;-5.96896;
0.0042014;-5.96877;
0.0042214;-5.96857;
0.0042414;-5.96838;
0.0042614;-5.96819;
0.0042814;-5.96799;
0.0043014;-5.96779;
0.0043214;-5.9676;
0.0043414;-5.9674;
0.0043614;-5.9672;
0.0043814;-5.967;
0.0044014;-5.96679;
0.0044214;-5.96659;
0.0044414;-5.96638;
0.0044614;-5.96618;
0.0044814;-5.96597;
0.004501;-5.96577;
0.0045011;-5.96576;
0.0045013;-5.96576;
0.0045017;-5.96576;
0.004502;-5.96575;
0.00450208;-5.96575;
0.00450224;-5.96575;
0.00450256;-5.96575;
0.0045032;-5.96574;
0.00450448;-5.96573;
0.00450704;-5.9657;
0.00451216;-5.96565;
0.0045224;-5.96554;
0.0045424;-5.96533;
0.0045624;-5.96512;
0.0045824;-5.9649;
0.0046024;-5.96469;
0.0046224;-5.96447;
0.0046424;-5.96425;
0.0046624;-5.96404;
0.0046824;-5.96382;
0.0047024;-5.96359;
0.0047224;-5.96337;
0.0047424;-5.96315;
0.0047624;-5.96292;
0.0047824;-5.9627;
0.0048024;-5.96247;
0.0048224;-5.96224;
0.0048424;-5.96201;
0.0048624;-5.96178;
0.0048824;-5.96155;
0.0049024;-5.96132;
0.0049224;-5.96108;
0.0049424;-5.96085;
0.0049624;-5.96061;
0.0049824;-5.96037;
0.005;-5.96016;
0.0050001;-5.96016;
0.0050003;-5.96016;
0.0050007;-5.96015;
0.005001;-5.96015;
0.00500108;-5.96015;
0.00500124;-5.96015;
0.00500156;-5.96014;
0.0050022;-5.96014;
0.00500348;-5.96012;
0.00500604;-5.96009;
0.00501116;-5.96003;
0.0050214;-5.9599;
0.0050414;-5.95966;
0.0050614;-5.95942;
0.0050814;-5.95918;
0.0051014;-5.95893;
0.0051214;-5.95868;
0.0051414;-5.95844;
0.0051614;-5.95819;
0.0051814;-5.95794;
0.0052014;-5.95769;
0.0052214;-5.95744;
0.0052414;-5.95718;
0.0052614;-5.95693;
0.0052814;-5.95667;
0.0053014;-5.95641;
0.0053214;-5.95616;
0.0053414;-5.9559;
0.0053614;-5.95564;
0.0053814;-5.95537;
0.0054014;-5.95511;
0.0054214;-5.95485;
0.0054414;-5.95458;
0.0054614;-5.95431;
0.0054814;-5.95405;
0.005501;-5.95378;
0.0055011;-5.95378;
0.0055013;-5.95378;
0.0055017;-5.95377;
0.005502;-5.95377;
0.00550208;-5.95377;
0.00550224;-5.95377;
0.00550256;-5.95376;
0.0055032;-5.95375;
0.00550448;-5.95374;
0.00550704;-5.9537;
0.00551216;-5.95363;
0.0055224;-5.95349;
0.0055424;-5.95322;
0.0055624;-5.95295;
0.0055824;-5.95268;
0.0056024;-5.9524;
0.0056224;-5.95213;
0.0056424;-5.95185;
0.0056624;-5.95157;
0.0056824;-5.95129;
0.0057024;-5.95101;
0.0057224;-5.95073;
0.0057424;-5.95045;
0.0057624;-5.95016;
0.0057824;-5.94988;
0.0058024;-5.94959;
0.0058224;-5.9493;
0.0058424;-5.94901;
0.0058624;-5.94872;
0.0058824;-5.94843;
0.0059024;-5.94814;
0.0059224;-5.94784;
0.0059424;-5.94755;
0.0059624;-5.94725;
0.0059824;-5.94696;
0.006;-5.94669;
0.0060001;-5.94669;
0.0060003;-5.94669;
0.0060007;-5.94668;
0.006001;-5.94668;
0.00600108;-5.94668;
0.00600124;-5.94668;
0.00600156;-5.94667;
0.0060022;-5.94666;
0.00600348;-5.94664;
0.00600604;-5.9466;
0.00601116;-5.94653;
0.0060214;-5.94637;
0.0060414;-5.94607;
0.0060614;-5.94577;
0.0060814;-5.94547;
0.0061014;-5.94516;
0.0061214;-5.94486;
0.0061414;-5.94455;
0.0061614;-5.94425;
0.0061814;-5.94394;
0.0062014;-5.94363;
0.0062214;-5.94332;
0.0062414;-5.943;
0.0062614;-5.94269;
0.0062814;-5.94238;
0.0063014;-5.94206;
0.0063214;-5.94174;
0.0063414;-5.94143;
0.0063614;-5.94111;
0.0063814;-5.94079;
0.0064014;-5.94047;
0.0064214;-5.94014;
0.0064414;-5.93982;
0.0064614;-5.93949;
0.0064814;-5.93917;
0.006501;-5.93885;
0.0065011;-5.93885;
0.0065013;-5.93884;
0.0065017;-5.93884;
0.006502;-5.93883;
0.00650208;-5.93883;
0.00650224;-5.93883;
0.00650256;-5.93882;
0.0065032;-5.93881;
0.00650448;-5.93879;
0.00650704;-5.93875;
0.00651216;-5.93866;
0.0065224;-5.9385;
0.0065424;-5.93817;
0.0065624;-5.93784;
0.0065824;-5.9375;
0.0066024;-5.93717;
0.0066224;-5.93684;
0.0066424;-5.9365;
0.0066624;-5.93617;
0.0066824;-5.93583;
0.0067024;-5.93549;
0.0067224;-5.93515;
0.0067424;-5.93481;
0.0067624;-5.93447;
0.0067824;-5.93412;
0.0068024;-5.93378;
0.0068224;-5.93343;
0.0068424;-5.93309;
0.0068624;-5.93274;
0.0068824;-5.93239;
0.0069024;-5.93204;
0.0069224;-5.93169;
0.0069424;-5.93134;
0.0069624;-5.93099;
0.0069824;-5.93063;
0.007;-5.93032;
0.0070001;-5.93032;
0.0070003;-5.93031;
0.0070007;-5.93031;
0.007001;-5.9303;
0.00700108;-5.9303;
0.00700124;-5.9303;
0.00700156;-5.93029;
0.0070022;-5.93028;
0.00700348;-5.93026;
0.00700604;-5.93021;
0.00701116;-5.93012;
0.0070214;-5.92994;
0.0070414;-5.92958;
0.0070614;-5.92922;
0.0070814;-5.92886;
0.0071014;-5.9285;
0.0071214;-5.92814;
0.0071414;-5.92777;
0.0071614;-5.92741;
0.0071814;-5.92704;
0.0072014;-5.92668;
0.0072214;-5.92631;
0.0072414;-5.92594;
0.0072614;-5.92557;
0.0072814;-5.9252;
0.0073014;-5.92482;
0.0073214;-5.92445;
0.0073414;-5.92408;
0.0073614;-5.9237;
0.0073814;-5.92332;
0.0074014;-5.92295;
0.0074214;-5.92257;
0.0074414;-5.92219;
0.0074614;-5.92181;
0.0074814;-5.92142;
0.007501;-5.92105;
0.0075011;-5.92105;
0.0075013;-5.92104;
0.0075017;-5.92103;
0.007502;-5.92103;
0.00750208;-5.92103;
0.00750224;-5.92102;
0.00750256;-5.92102;
0.0075032;-5.92101;
0.00750448;-5.92098;
0.00750704;-5.92093;
0.00751216;-5.92083;
0.0075224;-5.92064;
0.0075424;-5.92025;
0.0075624;-5.91986;
0.0075824;-5.91948;
0.0076024;-5.91909;
0.0076224;-5.9187;
0.0076424;-5.9183;
0.0076624;-5.91791;
0.0076824;-5.91752;
0.0077024;-5.91712;
0.0077224;-5.91673;
0.0077424;-5.91633;
0.0077624;-5.91593;
0.0077824;-5.91553;
0.0078024;-5.91513;
0.0078224;-5.91473;
0.0078424;-5.91433;
0.0078624;-5.91393;
0.0078824;-5.91352;
0.0079024;-5.91312;
0.0079224;-5.91271;
0.0079424;-5.9123;
0.0079624;-5.91189;
0.0079824;-5.91148;
0.008;-5.91112;
0.0080001;-5.91112;
0.0080003;-5.91112;
0.0080007;-5.91111;
0.008001;-5.9111;
0.00800108;-5.9111;
0.00800124;-5.9111;
0.00800156;-5.91109;
0.0080022;-5.91108;
0.00800348;-5.91105;
0.00800604;-5.911;
0.00801116;-5.91089;
0.0080214;-5.91068;
0.0080414;-5.91027;
0.0080614;-5.90985;
0.0080814;-5.90944;
0.0081014;-5.90902;
0.0081214;-5.9086;
0.0081414;-5.90818;
0.0081614;-5.90776;
0.0081814;-5.90734;
0.0082014;-5.90692;
0.0082214;-5.9065;
0.0082414;-5.90607;
0.0082614;-5.90565;
0.0082814;-5.90522;
0.0083014;-5.9048;
0.0083214;-5.90437;
0.0083414;-5.90394;
0.0083614;-5.90351;
0.0083814;-5.90308;
0.0084014;-5.90264;
0.0084214;-5.90221;
0.0084414;-5.90177;
0.0084614;-5.90134;
0.0084814;-5.9009;
0.008501;-5.90047;
0.0085011;-5.90047;
0.0085013;-5.90046;
0.0085017;-5.90046;
0.008502;-5.90045;
0.00850208;-5.90045;
0.00850224;-5.90044;
0.00850256;-5.90044;
0.0085032;-5.90042;
0.00850448;-5.90039;
0.00850704;-5.90034;
0.00851216;-5.90023;
0.0085224;-5.9;
0.0085424;-5.89956;
0.0085624;-5.89912;
0.0085824;-5.89868;
0.0086024;-5.89823;
0.0086224;-5.89779;
0.0086424;-5.89734;
0.0086624;-5.8969;
0.0086824;-5.89645;
0.0087024;-5.896;
0.0087224;-5.89555;
0.0087424;-5.8951;
0.0087624;-5.89465;
0.0087824;-5.89419;
0.0088024;-5.89374;
0.0088224;-5.89328;
0.0088424;-5.89283;
0.0088624;-5.89237;
0.0088824;-5.89191;
0.0089024;-5.89145;
0.0089224;-5.89099;
0.0089424;-5.89053;
0.0089624;-5.89007;
0.0089824;-5.8896;
0.009;-5.88919;
0.0090001;-5.88919;
0.0090003;-5.88919;
0.0090007;-5.88918;
0.009001;-5.88917;
0.00900108;-5.88917;
0.00900124;-5.88916;
0.00900156;-5.88916;
0.0090022;-5.88914;
0.00900348;-5.88911;
0.00900604;-5.88905;
0.00901116;-5.88893;
0.0090214;-5.88869;
0.0090414;-5.88823;
0.0090614;-5.88776;
0.0090814;-5.88729;
0.0091014;-5.88682;
0.0091214;-5.88635;
0.0091414;-5.88588;
0.0091614;-5.8854;
0.0091814;-5.88493;
0.0092014;-5.88445;
0.0092214;-5.88398;
0.0092414;-5.8835;
0.0092614;-5.88302;
0.0092814;-5.88254;
0.0093014;-5.88206;
0.0093214;-5.88158;
0.0093414;-5.88109;
0.0093614;-5.88061;
0.0093814;-5.88013;
0.0094014;-5.87964;
0.0094214;-5.87915;
0.0094414;-5.87867;
0.0094614;-5.87818;
0.0094814;-5.87769;
0.009501;-5.8772;
0.0095011;-5.8772;
0.0095013;-5.8772;
0.0095017;-5.87719;
0.009502;-5.87718;
0.00950208;-5.87718;
0.00950224;-5.87717;
0.00950256;-5.87717;
0.0095032;-5.87715;
0.00950448;-5.87712;
0.00950704;-5.87706;
0.00951216;-5.87693;
0.0095224;-5.87668;
0.0095424;-5.87618;
0.0095624;-5.87569;
0.0095824;-5.8752;
0.0096024;-5.8747;
0.0096224;-5.8742;
0.0096424;-5.8737;
0.0096624;-5.8732;
0.0096824;-5.8727;
0.0097024;-5.8722;
0.0097224;-5.8717;
0.0097424;-5.87119;
0.0097624;-5.87069;
0.0097824;-5.87018;
0.0098024;-5.86968;
0.0098224;-5.86917;
0.0098424;-5.86866;
0.0098624;-5.86815;
0.0098824;-5.86764;
0.0099024;-5.86713;
0.0099224;-5.86662;
0.0099424;-5.8661;
0.0099624;-5.86559;
0.0099824;-5.86507;
0.01;-5.86462;
0.0100001;-5.86461;
0.0100003;-5.86461;
0.0100007;-5.8646;
0.010001;-5.86459;
0.0100011;-5.86459;
0.0100012;-5.86458;
0.0100016;-5.86457;
0.0100022;-5.86456;
0.0100035;-5.86453;
0.010006;-5.86446;
0.0100112;-5.86433;
0.0100214;-5.86406;
0.0100414;-5.86354;
0.0100614;-5.86302;
0.0100814;-5.8625;
0.0101014;-5.86198;
0.0101214;-5.86146;
0.0101414;-5.86093;
0.0101614;-5.86041;
0.0101814;-5.85988;
0.0102014;-5.85935;
0.0102214;-5.85882;
0.0102414;-5.85829;
0.0102614;-5.85776;
0.0102814;-5.85723;
0.0103014;-5.8567;
0.0103214;-5.85617;
0.0103414;-5.85563;
0.0103614;-5.8551;
0.0103814;-5.85456;
0.0104014;-5.85402;
0.0104214;-5.85349;
0.0104414;-5.85295;
0.0104614;-5.85241;
0.0104814;-5.85186;
0.010501;-5.85133;
0.0105011;-5.85133;
0.0105013;-5.85132;
0.0105017;-5.85131;
0.010502;-5.85131;
0.0105021;-5.8513;
0.0105022;-5.8513;
0.0105026;-5.85129;
0.0105032;-5.85127;
0.0105045;-5.85124;
0.010507;-5.85117;
0.0105122;-5.85103;
0.0105224;-5.85075;
0.0105424;-5.85021;
0.0105624;-5.84966;
0.0105824;-5.84911;
0.0106024;-5.84857;
0.0106224;-5.84802;
0.0106424;-5.84747;
0.0106624;-5.84692;
0.0106824;-5.84637;
0.0107024;-5.84581;
0.0107224;-5.84526;
0.0107424;-5.84471;
0.0107624;-5.84415;
0.0107824;-5.84359;
0.0108024;-5.84304;
0.0108224;-5.84248;
0.0108424;-5.84192;
0.0108624;-5.84136;
0.0108824;-5.8408;
0.0109024;-5.84023;
0.0109224;-5.83967;
0.0109424;-5.8391;
0.0109624;-5.83854;
0.0109824;-5.83797;
0.011;-5.83747;
0.0110001;-5.83747;
0.0110003;-5.83746;
0.0110007;-5.83745;
0.011001;-5.83745;
0.0110011;-5.83744;
0.0110012;-5.83744;
0.0110016;-5.83743;
0.0110022;-5.83741;
0.0110035;-5.83737;
0.011006;-5.8373;
0.0110112;-5.83716;
0.0110214;-5.83687;
0.0110414;-5.8363;
0.0110614;-5.83573;
0.0110814;-5.83515;
0.0111014;-5.83458;
0.0111214;-5.83401;
0.0111414;-5.83343;
0.0111614;-5.83286;
0.0111814;-5.83228;
0.0112014;-5.8317;
0.0112214;-5.83113;
0.0112414;-5.83055;
0.0112614;-5.82997;
0.0112814;-5.82938;
0.0113014;-5.8288;
0.0113214;-5.82822;
0.0113414;-5.82763;
0.0113614;-5.82705;
0.0113814;-5.82646;
0.0114014;-5.82588;
0.0114214;-5.82529;
0.0114414;-5.8247;
0.0114614;-5.82411;
0.0114814;-5.82352;
0.011501;-5.82294;
0.0115011;-5.82293;
0.0115013;-5.82293;
0.0115017;-5.82292;
0.011502;-5.82291;
0.0115021;-5.8229;
0.0115022;-5.8229;
0.0115026;-5.82289;
0.0115032;-5.82287;
0.0115045;-5.82283;
0.011507;-5.82276;
0.0115122;-5.82261;
0.0115224;-5.8223;
0.0115424;-5.82171;
0.0115624;-5.82111;
0.0115824;-5.82052;
0.0116024;-5.81992;
0.0116224;-5.81932;
0.0116424;-5.81872;
0.0116624;-5.81812;
0.0116824;-5.81752;
0.0117024;-5.81692;
0.0117224;-5.81632;
0.0117424;-5.81571;
0.0117624;-5.81511;
0.0117824;-5.8145;
0.0118024;-5.8139;
0.0118224;-5.81329;
0.0118424;-5.81268;
0.0118624;-5.81207;
0.0118824;-5.81146;
0.0119024;-5.81085;
0.0119224;-5.81023;
0.0119424;-5.80962;
0.0119624;-5.80901;
0.0119824;-5.80839;
0.012;-5.80785;
0.0120001;-5.80785;
0.0120003;-5.80784;
0.0120007;-5.80783;
0.012001;-5.80782;
0.0120011;-5.80781;
0.0120012;-5.80781;
0.0120016;-5.8078;
0.0120022;-5.80778;
0.0120035;-5.80774;
0.012006;-5.80766;
0.0120112;-5.8075;
0.0120214;-5.80719;
0.0120414;-5.80657;
0.0120614;-5.80595;
0.0120814;-5.80533;
0.0121014;-5.80471;
0.0121214;-5.80409;
0.0121414;-5.80346;
0.0121614;-5.80284;
0.0121814;-5.80221;
0.0122014;-5.80159;
0.0122214;-5.80096;
0.0122414;-5.80033;
0.0122614;-5.7997;
0.0122814;-5.79907;
0.0123014;-5.79844;
0.0123214;-5.79781;
0.0123414;-5.79718;
0.0123614;-5.79655;
0.0123814;-5.79591;
0.0124014;-5.79528;
0.0124214;-5.79464;
0.0124414;-5.794;
0.0124614;-5.79336;
0.0124814;-5.79272;
0.012501;-5.7921;
0.0125011;-5.79209;
0.0125013;-5.79209;
0.0125017;-5.79207;
0.012502;-5.79207;
0.0125021;-5.79206;
0.0125022;-5.79206;
0.0125026;-5.79205;
0.0125032;-5.79203;
0.0125045;-5.79199;
0.012507;-5.7919;
0.0125122;-5.79174;
0.0125224;-5.79141;
0.0125424;-5.79077;
0.0125624;-5.79013;
0.0125824;-5.78948;
0.0126024;-5.78884;
0.0126224;-5.78819;
0.0126424;-5.78754;
0.0126624;-5.7869;
0.0126824;-5.78625;
0.0127024;-5.7856;
0.0127224;-5.78495;
0.0127424;-5.7843;
0.0127624;-5.78364;
0.0127824;-5.78299;
0.0128024;-5.78233;
0.0128224;-5.78168;
0.0128424;-5.78102;
0.0128624;-5.78037;
0.0128824;-5.77971;
0.0129024;-5.77905;
0.0129224;-5.77839;
0.0129424;-5.77773;
0.0129624;-5.77707;
0.0129824;-5.7764;
0.013;-5.77582;
0.0130001;-5.77582;
0.0130003;-5.77581;
0.0130007;-5.7758;
0.013001;-5.77579;
0.0130011;-5.77578;
0.0130012;-5.77578;
0.0130016;-5.77577;
0.0130022;-5.77575;
0.0130035;-5.7757;
0.013006;-5.77562;
0.0130112;-5.77545;
0.0130214;-5.77511;
0.0130414;-5.77444;
0.0130614;-5.77378;
0.0130814;-5.77311;
0.0131014;-5.77244;
0.0131214;-5.77177;
0.0131414;-5.7711;
0.0131614;-5.77043;
0.0131814;-5.76976;
0.0132014;-5.76908;
0.0132214;-5.76841;
0.0132414;-5.76774;
0.0132614;-5.76706;
0.0132814;-5.76638;
0.0133014;-5.76571;
0.0133214;-5.76503;
0.0133414;-5.76435;
0.0133614;-5.76367;
0.0133814;-5.76299;
0.0134014;-5.7623;
0.0134214;-5.76162;
0.0134414;-5.76094;
0.0134614;-5.76025;
0.0134814;-5.75957;
0.013501;-5.75889;
0.0135011;-5.75889;
0.0135013;-5.75888;
0.0135017;-5.75887;
0.013502;-5.75886;
0.0135021;-5.75886;
0.0135022;-5.75885;
0.0135026;-5.75884;
0.0135032;-5.75882;
0.0135045;-5.75877;
0.013507;-5.75868;
0.0135122;-5.75851;
0.0135224;-5.75816;
0.0135424;-5.75747;
0.0135624;-5.75678;
0.0135824;-5.75609;
0.0136024;-5.7554;
0.0136224;-5.7547;
0.0136424;-5.75401;
0.0136624;-5.75332;
0.0136824;-5.75262;
0.0137024;-5.75193;
0.0137224;-5.75123;
0.0137424;-5.75053;
0.0137624;-5.74983;
0.0137824;-5.74913;
0.0138024;-5.74843;
0.0138224;-5.74773;
0.0138424;-5.74703;
0.0138624;-5.74633;
0.0138824;-5.74562;
0.0139024;-5.74492;
0.0139224;-5.74421;
0.0139424;-5.7435;
0.0139624;-5.7428;
0.0139824;-5.74209;
0.014;-5.74146;
0.0140001;-5.74146;
0.0140003;-5.74145;
0.0140007;-5.74144;
0.014001;-5.74143;
0.0140011;-5.74142;
0.0140012;-5.74142;
0.0140016;-5.74141;
0.0140022;-5.74138;
0.0140035;-5.74134;
0.014006;-5.74125;
0.0140112;-5.74107;
0.0140214;-5.7407;
0.0140414;-5.73999;
0.0140614;-5.73928;
0.0140814;-5.73857;
0.0141014;-5.73785;
0.0141214;-5.73714;
0.0141414;-5.73642;
0.0141614;-5.7357;
0.0141814;-5.73499;
0.0142014;-5.73427;
0.0142214;-5.73355;
0.0142414;-5.73283;
0.0142614;-5.73211;
0.0142814;-5.73139;
0.0143014;-5.73066;
0.0143214;-5.72994;
0.0143414;-5.72921;
0.0143614;-5.72849;
0.0143814;-5.72776;
0.0144014;-5.72703;
0.0144214;-5.72631;
0.0144414;-5.72558;
0.0144614;-5.72485;
0.0144814;-5.72412;
0.014501;-5.7234;
0.0145011;-5.7234;
0.0145013;-5.72339;
0.0145017;-5.72337;
0.014502;-5.72336;
0.0145021;-5.72336;
0.0145022;-5.72335;
0.0145026;-5.72334;
0.0145032;-5.72332;
0.0145045;-5.72327;
0.014507;-5.72318;
0.0145122;-5.72299;
0.0145224;-5.72261;
0.0145424;-5.72188;
0.0145624;-5.72115;
0.0145824;-5.72041;
0.0146024;-5.71967;
0.0146224;-5.71894;
0.0146424;-5.7182;
0.0146624;-5.71746;
0.0146824;-5.71672;
0.0147024;-5.71598;
0.0147224;-5.71524;
0.0147424;-5.7145;
0.0147624;-5.71375;
0.0147824;-5.71301;
0.0148024;-5.71226;
0.0148224;-5.71152;
0.0148424;-5.71077;
0.0148624;-5.71002;
0.0148824;-5.70927;
0.0149024;-5.70852;
0.0149224;-5.70777;
0.0149424;-5.70702;
0.0149624;-5.70627;
0.0149824;-5.70552;
0.015;-5.70485;
0.0150001;-5.70485;
0.0150003;-5.70484;
0.0150007;-5.70483;
0.015001;-5.70482;
0.0150011;-5.70481;
0.0150012;-5.70481;
0.0150016;-5.7048;
0.0150022;-5.70477;
0.0150035;-5.70472;
0.015006;-5.70463;
0.0150112;-5.70443;
0.0150214;-5.70405;
0.0150414;-5.70329;
0.0150614;-5.70254;
0.0150814;-5.70178;
0.0151014;-5.70102;
0.0151214;-5.70026;
0.0151414;-5.6995;
0.0151614;-5.69874;
0.0151814;-5.69798;
0.0152014;-5.69722;
0.0152214;-5.69645;
0.0152414;-5.69569;
0.0152614;-5.69492;
0.0152814;-5.69416;
0.0153014;-5.69339;
0.0153214;-5.69262;
0.0153414;-5.69185;
0.0153614;-5.69109;
0.0153814;-5.69032;
0.0154014;-5.68954;
0.0154214;-5.68877;
0.0154414;-5.688;
0.0154614;-5.68723;
0.0154814;-5.68645;
0.015501;-5.68569;
0.0155011;-5.68569;
0.0155013;-5.68568;
0.0155017;-5.68566;
0.015502;-5.68565;
0.0155021;-5.68565;
0.0155022;-5.68564;
0.0155026;-5.68563;
0.0155032;-5.68561;
0.0155045;-5.68556;
0.015507;-5.68546;
0.0155122;-5.68526;
0.0155224;-5.68486;
0.0155424;-5.68408;
0.0155624;-5.68331;
0.0155824;-5.68253;
0.0156024;-5.68175;
0.0156224;-5.68097;
0.0156424;-5.68018;
0.0156624;-5.6794;
0.0156824;-5.67862;
0.0157024;-5.67784;
0.0157224;-5.67705;
0.0157424;-5.67626;
0.0157624;-5.67548;
0.0157824;-5.67469;
0.0158024;-5.6739;
0.0158224;-5.67311;
0.0158424;-5.67232;
0.0158624;-5.67153;
0.0158824;-5.67074;
0.0159024;-5.66995;
0.0159224;-5.66916;
0.0159424;-5.66836;
0.0159624;-5.66757;
0.0159824;-5.66677;
0.016;-5.66607;
0.0160001;-5.66607;
0.0160003;-5.66606;
0.0160007;-5.66604;
0.016001;-5.66603;
0.0160011;-5.66603;
0.0160012;-5.66602;
0.0160016;-5.66601;
0.0160022;-5.66598;
0.0160035;-5.66593;
0.016006;-5.66583;
0.0160112;-5.66562;
0.0160214;-5.66522;
0.0160414;-5.66442;
0.0160614;-5.66362;
0.0160814;-5.66282;
0.0161014;-5.66202;
0.0161214;-5.66122;
0.0161414;-5.66041;
0.0161614;-5.65961;
0.0161814;-5.65881;
0.0162014;-5.658;
0.0162214;-5.6572;
0.0162414;-5.65639;
0.0162614;-5.65558;
0.0162814;-5.65477;
0.0163014;-5.65396;
0.0163214;-5.65315;
0.0163414;-5.65234;
0.0163614;-5.65153;
0.0163814;-5.65072;
0.0164014;-5.6499;
0.0164214;-5.64909;
0.0164414;-5.64828;
0.0164614;-5.64746;
0.0164814;-5.64664;
0.016501;-5.64584;
0.0165011;-5.64584;
0.0165013;-5.64583;
0.0165017;-5.64581;
0.016502;-5.6458;
0.0165021;-5.6458;
0.0165022;-5.64579;
0.0165026;-5.64578;
0.0165032;-5.64575;
0.0165045;-5.6457;
0.016507;-5.64559;
0.0165122;-5.64539;
0.0165224;-5.64497;
0.0165424;-5.64415;
0.0165624;-5.64333;
0.0165824;-5.64251;
0.0166024;-5.64168;
0.0166224;-5.64086;
0.0166424;-5.64004;
0.0166624;-5.63921;
0.0166824;-5.63839;
0.0167024;-5.63756;
0.0167224;-5.63674;
0.0167424;-5.63591;
0.0167624;-5.63508;
0.0167824;-5.63425;
0.0168024;-5.63342;
0.0168224;-5.63259;
0.0168424;-5.63176;
0.0168624;-5.63093;
0.0168824;-5.63009;
0.0169024;-5.62926;
0.0169224;-5.62843;
0.0169424;-5.62759;
0.0169624;-5.62675;
0.0169824;-5.62592;
0.017;-5.62518;
0.0170001;-5.62517;
0.0170003;-5.62517;
0.0170007;-5.62515;
0.017001;-5.62514;
0.0170011;-5.62513;
0.0170012;-5.62513;
0.0170016;-5.62511;
0.0170022;-5.62509;
0.0170035;-5.62503;
0.017006;-5.62493;
0.0170112;-5.62471;
0.0170214;-5.62428;
0.0170414;-5.62344;
0.0170614;-5.6226;
0.0170814;-5.62176;
0.0171014;-5.62092;
0.0171214;-5.62007;
0.0171414;-5.61923;
0.0171614;-5.61839;
0.0171814;-5.61754;
0.0172014;-5.61669;
0.0172214;-5.61585;
0.0172414;-5.615;
0.0172614;-5.61415;
0.0172814;-5.6133;
0.0173014;-5.61245;
0.0173214;-5.6116;
0.0173414;-5.61075;
0.0173614;-5.6099;
0.0173814;-5.60904;
0.0174014;-5.60819;
0.0174214;-5.60733;
0.0174414;-5.60648;
0.0174614;-5.60562;
0.0174814;-5.60476;
0.017501;-5.60392;
0.0175011;-5.60392;
0.0175013;-5.60391;
0.0175017;-5.60389;
0.017502;-5.60388;
0.0175021;-5.60388;
0.0175022;-5.60387;
0.0175026;-5.60386;
0.0175032;-5.60383;
0.0175045;-5.60377;
0.017507;-5.60366;
0.0175122;-5.60344;
0.0175224;-5.603;
0.0175424;-5.60214;
0.0175624;-5.60128;
0.0175824;-5.60042;
0.0176024;-5.59956;
0.0176224;-5.5987;
0.0176424;-5.59783;
0.0176624;-5.59697;
0.0176824;-5.5961;
0.0177024;-5.59524;
0.0177224;-5.59437;
0.0177424;-5.5935;
0.0177624;-5.59263;
0.0177824;-5.59176;
0.0178024;-5.59089;
0.0178224;-5.59002;
0.0178424;-5.58915;
0.0178624;-5.58828;
0.0178824;-5.5874;
0.0179024;-5.58653;
0.0179224;-5.58565;
0.0179424;-5.58478;
0.0179624;-5.5839;
0.0179824;-5.58302;
0.018;-5.58225;
0.0180001;-5.58225;
0.0180003;-5.58224;
0.0180007;-5.58222;
0.018001;-5.58221;
0.0180011;-5.5822;
0.0180012;-5.5822;
0.0180016;-5.58218;
0.0180022;-5.58216;
0.0180035;-5.5821;
0.018006;-5.58199;
0.0180112;-5.58176;
0.0180214;-5.58131;
0.0180414;-5.58043;
0.0180614;-5.57955;
0.0180814;-5.57867;
0.0181014;-5.57779;
0.0181214;-5.57691;
0.0181414;-5.57602;
0.0181614;-5.57514;
0.0181814;-5.57425;
0.0182014;-5.57337;
0.0182214;-5.57248;
0.0182414;-5.57159;
0.0182614;-5.5707;
0.0182814;-5.56982;
0.0183014;-5.56893;
0.0183214;-5.56803;
0.0183414;-5.56714;
0.0183614;-5.56625;
0.0183814;-5.56536;
0.0184014;-5.56446;
0.0184214;-5.56357;
0.0184414;-5.56267;
0.0184614;-5.56178;
0.0184814;-5.56088;
0.018501;-5.56;
0.0185011;-5.56;
0.0185013;-5.55999;
0.0185017;-5.55997;
0.018502;-5.55996;
0.0185021;-5.55995;
0.0185022;-5.55995;
0.0185026;-5.55993;
0.0185032;-5.5599;
0.0185045;-5.55985;
0.018507;-5.55973;
0.0185122;-5.5595;
0.0185224;-5.55904;
0.0185424;-5.55814;
0.0185624;-5.55724;
0.0185824;-5.55634;
0.0186024;-5.55544;
0.0186224;-5.55454;
0.0186424;-5.55363;
0.0186624;-5.55273;
0.0186824;-5.55183;
0.0187024;-5.55092;
0.0187224;-5.55001;
0.0187424;-5.54911;
0.0187624;-5.5482;
0.0187824;-5.54729;
0.0188024;-5.54638;
0.0188224;-5.54547;
0.0188424;-5.54456;
0.0188624;-5.54365;
0.0188824;-5.54274;
0.0189024;-5.54183;
0.0189224;-5.54091;
0.0189424;-5.54;
0.0189624;-5.53908;
0.0189824;-5.53817;
0.019;-5.53736;
0.0190001;-5.53735;
0.0190003;-5.53735;
0.0190007;-5.53733;
0.019001;-5.53731;
0.0190011;-5.53731;
0.0190012;-5.5373;
0.0190016;-5.53729;
0.0190022;-5.53726;
0.0190035;-5.5372;
0.019006;-5.53708;
0.0190112;-5.53685;
0.0190214;-5.53638;
0.0190414;-5.53546;
0.0190614;-5.53454;
0.0190814;-5.53362;
0.0191014;-5.5327;
0.0191214;-5.53178;
0.0191414;-5.53086;
0.0191614;-5.52993;
0.0191814;-5.52901;
0.0192014;-5.52809;
0.0192214;-5.52716;
0.0192414;-5.52623;
0.0192614;-5.52531;
0.0192814;-5.52438;
0.0193014;-5.52345;
0.0193214;-5.52252;
0.0193414;-5.52159;
0.0193614;-5.52066;
0.0193814;-5.51973;
0.0194014;-5.5188;
0.0194214;-5.51787;
0.0194414;-5.51694;
0.0194614;-5.516;
0.0194814;-5.51507;
0.019501;-5.51415;
0.0195011;-5.51414;
0.0195013;-5.51414;
0.0195017;-5.51412;
0.019502;-5.5141;
0.0195021;-5.5141;
0.0195022;-5.51409;
0.0195026;-5.51408;
0.0195032;-5.51405;
0.0195045;-5.51399;
0.019507;-5.51387;
0.0195122;-5.51363;
0.0195224;-5.51315;
0.0195424;-5.51221;
0.0195624;-5.51127;
0.0195824;-5.51033;
0.0196024;-5.50939;
0.0196224;-5.50845;
0.0196424;-5.50751;
0.0196624;-5.50657;
0.0196824;-5.50563;
0.0197024;-5.50469;
0.0197224;-5.50374;
0.0197424;-5.5028;
0.0197624;-5.50185;
0.0197824;-5.50091;
0.0198024;-5.49996;
0.0198224;-5.49901;
0.0198424;-5.49806;
0.0198624;-5.49712;
0.0198824;-5.49617;
0.0199024;-5.49522;
0.0199224;-5.49426;
0.0199424;-5.49331;
0.0199624;-5.49236;
0.0199824;-5.49141;
0.02;-5.49057;
0.0200001;-5.49056;
0.0200003;-5.49055;
0.0200007;-5.49053;
0.020001;-5.49052;
0.0200011;-5.49051;
0.0200012;-5.49051;
0.0200016;-5.49049;
0.0200022;-5.49046;
0.0200035;-5.4904;
0.020006;-5.49028;
0.0200112;-5.49003;
0.0200214;-5.48954;
0.0200414;-5.48859;
0.0200614;-5.48763;
0.0200814;-5.48668;
0.0201014;-5.48572;
0.0201214;-5.48476;
0.0201414;-5.4838;
0.0201614;-5.48284;
0.0201814;-5.48188;
0.0202014;-5.48092;
0.0202214;-5.47996;
0.0202414;-5.47899;
0.0202614;-5.47803;
0.0202814;-5.47707;
0.0203014;-5.4761;
0.0203214;-5.47513;
0.0203414;-5.47417;
0.0203614;-5.4732;
0.0203814;-5.47223;
0.0204014;-5.47126;
0.0204214;-5.47029;
0.0204414;-5.46932;
0.0204614;-5.46835;
0.0204814;-5.46738;
0.020501;-5.46643;
0.0205011;-5.46642;
0.0205013;-5.46642;
0.0205017;-5.4664;
0.020502;-5.46638;
0.0205021;-5.46638;
0.0205022;-5.46637;
0.0205026;-5.46635;
0.0205032;-5.46632;
0.0205045;-5.46626;
0.020507;-5.46614;
0.0205122;-5.46589;
0.0205224;-5.46539;
0.0205424;-5.46441;
0.0205624;-5.46344;
0.0205824;-5.46247;
0.0206024;-5.46149;
0.0206224;-5.46051;
0.0206424;-5.45954;
0.0206624;-5.45856;
0.0206824;-5.45758;
0.0207024;-5.4566;
0.0207224;-5.45562;
0.0207424;-5.45464;
0.0207624;-5.45366;
0.0207824;-5.45267;
0.0208024;-5.45169;
0.0208224;-5.45071;
0.0208424;-5.44972;
0.0208624;-5.44874;
0.0208824;-5.44775;
0.0209024;-5.44676;
0.0209224;-5.44578;
0.0209424;-5.44479;
0.0209624;-5.4438;
0.0209824;-5.44281;
0.021;-5.44194;
0.0210001;-5.44193;
0.0210003;-5.44192;
0.0210007;-5.4419;
0.021001;-5.44189;
0.0210011;-5.44189;
0.0210012;-5.44188;
0.0210016;-5.44186;
0.0210022;-5.44183;
0.0210035;-5.44177;
0.021006;-5.44164;
0.0210112;-5.44139;
0.0210214;-5.44088;
0.0210414;-5.43989;
0.0210614;-5.4389;
0.0210814;-5.4379;
0.0211014;-5.43691;
0.0211214;-5.43591;
0.0211414;-5.43492;
0.0211614;-5.43392;
0.0211814;-5.43293;
0.0212014;-5.43193;
0.0212214;-5.43093;
0.0212414;-5.42993;
0.0212614;-5.42893;
0.0212814;-5.42793;
0.0213014;-5.42693;
0.0213214;-5.42593;
0.0213414;-5.42493;
0.0213614;-5.42393;
0.0213814;-5.42292;
0.0214014;-5.42192;
0.0214214;-5.42091;
0.0214414;-5.41991;
0.0214614;-5.4189;
0.0214814;-5.4179;
0.021501;-5.41691;
0.0215011;-5.4169;
0.0215013;-5.41689;
0.0215017;-5.41687;
0.021502;-5.41686;
0.0215021;-5.41685;
0.0215022;-5.41685;
0.0215026;-5.41683;
0.0215032;-5.4168;
0.0215045;-5.41673;
0.021507;-5.4166;
0.0215122;-5.41634;
0.0215224;-5.41583;
0.0215424;-5.41482;
0.0215624;-5.41381;
0.0215824;-5.4128;
0.0216024;-5.41179;
0.0216224;-5.41078;
0.0216424;-5.40976;
0.0216624;-5.40875;
0.0216824;-5.40774;
0.0217024;-5.40672;
0.0217224;-5.40571;
0.0217424;-5.40469;
0.0217624;-5.40367;
0.0217824;-5.40266;
0.0218024;-5.40164;
0.0218224;-5.40062;
0.0218424;-5.3996;
0.0218624;-5.39858;
0.0218824;-5.39756;
0.0219024;-5.39654;
0.0219224;-5.39551;
0.0219424;-5.39449;
0.0219624;-5.39347;
0.0219824;-5.39244;
0.022;-5.39154;
0.0220001;-5.39154;
0.0220003;-5.39153;
0.0220007;-5.39151;
0.022001;-5.39149;
0.0220011;-5.39149;
0.0220012;-5.39148;
0.0220016;-5.39146;
0.0220022;-5.39143;
0.0220035;-5.39136;
0.022006;-5.39123;
0.0220112;-5.39097;
0.0220214;-5.39044;
0.0220414;-5.38942;
0.0220614;-5.38839;
0.0220814;-5.38736;
0.0221014;-5.38633;
0.0221214;-5.38531;
0.0221414;-5.38428;
0.0221614;-5.38325;
0.0221814;-5.38221;
0.0222014;-5.38118;
0.0222214;-5.38015;
0.0222414;-5.37912;
0.0222614;-5.37808;
0.0222814;-5.37705;
0.0223014;-5.37601;
0.0223214;-5.37498;
0.0223414;-5.37394;
0.0223614;-5.3729;
0.0223814;-5.37187;
0.0224014;-5.37083;
0.0224214;-5.36979;
0.0224414;-5.36875;
0.0224614;-5.36771;
0.0224814;-5.36667;
0.022501;-5.36565;
0.0225011;-5.36564;
0.0225013;-5.36563;
0.0225017;-5.36561;
0.022502;-5.36559;
0.0225021;-5.36559;
0.0225022;-5.36558;
0.0225026;-5.36556;
0.0225032;-5.36553;
0.0225045;-5.36546;
0.022507;-5.36533;
0.0225122;-5.36506;
0.0225224;-5.36453;
0.0225424;-5.36349;
0.0225624;-5.36244;
0.0225824;-5.3614;
0.0226024;-5.36035;
0.0226224;-5.35931;
0.0226424;-5.35826;
0.0226624;-5.35721;
0.0226824;-5.35617;
0.0227024;-5.35512;
0.0227224;-5.35407;
0.0227424;-5.35302;
0.0227624;-5.35197;
0.0227824;-5.35092;
0.0228024;-5.34986;
0.0228224;-5.34881;
0.0228424;-5.34776;
0.0228624;-5.3467;
0.0228824;-5.34565;
0.0229024;-5.34459;
0.0229224;-5.34354;
0.0229424;-5.34248;
0.0229624;-5.34143;
0.0229824;-5.34037;
0.023;-5.33944;
0.0230001;-5.33943;
0.0230003;-5.33942;
0.0230007;-5.3394;
0.023001;-5.33938;
0.0230011;-5.33938;
0.0230012;-5.33937;
0.0230016;-5.33935;
0.0230022;-5.33932;
0.0230035;-5.33925;
0.023006;-5.33912;
0.0230112;-5.33884;
0.0230214;-5.3383;
0.0230414;-5.33724;
0.0230614;-5.33618;
0.0230814;-5.33512;
0.0231014;-5.33406;
0.0231214;-5.333;
0.0231414;-5.33193;
0.0231614;-5.33087;
0.0231814;-5.32981;
0.0232014;-5.32874;
0.0232214;-5.32767;
0.0232414;-5.32661;
0.0232614;-5.32554;
0.0232814;-5.32447;
0.0233014;-5.32341;
0.0233214;-5.32234;
0.0233414;-5.32127;
0.0233614;-5.3202;
0.0233814;-5.31913;
0.0234014;-5.31805;
0.0234214;-5.31698;
0.0234414;-5.31591;
0.0234614;-5.31483;
0.0234814;-5.31376;
0.023501;-5.31271;
0.0235011;-5.3127;
0.0235013;-5.31269;
0.0235017;-5.31267;
0.023502;-5.31265;
0.0235021;-5.31265;
0.0235022;-5.31264;
0.0235026;-5.31262;
0.0235032;-5.31259;
0.0235045;-5.31252;
0.023507;-5.31238;
0.0235122;-5.31211;
0.0235224;-5.31156;
0.0235424;-5.31048;
0.0235624;-5.3094;
0.0235824;-5.30833;
0.0236024;-5.30725;
0.0236224;-5.30617;
0.0236424;-5.30509;
0.0236624;-5.30401;
0.0236824;-5.30293;
0.0237024;-5.30185;
0.0237224;-5.30077;
0.0237424;-5.29968;
0.0237624;-5.2986;
0.0237824;-5.29752;
0.0238024;-5.29643;
0.0238224;-5.29535;
0.0238424;-5.29426;
0.0238624;-5.29317;
0.0238824;-5.29209;
0.0239024;-5.291;
0.0239224;-5.28991;
0.0239424;-5.28882;
0.0239624;-5.28773;
0.0239824;-5.28664;
0.024;-5.28568;
0.0240001;-5.28568;
0.0240003;-5.28567;
0.0240007;-5.28564;
0.024001;-5.28563;
0.0240011;-5.28562;
0.0240012;-5.28561;
0.0240016;-5.2856;
0.0240022;-5.28556;
0.0240035;-5.28549;
0.024006;-5.28535;
0.0240112;-5.28507;
0.0240214;-5.28451;
0.0240414;-5.28342;
0.0240614;-5.28233;
0.0240814;-5.28124;
0.0241014;-5.28014;
0.0241214;-5.27905;
0.0241414;-5.27795;
0.0241614;-5.27686;
0.0241814;-5.27576;
0.0242014;-5.27466;
0.0242214;-5.27356;
0.0242414;-5.27247;
0.0242614;-5.27137;
0.0242814;-5.27027;
0.0243014;-5.26917;
0.0243214;-5.26807;
0.0243414;-5.26696;
0.0243614;-5.26586;
0.0243814;-5.26476;
0.0244014;-5.26366;
0.0244214;-5.26255;
0.0244414;-5.26145;
0.0244614;-5.26034;
0.0244814;-5.25924;
0.024501;-5.25815;
0.0245011;-5.25815;
0.0245013;-5.25813;
0.0245017;-5.25811;
0.024502;-5.2581;
0.0245021;-5.25809;
0.0245022;-5.25808;
0.0245026;-5.25806;
0.0245032;-5.25803;
0.0245045;-5.25796;
0.024507;-5.25782;
0.0245122;-5.25753;
0.0245224;-5.25697;
0.0245424;-5.25586;
0.0245624;-5.25475;
0.0245824;-5.25364;
0.0246024;-5.25253;
0.0246224;-5.25142;
0.0246424;-5.25031;
0.0246624;-5.2492;
0.0246824;-5.24809;
0.0247024;-5.24697;
0.0247224;-5.24586;
0.0247424;-5.24474;
0.0247624;-5.24363;
0.0247824;-5.24251;
0.0248024;-5.2414;
0.0248224;-5.24028;
0.0248424;-5.23917;
0.0248624;-5.23805;
0.0248824;-5.23693;
0.0249024;-5.23581;
0.0249224;-5.23469;
0.0249424;-5.23357;
0.0249624;-5.23245;
0.0249824;-5.23133;
0.025;-5.23034;
0.0250001;-5.23033;
0.0250003;-5.23032;
0.0250007;-5.2303;
0.025001;-5.23028;
0.0250011;-5.23028;
0.0250012;-5.23027;
0.0250016;-5.23025;
0.0250022;-5.23022;
0.0250035;-5.23014;
0.025006;-5.23;
0.0250112;-5.22971;
0.0250214;-5.22914;
0.0250414;-5.22802;
0.0250614;-5.22689;
0.0250814;-5.22577;
0.0251014;-5.22464;
0.0251214;-5.22352;
0.0251414;-5.22239;
0.0251614;-5.22126;
0.0251814;-5.22014;
0.0252014;-5.21901;
0.0252214;-5.21788;
0.0252414;-5.21675;
0.0252614;-5.21562;
0.0252814;-5.21449;
0.0253014;-5.21336;
0.0253214;-5.21223;
0.0253414;-5.21109;
0.0253614;-5.20996;
0.0253814;-5.20883;
0.0254014;-5.20769;
0.0254214;-5.20656;
0.0254414;-5.20542;
0.0254614;-5.20429;
0.0254814;-5.20315;
0.025501;-5.20203;
0.0255011;-5.20203;
0.0255013;-5.20202;
0.0255017;-5.202;
0.025502;-5.20198;
0.0255021;-5.20197;
0.0255022;-5.20196;
0.0255026;-5.20195;
0.0255032;-5.20191;
0.0255045;-5.20184;
0.025507;-5.20169;
0.0255122;-5.2014;
0.0255224;-5.20082;
0.0255424;-5.19968;
0.0255624;-5.19854;
0.0255824;-5.1974;
0.0256024;-5.19626;
0.0256224;-5.19512;
0.0256424;-5.19398;
0.0256624;-5.19284;
0.0256824;-5.19169;
0.0257024;-5.19055;
0.0257224;-5.18941;
0.0257424;-5.18826;
0.0257624;-5.18712;
0.0257824;-5.18597;
0.0258024;-5.18482;
0.0258224;-5.18368;
0.0258424;-5.18253;
0.0258624;-5.18138;
0.0258824;-5.18023;
0.0259024;-5.17908;
0.0259224;-5.17793;
0.0259424;-5.17678;
0.0259624;-5.17563;
0.0259824;-5.17448;
0.026;-5.17347;
0.0260001;-5.17346;
0.0260003;-5.17345;
0.0260007;-5.17343;
0.026001;-5.17341;
0.0260011;-5.17341;
0.0260012;-5.1734;
0.0260016;-5.17338;
0.0260022;-5.17334;
0.0260035;-5.17327;
0.026006;-5.17312;
0.0260112;-5.17282;
0.0260214;-5.17223;
0.0260414;-5.17108;
0.0260614;-5.16993;
0.0260814;-5.16877;
0.0261014;-5.16762;
0.0261214;-5.16646;
0.0261414;-5.16531;
0.0261614;-5.16415;
0.0261814;-5.16299;
0.0262014;-5.16183;
0.0262214;-5.16067;
0.0262414;-5.15952;
0.0262614;-5.15836;
0.0262814;-5.1572;
0.0263014;-5.15603;
0.0263214;-5.15487;
0.0263414;-5.15371;
0.0263614;-5.15255;
0.0263814;-5.15139;
0.0264014;-5.15022;
0.0264214;-5.14906;
0.0264414;-5.14789;
0.0264614;-5.14673;
0.0264814;-5.14556;
0.026501;-5.14442;
0.0265011;-5.14441;
0.0265013;-5.1444;
0.0265017;-5.14438;
0.026502;-5.14436;
0.0265021;-5.14435;
0.0265022;-5.14434;
0.0265026;-5.14433;
0.0265032;-5.14429;
0.0265045;-5.14421;
0.026507;-5.14406;
0.0265119;-5.14378;
0.0265218;-5.14321;
0.0265414;-5.14206;
0.0265614;-5.14089;
0.0265814;-5.13972;
0.0266014;-5.13855;
0.0266214;-5.13738;
0.0266414;-5.13621;
0.0266614;-5.13504;
0.0266814;-5.13387;
0.0267014;-5.1327;
0.0267214;-5.13152;
0.0267414;-5.13035;
0.0267614;-5.12918;
0.0267814;-5.128;
0.0268014;-5.12683;
0.0268214;-5.12565;
0.0268414;-5.12447;
0.0268614;-5.1233;
0.0268814;-5.12212;
0.0269014;-5.12094;
0.0269214;-5.11976;
0.0269414;-5.11858;
0.0269614;-5.1174;
0.0269814;-5.11622;
0.027;-5.11512;
0.0270001;-5.11512;
0.0270003;-5.1151;
0.0270007;-5.11508;
0.027001;-5.11506;
0.0270011;-5.11506;
0.0270012;-5.11505;
0.0270016;-5.11503;
0.0270022;-5.11499;
0.0270035;-5.11492;
0.027006;-5.11476;
0.0270112;-5.11446;
0.0270214;-5.11386;
0.0270414;-5.11267;
0.0270614;-5.11149;
0.0270814;-5.11031;
0.0271014;-5.10912;
0.0271214;-5.10794;
0.0271414;-5.10676;
0.0271614;-5.10557;
0.0271814;-5.10438;
0.0272014;-5.1032;
0.0272214;-5.10201;
0.0272414;-5.10082;
0.0272614;-5.09963;
0.0272814;-5.09844;
0.0273014;-5.09726;
0.0273214;-5.09606;
0.0273414;-5.09487;
0.0273614;-5.09368;
0.0273814;-5.09249;
0.0274014;-5.0913;
0.0274214;-5.09011;
0.0274414;-5.08891;
0.0274614;-5.08772;
0.0274814;-5.08652;
0.027501;-5.08535;
0.0275011;-5.08535;
0.0275013;-5.08534;
0.0275017;-5.08531;
0.027502;-5.08529;
0.0275021;-5.08529;
0.0275022;-5.08528;
0.0275026;-5.08526;
0.0275032;-5.08522;
0.0275045;-5.08514;
0.027507;-5.08499;
0.0275122;-5.08469;
0.0275224;-5.08407;
0.0275424;-5.08288;
0.0275624;-5.08168;
0.0275824;-5.08048;
0.0276024;-5.07929;
0.0276224;-5.07809;
0.0276424;-5.07689;
0.0276624;-5.07569;
0.0276824;-5.07449;
0.0277024;-5.07329;
0.0277224;-5.07209;
0.0277424;-5.07088;
0.0277624;-5.06968;
0.0277824;-5.06848;
0.0278024;-5.06728;
0.0278224;-5.06607;
0.0278424;-5.06487;
0.0278624;-5.06366;
0.0278824;-5.06246;
0.0279024;-5.06125;
0.0279224;-5.06004;
0.0279424;-5.05884;
0.0279624;-5.05763;
0.0279824;-5.05642;
0.028;-5.05536;
0.0280001;-5.05535;
0.0280003;-5.05534;
0.0280007;-5.05531;
0.028001;-5.0553;
0.0280011;-5.05529;
0.0280012;-5.05528;
0.0280016;-5.05526;
0.0280022;-5.05522;
0.0280035;-5.05515;
0.028006;-5.05499;
0.0280112;-5.05468;
0.0280214;-5.05406;
0.0280414;-5.05285;
0.0280614;-5.05164;
0.0280814;-5.05043;
0.0281014;-5.04922;
0.0281214;-5.04801;
0.0281414;-5.04679;
0.0281614;-5.04558;
0.0281814;-5.04437;
0.0282014;-5.04315;
0.0282214;-5.04194;
0.0282414;-5.04072;
0.0282614;-5.03951;
0.0282814;-5.03829;
0.0283014;-5.03707;
0.0283214;-5.03586;
0.0283414;-5.03464;
0.0283614;-5.03342;
0.0283814;-5.0322;
0.0284014;-5.03098;
0.0284214;-5.02976;
0.0284414;-5.02854;
0.0284614;-5.02732;
0.0284814;-5.0261;
0.028501;-5.0249;
0.0285011;-5.02489;
0.0285013;-5.02488;
0.0285017;-5.02485;
0.028502;-5.02484;
0.0285021;-5.02483;
0.0285022;-5.02482;
0.0285026;-5.0248;
0.0285032;-5.02476;
0.0285045;-5.02468;
0.028507;-5.02453;
0.0285122;-5.02421;
0.0285224;-5.02359;
0.0285424;-5.02236;
0.0285624;-5.02114;
0.0285824;-5.01992;
0.0286024;-5.01869;
0.0286224;-5.01747;
0.0286424;-5.01624;
0.0286624;-5.01501;
0.0286824;-5.01379;
0.0287024;-5.01256;
0.0287224;-5.01133;
0.0287424;-5.0101;
0.0287624;-5.00887;
0.0287824;-5.00764;
0.0288024;-5.00641;
0.0288224;-5.00518;
0.0288424;-5.00395;
0.0288624;-5.00272;
0.0288824;-5.00148;
0.0289024;-5.00025;
0.0289224;-4.99902;
0.0289424;-4.99778;
0.0289624;-4.99655;
0.0289824;-4.99531;
0.029;-4.99423;
0.0290001;-4.99422;
0.0290003;-4.99421;
0.0290007;-4.99418;
0.029001;-4.99416;
0.0290011;-4.99416;
0.0290012;-4.99415;
0.0290016;-4.99413;
0.0290022;-4.99409;
0.0290035;-4.99401;
0.029006;-4.99385;
0.0290112;-4.99354;
0.0290214;-4.9929;
0.0290414;-4.99167;
0.0290614;-4.99043;
0.0290814;-4.98919;
0.0291014;-4.98795;
0.0291214;-4.98671;
0.0291414;-4.98547;
0.0291614;-4.98423;
0.0291814;-4.98299;
0.0292014;-4.98175;
0.0292214;-4.98051;
0.0292414;-4.97927;
0.0292614;-4.97803;
0.0292814;-4.97678;
0.0293014;-4.97554;
0.0293214;-4.9743;
0.0293414;-4.97305;
0.0293614;-4.97181;
0.0293814;-4.97056;
0.0294014;-4.96932;
0.0294214;-4.96807;
0.0294414;-4.96682;
0.0294614;-4.96557;
0.0294814;-4.96433;
0.029501;-4.9631;
0.0295011;-4.9631;
0.0295013;-4.96308;
0.0295017;-4.96306;
0.029502;-4.96304;
0.0295021;-4.96303;
0.0295022;-4.96302;
0.0295026;-4.963;
0.0295032;-4.96296;
0.0295045;-4.96288;
0.029507;-4.96273;
0.0295122;-4.96241;
0.0295224;-4.96177;
0.0295424;-4.96052;
0.0295624;-4.95927;
0.0295824;-4.95801;
0.0296024;-4.95676;
0.0296224;-4.95551;
0.0296424;-4.95426;
0.0296624;-4.95301;
0.0296824;-4.95175;
0.0297024;-4.9505;
0.0297224;-4.94925;
0.0297424;-4.94799;
0.0297624;-4.94673;
0.0297824;-4.94548;
0.0298024;-4.94422;
0.0298224;-4.94297;
0.0298424;-4.94171;
0.0298624;-4.94045;
0.0298824;-4.93919;
0.0299024;-4.93793;
0.0299224;-4.93667;
0.0299424;-4.93541;
0.0299624;-4.93415;
0.0299824;-4.93289;
0.03;-4.93178;
0.0300001;-4.93178;
0.0300003;-4.93176;
0.0300007;-4.93174;
0.030001;-4.93172;
0.0300011;-4.93171;
0.0300012;-4.9317;
0.0300016;-4.93168;
0.0300022;-4.93164;
0.0300035;-4.93156;
0.030006;-4.9314;
0.0300112;-4.93108;
0.0300214;-4.93043;
0.0300414;-4.92917;
0.0300614;-4.92791;
0.0300814;-4.92664;
0.0301014;-4.92538;
0.0301214;-4.92411;
0.0301414;-4.92285;
0.0301614;-4.92158;
0.0301814;-4.92032;
0.0302014;-4.91905;
0.0302214;-4.91778;
0.0302414;-4.91652;
0.0302614;-4.91525;
0.0302814;-4.91398;
0.0303014;-4.91271;
0.0303214;-4.91144;
0.0303414;-4.91017;
0.0303614;-4.9089;
0.0303814;-4.90763;
0.0304014;-4.90636;
0.0304214;-4.90509;
0.0304414;-4.90382;
0.0304614;-4.90254;
0.0304814;-4.90127;
0.030501;-4.90002;
0.0305011;-4.90001;
0.0305013;-4.9;
0.0305017;-4.89998;
0.030502;-4.89996;
0.0305021;-4.89995;
0.0305022;-4.89994;
0.0305026;-4.89992;
0.0305032;-4.89988;
0.0305045;-4.8998;
0.030507;-4.89964;
0.0305122;-4.89931;
0.0305224;-4.89866;
0.0305424;-4.89738;
0.0305624;-4.89611;
0.0305824;-4.89483;
0.0306024;-4.89355;
0.0306224;-4.89228;
0.0306424;-4.891;
0.0306624;-4.88972;
0.0306824;-4.88844;
0.0307024;-4.88716;
0.0307224;-4.88589;
0.0307424;-4.88461;
0.0307624;-4.88332;
0.0307824;-4.88204;
0.0308024;-4.88076;
0.0308224;-4.87948;
0.0308424;-4.8782;
0.0308624;-4.87692;
0.0308824;-4.87563;
0.0309024;-4.87435;
0.0309224;-4.87306;
0.0309424;-4.87178;
0.0309624;-4.87049;
0.0309824;-4.86921;
0.031;-4.86808;
0.0310001;-4.86807;
0.0310003;-4.86806;
0.0310007;-4.86803;
0.031001;-4.86801;
0.0310011;-4.86801;
0.0310012;-4.868;
0.0310016;-4.86798;
0.0310022;-4.86794;
0.0310035;-4.86785;
0.031006;-4.86769;
0.0310112;-4.86736;
0.0310214;-4.8667;
0.0310414;-4.86541;
0.0310614;-4.86413;
0.0310814;-4.86284;
0.0311014;-4.86155;
0.0311214;-4.86026;
0.0311414;-4.85897;
0.0311614;-4.85768;
0.0311814;-4.85639;
0.0312014;-4.8551;
0.0312214;-4.85381;
0.0312414;-4.85252;
0.0312614;-4.85122;
0.0312814;-4.84993;
0.0313014;-4.84864;
0.0313214;-4.84734;
0.0313414;-4.84605;
0.0313614;-4.84475;
0.0313814;-4.84346;
0.0314014;-4.84216;
0.0314214;-4.84087;
0.0314414;-4.83957;
0.0314614;-4.83827;
0.0314814;-4.83697;
0.031501;-4.8357;
0.0315011;-4.8357;
0.0315013;-4.83568;
0.0315017;-4.83566;
0.031502;-4.83564;
0.0315021;-4.83563;
0.0315022;-4.83562;
0.0315026;-4.8356;
0.0315032;-4.83556;
0.0315045;-4.83548;
0.031507;-4.83531;
0.0315122;-4.83498;
0.0315224;-4.83431;
0.0315424;-4.83301;
0.0315624;-4.83171;
0.0315824;-4.83041;
0.0316024;-4.82911;
0.0316224;-4.82781;
0.0316424;-4.82651;
0.0316624;-4.82521;
0.0316824;-4.82391;
0.0317024;-4.8226;
0.0317224;-4.8213;
0.0317424;-4.82;
0.0317624;-4.81869;
0.0317824;-4.81739;
0.0318024;-4.81608;
0.0318224;-4.81478;
0.0318424;-4.81347;
0.0318624;-4.81216;
0.0318824;-4.81086;
0.0319024;-4.80955;
0.0319224;-4.80824;
0.0319424;-4.80693;
0.0319624;-4.80562;
0.0319824;-4.80431;
0.032;-4.80316;
0.0320001;-4.80315;
0.0320003;-4.80314;
0.0320007;-4.80311;
0.032001;-4.80309;
0.0320011;-4.80309;
0.0320012;-4.80308;
0.0320016;-4.80306;
0.0320022;-4.80302;
0.0320035;-4.80293;
0.032006;-4.80276;
0.0320112;-4.80243;
0.0320214;-4.80176;
0.0320414;-4.80045;
0.0320614;-4.79914;
0.0320814;-4.79782;
0.0321014;-4.79651;
0.0321214;-4.7952;
0.0321414;-4.79389;
0.0321614;-4.79257;
0.0321814;-4.79126;
0.0322014;-4.78994;
0.0322214;-4.78863;
0.0322414;-4.78731;
0.0322614;-4.786;
0.0322814;-4.78468;
0.0323014;-4.78336;
0.0323214;-4.78205;
0.0323414;-4.78073;
0.0323614;-4.77941;
0.0323814;-4.77809;
0.0324014;-4.77677;
0.0324214;-4.77545;
0.0324414;-4.77413;
0.0324614;-4.77281;
0.0324814;-4.77149;
0.032501;-4.7702;
0.0325011;-4.77019;
0.0325013;-4.77018;
0.0325017;-4.77015;
0.032502;-4.77013;
0.0325021;-4.77012;
0.0325022;-4.77011;
0.0325026;-4.77009;
0.0325032;-4.77005;
0.0325045;-4.76997;
0.032507;-4.7698;
0.0325122;-4.76946;
0.0325224;-4.76878;
0.0325424;-4.76746;
0.0325624;-4.76614;
0.0325824;-4.76481;
0.0326024;-4.76349;
0.0326224;-4.76217;
0.0326424;-4.76084;
0.0326624;-4.75952;
0.0326824;-4.75819;
0.0327024;-4.75686;
0.0327224;-4.75554;
0.0327424;-4.75421;
0.0327624;-4.75288;
0.0327824;-4.75156;
0.0328024;-4.75023;
0.0328224;-4.7489;
0.0328424;-4.74757;
0.0328624;-4.74624;
0.0328824;-4.74491;
0.0329024;-4.74358;
0.0329224;-4.74225;
0.0329424;-4.74092;
0.0329624;-4.73958;
0.0329824;-4.73825;
0.033;-4.73708;
0.0330001;-4.73707;
0.0330003;-4.73706;
0.0330007;-4.73703;
0.033001;-4.73701;
0.0330011;-4.73701;
0.0330012;-4.737;
0.0330016;-4.73698;
0.0330022;-4.73693;
0.0330035;-4.73685;
0.033006;-4.73668;
0.0330112;-4.73634;
0.0330214;-4.73565;
0.0330414;-4.73432;
0.0330614;-4.73299;
0.0330814;-4.73165;
0.0331014;-4.73032;
0.0331214;-4.72898;
0.0331414;-4.72764;
0.0331614;-4.72631;
0.0331814;-4.72497;
0.0332014;-4.72363;
0.0332214;-4.7223;
0.0332414;-4.72096;
0.0332614;-4.71962;
0.0332814;-4.71828;
0.0333014;-4.71694;
0.0333214;-4.7156;
0.0333414;-4.71426;
0.0333614;-4.71292;
0.0333814;-4.71158;
0.0334014;-4.71024;
0.0334214;-4.7089;
0.0334414;-4.70755;
0.0334614;-4.70621;
0.0334814;-4.70487;
0.033501;-4.70355;
0.0335011;-4.70354;
0.0335013;-4.70353;
0.0335017;-4.7035;
0.033502;-4.70348;
0.0335021;-4.70348;
0.0335022;-4.70347;
0.0335026;-4.70345;
0.0335032;-4.7034;
0.0335045;-4.70332;
0.033507;-4.70315;
0.0335122;-4.7028;
0.0335224;-4.70211;
0.0335424;-4.70077;
0.0335624;-4.69942;
0.0335824;-4.69808;
0.0336024;-4.69673;
0.0336224;-4.69538;
0.0336424;-4.69404;
0.0336624;-4.69269;
0.0336824;-4.69134;
0.0337024;-4.68999;
0.0337224;-4.68865;
0.0337424;-4.6873;
0.0337624;-4.68595;
0.0337824;-4.6846;
0.0338024;-4.68325;
0.0338224;-4.6819;
0.0338424;-4.68055;
0.0338624;-4.67919;
0.0338824;-4.67784;
0.0339024;-4.67649;
0.0339224;-4.67514;
0.0339424;-4.67378;
0.0339624;-4.67243;
0.0339824;-4.67108;
0.034;-4.66988;
0.0340001;-4.66988;
0.0340003;-4.66986;
0.0340007;-4.66984;
0.034001;-4.66982;
0.0340011;-4.66981;
0.0340012;-4.6698;
0.0340016;-4.66978;
0.0340022;-4.66973;
0.0340035;-4.66965;
0.034006;-4.66947;
0.0340112;-4.66913;
0.0340214;-4.66843;
0.0340414;-4.66708;
0.0340614;-4.66572;
0.0340814;-4.66437;
0.0341014;-4.66301;
0.0341214;-4.66165;
0.0341414;-4.66029;
0.0341614;-4.65894;
0.0341814;-4.65758;
0.0342014;-4.65622;
0.0342214;-4.65486;
0.0342414;-4.6535;
0.0342614;-4.65214;
0.0342814;-4.65078;
0.0343014;-4.64942;
0.0343214;-4.64806;
0.0343414;-4.6467;
0.0343614;-4.64533;
0.0343814;-4.64397;
0.0344014;-4.64261;
0.0344214;-4.64124;
0.0344414;-4.63988;
0.0344614;-4.63852;
0.0344814;-4.63715;
0.034501;-4.63581;
0.0345011;-4.63581;
0.0345013;-4.63579;
0.0345017;-4.63577;
0.034502;-4.63574;
0.0345021;-4.63574;
0.0345022;-4.63573;
0.0345026;-4.63571;
0.0345032;-4.63566;
0.0345045;-4.63558;
0.034507;-4.6354;
0.0345122;-4.63505;
0.0345224;-4.63435;
0.0345424;-4.63299;
0.0345624;-4.63162;
0.0345824;-4.63025;
0.0346024;-4.62889;
0.0346224;-4.62752;
0.0346424;-4.62615;
0.0346624;-4.62478;
0.0346824;-4.62341;
0.0347024;-4.62204;
0.0347224;-4.62067;
0.0347424;-4.6193;
0.0347624;-4.61793;
0.0347824;-4.61656;
0.0348024;-4.61519;
0.0348224;-4.61382;
0.0348424;-4.61245;
0.0348624;-4.61107;
0.0348824;-4.6097;
0.0349024;-4.60833;
0.0349224;-4.60695;
0.0349424;-4.60558;
0.0349624;-4.6042;
0.0349824;-4.60283;
0.035;-4.60162;
0.0350001;-4.60161;
0.0350003;-4.6016;
0.0350007;-4.60157;
0.035001;-4.60155;
0.0350011;-4.60154;
0.0350012;-4.60153;
0.0350016;-4.60151;
0.0350022;-4.60147;
0.0350035;-4.60138;
0.035006;-4.6012;
0.0350112;-4.60085;
0.0350214;-4.60015;
0.0350414;-4.59877;
0.0350614;-4.59739;
0.0350814;-4.59601;
0.0351014;-4.59464;
0.0351214;-4.59326;
0.0351414;-4.59188;
0.0351614;-4.5905;
0.0351814;-4.58912;
0.0352014;-4.58774;
0.0352214;-4.58636;
0.0352414;-4.58498;
0.0352614;-4.5836;
0.0352814;-4.58222;
0.0353014;-4.58084;
0.0353214;-4.57946;
0.0353414;-4.57807;
0.0353614;-4.57669;
0.0353814;-4.57531;
0.0354014;-4.57392;
0.0354214;-4.57254;
0.0354414;-4.57116;
0.0354614;-4.56977;
0.0354814;-4.56839;
0.035501;-4.56703;
0.0355011;-4.56702;
0.0355013;-4.56701;
0.0355017;-4.56698;
0.035502;-4.56696;
0.0355021;-4.56695;
0.0355022;-4.56694;
0.0355026;-4.56692;
0.0355032;-4.56688;
0.0355045;-4.56679;
0.035507;-4.56661;
0.0355122;-4.56625;
0.0355224;-4.56555;
0.0355424;-4.56416;
0.0355624;-4.56277;
0.0355824;-4.56138;
0.0356024;-4.56;
0.0356224;-4.55861;
0.0356424;-4.55722;
0.0356624;-4.55583;
0.0356824;-4.55444;
0.0357024;-4.55305;
0.0357224;-4.55166;
0.0357424;-4.55027;
0.0357624;-4.54888;
0.0357824;-4.54749;
0.0358024;-4.5461;
0.0358224;-4.54471;
0.0358424;-4.54331;
0.0358624;-4.54192;
0.0358824;-4.54053;
0.0359024;-4.53913;
0.0359224;-4.53774;
0.0359424;-4.53635;
0.0359624;-4.53495;
0.0359824;-4.53356;
0.036;-4.53233;
0.0360001;-4.53232;
0.0360003;-4.53231;
0.0360007;-4.53228;
0.036001;-4.53226;
0.0360011;-4.53225;
0.0360012;-4.53224;
0.0360016;-4.53222;
0.0360022;-4.53217;
0.0360035;-4.53208;
0.036006;-4.53191;
0.0360112;-4.53155;
0.0360214;-4.53083;
0.0360414;-4.52944;
0.0360614;-4.52804;
0.0360814;-4.52664;
0.0361014;-4.52525;
0.0361214;-4.52385;
0.0361414;-4.52245;
0.0361614;-4.52105;
0.0361814;-4.51965;
0.0362014;-4.51825;
0.0362214;-4.51685;
0.0362414;-4.51545;
0.0362614;-4.51405;
0.0362814;-4.51265;
0.0363014;-4.51125;
0.0363214;-4.50985;
0.0363414;-4.50844;
0.0363614;-4.50704;
0.0363814;-4.50564;
0.0364014;-4.50424;
0.0364214;-4.50283;
0.0364414;-4.50143;
0.0364614;-4.50002;
0.0364814;-4.49862;
0.036501;-4.49724;
0.0365011;-4.49723;
0.0365013;-4.49722;
0.0365017;-4.49719;
0.036502;-4.49717;
0.0365021;-4.49717;
0.0365022;-4.49715;
0.0365026;-4.49713;
0.0365032;-4.49709;
0.0365045;-4.497;
0.036507;-4.49682;
0.0365122;-4.49646;
0.0365224;-4.49574;
0.0365424;-4.49433;
0.0365624;-4.49292;
0.0365824;-4.49152;
0.0366024;-4.49011;
0.0366224;-4.4887;
0.0366424;-4.48729;
0.0366624;-4.48589;
0.0366824;-4.48448;
0.0367024;-4.48307;
0.0367224;-4.48166;
0.0367424;-4.48025;
0.0367624;-4.47884;
0.0367824;-4.47743;
0.0368024;-4.47602;
0.0368224;-4.47461;
0.0368424;-4.47319;
0.0368624;-4.47178;
0.0368824;-4.47037;
0.0369024;-4.46896;
0.0369224;-4.46754;
0.0369424;-4.46613;
0.0369624;-4.46472;
0.0369824;-4.4633;
0.037;-4.46206;
0.0370001;-4.46205;
0.0370003;-4.46203;
0.0370007;-4.46201;
0.037001;-4.46199;
0.0370011;-4.46198;
0.0370012;-4.46197;
0.0370016;-4.46195;
0.0370022;-4.4619;
0.0370035;-4.46181;
0.037006;-4.46163;
0.0370112;-4.46127;
0.0370214;-4.46054;
0.0370414;-4.45913;
0.0370614;-4.45771;
0.0370814;-4.45629;
0.0371014;-4.45488;
0.0371214;-4.45346;
0.0371414;-4.45204;
0.0371614;-4.45063;
0.0371814;-4.44921;
0.0372014;-4.44779;
0.0372214;-4.44637;
0.0372414;-4.44495;
0.0372614;-4.44353;
0.0372814;-4.44211;
0.0373014;-4.44069;
0.0373214;-4.43927;
0.0373414;-4.43785;
0.0373614;-4.43643;
0.0373814;-4.43501;
0.0374014;-4.43358;
0.0374214;-4.43216;
0.0374414;-4.43074;
0.0374614;-4.42931;
0.0374814;-4.42789;
0.037501;-4.42649;
0.0375011;-4.42649;
0.0375013;-4.42647;
0.0375017;-4.42644;
0.037502;-4.42642;
0.0375021;-4.42642;
0.0375022;-4.42641;
0.0375026;-4.42638;
0.0375032;-4.42634;
0.0375045;-4.42625;
0.037507;-4.42606;
0.0375122;-4.4257;
0.0375224;-4.42497;
0.0375424;-4.42355;
0.0375624;-4.42212;
0.0375824;-4.4207;
0.0376024;-4.41927;
0.0376224;-4.41784;
0.0376424;-4.41642;
0.0376624;-4.41499;
0.0376824;-4.41356;
0.0377024;-4.41213;
0.0377224;-4.41071;
0.0377424;-4.40928;
0.0377624;-4.40785;
0.0377824;-4.40642;
0.0378024;-4.40499;
0.0378224;-4.40356;
0.0378424;-4.40213;
0.0378624;-4.4007;
0.0378824;-4.39927;
0.0379024;-4.39784;
0.0379224;-4.39641;
0.0379424;-4.39497;
0.0379624;-4.39354;
0.0379824;-4.39211;
0.038;-4.39085;
0.0380001;-4.39084;
0.0380003;-4.39083;
0.0380007;-4.3908;
0.038001;-4.39078;
0.0380011;-4.39077;
0.0380012;-4.39076;
0.0380016;-4.39074;
0.0380022;-4.39069;
0.0380035;-4.3906;
0.038006;-4.39041;
0.0380112;-4.39005;
0.0380214;-4.38931;
0.0380414;-4.38788;
0.0380614;-4.38644;
0.0380814;-4.38501;
0.0381014;-4.38358;
0.0381214;-4.38214;
0.0381414;-4.3807;
0.0381614;-4.37927;
0.0381814;-4.37783;
0.0382014;-4.3764;
0.0382214;-4.37496;
0.0382414;-4.37352;
0.0382614;-4.37208;
0.0382814;-4.37065;
0.0383014;-4.36921;
0.0383214;-4.36777;
0.0383414;-4.36633;
0.0383614;-4.36489;
0.0383814;-4.36345;
0.0384014;-4.36201;
0.0384214;-4.36057;
0.0384414;-4.35913;
0.0384614;-4.35769;
0.0384814;-4.35624;
0.038501;-4.35483;
0.0385011;-4.35482;
0.0385013;-4.35481;
0.0385017;-4.35478;
0.038502;-4.35476;
0.0385021;-4.35475;
0.0385022;-4.35474;
0.0385026;-4.35472;
0.0385032;-4.35467;
0.0385045;-4.35458;
0.038507;-4.3544;
0.0385122;-4.35403;
0.0385224;-4.35329;
0.0385424;-4.35185;
0.0385624;-4.3504;
0.0385824;-4.34896;
0.0386024;-4.34752;
0.0386224;-4.34607;
0.0386424;-4.34463;
0.0386624;-4.34318;
0.0386824;-4.34174;
0.0387024;-4.34029;
0.0387224;-4.33885;
0.0387424;-4.3374;
0.0387624;-4.33595;
0.0387824;-4.33451;
0.0388024;-4.33306;
0.0388224;-4.33161;
0.0388424;-4.33016;
0.0388624;-4.32872;
0.0388824;-4.32727;
0.0389024;-4.32582;
0.0389224;-4.32437;
0.0389424;-4.32292;
0.0389624;-4.32147;
0.0389824;-4.32002;
0.039;-4.31874;
0.0390001;-4.31873;
0.0390003;-4.31872;
0.0390007;-4.31869;
0.039001;-4.31867;
0.0390011;-4.31866;
0.0390012;-4.31865;
0.0390016;-4.31863;
0.0390022;-4.31858;
0.0390035;-4.31849;
0.039006;-4.3183;
0.0390112;-4.31793;
0.0390214;-4.31719;
0.0390414;-4.31574;
0.0390614;-4.31429;
0.0390814;-4.31283;
0.0391014;-4.31138;
0.0391214;-4.30993;
0.0391414;-4.30848;
0.0391614;-4.30702;
0.0391814;-4.30557;
0.0392014;-4.30411;
0.0392214;-4.30266;
0.0392414;-4.30121;
0.0392614;-4.29975;
0.0392814;-4.2983;
0.0393014;-4.29684;
0.0393214;-4.29538;
0.0393414;-4.29393;
0.0393614;-4.29247;
0.0393814;-4.29101;
0.0394014;-4.28956;
0.0394214;-4.2881;
0.0394414;-4.28664;
0.0394614;-4.28518;
0.0394814;-4.28372;
0.039501;-4.28229;
0.0395011;-4.28229;
0.0395013;-4.28227;
0.0395017;-4.28224;
0.039502;-4.28222;
0.0395021;-4.28221;
0.0395022;-4.2822;
0.0395026;-4.28218;
0.0395032;-4.28213;
0.0395045;-4.28204;
0.039507;-4.28185;
0.0395122;-4.28148;
0.0395224;-4.28073;
0.0395424;-4.27927;
0.0395624;-4.27781;
0.0395824;-4.27635;
0.0396024;-4.27489;
0.0396224;-4.27343;
0.0396424;-4.27197;
0.0396624;-4.27051;
0.0396824;-4.26904;
0.0397024;-4.26758;
0.0397224;-4.26612;
0.0397424;-4.26466;
0.0397624;-4.26319;
0.0397824;-4.26173;
0.0398024;-4.26026;
0.0398224;-4.2588;
0.0398424;-4.25733;
0.0398624;-4.25587;
0.0398824;-4.2544;
0.0399024;-4.25294;
0.0399224;-4.25147;
0.0399424;-4.25001;
0.0399624;-4.24854;
0.0399824;-4.24707;
0.04;-4.24578;
0.0400001;-4.24577;
0.0400003;-4.24576;
0.0400007;-4.24573;
0.040001;-4.24571;
0.0400011;-4.2457;
0.0400012;-4.24569;
0.0400016;-4.24567;
0.0400022;-4.24562;
0.0400035;-4.24553;
0.040006;-4.24534;
0.0400112;-4.24496;
0.0400214;-4.24421;
0.0400414;-4.24274;
0.0400614;-4.24127;
0.0400814;-4.23981;
0.0401014;-4.23834;
0.0401214;-4.23687;
0.0401414;-4.2354;
0.0401614;-4.23393;
0.0401814;-4.23246;
0.0402014;-4.23099;
0.0402214;-4.22952;
0.0402414;-4.22804;
0.0402614;-4.22657;
0.0402814;-4.2251;
0.0403014;-4.22363;
0.0403214;-4.22216;
0.0403414;-4.22068;
0.0403614;-4.21921;
0.0403814;-4.21774;
0.0404014;-4.21626;
0.0404214;-4.21479;
0.0404414;-4.21331;
0.0404614;-4.21184;
0.0404814;-4.21036;
0.040501;-4.20892;
0.0405011;-4.20891;
0.0405013;-4.2089;
0.0405017;-4.20887;
0.040502;-4.20884;
0.0405021;-4.20884;
0.0405022;-4.20883;
0.0405026;-4.2088;
0.0405032;-4.20876;
0.0405045;-4.20866;
0.040507;-4.20847;
0.0405122;-4.2081;
0.0405224;-4.20734;
0.0405424;-4.20586;
0.0405624;-4.20439;
0.0405824;-4.20291;
0.0406024;-4.20143;
0.0406224;-4.19996;
0.0406424;-4.19848;
0.0406624;-4.197;
0.0406824;-4.19552;
0.0407024;-4.19404;
0.0407224;-4.19256;
0.0407424;-4.19109;
0.0407624;-4.18961;
0.0407824;-4.18813;
0.0408024;-4.18665;
0.0408224;-4.18517;
0.0408424;-4.18368;
0.0408624;-4.1822;
0.0408824;-4.18072;
0.0409024;-4.17924;
0.0409224;-4.17776;
0.0409424;-4.17628;
0.0409624;-4.17479;
0.0409824;-4.17331;
0.041;-4.172;
0.0410001;-4.172;
0.0410003;-4.17198;
0.0410007;-4.17195;
0.041001;-4.17193;
0.0410011;-4.17192;
0.0410012;-4.17191;
0.0410016;-4.17189;
0.0410022;-4.17184;
0.0410035;-4.17175;
0.041006;-4.17156;
0.0410112;-4.17118;
0.0410214;-4.17042;
0.0410414;-4.16893;
0.0410614;-4.16745;
0.0410814;-4.16596;
0.0411014;-4.16448;
0.0411214;-4.16299;
0.0411414;-4.16151;
0.0411614;-4.16002;
0.0411814;-4.15854;
0.0412014;-4.15705;
0.0412214;-4.15556;
0.0412414;-4.15408;
0.0412614;-4.15259;
0.0412814;-4.1511;
0.0413014;-4.14961;
0.0413214;-4.14813;
0.0413414;-4.14664;
0.0413614;-4.14515;
0.0413814;-4.14366;
0.0414014;-4.14217;
0.0414214;-4.14068;
0.0414414;-4.13919;
0.0414614;-4.1377;
0.0414814;-4.13621;
0.041501;-4.13475;
0.0415011;-4.13474;
0.0415013;-4.13473;
0.0415017;-4.1347;
0.041502;-4.13467;
0.0415021;-4.13467;
0.0415022;-4.13466;
0.0415026;-4.13463;
0.0415032;-4.13458;
0.0415045;-4.13449;
0.041507;-4.1343;
0.0415122;-4.13392;
0.0415224;-4.13315;
0.0415424;-4.13166;
0.0415624;-4.13017;
0.0415824;-4.12868;
0.0416024;-4.12718;
0.0416224;-4.12569;
0.0416424;-4.1242;
0.0416624;-4.12271;
0.0416824;-4.12121;
0.0417024;-4.11972;
0.0417224;-4.11822;
0.0417424;-4.11673;
0.0417624;-4.11523;
0.0417824;-4.11374;
0.0418024;-4.11224;
0.0418224;-4.11075;
0.0418424;-4.10925;
0.0418624;-4.10775;
0.0418824;-4.10626;
0.0419024;-4.10476;
0.0419224;-4.10326;
0.0419424;-4.10177;
0.0419624;-4.10027;
0.0419824;-4.09877;
0.042;-4.09745;
0.0420001;-4.09744;
0.0420003;-4.09743;
0.0420007;-4.0974;
0.042001;-4.09738;
0.0420011;-4.09737;
0.0420012;-4.09736;
0.0420016;-4.09733;
0.0420022;-4.09729;
0.0420035;-4.09719;
0.042006;-4.097;
0.0420112;-4.09662;
0.0420214;-4.09585;
0.0420414;-4.09435;
0.0420614;-4.09285;
0.0420814;-4.09135;
0.0421014;-4.08985;
0.0421214;-4.08835;
0.0421414;-4.08685;
0.0421614;-4.08535;
0.0421814;-4.08385;
0.0422014;-4.08235;
0.0422214;-4.08084;
0.0422414;-4.07934;
0.0422614;-4.07784;
0.0422814;-4.07634;
0.0423014;-4.07483;
0.0423214;-4.07333;
0.0423414;-4.07183;
0.0423614;-4.07032;
0.0423814;-4.06882;
0.0424014;-4.06732;
0.0424214;-4.06581;
0.0424414;-4.06431;
0.0424614;-4.0628;
0.0424814;-4.0613;
0.042501;-4.05982;
0.0425011;-4.05981;
0.0425013;-4.0598;
0.0425017;-4.05977;
0.042502;-4.05974;
0.0425021;-4.05974;
0.0425022;-4.05973;
0.0425026;-4.0597;
0.0425032;-4.05965;
0.0425045;-4.05956;
0.042507;-4.05937;
0.0425122;-4.05898;
0.0425224;-4.05821;
0.0425424;-4.0567;
0.0425624;-4.0552;
0.0425824;-4.05369;
0.0426024;-4.05218;
0.0426224;-4.05067;
0.0426424;-4.04917;
0.0426624;-4.04766;
0.0426824;-4.04615;
0.0427024;-4.04464;
0.0427224;-4.04313;
0.0427424;-4.04162;
0.0427624;-4.04011;
0.0427824;-4.0386;
0.0428024;-4.03709;
0.0428224;-4.03558;
0.0428424;-4.03407;
0.0428624;-4.03256;
0.0428824;-4.03105;
0.0429024;-4.02954;
0.0429224;-4.02803;
0.0429424;-4.02651;
0.0429624;-4.025;
0.0429824;-4.02349;
0.043;-4.02216;
0.0430001;-4.02215;
0.0430003;-4.02214;
0.0430007;-4.02211;
0.043001;-4.02208;
0.0430011;-4.02208;
0.0430012;-4.02206;
0.0430016;-4.02204;
0.0430022;-4.02199;
0.0430035;-4.0219;
0.043006;-4.0217;
0.0430112;-4.02131;
0.0430214;-4.02054;
0.0430414;-4.01903;
0.0430614;-4.01751;
0.0430814;-4.016;
0.0431014;-4.01448;
0.0431214;-4.01297;
0.0431414;-4.01145;
0.0431614;-4.00994;
0.0431814;-4.00842;
0.0432014;-4.00691;
0.0432214;-4.00539;
0.0432414;-4.00388;
0.0432614;-4.00236;
0.0432814;-4.00084;
0.0433014;-3.99933;
0.0433214;-3.99781;
0.0433414;-3.99629;
0.0433614;-3.99477;
0.0433814;-3.99325;
0.0434014;-3.99174;
0.0434214;-3.99022;
0.0434414;-3.9887;
0.0434614;-3.98718;
0.0434814;-3.98566;
0.043501;-3.98417;
0.0435011;-3.98416;
0.0435013;-3.98415;
0.0435017;-3.98412;
0.043502;-3.98409;
0.0435021;-3.98409;
0.0435022;-3.98408;
0.0435026;-3.98405;
0.0435032;-3.984;
0.0435045;-3.98391;
0.043507;-3.98371;
0.0435122;-3.98332;
0.0435224;-3.98254;
0.0435424;-3.98102;
0.0435624;-3.9795;
0.0435824;-3.97798;
0.0436024;-3.97646;
0.0436224;-3.97494;
0.0436424;-3.97342;
0.0436624;-3.9719;
0.0436824;-3.97037;
0.0437024;-3.96885;
0.0437224;-3.96733;
0.0437424;-3.9658;
0.0437624;-3.96428;
0.0437824;-3.96276;
0.0438024;-3.96123;
0.0438224;-3.95971;
0.0438424;-3.95819;
0.0438624;-3.95666;
0.0438824;-3.95514;
0.0439024;-3.95361;
0.0439224;-3.95208;
0.0439424;-3.95056;
0.0439624;-3.94903;
0.0439824;-3.94751;
0.044;-3.94616;
0.0440001;-3.94616;
0.0440003;-3.94614;
0.0440007;-3.94611;
0.044001;-3.94609;
0.0440011;-3.94608;
0.0440012;-3.94607;
0.0440016;-3.94604;
0.0440022;-3.946;
0.0440035;-3.9459;
0.044006;-3.9457;
0.0440112;-3.94531;
0.0440214;-3.94453;
0.0440414;-3.943;
0.0440614;-3.94147;
0.0440814;-3.93995;
0.0441014;-3.93842;
0.0441214;-3.93689;
0.0441414;-3.93536;
0.0441614;-3.93383;
0.0441814;-3.9323;
0.0442014;-3.93078;
0.0442214;-3.92925;
0.0442414;-3.92772;
0.0442614;-3.92619;
0.0442814;-3.92466;
0.0443014;-3.92313;
0.0443214;-3.92159;
0.0443414;-3.92006;
0.0443614;-3.91853;
0.0443814;-3.917;
0.0444014;-3.91547;
0.0444214;-3.91394;
0.0444414;-3.9124;
0.0444614;-3.91087;
0.0444814;-3.90934;
0.044501;-3.90784;
0.0445011;-3.90783;
0.0445013;-3.90781;
0.0445017;-3.90778;
0.044502;-3.90776;
0.0445021;-3.90775;
0.0445022;-3.90774;
0.0445026;-3.90772;
0.0445032;-3.90767;
0.0445045;-3.90757;
0.044507;-3.90737;
0.0445122;-3.90698;
0.0445224;-3.9062;
0.0445424;-3.90466;
0.0445624;-3.90313;
0.0445824;-3.90159;
0.0446024;-3.90006;
0.0446224;-3.89852;
0.0446424;-3.89699;
0.0446624;-3.89545;
0.0446824;-3.89392;
0.0447024;-3.89238;
0.0447224;-3.89085;
0.0447424;-3.88931;
0.0447624;-3.88777;
0.0447824;-3.88624;
0.0448024;-3.8847;
0.0448224;-3.88316;
0.0448424;-3.88163;
0.0448624;-3.88009;
0.0448824;-3.87855;
0.0449024;-3.87701;
0.0449224;-3.87547;
0.0449424;-3.87393;
0.0449624;-3.87239;
0.0449824;-3.87086;
0.045;-3.8695;
0.0450001;-3.86949;
0.0450003;-3.86948;
0.0450007;-3.86945;
0.045001;-3.86942;
0.0450011;-3.86942;
0.0450012;-3.8694;
0.0450016;-3.86938;
0.0450022;-3.86933;
0.0450035;-3.86923;
0.045006;-3.86904;
0.0450112;-3.86864;
0.0450214;-3.86785;
0.0450414;-3.86631;
0.0450614;-3.86477;
0.0450814;-3.86323;
0.0451014;-3.86169;
0.0451214;-3.86015;
0.0451414;-3.85861;
0.0451614;-3.85707;
0.0451814;-3.85552;
0.0452014;-3.85398;
0.0452214;-3.85244;
0.0452414;-3.8509;
0.0452614;-3.84936;
0.0452814;-3.84781;
0.0453014;-3.84627;
0.0453214;-3.84473;
0.0453414;-3.84318;
0.0453614;-3.84164;
0.0453814;-3.84009;
0.0454014;-3.83855;
0.0454214;-3.837;
0.0454414;-3.83546;
0.0454614;-3.83391;
0.0454814;-3.83237;
0.045501;-3.83085;
0.0455011;-3.83084;
0.0455013;-3.83083;
0.0455017;-3.8308;
0.045502;-3.83078;
0.0455021;-3.83077;
0.0455022;-3.83076;
0.0455026;-3.83073;
0.0455032;-3.83068;
0.0455045;-3.83058;
0.045507;-3.83039;
0.0455122;-3.82999;
0.0455224;-3.8292;
0.0455424;-3.82765;
0.0455624;-3.82611;
0.0455824;-3.82456;
0.0456024;-3.82301;
0.0456224;-3.82146;
0.0456424;-3.81992;
0.0456624;-3.81837;
0.0456824;-3.81682;
0.0457024;-3.81527;
0.0457224;-3.81372;
0.0457424;-3.81218;
0.0457624;-3.81063;
0.0457824;-3.80908;
0.0458024;-3.80753;
0.0458224;-3.80598;
0.0458424;-3.80443;
0.0458624;-3.80288;
0.0458824;-3.80133;
0.0459024;-3.79978;
0.0459224;-3.79823;
0.0459424;-3.79667;
0.0459624;-3.79512;
0.0459824;-3.79357;
0.046;-3.79221;
0.0460001;-3.7922;
0.0460003;-3.79218;
0.0460007;-3.79215;
0.046001;-3.79213;
0.0460011;-3.79212;
0.0460012;-3.79211;
0.0460016;-3.79208;
0.0460022;-3.79203;
0.0460035;-3.79194;
0.046006;-3.79174;
0.0460112;-3.79134;
0.0460214;-3.79054;
0.0460414;-3.78899;
0.0460614;-3.78744;
0.0460814;-3.78589;
0.0461014;-3.78433;
0.0461214;-3.78278;
0.0461414;-3.78123;
0.0461614;-3.77967;
0.0461814;-3.77812;
0.0462014;-3.77656;
0.0462214;-3.77501;
0.0462414;-3.77346;
0.0462614;-3.7719;
0.0462814;-3.77035;
0.0463014;-3.76879;
0.0463214;-3.76723;
0.0463414;-3.76568;
0.0463614;-3.76412;
0.0463814;-3.76257;
0.0464014;-3.76101;
0.0464214;-3.75945;
0.0464414;-3.7579;
0.0464614;-3.75634;
0.0464814;-3.75478;
0.046501;-3.75325;
0.0465011;-3.75325;
0.0465013;-3.75323;
0.0465017;-3.7532;
0.046502;-3.75318;
0.0465021;-3.75317;
0.0465022;-3.75316;
0.0465026;-3.75313;
0.0465032;-3.75308;
0.0465045;-3.75298;
0.046507;-3.75278;
0.0465122;-3.75238;
0.0465224;-3.75159;
0.0465424;-3.75003;
0.0465624;-3.74847;
0.0465824;-3.74691;
0.0466024;-3.74535;
0.0466224;-3.74379;
0.0466424;-3.74223;
0.0466624;-3.74067;
0.0466824;-3.73911;
0.0467024;-3.73755;
0.0467224;-3.73599;
0.0467424;-3.73443;
0.0467624;-3.73287;
0.0467824;-3.73131;
0.0468024;-3.72975;
0.0468224;-3.72819;
0.0468424;-3.72663;
0.0468624;-3.72506;
0.0468824;-3.7235;
0.0469024;-3.72194;
0.0469224;-3.72038;
0.0469424;-3.71881;
0.0469624;-3.71725;
0.0469824;-3.71569;
0.047;-3.71431;
0.0470001;-3.7143;
0.0470003;-3.71429;
0.0470007;-3.71426;
0.047001;-3.71423;
0.0470011;-3.71423;
0.0470012;-3.71422;
0.0470016;-3.71419;
0.0470022;-3.71414;
0.0470035;-3.71404;
0.047006;-3.71384;
0.0470112;-3.71344;
0.0470214;-3.71264;
0.0470414;-3.71108;
0.0470614;-3.70951;
0.0470814;-3.70795;
0.0471014;-3.70638;
0.0471214;-3.70482;
0.0471414;-3.70325;
0.0471614;-3.70169;
0.0471814;-3.70012;
0.0472014;-3.69856;
0.0472214;-3.69699;
0.0472414;-3.69542;
0.0472614;-3.69386;
0.0472814;-3.69229;
0.0473014;-3.69072;
0.0473214;-3.68916;
0.0473414;-3.68759;
0.0473614;-3.68602;
0.0473814;-3.68445;
0.0474014;-3.68289;
0.0474214;-3.68132;
0.0474414;-3.67975;
0.0474614;-3.67818;
0.0474814;-3.67661;
0.047501;-3.67507;
0.0475011;-3.67507;
0.0475013;-3.67505;
0.0475017;-3.67502;
0.047502;-3.67499;
0.0475021;-3.67499;
0.0475022;-3.67498;
0.0475026;-3.67495;
0.0475032;-3.6749;
0.0475045;-3.6748;
0.047507;-3.6746;
0.0475122;-3.6742;
0.0475224;-3.67339;
0.0475424;-3.67182;
0.0475624;-3.67025;
0.0475824;-3.66868;
0.0476024;-3.66711;
0.0476224;-3.66554;
0.0476424;-3.66397;
0.0476624;-3.6624;
0.0476824;-3.66083;
0.0477024;-3.65926;
0.0477224;-3.65769;
0.0477424;-3.65612;
0.0477624;-3.65455;
0.0477824;-3.65297;
0.0478024;-3.6514;
0.0478224;-3.64983;
0.0478424;-3.64826;
0.0478624;-3.64668;
0.0478824;-3.64511;
0.0479024;-3.64354;
0.0479224;-3.64196;
0.0479424;-3.64039;
0.0479624;-3.63881;
0.0479824;-3.63724;
0.048;-3.63585;
0.0480001;-3.63585;
0.0480003;-3.63583;
0.0480007;-3.6358;
0.048001;-3.63578;
0.0480011;-3.63577;
0.0480012;-3.63576;
0.0480016;-3.63573;
0.0480022;-3.63568;
0.0480035;-3.63558;
0.048006;-3.63538;
0.0480112;-3.63498;
0.0480214;-3.63417;
0.0480414;-3.63259;
0.0480614;-3.63102;
0.0480814;-3.62944;
0.0481014;-3.62787;
0.0481214;-3.62629;
0.0481414;-3.62472;
0.0481614;-3.62314;
0.0481814;-3.62156;
0.0482014;-3.61999;
0.0482214;-3.61841;
0.0482414;-3.61683;
0.0482614;-3.61526;
0.0482814;-3.61368;
0.0483014;-3.6121;
0.0483214;-3.61052;
0.0483414;-3.60894;
0.0483614;-3.60737;
0.0483814;-3.60579;
0.0484014;-3.60421;
0.0484214;-3.60263;
0.0484414;-3.60105;
0.0484614;-3.59947;
0.0484814;-3.59789;
0.048501;-3.59634;
0.0485011;-3.59634;
0.0485013;-3.59632;
0.0485017;-3.59629;
0.048502;-3.59626;
0.0485021;-3.59626;
0.0485022;-3.59625;
0.0485026;-3.59622;
0.0485032;-3.59617;
0.0485045;-3.59607;
0.048507;-3.59587;
0.0485122;-3.59546;
0.0485224;-3.59465;
0.0485424;-3.59307;
0.0485624;-3.59149;
0.0485824;-3.58991;
0.0486024;-3.58833;
0.0486224;-3.58675;
0.0486424;-3.58517;
0.0486624;-3.58359;
0.0486824;-3.58201;
0.0487024;-3.58042;
0.0487224;-3.57884;
0.0487424;-3.57726;
0.0487624;-3.57568;
0.0487824;-3.57409;
0.0488024;-3.57251;
0.0488224;-3.57093;
0.0488424;-3.56935;
0.0488624;-3.56776;
0.0488824;-3.56618;
0.0489024;-3.56459;
0.0489224;-3.56301;
0.0489424;-3.56143;
0.0489624;-3.55984;
0.0489824;-3.55826;
0.049;-3.55686;
0.0490001;-3.55685;
0.0490003;-3.55684;
0.0490007;-3.55681;
0.049001;-3.55678;
0.0490011;-3.55678;
0.0490012;-3.55676;
0.0490016;-3.55674;
0.0490022;-3.55669;
0.0490035;-3.55659;
0.049006;-3.55638;
0.0490112;-3.55598;
0.0490214;-3.55517;
0.0490414;-3.55358;
0.0490614;-3.552;
0.0490814;-3.55041;
0.0491014;-3.54882;
0.0491214;-3.54724;
0.0491414;-3.54565;
0.0491614;-3.54407;
0.0491814;-3.54248;
0.0492014;-3.54089;
0.0492214;-3.5393;
0.0492414;-3.53772;
0.0492614;-3.53613;
0.0492814;-3.53454;
0.0493014;-3.53295;
0.0493214;-3.53137;
0.0493414;-3.52978;
0.0493614;-3.52819;
0.0493814;-3.5266;
0.0494014;-3.52501;
0.0494214;-3.52342;
0.0494414;-3.52183;
0.0494614;-3.52024;
0.0494814;-3.51866;
0.049501;-3.5171;
0.0495011;-3.51709;
0.0495013;-3.51707;
0.0495017;-3.51704;
0.049502;-3.51702;
0.0495021;-3.51701;
0.0495022;-3.517;
0.0495026;-3.51697;
0.0495032;-3.51692;
0.0495045;-3.51682;
0.049507;-3.51662;
0.0495122;-3.51621;
0.0495224;-3.5154;
0.0495424;-3.51381;
0.0495624;-3.51222;
0.0495824;-3.51062;
0.0496024;-3.50903;
0.0496224;-3.50744;
0.0496424;-3.50585;
0.0496624;-3.50426;
0.0496824;-3.50267;
0.0497024;-3.50108;
0.0497224;-3.49949;
0.0497424;-3.49789;
0.0497624;-3.4963;
0.0497824;-3.49471;
0.0498024;-3.49312;
0.0498224;-3.49152;
0.0498424;-3.48993;
0.0498624;-3.48834;
0.0498824;-3.48674;
0.0499024;-3.48515;
0.0499224;-3.48356;
0.0499424;-3.48196;
0.0499624;-3.48037;
0.0499824;-3.47877;
0.05;-3.47737;
0.0500001;-3.47736;
0.0500003;-3.47735;
0.0500007;-3.47731;
0.050001;-3.47729;
0.0500011;-3.47728;
0.0500012;-3.47727;
0.0500016;-3.47724;
0.0500022;-3.47719;
0.0500035;-3.47709;
0.050006;-3.47689;
0.0500112;-3.47648;
0.0500214;-3.47566;
0.0500414;-3.47407;
0.0500614;-3.47247;
0.0500814;-3.47088;
0.0501014;-3.46928;
0.0501214;-3.46769;
0.0501414;-3.46609;
0.0501614;-3.46449;
0.0501814;-3.4629;
0.0502014;-3.4613;
0.0502214;-3.4597;
0.0502414;-3.45811;
0.0502614;-3.45651;
0.0502814;-3.45491;
0.0503014;-3.45332;
0.0503214;-3.45172;
0.0503414;-3.45012;
0.0503614;-3.44852;
0.0503814;-3.44692;
0.0504014;-3.44533;
0.0504214;-3.44373;
0.0504414;-3.44213;
0.0504614;-3.44053;
0.0504814;-3.43893;
0.050501;-3.43736;
0.0505011;-3.43736;
0.0505013;-3.43734;
0.0505017;-3.43731;
0.050502;-3.43728;
0.0505021;-3.43728;
0.0505022;-3.43726;
0.0505026;-3.43724;
0.0505032;-3.43719;
0.0505045;-3.43709;
0.050507;-3.43688;
0.0505122;-3.43647;
0.0505224;-3.43565;
0.0505424;-3.43405;
0.0505624;-3.43245;
0.0505824;-3.43085;
0.0506024;-3.42925;
0.0506224;-3.42765;
0.0506424;-3.42605;
0.0506624;-3.42445;
0.0506824;-3.42285;
0.0507024;-3.42125;
0.0507224;-3.41965;
0.0507424;-3.41805;
0.0507624;-3.41645;
0.0507824;-3.41484;
0.0508024;-3.41324;
0.0508224;-3.41164;
0.0508424;-3.41004;
0.0508624;-3.40843;
0.0508824;-3.40683;
0.0509024;-3.40523;
0.0509224;-3.40363;
0.0509424;-3.40202;
0.0509624;-3.40042;
0.0509824;-3.39882;
0.051;-3.3974;
0.0510001;-3.3974;
0.0510003;-3.39738;
0.0510007;-3.39735;
0.051001;-3.39732;
0.0510011;-3.39732;
0.0510012;-3.39731;
0.0510016;-3.39728;
0.0510022;-3.39723;
0.0510035;-3.39713;
0.051006;-3.39692;
0.0510112;-3.39651;
0.0510214;-3.39569;
0.0510414;-3.39408;
0.0510614;-3.39248;
0.0510814;-3.39088;
0.0511014;-3.38927;
0.0511214;-3.38767;
0.0511414;-3.38606;
0.0511614;-3.38446;
0.0511814;-3.38285;
0.0512014;-3.38125;
0.0512214;-3.37964;
0.0512414;-3.37803;
0.0512614;-3.37643;
0.0512814;-3.37482;
0.0513014;-3.37322;
0.0513214;-3.37161;
0.0513414;-3.37;
0.0513614;-3.3684;
0.0513814;-3.36679;
0.0514014;-3.36518;
0.0514214;-3.36357;
0.0514414;-3.36197;
0.0514614;-3.36036;
0.0514814;-3.35875;
0.051501;-3.35717;
0.0515011;-3.35717;
0.0515013;-3.35715;
0.0515017;-3.35712;
0.051502;-3.35709;
0.0515021;-3.35709;
0.0515022;-3.35707;
0.0515026;-3.35705;
0.0515032;-3.357;
0.0515045;-3.35689;
0.051507;-3.35669;
0.0515122;-3.35628;
0.0515224;-3.35545;
0.0515424;-3.35385;
0.0515624;-3.35224;
0.0515824;-3.35063;
0.0516024;-3.34902;
0.0516224;-3.34741;
0.0516424;-3.3458;
0.0516624;-3.34419;
0.0516824;-3.34258;
0.0517024;-3.34097;
0.0517224;-3.33936;
0.0517424;-3.33775;
0.0517624;-3.33614;
0.0517824;-3.33453;
0.0518024;-3.33292;
0.0518224;-3.33131;
0.0518424;-3.3297;
0.0518624;-3.32809;
0.0518824;-3.32648;
0.0519024;-3.32486;
0.0519224;-3.32325;
0.0519424;-3.32164;
0.0519624;-3.32003;
0.0519824;-3.31842;
0.052;-3.317;
0.0520001;-3.31699;
0.0520003;-3.31697;
0.0520007;-3.31694;
0.052001;-3.31692;
0.0520011;-3.31691;
0.0520012;-3.3169;
0.0520016;-3.31687;
0.0520022;-3.31682;
0.0520035;-3.31672;
0.052006;-3.31651;
0.0520112;-3.3161;
0.0520214;-3.31527;
0.0520414;-3.31366;
0.0520614;-3.31205;
0.0520814;-3.31043;
0.0521014;-3.30882;
0.0521214;-3.30721;
0.0521414;-3.3056;
0.0521614;-3.30398;
0.0521814;-3.30237;
0.0522014;-3.30075;
0.0522214;-3.29914;
0.0522414;-3.29753;
0.0522614;-3.29591;
0.0522814;-3.2943;
0.0523014;-3.29268;
0.0523214;-3.29107;
0.0523414;-3.28945;
0.0523614;-3.28784;
0.0523814;-3.28622;
0.0524014;-3.28461;
0.0524214;-3.28299;
0.0524414;-3.28137;
0.0524614;-3.27976;
0.0524814;-3.27814;
0.052501;-3.27656;
0.0525011;-3.27655;
0.0525013;-3.27653;
0.0525017;-3.2765;
0.052502;-3.27648;
0.0525021;-3.27647;
0.0525022;-3.27646;
0.0525026;-3.27643;
0.0525032;-3.27638;
0.0525045;-3.27628;
0.052507;-3.27607;
0.0525122;-3.27566;
0.0525224;-3.27483;
0.0525424;-3.27321;
0.0525624;-3.27159;
0.0525824;-3.26998;
0.0526024;-3.26836;
0.0526224;-3.26674;
0.0526424;-3.26513;
0.0526624;-3.26351;
0.0526824;-3.26189;
0.0527024;-3.26027;
0.0527224;-3.25865;
0.0527424;-3.25704;
0.0527624;-3.25542;
0.0527824;-3.2538;
0.0528024;-3.25218;
0.0528224;-3.25056;
0.0528424;-3.24894;
0.0528624;-3.24732;
0.0528824;-3.2457;
0.0529024;-3.24408;
0.0529224;-3.24247;
0.0529424;-3.24085;
0.0529624;-3.23923;
0.0529824;-3.23761;
0.053;-3.23618;
0.0530001;-3.23617;
0.0530003;-3.23616;
0.0530007;-3.23612;
0.053001;-3.2361;
0.0530011;-3.23609;
0.0530012;-3.23608;
0.0530016;-3.23605;
0.0530022;-3.236;
0.0530035;-3.2359;
0.053006;-3.23569;
0.0530112;-3.23528;
0.0530214;-3.23445;
0.0530414;-3.23283;
0.0530614;-3.2312;
0.0530814;-3.22958;
0.0531014;-3.22796;
0.0531214;-3.22634;
0.0531414;-3.22472;
0.0531614;-3.2231;
0.0531814;-3.22148;
0.0532014;-3.21986;
0.0532214;-3.21823;
0.0532414;-3.21661;
0.0532614;-3.21499;
0.0532814;-3.21337;
0.0533014;-3.21174;
0.0533214;-3.21012;
0.0533414;-3.2085;
0.0533614;-3.20688;
0.0533814;-3.20525;
0.0534014;-3.20363;
0.0534214;-3.20201;
0.0534414;-3.20038;
0.0534614;-3.19876;
0.0534814;-3.19713;
0.053501;-3.19554;
0.0535011;-3.19553;
0.0535013;-3.19552;
0.0535017;-3.19549;
0.053502;-3.19546;
0.0535021;-3.19546;
0.0535022;-3.19544;
0.0535026;-3.19542;
0.0535032;-3.19536;
0.0535045;-3.19526;
0.053507;-3.19505;
0.0535122;-3.19464;
0.0535224;-3.19381;
0.0535424;-3.19218;
0.0535624;-3.19056;
0.0535824;-3.18893;
0.0536024;-3.18731;
0.0536224;-3.18568;
0.0536424;-3.18406;
0.0536624;-3.18243;
0.0536824;-3.18081;
0.0537024;-3.17918;
0.0537224;-3.17756;
0.0537424;-3.17593;
0.0537624;-3.1743;
0.0537824;-3.17268;
0.0538024;-3.17105;
0.0538224;-3.16942;
0.0538424;-3.1678;
0.0538624;-3.16617;
0.0538824;-3.16454;
0.0539024;-3.16292;
0.0539224;-3.16129;
0.0539424;-3.15966;
0.0539624;-3.15804;
0.0539824;-3.15641;
0.054;-3.15498;
0.0540001;-3.15497;
0.0540003;-3.15495;
0.0540007;-3.15492;
0.054001;-3.15489;
0.0540011;-3.15489;
0.0540012;-3.15488;
0.0540016;-3.15485;
0.0540022;-3.1548;
0.0540035;-3.15469;
0.054006;-3.15448;
0.0540112;-3.15407;
0.0540214;-3.15323;
0.0540414;-3.15161;
0.0540614;-3.14998;
0.0540814;-3.14835;
0.0541014;-3.14672;
0.0541214;-3.14509;
0.0541414;-3.14346;
0.0541614;-3.14184;
0.0541814;-3.14021;
0.0542014;-3.13858;
0.0542214;-3.13695;
0.0542414;-3.13532;
0.0542614;-3.13369;
0.0542814;-3.13206;
0.0543014;-3.13043;
0.0543214;-3.1288;
0.0543414;-3.12717;
0.0543614;-3.12554;
0.0543814;-3.12391;
0.0544014;-3.12228;
0.0544214;-3.12065;
0.0544414;-3.11902;
0.0544614;-3.11739;
0.0544814;-3.11576;
0.054501;-3.11416;
0.0545011;-3.11415;
0.0545013;-3.11413;
0.0545017;-3.1141;
0.054502;-3.11408;
0.0545021;-3.11407;
0.0545022;-3.11406;
0.0545026;-3.11403;
0.0545032;-3.11398;
0.0545045;-3.11387;
0.054507;-3.11366;
0.0545122;-3.11325;
0.0545224;-3.11241;
0.0545424;-3.11078;
0.0545624;-3.10915;
0.0545824;-3.10752;
0.0546024;-3.10589;
0.0546224;-3.10425;
0.0546424;-3.10262;
0.0546624;-3.10099;
0.0546824;-3.09936;
0.0547024;-3.09772;
0.0547224;-3.09609;
0.0547424;-3.09446;
0.0547624;-3.09283;
0.0547824;-3.09119;
0.0548024;-3.08956;
0.0548224;-3.08793;
0.0548424;-3.08629;
0.0548624;-3.08466;
0.0548824;-3.08302;
0.0549024;-3.08139;
0.0549224;-3.07976;
0.0549424;-3.07812;
0.0549624;-3.07649;
0.0549824;-3.07485;
0.055;-3.07342;
0.0550001;-3.07341;
0.0550003;-3.07339;
0.0550007;-3.07336;
0.055001;-3.07333;
0.0550011;-3.07333;
0.0550012;-3.07331;
0.0550016;-3.07329;
0.0550022;-3.07324;
0.0550035;-3.07313;
0.055006;-3.07292;
0.0550112;-3.0725;
0.0550214;-3.07167;
0.0550414;-3.07003;
0.0550614;-3.0684;
0.0550814;-3.06676;
0.0551014;-3.06513;
0.0551214;-3.06349;
0.0551414;-3.06186;
0.0551614;-3.06022;
0.0551814;-3.05858;
0.0552014;-3.05695;
0.0552214;-3.05531;
0.0552414;-3.05368;
0.0552614;-3.05204;
0.0552814;-3.0504;
0.0553014;-3.04877;
0.0553214;-3.04713;
0.0553414;-3.04549;
0.0553614;-3.04386;
0.0553814;-3.04222;
0.0554014;-3.04058;
0.0554214;-3.03895;
0.0554414;-3.03731;
0.0554614;-3.03567;
0.0554814;-3.03403;
0.055501;-3.03243;
0.0555011;-3.03242;
0.0555013;-3.0324;
0.0555017;-3.03237;
0.055502;-3.03235;
0.0555021;-3.03234;
0.0555022;-3.03233;
0.0555026;-3.0323;
0.0555032;-3.03225;
0.0555045;-3.03214;
0.055507;-3.03193;
0.0555122;-3.03151;
0.0555224;-3.03068;
0.0555424;-3.02904;
0.0555624;-3.0274;
0.0555824;-3.02576;
0.0556024;-3.02412;
0.0556224;-3.02248;
0.0556424;-3.02084;
0.0556624;-3.01921;
0.0556824;-3.01757;
0.0557024;-3.01593;
0.0557224;-3.01429;
0.0557424;-3.01265;
0.0557624;-3.01101;
0.0557824;-3.00937;
0.0558024;-3.00773;
0.0558224;-3.00609;
0.0558424;-3.00445;
0.0558624;-3.00281;
0.0558824;-3.00117;
0.0559024;-2.99953;
0.0559224;-2.99789;
0.0559424;-2.99625;
0.0559624;-2.99461;
0.0559824;-2.99297;
0.056;-2.99152;
0.0560001;-2.99152;
0.0560003;-2.9915;
0.0560007;-2.99147;
0.056001;-2.99144;
0.0560011;-2.99144;
0.0560012;-2.99142;
0.0560016;-2.9914;
0.0560022;-2.99134;
0.0560035;-2.99124;
0.056006;-2.99103;
0.0560112;-2.99061;
0.0560214;-2.98977;
0.0560414;-2.98813;
0.0560614;-2.98649;
0.0560814;-2.98484;
0.0561014;-2.9832;
0.0561214;-2.98156;
0.0561414;-2.97992;
0.0561614;-2.97828;
0.0561814;-2.97664;
0.0562014;-2.97499;
0.0562214;-2.97335;
0.0562414;-2.97171;
0.0562614;-2.97007;
0.0562814;-2.96842;
0.0563014;-2.96678;
0.0563214;-2.96514;
0.0563414;-2.9635;
0.0563614;-2.96185;
0.0563814;-2.96021;
0.0564014;-2.95857;
0.0564214;-2.95692;
0.0564414;-2.95528;
0.0564614;-2.95364;
0.0564814;-2.95199;
0.056501;-2.95038;
0.0565011;-2.95037;
0.0565013;-2.95036;
0.0565017;-2.95032;
0.056502;-2.9503;
0.0565021;-2.95029;
0.0565022;-2.95028;
0.0565026;-2.95025;
0.0565032;-2.9502;
0.0565045;-2.95009;
0.056507;-2.94988;
0.0565122;-2.94946;
0.0565224;-2.94862;
0.0565424;-2.94698;
0.0565624;-2.94533;
0.0565824;-2.94369;
0.0566024;-2.94204;
0.0566224;-2.9404;
0.0566424;-2.93875;
0.0566624;-2.93711;
0.0566824;-2.93547;
0.0567024;-2.93382;
0.0567224;-2.93217;
0.0567424;-2.93053;
0.0567624;-2.92888;
0.0567824;-2.92724;
0.0568024;-2.92559;
0.0568224;-2.92395;
0.0568424;-2.9223;
0.0568624;-2.92066;
0.0568824;-2.91901;
0.0569024;-2.91736;
0.0569224;-2.91572;
0.0569424;-2.91407;
0.0569624;-2.91242;
0.0569824;-2.91078;
0.057;-2.90933;
0.0570001;-2.90932;
0.0570003;-2.9093;
0.0570007;-2.90927;
0.057001;-2.90925;
0.0570011;-2.90924;
0.0570012;-2.90923;
0.0570016;-2.9092;
0.0570022;-2.90915;
0.0570035;-2.90904;
0.057006;-2.90883;
0.0570112;-2.90841;
0.0570214;-2.90757;
0.0570414;-2.90592;
0.0570614;-2.90427;
0.0570814;-2.90262;
0.0571014;-2.90098;
0.0571214;-2.89933;
0.0571414;-2.89768;
0.0571614;-2.89604;
0.0571814;-2.89439;
0.0572014;-2.89274;
0.0572214;-2.89109;
0.0572414;-2.88944;
0.0572614;-2.8878;
0.0572814;-2.88615;
0.0573014;-2.8845;
0.0573214;-2.88285;
0.0573414;-2.8812;
0.0573614;-2.87955;
0.0573814;-2.8779;
0.0574014;-2.87625;
0.0574214;-2.87461;
0.0574414;-2.87296;
0.0574614;-2.87131;
0.0574814;-2.86966;
0.057501;-2.86804;
0.0575011;-2.86803;
0.0575013;-2.86802;
0.0575017;-2.86798;
0.057502;-2.86796;
0.0575021;-2.86795;
0.0575022;-2.86794;
0.0575026;-2.86791;
0.0575032;-2.86786;
0.0575045;-2.86775;
0.057507;-2.86754;
0.0575122;-2.86712;
0.0575224;-2.86628;
0.0575424;-2.86463;
0.0575624;-2.86298;
0.0575824;-2.86133;
0.0576024;-2.85968;
0.0576224;-2.85803;
0.0576424;-2.85638;
0.0576624;-2.85473;
0.0576824;-2.85308;
0.0577024;-2.85143;
0.0577224;-2.84977;
0.0577424;-2.84812;
0.0577624;-2.84647;
0.0577824;-2.84482;
0.0578024;-2.84317;
0.0578224;-2.84152;
0.0578424;-2.83987;
0.0578624;-2.83822;
0.0578824;-2.83657;
0.0579024;-2.83491;
0.0579224;-2.83326;
0.0579424;-2.83161;
0.0579624;-2.82996;
0.0579824;-2.82831;
0.058;-2.82685;
0.0580001;-2.82684;
0.0580003;-2.82683;
0.0580007;-2.8268;
0.058001;-2.82677;
0.0580011;-2.82676;
0.0580012;-2.82675;
0.0580016;-2.82672;
0.0580022;-2.82667;
0.0580035;-2.82657;
0.058006;-2.82635;
0.0580112;-2.82593;
0.0580214;-2.82509;
0.0580414;-2.82343;
0.0580614;-2.82178;
0.0580814;-2.82013;
0.0581014;-2.81848;
0.0581214;-2.81682;
0.0581414;-2.81517;
0.0581614;-2.81352;
0.0581814;-2.81186;
0.0582014;-2.81021;
0.0582214;-2.80856;
0.0582414;-2.8069;
0.0582614;-2.80525;
0.0582814;-2.8036;
0.0583014;-2.80194;
0.0583214;-2.80029;
0.0583414;-2.79864;
0.0583614;-2.79698;
0.0583814;-2.79533;
0.0584014;-2.79367;
0.0584214;-2.79202;
0.0584414;-2.79037;
0.0584614;-2.78871;
0.0584814;-2.78706;
0.058501;-2.78544;
0.0585011;-2.78543;
0.0585013;-2.78541;
0.0585017;-2.78538;
0.058502;-2.78535;
0.0585021;-2.78535;
0.0585022;-2.78533;
0.0585026;-2.78531;
0.0585032;-2.78525;
0.0585045;-2.78515;
0.058507;-2.78494;
0.0585122;-2.78451;
0.0585224;-2.78366;
0.0585424;-2.78201;
0.0585624;-2.78036;
0.0585824;-2.7787;
0.0586024;-2.77705;
0.0586224;-2.77539;
0.0586424;-2.77373;
0.0586624;-2.77208;
0.0586824;-2.77042;
0.0587024;-2.76877;
0.0587224;-2.76711;
0.0587424;-2.76546;
0.0587624;-2.7638;
0.0587824;-2.76215;
0.0588024;-2.76049;
0.0588224;-2.75883;
0.0588424;-2.75718;
0.0588624;-2.75552;
0.0588824;-2.75386;
0.0589024;-2.75221;
0.0589224;-2.75055;
0.0589424;-2.74889;
0.0589624;-2.74724;
0.0589824;-2.74558;
0.059;-2.74412;
0.0590001;-2.74411;
0.0590003;-2.7441;
0.0590007;-2.74406;
0.059001;-2.74404;
0.0590011;-2.74403;
0.0590012;-2.74402;
0.0590016;-2.74399;
0.0590022;-2.74394;
0.0590035;-2.74383;
0.059006;-2.74362;
0.0590112;-2.7432;
0.0590214;-2.74235;
0.0590414;-2.74069;
0.0590614;-2.73904;
0.0590814;-2.73738;
0.0591014;-2.73572;
0.0591214;-2.73406;
0.0591414;-2.73241;
0.0591614;-2.73075;
0.0591814;-2.72909;
0.0592014;-2.72743;
0.0592214;-2.72577;
0.0592414;-2.72412;
0.0592614;-2.72246;
0.0592814;-2.7208;
0.0593014;-2.71914;
0.0593214;-2.71748;
0.0593414;-2.71582;
0.0593614;-2.71417;
0.0593814;-2.71251;
0.0594014;-2.71085;
0.0594214;-2.70919;
0.0594414;-2.70753;
0.0594614;-2.70587;
0.0594814;-2.70421;
0.059501;-2.70259;
0.0595011;-2.70258;
0.0595013;-2.70256;
0.0595017;-2.70253;
0.059502;-2.7025;
0.0595021;-2.7025;
0.0595022;-2.70248;
0.0595026;-2.70246;
0.0595032;-2.7024;
0.0595045;-2.7023;
0.059507;-2.70209;
0.0595122;-2.70166;
0.0595224;-2.70081;
0.0595424;-2.69915;
0.0595624;-2.69749;
0.0595824;-2.69583;
0.0596024;-2.69417;
0.0596224;-2.69251;
0.0596424;-2.69085;
0.0596624;-2.68919;
0.0596824;-2.68753;
0.0597024;-2.68587;
0.0597224;-2.68421;
0.0597424;-2.68255;
0.0597624;-2.68089;
0.0597824;-2.67923;
0.0598024;-2.67757;
0.0598224;-2.67591;
0.0598424;-2.67425;
0.0598624;-2.67259;
0.0598824;-2.67093;
0.0599024;-2.66927;
0.0599224;-2.66761;
0.0599424;-2.66595;
0.0599624;-2.66428;
0.0599824;-2.66262;
0.06;-2.66116;
0.0600001;-2.66115;
0.0600003;-2.66114;
0.0600007;-2.6611;
0.060001;-2.66108;
0.0600011;-2.66107;
0.0600012;-2.66106;
0.0600016;-2.66103;
0.0600022;-2.66098;
0.0600035;-2.66087;
0.060006;-2.66066;
0.0600112;-2.66023;
0.0600214;-2.65938;
0.0600414;-2.65772;
0.0600614;-2.65606;
0.0600814;-2.6544;
0.0601014;-2.65274;
0.0601214;-2.65107;
0.0601414;-2.64941;
0.0601614;-2.64775;
0.0601814;-2.64609;
0.0602014;-2.64443;
0.0602214;-2.64276;
0.0602414;-2.6411;
0.0602614;-2.63944;
0.0602814;-2.63778;
0.0603014;-2.63611;
0.0603214;-2.63445;
0.0603414;-2.63279;
0.0603614;-2.63113;
0.0603814;-2.62946;
0.0604014;-2.6278;
0.0604214;-2.62614;
0.0604414;-2.62447;
0.0604614;-2.62281;
0.0604814;-2.62115;
0.060501;-2.61952;
0.0605011;-2.61951;
0.0605013;-2.61949;
0.0605017;-2.61946;
0.060502;-2.61943;
0.0605021;-2.61943;
0.0605022;-2.61941;
0.0605026;-2.61939;
0.0605032;-2.61933;
0.0605045;-2.61923;
0.060507;-2.61902;
0.0605122;-2.61859;
0.0605224;-2.61774;
0.0605424;-2.61607;
0.0605624;-2.61441;
0.0605824;-2.61275;
0.0606024;-2.61108;
0.0606224;-2.60942;
0.0606424;-2.60776;
0.0606624;-2.60609;
0.0606824;-2.60443;
0.0607024;-2.60276;
0.0607224;-2.6011;
0.0607424;-2.59943;
0.0607624;-2.59777;
0.0607824;-2.59611;
0.0608024;-2.59444;
0.0608224;-2.59278;
0.0608424;-2.59111;
0.0608624;-2.58945;
0.0608824;-2.58778;
0.0609024;-2.58612;
0.0609224;-2.58445;
0.0609424;-2.58279;
0.0609624;-2.58112;
0.0609824;-2.57946;
0.061;-2.57799;
0.0610001;-2.57798;
0.0610003;-2.57797;
0.0610007;-2.57793;
0.061001;-2.57791;
0.0610011;-2.5779;
0.0610012;-2.57789;
0.0610016;-2.57786;
0.0610022;-2.57781;
0.0610035;-2.5777;
0.061006;-2.57749;
0.0610112;-2.57706;
0.0610214;-2.57621;
0.0610414;-2.57454;
0.0610614;-2.57288;
0.0610814;-2.57121;
0.0611014;-2.56955;
0.0611214;-2.56788;
0.0611414;-2.56622;
0.0611614;-2.56455;
0.0611814;-2.56288;
0.0612014;-2.56122;
0.0612214;-2.55955;
0.0612414;-2.55789;
0.0612614;-2.55622;
0.0612814;-2.55455;
0.0613014;-2.55289;
0.0613214;-2.55122;
0.0613414;-2.54955;
0.0613614;-2.54789;
0.0613814;-2.54622;
0.0614014;-2.54455;
0.0614214;-2.54289;
0.0614414;-2.54122;
0.0614614;-2.53955;
0.0614814;-2.53789;
0.061501;-2.53625;
0.0615011;-2.53624;
0.0615013;-2.53623;
0.0615017;-2.53619;
0.061502;-2.53617;
0.0615021;-2.53616;
0.0615022;-2.53615;
0.0615026;-2.53612;
0.0615032;-2.53607;
0.0615045;-2.53596;
0.061507;-2.53575;
0.0615122;-2.53532;
0.0615224;-2.53447;
0.0615424;-2.5328;
0.0615624;-2.53113;
0.0615824;-2.52947;
0.0616024;-2.5278;
0.0616224;-2.52613;
0.0616424;-2.52446;
0.0616624;-2.5228;
0.0616824;-2.52113;
0.0617024;-2.51946;
0.0617224;-2.51779;
0.0617424;-2.51613;
0.0617624;-2.51446;
0.0617824;-2.51279;
0.0618024;-2.51112;
0.0618224;-2.50945;
0.0618424;-2.50778;
0.0618624;-2.50612;
0.0618824;-2.50445;
0.0619024;-2.50278;
0.0619224;-2.50111;
0.0619424;-2.49944;
0.0619624;-2.49777;
0.0619824;-2.4961;
0.062;-2.49464;
0.0620001;-2.49463;
0.0620003;-2.49461;
0.0620007;-2.49458;
0.062001;-2.49455;
0.0620011;-2.49455;
0.0620012;-2.49453;
0.0620016;-2.49451;
0.0620022;-2.49445;
0.0620035;-2.49435;
0.062006;-2.49413;
0.0620112;-2.49371;
0.0620214;-2.49285;
0.0620414;-2.49118;
0.0620614;-2.48951;
0.0620814;-2.48784;
0.0621014;-2.48617;
0.0621214;-2.48451;
0.0621414;-2.48284;
0.0621614;-2.48117;
0.0621814;-2.4795;
0.0622014;-2.47783;
0.0622214;-2.47616;
0.0622414;-2.47449;
0.0622614;-2.47282;
0.0622814;-2.47115;
0.0623014;-2.46948;
0.0623214;-2.46781;
0.0623414;-2.46614;
0.0623614;-2.46447;
0.0623814;-2.4628;
0.0624014;-2.46113;
0.0624214;-2.45946;
0.0624414;-2.45779;
0.0624614;-2.45612;
0.0624814;-2.45445;
0.062501;-2.45281;
0.0625011;-2.4528;
0.0625013;-2.45279;
0.0625017;-2.45275;
0.062502;-2.45273;
0.0625021;-2.45272;
0.0625022;-2.45271;
0.0625026;-2.45268;
0.0625032;-2.45263;
0.0625045;-2.45252;
0.062507;-2.45231;
0.0625122;-2.45188;
0.0625224;-2.45103;
0.0625424;-2.44935;
0.0625624;-2.44768;
0.0625824;-2.44601;
0.0626024;-2.44434;
0.0626224;-2.44267;
0.0626424;-2.441;
0.0626624;-2.43933;
0.0626824;-2.43766;
0.0627024;-2.43599;
0.0627224;-2.43432;
0.0627424;-2.43265;
0.0627624;-2.43098;
0.0627824;-2.4293;
0.0628024;-2.42763;
0.0628224;-2.42596;
0.0628424;-2.42429;
0.0628624;-2.42262;
0.0628824;-2.42095;
0.0629024;-2.41928;
0.0629224;-2.4176;
0.0629424;-2.41593;
0.0629624;-2.41426;
0.0629824;-2.41259;
0.063;-2.41112;
0.0630001;-2.41111;
0.0630003;-2.41109;
0.0630007;-2.41106;
0.063001;-2.41103;
0.0630011;-2.41103;
0.0630012;-2.41101;
0.0630016;-2.41099;
0.0630022;-2.41093;
0.0630035;-2.41083;
0.063006;-2.41061;
0.0630112;-2.41018;
0.0630214;-2.40933;
0.0630414;-2.40766;
0.0630614;-2.40598;
0.0630814;-2.40431;
0.0631014;-2.40264;
0.0631214;-2.40097;
0.0631414;-2.3993;
0.0631614;-2.39762;
0.0631814;-2.39595;
0.0632014;-2.39428;
0.0632214;-2.39261;
0.0632414;-2.39093;
0.0632614;-2.38926;
0.0632814;-2.38759;
0.0633014;-2.38592;
0.0633214;-2.38424;
0.0633414;-2.38257;
0.0633614;-2.3809;
0.0633814;-2.37923;
0.0634014;-2.37755;
0.0634214;-2.37588;
0.0634414;-2.37421;
0.0634614;-2.37253;
0.0634814;-2.37086;
0.063501;-2.36922;
0.0635011;-2.36921;
0.0635013;-2.3692;
0.0635017;-2.36916;
0.063502;-2.36914;
0.0635021;-2.36913;
0.0635022;-2.36912;
0.0635026;-2.36909;
0.0635032;-2.36904;
0.0635045;-2.36893;
0.063507;-2.36871;
0.0635122;-2.36829;
0.0635224;-2.36743;
0.0635424;-2.36576;
0.0635624;-2.36408;
0.0635824;-2.36241;
0.0636024;-2.36074;
0.0636224;-2.35906;
0.0636424;-2.35739;
0.0636624;-2.35572;
0.0636824;-2.35404;
0.0637024;-2.35237;
0.0637224;-2.35069;
0.0637424;-2.34902;
0.0637624;-2.34735;
0.0637824;-2.34567;
0.0638024;-2.344;
0.0638224;-2.34232;
0.0638424;-2.34065;
0.0638624;-2.33898;
0.0638824;-2.3373;
0.0639024;-2.33563;
0.0639224;-2.33395;
0.0639424;-2.33228;
0.0639624;-2.33061;
0.0639824;-2.32893;
0.064;-2.32746;
0.0640001;-2.32745;
0.0640003;-2.32743;
0.0640007;-2.3274;
0.064001;-2.32737;
0.0640011;-2.32737;
0.0640012;-2.32735;
0.0640016;-2.32733;
0.0640022;-2.32727;
0.0640035;-2.32717;
0.064006;-2.32695;
0.0640112;-2.32652;
0.0640214;-2.32567;
0.0640414;-2.32399;
0.0640614;-2.32232;
0.0640814;-2.32064;
0.0641014;-2.31897;
0.0641214;-2.31729;
0.0641414;-2.31562;
0.0641614;-2.31394;
0.0641814;-2.31227;
0.0642014;-2.31059;
0.0642214;-2.30892;
0.0642414;-2.30724;
0.0642614;-2.30557;
0.0642814;-2.30389;
0.0643014;-2.30222;
0.0643214;-2.30054;
0.0643414;-2.29887;
0.0643614;-2.29719;
0.0643814;-2.29552;
0.0644014;-2.29384;
0.0644214;-2.29216;
0.0644414;-2.29049;
0.0644614;-2.28881;
0.0644814;-2.28714;
0.064501;-2.2855;
0.0645011;-2.28549;
0.0645013;-2.28547;
0.0645017;-2.28544;
0.064502;-2.28541;
0.0645021;-2.28541;
0.0645022;-2.28539;
0.0645026;-2.28537;
0.0645032;-2.28531;
0.0645045;-2.2852;
0.064507;-2.28499;
0.0645122;-2.28456;
0.0645224;-2.2837;
0.0645424;-2.28203;
0.0645624;-2.28035;
0.0645824;-2.27868;
0.0646024;-2.277;
0.0646224;-2.27532;
0.0646424;-2.27365;
0.0646624;-2.27197;
0.0646824;-2.2703;
0.0647024;-2.26862;
0.0647224;-2.26694;
0.0647424;-2.26527;
0.0647624;-2.26359;
0.0647824;-2.26192;
0.0648024;-2.26024;
0.0648224;-2.25856;
0.0648424;-2.25689;
0.0648624;-2.25521;
0.0648824;-2.25353;
0.0649024;-2.25186;
0.0649224;-2.25018;
0.0649424;-2.2485;
0.0649624;-2.24683;
0.0649824;-2.24515;
0.065;-2.24367;
0.0650001;-2.24367;
0.0650003;-2.24365;
0.0650007;-2.24362;
0.065001;-2.24359;
0.0650011;-2.24358;
0.0650012;-2.24357;
0.0650016;-2.24354;
0.0650022;-2.24349;
0.0650035;-2.24338;
0.065006;-2.24317;
0.0650112;-2.24274;
0.0650214;-2.24188;
0.0650414;-2.2402;
0.0650614;-2.23853;
0.0650814;-2.23685;
0.0651014;-2.23517;
0.0651214;-2.2335;
0.0651414;-2.23182;
0.0651614;-2.23014;
0.0651814;-2.22847;
0.0652014;-2.22679;
0.0652214;-2.22511;
0.0652414;-2.22343;
0.0652614;-2.22176;
0.0652814;-2.22008;
0.0653014;-2.2184;
0.0653214;-2.21672;
0.0653414;-2.21505;
0.0653614;-2.21337;
0.0653814;-2.21169;
0.0654014;-2.21001;
0.0654214;-2.20834;
0.0654414;-2.20666;
0.0654614;-2.20498;
0.0654814;-2.2033;
0.065501;-2.20166;
0.0655011;-2.20165;
0.0655013;-2.20164;
0.0655017;-2.2016;
0.065502;-2.20158;
0.0655021;-2.20157;
0.0655022;-2.20156;
0.0655026;-2.20153;
0.0655032;-2.20148;
0.0655045;-2.20137;
0.065507;-2.20115;
0.0655122;-2.20072;
0.0655224;-2.19987;
0.0655424;-2.19819;
0.0655624;-2.19651;
0.0655824;-2.19483;
0.0656024;-2.19315;
0.0656224;-2.19148;
0.0656424;-2.1898;
0.0656624;-2.18812;
0.0656824;-2.18644;
0.0657024;-2.18476;
0.0657224;-2.18309;
0.0657424;-2.18141;
0.0657624;-2.17973;
0.0657824;-2.17805;
0.0658024;-2.17637;
0.0658224;-2.1747;
0.0658424;-2.17302;
0.0658624;-2.17134;
0.0658824;-2.16966;
0.0659024;-2.16798;
0.0659224;-2.1663;
0.0659424;-2.16463;
0.0659624;-2.16295;
0.0659824;-2.16127;
0.066;-2.15979;
0.0660001;-2.15978;
0.0660003;-2.15977;
0.0660007;-2.15973;
0.066001;-2.15971;
0.0660011;-2.1597;
0.0660012;-2.15969;
0.0660016;-2.15966;
0.0660022;-2.15961;
0.0660035;-2.1595;
0.066006;-2.15928;
0.0660112;-2.15885;
0.0660214;-2.15799;
0.0660414;-2.15632;
0.0660614;-2.15464;
0.0660814;-2.15296;
0.0661014;-2.15128;
0.0661214;-2.1496;
0.0661414;-2.14792;
0.0661614;-2.14624;
0.0661814;-2.14457;
0.0662014;-2.14289;
0.0662214;-2.14121;
0.0662414;-2.13953;
0.0662614;-2.13785;
0.0662814;-2.13617;
0.0663014;-2.13449;
0.0663214;-2.13281;
0.0663414;-2.13113;
0.0663614;-2.12945;
0.0663814;-2.12778;
0.0664014;-2.1261;
0.0664214;-2.12442;
0.0664414;-2.12274;
0.0664614;-2.12106;
0.0664814;-2.11938;
0.066501;-2.11773;
0.0665011;-2.11772;
0.0665013;-2.11771;
0.0665017;-2.11767;
0.066502;-2.11765;
0.0665021;-2.11764;
0.0665022;-2.11763;
0.0665026;-2.1176;
0.0665032;-2.11755;
0.0665045;-2.11744;
0.066507;-2.11723;
0.0665122;-2.1168;
0.0665224;-2.11594;
0.0665424;-2.11426;
0.0665624;-2.11258;
0.0665824;-2.1109;
0.0666024;-2.10922;
0.0666224;-2.10754;
0.0666424;-2.10586;
0.0666624;-2.10418;
0.0666824;-2.1025;
0.0667024;-2.10082;
0.0667224;-2.09914;
0.0667424;-2.09746;
0.0667624;-2.09578;
0.0667824;-2.0941;
0.0668024;-2.09242;
0.0668224;-2.09074;
0.0668424;-2.08906;
0.0668624;-2.08738;
0.0668824;-2.0857;
0.0669024;-2.08402;
0.0669224;-2.08234;
0.0669424;-2.08066;
0.0669624;-2.07898;
0.0669824;-2.0773;
0.067;-2.07583;
0.0670001;-2.07582;
0.0670003;-2.0758;
0.0670007;-2.07577;
0.067001;-2.07574;
0.0670011;-2.07573;
0.0670012;-2.07572;
0.0670016;-2.07569;
0.0670022;-2.07564;
0.0670035;-2.07553;
0.067006;-2.07532;
0.0670112;-2.07489;
0.0670214;-2.07403;
0.0670414;-2.07235;
0.0670614;-2.07067;
0.0670814;-2.06899;
0.0671014;-2.06731;
0.0671214;-2.06563;
0.0671414;-2.06395;
0.0671614;-2.06227;
0.0671814;-2.06059;
0.0672014;-2.05891;
0.0672214;-2.05723;
0.0672414;-2.05555;
0.0672614;-2.05387;
0.0672814;-2.05219;
0.0673014;-2.0505;
0.0673214;-2.04882;
0.0673414;-2.04714;
0.0673614;-2.04546;
0.0673814;-2.04378;
0.0674014;-2.0421;
0.0674214;-2.04042;
0.0674414;-2.03874;
0.0674614;-2.03706;
0.0674814;-2.03538;
0.067501;-2.03373;
0.0675011;-2.03373;
0.0675013;-2.03371;
0.0675017;-2.03367;
0.067502;-2.03365;
0.0675021;-2.03364;
0.0675022;-2.03363;
0.0675026;-2.0336;
0.0675032;-2.03355;
0.0675045;-2.03344;
0.067507;-2.03323;
0.0675122;-2.0328;
0.0675224;-2.03194;
0.0675424;-2.03025;
0.0675624;-2.02857;
0.0675824;-2.02689;
0.0676024;-2.02521;
0.0676224;-2.02353;
0.0676424;-2.02185;
0.0676624;-2.02017;
0.0676824;-2.01849;
0.0677024;-2.01681;
0.0677224;-2.01513;
0.0677424;-2.01345;
0.0677624;-2.01177;
0.0677824;-2.01009;
0.0678024;-2.0084;
0.0678224;-2.00672;
0.0678424;-2.00504;
0.0678624;-2.00336;
0.0678824;-2.00168;
0.0679024;-2;
0.0679224;-1.99832;
0.0679424;-1.99664;
0.0679624;-1.99496;
0.0679824;-1.99328;
0.068;-1.9918;
0.0680001;-1.99179;
0.0680003;-1.99177;
0.0680007;-1.99174;
0.068001;-1.99171;
0.0680011;-1.99171;
0.0680012;-1.99169;
0.0680016;-1.99167;
0.0680022;-1.99161;
0.0680035;-1.9915;
0.068006;-1.99129;
0.0680112;-1.99086;
0.0680214;-1.99;
0.0680414;-1.98832;
0.0680614;-1.98664;
0.0680814;-1.98495;
0.0681014;-1.98327;
0.0681214;-1.98159;
0.0681414;-1.97991;
0.0681614;-1.97823;
0.0681814;-1.97655;
0.0682014;-1.97487;
0.0682214;-1.97319;
0.0682414;-1.9715;
0.0682614;-1.96982;
0.0682814;-1.96814;
0.0683014;-1.96646;
0.0683214;-1.96478;
0.0683414;-1.9631;
0.0683614;-1.96142;
0.0683814;-1.95974;
0.0684014;-1.95805;
0.0684214;-1.95637;
0.0684414;-1.95469;
0.0684614;-1.95301;
0.0684814;-1.95133;
0.068501;-1.94968;
0.0685011;-1.94967;
0.0685013;-1.94966;
0.0685017;-1.94962;
0.068502;-1.9496;
0.0685021;-1.94959;
0.0685022;-1.94958;
0.0685026;-1.94955;
0.0685032;-1.9495;
0.0685045;-1.94939;
0.068507;-1.94917;
0.0685122;-1.94874;
0.0685224;-1.94788;
0.0685424;-1.9462;
0.0685624;-1.94452;
0.0685824;-1.94284;
0.0686024;-1.94116;
0.0686224;-1.93947;
0.0686424;-1.93779;
0.0686624;-1.93611;
0.0686824;-1.93443;
0.0687024;-1.93275;
0.0687224;-1.93107;
0.0687424;-1.92938;
0.0687624;-1.9277;
0.0687824;-1.92602;
0.0688024;-1.92434;
0.0688224;-1.92266;
0.0688424;-1.92098;
0.0688624;-1.91929;
0.0688824;-1.91761;
0.0689024;-1.91593;
0.0689224;-1.91425;
0.0689424;-1.91257;
0.0689624;-1.91089;
0.0689824;-1.9092;
0.069;-1.90772;
0.0690001;-1.90772;
0.0690003;-1.9077;
0.0690007;-1.90766;
0.069001;-1.90764;
0.0690011;-1.90763;
0.0690012;-1.90762;
0.0690016;-1.90759;
0.0690022;-1.90754;
0.0690035;-1.90743;
0.069006;-1.90722;
0.0690112;-1.90679;
0.0690214;-1.90592;
0.0690414;-1.90424;
0.0690614;-1.90256;
0.0690814;-1.90088;
0.0691014;-1.8992;
0.0691214;-1.89751;
0.0691414;-1.89583;
0.0691614;-1.89415;
0.0691814;-1.89247;
0.0692014;-1.89079;
0.0692214;-1.88911;
0.0692414;-1.88742;
0.0692614;-1.88574;
0.0692814;-1.88406;
0.0693014;-1.88238;
0.0693214;-1.8807;
0.0693414;-1.87901;
0.0693614;-1.87733;
0.0693814;-1.87565;
0.0694014;-1.87397;
0.0694214;-1.87229;
0.0694414;-1.8706;
0.0694614;-1.86892;
0.0694814;-1.86724;
0.069501;-1.86559;
0.0695011;-1.86558;
0.0695013;-1.86557;
0.0695017;-1.86553;
0.069502;-1.86551;
0.0695021;-1.8655;
0.0695022;-1.86549;
0.0695026;-1.86546;
0.0695032;-1.86541;
0.0695045;-1.8653;
0.069507;-1.86508;
0.0695122;-1.86465;
0.0695224;-1.86379;
0.0695424;-1.86211;
0.0695624;-1.86043;
0.0695824;-1.85875;
0.0696024;-1.85706;
0.0696224;-1.85538;
0.0696424;-1.8537;
0.0696624;-1.85202;
0.0696824;-1.85034;
0.0697024;-1.84865;
0.0697224;-1.84697;
0.0697424;-1.84529;
0.0697624;-1.84361;
0.0697824;-1.84193;
0.0698024;-1.84024;
0.0698224;-1.83856;
0.0698424;-1.83688;
0.0698624;-1.8352;
0.0698824;-1.83351;
0.0699024;-1.83183;
0.0699224;-1.83015;
0.0699424;-1.82847;
0.0699624;-1.82679;
0.0699824;-1.8251;
0.07;-1.82362;
0.0700001;-1.82362;
0.0700003;-1.8236;
0.0700007;-1.82356;
0.070001;-1.82354;
0.0700011;-1.82353;
0.0700012;-1.82352;
0.0700016;-1.82349;
0.0700022;-1.82344;
0.0700035;-1.82333;
0.070006;-1.82312;
0.0700112;-1.82269;
0.0700214;-1.82182;
0.0700414;-1.82014;
0.0700614;-1.81846;
0.0700814;-1.81678;
0.0701014;-1.8151;
0.0701214;-1.81341;
0.0701414;-1.81173;
0.0701614;-1.81005;
0.0701814;-1.80837;
0.0702014;-1.80668;
0.0702214;-1.805;
0.0702414;-1.80332;
0.0702614;-1.80164;
0.0702814;-1.79996;
0.0703014;-1.79827;
0.0703214;-1.79659;
0.0703414;-1.79491;
0.0703614;-1.79323;
0.0703814;-1.79154;
0.0704014;-1.78986;
0.0704214;-1.78818;
0.0704414;-1.7865;
0.0704614;-1.78482;
0.0704814;-1.78313;
0.070501;-1.78149;
0.0705011;-1.78148;
0.0705013;-1.78146;
0.0705017;-1.78143;
0.070502;-1.7814;
0.0705021;-1.78139;
0.0705022;-1.78138;
0.0705026;-1.78135;
0.0705032;-1.7813;
0.0705045;-1.78119;
0.070507;-1.78098;
0.0705122;-1.78055;
0.0705224;-1.77969;
0.0705424;-1.778;
0.0705624;-1.77632;
0.0705824;-1.77464;
0.0706024;-1.77296;
0.0706224;-1.77127;
0.0706424;-1.76959;
0.0706624;-1.76791;
0.0706824;-1.76623;
0.0707024;-1.76455;
0.0707224;-1.76286;
0.0707424;-1.76118;
0.0707624;-1.7595;
0.0707824;-1.75782;
0.0708024;-1.75613;
0.0708224;-1.75445;
0.0708424;-1.75277;
0.0708624;-1.75109;
0.0708824;-1.74941;
0.0709024;-1.74772;
0.0709224;-1.74604;
0.0709424;-1.74436;
0.0709624;-1.74268;
0.0709824;-1.74099;
0.071;-1.73951;
0.0710001;-1.73951;
0.0710003;-1.73949;
0.0710007;-1.73946;
0.071001;-1.73943;
0.0710011;-1.73942;
0.0710012;-1.73941;
0.0710016;-1.73938;
0.0710022;-1.73933;
0.0710035;-1.73922;
0.071006;-1.73901;
0.0710112;-1.73858;
0.0710214;-1.73771;
0.0710414;-1.73603;
0.0710614;-1.73435;
0.0710814;-1.73267;
0.0711014;-1.73099;
0.0711214;-1.7293;
0.0711414;-1.72762;
0.0711614;-1.72594;
0.0711814;-1.72426;
0.0712014;-1.72258;
0.0712214;-1.72089;
0.0712414;-1.71921;
0.0712614;-1.71753;
0.0712814;-1.71585;
0.0713014;-1.71416;
0.0713214;-1.71248;
0.0713414;-1.7108;
0.0713614;-1.70912;
0.0713814;-1.70744;
0.0714014;-1.70575;
0.0714214;-1.70407;
0.0714414;-1.70239;
0.0714614;-1.70071;
0.0714814;-1.69903;
0.071501;-1.69738;
0.0715011;-1.69737;
0.0715013;-1.69735;
0.0715017;-1.69732;
0.071502;-1.69729;
0.0715021;-1.69729;
0.0715022;-1.69727;
0.0715026;-1.69725;
0.0715032;-1.69719;
0.0715045;-1.69708;
0.071507;-1.69687;
0.0715122;-1.69644;
0.0715224;-1.69558;
0.0715424;-1.6939;
0.0715624;-1.69221;
0.0715824;-1.69053;
0.0716024;-1.68885;
0.0716224;-1.68717;
0.0716424;-1.68549;
0.0716624;-1.6838;
0.0716824;-1.68212;
0.0717024;-1.68044;
0.0717224;-1.67876;
0.0717424;-1.67708;
0.0717624;-1.67539;
0.0717824;-1.67371;
0.0718024;-1.67203;
0.0718224;-1.67035;
0.0718424;-1.66867;
0.0718624;-1.66698;
0.0718824;-1.6653;
0.0719024;-1.66362;
0.0719224;-1.66194;
0.0719424;-1.66026;
0.0719624;-1.65857;
0.0719824;-1.65689;
0.072;-1.65541;
0.0720001;-1.6554;
0.0720003;-1.65539;
0.0720007;-1.65535;
0.072001;-1.65533;
0.0720011;-1.65532;
0.0720012;-1.65531;
0.0720016;-1.65528;
0.0720022;-1.65523;
0.0720035;-1.65512;
0.072006;-1.6549;
0.0720112;-1.65447;
0.0720214;-1.65361;
0.0720414;-1.65193;
0.0720614;-1.65025;
0.0720814;-1.64857;
0.0721014;-1.64689;
0.0721214;-1.6452;
0.0721414;-1.64352;
0.0721614;-1.64184;
0.0721814;-1.64016;
0.0722014;-1.63848;
0.0722214;-1.6368;
0.0722414;-1.63511;
0.0722614;-1.63343;
0.0722814;-1.63175;
0.0723014;-1.63007;
0.0723214;-1.62839;
0.0723414;-1.62671;
0.0723614;-1.62502;
0.0723814;-1.62334;
0.0724014;-1.62166;
0.0724214;-1.61998;
0.0724414;-1.6183;
0.0724614;-1.61662;
0.0724814;-1.61493;
0.072501;-1.61329;
0.0725011;-1.61328;
0.0725013;-1.61326;
0.0725017;-1.61323;
0.072502;-1.6132;
0.0725021;-1.6132;
0.0725022;-1.61318;
0.0725026;-1.61315;
0.0725032;-1.6131;
0.0725045;-1.61299;
0.072507;-1.61278;
0.0725122;-1.61235;
0.0725224;-1.61149;
0.0725424;-1.60981;
0.0725624;-1.60812;
0.0725824;-1.60644;
0.0726024;-1.60476;
0.0726224;-1.60308;
0.0726424;-1.6014;
0.0726624;-1.59972;
0.0726824;-1.59803;
0.0727024;-1.59635;
0.0727224;-1.59467;
0.0727424;-1.59299;
0.0727624;-1.59131;
0.0727824;-1.58963;
0.0728024;-1.58795;
0.0728224;-1.58626;
0.0728424;-1.58458;
0.0728624;-1.5829;
0.0728824;-1.58122;
0.0729024;-1.57954;
0.0729224;-1.57786;
0.0729424;-1.57618;
0.0729624;-1.5745;
0.0729824;-1.57281;
0.073;-1.57134;
0.0730001;-1.57133;
0.0730003;-1.57131;
0.0730007;-1.57128;
0.073001;-1.57125;
0.0730011;-1.57124;
0.0730012;-1.57123;
0.0730016;-1.5712;
0.0730022;-1.57115;
0.0730035;-1.57104;
0.073006;-1.57083;
0.0730112;-1.5704;
0.0730214;-1.56954;
0.0730414;-1.56786;
0.0730614;-1.56617;
0.0730814;-1.56449;
0.0731014;-1.56281;
0.0731214;-1.56113;
0.0731414;-1.55945;
0.0731614;-1.55777;
0.0731814;-1.55609;
0.0732014;-1.55441;
0.0732214;-1.55273;
0.0732414;-1.55104;
0.0732614;-1.54936;
0.0732814;-1.54768;
0.0733014;-1.546;
0.0733214;-1.54432;
0.0733414;-1.54264;
0.0733614;-1.54096;
0.0733814;-1.53928;
0.0734014;-1.5376;
0.0734214;-1.53592;
0.0734414;-1.53423;
0.0734614;-1.53255;
0.0734814;-1.53087;
0.073501;-1.52923;
0.0735011;-1.52922;
0.0735013;-1.5292;
0.0735017;-1.52917;
0.073502;-1.52914;
0.0735021;-1.52914;
0.0735022;-1.52912;
0.0735026;-1.5291;
0.0735032;-1.52904;
0.0735045;-1.52893;
0.073507;-1.52872;
0.0735122;-1.52829;
0.0735224;-1.52743;
0.0735424;-1.52575;
0.0735624;-1.52407;
0.0735824;-1.52239;
0.0736024;-1.5207;
0.0736224;-1.51902;
0.0736424;-1.51734;
0.0736624;-1.51566;
0.0736824;-1.51398;
0.0737024;-1.5123;
0.0737224;-1.51062;
0.0737424;-1.50894;
0.0737624;-1.50726;
0.0737824;-1.50558;
0.0738024;-1.5039;
0.0738224;-1.50222;
0.0738424;-1.50054;
0.0738624;-1.49886;
0.0738824;-1.49718;
0.0739024;-1.4955;
0.0739224;-1.49382;
0.0739424;-1.49214;
0.0739624;-1.49046;
0.0739824;-1.48878;
0.074;-1.4873;
0.0740001;-1.48729;
0.0740003;-1.48727;
0.0740007;-1.48724;
0.074001;-1.48721;
0.0740011;-1.48721;
0.0740012;-1.48719;
0.0740016;-1.48717;
0.0740022;-1.48711;
0.0740035;-1.487;
0.074006;-1.48679;
0.0740112;-1.48636;
0.0740214;-1.4855;
0.0740414;-1.48382;
0.0740614;-1.48214;
0.0740814;-1.48046;
0.0741014;-1.47878;
0.0741214;-1.4771;
0.0741414;-1.47542;
0.0741614;-1.47374;
0.0741814;-1.47206;
0.0742014;-1.47038;
0.0742214;-1.4687;
0.0742414;-1.46702;
0.0742614;-1.46534;
0.0742814;-1.46366;
0.0743014;-1.46198;
0.0743214;-1.4603;
0.0743414;-1.45862;
0.0743614;-1.45694;
0.0743814;-1.45526;
0.0744014;-1.45358;
0.0744214;-1.4519;
0.0744414;-1.45022;
0.0744614;-1.44854;
0.0744814;-1.44686;
0.074501;-1.44521;
0.0745011;-1.44521;
0.0745013;-1.44519;
0.0745017;-1.44516;
0.074502;-1.44513;
0.0745021;-1.44512;
0.0745022;-1.44511;
0.0745026;-1.44508;
0.0745032;-1.44503;
0.0745045;-1.44492;
0.074507;-1.44471;
0.0745122;-1.44428;
0.0745224;-1.44342;
0.0745424;-1.44174;
0.0745624;-1.44006;
0.0745824;-1.43838;
0.0746024;-1.4367;
0.0746224;-1.43502;
0.0746424;-1.43334;
0.0746624;-1.43166;
0.0746824;-1.42998;
0.0747024;-1.4283;
0.0747224;-1.42662;
0.0747424;-1.42494;
0.0747624;-1.42326;
0.0747824;-1.42158;
0.0748024;-1.4199;
0.0748224;-1.41822;
0.0748424;-1.41655;
0.0748624;-1.41487;
0.0748824;-1.41319;
0.0749024;-1.41151;
0.0749224;-1.40983;
0.0749424;-1.40815;
0.0749624;-1.40647;
0.0749824;-1.40479;
0.075;-1.40331;
0.0750001;-1.40331;
0.0750003;-1.40329;
0.0750007;-1.40326;
0.075001;-1.40323;
0.0750011;-1.40322;
0.0750012;-1.40321;
0.0750016;-1.40318;
0.0750022;-1.40313;
0.0750035;-1.40302;
0.075006;-1.40281;
0.0750112;-1.40238;
0.0750214;-1.40152;
0.0750414;-1.39984;
0.0750614;-1.39816;
0.0750814;-1.39648;
0.0751014;-1.3948;
0.0751214;-1.39312;
0.0751414;-1.39144;
0.0751614;-1.38977;
0.0751814;-1.38809;
0.0752014;-1.38641;
0.0752214;-1.38473;
0.0752414;-1.38305;
0.0752614;-1.38137;
0.0752814;-1.37969;
0.0753014;-1.37801;
0.0753214;-1.37634;
0.0753414;-1.37466;
0.0753614;-1.37298;
0.0753814;-1.3713;
0.0754014;-1.36962;
0.0754214;-1.36794;
0.0754414;-1.36627;
0.0754614;-1.36459;
0.0754814;-1.36291;
0.075501;-1.36126;
0.0755011;-1.36126;
0.0755013;-1.36124;
0.0755017;-1.36121;
0.075502;-1.36118;
0.0755021;-1.36117;
0.0755022;-1.36116;
0.0755026;-1.36113;
0.0755032;-1.36108;
0.0755045;-1.36097;
0.075507;-1.36076;
0.0755122;-1.36033;
0.0755224;-1.35947;
0.0755424;-1.35779;
0.0755624;-1.35611;
0.0755824;-1.35443;
0.0756024;-1.35276;
0.0756224;-1.35108;
0.0756424;-1.3494;
0.0756624;-1.34772;
0.0756824;-1.34604;
0.0757024;-1.34437;
0.0757224;-1.34269;
0.0757424;-1.34101;
0.0757624;-1.33933;
0.0757824;-1.33765;
0.0758024;-1.33598;
0.0758224;-1.3343;
0.0758424;-1.33262;
0.0758624;-1.33094;
0.0758824;-1.32927;
0.0759024;-1.32759;
0.0759224;-1.32591;
0.0759424;-1.32423;
0.0759624;-1.32256;
0.0759824;-1.32088;
0.076;-1.3194;
0.0760001;-1.31939;
0.0760003;-1.31938;
0.0760007;-1.31934;
0.076001;-1.31932;
0.0760011;-1.31931;
0.0760012;-1.3193;
0.0760016;-1.31927;
0.0760022;-1.31922;
0.0760035;-1.31911;
0.076006;-1.31889;
0.0760112;-1.31847;
0.0760214;-1.31761;
0.0760414;-1.31593;
0.0760614;-1.31425;
0.0760814;-1.31257;
0.0761014;-1.3109;
0.0761214;-1.30922;
0.0761414;-1.30754;
0.0761614;-1.30587;
0.0761814;-1.30419;
0.0762014;-1.30251;
0.0762214;-1.30083;
0.0762414;-1.29916;
0.0762614;-1.29748;
0.0762814;-1.2958;
0.0763014;-1.29413;
0.0763214;-1.29245;
0.0763414;-1.29077;
0.0763614;-1.2891;
0.0763814;-1.28742;
0.0764014;-1.28574;
0.0764214;-1.28407;
0.0764414;-1.28239;
0.0764614;-1.28071;
0.0764814;-1.27904;
0.076501;-1.27739;
0.0765011;-1.27738;
0.0765013;-1.27737;
0.0765017;-1.27733;
0.076502;-1.27731;
0.0765021;-1.2773;
0.0765022;-1.27729;
0.0765026;-1.27726;
0.0765032;-1.27721;
0.0765045;-1.2771;
0.076507;-1.27689;
0.0765122;-1.27646;
0.0765224;-1.2756;
0.0765424;-1.27392;
0.0765624;-1.27225;
0.0765824;-1.27057;
0.0766024;-1.26889;
0.0766224;-1.26722;
0.0766424;-1.26554;
0.0766624;-1.26386;
0.0766824;-1.26219;
0.0767024;-1.26051;
0.0767224;-1.25883;
0.0767424;-1.25716;
0.0767624;-1.25548;
0.0767824;-1.25381;
0.0768024;-1.25213;
0.0768224;-1.25045;
0.0768424;-1.24878;
0.0768624;-1.2471;
0.0768824;-1.24543;
0.0769024;-1.24375;
0.0769224;-1.24207;
0.0769424;-1.2404;
0.0769624;-1.23872;
0.0769824;-1.23705;
0.077;-1.23557;
0.0770001;-1.23556;
0.0770003;-1.23555;
0.0770007;-1.23551;
0.077001;-1.23549;
0.0770011;-1.23548;
0.0770012;-1.23547;
0.0770016;-1.23544;
0.0770022;-1.23539;
0.0770035;-1.23528;
0.077006;-1.23507;
0.0770112;-1.23464;
0.0770214;-1.23378;
0.0770414;-1.2321;
0.0770614;-1.23043;
0.0770814;-1.22875;
0.0771014;-1.22708;
0.0771214;-1.2254;
0.0771414;-1.22373;
0.0771614;-1.22205;
0.0771814;-1.22038;
0.0772014;-1.2187;
0.0772214;-1.21703;
0.0772414;-1.21535;
0.0772614;-1.21368;
0.0772814;-1.212;
0.0773014;-1.21033;
0.0773214;-1.20865;
0.0773414;-1.20698;
0.0773614;-1.2053;
0.0773814;-1.20363;
0.0774014;-1.20195;
0.0774214;-1.20028;
0.0774414;-1.1986;
0.0774614;-1.19693;
0.0774814;-1.19525;
0.077501;-1.19361;
0.0775011;-1.1936;
0.0775013;-1.19359;
0.0775017;-1.19355;
0.077502;-1.19353;
0.0775021;-1.19352;
0.0775022;-1.19351;
0.0775026;-1.19348;
0.0775032;-1.19343;
0.0775045;-1.19332;
0.077507;-1.19311;
0.0775122;-1.19268;
0.0775224;-1.19182;
0.0775424;-1.19014;
0.0775624;-1.18847;
0.0775824;-1.1868;
0.0776024;-1.18512;
0.0776224;-1.18345;
0.0776424;-1.18177;
0.0776624;-1.1801;
0.0776824;-1.17842;
0.0777024;-1.17675;
0.0777224;-1.17508;
0.0777424;-1.1734;
0.0777624;-1.17173;
0.0777824;-1.17005;
0.0778024;-1.16838;
0.0778224;-1.16671;
0.0778424;-1.16503;
0.0778624;-1.16336;
0.0778824;-1.16168;
0.0779024;-1.16001;
0.0779224;-1.15834;
0.0779424;-1.15666;
0.0779624;-1.15499;
0.0779824;-1.15332;
0.078;-1.15184;
0.0780001;-1.15183;
0.0780003;-1.15182;
0.0780007;-1.15178;
0.078001;-1.15176;
0.0780011;-1.15175;
0.0780012;-1.15174;
0.0780016;-1.15171;
0.0780022;-1.15166;
0.0780035;-1.15155;
0.078006;-1.15134;
0.0780112;-1.15091;
0.0780214;-1.15005;
0.0780414;-1.14838;
0.0780614;-1.14671;
0.0780814;-1.14503;
0.0781014;-1.14336;
0.0781214;-1.14169;
0.0781414;-1.14001;
0.0781614;-1.13834;
0.0781814;-1.13667;
0.0782014;-1.13499;
0.0782214;-1.13332;
0.0782414;-1.13165;
0.0782614;-1.12997;
0.0782814;-1.1283;
0.0783014;-1.12663;
0.0783214;-1.12496;
0.0783414;-1.12328;
0.0783614;-1.12161;
0.0783814;-1.11994;
0.0784014;-1.11826;
0.0784214;-1.11659;
0.0784414;-1.11492;
0.0784614;-1.11325;
0.0784814;-1.11157;
0.078501;-1.10994;
0.0785011;-1.10993;
0.0785013;-1.10991;
0.0785017;-1.10988;
0.078502;-1.10985;
0.0785021;-1.10985;
0.0785022;-1.10983;
0.0785026;-1.10981;
0.0785032;-1.10975;
0.0785045;-1.10965;
0.078507;-1.10943;
0.0785122;-1.109;
0.0785224;-1.10815;
0.0785424;-1.10647;
0.0785624;-1.1048;
0.0785824;-1.10313;
0.0786024;-1.10146;
0.0786224;-1.09979;
0.0786424;-1.09811;
0.0786624;-1.09644;
0.0786824;-1.09477;
0.0787024;-1.0931;
0.0787224;-1.09143;
0.0787424;-1.08975;
0.0787624;-1.08808;
0.0787824;-1.08641;
0.0788024;-1.08474;
0.0788224;-1.08307;
0.0788424;-1.0814;
0.0788624;-1.07972;
0.0788824;-1.07805;
0.0789024;-1.07638;
0.0789224;-1.07471;
0.0789424;-1.07304;
0.0789624;-1.07137;
0.0789824;-1.0697;
0.079;-1.06823;
0.0790001;-1.06822;
0.0790003;-1.0682;
0.0790007;-1.06817;
0.079001;-1.06814;
0.0790011;-1.06814;
0.0790012;-1.06812;
0.0790016;-1.0681;
0.0790022;-1.06804;
0.0790035;-1.06793;
0.079006;-1.06772;
0.0790112;-1.06729;
0.0790214;-1.06644;
0.0790414;-1.06477;
0.0790614;-1.0631;
0.0790814;-1.06142;
0.0791014;-1.05975;
0.0791214;-1.05808;
0.0791414;-1.05641;
0.0791614;-1.05474;
0.0791814;-1.05307;
0.0792014;-1.0514;
0.0792214;-1.04973;
0.0792414;-1.04806;
0.0792614;-1.04639;
0.0792814;-1.04472;
0.0793014;-1.04305;
0.0793214;-1.04138;
0.0793414;-1.03971;
0.0793614;-1.03804;
0.0793814;-1.03637;
0.0794014;-1.0347;
0.0794214;-1.03303;
0.0794414;-1.03136;
0.0794614;-1.02969;
0.0794814;-1.02802;
0.079501;-1.02638;
0.0795011;-1.02637;
0.0795013;-1.02635;
0.0795017;-1.02632;
0.079502;-1.0263;
0.0795021;-1.02629;
0.0795022;-1.02628;
0.0795026;-1.02625;
0.0795032;-1.0262;
0.0795045;-1.02609;
0.079507;-1.02588;
0.0795122;-1.02545;
0.0795224;-1.02459;
0.0795424;-1.02292;
0.0795624;-1.02125;
0.0795824;-1.01958;
0.0796024;-1.01791;
0.0796224;-1.01624;
0.0796424;-1.01457;
0.0796624;-1.01291;
0.0796824;-1.01124;
0.0797024;-1.00957;
0.0797224;-1.0079;
0.0797424;-1.00623;
0.0797624;-1.00456;
0.0797824;-1.00289;
0.0798024;-1.00122;
0.0798224;-0.999552;
0.0798424;-0.997883;
0.0798624;-0.996214;
0.0798824;-0.994545;
0.0799024;-0.992876;
0.0799224;-0.991207;
0.0799424;-0.989539;
0.0799624;-0.98787;
0.0799824;-0.986202;
0.08;-0.984733;
0.0800001;-0.984725;
0.0800003;-0.984708;
0.0800007;-0.984675;
0.080001;-0.98465;
0.0800011;-0.984643;
0.0800012;-0.98463;
0.0800016;-0.984603;
0.0800022;-0.98455;
0.0800035;-0.984443;
0.080006;-0.984229;
0.0800112;-0.983802;
0.0800214;-0.982948;
0.0800414;-0.98128;
0.0800614;-0.979611;
0.0800814;-0.977943;
0.0801014;-0.976275;
0.0801214;-0.974606;
0.0801414;-0.972938;
0.0801614;-0.97127;
0.0801814;-0.969602;
0.0802014;-0.967934;
0.0802214;-0.966266;
0.0802414;-0.964598;
0.0802614;-0.962931;
0.0802814;-0.961263;
0.0803014;-0.959595;
0.0803214;-0.957927;
0.0803414;-0.95626;
0.0803614;-0.954592;
0.0803814;-0.952925;
0.0804014;-0.951257;
0.0804214;-0.94959;
0.0804414;-0.947923;
0.0804614;-0.946256;
0.0804814;-0.944588;
0.080501;-0.942955;
0.0805011;-0.942946;
0.0805013;-0.94293;
0.0805017;-0.942896;
0.080502;-0.942871;
0.0805021;-0.942865;
0.0805022;-0.942851;
0.0805026;-0.942825;
0.0805032;-0.942771;
0.0805045;-0.942665;
0.080507;-0.942451;
0.0805122;-0.942024;
0.0805224;-0.941171;
0.0805424;-0.939504;
0.0805624;-0.937837;
0.0805824;-0.93617;
0.0806024;-0.934503;
0.0806224;-0.932836;
0.0806424;-0.93117;
0.0806624;-0.929503;
0.0806824;-0.927836;
0.0807024;-0.92617;
0.0807224;-0.924503;
0.0807424;-0.922837;
0.0807624;-0.921171;
0.0807824;-0.919504;
0.0808024;-0.917838;
0.0808224;-0.916172;
0.0808424;-0.914506;
0.0808624;-0.91284;
0.0808824;-0.911174;
0.0809024;-0.909508;
0.0809224;-0.907842;
0.0809424;-0.906176;
0.0809624;-0.90451;
0.0809824;-0.902845;
0.081;-0.901379;
0.0810001;-0.901371;
0.0810003;-0.901354;
0.0810007;-0.901321;
0.081001;-0.901296;
0.0810011;-0.901289;
0.0810012;-0.901276;
0.0810016;-0.901249;
0.0810022;-0.901196;
0.0810035;-0.901089;
0.081006;-0.900876;
0.0810112;-0.900449;
0.0810214;-0.899597;
0.0810414;-0.897931;
0.0810614;-0.896266;
0.0810814;-0.8946;
0.0811014;-0.892935;
0.0811214;-0.89127;
0.0811414;-0.889604;
0.0811614;-0.887939;
0.0811814;-0.886274;
0.0812014;-0.884609;
0.0812214;-0.882944;
0.0812414;-0.881279;
0.0812614;-0.879614;
0.0812814;-0.877949;
0.0813014;-0.876285;
0.0813214;-0.87462;
0.0813414;-0.872955;
0.0813614;-0.871291;
0.0813814;-0.869626;
0.0814014;-0.867962;
0.0814214;-0.866298;
0.0814414;-0.864633;
0.0814614;-0.862969;
0.0814814;-0.861305;
0.081501;-0.859674;
0.0815011;-0.859666;
0.0815013;-0.859649;
0.0815017;-0.859616;
0.081502;-0.859591;
0.0815021;-0.859584;
0.0815022;-0.859571;
0.0815026;-0.859544;
0.0815032;-0.859491;
0.0815045;-0.859385;
0.081507;-0.859172;
0.0815122;-0.858746;
0.0815224;-0.857894;
0.0815424;-0.85623;
0.0815624;-0.854566;
0.0815824;-0.852902;
0.0816024;-0.851238;
0.0816224;-0.849574;
0.0816424;-0.847911;
0.0816624;-0.846247;
0.0816824;-0.844583;
0.0817024;-0.84292;
0.0817224;-0.841256;
0.0817424;-0.839593;
0.0817624;-0.83793;
0.0817824;-0.836267;
0.0818024;-0.834603;
0.0818224;-0.83294;
0.0818424;-0.831277;
0.0818624;-0.829614;
0.0818824;-0.827951;
0.0819024;-0.826289;
0.0819224;-0.824626;
0.0819424;-0.822963;
0.0819624;-0.8213;
0.0819824;-0.819638;
0.082;-0.818175;
0.0820001;-0.818166;
0.0820003;-0.81815;
0.0820007;-0.818117;
0.082001;-0.818092;
0.0820011;-0.818085;
0.0820012;-0.818072;
0.0820016;-0.818045;
0.0820022;-0.817992;
0.0820035;-0.817886;
0.082006;-0.817673;
0.0820112;-0.817247;
0.0820214;-0.816396;
0.0820414;-0.814734;
0.0820614;-0.813071;
0.0820814;-0.811409;
0.0821014;-0.809747;
0.0821214;-0.808085;
0.0821414;-0.806423;
0.0821614;-0.804761;
0.0821814;-0.803099;
0.0822014;-0.801437;
0.0822214;-0.799775;
0.0822414;-0.798113;
0.0822614;-0.796452;
0.0822814;-0.79479;
0.0823014;-0.793128;
0.0823214;-0.791467;
0.0823414;-0.789806;
0.0823614;-0.788144;
0.0823814;-0.786483;
0.0824014;-0.784822;
0.0824214;-0.783161;
0.0824414;-0.781499;
0.0824614;-0.779838;
0.0824814;-0.778178;
0.082501;-0.77655;
0.0825011;-0.776542;
0.0825013;-0.776525;
0.0825017;-0.776492;
0.082502;-0.776467;
0.0825021;-0.77646;
0.0825022;-0.776447;
0.0825026;-0.77642;
0.0825032;-0.776367;
0.0825045;-0.776261;
0.082507;-0.776048;
0.0825122;-0.775623;
0.0825224;-0.774773;
0.0825424;-0.773112;
0.0825624;-0.771451;
0.0825824;-0.769791;
0.0826024;-0.76813;
0.0826224;-0.76647;
0.0826424;-0.764809;
0.0826624;-0.763149;
0.0826824;-0.761489;
0.0827024;-0.759829;
0.0827224;-0.758169;
0.0827424;-0.756508;
0.0827624;-0.754848;
0.0827824;-0.753189;
0.0828024;-0.751529;
0.0828224;-0.749869;
0.0828424;-0.748209;
0.0828624;-0.74655;
0.0828824;-0.74489;
0.0829024;-0.74323;
0.0829224;-0.741571;
0.0829424;-0.739912;
0.0829624;-0.738252;
0.0829824;-0.736593;
0.083;-0.735133;
0.0830001;-0.735125;
0.0830003;-0.735108;
0.0830007;-0.735075;
0.083001;-0.73505;
0.0830011;-0.735044;
0.0830012;-0.73503;
0.0830016;-0.735004;
0.0830022;-0.734951;
0.0830035;-0.734844;
0.083006;-0.734632;
0.0830112;-0.734207;
0.0830214;-0.733358;
0.0830414;-0.731699;
0.0830614;-0.73004;
0.0830814;-0.728381;
0.0831014;-0.726722;
0.0831214;-0.725063;
0.0831414;-0.723405;
0.0831614;-0.721746;
0.0831814;-0.720088;
0.0832014;-0.718429;
0.0832214;-0.716771;
0.0832414;-0.715112;
0.0832614;-0.713454;
0.0832814;-0.711796;
0.0833014;-0.710138;
0.0833214;-0.70848;
0.0833414;-0.706822;
0.0833614;-0.705164;
0.0833814;-0.703506;
0.0834014;-0.701848;
0.0834214;-0.700191;
0.0834414;-0.698533;
0.0834614;-0.696876;
0.0834814;-0.695218;
0.083501;-0.693594;
0.0835011;-0.693586;
0.0835013;-0.693569;
0.0835017;-0.693536;
0.083502;-0.693511;
0.0835021;-0.693504;
0.0835022;-0.693491;
0.0835026;-0.693465;
0.0835032;-0.693412;
0.0835045;-0.693305;
0.083507;-0.693093;
0.0835122;-0.692669;
0.0835224;-0.691821;
0.0835424;-0.690163;
0.0835624;-0.688506;
0.0835824;-0.686849;
0.0836024;-0.685192;
0.0836224;-0.683535;
0.0836424;-0.681878;
0.0836624;-0.680221;
0.0836824;-0.678565;
0.0837024;-0.676908;
0.0837224;-0.675251;
0.0837424;-0.673595;
0.0837624;-0.671938;
0.0837824;-0.670282;
0.0838024;-0.668626;
0.0838224;-0.666969;
0.0838424;-0.665313;
0.0838624;-0.663657;
0.0838824;-0.662001;
0.0839024;-0.660345;
0.0839224;-0.658689;
0.0839424;-0.657034;
0.0839624;-0.655378;
0.0839824;-0.653722;
0.084;-0.652265;
0.0840001;-0.652257;
0.0840003;-0.65224;
0.0840007;-0.652207;
0.084001;-0.652182;
0.0840011;-0.652176;
0.0840012;-0.652163;
0.0840016;-0.652136;
0.0840022;-0.652083;
0.0840035;-0.651977;
0.084006;-0.651765;
0.0840112;-0.651341;
0.0840214;-0.650494;
0.0840414;-0.648838;
0.0840614;-0.647183;
0.0840814;-0.645528;
0.0841014;-0.643873;
0.0841214;-0.642217;
0.0841414;-0.640562;
0.0841614;-0.638907;
0.0841814;-0.637253;
0.0842014;-0.635598;
0.0842214;-0.633943;
0.0842414;-0.632288;
0.0842614;-0.630634;
0.0842814;-0.628979;
0.0843014;-0.627325;
0.0843214;-0.62567;
0.0843414;-0.624016;
0.0843614;-0.622362;
0.0843814;-0.620708;
0.0844014;-0.619054;
0.0844214;-0.6174;
0.0844414;-0.615746;
0.0844614;-0.614092;
0.0844814;-0.612438;
0.084501;-0.610817;
0.0845011;-0.610809;
0.0845013;-0.610793;
0.0845017;-0.61076;
0.084502;-0.610735;
0.0845021;-0.610728;
0.0845022;-0.610715;
0.0845026;-0.610688;
0.0845032;-0.610635;
0.0845045;-0.61053;
0.084507;-0.610318;
0.0845122;-0.609895;
0.0845224;-0.609048;
0.0845424;-0.607394;
0.0845624;-0.605741;
0.0845824;-0.604088;
0.0846024;-0.602434;
0.0846224;-0.600781;
0.0846424;-0.599128;
0.0846624;-0.597475;
0.0846824;-0.595822;
0.0847024;-0.594169;
0.0847224;-0.592516;
0.0847424;-0.590863;
0.0847624;-0.589211;
0.0847824;-0.587558;
0.0848024;-0.585905;
0.0848224;-0.584253;
0.0848424;-0.582601;
0.0848624;-0.580948;
0.0848824;-0.579296;
0.0849024;-0.577644;
0.0849224;-0.575992;
0.0849424;-0.57434;
0.0849624;-0.572688;
0.0849824;-0.571036;
0.085;-0.569583;
0.0850001;-0.569574;
0.0850003;-0.569558;
0.0850007;-0.569525;
0.085001;-0.5695;
0.0850011;-0.569493;
0.0850012;-0.56948;
0.0850016;-0.569454;
0.0850022;-0.569401;
0.0850035;-0.569295;
0.085006;-0.569084;
0.0850112;-0.568661;
0.0850214;-0.567815;
0.0850414;-0.566164;
0.0850614;-0.564512;
0.0850814;-0.562861;
0.0851014;-0.561209;
0.0851214;-0.559558;
0.0851414;-0.557907;
0.0851614;-0.556256;
0.0851814;-0.554605;
0.0852014;-0.552954;
0.0852214;-0.551303;
0.0852414;-0.549652;
0.0852614;-0.548001;
0.0852814;-0.54635;
0.0853014;-0.5447;
0.0853214;-0.543049;
0.0853414;-0.541399;
0.0853614;-0.539749;
0.0853814;-0.538098;
0.0854014;-0.536448;
0.0854214;-0.534798;
0.0854414;-0.533148;
0.0854614;-0.531498;
0.0854814;-0.529848;
0.085501;-0.528231;
0.0855011;-0.528223;
0.0855013;-0.528207;
0.0855017;-0.528174;
0.085502;-0.528149;
0.0855021;-0.528142;
0.0855022;-0.528129;
0.0855026;-0.528103;
0.0855032;-0.52805;
0.0855045;-0.527944;
0.085507;-0.527733;
0.0855122;-0.527311;
0.0855224;-0.526466;
0.0855424;-0.524817;
0.0855624;-0.523167;
0.0855824;-0.521518;
0.0856024;-0.519868;
0.0856224;-0.518219;
0.0856424;-0.51657;
0.0856624;-0.514921;
0.0856824;-0.513272;
0.0857024;-0.511623;
0.0857224;-0.509974;
0.0857424;-0.508325;
0.0857624;-0.506676;
0.0857824;-0.505028;
0.0858024;-0.503379;
0.0858224;-0.501731;
0.0858424;-0.500082;
0.0858624;-0.498434;
0.0858824;-0.496786;
0.0859024;-0.495137;
0.0859224;-0.493489;
0.0859424;-0.491841;
0.0859624;-0.490193;
0.0859824;-0.488546;
0.086;-0.487096;
0.0860001;-0.487087;
0.0860003;-0.487071;
0.0860007;-0.487038;
0.086001;-0.487013;
0.0860011;-0.487007;
0.0860012;-0.486993;
0.0860016;-0.486967;
0.0860022;-0.486914;
0.0860035;-0.486809;
0.086006;-0.486598;
0.0860112;-0.486176;
0.0860214;-0.485333;
0.0860414;-0.483685;
0.0860614;-0.482038;
0.0860814;-0.48039;
0.0861014;-0.478743;
0.0861214;-0.477096;
0.0861414;-0.475448;
0.0861614;-0.473801;
0.0861814;-0.472154;
0.0862014;-0.470507;
0.0862214;-0.468861;
0.0862414;-0.467214;
0.0862614;-0.465567;
0.0862814;-0.463921;
0.0863014;-0.462274;
0.0863214;-0.460628;
0.0863414;-0.458981;
0.0863614;-0.457335;
0.0863814;-0.455689;
0.0864014;-0.454043;
0.0864214;-0.452397;
0.0864414;-0.450751;
0.0864614;-0.449105;
0.0864814;-0.447459;
0.086501;-0.445847;
0.0865011;-0.445838;
0.0865013;-0.445822;
0.0865017;-0.445789;
0.086502;-0.445764;
0.0865021;-0.445758;
0.0865022;-0.445745;
0.0865026;-0.445718;
0.0865032;-0.445666;
0.0865045;-0.44556;
0.086507;-0.44535;
0.0865122;-0.444928;
0.0865224;-0.444086;
0.0865424;-0.44244;
0.0865624;-0.440795;
0.0865824;-0.43915;
0.0866024;-0.437504;
0.0866224;-0.435859;
0.0866424;-0.434214;
0.0866624;-0.432569;
0.0866824;-0.430924;
0.0867024;-0.42928;
0.0867224;-0.427635;
0.0867424;-0.42599;
0.0867624;-0.424346;
0.0867824;-0.422701;
0.0868024;-0.421057;
0.0868224;-0.419413;
0.0868424;-0.417768;
0.0868624;-0.416124;
0.0868824;-0.41448;
0.0869024;-0.412836;
0.0869224;-0.411192;
0.0869424;-0.409549;
0.0869624;-0.407905;
0.0869824;-0.406261;
0.087;-0.404815;
0.0870001;-0.404807;
0.0870003;-0.40479;
0.0870007;-0.404758;
0.087001;-0.404733;
0.0870011;-0.404726;
0.0870012;-0.404713;
0.0870016;-0.404687;
0.0870022;-0.404634;
0.0870035;-0.404529;
0.087006;-0.404319;
0.0870112;-0.403898;
0.0870214;-0.403057;
0.0870414;-0.401413;
0.0870614;-0.39977;
0.0870814;-0.398127;
0.0871014;-0.396484;
0.0871214;-0.394841;
0.0871414;-0.393198;
0.0871614;-0.391555;
0.0871814;-0.389912;
0.0872014;-0.38827;
0.0872214;-0.386627;
0.0872414;-0.384985;
0.0872614;-0.383342;
0.0872814;-0.3817;
0.0873014;-0.380058;
0.0873214;-0.378416;
0.0873414;-0.376774;
0.0873614;-0.375132;
0.0873814;-0.37349;
0.0874014;-0.371848;
0.0874214;-0.370206;
0.0874414;-0.368565;
0.0874614;-0.366923;
0.0874814;-0.365282;
0.087501;-0.363673;
0.0875011;-0.363665;
0.0875013;-0.363649;
0.0875017;-0.363616;
0.087502;-0.363591;
0.0875021;-0.363585;
0.0875022;-0.363572;
0.0875026;-0.363545;
0.0875032;-0.363493;
0.0875045;-0.363388;
0.087507;-0.363178;
0.0875122;-0.362758;
0.0875224;-0.361917;
0.0875424;-0.360276;
0.0875624;-0.358635;
0.0875824;-0.356994;
0.0876024;-0.355353;
0.0876224;-0.353712;
0.0876424;-0.352072;
0.0876624;-0.350431;
0.0876824;-0.348791;
0.0877024;-0.34715;
0.0877224;-0.34551;
0.0877424;-0.34387;
0.0877624;-0.342229;
0.0877824;-0.340589;
0.0878024;-0.338949;
0.0878224;-0.337309;
0.0878424;-0.33567;
0.0878624;-0.33403;
0.0878824;-0.33239;
0.0879024;-0.330751;
0.0879224;-0.329111;
0.0879424;-0.327472;
0.0879624;-0.325833;
0.0879824;-0.324193;
0.088;-0.322751;
0.0880001;-0.322743;
0.0880003;-0.322726;
0.0880007;-0.322694;
0.088001;-0.322669;
0.0880011;-0.322663;
0.0880012;-0.322649;
0.0880016;-0.322623;
0.0880022;-0.322571;
0.0880035;-0.322466;
0.088006;-0.322256;
0.0880112;-0.321836;
0.0880214;-0.320997;
0.0880414;-0.319358;
0.0880614;-0.31772;
0.0880814;-0.316081;
0.0881014;-0.314442;
0.0881214;-0.312804;
0.0881414;-0.311165;
0.0881614;-0.309527;
0.0881814;-0.307889;
0.0882014;-0.30625;
0.0882214;-0.304612;
0.0882414;-0.302974;
0.0882614;-0.301336;
0.0882814;-0.299699;
0.0883014;-0.298061;
0.0883214;-0.296423;
0.0883414;-0.294786;
0.0883614;-0.293148;
0.0883814;-0.291511;
0.0884014;-0.289874;
0.0884214;-0.288236;
0.0884414;-0.286599;
0.0884614;-0.284962;
0.0884814;-0.283326;
0.088501;-0.281721;
0.0885011;-0.281713;
0.0885013;-0.281697;
0.0885017;-0.281664;
0.088502;-0.28164;
0.0885021;-0.281633;
0.0885022;-0.28162;
0.0885026;-0.281594;
0.0885032;-0.281541;
0.0885045;-0.281437;
0.088507;-0.281227;
0.0885122;-0.280808;
0.0885224;-0.27997;
0.0885424;-0.278334;
0.0885624;-0.276697;
0.0885824;-0.275061;
0.0886024;-0.273424;
0.0886224;-0.271788;
0.0886424;-0.270152;
0.0886624;-0.268516;
0.0886824;-0.26688;
0.0887024;-0.265244;
0.0887224;-0.263608;
0.0887424;-0.261972;
0.0887624;-0.260337;
0.0887824;-0.258701;
0.0888024;-0.257066;
0.0888224;-0.255431;
0.0888424;-0.253795;
0.0888624;-0.25216;
0.0888824;-0.250525;
0.0889024;-0.24889;
0.0889224;-0.247256;
0.0889424;-0.245621;
0.0889624;-0.243986;
0.0889824;-0.242352;
0.089;-0.240913;
0.0890001;-0.240905;
0.0890003;-0.240889;
0.0890007;-0.240856;
0.089001;-0.240832;
0.0890011;-0.240825;
0.0890012;-0.240812;
0.0890016;-0.240786;
0.0890022;-0.240733;
0.0890035;-0.240629;
0.089006;-0.24042;
0.0890112;-0.240001;
0.0890214;-0.239164;
0.0890414;-0.23753;
0.0890614;-0.235896;
0.0890814;-0.234262;
0.0891014;-0.232628;
0.0891214;-0.230994;
0.0891414;-0.22936;
0.0891614;-0.227726;
0.0891814;-0.226093;
0.0892014;-0.224459;
0.0892214;-0.222826;
0.0892414;-0.221193;
0.0892614;-0.219559;
0.0892814;-0.217926;
0.0893014;-0.216293;
0.0893214;-0.21466;
0.0893414;-0.213027;
0.0893614;-0.211395;
0.0893814;-0.209762;
0.0894014;-0.208129;
0.0894214;-0.206497;
0.0894414;-0.204864;
0.0894614;-0.203232;
0.0894814;-0.2016;
0.089501;-0.200001;
0.0895011;-0.199992;
0.0895013;-0.199976;
0.0895017;-0.199943;
0.089502;-0.199919;
0.0895021;-0.199912;
0.0895022;-0.199899;
0.0895026;-0.199873;
0.0895032;-0.199821;
0.0895045;-0.199717;
0.089507;-0.199508;
0.0895122;-0.19909;
0.0895224;-0.198254;
0.0895424;-0.196622;
0.0895624;-0.194991;
0.0895824;-0.193359;
0.0896024;-0.191727;
0.0896224;-0.190096;
0.0896424;-0.188464;
0.0896624;-0.186833;
0.0896824;-0.185202;
0.0897024;-0.183571;
0.0897224;-0.18194;
0.0897424;-0.180309;
0.0897624;-0.178678;
0.0897824;-0.177047;
0.0898024;-0.175417;
0.0898224;-0.173786;
0.0898424;-0.172156;
0.0898624;-0.170525;
0.0898824;-0.168895;
0.0899024;-0.167265;
0.0899224;-0.165635;
0.0899424;-0.164005;
0.0899624;-0.162375;
0.0899824;-0.160745;
0.09;-0.159311;
0.0900001;-0.159303;
0.0900003;-0.159287;
0.0900007;-0.159254;
0.090001;-0.15923;
0.0900011;-0.159223;
0.0900012;-0.15921;
0.0900016;-0.159184;
0.0900022;-0.159132;
0.0900035;-0.159028;
0.090006;-0.158819;
0.0900112;-0.158402;
0.0900214;-0.157567;
0.0900414;-0.155938;
0.0900614;-0.154309;
0.0900814;-0.152679;
0.0901014;-0.15105;
0.0901214;-0.149421;
0.0901414;-0.147792;
0.0901614;-0.146163;
0.0901814;-0.144534;
0.0902014;-0.142906;
0.0902214;-0.141277;
0.0902414;-0.139649;
0.0902614;-0.13802;
0.0902814;-0.136392;
0.0903014;-0.134764;
0.0903214;-0.133136;
0.0903414;-0.131508;
0.0903614;-0.12988;
0.0903814;-0.128252;
0.0904014;-0.126624;
0.0904214;-0.124997;
0.0904414;-0.123369;
0.0904614;-0.121742;
0.0904814;-0.120115;
0.090501;-0.11852;
0.0905011;-0.118512;
0.0905013;-0.118495;
0.0905017;-0.118463;
0.090502;-0.118439;
0.0905021;-0.118432;
0.0905022;-0.118419;
0.0905026;-0.118393;
0.0905032;-0.118341;
0.0905045;-0.118237;
0.090507;-0.118028;
0.0905122;-0.117612;
0.0905224;-0.116779;
0.0905424;-0.115152;
0.0905624;-0.113525;
0.0905824;-0.111898;
0.0906024;-0.110272;
0.0906224;-0.108645;
0.0906424;-0.107018;
0.0906624;-0.105392;
0.0906824;-0.103766;
0.0907024;-0.10214;
0.0907224;-0.100513;
0.0907424;-0.0988875;
0.0907624;-0.0972616;
0.0907824;-0.0956358;
0.0908024;-0.0940101;
0.0908224;-0.0923845;
0.0908424;-0.090759;
0.0908624;-0.0891336;
0.0908824;-0.0875084;
0.0909024;-0.0858832;
0.0909224;-0.0842581;
0.0909424;-0.0826331;
0.0909624;-0.0810082;
0.0909824;-0.0793834;
0.091;-0.0779537;
0.0910001;-0.0779456;
0.0910003;-0.0779294;
0.0910007;-0.0778969;
0.091001;-0.0778725;
0.0910011;-0.077866;
0.0910012;-0.077853;
0.0910016;-0.077827;
0.0910022;-0.077775;
0.0910035;-0.077671;
0.091006;-0.0774631;
0.0910112;-0.0770472;
0.0910214;-0.0762154;
0.0910414;-0.0745909;
0.0910614;-0.0729666;
0.0910814;-0.0713423;
0.0911014;-0.0697181;
0.0911214;-0.068094;
0.0911414;-0.0664701;
0.0911614;-0.0648462;
0.0911814;-0.0632224;
0.0912014;-0.0615988;
0.0912214;-0.0599752;
0.0912414;-0.0583517;
0.0912614;-0.0567284;
0.0912814;-0.0551051;
0.0913014;-0.053482;
0.0913214;-0.0518589;
0.0913414;-0.050236;
0.0913614;-0.0486131;
0.0913814;-0.0469904;
0.0914014;-0.0453677;
0.0914214;-0.0437452;
0.0914414;-0.0421227;
0.0914614;-0.0405004;
0.0914814;-0.0388782;
0.091501;-0.0372885;
0.0915011;-0.0372804;
0.0915013;-0.0372642;
0.0915017;-0.0372317;
0.091502;-0.0372074;
0.0915021;-0.0372009;
0.0915022;-0.0371879;
0.0915026;-0.037162;
0.0915032;-0.0371101;
0.0915045;-0.0370063;
0.091507;-0.0367986;
0.0915122;-0.0363834;
0.0915224;-0.0355529;
0.0915424;-0.033931;
0.0915624;-0.0323092;
0.0915824;-0.0306875;
0.0916024;-0.0290659;
0.0916224;-0.0274444;
0.0916424;-0.025823;
0.0916624;-0.0242017;
0.0916824;-0.0225805;
0.0917024;-0.0209594;
0.0917224;-0.0193384;
0.0917424;-0.0177176;
0.0917624;-0.0160968;
0.0917824;-0.0144761;
0.0918024;-0.0128555;
0.0918224;-0.0112351;
0.0918424;-0.00961471;
0.0918624;-0.00799446;
0.0918824;-0.00637431;
0.0919024;-0.00475426;
0.0919224;-0.00313432;
0.0919424;-0.00151449;
0.0919624;0.000105246;
0.0919824;0.00172487;
0.092;0.00315006;
0.0920001;0.00315816;
0.0920003;0.00317435;
0.0920007;0.00320674;
0.092001;0.00323103;
0.0920011;0.00323751;
0.0920012;0.00325047;
0.0920016;0.00327638;
0.0920022;0.0033282;
0.0920035;0.00343185;
0.092006;0.00363914;
0.0920112;0.00405371;
0.0920214;0.00488285;
0.0920414;0.00650216;
0.0920614;0.00812138;
0.0920814;0.00974049;
0.0921014;0.0113595;
0.0921214;0.0129784;
0.0921414;0.0145972;
0.0921614;0.0162159;
0.0921814;0.0178344;
0.0922014;0.0194529;
0.0922214;0.0210713;
0.0922414;0.0226896;
0.0922614;0.0243077;
0.0922814;0.0259258;
0.0923014;0.0275437;
0.0923214;0.0291616;
0.0923414;0.0307793;
0.0923614;0.0323969;
0.0923814;0.0340145;
0.0924014;0.0356319;
0.0924214;0.0372492;
0.0924414;0.0388664;
0.0924614;0.0404835;
0.0924814;0.0421005;
0.092501;0.043685;
0.0925011;0.0436931;
0.0925013;0.0437093;
0.0925017;0.0437416;
0.092502;0.0437659;
0.0925021;0.0437723;
0.0925022;0.0437853;
0.0925026;0.0438111;
0.0925032;0.0438629;
0.0925045;0.0439664;
0.092507;0.0441733;
0.0925122;0.0445872;
0.0925224;0.045415;
0.0925424;0.0470317;
0.0925624;0.0486482;
0.0925824;0.0502647;
0.0926024;0.051881;
0.0926224;0.0534973;
0.0926424;0.0551134;
0.0926624;0.0567294;
0.0926824;0.0583453;
0.0927024;0.0599612;
0.0927224;0.0615769;
0.0927424;0.0631925;
0.0927624;0.064808;
0.0927824;0.0664233;
0.0928024;0.0680386;
0.0928224;0.0696538;
0.0928424;0.0712689;
0.0928624;0.0728838;
0.0928824;0.0744987;
0.0929024;0.0761134;
0.0929224;0.077728;
0.0929424;0.0793426;
0.0929624;0.080957;
0.0929824;0.0825713;
0.093;0.0839918;
0.0930001;0.0839998;
0.0930003;0.084016;
0.0930007;0.0840483;
0.093001;0.0840725;
0.0930011;0.0840789;
0.0930012;0.0840919;
0.0930016;0.0841177;
0.0930022;0.0841693;
0.0930035;0.0842726;
0.093006;0.0844792;
0.0930112;0.0848925;
0.0930214;0.0857189;
0.0930414;0.0873329;
0.0930614;0.0889467;
0.0930814;0.0905605;
0.0931014;0.0921742;
0.0931214;0.0937877;
0.0931414;0.0954012;
0.0931614;0.0970145;
0.0931814;0.0986277;
0.0932014;0.100241;
0.0932214;0.101854;
0.0932414;0.103467;
0.0932614;0.10508;
0.0932814;0.106692;
0.0933014;0.108305;
0.0933214;0.109917;
0.0933414;0.11153;
0.0933614;0.113142;
0.0933814;0.114754;
0.0934014;0.116366;
0.0934214;0.117978;
0.0934414;0.11959;
0.0934614;0.121202;
0.0934814;0.122813;
0.093501;0.124392;
0.0935011;0.1244;
0.0935013;0.124417;
0.0935017;0.124449;
0.093502;0.124473;
0.0935021;0.124479;
0.0935022;0.124492;
0.0935026;0.124518;
0.0935032;0.12457;
0.0935045;0.124673;
0.093507;0.124879;
0.0935122;0.125292;
0.0935224;0.126117;
0.0935424;0.127728;
0.0935624;0.129339;
0.0935824;0.13095;
0.0936024;0.132561;
0.0936224;0.134172;
0.0936424;0.135782;
0.0936624;0.137393;
0.0936824;0.139004;
0.0937024;0.140614;
0.0937224;0.142224;
0.0937424;0.143834;
0.0937624;0.145444;
0.0937824;0.147054;
0.0938024;0.148664;
0.0938224;0.150274;
0.0938424;0.151883;
0.0938624;0.153493;
0.0938824;0.155102;
0.0939024;0.156712;
0.0939224;0.158321;
0.0939424;0.15993;
0.0939624;0.161539;
0.0939824;0.163148;
0.094;0.164563;
0.0940001;0.164571;
0.0940003;0.164587;
0.0940007;0.16462;
0.094001;0.164644;
0.0940011;0.16465;
0.0940012;0.164663;
0.0940016;0.164689;
0.0940022;0.16474;
0.0940035;0.164843;
0.094006;0.165049;
0.0940112;0.165461;
0.0940214;0.166284;
0.0940414;0.167893;
0.0940614;0.169501;
0.0940814;0.17111;
0.0941014;0.172718;
0.0941214;0.174326;
0.0941414;0.175934;
0.0941614;0.177542;
0.0941814;0.179149;
0.0942014;0.180757;
0.0942214;0.182364;
0.0942414;0.183972;
0.0942614;0.185579;
0.0942814;0.187186;
0.0943014;0.188793;
0.0943214;0.1904;
0.0943414;0.192007;
0.0943614;0.193614;
0.0943814;0.19522;
0.0944014;0.196827;
0.0944214;0.198433;
0.0944414;0.200039;
0.0944614;0.201646;
0.0944814;0.203252;
0.094501;0.204825;
0.0945011;0.204833;
0.0945013;0.20485;
0.0945017;0.204882;
0.094502;0.204906;
0.0945021;0.204912;
0.0945022;0.204925;
0.0945026;0.204951;
0.0945032;0.205002;
0.0945045;0.205105;
0.094507;0.20531;
0.0945122;0.205722;
0.0945224;0.206544;
0.0945424;0.208149;
0.0945624;0.209755;
0.0945824;0.21136;
0.0946024;0.212966;
0.0946224;0.214571;
0.0946424;0.216176;
0.0946624;0.217781;
0.0946824;0.219386;
0.0947024;0.220991;
0.0947224;0.222595;
0.0947424;0.2242;
0.0947624;0.225804;
0.0947824;0.227409;
0.0948024;0.229013;
0.0948224;0.230617;
0.0948424;0.232221;
0.0948624;0.233825;
0.0948824;0.235429;
0.0949024;0.237032;
0.0949224;0.238636;
0.0949424;0.240239;
0.0949624;0.241843;
0.0949824;0.243446;
0.095;0.244857;
0.0950001;0.244865;
0.0950003;0.244881;
0.0950007;0.244913;
0.095001;0.244937;
0.0950011;0.244943;
0.0950012;0.244956;
0.0950016;0.244982;
0.0950022;0.245033;
0.0950035;0.245136;
0.095006;0.245341;
0.0950112;0.245751;
0.0950214;0.246572;
0.0950414;0.248175;
0.0950614;0.249777;
0.0950814;0.25138;
0.0951014;0.252982;
0.0951214;0.254585;
0.0951414;0.256187;
0.0951614;0.257789;
0.0951814;0.259391;
0.0952014;0.260993;
0.0952214;0.262595;
0.0952414;0.264197;
0.0952614;0.265798;
0.0952814;0.2674;
0.0953014;0.269001;
0.0953214;0.270603;
0.0953414;0.272204;
0.0953614;0.273805;
0.0953814;0.275406;
0.0954014;0.277006;
0.0954214;0.278607;
0.0954414;0.280208;
0.0954614;0.281808;
0.0954814;0.283408;
0.095501;0.284977;
0.0955011;0.284985;
0.0955013;0.285001;
0.0955017;0.285033;
0.095502;0.285057;
0.0955021;0.285063;
0.0955022;0.285076;
0.0955026;0.285101;
0.0955032;0.285153;
0.0955045;0.285255;
0.095507;0.28546;
0.0955122;0.285869;
0.0955224;0.286689;
0.0955424;0.288289;
0.0955624;0.289888;
0.0955824;0.291488;
0.0956024;0.293088;
0.0956224;0.294687;
0.0956424;0.296287;
0.0956624;0.297886;
0.0956824;0.299485;
0.0957024;0.301084;
0.0957224;0.302683;
0.0957424;0.304282;
0.0957624;0.305881;
0.0957824;0.307479;
0.0958024;0.309078;
0.0958224;0.310676;
0.0958424;0.312274;
0.0958624;0.313872;
0.0958824;0.31547;
0.0959024;0.317068;
0.0959224;0.318666;
0.0959424;0.320264;
0.0959624;0.321861;
0.0959824;0.323459;
0.096;0.324864;
0.0960001;0.324872;
0.0960003;0.324888;
0.0960007;0.32492;
0.096001;0.324944;
0.0960011;0.32495;
0.0960012;0.324963;
0.0960016;0.324989;
0.0960022;0.32504;
0.0960035;0.325142;
0.096006;0.325347;
0.0960112;0.325755;
0.0960214;0.326573;
0.0960414;0.32817;
0.0960614;0.329767;
0.0960814;0.331364;
0.0961014;0.332961;
0.0961214;0.334557;
0.0961414;0.336154;
0.0961614;0.33775;
0.0961814;0.339346;
0.0962014;0.340942;
0.0962214;0.342538;
0.0962414;0.344134;
0.0962614;0.34573;
0.0962814;0.347326;
0.0963014;0.348921;
0.0963214;0.350517;
0.0963414;0.352112;
0.0963614;0.353707;
0.0963814;0.355302;
0.0964014;0.356897;
0.0964214;0.358492;
0.0964414;0.360087;
0.0964614;0.361681;
0.0964814;0.363276;
0.096501;0.364838;
0.0965011;0.364846;
0.0965013;0.364862;
0.0965017;0.364894;
0.096502;0.364918;
0.0965021;0.364924;
0.0965022;0.364937;
0.0965026;0.364963;
0.0965032;0.365014;
0.0965045;0.365116;
0.096507;0.36532;
0.0965122;0.365728;
0.0965224;0.366544;
0.0965424;0.368138;
0.0965624;0.369732;
0.0965824;0.371326;
0.0966024;0.37292;
0.0966224;0.374513;
0.0966424;0.376107;
0.0966624;0.3777;
0.0966824;0.379294;
0.0967024;0.380887;
0.0967224;0.38248;
0.0967424;0.384073;
0.0967624;0.385665;
0.0967824;0.387258;
0.0968024;0.388851;
0.0968224;0.390443;
0.0968424;0.392035;
0.0968624;0.393628;
0.0968824;0.39522;
0.0969024;0.396812;
0.0969224;0.398404;
0.0969424;0.399995;
0.0969624;0.401587;
0.0969824;0.403178;
0.097;0.404579;
0.0970001;0.404587;
0.0970003;0.404603;
0.0970007;0.404634;
0.097001;0.404658;
0.0970011;0.404665;
0.0970012;0.404677;
0.0970016;0.404703;
0.0970022;0.404754;
0.0970035;0.404856;
0.097006;0.405059;
0.0970112;0.405467;
0.0970214;0.406281;
0.0970414;0.407872;
0.0970614;0.409463;
0.0970814;0.411054;
0.0971014;0.412645;
0.0971214;0.414236;
0.0971414;0.415826;
0.0971614;0.417417;
0.0971814;0.419007;
0.0972014;0.420597;
0.0972214;0.422187;
0.0972414;0.423777;
0.0972614;0.425367;
0.0972814;0.426957;
0.0973014;0.428546;
0.0973214;0.430136;
0.0973414;0.431725;
0.0973614;0.433314;
0.0973814;0.434903;
0.0974014;0.436492;
0.0974214;0.438081;
0.0974414;0.43967;
0.0974614;0.441258;
0.0974814;0.442847;
0.097501;0.444403;
0.0975011;0.444411;
0.0975013;0.444427;
0.0975017;0.444459;
0.097502;0.444483;
0.0975021;0.444489;
0.0975022;0.444502;
0.0975026;0.444527;
0.0975032;0.444578;
0.0975045;0.44468;
0.097507;0.444883;
0.0975122;0.44529;
0.0975224;0.446103;
0.0975424;0.447691;
0.0975624;0.449279;
0.0975824;0.450867;
0.0976024;0.452454;
0.0976224;0.454042;
0.0976424;0.455629;
0.0976624;0.457217;
0.0976824;0.458804;
0.0977024;0.460391;
0.0977224;0.461978;
0.0977424;0.463565;
0.0977624;0.465152;
0.0977824;0.466738;
0.0978024;0.468325;
0.0978224;0.469911;
0.0978424;0.471498;
0.0978624;0.473084;
0.0978824;0.47467;
0.0979024;0.476256;
0.0979224;0.477841;
0.0979424;0.479427;
0.0979624;0.481013;
0.0979824;0.482598;
0.098;0.483993;
0.0980001;0.484001;
0.0980003;0.484017;
0.0980007;0.484049;
0.098001;0.484072;
0.0980011;0.484079;
0.0980012;0.484091;
0.0980016;0.484117;
0.0980022;0.484168;
0.0980035;0.484269;
0.098006;0.484472;
0.0980112;0.484878;
0.0980214;0.485689;
0.0980414;0.487274;
0.0980614;0.488859;
0.0980814;0.490444;
0.0981014;0.492029;
0.0981214;0.493613;
0.0981414;0.495198;
0.0981614;0.496782;
0.0981814;0.498366;
0.0982014;0.49995;
0.0982214;0.501534;
0.0982414;0.503118;
0.0982614;0.504702;
0.0982814;0.506285;
0.0983014;0.507869;
0.0983214;0.509452;
0.0983414;0.511035;
0.0983614;0.512618;
0.0983814;0.514201;
0.0984014;0.515784;
0.0984214;0.517367;
0.0984414;0.518949;
0.0984614;0.520532;
0.0984814;0.522114;
0.098501;0.523665;
0.0985011;0.523673;
0.0985013;0.523689;
0.0985017;0.52372;
0.098502;0.523744;
0.0985021;0.52375;
0.0985022;0.523763;
0.0985026;0.523788;
0.0985032;0.523839;
0.0985045;0.52394;
0.098507;0.524143;
0.0985122;0.524548;
0.0985224;0.525358;
0.0985424;0.52694;
0.0985624;0.528521;
0.0985824;0.530103;
0.0986024;0.531685;
0.0986224;0.533266;
0.0986424;0.534848;
0.0986624;0.536429;
0.0986824;0.53801;
0.0987024;0.539591;
0.0987224;0.541172;
0.0987424;0.542752;
0.0987624;0.544333;
0.0987824;0.545913;
0.0988024;0.547494;
0.0988224;0.549074;
0.0988424;0.550654;
0.0988624;0.552234;
0.0988824;0.553814;
0.0989024;0.555394;
0.0989224;0.556973;
0.0989424;0.558553;
0.0989624;0.560132;
0.0989824;0.561711;
0.099;0.563101;
0.0990001;0.563109;
0.0990003;0.563124;
0.0990007;0.563156;
0.099001;0.56318;
0.0990011;0.563186;
0.0990012;0.563199;
0.0990016;0.563224;
0.0990022;0.563274;
0.0990035;0.563375;
0.099006;0.563578;
0.0990112;0.563982;
0.0990214;0.56479;
0.0990414;0.566369;
0.0990614;0.567948;
0.0990814;0.569526;
0.0991014;0.571105;
0.0991214;0.572683;
0.0991414;0.574261;
0.0991614;0.575839;
0.0991814;0.577417;
0.0992014;0.578995;
0.0992214;0.580573;
0.0992414;0.582151;
0.0992614;0.583728;
0.0992814;0.585305;
0.0993014;0.586883;
0.0993214;0.58846;
0.0993414;0.590037;
0.0993614;0.591613;
0.0993814;0.59319;
0.0994014;0.594767;
0.0994214;0.596343;
0.0994414;0.597919;
0.0994614;0.599496;
0.0994814;0.601072;
0.099501;0.602616;
0.0995011;0.602624;
0.0995013;0.60264;
0.0995017;0.602671;
0.099502;0.602695;
0.0995021;0.602701;
0.0995022;0.602714;
0.0995026;0.602739;
0.0995032;0.60279;
0.0995045;0.60289;
0.099507;0.603092;
0.0995122;0.603496;
0.0995224;0.604302;
0.0995424;0.605878;
0.0995624;0.607454;
0.0995824;0.609029;
0.0996024;0.610604;
0.0996224;0.612179;
0.0996424;0.613754;
0.0996624;0.615329;
0.0996824;0.616904;
0.0997024;0.618479;
0.0997224;0.620053;
0.0997424;0.621628;
0.0997624;0.623202;
0.0997824;0.624776;
0.0998024;0.62635;
0.0998224;0.627924;
0.0998424;0.629498;
0.0998624;0.631072;
0.0998824;0.632645;
0.0999024;0.634219;
0.0999224;0.635792;
0.0999424;0.637365;
0.0999624;0.638938;
0.0999824;0.640511;
0.1;0.641895;
0.1;0.641903;
0.1;0.641918;
0.100001;0.64195;
0.100001;0.641974;
0.100001;0.64198;
0.100001;0.641992;
0.100002;0.642018;
0.100002;0.642068;
0.100003;0.642169;
0.100006;0.64237;
0.100011;0.642772;
0.100021;0.643578;
0.100041;0.64515;
0.100061;0.646723;
0.100081;0.648295;
0.100101;0.649867;
0.100121;0.651439;
0.100141;0.653011;
0.100161;0.654582;
0.100181;0.656154;
0.100201;0.657726;
0.100221;0.659297;
0.100241;0.660868;
0.100261;0.662439;
0.100281;0.66401;
0.100301;0.665581;
0.100321;0.667152;
0.100341;0.668722;
0.100361;0.670293;
0.100381;0.671863;
0.100401;0.673433;
0.100421;0.675003;
0.100441;0.676573;
0.100461;0.678143;
0.100481;0.679713;
0.100501;0.681251;
0.100501;0.681259;
0.100501;0.681275;
0.100502;0.681306;
0.100502;0.681329;
0.100502;0.681336;
0.100502;0.681348;
0.100503;0.681373;
0.100503;0.681424;
0.100504;0.681524;
0.100507;0.681725;
0.100512;0.682127;
0.100522;0.68293;
0.100542;0.6845;
0.100562;0.686069;
0.100582;0.687638;
0.100602;0.689207;
0.100622;0.690775;
0.100642;0.692344;
0.100662;0.693913;
0.100682;0.695481;
0.100702;0.697049;
0.100722;0.698617;
0.100742;0.700185;
0.100762;0.701753;
0.100782;0.703321;
0.100802;0.704888;
0.100822;0.706456;
0.100842;0.708023;
0.100862;0.709591;
0.100882;0.711158;
0.100902;0.712725;
0.100922;0.714291;
0.100942;0.715858;
0.100962;0.717425;
0.100982;0.718991;
0.101;0.720369;
0.101;0.720377;
0.101;0.720393;
0.101001;0.720424;
0.101001;0.720448;
0.101001;0.720454;
0.101001;0.720467;
0.101002;0.720492;
0.101002;0.720542;
0.101003;0.720642;
0.101006;0.720842;
0.101011;0.721243;
0.101021;0.722045;
0.101041;0.723611;
0.101061;0.725177;
0.101081;0.726743;
0.101101;0.728309;
0.101121;0.729874;
0.101141;0.73144;
0.101161;0.733005;
0.101181;0.73457;
0.101201;0.736135;
0.101221;0.7377;
0.101241;0.739265;
0.101261;0.740829;
0.101281;0.742394;
0.101301;0.743958;
0.101321;0.745522;
0.101341;0.747086;
0.101361;0.74865;
0.101381;0.750214;
0.101401;0.751778;
0.101421;0.753341;
0.101441;0.754905;
0.101461;0.756468;
0.101481;0.758031;
0.101501;0.759563;
0.101501;0.759571;
0.101501;0.759587;
0.101502;0.759618;
0.101502;0.759641;
0.101502;0.759647;
0.101502;0.75966;
0.101503;0.759685;
0.101503;0.759735;
0.101504;0.759835;
0.101507;0.760035;
0.101512;0.760435;
0.101522;0.761235;
0.101542;0.762798;
0.101562;0.764361;
0.101582;0.765923;
0.101602;0.767486;
0.101622;0.769048;
0.101642;0.77061;
0.101662;0.772172;
0.101682;0.773734;
0.101702;0.775296;
0.101722;0.776857;
0.101742;0.778419;
0.101762;0.77998;
0.101782;0.781541;
0.101802;0.783102;
0.101822;0.784663;
0.101842;0.786224;
0.101862;0.787785;
0.101882;0.789345;
0.101902;0.790905;
0.101922;0.792466;
0.101942;0.794026;
0.101962;0.795586;
0.101982;0.797146;
0.102;0.798518;
0.102;0.798526;
0.102;0.798542;
0.102001;0.798573;
0.102001;0.798596;
0.102001;0.798602;
0.102001;0.798615;
0.102002;0.79864;
0.102002;0.79869;
0.102003;0.79879;
0.102006;0.798989;
0.102011;0.799389;
0.102021;0.800187;
0.102041;0.801747;
0.102061;0.803306;
0.102081;0.804865;
0.102101;0.806424;
0.102121;0.807983;
0.102141;0.809542;
0.102161;0.811101;
0.102181;0.812659;
0.102201;0.814218;
0.102221;0.815776;
0.102241;0.817334;
0.102261;0.818892;
0.102281;0.82045;
0.102301;0.822008;
0.102321;0.823565;
0.102341;0.825123;
0.102361;0.82668;
0.102381;0.828237;
0.102401;0.829794;
0.102421;0.831351;
0.102441;0.832908;
0.102461;0.834465;
0.102481;0.836021;
0.102501;0.837547;
0.102501;0.837554;
0.102501;0.83757;
0.102502;0.837601;
0.102502;0.837624;
0.102502;0.837631;
0.102502;0.837643;
0.102503;0.837668;
0.102503;0.837718;
0.102504;0.837817;
0.102507;0.838017;
0.102512;0.838415;
0.102522;0.839212;
0.102542;0.840768;
0.102562;0.842324;
0.102582;0.84388;
0.102602;0.845436;
0.102622;0.846991;
0.102642;0.848547;
0.102662;0.850102;
0.102682;0.851657;
0.102702;0.853212;
0.102722;0.854767;
0.102742;0.856322;
0.102762;0.857877;
0.102782;0.859431;
0.102802;0.860985;
0.102822;0.86254;
0.102842;0.864094;
0.102862;0.865648;
0.102882;0.867202;
0.102902;0.868755;
0.102922;0.870309;
0.102942;0.871862;
0.102962;0.873416;
0.102982;0.874969;
0.103;0.876336;
0.103;0.876343;
0.103;0.876359;
0.103001;0.87639;
0.103001;0.876413;
0.103001;0.87642;
0.103001;0.876432;
0.103002;0.876457;
0.103002;0.876506;
0.103003;0.876606;
0.103006;0.876805;
0.103011;0.877202;
0.103021;0.877997;
0.103041;0.87955;
0.103061;0.881103;
0.103081;0.882655;
0.103101;0.884208;
0.103121;0.88576;
0.103141;0.887312;
0.103161;0.888864;
0.103181;0.890416;
0.103201;0.891967;
0.103221;0.893519;
0.103241;0.895071;
0.103261;0.896622;
0.103281;0.898173;
0.103301;0.899724;
0.103321;0.901275;
0.103341;0.902826;
0.103361;0.904376;
0.103381;0.905927;
0.103401;0.907477;
0.103421;0.909027;
0.103441;0.910577;
0.103461;0.912127;
0.103481;0.913677;
0.103501;0.915196;
0.103501;0.915204;
0.103501;0.915219;
0.103502;0.91525;
0.103502;0.915273;
0.103502;0.915279;
0.103502;0.915292;
0.103503;0.915317;
0.103503;0.915366;
0.103504;0.915465;
0.103507;0.915664;
0.103512;0.91606;
0.103522;0.916854;
0.103542;0.918403;
0.103562;0.919952;
0.103582;0.921502;
0.103602;0.923051;
0.103622;0.924599;
0.103642;0.926148;
0.103662;0.927697;
0.103682;0.929245;
0.103702;0.930793;
0.103722;0.932342;
0.103742;0.93389;
0.103762;0.935438;
0.103782;0.936985;
0.103802;0.938533;
0.103822;0.94008;
0.103842;0.941628;
0.103862;0.943175;
0.103882;0.944722;
0.103902;0.946269;
0.103922;0.947816;
0.103942;0.949362;
0.103962;0.950909;
0.103982;0.952455;
0.104;0.953816;
0.104;0.953824;
0.104;0.953839;
0.104001;0.95387;
0.104001;0.953893;
0.104001;0.9539;
0.104001;0.953912;
0.104002;0.953937;
0.104002;0.953986;
0.104003;0.954085;
0.104006;0.954283;
0.104011;0.954679;
0.104021;0.95547;
0.104041;0.957016;
0.104061;0.958562;
0.104081;0.960108;
0.104101;0.961654;
0.104121;0.963199;
0.104141;0.964744;
0.104161;0.966289;
0.104181;0.967835;
0.104201;0.969379;
0.104221;0.970924;
0.104241;0.972469;
0.104261;0.974013;
0.104281;0.975558;
0.104301;0.977102;
0.104321;0.978646;
0.104341;0.98019;
0.104361;0.981734;
0.104381;0.983277;
0.104401;0.984821;
0.104421;0.986364;
0.104441;0.987907;
0.104461;0.98945;
0.104481;0.990993;
0.104501;0.992505;
0.104501;0.992513;
0.104501;0.992529;
0.104502;0.992559;
0.104502;0.992583;
0.104502;0.992589;
0.104502;0.992601;
0.104503;0.992626;
0.104503;0.992675;
0.104504;0.992774;
0.104507;0.992971;
0.104512;0.993366;
0.104522;0.994156;
0.104542;0.995699;
0.104562;0.997241;
0.104582;0.998783;
0.104602;1.00033;
0.104622;1.00187;
0.104642;1.00341;
0.104662;1.00495;
0.104682;1.00649;
0.104702;1.00803;
0.104722;1.00958;
0.104742;1.01112;
0.104762;1.01266;
0.104782;1.0142;
0.104802;1.01574;
0.104822;1.01728;
0.104842;1.01882;
0.104862;1.02036;
0.104882;1.0219;
0.104902;1.02344;
0.104922;1.02498;
0.104942;1.02652;
0.104962;1.02806;
0.104982;1.0296;
0.105;1.03095;
0.105;1.03096;
0.105;1.03098;
0.105001;1.03101;
0.105001;1.03103;
0.105001;1.03104;
0.105001;1.03105;
0.105002;1.03107;
0.105002;1.03112;
0.105003;1.03122;
0.105006;1.03142;
0.105011;1.03181;
0.105021;1.0326;
0.105041;1.03414;
0.105061;1.03568;
0.105081;1.03722;
0.105101;1.03876;
0.105121;1.0403;
0.105141;1.04183;
0.105161;1.04337;
0.105181;1.04491;
0.105201;1.04645;
0.105221;1.04799;
0.105241;1.04952;
0.105261;1.05106;
0.105281;1.0526;
0.105301;1.05414;
0.105321;1.05567;
0.105341;1.05721;
0.105361;1.05875;
0.105381;1.06028;
0.105401;1.06182;
0.105421;1.06336;
0.105441;1.06489;
0.105461;1.06643;
0.105481;1.06796;
0.105501;1.06947;
0.105501;1.06948;
0.105501;1.06949;
0.105502;1.06952;
0.105502;1.06955;
0.105502;1.06955;
0.105502;1.06957;
0.105503;1.06959;
0.105503;1.06964;
0.105504;1.06974;
0.105507;1.06993;
0.105512;1.07033;
0.105522;1.07111;
0.105542;1.07265;
0.105562;1.07418;
0.105582;1.07572;
0.105602;1.07725;
0.105622;1.07879;
0.105642;1.08032;
0.105662;1.08186;
0.105682;1.08339;
0.105702;1.08493;
0.105722;1.08646;
0.105742;1.088;
0.105762;1.08953;
0.105782;1.09107;
0.105802;1.0926;
0.105822;1.09413;
0.105842;1.09567;
0.105862;1.0972;
0.105882;1.09873;
0.105902;1.10027;
0.105922;1.1018;
0.105942;1.10333;
0.105962;1.10486;
0.105982;1.1064;
0.106;1.10775;
0.106;1.10775;
0.106;1.10777;
0.106001;1.1078;
0.106001;1.10782;
0.106001;1.10783;
0.106001;1.10784;
0.106002;1.10786;
0.106002;1.10791;
0.106003;1.10801;
0.106006;1.10821;
0.106011;1.1086;
0.106021;1.10938;
0.106041;1.11092;
0.106061;1.11245;
0.106081;1.11398;
0.106101;1.11551;
0.106121;1.11704;
0.106141;1.11857;
0.106161;1.12011;
0.106181;1.12164;
0.106201;1.12317;
0.106221;1.1247;
0.106241;1.12623;
0.106261;1.12776;
0.106281;1.12929;
0.106301;1.13082;
0.106321;1.13235;
0.106341;1.13388;
0.106361;1.13541;
0.106381;1.13694;
0.106401;1.13847;
0.106421;1.14;
0.106441;1.14153;
0.106461;1.14306;
0.106481;1.14459;
0.106501;1.14609;
0.106501;1.14609;
0.106501;1.14611;
0.106502;1.14614;
0.106502;1.14616;
0.106502;1.14617;
0.106502;1.14618;
0.106503;1.1462;
0.106503;1.14625;
0.106504;1.14635;
0.106507;1.14655;
0.106512;1.14694;
0.106522;1.14772;
0.106542;1.14925;
0.106562;1.15078;
0.106582;1.15231;
0.106602;1.15383;
0.106622;1.15536;
0.106642;1.15689;
0.106662;1.15842;
0.106682;1.15995;
0.106702;1.16147;
0.106722;1.163;
0.106742;1.16453;
0.106762;1.16605;
0.106782;1.16758;
0.106802;1.16911;
0.106822;1.17063;
0.106842;1.17216;
0.106862;1.17369;
0.106882;1.17521;
0.106902;1.17674;
0.106922;1.17826;
0.106942;1.17979;
0.106962;1.18132;
0.106982;1.18284;
0.107;1.18418;
0.107;1.18419;
0.107;1.18421;
0.107001;1.18424;
0.107001;1.18426;
0.107001;1.18427;
0.107001;1.18428;
0.107002;1.1843;
0.107002;1.18435;
0.107003;1.18445;
0.107006;1.18464;
0.107011;1.18503;
0.107021;1.18582;
0.107041;1.18734;
0.107061;1.18887;
0.107081;1.19039;
0.107101;1.19191;
0.107121;1.19344;
0.107141;1.19496;
0.107161;1.19649;
0.107181;1.19801;
0.107201;1.19954;
0.107221;1.20106;
0.107241;1.20258;
0.107261;1.20411;
0.107281;1.20563;
0.107301;1.20715;
0.107321;1.20868;
0.107341;1.2102;
0.107361;1.21172;
0.107381;1.21324;
0.107401;1.21477;
0.107421;1.21629;
0.107441;1.21781;
0.107461;1.21933;
0.107481;1.22085;
0.107501;1.22235;
0.107501;1.22235;
0.107501;1.22237;
0.107502;1.2224;
0.107502;1.22242;
0.107502;1.22243;
0.107502;1.22244;
0.107503;1.22246;
0.107503;1.22251;
0.107504;1.22261;
0.107507;1.2228;
0.107512;1.22319;
0.107522;1.22397;
0.107542;1.22549;
0.107562;1.22702;
0.107582;1.22854;
0.107602;1.23006;
0.107622;1.23158;
0.107642;1.2331;
0.107662;1.23462;
0.107682;1.23614;
0.107702;1.23766;
0.107722;1.23918;
0.107742;1.2407;
0.107762;1.24222;
0.107782;1.24374;
0.107802;1.24526;
0.107822;1.24678;
0.107842;1.2483;
0.107862;1.24982;
0.107882;1.25134;
0.107902;1.25286;
0.107922;1.25437;
0.107942;1.25589;
0.107962;1.25741;
0.107982;1.25893;
0.108;1.26027;
0.108;1.26027;
0.108;1.26029;
0.108001;1.26032;
0.108001;1.26034;
0.108001;1.26035;
0.108001;1.26036;
0.108002;1.26038;
0.108002;1.26043;
0.108003;1.26053;
0.108006;1.26072;
0.108011;1.26111;
0.108021;1.26189;
0.108041;1.26341;
0.108061;1.26492;
0.108081;1.26644;
0.108101;1.26796;
0.108121;1.26948;
0.108141;1.27099;
0.108161;1.27251;
0.108181;1.27403;
0.108201;1.27554;
0.108221;1.27706;
0.108241;1.27858;
0.108261;1.28009;
0.108281;1.28161;
0.108301;1.28313;
0.108321;1.28464;
0.108341;1.28616;
0.108361;1.28767;
0.108381;1.28919;
0.108401;1.2907;
0.108421;1.29222;
0.108441;1.29373;
0.108461;1.29525;
0.108481;1.29676;
0.108501;1.29825;
0.108501;1.29825;
0.108501;1.29827;
0.108502;1.2983;
0.108502;1.29832;
0.108502;1.29833;
0.108502;1.29834;
0.108503;1.29836;
0.108503;1.29841;
0.108504;1.29851;
0.108507;1.2987;
0.108512;1.29909;
0.108522;1.29987;
0.108542;1.30138;
0.108562;1.3029;
0.108582;1.30441;
0.108602;1.30592;
0.108622;1.30744;
0.108642;1.30895;
0.108662;1.31046;
0.108682;1.31198;
0.108702;1.31349;
0.108722;1.315;
0.108742;1.31651;
0.108762;1.31803;
0.108782;1.31954;
0.108802;1.32105;
0.108822;1.32256;
0.108842;1.32408;
0.108862;1.32559;
0.108882;1.3271;
0.108902;1.32861;
0.108922;1.33012;
0.108942;1.33163;
0.108962;1.33315;
0.108982;1.33466;
0.109;1.33599;
0.109;1.33599;
0.109;1.33601;
0.109001;1.33604;
0.109001;1.33606;
0.109001;1.33607;
0.109001;1.33608;
0.109002;1.3361;
0.109002;1.33615;
0.109003;1.33625;
0.109006;1.33644;
0.109011;1.33683;
0.109021;1.3376;
0.109041;1.33911;
0.109061;1.34062;
0.109081;1.34213;
0.109101;1.34364;
0.109121;1.34515;
0.109141;1.34666;
0.109161;1.34817;
0.109181;1.34968;
0.109201;1.35119;
0.109221;1.3527;
0.109241;1.35421;
0.109261;1.35572;
0.109281;1.35723;
0.109301;1.35874;
0.109321;1.36024;
0.109341;1.36175;
0.109361;1.36326;
0.109381;1.36477;
0.109401;1.36628;
0.109421;1.36778;
0.109441;1.36929;
0.109461;1.3708;
0.109481;1.37231;
0.109501;1.37378;
0.109501;1.37379;
0.109501;1.37381;
0.109502;1.37384;
0.109502;1.37386;
0.109502;1.37387;
0.109502;1.37388;
0.109503;1.3739;
0.109503;1.37395;
0.109504;1.37405;
0.109507;1.37424;
0.109512;1.37463;
0.109522;1.3754;
0.109542;1.3769;
0.109562;1.37841;
0.109582;1.37992;
0.109602;1.38142;
0.109622;1.38293;
0.109642;1.38444;
0.109662;1.38594;
0.109682;1.38745;
0.109702;1.38895;
0.109722;1.39046;
0.109742;1.39196;
0.109762;1.39347;
0.109782;1.39497;
0.109802;1.39648;
0.109822;1.39798;
0.109842;1.39949;
0.109862;1.40099;
0.109882;1.4025;
0.109902;1.404;
0.109922;1.40551;
0.109942;1.40701;
0.109962;1.40851;
0.109982;1.41002;
0.11;1.41134;
0.11;1.41135;
0.11;1.41136;
0.110001;1.41139;
0.110001;1.41142;
0.110001;1.41142;
0.110001;1.41143;
0.110002;1.41146;
0.110002;1.41151;
0.110003;1.4116;
0.110006;1.41179;
0.110011;1.41218;
0.110021;1.41295;
0.110041;1.41445;
0.110061;1.41596;
0.110081;1.41746;
0.110101;1.41896;
0.110121;1.42046;
0.110141;1.42197;
0.110161;1.42347;
0.110181;1.42497;
0.110201;1.42647;
0.110221;1.42797;
0.110241;1.42948;
0.110261;1.43098;
0.110281;1.43248;
0.110301;1.43398;
0.110321;1.43548;
0.110341;1.43698;
0.110361;1.43848;
0.110381;1.43998;
0.110401;1.44148;
0.110421;1.44298;
0.110441;1.44448;
0.110461;1.44598;
0.110481;1.44748;
0.110501;1.44895;
0.110501;1.44896;
0.110501;1.44898;
0.110502;1.44901;
0.110502;1.44903;
0.110502;1.44904;
0.110502;1.44905;
0.110503;1.44907;
0.110503;1.44912;
0.110504;1.44922;
0.110507;1.44941;
0.110512;1.44979;
0.110522;1.45056;
0.110542;1.45206;
0.110562;1.45356;
0.110582;1.45506;
0.110602;1.45656;
0.110622;1.45805;
0.110642;1.45955;
0.110662;1.46105;
0.110682;1.46255;
0.110702;1.46405;
0.110722;1.46555;
0.110742;1.46704;
0.110762;1.46854;
0.110782;1.47004;
0.110802;1.47154;
0.110822;1.47304;
0.110842;1.47453;
0.110862;1.47603;
0.110882;1.47753;
0.110902;1.47902;
0.110922;1.48052;
0.110942;1.48202;
0.110962;1.48351;
0.110982;1.48501;
0.111;1.48633;
0.111;1.48633;
0.111;1.48635;
0.111001;1.48638;
0.111001;1.4864;
0.111001;1.48641;
0.111001;1.48642;
0.111002;1.48644;
0.111002;1.48649;
0.111003;1.48659;
0.111006;1.48678;
0.111011;1.48716;
0.111021;1.48793;
0.111041;1.48942;
0.111061;1.49092;
0.111081;1.49241;
0.111101;1.49391;
0.111121;1.4954;
0.111141;1.4969;
0.111161;1.49839;
0.111181;1.49989;
0.111201;1.50138;
0.111221;1.50288;
0.111241;1.50437;
0.111261;1.50587;
0.111281;1.50736;
0.111301;1.50885;
0.111321;1.51035;
0.111341;1.51184;
0.111361;1.51333;
0.111381;1.51483;
0.111401;1.51632;
0.111421;1.51781;
0.111441;1.51931;
0.111461;1.5208;
0.111481;1.52229;
0.111501;1.52375;
0.111501;1.52376;
0.111501;1.52378;
0.111502;1.52381;
0.111502;1.52383;
0.111502;1.52383;
0.111502;1.52385;
0.111503;1.52387;
0.111503;1.52392;
0.111504;1.52401;
0.111507;1.5242;
0.111512;1.52459;
0.111522;1.52535;
0.111542;1.52684;
0.111562;1.52833;
0.111582;1.52982;
0.111602;1.53132;
0.111622;1.53281;
0.111642;1.5343;
0.111662;1.53579;
0.111682;1.53728;
0.111702;1.53877;
0.111722;1.54026;
0.111742;1.54175;
0.111762;1.54324;
0.111782;1.54473;
0.111802;1.54622;
0.111822;1.54771;
0.111842;1.5492;
0.111862;1.55069;
0.111882;1.55218;
0.111902;1.55367;
0.111922;1.55516;
0.111942;1.55665;
0.111962;1.55814;
0.111982;1.55963;
0.112;1.56094;
0.112;1.56094;
0.112;1.56096;
0.112001;1.56099;
0.112001;1.56101;
0.112001;1.56102;
0.112001;1.56103;
0.112002;1.56105;
0.112002;1.5611;
0.112003;1.5612;
0.112006;1.56139;
0.112011;1.56177;
0.112021;1.56253;
0.112041;1.56402;
0.112061;1.56551;
0.112081;1.56699;
0.112101;1.56848;
0.112121;1.56997;
0.112141;1.57146;
0.112161;1.57294;
0.112181;1.57443;
0.112201;1.57592;
0.112221;1.57741;
0.112241;1.57889;
0.112261;1.58038;
0.112281;1.58187;
0.112301;1.58335;
0.112321;1.58484;
0.112341;1.58632;
0.112361;1.58781;
0.112381;1.58929;
0.112401;1.59078;
0.112421;1.59227;
0.112441;1.59375;
0.112461;1.59524;
0.112481;1.59672;
0.112501;1.59818;
0.112501;1.59818;
0.112501;1.5982;
0.112502;1.59823;
0.112502;1.59825;
0.112502;1.59826;
0.112502;1.59827;
0.112503;1.59829;
0.112503;1.59834;
0.112504;1.59843;
0.112507;1.59862;
0.112512;1.599;
0.112522;1.59976;
0.112542;1.60125;
0.112562;1.60273;
0.112582;1.60422;
0.112602;1.6057;
0.112622;1.60719;
0.112642;1.60867;
0.112662;1.61015;
0.112682;1.61164;
0.112702;1.61312;
0.112722;1.6146;
0.112742;1.61609;
0.112762;1.61757;
0.112782;1.61905;
0.112802;1.62053;
0.112822;1.62202;
0.112842;1.6235;
0.112862;1.62498;
0.112882;1.62646;
0.112902;1.62794;
0.112922;1.62942;
0.112942;1.63091;
0.112962;1.63239;
0.112982;1.63387;
0.113;1.63517;
0.113;1.63518;
0.113;1.63519;
0.113001;1.63522;
0.113001;1.63525;
0.113001;1.63525;
0.113001;1.63526;
0.113002;1.63529;
0.113002;1.63533;
0.113003;1.63543;
0.113006;1.63562;
0.113011;1.636;
0.113021;1.63676;
0.113041;1.63824;
0.113061;1.63972;
0.113081;1.6412;
0.113101;1.64268;
0.113121;1.64416;
0.113141;1.64564;
0.113161;1.64712;
0.113181;1.6486;
0.113201;1.65008;
0.113221;1.65156;
0.113241;1.65304;
0.113261;1.65451;
0.113281;1.65599;
0.113301;1.65747;
0.113321;1.65895;
0.113341;1.66043;
0.113361;1.66191;
0.113381;1.66338;
0.113401;1.66486;
0.113421;1.66634;
0.113441;1.66782;
0.113461;1.6693;
0.113481;1.67077;
0.113501;1.67222;
0.113501;1.67223;
0.113501;1.67224;
0.113502;1.67227;
0.113502;1.67229;
0.113502;1.6723;
0.113502;1.67231;
0.113503;1.67234;
0.113503;1.67238;
0.113504;1.67248;
0.113507;1.67267;
0.113512;1.67304;
0.113522;1.6738;
0.113542;1.67528;
0.113562;1.67675;
0.113582;1.67823;
0.113602;1.67971;
0.113622;1.68118;
0.113642;1.68266;
0.113662;1.68414;
0.113682;1.68561;
0.113702;1.68709;
0.113722;1.68856;
0.113742;1.69004;
0.113762;1.69151;
0.113782;1.69299;
0.113802;1.69446;
0.113822;1.69594;
0.113842;1.69741;
0.113862;1.69889;
0.113882;1.70036;
0.113902;1.70183;
0.113922;1.70331;
0.113942;1.70478;
0.113962;1.70626;
0.113982;1.70773;
0.114;1.70903;
0.114;1.70903;
0.114;1.70905;
0.114001;1.70908;
0.114001;1.7091;
0.114001;1.70911;
0.114001;1.70912;
0.114002;1.70914;
0.114002;1.70919;
0.114003;1.70928;
0.114006;1.70947;
0.114011;1.70985;
0.114021;1.7106;
0.114041;1.71208;
0.114061;1.71355;
0.114081;1.71502;
0.114101;1.71649;
0.114121;1.71797;
0.114141;1.71944;
0.114161;1.72091;
0.114181;1.72238;
0.114201;1.72385;
0.114221;1.72533;
0.114241;1.7268;
0.114261;1.72827;
0.114281;1.72974;
0.114301;1.73121;
0.114321;1.73268;
0.114341;1.73415;
0.114361;1.73562;
0.114381;1.73709;
0.114401;1.73856;
0.114421;1.74003;
0.114441;1.7415;
0.114461;1.74297;
0.114481;1.74444;
0.114501;1.74588;
0.114501;1.74589;
0.114501;1.7459;
0.114502;1.74593;
0.114502;1.74596;
0.114502;1.74596;
0.114502;1.74597;
0.114503;1.746;
0.114503;1.74604;
0.114504;1.74614;
0.114507;1.74633;
0.114512;1.7467;
0.114522;1.74745;
0.114542;1.74892;
0.114562;1.75039;
0.114582;1.75186;
0.114602;1.75333;
0.114622;1.7548;
0.114642;1.75627;
0.114662;1.75774;
0.114682;1.7592;
0.114702;1.76067;
0.114722;1.76214;
0.114742;1.76361;
0.114762;1.76507;
0.114782;1.76654;
0.114802;1.76801;
0.114822;1.76948;
0.114842;1.77094;
0.114862;1.77241;
0.114882;1.77388;
0.114902;1.77534;
0.114922;1.77681;
0.114942;1.77827;
0.114962;1.77974;
0.114982;1.78121;
0.115;1.7825;
0.115;1.7825;
0.115;1.78252;
0.115001;1.78255;
0.115001;1.78257;
0.115001;1.78257;
0.115001;1.78259;
0.115002;1.78261;
0.115002;1.78266;
0.115003;1.78275;
0.115006;1.78294;
0.115011;1.78331;
0.115021;1.78406;
0.115041;1.78553;
0.115061;1.78699;
0.115081;1.78846;
0.115101;1.78992;
0.115121;1.79139;
0.115141;1.79285;
0.115161;1.79432;
0.115181;1.79578;
0.115201;1.79725;
0.115221;1.79871;
0.115241;1.80017;
0.115261;1.80164;
0.115281;1.8031;
0.115301;1.80456;
0.115321;1.80603;
0.115341;1.80749;
0.115361;1.80895;
0.115381;1.81042;
0.115401;1.81188;
0.115421;1.81334;
0.115441;1.8148;
0.115461;1.81626;
0.115481;1.81773;
0.115501;1.81916;
0.115501;1.81917;
0.115501;1.81918;
0.115502;1.81921;
0.115502;1.81923;
0.115502;1.81924;
0.115502;1.81925;
0.115503;1.81927;
0.115503;1.81932;
0.115504;1.81941;
0.115507;1.8196;
0.115512;1.81997;
0.115522;1.82072;
0.115542;1.82218;
0.115562;1.82365;
0.115582;1.82511;
0.115602;1.82657;
0.115622;1.82803;
0.115642;1.82949;
0.115662;1.83095;
0.115682;1.83241;
0.115702;1.83387;
0.115722;1.83533;
0.115742;1.83679;
0.115762;1.83825;
0.115782;1.83971;
0.115802;1.84117;
0.115822;1.84263;
0.115842;1.84409;
0.115862;1.84555;
0.115882;1.847;
0.115902;1.84846;
0.115922;1.84992;
0.115942;1.85138;
0.115962;1.85284;
0.115982;1.8543;
0.116;1.85558;
0.116;1.85559;
0.116;1.8556;
0.116001;1.85563;
0.116001;1.85565;
0.116001;1.85566;
0.116001;1.85567;
0.116002;1.85569;
0.116002;1.85574;
0.116003;1.85583;
0.116006;1.85602;
0.116011;1.85639;
0.116021;1.85714;
0.116041;1.8586;
0.116061;1.86005;
0.116081;1.86151;
0.116101;1.86297;
0.116121;1.86442;
0.116141;1.86588;
0.116161;1.86734;
0.116181;1.86879;
0.116201;1.87025;
0.116221;1.87171;
0.116241;1.87316;
0.116261;1.87462;
0.116281;1.87607;
0.116301;1.87753;
0.116321;1.87899;
0.116341;1.88044;
0.116361;1.8819;
0.116381;1.88335;
0.116401;1.8848;
0.116421;1.88626;
0.116441;1.88771;
0.116461;1.88917;
0.116481;1.89062;
0.116501;1.89205;
0.116501;1.89205;
0.116501;1.89207;
0.116502;1.8921;
0.116502;1.89212;
0.116502;1.89213;
0.116502;1.89214;
0.116503;1.89216;
0.116503;1.89221;
0.116504;1.8923;
0.116507;1.89249;
0.116512;1.89286;
0.116522;1.8936;
0.116542;1.89506;
0.116562;1.89651;
0.116582;1.89796;
0.116602;1.89942;
0.116622;1.90087;
0.116642;1.90232;
0.116662;1.90377;
0.116682;1.90523;
0.116702;1.90668;
0.116722;1.90813;
0.116742;1.90958;
0.116762;1.91104;
0.116782;1.91249;
0.116802;1.91394;
0.116822;1.91539;
0.116842;1.91684;
0.116862;1.91829;
0.116882;1.91974;
0.116902;1.92119;
0.116922;1.92264;
0.116942;1.9241;
0.116962;1.92555;
0.116982;1.927;
0.117;1.92827;
0.117;1.92828;
0.117;1.92829;
0.117001;1.92832;
0.117001;1.92834;
0.117001;1.92835;
0.117001;1.92836;
0.117002;1.92839;
0.117002;1.92843;
0.117003;1.92852;
0.117006;1.92871;
0.117011;1.92908;
0.117021;1.92982;
0.117041;1.93127;
0.117061;1.93272;
0.117081;1.93417;
0.117101;1.93562;
0.117121;1.93707;
0.117141;1.93852;
0.117161;1.93997;
0.117181;1.94142;
0.117201;1.94286;
0.117221;1.94431;
0.117241;1.94576;
0.117261;1.94721;
0.117281;1.94866;
0.117301;1.9501;
0.117321;1.95155;
0.117341;1.953;
0.117361;1.95445;
0.117381;1.95589;
0.117401;1.95734;
0.117421;1.95879;
0.117441;1.96023;
0.117461;1.96168;
0.117481;1.96313;
0.117501;1.96454;
0.117501;1.96455;
0.117501;1.96457;
0.117502;1.96459;
0.117502;1.96462;
0.117502;1.96462;
0.117502;1.96463;
0.117503;1.96466;
0.117503;1.9647;
0.117504;1.9648;
0.117507;1.96498;
0.117512;1.96535;
0.117522;1.96609;
0.117542;1.96754;
0.117562;1.96898;
0.117582;1.97043;
0.117602;1.97187;
0.117622;1.97332;
0.117642;1.97476;
0.117662;1.97621;
0.117682;1.97765;
0.117702;1.9791;
0.117722;1.98054;
0.117742;1.98199;
0.117762;1.98343;
0.117782;1.98487;
0.117802;1.98632;
0.117822;1.98776;
0.117842;1.9892;
0.117862;1.99065;
0.117882;1.99209;
0.117902;1.99353;
0.117922;1.99498;
0.117942;1.99642;
0.117962;1.99786;
0.117982;1.9993;
0.118;2.00057;
0.118;2.00058;
0.118;2.00059;
0.118001;2.00062;
0.118001;2.00064;
0.118001;2.00065;
0.118001;2.00066;
0.118002;2.00068;
0.118002;2.00073;
0.118003;2.00082;
0.118006;2.00101;
0.118011;2.00138;
0.118021;2.00212;
0.118041;2.00356;
0.118061;2.005;
0.118081;2.00644;
0.118101;2.00788;
0.118121;2.00932;
0.118141;2.01076;
0.118161;2.0122;
0.118181;2.01365;
0.118201;2.01509;
0.118221;2.01653;
0.118241;2.01797;
0.118261;2.01941;
0.118281;2.02085;
0.118301;2.02229;
0.118321;2.02373;
0.118341;2.02517;
0.118361;2.0266;
0.118381;2.02804;
0.118401;2.02948;
0.118421;2.03092;
0.118441;2.03236;
0.118461;2.0338;
0.118481;2.03524;
0.118501;2.03665;
0.118501;2.03665;
0.118501;2.03667;
0.118502;2.0367;
0.118502;2.03672;
0.118502;2.03672;
0.118502;2.03674;
0.118503;2.03676;
0.118503;2.0368;
0.118504;2.0369;
0.118507;2.03708;
0.118512;2.03745;
0.118522;2.03818;
0.118542;2.03962;
0.118562;2.04106;
0.118582;2.0425;
0.118602;2.04394;
0.118622;2.04537;
0.118642;2.04681;
0.118662;2.04825;
0.118682;2.04968;
0.118702;2.05112;
0.118722;2.05256;
0.118742;2.05399;
0.118762;2.05543;
0.118782;2.05686;
0.118802;2.0583;
0.118822;2.05974;
0.118842;2.06117;
0.118862;2.06261;
0.118882;2.06404;
0.118902;2.06548;
0.118922;2.06691;
0.118942;2.06835;
0.118962;2.06978;
0.118982;2.07121;
0.119;2.07248;
0.119;2.07248;
0.119;2.0725;
0.119001;2.07253;
0.119001;2.07255;
0.119001;2.07255;
0.119001;2.07257;
0.119002;2.07259;
0.119002;2.07263;
0.119003;2.07273;
0.119006;2.07291;
0.119011;2.07328;
0.119021;2.07401;
0.119041;2.07545;
0.119061;2.07688;
0.119081;2.07831;
0.119101;2.07975;
0.119121;2.08118;
0.119141;2.08261;
0.119161;2.08405;
0.119181;2.08548;
0.119201;2.08691;
0.119221;2.08834;
0.119241;2.08978;
0.119261;2.09121;
0.119281;2.09264;
0.119301;2.09407;
0.119321;2.0955;
0.119341;2.09693;
0.119361;2.09837;
0.119381;2.0998;
0.119401;2.10123;
0.119421;2.10266;
0.119441;2.10409;
0.119461;2.10552;
0.119481;2.10695;
0.119501;2.10835;
0.119501;2.10836;
0.119501;2.10837;
0.119502;2.1084;
0.119502;2.10842;
0.119502;2.10843;
0.119502;2.10844;
0.119503;2.10846;
0.119503;2.10851;
0.119504;2.1086;
0.119507;2.10878;
0.119512;2.10915;
0.119522;2.10988;
0.119542;2.11131;
0.119562;2.11274;
0.119582;2.11417;
0.119602;2.1156;
0.119622;2.11703;
0.119642;2.11846;
0.119662;2.11989;
0.119682;2.12132;
0.119702;2.12275;
0.119722;2.12417;
0.119742;2.1256;
0.119762;2.12703;
0.119782;2.12846;
0.119802;2.12989;
0.119822;2.13131;
0.119842;2.13274;
0.119862;2.13417;
0.119882;2.1356;
0.119902;2.13702;
0.119922;2.13845;
0.119942;2.13988;
0.119962;2.1413;
0.119982;2.14273;
0.12;2.14398;
0.12;2.14399;
0.12;2.14401;
0.120001;2.14403;
0.120001;2.14406;
0.120001;2.14406;
0.120001;2.14407;
0.120002;2.1441;
0.120002;2.14414;
0.120003;2.14423;
0.120006;2.14441;
0.120011;2.14478;
0.120021;2.14551;
0.120041;2.14694;
0.120061;2.14836;
0.120081;2.14979;
0.120101;2.15121;
0.120121;2.15264;
0.120141;2.15406;
0.120161;2.15549;
0.120181;2.15691;
0.120201;2.15834;
0.120221;2.15976;
0.120241;2.16119;
0.120261;2.16261;
0.120281;2.16403;
0.120301;2.16546;
0.120321;2.16688;
0.120341;2.1683;
0.120361;2.16973;
0.120381;2.17115;
0.120401;2.17257;
0.120421;2.174;
0.120441;2.17542;
0.120461;2.17684;
0.120481;2.17826;
0.120501;2.17966;
0.120501;2.17967;
0.120501;2.17968;
0.120502;2.17971;
0.120502;2.17973;
0.120502;2.17974;
0.120502;2.17975;
0.120503;2.17977;
0.120503;2.17981;
0.120504;2.17991;
0.120507;2.18009;
0.120512;2.18045;
0.120522;2.18118;
0.120542;2.1826;
0.120562;2.18402;
0.120582;2.18545;
0.120602;2.18687;
0.120622;2.18829;
0.120642;2.18971;
0.120662;2.19113;
0.120682;2.19255;
0.120702;2.19397;
0.120722;2.19539;
0.120742;2.19681;
0.120762;2.19823;
0.120782;2.19965;
0.120802;2.20107;
0.120822;2.20249;
0.120842;2.20391;
0.120862;2.20533;
0.120882;2.20675;
0.120902;2.20817;
0.120922;2.20959;
0.120942;2.21101;
0.120962;2.21242;
0.120982;2.21384;
0.121;2.21509;
0.121;2.2151;
0.121;2.21511;
0.121001;2.21514;
0.121001;2.21516;
0.121001;2.21517;
0.121001;2.21518;
0.121002;2.2152;
0.121002;2.21525;
0.121003;2.21534;
0.121006;2.21552;
0.121011;2.21588;
0.121021;2.21661;
0.121041;2.21803;
0.121061;2.21944;
0.121081;2.22086;
0.121101;2.22228;
0.121121;2.2237;
0.121141;2.22511;
0.121161;2.22653;
0.121181;2.22795;
0.121201;2.22936;
0.121221;2.23078;
0.121241;2.2322;
0.121261;2.23361;
0.121281;2.23503;
0.121301;2.23644;
0.121321;2.23786;
0.121341;2.23927;
0.121361;2.24069;
0.121381;2.2421;
0.121401;2.24352;
0.121421;2.24493;
0.121441;2.24635;
0.121461;2.24776;
0.121481;2.24918;
0.121501;2.25056;
0.121501;2.25057;
0.121501;2.25059;
0.121502;2.25061;
0.121502;2.25063;
0.121502;2.25064;
0.121502;2.25065;
0.121503;2.25067;
0.121503;2.25072;
0.121504;2.25081;
0.121507;2.25099;
0.121512;2.25135;
0.121522;2.25208;
0.121542;2.25349;
0.121562;2.2549;
0.121582;2.25632;
0.121602;2.25773;
0.121622;2.25914;
0.121642;2.26056;
0.121662;2.26197;
0.121682;2.26338;
0.121702;2.2648;
0.121722;2.26621;
0.121742;2.26762;
0.121762;2.26903;
0.121782;2.27044;
0.121802;2.27186;
0.121822;2.27327;
0.121842;2.27468;
0.121862;2.27609;
0.121882;2.2775;
0.121902;2.27891;
0.121922;2.28032;
0.121942;2.28173;
0.121962;2.28314;
0.121982;2.28455;
0.122;2.28579;
0.122;2.2858;
0.122;2.28582;
0.122001;2.28584;
0.122001;2.28587;
0.122001;2.28587;
0.122001;2.28588;
0.122002;2.2859;
0.122002;2.28595;
0.122003;2.28604;
0.122006;2.28622;
0.122011;2.28658;
0.122021;2.2873;
0.122041;2.28871;
0.122061;2.29012;
0.122081;2.29153;
0.122101;2.29294;
0.122121;2.29435;
0.122141;2.29576;
0.122161;2.29717;
0.122181;2.29858;
0.122201;2.29999;
0.122221;2.30139;
0.122241;2.3028;
0.122261;2.30421;
0.122281;2.30562;
0.122301;2.30703;
0.122321;2.30843;
0.122341;2.30984;
0.122361;2.31125;
0.122381;2.31266;
0.122401;2.31406;
0.122421;2.31547;
0.122441;2.31688;
0.122461;2.31828;
0.122481;2.31969;
0.122501;2.32107;
0.122501;2.32107;
0.122501;2.32109;
0.122502;2.32112;
0.122502;2.32114;
0.122502;2.32114;
0.122502;2.32115;
0.122503;2.32118;
0.122503;2.32122;
0.122504;2.32131;
0.122507;2.32149;
0.122512;2.32185;
0.122522;2.32257;
0.122542;2.32398;
0.122562;2.32538;
0.122582;2.32679;
0.122602;2.32819;
0.122622;2.3296;
0.122642;2.331;
0.122662;2.33241;
0.122682;2.33381;
0.122702;2.33522;
0.122722;2.33662;
0.122742;2.33802;
0.122762;2.33943;
0.122782;2.34083;
0.122802;2.34224;
0.122822;2.34364;
0.122842;2.34504;
0.122862;2.34645;
0.122882;2.34785;
0.122902;2.34925;
0.122922;2.35065;
0.122942;2.35206;
0.122962;2.35346;
0.122982;2.35486;
0.123;2.35609;
0.123;2.3561;
0.123;2.35612;
0.123001;2.35614;
0.123001;2.35616;
0.123001;2.35617;
0.123001;2.35618;
0.123002;2.3562;
0.123002;2.35625;
0.123003;2.35634;
0.123006;2.35652;
0.123011;2.35688;
0.123021;2.35759;
0.123041;2.359;
0.123061;2.3604;
0.123081;2.3618;
0.123101;2.3632;
0.123121;2.3646;
0.123141;2.366;
0.123161;2.3674;
0.123181;2.3688;
0.123201;2.3702;
0.123221;2.3716;
0.123241;2.373;
0.123261;2.3744;
0.123281;2.3758;
0.123301;2.3772;
0.123321;2.3786;
0.123341;2.38;
0.123361;2.3814;
0.123381;2.3828;
0.123401;2.3842;
0.123421;2.3856;
0.123441;2.387;
0.123461;2.38839;
0.123481;2.38979;
0.123501;2.39116;
0.123501;2.39117;
0.123501;2.39118;
0.123502;2.39121;
0.123502;2.39123;
0.123502;2.39124;
0.123502;2.39125;
0.123503;2.39127;
0.123503;2.39132;
0.123504;2.39141;
0.123507;2.39158;
0.123512;2.39194;
0.123522;2.39266;
0.123542;2.39406;
0.123562;2.39545;
0.123582;2.39685;
0.123602;2.39825;
0.123622;2.39964;
0.123642;2.40104;
0.123662;2.40244;
0.123682;2.40383;
0.123702;2.40523;
0.123722;2.40663;
0.123742;2.40802;
0.123762;2.40942;
0.123782;2.41081;
0.123802;2.41221;
0.123822;2.4136;
0.123842;2.415;
0.123862;2.4164;
0.123882;2.41779;
0.123902;2.41918;
0.123922;2.42058;
0.123942;2.42197;
0.123962;2.42337;
0.123982;2.42476;
0.124;2.42599;
0.124;2.426;
0.124;2.42601;
0.124001;2.42604;
0.124001;2.42606;
0.124001;2.42606;
0.124001;2.42607;
0.124002;2.4261;
0.124002;2.42614;
0.124003;2.42623;
0.124006;2.42641;
0.124011;2.42677;
0.124021;2.42748;
0.124041;2.42887;
0.124061;2.43027;
0.124081;2.43166;
0.124101;2.43305;
0.124121;2.43445;
0.124141;2.43584;
0.124161;2.43723;
0.124181;2.43862;
0.124201;2.44002;
0.124221;2.44141;
0.124241;2.4428;
0.124261;2.44419;
0.124281;2.44558;
0.124301;2.44697;
0.124321;2.44837;
0.124341;2.44976;
0.124361;2.45115;
0.124381;2.45254;
0.124401;2.45393;
0.124421;2.45532;
0.124441;2.45671;
0.124461;2.4581;
0.124481;2.45949;
0.124501;2.46085;
0.124501;2.46086;
0.124501;2.46087;
0.124502;2.4609;
0.124502;2.46092;
0.124502;2.46093;
0.124502;2.46094;
0.124503;2.46096;
0.124503;2.461;
0.124504;2.46109;
0.124507;2.46127;
0.124512;2.46163;
0.124522;2.46234;
0.124542;2.46373;
0.124562;2.46512;
0.124582;2.46651;
0.124602;2.4679;
0.124622;2.46928;
0.124642;2.47067;
0.124662;2.47206;
0.124682;2.47345;
0.124702;2.47484;
0.124722;2.47623;
0.124742;2.47761;
0.124762;2.479;
0.124782;2.48039;
0.124802;2.48178;
0.124822;2.48316;
0.124842;2.48455;
0.124862;2.48594;
0.124882;2.48732;
0.124902;2.48871;
0.124922;2.4901;
0.124942;2.49148;
0.124962;2.49287;
0.124982;2.49425;
0.125;2.49547;
0.125;2.49548;
0.125;2.49549;
0.125001;2.49552;
0.125001;2.49554;
0.125001;2.49555;
0.125001;2.49556;
0.125002;2.49558;
0.125002;2.49563;
0.125003;2.49571;
0.125006;2.49589;
0.125011;2.49625;
0.125021;2.49696;
0.125041;2.49834;
0.125061;2.49973;
0.125081;2.50111;
0.125101;2.5025;
0.125121;2.50388;
0.125141;2.50527;
0.125161;2.50665;
0.125181;2.50803;
0.125201;2.50942;
0.125221;2.5108;
0.125241;2.51219;
0.125261;2.51357;
0.125281;2.51495;
0.125301;2.51634;
0.125321;2.51772;
0.125341;2.5191;
0.125361;2.52048;
0.125381;2.52187;
0.125401;2.52325;
0.125421;2.52463;
0.125441;2.52601;
0.125461;2.5274;
0.125481;2.52878;
0.125501;2.53013;
0.125501;2.53014;
0.125501;2.53015;
0.125502;2.53018;
0.125502;2.5302;
0.125502;2.53021;
0.125502;2.53022;
0.125503;2.53024;
0.125503;2.53028;
0.125504;2.53037;
0.125507;2.53055;
0.125512;2.5309;
0.125522;2.53161;
0.125542;2.53299;
0.125562;2.53437;
0.125582;2.53575;
0.125602;2.53713;
0.125622;2.53851;
0.125642;2.53989;
0.125662;2.54128;
0.125682;2.54266;
0.125702;2.54404;
0.125722;2.54541;
0.125742;2.54679;
0.125762;2.54817;
0.125782;2.54955;
0.125802;2.55093;
0.125822;2.55231;
0.125842;2.55369;
0.125862;2.55507;
0.125882;2.55645;
0.125902;2.55783;
0.125922;2.5592;
0.125942;2.56058;
0.125962;2.56196;
0.125982;2.56334;
0.126;2.56455;
0.126;2.56456;
0.126;2.56457;
0.126001;2.5646;
0.126001;2.56462;
0.126001;2.56462;
0.126001;2.56463;
0.126002;2.56466;
0.126002;2.5647;
0.126003;2.56479;
0.126006;2.56497;
0.126011;2.56532;
0.126021;2.56602;
0.126041;2.5674;
0.126061;2.56878;
0.126081;2.57015;
0.126101;2.57153;
0.126121;2.57291;
0.126141;2.57428;
0.126161;2.57566;
0.126181;2.57704;
0.126201;2.57841;
0.126221;2.57979;
0.126241;2.58116;
0.126261;2.58254;
0.126281;2.58391;
0.126301;2.58529;
0.126321;2.58666;
0.126341;2.58804;
0.126361;2.58941;
0.126381;2.59079;
0.126401;2.59216;
0.126421;2.59353;
0.126441;2.59491;
0.126461;2.59628;
0.126481;2.59766;
0.126501;2.599;
0.126501;2.59901;
0.126501;2.59902;
0.126502;2.59905;
0.126502;2.59907;
0.126502;2.59908;
0.126502;2.59909;
0.126503;2.59911;
0.126503;2.59915;
0.126504;2.59924;
0.126507;2.59942;
0.126512;2.59977;
0.126522;2.60047;
0.126542;2.60184;
0.126562;2.60322;
0.126582;2.60459;
0.126602;2.60596;
0.126622;2.60733;
0.126642;2.60871;
0.126662;2.61008;
0.126682;2.61145;
0.126702;2.61282;
0.126722;2.61419;
0.126742;2.61556;
0.126762;2.61694;
0.126782;2.61831;
0.126802;2.61968;
0.126822;2.62105;
0.126842;2.62242;
0.126862;2.62379;
0.126882;2.62516;
0.126902;2.62653;
0.126922;2.6279;
0.126942;2.62927;
0.126962;2.63064;
0.126982;2.63201;
0.127;2.63321;
0.127;2.63322;
0.127;2.63323;
0.127001;2.63326;
0.127001;2.63328;
0.127001;2.63329;
0.127001;2.6333;
0.127002;2.63332;
0.127002;2.63336;
0.127003;2.63345;
0.127006;2.63363;
0.127011;2.63398;
0.127021;2.63468;
0.127041;2.63605;
0.127061;2.63742;
0.127081;2.63878;
0.127101;2.64015;
0.127121;2.64152;
0.127141;2.64289;
0.127161;2.64426;
0.127181;2.64563;
0.127201;2.64699;
0.127221;2.64836;
0.127241;2.64973;
0.127261;2.65109;
0.127281;2.65246;
0.127301;2.65383;
0.127321;2.65519;
0.127341;2.65656;
0.127361;2.65793;
0.127381;2.65929;
0.127401;2.66066;
0.127421;2.66203;
0.127441;2.66339;
0.127461;2.66476;
0.127481;2.66612;
0.127501;2.66746;
0.127501;2.66747;
0.127501;2.66748;
0.127502;2.66751;
0.127502;2.66753;
0.127502;2.66753;
0.127502;2.66754;
0.127503;2.66757;
0.127503;2.66761;
0.127504;2.6677;
0.127507;2.66787;
0.127512;2.66822;
0.127522;2.66892;
0.127542;2.67028;
0.127562;2.67165;
0.127582;2.67301;
0.127602;2.67438;
0.127622;2.67574;
0.127642;2.67711;
0.127662;2.67847;
0.127682;2.67983;
0.127702;2.6812;
0.127722;2.68256;
0.127742;2.68392;
0.127762;2.68529;
0.127782;2.68665;
0.127802;2.68801;
0.127822;2.68937;
0.127842;2.69074;
0.127862;2.6921;
0.127882;2.69346;
0.127902;2.69482;
0.127922;2.69618;
0.127942;2.69755;
0.127962;2.69891;
0.127982;2.70027;
0.128;2.70147;
0.128;2.70147;
0.128;2.70149;
0.128001;2.70151;
0.128001;2.70153;
0.128001;2.70154;
0.128001;2.70155;
0.128002;2.70157;
0.128002;2.70161;
0.128003;2.7017;
0.128006;2.70188;
0.128011;2.70222;
0.128021;2.70292;
0.128041;2.70428;
0.128061;2.70564;
0.128081;2.707;
0.128101;2.70836;
0.128121;2.70972;
0.128141;2.71108;
0.128161;2.71244;
0.128181;2.7138;
0.128201;2.71516;
0.128221;2.71652;
0.128241;2.71788;
0.128261;2.71924;
0.128281;2.7206;
0.128301;2.72196;
0.128321;2.72331;
0.128341;2.72467;
0.128361;2.72603;
0.128381;2.72739;
0.128401;2.72875;
0.128421;2.7301;
0.128441;2.73146;
0.128461;2.73282;
0.128481;2.73417;
0.128501;2.7355;
0.128501;2.73551;
0.128501;2.73552;
0.128502;2.73555;
0.128502;2.73557;
0.128502;2.73558;
0.128502;2.73559;
0.128503;2.73561;
0.128503;2.73565;
0.128504;2.73574;
0.128507;2.73591;
0.128512;2.73626;
0.128522;2.73696;
0.128542;2.73831;
0.128562;2.73967;
0.128582;2.74102;
0.128602;2.74238;
0.128622;2.74374;
0.128642;2.74509;
0.128662;2.74645;
0.128682;2.7478;
0.128702;2.74916;
0.128722;2.75051;
0.128742;2.75187;
0.128762;2.75322;
0.128782;2.75458;
0.128802;2.75593;
0.128822;2.75729;
0.128842;2.75864;
0.128862;2.75999;
0.128882;2.76135;
0.128902;2.7627;
0.128922;2.76405;
0.128942;2.76541;
0.128962;2.76676;
0.128982;2.76811;
0.129;2.7693;
0.129;2.76931;
0.129;2.76932;
0.129001;2.76935;
0.129001;2.76937;
0.129001;2.76938;
0.129001;2.76939;
0.129002;2.76941;
0.129002;2.76945;
0.129003;2.76954;
0.129006;2.76971;
0.129011;2.77006;
0.129021;2.77075;
0.129041;2.7721;
0.129061;2.77345;
0.129081;2.77481;
0.129101;2.77616;
0.129121;2.77751;
0.129141;2.77886;
0.129161;2.78021;
0.129181;2.78156;
0.129201;2.78292;
0.129221;2.78427;
0.129241;2.78562;
0.129261;2.78697;
0.129281;2.78832;
0.129301;2.78967;
0.129321;2.79102;
0.129341;2.79237;
0.129361;2.79372;
0.129381;2.79507;
0.129401;2.79642;
0.129421;2.79777;
0.129441;2.79911;
0.129461;2.80046;
0.129481;2.80181;
0.129501;2.80313;
0.129501;2.80314;
0.129501;2.80315;
0.129502;2.80318;
0.129502;2.8032;
0.129502;2.80321;
0.129502;2.80322;
0.129503;2.80324;
0.129503;2.80328;
0.129504;2.80337;
0.129507;2.80354;
0.129512;2.80389;
0.129522;2.80458;
0.129542;2.80592;
0.129562;2.80727;
0.129582;2.80862;
0.129602;2.80997;
0.129622;2.81132;
0.129642;2.81266;
0.129662;2.81401;
0.129682;2.81536;
0.129702;2.8167;
0.129722;2.81805;
0.129742;2.8194;
0.129762;2.82074;
0.129782;2.82209;
0.129802;2.82344;
0.129822;2.82478;
0.129842;2.82613;
0.129862;2.82747;
0.129882;2.82882;
0.129902;2.83016;
0.129922;2.83151;
0.129942;2.83285;
0.129962;2.8342;
0.129982;2.83554;
0.13;2.83673;
0.13;2.83673;
0.13;2.83675;
0.130001;2.83677;
0.130001;2.83679;
0.130001;2.8368;
0.130001;2.83681;
0.130002;2.83683;
0.130002;2.83687;
0.130003;2.83696;
0.130006;2.83713;
0.130011;2.83748;
0.130021;2.83816;
0.130041;2.83951;
0.130061;2.84085;
0.130081;2.8422;
0.130101;2.84354;
0.130121;2.84488;
0.130141;2.84623;
0.130161;2.84757;
0.130181;2.84891;
0.130201;2.85025;
0.130221;2.8516;
0.130241;2.85294;
0.130261;2.85428;
0.130281;2.85562;
0.130301;2.85697;
0.130321;2.85831;
0.130341;2.85965;
0.130361;2.86099;
0.130381;2.86233;
0.130401;2.86367;
0.130421;2.86501;
0.130441;2.86635;
0.130461;2.86769;
0.130481;2.86904;
0.130501;2.87035;
0.130501;2.87036;
0.130501;2.87037;
0.130502;2.8704;
0.130502;2.87042;
0.130502;2.87042;
0.130502;2.87043;
0.130503;2.87045;
0.130503;2.8705;
0.130504;2.87058;
0.130507;2.87075;
0.130512;2.8711;
0.130522;2.87178;
0.130542;2.87312;
0.130562;2.87446;
0.130582;2.8758;
0.130602;2.87714;
0.130622;2.87848;
0.130642;2.87982;
0.130662;2.88116;
0.130682;2.8825;
0.130702;2.88384;
0.130722;2.88517;
0.130742;2.88651;
0.130762;2.88785;
0.130782;2.88919;
0.130802;2.89053;
0.130822;2.89186;
0.130842;2.8932;
0.130862;2.89454;
0.130882;2.89587;
0.130902;2.89721;
0.130922;2.89855;
0.130942;2.89988;
0.130962;2.90122;
0.130982;2.90256;
0.131;2.90373;
0.131;2.90374;
0.131;2.90375;
0.131001;2.90378;
0.131001;2.9038;
0.131001;2.90381;
0.131001;2.90382;
0.131002;2.90384;
0.131002;2.90388;
0.131003;2.90397;
0.131006;2.90414;
0.131011;2.90448;
0.131021;2.90516;
0.131041;2.9065;
0.131061;2.90783;
0.131081;2.90917;
0.131101;2.9105;
0.131121;2.91184;
0.131141;2.91317;
0.131161;2.91451;
0.131181;2.91584;
0.131201;2.91718;
0.131221;2.91851;
0.131241;2.91985;
0.131261;2.92118;
0.131281;2.92251;
0.131301;2.92385;
0.131321;2.92518;
0.131341;2.92651;
0.131361;2.92785;
0.131381;2.92918;
0.131401;2.93051;
0.131421;2.93184;
0.131441;2.93318;
0.131461;2.93451;
0.131481;2.93584;
0.131501;2.93715;
0.131501;2.93715;
0.131501;2.93717;
0.131502;2.93719;
0.131502;2.93721;
0.131502;2.93722;
0.131502;2.93723;
0.131503;2.93725;
0.131503;2.93729;
0.131504;2.93738;
0.131507;2.93755;
0.131512;2.93789;
0.131522;2.93857;
0.131542;2.9399;
0.131562;2.94123;
0.131582;2.94257;
0.131602;2.9439;
0.131622;2.94523;
0.131642;2.94656;
0.131662;2.94789;
0.131682;2.94922;
0.131702;2.95055;
0.131722;2.95188;
0.131742;2.95321;
0.131762;2.95454;
0.131782;2.95587;
0.131802;2.9572;
0.131822;2.95853;
0.131842;2.95986;
0.131862;2.96118;
0.131882;2.96251;
0.131902;2.96384;
0.131922;2.96517;
0.131942;2.9665;
0.131962;2.96783;
0.131982;2.96915;
0.132;2.97032;
0.132;2.97033;
0.132;2.97034;
0.132001;2.97037;
0.132001;2.97039;
0.132001;2.97039;
0.132001;2.97041;
0.132002;2.97043;
0.132002;2.97047;
0.132003;2.97055;
0.132006;2.97072;
0.132011;2.97106;
0.132021;2.97174;
0.132041;2.97307;
0.132061;2.9744;
0.132081;2.97572;
0.132101;2.97705;
0.132121;2.97838;
0.132141;2.9797;
0.132161;2.98103;
0.132181;2.98236;
0.132201;2.98368;
0.132221;2.98501;
0.132241;2.98634;
0.132261;2.98766;
0.132281;2.98899;
0.132301;2.99031;
0.132321;2.99164;
0.132341;2.99296;
0.132361;2.99429;
0.132381;2.99561;
0.132401;2.99693;
0.132421;2.99826;
0.132441;2.99958;
0.132461;3.00091;
0.132481;3.00223;
0.132501;3.00353;
0.132501;3.00353;
0.132501;3.00355;
0.132502;3.00357;
0.132502;3.00359;
0.132502;3.0036;
0.132502;3.00361;
0.132503;3.00363;
0.132503;3.00367;
0.132504;3.00376;
0.132507;3.00393;
0.132512;3.00427;
0.132522;3.00494;
0.132542;3.00627;
0.132562;3.00759;
0.132582;3.00891;
0.132602;3.01024;
0.132622;3.01156;
0.132642;3.01288;
0.132662;3.0142;
0.132682;3.01552;
0.132702;3.01685;
0.132722;3.01817;
0.132742;3.01949;
0.132762;3.02081;
0.132782;3.02213;
0.132802;3.02345;
0.132822;3.02477;
0.132842;3.02609;
0.132862;3.02741;
0.132882;3.02873;
0.132902;3.03006;
0.132922;3.03138;
0.132942;3.03269;
0.132962;3.03401;
0.132982;3.03533;
0.133;3.0365;
0.133;3.0365;
0.133;3.03651;
0.133001;3.03654;
0.133001;3.03656;
0.133001;3.03657;
0.133001;3.03658;
0.133002;3.0366;
0.133002;3.03664;
0.133003;3.03672;
0.133006;3.03689;
0.133011;3.03723;
0.133021;3.03791;
0.133041;3.03923;
0.133061;3.04054;
0.133081;3.04186;
0.133101;3.04318;
0.133121;3.0445;
0.133141;3.04582;
0.133161;3.04714;
0.133181;3.04845;
0.133201;3.04977;
0.133221;3.05109;
0.133241;3.05241;
0.133261;3.05372;
0.133281;3.05504;
0.133301;3.05636;
0.133321;3.05767;
0.133341;3.05899;
0.133361;3.06031;
0.133381;3.06162;
0.133401;3.06294;
0.133421;3.06425;
0.133441;3.06557;
0.133461;3.06689;
0.133481;3.0682;
0.133501;3.06949;
0.133501;3.0695;
0.133501;3.06951;
0.133502;3.06954;
0.133502;3.06956;
0.133502;3.06956;
0.133502;3.06957;
0.133503;3.06959;
0.133503;3.06963;
0.133504;3.06972;
0.133507;3.06989;
0.133512;3.07022;
0.133522;3.0709;
0.133542;3.07221;
0.133562;3.07353;
0.133582;3.07484;
0.133602;3.07616;
0.133622;3.07747;
0.133642;3.07878;
0.133662;3.0801;
0.133682;3.08141;
0.133702;3.08272;
0.133722;3.08404;
0.133742;3.08535;
0.133762;3.08666;
0.133782;3.08798;
0.133802;3.08929;
0.133822;3.0906;
0.133842;3.09191;
0.133862;3.09323;
0.133882;3.09454;
0.133902;3.09585;
0.133922;3.09716;
0.133942;3.09847;
0.133962;3.09978;
0.133982;3.1011;
0.134;3.10225;
0.134;3.10226;
0.134;3.10227;
0.134001;3.10229;
0.134001;3.10231;
0.134001;3.10232;
0.134001;3.10233;
0.134002;3.10235;
0.134002;3.10239;
0.134003;3.10248;
0.134006;3.10264;
0.134011;3.10298;
0.134021;3.10365;
0.134041;3.10496;
0.134061;3.10627;
0.134081;3.10758;
0.134101;3.10889;
0.134121;3.1102;
0.134141;3.11151;
0.134161;3.11282;
0.134181;3.11413;
0.134201;3.11544;
0.134221;3.11675;
0.134241;3.11806;
0.134261;3.11937;
0.134281;3.12068;
0.134301;3.12198;
0.134321;3.12329;
0.134341;3.1246;
0.134361;3.12591;
0.134381;3.12722;
0.134401;3.12852;
0.134421;3.12983;
0.134441;3.13114;
0.134461;3.13245;
0.134481;3.13375;
0.134501;3.13503;
0.134501;3.13504;
0.134501;3.13505;
0.134502;3.13508;
0.134502;3.1351;
0.134502;3.1351;
0.134502;3.13511;
0.134503;3.13514;
0.134503;3.13518;
0.134504;3.13526;
0.134507;3.13543;
0.134512;3.13576;
0.134522;3.13643;
0.134542;3.13774;
0.134562;3.13904;
0.134582;3.14035;
0.134602;3.14166;
0.134622;3.14296;
0.134642;3.14427;
0.134662;3.14557;
0.134682;3.14688;
0.134702;3.14818;
0.134722;3.14949;
0.134742;3.15079;
0.134762;3.1521;
0.134782;3.1534;
0.134802;3.15471;
0.134822;3.15601;
0.134842;3.15731;
0.134862;3.15862;
0.134882;3.15992;
0.134902;3.16123;
0.134922;3.16253;
0.134942;3.16383;
0.134962;3.16513;
0.134982;3.16644;
0.135;3.16758;
0.135;3.16759;
0.135;3.1676;
0.135001;3.16763;
0.135001;3.16765;
0.135001;3.16765;
0.135001;3.16766;
0.135002;3.16769;
0.135002;3.16773;
0.135003;3.16781;
0.135006;3.16798;
0.135011;3.16831;
0.135021;3.16898;
0.135041;3.17028;
0.135061;3.17158;
0.135081;3.17288;
0.135101;3.17419;
0.135121;3.17549;
0.135141;3.17679;
0.135161;3.17809;
0.135181;3.17939;
0.135201;3.18069;
0.135221;3.18199;
0.135241;3.18329;
0.135261;3.18459;
0.135281;3.18589;
0.135301;3.18719;
0.135321;3.18849;
0.135341;3.18979;
0.135361;3.19109;
0.135381;3.19239;
0.135401;3.19369;
0.135421;3.19499;
0.135441;3.19629;
0.135461;3.19759;
0.135481;3.19889;
0.135501;3.20016;
0.135501;3.20017;
0.135501;3.20018;
0.135502;3.2002;
0.135502;3.20022;
0.135502;3.20023;
0.135502;3.20024;
0.135503;3.20026;
0.135503;3.2003;
0.135504;3.20038;
0.135507;3.20055;
0.135512;3.20088;
0.135522;3.20155;
0.135542;3.20285;
0.135562;3.20414;
0.135582;3.20544;
0.135602;3.20674;
0.135622;3.20804;
0.135642;3.20933;
0.135662;3.21063;
0.135682;3.21193;
0.135702;3.21322;
0.135722;3.21452;
0.135742;3.21582;
0.135762;3.21711;
0.135782;3.21841;
0.135802;3.2197;
0.135822;3.221;
0.135842;3.2223;
0.135862;3.22359;
0.135882;3.22489;
0.135902;3.22618;
0.135922;3.22748;
0.135942;3.22877;
0.135962;3.23007;
0.135982;3.23136;
0.136;3.2325;
0.136;3.23251;
0.136;3.23252;
0.136001;3.23254;
0.136001;3.23256;
0.136001;3.23257;
0.136001;3.23258;
0.136002;3.2326;
0.136002;3.23264;
0.136003;3.23272;
0.136006;3.23289;
0.136011;3.23322;
0.136021;3.23388;
0.136041;3.23518;
0.136061;3.23647;
0.136081;3.23776;
0.136101;3.23906;
0.136121;3.24035;
0.136141;3.24164;
0.136161;3.24294;
0.136181;3.24423;
0.136201;3.24552;
0.136221;3.24681;
0.136241;3.24811;
0.136261;3.2494;
0.136281;3.25069;
0.136301;3.25198;
0.136321;3.25327;
0.136341;3.25456;
0.136361;3.25586;
0.136381;3.25715;
0.136401;3.25844;
0.136421;3.25973;
0.136441;3.26102;
0.136461;3.26231;
0.136481;3.2636;
0.136501;3.26486;
0.136501;3.26487;
0.136501;3.26488;
0.136502;3.26491;
0.136502;3.26493;
0.136502;3.26493;
0.136502;3.26494;
0.136503;3.26496;
0.136503;3.26501;
0.136504;3.26509;
0.136507;3.26525;
0.136512;3.26558;
0.136522;3.26624;
0.136542;3.26753;
0.136562;3.26882;
0.136582;3.27011;
0.136602;3.2714;
0.136622;3.27269;
0.136642;3.27398;
0.136662;3.27527;
0.136682;3.27656;
0.136702;3.27784;
0.136722;3.27913;
0.136742;3.28042;
0.136762;3.28171;
0.136782;3.283;
0.136802;3.28428;
0.136822;3.28557;
0.136842;3.28686;
0.136862;3.28814;
0.136882;3.28943;
0.136902;3.29072;
0.136922;3.292;
0.136942;3.29329;
0.136962;3.29458;
0.136982;3.29586;
0.137;3.29699;
0.137;3.297;
0.137;3.29701;
0.137001;3.29704;
0.137001;3.29706;
0.137001;3.29706;
0.137001;3.29707;
0.137002;3.29709;
0.137002;3.29714;
0.137003;3.29722;
0.137006;3.29738;
0.137011;3.29771;
0.137021;3.29837;
0.137041;3.29966;
0.137061;3.30094;
0.137081;3.30223;
0.137101;3.30351;
0.137121;3.3048;
0.137141;3.30608;
0.137161;3.30736;
0.137181;3.30865;
0.137201;3.30993;
0.137221;3.31122;
0.137241;3.3125;
0.137261;3.31378;
0.137281;3.31507;
0.137301;3.31635;
0.137321;3.31763;
0.137341;3.31892;
0.137361;3.3202;
0.137381;3.32148;
0.137401;3.32276;
0.137421;3.32405;
0.137441;3.32533;
0.137461;3.32661;
0.137481;3.32789;
0.137501;3.32915;
0.137501;3.32915;
0.137501;3.32917;
0.137502;3.32919;
0.137502;3.32921;
0.137502;3.32922;
0.137502;3.32923;
0.137503;3.32925;
0.137503;3.32929;
0.137504;3.32937;
0.137507;3.32954;
0.137512;3.32986;
0.137522;3.33052;
0.137542;3.3318;
0.137562;3.33308;
0.137582;3.33436;
0.137602;3.33564;
0.137622;3.33692;
0.137642;3.3382;
0.137662;3.33948;
0.137682;3.34076;
0.137702;3.34204;
0.137722;3.34332;
0.137742;3.3446;
0.137762;3.34588;
0.137782;3.34716;
0.137802;3.34844;
0.137822;3.34972;
0.137842;3.351;
0.137862;3.35228;
0.137882;3.35356;
0.137902;3.35483;
0.137922;3.35611;
0.137942;3.35739;
0.137962;3.35867;
0.137982;3.35995;
0.138;3.36107;
0.138;3.36108;
0.138;3.36109;
0.138001;3.36111;
0.138001;3.36113;
0.138001;3.36114;
0.138001;3.36115;
0.138002;3.36117;
0.138002;3.36121;
0.138003;3.36129;
0.138006;3.36146;
0.138011;3.36178;
0.138021;3.36244;
0.138041;3.36371;
0.138061;3.36499;
0.138081;3.36627;
0.138101;3.36754;
0.138121;3.36882;
0.138141;3.3701;
0.138161;3.37137;
0.138181;3.37265;
0.138201;3.37392;
0.138221;3.3752;
0.138241;3.37647;
0.138261;3.37775;
0.138281;3.37902;
0.138301;3.3803;
0.138321;3.38157;
0.138341;3.38285;
0.138361;3.38412;
0.138381;3.3854;
0.138401;3.38667;
0.138421;3.38794;
0.138441;3.38922;
0.138461;3.39049;
0.138481;3.39177;
0.138501;3.39301;
0.138501;3.39302;
0.138501;3.39303;
0.138502;3.39306;
0.138502;3.39308;
0.138502;3.39308;
0.138502;3.39309;
0.138503;3.39311;
0.138503;3.39315;
0.138504;3.39323;
0.138507;3.3934;
0.138512;3.39372;
0.138522;3.39438;
0.138542;3.39565;
0.138562;3.39692;
0.138582;3.39819;
0.138602;3.39947;
0.138622;3.40074;
0.138642;3.40201;
0.138662;3.40328;
0.138682;3.40455;
0.138702;3.40582;
0.138722;3.4071;
0.138742;3.40837;
0.138762;3.40964;
0.138782;3.41091;
0.138802;3.41218;
0.138822;3.41345;
0.138842;3.41472;
0.138862;3.41599;
0.138882;3.41726;
0.138902;3.41853;
0.138922;3.4198;
0.138942;3.42107;
0.138962;3.42234;
0.138982;3.42361;
0.139;3.42472;
0.139;3.42473;
0.139;3.42474;
0.139001;3.42477;
0.139001;3.42479;
0.139001;3.42479;
0.139001;3.4248;
0.139002;3.42482;
0.139002;3.42486;
0.139003;3.42494;
0.139006;3.42511;
0.139011;3.42543;
0.139021;3.42608;
0.139041;3.42735;
0.139061;3.42862;
0.139081;3.42989;
0.139101;3.43116;
0.139121;3.43242;
0.139141;3.43369;
0.139161;3.43496;
0.139181;3.43623;
0.139201;3.43749;
0.139221;3.43876;
0.139241;3.44003;
0.139261;3.44129;
0.139281;3.44256;
0.139301;3.44383;
0.139321;3.44509;
0.139341;3.44636;
0.139361;3.44763;
0.139381;3.44889;
0.139401;3.45016;
0.139421;3.45142;
0.139441;3.45269;
0.139461;3.45395;
0.139481;3.45522;
0.139501;3.45646;
0.139501;3.45646;
0.139501;3.45648;
0.139502;3.4565;
0.139502;3.45652;
0.139502;3.45653;
0.139502;3.45654;
0.139503;3.45656;
0.139503;3.4566;
0.139504;3.45668;
0.139507;3.45684;
0.139512;3.45716;
0.139522;3.45781;
0.139542;3.45907;
0.139562;3.46034;
0.139582;3.4616;
0.139602;3.46287;
0.139622;3.46413;
0.139642;3.46539;
0.139662;3.46666;
0.139682;3.46792;
0.139702;3.46918;
0.139722;3.47045;
0.139742;3.47171;
0.139762;3.47297;
0.139782;3.47423;
0.139802;3.4755;
0.139822;3.47676;
0.139842;3.47802;
0.139862;3.47928;
0.139882;3.48054;
0.139902;3.48181;
0.139922;3.48307;
0.139942;3.48433;
0.139962;3.48559;
0.139982;3.48685;
0.14;3.48796;
0.14;3.48796;
0.14;3.48798;
0.140001;3.488;
0.140001;3.48802;
0.140001;3.48803;
0.140001;3.48804;
0.140002;3.48806;
0.140002;3.4881;
0.140003;3.48818;
0.140006;3.48834;
0.140011;3.48866;
0.140021;3.48931;
0.140041;3.49057;
0.140061;3.49183;
0.140081;3.49309;
0.140101;3.49435;
0.140121;3.49561;
0.140141;3.49687;
0.140161;3.49813;
0.140181;3.49938;
0.140201;3.50064;
0.140221;3.5019;
0.140241;3.50316;
0.140261;3.50442;
0.140281;3.50568;
0.140301;3.50693;
0.140321;3.50819;
0.140341;3.50945;
0.140361;3.51071;
0.140381;3.51197;
0.140401;3.51322;
0.140421;3.51448;
0.140441;3.51574;
0.140461;3.51699;
0.140481;3.51825;
0.140501;3.51948;
0.140501;3.51949;
0.140501;3.5195;
0.140502;3.51952;
0.140502;3.51954;
0.140502;3.51955;
0.140502;3.51956;
0.140503;3.51958;
0.140503;3.51962;
0.140504;3.5197;
0.140507;3.51986;
0.140512;3.52018;
0.140522;3.52082;
0.140542;3.52208;
0.140562;3.52334;
0.140582;3.52459;
0.140602;3.52585;
0.140622;3.5271;
0.140642;3.52836;
0.140662;3.52961;
0.140682;3.53087;
0.140702;3.53212;
0.140722;3.53338;
0.140742;3.53463;
0.140762;3.53589;
0.140782;3.53714;
0.140802;3.53839;
0.140822;3.53965;
0.140842;3.5409;
0.140862;3.54215;
0.140882;3.54341;
0.140902;3.54466;
0.140922;3.54591;
0.140942;3.54717;
0.140962;3.54842;
0.140982;3.54967;
0.141;3.55077;
0.141;3.55078;
0.141;3.55079;
0.141001;3.55082;
0.141001;3.55083;
0.141001;3.55084;
0.141001;3.55085;
0.141002;3.55087;
0.141002;3.55091;
0.141003;3.55099;
0.141006;3.55115;
0.141011;3.55147;
0.141021;3.55211;
0.141041;3.55336;
0.141061;3.55462;
0.141081;3.55587;
0.141101;3.55712;
0.141121;3.55837;
0.141141;3.55962;
0.141161;3.56087;
0.141181;3.56212;
0.141201;3.56337;
0.141221;3.56462;
0.141241;3.56587;
0.141261;3.56712;
0.141281;3.56837;
0.141301;3.56962;
0.141321;3.57087;
0.141341;3.57212;
0.141361;3.57337;
0.141381;3.57462;
0.141401;3.57587;
0.141421;3.57712;
0.141441;3.57836;
0.141461;3.57961;
0.141481;3.58086;
0.141501;3.58208;
0.141501;3.58209;
0.141501;3.5821;
0.141502;3.58213;
0.141502;3.58215;
0.141502;3.58215;
0.141502;3.58216;
0.141503;3.58218;
0.141503;3.58222;
0.141504;3.5823;
0.141507;3.58246;
0.141512;3.58278;
0.141522;3.58342;
0.141542;3.58467;
0.141562;3.58591;
0.141582;3.58716;
0.141602;3.58841;
0.141622;3.58966;
0.141642;3.5909;
0.141662;3.59215;
0.141682;3.59339;
0.141702;3.59464;
0.141722;3.59589;
0.141742;3.59713;
0.141762;3.59838;
0.141782;3.59962;
0.141802;3.60087;
0.141822;3.60212;
0.141842;3.60336;
0.141862;3.60461;
0.141882;3.60585;
0.141902;3.60709;
0.141922;3.60834;
0.141942;3.60958;
0.141962;3.61083;
0.141982;3.61207;
0.142;3.61317;
0.142;3.61317;
0.142;3.61318;
0.142001;3.61321;
0.142001;3.61323;
0.142001;3.61323;
0.142001;3.61324;
0.142002;3.61326;
0.142002;3.6133;
0.142003;3.61338;
0.142006;3.61354;
0.142011;3.61386;
0.142021;3.6145;
0.142041;3.61574;
0.142061;3.61698;
0.142081;3.61823;
0.142101;3.61947;
0.142121;3.62071;
0.142141;3.62195;
0.142161;3.6232;
0.142181;3.62444;
0.142201;3.62568;
0.142221;3.62692;
0.142241;3.62816;
0.142261;3.62941;
0.142281;3.63065;
0.142301;3.63189;
0.142321;3.63313;
0.142341;3.63437;
0.142361;3.63561;
0.142381;3.63685;
0.142401;3.63809;
0.142421;3.63933;
0.142441;3.64057;
0.142461;3.64181;
0.142481;3.64305;
0.142501;3.64427;
0.142501;3.64427;
0.142501;3.64429;
0.142502;3.64431;
0.142502;3.64433;
0.142502;3.64433;
0.142502;3.64434;
0.142503;3.64436;
0.142503;3.6444;
0.142504;3.64448;
0.142507;3.64464;
0.142512;3.64496;
0.142522;3.64559;
0.142542;3.64683;
0.142562;3.64807;
0.142582;3.64931;
0.142602;3.65055;
0.142622;3.65179;
0.142642;3.65303;
0.142662;3.65426;
0.142682;3.6555;
0.142702;3.65674;
0.142722;3.65798;
0.142742;3.65921;
0.142762;3.66045;
0.142782;3.66169;
0.142802;3.66293;
0.142822;3.66416;
0.142842;3.6654;
0.142862;3.66664;
0.142882;3.66787;
0.142902;3.66911;
0.142922;3.67034;
0.142942;3.67158;
0.142962;3.67282;
0.142982;3.67405;
0.143;3.67514;
0.143;3.67514;
0.143;3.67516;
0.143001;3.67518;
0.143001;3.6752;
0.143001;3.67521;
0.143001;3.67522;
0.143002;3.67523;
0.143002;3.67527;
0.143003;3.67535;
0.143006;3.67551;
0.143011;3.67583;
0.143021;3.67646;
0.143041;3.67766;
0.143061;3.6789;
0.143081;3.68013;
0.143101;3.68137;
0.143121;3.6826;
0.143141;3.68383;
0.143161;3.68507;
0.143181;3.6863;
0.143201;3.68754;
0.143221;3.68877;
0.143241;3.69;
0.143261;3.69124;
0.143281;3.69247;
0.143301;3.6937;
0.143321;3.69493;
0.143341;3.69617;
0.143361;3.6974;
0.143381;3.69863;
0.143401;3.69986;
0.143421;3.70109;
0.143441;3.70233;
0.143461;3.70356;
0.143481;3.70479;
0.143501;3.70602;
0.143501;3.70603;
0.143501;3.70604;
0.143501;3.70605;
0.143502;3.70607;
0.143502;3.70609;
0.143502;3.7061;
0.143502;3.70611;
0.143503;3.70612;
0.143503;3.70616;
0.143504;3.70624;
0.143507;3.7064;
0.143512;3.70672;
0.143522;3.70735;
0.143542;3.70858;
0.143562;3.70981;
0.143582;3.71104;
0.143602;3.71227;
0.143622;3.7135;
0.143642;3.71473;
0.143662;3.71596;
0.143682;3.71719;
0.143702;3.71842;
0.143722;3.71965;
0.143742;3.72088;
0.143762;3.7221;
0.143782;3.72333;
0.143802;3.72456;
0.143822;3.72579;
0.143842;3.72702;
0.143862;3.72825;
0.143882;3.72947;
0.143902;3.7307;
0.143922;3.73193;
0.143942;3.73316;
0.143962;3.73438;
0.143982;3.73561;
0.144;3.73669;
0.144;3.7367;
0.144;3.73671;
0.144001;3.73673;
0.144001;3.73675;
0.144001;3.73676;
0.144001;3.73677;
0.144002;3.73679;
0.144002;3.73683;
0.144003;3.7369;
0.144006;3.73706;
0.144011;3.73738;
0.144021;3.738;
0.144041;3.73923;
0.14406;3.74037;
0.14408;3.74159;
0.1441;3.74282;
0.14412;3.74405;
0.14414;3.74527;
0.14416;3.7465;
0.14418;3.74772;
0.1442;3.74895;
0.14422;3.75017;
0.14424;3.7514;
0.14426;3.75262;
0.14428;3.75385;
0.1443;3.75507;
0.14432;3.7563;
0.14434;3.75752;
0.14436;3.75874;
0.14438;3.75997;
0.1444;3.76119;
0.14442;3.76241;
0.14444;3.76364;
0.14446;3.76486;
0.14448;3.76608;
0.1445;3.76731;
0.144501;3.76737;
0.144501;3.76738;
0.144501;3.76739;
0.144502;3.76741;
0.144502;3.76743;
0.144502;3.76744;
0.144502;3.76745;
0.144503;3.76747;
0.144503;3.76751;
0.144504;3.76758;
0.144507;3.76774;
0.144512;3.76805;
0.144522;3.76868;
0.144542;3.7699;
0.144562;3.77112;
0.144582;3.77235;
0.144602;3.77357;
0.144622;3.77479;
0.144642;3.77601;
0.144662;3.77723;
0.144682;3.77845;
0.144702;3.77967;
0.144722;3.7809;
0.144742;3.78212;
0.144762;3.78334;
0.144782;3.78456;
0.144802;3.78578;
0.144822;3.787;
0.144842;3.78822;
0.144862;3.78944;
0.144882;3.79066;
0.144902;3.79188;
0.144922;3.7931;
0.144942;3.79431;
0.144962;3.79553;
0.144982;3.79675;
0.145;3.79782;
0.145;3.79783;
0.145;3.79784;
0.145001;3.79787;
0.145001;3.79789;
0.145001;3.79789;
0.145001;3.7979;
0.145002;3.79792;
0.145002;3.79796;
0.145003;3.79804;
0.145006;3.79819;
0.145011;3.7985;
0.145021;3.79913;
0.145041;3.80035;
0.145061;3.80156;
0.145081;3.80278;
0.145101;3.804;
0.145121;3.80522;
0.145141;3.80643;
0.145161;3.80765;
0.145181;3.80887;
0.145201;3.81009;
0.145221;3.8113;
0.145241;3.81252;
0.145261;3.81374;
0.145281;3.81495;
0.145301;3.81617;
0.145321;3.81738;
0.145341;3.8186;
0.145361;3.81981;
0.145381;3.82103;
0.145401;3.82224;
0.145421;3.82346;
0.145441;3.82467;
0.145461;3.82589;
0.145481;3.8271;
0.145501;3.82829;
0.145501;3.8283;
0.145501;3.82831;
0.145502;3.82834;
0.145502;3.82835;
0.145502;3.82836;
0.145502;3.82837;
0.145503;3.82839;
0.145503;3.82843;
0.145504;3.82851;
0.145507;3.82866;
0.145512;3.82897;
0.145522;3.82959;
0.145542;3.83081;
0.145562;3.83202;
0.145582;3.83323;
0.145602;3.83445;
0.145622;3.83566;
0.145642;3.83687;
0.145662;3.83809;
0.145682;3.8393;
0.145702;3.84051;
0.145722;3.84173;
0.145742;3.84294;
0.145762;3.84415;
0.145782;3.84536;
0.145802;3.84657;
0.145822;3.84779;
0.145842;3.849;
0.145862;3.85021;
0.145882;3.85142;
0.145902;3.85263;
0.145922;3.85384;
0.145942;3.85505;
0.145962;3.85626;
0.145982;3.85747;
0.146;3.85854;
0.146;3.85854;
0.146;3.85856;
0.146001;3.85858;
0.146001;3.8586;
0.146001;3.8586;
0.146001;3.85861;
0.146002;3.85863;
0.146002;3.85867;
0.146003;3.85875;
0.146006;3.8589;
0.146011;3.85921;
0.146021;3.85983;
0.146041;3.86104;
0.146061;3.86225;
0.146081;3.86346;
0.146101;3.86467;
0.146121;3.86588;
0.146141;3.86709;
0.146161;3.8683;
0.146181;3.86951;
0.146201;3.87071;
0.146221;3.87192;
0.146241;3.87313;
0.146261;3.87434;
0.146281;3.87555;
0.146301;3.87675;
0.146321;3.87796;
0.146341;3.87917;
0.146361;3.88038;
0.146381;3.88158;
0.146401;3.88279;
0.146421;3.884;
0.146441;3.8852;
0.146461;3.88641;
0.146481;3.88762;
0.146501;3.8888;
0.146501;3.8888;
0.146501;3.88882;
0.146502;3.88884;
0.146502;3.88886;
0.146502;3.88886;
0.146502;3.88887;
0.146503;3.88889;
0.146503;3.88893;
0.146504;3.88901;
0.146507;3.88916;
0.146512;3.88947;
0.146522;3.89009;
0.146542;3.89129;
0.146562;3.8925;
0.146582;3.8937;
0.146602;3.89491;
0.146622;3.89611;
0.146642;3.89732;
0.146662;3.89852;
0.146682;3.89973;
0.146702;3.90093;
0.146722;3.90214;
0.146742;3.90334;
0.146762;3.90454;
0.146782;3.90575;
0.146802;3.90695;
0.146822;3.90815;
0.146842;3.90936;
0.146862;3.91056;
0.146882;3.91176;
0.146902;3.91297;
0.146922;3.91417;
0.146942;3.91537;
0.146962;3.91657;
0.146982;3.91777;
0.147;3.91883;
0.147;3.91884;
0.147;3.91885;
0.147001;3.91887;
0.147001;3.91889;
0.147001;3.9189;
0.147001;3.91891;
0.147002;3.91893;
0.147002;3.91896;
0.147003;3.91904;
0.147006;3.91919;
0.147011;3.9195;
0.147021;3.92012;
0.147041;3.92132;
0.147061;3.92252;
0.147081;3.92372;
0.147101;3.92492;
0.147121;3.92612;
0.147141;3.92732;
0.147161;3.92852;
0.147181;3.92972;
0.147201;3.93092;
0.147221;3.93212;
0.147241;3.93332;
0.147261;3.93452;
0.147281;3.93572;
0.147301;3.93692;
0.147321;3.93812;
0.147341;3.93932;
0.147361;3.94052;
0.147381;3.94172;
0.147401;3.94292;
0.147421;3.94411;
0.147441;3.94531;
0.147461;3.94651;
0.147481;3.94771;
0.147501;3.94888;
0.147501;3.94889;
0.147501;3.9489;
0.147502;3.94892;
0.147502;3.94894;
0.147502;3.94895;
0.147502;3.94896;
0.147503;3.94898;
0.147503;3.94901;
0.147504;3.94909;
0.147507;3.94924;
0.147512;3.94955;
0.147522;3.95016;
0.147542;3.95136;
0.147562;3.95256;
0.147582;3.95375;
0.147602;3.95495;
0.147622;3.95615;
0.147642;3.95734;
0.147662;3.95854;
0.147682;3.95974;
0.147702;3.96093;
0.147722;3.96213;
0.147742;3.96332;
0.147762;3.96452;
0.147782;3.96571;
0.147802;3.96691;
0.147822;3.9681;
0.147842;3.9693;
0.147862;3.97049;
0.147882;3.97169;
0.147902;3.97288;
0.147922;3.97408;
0.147942;3.97527;
0.147962;3.97646;
0.147982;3.97766;
0.148;3.97871;
0.148;3.97871;
0.148;3.97873;
0.148001;3.97875;
0.148001;3.97877;
0.148001;3.97877;
0.148001;3.97878;
0.148002;3.9788;
0.148002;3.97884;
0.148003;3.97892;
0.148006;3.97907;
0.148011;3.97937;
0.148021;3.97998;
0.148041;3.98118;
0.148061;3.98237;
0.148081;3.98356;
0.148101;3.98476;
0.148121;3.98595;
0.148141;3.98714;
0.148161;3.98833;
0.148181;3.98952;
0.148201;3.99072;
0.148221;3.99191;
0.148241;3.9931;
0.148261;3.99429;
0.148281;3.99548;
0.148301;3.99667;
0.148321;3.99786;
0.148341;3.99905;
0.148361;4.00024;
0.148381;4.00143;
0.148401;4.00262;
0.148421;4.00381;
0.148441;4.005;
0.148461;4.00619;
0.148481;4.00738;
0.148501;4.00855;
0.148501;4.00855;
0.148501;4.00857;
0.148502;4.00859;
0.148502;4.00861;
0.148502;4.00861;
0.148502;4.00862;
0.148503;4.00864;
0.148503;4.00868;
0.148504;4.00876;
0.148507;4.00891;
0.148512;4.00921;
0.148522;4.00982;
0.148542;4.01101;
0.148562;4.0122;
0.148582;4.01339;
0.148602;4.01458;
0.148622;4.01576;
0.148642;4.01695;
0.148662;4.01814;
0.148682;4.01933;
0.148702;4.02051;
0.148722;4.0217;
0.148742;4.02289;
0.148762;4.02408;
0.148782;4.02526;
0.148802;4.02645;
0.148822;4.02764;
0.148842;4.02882;
0.148862;4.03001;
0.148882;4.03119;
0.148902;4.03238;
0.148922;4.03357;
0.148942;4.03475;
0.148962;4.03594;
0.148982;4.03712;
0.149;4.03817;
0.149;4.03817;
0.149;4.03818;
0.149001;4.03821;
0.149001;4.03822;
0.149001;4.03823;
0.149001;4.03824;
0.149002;4.03826;
0.149002;4.0383;
0.149003;4.03837;
0.149006;4.03852;
0.149011;4.03883;
0.149021;4.03943;
0.149041;4.04062;
0.149061;4.0418;
0.149081;4.04299;
0.1491;4.04407;
0.14912;4.04526;
0.14914;4.04644;
0.14916;4.04763;
0.14918;4.04881;
0.1492;4.04999;
0.14922;4.05118;
0.14924;4.05236;
0.14926;4.05354;
0.14928;4.05473;
0.1493;4.05591;
0.14932;4.05709;
0.14934;4.05827;
0.14936;4.05945;
0.14938;4.06064;
0.1494;4.06182;
0.14942;4.063;
0.14944;4.06418;
0.14946;4.06536;
0.14948;4.06654;
0.1495;4.06772;
0.149501;4.0678;
0.149501;4.0678;
0.149501;4.06781;
0.149502;4.06784;
0.149502;4.06786;
0.149502;4.06786;
0.149502;4.06787;
0.149503;4.06789;
0.149503;4.06793;
0.149504;4.068;
0.149507;4.06815;
0.149512;4.06846;
0.149522;4.06906;
0.149542;4.07024;
0.149562;4.07142;
0.149582;4.0726;
0.149602;4.07378;
0.149622;4.07496;
0.149642;4.07614;
0.149662;4.07732;
0.149682;4.0785;
0.149702;4.07968;
0.149722;4.08086;
0.149742;4.08204;
0.149762;4.08322;
0.149782;4.08439;
0.149802;4.08557;
0.149822;4.08675;
0.149842;4.08793;
0.149862;4.08911;
0.149882;4.09028;
0.149902;4.09146;
0.149922;4.09264;
0.149942;4.09382;
0.149962;4.09499;
0.149982;4.09617;
0.15;4.09721;
0.15;4.09721;
0.15;4.09722;
0.150001;4.09725;
0.150001;4.09726;
0.150001;4.09727;
0.150001;4.09728;
0.150002;4.0973;
0.150002;4.09734;
0.150003;4.09741;
0.150006;4.09756;
0.150011;4.09786;
0.150021;4.09846;
0.150041;4.09964;
0.150061;4.10082;
0.150081;4.10199;
0.150101;4.10317;
0.150121;4.10435;
0.150141;4.10552;
0.150161;4.1067;
0.150181;4.10787;
0.150201;4.10905;
0.150221;4.11022;
0.150241;4.1114;
0.150261;4.11257;
0.150281;4.11374;
0.150301;4.11492;
0.150321;4.11609;
0.150341;4.11727;
0.150361;4.11844;
0.150381;4.11961;
0.150401;4.12079;
0.150421;4.12196;
0.150441;4.12313;
0.150461;4.12431;
0.150481;4.12548;
0.150501;4.12663;
0.150501;4.12663;
0.150501;4.12665;
0.150502;4.12667;
0.150502;4.12669;
0.150502;4.12669;
0.150502;4.1267;
0.150503;4.12672;
0.150503;4.12676;
0.150504;4.12683;
0.150507;4.12698;
0.150512;4.12728;
0.150522;4.12788;
0.150542;4.12906;
0.150562;4.13023;
0.150582;4.1314;
0.150602;4.13257;
0.150622;4.13374;
0.150642;4.13491;
0.150662;4.13609;
0.150682;4.13726;
0.150702;4.13843;
0.150722;4.1396;
0.150742;4.14077;
0.150762;4.14194;
0.150782;4.14311;
0.150802;4.14428;
0.150822;4.14545;
0.150842;4.14662;
0.150862;4.14779;
0.150882;4.14896;
0.150902;4.15013;
0.150922;4.1513;
0.150942;4.15246;
0.150962;4.15363;
0.150982;4.1548;
0.151;4.15583;
0.151;4.15584;
0.151;4.15585;
0.151001;4.15587;
0.151001;4.15589;
0.151001;4.15589;
0.151001;4.1559;
0.151002;4.15592;
0.151002;4.15596;
0.151003;4.15603;
0.151006;4.15618;
0.151011;4.15648;
0.151021;4.15708;
0.151041;4.15825;
0.151061;4.15942;
0.151081;4.16058;
0.151098;4.16158;
0.151116;4.1626;
0.151136;4.16377;
0.151156;4.16493;
0.151176;4.1661;
0.151196;4.16727;
0.151216;4.16843;
0.151236;4.1696;
0.151256;4.17077;
0.151276;4.17193;
0.151296;4.1731;
0.151316;4.17427;
0.151336;4.17543;
0.151356;4.1766;
0.151376;4.17776;
0.151396;4.17893;
0.151416;4.18009;
0.151436;4.18126;
0.151456;4.18242;
0.151476;4.18359;
0.151496;4.18475;
0.151501;4.18504;
0.151501;4.18505;
0.151501;4.18506;
0.151502;4.18508;
0.151502;4.1851;
0.151502;4.18511;
0.151502;4.18512;
0.151503;4.18513;
0.151503;4.18517;
0.151504;4.18525;
0.151507;4.1854;
0.151512;4.18569;
0.151522;4.18629;
0.151542;4.18745;
0.151562;4.18862;
0.151582;4.18978;
0.151602;4.19094;
0.151622;4.19211;
0.151642;4.19327;
0.151662;4.19443;
0.151682;4.1956;
0.151702;4.19676;
0.151722;4.19792;
0.151742;4.19908;
0.151762;4.20025;
0.151782;4.20141;
0.151802;4.20257;
0.151822;4.20373;
0.151842;4.20489;
0.151862;4.20605;
0.151882;4.20721;
0.151902;4.20838;
0.151922;4.20954;
0.151942;4.2107;
0.151962;4.21186;
0.151982;4.21302;
0.152;4.21404;
0.152;4.21404;
0.152;4.21406;
0.152001;4.21408;
0.152001;4.2141;
0.152001;4.2141;
0.152001;4.21411;
0.152002;4.21413;
0.152002;4.21417;
0.152003;4.21424;
0.152006;4.21439;
0.152011;4.21469;
0.152021;4.21528;
0.152038;4.21627;
0.152057;4.21733;
0.152077;4.21849;
0.152097;4.21965;
0.152117;4.22081;
0.152137;4.22197;
0.152157;4.22313;
0.152177;4.22429;
0.152197;4.22545;
0.152217;4.22661;
0.152237;4.22776;
0.152257;4.22892;
0.152277;4.23008;
0.152297;4.23124;
0.152317;4.23239;
0.152337;4.23355;
0.152357;4.23471;
0.152377;4.23587;
0.152397;4.23702;
0.152417;4.23818;
0.152437;4.23934;
0.152457;4.24049;
0.152477;4.24165;
0.152497;4.2428;
0.152501;4.24304;
0.152501;4.24305;
0.152501;4.24306;
0.152502;4.24308;
0.152502;4.2431;
0.152502;4.24311;
0.152502;4.24312;
0.152503;4.24313;
0.152503;4.24317;
0.152504;4.24325;
0.152507;4.24339;
0.152512;4.24369;
0.152522;4.24428;
0.152542;4.24544;
0.152562;4.24659;
0.152582;4.24775;
0.152602;4.2489;
0.152622;4.25006;
0.152642;4.25121;
0.152662;4.25237;
0.152682;4.25352;
0.152702;4.25468;
0.152722;4.25583;
0.152742;4.25698;
0.152762;4.25814;
0.152782;4.25929;
0.152802;4.26044;
0.152822;4.2616;
0.152842;4.26275;
0.152862;4.2639;
0.152882;4.26506;
0.152902;4.26621;
0.152922;4.26736;
0.152942;4.26851;
0.152962;4.26967;
0.152982;4.27082;
0.153;4.27183;
0.153;4.27184;
0.153;4.27185;
0.153001;4.27187;
0.153001;4.27189;
0.153001;4.27189;
0.153001;4.2719;
0.153002;4.27192;
0.153002;4.27196;
0.153003;4.27203;
0.153006;4.27218;
0.153011;4.27247;
0.153021;4.27306;
0.153037;4.27397;
0.15305;4.2747;
0.153062;4.27538;
0.153077;4.27626;
0.153095;4.27727;
0.153108;4.27805;
0.153122;4.27888;
0.153138;4.2798;
0.153158;4.28095;
0.153178;4.2821;
0.153198;4.28324;
0.153218;4.28439;
0.153238;4.28554;
0.153258;4.28669;
0.153278;4.28784;
0.153298;4.28899;
0.153318;4.29014;
0.153338;4.29129;
0.153358;4.29244;
0.153378;4.29359;
0.153398;4.29473;
0.153418;4.29588;
0.153438;4.29703;
0.153458;4.29818;
0.153478;4.29932;
0.153498;4.30047;
0.153501;4.30062;
0.153501;4.30063;
0.153501;4.30064;
0.153502;4.30066;
0.153502;4.30068;
0.153502;4.30068;
0.153502;4.30069;
0.153503;4.30071;
0.153503;4.30075;
0.153504;4.30082;
0.153507;4.30097;
0.153512;4.30126;
0.153522;4.30185;
0.153542;4.303;
0.153562;4.30414;
0.153582;4.30529;
0.153602;4.30643;
0.153622;4.30758;
0.153642;4.30873;
0.153662;4.30987;
0.153682;4.31102;
0.153702;4.31216;
0.153722;4.31331;
0.153742;4.31446;
0.153762;4.3156;
0.153782;4.31675;
0.153802;4.31789;
0.153822;4.31903;
0.153842;4.32018;
0.153862;4.32132;
0.153882;4.32247;
0.153902;4.32361;
0.153922;4.32476;
0.153942;4.3259;
0.153962;4.32704;
0.153982;4.32819;
0.154;4.32919;
0.154;4.3292;
0.154;4.32921;
0.154001;4.32923;
0.154001;4.32925;
0.154001;4.32925;
0.154001;4.32926;
0.154002;4.32928;
0.154002;4.32932;
0.154003;4.32939;
0.154006;4.32954;
0.154011;4.32983;
0.154021;4.33041;
0.154027;4.33075;
0.154033;4.33105;
0.154038;4.33135;
0.154044;4.33165;
0.154053;4.33216;
0.154071;4.33316;
0.154086;4.33401;
0.154102;4.33488;
0.154119;4.33583;
0.154139;4.33694;
0.154159;4.33804;
0.154179;4.33915;
0.154199;4.34026;
0.154219;4.34136;
0.154239;4.34247;
0.154259;4.34358;
0.154279;4.34468;
0.154299;4.34579;
0.154319;4.3469;
0.154339;4.348;
0.154359;4.34911;
0.154379;4.35021;
0.154399;4.35132;
0.154419;4.35242;
0.154439;4.35353;
0.154459;4.35463;
0.154479;4.35574;
0.154499;4.35684;
0.154501;4.35695;
0.154501;4.35696;
0.154501;4.35697;
0.154502;4.35699;
0.154502;4.35701;
0.154502;4.35701;
0.154502;4.35702;
0.154503;4.35704;
0.154503;4.35708;
0.154504;4.35715;
0.154507;4.35729;
0.154512;4.35757;
0.154522;4.35814;
0.154542;4.35924;
0.154562;4.36035;
0.154582;4.36145;
0.154602;4.36255;
0.154622;4.36366;
0.154642;4.36476;
0.154662;4.36586;
0.154682;4.36697;
0.154702;4.36807;
0.154722;4.36917;
0.154742;4.37028;
0.154762;4.37138;
0.154782;4.37248;
0.154802;4.37359;
0.154822;4.37469;
0.154842;4.37579;
0.154862;4.37689;
0.154882;4.37799;
0.154902;4.3791;
0.154922;4.3802;
0.154942;4.3813;
0.154962;4.3824;
0.154982;4.3835;
0.155;4.38447;
0.155;4.38448;
0.155;4.38449;
0.155001;4.38451;
0.155001;4.38453;
0.155001;4.38453;
0.155001;4.38454;
0.155002;4.38456;
0.155002;4.38459;
0.155003;4.38466;
0.155006;4.3848;
0.155011;4.38509;
0.155021;4.38565;
0.155041;4.38675;
0.155061;4.38785;
0.155081;4.38895;
0.155101;4.39005;
0.155121;4.39115;
0.155141;4.39225;
0.155161;4.39335;
0.155181;4.39445;
0.155201;4.39555;
0.155221;4.39665;
0.155241;4.39775;
0.155261;4.39885;
0.155281;4.39995;
0.155301;4.40105;
0.155321;4.40215;
0.155341;4.40324;
0.155361;4.40434;
0.155381;4.40544;
0.155401;4.40654;
0.155421;4.40764;
0.155441;4.40874;
0.155461;4.40983;
0.155481;4.41093;
0.155501;4.41201;
0.155501;4.41201;
0.155501;4.41202;
0.155502;4.41204;
0.155502;4.41206;
0.155502;4.41207;
0.155502;4.41207;
0.155503;4.41209;
0.155503;4.41213;
0.155504;4.4122;
0.155507;4.41234;
0.155512;4.41262;
0.155522;4.41318;
0.155542;4.41428;
0.155562;4.41537;
0.155582;4.41647;
0.155602;4.41757;
0.155622;4.41867;
0.155642;4.41976;
0.155662;4.42086;
0.155682;4.42195;
0.155702;4.42305;
0.155722;4.42415;
0.155742;4.42524;
0.155762;4.42634;
0.155782;4.42743;
0.155802;4.42853;
0.155822;4.42962;
0.155842;4.43072;
0.155862;4.43181;
0.155882;4.43291;
0.155902;4.434;
0.155922;4.4351;
0.155942;4.43619;
0.155962;4.43729;
0.155982;4.43838;
0.156;4.43934;
0.156;4.43935;
0.156;4.43936;
0.156001;4.43938;
0.156001;4.4394;
0.156001;4.4394;
0.156001;4.43941;
0.156002;4.43943;
0.156002;4.43946;
0.156003;4.43953;
0.156006;4.43967;
0.156011;4.43995;
0.156021;4.44051;
0.156041;4.44161;
0.156061;4.4427;
0.156081;4.44379;
0.156101;4.44489;
0.156121;4.44598;
0.156141;4.44707;
0.156161;4.44816;
0.156181;4.44926;
0.156201;4.45035;
0.156221;4.45144;
0.156241;4.45253;
0.156261;4.45363;
0.156281;4.45472;
0.156301;4.45581;
0.156321;4.4569;
0.156341;4.45799;
0.156361;4.45908;
0.156381;4.46018;
0.156401;4.46127;
0.156421;4.46236;
0.156441;4.46345;
0.156461;4.46454;
0.156481;4.46563;
0.156501;4.4667;
0.156501;4.4667;
0.156501;4.46671;
0.156502;4.46674;
0.156502;4.46675;
0.156502;4.46676;
0.156502;4.46677;
0.156503;4.46678;
0.156503;4.46682;
0.156504;4.46689;
0.156507;4.46703;
0.156512;4.46731;
0.156522;4.46786;
0.156542;4.46895;
0.156562;4.47004;
0.156582;4.47113;
0.156602;4.47222;
0.156622;4.47331;
0.156642;4.4744;
0.156662;4.47549;
0.156682;4.47658;
0.156702;4.47767;
0.156722;4.47876;
0.156742;4.47985;
0.156762;4.48093;
0.156782;4.48202;
0.156802;4.48311;
0.156822;4.4842;
0.156842;4.48529;
0.156862;4.48637;
0.156882;4.48746;
0.156902;4.48855;
0.156922;4.48964;
0.156942;4.49072;
0.156962;4.49181;
0.156982;4.4929;
0.157;4.49385;
0.157;4.49386;
0.157;4.49387;
0.157001;4.49389;
0.157001;4.49391;
0.157001;4.49391;
0.157001;4.49392;
0.157002;4.49394;
0.157002;4.49397;
0.157003;4.49404;
0.157006;4.49418;
0.157011;4.49446;
0.157021;4.49502;
0.157041;4.4961;
0.157061;4.49719;
0.157081;4.49827;
0.157101;4.49936;
0.157121;4.50045;
0.157141;4.50153;
0.157161;4.50262;
0.157181;4.5037;
0.157201;4.50479;
0.157221;4.50587;
0.157241;4.50696;
0.157261;4.50804;
0.157281;4.50913;
0.157301;4.51021;
0.157321;4.5113;
0.157341;4.51238;
0.157361;4.51346;
0.157381;4.51455;
0.157401;4.51563;
0.157421;4.51672;
0.157441;4.5178;
0.157461;4.51888;
0.157481;4.51997;
0.157501;4.52103;
0.157501;4.52103;
0.157501;4.52104;
0.157502;4.52107;
0.157502;4.52108;
0.157502;4.52109;
0.157502;4.52109;
0.157503;4.52111;
0.157503;4.52115;
0.157504;4.52122;
0.157507;4.52135;
0.157512;4.52163;
0.157522;4.52219;
0.157542;4.52327;
0.157562;4.52435;
0.157582;4.52543;
0.157602;4.52652;
0.157622;4.5276;
0.157642;4.52868;
0.157662;4.52976;
0.157682;4.53084;
0.157702;4.53193;
0.157722;4.53301;
0.157742;4.53409;
0.157762;4.53517;
0.157782;4.53625;
0.157802;4.53733;
0.157822;4.53841;
0.157842;4.53949;
0.157862;4.54057;
0.157882;4.54165;
0.157902;4.54273;
0.157922;4.54381;
0.157942;4.54489;
0.157962;4.54597;
0.157982;4.54705;
0.158;4.548;
0.158;4.54801;
0.158;4.54802;
0.158001;4.54804;
0.158001;4.54806;
0.158001;4.54806;
0.158001;4.54807;
0.158002;4.54809;
0.158002;4.54812;
0.158003;4.54819;
0.158006;4.54833;
0.158011;4.54861;
0.158021;4.54916;
0.158041;4.55024;
0.158061;4.55132;
0.158081;4.5524;
0.158101;4.55347;
0.158121;4.55455;
0.158141;4.55563;
0.158161;4.55671;
0.158181;4.55779;
0.158201;4.55887;
0.158221;4.55994;
0.158241;4.56102;
0.158261;4.5621;
0.158281;4.56318;
0.158301;4.56425;
0.158321;4.56533;
0.158341;4.56641;
0.158361;4.56748;
0.158381;4.56856;
0.158401;4.56964;
0.158421;4.57071;
0.158441;4.57179;
0.158461;4.57287;
0.158481;4.57394;
0.158501;4.575;
0.158501;4.575;
0.158501;4.57501;
0.158502;4.57503;
0.158502;4.57505;
0.158502;4.57505;
0.158502;4.57506;
0.158503;4.57508;
0.158503;4.57512;
0.158504;4.57518;
0.158507;4.57532;
0.158512;4.5756;
0.158522;4.57615;
0.158542;4.57722;
0.158562;4.5783;
0.158582;4.57937;
0.158602;4.58045;
0.158622;4.58152;
0.158642;4.5826;
0.158662;4.58367;
0.158682;4.58475;
0.158702;4.58582;
0.158722;4.5869;
0.158742;4.58797;
0.158762;4.58904;
0.158782;4.59012;
0.158802;4.59119;
0.158822;4.59227;
0.158842;4.59334;
0.158862;4.59441;
0.158882;4.59549;
0.158902;4.59656;
0.158922;4.59763;
0.158942;4.5987;
0.158962;4.59978;
0.158982;4.60085;
0.159;4.60179;
0.159;4.6018;
0.159;4.60181;
0.159001;4.60183;
0.159001;4.60185;
0.159001;4.60185;
0.159001;4.60186;
0.159002;4.60188;
0.159002;4.60191;
0.159003;4.60198;
0.159006;4.60212;
0.159011;4.60239;
0.159021;4.60294;
0.159041;4.60401;
0.159061;4.60508;
0.159081;4.60616;
0.1591;4.60713;
0.15912;4.60821;
0.15914;4.60928;
0.15916;4.61035;
0.15918;4.61142;
0.1592;4.61249;
0.15922;4.61356;
0.15924;4.61463;
0.15926;4.6157;
0.15928;4.61677;
0.1593;4.61784;
0.15932;4.61891;
0.15934;4.61998;
0.15936;4.62105;
0.15938;4.62212;
0.1594;4.62319;
0.15942;4.62426;
0.15944;4.62533;
0.15946;4.6264;
0.15948;4.62747;
0.1595;4.62853;
0.159501;4.62861;
0.159501;4.62861;
0.159501;4.62862;
0.159502;4.62864;
0.159502;4.62866;
0.159502;4.62866;
0.159502;4.62867;
0.159503;4.62869;
0.159503;4.62872;
0.159504;4.62879;
0.159507;4.62893;
0.159512;4.6292;
0.159522;4.62975;
0.159542;4.63082;
0.159562;4.63188;
0.159582;4.63295;
0.159602;4.63402;
0.159622;4.63509;
0.159642;4.63616;
0.159662;4.63722;
0.159682;4.63829;
0.159702;4.63936;
0.159722;4.64043;
0.159742;4.64149;
0.159762;4.64256;
0.159782;4.64363;
0.159802;4.64469;
0.159822;4.64576;
0.159842;4.64682;
0.159862;4.64789;
0.159882;4.64896;
0.159902;4.65002;
0.159922;4.65109;
0.159942;4.65215;
0.159962;4.65322;
0.159982;4.65428;
0.16;4.65522;
0.16;4.65523;
0.16;4.65524;
0.160001;4.65526;
0.160001;4.65527;
0.160001;4.65528;
0.160001;4.65529;
0.160002;4.6553;
0.160002;4.65534;
0.160003;4.65541;
0.160006;4.65554;
0.160011;4.65582;
0.160021;4.65636;
0.160041;4.65742;
0.160061;4.65849;
0.160081;4.65955;
0.160101;4.66062;
0.160121;4.66168;
0.160141;4.66275;
0.160161;4.66381;
0.160181;4.66487;
0.160201;4.66594;
0.160221;4.667;
0.160241;4.66806;
0.160261;4.66913;
0.160281;4.67019;
0.160301;4.67125;
0.160321;4.67232;
0.160341;4.67338;
0.160361;4.67444;
0.160381;4.6755;
0.160401;4.67657;
0.160421;4.67763;
0.160441;4.67869;
0.160461;4.67975;
0.160481;4.68081;
0.160501;4.68185;
0.160501;4.68186;
0.160501;4.68187;
0.160502;4.68189;
0.160502;4.68191;
0.160502;4.68191;
0.160502;4.68192;
0.160503;4.68194;
0.160503;4.68197;
0.160504;4.68204;
0.160507;4.68217;
0.160512;4.68244;
0.160522;4.68299;
0.160542;4.68405;
0.160562;4.68511;
0.160582;4.68617;
0.160602;4.68723;
0.160622;4.68829;
0.160642;4.68935;
0.160662;4.69041;
0.160682;4.69147;
0.160702;4.69253;
0.160722;4.69359;
0.160742;4.69465;
0.160762;4.69571;
0.160782;4.69677;
0.160802;4.69783;
0.160822;4.69889;
0.160842;4.69995;
0.160862;4.70101;
0.160882;4.70207;
0.160902;4.70312;
0.160922;4.70418;
0.160942;4.70524;
0.160962;4.7063;
0.160982;4.70736;
0.161;4.70829;
0.161;4.70829;
0.161;4.7083;
0.161001;4.70833;
0.161001;4.70834;
0.161001;4.70835;
0.161001;4.70835;
0.161002;4.70837;
0.161002;4.7084;
0.161003;4.70847;
0.161006;4.70861;
0.161011;4.70888;
0.161021;4.70942;
0.161041;4.71048;
0.161061;4.71153;
0.161081;4.71259;
0.161099;4.7135;
0.161116;4.71443;
0.161136;4.71549;
0.161156;4.71654;
0.161176;4.7176;
0.161196;4.71866;
0.161216;4.71971;
0.161236;4.72077;
0.161256;4.72183;
0.161276;4.72288;
0.161296;4.72394;
0.161316;4.72499;
0.161336;4.72605;
0.161356;4.7271;
0.161376;4.72816;
0.161396;4.72921;
0.161416;4.73027;
0.161436;4.73132;
0.161456;4.73238;
0.161476;4.73343;
0.161496;4.73449;
0.161501;4.73474;
0.161501;4.73474;
0.161501;4.73476;
0.161502;4.73478;
0.161502;4.73479;
0.161502;4.7348;
0.161502;4.7348;
0.161503;4.73482;
0.161503;4.73486;
0.161504;4.73492;
0.161507;4.73506;
0.161512;4.73533;
0.161522;4.73587;
0.161542;4.73692;
0.161562;4.73798;
0.161582;4.73903;
0.161602;4.74008;
0.161622;4.74114;
0.161642;4.74219;
0.161662;4.74324;
0.161682;4.74429;
0.161702;4.74535;
0.161722;4.7464;
0.161742;4.74745;
0.161762;4.7485;
0.161782;4.74956;
0.161802;4.75061;
0.161822;4.75166;
0.161842;4.75271;
0.161862;4.75376;
0.161882;4.75482;
0.161902;4.75587;
0.161922;4.75692;
0.161942;4.75797;
0.161962;4.75902;
0.161982;4.76007;
0.162;4.761;
0.162;4.761;
0.162;4.76101;
0.162001;4.76103;
0.162001;4.76105;
0.162001;4.76105;
0.162001;4.76106;
0.162002;4.76108;
0.162002;4.76111;
0.162003;4.76118;
0.162006;4.76131;
0.162011;4.76158;
0.162021;4.76212;
0.162039;4.76303;
0.162057;4.764;
0.162077;4.76505;
0.162097;4.7661;
0.162117;4.76715;
0.162137;4.7682;
0.162157;4.76924;
0.162177;4.77029;
0.162197;4.77134;
0.162217;4.77239;
0.162237;4.77344;
0.162257;4.77449;
0.162277;4.77554;
0.162297;4.77659;
0.162317;4.77764;
0.162337;4.77868;
0.162357;4.77973;
0.162377;4.78078;
0.162397;4.78183;
0.162417;4.78288;
0.162437;4.78392;
0.162457;4.78497;
0.162477;4.78602;
0.162497;4.78706;
0.162501;4.78727;
0.162501;4.78727;
0.162501;4.78728;
0.162502;4.7873;
0.162502;4.78732;
0.162502;4.78732;
0.162502;4.78733;
0.162503;4.78735;
0.162503;4.78738;
0.162504;4.78745;
0.162507;4.78758;
0.162512;4.78785;
0.162522;4.78839;
0.162542;4.78943;
0.162562;4.79048;
0.162582;4.79153;
0.162602;4.79257;
0.162622;4.79362;
0.162642;4.79466;
0.162662;4.79571;
0.162682;4.79676;
0.162702;4.7978;
0.162722;4.79885;
0.162742;4.79989;
0.162762;4.80094;
0.162782;4.80198;
0.162802;4.80303;
0.162822;4.80407;
0.162842;4.80512;
0.162862;4.80616;
0.162882;4.8072;
0.162902;4.80825;
0.162922;4.80929;
0.162942;4.81034;
0.162962;4.81138;
0.162982;4.81242;
0.163;4.81334;
0.163;4.81335;
0.163;4.81336;
0.163001;4.81338;
0.163001;4.81339;
0.163001;4.8134;
0.163001;4.81341;
0.163002;4.81342;
0.163002;4.81346;
0.163003;4.81352;
0.163006;4.81366;
0.163011;4.81392;
0.163021;4.81446;
0.163037;4.81528;
0.16305;4.81595;
0.163062;4.81657;
0.163078;4.81739;
0.163095;4.81832;
0.16311;4.81906;
0.163124;4.81983;
0.163141;4.82068;
0.163161;4.82173;
0.163181;4.82277;
0.163201;4.82381;
0.163221;4.82485;
0.163241;4.82589;
0.163261;4.82693;
0.163281;4.82798;
0.163301;4.82902;
0.163321;4.83006;
0.163341;4.8311;
0.163361;4.83214;
0.163381;4.83318;
0.163401;4.83422;
0.163421;4.83526;
0.163441;4.8363;
0.163461;4.83734;
0.163481;4.83838;
0.163501;4.83942;
0.163501;4.83943;
0.163501;4.83944;
0.163501;4.83945;
0.163502;4.83947;
0.163502;4.83948;
0.163502;4.83949;
0.163502;4.8395;
0.163503;4.83951;
0.163503;4.83955;
0.163504;4.83961;
0.163507;4.83975;
0.163512;4.84001;
0.163522;4.84054;
0.163542;4.84158;
0.163562;4.84262;
0.163582;4.84366;
0.163602;4.8447;
0.163622;4.84574;
0.163642;4.84678;
0.163662;4.84782;
0.163682;4.84886;
0.163702;4.84989;
0.163722;4.85093;
0.163742;4.85197;
0.163762;4.85301;
0.163782;4.85405;
0.163802;4.85508;
0.163822;4.85612;
0.163842;4.85716;
0.163862;4.85819;
0.163882;4.85923;
0.163902;4.86027;
0.163922;4.86131;
0.163942;4.86234;
0.163962;4.86338;
0.163982;4.86441;
0.164;4.86533;
0.164;4.86533;
0.164;4.86534;
0.164001;4.86536;
0.164001;4.86538;
0.164001;4.86538;
0.164001;4.86539;
0.164002;4.86541;
0.164002;4.86544;
0.164003;4.86551;
0.164006;4.86564;
0.164011;4.8659;
0.164021;4.86643;
0.164027;4.86673;
0.164032;4.86699;
0.164038;4.86726;
0.164043;4.86752;
0.164052;4.86798;
0.164071;4.86891;
0.164085;4.86961;
0.164099;4.87034;
0.164116;4.87117;
0.164136;4.87217;
0.164156;4.87317;
0.164176;4.87418;
0.164196;4.87518;
0.164216;4.87618;
0.164236;4.87718;
0.164256;4.87818;
0.164276;4.87918;
0.164296;4.88019;
0.164316;4.88119;
0.164336;4.88219;
0.164356;4.88319;
0.164376;4.88419;
0.164396;4.88519;
0.164416;4.88619;
0.164436;4.88719;
0.164456;4.88819;
0.164476;4.88919;
0.164496;4.8902;
0.164501;4.89046;
0.164501;4.89047;
0.164501;4.89048;
0.164502;4.8905;
0.164502;4.89051;
0.164502;4.89052;
0.164502;4.89052;
0.164503;4.89054;
0.164503;4.89057;
0.164504;4.89064;
0.164507;4.89076;
0.164512;4.89102;
0.164522;4.89153;
0.164542;4.89253;
0.164562;4.89353;
0.164582;4.89453;
0.164602;4.89553;
0.164622;4.89653;
0.164642;4.89753;
0.164662;4.89853;
0.164682;4.89953;
0.164702;4.90053;
0.164722;4.90153;
0.164742;4.90253;
0.164762;4.90353;
0.164782;4.90452;
0.164802;4.90552;
0.164822;4.90652;
0.164842;4.90752;
0.164862;4.90852;
0.164882;4.90951;
0.164902;4.91051;
0.164922;4.91151;
0.164942;4.91251;
0.164962;4.9135;
0.164982;4.9145;
0.165;4.91538;
0.165;4.91538;
0.165;4.91539;
0.165001;4.91541;
0.165001;4.91543;
0.165001;4.91543;
0.165001;4.91544;
0.165002;4.91546;
0.165002;4.91549;
0.165003;4.91555;
0.165006;4.91568;
0.165011;4.91594;
0.165021;4.91645;
0.165041;4.91744;
0.165061;4.91844;
0.165081;4.91944;
0.165101;4.92043;
0.165121;4.92143;
0.165141;4.92243;
0.165161;4.92342;
0.165181;4.92442;
0.165201;4.92541;
0.165221;4.92641;
0.165241;4.92741;
0.165261;4.9284;
0.165281;4.9294;
0.165301;4.93039;
0.165321;4.93139;
0.165341;4.93238;
0.165361;4.93338;
0.165381;4.93437;
0.165401;4.93537;
0.165421;4.93636;
0.165441;4.93736;
0.165461;4.93835;
0.165481;4.93934;
0.165501;4.94032;
0.165501;4.94032;
0.165501;4.94033;
0.165502;4.94035;
0.165502;4.94037;
0.165502;4.94037;
0.165502;4.94038;
0.165503;4.9404;
0.165503;4.94043;
0.165504;4.94049;
0.165507;4.94062;
0.165512;4.94087;
0.165522;4.94138;
0.165542;4.94238;
0.165562;4.94337;
0.165582;4.94436;
0.165602;4.94536;
0.165622;4.94635;
0.165642;4.94734;
0.165662;4.94834;
0.165682;4.94933;
0.165702;4.95032;
0.165722;4.95131;
0.165742;4.95231;
0.165762;4.9533;
0.165782;4.95429;
0.165802;4.95528;
0.165822;4.95628;
0.165842;4.95727;
0.165862;4.95826;
0.165882;4.95925;
0.165902;4.96024;
0.165922;4.96123;
0.165942;4.96223;
0.165962;4.96322;
0.165982;4.96421;
0.166;4.96508;
0.166;4.96509;
0.166;4.96509;
0.166001;4.96511;
0.166001;4.96513;
0.166001;4.96513;
0.166001;4.96514;
0.166002;4.96516;
0.166002;4.96519;
0.166003;4.96525;
0.166006;4.96538;
0.166011;4.96563;
0.166021;4.96614;
0.166041;4.96713;
0.166061;4.96812;
0.16608;4.96906;
0.1661;4.97005;
0.16612;4.97104;
0.16614;4.97203;
0.16616;4.97302;
0.16618;4.97401;
0.1662;4.975;
0.16622;4.97599;
0.16624;4.97698;
0.16626;4.97797;
0.16628;4.97895;
0.1663;4.97994;
0.16632;4.98093;
0.16634;4.98192;
0.16636;4.98291;
0.16638;4.9839;
0.1664;4.98489;
0.16642;4.98588;
0.16644;4.98686;
0.16646;4.98785;
0.16648;4.98884;
0.1665;4.98983;
0.166501;4.98986;
0.166501;4.98987;
0.166501;4.98988;
0.166502;4.9899;
0.166502;4.98991;
0.166502;4.98992;
0.166502;4.98992;
0.166503;4.98994;
0.166503;4.98997;
0.166504;4.99003;
0.166507;4.99016;
0.166512;4.99041;
0.166522;4.99092;
0.166542;4.99191;
0.166562;4.99289;
0.166582;4.99388;
0.166602;4.99487;
0.166622;4.99586;
0.166642;4.99684;
0.166662;4.99783;
0.166682;4.99882;
0.166702;4.9998;
0.166722;5.00079;
0.166742;5.00178;
0.166762;5.00276;
0.166782;5.00375;
0.166802;5.00473;
0.166822;5.00572;
0.166842;5.00671;
0.166862;5.00769;
0.166882;5.00868;
0.166902;5.00966;
0.166922;5.01065;
0.166942;5.01163;
0.166962;5.01262;
0.166982;5.0136;
0.167;5.01447;
0.167;5.01447;
0.167;5.01448;
0.167001;5.0145;
0.167001;5.01452;
0.167001;5.01452;
0.167001;5.01453;
0.167002;5.01455;
0.167002;5.01458;
0.167003;5.01464;
0.167006;5.01477;
0.167011;5.01502;
0.167021;5.01552;
0.167041;5.01651;
0.167061;5.01749;
0.167081;5.01848;
0.167101;5.01946;
0.167121;5.02044;
0.167141;5.02143;
0.167161;5.02241;
0.167181;5.02339;
0.167201;5.02438;
0.167221;5.02536;
0.167241;5.02634;
0.167261;5.02733;
0.167281;5.02831;
0.167301;5.02929;
0.167321;5.03028;
0.167341;5.03126;
0.167361;5.03224;
0.167381;5.03322;
0.167401;5.03421;
0.167421;5.03519;
0.167441;5.03617;
0.167461;5.03715;
0.167481;5.03813;
0.167501;5.0391;
0.167501;5.0391;
0.167501;5.03911;
0.167502;5.03913;
0.167502;5.03914;
0.167502;5.03915;
0.167502;5.03916;
0.167503;5.03917;
0.167503;5.0392;
0.167504;5.03927;
0.167507;5.03939;
0.167512;5.03964;
0.167522;5.04015;
0.167542;5.04113;
0.167562;5.04211;
0.167582;5.04309;
0.167602;5.04407;
0.167622;5.04505;
0.167642;5.04603;
0.167662;5.04701;
0.167682;5.04799;
0.167702;5.04897;
0.167722;5.04995;
0.167742;5.05093;
0.167762;5.05191;
0.167782;5.05289;
0.167802;5.05387;
0.167822;5.05485;
0.167842;5.05583;
0.167862;5.05681;
0.167882;5.05779;
0.167902;5.05877;
0.167922;5.05975;
0.167942;5.06073;
0.167962;5.06171;
0.167982;5.06268;
0.168;5.06355;
0.168;5.06355;
0.168;5.06356;
0.168001;5.06358;
0.168001;5.06359;
0.168001;5.0636;
0.168001;5.06361;
0.168002;5.06362;
0.168002;5.06365;
0.168003;5.06372;
0.168006;5.06384;
0.168011;5.06409;
0.168021;5.06459;
0.168041;5.06557;
0.168061;5.06655;
0.168081;5.06753;
0.1681;5.06845;
0.16812;5.06943;
0.16814;5.07041;
0.16816;5.07139;
0.16818;5.07236;
0.1682;5.07334;
0.16822;5.07432;
0.16824;5.07529;
0.16826;5.07627;
0.16828;5.07725;
0.1683;5.07822;
0.16832;5.0792;
0.16834;5.08018;
0.16836;5.08115;
0.16838;5.08213;
0.1684;5.08311;
0.16842;5.08408;
0.16844;5.08506;
0.16846;5.08603;
0.16848;5.08701;
0.1685;5.08798;
0.168501;5.08802;
0.168501;5.08802;
0.168501;5.08803;
0.168502;5.08805;
0.168502;5.08806;
0.168502;5.08807;
0.168502;5.08808;
0.168503;5.08809;
0.168503;5.08812;
0.168504;5.08819;
0.168507;5.08831;
0.168512;5.08856;
0.168522;5.08906;
0.168542;5.09003;
0.168562;5.09101;
0.168582;5.09198;
0.168602;5.09296;
0.168622;5.09393;
0.168642;5.09491;
0.168662;5.09588;
0.168682;5.09686;
0.168702;5.09783;
0.168722;5.0988;
0.168742;5.09978;
0.168762;5.10075;
0.168782;5.10173;
0.168802;5.1027;
0.168822;5.10367;
0.168842;5.10465;
0.168862;5.10562;
0.168882;5.10659;
0.168902;5.10756;
0.168922;5.10854;
0.168942;5.10951;
0.168962;5.11048;
0.168982;5.11145;
0.169;5.11231;
0.169;5.11231;
0.169;5.11232;
0.169001;5.11234;
0.169001;5.11236;
0.169001;5.11236;
0.169001;5.11237;
0.169002;5.11239;
0.169002;5.11242;
0.169003;5.11248;
0.169006;5.1126;
0.169011;5.11285;
0.169021;5.11335;
0.169041;5.11432;
0.169061;5.11529;
0.169081;5.11627;
0.169101;5.11724;
0.169121;5.11821;
0.169141;5.11918;
0.169161;5.12015;
0.169181;5.12112;
0.169201;5.12209;
0.169221;5.12306;
0.169241;5.12403;
0.169261;5.12501;
0.169281;5.12598;
0.169301;5.12695;
0.169321;5.12792;
0.169341;5.12889;
0.169361;5.12986;
0.169381;5.13083;
0.169401;5.1318;
0.169421;5.13277;
0.169441;5.13373;
0.169461;5.1347;
0.169481;5.13567;
0.169501;5.13662;
0.169501;5.13663;
0.169501;5.13664;
0.169502;5.13666;
0.169502;5.13667;
0.169502;5.13668;
0.169502;5.13668;
0.169503;5.1367;
0.169503;5.13673;
0.169504;5.13679;
0.169507;5.13692;
0.169512;5.13716;
0.169522;5.13766;
0.169542;5.13863;
0.169562;5.1396;
0.169582;5.14057;
0.169602;5.14153;
0.169622;5.1425;
0.169642;5.14347;
0.169662;5.14444;
0.169682;5.14541;
0.169702;5.14637;
0.169722;5.14734;
0.169742;5.14831;
0.169762;5.14928;
0.169782;5.15024;
0.169802;5.15121;
0.169822;5.15218;
0.169842;5.15315;
0.169862;5.15411;
0.169882;5.15508;
0.169902;5.15605;
0.169922;5.15701;
0.169942;5.15798;
0.169962;5.15895;
0.169982;5.15991;
0.17;5.16076;
0.17;5.16077;
0.17;5.16078;
0.170001;5.1608;
0.170001;5.16081;
0.170001;5.16081;
0.170001;5.16082;
0.170002;5.16084;
0.170002;5.16087;
0.170003;5.16093;
0.170006;5.16105;
0.170011;5.1613;
0.170021;5.16179;
0.170041;5.16276;
0.170061;5.16373;
0.170081;5.16469;
0.170101;5.16566;
0.170121;5.16662;
0.170141;5.16759;
0.170161;5.16855;
0.170181;5.16952;
0.170201;5.17048;
0.170221;5.17145;
0.170241;5.17241;
0.170261;5.17337;
0.170281;5.17434;
0.170301;5.1753;
0.170321;5.17627;
0.170341;5.17723;
0.170361;5.17819;
0.170381;5.17916;
0.170401;5.18012;
0.170421;5.18108;
0.170441;5.18205;
0.170461;5.18301;
0.170481;5.18397;
0.170501;5.18492;
0.170501;5.18492;
0.170501;5.18493;
0.170502;5.18495;
0.170502;5.18497;
0.170502;5.18497;
0.170502;5.18498;
0.170503;5.18499;
0.170503;5.18502;
0.170504;5.18509;
0.170507;5.18521;
0.170512;5.18545;
0.170522;5.18595;
0.170542;5.18691;
0.170562;5.18787;
0.170582;5.18883;
0.170602;5.1898;
0.170622;5.19076;
0.170642;5.19172;
0.170662;5.19268;
0.170682;5.19364;
0.170702;5.19461;
0.170722;5.19557;
0.170742;5.19653;
0.170762;5.19749;
0.170782;5.19845;
0.170802;5.19941;
0.170822;5.20037;
0.170842;5.20133;
0.170862;5.20229;
0.170882;5.20325;
0.170902;5.20421;
0.170922;5.20518;
0.170942;5.20614;
0.170962;5.20709;
0.170982;5.20805;
0.171;5.2089;
0.171;5.2089;
0.171;5.20891;
0.171001;5.20893;
0.171001;5.20895;
0.171001;5.20895;
0.171001;5.20896;
0.171002;5.20897;
0.171002;5.209;
0.171003;5.20907;
0.171006;5.20919;
0.171011;5.20943;
0.171021;5.20993;
0.171041;5.21089;
0.171061;5.21184;
0.171081;5.2128;
0.171098;5.21361;
0.171116;5.21445;
0.171136;5.21541;
0.171156;5.21637;
0.171176;5.21733;
0.171196;5.21829;
0.171216;5.21925;
0.171236;5.2202;
0.171256;5.22116;
0.171276;5.22212;
0.171296;5.22308;
0.171316;5.22404;
0.171336;5.22499;
0.171356;5.22595;
0.171376;5.22691;
0.171396;5.22786;
0.171416;5.22882;
0.171436;5.22978;
0.171456;5.23074;
0.171476;5.23169;
0.171496;5.23265;
0.171501;5.2329;
0.171501;5.2329;
0.171501;5.23291;
0.171502;5.23293;
0.171502;5.23295;
0.171502;5.23295;
0.171502;5.23296;
0.171503;5.23297;
0.171503;5.233;
0.171504;5.23307;
0.171507;5.23319;
0.171512;5.23343;
0.171522;5.23392;
0.171542;5.23488;
0.171562;5.23583;
0.171582;5.23679;
0.171602;5.23775;
0.171622;5.2387;
0.171642;5.23966;
0.171662;5.24061;
0.171682;5.24157;
0.171702;5.24252;
0.171722;5.24348;
0.171742;5.24443;
0.171762;5.24539;
0.171782;5.24634;
0.171802;5.2473;
0.171822;5.24825;
0.171842;5.24921;
0.171862;5.25016;
0.171882;5.25112;
0.171902;5.25207;
0.171922;5.25302;
0.171942;5.25398;
0.171962;5.25493;
0.171982;5.25588;
0.172;5.25672;
0.172;5.25673;
0.172;5.25674;
0.172001;5.25676;
0.172001;5.25677;
0.172001;5.25678;
0.172001;5.25678;
0.172002;5.2568;
0.172002;5.25683;
0.172003;5.25689;
0.172006;5.25701;
0.172011;5.25726;
0.172021;5.25774;
0.172036;5.25845;
0.172052;5.25918;
0.172067;5.25991;
0.172087;5.26086;
0.172104;5.26166;
0.172121;5.26251;
0.172141;5.26346;
0.172161;5.26441;
0.172181;5.26536;
0.172201;5.26631;
0.172221;5.26727;
0.172241;5.26822;
0.172261;5.26917;
0.172281;5.27012;
0.172301;5.27107;
0.172321;5.27202;
0.172341;5.27298;
0.172361;5.27393;
0.172381;5.27488;
0.172401;5.27583;
0.172421;5.27678;
0.172441;5.27773;
0.172461;5.27868;
0.172481;5.27963;
0.172501;5.28057;
0.172501;5.28057;
0.172501;5.28058;
0.172502;5.2806;
0.172502;5.28061;
0.172502;5.28062;
0.172502;5.28062;
0.172503;5.28064;
0.172503;5.28067;
0.172504;5.28073;
0.172507;5.28085;
0.172512;5.2811;
0.172522;5.28158;
0.172542;5.28253;
0.172562;5.28348;
0.172582;5.28443;
0.172602;5.28538;
0.172622;5.28633;
0.172642;5.28728;
0.172662;5.28823;
0.172682;5.28918;
0.172702;5.29013;
0.172722;5.29108;
0.172742;5.29203;
0.172762;5.29297;
0.172782;5.29392;
0.172802;5.29487;
0.172822;5.29582;
0.172842;5.29677;
0.172862;5.29772;
0.172882;5.29866;
0.172902;5.29961;
0.172922;5.30056;
0.172942;5.30151;
0.172962;5.30245;
0.172982;5.3034;
0.173;5.30423;
0.173;5.30424;
0.173;5.30425;
0.173001;5.30427;
0.173001;5.30428;
0.173001;5.30429;
0.173001;5.30429;
0.173002;5.30431;
0.173002;5.30434;
0.173003;5.3044;
0.173006;5.30452;
0.173011;5.30476;
0.173021;5.30525;
0.173029;5.30559;
0.173036;5.30593;
0.173042;5.3062;
0.173048;5.30647;
0.173058;5.30694;
0.173075;5.30773;
0.173092;5.30849;
0.173108;5.30925;
0.173126;5.31005;
0.173146;5.31097;
0.173166;5.31189;
0.173186;5.3128;
0.173206;5.31372;
0.173226;5.31464;
0.173246;5.31555;
0.173266;5.31647;
0.173286;5.31738;
0.173306;5.3183;
0.173326;5.31922;
0.173346;5.32013;
0.173366;5.32105;
0.173386;5.32196;
0.173406;5.32288;
0.173426;5.32379;
0.173446;5.32471;
0.173466;5.32562;
0.173486;5.32654;
0.173501;5.32723;
0.173501;5.32724;
0.173501;5.32724;
0.173502;5.32726;
0.173502;5.32728;
0.173502;5.32728;
0.173502;5.32729;
0.173503;5.3273;
0.173503;5.32733;
0.173504;5.32739;
0.173507;5.32751;
0.173512;5.32774;
0.173522;5.32821;
0.173542;5.32912;
0.173562;5.33004;
0.173582;5.33095;
0.173602;5.33187;
0.173622;5.33278;
0.173642;5.3337;
0.173662;5.33461;
0.173682;5.33552;
0.173702;5.33644;
0.173722;5.33735;
0.173742;5.33827;
0.173762;5.33918;
0.173782;5.34009;
0.173802;5.34101;
0.173822;5.34192;
0.173842;5.34283;
0.173862;5.34375;
0.173882;5.34466;
0.173902;5.34557;
0.173922;5.34648;
0.173942;5.3474;
0.173962;5.34831;
0.173982;5.34922;
0.174;5.35002;
0.174;5.35003;
0.174;5.35004;
0.174001;5.35006;
0.174001;5.35007;
0.174001;5.35007;
0.174001;5.35008;
0.174002;5.35009;
0.174002;5.35012;
0.174003;5.35018;
0.174006;5.3503;
0.174011;5.35053;
0.174021;5.351;
0.174041;5.35191;
0.174061;5.35282;
0.174081;5.35374;
0.174101;5.35465;
0.174121;5.35556;
0.174141;5.35647;
0.174161;5.35738;
0.174181;5.35829;
0.174201;5.3592;
0.174221;5.36011;
0.174241;5.36103;
0.174261;5.36194;
0.174281;5.36285;
0.174301;5.36376;
0.174321;5.36467;
0.174341;5.36558;
0.174361;5.36649;
0.174381;5.3674;
0.174401;5.36831;
0.174421;5.36922;
0.174441;5.37013;
0.174461;5.37104;
0.174481;5.37195;
0.174501;5.37284;
0.174501;5.37284;
0.174501;5.37285;
0.174502;5.37287;
0.174502;5.37289;
0.174502;5.37289;
0.174502;5.3729;
0.174503;5.37291;
0.174503;5.37294;
0.174504;5.373;
0.174507;5.37311;
0.174512;5.37335;
0.174522;5.37381;
0.174542;5.37472;
0.174562;5.37563;
0.174582;5.37654;
0.174602;5.37745;
0.174622;5.37836;
0.174642;5.37927;
0.174662;5.38018;
0.174682;5.38108;
0.174702;5.38199;
0.174722;5.3829;
0.174742;5.38381;
0.174762;5.38472;
0.174782;5.38563;
0.174802;5.38653;
0.174822;5.38744;
0.174842;5.38835;
0.174862;5.38926;
0.174882;5.39016;
0.174902;5.39107;
0.174922;5.39198;
0.174942;5.39289;
0.174962;5.39379;
0.174982;5.3947;
0.175;5.3955;
0.175;5.3955;
0.175;5.39551;
0.175001;5.39553;
0.175001;5.39554;
0.175001;5.39555;
0.175001;5.39555;
0.175002;5.39557;
0.175002;5.3956;
0.175003;5.39566;
0.175006;5.39577;
0.175011;5.396;
0.175021;5.39647;
0.175041;5.39737;
0.175061;5.39828;
0.175081;5.39919;
0.175101;5.40009;
0.175121;5.401;
0.175141;5.40191;
0.175161;5.40281;
0.175181;5.40372;
0.175201;5.40462;
0.175221;5.40553;
0.175241;5.40643;
0.175261;5.40734;
0.175281;5.40825;
0.175301;5.40915;
0.175321;5.41006;
0.175341;5.41096;
0.175361;5.41187;
0.175381;5.41277;
0.175401;5.41367;
0.175421;5.41458;
0.175441;5.41548;
0.175461;5.41639;
0.175481;5.41729;
0.175501;5.41818;
0.175501;5.41818;
0.175501;5.41819;
0.175502;5.41821;
0.175502;5.41822;
0.175502;5.41823;
0.175502;5.41823;
0.175503;5.41825;
0.175503;5.41828;
0.175504;5.41834;
0.175507;5.41845;
0.175512;5.41868;
0.175522;5.41915;
0.175542;5.42005;
0.175562;5.42095;
0.175582;5.42186;
0.175602;5.42276;
0.175622;5.42366;
0.175642;5.42457;
0.175662;5.42547;
0.175682;5.42637;
0.175702;5.42728;
0.175722;5.42818;
0.175742;5.42908;
0.175762;5.42998;
0.175782;5.43089;
0.175802;5.43179;
0.175822;5.43269;
0.175842;5.43359;
0.175862;5.4345;
0.175882;5.4354;
0.175902;5.4363;
0.175922;5.4372;
0.175942;5.4381;
0.175962;5.43901;
0.175982;5.43991;
0.176;5.4407;
0.176;5.4407;
0.176;5.44071;
0.176001;5.44073;
0.176001;5.44075;
0.176001;5.44075;
0.176001;5.44076;
0.176002;5.44077;
0.176002;5.4408;
0.176003;5.44086;
0.176006;5.44097;
0.176011;5.4412;
0.176021;5.44166;
0.176041;5.44257;
0.176061;5.44347;
0.176081;5.44437;
0.176101;5.44527;
0.176121;5.44617;
0.176141;5.44707;
0.176161;5.44797;
0.176181;5.44887;
0.176201;5.44977;
0.176221;5.45067;
0.176241;5.45157;
0.176261;5.45247;
0.176281;5.45337;
0.176301;5.45427;
0.176321;5.45517;
0.176341;5.45607;
0.176361;5.45697;
0.176381;5.45787;
0.176401;5.45877;
0.176421;5.45967;
0.176441;5.46057;
0.176461;5.46146;
0.176481;5.46236;
0.176501;5.46324;
0.176501;5.46325;
0.176501;5.46326;
0.176502;5.46328;
0.176502;5.46329;
0.176502;5.46329;
0.176502;5.4633;
0.176503;5.46331;
0.176503;5.46334;
0.176504;5.4634;
0.176507;5.46352;
0.176512;5.46375;
0.176522;5.46421;
0.176542;5.4651;
0.176562;5.466;
0.176582;5.4669;
0.176602;5.4678;
0.176622;5.4687;
0.176642;5.46959;
0.176662;5.47049;
0.176682;5.47139;
0.176702;5.47229;
0.176722;5.47319;
0.176742;5.47408;
0.176762;5.47498;
0.176782;5.47588;
0.176802;5.47677;
0.176822;5.47767;
0.176842;5.47857;
0.176862;5.47946;
0.176882;5.48036;
0.176902;5.48126;
0.176922;5.48215;
0.176942;5.48305;
0.176962;5.48395;
0.176982;5.48484;
0.177;5.48563;
0.177;5.48563;
0.177;5.48564;
0.177001;5.48566;
0.177001;5.48568;
0.177001;5.48568;
0.177001;5.48569;
0.177002;5.4857;
0.177002;5.48573;
0.177003;5.48579;
0.177006;5.4859;
0.177011;5.48613;
0.177021;5.48659;
0.177041;5.48748;
0.177061;5.48838;
0.177081;5.48928;
0.1771;5.49012;
0.17712;5.49101;
0.17714;5.49191;
0.17716;5.4928;
0.17718;5.4937;
0.1772;5.49459;
0.17722;5.49549;
0.17724;5.49638;
0.17726;5.49728;
0.17728;5.49817;
0.1773;5.49907;
0.17732;5.49996;
0.17734;5.50086;
0.17736;5.50175;
0.17738;5.50264;
0.1774;5.50354;
0.17742;5.50443;
0.17744;5.50532;
0.17746;5.50622;
0.17748;5.50711;
0.1775;5.508;
0.177501;5.50804;
0.177501;5.50804;
0.177501;5.50805;
0.177502;5.50807;
0.177502;5.50808;
0.177502;5.50809;
0.177502;5.50809;
0.177503;5.50811;
0.177503;5.50814;
0.177504;5.50819;
0.177507;5.50831;
0.177512;5.50854;
0.177522;5.50899;
0.177542;5.50989;
0.177562;5.51078;
0.177582;5.51167;
0.177602;5.51256;
0.177622;5.51346;
0.177642;5.51435;
0.177662;5.51524;
0.177682;5.51613;
0.177702;5.51703;
0.177722;5.51792;
0.177742;5.51881;
0.177762;5.5197;
0.177782;5.52059;
0.177802;5.52148;
0.177822;5.52238;
0.177842;5.52327;
0.177862;5.52416;
0.177882;5.52505;
0.177902;5.52594;
0.177922;5.52683;
0.177942;5.52772;
0.177962;5.52861;
0.177982;5.5295;
0.178;5.53029;
0.178;5.53029;
0.178;5.5303;
0.178001;5.53032;
0.178001;5.53033;
0.178001;5.53034;
0.178001;5.53034;
0.178002;5.53036;
0.178002;5.53039;
0.178003;5.53044;
0.178006;5.53056;
0.178011;5.53078;
0.178021;5.53124;
0.178041;5.53213;
0.178061;5.53302;
0.178081;5.53391;
0.178101;5.5348;
0.178121;5.53569;
0.178141;5.53658;
0.178161;5.53747;
0.178181;5.53836;
0.178201;5.53925;
0.178221;5.54014;
0.178241;5.54103;
0.178261;5.54192;
0.178281;5.5428;
0.178301;5.54369;
0.178321;5.54458;
0.178341;5.54547;
0.178361;5.54636;
0.178381;5.54725;
0.178401;5.54814;
0.178421;5.54902;
0.178441;5.54991;
0.178461;5.5508;
0.178481;5.55169;
0.178501;5.55256;
0.178501;5.55256;
0.178501;5.55257;
0.178502;5.55259;
0.178502;5.5526;
0.178502;5.55261;
0.178502;5.55261;
0.178503;5.55263;
0.178503;5.55266;
0.178504;5.55271;
0.178507;5.55283;
0.178512;5.55305;
0.178522;5.55351;
0.178542;5.55439;
0.178562;5.55528;
0.178582;5.55617;
0.178602;5.55706;
0.178622;5.55794;
0.178642;5.55883;
0.178662;5.55972;
0.178682;5.5606;
0.178702;5.56149;
0.178722;5.56238;
0.178742;5.56326;
0.178762;5.56415;
0.178782;5.56504;
0.178802;5.56592;
0.178822;5.56681;
0.178842;5.56769;
0.178862;5.56858;
0.178882;5.56947;
0.178902;5.57035;
0.178922;5.57124;
0.178942;5.57212;
0.178962;5.57301;
0.178982;5.57389;
0.179;5.57467;
0.179;5.57468;
0.179;5.57468;
0.179001;5.5747;
0.179001;5.57471;
0.179001;5.57472;
0.179001;5.57473;
0.179002;5.57474;
0.179002;5.57477;
0.179003;5.57482;
0.179006;5.57494;
0.179011;5.57516;
0.179021;5.57562;
0.179041;5.5765;
0.179061;5.57739;
0.179081;5.57827;
0.179098;5.579;
0.179115;5.57975;
0.179134;5.58062;
0.179154;5.5815;
0.179174;5.58238;
0.179194;5.58327;
0.179214;5.58415;
0.179234;5.58503;
0.179254;5.58592;
0.179274;5.5868;
0.179294;5.58769;
0.179314;5.58857;
0.179334;5.58945;
0.179354;5.59033;
0.179374;5.59122;
0.179394;5.5921;
0.179414;5.59298;
0.179434;5.59387;
0.179454;5.59475;
0.179474;5.59563;
0.179494;5.59651;
0.179501;5.5968;
0.179501;5.59681;
0.179501;5.59682;
0.179502;5.59683;
0.179502;5.59685;
0.179502;5.59685;
0.179502;5.59686;
0.179503;5.59687;
0.179503;5.5969;
0.179504;5.59696;
0.179507;5.59707;
0.179512;5.5973;
0.179522;5.59775;
0.179542;5.59863;
0.179562;5.59951;
0.179582;5.60039;
0.179602;5.60127;
0.179622;5.60216;
0.179642;5.60304;
0.179662;5.60392;
0.179682;5.6048;
0.179702;5.60568;
0.179722;5.60656;
0.179742;5.60744;
0.179762;5.60832;
0.179782;5.6092;
0.179802;5.61009;
0.179822;5.61097;
0.179842;5.61185;
0.179862;5.61273;
0.179882;5.61361;
0.179902;5.61449;
0.179922;5.61537;
0.179942;5.61625;
0.179962;5.61713;
0.179982;5.61801;
0.18;5.61878;
0.18;5.61878;
0.18;5.61879;
0.180001;5.61881;
0.180001;5.61882;
0.180001;5.61883;
0.180001;5.61883;
0.180002;5.61885;
0.180002;5.61888;
0.180003;5.61893;
0.180006;5.61904;
0.180011;5.61927;
0.180021;5.61972;
0.180038;5.62043;
0.180056;5.62122;
0.180076;5.6221;
0.180096;5.62298;
0.180116;5.62386;
0.180136;5.62474;
0.180156;5.62562;
0.180176;5.6265;
0.180196;5.62737;
0.180216;5.62825;
0.180236;5.62913;
0.180256;5.63001;
0.180276;5.63089;
0.180296;5.63176;
0.180316;5.63264;
0.180336;5.63352;
0.180356;5.6344;
0.180376;5.63527;
0.180396;5.63615;
0.180416;5.63703;
0.180436;5.63791;
0.180456;5.63878;
0.180476;5.63966;
0.180496;5.64054;
0.180501;5.64077;
0.180501;5.64078;
0.180501;5.64079;
0.180502;5.6408;
0.180502;5.64082;
0.180502;5.64082;
0.180502;5.64083;
0.180503;5.64084;
0.180503;5.64087;
0.180504;5.64093;
0.180507;5.64104;
0.180512;5.64126;
0.180522;5.64171;
0.180542;5.64259;
0.180562;5.64347;
0.180582;5.64434;
0.180602;5.64522;
0.180622;5.64609;
0.180642;5.64697;
0.180662;5.64785;
0.180682;5.64872;
0.180702;5.6496;
0.180722;5.65047;
0.180742;5.65135;
0.180762;5.65222;
0.180782;5.6531;
0.180802;5.65397;
0.180822;5.65485;
0.180842;5.65572;
0.180862;5.6566;
0.180882;5.65747;
0.180902;5.65835;
0.180922;5.65922;
0.180942;5.6601;
0.180962;5.66097;
0.180982;5.66184;
0.181;5.66261;
0.181;5.66262;
0.181;5.66263;
0.181001;5.66264;
0.181001;5.66266;
0.181001;5.66266;
0.181001;5.66267;
0.181002;5.66268;
0.181002;5.66271;
0.181003;5.66276;
0.181006;5.66288;
0.181011;5.6631;
0.181021;5.66355;
0.181035;5.66415;
0.181046;5.66463;
0.181057;5.66508;
0.18107;5.66565;
0.181084;5.66629;
0.1811;5.66696;
0.181117;5.66772;
0.181137;5.66858;
0.181157;5.66945;
0.181177;5.67032;
0.181197;5.67119;
0.181217;5.67206;
0.181237;5.67293;
0.181257;5.6738;
0.181277;5.67466;
0.181297;5.67553;
0.181317;5.6764;
0.181337;5.67727;
0.181357;5.67814;
0.181377;5.679;
0.181397;5.67987;
0.181417;5.68074;
0.181437;5.68161;
0.181457;5.68247;
0.181477;5.68334;
0.181497;5.68421;
0.181501;5.68437;
0.181501;5.68437;
0.181501;5.68438;
0.181502;5.6844;
0.181502;5.68441;
0.181502;5.68442;
0.181502;5.68442;
0.181503;5.68444;
0.181503;5.68447;
0.181504;5.68452;
0.181507;5.68463;
0.181512;5.68485;
0.181522;5.6853;
0.181542;5.68616;
0.181562;5.68703;
0.181582;5.6879;
0.181602;5.68876;
0.181622;5.68963;
0.181642;5.6905;
0.181662;5.69136;
0.181682;5.69223;
0.181702;5.69309;
0.181722;5.69396;
0.181742;5.69483;
0.181762;5.69569;
0.181782;5.69656;
0.181802;5.69742;
0.181822;5.69829;
0.181842;5.69915;
0.181862;5.70002;
0.181882;5.70088;
0.181902;5.70175;
0.181922;5.70261;
0.181942;5.70348;
0.181962;5.70434;
0.181982;5.7052;
0.182;5.70596;
0.182;5.70597;
0.182;5.70598;
0.182001;5.706;
0.182001;5.70601;
0.182001;5.70601;
0.182001;5.70602;
0.182002;5.70603;
0.182002;5.70606;
0.182003;5.70612;
0.182006;5.70623;
0.182011;5.70645;
0.182021;5.70689;
0.182036;5.70754;
0.182051;5.70815;
0.182064;5.70872;
0.182083;5.70955;
0.182103;5.71041;
0.182123;5.71127;
0.182143;5.71214;
0.182163;5.713;
0.182183;5.71386;
0.182203;5.71473;
0.182223;5.71559;
0.182243;5.71645;
0.182263;5.71731;
0.182283;5.71818;
0.182303;5.71904;
0.182323;5.7199;
0.182343;5.72076;
0.182363;5.72163;
0.182383;5.72249;
0.182403;5.72335;
0.182423;5.72421;
0.182443;5.72508;
0.182463;5.72594;
0.182483;5.7268;
0.182501;5.72758;
0.182501;5.72758;
0.182501;5.72759;
0.182502;5.72761;
0.182502;5.72762;
0.182502;5.72763;
0.182502;5.72763;
0.182503;5.72765;
0.182503;5.72767;
0.182504;5.72773;
0.182507;5.72784;
0.182512;5.72806;
0.182522;5.7285;
0.182542;5.72936;
0.182562;5.73022;
0.182582;5.73108;
0.182602;5.73195;
0.182622;5.73281;
0.182642;5.73367;
0.182662;5.73453;
0.182682;5.73539;
0.182702;5.73625;
0.182722;5.73711;
0.182742;5.73797;
0.182762;5.73883;
0.182782;5.73969;
0.182802;5.74055;
0.182822;5.74141;
0.182842;5.74227;
0.182862;5.74313;
0.182882;5.74399;
0.182902;5.74485;
0.182922;5.74571;
0.182942;5.74657;
0.182962;5.74743;
0.182982;5.74828;
0.183;5.74904;
0.183;5.74904;
0.183;5.74905;
0.183001;5.74907;
0.183001;5.74908;
0.183001;5.74909;
0.183001;5.74909;
0.183002;5.74911;
0.183002;5.74913;
0.183003;5.74919;
0.183006;5.7493;
0.183011;5.74952;
0.183021;5.74996;
0.183027;5.75021;
0.183033;5.75044;
0.183038;5.75067;
0.183044;5.75091;
0.183053;5.75126;
0.18307;5.75197;
0.183086;5.75263;
0.183103;5.7533;
0.18312;5.754;
0.18314;5.75483;
0.18316;5.75565;
0.18318;5.75647;
0.1832;5.75729;
0.18322;5.75811;
0.18324;5.75893;
0.18326;5.75975;
0.18328;5.76057;
0.1833;5.76139;
0.18332;5.76221;
0.18334;5.76303;
0.18336;5.76385;
0.18338;5.76467;
0.1834;5.76549;
0.18342;5.76631;
0.18344;5.76713;
0.18346;5.76795;
0.18348;5.76877;
0.1835;5.76959;
0.183501;5.76965;
0.183501;5.76965;
0.183501;5.76966;
0.183502;5.76968;
0.183502;5.76969;
0.183502;5.76969;
0.183502;5.7697;
0.183503;5.76971;
0.183503;5.76974;
0.183504;5.76979;
0.183507;5.76989;
0.183512;5.7701;
0.183522;5.77052;
0.183542;5.77134;
0.183562;5.77216;
0.183582;5.77298;
0.183602;5.7738;
0.183622;5.77462;
0.183642;5.77544;
0.183662;5.77626;
0.183682;5.77708;
0.183702;5.7779;
0.183722;5.77871;
0.183742;5.77953;
0.183762;5.78035;
0.183782;5.78117;
0.183802;5.78199;
0.183822;5.78281;
0.183842;5.78362;
0.183862;5.78444;
0.183882;5.78526;
0.183902;5.78608;
0.183922;5.7869;
0.183942;5.78771;
0.183962;5.78853;
0.183982;5.78935;
0.184;5.79007;
0.184;5.79007;
0.184;5.79008;
0.184001;5.7901;
0.184001;5.79011;
0.184001;5.79011;
0.184001;5.79012;
0.184002;5.79013;
0.184002;5.79016;
0.184003;5.79021;
0.184006;5.79031;
0.184011;5.79052;
0.184021;5.79094;
0.184038;5.79164;
0.184056;5.79235;
0.184076;5.79317;
0.184096;5.79398;
0.184116;5.7948;
0.184136;5.79562;
0.184156;5.79643;
0.184176;5.79725;
0.184196;5.79807;
0.184216;5.79888;
0.184236;5.7997;
0.184256;5.80052;
0.184276;5.80133;
0.184296;5.80215;
0.184316;5.80296;
0.184336;5.80378;
0.184356;5.8046;
0.184376;5.80541;
0.184396;5.80623;
0.184416;5.80704;
0.184436;5.80786;
0.184456;5.80867;
0.184476;5.80949;
0.184496;5.8103;
0.184501;5.81052;
0.184501;5.81052;
0.184501;5.81053;
0.184502;5.81054;
0.184502;5.81056;
0.184502;5.81056;
0.184502;5.81057;
0.184503;5.81058;
0.184503;5.8106;
0.184504;5.81066;
0.184507;5.81076;
0.184512;5.81097;
0.184522;5.81139;
0.184542;5.8122;
0.184562;5.81302;
0.184582;5.81383;
0.184602;5.81465;
0.184622;5.81546;
0.184642;5.81628;
0.184662;5.81709;
0.184682;5.81791;
0.184702;5.81872;
0.184722;5.81953;
0.184742;5.82035;
0.184762;5.82116;
0.184782;5.82198;
0.184802;5.82279;
0.184822;5.8236;
0.184842;5.82442;
0.184862;5.82523;
0.184882;5.82604;
0.184902;5.82686;
0.184922;5.82767;
0.184942;5.82849;
0.184962;5.8293;
0.184982;5.83011;
0.185;5.83083;
0.185;5.83083;
0.185;5.83084;
0.185001;5.83086;
0.185001;5.83087;
0.185001;5.83087;
0.185001;5.83088;
0.185002;5.83089;
0.185002;5.83092;
0.185003;5.83097;
0.185006;5.83107;
0.185011;5.83128;
0.185021;5.8317;
0.185041;5.83251;
0.185061;5.83332;
0.185081;5.83414;
0.185101;5.83495;
0.185121;5.83576;
0.185141;5.83657;
0.185161;5.83739;
0.185181;5.8382;
0.185201;5.83901;
0.185221;5.83982;
0.185241;5.84063;
0.185261;5.84145;
0.185281;5.84226;
0.185301;5.84307;
0.185321;5.84388;
0.185341;5.84469;
0.185361;5.8455;
0.185381;5.84632;
0.185401;5.84713;
0.185421;5.84794;
0.185441;5.84875;
0.185461;5.84956;
0.185481;5.85037;
0.185501;5.85117;
0.185501;5.85117;
0.185501;5.85118;
0.185502;5.85119;
0.185502;5.85121;
0.185502;5.85121;
0.185502;5.85122;
0.185503;5.85123;
0.185503;5.85125;
0.185504;5.85131;
0.185507;5.85141;
0.185512;5.85162;
0.185522;5.85203;
0.185542;5.85284;
0.185562;5.85365;
0.185582;5.85447;
0.185602;5.85528;
0.185622;5.85609;
0.185642;5.8569;
0.185662;5.85771;
0.185682;5.85852;
0.185702;5.85933;
0.185722;5.86014;
0.185742;5.86095;
0.185762;5.86176;
0.185782;5.86257;
0.185802;5.86338;
0.185822;5.86418;
0.185842;5.86499;
0.185862;5.8658;
0.185882;5.86661;
0.185902;5.86742;
0.185922;5.86823;
0.185942;5.86904;
0.185962;5.86985;
0.185982;5.87066;
0.186;5.87137;
0.186;5.87137;
0.186;5.87138;
0.186001;5.8714;
0.186001;5.87141;
0.186001;5.87141;
0.186001;5.87142;
0.186002;5.87143;
0.186002;5.87146;
0.186003;5.87151;
0.186006;5.87161;
0.186011;5.87182;
0.186021;5.87223;
0.186041;5.87304;
0.186061;5.87385;
0.186081;5.87466;
0.186101;5.87547;
0.186121;5.87628;
0.186141;5.87708;
0.186161;5.87789;
0.186181;5.8787;
0.186201;5.87951;
0.186221;5.88032;
0.186241;5.88112;
0.186261;5.88193;
0.186281;5.88274;
0.186301;5.88355;
0.186321;5.88435;
0.186341;5.88516;
0.186361;5.88597;
0.186381;5.88677;
0.186401;5.88758;
0.186421;5.88839;
0.186441;5.88919;
0.186461;5.89;
0.186481;5.89081;
0.186501;5.8916;
0.186501;5.8916;
0.186501;5.89161;
0.186502;5.89163;
0.186502;5.89164;
0.186502;5.89164;
0.186502;5.89165;
0.186503;5.89166;
0.186503;5.89169;
0.186504;5.89174;
0.186507;5.89184;
0.186512;5.89205;
0.186522;5.89246;
0.186542;5.89327;
0.186562;5.89407;
0.186582;5.89488;
0.186602;5.89569;
0.186622;5.89649;
0.186642;5.8973;
0.186662;5.8981;
0.186682;5.89891;
0.186702;5.89971;
0.186722;5.90052;
0.186742;5.90133;
0.186762;5.90213;
0.186782;5.90294;
0.186802;5.90374;
0.186822;5.90455;
0.186842;5.90535;
0.186862;5.90616;
0.186882;5.90696;
0.186902;5.90777;
0.186922;5.90857;
0.186942;5.90937;
0.186962;5.91018;
0.186982;5.91098;
0.187;5.91169;
0.187;5.9117;
0.187;5.9117;
0.187001;5.91172;
0.187001;5.91173;
0.187001;5.91173;
0.187001;5.91174;
0.187002;5.91175;
0.187002;5.91178;
0.187003;5.91183;
0.187006;5.91193;
0.187011;5.91214;
0.187021;5.91255;
0.187041;5.91336;
0.187061;5.91416;
0.187081;5.91496;
0.187101;5.91577;
0.187121;5.91657;
0.187141;5.91737;
0.187161;5.91818;
0.187181;5.91898;
0.187201;5.91979;
0.187221;5.92059;
0.187241;5.92139;
0.187261;5.9222;
0.187281;5.923;
0.187301;5.9238;
0.187321;5.9246;
0.187341;5.92541;
0.187361;5.92621;
0.187381;5.92701;
0.187401;5.92781;
0.187421;5.92862;
0.187441;5.92942;
0.187461;5.93022;
0.187481;5.93102;
0.187501;5.93181;
0.187501;5.93181;
0.187501;5.93182;
0.187502;5.93184;
0.187502;5.93185;
0.187502;5.93185;
0.187502;5.93186;
0.187503;5.93187;
0.187503;5.9319;
0.187504;5.93195;
0.187507;5.93205;
0.187512;5.93226;
0.187522;5.93267;
0.187542;5.93347;
0.187562;5.93427;
0.187582;5.93507;
0.187602;5.93587;
0.187622;5.93668;
0.187642;5.93748;
0.187662;5.93828;
0.187682;5.93908;
0.187702;5.93988;
0.187722;5.94068;
0.187742;5.94148;
0.187762;5.94228;
0.187782;5.94309;
0.187802;5.94389;
0.187822;5.94469;
0.187842;5.94549;
0.187862;5.94629;
0.187882;5.94709;
0.187902;5.94789;
0.187922;5.94869;
0.187942;5.94949;
0.187962;5.95029;
0.187982;5.95109;
0.188;5.95179;
0.188;5.9518;
0.188;5.9518;
0.188001;5.95182;
0.188001;5.95183;
0.188001;5.95184;
0.188001;5.95184;
0.188002;5.95185;
0.188002;5.95188;
0.188003;5.95193;
0.188006;5.95203;
0.188011;5.95224;
0.188021;5.95265;
0.188041;5.95345;
0.188061;5.95425;
0.188081;5.95505;
0.188101;5.95585;
0.188121;5.95665;
0.188141;5.95745;
0.188161;5.95824;
0.188181;5.95904;
0.188201;5.95984;
0.188221;5.96064;
0.188241;5.96144;
0.188261;5.96224;
0.188281;5.96304;
0.188301;5.96384;
0.188321;5.96463;
0.188341;5.96543;
0.188361;5.96623;
0.188381;5.96703;
0.188401;5.96783;
0.188421;5.96862;
0.188441;5.96942;
0.188461;5.97022;
0.188481;5.97102;
0.188501;5.9718;
0.188501;5.9718;
0.188501;5.97181;
0.188502;5.97183;
0.188502;5.97184;
0.188502;5.97184;
0.188502;5.97185;
0.188503;5.97186;
0.188503;5.97189;
0.188504;5.97194;
0.188507;5.97204;
0.188512;5.97224;
0.188522;5.97265;
0.188542;5.97345;
0.188562;5.97425;
0.188582;5.97505;
0.188602;5.97584;
0.188622;5.97664;
0.188642;5.97744;
0.188662;5.97823;
0.188682;5.97903;
0.188702;5.97983;
0.188722;5.98062;
0.188742;5.98142;
0.188762;5.98222;
0.188782;5.98301;
0.188802;5.98381;
0.188822;5.98461;
0.188842;5.9854;
0.188862;5.9862;
0.188882;5.98699;
0.188902;5.98779;
0.188922;5.98859;
0.188942;5.98938;
0.188962;5.99018;
0.188982;5.99097;
0.189;5.99167;
0.189;5.99168;
0.189;5.99168;
0.189001;5.9917;
0.189001;5.99171;
0.189001;5.99171;
0.189001;5.99172;
0.189002;5.99173;
0.189002;5.99176;
0.189003;5.99181;
0.189006;5.99191;
0.189011;5.99212;
0.189021;5.99252;
0.189041;5.99332;
0.189061;5.99411;
0.189081;5.99491;
0.189101;5.99569;
0.189121;5.99649;
0.189141;5.99728;
0.189161;5.99808;
0.189181;5.99887;
0.189201;5.99967;
0.189221;6.00046;
0.189241;6.00126;
0.189261;6.00205;
0.189281;6.00284;
0.189301;6.00364;
0.189321;6.00443;
0.189341;6.00523;
0.189361;6.00602;
0.189381;6.00681;
0.189401;6.00761;
0.189421;6.0084;
0.189441;6.00919;
0.189461;6.00999;
0.189481;6.01078;
0.189501;6.01157;
0.189501;6.01157;
0.189501;6.01158;
0.189502;6.01159;
0.189502;6.01161;
0.189502;6.01161;
0.189502;6.01162;
0.189503;6.01163;
0.189503;6.01165;
0.189504;6.01171;
0.189507;6.01181;
0.189512;6.01201;
0.189522;6.01242;
0.189542;6.01321;
0.189562;6.014;
0.189582;6.01479;
0.189602;6.01559;
0.189622;6.01638;
0.189642;6.01717;
0.189662;6.01796;
0.189682;6.01876;
0.189702;6.01955;
0.189722;6.02034;
0.189742;6.02113;
0.189762;6.02193;
0.189782;6.02272;
0.189802;6.02351;
0.189822;6.0243;
0.189842;6.02509;
0.189862;6.02588;
0.189882;6.02668;
0.189902;6.02747;
0.189922;6.02826;
0.189942;6.02905;
0.189962;6.02984;
0.189982;6.03063;
0.19;6.03133;
0.19;6.03133;
0.19;6.03134;
0.190001;6.03135;
0.190001;6.03137;
0.190001;6.03137;
0.190001;6.03138;
0.190002;6.03139;
0.190002;6.03141;
0.190003;6.03146;
0.190006;6.03157;
0.190011;6.03177;
0.190021;6.03217;
0.190041;6.03296;
0.190061;6.03375;
0.190081;6.03455;
0.190101;6.03534;
0.190121;6.03613;
0.190141;6.03692;
0.190161;6.03771;
0.190181;6.0385;
0.190201;6.03929;
0.190221;6.04008;
0.190241;6.04087;
0.190261;6.04166;
0.190281;6.04245;
0.190301;6.04324;
0.190321;6.04402;
0.190341;6.04481;
0.190361;6.0456;
0.190381;6.04639;
0.190401;6.04718;
0.190421;6.04797;
0.190441;6.04876;
0.190461;6.04955;
0.190481;6.05034;
0.190501;6.05111;
0.190501;6.05111;
0.190501;6.05112;
0.190502;6.05114;
0.190502;6.05115;
0.190502;6.05115;
0.190502;6.05116;
0.190503;6.05117;
0.190503;6.0512;
0.190504;6.05125;
0.190507;6.05135;
0.190512;6.05155;
0.190522;6.05195;
0.190542;6.05274;
0.190562;6.05353;
0.190582;6.05432;
0.190602;6.05511;
0.190622;6.0559;
0.190642;6.05668;
0.190662;6.05747;
0.190682;6.05826;
0.190702;6.05905;
0.190722;6.05983;
0.190742;6.06062;
0.190762;6.06141;
0.190782;6.0622;
0.190802;6.06298;
0.190822;6.06377;
0.190842;6.06456;
0.190862;6.06535;
0.190882;6.06613;
0.190902;6.06692;
0.190922;6.06771;
0.190942;6.06849;
0.190962;6.06928;
0.190982;6.07007;
0.191;6.07076;
0.191;6.07076;
0.191;6.07077;
0.191001;6.07079;
0.191001;6.0708;
0.191001;6.0708;
0.191001;6.07081;
0.191002;6.07082;
0.191002;6.07084;
0.191003;6.07089;
0.191006;6.071;
0.191011;6.0712;
0.191021;6.0716;
0.191041;6.07239;
0.191061;6.07317;
0.191081;6.07396;
0.191097;6.07458;
0.191114;6.07524;
0.191134;6.07601;
0.191154;6.0768;
0.191174;6.07758;
0.191194;6.07837;
0.191214;6.07915;
0.191234;6.07994;
0.191254;6.08072;
0.191274;6.08151;
0.191294;6.08229;
0.191314;6.08308;
0.191334;6.08386;
0.191354;6.08465;
0.191374;6.08543;
0.191394;6.08622;
0.191414;6.087;
0.191434;6.08779;
0.191454;6.08857;
0.191474;6.08936;
0.191494;6.09014;
0.191501;6.09043;
0.191501;6.09043;
0.191501;6.09044;
0.191502;6.09046;
0.191502;6.09047;
0.191502;6.09047;
0.191502;6.09048;
0.191503;6.09049;
0.191503;6.09051;
0.191504;6.09056;
0.191507;6.09066;
0.191512;6.09087;
0.191522;6.09127;
0.191542;6.09205;
0.191562;6.09283;
0.191582;6.09362;
0.191602;6.0944;
0.191622;6.09519;
0.191642;6.09597;
0.191662;6.09675;
0.191682;6.09754;
0.191702;6.09832;
0.191722;6.0991;
0.191742;6.09989;
0.191762;6.10067;
0.191782;6.10145;
0.191802;6.10223;
0.191822;6.10302;
0.191842;6.1038;
0.191862;6.10458;
0.191882;6.10536;
0.191902;6.10615;
0.191922;6.10693;
0.191942;6.10771;
0.191962;6.10849;
0.191982;6.10927;
0.192;6.10996;
0.192;6.10997;
0.192;6.10997;
0.192001;6.10999;
0.192001;6.11;
0.192001;6.11;
0.192001;6.11001;
0.192002;6.11002;
0.192002;6.11005;
0.192003;6.1101;
0.192006;6.1102;
0.192011;6.1104;
0.192021;6.1108;
0.192036;6.11138;
0.192054;6.11206;
0.192072;6.1128;
0.192092;6.11358;
0.19211;6.11424;
0.192127;6.11493;
0.192146;6.11568;
0.192166;6.11646;
0.192186;6.11724;
0.192206;6.11802;
0.192226;6.1188;
0.192246;6.11959;
0.192266;6.12037;
0.192286;6.12115;
0.192306;6.12193;
0.192326;6.12271;
0.192346;6.12349;
0.192366;6.12427;
0.192386;6.12505;
0.192406;6.12583;
0.192426;6.12661;
0.192446;6.12739;
0.192466;6.12817;
0.192486;6.12895;
0.192501;6.12952;
0.192501;6.12952;
0.192501;6.12953;
0.192502;6.12955;
0.192502;6.12956;
0.192502;6.12956;
0.192502;6.12957;
0.192503;6.12958;
0.192503;6.1296;
0.192504;6.12965;
0.192507;6.12975;
0.192512;6.12995;
0.192522;6.13035;
0.192542;6.13113;
0.192562;6.13191;
0.192582;6.13269;
0.192602;6.13347;
0.192622;6.13425;
0.192642;6.13503;
0.192662;6.13581;
0.192682;6.13659;
0.192702;6.13736;
0.192722;6.13814;
0.192742;6.13892;
0.192762;6.1397;
0.192782;6.14048;
0.192802;6.14126;
0.192822;6.14203;
0.192842;6.14281;
0.192862;6.14359;
0.192882;6.14437;
0.192902;6.14515;
0.192922;6.14592;
0.192942;6.1467;
0.192962;6.14748;
0.192982;6.14826;
0.193;6.14894;
0.193;6.14894;
0.193;6.14895;
0.193001;6.14897;
0.193001;6.14898;
0.193001;6.14898;
0.193001;6.14899;
0.193002;6.149;
0.193002;6.14903;
0.193003;6.14908;
0.193006;6.14918;
0.193011;6.14937;
0.193021;6.14977;
0.193033;6.15021;
0.193044;6.15064;
0.193054;6.15102;
0.193064;6.1514;
0.193083;6.15211;
0.193096;6.15261;
0.19311;6.15315;
0.193126;6.15377;
0.193146;6.15453;
0.193166;6.15529;
0.193186;6.15605;
0.193206;6.15681;
0.193226;6.15757;
0.193246;6.15834;
0.193266;6.1591;
0.193286;6.15986;
0.193306;6.16062;
0.193326;6.16138;
0.193346;6.16214;
0.193366;6.1629;
0.193386;6.16366;
0.193406;6.16442;
0.193426;6.16518;
0.193446;6.16594;
0.193466;6.1667;
0.193486;6.16746;
0.193501;6.16803;
0.193501;6.16803;
0.193501;6.16804;
0.193502;6.16806;
0.193502;6.16807;
0.193502;6.16807;
0.193502;6.16808;
0.193503;6.16809;
0.193503;6.16811;
0.193504;6.16816;
0.193507;6.16826;
0.193512;6.16845;
0.193522;6.16884;
0.193542;6.1696;
0.193562;6.17036;
0.193582;6.17112;
0.193602;6.17188;
0.193622;6.17264;
0.193642;6.1734;
0.193662;6.17416;
0.193682;6.17492;
0.193702;6.17568;
0.193722;6.17644;
0.193742;6.1772;
0.193762;6.17796;
0.193782;6.17871;
0.193802;6.17947;
0.193822;6.18023;
0.193842;6.18099;
0.193862;6.18175;
0.193882;6.18251;
0.193902;6.18327;
0.193922;6.18402;
0.193942;6.18478;
0.193962;6.18554;
0.193982;6.1863;
0.194;6.18697;
0.194;6.18697;
0.194;6.18698;
0.194001;6.18699;
0.194001;6.187;
0.194001;6.18701;
0.194001;6.18701;
0.194002;6.18703;
0.194002;6.18705;
0.194003;6.1871;
0.194006;6.18719;
0.194011;6.18739;
0.194021;6.18778;
0.194041;6.18853;
0.194061;6.18929;
0.194081;6.19005;
0.194101;6.19081;
0.194121;6.19157;
0.194141;6.19232;
0.194161;6.19308;
0.194181;6.19384;
0.194201;6.19459;
0.194221;6.19535;
0.194241;6.19611;
0.194261;6.19687;
0.194281;6.19762;
0.194301;6.19838;
0.194321;6.19914;
0.194341;6.19989;
0.194361;6.20065;
0.194381;6.2014;
0.194401;6.20216;
0.194421;6.20292;
0.194441;6.20367;
0.194461;6.20443;
0.194481;6.20519;
0.194501;6.20593;
0.194501;6.20593;
0.194501;6.20594;
0.194502;6.20595;
0.194502;6.20596;
0.194502;6.20597;
0.194502;6.20597;
0.194503;6.20599;
0.194503;6.20601;
0.194504;6.20606;
0.194507;6.20615;
0.194512;6.20635;
0.194522;6.20673;
0.194542;6.20749;
0.194562;6.20825;
0.194582;6.209;
0.194602;6.20976;
0.194622;6.21051;
0.194642;6.21127;
0.194662;6.21202;
0.194682;6.21278;
0.194702;6.21353;
0.194722;6.21429;
0.194742;6.21504;
0.194762;6.2158;
0.194782;6.21655;
0.194802;6.21731;
0.194822;6.21806;
0.194842;6.21882;
0.194862;6.21957;
0.194882;6.22033;
0.194902;6.22108;
0.194922;6.22183;
0.194942;6.22259;
0.194962;6.22334;
0.194982;6.2241;
0.195;6.22476;
0.195;6.22476;
0.195;6.22477;
0.195001;6.22479;
0.195001;6.2248;
0.195001;6.2248;
0.195001;6.22481;
0.195002;6.22482;
0.195002;6.22484;
0.195003;6.22489;
0.195006;6.22499;
0.195011;6.22518;
0.195021;6.22557;
0.195041;6.22632;
0.195061;6.22707;
0.195081;6.22783;
0.195101;6.22858;
0.19512;6.22928;
0.19514;6.23003;
0.19516;6.23078;
0.19518;6.23154;
0.1952;6.23229;
0.19522;6.23304;
0.19524;6.23379;
0.19526;6.23455;
0.19528;6.2353;
0.1953;6.23605;
0.19532;6.2368;
0.19534;6.23756;
0.19536;6.23831;
0.19538;6.23906;
0.1954;6.23981;
0.19542;6.24057;
0.19544;6.24132;
0.19546;6.24207;
0.19548;6.24282;
0.1955;6.24357;
0.195501;6.24362;
0.195501;6.24362;
0.195501;6.24363;
0.195502;6.24364;
0.195502;6.24365;
0.195502;6.24366;
0.195502;6.24366;
0.195503;6.24367;
0.195503;6.2437;
0.195504;6.24375;
0.195507;6.24384;
0.195512;6.24403;
0.195522;6.24442;
0.195542;6.24517;
0.195562;6.24592;
0.195582;6.24667;
0.195602;6.24743;
0.195622;6.24818;
0.195642;6.24893;
0.195662;6.24968;
0.195682;6.25043;
0.195702;6.25118;
0.195722;6.25193;
0.195742;6.25268;
0.195762;6.25343;
0.195782;6.25418;
0.195802;6.25493;
0.195822;6.25568;
0.195842;6.25643;
0.195862;6.25719;
0.195882;6.25794;
0.195902;6.25869;
0.195922;6.25944;
0.195942;6.26019;
0.195962;6.26094;
0.195982;6.26168;
0.196;6.26234;
0.196;6.26235;
0.196;6.26236;
0.196001;6.26237;
0.196001;6.26238;
0.196001;6.26238;
0.196001;6.26239;
0.196002;6.2624;
0.196002;6.26243;
0.196003;6.26247;
0.196006;6.26257;
0.196011;6.26276;
0.196021;6.26315;
0.196041;6.2639;
0.19606;6.2646;
0.19608;6.26535;
0.1961;6.2661;
0.196118;6.26678;
0.196138;6.26753;
0.196158;6.26828;
0.196178;6.26903;
0.196198;6.26978;
0.196218;6.27053;
0.196238;6.27127;
0.196258;6.27202;
0.196278;6.27277;
0.196298;6.27352;
0.196318;6.27427;
0.196338;6.27502;
0.196358;6.27576;
0.196378;6.27651;
0.196398;6.27726;
0.196418;6.27801;
0.196438;6.27876;
0.196458;6.2795;
0.196478;6.28025;
0.196498;6.281;
0.196501;6.2811;
0.196501;6.2811;
0.196501;6.28111;
0.196502;6.28112;
0.196502;6.28113;
0.196502;6.28114;
0.196502;6.28114;
0.196503;6.28115;
0.196503;6.28118;
0.196504;6.28123;
0.196507;6.28132;
0.196512;6.28151;
0.196522;6.2819;
0.196542;6.28264;
0.196562;6.28339;
0.196582;6.28414;
0.196602;6.28489;
0.196622;6.28563;
0.196642;6.28638;
0.196662;6.28713;
0.196682;6.28787;
0.196702;6.28862;
0.196722;6.28937;
0.196742;6.29011;
0.196762;6.29086;
0.196782;6.29161;
0.196802;6.29235;
0.196822;6.2931;
0.196842;6.29384;
0.196862;6.29459;
0.196882;6.29534;
0.196902;6.29608;
0.196922;6.29683;
0.196942;6.29757;
0.196962;6.29832;
0.196982;6.29906;
0.197;6.29972;
0.197;6.29972;
0.197;6.29973;
0.197001;6.29975;
0.197001;6.29976;
0.197001;6.29976;
0.197001;6.29977;
0.197002;6.29978;
0.197002;6.2998;
0.197003;6.29985;
0.197006;6.29995;
0.197011;6.30014;
0.197021;6.30052;
0.197036;6.30108;
0.197051;6.30161;
0.197064;6.3021;
0.197083;6.30282;
0.197103;6.30356;
0.197123;6.30431;
0.197143;6.30505;
0.197163;6.3058;
0.197183;6.30654;
0.197203;6.30729;
0.197223;6.30803;
0.197243;6.30877;
0.197263;6.30952;
0.197283;6.31026;
0.197303;6.31101;
0.197323;6.31175;
0.197343;6.31249;
0.197363;6.31324;
0.197383;6.31398;
0.197403;6.31473;
0.197423;6.31547;
0.197443;6.31621;
0.197463;6.31696;
0.197483;6.3177;
0.197501;6.31837;
0.197501;6.31837;
0.197501;6.31838;
0.197502;6.31839;
0.197502;6.3184;
0.197502;6.31841;
0.197502;6.31841;
0.197503;6.31843;
0.197503;6.31845;
0.197504;6.3185;
0.197507;6.31859;
0.197512;6.31878;
0.197522;6.31916;
0.197542;6.31991;
0.197562;6.32065;
0.197582;6.32139;
0.197602;6.32213;
0.197622;6.32288;
0.197642;6.32362;
0.197662;6.32436;
0.197682;6.32511;
0.197702;6.32585;
0.197722;6.32659;
0.197742;6.32733;
0.197762;6.32808;
0.197782;6.32882;
0.197802;6.32956;
0.197822;6.3303;
0.197842;6.33104;
0.197862;6.33179;
0.197882;6.33253;
0.197902;6.33327;
0.197922;6.33401;
0.197942;6.33475;
0.197962;6.33549;
0.197982;6.33623;
0.198;6.33689;
0.198;6.33689;
0.198;6.3369;
0.198001;6.33691;
0.198001;6.33692;
0.198001;6.33693;
0.198001;6.33693;
0.198002;6.33694;
0.198002;6.33697;
0.198003;6.33702;
0.198006;6.33711;
0.198011;6.3373;
0.198021;6.33768;
0.198027;6.33789;
0.198033;6.33809;
0.198038;6.33829;
0.198044;6.33849;
0.198053;6.3388;
0.19807;6.3394;
0.198086;6.33997;
0.198103;6.34055;
0.19812;6.34115;
0.19814;6.34185;
0.19816;6.34256;
0.19818;6.34326;
0.1982;6.34396;
0.19822;6.34467;
0.19824;6.34537;
0.19826;6.34607;
0.19828;6.34677;
0.1983;6.34748;
0.19832;6.34818;
0.19834;6.34888;
0.19836;6.34959;
0.19838;6.35029;
0.1984;6.35099;
0.19842;6.3517;
0.19844;6.3524;
0.19846;6.3531;
0.19848;6.3538;
0.1985;6.35451;
0.198501;6.35455;
0.198501;6.35456;
0.198501;6.35456;
0.198502;6.35458;
0.198502;6.35459;
0.198502;6.35459;
0.198502;6.3546;
0.198503;6.35461;
0.198503;6.35463;
0.198504;6.35468;
0.198507;6.35477;
0.198512;6.35495;
0.198522;6.3553;
0.198542;6.35601;
0.198562;6.35671;
0.198582;6.35741;
0.198602;6.35811;
0.198622;6.35882;
0.198642;6.35952;
0.198662;6.36022;
0.198682;6.36092;
0.198702;6.36162;
0.198722;6.36233;
0.198742;6.36303;
0.198762;6.36373;
0.198782;6.36443;
0.198802;6.36513;
0.198822;6.36583;
0.198842;6.36653;
0.198862;6.36724;
0.198882;6.36794;
0.198902;6.36864;
0.198922;6.36934;
0.198942;6.37004;
0.198962;6.37074;
0.198982;6.37144;
0.199;6.37206;
0.199;6.37206;
0.199;6.37207;
0.199001;6.37208;
0.199001;6.37209;
0.199001;6.3721;
0.199001;6.3721;
0.199002;6.37211;
0.199002;6.37214;
0.199003;6.37218;
0.199006;6.37227;
0.199011;6.37245;
0.199021;6.37281;
0.199038;6.3734;
0.199056;6.37401;
0.199076;6.37471;
0.199096;6.37541;
0.199116;6.37611;
0.199136;6.37681;
0.199156;6.37751;
0.199176;6.37821;
0.199196;6.37891;
0.199216;6.37961;
0.199236;6.38031;
0.199256;6.38101;
0.199276;6.38171;
0.199296;6.38241;
0.199316;6.38311;
0.199336;6.38381;
0.199356;6.38451;
0.199376;6.38521;
0.199396;6.38591;
0.199416;6.38661;
0.199436;6.38731;
0.199456;6.38801;
0.199476;6.38871;
0.199496;6.38941;
0.199501;6.3896;
0.199501;6.3896;
0.199501;6.38961;
0.199502;6.38962;
0.199502;6.38963;
0.199502;6.38963;
0.199502;6.38964;
0.199503;6.38965;
0.199503;6.38967;
0.199504;6.38972;
0.199507;6.38981;
0.199512;6.38999;
0.199522;6.39034;
0.199542;6.39104;
0.199562;6.39174;
0.199582;6.39244;
0.199602;6.39314;
0.199622;6.39384;
0.199642;6.39454;
0.199662;6.39524;
0.199682;6.39594;
0.199702;6.39663;
0.199722;6.39733;
0.199742;6.39803;
0.199762;6.39873;
0.199782;6.39943;
0.199802;6.40013;
0.199822;6.40082;
0.199842;6.40152;
0.199862;6.40222;
0.199882;6.40292;
0.199902;6.40362;
0.199922;6.40431;
0.199942;6.40501;
0.199962;6.40571;
0.199982;6.40641;
0.2;6.40702;
0.2;6.40703;
0.2;6.40703;
0.200001;6.40705;
0.200001;6.40706;
0.200001;6.40706;
0.200001;6.40707;
0.200002;6.40708;
0.200002;6.4071;
0.200003;6.40714;
0.200006;6.40723;
0.200011;6.40741;
0.200021;6.40777;
0.200041;6.40847;
0.200061;6.40916;
0.200081;6.40986;
0.200101;6.41056;
0.200121;6.41126;
0.200141;6.41195;
0.200161;6.41265;
0.200181;6.41335;
0.200201;6.41404;
0.200221;6.41474;
0.200241;6.41544;
0.200261;6.41613;
0.200281;6.41683;
0.200301;6.41753;
0.200321;6.41823;
0.200341;6.41892;
0.200361;6.41962;
0.200381;6.42031;
0.200401;6.42101;
0.200421;6.42171;
0.200441;6.4224;
0.200461;6.4231;
0.200481;6.4238;
0.200501;6.42448;
0.200501;6.42448;
0.200501;6.42449;
0.200502;6.4245;
0.200502;6.42451;
0.200502;6.42452;
0.200502;6.42452;
0.200503;6.42453;
0.200503;6.42455;
0.200504;6.4246;
0.200507;6.42469;
0.200512;6.42487;
0.200522;6.42522;
0.200542;6.42592;
0.200562;6.42661;
0.200582;6.42731;
0.200602;6.42801;
0.200622;6.4287;
0.200642;6.4294;
0.200662;6.43009;
0.200682;6.43079;
0.200702;6.43148;
0.200722;6.43218;
0.200742;6.43287;
0.200762;6.43357;
0.200782;6.43427;
0.200802;6.43496;
0.200822;6.43566;
0.200842;6.43635;
0.200862;6.43705;
0.200882;6.43774;
0.200902;6.43844;
0.200922;6.43913;
0.200942;6.43982;
0.200962;6.44052;
0.200982;6.44121;
0.201;6.44182;
0.201;6.44183;
0.201;6.44184;
0.201001;6.44185;
0.201001;6.44186;
0.201001;6.44186;
0.201001;6.44187;
0.201002;6.44188;
0.201002;6.4419;
0.201003;6.44195;
0.201006;6.44203;
0.201011;6.44221;
0.201021;6.44257;
0.201041;6.44326;
0.201061;6.44396;
0.201081;6.44465;
0.201101;6.44534;
0.201121;6.44604;
0.201141;6.44673;
0.201161;6.44743;
0.201181;6.44812;
0.201201;6.44881;
0.201221;6.44951;
0.201241;6.4502;
0.201261;6.4509;
0.201281;6.45159;
0.201301;6.45228;
0.201321;6.45298;
0.201341;6.45367;
0.201361;6.45436;
0.201381;6.45506;
0.201401;6.45575;
0.201421;6.45644;
0.201441;6.45714;
0.201461;6.45783;
0.201481;6.45852;
0.201501;6.4592;
0.201501;6.4592;
0.201501;6.45921;
0.201502;6.45922;
0.201502;6.45923;
0.201502;6.45924;
0.201502;6.45924;
0.201503;6.45925;
0.201503;6.45928;
0.201504;6.45932;
0.201507;6.45941;
0.201512;6.45959;
0.201522;6.45994;
0.201542;6.46063;
0.201562;6.46133;
0.201582;6.46202;
0.201602;6.46271;
0.201622;6.4634;
0.201642;6.4641;
0.201662;6.46479;
0.201682;6.46548;
0.201702;6.46617;
0.201722;6.46687;
0.201742;6.46756;
0.201762;6.46825;
0.201782;6.46894;
0.201802;6.46963;
0.201822;6.47033;
0.201842;6.47102;
0.201862;6.47171;
0.201882;6.4724;
0.201902;6.47309;
0.201922;6.47378;
0.201942;6.47447;
0.201962;6.47517;
0.201982;6.47586;
0.202;6.47647;
0.202;6.47647;
0.202;6.47648;
0.202001;6.47649;
0.202001;6.4765;
0.202001;6.4765;
0.202001;6.47651;
0.202002;6.47652;
0.202002;6.47654;
0.202003;6.47659;
0.202006;6.47667;
0.202011;6.47685;
0.202021;6.4772;
0.202041;6.4779;
0.202061;6.47859;
0.202081;6.47928;
0.202101;6.47997;
0.202121;6.48066;
0.202141;6.48135;
0.202161;6.48204;
0.202181;6.48273;
0.202201;6.48342;
0.202221;6.48411;
0.202241;6.4848;
0.202261;6.48549;
0.202281;6.48618;
0.202301;6.48687;
0.202321;6.48756;
0.202341;6.48825;
0.202361;6.48894;
0.202381;6.48963;
0.202401;6.49032;
0.202421;6.49101;
0.202441;6.4917;
0.202461;6.49239;
0.202481;6.49308;
0.202501;6.49376;
0.202501;6.49376;
0.202501;6.49377;
0.202502;6.49378;
0.202502;6.49379;
0.202502;6.4938;
0.202502;6.4938;
0.202503;6.49381;
0.202503;6.49383;
0.202504;6.49388;
0.202507;6.49397;
0.202512;6.49414;
0.202522;6.4945;
0.202542;6.49519;
0.202562;6.49588;
0.202582;6.49656;
0.202602;6.49725;
0.202622;6.49794;
0.202642;6.49863;
0.202662;6.49932;
0.202682;6.50001;
0.202702;6.5007;
0.202722;6.50139;
0.202742;6.50208;
0.202762;6.50276;
0.202782;6.50345;
0.202802;6.50414;
0.202822;6.50483;
0.202842;6.50552;
0.202862;6.50621;
0.202882;6.5069;
0.202902;6.50758;
0.202922;6.50827;
0.202942;6.50896;
0.202962;6.50965;
0.202982;6.51034;
0.203;6.51094;
0.203;6.51094;
0.203;6.51095;
0.203001;6.51097;
0.203001;6.51098;
0.203001;6.51098;
0.203001;6.51098;
0.203002;6.511;
0.203002;6.51102;
0.203003;6.51106;
0.203006;6.51115;
0.203011;6.51133;
0.203021;6.51168;
0.203041;6.51237;
0.203061;6.51305;
0.203081;6.51374;
0.203101;6.51443;
0.203121;6.51512;
0.203141;6.5158;
0.203161;6.51649;
0.203181;6.51718;
0.203201;6.51787;
0.203221;6.51855;
0.203241;6.51924;
0.203261;6.51993;
0.203281;6.52061;
0.203301;6.5213;
0.203321;6.52199;
0.203341;6.52267;
0.203361;6.52336;
0.203381;6.52405;
0.203401;6.52473;
0.203421;6.52542;
0.203441;6.52611;
0.203461;6.52679;
0.203481;6.52748;
0.203501;6.52815;
0.203501;6.52816;
0.203501;6.52816;
0.203502;6.52818;
0.203502;6.52819;
0.203502;6.52819;
0.203502;6.52819;
0.203503;6.52821;
0.203503;6.52823;
0.203504;6.52827;
0.203507;6.52836;
0.203512;6.52853;
0.203522;6.52889;
0.203542;6.52957;
0.203562;6.53026;
0.203582;6.53094;
0.203602;6.53163;
0.203622;6.53232;
0.203642;6.533;
0.203662;6.53369;
0.203682;6.53437;
0.203702;6.53506;
0.203722;6.53574;
0.203742;6.53643;
0.203762;6.53711;
0.203782;6.5378;
0.203802;6.53849;
0.203822;6.53917;
0.203842;6.53986;
0.203862;6.54054;
0.203882;6.54123;
0.203902;6.54191;
0.203922;6.5426;
0.203942;6.54328;
0.203962;6.54396;
0.203982;6.54465;
0.204;6.54525;
0.204;6.54525;
0.204;6.54526;
0.204001;6.54528;
0.204001;6.54529;
0.204001;6.54529;
0.204001;6.54529;
0.204002;6.5453;
0.204002;6.54533;
0.204003;6.54537;
0.204006;6.54546;
0.204011;6.54563;
0.204021;6.54598;
0.204041;6.54667;
0.204061;6.54735;
0.204081;6.54804;
0.204101;6.54871;
0.204121;6.54939;
0.204141;6.55008;
0.204161;6.55076;
0.204181;6.55144;
0.204201;6.55213;
0.204221;6.55281;
0.204241;6.5535;
0.204261;6.55418;
0.204281;6.55486;
0.204301;6.55555;
0.204321;6.55623;
0.204341;6.55691;
0.204361;6.5576;
0.204381;6.55828;
0.204401;6.55896;
0.204421;6.55965;
0.204441;6.56033;
0.204461;6.56101;
0.204481;6.5617;
0.204501;6.56238;
0.204501;6.56238;
0.204501;6.56239;
0.204502;6.5624;
0.204502;6.56241;
0.204502;6.56241;
0.204502;6.56242;
0.204503;6.56243;
0.204503;6.56245;
0.204504;6.5625;
0.204507;6.56258;
0.204512;6.56276;
0.204522;6.56311;
0.204542;6.56379;
0.204562;6.56447;
0.204582;6.56516;
0.204602;6.56584;
0.204622;6.56652;
0.204642;6.5672;
0.204662;6.56789;
0.204682;6.56857;
0.204702;6.56925;
0.204722;6.56993;
0.204742;6.57061;
0.204762;6.5713;
0.204782;6.57198;
0.204802;6.57266;
0.204822;6.57334;
0.204842;6.57402;
0.204862;6.57471;
0.204882;6.57539;
0.204902;6.57607;
0.204922;6.57675;
0.204942;6.57743;
0.204962;6.57811;
0.204982;6.57879;
0.205;6.57939;
0.205;6.5794;
0.205;6.5794;
0.205001;6.57942;
0.205001;6.57943;
0.205001;6.57943;
0.205001;6.57944;
0.205002;6.57945;
0.205002;6.57947;
0.205003;6.57951;
0.205006;6.5796;
0.205011;6.57977;
0.205021;6.58012;
0.205041;6.5808;
0.205061;6.58148;
0.205081;6.58217;
0.205101;6.58285;
0.205121;6.58353;
0.205141;6.58421;
0.205161;6.58489;
0.205181;6.58557;
0.205201;6.58625;
0.205221;6.58693;
0.205241;6.58761;
0.205261;6.58829;
0.205281;6.58897;
0.205301;6.58965;
0.205321;6.59033;
0.205341;6.59101;
0.205361;6.59169;
0.205381;6.59237;
0.205401;6.59305;
0.205421;6.59373;
0.205441;6.59441;
0.205461;6.59509;
0.205481;6.59577;
0.205501;6.59643;
0.205501;6.59644;
0.205501;6.59645;
0.205502;6.59646;
0.205502;6.59647;
0.205502;6.59647;
0.205502;6.59648;
0.205503;6.59649;
0.205503;6.59651;
0.205504;6.59655;
0.205507;6.59664;
0.205512;6.59681;
0.205522;6.59716;
0.205542;6.59784;
0.205562;6.59852;
0.205582;6.5992;
0.205602;6.59988;
0.205622;6.60056;
0.205642;6.60124;
0.205662;6.60192;
0.205682;6.60259;
0.205702;6.60327;
0.205722;6.60395;
0.205742;6.60463;
0.205762;6.60531;
0.205782;6.60599;
0.205802;6.60667;
0.205822;6.60734;
0.205842;6.60802;
0.205862;6.6087;
0.205882;6.60938;
0.205902;6.61006;
0.205922;6.61074;
0.205942;6.61141;
0.205962;6.61209;
0.205982;6.61277;
0.206;6.61337;
0.206;6.61337;
0.206;6.61338;
0.206001;6.61339;
0.206001;6.6134;
0.206001;6.6134;
0.206001;6.61341;
0.206002;6.61342;
0.206002;6.61344;
0.206003;6.61348;
0.206006;6.61357;
0.206011;6.61374;
0.206021;6.61409;
0.206041;6.61477;
0.206061;6.61545;
0.206081;6.61612;
0.206097;6.61666;
0.206114;6.61722;
0.206133;6.61787;
0.206153;6.61855;
0.206173;6.61923;
0.206193;6.6199;
0.206213;6.62058;
0.206233;6.62126;
0.206253;6.62193;
0.206273;6.62261;
0.206293;6.62329;
0.206313;6.62396;
0.206333;6.62464;
0.206353;6.62532;
0.206373;6.62599;
0.206393;6.62667;
0.206413;6.62735;
0.206433;6.62802;
0.206453;6.6287;
0.206473;6.62938;
0.206493;6.63005;
0.206501;6.63032;
0.206501;6.63032;
0.206501;6.63033;
0.206502;6.63034;
0.206502;6.63036;
0.206502;6.63036;
0.206502;6.63036;
0.206503;6.63037;
0.206503;6.6304;
0.206504;6.63044;
0.206507;6.63053;
0.206512;6.6307;
0.206522;6.63104;
0.206542;6.63172;
0.206562;6.6324;
0.206582;6.63307;
0.206602;6.63375;
0.206622;6.63442;
0.206642;6.6351;
0.206662;6.63577;
0.206682;6.63645;
0.206702;6.63713;
0.206722;6.6378;
0.206742;6.63848;
0.206762;6.63915;
0.206782;6.63983;
0.206802;6.6405;
0.206822;6.64118;
0.206842;6.64185;
0.206862;6.64253;
0.206882;6.6432;
0.206902;6.64387;
0.206922;6.64455;
0.206942;6.64522;
0.206962;6.6459;
0.206982;6.64657;
0.207;6.64717;
0.207;6.64717;
0.207;6.64718;
0.207001;6.64719;
0.207001;6.6472;
0.207001;6.6472;
0.207001;6.64721;
0.207002;6.64722;
0.207002;6.64724;
0.207003;6.64728;
0.207006;6.64737;
0.207011;6.64754;
0.207021;6.64789;
0.207036;6.64839;
0.207054;6.64898;
0.207073;6.64964;
0.207093;6.65032;
0.207113;6.65099;
0.207132;6.65161;
0.207152;6.65228;
0.207172;6.65295;
0.207192;6.65363;
0.207212;6.6543;
0.207232;6.65498;
0.207252;6.65565;
0.207272;6.65632;
0.207292;6.657;
0.207312;6.65767;
0.207332;6.65834;
0.207352;6.65902;
0.207372;6.65969;
0.207392;6.66036;
0.207412;6.66103;
0.207432;6.66171;
0.207452;6.66238;
0.207472;6.66305;
0.207492;6.66373;
0.207501;6.66404;
0.207501;6.66404;
0.207501;6.66405;
0.207502;6.66406;
0.207502;6.66407;
0.207502;6.66407;
0.207502;6.66408;
0.207503;6.66409;
0.207503;6.66411;
0.207504;6.66415;
0.207507;6.66424;
0.207512;6.66441;
0.207522;6.66475;
0.207542;6.66543;
0.207562;6.6661;
0.207582;6.66677;
0.207602;6.66744;
0.207622;6.66812;
0.207642;6.66879;
0.207662;6.66946;
0.207682;6.67013;
0.207702;6.6708;
0.207722;6.67148;
0.207742;6.67215;
0.207762;6.67282;
0.207782;6.67349;
0.207802;6.67416;
0.207822;6.67483;
0.207842;6.67551;
0.207862;6.67618;
0.207882;6.67685;
0.207902;6.67752;
0.207922;6.67819;
0.207942;6.67886;
0.207962;6.67953;
0.207982;6.6802;
0.208;6.68079;
0.208;6.6808;
0.208;6.6808;
0.208001;6.68082;
0.208001;6.68083;
0.208001;6.68083;
0.208001;6.68084;
0.208002;6.68085;
0.208002;6.68087;
0.208003;6.68091;
0.208006;6.681;
0.208011;6.68117;
0.208021;6.68151;
0.208033;6.6819;
0.208043;6.68224;
0.208053;6.68256;
0.208063;6.68289;
0.208079;6.68343;
0.208094;6.6839;
0.208109;6.68441;
0.208129;6.68507;
0.208149;6.68573;
0.208169;6.68639;
0.208189;6.68704;
0.208209;6.6877;
0.208229;6.68836;
0.208249;6.68902;
0.208269;6.68967;
0.208289;6.69033;
0.208309;6.69099;
0.208329;6.69165;
0.208349;6.6923;
0.208369;6.69296;
0.208389;6.69362;
0.208409;6.69427;
0.208429;6.69493;
0.208449;6.69559;
0.208469;6.69624;
0.208489;6.6969;
0.208501;6.69728;
0.208501;6.69728;
0.208501;6.69729;
0.208502;6.6973;
0.208502;6.69731;
0.208502;6.69731;
0.208502;6.69732;
0.208503;6.69733;
0.208503;6.69735;
0.208504;6.69739;
0.208507;6.69748;
0.208512;6.69765;
0.208522;6.69798;
0.208542;6.69864;
0.208562;6.69929;
0.208582;6.69995;
0.208602;6.70061;
0.208622;6.70126;
0.208642;6.70192;
0.208662;6.70257;
0.208682;6.70323;
0.208702;6.70389;
0.208722;6.70454;
0.208742;6.7052;
0.208762;6.70585;
0.208782;6.70651;
0.208802;6.70716;
0.208822;6.70782;
0.208842;6.70848;
0.208862;6.70913;
0.208882;6.70979;
0.208902;6.71044;
0.208922;6.7111;
0.208942;6.71175;
0.208962;6.71241;
0.208982;6.71306;
0.209;6.71364;
0.209;6.71364;
0.209;6.71365;
0.209001;6.71366;
0.209001;6.71367;
0.209001;6.71367;
0.209001;6.71368;
0.209002;6.71369;
0.209002;6.71371;
0.209003;6.71375;
0.209006;6.71384;
0.209011;6.714;
0.209021;6.71434;
0.209041;6.71499;
0.209061;6.71565;
0.209081;6.7163;
0.209101;6.71696;
0.209121;6.71761;
0.209141;6.71827;
0.209161;6.71892;
0.209181;6.71958;
0.209201;6.72023;
0.209221;6.72088;
0.209241;6.72154;
0.209261;6.72219;
0.209281;6.72285;
0.209301;6.7235;
0.209321;6.72415;
0.209341;6.72481;
0.209361;6.72546;
0.209381;6.72612;
0.209401;6.72677;
0.209421;6.72742;
0.209441;6.72808;
0.209461;6.72873;
0.209481;6.72938;
0.209501;6.73002;
0.209501;6.73003;
0.209501;6.73003;
0.209502;6.73005;
0.209502;6.73006;
0.209502;6.73006;
0.209502;6.73006;
0.209503;6.73007;
0.209503;6.7301;
0.209504;6.73014;
0.209507;6.73022;
0.209512;6.73039;
0.209522;6.73072;
0.209542;6.73138;
0.209562;6.73203;
0.209582;6.73268;
0.209602;6.73333;
0.209622;6.73399;
0.209642;6.73464;
0.209662;6.73529;
0.209682;6.73595;
0.209702;6.7366;
0.209722;6.73725;
0.209742;6.7379;
0.209762;6.73856;
0.209782;6.73921;
0.209802;6.73986;
0.209822;6.74051;
0.209842;6.74117;
0.209862;6.74182;
0.209882;6.74247;
0.209902;6.74312;
0.209922;6.74377;
0.209942;6.74443;
0.209962;6.74508;
0.209982;6.74573;
0.21;6.7463;
0.21;6.74631;
0.21;6.74631;
0.210001;6.74633;
0.210001;6.74634;
0.210001;6.74634;
0.210001;6.74634;
0.210002;6.74635;
0.210002;6.74638;
0.210003;6.74642;
0.210006;6.7465;
0.210011;6.74667;
0.210021;6.747;
0.210041;6.74765;
0.210061;6.7483;
0.210081;6.74896;
0.210098;6.74949;
0.210115;6.75005;
0.210135;6.7507;
0.210155;6.75135;
0.210175;6.752;
0.210195;6.75265;
0.210215;6.7533;
0.210235;6.75395;
0.210255;6.7546;
0.210275;6.75526;
0.210295;6.75591;
0.210315;6.75656;
0.210335;6.75721;
0.210355;6.75786;
0.210375;6.75851;
0.210395;6.75916;
0.210415;6.75981;
0.210435;6.76046;
0.210455;6.76111;
0.210475;6.76176;
0.210495;6.76241;
0.210501;6.76261;
0.210501;6.76261;
0.210501;6.76262;
0.210502;6.76263;
0.210502;6.76264;
0.210502;6.76264;
0.210502;6.76265;
0.210503;6.76266;
0.210503;6.76268;
0.210504;6.76272;
0.210507;6.76281;
0.210512;6.76297;
0.210522;6.7633;
0.210542;6.76395;
0.210562;6.7646;
0.210582;6.76525;
0.210602;6.7659;
0.210622;6.76655;
0.210642;6.7672;
0.210662;6.76785;
0.210682;6.7685;
0.210702;6.76915;
0.210722;6.7698;
0.210742;6.77045;
0.210762;6.7711;
0.210782;6.77175;
0.210802;6.7724;
0.210822;6.77305;
0.210842;6.7737;
0.210862;6.77435;
0.210882;6.775;
0.210902;6.77564;
0.210922;6.77629;
0.210942;6.77694;
0.210962;6.77759;
0.210982;6.77824;
0.211;6.77881;
0.211;6.77881;
0.211;6.77882;
0.211001;6.77883;
0.211001;6.77884;
0.211001;6.77884;
0.211001;6.77885;
0.211002;6.77886;
0.211002;6.77888;
0.211003;6.77892;
0.211006;6.77901;
0.211011;6.77917;
0.211021;6.7795;
0.211036;6.77999;
0.211053;6.78051;
0.211069;6.78106;
0.211089;6.78171;
0.211105;6.7822;
0.211121;6.78272;
0.21114;6.78336;
0.21116;6.78401;
0.21118;6.78465;
0.2112;6.7853;
0.21122;6.78595;
0.21124;6.7866;
0.21126;6.78725;
0.21128;6.78789;
0.2113;6.78854;
0.21132;6.78919;
0.21134;6.78984;
0.21136;6.79048;
0.21138;6.79113;
0.2114;6.79178;
0.21142;6.79243;
0.21144;6.79307;
0.21146;6.79372;
0.21148;6.79437;
0.2115;6.79501;
0.211501;6.79504;
0.211501;6.79504;
0.211501;6.79504;
0.211502;6.79506;
0.211502;6.79507;
0.211502;6.79507;
0.211502;6.79508;
0.211503;6.79509;
0.211503;6.79511;
0.211504;6.79515;
0.211507;6.79523;
0.211512;6.7954;
0.211522;6.79573;
0.211542;6.79637;
0.211562;6.79702;
0.211582;6.79767;
0.211602;6.79831;
0.211622;6.79896;
0.211642;6.79961;
0.211662;6.80025;
0.211682;6.8009;
0.211702;6.80155;
0.211722;6.80219;
0.211742;6.80284;
0.211762;6.80348;
0.211782;6.80413;
0.211802;6.80478;
0.211822;6.80542;
0.211842;6.80607;
0.211862;6.80671;
0.211882;6.80736;
0.211902;6.80801;
0.211922;6.80865;
0.211942;6.8093;
0.211962;6.80994;
0.211982;6.81059;
0.212;6.81116;
0.212;6.81116;
0.212;6.81117;
0.212001;6.81118;
0.212001;6.81119;
0.212001;6.81119;
0.212001;6.8112;
0.212002;6.81121;
0.212002;6.81123;
0.212003;6.81127;
0.212006;6.81135;
0.212011;6.81152;
0.212021;6.81185;
0.21203;6.81213;
0.212039;6.81241;
0.212047;6.81267;
0.212055;6.81291;
0.212069;6.81335;
0.212084;6.81379;
0.2121;6.81431;
0.21212;6.81493;
0.212139;6.81551;
0.212159;6.81613;
0.212179;6.81676;
0.212199;6.81738;
0.212219;6.818;
0.212239;6.81862;
0.212259;6.81924;
0.212279;6.81987;
0.212299;6.82049;
0.212319;6.82111;
0.212339;6.82173;
0.212359;6.82235;
0.212379;6.82298;
0.212399;6.8236;
0.212419;6.82422;
0.212439;6.82484;
0.212459;6.82546;
0.212479;6.82608;
0.212499;6.82671;
0.212501;6.82678;
0.212501;6.82678;
0.212501;6.82679;
0.212502;6.8268;
0.212502;6.82681;
0.212502;6.82681;
0.212502;6.82682;
0.212503;6.82683;
0.212503;6.82684;
0.212504;6.82688;
0.212507;6.82696;
0.212512;6.82712;
0.212522;6.82744;
0.212542;6.82806;
0.212562;6.82868;
0.212582;6.82931;
0.212602;6.82993;
0.212622;6.83055;
0.212642;6.83117;
0.212662;6.83179;
0.212682;6.83241;
0.212702;6.83303;
0.212722;6.83365;
0.212742;6.83427;
0.212762;6.8349;
0.212782;6.83552;
0.212802;6.83614;
0.212822;6.83676;
0.212842;6.83738;
0.212862;6.838;
0.212882;6.83862;
0.212902;6.83924;
0.212922;6.83986;
0.212942;6.84048;
0.212962;6.8411;
0.212982;6.84172;
0.213;6.84227;
0.213;6.84227;
0.213;6.84228;
0.213001;6.84229;
0.213001;6.8423;
0.213001;6.8423;
0.213001;6.84231;
0.213002;6.84232;
0.213002;6.84234;
0.213003;6.84238;
0.213006;6.84245;
0.213011;6.84261;
0.213021;6.84293;
0.213041;6.84355;
0.213061;6.84417;
0.213081;6.84479;
0.213101;6.84541;
0.213121;6.84603;
0.213141;6.84665;
0.213161;6.84727;
0.213181;6.84789;
0.213201;6.84851;
0.213221;6.84913;
0.213241;6.84975;
0.213261;6.85037;
0.213281;6.85099;
0.213301;6.85161;
0.213321;6.85223;
0.213341;6.85285;
0.213361;6.85347;
0.213381;6.85409;
0.213401;6.8547;
0.213421;6.85532;
0.213441;6.85594;
0.213461;6.85656;
0.213481;6.85718;
0.213501;6.85779;
0.213501;6.85779;
0.213501;6.8578;
0.213502;6.85781;
0.213502;6.85782;
0.213502;6.85782;
0.213502;6.85783;
0.213503;6.85784;
0.213503;6.85786;
0.213504;6.8579;
0.213507;6.85797;
0.213512;6.85813;
0.213522;6.85845;
0.213542;6.85907;
0.213562;6.85969;
0.213582;6.86031;
0.213602;6.86093;
0.213622;6.86154;
0.213642;6.86216;
0.213662;6.86278;
0.213682;6.8634;
0.213702;6.86402;
0.213722;6.86464;
0.213742;6.86525;
0.213762;6.86587;
0.213782;6.86649;
0.213802;6.86711;
0.213822;6.86773;
0.213842;6.86834;
0.213862;6.86896;
0.213882;6.86958;
0.213902;6.8702;
0.213922;6.87082;
0.213942;6.87143;
0.213962;6.87205;
0.213982;6.87267;
0.214;6.87321;
0.214;6.87322;
0.214;6.87322;
0.214001;6.87323;
0.214001;6.87324;
0.214001;6.87325;
0.214001;6.87325;
0.214002;6.87326;
0.214002;6.87328;
0.214003;6.87332;
0.214006;6.8734;
0.214011;6.87356;
0.214021;6.87387;
0.214041;6.87449;
0.214061;6.87511;
0.214079;6.87566;
0.214098;6.87623;
0.214118;6.87685;
0.214138;6.87746;
0.214158;6.87808;
0.214178;6.8787;
0.214198;6.87931;
0.214218;6.87993;
0.214238;6.88055;
0.214258;6.88117;
0.214278;6.88178;
0.214298;6.8824;
0.214318;6.88302;
0.214338;6.88363;
0.214358;6.88425;
0.214378;6.88487;
0.214398;6.88548;
0.214418;6.8861;
0.214438;6.88672;
0.214458;6.88733;
0.214478;6.88795;
0.214498;6.88856;
0.214501;6.88867;
0.214501;6.88867;
0.214501;6.88868;
0.214502;6.88869;
0.214502;6.8887;
0.214502;6.8887;
0.214502;6.88871;
0.214503;6.88871;
0.214503;6.88873;
0.214504;6.88877;
0.214507;6.88885;
0.214512;6.88901;
0.214522;6.88933;
0.214542;6.88994;
0.214562;6.89056;
0.214582;6.89117;
0.214602;6.89179;
0.214622;6.89241;
0.214642;6.89302;
0.214662;6.89364;
0.214682;6.89425;
0.214702;6.89487;
0.214722;6.89549;
0.214742;6.8961;
0.214762;6.89672;
0.214782;6.89733;
0.214802;6.89795;
0.214822;6.89856;
0.214842;6.89918;
0.214862;6.89979;
0.214882;6.90041;
0.214902;6.90102;
0.214922;6.90164;
0.214942;6.90225;
0.214962;6.90287;
0.214982;6.90348;
0.215;6.90403;
0.215;6.90403;
0.215;6.90403;
0.215001;6.90405;
0.215001;6.90406;
0.215001;6.90406;
0.215001;6.90406;
0.215002;6.90407;
0.215002;6.90409;
0.215003;6.90413;
0.215006;6.90421;
0.215011;6.90437;
0.215021;6.90468;
0.215041;6.9053;
0.215061;6.90591;
0.215081;6.90653;
0.215101;6.90714;
0.215121;6.90776;
0.215141;6.90837;
0.215161;6.90899;
0.215181;6.9096;
0.215201;6.91021;
0.215221;6.91083;
0.215241;6.91144;
0.215261;6.91206;
0.215281;6.91267;
0.215301;6.91329;
0.215321;6.9139;
0.215341;6.91451;
0.215361;6.91513;
0.215381;6.91574;
0.215401;6.91636;
0.215421;6.91697;
0.215441;6.91758;
0.215461;6.9182;
0.215481;6.91881;
0.215501;6.91941;
0.215501;6.91941;
0.215501;6.91942;
0.215502;6.91943;
0.215502;6.91944;
0.215502;6.91944;
0.215502;6.91945;
0.215503;6.91946;
0.215503;6.91948;
0.215504;6.91952;
0.215507;6.9196;
0.215512;6.91975;
0.215522;6.92007;
0.215542;6.92068;
0.215562;6.92129;
0.215582;6.92191;
0.215602;6.92252;
0.215622;6.92313;
0.215642;6.92375;
0.215662;6.92436;
0.215682;6.92497;
0.215702;6.92559;
0.215722;6.9262;
0.215742;6.92681;
0.215762;6.92743;
0.215782;6.92804;
0.215802;6.92865;
0.215822;6.92926;
0.215842;6.92988;
0.215862;6.93049;
0.215882;6.9311;
0.215902;6.93171;
0.215922;6.93233;
0.215942;6.93294;
0.215962;6.93355;
0.215982;6.93416;
0.216;6.9347;
0.216;6.93471;
0.216;6.93471;
0.216001;6.93472;
0.216001;6.93473;
0.216001;6.93474;
0.216001;6.93474;
0.216002;6.93475;
0.216002;6.93477;
0.216003;6.93481;
0.216006;6.93489;
0.216011;6.93504;
0.216021;6.93536;
0.216041;6.93597;
0.216061;6.93658;
0.216081;6.93719;
0.216099;6.93774;
0.216117;6.93829;
0.216137;6.9389;
0.216157;6.93951;
0.216177;6.94012;
0.216197;6.94074;
0.216217;6.94135;
0.216237;6.94196;
0.216257;6.94257;
0.216277;6.94318;
0.216297;6.94379;
0.216317;6.9444;
0.216337;6.94502;
0.216357;6.94563;
0.216377;6.94624;
0.216397;6.94685;
0.216417;6.94746;
0.216437;6.94807;
0.216457;6.94868;
0.216477;6.94929;
0.216497;6.9499;
0.216501;6.95002;
0.216501;6.95002;
0.216501;6.95003;
0.216502;6.95004;
0.216502;6.95005;
0.216502;6.95005;
0.216502;6.95006;
0.216503;6.95007;
0.216503;6.95009;
0.216504;6.95013;
0.216507;6.9502;
0.216512;6.95036;
0.216522;6.95067;
0.216542;6.95128;
0.216562;6.95189;
0.216582;6.95251;
0.216602;6.95312;
0.216622;6.95373;
0.216642;6.95434;
0.216662;6.95495;
0.216682;6.95556;
0.216702;6.95617;
0.216722;6.95678;
0.216742;6.95739;
0.216762;6.958;
0.216782;6.95861;
0.216802;6.95922;
0.216822;6.95983;
0.216842;6.96044;
0.216862;6.96105;
0.216882;6.96166;
0.216902;6.96227;
0.216922;6.96288;
0.216942;6.96349;
0.216962;6.9641;
0.216982;6.96471;
0.217;6.96524;
0.217;6.96524;
0.217;6.96525;
0.217001;6.96526;
0.217001;6.96527;
0.217001;6.96527;
0.217001;6.96528;
0.217002;6.96529;
0.217002;6.96531;
0.217003;6.96535;
0.217006;6.96543;
0.217011;6.96558;
0.217021;6.96589;
0.217039;6.96644;
0.217058;6.96701;
0.217078;6.96762;
0.217098;6.96823;
0.217118;6.96884;
0.217138;6.96945;
0.217158;6.97006;
0.217178;6.97067;
0.217198;6.97128;
0.217218;6.97189;
0.217238;6.9725;
0.217258;6.9731;
0.217278;6.97371;
0.217298;6.97432;
0.217318;6.97493;
0.217338;6.97554;
0.217358;6.97615;
0.217378;6.97676;
0.217398;6.97736;
0.217418;6.97797;
0.217438;6.97858;
0.217458;6.97919;
0.217478;6.9798;
0.217498;6.9804;
0.217501;6.98049;
0.217501;6.98049;
0.217501;6.9805;
0.217502;6.98051;
0.217502;6.98052;
0.217502;6.98052;
0.217502;6.98053;
0.217503;6.98054;
0.217503;6.98056;
0.217504;6.9806;
0.217507;6.98067;
0.217512;6.98083;
0.217522;6.98114;
0.217542;6.98175;
0.217562;6.98236;
0.217582;6.98296;
0.217602;6.98357;
0.217622;6.98418;
0.217642;6.98479;
0.217662;6.98539;
0.217682;6.986;
0.217702;6.98661;
0.217722;6.98722;
0.217742;6.98782;
0.217762;6.98843;
0.217782;6.98904;
0.217802;6.98965;
0.217822;6.99025;
0.217842;6.99086;
0.217862;6.99147;
0.217882;6.99207;
0.217902;6.99268;
0.217922;6.99329;
0.217942;6.99389;
0.217962;6.9945;
0.217982;6.99511;
0.218;6.99564;
0.218;6.99565;
0.218;6.99565;
0.218001;6.99566;
0.218001;6.99567;
0.218001;6.99567;
0.218001;6.99568;
0.218002;6.99569;
0.218002;6.99571;
0.218003;6.99575;
0.218006;6.99583;
0.218011;6.99598;
0.218021;6.99629;
0.218037;6.99675;
0.218049;6.99714;
0.218061;6.9975;
0.218078;6.99801;
0.218096;6.99856;
0.218112;6.99903;
0.218128;6.99952;
0.218145;7.00005;
0.218165;7.00065;
0.218185;7.00126;
0.218205;7.00187;
0.218225;7.00247;
0.218245;7.00308;
0.218265;7.00368;
0.218285;7.00429;
0.218305;7.00489;
0.218325;7.0055;
0.218345;7.00611;
0.218365;7.00671;
0.218385;7.00732;
0.218405;7.00792;
0.218425;7.00853;
0.218445;7.00913;
0.218465;7.00974;
0.218485;7.01034;
0.218501;7.01082;
0.218501;7.01082;
0.218501;7.01083;
0.218502;7.01084;
0.218502;7.01085;
0.218502;7.01085;
0.218502;7.01086;
0.218503;7.01087;
0.218503;7.01089;
0.218504;7.01092;
0.218507;7.011;
0.218512;7.01116;
0.218522;7.01147;
0.218542;7.01207;
0.218562;7.01268;
0.218582;7.01328;
0.218602;7.01389;
0.218622;7.01449;
0.218642;7.0151;
0.218662;7.0157;
0.218682;7.01631;
0.218702;7.01691;
0.218722;7.01752;
0.218742;7.01812;
0.218762;7.01872;
0.218782;7.01933;
0.218802;7.01993;
0.218822;7.02054;
0.218842;7.02114;
0.218862;7.02175;
0.218882;7.02235;
0.218902;7.02295;
0.218922;7.02356;
0.218942;7.02416;
0.218962;7.02477;
0.218982;7.02537;
0.219;7.0259;
0.219;7.0259;
0.219;7.02591;
0.219001;7.02592;
0.219001;7.02593;
0.219001;7.02593;
0.219001;7.02594;
0.219002;7.02595;
0.219002;7.02597;
0.219003;7.02601;
0.219006;7.02608;
0.219011;7.02624;
0.219021;7.02655;
0.219027;7.02672;
0.219033;7.02688;
0.219038;7.02703;
0.219044;7.02719;
0.219053;7.02744;
0.219071;7.02796;
0.219086;7.0284;
0.219102;7.02884;
0.219119;7.02933;
0.219139;7.02989;
0.219159;7.03046;
0.219179;7.03103;
0.219199;7.0316;
0.219219;7.03217;
0.219239;7.03274;
0.219259;7.03331;
0.219279;7.03387;
0.219299;7.03444;
0.219319;7.03501;
0.219339;7.03558;
0.219359;7.03615;
0.219379;7.03672;
0.219399;7.03729;
0.219419;7.03785;
0.219439;7.03842;
0.219459;7.03899;
0.219479;7.03956;
0.219499;7.04013;
0.219501;7.04019;
0.219501;7.04019;
0.219501;7.0402;
0.219502;7.04021;
0.219502;7.04022;
0.219502;7.04022;
0.219502;7.04023;
0.219503;7.04024;
0.219503;7.04025;
0.219504;7.04029;
0.219507;7.04036;
0.219512;7.04051;
0.219522;7.0408;
0.219542;7.04137;
0.219562;7.04193;
0.219582;7.0425;
0.219602;7.04307;
0.219622;7.04364;
0.219642;7.04421;
0.219662;7.04477;
0.219682;7.04534;
0.219702;7.04591;
0.219722;7.04648;
0.219742;7.04705;
0.219762;7.04761;
0.219782;7.04818;
0.219802;7.04875;
0.219822;7.04932;
0.219842;7.04988;
0.219862;7.05045;
0.219882;7.05102;
0.219902;7.05159;
0.219922;7.05215;
0.219942;7.05272;
0.219962;7.05329;
0.219982;7.05386;
0.22;7.05435;
0.22;7.05436;
0.22;7.05436;
0.220001;7.05437;
0.220001;7.05438;
0.220001;7.05439;
0.220001;7.05439;
0.220002;7.0544;
0.220002;7.05442;
0.220003;7.05445;
0.220006;7.05453;
0.220011;7.05467;
0.220021;7.05496;
0.220041;7.05553;
0.220061;7.0561;
0.220081;7.05666;
0.220101;7.05723;
0.220121;7.0578;
0.220141;7.05836;
0.220161;7.05893;
0.220181;7.0595;
0.220201;7.06006;
0.220221;7.06063;
0.220241;7.0612;
0.220261;7.06177;
0.220281;7.06233;
0.220301;7.0629;
0.220321;7.06347;
0.220341;7.06403;
0.220361;7.0646;
0.220381;7.06516;
0.220401;7.06573;
0.220421;7.0663;
0.220441;7.06686;
0.220461;7.06743;
0.220481;7.068;
0.220501;7.06855;
0.220501;7.06855;
0.220501;7.06856;
0.220502;7.06857;
0.220502;7.06858;
0.220502;7.06858;
0.220502;7.06859;
0.220503;7.0686;
0.220503;7.06861;
0.220504;7.06865;
0.220507;7.06872;
0.220512;7.06887;
0.220522;7.06916;
0.220542;7.06972;
0.220562;7.07029;
0.220582;7.07086;
0.220602;7.07142;
0.220622;7.07199;
0.220642;7.07255;
0.220662;7.07312;
0.220682;7.07369;
0.220702;7.07425;
0.220722;7.07482;
0.220742;7.07538;
0.220762;7.07595;
0.220782;7.07652;
0.220802;7.07708;
0.220822;7.07765;
0.220842;7.07821;
0.220862;7.07878;
0.220882;7.07934;
0.220902;7.07991;
0.220922;7.08047;
0.220942;7.08104;
0.220962;7.08161;
0.220982;7.08217;
0.221;7.08267;
0.221;7.08267;
0.221;7.08268;
0.221001;7.08269;
0.221001;7.0827;
0.221001;7.0827;
0.221001;7.0827;
0.221002;7.08271;
0.221002;7.08273;
0.221003;7.08277;
0.221006;7.08284;
0.221011;7.08298;
0.221021;7.08327;
0.221041;7.08384;
0.221061;7.0844;
0.221081;7.08497;
0.221101;7.08553;
0.221121;7.0861;
0.221141;7.08666;
0.221161;7.08723;
0.221181;7.08779;
0.221201;7.08836;
0.221221;7.08892;
0.221241;7.08949;
0.221261;7.09005;
0.221281;7.09062;
0.221301;7.09118;
0.221321;7.09175;
0.221341;7.09231;
0.221361;7.09288;
0.221381;7.09344;
0.221401;7.09401;
0.221421;7.09457;
0.221441;7.09514;
0.221461;7.0957;
0.221481;7.09626;
0.221501;7.09682;
0.221501;7.09682;
0.221501;7.09683;
0.221502;7.09684;
0.221502;7.09685;
0.221502;7.09685;
0.221502;7.09685;
0.221503;7.09686;
0.221503;7.09688;
0.221504;7.09692;
0.221507;7.09699;
0.221512;7.09713;
0.221522;7.09742;
0.221542;7.09799;
0.221562;7.09855;
0.221582;7.09911;
0.221602;7.09968;
0.221622;7.10024;
0.221642;7.10081;
0.221662;7.10137;
0.221682;7.10193;
0.221702;7.1025;
0.221722;7.10306;
0.221742;7.10363;
0.221762;7.10419;
0.221782;7.10475;
0.221802;7.10532;
0.221822;7.10588;
0.221842;7.10644;
0.221862;7.10701;
0.221882;7.10757;
0.221902;7.10814;
0.221922;7.1087;
0.221942;7.10926;
0.221962;7.10983;
0.221982;7.11039;
0.222;7.11089;
0.222;7.11089;
0.222;7.11089;
0.222001;7.11091;
0.222001;7.11091;
0.222001;7.11092;
0.222001;7.11092;
0.222002;7.11093;
0.222002;7.11095;
0.222003;7.11098;
0.222006;7.11106;
0.222011;7.1112;
0.222021;7.11149;
0.222041;7.11205;
0.222061;7.11261;
0.222081;7.11318;
0.222101;7.11374;
0.222121;7.1143;
0.222141;7.11487;
0.222161;7.11543;
0.222181;7.11599;
0.222201;7.11656;
0.222221;7.11712;
0.222241;7.11768;
0.222261;7.11825;
0.222281;7.11881;
0.222301;7.11937;
0.222321;7.11993;
0.222341;7.1205;
0.222361;7.12106;
0.222381;7.12162;
0.222401;7.12218;
0.222421;7.12275;
0.222441;7.12331;
0.222461;7.12387;
0.222481;7.12443;
0.222501;7.12498;
0.222501;7.12499;
0.222501;7.12499;
0.222502;7.125;
0.222502;7.12501;
0.222502;7.12502;
0.222502;7.12502;
0.222503;7.12503;
0.222503;7.12505;
0.222504;7.12508;
0.222507;7.12515;
0.222512;7.1253;
0.222522;7.12559;
0.222542;7.12615;
0.222562;7.12671;
0.222582;7.12727;
0.222602;7.12784;
0.222622;7.1284;
0.222642;7.12896;
0.222662;7.12952;
0.222682;7.13008;
0.222702;7.13065;
0.222722;7.13121;
0.222742;7.13177;
0.222762;7.13233;
0.222782;7.13289;
0.222802;7.13346;
0.222822;7.13402;
0.222842;7.13458;
0.222862;7.13514;
0.222882;7.1357;
0.222902;7.13626;
0.222922;7.13682;
0.222942;7.13739;
0.222962;7.13795;
0.222982;7.13851;
0.223;7.139;
0.223;7.13901;
0.223;7.13901;
0.223001;7.13902;
0.223001;7.13903;
0.223001;7.13903;
0.223001;7.13904;
0.223002;7.13905;
0.223002;7.13906;
0.223003;7.1391;
0.223006;7.13917;
0.223011;7.13932;
0.223021;7.1396;
0.223041;7.14016;
0.223061;7.14073;
0.223081;7.14129;
0.223101;7.14185;
0.223121;7.14241;
0.223141;7.14297;
0.223161;7.14353;
0.223181;7.14409;
0.223201;7.14465;
0.223221;7.14521;
0.223241;7.14578;
0.223261;7.14634;
0.223281;7.1469;
0.223301;7.14746;
0.223321;7.14802;
0.223341;7.14858;
0.223361;7.14914;
0.223381;7.1497;
0.223401;7.15026;
0.223421;7.15082;
0.223441;7.15138;
0.223461;7.15194;
0.223481;7.1525;
0.223501;7.15305;
0.223501;7.15305;
0.223501;7.15306;
0.223502;7.15307;
0.223502;7.15308;
0.223502;7.15308;
0.223502;7.15309;
0.223503;7.1531;
0.223503;7.15311;
0.223504;7.15315;
0.223507;7.15322;
0.223512;7.15336;
0.223522;7.15365;
0.223542;7.15421;
0.223562;7.15477;
0.223582;7.15533;
0.223602;7.15589;
0.223622;7.15645;
0.223642;7.15701;
0.223662;7.15757;
0.223682;7.15813;
0.223702;7.15869;
0.223722;7.15925;
0.223742;7.15981;
0.223762;7.16037;
0.223782;7.16093;
0.223802;7.16149;
0.223822;7.16205;
0.223842;7.16261;
0.223862;7.16317;
0.223882;7.16373;
0.223902;7.16429;
0.223922;7.16485;
0.223942;7.16541;
0.223962;7.16597;
0.223982;7.16653;
0.224;7.16702;
0.224;7.16702;
0.224;7.16703;
0.224001;7.16704;
0.224001;7.16705;
0.224001;7.16705;
0.224001;7.16705;
0.224002;7.16706;
0.224002;7.16708;
0.224003;7.16712;
0.224006;7.16719;
0.224011;7.16733;
0.224021;7.16762;
0.224041;7.16818;
0.224061;7.16874;
0.224081;7.16929;
0.2241;7.16981;
0.22412;7.17037;
0.22414;7.17093;
0.22416;7.17149;
0.22418;7.17205;
0.2242;7.1726;
0.22422;7.17316;
0.22424;7.17372;
0.22426;7.17428;
0.22428;7.17484;
0.2243;7.1754;
0.22432;7.17596;
0.22434;7.17652;
0.22436;7.17707;
0.22438;7.17763;
0.2244;7.17819;
0.22442;7.17875;
0.22444;7.17931;
0.22446;7.17987;
0.22448;7.18042;
0.2245;7.18098;
0.224501;7.18102;
0.224501;7.18102;
0.224501;7.18102;
0.224502;7.18103;
0.224502;7.18104;
0.224502;7.18105;
0.224502;7.18105;
0.224503;7.18106;
0.224503;7.18108;
0.224504;7.18111;
0.224507;7.18118;
0.224512;7.18133;
0.224522;7.18161;
0.224542;7.18217;
0.224562;7.18273;
0.224582;7.18329;
0.224602;7.18384;
0.224622;7.1844;
0.224642;7.18496;
0.224662;7.18552;
0.224682;7.18608;
0.224702;7.18663;
0.224722;7.18719;
0.224742;7.18775;
0.224762;7.18831;
0.224782;7.18887;
0.224802;7.18942;
0.224822;7.18998;
0.224842;7.19054;
0.224862;7.1911;
0.224882;7.19165;
0.224902;7.19221;
0.224922;7.19277;
0.224942;7.19332;
0.224962;7.19388;
0.224982;7.19444;
0.225;7.19493;
0.225;7.19493;
0.225;7.19494;
0.225001;7.19495;
0.225001;7.19496;
0.225001;7.19496;
0.225001;7.19496;
0.225002;7.19497;
0.225002;7.19499;
0.225003;7.19503;
0.225006;7.1951;
0.225011;7.19524;
0.225021;7.19553;
0.225041;7.19608;
0.225061;7.19664;
0.225081;7.1972;
0.225101;7.19775;
0.225121;7.19831;
0.225141;7.19887;
0.225161;7.19942;
0.225181;7.19998;
0.225201;7.20054;
0.225221;7.20109;
0.225241;7.20165;
0.225261;7.20221;
0.225281;7.20276;
0.225301;7.20332;
0.225321;7.20388;
0.225341;7.20443;
0.225361;7.20499;
0.225381;7.20555;
0.225401;7.2061;
0.225421;7.20666;
0.225441;7.20722;
0.225461;7.20777;
0.225481;7.20833;
0.225501;7.20887;
0.225501;7.20888;
0.225501;7.20888;
0.225502;7.20889;
0.225502;7.2089;
0.225502;7.2089;
0.225502;7.20891;
0.225503;7.20892;
0.225503;7.20893;
0.225504;7.20897;
0.225507;7.20904;
0.225512;7.20918;
0.225522;7.20947;
0.225542;7.21002;
0.225562;7.21058;
0.225582;7.21114;
0.225602;7.21169;
0.225622;7.21225;
0.225642;7.2128;
0.225662;7.21336;
0.225682;7.21391;
0.225702;7.21447;
0.225722;7.21503;
0.225742;7.21558;
0.225762;7.21614;
0.225782;7.21669;
0.225802;7.21725;
0.225822;7.2178;
0.225842;7.21836;
0.225862;7.21891;
0.225882;7.21947;
0.225902;7.22002;
0.225922;7.22058;
0.225942;7.22114;
0.225962;7.22169;
0.225982;7.22225;
0.226;7.22273;
0.226;7.22274;
0.226;7.22274;
0.226001;7.22275;
0.226001;7.22276;
0.226001;7.22276;
0.226001;7.22277;
0.226002;7.22278;
0.226002;7.22279;
0.226003;7.22283;
0.226006;7.2229;
0.226011;7.22304;
0.226021;7.22333;
0.226041;7.22388;
0.226061;7.22444;
0.226081;7.22499;
0.226098;7.22546;
0.226116;7.22595;
0.226136;7.2265;
0.226156;7.22705;
0.226176;7.22761;
0.226196;7.22816;
0.226216;7.22872;
0.226236;7.22927;
0.226256;7.22983;
0.226276;7.23038;
0.226296;7.23094;
0.226316;7.23149;
0.226336;7.23204;
0.226356;7.2326;
0.226376;7.23315;
0.226396;7.23371;
0.226416;7.23426;
0.226436;7.23482;
0.226456;7.23537;
0.226476;7.23592;
0.226496;7.23648;
0.226501;7.23662;
0.226501;7.23663;
0.226501;7.23663;
0.226502;7.23664;
0.226502;7.23665;
0.226502;7.23665;
0.226502;7.23666;
0.226503;7.23667;
0.226503;7.23668;
0.226504;7.23672;
0.226507;7.23679;
0.226512;7.23693;
0.226522;7.23722;
0.226542;7.23777;
0.226562;7.23832;
0.226582;7.23888;
0.226602;7.23943;
0.226622;7.23998;
0.226642;7.24054;
0.226662;7.24109;
0.226682;7.24164;
0.226702;7.2422;
0.226722;7.24275;
0.226742;7.2433;
0.226762;7.24386;
0.226782;7.24441;
0.226802;7.24496;
0.226822;7.24552;
0.226842;7.24607;
0.226862;7.24662;
0.226882;7.24718;
0.226902;7.24773;
0.226922;7.24828;
0.226942;7.24884;
0.226962;7.24939;
0.226982;7.24994;
0.227;7.25043;
0.227;7.25043;
0.227;7.25044;
0.227001;7.25045;
0.227001;7.25046;
0.227001;7.25046;
0.227001;7.25046;
0.227002;7.25047;
0.227002;7.25049;
0.227003;7.25052;
0.227006;7.2506;
0.227011;7.25074;
0.227021;7.25102;
0.227038;7.25149;
0.227057;7.25199;
0.227077;7.25255;
0.227097;7.2531;
0.227117;7.25365;
0.227137;7.2542;
0.227157;7.25476;
0.227177;7.25531;
0.227197;7.25586;
0.227217;7.25641;
0.227237;7.25697;
0.227257;7.25752;
0.227277;7.25807;
0.227297;7.25862;
0.227317;7.25917;
0.227337;7.25973;
0.227357;7.26028;
0.227377;7.26083;
0.227397;7.26138;
0.227417;7.26193;
0.227437;7.26249;
0.227457;7.26304;
0.227477;7.26359;
0.227497;7.26414;
0.227501;7.26426;
0.227501;7.26426;
0.227501;7.26427;
0.227502;7.26428;
0.227502;7.26429;
0.227502;7.26429;
0.227502;7.2643;
0.227503;7.2643;
0.227503;7.26432;
0.227504;7.26436;
0.227507;7.26443;
0.227512;7.26457;
0.227522;7.26485;
0.227542;7.2654;
0.227562;7.26596;
0.227582;7.26651;
0.227602;7.26706;
0.227622;7.26761;
0.227642;7.26816;
0.227662;7.26871;
0.227682;7.26926;
0.227702;7.26981;
0.227722;7.27037;
0.227742;7.27092;
0.227762;7.27147;
0.227782;7.27202;
0.227802;7.27257;
0.227822;7.27312;
0.227842;7.27367;
0.227862;7.27422;
0.227882;7.27477;
0.227902;7.27532;
0.227922;7.27588;
0.227942;7.27643;
0.227962;7.27698;
0.227982;7.27753;
0.228;7.27801;
0.228;7.27801;
0.228;7.27802;
0.228001;7.27803;
0.228001;7.27804;
0.228001;7.27804;
0.228001;7.27805;
0.228002;7.27805;
0.228002;7.27807;
0.228003;7.27811;
0.228006;7.27818;
0.228011;7.27832;
0.228021;7.2786;
0.228037;7.27903;
0.228049;7.27937;
0.228061;7.27969;
0.228076;7.2801;
0.228093;7.28057;
0.228107;7.28095;
0.228122;7.28135;
0.228139;7.28184;
0.228159;7.28239;
0.228179;7.28294;
0.228199;7.28349;
0.228219;7.28404;
0.228239;7.28459;
0.228259;7.28514;
0.228279;7.28569;
0.228299;7.28624;
0.228319;7.28679;
0.228339;7.28734;
0.228359;7.28788;
0.228379;7.28843;
0.228399;7.28898;
0.228419;7.28953;
0.228439;7.29008;
0.228459;7.29063;
0.228479;7.29118;
0.228499;7.29173;
0.228501;7.29177;
0.228501;7.29177;
0.228501;7.29178;
0.228502;7.29179;
0.228502;7.2918;
0.228502;7.2918;
0.228502;7.2918;
0.228503;7.29181;
0.228503;7.29183;
0.228504;7.29186;
0.228507;7.29193;
0.228512;7.29207;
0.228522;7.29236;
0.228542;7.2929;
0.228562;7.29345;
0.228582;7.294;
0.228602;7.29455;
0.228622;7.2951;
0.228642;7.29565;
0.228662;7.29619;
0.228682;7.29674;
0.228702;7.29729;
0.228722;7.29784;
0.228742;7.29839;
0.228762;7.29893;
0.228782;7.29948;
0.228802;7.30003;
0.228822;7.30058;
0.228842;7.30113;
0.228862;7.30167;
0.228882;7.30222;
0.228902;7.30277;
0.228922;7.30332;
0.228942;7.30386;
0.228962;7.30441;
0.228982;7.30496;
0.229;7.30544;
0.229;7.30544;
0.229;7.30545;
0.229001;7.30546;
0.229001;7.30547;
0.229001;7.30547;
0.229001;7.30548;
0.229002;7.30548;
0.229002;7.3055;
0.229003;7.30554;
0.229006;7.30561;
0.229011;7.30575;
0.229021;7.30603;
0.229027;7.30619;
0.229033;7.30633;
0.229039;7.30648;
0.229044;7.30662;
0.229053;7.30684;
0.22907;7.30727;
0.229086;7.30768;
0.229102;7.3081;
0.229119;7.30853;
0.229139;7.30904;
0.229159;7.30955;
0.229179;7.31006;
0.229199;7.31057;
0.229219;7.31108;
0.229239;7.31159;
0.229259;7.3121;
0.229279;7.31261;
0.229299;7.31312;
0.229319;7.31362;
0.229339;7.31413;
0.229359;7.31464;
0.229379;7.31515;
0.229399;7.31566;
0.229419;7.31617;
0.229439;7.31668;
0.229459;7.31719;
0.229479;7.3177;
0.229499;7.31821;
0.229501;7.31826;
0.229501;7.31826;
0.229501;7.31827;
0.229502;7.31828;
0.229502;7.31829;
0.229502;7.31829;
0.229502;7.31829;
0.229503;7.3183;
0.229503;7.31832;
0.229504;7.31835;
0.229507;7.31841;
0.229512;7.31854;
0.229522;7.31881;
0.229542;7.31931;
0.229562;7.31982;
0.229582;7.32033;
0.229602;7.32084;
0.229622;7.32135;
0.229642;7.32186;
0.229662;7.32237;
0.229682;7.32288;
0.229702;7.32339;
0.229722;7.3239;
0.229742;7.32441;
0.229762;7.32492;
0.229782;7.32542;
0.229802;7.32593;
0.229822;7.32644;
0.229842;7.32695;
0.229862;7.32746;
0.229882;7.32797;
0.229902;7.32848;
0.229922;7.32899;
0.229942;7.3295;
0.229962;7.33;
0.229982;7.33051;
0.23;7.33096;
0.23;7.33096;
0.23;7.33097;
0.230001;7.33098;
0.230001;7.33099;
0.230001;7.33099;
0.230001;7.33099;
0.230002;7.331;
0.230002;7.33102;
0.230003;7.33105;
0.230006;7.33111;
0.230011;7.33124;
0.230021;7.33151;
0.230038;7.33193;
0.230055;7.33236;
0.230075;7.33287;
0.230095;7.33338;
0.230115;7.33388;
0.230135;7.33439;
0.230155;7.3349;
0.230175;7.33541;
0.230195;7.33592;
0.230215;7.33643;
0.230235;7.33694;
0.230255;7.33744;
0.230275;7.33795;
0.230295;7.33846;
0.230315;7.33897;
0.230335;7.33948;
0.230355;7.33999;
0.230375;7.34049;
0.230395;7.341;
0.230415;7.34151;
0.230435;7.34202;
0.230455;7.34253;
0.230475;7.34304;
0.230495;7.34354;
0.230501;7.3437;
0.230501;7.3437;
0.230501;7.3437;
0.230502;7.34371;
0.230502;7.34372;
0.230502;7.34372;
0.230502;7.34373;
0.230503;7.34374;
0.230503;7.34375;
0.230504;7.34379;
0.230507;7.34385;
0.230512;7.34398;
0.230522;7.34424;
0.230542;7.34475;
0.230562;7.34526;
0.230582;7.34576;
0.230602;7.34627;
0.230622;7.34678;
0.230642;7.34729;
0.230662;7.3478;
0.230682;7.3483;
0.230702;7.34881;
0.230722;7.34932;
0.230742;7.34983;
0.230762;7.35034;
0.230782;7.35084;
0.230802;7.35135;
0.230822;7.35186;
0.230842;7.35237;
0.230862;7.35287;
0.230882;7.35338;
0.230902;7.35389;
0.230922;7.3544;
0.230942;7.3549;
0.230962;7.35541;
0.230982;7.35592;
0.231;7.35637;
0.231;7.35637;
0.231;7.35637;
0.231001;7.35638;
0.231001;7.35639;
0.231001;7.35639;
0.231001;7.3564;
0.231002;7.35641;
0.231002;7.35642;
0.231003;7.35645;
0.231006;7.35652;
0.231011;7.35665;
0.231021;7.35691;
0.231041;7.35742;
0.231061;7.35792;
0.231081;7.35843;
0.231101;7.35894;
0.231121;7.35945;
0.231141;7.35995;
0.231161;7.36046;
0.231181;7.36097;
0.231201;7.36148;
0.231221;7.36198;
0.231241;7.36249;
0.231261;7.363;
0.231281;7.3635;
0.231301;7.36401;
0.231321;7.36452;
0.231341;7.36503;
0.231361;7.36553;
0.231381;7.36604;
0.231401;7.36655;
0.231421;7.36705;
0.231441;7.36756;
0.231461;7.36807;
0.231481;7.36857;
0.231501;7.36907;
0.231501;7.36907;
0.231501;7.36908;
0.231502;7.36909;
0.231502;7.3691;
0.231502;7.3691;
0.231502;7.3691;
0.231503;7.36911;
0.231503;7.36913;
0.231504;7.36916;
0.231507;7.36922;
0.231512;7.36935;
0.231522;7.36961;
0.231542;7.37012;
0.231562;7.37063;
0.231582;7.37113;
0.231602;7.37164;
0.231622;7.37215;
0.231642;7.37265;
0.231662;7.37316;
0.231682;7.37367;
0.231702;7.37417;
0.231722;7.37468;
0.231742;7.37519;
0.231762;7.37569;
0.231782;7.3762;
0.231802;7.37671;
0.231822;7.37721;
0.231842;7.37772;
0.231862;7.37822;
0.231882;7.37873;
0.231902;7.37924;
0.231922;7.37974;
0.231942;7.38025;
0.231962;7.38076;
0.231982;7.38126;
0.232;7.38171;
0.232;7.38171;
0.232;7.38172;
0.232001;7.38173;
0.232001;7.38173;
0.232001;7.38173;
0.232001;7.38174;
0.232002;7.38175;
0.232002;7.38176;
0.232003;7.3818;
0.232006;7.38186;
0.232011;7.38199;
0.232021;7.38225;
0.232041;7.38276;
0.232061;7.38326;
0.232081;7.38377;
0.232101;7.38427;
0.232121;7.38478;
0.232141;7.38529;
0.232161;7.38579;
0.232181;7.3863;
0.232201;7.3868;
0.232221;7.38731;
0.232241;7.38781;
0.232261;7.38832;
0.232281;7.38883;
0.232301;7.38933;
0.232321;7.38984;
0.232341;7.39034;
0.232361;7.39085;
0.232381;7.39135;
0.232401;7.39186;
0.232421;7.39237;
0.232441;7.39287;
0.232461;7.39338;
0.232481;7.39388;
0.232501;7.39438;
0.232501;7.39438;
0.232501;7.39439;
0.232502;7.3944;
0.232502;7.3944;
0.232502;7.39441;
0.232502;7.39441;
0.232503;7.39442;
0.232503;7.39443;
0.232504;7.39447;
0.232507;7.39453;
0.232512;7.39466;
0.232522;7.39492;
0.232542;7.39542;
0.232562;7.39593;
0.232582;7.39644;
0.232602;7.39694;
0.232622;7.39745;
0.232642;7.39795;
0.232662;7.39846;
0.232682;7.39896;
0.232702;7.39947;
0.232722;7.39997;
0.232742;7.40048;
0.232762;7.40098;
0.232782;7.40149;
0.232802;7.40199;
0.232822;7.4025;
0.232842;7.403;
0.232862;7.40351;
0.232882;7.40401;
0.232902;7.40452;
0.232922;7.40502;
0.232942;7.40553;
0.232962;7.40603;
0.232982;7.40654;
0.233;7.40698;
0.233;7.40698;
0.233;7.40699;
0.233001;7.407;
0.233001;7.40701;
0.233001;7.40701;
0.233001;7.40701;
0.233002;7.40702;
0.233002;7.40704;
0.233003;7.40707;
0.233006;7.40713;
0.233011;7.40726;
0.233021;7.40752;
0.233041;7.40803;
0.233061;7.40853;
0.233081;7.40903;
0.233101;7.40954;
0.233121;7.41004;
0.233141;7.41055;
0.233161;7.41105;
0.233181;7.41156;
0.233201;7.41206;
0.233221;7.41257;
0.233241;7.41307;
0.233261;7.41358;
0.233281;7.41408;
0.233301;7.41458;
0.233321;7.41509;
0.233341;7.41559;
0.233361;7.4161;
0.233381;7.4166;
0.233401;7.41711;
0.233421;7.41761;
0.233441;7.41811;
0.233461;7.41862;
0.233481;7.41912;
0.233501;7.41962;
0.233501;7.41962;
0.233501;7.41962;
0.233502;7.41963;
0.233502;7.41964;
0.233502;7.41964;
0.233502;7.41965;
0.233503;7.41966;
0.233503;7.41967;
0.233504;7.4197;
0.233507;7.41977;
0.233512;7.4199;
0.233522;7.42016;
0.233542;7.42066;
0.233562;7.42116;
0.233582;7.42167;
0.233602;7.42217;
0.233622;7.42268;
0.233642;7.42318;
0.233662;7.42368;
0.233682;7.42419;
0.233702;7.42469;
0.233722;7.42519;
0.233742;7.4257;
0.233762;7.4262;
0.233782;7.42671;
0.233802;7.42721;
0.233822;7.42771;
0.233842;7.42822;
0.233862;7.42872;
0.233882;7.42922;
0.233902;7.42973;
0.233922;7.43023;
0.233942;7.43073;
0.233962;7.43124;
0.233982;7.43174;
0.234;7.43218;
0.234;7.43219;
0.234;7.43219;
0.234001;7.4322;
0.234001;7.43221;
0.234001;7.43221;
0.234001;7.43221;
0.234002;7.43222;
0.234002;7.43224;
0.234003;7.43227;
0.234006;7.43234;
0.234011;7.43246;
0.234021;7.43272;
0.234041;7.43322;
0.234061;7.43373;
0.234081;7.43423;
0.234101;7.43473;
0.234121;7.43524;
0.234141;7.43574;
0.234161;7.43624;
0.234181;7.43675;
0.234201;7.43725;
0.234221;7.43775;
0.234241;7.43826;
0.234261;7.43876;
0.234281;7.43926;
0.234301;7.43976;
0.234321;7.44027;
0.234341;7.44077;
0.234361;7.44127;
0.234381;7.44178;
0.234401;7.44228;
0.234421;7.44278;
0.234441;7.44328;
0.234461;7.44379;
0.234481;7.44429;
0.234501;7.44478;
0.234501;7.44478;
0.234501;7.44479;
0.234502;7.4448;
0.234502;7.44481;
0.234502;7.44481;
0.234502;7.44481;
0.234503;7.44482;
0.234503;7.44484;
0.234504;7.44487;
0.234507;7.44493;
0.234512;7.44506;
0.234522;7.44532;
0.234542;7.44582;
0.234562;7.44632;
0.234582;7.44683;
0.234602;7.44733;
0.234622;7.44783;
0.234642;7.44833;
0.234662;7.44884;
0.234682;7.44934;
0.234702;7.44984;
0.234722;7.45034;
0.234742;7.45085;
0.234762;7.45135;
0.234782;7.45185;
0.234802;7.45235;
0.234822;7.45285;
0.234842;7.45336;
0.234862;7.45386;
0.234882;7.45436;
0.234902;7.45486;
0.234922;7.45536;
0.234942;7.45587;
0.234962;7.45637;
0.234982;7.45687;
0.235;7.45731;
0.235;7.45731;
0.235;7.45732;
0.235001;7.45733;
0.235001;7.45734;
0.235001;7.45734;
0.235001;7.45734;
0.235002;7.45735;
0.235002;7.45737;
0.235003;7.4574;
0.235006;7.45746;
0.235011;7.45759;
0.235021;7.45785;
0.235041;7.45835;
0.235061;7.45885;
0.235081;7.45935;
0.235101;7.45984;
0.235121;7.46034;
0.235141;7.46084;
0.235161;7.46134;
0.235181;7.46184;
0.235201;7.46234;
0.235221;7.46285;
0.235241;7.46335;
0.235261;7.46385;
0.235281;7.46435;
0.235301;7.46485;
0.235321;7.46535;
0.235341;7.46585;
0.235361;7.46636;
0.235381;7.46686;
0.235401;7.46736;
0.235421;7.46786;
0.235441;7.46836;
0.235461;7.46886;
0.235481;7.46936;
0.235501;7.46986;
0.235501;7.46987;
0.235501;7.46988;
0.235501;7.46988;
0.235502;7.46989;
0.235502;7.4699;
0.235502;7.4699;
0.235502;7.4699;
0.235503;7.46991;
0.235503;7.46993;
0.235504;7.46996;
0.235507;7.47002;
0.235512;7.47015;
0.235522;7.47041;
0.235542;7.47091;
0.235562;7.47141;
0.235582;7.47191;
0.235602;7.47241;
0.235622;7.47291;
0.235642;7.47341;
0.235662;7.47392;
0.235682;7.47442;
0.235702;7.47492;
0.235722;7.47542;
0.235742;7.47592;
0.235762;7.47642;
0.235782;7.47692;
0.235802;7.47742;
0.235822;7.47792;
0.235842;7.47842;
0.235862;7.47892;
0.235882;7.47942;
0.235902;7.47992;
0.235922;7.48042;
0.235942;7.48092;
0.235962;7.48142;
0.235982;7.48192;
0.236;7.48236;
0.236;7.48237;
0.236;7.48237;
0.236001;7.48238;
0.236001;7.48239;
0.236001;7.48239;
0.236001;7.4824;
0.236002;7.4824;
0.236002;7.48242;
0.236003;7.48245;
0.236006;7.48252;
0.236011;7.48264;
0.236021;7.4829;
0.236041;7.4834;
0.236061;7.4839;
0.236081;7.4844;
0.236101;7.4849;
0.236121;7.4854;
0.236141;7.4859;
0.236161;7.4864;
0.236181;7.4869;
0.236201;7.4874;
0.236221;7.4879;
0.236241;7.4884;
0.236261;7.4889;
0.236281;7.4894;
0.236301;7.4899;
0.236321;7.4904;
0.236341;7.4909;
0.236361;7.4914;
0.236381;7.4919;
0.236401;7.4924;
0.236421;7.4929;
0.236441;7.4934;
0.236461;7.4939;
0.236481;7.4944;
0.236501;7.49489;
0.236501;7.49489;
0.236501;7.49489;
0.236502;7.4949;
0.236502;7.49491;
0.236502;7.49491;
0.236502;7.49492;
0.236503;7.49492;
0.236503;7.49494;
0.236504;7.49497;
0.236507;7.49504;
0.236512;7.49516;
0.236522;7.49542;
0.236542;7.49592;
0.236562;7.49642;
0.236582;7.49692;
0.236602;7.49742;
0.236622;7.49792;
0.236642;7.49842;
0.236662;7.49892;
0.236682;7.49941;
0.236702;7.49991;
0.236722;7.50041;
0.236742;7.50091;
0.236762;7.50141;
0.236782;7.50191;
0.236802;7.50241;
0.236822;7.50291;
0.236842;7.50341;
0.236862;7.50391;
0.236882;7.5044;
0.236902;7.5049;
0.236922;7.5054;
0.236942;7.5059;
0.236962;7.5064;
0.236982;7.5069;
0.237;7.50734;
0.237;7.50734;
0.237;7.50734;
0.237001;7.50735;
0.237001;7.50736;
0.237001;7.50736;
0.237001;7.50737;
0.237002;7.50738;
0.237002;7.50739;
0.237003;7.50742;
0.237006;7.50749;
0.237011;7.50762;
0.237021;7.50787;
0.237041;7.50837;
0.237061;7.50887;
0.237081;7.50937;
0.237097;7.50977;
0.237114;7.51018;
0.237133;7.51066;
0.237153;7.51116;
0.237173;7.51166;
0.237193;7.51216;
0.237213;7.51265;
0.237233;7.51315;
0.237253;7.51365;
0.237273;7.51415;
0.237293;7.51465;
0.237313;7.51515;
0.237333;7.51564;
0.237353;7.51614;
0.237373;7.51664;
0.237393;7.51714;
0.237413;7.51764;
0.237433;7.51813;
0.237453;7.51863;
0.237473;7.51913;
0.237493;7.51963;
0.237501;7.51982;
0.237501;7.51982;
0.237501;7.51983;
0.237502;7.51984;
0.237502;7.51984;
0.237502;7.51985;
0.237502;7.51985;
0.237503;7.51986;
0.237503;7.51987;
0.237504;7.51991;
0.237507;7.51997;
0.237512;7.5201;
0.237522;7.52035;
0.237542;7.52085;
0.237562;7.52135;
0.237582;7.52184;
0.237602;7.52234;
0.237622;7.52284;
0.237642;7.52334;
0.237662;7.52383;
0.237682;7.52433;
0.237702;7.52483;
0.237722;7.52533;
0.237742;7.52582;
0.237762;7.52632;
0.237782;7.52682;
0.237802;7.52732;
0.237822;7.52781;
0.237842;7.52831;
0.237862;7.52881;
0.237882;7.52931;
0.237902;7.5298;
0.237922;7.5303;
0.237942;7.5308;
0.237962;7.53129;
0.237982;7.53179;
0.238;7.53223;
0.238;7.53223;
0.238;7.53224;
0.238001;7.53225;
0.238001;7.53225;
0.238001;7.53226;
0.238001;7.53226;
0.238002;7.53227;
0.238002;7.53228;
0.238003;7.53232;
0.238006;7.53238;
0.238011;7.53251;
0.238021;7.53276;
0.238037;7.53315;
0.238055;7.53359;
0.238075;7.53409;
0.238095;7.53458;
0.238115;7.53508;
0.238135;7.53558;
0.238155;7.53607;
0.238175;7.53657;
0.238195;7.53707;
0.238215;7.53756;
0.238235;7.53806;
0.238255;7.53856;
0.238275;7.53905;
0.238295;7.53955;
0.238315;7.54005;
0.238335;7.54054;
0.238355;7.54104;
0.238375;7.54153;
0.238395;7.54203;
0.238415;7.54253;
0.238435;7.54302;
0.238455;7.54352;
0.238475;7.54402;
0.238495;7.54451;
0.238501;7.54467;
0.238501;7.54467;
0.238501;7.54468;
0.238502;7.54469;
0.238502;7.54469;
0.238502;7.54469;
0.238502;7.5447;
0.238503;7.54471;
0.238503;7.54472;
0.238504;7.54475;
0.238507;7.54482;
0.238512;7.54495;
0.238522;7.5452;
0.238542;7.5457;
0.238562;7.54619;
0.238582;7.54669;
0.238602;7.54718;
0.238622;7.54768;
0.238642;7.54818;
0.238662;7.54867;
0.238682;7.54917;
0.238702;7.54966;
0.238722;7.55016;
0.238742;7.55065;
0.238762;7.55115;
0.238782;7.55165;
0.238802;7.55214;
0.238822;7.55264;
0.238842;7.55313;
0.238862;7.55363;
0.238882;7.55412;
0.238902;7.55462;
0.238922;7.55511;
0.238942;7.55561;
0.238962;7.55611;
0.238982;7.5566;
0.239;7.55704;
0.239;7.55704;
0.239;7.55704;
0.239001;7.55705;
0.239001;7.55706;
0.239001;7.55706;
0.239001;7.55707;
0.239002;7.55708;
0.239002;7.55709;
0.239003;7.55712;
0.239006;7.55719;
0.239011;7.55731;
0.239021;7.55757;
0.239034;7.55788;
0.239045;7.55816;
0.239056;7.55841;
0.239067;7.55869;
0.239083;7.55908;
0.239098;7.55943;
0.239114;7.55982;
0.239134;7.5603;
0.239154;7.56079;
0.239174;7.56128;
0.239194;7.56176;
0.239214;7.56225;
0.239234;7.56274;
0.239254;7.56322;
0.239274;7.56371;
0.239294;7.5642;
0.239314;7.56468;
0.239334;7.56517;
0.239354;7.56565;
0.239374;7.56614;
0.239394;7.56663;
0.239414;7.56711;
0.239434;7.5676;
0.239454;7.56809;
0.239474;7.56857;
0.239494;7.56906;
0.239501;7.56924;
0.239501;7.56924;
0.239501;7.56925;
0.239502;7.56926;
0.239502;7.56926;
0.239502;7.56926;
0.239502;7.56927;
0.239503;7.56928;
0.239503;7.56929;
0.239504;7.56932;
0.239507;7.56939;
0.239512;7.56951;
0.239522;7.56976;
0.239542;7.57024;
0.239562;7.57073;
0.239582;7.57122;
0.239602;7.5717;
0.239622;7.57219;
0.239642;7.57268;
0.239662;7.57316;
0.239682;7.57365;
0.239702;7.57413;
0.239722;7.57462;
0.239742;7.5751;
0.239762;7.57559;
0.239782;7.57608;
0.239802;7.57656;
0.239822;7.57705;
0.239842;7.57753;
0.239862;7.57802;
0.239882;7.5785;
0.239902;7.57899;
0.239922;7.57948;
0.239942;7.57996;
0.239962;7.58045;
0.239982;7.58093;
0.24;7.58136;
0.24;7.58136;
0.24;7.58137;
0.240001;7.58138;
0.240001;7.58138;
0.240001;7.58139;
0.240001;7.58139;
0.240002;7.5814;
0.240002;7.58141;
0.240003;7.58144;
0.240006;7.58151;
0.240011;7.58163;
0.240021;7.58188;
0.240041;7.58236;
0.240061;7.58285;
0.240081;7.58333;
0.240098;7.58375;
0.240116;7.58418;
0.240136;7.58467;
0.240156;7.58515;
0.240176;7.58564;
0.240196;7.58612;
0.240216;7.58661;
0.240236;7.58709;
0.240256;7.58758;
0.240276;7.58806;
0.240296;7.58855;
0.240316;7.58903;
0.240336;7.58952;
0.240356;7.59;
0.240376;7.59049;
0.240396;7.59097;
0.240416;7.59146;
0.240436;7.59194;
0.240456;7.59243;
0.240476;7.59291;
0.240496;7.5934;
0.240501;7.59351;
0.240501;7.59351;
0.240501;7.59352;
0.240502;7.59353;
0.240502;7.59353;
0.240502;7.59353;
0.240502;7.59354;
0.240503;7.59355;
0.240503;7.59356;
0.240504;7.59359;
0.240507;7.59365;
0.240512;7.59378;
0.240522;7.59403;
0.240542;7.59451;
0.240562;7.595;
0.240582;7.59548;
0.240602;7.59597;
0.240622;7.59645;
0.240642;7.59693;
0.240662;7.59742;
0.240682;7.5979;
0.240702;7.59839;
0.240722;7.59887;
0.240742;7.59936;
0.240762;7.59984;
0.240782;7.60032;
0.240802;7.60081;
0.240822;7.60129;
0.240842;7.60178;
0.240862;7.60226;
0.240882;7.60274;
0.240902;7.60323;
0.240922;7.60371;
0.240942;7.6042;
0.240962;7.60468;
0.240982;7.60516;
0.241;7.60559;
0.241;7.60559;
0.241;7.6056;
0.241001;7.60561;
0.241001;7.60561;
0.241001;7.60562;
0.241001;7.60562;
0.241002;7.60563;
0.241002;7.60564;
0.241003;7.60567;
0.241006;7.60574;
0.241011;7.60586;
0.241021;7.60611;
0.241036;7.60647;
0.241052;7.60684;
0.241066;7.6072;
0.241086;7.60768;
0.241104;7.6081;
0.241122;7.60854;
0.241142;7.60902;
0.241162;7.60951;
0.241182;7.60999;
0.241202;7.61048;
0.241222;7.61096;
0.241242;7.61144;
0.241262;7.61193;
0.241282;7.61241;
0.241302;7.61289;
0.241322;7.61338;
0.241342;7.61386;
0.241362;7.61434;
0.241382;7.61483;
0.241402;7.61531;
0.241422;7.61579;
0.241442;7.61628;
0.241462;7.61676;
0.241482;7.61724;
0.241501;7.6177;
0.241501;7.6177;
0.241501;7.61771;
0.241502;7.61772;
0.241502;7.61772;
0.241502;7.61773;
0.241502;7.61773;
0.241503;7.61774;
0.241503;7.61775;
0.241504;7.61778;
0.241507;7.61785;
0.241512;7.61797;
0.241522;7.61822;
0.241542;7.6187;
0.241562;7.61918;
0.241582;7.61967;
0.241602;7.62015;
0.241622;7.62063;
0.241642;7.62112;
0.241662;7.6216;
0.241682;7.62208;
0.241702;7.62256;
0.241722;7.62305;
0.241742;7.62353;
0.241762;7.62401;
0.241782;7.62449;
0.241802;7.62498;
0.241822;7.62546;
0.241842;7.62594;
0.241862;7.62642;
0.241882;7.62691;
0.241902;7.62739;
0.241922;7.62787;
0.241942;7.62835;
0.241962;7.62884;
0.241982;7.62932;
0.242;7.62974;
0.242;7.62975;
0.242;7.62975;
0.242001;7.62976;
0.242001;7.62977;
0.242001;7.62977;
0.242001;7.62977;
0.242002;7.62978;
0.242002;7.6298;
0.242003;7.62983;
0.242006;7.62989;
0.242011;7.63001;
0.242021;7.63026;
0.242028;7.63041;
0.242034;7.63056;
0.242039;7.63067;
0.242045;7.63079;
0.242053;7.63098;
0.24207;7.63137;
0.242084;7.63168;
0.242099;7.632;
0.242115;7.63236;
0.242135;7.63281;
0.242155;7.63326;
0.242175;7.63371;
0.242195;7.63415;
0.242215;7.6346;
0.242235;7.63505;
0.242255;7.6355;
0.242275;7.63595;
0.242295;7.63639;
0.242315;7.63684;
0.242335;7.63729;
0.242355;7.63774;
0.242375;7.63819;
0.242395;7.63863;
0.242415;7.63908;
0.242435;7.63953;
0.242455;7.63998;
0.242475;7.64043;
0.242495;7.64087;
0.242501;7.64101;
0.242501;7.64102;
0.242501;7.64102;
0.242502;7.64103;
0.242502;7.64104;
0.242502;7.64104;
0.242502;7.64104;
0.242503;7.64105;
0.242503;7.64106;
0.242504;7.64109;
0.242507;7.64115;
0.242512;7.64126;
0.242522;7.64149;
0.242542;7.64194;
0.242562;7.64239;
0.242582;7.64284;
0.242602;7.64328;
0.242622;7.64373;
0.242642;7.64418;
0.242662;7.64463;
0.242682;7.64507;
0.242702;7.64552;
0.242722;7.64597;
0.242742;7.64642;
0.242762;7.64686;
0.242782;7.64731;
0.242802;7.64776;
0.242822;7.64821;
0.242842;7.64865;
0.242862;7.6491;
0.242882;7.64955;
0.242902;7.65;
0.242922;7.65044;
0.242942;7.65089;
0.242962;7.65134;
0.242982;7.65179;
0.243;7.65218;
0.243;7.65218;
0.243;7.65219;
0.243001;7.6522;
0.243001;7.6522;
0.243001;7.6522;
0.243001;7.65221;
0.243002;7.65222;
0.243002;7.65223;
0.243003;7.65226;
0.243006;7.65232;
0.243011;7.65243;
0.243021;7.65266;
0.243041;7.65311;
0.243061;7.65355;
0.243081;7.654;
0.243101;7.65445;
0.243121;7.6549;
0.243141;7.65534;
0.243161;7.65579;
0.243181;7.65624;
0.243201;7.65669;
0.243221;7.65713;
0.243241;7.65758;
0.243261;7.65803;
0.243281;7.65847;
0.243301;7.65892;
0.243321;7.65937;
0.243341;7.65982;
0.243361;7.66026;
0.243381;7.66071;
0.243401;7.66116;
0.243421;7.6616;
0.243441;7.66205;
0.243461;7.6625;
0.243481;7.66295;
0.243501;7.66338;
0.243501;7.66339;
0.243501;7.66339;
0.243502;7.6634;
0.243502;7.66341;
0.243502;7.66341;
0.243502;7.66341;
0.243503;7.66342;
0.243503;7.66343;
0.243504;7.66346;
0.243507;7.66352;
0.243512;7.66363;
0.243522;7.66386;
0.243542;7.66431;
0.243562;7.66476;
0.243582;7.6652;
0.243602;7.66565;
0.243622;7.6661;
0.243642;7.66655;
0.243662;7.66699;
0.243682;7.66744;
0.243702;7.66789;
0.243722;7.66833;
0.243742;7.66878;
0.243762;7.66923;
0.243782;7.66967;
0.243802;7.67012;
0.243822;7.67057;
0.243842;7.67101;
0.243862;7.67146;
0.243882;7.67191;
0.243902;7.67235;
0.243922;7.6728;
0.243942;7.67325;
0.243962;7.6737;
0.243982;7.67414;
0.244;7.67453;
0.244;7.67454;
0.244;7.67454;
0.244001;7.67455;
0.244001;7.67456;
0.244001;7.67456;
0.244001;7.67456;
0.244002;7.67457;
0.244002;7.67458;
0.244003;7.67461;
0.244006;7.67467;
0.244011;7.67478;
0.244021;7.67501;
0.244041;7.67546;
0.244061;7.67591;
0.244081;7.67635;
0.244101;7.6768;
0.244121;7.67725;
0.244141;7.67769;
0.244161;7.67814;
0.244181;7.67859;
0.244201;7.67903;
0.244221;7.67948;
0.244241;7.67993;
0.244261;7.68037;
0.244281;7.68082;
0.244301;7.68127;
0.244321;7.68171;
0.244341;7.68216;
0.244361;7.6826;
0.244381;7.68305;
0.244401;7.6835;
0.244421;7.68394;
0.244441;7.68439;
0.244461;7.68484;
0.244481;7.68528;
0.244501;7.68572;
0.244501;7.68572;
0.244501;7.68573;
0.244502;7.68574;
0.244502;7.68574;
0.244502;7.68574;
0.244502;7.68575;
0.244503;7.68576;
0.244503;7.68577;
0.244504;7.6858;
0.244507;7.68586;
0.244512;7.68597;
0.244522;7.6862;
0.244542;7.68664;
0.244562;7.68709;
0.244582;7.68754;
0.244602;7.68798;
0.244622;7.68843;
0.244642;7.68888;
0.244662;7.68932;
0.244682;7.68977;
0.244702;7.69021;
0.244722;7.69066;
0.244742;7.69111;
0.244762;7.69155;
0.244782;7.692;
0.244802;7.69245;
0.244822;7.69289;
0.244842;7.69334;
0.244862;7.69378;
0.244882;7.69423;
0.244902;7.69468;
0.244922;7.69512;
0.244942;7.69557;
0.244962;7.69601;
0.244982;7.69646;
0.245;7.69685;
0.245;7.69685;
0.245;7.69686;
0.245001;7.69687;
0.245001;7.69687;
0.245001;7.69688;
0.245001;7.69688;
0.245002;7.69689;
0.245002;7.6969;
0.245003;7.69693;
0.245006;7.69699;
0.245011;7.6971;
0.245021;7.69733;
0.245041;7.69778;
0.245061;7.69822;
0.245081;7.69867;
0.245101;7.69911;
0.245121;7.69956;
0.245141;7.7;
0.245161;7.70045;
0.245181;7.7009;
0.245201;7.70134;
0.245221;7.70179;
0.245241;7.70223;
0.245261;7.70268;
0.245281;7.70313;
0.245301;7.70357;
0.245321;7.70402;
0.245341;7.70446;
0.245361;7.70491;
0.245381;7.70535;
0.245401;7.7058;
0.245421;7.70624;
0.245441;7.70669;
0.245461;7.70714;
0.245481;7.70758;
0.245501;7.70802;
0.245501;7.70802;
0.245501;7.70802;
0.245502;7.70803;
0.245502;7.70804;
0.245502;7.70804;
0.245502;7.70805;
0.245503;7.70805;
0.245503;7.70807;
0.245504;7.7081;
0.245507;7.70815;
0.245512;7.70827;
0.245522;7.70849;
0.245542;7.70894;
0.245562;7.70939;
0.245582;7.70983;
0.245602;7.71028;
0.245622;7.71072;
0.245642;7.71117;
0.245662;7.71161;
0.245682;7.71206;
0.245702;7.7125;
0.245722;7.71295;
0.245742;7.71339;
0.245762;7.71384;
0.245782;7.71429;
0.245802;7.71473;
0.245822;7.71518;
0.245842;7.71562;
0.245862;7.71607;
0.245882;7.71651;
0.245902;7.71696;
0.245922;7.7174;
0.245942;7.71785;
0.245962;7.71829;
0.245982;7.71874;
0.246;7.71913;
0.246;7.71913;
0.246;7.71914;
0.246001;7.71914;
0.246001;7.71915;
0.246001;7.71915;
0.246001;7.71916;
0.246002;7.71916;
0.246002;7.71918;
0.246003;7.71921;
0.246006;7.71926;
0.246011;7.71938;
0.246021;7.71961;
0.246041;7.72005;
0.246061;7.7205;
0.246081;7.72094;
0.246101;7.72139;
0.246121;7.72183;
0.246141;7.72228;
0.246161;7.72272;
0.246181;7.72317;
0.246201;7.72361;
0.246221;7.72406;
0.246241;7.7245;
0.246261;7.72494;
0.246281;7.72539;
0.246301;7.72583;
0.246321;7.72628;
0.246341;7.72672;
0.246361;7.72717;
0.246381;7.72761;
0.246401;7.72806;
0.246421;7.7285;
0.246441;7.72895;
0.246461;7.72939;
0.246481;7.72984;
0.246501;7.73027;
0.246501;7.73028;
0.246501;7.73028;
0.246502;7.73029;
0.246502;7.7303;
0.246502;7.7303;
0.246502;7.7303;
0.246503;7.73031;
0.246503;7.73032;
0.246504;7.73035;
0.246507;7.73041;
0.246512;7.73052;
0.246522;7.73075;
0.246542;7.73119;
0.246562;7.73164;
0.246582;7.73208;
0.246602;7.73253;
0.246622;7.73297;
0.246642;7.73342;
0.246662;7.73386;
0.246682;7.73431;
0.246702;7.73475;
0.246722;7.73519;
0.246742;7.73564;
0.246762;7.73608;
0.246782;7.73653;
0.246802;7.73697;
0.246822;7.73742;
0.246842;7.73786;
0.246862;7.73831;
0.246882;7.73875;
0.246902;7.73919;
0.246922;7.73964;
0.246942;7.74008;
0.246962;7.74053;
0.246982;7.74097;
0.247;7.74136;
0.247;7.74136;
0.247;7.74137;
0.247001;7.74138;
0.247001;7.74138;
0.247001;7.74139;
0.247001;7.74139;
0.247002;7.7414;
0.247002;7.74141;
0.247003;7.74144;
0.247006;7.7415;
0.247011;7.74161;
0.247021;7.74184;
0.247041;7.74228;
0.247061;7.74273;
0.247081;7.74317;
0.2471;7.74357;
0.24712;7.74402;
0.24714;7.74446;
0.24716;7.74491;
0.24718;7.74535;
0.2472;7.74579;
0.24722;7.74624;
0.24724;7.74668;
0.24726;7.74713;
0.24728;7.74757;
0.2473;7.74801;
0.24732;7.74846;
0.24734;7.7489;
0.24736;7.74935;
0.24738;7.74979;
0.2474;7.75023;
0.24742;7.75068;
0.24744;7.75112;
0.24746;7.75156;
0.24748;7.75201;
0.2475;7.75245;
0.247501;7.75248;
0.247501;7.75249;
0.247501;7.75249;
0.247502;7.7525;
0.247502;7.75251;
0.247502;7.75251;
0.247502;7.75251;
0.247503;7.75252;
0.247503;7.75253;
0.247504;7.75256;
0.247507;7.75262;
0.247512;7.75273;
0.247522;7.75296;
0.247542;7.7534;
0.247562;7.75385;
0.247582;7.75429;
0.247602;7.75473;
0.247622;7.75518;
0.247642;7.75562;
0.247662;7.75606;
0.247682;7.75651;
0.247702;7.75695;
0.247722;7.75739;
0.247742;7.75784;
0.247762;7.75828;
0.247782;7.75872;
0.247802;7.75917;
0.247822;7.75961;
0.247842;7.76005;
0.247862;7.7605;
0.247882;7.76094;
0.247902;7.76138;
0.247922;7.76183;
0.247942;7.76227;
0.247962;7.76271;
0.247982;7.76316;
0.248;7.76355;
0.248;7.76355;
0.248;7.76355;
0.248001;7.76356;
0.248001;7.76357;
0.248001;7.76357;
0.248001;7.76358;
0.248002;7.76358;
0.248002;7.7636;
0.248003;7.76363;
0.248006;7.76368;
0.248011;7.7638;
0.248021;7.76402;
0.248041;7.76447;
0.248061;7.76491;
0.248081;7.76535;
0.248101;7.76579;
0.248121;7.76624;
0.248141;7.76668;
0.248161;7.76712;
0.248181;7.76757;
0.248201;7.76801;
0.248221;7.76845;
0.248241;7.7689;
0.248261;7.76934;
0.248281;7.76978;
0.248301;7.77023;
0.248321;7.77067;
0.248341;7.77111;
0.248361;7.77155;
0.248381;7.772;
0.248401;7.77244;
0.248421;7.77288;
0.248441;7.77333;
0.248461;7.77377;
0.248481;7.77421;
0.248501;7.77464;
0.248501;7.77465;
0.248501;7.77465;
0.248502;7.77466;
0.248502;7.77467;
0.248502;7.77467;
0.248502;7.77467;
0.248503;7.77468;
0.248503;7.77469;
0.248504;7.77472;
0.248507;7.77478;
0.248512;7.77489;
0.248522;7.77512;
0.248542;7.77556;
0.248562;7.776;
0.248582;7.77645;
0.248602;7.77689;
0.248622;7.77733;
0.248642;7.77777;
0.248662;7.77822;
0.248682;7.77866;
0.248702;7.7791;
0.248722;7.77954;
0.248742;7.77999;
0.248762;7.78043;
0.248782;7.78087;
0.248802;7.78131;
0.248822;7.78176;
0.248842;7.7822;
0.248862;7.78264;
0.248882;7.78308;
0.248902;7.78353;
0.248922;7.78397;
0.248942;7.78441;
0.248962;7.78485;
0.248982;7.7853;
0.249;7.78568;
0.249;7.78569;
0.249;7.78569;
0.249001;7.7857;
0.249001;7.78571;
0.249001;7.78571;
0.249001;7.78571;
0.249002;7.78572;
0.249002;7.78573;
0.249003;7.78576;
0.249006;7.78582;
0.249011;7.78593;
0.249021;7.78616;
0.249041;7.7866;
0.249061;7.78704;
0.249081;7.78748;
0.249099;7.78787;
0.249116;7.78826;
0.249136;7.7887;
0.249156;7.78914;
0.249176;7.78958;
0.249196;7.79003;
0.249216;7.79047;
0.249236;7.79091;
0.249256;7.79135;
0.249276;7.79179;
0.249296;7.79224;
0.249316;7.79268;
0.249336;7.79312;
0.249356;7.79356;
0.249376;7.794;
0.249396;7.79444;
0.249416;7.79489;
0.249436;7.79533;
0.249456;7.79577;
0.249476;7.79621;
0.249496;7.79665;
0.249501;7.79676;
0.249501;7.79676;
0.249501;7.79676;
0.249502;7.79677;
0.249502;7.79678;
0.249502;7.79678;
0.249502;7.79678;
0.249503;7.79679;
0.249503;7.7968;
0.249504;7.79683;
0.249507;7.79689;
0.249512;7.797;
0.249522;7.79723;
0.249542;7.79767;
0.249562;7.79811;
0.249582;7.79855;
0.249602;7.79899;
0.249622;7.79944;
0.249642;7.79988;
0.249662;7.80032;
0.249682;7.80076;
0.249702;7.8012;
0.249722;7.80164;
0.249742;7.80208;
0.249762;7.80253;
0.249782;7.80297;
0.249802;7.80341;
0.249822;7.80385;
0.249842;7.80429;
0.249862;7.80473;
0.249882;7.80517;
0.249902;7.80562;
0.249922;7.80606;
0.249942;7.8065;
0.249962;7.80694;
0.249982;7.80738;
0.25;7.80777;
0.25;7.80777;
0.25;7.80777;
0.250001;7.80778;
0.250001;7.80779;
0.250001;7.80779;
0.250001;7.8078;
0.250002;7.8078;
0.250002;7.80782;
0.250003;7.80784;
0.250006;7.8079;
0.250011;7.80801;
0.250021;7.80824;
0.250039;7.80862;
0.250057;7.80903;
0.250077;7.80947;
0.250097;7.80991;
0.250117;7.81036;
0.250137;7.8108;
0.250157;7.81124;
0.250177;7.81168;
0.250197;7.81212;
0.250217;7.81256;
0.250237;7.813;
0.250257;7.81344;
0.250277;7.81388;
0.250297;7.81432;
0.250317;7.81476;
0.250337;7.81521;
0.250357;7.81565;
0.250377;7.81609;
0.250397;7.81653;
0.250417;7.81697;
0.250437;7.81741;
0.250457;7.81785;
0.250477;7.81829;
0.250497;7.81873;
0.250501;7.81881;
0.250501;7.81881;
0.250501;7.81882;
0.250502;7.81883;
0.250502;7.81883;
0.250502;7.81884;
0.250502;7.81884;
0.250503;7.81885;
0.250503;7.81886;
0.250504;7.81889;
0.250507;7.81894;
0.250512;7.81906;
0.250522;7.81928;
0.250542;7.81972;
0.250562;7.82016;
0.250582;7.8206;
0.250602;7.82104;
0.250622;7.82149;
0.250642;7.82193;
0.250662;7.82237;
0.250682;7.82281;
0.250702;7.82325;
0.250722;7.82369;
0.250742;7.82413;
0.250762;7.82457;
0.250782;7.82501;
0.250802;7.82545;
0.250822;7.82589;
0.250842;7.82633;
0.250862;7.82677;
0.250882;7.82721;
0.250902;7.82765;
0.250922;7.82809;
0.250942;7.82853;
0.250962;7.82897;
0.250982;7.82941;
0.251;7.8298;
0.251;7.8298;
0.251;7.8298;
0.251001;7.82981;
0.251001;7.82982;
0.251001;7.82982;
0.251001;7.82982;
0.251002;7.82983;
0.251002;7.82984;
0.251003;7.82987;
0.251006;7.82993;
0.251011;7.83004;
0.251021;7.83027;
0.251037;7.83061;
0.25105;7.83089;
0.251062;7.83115;
0.251078;7.8315;
0.251096;7.8319;
0.25111;7.83221;
0.251125;7.83254;
0.251141;7.8329;
0.251161;7.83334;
0.251181;7.83378;
0.251201;7.83422;
0.251221;7.83466;
0.251241;7.8351;
0.251261;7.83554;
0.251281;7.83598;
0.251301;7.83642;
0.251321;7.83686;
0.251341;7.8373;
0.251361;7.83774;
0.251381;7.83818;
0.251401;7.83862;
0.251421;7.83906;
0.251441;7.8395;
0.251461;7.83993;
0.251481;7.84037;
0.251501;7.84081;
0.251501;7.84081;
0.251501;7.84082;
0.251502;7.84083;
0.251502;7.84083;
0.251502;7.84083;
0.251502;7.84084;
0.251503;7.84084;
0.251503;7.84086;
0.251504;7.84089;
0.251507;7.84094;
0.251512;7.84106;
0.251522;7.84128;
0.251542;7.84172;
0.251562;7.84216;
0.251582;7.8426;
0.251602;7.84304;
0.251622;7.84348;
0.251642;7.84392;
0.251662;7.84436;
0.251682;7.84479;
0.251702;7.84523;
0.251722;7.84567;
0.251742;7.84611;
0.251762;7.84655;
0.251782;7.84699;
0.251802;7.84743;
0.251822;7.84787;
0.251842;7.84831;
0.251862;7.84875;
0.251882;7.84919;
0.251902;7.84962;
0.251922;7.85006;
0.251942;7.8505;
0.251962;7.85094;
0.251982;7.85138;
0.252;7.85177;
0.252;7.85177;
0.252;7.85177;
0.252001;7.85178;
0.252001;7.85179;
0.252001;7.85179;
0.252001;7.85179;
0.252002;7.8518;
0.252002;7.85181;
0.252003;7.85184;
0.252006;7.8519;
0.252011;7.85201;
0.252021;7.85223;
0.252027;7.85236;
0.252032;7.85247;
0.252038;7.85257;
0.252043;7.85268;
0.252052;7.85287;
0.252071;7.85324;
0.252085;7.85353;
0.252099;7.85382;
0.252116;7.85416;
0.252136;7.85456;
0.252156;7.85497;
0.252176;7.85538;
0.252196;7.85578;
0.252216;7.85619;
0.252236;7.85659;
0.252256;7.857;
0.252276;7.8574;
0.252296;7.85781;
0.252316;7.85822;
0.252336;7.85862;
0.252356;7.85903;
0.252376;7.85943;
0.252396;7.85984;
0.252416;7.86025;
0.252436;7.86065;
0.252456;7.86106;
0.252476;7.86146;
0.252496;7.86187;
0.252501;7.86198;
0.252501;7.86198;
0.252501;7.86198;
0.252502;7.86199;
0.252502;7.862;
0.252502;7.862;
0.252502;7.862;
0.252503;7.86201;
0.252503;7.86202;
0.252504;7.86205;
0.252507;7.8621;
0.252512;7.8622;
0.252522;7.86241;
0.252542;7.86282;
0.252562;7.86322;
0.252582;7.86363;
0.252602;7.86403;
0.252622;7.86444;
0.252642;7.86484;
0.252662;7.86525;
0.252682;7.86566;
0.252702;7.86606;
0.252722;7.86647;
0.252742;7.86687;
0.252762;7.86728;
0.252782;7.86768;
0.252802;7.86809;
0.252822;7.8685;
0.252842;7.8689;
0.252862;7.86931;
0.252882;7.86971;
0.252902;7.87012;
0.252922;7.87053;
0.252942;7.87093;
0.252962;7.87134;
0.252982;7.87174;
0.253;7.8721;
0.253;7.8721;
0.253;7.87211;
0.253001;7.87211;
0.253001;7.87212;
0.253001;7.87212;
0.253001;7.87212;
0.253002;7.87213;
0.253002;7.87214;
0.253003;7.87217;
0.253006;7.87222;
0.253011;7.87233;
0.253021;7.87253;
0.253041;7.87294;
0.253061;7.87334;
0.253081;7.87375;
0.253101;7.87416;
0.253121;7.87456;
0.253141;7.87497;
0.253161;7.87537;
0.253181;7.87578;
0.253201;7.87618;
0.253221;7.87659;
0.253241;7.877;
0.253261;7.8774;
0.253281;7.87781;
0.253301;7.87821;
0.253321;7.87862;
0.253341;7.87902;
0.253361;7.87943;
0.253381;7.87983;
0.253401;7.88024;
0.253421;7.88065;
0.253441;7.88105;
0.253461;7.88146;
0.253481;7.88186;
0.253501;7.88226;
0.253501;7.88226;
0.253501;7.88227;
0.253502;7.88227;
0.253502;7.88228;
0.253502;7.88228;
0.253502;7.88228;
0.253503;7.88229;
0.253503;7.8823;
0.253504;7.88233;
0.253507;7.88238;
0.253512;7.88249;
0.253522;7.88269;
0.253542;7.8831;
0.253562;7.8835;
0.253582;7.88391;
0.253602;7.88432;
0.253622;7.88472;
0.253642;7.88513;
0.253662;7.88553;
0.253682;7.88594;
0.253702;7.88634;
0.253722;7.88675;
0.253742;7.88715;
0.253762;7.88756;
0.253782;7.88796;
0.253802;7.88837;
0.253822;7.88878;
0.253842;7.88918;
0.253862;7.88959;
0.253882;7.88999;
0.253902;7.8904;
0.253922;7.8908;
0.253942;7.89121;
0.253962;7.89161;
0.253982;7.89202;
0.254;7.89238;
0.254;7.89238;
0.254;7.89238;
0.254001;7.89239;
0.254001;7.8924;
0.254001;7.8924;
0.254001;7.8924;
0.254002;7.89241;
0.254002;7.89242;
0.254003;7.89245;
0.254006;7.8925;
0.254011;7.8926;
0.254021;7.89281;
0.254041;7.89321;
0.254061;7.89362;
0.25408;7.89401;
0.2541;7.89441;
0.25412;7.89482;
0.25414;7.89522;
0.25416;7.89563;
0.25418;7.89603;
0.2542;7.89644;
0.25422;7.89684;
0.25424;7.89725;
0.25426;7.89765;
0.25428;7.89806;
0.2543;7.89846;
0.25432;7.89887;
0.25434;7.89927;
0.25436;7.89968;
0.25438;7.90008;
0.2544;7.90049;
0.25442;7.90089;
0.25444;7.9013;
0.25446;7.9017;
0.25448;7.90211;
0.2545;7.90252;
0.254501;7.90253;
0.254501;7.90253;
0.254501;7.90253;
0.254502;7.90254;
0.254502;7.90255;
0.254502;7.90255;
0.254502;7.90255;
0.254503;7.90256;
0.254503;7.90257;
0.254504;7.9026;
0.254507;7.90265;
0.254512;7.90275;
0.254522;7.90296;
0.254542;7.90337;
0.254562;7.90377;
0.254582;7.90418;
0.254602;7.90458;
0.254622;7.90499;
0.254642;7.90539;
0.254662;7.9058;
0.254682;7.9062;
0.254702;7.90661;
0.254722;7.90701;
0.254742;7.90742;
0.254762;7.90782;
0.254782;7.90823;
0.254802;7.90863;
0.254822;7.90904;
0.254842;7.90944;
0.254862;7.90985;
0.254882;7.91025;
0.254902;7.91066;
0.254922;7.91106;
0.254942;7.91147;
0.254962;7.91187;
0.254982;7.91228;
0.255;7.91263;
0.255;7.91263;
0.255;7.91264;
0.255001;7.91265;
0.255001;7.91265;
0.255001;7.91265;
0.255001;7.91266;
0.255002;7.91266;
0.255002;7.91268;
0.255003;7.9127;
0.255006;7.91276;
0.255011;7.91286;
0.255021;7.91307;
0.255041;7.91347;
0.255061;7.91388;
0.255081;7.91428;
0.255101;7.91469;
0.255121;7.91509;
0.255141;7.9155;
0.255161;7.9159;
0.255181;7.91631;
0.255201;7.91671;
0.255221;7.91711;
0.255241;7.91752;
0.255261;7.91792;
0.255281;7.91833;
0.255301;7.91873;
0.255321;7.91914;
0.255341;7.91954;
0.255361;7.91995;
0.255381;7.92035;
0.255401;7.92076;
0.255421;7.92116;
0.255441;7.92157;
0.255461;7.92197;
0.255481;7.92238;
0.255501;7.92277;
0.255501;7.92278;
0.255501;7.92278;
0.255502;7.92279;
0.255502;7.92279;
0.255502;7.9228;
0.255502;7.9228;
0.255503;7.92281;
0.255503;7.92282;
0.255504;7.92284;
0.255507;7.9229;
0.255512;7.923;
0.255522;7.92321;
0.255542;7.92361;
0.255562;7.92402;
0.255582;7.92442;
0.255602;7.92483;
0.255622;7.92523;
0.255642;7.92563;
0.255662;7.92604;
0.255682;7.92644;
0.255702;7.92685;
0.255722;7.92725;
0.255742;7.92766;
0.255762;7.92806;
0.255782;7.92847;
0.255802;7.92887;
0.255822;7.92928;
0.255842;7.92968;
0.255862;7.93009;
0.255882;7.93049;
0.255902;7.93089;
0.255922;7.9313;
0.255942;7.9317;
0.255962;7.93211;
0.255982;7.93251;
0.256;7.93287;
0.256;7.93287;
0.256;7.93287;
0.256001;7.93288;
0.256001;7.93289;
0.256001;7.93289;
0.256001;7.93289;
0.256002;7.9329;
0.256002;7.93291;
0.256003;7.93294;
0.256006;7.93299;
0.256011;7.93309;
0.256021;7.9333;
0.256041;7.93371;
0.256061;7.93411;
0.256081;7.93451;
0.2561;7.9349;
0.25612;7.9353;
0.25614;7.93571;
0.25616;7.93611;
0.25618;7.93652;
0.2562;7.93692;
0.25622;7.93733;
0.25624;7.93773;
0.25626;7.93814;
0.25628;7.93854;
0.2563;7.93894;
0.25632;7.93935;
0.25634;7.93975;
0.25636;7.94016;
0.25638;7.94056;
0.2564;7.94097;
0.25642;7.94137;
0.25644;7.94177;
0.25646;7.94218;
0.25648;7.94258;
0.2565;7.94299;
0.256501;7.943;
0.256501;7.943;
0.256501;7.943;
0.256502;7.94301;
0.256502;7.94302;
0.256502;7.94302;
0.256502;7.94302;
0.256503;7.94303;
0.256503;7.94304;
0.256504;7.94307;
0.256507;7.94312;
0.256512;7.94322;
0.256522;7.94343;
0.256542;7.94383;
0.256562;7.94424;
0.256582;7.94464;
0.256602;7.94505;
0.256622;7.94545;
0.256642;7.94585;
0.256662;7.94626;
0.256682;7.94666;
0.256702;7.94707;
0.256722;7.94747;
0.256742;7.94787;
0.256762;7.94828;
0.256782;7.94868;
0.256802;7.94909;
0.256822;7.94949;
0.256842;7.94989;
0.256862;7.9503;
0.256882;7.9507;
0.256902;7.95111;
0.256922;7.95151;
0.256942;7.95191;
0.256962;7.95232;
0.256982;7.95272;
0.257;7.95308;
0.257;7.95308;
0.257;7.95308;
0.257001;7.95309;
0.257001;7.9531;
0.257001;7.9531;
0.257001;7.9531;
0.257002;7.95311;
0.257002;7.95312;
0.257003;7.95315;
0.257006;7.9532;
0.257011;7.9533;
0.257021;7.95351;
0.257041;7.95391;
0.257061;7.95432;
0.257081;7.95472;
0.257101;7.95513;
0.257121;7.95553;
0.257141;7.95593;
0.257161;7.95634;
0.257181;7.95674;
0.257201;7.95714;
0.257221;7.95755;
0.257241;7.95795;
0.257261;7.95836;
0.257281;7.95876;
0.257301;7.95916;
0.257321;7.95957;
0.257341;7.95997;
0.257361;7.96037;
0.257381;7.96078;
0.257401;7.96118;
0.257421;7.96159;
0.257441;7.96199;
0.257461;7.96239;
0.257481;7.9628;
0.257501;7.96319;
0.257501;7.96319;
0.257501;7.9632;
0.257502;7.96321;
0.257502;7.96321;
0.257502;7.96321;
0.257502;7.96322;
0.257503;7.96322;
0.257503;7.96324;
0.257504;7.96326;
0.257507;7.96331;
0.257512;7.96342;
0.257522;7.96362;
0.257542;7.96403;
0.257562;7.96443;
0.257582;7.96484;
0.257602;7.96524;
0.257622;7.96564;
0.257642;7.96605;
0.257662;7.96645;
0.257682;7.96685;
0.257702;7.96726;
0.257722;7.96766;
0.257742;7.96806;
0.257762;7.96847;
0.257782;7.96887;
0.257802;7.96927;
0.257822;7.96968;
0.257842;7.97008;
0.257862;7.97048;
0.257882;7.97089;
0.257902;7.97129;
0.257922;7.97169;
0.257942;7.9721;
0.257962;7.9725;
0.257982;7.9729;
0.258;7.97326;
0.258;7.97326;
0.258;7.97327;
0.258001;7.97327;
0.258001;7.97328;
0.258001;7.97328;
0.258001;7.97328;
0.258002;7.97329;
0.258002;7.9733;
0.258003;7.97333;
0.258006;7.97338;
0.258011;7.97348;
0.258021;7.97369;
0.258041;7.97409;
0.258061;7.9745;
0.258081;7.9749;
0.258101;7.9753;
0.258121;7.97571;
0.258141;7.97611;
0.258161;7.97651;
0.258181;7.97692;
0.258201;7.97732;
0.258221;7.97772;
0.258241;7.97813;
0.258261;7.97853;
0.258281;7.97893;
0.258301;7.97934;
0.258321;7.97974;
0.258341;7.98014;
0.258361;7.98054;
0.258381;7.98095;
0.258401;7.98135;
0.258421;7.98175;
0.258441;7.98216;
0.258461;7.98256;
0.258481;7.98296;
0.258501;7.98336;
0.258501;7.98336;
0.258501;7.98336;
0.258502;7.98337;
0.258502;7.98338;
0.258502;7.98338;
0.258502;7.98338;
0.258503;7.98339;
0.258503;7.9834;
0.258504;7.98343;
0.258507;7.98348;
0.258512;7.98358;
0.258522;7.98379;
0.258542;7.98419;
0.258562;7.9846;
0.258582;7.985;
0.258602;7.9854;
0.258622;7.9858;
0.258642;7.98621;
0.258662;7.98661;
0.258682;7.98701;
0.258702;7.98742;
0.258722;7.98782;
0.258742;7.98822;
0.258762;7.98862;
0.258782;7.98903;
0.258802;7.98943;
0.258822;7.98983;
0.258842;7.99023;
0.258862;7.99064;
0.258882;7.99104;
0.258902;7.99144;
0.258922;7.99185;
0.258942;7.99225;
0.258962;7.99265;
0.258982;7.99305;
0.259;7.99341;
0.259;7.99341;
0.259;7.99341;
0.259001;7.99342;
0.259001;7.99343;
0.259001;7.99343;
0.259001;7.99343;
0.259002;7.99344;
0.259002;7.99345;
0.259003;7.99348;
0.259006;7.99353;
0.259011;7.99363;
0.259021;7.99384;
0.259041;7.99424;
0.259061;7.99464;
0.259081;7.99505;
0.259098;7.99538;
0.259116;7.99574;
0.259136;7.99614;
0.259156;7.99654;
0.259176;7.99694;
0.259196;7.99735;
0.259216;7.99775;
0.259236;7.99815;
0.259256;7.99855;
0.259276;7.99896;
0.259296;7.99936;
0.259316;7.99976;
0.259336;8.00016;
0.259356;8.00057;
0.259376;8.00097;
0.259396;8.00137;
0.259416;8.00177;
0.259436;8.00217;
0.259456;8.00258;
0.259476;8.00298;
0.259496;8.00338;
0.259501;8.00349;
0.259501;8.00349;
0.259501;8.0035;
0.259502;8.0035;
0.259502;8.00351;
0.259502;8.00351;
0.259502;8.00351;
0.259503;8.00352;
0.259503;8.00353;
0.259504;8.00356;
0.259507;8.00361;
0.259512;8.00371;
0.259522;8.00392;
0.259542;8.00432;
0.259562;8.00472;
0.259582;8.00513;
0.259602;8.00553;
0.259622;8.00593;
0.259642;8.00633;
0.259662;8.00674;
0.259682;8.00714;
0.259702;8.00754;
0.259722;8.00794;
0.259742;8.00834;
0.259762;8.00875;
0.259782;8.00915;
0.259802;8.00955;
0.259822;8.00995;
0.259842;8.01035;
0.259862;8.01076;
0.259882;8.01116;
0.259902;8.01156;
0.259922;8.01196;
0.259942;8.01236;
0.259962;8.01277;
0.259982;8.01317;
0.26;8.01352;
0.26;8.01352;
0.26;8.01353;
0.260001;8.01354;
0.260001;8.01354;
0.260001;8.01354;
0.260001;8.01355;
0.260002;8.01355;
0.260002;8.01357;
0.260003;8.01359;
0.260006;8.01364;
0.260011;8.01375;
0.260021;8.01395;
0.260036;8.01425;
0.260052;8.01456;
0.260067;8.01487;
0.260087;8.01528;
0.260104;8.01561;
0.260121;8.01596;
0.260141;8.01636;
0.260161;8.01676;
0.260181;8.01716;
0.260201;8.01756;
0.260221;8.01797;
0.260241;8.01837;
0.260261;8.01877;
0.260281;8.01917;
0.260301;8.01957;
0.260321;8.01997;
0.260341;8.02038;
0.260361;8.02078;
0.260381;8.02118;
0.260401;8.02158;
0.260421;8.02198;
0.260441;8.02238;
0.260461;8.02279;
0.260481;8.02319;
0.260501;8.02359;
0.260501;8.02359;
0.260501;8.02359;
0.260502;8.0236;
0.260502;8.02361;
0.260502;8.02361;
0.260502;8.02361;
0.260503;8.02362;
0.260503;8.02363;
0.260504;8.02366;
0.260507;8.02371;
0.260512;8.02381;
0.260522;8.02402;
0.260542;8.02442;
0.260562;8.02482;
0.260582;8.02522;
0.260602;8.02562;
0.260622;8.02602;
0.260642;8.02642;
0.260662;8.02683;
0.260682;8.02723;
0.260702;8.02763;
0.260722;8.02803;
0.260742;8.02843;
0.260762;8.02883;
0.260782;8.02923;
0.260802;8.02964;
0.260822;8.03004;
0.260842;8.03044;
0.260862;8.03084;
0.260882;8.03124;
0.260902;8.03164;
0.260922;8.03204;
0.260942;8.03244;
0.260962;8.03284;
0.260982;8.03325;
0.261;8.0336;
0.261;8.0336;
0.261;8.03361;
0.261001;8.03361;
0.261001;8.03362;
0.261001;8.03362;
0.261001;8.03362;
0.261002;8.03363;
0.261002;8.03364;
0.261003;8.03367;
0.261006;8.03372;
0.261011;8.03382;
0.261021;8.03403;
0.261029;8.03418;
0.261036;8.03432;
0.261043;8.03444;
0.261049;8.03455;
0.26106;8.03476;
0.261076;8.03507;
0.261094;8.03539;
0.261111;8.03571;
0.261128;8.03603;
0.261148;8.03641;
0.261168;8.03678;
0.261188;8.03715;
0.261208;8.03752;
0.261228;8.0379;
0.261248;8.03827;
0.261268;8.03864;
0.261288;8.03902;
0.261308;8.03939;
0.261328;8.03976;
0.261348;8.04014;
0.261368;8.04051;
0.261388;8.04088;
0.261408;8.04125;
0.261428;8.04163;
0.261448;8.042;
0.261468;8.04237;
0.261488;8.04275;
0.261501;8.04299;
0.261501;8.04299;
0.261501;8.04299;
0.261502;8.043;
0.261502;8.043;
0.261502;8.04301;
0.261502;8.04301;
0.261503;8.04301;
0.261503;8.04303;
0.261504;8.04305;
0.261507;8.0431;
0.261512;8.04319;
0.261522;8.04338;
0.261542;8.04376;
0.261562;8.04413;
0.261582;8.0445;
0.261602;8.04488;
0.261622;8.04525;
0.261642;8.04562;
0.261662;8.046;
0.261682;8.04637;
0.261702;8.04674;
0.261722;8.04711;
0.261742;8.04749;
0.261762;8.04786;
0.261782;8.04823;
0.261802;8.04861;
0.261822;8.04898;
0.261842;8.04935;
0.261862;8.04973;
0.261882;8.0501;
0.261902;8.05047;
0.261922;8.05084;
0.261942;8.05122;
0.261962;8.05159;
0.261982;8.05196;
0.262;8.05229;
0.262;8.05229;
0.262;8.0523;
0.262001;8.0523;
0.262001;8.05231;
0.262001;8.05231;
0.262001;8.05232;
0.262002;8.05232;
0.262002;8.05233;
0.262003;8.05236;
0.262006;8.0524;
0.262011;8.0525;
0.262021;8.05269;
0.262041;8.05306;
0.262061;8.05344;
0.262081;8.0538;
0.262101;8.05417;
0.262121;8.05455;
0.262141;8.05492;
0.262161;8.05529;
0.262181;8.05567;
0.262201;8.05604;
0.262221;8.05641;
0.262241;8.05679;
0.262261;8.05716;
0.262281;8.05753;
0.262301;8.0579;
0.262321;8.05828;
0.262341;8.05865;
0.262361;8.05902;
0.262381;8.0594;
0.262401;8.05977;
0.262421;8.06014;
0.262441;8.06052;
0.262461;8.06089;
0.262481;8.06126;
0.262501;8.06163;
0.262501;8.06164;
0.262501;8.06164;
0.262501;8.06164;
0.262502;8.06165;
0.262502;8.06165;
0.262502;8.06166;
0.262502;8.06166;
0.262503;8.06166;
0.262503;8.06168;
0.262504;8.0617;
0.262507;8.06175;
0.262512;8.06184;
0.262522;8.06203;
0.262542;8.06241;
0.262562;8.06278;
0.262582;8.06315;
0.262602;8.06353;
0.262622;8.0639;
0.262642;8.06427;
0.262662;8.06464;
0.262682;8.06502;
0.262702;8.06539;
0.262722;8.06576;
0.262742;8.06614;
0.262762;8.06651;
0.262782;8.06688;
0.262802;8.06726;
0.262822;8.06763;
0.262842;8.068;
0.262862;8.06837;
0.262882;8.06875;
0.262902;8.06912;
0.262922;8.06949;
0.262942;8.06987;
0.262962;8.07024;
0.262982;8.07061;
0.263;8.07094;
0.263;8.07094;
0.263;8.07095;
0.263001;8.07095;
0.263001;8.07096;
0.263001;8.07096;
0.263001;8.07096;
0.263002;8.07097;
0.263002;8.07098;
0.263003;8.07101;
0.263006;8.07105;
0.263011;8.07115;
0.263021;8.07134;
0.263041;8.07171;
0.263061;8.07208;
0.263081;8.07246;
0.263101;8.07283;
0.263121;8.0732;
0.263141;8.07358;
0.263161;8.07395;
0.263181;8.07432;
0.263201;8.0747;
0.263221;8.07507;
0.263241;8.07544;
0.263261;8.07581;
0.263281;8.07619;
0.263301;8.07656;
0.263321;8.07693;
0.263341;8.07731;
0.263361;8.07768;
0.263381;8.07805;
0.263401;8.07842;
0.263421;8.0788;
0.263441;8.07917;
0.263461;8.07954;
0.263481;8.07992;
0.263501;8.08028;
0.263501;8.08028;
0.263501;8.08029;
0.263502;8.08029;
0.263502;8.0803;
0.263502;8.0803;
0.263502;8.0803;
0.263503;8.08031;
0.263503;8.08032;
0.263504;8.08035;
0.263507;8.08039;
0.263512;8.08049;
0.263522;8.08068;
0.263542;8.08105;
0.263562;8.08143;
0.263582;8.0818;
0.263602;8.08217;
0.263622;8.08254;
0.263642;8.08292;
0.263662;8.08329;
0.263682;8.08366;
0.263702;8.08404;
0.263722;8.08441;
0.263742;8.08478;
0.263762;8.08515;
0.263782;8.08553;
0.263802;8.0859;
0.263822;8.08627;
0.263842;8.08665;
0.263862;8.08702;
0.263882;8.08739;
0.263902;8.08776;
0.263922;8.08814;
0.263942;8.08851;
0.263962;8.08888;
0.263982;8.08925;
0.264;8.08958;
0.264;8.08958;
0.264;8.08959;
0.264001;8.0896;
0.264001;8.0896;
0.264001;8.0896;
0.264001;8.08961;
0.264002;8.08961;
0.264002;8.08962;
0.264003;8.08965;
0.264006;8.0897;
0.264011;8.08979;
0.264021;8.08998;
0.264041;8.09035;
0.264061;8.09073;
0.264081;8.0911;
0.264101;8.09147;
0.264121;8.09184;
0.264141;8.09221;
0.264161;8.09259;
0.264181;8.09296;
0.264201;8.09333;
0.264221;8.09371;
0.264241;8.09408;
0.264261;8.09445;
0.264281;8.09482;
0.264301;8.0952;
0.264321;8.09557;
0.264341;8.09594;
0.264361;8.09631;
0.264381;8.09669;
0.264401;8.09706;
0.264421;8.09743;
0.264441;8.09781;
0.264461;8.09818;
0.264481;8.09855;
0.264501;8.09892;
0.264501;8.09892;
0.264501;8.09892;
0.264502;8.09893;
0.264502;8.09894;
0.264502;8.09894;
0.264502;8.09894;
0.264503;8.09895;
0.264503;8.09896;
0.264504;8.09898;
0.264507;8.09903;
0.264512;8.09913;
0.264522;8.09932;
0.264542;8.09969;
0.264562;8.10006;
0.264582;8.10044;
0.264602;8.10081;
0.264622;8.10118;
0.264642;8.10155;
0.264662;8.10193;
0.264682;8.1023;
0.264702;8.10267;
0.264722;8.10304;
0.264742;8.10342;
0.264762;8.10379;
0.264782;8.10416;
0.264802;8.10453;
0.264822;8.10491;
0.264842;8.10528;
0.264862;8.10565;
0.264882;8.10603;
0.264902;8.1064;
0.264922;8.10677;
0.264942;8.10714;
0.264962;8.10752;
0.264982;8.10789;
0.265;8.10822;
0.265;8.10822;
0.265;8.10822;
0.265001;8.10823;
0.265001;8.10823;
0.265001;8.10824;
0.265001;8.10824;
0.265002;8.10824;
0.265002;8.10826;
0.265003;8.10828;
0.265006;8.10833;
0.265011;8.10842;
0.265021;8.10861;
0.265041;8.10899;
0.265061;8.10936;
0.265081;8.10973;
0.265101;8.1101;
0.265121;8.11048;
0.265141;8.11085;
0.265161;8.11122;
0.265181;8.11159;
0.265201;8.11197;
0.265221;8.11234;
0.265241;8.11271;
0.265261;8.11308;
0.265281;8.11346;
0.265301;8.11383;
0.265321;8.1142;
0.265341;8.11457;
0.265361;8.11495;
0.265381;8.11532;
0.265401;8.11569;
0.265421;8.11606;
0.265441;8.11644;
0.265461;8.11681;
0.265481;8.11718;
0.265501;8.11755;
0.265501;8.11755;
0.265501;8.11755;
0.265502;8.11756;
0.265502;8.11756;
0.265502;8.11757;
0.265502;8.11757;
0.265503;8.11758;
0.265503;8.11759;
0.265504;8.11761;
0.265507;8.11766;
0.265512;8.11775;
0.265522;8.11794;
0.265542;8.11832;
0.265562;8.11869;
0.265582;8.11906;
0.265602;8.11943;
0.265622;8.11981;
0.265642;8.12018;
0.265662;8.12055;
0.265682;8.12092;
0.265702;8.1213;
0.265722;8.12167;
0.265742;8.12204;
0.265762;8.12241;
0.265782;8.12279;
0.265802;8.12316;
0.265822;8.12353;
0.265842;8.1239;
0.265862;8.12427;
0.265882;8.12465;
0.265902;8.12502;
0.265922;8.12539;
0.265942;8.12576;
0.265962;8.12614;
0.265982;8.12651;
0.266;8.12684;
0.266;8.12684;
0.266;8.12684;
0.266001;8.12685;
0.266001;8.12685;
0.266001;8.12686;
0.266001;8.12686;
0.266002;8.12687;
0.266002;8.12688;
0.266003;8.1269;
0.266006;8.12695;
0.266011;8.12704;
0.266021;8.12723;
0.266041;8.12761;
0.266061;8.12798;
0.266081;8.12835;
0.266101;8.12872;
0.266121;8.1291;
0.266141;8.12947;
0.266161;8.12984;
0.266181;8.13021;
0.266201;8.13058;
0.266221;8.13096;
0.266241;8.13133;
0.266261;8.1317;
0.266281;8.13207;
0.266301;8.13245;
0.266321;8.13282;
0.266341;8.13319;
0.266361;8.13356;
0.266381;8.13393;
0.266401;8.13431;
0.266421;8.13468;
0.266441;8.13505;
0.266461;8.13542;
0.266481;8.13579;
0.266501;8.13616;
0.266501;8.13616;
0.266501;8.13616;
0.266502;8.13617;
0.266502;8.13618;
0.266502;8.13618;
0.266502;8.13618;
0.266503;8.13619;
0.266503;8.1362;
0.266504;8.13622;
0.266507;8.13627;
0.266512;8.13637;
0.266522;8.13656;
0.266542;8.13693;
0.266562;8.1373;
0.266582;8.13767;
0.266602;8.13805;
0.266622;8.13842;
0.266642;8.13879;
0.266662;8.13916;
0.266682;8.13953;
0.266702;8.13991;
0.266722;8.14028;
0.266742;8.14065;
0.266762;8.14102;
0.266782;8.14139;
0.266802;8.14177;
0.266822;8.14214;
0.266842;8.14251;
0.266862;8.14288;
0.266882;8.14325;
0.266902;8.14363;
0.266922;8.144;
0.266942;8.14437;
0.266962;8.14474;
0.266982;8.14511;
0.267;8.14544;
0.267;8.14544;
0.267;8.14545;
0.267001;8.14545;
0.267001;8.14546;
0.267001;8.14546;
0.267001;8.14546;
0.267002;8.14547;
0.267002;8.14548;
0.267003;8.14551;
0.267006;8.14555;
0.267011;8.14565;
0.267021;8.14584;
0.267041;8.14621;
0.267061;8.14658;
0.267081;8.14695;
0.267098;8.14726;
0.267115;8.14758;
0.267135;8.14795;
0.267155;8.14832;
0.267175;8.14869;
0.267195;8.14906;
0.267215;8.14944;
0.267235;8.14981;
0.267255;8.15018;
0.267275;8.15055;
0.267295;8.15092;
0.267315;8.1513;
0.267335;8.15167;
0.267355;8.15204;
0.267375;8.15241;
0.267395;8.15278;
0.267415;8.15315;
0.267435;8.15353;
0.267455;8.1539;
0.267475;8.15427;
0.267495;8.15464;
0.267501;8.15475;
0.267501;8.15476;
0.267501;8.15476;
0.267502;8.15477;
0.267502;8.15477;
0.267502;8.15477;
0.267502;8.15478;
0.267503;8.15478;
0.267503;8.1548;
0.267504;8.15482;
0.267507;8.15487;
0.267512;8.15496;
0.267522;8.15515;
0.267542;8.15552;
0.267562;8.1559;
0.267582;8.15627;
0.267602;8.15664;
0.267622;8.15701;
0.267642;8.15738;
0.267662;8.15775;
0.267682;8.15813;
0.267702;8.1585;
0.267722;8.15887;
0.267742;8.15924;
0.267762;8.15961;
0.267782;8.15998;
0.267802;8.16036;
0.267822;8.16073;
0.267842;8.1611;
0.267862;8.16147;
0.267882;8.16184;
0.267902;8.16221;
0.267922;8.16258;
0.267942;8.16296;
0.267962;8.16333;
0.267982;8.1637;
0.268;8.16403;
0.268;8.16403;
0.268;8.16403;
0.268001;8.16404;
0.268001;8.16404;
0.268001;8.16405;
0.268001;8.16405;
0.268002;8.16405;
0.268002;8.16407;
0.268003;8.16409;
0.268006;8.16414;
0.268011;8.16423;
0.268021;8.16442;
0.268036;8.1647;
0.268052;8.165;
0.268069;8.16531;
0.268089;8.16569;
0.268105;8.16597;
0.268121;8.16627;
0.268141;8.16664;
0.268161;8.16701;
0.268181;8.16738;
0.268201;8.16775;
0.268221;8.16812;
0.268241;8.16849;
0.268261;8.16886;
0.268281;8.16924;
0.268301;8.16961;
0.268321;8.16998;
0.268341;8.17035;
0.268361;8.17072;
0.268381;8.17109;
0.268401;8.17146;
0.268421;8.17184;
0.268441;8.17221;
0.268461;8.17258;
0.268481;8.17295;
0.268501;8.17332;
0.268501;8.17333;
0.268501;8.17333;
0.268501;8.17333;
0.268502;8.17334;
0.268502;8.17335;
0.268502;8.17335;
0.268502;8.17335;
0.268503;8.17336;
0.268503;8.17337;
0.268504;8.17339;
0.268507;8.17344;
0.268512;8.17354;
0.268522;8.17373;
0.268542;8.1741;
0.268562;8.17447;
0.268582;8.17484;
0.268602;8.17521;
0.268622;8.17558;
0.268642;8.17595;
0.268662;8.17632;
0.268682;8.1767;
0.268702;8.17707;
0.268722;8.17744;
0.268742;8.17781;
0.268762;8.17818;
0.268782;8.17855;
0.268802;8.17892;
0.268822;8.17929;
0.268842;8.17966;
0.268862;8.18004;
0.268882;8.18041;
0.268902;8.18078;
0.268922;8.18115;
0.268942;8.18152;
0.268962;8.18189;
0.268982;8.18226;
0.269;8.18259;
0.269;8.18259;
0.269;8.18259;
0.269001;8.1826;
0.269001;8.18261;
0.269001;8.18261;
0.269001;8.18261;
0.269002;8.18262;
0.269002;8.18263;
0.269003;8.18265;
0.269006;8.1827;
0.269011;8.1828;
0.269021;8.18299;
0.26903;8.18315;
0.269039;8.1833;
0.269047;8.18345;
0.269055;8.18358;
0.269069;8.18383;
0.269083;8.18408;
0.2691;8.18437;
0.26912;8.18471;
0.269139;8.18504;
0.269159;8.18539;
0.269179;8.18573;
0.269199;8.18608;
0.269219;8.18643;
0.269239;8.18678;
0.269259;8.18713;
0.269279;8.18748;
0.269299;8.18782;
0.269319;8.18817;
0.269339;8.18852;
0.269359;8.18887;
0.269379;8.18922;
0.269399;8.18957;
0.269419;8.18992;
0.269439;8.19026;
0.269459;8.19061;
0.269479;8.19096;
0.269499;8.19131;
0.269501;8.19135;
0.269501;8.19135;
0.269501;8.19136;
0.269502;8.19136;
0.269502;8.19137;
0.269502;8.19137;
0.269502;8.19137;
0.269503;8.19138;
0.269503;8.19139;
0.269504;8.19141;
0.269507;8.19146;
0.269512;8.19155;
0.269522;8.19173;
0.269542;8.19207;
0.269562;8.19242;
0.269582;8.19277;
0.269602;8.19312;
0.269622;8.19347;
0.269642;8.19382;
0.269662;8.19416;
0.269682;8.19451;
0.269702;8.19486;
0.269722;8.19521;
0.269742;8.19556;
0.269762;8.19591;
0.269782;8.19626;
0.269802;8.1966;
0.269822;8.19695;
0.269842;8.1973;
0.269862;8.19765;
0.269882;8.198;
0.269902;8.19835;
0.269922;8.1987;
0.269942;8.19904;
0.269962;8.19939;
0.269982;8.19974;
0.27;8.20005;
0.27;8.20005;
0.27;8.20005;
0.270001;8.20006;
0.270001;8.20006;
0.270001;8.20007;
0.270001;8.20007;
0.270002;8.20007;
0.270002;8.20009;
0.270003;8.20011;
0.270006;8.20015;
0.270011;8.20024;
0.270021;8.20042;
0.270041;8.20077;
0.270061;8.20112;
0.270081;8.20147;
0.270101;8.20181;
0.270121;8.20216;
0.270141;8.20251;
0.270161;8.20286;
0.270181;8.20321;
0.270201;8.20356;
0.270221;8.20391;
0.270241;8.20425;
0.270261;8.2046;
0.270281;8.20495;
0.270301;8.2053;
0.270321;8.20565;
0.270341;8.206;
0.270361;8.20635;
0.270381;8.20669;
0.270401;8.20704;
0.270421;8.20739;
0.270441;8.20774;
0.270461;8.20809;
0.270481;8.20844;
0.270501;8.20878;
0.270501;8.20878;
0.270501;8.20878;
0.270502;8.20879;
0.270502;8.2088;
0.270502;8.2088;
0.270502;8.2088;
0.270503;8.20881;
0.270503;8.20882;
0.270504;8.20884;
0.270507;8.20888;
0.270512;8.20897;
0.270522;8.20915;
0.270542;8.2095;
0.270562;8.20985;
0.270582;8.2102;
0.270602;8.21055;
0.270622;8.21089;
0.270642;8.21124;
0.270662;8.21159;
0.270682;8.21194;
0.270702;8.21229;
0.270722;8.21264;
0.270742;8.21299;
0.270762;8.21333;
0.270782;8.21368;
0.270802;8.21403;
0.270822;8.21438;
0.270842;8.21473;
0.270862;8.21508;
0.270882;8.21543;
0.270902;8.21577;
0.270922;8.21612;
0.270942;8.21647;
0.270962;8.21682;
0.270982;8.21717;
0.271;8.21748;
0.271;8.21748;
0.271;8.21748;
0.271001;8.21749;
0.271001;8.21749;
0.271001;8.21749;
0.271001;8.2175;
0.271002;8.2175;
0.271002;8.21751;
0.271003;8.21754;
0.271006;8.21758;
0.271011;8.21767;
0.271021;8.21785;
0.271041;8.2182;
0.271061;8.21855;
0.271079;8.21885;
0.271097;8.21917;
0.271117;8.21952;
0.271137;8.21987;
0.271157;8.22022;
0.271177;8.22057;
0.271197;8.22092;
0.271217;8.22126;
0.271237;8.22161;
0.271257;8.22196;
0.271277;8.22231;
0.271297;8.22266;
0.271317;8.22301;
0.271337;8.22336;
0.271357;8.2237;
0.271377;8.22405;
0.271397;8.2244;
0.271417;8.22475;
0.271437;8.2251;
0.271457;8.22545;
0.271477;8.2258;
0.271497;8.22614;
0.271501;8.22621;
0.271501;8.22621;
0.271501;8.22621;
0.271502;8.22622;
0.271502;8.22622;
0.271502;8.22623;
0.271502;8.22623;
0.271503;8.22623;
0.271503;8.22625;
0.271504;8.22627;
0.271507;8.22631;
0.271512;8.2264;
0.271522;8.22658;
0.271542;8.22693;
0.271562;8.22728;
0.271582;8.22763;
0.271602;8.22797;
0.271622;8.22832;
0.271642;8.22867;
0.271662;8.22902;
0.271682;8.22937;
0.271702;8.22972;
0.271722;8.23007;
0.271742;8.23041;
0.271762;8.23076;
0.271782;8.23111;
0.271802;8.23146;
0.271822;8.23181;
0.271842;8.23216;
0.271862;8.23251;
0.271882;8.23285;
0.271902;8.2332;
0.271922;8.23355;
0.271942;8.2339;
0.271962;8.23425;
0.271982;8.2346;
0.272;8.2349;
0.272;8.23491;
0.272;8.23491;
0.272001;8.23492;
0.272001;8.23492;
0.272001;8.23492;
0.272001;8.23493;
0.272002;8.23493;
0.272002;8.23494;
0.272003;8.23497;
0.272006;8.23501;
0.272011;8.2351;
0.272021;8.23528;
0.272041;8.23563;
0.272061;8.23597;
0.272081;8.23632;
0.272101;8.23667;
0.272121;8.23702;
0.272141;8.23737;
0.272161;8.23772;
0.272181;8.23807;
0.272201;8.23841;
0.272221;8.23876;
0.272241;8.23911;
0.272261;8.23946;
0.272281;8.23981;
0.272301;8.24016;
0.272321;8.24051;
0.272341;8.24085;
0.272361;8.2412;
0.272381;8.24155;
0.272401;8.2419;
0.272421;8.24225;
0.272441;8.2426;
0.272461;8.24295;
0.272481;8.24329;
0.272501;8.24364;
0.272501;8.24364;
0.272501;8.24364;
0.272502;8.24365;
0.272502;8.24365;
0.272502;8.24365;
0.272502;8.24366;
0.272503;8.24366;
0.272503;8.24367;
0.272504;8.2437;
0.272507;8.24374;
0.272512;8.24383;
0.272522;8.24401;
0.272542;8.24436;
0.272562;8.24471;
0.272582;8.24505;
0.272602;8.2454;
0.272622;8.24575;
0.272642;8.2461;
0.272662;8.24645;
0.272682;8.2468;
0.272702;8.24715;
0.272722;8.24749;
0.272742;8.24784;
0.272762;8.24819;
0.272782;8.24854;
0.272802;8.24889;
0.272822;8.24924;
0.272842;8.24959;
0.272862;8.24993;
0.272882;8.25028;
0.272902;8.25063;
0.272922;8.25098;
0.272942;8.25133;
0.272962;8.25168;
0.272982;8.25203;
0.273;8.25233;
0.273;8.25233;
0.273;8.25234;
0.273001;8.25234;
0.273001;8.25235;
0.273001;8.25235;
0.273001;8.25235;
0.273002;8.25236;
0.273002;8.25237;
0.273003;8.25239;
0.273006;8.25244;
0.273011;8.25253;
0.273021;8.2527;
0.273041;8.25305;
0.273061;8.2534;
0.273081;8.25375;
0.273099;8.25406;
0.273118;8.25438;
0.273138;8.25473;
0.273158;8.25508;
0.273178;8.25543;
0.273198;8.25578;
0.273218;8.25613;
0.273238;8.25647;
0.273258;8.25682;
0.273278;8.25717;
0.273298;8.25752;
0.273318;8.25787;
0.273338;8.25822;
0.273358;8.25856;
0.273378;8.25891;
0.273398;8.25926;
0.273418;8.25961;
0.273438;8.25996;
0.273458;8.26031;
0.273478;8.26066;
0.273498;8.261;
0.273501;8.26106;
0.273501;8.26106;
0.273501;8.26107;
0.273502;8.26107;
0.273502;8.26108;
0.273502;8.26108;
0.273502;8.26108;
0.273503;8.26109;
0.273503;8.2611;
0.273504;8.26112;
0.273507;8.26117;
0.273512;8.26126;
0.273522;8.26143;
0.273542;8.26178;
0.273562;8.26213;
0.273582;8.26248;
0.273602;8.26283;
0.273622;8.26318;
0.273642;8.26352;
0.273662;8.26387;
0.273682;8.26422;
0.273702;8.26457;
0.273722;8.26492;
0.273742;8.26527;
0.273762;8.26561;
0.273782;8.26596;
0.273802;8.26631;
0.273822;8.26666;
0.273842;8.26701;
0.273862;8.26736;
0.273882;8.26771;
0.273902;8.26805;
0.273922;8.2684;
0.273942;8.26875;
0.273962;8.2691;
0.273982;8.26945;
0.274;8.26975;
0.274;8.26976;
0.274;8.26976;
0.274001;8.26977;
0.274001;8.26977;
0.274001;8.26977;
0.274001;8.26978;
0.274002;8.26978;
0.274002;8.26979;
0.274003;8.26981;
0.274006;8.26986;
0.274011;8.26995;
0.274021;8.27013;
0.274041;8.27047;
0.27406;8.27079;
0.27408;8.27114;
0.2741;8.27149;
0.274119;8.27182;
0.274139;8.27217;
0.274159;8.27251;
0.274179;8.27286;
0.274199;8.27321;
0.274219;8.27356;
0.274239;8.27391;
0.274259;8.27426;
0.274279;8.2746;
0.274299;8.27495;
0.274319;8.2753;
0.274339;8.27565;
0.274359;8.276;
0.274379;8.27635;
0.274399;8.27669;
0.274419;8.27704;
0.274439;8.27739;
0.274459;8.27774;
0.274479;8.27809;
0.274499;8.27844;
0.274501;8.27848;
0.274501;8.27848;
0.274501;8.27848;
0.274502;8.27849;
0.274502;8.2785;
0.274502;8.2785;
0.274502;8.2785;
0.274503;8.27851;
0.274503;8.27852;
0.274504;8.27854;
0.274507;8.27858;
0.274512;8.27867;
0.274522;8.27885;
0.274542;8.2792;
0.274562;8.27955;
0.274582;8.2799;
0.274602;8.28024;
0.274622;8.28059;
0.274642;8.28094;
0.274662;8.28129;
0.274682;8.28164;
0.274702;8.28199;
0.274722;8.28233;
0.274742;8.28268;
0.274762;8.28303;
0.274782;8.28338;
0.274802;8.28373;
0.274822;8.28407;
0.274842;8.28442;
0.274862;8.28477;
0.274882;8.28512;
0.274902;8.28547;
0.274922;8.28582;
0.274942;8.28616;
0.274962;8.28651;
0.274982;8.28686;
0.275;8.28717;
0.275;8.28717;
0.275;8.28717;
0.275001;8.28718;
0.275001;8.28718;
0.275001;8.28719;
0.275001;8.28719;
0.275002;8.28719;
0.275002;8.2872;
0.275003;8.28723;
0.275006;8.28727;
0.275011;8.28736;
0.275021;8.28754;
0.275037;8.2878;
0.275051;8.28805;
0.275063;8.28827;
0.275081;8.28858;
0.275101;8.28893;
0.275121;8.28927;
0.275141;8.28962;
0.275161;8.28997;
0.275181;8.29032;
0.275201;8.29067;
0.275221;8.29101;
0.275241;8.29136;
0.275261;8.29171;
0.275281;8.29206;
0.275301;8.29241;
0.275321;8.29276;
0.275341;8.2931;
0.275361;8.29345;
0.275381;8.2938;
0.275401;8.29415;
0.275421;8.2945;
0.275441;8.29484;
0.275461;8.29519;
0.275481;8.29554;
0.275501;8.29589;
0.275501;8.29589;
0.275501;8.29589;
0.275502;8.2959;
0.275502;8.2959;
0.275502;8.2959;
0.275502;8.29591;
0.275503;8.29591;
0.275503;8.29592;
0.275504;8.29595;
0.275507;8.29599;
0.275512;8.29608;
0.275522;8.29626;
0.275542;8.29661;
0.275562;8.29695;
0.275582;8.2973;
0.275602;8.29765;
0.275622;8.298;
0.275642;8.29835;
0.275662;8.29869;
0.275682;8.29904;
0.275702;8.29939;
0.275722;8.29974;
0.275742;8.30009;
0.275762;8.30043;
0.275782;8.30078;
0.275802;8.30113;
0.275822;8.30148;
0.275842;8.30183;
0.275862;8.30217;
0.275882;8.30252;
0.275902;8.30287;
0.275922;8.30322;
0.275942;8.30357;
0.275962;8.30391;
0.275982;8.30426;
0.276;8.30457;
0.276;8.30457;
0.276;8.30457;
0.276001;8.30458;
0.276001;8.30459;
0.276001;8.30459;
0.276001;8.30459;
0.276002;8.30459;
0.276002;8.30461;
0.276003;8.30463;
0.276006;8.30467;
0.276011;8.30476;
0.276021;8.30494;
0.276027;8.30504;
0.276033;8.30513;
0.276038;8.30521;
0.276044;8.3053;
0.276053;8.30544;
0.276071;8.30572;
0.276087;8.30597;
0.276103;8.30623;
0.276121;8.3065;
0.276141;8.30681;
0.276161;8.30712;
0.276181;8.30743;
0.276201;8.30775;
0.276221;8.30806;
0.276241;8.30837;
0.276261;8.30868;
0.276281;8.309;
0.276301;8.30931;
0.276321;8.30962;
0.276341;8.30993;
0.276361;8.31024;
0.276381;8.31056;
0.276401;8.31087;
0.276421;8.31118;
0.276441;8.31149;
0.276461;8.31181;
0.276481;8.31212;
0.276501;8.31243;
0.276501;8.31244;
0.276501;8.31244;
0.276501;8.31244;
0.276502;8.31245;
0.276502;8.31245;
0.276502;8.31245;
0.276502;8.31246;
0.276503;8.31246;
0.276503;8.31247;
0.276504;8.31249;
0.276507;8.31253;
0.276512;8.31261;
0.276522;8.31277;
0.276542;8.31308;
0.276562;8.3134;
0.276582;8.31371;
0.276602;8.31402;
0.276622;8.31433;
0.276642;8.31465;
0.276662;8.31496;
0.276682;8.31527;
0.276702;8.31558;
0.276722;8.3159;
0.276742;8.31621;
0.276762;8.31652;
0.276782;8.31683;
0.276802;8.31715;
0.276822;8.31746;
0.276842;8.31777;
0.276862;8.31808;
0.276882;8.3184;
0.276902;8.31871;
0.276922;8.31902;
0.276942;8.31933;
0.276962;8.31965;
0.276982;8.31996;
0.277;8.32024;
0.277;8.32024;
0.277;8.32024;
0.277001;8.32025;
0.277001;8.32025;
0.277001;8.32025;
0.277001;8.32025;
0.277002;8.32026;
0.277002;8.32027;
0.277003;8.32029;
0.277006;8.32033;
0.277011;8.32041;
0.277021;8.32057;
0.277041;8.32088;
0.27706;8.32117;
0.27708;8.32149;
0.2771;8.3218;
0.27712;8.32211;
0.27714;8.32242;
0.27716;8.32274;
0.27718;8.32305;
0.2772;8.32336;
0.27722;8.32368;
0.27724;8.32399;
0.27726;8.3243;
0.27728;8.32462;
0.2773;8.32493;
0.27732;8.32524;
0.27734;8.32555;
0.27736;8.32587;
0.27738;8.32618;
0.2774;8.32649;
0.27742;8.32681;
0.27744;8.32712;
0.27746;8.32743;
0.27748;8.32775;
0.2775;8.32806;
0.277501;8.32807;
0.277501;8.32808;
0.277501;8.32808;
0.277502;8.32808;
0.277502;8.32809;
0.277502;8.32809;
0.277502;8.32809;
0.277503;8.3281;
0.277503;8.32811;
0.277504;8.32813;
0.277507;8.32817;
0.277512;8.32825;
0.277522;8.32841;
0.277542;8.32872;
0.277562;8.32904;
0.277582;8.32935;
0.277602;8.32966;
0.277622;8.32997;
0.277642;8.33029;
0.277662;8.3306;
0.277682;8.33091;
0.277702;8.33123;
0.277722;8.33154;
0.277742;8.33185;
0.277762;8.33217;
0.277782;8.33248;
0.277802;8.33279;
0.277822;8.33311;
0.277842;8.33342;
0.277862;8.33373;
0.277882;8.33405;
0.277902;8.33436;
0.277922;8.33467;
0.277942;8.33499;
0.277962;8.3353;
0.277982;8.33561;
0.278;8.33589;
0.278;8.33589;
0.278;8.33589;
0.278001;8.3359;
0.278001;8.3359;
0.278001;8.33591;
0.278001;8.33591;
0.278002;8.33591;
0.278002;8.33592;
0.278003;8.33594;
0.278006;8.33598;
0.278011;8.33606;
0.278021;8.33622;
0.278041;8.33654;
0.278061;8.33685;
0.278081;8.33716;
0.278101;8.33748;
0.278121;8.33779;
0.278141;8.33811;
0.278161;8.33842;
0.278181;8.33873;
0.278201;8.33905;
0.278221;8.33936;
0.278241;8.33967;
0.278261;8.33999;
0.278281;8.3403;
0.278301;8.34061;
0.278321;8.34093;
0.278341;8.34124;
0.278361;8.34155;
0.278381;8.34187;
0.278401;8.34218;
0.278421;8.3425;
0.278441;8.34281;
0.278461;8.34312;
0.278481;8.34344;
0.278501;8.34374;
0.278501;8.34375;
0.278501;8.34375;
0.278502;8.34375;
0.278502;8.34376;
0.278502;8.34376;
0.278502;8.34376;
0.278503;8.34377;
0.278503;8.34378;
0.278504;8.3438;
0.278507;8.34384;
0.278512;8.34392;
0.278522;8.34408;
0.278542;8.34439;
0.278562;8.34471;
0.278582;8.34502;
0.278602;8.34533;
0.278622;8.34565;
0.278642;8.34596;
0.278662;8.34628;
0.278682;8.34659;
0.278702;8.3469;
0.278722;8.34722;
0.278742;8.34753;
0.278762;8.34784;
0.278782;8.34816;
0.278802;8.34847;
0.278822;8.34879;
0.278842;8.3491;
0.278862;8.34941;
0.278882;8.34973;
0.278902;8.35004;
0.278922;8.35036;
0.278942;8.35067;
0.278962;8.35098;
0.278982;8.3513;
0.279;8.35157;
0.279;8.35158;
0.279;8.35158;
0.279001;8.35158;
0.279001;8.35159;
0.279001;8.35159;
0.279001;8.35159;
0.279002;8.3516;
0.279002;8.35161;
0.279003;8.35163;
0.279006;8.35167;
0.279011;8.35175;
0.279021;8.35191;
0.279041;8.35222;
0.279061;8.35254;
0.27908;8.35284;
0.2791;8.35315;
0.27912;8.35346;
0.27914;8.35378;
0.27916;8.35409;
0.27918;8.35441;
0.2792;8.35472;
0.27922;8.35503;
0.27924;8.35535;
0.27926;8.35566;
0.27928;8.35598;
0.2793;8.35629;
0.27932;8.3566;
0.27934;8.35692;
0.27936;8.35723;
0.27938;8.35755;
0.2794;8.35786;
0.27942;8.35817;
0.27944;8.35849;
0.27946;8.3588;
0.27948;8.35912;
0.2795;8.35943;
0.279501;8.35944;
0.279501;8.35944;
0.279501;8.35945;
0.279502;8.35945;
0.279502;8.35946;
0.279502;8.35946;
0.279502;8.35946;
0.279503;8.35947;
0.279503;8.35948;
0.279504;8.3595;
0.279507;8.35954;
0.279512;8.35962;
0.279522;8.35978;
0.279542;8.36009;
0.279562;8.36041;
0.279582;8.36072;
0.279602;8.36103;
0.279622;8.36135;
0.279642;8.36166;
0.279662;8.36198;
0.279682;8.36229;
0.279702;8.36261;
0.279722;8.36292;
0.279742;8.36323;
0.279762;8.36355;
0.279782;8.36386;
0.279802;8.36418;
0.279822;8.36449;
0.279842;8.36481;
0.279862;8.36512;
0.279882;8.36544;
0.279902;8.36575;
0.279922;8.36606;
0.279942;8.36638;
0.279962;8.36669;
0.279982;8.36701;
0.28;8.36728;
0.28;8.36729;
0.28;8.36729;
0.280001;8.3673;
0.280001;8.3673;
0.280001;8.3673;
0.280001;8.3673;
0.280002;8.36731;
0.280002;8.36732;
0.280003;8.36734;
0.280006;8.36738;
0.280011;8.36746;
0.280021;8.36762;
0.280041;8.36794;
0.280061;8.36825;
0.280081;8.36856;
0.280101;8.36888;
0.280121;8.36919;
0.280141;8.36951;
0.280161;8.36982;
0.280181;8.37014;
0.280201;8.37045;
0.280221;8.37077;
0.280241;8.37108;
0.280261;8.3714;
0.280281;8.37171;
0.280301;8.37202;
0.280321;8.37234;
0.280341;8.37265;
0.280361;8.37297;
0.280381;8.37328;
0.280401;8.3736;
0.280421;8.37391;
0.280441;8.37423;
0.280461;8.37454;
0.280481;8.37486;
0.280501;8.37516;
0.280501;8.37517;
0.280501;8.37517;
0.280502;8.37518;
0.280502;8.37518;
0.280502;8.37518;
0.280502;8.37518;
0.280503;8.37519;
0.280503;8.3752;
0.280504;8.37522;
0.280507;8.37526;
0.280512;8.37534;
0.280522;8.3755;
0.280542;8.37582;
0.280562;8.37613;
0.280582;8.37644;
0.280602;8.37676;
0.280622;8.37707;
0.280642;8.37739;
0.280662;8.3777;
0.280682;8.37802;
0.280702;8.37833;
0.280722;8.37865;
0.280742;8.37896;
0.280762;8.37928;
0.280782;8.37959;
0.280802;8.37991;
0.280822;8.38022;
0.280842;8.38054;
0.280862;8.38085;
0.280882;8.38117;
0.280902;8.38148;
0.280922;8.3818;
0.280942;8.38211;
0.280962;8.38243;
0.280982;8.38274;
0.281;8.38302;
0.281;8.38302;
0.281;8.38302;
0.281001;8.38303;
0.281001;8.38303;
0.281001;8.38303;
0.281001;8.38304;
0.281002;8.38304;
0.281002;8.38305;
0.281003;8.38307;
0.281006;8.38311;
0.281011;8.38319;
0.281021;8.38335;
0.281041;8.38367;
0.281061;8.38398;
0.281081;8.3843;
0.2811;8.38459;
0.28112;8.3849;
0.28114;8.38522;
0.28116;8.38553;
0.28118;8.38585;
0.2812;8.38616;
0.28122;8.38648;
0.28124;8.38679;
0.28126;8.38711;
0.28128;8.38742;
0.2813;8.38774;
0.28132;8.38805;
0.28134;8.38837;
0.28136;8.38868;
0.28138;8.389;
0.2814;8.38931;
0.28142;8.38963;
0.28144;8.38994;
0.28146;8.39026;
0.28148;8.39057;
0.2815;8.39089;
0.281501;8.39091;
0.281501;8.39091;
0.281501;8.39091;
0.281502;8.39092;
0.281502;8.39092;
0.281502;8.39092;
0.281502;8.39093;
0.281503;8.39093;
0.281503;8.39094;
0.281504;8.39096;
0.281507;8.391;
0.281512;8.39108;
0.281522;8.39124;
0.281542;8.39156;
0.281562;8.39187;
0.281582;8.39219;
0.281602;8.3925;
0.281622;8.39282;
0.281642;8.39314;
0.281662;8.39345;
0.281682;8.39377;
0.281702;8.39408;
0.281722;8.3944;
0.281742;8.39471;
0.281762;8.39503;
0.281782;8.39534;
0.281802;8.39566;
0.281822;8.39597;
0.281842;8.39629;
0.281862;8.3966;
0.281882;8.39692;
0.281902;8.39723;
0.281922;8.39755;
0.281942;8.39786;
0.281962;8.39818;
0.281982;8.39849;
0.282;8.39877;
0.282;8.39877;
0.282;8.39877;
0.282001;8.39878;
0.282001;8.39879;
0.282001;8.39879;
0.282001;8.39879;
0.282002;8.39879;
0.282002;8.3988;
0.282003;8.39882;
0.282006;8.39887;
0.282011;8.39895;
0.282021;8.39911;
0.282041;8.39942;
0.282061;8.39974;
0.282081;8.40005;
0.282101;8.40037;
0.282121;8.40068;
0.282141;8.401;
0.282161;8.40131;
0.282181;8.40163;
0.282201;8.40194;
0.282221;8.40226;
0.282241;8.40258;
0.282261;8.40289;
0.282281;8.40321;
0.282301;8.40352;
0.282321;8.40384;
0.282341;8.40415;
0.282361;8.40447;
0.282381;8.40478;
0.282401;8.4051;
0.282421;8.40541;
0.282441;8.40573;
0.282461;8.40604;
0.282481;8.40636;
0.282501;8.40667;
0.282501;8.40667;
0.282501;8.40667;
0.282502;8.40668;
0.282502;8.40668;
0.282502;8.40668;
0.282502;8.40669;
0.282503;8.40669;
0.282503;8.4067;
0.282504;8.40672;
0.282507;8.40676;
0.282512;8.40684;
0.282522;8.40701;
0.282542;8.40732;
0.282562;8.40764;
0.282582;8.40795;
0.282602;8.40827;
0.282622;8.40858;
0.282642;8.4089;
0.282662;8.40921;
0.282682;8.40953;
0.282702;8.40984;
0.282722;8.41016;
0.282742;8.41047;
0.282762;8.41079;
0.282782;8.41111;
0.282802;8.41142;
0.282822;8.41174;
0.282842;8.41205;
0.282862;8.41237;
0.282882;8.41268;
0.282902;8.413;
0.282922;8.41331;
0.282942;8.41363;
0.282962;8.41394;
0.282982;8.41426;
0.283;8.41454;
0.283;8.41454;
0.283;8.41454;
0.283001;8.41455;
0.283001;8.41455;
0.283001;8.41455;
0.283001;8.41456;
0.283002;8.41456;
0.283002;8.41457;
0.283003;8.41459;
0.283006;8.41463;
0.283011;8.41471;
0.283021;8.41488;
0.283041;8.41519;
0.283061;8.41551;
0.283081;8.41582;
0.283101;8.41614;
0.283121;8.41644;
0.283141;8.41676;
0.283161;8.41707;
0.283181;8.41739;
0.283201;8.4177;
0.283221;8.41802;
0.283241;8.41833;
0.283261;8.41865;
0.283281;8.41897;
0.283301;8.41928;
0.283321;8.4196;
0.283341;8.41991;
0.283361;8.42023;
0.283381;8.42054;
0.283401;8.42086;
0.283421;8.42117;
0.283441;8.42149;
0.283461;8.42181;
0.283481;8.42212;
0.283501;8.42244;
0.283501;8.42244;
0.283501;8.42244;
0.283501;8.42245;
0.283502;8.42245;
0.283502;8.42246;
0.283502;8.42246;
0.283502;8.42246;
0.283503;8.42247;
0.283503;8.42248;
0.283504;8.4225;
0.283507;8.42254;
0.283512;8.42262;
0.283522;8.42278;
0.283542;8.42309;
0.283562;8.42341;
0.283582;8.42373;
0.283602;8.42404;
0.283622;8.42436;
0.283642;8.42467;
0.283662;8.42499;
0.283682;8.4253;
0.283702;8.42562;
0.283722;8.42594;
0.283742;8.42625;
0.283762;8.42657;
0.283782;8.42688;
0.283802;8.4272;
0.283822;8.42751;
0.283842;8.42783;
0.283862;8.42814;
0.283882;8.42846;
0.283902;8.42878;
0.283922;8.42909;
0.283942;8.42941;
0.283962;8.42972;
0.283982;8.43004;
0.284;8.43032;
0.284;8.43032;
0.284;8.43032;
0.284001;8.43033;
0.284001;8.43033;
0.284001;8.43033;
0.284001;8.43034;
0.284002;8.43034;
0.284002;8.43035;
0.284003;8.43037;
0.284006;8.43041;
0.284011;8.43049;
0.284021;8.43065;
0.284041;8.43097;
0.284061;8.43128;
0.284081;8.4316;
0.284098;8.43187;
0.284116;8.43216;
0.284136;8.43247;
0.284156;8.43279;
0.284176;8.4331;
0.284196;8.43342;
0.284216;8.43373;
0.284236;8.43405;
0.284256;8.43437;
0.284276;8.43468;
0.284296;8.435;
0.284316;8.43531;
0.284336;8.43563;
0.284356;8.43594;
0.284376;8.43626;
0.284396;8.43658;
0.284416;8.43689;
0.284436;8.43721;
0.284456;8.43752;
0.284476;8.43784;
0.284496;8.43815;
0.284501;8.43823;
0.284501;8.43823;
0.284501;8.43823;
0.284502;8.43824;
0.284502;8.43824;
0.284502;8.43824;
0.284502;8.43824;
0.284503;8.43825;
0.284503;8.43826;
0.284504;8.43828;
0.284507;8.43832;
0.284512;8.4384;
0.284522;8.43856;
0.284542;8.43888;
0.284562;8.43919;
0.284582;8.43951;
0.284602;8.43983;
0.284622;8.44014;
0.284642;8.44046;
0.284662;8.44077;
0.284682;8.44109;
0.284702;8.44141;
0.284722;8.44172;
0.284742;8.44204;
0.284762;8.44235;
0.284782;8.44267;
0.284802;8.44298;
0.284822;8.4433;
0.284842;8.44362;
0.284862;8.44393;
0.284882;8.44425;
0.284902;8.44456;
0.284922;8.44488;
0.284942;8.44519;
0.284962;8.44551;
0.284982;8.44583;
0.285;8.4461;
0.285;8.44611;
0.285;8.44611;
0.285001;8.44612;
0.285001;8.44612;
0.285001;8.44612;
0.285001;8.44612;
0.285002;8.44613;
0.285002;8.44614;
0.285003;8.44616;
0.285006;8.4462;
0.285011;8.44628;
0.285021;8.44644;
0.285036;8.44668;
0.285052;8.44692;
0.285066;8.44715;
0.285086;8.44747;
0.285104;8.44774;
0.285122;8.44803;
0.285142;8.44835;
0.285162;8.44866;
0.285182;8.44898;
0.285202;8.4493;
0.285222;8.44961;
0.285242;8.44993;
0.285262;8.45024;
0.285282;8.45056;
0.285302;8.45088;
0.285322;8.45119;
0.285342;8.45151;
0.285362;8.45182;
0.285382;8.45214;
0.285402;8.45245;
0.285422;8.45277;
0.285442;8.45309;
0.285462;8.4534;
0.285482;8.45372;
0.285501;8.45402;
0.285501;8.45402;
0.285501;8.45402;
0.285502;8.45403;
0.285502;8.45403;
0.285502;8.45403;
0.285502;8.45404;
0.285503;8.45404;
0.285503;8.45405;
0.285504;8.45407;
0.285507;8.45411;
0.285512;8.45419;
0.285522;8.45435;
0.285542;8.45467;
0.285562;8.45499;
0.285582;8.4553;
0.285602;8.45562;
0.285622;8.45593;
0.285642;8.45625;
0.285662;8.45656;
0.285682;8.45688;
0.285702;8.4572;
0.285722;8.45751;
0.285742;8.45783;
0.285762;8.45814;
0.285782;8.45846;
0.285802;8.45878;
0.285822;8.45909;
0.285842;8.45941;
0.285862;8.45972;
0.285882;8.46004;
0.285902;8.46035;
0.285922;8.46067;
0.285942;8.46099;
0.285962;8.4613;
0.285982;8.46162;
0.286;8.4619;
0.286;8.4619;
0.286;8.4619;
0.286001;8.46191;
0.286001;8.46191;
0.286001;8.46191;
0.286001;8.46192;
0.286002;8.46192;
0.286002;8.46193;
0.286003;8.46195;
0.286006;8.46199;
0.286011;8.46207;
0.286021;8.46223;
0.286028;8.46233;
0.286034;8.46242;
0.286039;8.46249;
0.286044;8.46257;
0.286053;8.46268;
0.286069;8.46292;
0.286083;8.46311;
0.286096;8.4633;
0.286112;8.46352;
0.286132;8.4638;
0.286152;8.46408;
0.286172;8.46436;
0.286192;8.46464;
0.286212;8.46492;
0.286232;8.4652;
0.286252;8.46548;
0.286272;8.46576;
0.286292;8.46605;
0.286312;8.46633;
0.286332;8.46661;
0.286352;8.46689;
0.286372;8.46717;
0.286392;8.46745;
0.286412;8.46773;
0.286432;8.46801;
0.286452;8.46829;
0.286472;8.46857;
0.286492;8.46886;
0.286501;8.46898;
0.286501;8.46898;
0.286501;8.46899;
0.286502;8.46899;
0.286502;8.469;
0.286502;8.469;
0.286502;8.469;
0.286503;8.469;
0.286503;8.46901;
0.286504;8.46903;
0.286507;8.46907;
0.286512;8.46914;
0.286522;8.46928;
0.286542;8.46956;
0.286562;8.46985;
0.286582;8.47013;
0.286602;8.47041;
0.286622;8.47069;
0.286642;8.47097;
0.286662;8.47125;
0.286682;8.47153;
0.286702;8.47181;
0.286722;8.4721;
0.286742;8.47238;
0.286762;8.47266;
0.286782;8.47294;
0.286802;8.47322;
0.286822;8.4735;
0.286842;8.47378;
0.286862;8.47407;
0.286882;8.47435;
0.286902;8.47463;
0.286922;8.47491;
0.286942;8.47519;
0.286962;8.47547;
0.286982;8.47576;
0.287;8.476;
0.287;8.476;
0.287;8.47601;
0.287001;8.47601;
0.287001;8.47602;
0.287001;8.47602;
0.287001;8.47602;
0.287002;8.47603;
0.287002;8.47603;
0.287003;8.47605;
0.287006;8.47609;
0.287011;8.47616;
0.287021;8.4763;
0.287041;8.47659;
0.28706;8.47685;
0.28708;8.47713;
0.2871;8.47741;
0.28712;8.47769;
0.28714;8.47798;
0.28716;8.47826;
0.28718;8.47854;
0.2872;8.47882;
0.28722;8.4791;
0.28724;8.47939;
0.28726;8.47967;
0.28728;8.47995;
0.2873;8.48023;
0.28732;8.48051;
0.28734;8.4808;
0.28736;8.48108;
0.28738;8.48136;
0.2874;8.48164;
0.28742;8.48192;
0.28744;8.48221;
0.28746;8.48249;
0.28748;8.48277;
0.2875;8.48305;
0.287501;8.48306;
0.287501;8.48307;
0.287501;8.48307;
0.287502;8.48307;
0.287502;8.48308;
0.287502;8.48308;
0.287502;8.48308;
0.287503;8.48309;
0.287503;8.4831;
0.287504;8.48311;
0.287507;8.48315;
0.287512;8.48322;
0.287522;8.48337;
0.287542;8.48365;
0.287562;8.48393;
0.287582;8.48421;
0.287602;8.4845;
0.287622;8.48478;
0.287642;8.48506;
0.287662;8.48534;
0.287682;8.48562;
0.287702;8.48591;
0.287722;8.48619;
0.287742;8.48647;
0.287762;8.48675;
0.287782;8.48704;
0.287802;8.48732;
0.287822;8.4876;
0.287842;8.48788;
0.287862;8.48817;
0.287882;8.48845;
0.287902;8.48873;
0.287922;8.48901;
0.287942;8.4893;
0.287962;8.48958;
0.287982;8.48986;
0.288;8.49011;
0.288;8.49011;
0.288;8.49011;
0.288001;8.49012;
0.288001;8.49012;
0.288001;8.49013;
0.288001;8.49013;
0.288002;8.49013;
0.288002;8.49014;
0.288003;8.49016;
0.288006;8.4902;
0.288011;8.49027;
0.288021;8.49041;
0.288041;8.4907;
0.288061;8.49098;
0.288081;8.49126;
0.288101;8.49154;
0.288121;8.49183;
0.288141;8.49211;
0.288161;8.49239;
0.288181;8.49267;
0.288201;8.49296;
0.288221;8.49324;
0.288241;8.49352;
0.288261;8.49381;
0.288281;8.49409;
0.288301;8.49437;
0.288321;8.49465;
0.288341;8.49494;
0.288361;8.49522;
0.288381;8.4955;
0.288401;8.49579;
0.288421;8.49607;
0.288441;8.49635;
0.288461;8.49663;
0.288481;8.49692;
0.288501;8.4972;
0.288501;8.4972;
0.288501;8.4972;
0.288502;8.4972;
0.288502;8.49721;
0.288502;8.49721;
0.288502;8.49721;
0.288503;8.49722;
0.288503;8.49723;
0.288504;8.49724;
0.288507;8.49728;
0.288512;8.49735;
0.288522;8.4975;
0.288542;8.49778;
0.288562;8.49806;
0.288582;8.49835;
0.288602;8.49863;
0.288622;8.49891;
0.288642;8.4992;
0.288662;8.49948;
0.288682;8.49976;
0.288702;8.50005;
0.288722;8.50033;
0.288742;8.50061;
0.288762;8.5009;
0.288782;8.50118;
0.288802;8.50146;
0.288822;8.50175;
0.288842;8.50203;
0.288862;8.50231;
0.288882;8.5026;
0.288902;8.50288;
0.288922;8.50316;
0.288942;8.50345;
0.288962;8.50373;
0.288982;8.50401;
0.289;8.50426;
0.289;8.50426;
0.289;8.50427;
0.289001;8.50427;
0.289001;8.50428;
0.289001;8.50428;
0.289001;8.50428;
0.289002;8.50428;
0.289002;8.50429;
0.289003;8.50431;
0.289006;8.50435;
0.289011;8.50442;
0.289021;8.50457;
0.289041;8.50485;
0.289061;8.50513;
0.28908;8.5054;
0.2891;8.50569;
0.28912;8.50597;
0.28914;8.50625;
0.28916;8.50654;
0.28918;8.50682;
0.2892;8.5071;
0.28922;8.50739;
0.28924;8.50767;
0.28926;8.50795;
0.28928;8.50824;
0.2893;8.50852;
0.28932;8.50881;
0.28934;8.50909;
0.28936;8.50937;
0.28938;8.50966;
0.2894;8.50994;
0.28942;8.51023;
0.28944;8.51051;
0.28946;8.51079;
0.28948;8.51108;
0.2895;8.51136;
0.289501;8.51137;
0.289501;8.51137;
0.289501;8.51137;
0.289502;8.51138;
0.289502;8.51138;
0.289502;8.51138;
0.289502;8.51139;
0.289503;8.51139;
0.289503;8.5114;
0.289504;8.51142;
0.289507;8.51145;
0.289512;8.51153;
0.289522;8.51167;
0.289542;8.51196;
0.289562;8.51224;
0.289582;8.51252;
0.289602;8.51281;
0.289622;8.51309;
0.289642;8.51338;
0.289662;8.51366;
0.289682;8.51394;
0.289702;8.51423;
0.289722;8.51451;
0.289742;8.5148;
0.289762;8.51508;
0.289782;8.51536;
0.289802;8.51565;
0.289822;8.51593;
0.289842;8.51622;
0.289862;8.5165;
0.289882;8.51679;
0.289902;8.51707;
0.289922;8.51735;
0.289942;8.51764;
0.289962;8.51792;
0.289982;8.51821;
0.29;8.51846;
0.29;8.51846;
0.29;8.51846;
0.290001;8.51847;
0.290001;8.51847;
0.290001;8.51847;
0.290001;8.51847;
0.290002;8.51848;
0.290002;8.51849;
0.290003;8.51851;
0.290006;8.51854;
0.290011;8.51862;
0.290021;8.51876;
0.290041;8.51905;
0.290061;8.51933;
0.290081;8.51961;
0.290101;8.5199;
0.290121;8.52018;
0.290141;8.52047;
0.290161;8.52075;
0.290181;8.52104;
0.290201;8.52132;
0.290221;8.5216;
0.290241;8.52189;
0.290261;8.52217;
0.290281;8.52246;
0.290301;8.52274;
0.290321;8.52303;
0.290341;8.52331;
0.290361;8.5236;
0.290381;8.52388;
0.290401;8.52417;
0.290421;8.52445;
0.290441;8.52473;
0.290461;8.52502;
0.290481;8.5253;
0.290501;8.52558;
0.290501;8.52558;
0.290501;8.52559;
0.290502;8.52559;
0.290502;8.5256;
0.290502;8.5256;
0.290502;8.5256;
0.290503;8.5256;
0.290503;8.52561;
0.290504;8.52563;
0.290507;8.52567;
0.290512;8.52574;
0.290522;8.52589;
0.290542;8.52617;
0.290562;8.52646;
0.290582;8.52674;
0.290602;8.52703;
0.290622;8.52731;
0.290642;8.5276;
0.290662;8.52788;
0.290682;8.52816;
0.290702;8.52845;
0.290722;8.52873;
0.290742;8.52902;
0.290762;8.5293;
0.290782;8.52959;
0.290802;8.52987;
0.290822;8.53016;
0.290842;8.53044;
0.290862;8.53073;
0.290882;8.53101;
0.290902;8.5313;
0.290922;8.53158;
0.290942;8.53187;
0.290962;8.53215;
0.290982;8.53244;
0.291;8.53269;
0.291;8.53269;
0.291;8.53269;
0.291001;8.5327;
0.291001;8.5327;
0.291001;8.5327;
0.291001;8.53271;
0.291002;8.53271;
0.291002;8.53272;
0.291003;8.53274;
0.291006;8.53277;
0.291011;8.53285;
0.291021;8.53299;
0.291041;8.53328;
0.291061;8.53356;
0.291081;8.53385;
0.2911;8.53411;
0.29112;8.53439;
0.29114;8.53468;
0.29116;8.53496;
0.29118;8.53525;
0.2912;8.53553;
0.29122;8.53582;
0.29124;8.5361;
0.29126;8.53639;
0.29128;8.53667;
0.2913;8.53696;
0.29132;8.53724;
0.29134;8.53753;
0.29136;8.53781;
0.29138;8.5381;
0.2914;8.53839;
0.29142;8.53867;
0.29144;8.53896;
0.29146;8.53924;
0.29148;8.53953;
0.2915;8.53981;
0.291501;8.53983;
0.291501;8.53983;
0.291501;8.53984;
0.291502;8.53984;
0.291502;8.53985;
0.291502;8.53985;
0.291502;8.53985;
0.291503;8.53985;
0.291503;8.53986;
0.291504;8.53988;
0.291507;8.53992;
0.291512;8.53999;
0.291522;8.54014;
0.291542;8.54042;
0.291562;8.54071;
0.291582;8.54099;
0.291602;8.54128;
0.291622;8.54156;
0.291642;8.54185;
0.291662;8.54213;
0.291682;8.54242;
0.291702;8.54271;
0.291722;8.54299;
0.291742;8.54328;
0.291762;8.54356;
0.291782;8.54385;
0.291802;8.54413;
0.291822;8.54442;
0.291842;8.5447;
0.291862;8.54499;
0.291882;8.54527;
0.291902;8.54556;
0.291922;8.54585;
0.291942;8.54613;
0.291962;8.54642;
0.291982;8.5467;
0.292;8.54695;
0.292;8.54696;
0.292;8.54696;
0.292001;8.54696;
0.292001;8.54697;
0.292001;8.54697;
0.292001;8.54697;
0.292002;8.54698;
0.292002;8.54699;
0.292003;8.547;
0.292006;8.54704;
0.292011;8.54711;
0.292021;8.54726;
0.292041;8.54755;
0.292061;8.54783;
0.292081;8.54812;
0.292101;8.5484;
0.292121;8.54869;
0.292141;8.54897;
0.292161;8.54926;
0.292181;8.54955;
0.292201;8.54983;
0.292221;8.55012;
0.292241;8.5504;
0.292261;8.55069;
0.292281;8.55097;
0.292301;8.55126;
0.292321;8.55155;
0.292341;8.55183;
0.292361;8.55212;
0.292381;8.5524;
0.292401;8.55269;
0.292421;8.55297;
0.292441;8.55326;
0.292461;8.55355;
0.292481;8.55383;
0.292501;8.55411;
0.292501;8.55411;
0.292501;8.55412;
0.292502;8.55412;
0.292502;8.55413;
0.292502;8.55413;
0.292502;8.55413;
0.292503;8.55413;
0.292503;8.55414;
0.292504;8.55416;
0.292507;8.5542;
0.292512;8.55427;
0.292522;8.55442;
0.292542;8.5547;
0.292562;8.55499;
0.292582;8.55528;
0.292602;8.55556;
0.292622;8.55585;
0.292642;8.55613;
0.292662;8.55642;
0.292682;8.55671;
0.292702;8.55699;
0.292722;8.55728;
0.292742;8.55756;
0.292762;8.55785;
0.292782;8.55814;
0.292802;8.55842;
0.292822;8.55871;
0.292842;8.55899;
0.292862;8.55928;
0.292882;8.55957;
0.292902;8.55985;
0.292922;8.56014;
0.292942;8.56043;
0.292962;8.56071;
0.292982;8.561;
0.293;8.56125;
0.293;8.56125;
0.293;8.56125;
0.293001;8.56126;
0.293001;8.56126;
0.293001;8.56127;
0.293001;8.56127;
0.293002;8.56127;
0.293002;8.56128;
0.293003;8.5613;
0.293006;8.56134;
0.293011;8.56141;
0.293021;8.56156;
0.293041;8.56184;
0.293061;8.56213;
0.293081;8.56241;
0.293101;8.5627;
0.293121;8.56298;
0.293141;8.56326;
0.293161;8.56355;
0.293181;8.56383;
0.293201;8.56412;
0.293221;8.56441;
0.293241;8.56469;
0.293261;8.56498;
0.293281;8.56527;
0.293301;8.56555;
0.293321;8.56584;
0.293341;8.56612;
0.293361;8.56641;
0.293381;8.5667;
0.293401;8.56698;
0.293421;8.56727;
0.293441;8.56756;
0.293461;8.56784;
0.293481;8.56813;
0.293501;8.56842;
0.293501;8.56842;
0.293501;8.56842;
0.293501;8.56843;
0.293502;8.56843;
0.293502;8.56844;
0.293502;8.56844;
0.293502;8.56844;
0.293503;8.56844;
0.293503;8.56845;
0.293504;8.56847;
0.293507;8.56851;
0.293512;8.56858;
0.293522;8.56873;
0.293542;8.56901;
0.293562;8.5693;
0.293582;8.56959;
0.293602;8.56987;
0.293622;8.57016;
0.293642;8.57045;
0.293662;8.57073;
0.293682;8.57102;
0.293702;8.57131;
0.293722;8.57159;
0.293742;8.57188;
0.293762;8.57217;
0.293782;8.57245;
0.293802;8.57274;
0.293822;8.57303;
0.293842;8.57331;
0.293862;8.5736;
0.293882;8.57389;
0.293902;8.57417;
0.293922;8.57446;
0.293942;8.57475;
0.293962;8.57503;
0.293982;8.57532;
0.294;8.57557;
0.294;8.57557;
0.294;8.57558;
0.294001;8.57558;
0.294001;8.57559;
0.294001;8.57559;
0.294001;8.57559;
0.294002;8.57559;
0.294002;8.5756;
0.294003;8.57562;
0.294006;8.57566;
0.294011;8.57573;
0.294021;8.57588;
0.294041;8.57616;
0.294061;8.57645;
0.294081;8.57673;
0.294098;8.57698;
0.294117;8.57724;
0.294137;8.57753;
0.294157;8.57782;
0.294177;8.5781;
0.294197;8.57839;
0.294217;8.57868;
0.294237;8.57896;
0.294257;8.57925;
0.294277;8.57954;
0.294297;8.57982;
0.294317;8.58011;
0.294337;8.5804;
0.294357;8.58068;
0.294377;8.58097;
0.294397;8.58126;
0.294417;8.58154;
0.294437;8.58183;
0.294457;8.58212;
0.294477;8.5824;
0.294497;8.58269;
0.294501;8.58276;
0.294501;8.58276;
0.294501;8.58276;
0.294502;8.58277;
0.294502;8.58277;
0.294502;8.58277;
0.294502;8.58277;
0.294503;8.58278;
0.294503;8.58279;
0.294504;8.58281;
0.294507;8.58284;
0.294512;8.58292;
0.294522;8.58306;
0.294542;8.58335;
0.294562;8.58364;
0.294582;8.58392;
0.294602;8.58421;
0.294622;8.5845;
0.294642;8.58478;
0.294662;8.58507;
0.294682;8.58536;
0.294702;8.58564;
0.294722;8.58593;
0.294742;8.58622;
0.294762;8.58651;
0.294782;8.58679;
0.294802;8.58708;
0.294822;8.58737;
0.294842;8.58765;
0.294862;8.58794;
0.294882;8.58823;
0.294902;8.58851;
0.294922;8.5888;
0.294942;8.58909;
0.294962;8.58938;
0.294982;8.58966;
0.295;8.58992;
0.295;8.58992;
0.295;8.58992;
0.295001;8.58993;
0.295001;8.58993;
0.295001;8.58993;
0.295001;8.58993;
0.295002;8.58994;
0.295002;8.58995;
0.295003;8.58997;
0.295006;8.59;
0.295011;8.59008;
0.295021;8.59022;
0.295036;8.59044;
0.295052;8.59066;
0.295066;8.59087;
0.295086;8.59116;
0.295104;8.59141;
0.295122;8.59167;
0.295142;8.59196;
0.295162;8.59225;
0.295182;8.59253;
0.295202;8.59282;
0.295222;8.59311;
0.295242;8.59339;
0.295262;8.59368;
0.295282;8.59397;
0.295302;8.59426;
0.295322;8.59454;
0.295342;8.59483;
0.295362;8.59512;
0.295382;8.5954;
0.295402;8.59569;
0.295422;8.59598;
0.295442;8.59627;
0.295462;8.59655;
0.295482;8.59684;
0.295501;8.59711;
0.295501;8.59711;
0.295501;8.59711;
0.295502;8.59712;
0.295502;8.59712;
0.295502;8.59713;
0.295502;8.59713;
0.295503;8.59713;
0.295503;8.59714;
0.295504;8.59716;
0.295507;8.5972;
0.295512;8.59727;
0.295522;8.59742;
0.295542;8.5977;
0.295562;8.59799;
0.295582;8.59828;
0.295602;8.59857;
0.295622;8.59885;
0.295642;8.59914;
0.295662;8.59943;
0.295682;8.59972;
0.295702;8.6;
0.295722;8.60029;
0.295742;8.60058;
0.295762;8.60087;
0.295782;8.60115;
0.295802;8.60144;
0.295822;8.60173;
0.295842;8.60201;
0.295862;8.6023;
0.295882;8.60259;
0.295902;8.60288;
0.295922;8.60316;
0.295942;8.60345;
0.295962;8.60374;
0.295982;8.60403;
0.296;8.60428;
0.296;8.60428;
0.296;8.60428;
0.296001;8.60429;
0.296001;8.60429;
0.296001;8.60429;
0.296001;8.6043;
0.296002;8.6043;
0.296002;8.60431;
0.296003;8.60433;
0.296006;8.60437;
0.296011;8.60444;
0.296021;8.60459;
0.296028;8.60467;
0.296033;8.60475;
0.296039;8.60482;
0.296044;8.60489;
0.296053;8.60499;
0.296069;8.6052;
0.296083;8.60538;
0.296098;8.60556;
0.296114;8.60576;
0.296134;8.60601;
0.296154;8.60626;
0.296174;8.60651;
0.296194;8.60677;
0.296214;8.60702;
0.296234;8.60727;
0.296254;8.60752;
0.296274;8.60777;
0.296294;8.60802;
0.296314;8.60828;
0.296334;8.60853;
0.296354;8.60878;
0.296374;8.60903;
0.296394;8.60928;
0.296414;8.60954;
0.296434;8.60979;
0.296454;8.61004;
0.296474;8.61029;
0.296494;8.61054;
0.296501;8.61064;
0.296501;8.61064;
0.296501;8.61064;
0.296502;8.61065;
0.296502;8.61065;
0.296502;8.61065;
0.296502;8.61065;
0.296503;8.61066;
0.296503;8.61066;
0.296504;8.61068;
0.296507;8.61071;
0.296512;8.61078;
0.296522;8.61091;
0.296542;8.61116;
0.296562;8.61141;
0.296582;8.61166;
0.296602;8.61191;
0.296622;8.61217;
0.296642;8.61242;
0.296662;8.61267;
0.296682;8.61292;
0.296702;8.61318;
0.296722;8.61343;
0.296742;8.61368;
0.296762;8.61393;
0.296782;8.61419;
0.296802;8.61444;
0.296822;8.61469;
0.296842;8.61494;
0.296862;8.6152;
0.296882;8.61545;
0.296902;8.6157;
0.296922;8.61595;
0.296942;8.61621;
0.296962;8.61646;
0.296982;8.61671;
0.297;8.61693;
0.297;8.61693;
0.297;8.61694;
0.297001;8.61694;
0.297001;8.61695;
0.297001;8.61695;
0.297001;8.61695;
0.297002;8.61695;
0.297002;8.61696;
0.297003;8.61698;
0.297006;8.61701;
0.297011;8.61707;
0.297021;8.6172;
0.297039;8.61743;
0.297057;8.61766;
0.297077;8.61791;
0.297097;8.61816;
0.297117;8.61842;
0.297137;8.61867;
0.297157;8.61892;
0.297177;8.61917;
0.297197;8.61943;
0.297217;8.61968;
0.297237;8.61993;
0.297257;8.62019;
0.297277;8.62044;
0.297297;8.62069;
0.297317;8.62095;
0.297337;8.6212;
0.297357;8.62145;
0.297377;8.62171;
0.297397;8.62196;
0.297417;8.62221;
0.297437;8.62247;
0.297457;8.62272;
0.297477;8.62297;
0.297497;8.62323;
0.297501;8.62327;
0.297501;8.62327;
0.297501;8.62328;
0.297502;8.62328;
0.297502;8.62328;
0.297502;8.62329;
0.297502;8.62329;
0.297503;8.62329;
0.297503;8.6233;
0.297504;8.62332;
0.297507;8.62335;
0.297512;8.62341;
0.297522;8.62354;
0.297542;8.6238;
0.297562;8.62405;
0.297582;8.6243;
0.297602;8.62456;
0.297622;8.62481;
0.297642;8.62506;
0.297662;8.62532;
0.297682;8.62557;
0.297702;8.62582;
0.297722;8.62608;
0.297742;8.62633;
0.297762;8.62659;
0.297782;8.62684;
0.297802;8.62709;
0.297822;8.62735;
0.297842;8.6276;
0.297862;8.62785;
0.297882;8.62811;
0.297902;8.62836;
0.297922;8.62862;
0.297942;8.62887;
0.297962;8.62912;
0.297982;8.62938;
0.298;8.6296;
0.298;8.6296;
0.298;8.6296;
0.298001;8.62961;
0.298001;8.62961;
0.298001;8.62961;
0.298001;8.62962;
0.298002;8.62962;
0.298002;8.62963;
0.298003;8.62964;
0.298006;8.62968;
0.298011;8.62974;
0.298021;8.62987;
0.298041;8.63013;
0.298061;8.63038;
0.298081;8.63063;
0.298101;8.63089;
0.298121;8.63114;
0.298141;8.6314;
0.298161;8.63165;
0.298181;8.6319;
0.298201;8.63216;
0.298221;8.63241;
0.298241;8.63267;
0.298261;8.63292;
0.298281;8.63318;
0.298301;8.63343;
0.298321;8.63368;
0.298341;8.63394;
0.298361;8.63419;
0.298381;8.63445;
0.298401;8.6347;
0.298421;8.63496;
0.298441;8.63521;
0.298461;8.63547;
0.298481;8.63572;
0.298501;8.63597;
0.298501;8.63597;
0.298501;8.63597;
0.298502;8.63598;
0.298502;8.63598;
0.298502;8.63598;
0.298502;8.63599;
0.298503;8.63599;
0.298503;8.636;
0.298504;8.63601;
0.298507;8.63605;
0.298512;8.63611;
0.298522;8.63624;
0.298542;8.6365;
0.298562;8.63675;
0.298582;8.63701;
0.298602;8.63726;
0.298622;8.63752;
0.298642;8.63777;
0.298662;8.63803;
0.298682;8.63828;
0.298702;8.63853;
0.298722;8.63879;
0.298742;8.63904;
0.298762;8.6393;
0.298782;8.63955;
0.298802;8.63981;
0.298822;8.64006;
0.298842;8.64032;
0.298862;8.64057;
0.298882;8.64083;
0.298902;8.64108;
0.298922;8.64134;
0.298942;8.64159;
0.298962;8.64185;
0.298982;8.6421;
0.299;8.64233;
0.299;8.64233;
0.299;8.64233;
0.299001;8.64234;
0.299001;8.64234;
0.299001;8.64234;
0.299001;8.64234;
0.299002;8.64235;
0.299002;8.64236;
0.299003;8.64237;
0.299006;8.64241;
0.299011;8.64247;
0.299021;8.6426;
0.299041;8.64286;
0.299061;8.64311;
0.299081;8.64336;
0.299101;8.64361;
0.299121;8.64387;
0.299141;8.64412;
0.299161;8.64438;
0.299181;8.64464;
0.299201;8.64489;
0.299221;8.64515;
0.299241;8.6454;
0.299261;8.64566;
0.299281;8.64591;
0.299301;8.64617;
0.299321;8.64642;
0.299341;8.64668;
0.299361;8.64693;
0.299381;8.64719;
0.299401;8.64745;
0.299421;8.6477;
0.299441;8.64796;
0.299461;8.64821;
0.299481;8.64847;
0.299501;8.64872;
0.299501;8.64873;
0.299501;8.64873;
0.299501;8.64873;
0.299502;8.64874;
0.299502;8.64874;
0.299502;8.64874;
0.299502;8.64874;
0.299503;8.64875;
0.299503;8.64876;
0.299504;8.64877;
0.299507;8.6488;
0.299512;8.64887;
0.299522;8.649;
0.299542;8.64926;
0.299562;8.64951;
0.299582;8.64977;
0.299602;8.65002;
0.299622;8.65028;
0.299642;8.65054;
0.299662;8.65079;
0.299682;8.65105;
0.299702;8.6513;
0.299722;8.65156;
0.299742;8.65182;
0.299762;8.65207;
0.299782;8.65233;
0.299802;8.65258;
0.299822;8.65284;
0.299842;8.6531;
0.299862;8.65335;
0.299882;8.65361;
0.299902;8.65386;
0.299922;8.65412;
0.299942;8.65438;
0.299962;8.65463;
0.299982;8.65489;
0.3;8.65511;
0.3;8.65511;
0.3;8.65512;
0.300001;8.65512;
0.300001;8.65513;
0.300001;8.65513;
0.300001;8.65513;
0.300002;8.65513;
0.300002;8.65514;
0.300003;8.65516;
0.300006;8.65519;
0.300011;8.65526;
0.300021;8.65539;
0.300041;8.65564;
0.300061;8.6559;
0.300081;8.65616;
0.300101;8.65641;
0.300121;8.65667;
0.300141;8.65693;
0.300161;8.65718;
0.300181;8.65744;
0.300201;8.65769;
0.300221;8.65795;
0.300241;8.65821;
0.300261;8.65846;
0.300281;8.65872;
0.300301;8.65898;
0.300321;8.65923;
0.300341;8.65949;
0.300361;8.65975;
0.300381;8.66;
0.300401;8.66026;
0.300421;8.66052;
0.300441;8.66077;
0.300461;8.66103;
0.300481;8.66129;
0.300501;8.66154;
0.300501;8.66154;
0.300501;8.66154;
0.300502;8.66155;
0.300502;8.66155;
0.300502;8.66155;
0.300502;8.66155;
0.300503;8.66156;
0.300503;8.66157;
0.300504;8.66158;
0.300507;8.66162;
0.300512;8.66168;
0.300522;8.66181;
0.300542;8.66207;
0.300562;8.66233;
0.300582;8.66258;
0.300602;8.66284;
0.300622;8.6631;
0.300642;8.66335;
0.300662;8.66361;
0.300682;8.66387;
0.300702;8.66413;
0.300722;8.66438;
0.300742;8.66464;
0.300762;8.6649;
0.300782;8.66515;
0.300802;8.66541;
0.300822;8.66567;
0.300842;8.66592;
0.300862;8.66618;
0.300882;8.66644;
0.300902;8.6667;
0.300922;8.66695;
0.300942;8.66721;
0.300962;8.66747;
0.300982;8.66772;
0.301;8.66795;
0.301;8.66795;
0.301;8.66795;
0.301001;8.66796;
0.301001;8.66796;
0.301001;8.66796;
0.301001;8.66797;
0.301002;8.66797;
0.301002;8.66798;
0.301003;8.668;
0.301006;8.66803;
0.301011;8.66809;
0.301021;8.66823;
0.301041;8.66848;
0.301061;8.66874;
0.301081;8.669;
0.301101;8.66925;
0.301121;8.66951;
0.301141;8.66976;
0.301161;8.67002;
0.301181;8.67028;
0.301201;8.67054;
0.301221;8.67079;
0.301241;8.67105;
0.301261;8.67131;
0.301281;8.67157;
0.301301;8.67182;
0.301321;8.67208;
0.301341;8.67234;
0.301361;8.6726;
0.301381;8.67285;
0.301401;8.67311;
0.301421;8.67337;
0.301441;8.67363;
0.301461;8.67388;
0.301481;8.67414;
0.301501;8.6744;
0.301501;8.6744;
0.301501;8.6744;
0.301501;8.6744;
0.301502;8.67441;
0.301502;8.67441;
0.301502;8.67441;
0.301502;8.67442;
0.301503;8.67442;
0.301503;8.67443;
0.301504;8.67445;
0.301507;8.67448;
0.301512;8.67454;
0.301522;8.67468;
0.301542;8.67493;
0.301562;8.67519;
0.301582;8.67545;
0.301602;8.67571;
0.301622;8.67597;
0.301642;8.67622;
0.301662;8.67648;
0.301682;8.67674;
0.301702;8.677;
0.301722;8.67725;
0.301742;8.67751;
0.301762;8.67777;
0.301782;8.67803;
0.301802;8.67829;
0.301822;8.67854;
0.301842;8.6788;
0.301862;8.67906;
0.301882;8.67932;
0.301902;8.67958;
0.301922;8.67983;
0.301942;8.68009;
0.301962;8.68035;
0.301982;8.68061;
0.302;8.68084;
0.302;8.68084;
0.302;8.68084;
0.302001;8.68085;
0.302001;8.68085;
0.302001;8.68085;
0.302001;8.68085;
0.302002;8.68086;
0.302002;8.68086;
0.302003;8.68088;
0.302006;8.68091;
0.302011;8.68098;
0.302021;8.68111;
0.302041;8.68137;
0.302061;8.68163;
0.302081;8.68189;
0.302101;8.68215;
0.302121;8.6824;
0.302141;8.68266;
0.302161;8.68292;
0.302181;8.68318;
0.302201;8.68344;
0.302221;8.6837;
0.302241;8.68395;
0.302261;8.68421;
0.302281;8.68447;
0.302301;8.68473;
0.302321;8.68499;
0.302341;8.68525;
0.302361;8.6855;
0.302381;8.68576;
0.302401;8.68602;
0.302421;8.68628;
0.302441;8.68654;
0.302461;8.6868;
0.302481;8.68706;
0.302501;8.68731;
0.302501;8.68731;
0.302501;8.68731;
0.302502;8.68732;
0.302502;8.68732;
0.302502;8.68732;
0.302502;8.68732;
0.302503;8.68733;
0.302503;8.68734;
0.302504;8.68735;
0.302507;8.68739;
0.302512;8.68745;
0.302522;8.68759;
0.302542;8.68784;
0.302562;8.6881;
0.302582;8.68836;
0.302602;8.68862;
0.302622;8.68888;
0.302642;8.68914;
0.302662;8.6894;
0.302682;8.68966;
0.302702;8.68991;
0.302722;8.69017;
0.302742;8.69043;
0.302762;8.69069;
0.302782;8.69095;
0.302802;8.69121;
0.302822;8.69147;
0.302842;8.69173;
0.302862;8.69198;
0.302882;8.69224;
0.302902;8.6925;
0.302922;8.69276;
0.302942;8.69302;
0.302962;8.69328;
0.302982;8.69354;
0.303;8.69377;
0.303;8.69377;
0.303;8.69377;
0.303001;8.69378;
0.303001;8.69378;
0.303001;8.69378;
0.303001;8.69378;
0.303002;8.69379;
0.303002;8.69379;
0.303003;8.69381;
0.303006;8.69384;
0.303011;8.69391;
0.303021;8.69404;
0.303041;8.6943;
0.303061;8.69456;
0.303081;8.69482;
0.303101;8.69508;
0.303121;8.69534;
0.303141;8.6956;
0.303161;8.69586;
0.303181;8.69612;
0.303201;8.69638;
0.303221;8.69663;
0.303241;8.69689;
0.303261;8.69715;
0.303281;8.69741;
0.303301;8.69767;
0.303321;8.69793;
0.303341;8.69819;
0.303361;8.69845;
0.303381;8.69871;
0.303401;8.69897;
0.303421;8.69923;
0.303441;8.69949;
0.303461;8.69975;
0.303481;8.70001;
0.303501;8.70026;
0.303501;8.70026;
0.303501;8.70026;
0.303502;8.70027;
0.303502;8.70027;
0.303502;8.70027;
0.303502;8.70028;
0.303503;8.70028;
0.303503;8.70029;
0.303504;8.7003;
0.303507;8.70034;
0.303512;8.7004;
0.303522;8.70054;
0.303542;8.7008;
0.303562;8.70106;
0.303582;8.70132;
0.303602;8.70158;
0.303622;8.70183;
0.303642;8.70209;
0.303662;8.70235;
0.303682;8.70261;
0.303702;8.70287;
0.303722;8.70313;
0.303742;8.70339;
0.303762;8.70365;
0.303782;8.70391;
0.303802;8.70417;
0.303822;8.70443;
0.303842;8.70469;
0.303862;8.70495;
0.303882;8.70521;
0.303902;8.70547;
0.303922;8.70573;
0.303942;8.70599;
0.303962;8.70625;
0.303982;8.70651;
0.304;8.70674;
0.304;8.70674;
0.304;8.70674;
0.304001;8.70675;
0.304001;8.70675;
0.304001;8.70675;
0.304001;8.70675;
0.304002;8.70676;
0.304002;8.70677;
0.304003;8.70678;
0.304006;8.70682;
0.304011;8.70688;
0.304021;8.70701;
0.304041;8.70727;
0.304061;8.70753;
0.304081;8.70779;
0.304098;8.70801;
0.304115;8.70823;
0.304135;8.70849;
0.304155;8.70875;
0.304175;8.70901;
0.304195;8.70927;
0.304215;8.70953;
0.304235;8.70979;
0.304255;8.71005;
0.304275;8.71031;
0.304295;8.71057;
0.304315;8.71083;
0.304335;8.71109;
0.304355;8.71135;
0.304375;8.71161;
0.304395;8.71187;
0.304415;8.71213;
0.304435;8.71239;
0.304455;8.71265;
0.304475;8.71291;
0.304495;8.71317;
0.304501;8.71325;
0.304501;8.71325;
0.304501;8.71325;
0.304502;8.71326;
0.304502;8.71326;
0.304502;8.71326;
0.304502;8.71326;
0.304503;8.71327;
0.304503;8.71328;
0.304504;8.71329;
0.304507;8.71333;
0.304512;8.71339;
0.304522;8.71353;
0.304542;8.71379;
0.304562;8.71405;
0.304582;8.71431;
0.304602;8.71457;
0.304622;8.71483;
0.304642;8.71509;
0.304662;8.71535;
0.304682;8.71561;
0.304702;8.71587;
0.304722;8.71613;
0.304742;8.71639;
0.304762;8.71665;
0.304782;8.71691;
0.304802;8.71717;
0.304822;8.71743;
0.304842;8.71769;
0.304862;8.71795;
0.304882;8.71821;
0.304902;8.71847;
0.304922;8.71873;
0.304942;8.71899;
0.304962;8.71925;
0.304982;8.71951;
0.305;8.71974;
0.305;8.71975;
0.305;8.71975;
0.305001;8.71975;
0.305001;8.71976;
0.305001;8.71976;
0.305001;8.71976;
0.305002;8.71976;
0.305002;8.71977;
0.305003;8.71979;
0.305006;8.71982;
0.305011;8.71989;
0.305021;8.72002;
0.305036;8.72022;
0.305052;8.72042;
0.305069;8.72064;
0.305089;8.7209;
0.305104;8.7211;
0.305121;8.72132;
0.305141;8.72158;
0.305161;8.72184;
0.305181;8.7221;
0.305201;8.72236;
0.305221;8.72262;
0.305241;8.72288;
0.305261;8.72314;
0.305281;8.7234;
0.305301;8.72366;
0.305321;8.72392;
0.305341;8.72418;
0.305361;8.72444;
0.305381;8.72471;
0.305401;8.72497;
0.305421;8.72523;
0.305441;8.72549;
0.305461;8.72575;
0.305481;8.72601;
0.305501;8.72627;
0.305501;8.72627;
0.305501;8.72627;
0.305501;8.72628;
0.305502;8.72628;
0.305502;8.72629;
0.305502;8.72629;
0.305502;8.72629;
0.305503;8.72629;
0.305503;8.7263;
0.305504;8.72632;
0.305507;8.72635;
0.305512;8.72642;
0.305522;8.72655;
0.305542;8.72681;
0.305562;8.72707;
0.305582;8.72733;
0.305602;8.7276;
0.305622;8.72786;
0.305642;8.72812;
0.305662;8.72838;
0.305682;8.72864;
0.305702;8.7289;
0.305722;8.72916;
0.305742;8.72942;
0.305762;8.72968;
0.305782;8.72994;
0.305802;8.7302;
0.305822;8.73047;
0.305842;8.73073;
0.305862;8.73099;
0.305882;8.73125;
0.305902;8.73151;
0.305922;8.73177;
0.305942;8.73203;
0.305962;8.73229;
0.305982;8.73255;
0.306;8.73278;
0.306;8.73279;
0.306;8.73279;
0.306001;8.73279;
0.306001;8.7328;
0.306001;8.7328;
0.306001;8.7328;
0.306002;8.7328;
0.306002;8.73281;
0.306003;8.73283;
0.306006;8.73286;
0.306011;8.73293;
0.306021;8.73306;
0.30603;8.73317;
0.306038;8.73327;
0.306045;8.73335;
0.306052;8.73344;
0.306064;8.73358;
0.30608;8.73376;
0.306099;8.73399;
0.306118;8.73422;
0.306136;8.73443;
0.306156;8.73467;
0.306176;8.7349;
0.306196;8.73514;
0.306216;8.73538;
0.306236;8.73561;
0.306256;8.73585;
0.306276;8.73609;
0.306296;8.73632;
0.306316;8.73656;
0.306336;8.7368;
0.306356;8.73703;
0.306376;8.73727;
0.306396;8.73751;
0.306416;8.73774;
0.306436;8.73798;
0.306456;8.73822;
0.306476;8.73845;
0.306496;8.73869;
0.306501;8.73875;
0.306501;8.73875;
0.306501;8.73875;
0.306502;8.73876;
0.306502;8.73876;
0.306502;8.73876;
0.306502;8.73876;
0.306503;8.73877;
0.306503;8.73877;
0.306504;8.73879;
0.306507;8.73882;
0.306512;8.73888;
0.306522;8.739;
0.306542;8.73924;
0.306562;8.73948;
0.306582;8.73971;
0.306602;8.73995;
0.306622;8.74019;
0.306642;8.74042;
0.306662;8.74066;
0.306682;8.7409;
0.306702;8.74113;
0.306722;8.74137;
0.306742;8.74161;
0.306762;8.74185;
0.306782;8.74208;
0.306802;8.74232;
0.306822;8.74256;
0.306842;8.7428;
0.306862;8.74303;
0.306882;8.74327;
0.306902;8.74351;
0.306922;8.74374;
0.306942;8.74398;
0.306962;8.74422;
0.306982;8.74446;
0.307;8.74467;
0.307;8.74467;
0.307;8.74467;
0.307001;8.74467;
0.307001;8.74468;
0.307001;8.74468;
0.307001;8.74468;
0.307002;8.74468;
0.307002;8.74469;
0.307003;8.74471;
0.307006;8.74474;
0.307011;8.7448;
0.307021;8.74492;
0.307041;8.74516;
0.307061;8.7454;
0.307081;8.74563;
0.307101;8.74587;
0.307121;8.74611;
0.307141;8.74635;
0.307161;8.74658;
0.307181;8.74682;
0.307201;8.74706;
0.307221;8.7473;
0.307241;8.74753;
0.307261;8.74777;
0.307281;8.74801;
0.307301;8.74825;
0.307321;8.74849;
0.307341;8.74872;
0.307361;8.74896;
0.307381;8.7492;
0.307401;8.74944;
0.307421;8.74968;
0.307441;8.74991;
0.307461;8.75015;
0.307481;8.75039;
0.307501;8.75062;
0.307501;8.75062;
0.307501;8.75063;
0.307502;8.75063;
0.307502;8.75063;
0.307502;8.75064;
0.307502;8.75064;
0.307503;8.75064;
0.307503;8.75065;
0.307504;8.75066;
0.307507;8.7507;
0.307512;8.75076;
0.307522;8.75088;
0.307542;8.75112;
0.307562;8.75135;
0.307582;8.75159;
0.307602;8.75183;
0.307622;8.75207;
0.307642;8.75231;
0.307662;8.75255;
0.307682;8.75278;
0.307702;8.75302;
0.307722;8.75326;
0.307742;8.7535;
0.307762;8.75374;
0.307782;8.75398;
0.307802;8.75421;
0.307822;8.75445;
0.307842;8.75469;
0.307862;8.75493;
0.307882;8.75517;
0.307902;8.75541;
0.307922;8.75565;
0.307942;8.75588;
0.307962;8.75612;
0.307982;8.75636;
0.308;8.75657;
0.308;8.75657;
0.308;8.75658;
0.308001;8.75658;
0.308001;8.75658;
0.308001;8.75658;
0.308001;8.75659;
0.308002;8.75659;
0.308002;8.7566;
0.308003;8.75661;
0.308006;8.75664;
0.308011;8.7567;
0.308021;8.75683;
0.308041;8.75707;
0.308061;8.7573;
0.308081;8.75754;
0.308101;8.75778;
0.308121;8.75802;
0.308141;8.75826;
0.308161;8.7585;
0.308181;8.75874;
0.308201;8.75898;
0.308221;8.75922;
0.308241;8.75945;
0.308261;8.75969;
0.308281;8.75993;
0.308301;8.76017;
0.308321;8.76041;
0.308341;8.76065;
0.308361;8.76089;
0.308381;8.76113;
0.308401;8.76137;
0.308421;8.76161;
0.308441;8.76185;
0.308461;8.76209;
0.308481;8.76232;
0.308501;8.76256;
0.308501;8.76256;
0.308501;8.76256;
0.308502;8.76257;
0.308502;8.76257;
0.308502;8.76257;
0.308502;8.76257;
0.308503;8.76258;
0.308503;8.76259;
0.308504;8.7626;
0.308507;8.76263;
0.308512;8.76269;
0.308522;8.76281;
0.308542;8.76305;
0.308562;8.76329;
0.308582;8.76353;
0.308602;8.76377;
0.308622;8.76401;
0.308642;8.76425;
0.308662;8.76449;
0.308682;8.76473;
0.308702;8.76497;
0.308722;8.76521;
0.308742;8.76545;
0.308762;8.76569;
0.308782;8.76593;
0.308802;8.76617;
0.308822;8.76641;
0.308842;8.76665;
0.308862;8.76689;
0.308882;8.76713;
0.308902;8.76737;
0.308922;8.76761;
0.308942;8.76785;
0.308962;8.76809;
0.308982;8.76832;
0.309;8.76854;
0.309;8.76854;
0.309;8.76854;
0.309001;8.76854;
0.309001;8.76855;
0.309001;8.76855;
0.309001;8.76855;
0.309002;8.76855;
0.309002;8.76856;
0.309003;8.76858;
0.309006;8.76861;
0.309011;8.76867;
0.309021;8.76879;
0.309041;8.76903;
0.309061;8.76927;
0.309081;8.76951;
0.309101;8.76975;
0.309121;8.76999;
0.309141;8.77023;
0.309161;8.77047;
0.309181;8.77071;
0.309201;8.77095;
0.309221;8.77119;
0.309241;8.77143;
0.309261;8.77167;
0.309281;8.77191;
0.309301;8.77215;
0.309321;8.77239;
0.309341;8.77263;
0.309361;8.77287;
0.309381;8.77311;
0.309401;8.77335;
0.309421;8.77359;
0.309441;8.77383;
0.309461;8.77407;
0.309481;8.77431;
0.309501;8.77455;
0.309501;8.77455;
0.309501;8.77455;
0.309501;8.77455;
0.309501;8.77455;
0.309501;8.77456;
0.309502;8.77456;
0.309502;8.77456;
0.309502;8.77456;
0.309502;8.77457;
0.309503;8.77457;
0.309503;8.77458;
0.309505;8.77459;
0.309507;8.77463;
0.309513;8.77469;
0.309524;8.77482;
0.309544;8.77507;
0.309564;8.77531;
0.309584;8.77555;
0.309604;8.77579;
0.309624;8.77603;
0.309644;8.77627;
0.309664;8.77651;
0.309684;8.77675;
0.309704;8.77699;
0.309724;8.77723;
0.309744;8.77747;
0.309764;8.77771;
0.309784;8.77795;
0.309804;8.77819;
0.309824;8.77843;
0.309844;8.77867;
0.309864;8.77891;
0.309884;8.77916;
0.309904;8.7794;
0.309924;8.77964;
0.309944;8.77988;
0.309964;8.78012;
0.309984;8.78036;
0.31;8.78055;
0.31;8.78056;
0.31;8.78056;
0.310001;8.78056;
0.310001;8.78057;
0.310001;8.78057;
0.310001;8.78057;
0.310002;8.78057;
0.310002;8.78058;
0.310003;8.7806;
0.310006;8.78063;
0.310011;8.78069;
0.310021;8.78081;
0.310041;8.78105;
0.310061;8.78129;
0.310081;8.78154;
0.310101;8.78178;
0.310121;8.78202;
0.310141;8.78226;
0.310161;8.7825;
0.310181;8.78274;
0.310201;8.78298;
0.310221;8.78322;
0.310241;8.78346;
0.310261;8.7837;
0.310281;8.78395;
0.310301;8.78419;
0.310321;8.78443;
0.310341;8.78467;
0.310361;8.78491;
0.310381;8.78515;
0.310401;8.78539;
0.310421;8.78563;
0.310441;8.78588;
0.310461;8.78612;
0.310481;8.78636;
0.310501;8.7866;
0.310501;8.7866;
0.310501;8.7866;
0.310502;8.7866;
0.310502;8.78661;
0.310502;8.78661;
0.310502;8.78661;
0.310503;8.78661;
0.310503;8.78662;
0.310504;8.78664;
0.310507;8.78667;
0.310512;8.78673;
0.310522;8.78685;
0.310542;8.78709;
0.310562;8.78734;
0.310582;8.78758;
0.310602;8.78782;
0.310622;8.78806;
0.310642;8.7883;
0.310662;8.78854;
0.310682;8.78879;
0.310702;8.78903;
0.310722;8.78927;
0.310742;8.78951;
0.310762;8.78975;
0.310782;8.78999;
0.310802;8.79023;
0.310822;8.79048;
0.310842;8.79072;
0.310862;8.79096;
0.310882;8.7912;
0.310902;8.79144;
0.310922;8.79169;
0.310942;8.79193;
0.310962;8.79217;
0.310982;8.79241;
0.311;8.79262;
0.311;8.79262;
0.311;8.79263;
0.311001;8.79263;
0.311001;8.79264;
0.311001;8.79264;
0.311001;8.79264;
0.311002;8.79264;
0.311002;8.79265;
0.311003;8.79267;
0.311006;8.7927;
0.311011;8.79276;
0.311021;8.79288;
0.311041;8.79312;
0.311061;8.79337;
0.311081;8.79361;
0.311097;8.7938;
0.311114;8.794;
0.311133;8.79423;
0.311153;8.79447;
0.311173;8.79471;
0.311193;8.79496;
0.311213;8.7952;
0.311233;8.79544;
0.311253;8.79568;
0.311273;8.79592;
0.311293;8.79617;
0.311313;8.79641;
0.311333;8.79665;
0.311353;8.79689;
0.311373;8.79714;
0.311393;8.79738;
0.311413;8.79762;
0.311433;8.79786;
0.311453;8.7981;
0.311473;8.79835;
0.311493;8.79859;
0.311501;8.79869;
0.311501;8.79869;
0.311501;8.79869;
0.311502;8.7987;
0.311502;8.7987;
0.311502;8.7987;
0.311502;8.7987;
0.311503;8.79871;
0.311503;8.79871;
0.311504;8.79873;
0.311507;8.79876;
0.311512;8.79882;
0.311522;8.79895;
0.311542;8.79919;
0.311562;8.79943;
0.311582;8.79967;
0.311602;8.79992;
0.311622;8.80016;
0.311642;8.8004;
0.311662;8.80064;
0.311682;8.80089;
0.311702;8.80113;
0.311722;8.80137;
0.311742;8.80161;
0.311762;8.80186;
0.311782;8.8021;
0.311802;8.80234;
0.311822;8.80258;
0.311842;8.80283;
0.311862;8.80307;
0.311882;8.80331;
0.311902;8.80355;
0.311922;8.8038;
0.311942;8.80404;
0.311962;8.80428;
0.311982;8.80453;
0.312;8.80474;
0.312;8.80474;
0.312;8.80474;
0.312001;8.80475;
0.312001;8.80475;
0.312001;8.80475;
0.312001;8.80475;
0.312002;8.80476;
0.312002;8.80477;
0.312003;8.80478;
0.312006;8.80481;
0.312011;8.80487;
0.312021;8.805;
0.312036;8.80518;
0.312054;8.80539;
0.312074;8.80564;
0.312094;8.80588;
0.312114;8.80612;
0.312133;8.80635;
0.312153;8.80659;
0.312173;8.80684;
0.312193;8.80708;
0.312213;8.80732;
0.312233;8.80756;
0.312253;8.80781;
0.312273;8.80805;
0.312293;8.80829;
0.312313;8.80854;
0.312333;8.80878;
0.312353;8.80902;
0.312373;8.80927;
0.312393;8.80951;
0.312413;8.80975;
0.312433;8.80999;
0.312453;8.81024;
0.312473;8.81048;
0.312493;8.81072;
0.312501;8.81082;
0.312501;8.81083;
0.312501;8.81083;
0.312502;8.81083;
0.312502;8.81084;
0.312502;8.81084;
0.312502;8.81084;
0.312503;8.81084;
0.312503;8.81085;
0.312504;8.81087;
0.312507;8.8109;
0.312512;8.81096;
0.312522;8.81109;
0.312542;8.81133;
0.312562;8.81157;
0.312582;8.81181;
0.312602;8.81206;
0.312622;8.8123;
0.312642;8.81254;
0.312662;8.81279;
0.312682;8.81303;
0.312702;8.81327;
0.312722;8.81352;
0.312742;8.81376;
0.312762;8.814;
0.312782;8.81425;
0.312802;8.81449;
0.312822;8.81473;
0.312842;8.81498;
0.312862;8.81522;
0.312882;8.81547;
0.312902;8.81571;
0.312922;8.81595;
0.312942;8.8162;
0.312962;8.81644;
0.312982;8.81668;
0.313;8.8169;
0.313;8.8169;
0.313;8.8169;
0.313001;8.81691;
0.313001;8.81691;
0.313001;8.81691;
0.313001;8.81691;
0.313002;8.81692;
0.313002;8.81692;
0.313003;8.81694;
0.313006;8.81697;
0.313011;8.81703;
0.313021;8.81716;
0.313033;8.8173;
0.313044;8.81742;
0.313053;8.81754;
0.313064;8.81765;
0.31308;8.81784;
0.313094;8.81801;
0.31311;8.81819;
0.31313;8.81842;
0.31315;8.81865;
0.31317;8.81888;
0.31319;8.81911;
0.31321;8.81935;
0.31323;8.81958;
0.31325;8.81981;
0.31327;8.82004;
0.31329;8.82027;
0.31331;8.8205;
0.31333;8.82074;
0.31335;8.82097;
0.31337;8.8212;
0.31339;8.82143;
0.31341;8.82166;
0.31343;8.82189;
0.31345;8.82213;
0.31347;8.82236;
0.31349;8.82259;
0.313501;8.82272;
0.313501;8.82272;
0.313501;8.82272;
0.313502;8.82273;
0.313502;8.82273;
0.313502;8.82273;
0.313502;8.82273;
0.313503;8.82274;
0.313503;8.82274;
0.313504;8.82276;
0.313507;8.82279;
0.313512;8.82285;
0.313522;8.82297;
0.313542;8.8232;
0.313562;8.82343;
0.313582;8.82366;
0.313602;8.82389;
0.313622;8.82413;
0.313642;8.82436;
0.313662;8.82459;
0.313682;8.82482;
0.313702;8.82505;
0.313722;8.82529;
0.313742;8.82552;
0.313762;8.82575;
0.313782;8.82598;
0.313802;8.82622;
0.313822;8.82645;
0.313842;8.82668;
0.313862;8.82691;
0.313882;8.82714;
0.313902;8.82738;
0.313922;8.82761;
0.313942;8.82784;
0.313962;8.82807;
0.313982;8.82831;
0.314;8.82851;
0.314;8.82851;
0.314;8.82851;
0.314001;8.82852;
0.314001;8.82852;
0.314001;8.82852;
0.314001;8.82853;
0.314002;8.82853;
0.314002;8.82854;
0.314003;8.82855;
0.314006;8.82858;
0.314011;8.82864;
0.314021;8.82876;
0.314041;8.82899;
0.314061;8.82922;
0.314081;8.82946;
0.314101;8.82969;
0.314121;8.82992;
0.314141;8.83015;
0.314161;8.83039;
0.314181;8.83062;
0.314201;8.83085;
0.314221;8.83108;
0.314241;8.83132;
0.314261;8.83155;
0.314281;8.83178;
0.314301;8.83202;
0.314321;8.83225;
0.314341;8.83248;
0.314361;8.83271;
0.314381;8.83295;
0.314401;8.83318;
0.314421;8.83341;
0.314441;8.83364;
0.314461;8.83388;
0.314481;8.83411;
0.314501;8.83434;
0.314501;8.83434;
0.314501;8.83434;
0.314502;8.83435;
0.314502;8.83435;
0.314502;8.83435;
0.314502;8.83435;
0.314503;8.83436;
0.314503;8.83436;
0.314504;8.83438;
0.314507;8.83441;
0.314512;8.83447;
0.314522;8.83459;
0.314542;8.83482;
0.314562;8.83505;
0.314582;8.83529;
0.314602;8.83552;
0.314622;8.83575;
0.314642;8.83599;
0.314662;8.83622;
0.314682;8.83645;
0.314702;8.83669;
0.314722;8.83692;
0.314742;8.83715;
0.314762;8.83739;
0.314782;8.83762;
0.314802;8.83785;
0.314822;8.83808;
0.314842;8.83832;
0.314862;8.83855;
0.314882;8.83878;
0.314902;8.83902;
0.314922;8.83925;
0.314942;8.83948;
0.314962;8.83972;
0.314982;8.83995;
0.315;8.84016;
0.315;8.84016;
0.315;8.84016;
0.315001;8.84017;
0.315001;8.84017;
0.315001;8.84017;
0.315001;8.84017;
0.315002;8.84018;
0.315002;8.84018;
0.315003;8.8402;
0.315006;8.84023;
0.315011;8.84029;
0.315021;8.84041;
0.315041;8.84064;
0.315061;8.84087;
0.315081;8.84111;
0.315098;8.8413;
0.315116;8.84151;
0.315136;8.84174;
0.315156;8.84198;
0.315176;8.84221;
0.315196;8.84244;
0.315216;8.84268;
0.315236;8.84291;
0.315256;8.84315;
0.315276;8.84338;
0.315296;8.84361;
0.315316;8.84385;
0.315336;8.84408;
0.315356;8.84431;
0.315376;8.84455;
0.315396;8.84478;
0.315416;8.84502;
0.315436;8.84525;
0.315456;8.84548;
0.315476;8.84572;
0.315496;8.84595;
0.315501;8.84601;
0.315501;8.84601;
0.315501;8.84601;
0.315502;8.84602;
0.315502;8.84602;
0.315502;8.84602;
0.315502;8.84603;
0.315503;8.84603;
0.315503;8.84604;
0.315504;8.84605;
0.315507;8.84608;
0.315512;8.84614;
0.315522;8.84626;
0.315542;8.84649;
0.315562;8.84673;
0.315582;8.84696;
0.315602;8.8472;
0.315622;8.84743;
0.315642;8.84767;
0.315662;8.8479;
0.315682;8.84813;
0.315702;8.84837;
0.315722;8.8486;
0.315742;8.84884;
0.315762;8.84907;
0.315782;8.8493;
0.315802;8.84954;
0.315822;8.84977;
0.315842;8.85001;
0.315862;8.85024;
0.315882;8.85048;
0.315902;8.85071;
0.315922;8.85094;
0.315942;8.85118;
0.315962;8.85141;
0.315982;8.85165;
0.316;8.85185;
0.316;8.85185;
0.316;8.85186;
0.316001;8.85186;
0.316001;8.85186;
0.316001;8.85187;
0.316001;8.85187;
0.316002;8.85187;
0.316002;8.85188;
0.316003;8.85189;
0.316006;8.85192;
0.316011;8.85198;
0.316021;8.8521;
0.316036;8.85228;
0.316052;8.85246;
0.316067;8.85263;
0.316087;8.85287;
0.316104;8.85307;
0.316121;8.85328;
0.316141;8.85351;
0.316161;8.85375;
0.316181;8.85398;
0.316201;8.85421;
0.316221;8.85445;
0.316241;8.85468;
0.316261;8.85492;
0.316281;8.85515;
0.316301;8.85539;
0.316321;8.85562;
0.316341;8.85586;
0.316361;8.85609;
0.316381;8.85633;
0.316401;8.85656;
0.316421;8.8568;
0.316441;8.85703;
0.316461;8.85727;
0.316481;8.8575;
0.316501;8.85773;
0.316501;8.85773;
0.316501;8.85773;
0.316502;8.85774;
0.316502;8.85774;
0.316502;8.85774;
0.316502;8.85774;
0.316503;8.85775;
0.316503;8.85776;
0.316504;8.85777;
0.316507;8.8578;
0.316512;8.85786;
0.316522;8.85798;
0.316542;8.85822;
0.316562;8.85845;
0.316582;8.85869;
0.316602;8.85892;
0.316622;8.85916;
0.316642;8.85939;
0.316662;8.85963;
0.316682;8.85986;
0.316702;8.8601;
0.316722;8.86033;
0.316742;8.86057;
0.316762;8.8608;
0.316782;8.86104;
0.316802;8.86127;
0.316822;8.86151;
0.316842;8.86174;
0.316862;8.86198;
0.316882;8.86221;
0.316902;8.86245;
0.316922;8.86268;
0.316942;8.86292;
0.316962;8.86315;
0.316982;8.86339;
0.317;8.86359;
0.317;8.8636;
0.317;8.8636;
0.317001;8.8636;
0.317001;8.86361;
0.317001;8.86361;
0.317001;8.86361;
0.317002;8.86361;
0.317002;8.86362;
0.317003;8.86364;
0.317006;8.86367;
0.317011;8.86373;
0.317021;8.86385;
0.317029;8.86393;
0.317036;8.864;
0.317041;8.86406;
0.317047;8.86412;
0.317057;8.86422;
0.317077;8.86442;
0.317094;8.86461;
0.317114;8.86481;
0.317133;8.865;
0.317153;8.86521;
0.317173;8.86542;
0.317193;8.86562;
0.317213;8.86583;
0.317233;8.86603;
0.317253;8.86624;
0.317273;8.86644;
0.317293;8.86665;
0.317313;8.86685;
0.317333;8.86706;
0.317353;8.86726;
0.317373;8.86747;
0.317393;8.86767;
0.317413;8.86788;
0.317433;8.86808;
0.317453;8.86829;
0.317473;8.8685;
0.317493;8.8687;
0.317501;8.86878;
0.317501;8.86878;
0.317501;8.86878;
0.317502;8.86879;
0.317502;8.86879;
0.317502;8.86879;
0.317502;8.86879;
0.317503;8.8688;
0.317503;8.8688;
0.317504;8.86882;
0.317507;8.86884;
0.317512;8.8689;
0.317522;8.869;
0.317542;8.86921;
0.317562;8.86941;
0.317582;8.86962;
0.317602;8.86982;
0.317622;8.87003;
0.317642;8.87024;
0.317662;8.87044;
0.317682;8.87065;
0.317702;8.87085;
0.317722;8.87106;
0.317742;8.87127;
0.317762;8.87147;
0.317782;8.87168;
0.317802;8.87188;
0.317822;8.87209;
0.317842;8.8723;
0.317862;8.8725;
0.317882;8.87271;
0.317902;8.87292;
0.317922;8.87312;
0.317942;8.87333;
0.317962;8.87354;
0.317982;8.87374;
0.318;8.87392;
0.318;8.87392;
0.318;8.87393;
0.318001;8.87393;
0.318001;8.87393;
0.318001;8.87393;
0.318001;8.87394;
0.318002;8.87394;
0.318002;8.87395;
0.318003;8.87396;
0.318006;8.87399;
0.318011;8.87404;
0.318021;8.87414;
0.318041;8.87435;
0.318061;8.87456;
0.318081;8.87476;
0.318101;8.87497;
0.318121;8.87518;
0.318141;8.87538;
0.318161;8.87559;
0.318181;8.8758;
0.318201;8.876;
0.318221;8.87621;
0.318241;8.87642;
0.318261;8.87663;
0.318281;8.87683;
0.318301;8.87704;
0.318321;8.87725;
0.318341;8.87745;
0.318361;8.87766;
0.318381;8.87787;
0.318401;8.87808;
0.318421;8.87828;
0.318441;8.87849;
0.318461;8.8787;
0.318481;8.8789;
0.318501;8.87911;
0.318501;8.87911;
0.318501;8.87911;
0.318502;8.87911;
0.318502;8.87912;
0.318502;8.87912;
0.318502;8.87912;
0.318503;8.87912;
0.318503;8.87913;
0.318504;8.87914;
0.318507;8.87917;
0.318512;8.87922;
0.318522;8.87933;
0.318542;8.87954;
0.318562;8.87974;
0.318582;8.87995;
0.318602;8.88016;
0.318622;8.88037;
0.318642;8.88057;
0.318662;8.88078;
0.318682;8.88099;
0.318702;8.8812;
0.318722;8.8814;
0.318742;8.88161;
0.318762;8.88182;
0.318782;8.88203;
0.318802;8.88224;
0.318822;8.88244;
0.318842;8.88265;
0.318862;8.88286;
0.318882;8.88307;
0.318902;8.88328;
0.318922;8.88348;
0.318942;8.88369;
0.318962;8.8839;
0.318982;8.88411;
0.319;8.88429;
0.319;8.88429;
0.319;8.88429;
0.319001;8.8843;
0.319001;8.8843;
0.319001;8.8843;
0.319001;8.8843;
0.319002;8.88431;
0.319002;8.88431;
0.319003;8.88433;
0.319006;8.88435;
0.319011;8.88441;
0.319021;8.88451;
0.319041;8.88472;
0.319061;8.88493;
0.319081;8.88514;
0.319101;8.88534;
0.319121;8.88555;
0.319141;8.88576;
0.319161;8.88597;
0.319181;8.88618;
0.319201;8.88639;
0.319221;8.88659;
0.319241;8.8868;
0.319261;8.88701;
0.319281;8.88722;
0.319301;8.88743;
0.319321;8.88764;
0.319341;8.88785;
0.319361;8.88805;
0.319381;8.88826;
0.319401;8.88847;
0.319421;8.88868;
0.319441;8.88889;
0.319461;8.8891;
0.319481;8.88931;
0.319501;8.88951;
0.319501;8.88952;
0.319501;8.88952;
0.319502;8.88952;
0.319502;8.88952;
0.319502;8.88953;
0.319502;8.88953;
0.319503;8.88953;
0.319503;8.88954;
0.319504;8.88955;
0.319507;8.88958;
0.319512;8.88963;
0.319522;8.88974;
0.319542;8.88995;
0.319562;8.89016;
0.319582;8.89036;
0.319602;8.89057;
0.319622;8.89078;
0.319642;8.89099;
0.319662;8.8912;
0.319682;8.89141;
0.319702;8.89162;
0.319722;8.89183;
0.319742;8.89204;
0.319762;8.89225;
0.319782;8.89246;
0.319802;8.89267;
0.319822;8.89288;
0.319842;8.89308;
0.319862;8.89329;
0.319882;8.8935;
0.319902;8.89371;
0.319922;8.89392;
0.319942;8.89413;
0.319962;8.89434;
0.319982;8.89455;
0.32;8.89474;
0.32;8.89474;
0.32;8.89474;
0.320001;8.89474;
0.320001;8.89475;
0.320001;8.89475;
0.320001;8.89475;
0.320002;8.89475;
0.320002;8.89476;
0.320003;8.89477;
0.320006;8.8948;
0.320011;8.89485;
0.320021;8.89496;
0.320041;8.89517;
0.320061;8.89538;
0.320081;8.89559;
0.320101;8.8958;
0.320121;8.89601;
0.320141;8.89622;
0.320161;8.89643;
0.320181;8.89664;
0.320201;8.89685;
0.320221;8.89706;
0.320241;8.89727;
0.320261;8.89748;
0.320281;8.89769;
0.320301;8.8979;
0.320321;8.89811;
0.320341;8.89832;
0.320361;8.89853;
0.320381;8.89874;
0.320401;8.89895;
0.320421;8.89916;
0.320441;8.89937;
0.320461;8.89958;
0.320481;8.89979;
0.320501;8.9;
0.320501;8.9;
0.320501;8.9;
0.320502;8.9;
0.320502;8.90001;
0.320502;8.90001;
0.320502;8.90001;
0.320503;8.90001;
0.320503;8.90002;
0.320504;8.90003;
0.320507;8.90006;
0.320512;8.90012;
0.320522;8.90022;
0.320542;8.90043;
0.320562;8.90064;
0.320582;8.90085;
0.320602;8.90106;
0.320622;8.90128;
0.320642;8.90149;
0.320662;8.9017;
0.320682;8.90191;
0.320702;8.90212;
0.320722;8.90233;
0.320742;8.90254;
0.320762;8.90275;
0.320782;8.90296;
0.320802;8.90317;
0.320822;8.90338;
0.320842;8.90359;
0.320862;8.9038;
0.320882;8.90402;
0.320902;8.90423;
0.320922;8.90444;
0.320942;8.90465;
0.320962;8.90486;
0.320982;8.90507;
0.321;8.90526;
0.321;8.90526;
0.321;8.90526;
0.321001;8.90526;
0.321001;8.90527;
0.321001;8.90527;
0.321001;8.90527;
0.321002;8.90527;
0.321002;8.90528;
0.321003;8.90529;
0.321006;8.90532;
0.321011;8.90537;
0.321021;8.90548;
0.321041;8.90569;
0.321061;8.9059;
0.321079;8.90609;
0.321098;8.90629;
0.321118;8.9065;
0.321138;8.90671;
0.321158;8.90692;
0.321178;8.90713;
0.321198;8.90734;
0.321218;8.90755;
0.321238;8.90777;
0.321258;8.90798;
0.321278;8.90819;
0.321298;8.9084;
0.321318;8.90861;
0.321338;8.90882;
0.321358;8.90903;
0.321378;8.90925;
0.321398;8.90946;
0.321418;8.90967;
0.321438;8.90988;
0.321458;8.91009;
0.321478;8.9103;
0.321498;8.91052;
0.321501;8.91055;
0.321501;8.91055;
0.321501;8.91056;
0.321502;8.91056;
0.321502;8.91056;
0.321502;8.91056;
0.321502;8.91057;
0.321503;8.91057;
0.321503;8.91058;
0.321504;8.91059;
0.321507;8.91062;
0.321512;8.91067;
0.321522;8.91078;
0.321542;8.91099;
0.321562;8.9112;
0.321582;8.91142;
0.321602;8.91163;
0.321622;8.91184;
0.321642;8.91205;
0.321662;8.91226;
0.321682;8.91248;
0.321702;8.91269;
0.321722;8.9129;
0.321742;8.91311;
0.321762;8.91332;
0.321782;8.91354;
0.321802;8.91375;
0.321822;8.91396;
0.321842;8.91417;
0.321862;8.91438;
0.321882;8.9146;
0.321902;8.91481;
0.321922;8.91502;
0.321942;8.91523;
0.321962;8.91545;
0.321982;8.91566;
0.322;8.91585;
0.322;8.91585;
0.322;8.91585;
0.322001;8.91585;
0.322001;8.91586;
0.322001;8.91586;
0.322001;8.91586;
0.322002;8.91586;
0.322002;8.91587;
0.322003;8.91588;
0.322006;8.91591;
0.322011;8.91596;
0.322021;8.91607;
0.322041;8.91629;
0.322061;8.9165;
0.322081;8.91671;
0.322101;8.91692;
0.322121;8.91714;
0.322141;8.91735;
0.322161;8.91756;
0.322181;8.91777;
0.322201;8.91799;
0.322221;8.9182;
0.322241;8.91841;
0.322261;8.91863;
0.322281;8.91884;
0.322301;8.91905;
0.322321;8.91926;
0.322341;8.91948;
0.322361;8.91969;
0.322381;8.9199;
0.322401;8.92012;
0.322421;8.92033;
0.322441;8.92054;
0.322461;8.92075;
0.322481;8.92097;
0.322501;8.92118;
0.322501;8.92118;
0.322501;8.92118;
0.322502;8.92118;
0.322502;8.92119;
0.322502;8.92119;
0.322502;8.92119;
0.322503;8.92119;
0.322503;8.9212;
0.322504;8.92121;
0.322507;8.92124;
0.322512;8.9213;
0.322522;8.9214;
0.322542;8.92162;
0.322562;8.92183;
0.322582;8.92204;
0.322602;8.92226;
0.322622;8.92247;
0.322642;8.92268;
0.322662;8.9229;
0.322682;8.92311;
0.322702;8.92332;
0.322722;8.92354;
0.322742;8.92375;
0.322762;8.92396;
0.322782;8.92418;
0.322802;8.92439;
0.322822;8.9246;
0.322842;8.92482;
0.322862;8.92503;
0.322882;8.92525;
0.322902;8.92546;
0.322922;8.92567;
0.322942;8.92589;
0.322962;8.9261;
0.322982;8.92631;
0.323;8.9265;
0.323;8.9265;
0.323;8.92651;
0.323001;8.92651;
0.323001;8.92651;
0.323001;8.92651;
0.323001;8.92652;
0.323002;8.92652;
0.323002;8.92653;
0.323003;8.92654;
0.323006;8.92657;
0.323011;8.92662;
0.323021;8.92673;
0.323041;8.92694;
0.323061;8.92716;
0.323081;8.92737;
0.323099;8.92756;
0.323117;8.92776;
0.323137;8.92797;
0.323157;8.92818;
0.323177;8.9284;
0.323197;8.92861;
0.323217;8.92883;
0.323237;8.92904;
0.323257;8.92925;
0.323277;8.92947;
0.323297;8.92968;
0.323317;8.9299;
0.323337;8.93011;
0.323357;8.93033;
0.323377;8.93054;
0.323397;8.93075;
0.323417;8.93097;
0.323437;8.93118;
0.323457;8.9314;
0.323477;8.93161;
0.323497;8.93183;
0.323501;8.93186;
0.323501;8.93187;
0.323501;8.93187;
0.323502;8.93187;
0.323502;8.93187;
0.323502;8.93188;
0.323502;8.93188;
0.323503;8.93188;
0.323503;8.93189;
0.323504;8.9319;
0.323507;8.93193;
0.323512;8.93198;
0.323522;8.93209;
0.323542;8.93231;
0.323562;8.93252;
0.323582;8.93274;
0.323602;8.93295;
0.323622;8.93317;
0.323642;8.93338;
0.323662;8.93359;
0.323682;8.93381;
0.323702;8.93402;
0.323722;8.93424;
0.323742;8.93445;
0.323762;8.93467;
0.323782;8.93488;
0.323802;8.9351;
0.323822;8.93531;
0.323842;8.93553;
0.323862;8.93574;
0.323882;8.93596;
0.323902;8.93617;
0.323922;8.93639;
0.323942;8.9366;
0.323962;8.93682;
0.323982;8.93703;
0.324;8.93722;
0.324;8.93722;
0.324;8.93722;
0.324001;8.93723;
0.324001;8.93723;
0.324001;8.93723;
0.324001;8.93723;
0.324002;8.93724;
0.324002;8.93724;
0.324003;8.93726;
0.324006;8.93728;
0.324011;8.93734;
0.324021;8.93745;
0.324041;8.93766;
0.32406;8.93786;
0.32408;8.93807;
0.3241;8.93829;
0.324119;8.93849;
0.324139;8.93871;
0.324159;8.93892;
0.324179;8.93914;
0.324199;8.93935;
0.324219;8.93957;
0.324239;8.93978;
0.324259;8.94;
0.324279;8.94022;
0.324299;8.94043;
0.324319;8.94065;
0.324339;8.94086;
0.324359;8.94108;
0.324379;8.94129;
0.324399;8.94151;
0.324419;8.94172;
0.324439;8.94194;
0.324459;8.94215;
0.324479;8.94237;
0.324499;8.94258;
0.324501;8.94261;
0.324501;8.94261;
0.324501;8.94261;
0.324502;8.94262;
0.324502;8.94262;
0.324502;8.94262;
0.324502;8.94262;
0.324503;8.94263;
0.324503;8.94263;
0.324504;8.94265;
0.324507;8.94268;
0.324512;8.94273;
0.324522;8.94284;
0.324542;8.94306;
0.324562;8.94327;
0.324582;8.94349;
0.324602;8.9437;
0.324622;8.94392;
0.324642;8.94414;
0.324662;8.94435;
0.324682;8.94457;
0.324702;8.94478;
0.324722;8.945;
0.324742;8.94521;
0.324762;8.94543;
0.324782;8.94565;
0.324802;8.94586;
0.324822;8.94608;
0.324842;8.94629;
0.324862;8.94651;
0.324882;8.94673;
0.324902;8.94694;
0.324922;8.94716;
0.324942;8.94737;
0.324962;8.94759;
0.324982;8.94781;
0.325;8.948;
0.325;8.948;
0.325;8.948;
0.325001;8.948;
0.325001;8.94801;
0.325001;8.94801;
0.325001;8.94801;
0.325002;8.94801;
0.325002;8.94802;
0.325003;8.94803;
0.325006;8.94806;
0.325011;8.94812;
0.325021;8.94823;
0.325037;8.94839;
0.325051;8.94854;
0.325063;8.94868;
0.32508;8.94886;
0.3251;8.94908;
0.32512;8.9493;
0.32514;8.94951;
0.32516;8.94973;
0.32518;8.94995;
0.3252;8.95016;
0.32522;8.95038;
0.32524;8.95059;
0.32526;8.95081;
0.32528;8.95103;
0.3253;8.95124;
0.32532;8.95146;
0.32534;8.95168;
0.32536;8.95189;
0.32538;8.95211;
0.3254;8.95233;
0.32542;8.95254;
0.32544;8.95276;
0.32546;8.95297;
0.32548;8.95319;
0.3255;8.95341;
0.325501;8.95341;
0.325501;8.95342;
0.325501;8.95342;
0.325502;8.95342;
0.325502;8.95343;
0.325502;8.95343;
0.325502;8.95343;
0.325503;8.95343;
0.325503;8.95344;
0.325504;8.95345;
0.325507;8.95348;
0.325512;8.95354;
0.325522;8.95365;
0.325542;8.95386;
0.325562;8.95408;
0.325582;8.9543;
0.325602;8.95451;
0.325622;8.95473;
0.325642;8.95495;
0.325662;8.95516;
0.325682;8.95538;
0.325702;8.9556;
0.325722;8.95581;
0.325742;8.95603;
0.325762;8.95625;
0.325782;8.95646;
0.325802;8.95668;
0.325822;8.9569;
0.325842;8.95711;
0.325862;8.95733;
0.325882;8.95755;
0.325902;8.95777;
0.325922;8.95798;
0.325942;8.9582;
0.325962;8.95842;
0.325982;8.95863;
0.326;8.95882;
0.326;8.95883;
0.326;8.95883;
0.326001;8.95883;
0.326001;8.95884;
0.326001;8.95884;
0.326001;8.95884;
0.326002;8.95884;
0.326002;8.95885;
0.326003;8.95886;
0.326006;8.95889;
0.326011;8.95895;
0.326021;8.95906;
0.326027;8.95912;
0.326033;8.95917;
0.326038;8.95922;
0.326044;8.95927;
0.326053;8.95935;
0.326071;8.95952;
0.326087;8.95966;
0.326102;8.9598;
0.32612;8.95996;
0.32614;8.96014;
0.32616;8.96033;
0.32618;8.96051;
0.3262;8.96069;
0.32622;8.96087;
0.32624;8.96105;
0.32626;8.96124;
0.32628;8.96142;
0.3263;8.9616;
0.32632;8.96178;
0.32634;8.96197;
0.32636;8.96215;
0.32638;8.96233;
0.3264;8.96251;
0.32642;8.9627;
0.32644;8.96288;
0.32646;8.96306;
0.32648;8.96325;
0.3265;8.96343;
0.326501;8.96344;
0.326501;8.96344;
0.326501;8.96344;
0.326502;8.96345;
0.326502;8.96345;
0.326502;8.96345;
0.326502;8.96345;
0.326503;8.96346;
0.326503;8.96346;
0.326504;8.96347;
0.326507;8.9635;
0.326512;8.96354;
0.326522;8.96364;
0.326542;8.96382;
0.326562;8.964;
0.326582;8.96419;
0.326602;8.96437;
0.326622;8.96455;
0.326642;8.96474;
0.326662;8.96492;
0.326682;8.9651;
0.326702;8.96529;
0.326722;8.96547;
0.326742;8.96565;
0.326762;8.96584;
0.326782;8.96602;
0.326802;8.9662;
0.326822;8.96639;
0.326842;8.96657;
0.326862;8.96675;
0.326882;8.96694;
0.326902;8.96712;
0.326922;8.9673;
0.326942;8.96749;
0.326962;8.96767;
0.326982;8.96786;
0.327;8.96802;
0.327;8.96802;
0.327;8.96802;
0.327001;8.96802;
0.327001;8.96803;
0.327001;8.96803;
0.327001;8.96803;
0.327002;8.96803;
0.327002;8.96804;
0.327003;8.96805;
0.327006;8.96807;
0.327011;8.96812;
0.327021;8.96821;
0.327041;8.9684;
0.327061;8.96858;
0.327081;8.96876;
0.327101;8.96895;
0.327121;8.96913;
0.327141;8.96931;
0.327161;8.9695;
0.327181;8.96968;
0.327201;8.96987;
0.327221;8.97005;
0.327241;8.97024;
0.327261;8.97042;
0.327281;8.9706;
0.327301;8.97079;
0.327321;8.97097;
0.327341;8.97116;
0.327361;8.97134;
0.327381;8.97153;
0.327401;8.97171;
0.327421;8.9719;
0.327441;8.97208;
0.327461;8.97227;
0.327481;8.97245;
0.327501;8.97264;
0.327501;8.97264;
0.327501;8.97264;
0.327501;8.97264;
0.327501;8.97264;
0.327502;8.97264;
0.327502;8.97265;
0.327502;8.97265;
0.327502;8.97265;
0.327502;8.97265;
0.327503;8.97266;
0.327504;8.97267;
0.327506;8.97269;
0.327511;8.97273;
0.32752;8.97281;
0.327538;8.97298;
0.327558;8.97317;
0.327578;8.97335;
0.327598;8.97354;
0.327618;8.97372;
0.327638;8.97391;
0.327658;8.97409;
0.327678;8.97428;
0.327698;8.97446;
0.327718;8.97465;
0.327738;8.97483;
0.327758;8.97502;
0.327778;8.9752;
0.327798;8.97539;
0.327818;8.97557;
0.327838;8.97576;
0.327858;8.97595;
0.327878;8.97613;
0.327898;8.97632;
0.327918;8.9765;
0.327938;8.97669;
0.327958;8.97687;
0.327978;8.97706;
0.327998;8.97724;
0.328;8.97726;
0.328;8.97726;
0.328;8.97726;
0.328001;8.97727;
0.328001;8.97727;
0.328001;8.97727;
0.328001;8.97727;
0.328002;8.97728;
0.328002;8.97728;
0.328003;8.97729;
0.328006;8.97732;
0.328011;8.97736;
0.328021;8.97746;
0.328041;8.97765;
0.328061;8.97783;
0.328081;8.97802;
0.328101;8.9782;
0.328121;8.97839;
0.328141;8.97858;
0.328161;8.97876;
0.328181;8.97895;
0.328201;8.97913;
0.328221;8.97932;
0.328241;8.97951;
0.328261;8.97969;
0.328281;8.97988;
0.328301;8.98007;
0.328321;8.98025;
0.328341;8.98044;
0.328361;8.98062;
0.328381;8.98081;
0.328401;8.981;
0.328421;8.98118;
0.328441;8.98137;
0.328461;8.98156;
0.328481;8.98174;
0.328501;8.98193;
0.328501;8.98193;
0.328501;8.98193;
0.328502;8.98193;
0.328502;8.98194;
0.328502;8.98194;
0.328502;8.98194;
0.328503;8.98194;
0.328503;8.98195;
0.328504;8.98196;
0.328507;8.98198;
0.328512;8.98203;
0.328522;8.98213;
0.328542;8.98231;
0.328562;8.9825;
0.328582;8.98269;
0.328602;8.98287;
0.328622;8.98306;
0.328642;8.98325;
0.328662;8.98344;
0.328682;8.98362;
0.328702;8.98381;
0.328722;8.984;
0.328742;8.98418;
0.328762;8.98437;
0.328782;8.98456;
0.328802;8.98475;
0.328822;8.98493;
0.328842;8.98512;
0.328862;8.98531;
0.328882;8.9855;
0.328902;8.98568;
0.328922;8.98587;
0.328942;8.98606;
0.328962;8.98625;
0.328982;8.98643;
0.329;8.9866;
0.329;8.9866;
0.329;8.9866;
0.329001;8.9866;
0.329001;8.98661;
0.329001;8.98661;
0.329001;8.98661;
0.329002;8.98661;
0.329002;8.98662;
0.329003;8.98663;
0.329006;8.98665;
0.329011;8.9867;
0.329021;8.9868;
0.329041;8.98699;
0.329061;8.98717;
0.329081;8.98736;
0.329101;8.98755;
0.329121;8.98773;
0.329141;8.98792;
0.329161;8.98811;
0.329181;8.9883;
0.329201;8.98849;
0.329221;8.98867;
0.329241;8.98886;
0.329261;8.98905;
0.329281;8.98924;
0.329301;8.98943;
0.329321;8.98962;
0.329341;8.9898;
0.329361;8.98999;
0.329381;8.99018;
0.329401;8.99037;
0.329421;8.99056;
0.329441;8.99075;
0.329461;8.99093;
0.329481;8.99112;
0.329501;8.99131;
0.329501;8.99131;
0.329501;8.99131;
0.329502;8.99132;
0.329502;8.99132;
0.329502;8.99132;
0.329502;8.99132;
0.329503;8.99132;
0.329503;8.99133;
0.329504;8.99134;
0.329507;8.99137;
0.329512;8.99141;
0.329522;8.99151;
0.329542;8.9917;
0.329562;8.99189;
0.329582;8.99208;
0.329602;8.99227;
0.329622;8.99245;
0.329642;8.99264;
0.329662;8.99283;
0.329682;8.99302;
0.329702;8.99321;
0.329722;8.9934;
0.329742;8.99359;
0.329762;8.99378;
0.329782;8.99397;
0.329802;8.99415;
0.329822;8.99434;
0.329842;8.99453;
0.329862;8.99472;
0.329882;8.99491;
0.329902;8.9951;
0.329922;8.99529;
0.329942;8.99548;
0.329962;8.99567;
0.329982;8.99586;
0.33;8.99602;
0.33;8.99603;
0.33;8.99603;
0.330001;8.99603;
0.330001;8.99603;
0.330001;8.99603;
0.330001;8.99604;
0.330002;8.99604;
0.330002;8.99605;
0.330003;8.99606;
0.330006;8.99608;
0.330011;8.99613;
0.330021;8.99623;
0.330041;8.99642;
0.330061;8.99661;
0.330081;8.9968;
0.330101;8.99698;
0.330121;8.99717;
0.330141;8.99736;
0.330161;8.99755;
0.330181;8.99774;
0.330201;8.99793;
0.330221;8.99812;
0.330241;8.99831;
0.330261;8.9985;
0.330281;8.99869;
0.330301;8.99888;
0.330321;8.99907;
0.330341;8.99926;
0.330361;8.99945;
0.330381;8.99964;
0.330401;8.99983;
0.330421;9.00002;
0.330441;9.00021;
0.330461;9.0004;
0.330481;9.00059;
0.330501;9.00078;
0.330501;9.00078;
0.330501;9.00078;
0.330502;9.00079;
0.330502;9.00079;
0.330502;9.00079;
0.330502;9.00079;
0.330503;9.00079;
0.330503;9.0008;
0.330504;9.00081;
0.330507;9.00084;
0.330512;9.00088;
0.330522;9.00098;
0.330542;9.00117;
0.330562;9.00136;
0.330582;9.00155;
0.330602;9.00174;
0.330622;9.00193;
0.330642;9.00212;
0.330662;9.00231;
0.330682;9.00251;
0.330702;9.0027;
0.330722;9.00289;
0.330742;9.00308;
0.330762;9.00327;
0.330782;9.00346;
0.330802;9.00365;
0.330822;9.00384;
0.330842;9.00403;
0.330862;9.00422;
0.330882;9.00441;
0.330902;9.0046;
0.330922;9.00479;
0.330942;9.00498;
0.330962;9.00518;
0.330982;9.00537;
0.331;9.00553;
0.331;9.00554;
0.331;9.00554;
0.331001;9.00554;
0.331001;9.00554;
0.331001;9.00555;
0.331001;9.00555;
0.331002;9.00555;
0.331002;9.00556;
0.331003;9.00557;
0.331006;9.00559;
0.331011;9.00564;
0.331021;9.00574;
0.331041;9.00593;
0.331061;9.00612;
0.331079;9.00629;
0.331097;9.00647;
0.331117;9.00666;
0.331137;9.00685;
0.331157;9.00704;
0.331177;9.00723;
0.331197;9.00742;
0.331217;9.00761;
0.331237;9.00781;
0.331257;9.008;
0.331277;9.00819;
0.331297;9.00838;
0.331317;9.00857;
0.331337;9.00876;
0.331357;9.00895;
0.331377;9.00915;
0.331397;9.00934;
0.331417;9.00953;
0.331437;9.00972;
0.331457;9.00991;
0.331477;9.0101;
0.331497;9.0103;
0.331501;9.01033;
0.331501;9.01033;
0.331501;9.01033;
0.331502;9.01034;
0.331502;9.01034;
0.331502;9.01034;
0.331502;9.01034;
0.331503;9.01035;
0.331503;9.01035;
0.331504;9.01036;
0.331507;9.01039;
0.331512;9.01044;
0.331522;9.01054;
0.331542;9.01073;
0.331562;9.01092;
0.331582;9.01111;
0.331602;9.0113;
0.331622;9.01149;
0.331642;9.01169;
0.331662;9.01188;
0.331682;9.01207;
0.331702;9.01226;
0.331722;9.01246;
0.331742;9.01265;
0.331762;9.01284;
0.331782;9.01303;
0.331802;9.01322;
0.331822;9.01342;
0.331842;9.01361;
0.331862;9.0138;
0.331882;9.01399;
0.331902;9.01419;
0.331922;9.01438;
0.331942;9.01457;
0.331962;9.01476;
0.331982;9.01496;
0.332;9.01513;
0.332;9.01513;
0.332;9.01513;
0.332001;9.01513;
0.332001;9.01514;
0.332001;9.01514;
0.332001;9.01514;
0.332002;9.01514;
0.332002;9.01515;
0.332003;9.01516;
0.332006;9.01518;
0.332011;9.01523;
0.332021;9.01533;
0.332041;9.01552;
0.332061;9.01572;
0.332081;9.01591;
0.332101;9.0161;
0.332121;9.0163;
0.332141;9.01649;
0.332161;9.01668;
0.332181;9.01687;
0.332201;9.01707;
0.332221;9.01726;
0.332241;9.01745;
0.332261;9.01765;
0.332281;9.01784;
0.332301;9.01803;
0.332321;9.01822;
0.332341;9.01842;
0.332361;9.01861;
0.332381;9.0188;
0.332401;9.019;
0.332421;9.01919;
0.332441;9.01938;
0.332461;9.01958;
0.332481;9.01977;
0.332501;9.01996;
0.332501;9.01996;
0.332501;9.01996;
0.332502;9.01997;
0.332502;9.01997;
0.332502;9.01997;
0.332502;9.01997;
0.332503;9.01997;
0.332503;9.01998;
0.332504;9.01999;
0.332507;9.02002;
0.332512;9.02007;
0.332522;9.02017;
0.332542;9.02036;
0.332562;9.02055;
0.332582;9.02075;
0.332602;9.02094;
0.332622;9.02113;
0.332642;9.02133;
0.332662;9.02152;
0.332682;9.02171;
0.332702;9.02191;
0.332722;9.0221;
0.332742;9.0223;
0.332762;9.02249;
0.332782;9.02268;
0.332802;9.02288;
0.332822;9.02307;
0.332842;9.02326;
0.332862;9.02346;
0.332882;9.02365;
0.332902;9.02385;
0.332922;9.02404;
0.332942;9.02423;
0.332962;9.02443;
0.332982;9.02462;
0.333;9.02479;
0.333;9.02479;
0.333;9.0248;
0.333001;9.0248;
0.333001;9.0248;
0.333001;9.0248;
0.333001;9.0248;
0.333002;9.02481;
0.333002;9.02481;
0.333003;9.02483;
0.333006;9.02485;
0.333011;9.0249;
0.333021;9.025;
0.333041;9.02519;
0.333061;9.02539;
0.333081;9.02558;
0.333099;9.02576;
0.333118;9.02593;
0.333138;9.02613;
0.333158;9.02632;
0.333178;9.02652;
0.333198;9.02671;
0.333218;9.0269;
0.333238;9.0271;
0.333258;9.02729;
0.333278;9.02749;
0.333298;9.02768;
0.333318;9.02788;
0.333338;9.02807;
0.333358;9.02827;
0.333378;9.02846;
0.333398;9.02866;
0.333418;9.02885;
0.333438;9.02904;
0.333458;9.02924;
0.333478;9.02943;
0.333498;9.02963;
0.333501;9.02966;
0.333501;9.02966;
0.333501;9.02967;
0.333502;9.02967;
0.333502;9.02967;
0.333502;9.02967;
0.333502;9.02967;
0.333503;9.02968;
0.333503;9.02968;
0.333504;9.0297;
0.333507;9.02972;
0.333512;9.02977;
0.333522;9.02987;
0.333542;9.03007;
0.333562;9.03026;
0.333582;9.03046;
0.333602;9.03065;
0.333622;9.03085;
0.333642;9.03104;
0.333662;9.03124;
0.333682;9.03143;
0.333702;9.03163;
0.333722;9.03182;
0.333742;9.03202;
0.333762;9.03221;
0.333782;9.03241;
0.333802;9.0326;
0.333822;9.0328;
0.333842;9.03299;
0.333862;9.03319;
0.333882;9.03338;
0.333902;9.03358;
0.333922;9.03377;
0.333942;9.03397;
0.333962;9.03416;
0.333982;9.03436;
0.334;9.03453;
0.334;9.03453;
0.334;9.03453;
0.334001;9.03454;
0.334001;9.03454;
0.334001;9.03454;
0.334001;9.03454;
0.334002;9.03455;
0.334002;9.03455;
0.334003;9.03456;
0.334006;9.03459;
0.334011;9.03464;
0.334021;9.03474;
0.334041;9.03494;
0.33406;9.03511;
0.33408;9.03531;
0.3341;9.0355;
0.334119;9.03569;
0.334139;9.03588;
0.334159;9.03608;
0.334179;9.03628;
0.334199;9.03647;
0.334219;9.03667;
0.334239;9.03686;
0.334259;9.03706;
0.334279;9.03726;
0.334299;9.03745;
0.334319;9.03765;
0.334339;9.03784;
0.334359;9.03804;
0.334379;9.03823;
0.334399;9.03843;
0.334419;9.03863;
0.334439;9.03882;
0.334459;9.03902;
0.334479;9.03921;
0.334499;9.03941;
0.334501;9.03944;
0.334501;9.03944;
0.334501;9.03944;
0.334502;9.03944;
0.334502;9.03944;
0.334502;9.03945;
0.334502;9.03945;
0.334503;9.03945;
0.334503;9.03946;
0.334504;9.03947;
0.334507;9.03949;
0.334512;9.03954;
0.334522;9.03964;
0.334542;9.03984;
0.334562;9.04004;
0.334582;9.04023;
0.334602;9.04043;
0.334622;9.04063;
0.334642;9.04082;
0.334662;9.04102;
0.334682;9.04122;
0.334702;9.04141;
0.334722;9.04161;
0.334742;9.0418;
0.334762;9.042;
0.334782;9.0422;
0.334802;9.04239;
0.334822;9.04259;
0.334842;9.04279;
0.334862;9.04298;
0.334882;9.04318;
0.334902;9.04338;
0.334922;9.04357;
0.334942;9.04377;
0.334962;9.04397;
0.334982;9.04416;
0.335;9.04434;
0.335;9.04434;
0.335;9.04434;
0.335001;9.04434;
0.335001;9.04435;
0.335001;9.04435;
0.335001;9.04435;
0.335002;9.04435;
0.335002;9.04436;
0.335003;9.04437;
0.335006;9.0444;
0.335011;9.04445;
0.335021;9.04455;
0.335037;9.0447;
0.335051;9.04484;
0.335063;9.04496;
0.335081;9.04513;
0.335101;9.04533;
0.335121;9.04552;
0.335141;9.04572;
0.335161;9.04592;
0.335181;9.04612;
0.335201;9.04631;
0.335221;9.04651;
0.335241;9.04671;
0.335261;9.0469;
0.335281;9.0471;
0.335301;9.0473;
0.335321;9.04749;
0.335341;9.04769;
0.335361;9.04789;
0.335381;9.04809;
0.335401;9.04828;
0.335421;9.04848;
0.335441;9.04868;
0.335461;9.04888;
0.335481;9.04907;
0.335501;9.04927;
0.335501;9.04927;
0.335501;9.04927;
0.335501;9.04928;
0.335502;9.04928;
0.335502;9.04928;
0.335502;9.04928;
0.335502;9.04929;
0.335503;9.04929;
0.335503;9.0493;
0.335504;9.04931;
0.335507;9.04933;
0.335512;9.04938;
0.335522;9.04948;
0.335542;9.04968;
0.335562;9.04988;
0.335582;9.05008;
0.335602;9.05027;
0.335622;9.05047;
0.335642;9.05067;
0.335662;9.05087;
0.335682;9.05106;
0.335702;9.05126;
0.335722;9.05146;
0.335742;9.05166;
0.335762;9.05186;
0.335782;9.05205;
0.335802;9.05225;
0.335822;9.05245;
0.335842;9.05265;
0.335862;9.05284;
0.335882;9.05304;
0.335902;9.05324;
0.335922;9.05344;
0.335942;9.05364;
0.335962;9.05383;
0.335982;9.05403;
0.336;9.05421;
0.336;9.05421;
0.336;9.05421;
0.336001;9.05421;
0.336001;9.05422;
0.336001;9.05422;
0.336001;9.05422;
0.336002;9.05422;
0.336002;9.05423;
0.336003;9.05424;
0.336006;9.05427;
0.336011;9.05432;
0.336021;9.05442;
0.336027;9.05447;
0.336033;9.05452;
0.336038;9.05457;
0.336044;9.05461;
0.336053;9.05468;
0.336071;9.05483;
0.336087;9.05496;
0.336103;9.05509;
0.33612;9.05523;
0.33614;9.05539;
0.33616;9.05556;
0.33618;9.05572;
0.3362;9.05588;
0.33622;9.05605;
0.33624;9.05621;
0.33626;9.05637;
0.33628;9.05653;
0.3363;9.0567;
0.33632;9.05686;
0.33634;9.05702;
0.33636;9.05719;
0.33638;9.05735;
0.3364;9.05751;
0.33642;9.05768;
0.33644;9.05784;
0.33646;9.058;
0.33648;9.05817;
0.3365;9.05833;
0.336501;9.05834;
0.336501;9.05834;
0.336501;9.05834;
0.336502;9.05835;
0.336502;9.05835;
0.336502;9.05835;
0.336502;9.05835;
0.336503;9.05835;
0.336503;9.05836;
0.336504;9.05837;
0.336507;9.05839;
0.336512;9.05843;
0.336522;9.05851;
0.336542;9.05868;
0.336562;9.05884;
0.336582;9.05901;
0.336602;9.05917;
0.336622;9.05933;
0.336642;9.0595;
0.336662;9.05966;
0.336682;9.05983;
0.336702;9.05999;
0.336722;9.06015;
0.336742;9.06032;
0.336762;9.06048;
0.336782;9.06065;
0.336802;9.06081;
0.336822;9.06098;
0.336842;9.06114;
0.336862;9.0613;
0.336882;9.06147;
0.336902;9.06163;
0.336922;9.0618;
0.336942;9.06196;
0.336962;9.06213;
0.336982;9.06229;
0.337;9.06244;
0.337;9.06244;
0.337;9.06244;
0.337001;9.06244;
0.337001;9.06244;
0.337001;9.06245;
0.337001;9.06245;
0.337002;9.06245;
0.337002;9.06245;
0.337003;9.06246;
0.337006;9.06249;
0.337011;9.06253;
0.337021;9.06261;
0.337041;9.06278;
0.337061;9.06294;
0.337081;9.0631;
0.337101;9.06327;
0.337121;9.06343;
0.337141;9.0636;
0.337161;9.06376;
0.337181;9.06393;
0.337201;9.06409;
0.337221;9.06426;
0.337241;9.06442;
0.337261;9.06459;
0.337281;9.06475;
0.337301;9.06492;
0.337321;9.06508;
0.337341;9.06525;
0.337361;9.06541;
0.337381;9.06558;
0.337401;9.06574;
0.337421;9.06591;
0.337441;9.06608;
0.337461;9.06624;
0.337481;9.06641;
0.337501;9.06657;
0.337501;9.06658;
0.337501;9.06658;
0.337501;9.06658;
0.337502;9.06658;
0.337502;9.06658;
0.337502;9.06659;
0.337502;9.06659;
0.337503;9.06659;
0.337503;9.06659;
0.337504;9.06661;
0.337507;9.06663;
0.337512;9.06667;
0.337522;9.06675;
0.337542;9.06692;
0.337562;9.06709;
0.337582;9.06725;
0.337602;9.06742;
0.337622;9.06758;
0.337642;9.06775;
0.337662;9.06792;
0.337682;9.06808;
0.337702;9.06825;
0.337722;9.06841;
0.337742;9.06858;
0.337762;9.06875;
0.337782;9.06891;
0.337802;9.06908;
0.337822;9.06925;
0.337842;9.06941;
0.337862;9.06958;
0.337882;9.06975;
0.337902;9.06991;
0.337922;9.07008;
0.337942;9.07025;
0.337962;9.07041;
0.337982;9.07058;
0.338;9.07073;
0.338;9.07073;
0.338;9.07073;
0.338001;9.07073;
0.338001;9.07074;
0.338001;9.07074;
0.338001;9.07074;
0.338002;9.07074;
0.338002;9.07075;
0.338003;9.07076;
0.338006;9.07078;
0.338011;9.07082;
0.338021;9.07091;
0.338041;9.07107;
0.338061;9.07124;
0.338081;9.07141;
0.338101;9.07157;
0.338121;9.07174;
0.338141;9.07191;
0.338161;9.07207;
0.338181;9.07224;
0.338201;9.07241;
0.338221;9.07258;
0.338241;9.07274;
0.338261;9.07291;
0.338281;9.07308;
0.338301;9.07325;
0.338321;9.07341;
0.338341;9.07358;
0.338361;9.07375;
0.338381;9.07392;
0.338401;9.07408;
0.338421;9.07425;
0.338441;9.07442;
0.338461;9.07459;
0.338481;9.07475;
0.338501;9.07492;
0.338501;9.07492;
0.338501;9.07492;
0.338502;9.07493;
0.338502;9.07493;
0.338502;9.07493;
0.338502;9.07493;
0.338503;9.07493;
0.338503;9.07494;
0.338504;9.07495;
0.338507;9.07497;
0.338512;9.07501;
0.338522;9.0751;
0.338542;9.07527;
0.338562;9.07543;
0.338582;9.0756;
0.338602;9.07577;
0.338622;9.07594;
0.338642;9.07611;
0.338662;9.07628;
0.338682;9.07644;
0.338702;9.07661;
0.338722;9.07678;
0.338742;9.07695;
0.338762;9.07712;
0.338782;9.07729;
0.338802;9.07745;
0.338822;9.07762;
0.338842;9.07779;
0.338862;9.07796;
0.338882;9.07813;
0.338902;9.0783;
0.338922;9.07847;
0.338942;9.07863;
0.338962;9.0788;
0.338982;9.07897;
0.339;9.07912;
0.339;9.07912;
0.339;9.07912;
0.339001;9.07913;
0.339001;9.07913;
0.339001;9.07913;
0.339001;9.07913;
0.339002;9.07913;
0.339002;9.07914;
0.339003;9.07915;
0.339006;9.07917;
0.339011;9.07921;
0.339021;9.0793;
0.339041;9.07947;
0.339061;9.07964;
0.339081;9.0798;
0.339101;9.07997;
0.339121;9.08014;
0.339141;9.08031;
0.339161;9.08048;
0.339181;9.08065;
0.339201;9.08082;
0.339221;9.08099;
0.339241;9.08116;
0.339261;9.08133;
0.339281;9.0815;
0.339301;9.08166;
0.339321;9.08183;
0.339341;9.082;
0.339361;9.08217;
0.339381;9.08234;
0.339401;9.08251;
0.339421;9.08268;
0.339441;9.08285;
0.339461;9.08302;
0.339481;9.08319;
0.339501;9.08336;
0.339501;9.08336;
0.339501;9.08336;
0.339501;9.08337;
0.339502;9.08337;
0.339502;9.08337;
0.339502;9.08337;
0.339502;9.08337;
0.339503;9.08338;
0.339503;9.08338;
0.339504;9.08339;
0.339507;9.08341;
0.339512;9.08346;
0.339522;9.08354;
0.339542;9.08371;
0.339562;9.08388;
0.339582;9.08405;
0.339602;9.08422;
0.339622;9.08439;
0.339642;9.08456;
0.339662;9.08474;
0.339682;9.08491;
0.339702;9.08508;
0.339722;9.08525;
0.339742;9.08542;
0.339762;9.08559;
0.339782;9.08576;
0.339802;9.08593;
0.339822;9.0861;
0.339842;9.08627;
0.339862;9.08644;
0.339882;9.08661;
0.339902;9.08678;
0.339922;9.08695;
0.339942;9.08712;
0.339962;9.08729;
0.339982;9.08746;
0.34;9.08761;
0.34;9.08761;
0.34;9.08762;
0.340001;9.08762;
0.340001;9.08762;
0.340001;9.08762;
0.340001;9.08762;
0.340002;9.08763;
0.340002;9.08763;
0.340003;9.08764;
0.340006;9.08766;
0.340011;9.08771;
0.340021;9.0878;
0.340041;9.08797;
0.340061;9.08814;
0.340081;9.08831;
0.340101;9.08848;
0.340121;9.08865;
0.340141;9.08882;
0.340161;9.08899;
0.340181;9.08916;
0.340201;9.08933;
0.340221;9.08951;
0.340241;9.08968;
0.340261;9.08985;
0.340281;9.09002;
0.340301;9.09019;
0.340321;9.09036;
0.340341;9.09053;
0.340361;9.09071;
0.340381;9.09088;
0.340401;9.09105;
0.340421;9.09122;
0.340441;9.09139;
0.340461;9.09156;
0.340481;9.09173;
0.340501;9.0919;
0.340501;9.0919;
0.340501;9.09191;
0.340502;9.09191;
0.340502;9.09191;
0.340502;9.09191;
0.340502;9.09191;
0.340503;9.09192;
0.340503;9.09192;
0.340504;9.09193;
0.340507;9.09196;
0.340512;9.092;
0.340522;9.09209;
0.340542;9.09226;
0.340562;9.09243;
0.340582;9.0926;
0.340602;9.09277;
0.340622;9.09295;
0.340642;9.09312;
0.340662;9.09329;
0.340682;9.09346;
0.340702;9.09363;
0.340722;9.09381;
0.340742;9.09398;
0.340762;9.09415;
0.340782;9.09432;
0.340802;9.0945;
0.340822;9.09467;
0.340842;9.09484;
0.340862;9.09501;
0.340882;9.09518;
0.340902;9.09536;
0.340922;9.09553;
0.340942;9.0957;
0.340962;9.09587;
0.340982;9.09605;
0.341;9.0962;
0.341;9.0962;
0.341;9.0962;
0.341001;9.09621;
0.341001;9.09621;
0.341001;9.09621;
0.341001;9.09621;
0.341002;9.09621;
0.341002;9.09622;
0.341003;9.09623;
0.341006;9.09625;
0.341011;9.0963;
0.341021;9.09638;
0.341041;9.09656;
0.341061;9.09673;
0.341079;9.09688;
0.341097;9.09704;
0.341117;9.09721;
0.341137;9.09738;
0.341157;9.09756;
0.341177;9.09773;
0.341197;9.0979;
0.341217;9.09808;
0.341237;9.09825;
0.341257;9.09842;
0.341277;9.0986;
0.341297;9.09877;
0.341317;9.09894;
0.341337;9.09911;
0.341357;9.09929;
0.341377;9.09946;
0.341397;9.09963;
0.341417;9.09981;
0.341437;9.09998;
0.341457;9.10015;
0.341477;9.10033;
0.341497;9.1005;
0.341501;9.10054;
0.341501;9.10054;
0.341501;9.10054;
0.341502;9.10054;
0.341502;9.10054;
0.341502;9.10054;
0.341502;9.10055;
0.341503;9.10055;
0.341503;9.10055;
0.341504;9.10057;
0.341507;9.10059;
0.341512;9.10063;
0.341522;9.10072;
0.341542;9.10089;
0.341562;9.10107;
0.341582;9.10124;
0.341602;9.10142;
0.341622;9.10159;
0.341642;9.10176;
0.341662;9.10194;
0.341682;9.10211;
0.341702;9.10228;
0.341722;9.10246;
0.341742;9.10263;
0.341762;9.10281;
0.341782;9.10298;
0.341802;9.10315;
0.341822;9.10333;
0.341842;9.1035;
0.341862;9.10368;
0.341882;9.10385;
0.341902;9.10402;
0.341922;9.1042;
0.341942;9.10437;
0.341962;9.10455;
0.341982;9.10472;
0.342;9.10488;
0.342;9.10488;
0.342;9.10488;
0.342001;9.10488;
0.342001;9.10488;
0.342001;9.10488;
0.342001;9.10489;
0.342002;9.10489;
0.342002;9.10489;
0.342003;9.10491;
0.342006;9.10493;
0.342011;9.10497;
0.342021;9.10506;
0.342041;9.10524;
0.342061;9.10541;
0.342081;9.10559;
0.342101;9.10576;
0.342121;9.10593;
0.342141;9.10611;
0.342161;9.10628;
0.342181;9.10646;
0.342201;9.10663;
0.342221;9.10681;
0.342241;9.10698;
0.342261;9.10716;
0.342281;9.10733;
0.342301;9.10751;
0.342321;9.10768;
0.342341;9.10786;
0.342361;9.10803;
0.342381;9.10821;
0.342401;9.10838;
0.342421;9.10856;
0.342441;9.10873;
0.342461;9.10891;
0.342481;9.10908;
0.342501;9.10925;
0.342501;9.10926;
0.342501;9.10926;
0.342502;9.10926;
0.342502;9.10926;
0.342502;9.10926;
0.342502;9.10927;
0.342503;9.10927;
0.342503;9.10927;
0.342504;9.10928;
0.342507;9.10931;
0.342512;9.10935;
0.342522;9.10944;
0.342542;9.10962;
0.342562;9.10979;
0.342582;9.10997;
0.342602;9.11014;
0.342622;9.11032;
0.342642;9.11049;
0.342662;9.11067;
0.342682;9.11084;
0.342702;9.11102;
0.342722;9.1112;
0.342742;9.11137;
0.342762;9.11155;
0.342782;9.11172;
0.342802;9.1119;
0.342822;9.11207;
0.342842;9.11225;
0.342862;9.11243;
0.342882;9.1126;
0.342902;9.11278;
0.342922;9.11295;
0.342942;9.11313;
0.342962;9.11331;
0.342982;9.11348;
0.343;9.11364;
0.343;9.11364;
0.343;9.11364;
0.343001;9.11364;
0.343001;9.11365;
0.343001;9.11365;
0.343001;9.11365;
0.343002;9.11365;
0.343002;9.11366;
0.343003;9.11367;
0.343006;9.11369;
0.343011;9.11373;
0.343021;9.11382;
0.343041;9.114;
0.343061;9.11418;
0.343081;9.11435;
0.343101;9.11453;
0.34312;9.11469;
0.34314;9.11487;
0.34316;9.11504;
0.34318;9.11522;
0.3432;9.1154;
0.34322;9.11557;
0.34324;9.11575;
0.34326;9.11593;
0.34328;9.1161;
0.3433;9.11628;
0.34332;9.11646;
0.34334;9.11663;
0.34336;9.11681;
0.34338;9.11699;
0.3434;9.11716;
0.34342;9.11734;
0.34344;9.11752;
0.34346;9.11769;
0.34348;9.11787;
0.3435;9.11805;
0.343501;9.11806;
0.343501;9.11806;
0.343501;9.11806;
0.343502;9.11806;
0.343502;9.11807;
0.343502;9.11807;
0.343502;9.11807;
0.343503;9.11807;
0.343503;9.11808;
0.343504;9.11809;
0.343507;9.11811;
0.343512;9.11816;
0.343522;9.11825;
0.343542;9.11842;
0.343562;9.1186;
0.343582;9.11878;
0.343602;9.11895;
0.343622;9.11913;
0.343642;9.11931;
0.343662;9.11948;
0.343682;9.11966;
0.343702;9.11984;
0.343722;9.12002;
0.343742;9.12019;
0.343762;9.12037;
0.343782;9.12055;
0.343802;9.12073;
0.343822;9.1209;
0.343842;9.12108;
0.343862;9.12126;
0.343882;9.12143;
0.343902;9.12161;
0.343922;9.12179;
0.343942;9.12197;
0.343962;9.12214;
0.343982;9.12232;
0.344;9.12248;
0.344;9.12248;
0.344;9.12248;
0.344001;9.12248;
0.344001;9.12249;
0.344001;9.12249;
0.344001;9.12249;
0.344002;9.12249;
0.344002;9.1225;
0.344003;9.12251;
0.344006;9.12253;
0.344011;9.12258;
0.344021;9.12267;
0.344041;9.12285;
0.34406;9.12301;
0.34408;9.12319;
0.3441;9.12337;
0.344118;9.12353;
0.344138;9.12371;
0.344158;9.12389;
0.344178;9.12406;
0.344198;9.12424;
0.344218;9.12442;
0.344238;9.1246;
0.344258;9.12478;
0.344278;9.12495;
0.344298;9.12513;
0.344318;9.12531;
0.344338;9.12549;
0.344358;9.12567;
0.344378;9.12585;
0.344398;9.12602;
0.344418;9.1262;
0.344438;9.12638;
0.344458;9.12656;
0.344478;9.12674;
0.344498;9.12691;
0.344501;9.12694;
0.344501;9.12694;
0.344501;9.12694;
0.344502;9.12694;
0.344502;9.12695;
0.344502;9.12695;
0.344502;9.12695;
0.344503;9.12695;
0.344503;9.12696;
0.344504;9.12697;
0.344507;9.12699;
0.344512;9.12704;
0.344522;9.12713;
0.344542;9.12731;
0.344562;9.12749;
0.344582;9.12766;
0.344602;9.12784;
0.344622;9.12802;
0.344642;9.1282;
0.344662;9.12838;
0.344682;9.12856;
0.344702;9.12874;
0.344722;9.12891;
0.344742;9.12909;
0.344762;9.12927;
0.344782;9.12945;
0.344802;9.12963;
0.344822;9.12981;
0.344842;9.12999;
0.344862;9.13017;
0.344882;9.13035;
0.344902;9.13052;
0.344922;9.1307;
0.344942;9.13088;
0.344962;9.13106;
0.344982;9.13124;
0.345;9.1314;
0.345;9.1314;
0.345;9.1314;
0.345001;9.1314;
0.345001;9.13141;
0.345001;9.13141;
0.345001;9.13141;
0.345002;9.13141;
0.345002;9.13142;
0.345003;9.13143;
0.345006;9.13145;
0.345011;9.1315;
0.345021;9.13159;
0.345036;9.13172;
0.345051;9.13185;
0.345064;9.13197;
0.345083;9.13214;
0.345103;9.13232;
0.345123;9.1325;
0.345143;9.13268;
0.345163;9.13286;
0.345183;9.13304;
0.345203;9.13322;
0.345223;9.13339;
0.345243;9.13357;
0.345263;9.13375;
0.345283;9.13393;
0.345303;9.13411;
0.345323;9.13429;
0.345343;9.13447;
0.345363;9.13465;
0.345383;9.13483;
0.345403;9.13501;
0.345423;9.13519;
0.345443;9.13537;
0.345463;9.13555;
0.345483;9.13573;
0.345501;9.13589;
0.345501;9.13589;
0.345501;9.1359;
0.345502;9.1359;
0.345502;9.1359;
0.345502;9.1359;
0.345502;9.1359;
0.345503;9.13591;
0.345503;9.13591;
0.345504;9.13593;
0.345507;9.13595;
0.345512;9.13599;
0.345522;9.13609;
0.345542;9.13627;
0.345562;9.13645;
0.345582;9.13663;
0.345602;9.13681;
0.345622;9.13699;
0.345642;9.13717;
0.345662;9.13735;
0.345682;9.13753;
0.345702;9.13771;
0.345722;9.13789;
0.345742;9.13807;
0.345762;9.13825;
0.345782;9.13843;
0.345802;9.13861;
0.345822;9.13879;
0.345842;9.13897;
0.345862;9.13915;
0.345882;9.13933;
0.345902;9.13951;
0.345922;9.13969;
0.345942;9.13987;
0.345962;9.14005;
0.345982;9.14023;
0.346;9.14039;
0.346;9.14039;
0.346;9.14039;
0.346001;9.1404;
0.346001;9.1404;
0.346001;9.1404;
0.346001;9.1404;
0.346002;9.1404;
0.346002;9.14041;
0.346003;9.14042;
0.346006;9.14044;
0.346011;9.14049;
0.346021;9.14058;
0.346027;9.14063;
0.346033;9.14068;
0.346038;9.14072;
0.346044;9.14076;
0.346053;9.14082;
0.34607;9.14094;
0.346086;9.14106;
0.346103;9.14118;
0.34612;9.1413;
0.34614;9.14144;
0.34616;9.14159;
0.34618;9.14173;
0.3462;9.14188;
0.34622;9.14202;
0.34624;9.14216;
0.34626;9.14231;
0.34628;9.14245;
0.3463;9.1426;
0.34632;9.14274;
0.34634;9.14288;
0.34636;9.14303;
0.34638;9.14317;
0.3464;9.14332;
0.34642;9.14346;
0.34644;9.14361;
0.34646;9.14375;
0.34648;9.1439;
0.3465;9.14404;
0.346501;9.14405;
0.346501;9.14405;
0.346501;9.14405;
0.346502;9.14406;
0.346502;9.14406;
0.346502;9.14406;
0.346502;9.14406;
0.346503;9.14406;
0.346503;9.14407;
0.346504;9.14408;
0.346507;9.14409;
0.346512;9.14413;
0.346522;9.14421;
0.346542;9.14435;
0.346562;9.14449;
0.346582;9.14464;
0.346602;9.14478;
0.346622;9.14493;
0.346642;9.14507;
0.346662;9.14522;
0.346682;9.14536;
0.346702;9.14551;
0.346722;9.14566;
0.346742;9.1458;
0.346762;9.14595;
0.346782;9.14609;
0.346802;9.14624;
0.346822;9.14638;
0.346842;9.14653;
0.346862;9.14667;
0.346882;9.14682;
0.346902;9.14696;
0.346922;9.14711;
0.346942;9.14726;
0.346962;9.1474;
0.346982;9.14755;
0.347;9.14768;
0.347;9.14768;
0.347;9.14768;
0.347001;9.14768;
0.347001;9.14768;
0.347001;9.14768;
0.347001;9.14768;
0.347002;9.14769;
0.347002;9.14769;
0.347003;9.1477;
0.347006;9.14772;
0.347011;9.14776;
0.347021;9.14783;
0.347038;9.14796;
0.347056;9.14808;
0.347076;9.14823;
0.347096;9.14838;
0.347116;9.14852;
0.347136;9.14867;
0.347156;9.14882;
0.347176;9.14896;
0.347196;9.14911;
0.347216;9.14925;
0.347236;9.1494;
0.347256;9.14955;
0.347276;9.14969;
0.347296;9.14984;
0.347316;9.14999;
0.347336;9.15013;
0.347356;9.15028;
0.347376;9.15043;
0.347396;9.15057;
0.347416;9.15072;
0.347436;9.15087;
0.347456;9.15101;
0.347476;9.15116;
0.347496;9.15131;
0.347501;9.15135;
0.347501;9.15135;
0.347501;9.15135;
0.347502;9.15135;
0.347502;9.15135;
0.347502;9.15135;
0.347502;9.15135;
0.347503;9.15136;
0.347503;9.15136;
0.347504;9.15137;
0.347507;9.15139;
0.347512;9.15143;
0.347522;9.1515;
0.347542;9.15165;
0.347562;9.1518;
0.347582;9.15194;
0.347602;9.15209;
0.347622;9.15224;
0.347642;9.15239;
0.347662;9.15253;
0.347682;9.15268;
0.347702;9.15283;
0.347722;9.15298;
0.347742;9.15312;
0.347762;9.15327;
0.347782;9.15342;
0.347802;9.15357;
0.347822;9.15372;
0.347842;9.15386;
0.347862;9.15401;
0.347882;9.15416;
0.347902;9.15431;
0.347922;9.15446;
0.347942;9.1546;
0.347962;9.15475;
0.347982;9.1549;
0.348;9.15503;
0.348;9.15503;
0.348;9.15503;
0.348001;9.15504;
0.348001;9.15504;
0.348001;9.15504;
0.348001;9.15504;
0.348002;9.15504;
0.348002;9.15505;
0.348003;9.15506;
0.348006;9.15508;
0.348011;9.15511;
0.348021;9.15519;
0.348041;9.15534;
0.348061;9.15549;
0.348081;9.15563;
0.348101;9.15578;
0.348121;9.15593;
0.348141;9.15608;
0.348161;9.15623;
0.348181;9.15638;
0.348201;9.15653;
0.348221;9.15667;
0.348241;9.15682;
0.348261;9.15697;
0.348281;9.15712;
0.348301;9.15727;
0.348321;9.15742;
0.348341;9.15757;
0.348361;9.15772;
0.348381;9.15787;
0.348401;9.15801;
0.348421;9.15816;
0.348441;9.15831;
0.348461;9.15846;
0.348481;9.15861;
0.348501;9.15876;
0.348501;9.15876;
0.348501;9.15876;
0.348502;9.15876;
0.348502;9.15877;
0.348502;9.15877;
0.348502;9.15877;
0.348503;9.15877;
0.348503;9.15877;
0.348504;9.15878;
0.348507;9.1588;
0.348512;9.15884;
0.348522;9.15892;
0.348542;9.15907;
0.348562;9.15922;
0.348582;9.15937;
0.348602;9.15952;
0.348622;9.15967;
0.348642;9.15982;
0.348662;9.15997;
0.348682;9.16011;
0.348702;9.16026;
0.348722;9.16041;
0.348742;9.16056;
0.348762;9.16071;
0.348782;9.16086;
0.348802;9.16101;
0.348822;9.16116;
0.348842;9.16131;
0.348862;9.16146;
0.348882;9.16162;
0.348902;9.16177;
0.348922;9.16192;
0.348942;9.16207;
0.348962;9.16222;
0.348982;9.16237;
0.349;9.1625;
0.349;9.1625;
0.349;9.1625;
0.349001;9.1625;
0.349001;9.16251;
0.349001;9.16251;
0.349001;9.16251;
0.349002;9.16251;
0.349002;9.16252;
0.349003;9.16253;
0.349006;9.16254;
0.349011;9.16258;
0.349021;9.16266;
0.349041;9.16281;
0.349061;9.16296;
0.349081;9.16311;
0.349101;9.16326;
0.349121;9.16341;
0.349141;9.16356;
0.349161;9.16371;
0.349181;9.16387;
0.349201;9.16402;
0.349221;9.16417;
0.349241;9.16432;
0.349261;9.16447;
0.349281;9.16462;
0.349301;9.16477;
0.349321;9.16492;
0.349341;9.16507;
0.349361;9.16523;
0.349381;9.16538;
0.349401;9.16553;
0.349421;9.16568;
0.349441;9.16583;
0.349461;9.16598;
0.349481;9.16613;
0.349501;9.16628;
0.349501;9.16628;
0.349501;9.16628;
0.349502;9.16629;
0.349502;9.16629;
0.349502;9.16629;
0.349502;9.16629;
0.349503;9.16629;
0.349503;9.1663;
0.349504;9.16631;
0.349507;9.16633;
0.349512;9.16637;
0.349522;9.16644;
0.349542;9.1666;
0.349562;9.16675;
0.349582;9.1669;
0.349602;9.16705;
0.349622;9.1672;
0.349642;9.16736;
0.349662;9.16751;
0.349682;9.16766;
0.349702;9.16781;
0.349722;9.16796;
0.349742;9.16812;
0.349762;9.16827;
0.349782;9.16842;
0.349802;9.16857;
0.349822;9.16872;
0.349842;9.16888;
0.349862;9.16903;
0.349882;9.16918;
0.349902;9.16933;
0.349922;9.16949;
0.349942;9.16964;
0.349962;9.16979;
0.349982;9.16994;
0.35;9.17008;
0.35;9.17008;
0.35;9.17008;
0.350001;9.17008;
0.350001;9.17009;
0.350001;9.17009;
0.350001;9.17009;
0.350002;9.17009;
0.350002;9.17009;
0.350003;9.1701;
0.350006;9.17012;
0.350011;9.17016;
0.350021;9.17024;
0.350041;9.17039;
0.350061;9.17055;
0.350081;9.1707;
0.350101;9.17085;
0.350121;9.171;
0.350141;9.17116;
0.350161;9.17131;
0.350181;9.17146;
0.350201;9.17162;
0.350221;9.17177;
0.350241;9.17192;
0.350261;9.17208;
0.350281;9.17223;
0.350301;9.17238;
0.350321;9.17254;
0.350341;9.17269;
0.350361;9.17284;
0.350381;9.173;
0.350401;9.17315;
0.350421;9.1733;
0.350441;9.17346;
0.350461;9.17361;
0.350481;9.17376;
0.350501;9.17391;
0.350501;9.17391;
0.350501;9.17392;
0.350502;9.17392;
0.350502;9.17392;
0.350502;9.17392;
0.350502;9.17392;
0.350503;9.17393;
0.350503;9.17393;
0.350504;9.17394;
0.350507;9.17396;
0.350512;9.174;
0.350522;9.17408;
0.350542;9.17423;
0.350562;9.17439;
0.350582;9.17454;
0.350602;9.17469;
0.350622;9.17485;
0.350642;9.175;
0.350662;9.17516;
0.350682;9.17531;
0.350702;9.17546;
0.350722;9.17562;
0.350742;9.17577;
0.350762;9.17593;
0.350782;9.17608;
0.350802;9.17623;
0.350822;9.17639;
0.350842;9.17654;
0.350862;9.1767;
0.350882;9.17685;
0.350902;9.17701;
0.350922;9.17716;
0.350942;9.17732;
0.350962;9.17747;
0.350982;9.17762;
0.351;9.17776;
0.351;9.17776;
0.351;9.17776;
0.351001;9.17777;
0.351001;9.17777;
0.351001;9.17777;
0.351001;9.17777;
0.351002;9.17777;
0.351002;9.17778;
0.351003;9.17779;
0.351006;9.17781;
0.351011;9.17785;
0.351021;9.17793;
0.351041;9.17808;
0.351061;9.17824;
0.351081;9.17839;
0.351101;9.17855;
0.351121;9.1787;
0.351141;9.17886;
0.351161;9.17901;
0.351181;9.17917;
0.351201;9.17932;
0.351221;9.17948;
0.351241;9.17963;
0.351261;9.17979;
0.351281;9.17994;
0.351301;9.1801;
0.351321;9.18025;
0.351341;9.18041;
0.351361;9.18056;
0.351381;9.18072;
0.351401;9.18087;
0.351421;9.18103;
0.351441;9.18118;
0.351461;9.18134;
0.351481;9.1815;
0.351501;9.18165;
0.351501;9.18165;
0.351501;9.18165;
0.351502;9.18165;
0.351502;9.18166;
0.351502;9.18166;
0.351502;9.18166;
0.351503;9.18166;
0.351503;9.18166;
0.351504;9.18167;
0.351507;9.18169;
0.351512;9.18173;
0.351522;9.18181;
0.351542;9.18197;
0.351562;9.18213;
0.351582;9.18228;
0.351602;9.18244;
0.351622;9.18259;
0.351642;9.18275;
0.351662;9.18291;
0.351682;9.18306;
0.351702;9.18322;
0.351722;9.18337;
0.351742;9.18353;
0.351762;9.18369;
0.351782;9.18384;
0.351802;9.184;
0.351822;9.18415;
0.351842;9.18431;
0.351862;9.18447;
0.351882;9.18462;
0.351902;9.18478;
0.351922;9.18494;
0.351942;9.18509;
0.351962;9.18525;
0.351982;9.18541;
0.352;9.18554;
0.352;9.18554;
0.352;9.18555;
0.352001;9.18555;
0.352001;9.18555;
0.352001;9.18555;
0.352001;9.18555;
0.352002;9.18556;
0.352002;9.18556;
0.352003;9.18557;
0.352006;9.18559;
0.352011;9.18563;
0.352021;9.18571;
0.352041;9.18587;
0.352061;9.18602;
0.352081;9.18618;
0.352101;9.18634;
0.352121;9.18649;
0.352141;9.18665;
0.352161;9.18681;
0.352181;9.18697;
0.352201;9.18712;
0.352221;9.18728;
0.352241;9.18744;
0.352261;9.18759;
0.352281;9.18775;
0.352301;9.18791;
0.352321;9.18807;
0.352341;9.18822;
0.352361;9.18838;
0.352381;9.18854;
0.352401;9.18869;
0.352421;9.18885;
0.352441;9.18901;
0.352461;9.18917;
0.352481;9.18932;
0.352501;9.18948;
0.352501;9.18948;
0.352501;9.18948;
0.352502;9.18949;
0.352502;9.18949;
0.352502;9.18949;
0.352502;9.18949;
0.352503;9.18949;
0.352503;9.1895;
0.352504;9.18951;
0.352507;9.18953;
0.352512;9.18957;
0.352522;9.18965;
0.352542;9.18981;
0.352562;9.18996;
0.352582;9.19012;
0.352602;9.19028;
0.352622;9.19044;
0.352642;9.19059;
0.352662;9.19075;
0.352682;9.19091;
0.352702;9.19107;
0.352722;9.19123;
0.352742;9.19138;
0.352762;9.19154;
0.352782;9.1917;
0.352802;9.19186;
0.352822;9.19202;
0.352842;9.19218;
0.352862;9.19233;
0.352882;9.19249;
0.352902;9.19265;
0.352922;9.19281;
0.352942;9.19297;
0.352962;9.19313;
0.352982;9.19328;
0.353;9.19342;
0.353;9.19342;
0.353;9.19343;
0.353001;9.19343;
0.353001;9.19343;
0.353001;9.19343;
0.353001;9.19343;
0.353002;9.19344;
0.353002;9.19344;
0.353003;9.19345;
0.353006;9.19347;
0.353011;9.19351;
0.353021;9.19359;
0.353041;9.19375;
0.353061;9.19391;
0.353081;9.19407;
0.353101;9.19423;
0.353121;9.19439;
0.353141;9.19454;
0.353161;9.1947;
0.353181;9.19486;
0.353201;9.19502;
0.353221;9.19518;
0.353241;9.19534;
0.353261;9.1955;
0.353281;9.19566;
0.353301;9.19582;
0.353321;9.19597;
0.353341;9.19613;
0.353361;9.19629;
0.353381;9.19645;
0.353401;9.19661;
0.353421;9.19677;
0.353441;9.19693;
0.353461;9.19709;
0.353481;9.19725;
0.353501;9.1974;
0.353501;9.19741;
0.353501;9.19741;
0.353502;9.19741;
0.353502;9.19741;
0.353502;9.19741;
0.353502;9.19741;
0.353503;9.19742;
0.353503;9.19742;
0.353504;9.19743;
0.353507;9.19745;
0.353512;9.19749;
0.353522;9.19758;
0.353542;9.19774;
0.353562;9.19789;
0.353582;9.19805;
0.353602;9.19821;
0.353622;9.19837;
0.353642;9.19853;
0.353662;9.19869;
0.353682;9.19885;
0.353702;9.19901;
0.353722;9.19917;
0.353742;9.19933;
0.353762;9.19949;
0.353782;9.19965;
0.353802;9.19981;
0.353822;9.19997;
0.353842;9.20013;
0.353862;9.20029;
0.353882;9.20045;
0.353902;9.20061;
0.353922;9.20077;
0.353942;9.20093;
0.353962;9.20109;
0.353982;9.20125;
0.354;9.20139;
0.354;9.20139;
0.354;9.2014;
0.354001;9.2014;
0.354001;9.2014;
0.354001;9.2014;
0.354001;9.2014;
0.354002;9.20141;
0.354002;9.20141;
0.354003;9.20142;
0.354006;9.20144;
0.354011;9.20148;
0.354021;9.20156;
0.354041;9.20173;
0.354061;9.20189;
0.354081;9.20205;
0.354097;9.20217;
0.354114;9.20231;
0.354134;9.20247;
0.354154;9.20263;
0.354174;9.20279;
0.354194;9.20295;
0.354214;9.20311;
0.354234;9.20327;
0.354254;9.20343;
0.354274;9.20359;
0.354294;9.20375;
0.354314;9.20391;
0.354334;9.20408;
0.354354;9.20424;
0.354374;9.2044;
0.354394;9.20456;
0.354414;9.20472;
0.354434;9.20488;
0.354454;9.20504;
0.354474;9.2052;
0.354494;9.20536;
0.354501;9.20542;
0.354501;9.20542;
0.354501;9.20542;
0.354502;9.20543;
0.354502;9.20543;
0.354502;9.20543;
0.354502;9.20543;
0.354503;9.20543;
0.354503;9.20544;
0.354504;9.20545;
0.354507;9.20547;
0.354512;9.20551;
0.354522;9.20559;
0.354542;9.20575;
0.354562;9.20591;
0.354582;9.20608;
0.354602;9.20624;
0.354622;9.2064;
0.354642;9.20656;
0.354662;9.20672;
0.354682;9.20688;
0.354702;9.20704;
0.354722;9.20721;
0.354742;9.20737;
0.354762;9.20753;
0.354782;9.20769;
0.354802;9.20785;
0.354822;9.20801;
0.354842;9.20818;
0.354862;9.20834;
0.354882;9.2085;
0.354902;9.20866;
0.354922;9.20882;
0.354942;9.20898;
0.354962;9.20915;
0.354982;9.20931;
0.355;9.20945;
0.355;9.20945;
0.355;9.20945;
0.355001;9.20946;
0.355001;9.20946;
0.355001;9.20946;
0.355001;9.20946;
0.355002;9.20946;
0.355002;9.20947;
0.355003;9.20948;
0.355006;9.2095;
0.355011;9.20954;
0.355021;9.20962;
0.355036;9.20974;
0.355053;9.20988;
0.355072;9.21003;
0.355092;9.2102;
0.355109;9.21033;
0.355126;9.21047;
0.355145;9.21062;
0.355165;9.21079;
0.355185;9.21095;
0.355205;9.21111;
0.355225;9.21127;
0.355245;9.21144;
0.355265;9.2116;
0.355285;9.21176;
0.355305;9.21192;
0.355325;9.21209;
0.355345;9.21225;
0.355365;9.21241;
0.355385;9.21257;
0.355405;9.21274;
0.355425;9.2129;
0.355445;9.21306;
0.355465;9.21322;
0.355485;9.21339;
0.355501;9.21352;
0.355501;9.21352;
0.355501;9.21352;
0.355502;9.21352;
0.355502;9.21353;
0.355502;9.21353;
0.355502;9.21353;
0.355503;9.21353;
0.355503;9.21354;
0.355504;9.21355;
0.355507;9.21357;
0.355512;9.21361;
0.355522;9.21369;
0.355542;9.21386;
0.355562;9.21402;
0.355582;9.21418;
0.355602;9.21434;
0.355622;9.21451;
0.355642;9.21467;
0.355662;9.21483;
0.355682;9.215;
0.355702;9.21516;
0.355722;9.21532;
0.355742;9.21549;
0.355762;9.21565;
0.355782;9.21581;
0.355802;9.21598;
0.355822;9.21614;
0.355842;9.2163;
0.355862;9.21647;
0.355882;9.21663;
0.355902;9.21679;
0.355922;9.21696;
0.355942;9.21712;
0.355962;9.21728;
0.355982;9.21745;
0.356;9.21759;
0.356;9.21759;
0.356;9.21759;
0.356001;9.2176;
0.356001;9.2176;
0.356001;9.2176;
0.356001;9.2176;
0.356002;9.2176;
0.356002;9.21761;
0.356003;9.21762;
0.356006;9.21764;
0.356011;9.21768;
0.356021;9.21777;
0.356033;9.21786;
0.356043;9.21794;
0.356053;9.21801;
0.356063;9.21808;
0.356081;9.21822;
0.356094;9.21831;
0.356108;9.21842;
0.356124;9.21853;
0.356144;9.21868;
0.356164;9.21883;
0.356184;9.21898;
0.356204;9.21912;
0.356224;9.21927;
0.356244;9.21942;
0.356264;9.21957;
0.356284;9.21972;
0.356304;9.21986;
0.356324;9.22001;
0.356344;9.22016;
0.356364;9.22031;
0.356384;9.22046;
0.356404;9.22061;
0.356424;9.22075;
0.356444;9.2209;
0.356464;9.22105;
0.356484;9.2212;
0.356501;9.22132;
0.356501;9.22132;
0.356501;9.22133;
0.356502;9.22133;
0.356502;9.22133;
0.356502;9.22133;
0.356502;9.22133;
0.356503;9.22134;
0.356503;9.22134;
0.356504;9.22135;
0.356507;9.22137;
0.356512;9.22141;
0.356522;9.22148;
0.356542;9.22163;
0.356562;9.22178;
0.356582;9.22193;
0.356602;9.22208;
0.356622;9.22223;
0.356642;9.22237;
0.356662;9.22252;
0.356682;9.22267;
0.356702;9.22282;
0.356722;9.22297;
0.356742;9.22312;
0.356762;9.22327;
0.356782;9.22342;
0.356802;9.22357;
0.356822;9.22371;
0.356842;9.22386;
0.356862;9.22401;
0.356882;9.22416;
0.356902;9.22431;
0.356922;9.22446;
0.356942;9.22461;
0.356962;9.22476;
0.356982;9.22491;
0.357;9.22504;
0.357;9.22504;
0.357;9.22504;
0.357001;9.22505;
0.357001;9.22505;
0.357001;9.22505;
0.357001;9.22505;
0.357002;9.22505;
0.357002;9.22506;
0.357003;9.22507;
0.357006;9.22509;
0.357011;9.22512;
0.357021;9.2252;
0.357041;9.22535;
0.357061;9.2255;
0.357081;9.22565;
0.357101;9.2258;
0.357121;9.22595;
0.357141;9.2261;
0.357161;9.22625;
0.357181;9.2264;
0.357201;9.22655;
0.357221;9.2267;
0.357241;9.22685;
0.357261;9.227;
0.357281;9.22715;
0.357301;9.2273;
0.357321;9.22745;
0.357341;9.2276;
0.357361;9.22775;
0.357381;9.2279;
0.357401;9.22805;
0.357421;9.2282;
0.357441;9.22835;
0.357461;9.2285;
0.357481;9.22865;
0.357501;9.2288;
0.357501;9.2288;
0.357501;9.2288;
0.357502;9.2288;
0.357502;9.2288;
0.357502;9.2288;
0.357502;9.22881;
0.357503;9.22881;
0.357503;9.22881;
0.357504;9.22882;
0.357507;9.22884;
0.357512;9.22888;
0.357522;9.22896;
0.357542;9.22911;
0.357562;9.22926;
0.357582;9.22941;
0.357602;9.22956;
0.357622;9.22971;
0.357642;9.22986;
0.357662;9.23001;
0.357682;9.23016;
0.357702;9.23031;
0.357722;9.23046;
0.357742;9.23061;
0.357762;9.23077;
0.357782;9.23092;
0.357802;9.23107;
0.357822;9.23122;
0.357842;9.23137;
0.357862;9.23152;
0.357882;9.23167;
0.357902;9.23182;
0.357922;9.23197;
0.357942;9.23212;
0.357962;9.23228;
0.357982;9.23243;
0.358;9.23256;
0.358;9.23256;
0.358;9.23256;
0.358001;9.23257;
0.358001;9.23257;
0.358001;9.23257;
0.358001;9.23257;
0.358002;9.23257;
0.358002;9.23258;
0.358003;9.23259;
0.358006;9.23261;
0.358011;9.23265;
0.358021;9.23272;
0.358041;9.23287;
0.358061;9.23303;
0.358081;9.23318;
0.358101;9.23333;
0.358121;9.23348;
0.358141;9.23363;
0.358161;9.23378;
0.358181;9.23394;
0.358201;9.23409;
0.358221;9.23424;
0.358241;9.23439;
0.358261;9.23454;
0.358281;9.23469;
0.358301;9.23485;
0.358321;9.235;
0.358341;9.23515;
0.358361;9.2353;
0.358381;9.23545;
0.358401;9.23561;
0.358421;9.23576;
0.358441;9.23591;
0.358461;9.23606;
0.358481;9.23621;
0.358501;9.23636;
0.358501;9.23636;
0.358501;9.23637;
0.358502;9.23637;
0.358502;9.23637;
0.358502;9.23637;
0.358502;9.23637;
0.358503;9.23638;
0.358503;9.23638;
0.358504;9.23639;
0.358507;9.23641;
0.358512;9.23645;
0.358522;9.23653;
0.358542;9.23668;
0.358562;9.23683;
0.358582;9.23698;
0.358602;9.23714;
0.358622;9.23729;
0.358642;9.23744;
0.358662;9.23759;
0.358682;9.23775;
0.358702;9.2379;
0.358722;9.23805;
0.358742;9.23821;
0.358762;9.23836;
0.358782;9.23851;
0.358802;9.23866;
0.358822;9.23882;
0.358842;9.23897;
0.358862;9.23912;
0.358882;9.23928;
0.358902;9.23943;
0.358922;9.23958;
0.358942;9.23973;
0.358962;9.23989;
0.358982;9.24004;
0.359;9.24018;
0.359;9.24018;
0.359;9.24018;
0.359001;9.24018;
0.359001;9.24018;
0.359001;9.24018;
0.359001;9.24018;
0.359002;9.24019;
0.359002;9.24019;
0.359003;9.2402;
0.359006;9.24022;
0.359011;9.24026;
0.359021;9.24034;
0.359041;9.24049;
0.359061;9.24065;
0.359081;9.2408;
0.359098;9.24093;
0.359115;9.24106;
0.359135;9.24121;
0.359155;9.24137;
0.359175;9.24152;
0.359195;9.24167;
0.359215;9.24183;
0.359235;9.24198;
0.359255;9.24213;
0.359275;9.24229;
0.359295;9.24244;
0.359315;9.2426;
0.359335;9.24275;
0.359355;9.2429;
0.359375;9.24306;
0.359395;9.24321;
0.359415;9.24337;
0.359435;9.24352;
0.359455;9.24367;
0.359475;9.24383;
0.359495;9.24398;
0.359501;9.24402;
0.359501;9.24403;
0.359501;9.24403;
0.359502;9.24403;
0.359502;9.24403;
0.359502;9.24403;
0.359502;9.24403;
0.359503;9.24404;
0.359503;9.24404;
0.359504;9.24405;
0.359507;9.24407;
0.359512;9.24411;
0.359522;9.24419;
0.359542;9.24434;
0.359562;9.2445;
0.359582;9.24465;
0.359602;9.24481;
0.359622;9.24496;
0.359642;9.24511;
0.359662;9.24527;
0.359682;9.24542;
0.359702;9.24558;
0.359722;9.24573;
0.359742;9.24589;
0.359762;9.24604;
0.359782;9.2462;
0.359802;9.24635;
0.359822;9.24651;
0.359842;9.24666;
0.359862;9.24681;
0.359882;9.24697;
0.359902;9.24712;
0.359922;9.24728;
0.359942;9.24743;
0.359962;9.24759;
0.359982;9.24774;
0.36;9.24788;
0.36;9.24788;
0.36;9.24788;
0.360001;9.24789;
0.360001;9.24789;
0.360001;9.24789;
0.360001;9.24789;
0.360002;9.24789;
0.360002;9.2479;
0.360003;9.24791;
0.360006;9.24793;
0.360011;9.24797;
0.360021;9.24805;
0.360036;9.24816;
0.360052;9.24828;
0.360068;9.24841;
0.360088;9.24856;
0.360104;9.24869;
0.360121;9.24882;
0.360141;9.24897;
0.360161;9.24913;
0.360181;9.24928;
0.360201;9.24944;
0.360221;9.24959;
0.360241;9.24975;
0.360261;9.2499;
0.360281;9.25006;
0.360301;9.25022;
0.360321;9.25037;
0.360341;9.25053;
0.360361;9.25068;
0.360381;9.25084;
0.360401;9.25099;
0.360421;9.25115;
0.360441;9.2513;
0.360461;9.25146;
0.360481;9.25162;
0.360501;9.25177;
0.360501;9.25177;
0.360501;9.25177;
0.360501;9.25177;
0.360502;9.25178;
0.360502;9.25178;
0.360502;9.25178;
0.360502;9.25178;
0.360503;9.25178;
0.360503;9.25179;
0.360504;9.2518;
0.360507;9.25182;
0.360512;9.25186;
0.360522;9.25194;
0.360542;9.2521;
0.360562;9.25225;
0.360582;9.25241;
0.360602;9.25256;
0.360622;9.25272;
0.360642;9.25287;
0.360662;9.25303;
0.360682;9.25319;
0.360702;9.25334;
0.360722;9.2535;
0.360742;9.25366;
0.360762;9.25381;
0.360782;9.25397;
0.360802;9.25412;
0.360822;9.25428;
0.360842;9.25444;
0.360862;9.25459;
0.360882;9.25475;
0.360902;9.25491;
0.360922;9.25506;
0.360942;9.25522;
0.360962;9.25538;
0.360982;9.25553;
0.361;9.25567;
0.361;9.25567;
0.361;9.25567;
0.361001;9.25568;
0.361001;9.25568;
0.361001;9.25568;
0.361001;9.25568;
0.361002;9.25568;
0.361002;9.25569;
0.361003;9.2557;
0.361006;9.25572;
0.361011;9.25576;
0.361021;9.25584;
0.361029;9.2559;
0.361037;9.25595;
0.361044;9.25599;
0.36105;9.25604;
0.361062;9.25611;
0.361078;9.25622;
0.361097;9.25634;
0.361115;9.25646;
0.361134;9.25658;
0.361154;9.25671;
0.361174;9.25684;
0.361194;9.25697;
0.361214;9.2571;
0.361234;9.25723;
0.361254;9.25736;
0.361274;9.25749;
0.361294;9.25763;
0.361314;9.25776;
0.361334;9.25789;
0.361354;9.25802;
0.361374;9.25815;
0.361394;9.25828;
0.361414;9.25841;
0.361434;9.25854;
0.361454;9.25867;
0.361474;9.2588;
0.361494;9.25893;
0.361501;9.25898;
0.361501;9.25898;
0.361501;9.25898;
0.361502;9.25899;
0.361502;9.25899;
0.361502;9.25899;
0.361502;9.25899;
0.361503;9.25899;
0.361503;9.259;
0.361504;9.259;
0.361507;9.25902;
0.361512;9.25905;
0.361522;9.25912;
0.361542;9.25925;
0.361562;9.25938;
0.361582;9.25952;
0.361602;9.25965;
0.361622;9.25978;
0.361642;9.25991;
0.361662;9.26004;
0.361682;9.26017;
0.361702;9.2603;
0.361722;9.26044;
0.361742;9.26057;
0.361762;9.2607;
0.361782;9.26083;
0.361802;9.26096;
0.361822;9.2611;
0.361842;9.26123;
0.361862;9.26136;
0.361882;9.26149;
0.361902;9.26162;
0.361922;9.26176;
0.361942;9.26189;
0.361962;9.26202;
0.361982;9.26215;
0.362;9.26227;
0.362;9.26227;
0.362;9.26227;
0.362001;9.26227;
0.362001;9.26227;
0.362001;9.26228;
0.362001;9.26228;
0.362002;9.26228;
0.362002;9.26228;
0.362003;9.26229;
0.362006;9.26231;
0.362011;9.26234;
0.362021;9.26241;
0.362041;9.26254;
0.362061;9.26267;
0.362081;9.2628;
0.362101;9.26294;
0.362121;9.26307;
0.362141;9.2632;
0.362161;9.26333;
0.362181;9.26347;
0.362201;9.2636;
0.362221;9.26373;
0.362241;9.26387;
0.362261;9.264;
0.362281;9.26413;
0.362301;9.26426;
0.362321;9.2644;
0.362341;9.26453;
0.362361;9.26466;
0.362381;9.2648;
0.362401;9.26493;
0.362421;9.26506;
0.362441;9.2652;
0.362461;9.26533;
0.362481;9.26546;
0.362501;9.2656;
0.362501;9.2656;
0.362501;9.2656;
0.362501;9.2656;
0.362502;9.2656;
0.362502;9.2656;
0.362502;9.2656;
0.362502;9.26561;
0.362503;9.26561;
0.362503;9.26561;
0.362504;9.26562;
0.362507;9.26564;
0.362512;9.26567;
0.362522;9.26574;
0.362542;9.26587;
0.362562;9.26601;
0.362582;9.26614;
0.362602;9.26628;
0.362622;9.26641;
0.362642;9.26654;
0.362662;9.26668;
0.362682;9.26681;
0.362702;9.26694;
0.362722;9.26708;
0.362742;9.26721;
0.362762;9.26735;
0.362782;9.26748;
0.362802;9.26761;
0.362822;9.26775;
0.362842;9.26788;
0.362862;9.26802;
0.362882;9.26815;
0.362902;9.26829;
0.362922;9.26842;
0.362942;9.26855;
0.362962;9.26869;
0.362982;9.26882;
0.363;9.26894;
0.363;9.26894;
0.363;9.26894;
0.363001;9.26895;
0.363001;9.26895;
0.363001;9.26895;
0.363001;9.26895;
0.363002;9.26895;
0.363002;9.26896;
0.363003;9.26897;
0.363006;9.26898;
0.363011;9.26902;
0.363021;9.26909;
0.363041;9.26922;
0.363061;9.26936;
0.363081;9.26949;
0.363101;9.26963;
0.363121;9.26976;
0.363141;9.2699;
0.363161;9.27003;
0.363181;9.27017;
0.363201;9.2703;
0.363221;9.27044;
0.363241;9.27057;
0.363261;9.27071;
0.363281;9.27084;
0.363301;9.27098;
0.363321;9.27111;
0.363341;9.27125;
0.363361;9.27138;
0.363381;9.27152;
0.363401;9.27165;
0.363421;9.27179;
0.363441;9.27192;
0.363461;9.27206;
0.363481;9.2722;
0.363501;9.27233;
0.363501;9.27233;
0.363501;9.27233;
0.363502;9.27233;
0.363502;9.27234;
0.363502;9.27234;
0.363502;9.27234;
0.363503;9.27234;
0.363503;9.27234;
0.363504;9.27235;
0.363507;9.27237;
0.363512;9.2724;
0.363522;9.27247;
0.363542;9.27261;
0.363562;9.27275;
0.363582;9.27288;
0.363602;9.27302;
0.363622;9.27315;
0.363642;9.27329;
0.363662;9.27343;
0.363682;9.27356;
0.363702;9.2737;
0.363722;9.27383;
0.363742;9.27397;
0.363762;9.27411;
0.363782;9.27424;
0.363802;9.27438;
0.363822;9.27452;
0.363842;9.27465;
0.363862;9.27479;
0.363882;9.27492;
0.363902;9.27506;
0.363922;9.2752;
0.363942;9.27533;
0.363962;9.27547;
0.363982;9.27561;
0.364;9.27573;
0.364;9.27573;
0.364;9.27573;
0.364001;9.27573;
0.364001;9.27574;
0.364001;9.27574;
0.364001;9.27574;
0.364002;9.27574;
0.364002;9.27574;
0.364003;9.27575;
0.364006;9.27577;
0.364011;9.2758;
0.364021;9.27588;
0.364041;9.27601;
0.364061;9.27615;
0.364079;9.27627;
0.364097;9.27639;
0.364117;9.27653;
0.364137;9.27667;
0.364157;9.2768;
0.364177;9.27694;
0.364197;9.27708;
0.364217;9.27722;
0.364237;9.27735;
0.364257;9.27749;
0.364277;9.27763;
0.364297;9.27777;
0.364317;9.2779;
0.364337;9.27804;
0.364357;9.27818;
0.364377;9.27832;
0.364397;9.27845;
0.364417;9.27859;
0.364437;9.27873;
0.364457;9.27887;
0.364477;9.279;
0.364497;9.27914;
0.364501;9.27917;
0.364501;9.27917;
0.364501;9.27917;
0.364502;9.27917;
0.364502;9.27918;
0.364502;9.27918;
0.364502;9.27918;
0.364503;9.27918;
0.364503;9.27918;
0.364504;9.27919;
0.364507;9.27921;
0.364512;9.27925;
0.364522;9.27932;
0.364542;9.27945;
0.364562;9.27959;
0.364582;9.27973;
0.364602;9.27987;
0.364622;9.28001;
0.364642;9.28014;
0.364662;9.28028;
0.364682;9.28042;
0.364702;9.28056;
0.364722;9.2807;
0.364742;9.28084;
0.364762;9.28097;
0.364782;9.28111;
0.364802;9.28125;
0.364822;9.28139;
0.364842;9.28153;
0.364862;9.28167;
0.364882;9.28181;
0.364902;9.28194;
0.364922;9.28208;
0.364942;9.28222;
0.364962;9.28236;
0.364982;9.2825;
0.365;9.28262;
0.365;9.28262;
0.365;9.28262;
0.365001;9.28263;
0.365001;9.28263;
0.365001;9.28263;
0.365001;9.28263;
0.365002;9.28263;
0.365002;9.28264;
0.365003;9.28265;
0.365006;9.28266;
0.365011;9.2827;
0.365021;9.28277;
0.365041;9.28291;
0.365061;9.28305;
0.365081;9.28319;
0.365101;9.28333;
0.365121;9.28347;
0.365141;9.28361;
0.365161;9.28374;
0.365181;9.28388;
0.365201;9.28402;
0.365221;9.28416;
0.365241;9.2843;
0.365261;9.28444;
0.365281;9.28458;
0.365301;9.28472;
0.365321;9.28486;
0.365341;9.285;
0.365361;9.28514;
0.365381;9.28528;
0.365401;9.28542;
0.365421;9.28556;
0.365441;9.2857;
0.365461;9.28584;
0.365481;9.28598;
0.365501;9.28611;
0.365501;9.28612;
0.365501;9.28612;
0.365502;9.28612;
0.365502;9.28612;
0.365502;9.28612;
0.365502;9.28612;
0.365503;9.28613;
0.365503;9.28613;
0.365504;9.28614;
0.365507;9.28616;
0.365512;9.28619;
0.365522;9.28626;
0.365542;9.2864;
0.365562;9.28654;
0.365582;9.28668;
0.365602;9.28682;
0.365622;9.28696;
0.365642;9.28711;
0.365662;9.28725;
0.365682;9.28739;
0.365702;9.28753;
0.365722;9.28767;
0.365742;9.28781;
0.365762;9.28795;
0.365782;9.28809;
0.365802;9.28823;
0.365822;9.28837;
0.365842;9.28851;
0.365862;9.28865;
0.365882;9.28879;
0.365902;9.28893;
0.365922;9.28907;
0.365942;9.28921;
0.365962;9.28935;
0.365982;9.28949;
0.366;9.28962;
0.366;9.28962;
0.366;9.28962;
0.366001;9.28962;
0.366001;9.28963;
0.366001;9.28963;
0.366001;9.28963;
0.366002;9.28963;
0.366002;9.28963;
0.366003;9.28964;
0.366006;9.28966;
0.366011;9.2897;
0.366021;9.28977;
0.366041;9.28991;
0.366061;9.29005;
0.366081;9.29019;
0.366101;9.29033;
0.36612;9.29046;
0.36614;9.2906;
0.36616;9.29074;
0.36618;9.29089;
0.3662;9.29103;
0.36622;9.29117;
0.36624;9.29131;
0.36626;9.29145;
0.36628;9.29159;
0.3663;9.29173;
0.36632;9.29188;
0.36634;9.29202;
0.36636;9.29216;
0.36638;9.2923;
0.3664;9.29244;
0.36642;9.29258;
0.36644;9.29273;
0.36646;9.29287;
0.36648;9.29301;
0.3665;9.29315;
0.366501;9.29316;
0.366501;9.29316;
0.366501;9.29316;
0.366502;9.29317;
0.366502;9.29317;
0.366502;9.29317;
0.366502;9.29317;
0.366503;9.29317;
0.366503;9.29318;
0.366504;9.29319;
0.366507;9.2932;
0.366512;9.29324;
0.366522;9.29331;
0.366542;9.29345;
0.366562;9.2936;
0.366582;9.29374;
0.366602;9.29388;
0.366622;9.29402;
0.366642;9.29417;
0.366662;9.29431;
0.366682;9.29445;
0.366702;9.29459;
0.366722;9.29473;
0.366742;9.29488;
0.366762;9.29502;
0.366782;9.29516;
0.366802;9.2953;
0.366822;9.29545;
0.366842;9.29559;
0.366862;9.29573;
0.366882;9.29587;
0.366902;9.29602;
0.366922;9.29616;
0.366942;9.2963;
0.366962;9.29645;
0.366982;9.29659;
0.367;9.29671;
0.367;9.29671;
0.367;9.29672;
0.367001;9.29672;
0.367001;9.29672;
0.367001;9.29672;
0.367001;9.29672;
0.367002;9.29672;
0.367002;9.29673;
0.367003;9.29674;
0.367006;9.29676;
0.367011;9.29679;
0.367021;9.29687;
0.367041;9.29701;
0.36706;9.29714;
0.36708;9.29729;
0.3671;9.29743;
0.367118;9.29756;
0.367138;9.2977;
0.367158;9.29785;
0.367178;9.29799;
0.367198;9.29813;
0.367218;9.29828;
0.367238;9.29842;
0.367258;9.29856;
0.367278;9.29871;
0.367298;9.29885;
0.367318;9.29899;
0.367338;9.29914;
0.367358;9.29928;
0.367378;9.29942;
0.367398;9.29957;
0.367418;9.29971;
0.367438;9.29985;
0.367458;9.3;
0.367478;9.30014;
0.367498;9.30029;
0.367501;9.3003;
0.367501;9.3003;
0.367501;9.30031;
0.367502;9.30031;
0.367502;9.30031;
0.367502;9.30031;
0.367502;9.30031;
0.367503;9.30031;
0.367503;9.30032;
0.367504;9.30033;
0.367507;9.30035;
0.367512;9.30038;
0.367522;9.30046;
0.367542;9.3006;
0.367562;9.30075;
0.367582;9.30089;
0.367602;9.30103;
0.367622;9.30118;
0.367642;9.30132;
0.367662;9.30147;
0.367682;9.30161;
0.367702;9.30175;
0.367722;9.3019;
0.367742;9.30204;
0.367762;9.30219;
0.367782;9.30233;
0.367802;9.30247;
0.367822;9.30262;
0.367842;9.30276;
0.367862;9.30291;
0.367882;9.30305;
0.367902;9.3032;
0.367922;9.30334;
0.367942;9.30349;
0.367962;9.30363;
0.367982;9.30378;
0.368;9.3039;
0.368;9.3039;
0.368;9.3039;
0.368001;9.30391;
0.368001;9.30391;
0.368001;9.30391;
0.368001;9.30391;
0.368002;9.30391;
0.368002;9.30392;
0.368003;9.30393;
0.368006;9.30395;
0.368011;9.30398;
0.368021;9.30406;
0.368036;9.30417;
0.368051;9.30427;
0.368064;9.30436;
0.368082;9.3045;
0.368102;9.30464;
0.368122;9.30479;
0.368142;9.30493;
0.368162;9.30508;
0.368182;9.30522;
0.368202;9.30537;
0.368222;9.30551;
0.368242;9.30566;
0.368262;9.3058;
0.368282;9.30595;
0.368302;9.30609;
0.368322;9.30624;
0.368342;9.30638;
0.368362;9.30653;
0.368382;9.30667;
0.368402;9.30682;
0.368422;9.30696;
0.368442;9.30711;
0.368462;9.30726;
0.368482;9.3074;
0.368501;9.30754;
0.368501;9.30754;
0.368501;9.30754;
0.368502;9.30754;
0.368502;9.30755;
0.368502;9.30755;
0.368502;9.30755;
0.368503;9.30755;
0.368503;9.30755;
0.368504;9.30756;
0.368507;9.30758;
0.368512;9.30762;
0.368522;9.30769;
0.368542;9.30784;
0.368562;9.30799;
0.368582;9.30813;
0.368602;9.30828;
0.368622;9.30842;
0.368642;9.30857;
0.368662;9.30871;
0.368682;9.30886;
0.368702;9.30901;
0.368722;9.30915;
0.368742;9.3093;
0.368762;9.30944;
0.368782;9.30959;
0.368802;9.30974;
0.368822;9.30988;
0.368842;9.31003;
0.368862;9.31017;
0.368882;9.31032;
0.368902;9.31047;
0.368922;9.31061;
0.368942;9.31076;
0.368962;9.31091;
0.368982;9.31105;
0.369;9.31118;
0.369;9.31118;
0.369;9.31118;
0.369001;9.31119;
0.369001;9.31119;
0.369001;9.31119;
0.369001;9.31119;
0.369002;9.31119;
0.369002;9.3112;
0.369003;9.31121;
0.369006;9.31123;
0.369011;9.31126;
0.369021;9.31134;
0.369027;9.31138;
0.369033;9.31141;
0.369038;9.31144;
0.369044;9.31147;
0.369053;9.31152;
0.36907;9.31162;
0.369087;9.31171;
0.369103;9.3118;
0.36912;9.31189;
0.36914;9.312;
0.36916;9.31211;
0.36918;9.31222;
0.3692;9.31233;
0.36922;9.31244;
0.36924;9.31255;
0.36926;9.31266;
0.36928;9.31277;
0.3693;9.31289;
0.36932;9.313;
0.36934;9.31311;
0.36936;9.31322;
0.36938;9.31333;
0.3694;9.31344;
0.36942;9.31355;
0.36944;9.31366;
0.36946;9.31377;
0.36948;9.31388;
0.3695;9.31399;
0.369501;9.314;
0.369501;9.314;
0.369501;9.314;
0.369502;9.314;
0.369502;9.31401;
0.369502;9.31401;
0.369502;9.31401;
0.369503;9.31401;
0.369503;9.31401;
0.369504;9.31402;
0.369507;9.31403;
0.369512;9.31406;
0.369522;9.31412;
0.369542;9.31423;
0.369562;9.31434;
0.369582;9.31445;
0.369602;9.31456;
0.369622;9.31468;
0.369642;9.31479;
0.369662;9.3149;
0.369682;9.31501;
0.369702;9.31512;
0.369722;9.31523;
0.369742;9.31535;
0.369762;9.31546;
0.369782;9.31557;
0.369802;9.31568;
0.369822;9.31579;
0.369842;9.31591;
0.369862;9.31602;
0.369882;9.31613;
0.369902;9.31624;
0.369922;9.31636;
0.369942;9.31647;
0.369962;9.31658;
0.369982;9.31669;
0.37;9.31679;
0.37;9.31679;
0.37;9.31679;
0.370001;9.3168;
0.370001;9.3168;
0.370001;9.3168;
0.370001;9.3168;
0.370002;9.3168;
0.370002;9.3168;
0.370003;9.31681;
0.370006;9.31683;
0.370011;9.31685;
0.370021;9.31691;
0.370039;9.31701;
0.370057;9.31711;
0.370077;9.31723;
0.370097;9.31734;
0.370117;9.31745;
0.370137;9.31756;
0.370157;9.31768;
0.370177;9.31779;
0.370197;9.3179;
0.370217;9.31802;
0.370237;9.31813;
0.370257;9.31824;
0.370277;9.31836;
0.370297;9.31847;
0.370317;9.31858;
0.370337;9.3187;
0.370357;9.31881;
0.370377;9.31892;
0.370397;9.31904;
0.370417;9.31915;
0.370437;9.31926;
0.370457;9.31938;
0.370477;9.31949;
0.370497;9.31961;
0.370501;9.31963;
0.370501;9.31963;
0.370501;9.31963;
0.370502;9.31963;
0.370502;9.31963;
0.370502;9.31963;
0.370502;9.31964;
0.370503;9.31964;
0.370503;9.31964;
0.370504;9.31965;
0.370507;9.31966;
0.370512;9.31969;
0.370522;9.31975;
0.370542;9.31986;
0.370562;9.31998;
0.370582;9.32009;
0.370602;9.32021;
0.370622;9.32032;
0.370642;9.32044;
0.370662;9.32055;
0.370682;9.32066;
0.370702;9.32078;
0.370722;9.32089;
0.370742;9.32101;
0.370762;9.32112;
0.370782;9.32124;
0.370802;9.32135;
0.370822;9.32147;
0.370842;9.32158;
0.370862;9.3217;
0.370882;9.32181;
0.370902;9.32193;
0.370922;9.32204;
0.370942;9.32216;
0.370962;9.32227;
0.370982;9.32239;
0.371;9.32249;
0.371;9.32249;
0.371;9.32249;
0.371001;9.32249;
0.371001;9.32249;
0.371001;9.32249;
0.371001;9.32249;
0.371002;9.3225;
0.371002;9.3225;
0.371003;9.32251;
0.371006;9.32252;
0.371011;9.32255;
0.371021;9.32261;
0.371041;9.32273;
0.371061;9.32284;
0.371081;9.32296;
0.371101;9.32307;
0.371121;9.32319;
0.371141;9.3233;
0.371161;9.32342;
0.371181;9.32353;
0.371201;9.32365;
0.371221;9.32377;
0.371241;9.32388;
0.371261;9.324;
0.371281;9.32411;
0.371301;9.32423;
0.371321;9.32435;
0.371341;9.32446;
0.371361;9.32458;
0.371381;9.32469;
0.371401;9.32481;
0.371421;9.32493;
0.371441;9.32504;
0.371461;9.32516;
0.371481;9.32528;
0.371501;9.32539;
0.371501;9.32539;
0.371501;9.32539;
0.371502;9.32539;
0.371502;9.3254;
0.371502;9.3254;
0.371502;9.3254;
0.371503;9.3254;
0.371503;9.3254;
0.371504;9.32541;
0.371507;9.32543;
0.371512;9.32546;
0.371522;9.32551;
0.371542;9.32563;
0.371562;9.32575;
0.371582;9.32586;
0.371602;9.32598;
0.371622;9.3261;
0.371642;9.32622;
0.371662;9.32633;
0.371682;9.32645;
0.371702;9.32657;
0.371722;9.32668;
0.371742;9.3268;
0.371762;9.32692;
0.371782;9.32703;
0.371802;9.32715;
0.371822;9.32727;
0.371842;9.32739;
0.371862;9.3275;
0.371882;9.32762;
0.371902;9.32774;
0.371922;9.32786;
0.371942;9.32797;
0.371962;9.32809;
0.371982;9.32821;
0.372;9.32831;
0.372;9.32831;
0.372;9.32832;
0.372001;9.32832;
0.372001;9.32832;
0.372001;9.32832;
0.372001;9.32832;
0.372002;9.32832;
0.372002;9.32833;
0.372003;9.32833;
0.372006;9.32835;
0.372011;9.32838;
0.372021;9.32844;
0.372041;9.32856;
0.372061;9.32868;
0.372081;9.32879;
0.372101;9.32891;
0.372121;9.32903;
0.372141;9.32914;
0.372161;9.32926;
0.372181;9.32938;
0.372201;9.3295;
0.372221;9.32962;
0.372241;9.32974;
0.372261;9.32985;
0.372281;9.32997;
0.372301;9.33009;
0.372321;9.33021;
0.372341;9.33033;
0.372361;9.33045;
0.372381;9.33057;
0.372401;9.33068;
0.372421;9.3308;
0.372441;9.33092;
0.372461;9.33104;
0.372481;9.33116;
0.372501;9.33128;
0.372501;9.33128;
0.372501;9.33128;
0.372501;9.33128;
0.372502;9.33128;
0.372502;9.33129;
0.372502;9.33129;
0.372502;9.33129;
0.372503;9.33129;
0.372503;9.33129;
0.372504;9.3313;
0.372507;9.33131;
0.372511;9.33134;
0.37252;9.33139;
0.372539;9.3315;
0.372559;9.33162;
0.372579;9.33174;
0.372599;9.33186;
0.372619;9.33198;
0.372639;9.3321;
0.372659;9.33222;
0.372679;9.33234;
0.372699;9.33246;
0.372719;9.33258;
0.372739;9.3327;
0.372759;9.33282;
0.372779;9.33294;
0.372799;9.33306;
0.372819;9.33318;
0.372839;9.3333;
0.372859;9.33342;
0.372879;9.33354;
0.372899;9.33366;
0.372919;9.33378;
0.372939;9.3339;
0.372959;9.33402;
0.372979;9.33414;
0.372999;9.33426;
0.373;9.33426;
0.373;9.33427;
0.373;9.33427;
0.373001;9.33427;
0.373001;9.33427;
0.373001;9.33427;
0.373001;9.33427;
0.373002;9.33427;
0.373002;9.33428;
0.373003;9.33429;
0.373006;9.3343;
0.373011;9.33433;
0.373021;9.33439;
0.373041;9.33451;
0.373061;9.33463;
0.373081;9.33475;
0.373101;9.33487;
0.373121;9.335;
0.373141;9.33512;
0.373161;9.33524;
0.373181;9.33536;
0.373201;9.33548;
0.373221;9.3356;
0.373241;9.33572;
0.373261;9.33584;
0.373281;9.33596;
0.373301;9.33608;
0.373321;9.3362;
0.373341;9.33632;
0.373361;9.33645;
0.373381;9.33657;
0.373401;9.33669;
0.373421;9.33681;
0.373441;9.33693;
0.373461;9.33705;
0.373481;9.33717;
0.373501;9.33729;
0.373501;9.33729;
0.373501;9.33729;
0.373502;9.3373;
0.373502;9.3373;
0.373502;9.3373;
0.373502;9.3373;
0.373503;9.3373;
0.373503;9.33731;
0.373504;9.33731;
0.373507;9.33733;
0.373512;9.33736;
0.373522;9.33742;
0.373542;9.33754;
0.373562;9.33767;
0.373582;9.33779;
0.373602;9.33791;
0.373622;9.33803;
0.373642;9.33815;
0.373662;9.33827;
0.373682;9.3384;
0.373702;9.33852;
0.373722;9.33864;
0.373742;9.33876;
0.373762;9.33888;
0.373782;9.33901;
0.373802;9.33913;
0.373822;9.33925;
0.373842;9.33937;
0.373862;9.33949;
0.373882;9.33962;
0.373902;9.33974;
0.373922;9.33986;
0.373942;9.33998;
0.373962;9.34011;
0.373982;9.34023;
0.374;9.34034;
0.374;9.34034;
0.374;9.34034;
0.374001;9.34034;
0.374001;9.34034;
0.374001;9.34034;
0.374001;9.34034;
0.374002;9.34035;
0.374002;9.34035;
0.374003;9.34036;
0.374006;9.34037;
0.374011;9.34041;
0.374021;9.34047;
0.374041;9.34059;
0.374061;9.34071;
0.374081;9.34084;
0.374101;9.34096;
0.374121;9.34108;
0.374141;9.3412;
0.374161;9.34133;
0.374181;9.34145;
0.374201;9.34157;
0.374221;9.3417;
0.374241;9.34182;
0.374261;9.34194;
0.374281;9.34207;
0.374301;9.34219;
0.374321;9.34231;
0.374341;9.34244;
0.374361;9.34256;
0.374381;9.34268;
0.374401;9.34281;
0.374421;9.34293;
0.374441;9.34305;
0.374461;9.34318;
0.374481;9.3433;
0.374501;9.34342;
0.374501;9.34342;
0.374501;9.34342;
0.374502;9.34343;
0.374502;9.34343;
0.374502;9.34343;
0.374502;9.34343;
0.374503;9.34343;
0.374503;9.34344;
0.374504;9.34344;
0.374507;9.34346;
0.374512;9.34349;
0.374522;9.34355;
0.374542;9.34368;
0.374562;9.3438;
0.374582;9.34393;
0.374602;9.34405;
0.374622;9.34417;
0.374642;9.3443;
0.374662;9.34442;
0.374682;9.34455;
0.374702;9.34467;
0.374722;9.3448;
0.374742;9.34492;
0.374762;9.34504;
0.374782;9.34517;
0.374802;9.34529;
0.374822;9.34542;
0.374842;9.34554;
0.374862;9.34567;
0.374882;9.34579;
0.374902;9.34592;
0.374922;9.34604;
0.374942;9.34616;
0.374962;9.34629;
0.374982;9.34641;
0.375;9.34652;
0.375;9.34652;
0.375;9.34653;
0.375001;9.34653;
0.375001;9.34653;
0.375001;9.34653;
0.375001;9.34653;
0.375002;9.34653;
0.375002;9.34654;
0.375003;9.34655;
0.375006;9.34656;
0.375011;9.34659;
0.375021;9.34666;
0.375041;9.34678;
0.375061;9.34691;
0.375081;9.34703;
0.375101;9.34716;
0.375121;9.34728;
0.375141;9.34741;
0.375161;9.34753;
0.375181;9.34766;
0.375201;9.34778;
0.375221;9.34791;
0.375241;9.34803;
0.375261;9.34816;
0.375281;9.34829;
0.375301;9.34841;
0.375321;9.34854;
0.375341;9.34866;
0.375361;9.34879;
0.375381;9.34891;
0.375401;9.34904;
0.375421;9.34917;
0.375441;9.34929;
0.375461;9.34942;
0.375481;9.34954;
0.375501;9.34967;
0.375501;9.34967;
0.375501;9.34967;
0.375502;9.34967;
0.375502;9.34967;
0.375502;9.34967;
0.375502;9.34967;
0.375503;9.34968;
0.375503;9.34968;
0.375504;9.34969;
0.375507;9.3497;
0.375512;9.34974;
0.375522;9.3498;
0.375542;9.34993;
0.375562;9.35005;
0.375582;9.35018;
0.375602;9.35031;
0.375622;9.35043;
0.375642;9.35056;
0.375662;9.35068;
0.375682;9.35081;
0.375702;9.35094;
0.375722;9.35106;
0.375742;9.35119;
0.375762;9.35132;
0.375782;9.35144;
0.375802;9.35157;
0.375822;9.3517;
0.375842;9.35182;
0.375862;9.35195;
0.375882;9.35208;
0.375902;9.3522;
0.375922;9.35233;
0.375942;9.35246;
0.375962;9.35258;
0.375982;9.35271;
0.376;9.35282;
0.376;9.35282;
0.376;9.35283;
0.376001;9.35283;
0.376001;9.35283;
0.376001;9.35283;
0.376001;9.35283;
0.376002;9.35283;
0.376002;9.35284;
0.376003;9.35285;
0.376006;9.35286;
0.376011;9.35289;
0.376021;9.35296;
0.376041;9.35309;
0.376061;9.35321;
0.376081;9.35334;
0.376101;9.35347;
0.376121;9.3536;
0.376141;9.35372;
0.376161;9.35385;
0.376181;9.35398;
0.376201;9.3541;
0.376221;9.35423;
0.376241;9.35436;
0.376261;9.35449;
0.376281;9.35462;
0.376301;9.35474;
0.376321;9.35487;
0.376341;9.355;
0.376361;9.35513;
0.376381;9.35525;
0.376401;9.35538;
0.376421;9.35551;
0.376441;9.35564;
0.376461;9.35577;
0.376481;9.35589;
0.376501;9.35602;
0.376501;9.35602;
0.376501;9.35602;
0.376502;9.35602;
0.376502;9.35603;
0.376502;9.35603;
0.376502;9.35603;
0.376503;9.35603;
0.376503;9.35603;
0.376504;9.35604;
0.376507;9.35606;
0.376512;9.35609;
0.376522;9.35616;
0.376542;9.35628;
0.376562;9.35641;
0.376582;9.35654;
0.376602;9.35667;
0.376622;9.3568;
0.376642;9.35693;
0.376662;9.35705;
0.376682;9.35718;
0.376702;9.35731;
0.376722;9.35744;
0.376742;9.35757;
0.376762;9.3577;
0.376782;9.35783;
0.376802;9.35795;
0.376822;9.35808;
0.376842;9.35821;
0.376862;9.35834;
0.376882;9.35847;
0.376902;9.3586;
0.376922;9.35873;
0.376942;9.35886;
0.376962;9.35899;
0.376982;9.35912;
0.377;9.35923;
0.377;9.35923;
0.377;9.35923;
0.377001;9.35923;
0.377001;9.35924;
0.377001;9.35924;
0.377001;9.35924;
0.377002;9.35924;
0.377002;9.35924;
0.377003;9.35925;
0.377006;9.35927;
0.377011;9.3593;
0.377021;9.35937;
0.377041;9.3595;
0.377061;9.35963;
0.377081;9.35975;
0.377098;9.35986;
0.377115;9.35997;
0.377135;9.3601;
0.377155;9.36023;
0.377175;9.36036;
0.377195;9.36049;
0.377215;9.36062;
0.377235;9.36075;
0.377255;9.36088;
0.377275;9.36101;
0.377295;9.36114;
0.377315;9.36127;
0.377335;9.3614;
0.377355;9.36153;
0.377375;9.36166;
0.377395;9.36179;
0.377415;9.36192;
0.377435;9.36205;
0.377455;9.36218;
0.377475;9.36231;
0.377495;9.36244;
0.377501;9.36248;
0.377501;9.36248;
0.377501;9.36248;
0.377502;9.36248;
0.377502;9.36248;
0.377502;9.36248;
0.377502;9.36248;
0.377503;9.36249;
0.377503;9.36249;
0.377504;9.3625;
0.377507;9.36252;
0.377512;9.36255;
0.377522;9.36262;
0.377542;9.36275;
0.377562;9.36288;
0.377582;9.36301;
0.377602;9.36314;
0.377622;9.36327;
0.377642;9.3634;
0.377662;9.36353;
0.377682;9.36366;
0.377702;9.36379;
0.377722;9.36392;
0.377742;9.36405;
0.377762;9.36418;
0.377782;9.36431;
0.377802;9.36444;
0.377822;9.36457;
0.377842;9.3647;
0.377862;9.36483;
0.377882;9.36497;
0.377902;9.3651;
0.377922;9.36523;
0.377942;9.36536;
0.377962;9.36549;
0.377982;9.36562;
0.378;9.36574;
0.378;9.36574;
0.378;9.36574;
0.378001;9.36574;
0.378001;9.36574;
0.378001;9.36574;
0.378001;9.36574;
0.378002;9.36575;
0.378002;9.36575;
0.378003;9.36576;
0.378006;9.36578;
0.378011;9.36581;
0.378021;9.36588;
0.378036;9.36597;
0.378052;9.36608;
0.378069;9.36619;
0.378089;9.36632;
0.378105;9.36642;
0.378121;9.36653;
0.37814;9.36666;
0.37816;9.36679;
0.37818;9.36692;
0.3782;9.36705;
0.37822;9.36718;
0.37824;9.36732;
0.37826;9.36745;
0.37828;9.36758;
0.3783;9.36771;
0.37832;9.36784;
0.37834;9.36797;
0.37836;9.36811;
0.37838;9.36824;
0.3784;9.36837;
0.37842;9.3685;
0.37844;9.36863;
0.37846;9.36877;
0.37848;9.3689;
0.3785;9.36903;
0.378501;9.36903;
0.378501;9.36903;
0.378501;9.36904;
0.378502;9.36904;
0.378502;9.36904;
0.378502;9.36904;
0.378502;9.36904;
0.378503;9.36904;
0.378503;9.36905;
0.378504;9.36906;
0.378507;9.36907;
0.378512;9.36911;
0.378522;9.36918;
0.378542;9.36931;
0.378562;9.36944;
0.378582;9.36957;
0.378602;9.3697;
0.378622;9.36984;
0.378642;9.36997;
0.378662;9.3701;
0.378682;9.37023;
0.378702;9.37037;
0.378722;9.3705;
0.378742;9.37063;
0.378762;9.37076;
0.378782;9.3709;
0.378802;9.37103;
0.378822;9.37116;
0.378842;9.37129;
0.378862;9.37143;
0.378882;9.37156;
0.378902;9.37169;
0.378922;9.37183;
0.378942;9.37196;
0.378962;9.37209;
0.378982;9.37222;
0.379;9.37234;
0.379;9.37234;
0.379;9.37234;
0.379001;9.37235;
0.379001;9.37235;
0.379001;9.37235;
0.379001;9.37235;
0.379002;9.37235;
0.379002;9.37236;
0.379003;9.37237;
0.379006;9.37238;
0.379011;9.37242;
0.379021;9.37248;
0.37903;9.37254;
0.379039;9.37259;
0.379047;9.37264;
0.379055;9.37268;
0.379069;9.37276;
0.379083;9.37284;
0.3791;9.37293;
0.37912;9.37304;
0.379139;9.37314;
0.379159;9.37326;
0.379179;9.37337;
0.379199;9.37348;
0.379219;9.37359;
0.379239;9.3737;
0.379259;9.37381;
0.379279;9.37392;
0.379299;9.37403;
0.379319;9.37414;
0.379339;9.37426;
0.379359;9.37437;
0.379379;9.37448;
0.379399;9.37459;
0.379419;9.3747;
0.379439;9.37481;
0.379459;9.37492;
0.379479;9.37504;
0.379499;9.37515;
0.379501;9.37516;
0.379501;9.37516;
0.379501;9.37516;
0.379502;9.37517;
0.379502;9.37517;
0.379502;9.37517;
0.379502;9.37517;
0.379503;9.37517;
0.379503;9.37517;
0.379504;9.37518;
0.379507;9.3752;
0.379512;9.37522;
0.379522;9.37528;
0.379542;9.37539;
0.379562;9.37551;
0.379582;9.37562;
0.379602;9.37573;
0.379622;9.37584;
0.379642;9.37595;
0.379662;9.37607;
0.379682;9.37618;
0.379702;9.37629;
0.379722;9.3764;
0.379742;9.37651;
0.379762;9.37663;
0.379782;9.37674;
0.379802;9.37685;
0.379822;9.37696;
0.379842;9.37708;
0.379862;9.37719;
0.379882;9.3773;
0.379902;9.37742;
0.379922;9.37753;
0.379942;9.37764;
0.379962;9.37775;
0.379982;9.37787;
0.38;9.37797;
0.38;9.37797;
0.38;9.37797;
0.380001;9.37797;
0.380001;9.37797;
0.380001;9.37797;
0.380001;9.37797;
0.380002;9.37797;
0.380002;9.37798;
0.380003;9.37799;
0.380006;9.378;
0.380011;9.37803;
0.380021;9.37809;
0.380041;9.3782;
0.380061;9.37831;
0.380081;9.37843;
0.380101;9.37854;
0.380121;9.37865;
0.380141;9.37877;
0.380161;9.37888;
0.380181;9.37899;
0.380201;9.37911;
0.380221;9.37922;
0.380241;9.37933;
0.380261;9.37945;
0.380281;9.37956;
0.380301;9.37967;
0.380321;9.37979;
0.380341;9.3799;
0.380361;9.38002;
0.380381;9.38013;
0.380401;9.38024;
0.380421;9.38036;
0.380441;9.38047;
0.380461;9.38059;
0.380481;9.3807;
0.380501;9.38081;
0.380501;9.38081;
0.380501;9.38081;
0.380502;9.38082;
0.380502;9.38082;
0.380502;9.38082;
0.380502;9.38082;
0.380503;9.38082;
0.380503;9.38082;
0.380504;9.38083;
0.380507;9.38085;
0.380512;9.38088;
0.380522;9.38093;
0.380542;9.38105;
0.380562;9.38116;
0.380582;9.38128;
0.380602;9.38139;
0.380622;9.38151;
0.380642;9.38162;
0.380662;9.38174;
0.380682;9.38185;
0.380702;9.38197;
0.380722;9.38208;
0.380742;9.38219;
0.380762;9.38231;
0.380782;9.38242;
0.380802;9.38254;
0.380822;9.38265;
0.380842;9.38277;
0.380862;9.38288;
0.380882;9.383;
0.380902;9.38311;
0.380922;9.38323;
0.380942;9.38335;
0.380962;9.38346;
0.380982;9.38358;
0.381;9.38368;
0.381;9.38368;
0.381;9.38368;
0.381001;9.38368;
0.381001;9.38368;
0.381001;9.38368;
0.381001;9.38368;
0.381002;9.38369;
0.381002;9.38369;
0.381003;9.3837;
0.381006;9.38371;
0.381011;9.38374;
0.381021;9.3838;
0.381041;9.38392;
0.381061;9.38403;
0.381079;9.38413;
0.381098;9.38424;
0.381118;9.38436;
0.381138;9.38447;
0.381158;9.38459;
0.381178;9.3847;
0.381198;9.38482;
0.381218;9.38494;
0.381238;9.38505;
0.381258;9.38517;
0.381278;9.38528;
0.381298;9.3854;
0.381318;9.38552;
0.381338;9.38563;
0.381358;9.38575;
0.381378;9.38586;
0.381398;9.38598;
0.381418;9.3861;
0.381438;9.38621;
0.381458;9.38633;
0.381478;9.38645;
0.381498;9.38656;
0.381501;9.38658;
0.381501;9.38658;
0.381501;9.38658;
0.381502;9.38659;
0.381502;9.38659;
0.381502;9.38659;
0.381502;9.38659;
0.381503;9.38659;
0.381503;9.3866;
0.381504;9.3866;
0.381507;9.38662;
0.381512;9.38665;
0.381522;9.38671;
0.381542;9.38682;
0.381562;9.38694;
0.381582;9.38706;
0.381602;9.38717;
0.381622;9.38729;
0.381642;9.38741;
0.381662;9.38753;
0.381682;9.38764;
0.381702;9.38776;
0.381722;9.38788;
0.381742;9.38799;
0.381762;9.38811;
0.381782;9.38823;
0.381802;9.38835;
0.381822;9.38846;
0.381842;9.38858;
0.381862;9.3887;
0.381882;9.38881;
0.381902;9.38893;
0.381922;9.38905;
0.381942;9.38917;
0.381962;9.38929;
0.381982;9.3894;
0.382;9.38951;
0.382;9.38951;
0.382;9.38951;
0.382001;9.38951;
0.382001;9.38951;
0.382001;9.38951;
0.382001;9.38951;
0.382002;9.38952;
0.382002;9.38952;
0.382003;9.38953;
0.382006;9.38954;
0.382011;9.38957;
0.382021;9.38963;
0.382041;9.38975;
0.382061;9.38987;
0.382081;9.38999;
0.382101;9.3901;
0.382121;9.39022;
0.382141;9.39034;
0.382161;9.39046;
0.382181;9.39058;
0.382201;9.39069;
0.382221;9.39081;
0.382241;9.39093;
0.382261;9.39105;
0.382281;9.39117;
0.382301;9.39129;
0.382321;9.3914;
0.382341;9.39152;
0.382361;9.39164;
0.382381;9.39176;
0.382401;9.39188;
0.382421;9.392;
0.382441;9.39212;
0.382461;9.39223;
0.382481;9.39235;
0.382501;9.39247;
0.382501;9.39247;
0.382501;9.39247;
0.382502;9.39247;
0.382502;9.39248;
0.382502;9.39248;
0.382502;9.39248;
0.382503;9.39248;
0.382503;9.39248;
0.382504;9.39249;
0.382507;9.39251;
0.382512;9.39254;
0.382522;9.3926;
0.382542;9.39272;
0.382562;9.39283;
0.382582;9.39295;
0.382602;9.39307;
0.382622;9.39319;
0.382642;9.39331;
0.382662;9.39343;
0.382682;9.39355;
0.382702;9.39367;
0.382722;9.39379;
0.382742;9.39391;
0.382762;9.39403;
0.382782;9.39415;
0.382802;9.39427;
0.382822;9.39439;
0.382842;9.39451;
0.382862;9.39462;
0.382882;9.39474;
0.382902;9.39486;
0.382922;9.39498;
0.382942;9.3951;
0.382962;9.39522;
0.382982;9.39534;
0.383;9.39545;
0.383;9.39545;
0.383;9.39545;
0.383001;9.39545;
0.383001;9.39545;
0.383001;9.39546;
0.383001;9.39546;
0.383002;9.39546;
0.383002;9.39546;
0.383003;9.39547;
0.383006;9.39549;
0.383011;9.39552;
0.383021;9.39558;
0.383041;9.3957;
0.383061;9.39582;
0.383081;9.39594;
0.383099;9.39604;
0.383117;9.39615;
0.383137;9.39627;
0.383157;9.39639;
0.383177;9.39651;
0.383197;9.39664;
0.383217;9.39676;
0.383237;9.39688;
0.383257;9.397;
0.383277;9.39712;
0.383297;9.39724;
0.383317;9.39736;
0.383337;9.39748;
0.383357;9.3976;
0.383377;9.39772;
0.383397;9.39784;
0.383417;9.39796;
0.383437;9.39808;
0.383457;9.3982;
0.383477;9.39832;
0.383497;9.39845;
0.383501;9.39847;
0.383501;9.39847;
0.383501;9.39847;
0.383502;9.39847;
0.383502;9.39847;
0.383502;9.39847;
0.383502;9.39847;
0.383503;9.39848;
0.383503;9.39848;
0.383504;9.39849;
0.383507;9.3985;
0.383512;9.39853;
0.383522;9.3986;
0.383542;9.39872;
0.383562;9.39884;
0.383582;9.39896;
0.383602;9.39908;
0.383622;9.3992;
0.383642;9.39932;
0.383662;9.39945;
0.383682;9.39957;
0.383702;9.39969;
0.383722;9.39981;
0.383742;9.39993;
0.383762;9.40005;
0.383782;9.40017;
0.383802;9.4003;
0.383822;9.40042;
0.383842;9.40054;
0.383862;9.40066;
0.383882;9.40078;
0.383902;9.4009;
0.383922;9.40103;
0.383942;9.40115;
0.383962;9.40127;
0.383982;9.40139;
0.384;9.4015;
0.384;9.4015;
0.384;9.4015;
0.384001;9.4015;
0.384001;9.40151;
0.384001;9.40151;
0.384001;9.40151;
0.384002;9.40151;
0.384002;9.40151;
0.384003;9.40152;
0.384006;9.40154;
0.384011;9.40157;
0.384021;9.40163;
0.384041;9.40175;
0.38406;9.40186;
0.38408;9.40199;
0.3841;9.40211;
0.384119;9.40222;
0.384139;9.40235;
0.384159;9.40247;
0.384179;9.40259;
0.384199;9.40271;
0.384219;9.40284;
0.384239;9.40296;
0.384259;9.40308;
0.384279;9.4032;
0.384299;9.40333;
0.384319;9.40345;
0.384339;9.40357;
0.384359;9.4037;
0.384379;9.40382;
0.384399;9.40394;
0.384419;9.40406;
0.384439;9.40419;
0.384459;9.40431;
0.384479;9.40443;
0.384499;9.40456;
0.384501;9.40457;
0.384501;9.40457;
0.384501;9.40457;
0.384502;9.40458;
0.384502;9.40458;
0.384502;9.40458;
0.384502;9.40458;
0.384503;9.40458;
0.384503;9.40458;
0.384504;9.40459;
0.384507;9.40461;
0.384512;9.40464;
0.384522;9.4047;
0.384542;9.40483;
0.384562;9.40495;
0.384582;9.40507;
0.384602;9.4052;
0.384622;9.40532;
0.384642;9.40544;
0.384662;9.40557;
0.384682;9.40569;
0.384702;9.40581;
0.384722;9.40594;
0.384742;9.40606;
0.384762;9.40618;
0.384782;9.40631;
0.384802;9.40643;
0.384822;9.40655;
0.384842;9.40668;
0.384862;9.4068;
0.384882;9.40693;
0.384902;9.40705;
0.384922;9.40717;
0.384942;9.4073;
0.384962;9.40742;
0.384982;9.40755;
0.385;9.40766;
0.385;9.40766;
0.385;9.40766;
0.385001;9.40766;
0.385001;9.40766;
0.385001;9.40766;
0.385001;9.40766;
0.385002;9.40767;
0.385002;9.40767;
0.385003;9.40768;
0.385006;9.40769;
0.385011;9.40772;
0.385021;9.40779;
0.385037;9.40788;
0.385051;9.40797;
0.385063;9.40805;
0.38508;9.40816;
0.3851;9.40828;
0.38512;9.4084;
0.38514;9.40853;
0.38516;9.40865;
0.38518;9.40878;
0.3852;9.4089;
0.38522;9.40903;
0.38524;9.40915;
0.38526;9.40928;
0.38528;9.4094;
0.3853;9.40952;
0.38532;9.40965;
0.38534;9.40977;
0.38536;9.4099;
0.38538;9.41002;
0.3854;9.41015;
0.38542;9.41027;
0.38544;9.4104;
0.38546;9.41052;
0.38548;9.41065;
0.3855;9.41077;
0.385501;9.41078;
0.385501;9.41078;
0.385501;9.41078;
0.385502;9.41078;
0.385502;9.41078;
0.385502;9.41078;
0.385502;9.41079;
0.385503;9.41079;
0.385503;9.41079;
0.385504;9.4108;
0.385507;9.41082;
0.385512;9.41085;
0.385522;9.41091;
0.385542;9.41104;
0.385562;9.41116;
0.385582;9.41129;
0.385602;9.41141;
0.385622;9.41154;
0.385642;9.41166;
0.385662;9.41179;
0.385682;9.41191;
0.385702;9.41204;
0.385722;9.41216;
0.385742;9.41229;
0.385762;9.41242;
0.385782;9.41254;
0.385802;9.41267;
0.385822;9.41279;
0.385842;9.41292;
0.385862;9.41304;
0.385882;9.41317;
0.385902;9.4133;
0.385922;9.41342;
0.385942;9.41355;
0.385962;9.41367;
0.385982;9.4138;
0.386;9.41391;
0.386;9.41391;
0.386;9.41391;
0.386001;9.41392;
0.386001;9.41392;
0.386001;9.41392;
0.386001;9.41392;
0.386002;9.41392;
0.386002;9.41393;
0.386003;9.41393;
0.386006;9.41395;
0.386011;9.41398;
0.386021;9.41405;
0.386027;9.41408;
0.386033;9.41411;
0.386038;9.41413;
0.386044;9.41416;
0.386053;9.4142;
0.386071;9.41428;
0.386087;9.41435;
0.386103;9.41442;
0.38612;9.4145;
0.38614;9.41459;
0.38616;9.41469;
0.38618;9.41478;
0.3862;9.41487;
0.38622;9.41496;
0.38624;9.41505;
0.38626;9.41514;
0.38628;9.41523;
0.3863;9.41533;
0.38632;9.41542;
0.38634;9.41551;
0.38636;9.4156;
0.38638;9.41569;
0.3864;9.41579;
0.38642;9.41588;
0.38644;9.41597;
0.38646;9.41606;
0.38648;9.41615;
0.3865;9.41625;
0.386501;9.41625;
0.386501;9.41625;
0.386501;9.41625;
0.386502;9.41625;
0.386502;9.41626;
0.386502;9.41626;
0.386502;9.41626;
0.386503;9.41626;
0.386503;9.41626;
0.386504;9.41627;
0.386507;9.41628;
0.386512;9.4163;
0.386522;9.41635;
0.386542;9.41644;
0.386562;9.41654;
0.386582;9.41663;
0.386602;9.41672;
0.386622;9.41681;
0.386642;9.41691;
0.386662;9.417;
0.386682;9.41709;
0.386702;9.41718;
0.386722;9.41728;
0.386742;9.41737;
0.386762;9.41746;
0.386782;9.41756;
0.386802;9.41765;
0.386822;9.41774;
0.386842;9.41784;
0.386862;9.41793;
0.386882;9.41802;
0.386902;9.41812;
0.386922;9.41821;
0.386942;9.4183;
0.386962;9.4184;
0.386982;9.41849;
0.387;9.41857;
0.387;9.41857;
0.387;9.41857;
0.387001;9.41858;
0.387001;9.41858;
0.387001;9.41858;
0.387001;9.41858;
0.387002;9.41858;
0.387002;9.41858;
0.387003;9.41859;
0.387006;9.4186;
0.387011;9.41862;
0.387021;9.41867;
0.387041;9.41877;
0.387061;9.41886;
0.387081;9.41895;
0.387101;9.41905;
0.387121;9.41914;
0.387141;9.41923;
0.387161;9.41933;
0.387181;9.41942;
0.387201;9.41952;
0.387221;9.41961;
0.387241;9.41971;
0.387261;9.4198;
0.387281;9.41989;
0.387301;9.41999;
0.387321;9.42008;
0.387341;9.42018;
0.387361;9.42027;
0.387381;9.42037;
0.387401;9.42046;
0.387421;9.42056;
0.387441;9.42065;
0.387461;9.42075;
0.387481;9.42084;
0.387501;9.42094;
0.387501;9.42094;
0.387501;9.42094;
0.387501;9.42094;
0.387502;9.42094;
0.387502;9.42094;
0.387502;9.42094;
0.387502;9.42094;
0.387503;9.42095;
0.387503;9.42095;
0.387504;9.42095;
0.387507;9.42097;
0.387512;9.42099;
0.387522;9.42104;
0.387542;9.42114;
0.387562;9.42123;
0.387582;9.42133;
0.387602;9.42142;
0.387622;9.42152;
0.387642;9.42161;
0.387662;9.42171;
0.387682;9.4218;
0.387702;9.4219;
0.387722;9.42199;
0.387742;9.42209;
0.387762;9.42219;
0.387782;9.42228;
0.387802;9.42238;
0.387822;9.42247;
0.387842;9.42257;
0.387862;9.42267;
0.387882;9.42276;
0.387902;9.42286;
0.387922;9.42296;
0.387942;9.42305;
0.387962;9.42315;
0.387982;9.42324;
0.388;9.42333;
0.388;9.42333;
0.388;9.42333;
0.388001;9.42333;
0.388001;9.42333;
0.388001;9.42333;
0.388001;9.42334;
0.388002;9.42334;
0.388002;9.42334;
0.388003;9.42335;
0.388006;9.42336;
0.388011;9.42338;
0.388021;9.42343;
0.388041;9.42353;
0.388061;9.42363;
0.388081;9.42372;
0.388101;9.42382;
0.388121;9.42392;
0.388141;9.42401;
0.388161;9.42411;
0.388181;9.42421;
0.388201;9.4243;
0.388221;9.4244;
0.388241;9.4245;
0.388261;9.4246;
0.388281;9.42469;
0.388301;9.42479;
0.388321;9.42489;
0.388341;9.42499;
0.388361;9.42508;
0.388381;9.42518;
0.388401;9.42528;
0.388421;9.42538;
0.388441;9.42547;
0.388461;9.42557;
0.388481;9.42567;
0.388501;9.42577;
0.388501;9.42577;
0.388501;9.42577;
0.388502;9.42577;
0.388502;9.42577;
0.388502;9.42577;
0.388502;9.42577;
0.388503;9.42577;
0.388503;9.42578;
0.388504;9.42578;
0.388507;9.42579;
0.388512;9.42582;
0.388522;9.42587;
0.388542;9.42597;
0.388562;9.42607;
0.388582;9.42616;
0.388602;9.42626;
0.388622;9.42636;
0.388642;9.42646;
0.388662;9.42656;
0.388682;9.42666;
0.388702;9.42675;
0.388722;9.42685;
0.388742;9.42695;
0.388762;9.42705;
0.388782;9.42715;
0.388802;9.42725;
0.388822;9.42735;
0.388842;9.42744;
0.388862;9.42754;
0.388882;9.42764;
0.388902;9.42774;
0.388922;9.42784;
0.388942;9.42794;
0.388962;9.42804;
0.388982;9.42814;
0.389;9.42822;
0.389;9.42823;
0.389;9.42823;
0.389001;9.42823;
0.389001;9.42823;
0.389001;9.42823;
0.389001;9.42823;
0.389002;9.42823;
0.389002;9.42824;
0.389003;9.42824;
0.389006;9.42825;
0.389011;9.42828;
0.389021;9.42833;
0.389041;9.42843;
0.389061;9.42853;
0.389081;9.42863;
0.389101;9.42873;
0.389121;9.42883;
0.389141;9.42893;
0.389161;9.42903;
0.389181;9.42913;
0.389201;9.42923;
0.389221;9.42932;
0.389241;9.42942;
0.389261;9.42952;
0.389281;9.42962;
0.389301;9.42972;
0.389321;9.42982;
0.389341;9.42992;
0.389361;9.43003;
0.389381;9.43013;
0.389401;9.43023;
0.389421;9.43033;
0.389441;9.43043;
0.389461;9.43053;
0.389481;9.43063;
0.389501;9.43073;
0.389501;9.43073;
0.389501;9.43073;
0.389502;9.43073;
0.389502;9.43073;
0.389502;9.43073;
0.389502;9.43073;
0.389503;9.43074;
0.389503;9.43074;
0.389504;9.43075;
0.389507;9.43076;
0.389512;9.43078;
0.389522;9.43084;
0.389542;9.43094;
0.389562;9.43104;
0.389582;9.43114;
0.389602;9.43124;
0.389622;9.43134;
0.389642;9.43144;
0.389662;9.43154;
0.389682;9.43164;
0.389702;9.43174;
0.389722;9.43184;
0.389742;9.43195;
0.389762;9.43205;
0.389782;9.43215;
0.389802;9.43225;
0.389822;9.43235;
0.389842;9.43245;
0.389862;9.43255;
0.389882;9.43266;
0.389902;9.43276;
0.389922;9.43286;
0.389942;9.43296;
0.389962;9.43306;
0.389982;9.43316;
0.39;9.43325;
0.39;9.43325;
0.39;9.43326;
0.390001;9.43326;
0.390001;9.43326;
0.390001;9.43326;
0.390001;9.43326;
0.390002;9.43326;
0.390002;9.43326;
0.390003;9.43327;
0.390006;9.43328;
0.390011;9.43331;
0.390021;9.43336;
0.390041;9.43346;
0.390061;9.43357;
0.390081;9.43367;
0.390101;9.43377;
0.390121;9.43387;
0.390141;9.43398;
0.390161;9.43408;
0.390181;9.43418;
0.390201;9.43428;
0.390221;9.43438;
0.390241;9.43449;
0.390261;9.43459;
0.390281;9.43469;
0.390301;9.43479;
0.390321;9.4349;
0.390341;9.435;
0.390361;9.4351;
0.390381;9.43521;
0.390401;9.43531;
0.390421;9.43541;
0.390441;9.43551;
0.390461;9.43562;
0.390481;9.43572;
0.390501;9.43582;
0.390501;9.43582;
0.390501;9.43582;
0.390502;9.43583;
0.390502;9.43583;
0.390502;9.43583;
0.390502;9.43583;
0.390503;9.43583;
0.390503;9.43583;
0.390504;9.43584;
0.390507;9.43585;
0.390512;9.43588;
0.390522;9.43593;
0.390542;9.43604;
0.390562;9.43614;
0.390582;9.43624;
0.390602;9.43635;
0.390622;9.43645;
0.390642;9.43655;
0.390662;9.43666;
0.390682;9.43676;
0.390702;9.43686;
0.390722;9.43697;
0.390742;9.43707;
0.390762;9.43717;
0.390782;9.43728;
0.390802;9.43738;
0.390822;9.43749;
0.390842;9.43759;
0.390862;9.43769;
0.390882;9.4378;
0.390902;9.4379;
0.390922;9.43801;
0.390942;9.43811;
0.390962;9.43821;
0.390982;9.43832;
0.391;9.43841;
0.391;9.43841;
0.391;9.43841;
0.391001;9.43841;
0.391001;9.43842;
0.391001;9.43842;
0.391001;9.43842;
0.391002;9.43842;
0.391002;9.43842;
0.391003;9.43843;
0.391006;9.43844;
0.391011;9.43847;
0.391021;9.43852;
0.391041;9.43863;
0.391061;9.43873;
0.391079;9.43882;
0.391097;9.43892;
0.391117;9.43902;
0.391137;9.43913;
0.391157;9.43923;
0.391177;9.43934;
0.391197;9.43944;
0.391217;9.43955;
0.391237;9.43965;
0.391257;9.43976;
0.391277;9.43986;
0.391297;9.43997;
0.391317;9.44007;
0.391337;9.44018;
0.391357;9.44028;
0.391377;9.44039;
0.391397;9.44049;
0.391417;9.4406;
0.391437;9.44071;
0.391457;9.44081;
0.391477;9.44092;
0.391497;9.44102;
0.391501;9.44104;
0.391501;9.44104;
0.391501;9.44104;
0.391502;9.44104;
0.391502;9.44105;
0.391502;9.44105;
0.391502;9.44105;
0.391503;9.44105;
0.391503;9.44105;
0.391504;9.44106;
0.391507;9.44107;
0.391512;9.4411;
0.391522;9.44115;
0.391542;9.44126;
0.391562;9.44137;
0.391582;9.44147;
0.391602;9.44158;
0.391622;9.44168;
0.391642;9.44179;
0.391662;9.44189;
0.391682;9.442;
0.391702;9.44211;
0.391722;9.44221;
0.391742;9.44232;
0.391762;9.44243;
0.391782;9.44253;
0.391802;9.44264;
0.391822;9.44274;
0.391842;9.44285;
0.391862;9.44296;
0.391882;9.44306;
0.391902;9.44317;
0.391922;9.44328;
0.391942;9.44338;
0.391962;9.44349;
0.391982;9.4436;
0.392;9.44369;
0.392;9.44369;
0.392;9.44369;
0.392001;9.44369;
0.392001;9.4437;
0.392001;9.4437;
0.392001;9.4437;
0.392002;9.4437;
0.392002;9.4437;
0.392003;9.44371;
0.392006;9.44372;
0.392011;9.44375;
0.392021;9.44381;
0.392041;9.44391;
0.392061;9.44402;
0.392081;9.44413;
0.392101;9.44423;
0.392121;9.44434;
0.392141;9.44445;
0.392161;9.44455;
0.392181;9.44466;
0.392201;9.44477;
0.392221;9.44488;
0.392241;9.44498;
0.392261;9.44509;
0.392281;9.4452;
0.392301;9.44531;
0.392321;9.44541;
0.392341;9.44552;
0.392361;9.44563;
0.392381;9.44574;
0.392401;9.44584;
0.392421;9.44595;
0.392441;9.44606;
0.392461;9.44617;
0.392481;9.44628;
0.392501;9.44638;
0.392501;9.44638;
0.392501;9.44638;
0.392502;9.44639;
0.392502;9.44639;
0.392502;9.44639;
0.392502;9.44639;
0.392503;9.44639;
0.392503;9.44639;
0.392504;9.4464;
0.392507;9.44641;
0.392512;9.44644;
0.392522;9.4465;
0.392542;9.44661;
0.392562;9.44671;
0.392582;9.44682;
0.392602;9.44693;
0.392622;9.44704;
0.392642;9.44715;
0.392662;9.44725;
0.392682;9.44736;
0.392702;9.44747;
0.392722;9.44758;
0.392742;9.44769;
0.392762;9.4478;
0.392782;9.44791;
0.392802;9.44801;
0.392822;9.44812;
0.392842;9.44823;
0.392862;9.44834;
0.392882;9.44845;
0.392902;9.44856;
0.392922;9.44867;
0.392942;9.44878;
0.392962;9.44889;
0.392982;9.44899;
0.393;9.44909;
0.393;9.44909;
0.393;9.44909;
0.393001;9.44909;
0.393001;9.4491;
0.393001;9.4491;
0.393001;9.4491;
0.393002;9.4491;
0.393002;9.4491;
0.393003;9.44911;
0.393006;9.44912;
0.393011;9.44915;
0.393021;9.44921;
0.393041;9.44932;
0.393061;9.44943;
0.393081;9.44953;
0.393101;9.44964;
0.393119;9.44974;
0.393139;9.44985;
0.393159;9.44996;
0.393179;9.45007;
0.393199;9.45018;
0.393219;9.45029;
0.393239;9.4504;
0.393259;9.45051;
0.393279;9.45062;
0.393299;9.45073;
0.393319;9.45084;
0.393339;9.45095;
0.393359;9.45106;
0.393379;9.45117;
0.393399;9.45128;
0.393419;9.45139;
0.393439;9.4515;
0.393459;9.45161;
0.393479;9.45172;
0.393499;9.45183;
0.393501;9.45184;
0.393501;9.45184;
0.393501;9.45184;
0.393502;9.45184;
0.393502;9.45184;
0.393502;9.45184;
0.393502;9.45185;
0.393503;9.45185;
0.393503;9.45185;
0.393504;9.45186;
0.393507;9.45187;
0.393512;9.4519;
0.393522;9.45196;
0.393542;9.45207;
0.393562;9.45218;
0.393582;9.45229;
0.393602;9.4524;
0.393622;9.45251;
0.393642;9.45262;
0.393662;9.45273;
0.393682;9.45284;
0.393702;9.45295;
0.393722;9.45306;
0.393742;9.45317;
0.393762;9.45328;
0.393782;9.45339;
0.393802;9.45351;
0.393822;9.45362;
0.393842;9.45373;
0.393862;9.45384;
0.393882;9.45395;
0.393902;9.45406;
0.393922;9.45417;
0.393942;9.45428;
0.393962;9.45439;
0.393982;9.45451;
0.394;9.4546;
0.394;9.4546;
0.394;9.45461;
0.394001;9.45461;
0.394001;9.45461;
0.394001;9.45461;
0.394001;9.45461;
0.394002;9.45461;
0.394002;9.45462;
0.394003;9.45462;
0.394006;9.45464;
0.394011;9.45467;
0.394021;9.45472;
0.394041;9.45483;
0.39406;9.45494;
0.39408;9.45505;
0.3941;9.45516;
0.394118;9.45526;
0.394138;9.45538;
0.394158;9.45549;
0.394178;9.4556;
0.394198;9.45571;
0.394218;9.45582;
0.394238;9.45594;
0.394258;9.45605;
0.394278;9.45616;
0.394298;9.45627;
0.394318;9.45638;
0.394338;9.4565;
0.394358;9.45661;
0.394378;9.45672;
0.394398;9.45683;
0.394418;9.45694;
0.394438;9.45706;
0.394458;9.45717;
0.394478;9.45728;
0.394498;9.45739;
0.394501;9.45741;
0.394501;9.45741;
0.394501;9.45741;
0.394502;9.45741;
0.394502;9.45741;
0.394502;9.45741;
0.394502;9.45741;
0.394503;9.45742;
0.394503;9.45742;
0.394504;9.45743;
0.394507;9.45744;
0.394512;9.45747;
0.394522;9.45753;
0.394542;9.45764;
0.394562;9.45775;
0.394582;9.45787;
0.394602;9.45798;
0.394622;9.45809;
0.394642;9.4582;
0.394662;9.45832;
0.394682;9.45843;
0.394702;9.45854;
0.394722;9.45866;
0.394742;9.45877;
0.394762;9.45888;
0.394782;9.45899;
0.394802;9.45911;
0.394822;9.45922;
0.394842;9.45933;
0.394862;9.45945;
0.394882;9.45956;
0.394902;9.45967;
0.394922;9.45979;
0.394942;9.4599;
0.394962;9.46001;
0.394982;9.46013;
0.395;9.46023;
0.395;9.46023;
0.395;9.46023;
0.395001;9.46023;
0.395001;9.46023;
0.395001;9.46023;
0.395001;9.46023;
0.395002;9.46024;
0.395002;9.46024;
0.395003;9.46025;
0.395006;9.46026;
0.395011;9.46029;
0.395021;9.46035;
0.395037;9.46043;
0.395051;9.46051;
0.395063;9.46059;
0.395081;9.46069;
0.395101;9.4608;
0.395121;9.46092;
0.395141;9.46103;
0.395161;9.46114;
0.395181;9.46126;
0.395201;9.46137;
0.395221;9.46148;
0.395241;9.4616;
0.395261;9.46171;
0.395281;9.46183;
0.395301;9.46194;
0.395321;9.46206;
0.395341;9.46217;
0.395361;9.46228;
0.395381;9.4624;
0.395401;9.46251;
0.395421;9.46263;
0.395441;9.46274;
0.395461;9.46286;
0.395481;9.46297;
0.395501;9.46308;
0.395501;9.46308;
0.395501;9.46309;
0.395502;9.46309;
0.395502;9.46309;
0.395502;9.46309;
0.395502;9.46309;
0.395503;9.46309;
0.395503;9.4631;
0.395504;9.4631;
0.395507;9.46312;
0.395512;9.46315;
0.395522;9.46321;
0.395542;9.46332;
0.395562;9.46344;
0.395582;9.46355;
0.395602;9.46367;
0.395622;9.46378;
0.395642;9.4639;
0.395662;9.46401;
0.395682;9.46413;
0.395702;9.46424;
0.395722;9.46436;
0.395742;9.46447;
0.395762;9.46459;
0.395782;9.4647;
0.395802;9.46482;
0.395822;9.46493;
0.395842;9.46505;
0.395862;9.46516;
0.395882;9.46528;
0.395902;9.46539;
0.395922;9.46551;
0.395942;9.46562;
0.395962;9.46574;
0.395982;9.46585;
0.396;9.46596;
0.396;9.46596;
0.396;9.46596;
0.396001;9.46596;
0.396001;9.46596;
0.396001;9.46596;
0.396001;9.46596;
0.396002;9.46596;
0.396002;9.46597;
0.396003;9.46598;
0.396006;9.46599;
0.396011;9.46602;
0.396021;9.46608;
0.396027;9.46611;
0.396033;9.46614;
0.396038;9.46616;
0.396044;9.46618;
0.396053;9.46622;
0.396071;9.46629;
0.396087;9.46635;
0.396103;9.46642;
0.396121;9.46649;
0.396141;9.46657;
0.396161;9.46665;
0.396181;9.46673;
0.396201;9.46681;
0.396221;9.46689;
0.396241;9.46697;
0.396261;9.46705;
0.396281;9.46713;
0.396301;9.46721;
0.396321;9.46729;
0.396341;9.46737;
0.396361;9.46745;
0.396381;9.46753;
0.396401;9.46761;
0.396421;9.46769;
0.396441;9.46778;
0.396461;9.46786;
0.396481;9.46794;
0.396501;9.46802;
0.396501;9.46802;
0.396501;9.46802;
0.396501;9.46802;
0.396502;9.46802;
0.396502;9.46802;
0.396502;9.46802;
0.396502;9.46803;
0.396503;9.46803;
0.396503;9.46803;
0.396504;9.46803;
0.396507;9.46804;
0.396512;9.46807;
0.396522;9.46811;
0.396542;9.46819;
0.396562;9.46827;
0.396582;9.46835;
0.396602;9.46843;
0.396622;9.46851;
0.396642;9.4686;
0.396662;9.46868;
0.396682;9.46876;
0.396702;9.46884;
0.396722;9.46892;
0.396742;9.469;
0.396762;9.46909;
0.396782;9.46917;
0.396802;9.46925;
0.396822;9.46933;
0.396842;9.46942;
0.396862;9.4695;
0.396882;9.46958;
0.396902;9.46966;
0.396922;9.46975;
0.396942;9.46983;
0.396962;9.46991;
0.396982;9.46999;
0.397;9.47007;
0.397;9.47007;
0.397;9.47007;
0.397001;9.47007;
0.397001;9.47007;
0.397001;9.47007;
0.397001;9.47007;
0.397002;9.47007;
0.397002;9.47007;
0.397003;9.47008;
0.397006;9.47009;
0.397011;9.47011;
0.397021;9.47015;
0.397041;9.47024;
0.39706;9.47031;
0.39708;9.4704;
0.3971;9.47048;
0.39712;9.47056;
0.39714;9.47065;
0.39716;9.47073;
0.39718;9.47081;
0.3972;9.4709;
0.39722;9.47098;
0.39724;9.47106;
0.39726;9.47115;
0.39728;9.47123;
0.3973;9.47131;
0.39732;9.4714;
0.39734;9.47148;
0.39736;9.47156;
0.39738;9.47165;
0.3974;9.47173;
0.39742;9.47182;
0.39744;9.4719;
0.39746;9.47198;
0.39748;9.47207;
0.3975;9.47215;
0.397501;9.47216;
0.397501;9.47216;
0.397501;9.47216;
0.397502;9.47216;
0.397502;9.47216;
0.397502;9.47216;
0.397502;9.47216;
0.397503;9.47216;
0.397503;9.47217;
0.397504;9.47217;
0.397507;9.47218;
0.397512;9.4722;
0.397522;9.47225;
0.397542;9.47233;
0.397562;9.47242;
0.397582;9.4725;
0.397602;9.47258;
0.397622;9.47267;
0.397642;9.47275;
0.397662;9.47284;
0.397682;9.47292;
0.397702;9.47301;
0.397722;9.47309;
0.397742;9.47318;
0.397762;9.47326;
0.397782;9.47335;
0.397802;9.47343;
0.397822;9.47352;
0.397842;9.4736;
0.397862;9.47369;
0.397882;9.47377;
0.397902;9.47386;
0.397922;9.47394;
0.397942;9.47403;
0.397962;9.47412;
0.397982;9.4742;
0.398;9.47428;
0.398;9.47428;
0.398;9.47428;
0.398001;9.47428;
0.398001;9.47428;
0.398001;9.47428;
0.398001;9.47428;
0.398002;9.47428;
0.398002;9.47429;
0.398003;9.47429;
0.398006;9.4743;
0.398011;9.47432;
0.398021;9.47437;
0.398041;9.47445;
0.398061;9.47454;
0.398081;9.47463;
0.398101;9.47471;
0.398121;9.4748;
0.398141;9.47488;
0.398161;9.47497;
0.398181;9.47506;
0.398201;9.47514;
0.398221;9.47523;
0.398241;9.47531;
0.398261;9.4754;
0.398281;9.47549;
0.398301;9.47557;
0.398321;9.47566;
0.398341;9.47575;
0.398361;9.47583;
0.398381;9.47592;
0.398401;9.47601;
0.398421;9.47609;
0.398441;9.47618;
0.398461;9.47627;
0.398481;9.47635;
0.398501;9.47644;
0.398501;9.47644;
0.398501;9.47644;
0.398502;9.47644;
0.398502;9.47644;
0.398502;9.47645;
0.398502;9.47645;
0.398503;9.47645;
0.398503;9.47645;
0.398504;9.47646;
0.398507;9.47647;
0.398512;9.47649;
0.398522;9.47653;
0.398542;9.47662;
0.398562;9.47671;
0.398582;9.4768;
0.398602;9.47688;
0.398622;9.47697;
0.398642;9.47706;
0.398662;9.47715;
0.398682;9.47723;
0.398702;9.47732;
0.398722;9.47741;
0.398742;9.4775;
0.398762;9.47758;
0.398782;9.47767;
0.398802;9.47776;
0.398822;9.47785;
0.398842;9.47794;
0.398862;9.47802;
0.398882;9.47811;
0.398902;9.4782;
0.398922;9.47829;
0.398942;9.47838;
0.398962;9.47846;
0.398982;9.47855;
0.399;9.47863;
0.399;9.47863;
0.399;9.47863;
0.399001;9.47863;
0.399001;9.47864;
0.399001;9.47864;
0.399001;9.47864;
0.399002;9.47864;
0.399002;9.47864;
0.399003;9.47865;
0.399006;9.47866;
0.399011;9.47868;
0.399021;9.47873;
0.399041;9.47881;
0.399061;9.4789;
0.39908;9.47899;
0.3991;9.47908;
0.39912;9.47916;
0.39914;9.47925;
0.39916;9.47934;
0.39918;9.47943;
0.3992;9.47952;
0.39922;9.47961;
0.39924;9.4797;
0.39926;9.47979;
0.39928;9.47988;
0.3993;9.47997;
0.39932;9.48006;
0.39934;9.48015;
0.39936;9.48023;
0.39938;9.48032;
0.3994;9.48041;
0.39942;9.4805;
0.39944;9.48059;
0.39946;9.48068;
0.39948;9.48077;
0.3995;9.48086;
0.399501;9.48087;
0.399501;9.48087;
0.399501;9.48087;
0.399502;9.48087;
0.399502;9.48087;
0.399502;9.48087;
0.399502;9.48087;
0.399503;9.48087;
0.399503;9.48088;
0.399504;9.48088;
0.399507;9.48089;
0.399512;9.48092;
0.399522;9.48096;
0.399542;9.48105;
0.399562;9.48114;
0.399582;9.48123;
0.399602;9.48132;
0.399622;9.48141;
0.399642;9.4815;
0.399662;9.48159;
0.399682;9.48168;
0.399702;9.48177;
0.399722;9.48186;
0.399742;9.48195;
0.399762;9.48205;
0.399782;9.48214;
0.399802;9.48223;
0.399822;9.48232;
0.399842;9.48241;
0.399862;9.4825;
0.399882;9.48259;
0.399902;9.48268;
0.399922;9.48277;
0.399942;9.48286;
0.399962;9.48295;
0.399982;9.48305;
0.4;9.48313;
0.4;9.48313;
0.4;9.48313;
0.400001;9.48313;
0.400001;9.48313;
0.400001;9.48313;
0.400001;9.48313;
0.400002;9.48313;
0.400002;9.48314;
0.400003;9.48314;
0.400006;9.48315;
0.400011;9.48318;
0.400021;9.48322;
0.400041;9.48331;
0.400061;9.48341;
0.400081;9.4835;
0.400101;9.48359;
0.400121;9.48368;
0.400141;9.48377;
0.400161;9.48386;
0.400181;9.48396;
0.400201;9.48405;
0.400221;9.48414;
0.400241;9.48423;
0.400261;9.48432;
0.400281;9.48441;
0.400301;9.48451;
0.400321;9.4846;
0.400341;9.48469;
0.400361;9.48478;
0.400381;9.48488;
0.400401;9.48497;
0.400421;9.48506;
0.400441;9.48515;
0.400461;9.48524;
0.400481;9.48534;
0.400501;9.48543;
0.400501;9.48543;
0.400501;9.48543;
0.400502;9.48543;
0.400502;9.48543;
0.400502;9.48543;
0.400502;9.48543;
0.400503;9.48544;
0.400503;9.48544;
0.400504;9.48544;
0.400507;9.48546;
0.400512;9.48548;
0.400522;9.48553;
0.400542;9.48562;
0.400562;9.48571;
0.400582;9.48581;
0.400602;9.4859;
0.400622;9.48599;
0.400642;9.48608;
0.400662;9.48618;
0.400682;9.48627;
0.400702;9.48636;
0.400722;9.48646;
0.400742;9.48655;
0.400762;9.48664;
0.400782;9.48674;
0.400802;9.48683;
0.400822;9.48692;
0.400842;9.48702;
0.400862;9.48711;
0.400882;9.4872;
0.400902;9.4873;
0.400922;9.48739;
0.400942;9.48748;
0.400962;9.48758;
0.400982;9.48767;
0.401;9.48775;
0.401;9.48775;
0.401;9.48776;
0.401001;9.48776;
0.401001;9.48776;
0.401001;9.48776;
0.401001;9.48776;
0.401002;9.48776;
0.401002;9.48776;
0.401003;9.48777;
0.401006;9.48778;
0.401011;9.48781;
0.401021;9.48785;
0.401041;9.48795;
0.401061;9.48804;
0.401081;9.48814;
0.4011;9.48822;
0.40112;9.48832;
0.40114;9.48841;
0.40116;9.48851;
0.40118;9.4886;
0.4012;9.48869;
0.40122;9.48879;
0.40124;9.48888;
0.40126;9.48898;
0.40128;9.48907;
0.4013;9.48917;
0.40132;9.48926;
0.40134;9.48936;
0.40136;9.48945;
0.40138;9.48955;
0.4014;9.48964;
0.40142;9.48974;
0.40144;9.48983;
0.40146;9.48993;
0.40148;9.49002;
0.4015;9.49012;
0.401501;9.49012;
0.401501;9.49012;
0.401501;9.49012;
0.401502;9.49013;
0.401502;9.49013;
0.401502;9.49013;
0.401502;9.49013;
0.401503;9.49013;
0.401503;9.49013;
0.401504;9.49014;
0.401507;9.49015;
0.401512;9.49018;
0.401522;9.49022;
0.401542;9.49032;
0.401562;9.49041;
0.401582;9.49051;
0.401602;9.49061;
0.401622;9.4907;
0.401642;9.4908;
0.401662;9.49089;
0.401682;9.49099;
0.401702;9.49108;
0.401722;9.49118;
0.401742;9.49127;
0.401762;9.49137;
0.401782;9.49147;
0.401802;9.49156;
0.401822;9.49166;
0.401842;9.49175;
0.401862;9.49185;
0.401882;9.49195;
0.401902;9.49204;
0.401922;9.49214;
0.401942;9.49223;
0.401962;9.49233;
0.401982;9.49243;
0.402;9.49251;
0.402;9.49251;
0.402;9.49251;
0.402001;9.49252;
0.402001;9.49252;
0.402001;9.49252;
0.402001;9.49252;
0.402002;9.49252;
0.402002;9.49252;
0.402003;9.49253;
0.402006;9.49254;
0.402011;9.49257;
0.402021;9.49262;
0.402041;9.49271;
0.402061;9.49281;
0.402081;9.4929;
0.402101;9.493;
0.402121;9.4931;
0.402141;9.49319;
0.402161;9.49329;
0.402181;9.49339;
0.402201;9.49349;
0.402221;9.49358;
0.402241;9.49368;
0.402261;9.49378;
0.402281;9.49387;
0.402301;9.49397;
0.402321;9.49407;
0.402341;9.49417;
0.402361;9.49426;
0.402381;9.49436;
0.402401;9.49446;
0.402421;9.49455;
0.402441;9.49465;
0.402461;9.49475;
0.402481;9.49485;
0.402501;9.49494;
0.402501;9.49494;
0.402501;9.49494;
0.402502;9.49495;
0.402502;9.49495;
0.402502;9.49495;
0.402502;9.49495;
0.402503;9.49495;
0.402503;9.49495;
0.402504;9.49496;
0.402507;9.49497;
0.402512;9.495;
0.402522;9.49505;
0.402542;9.49515;
0.402562;9.49524;
0.402582;9.49534;
0.402602;9.49544;
0.402622;9.49554;
0.402642;9.49563;
0.402662;9.49573;
0.402682;9.49583;
0.402702;9.49593;
0.402722;9.49603;
0.402742;9.49613;
0.402762;9.49622;
0.402782;9.49632;
0.402802;9.49642;
0.402822;9.49652;
0.402842;9.49662;
0.402862;9.49672;
0.402882;9.49681;
0.402902;9.49691;
0.402922;9.49701;
0.402942;9.49711;
0.402962;9.49721;
0.402982;9.49731;
0.403;9.49739;
0.403;9.4974;
0.403;9.4974;
0.403001;9.4974;
0.403001;9.4974;
0.403001;9.4974;
0.403001;9.4974;
0.403002;9.4974;
0.403002;9.49741;
0.403003;9.49741;
0.403006;9.49742;
0.403011;9.49745;
0.403021;9.4975;
0.403041;9.4976;
0.403061;9.4977;
0.403081;9.4978;
0.403101;9.4979;
0.403121;9.49799;
0.403141;9.49809;
0.403161;9.49819;
0.403181;9.49829;
0.403201;9.49839;
0.403221;9.49849;
0.403241;9.49859;
0.403261;9.49869;
0.403281;9.49879;
0.403301;9.49889;
0.403321;9.49899;
0.403341;9.49909;
0.403361;9.49919;
0.403381;9.49929;
0.403401;9.49939;
0.403421;9.49949;
0.403441;9.49959;
0.403461;9.49969;
0.403481;9.49979;
0.403501;9.49989;
0.403501;9.49989;
0.403501;9.49989;
0.403501;9.49989;
0.403502;9.49989;
0.403502;9.49989;
0.403502;9.49989;
0.403502;9.49989;
0.403503;9.49989;
0.403503;9.4999;
0.403504;9.4999;
0.403507;9.49992;
0.403512;9.49994;
0.403522;9.49999;
0.403542;9.50009;
0.403562;9.50019;
0.403582;9.50029;
0.403602;9.50039;
0.403622;9.50049;
0.403642;9.50059;
0.403662;9.5007;
0.403682;9.5008;
0.403702;9.5009;
0.403722;9.501;
0.403742;9.5011;
0.403762;9.5012;
0.403782;9.5013;
0.403802;9.5014;
0.403822;9.5015;
0.403842;9.5016;
0.403862;9.5017;
0.403882;9.5018;
0.403902;9.5019;
0.403922;9.502;
0.403942;9.50211;
0.403962;9.50221;
0.403982;9.50231;
0.404;9.5024;
0.404;9.5024;
0.404;9.5024;
0.404001;9.5024;
0.404001;9.5024;
0.404001;9.5024;
0.404001;9.5024;
0.404002;9.50241;
0.404002;9.50241;
0.404003;9.50241;
0.404006;9.50243;
0.404011;9.50245;
0.404021;9.50251;
0.404041;9.50261;
0.404061;9.50271;
0.404081;9.50281;
0.404098;9.5029;
0.404116;9.50299;
0.404136;9.50309;
0.404156;9.50319;
0.404176;9.50329;
0.404196;9.50339;
0.404216;9.5035;
0.404236;9.5036;
0.404256;9.5037;
0.404276;9.5038;
0.404296;9.5039;
0.404316;9.504;
0.404336;9.50411;
0.404356;9.50421;
0.404376;9.50431;
0.404396;9.50441;
0.404416;9.50451;
0.404436;9.50462;
0.404456;9.50472;
0.404476;9.50482;
0.404496;9.50492;
0.404501;9.50495;
0.404501;9.50495;
0.404501;9.50495;
0.404502;9.50495;
0.404502;9.50495;
0.404502;9.50495;
0.404502;9.50495;
0.404503;9.50496;
0.404503;9.50496;
0.404504;9.50496;
0.404507;9.50498;
0.404512;9.505;
0.404522;9.50506;
0.404542;9.50516;
0.404562;9.50526;
0.404582;9.50536;
0.404602;9.50547;
0.404622;9.50557;
0.404642;9.50567;
0.404662;9.50577;
0.404682;9.50588;
0.404702;9.50598;
0.404722;9.50608;
0.404742;9.50619;
0.404762;9.50629;
0.404782;9.50639;
0.404802;9.50649;
0.404822;9.5066;
0.404842;9.5067;
0.404862;9.5068;
0.404882;9.50691;
0.404902;9.50701;
0.404922;9.50711;
0.404942;9.50722;
0.404962;9.50732;
0.404982;9.50742;
0.405;9.50752;
0.405;9.50752;
0.405;9.50752;
0.405001;9.50752;
0.405001;9.50752;
0.405001;9.50752;
0.405001;9.50752;
0.405002;9.50752;
0.405002;9.50753;
0.405003;9.50753;
0.405006;9.50755;
0.405011;9.50757;
0.405021;9.50763;
0.405036;9.5077;
0.405052;9.50778;
0.405066;9.50786;
0.405086;9.50796;
0.405104;9.50805;
0.405122;9.50815;
0.405142;9.50825;
0.405162;9.50836;
0.405182;9.50846;
0.405202;9.50856;
0.405222;9.50867;
0.405242;9.50877;
0.405262;9.50887;
0.405282;9.50898;
0.405302;9.50908;
0.405322;9.50919;
0.405342;9.50929;
0.405362;9.5094;
0.405382;9.5095;
0.405402;9.5096;
0.405422;9.50971;
0.405442;9.50981;
0.405462;9.50992;
0.405482;9.51002;
0.405501;9.51012;
0.405501;9.51012;
0.405501;9.51012;
0.405502;9.51013;
0.405502;9.51013;
0.405502;9.51013;
0.405502;9.51013;
0.405503;9.51013;
0.405503;9.51013;
0.405504;9.51014;
0.405507;9.51015;
0.405512;9.51018;
0.405522;9.51023;
0.405542;9.51034;
0.405562;9.51044;
0.405582;9.51055;
0.405602;9.51065;
0.405622;9.51076;
0.405642;9.51086;
0.405662;9.51097;
0.405682;9.51107;
0.405702;9.51118;
0.405722;9.51128;
0.405742;9.51139;
0.405762;9.51149;
0.405782;9.5116;
0.405802;9.5117;
0.405822;9.51181;
0.405842;9.51191;
0.405862;9.51202;
0.405882;9.51212;
0.405902;9.51223;
0.405922;9.51233;
0.405942;9.51244;
0.405962;9.51255;
0.405982;9.51265;
0.406;9.51274;
0.406;9.51274;
0.406;9.51275;
0.406001;9.51275;
0.406001;9.51275;
0.406001;9.51275;
0.406001;9.51275;
0.406002;9.51275;
0.406002;9.51276;
0.406003;9.51276;
0.406006;9.51278;
0.406011;9.5128;
0.406021;9.51286;
0.406028;9.51289;
0.406034;9.51292;
0.406039;9.51293;
0.406044;9.51295;
0.406053;9.51298;
0.40607;9.51304;
0.406084;9.51309;
0.406098;9.51314;
0.406113;9.5132;
0.406133;9.51327;
0.406153;9.51334;
0.406173;9.51341;
0.406193;9.51348;
0.406213;9.51356;
0.406233;9.51363;
0.406253;9.5137;
0.406273;9.51377;
0.406293;9.51384;
0.406313;9.51392;
0.406333;9.51399;
0.406353;9.51406;
0.406373;9.51413;
0.406393;9.5142;
0.406413;9.51428;
0.406433;9.51435;
0.406453;9.51442;
0.406473;9.51449;
0.406493;9.51457;
0.406501;9.51459;
0.406501;9.51459;
0.406501;9.5146;
0.406502;9.5146;
0.406502;9.5146;
0.406502;9.5146;
0.406502;9.5146;
0.406503;9.5146;
0.406503;9.5146;
0.406504;9.51461;
0.406507;9.51462;
0.406512;9.51463;
0.406522;9.51467;
0.406542;9.51474;
0.406562;9.51482;
0.406582;9.51489;
0.406602;9.51496;
0.406622;9.51504;
0.406642;9.51511;
0.406662;9.51518;
0.406682;9.51526;
0.406702;9.51533;
0.406722;9.5154;
0.406742;9.51548;
0.406762;9.51555;
0.406782;9.51562;
0.406802;9.5157;
0.406822;9.51577;
0.406842;9.51584;
0.406862;9.51592;
0.406882;9.51599;
0.406902;9.51606;
0.406922;9.51614;
0.406942;9.51621;
0.406962;9.51629;
0.406982;9.51636;
0.407;9.51643;
0.407;9.51643;
0.407;9.51643;
0.407001;9.51643;
0.407001;9.51643;
0.407001;9.51643;
0.407001;9.51643;
0.407002;9.51643;
0.407002;9.51643;
0.407003;9.51644;
0.407006;9.51645;
0.407011;9.51647;
0.407021;9.51651;
0.407041;9.51658;
0.407061;9.51665;
0.407081;9.51673;
0.407101;9.5168;
0.407121;9.51688;
0.407141;9.51695;
0.407161;9.51702;
0.407181;9.5171;
0.407201;9.51717;
0.407221;9.51725;
0.407241;9.51732;
0.407261;9.5174;
0.407281;9.51747;
0.407301;9.51755;
0.407321;9.51762;
0.407341;9.5177;
0.407361;9.51777;
0.407381;9.51785;
0.407401;9.51793;
0.407421;9.518;
0.407441;9.51808;
0.407461;9.51815;
0.407481;9.51823;
0.407501;9.5183;
0.407501;9.5183;
0.407501;9.5183;
0.407501;9.5183;
0.407502;9.51831;
0.407502;9.51831;
0.407502;9.51831;
0.407502;9.51831;
0.407503;9.51831;
0.407503;9.51831;
0.407504;9.51832;
0.407507;9.51833;
0.407512;9.51835;
0.407522;9.51838;
0.407542;9.51846;
0.407562;9.51854;
0.407582;9.51861;
0.407602;9.51869;
0.407622;9.51876;
0.407642;9.51884;
0.407662;9.51892;
0.407682;9.51899;
0.407702;9.51907;
0.407722;9.51915;
0.407742;9.51922;
0.407762;9.5193;
0.407782;9.51937;
0.407802;9.51945;
0.407822;9.51953;
0.407842;9.5196;
0.407862;9.51968;
0.407882;9.51976;
0.407902;9.51983;
0.407922;9.51991;
0.407942;9.51999;
0.407962;9.52007;
0.407982;9.52014;
0.408;9.52021;
0.408;9.52021;
0.408;9.52021;
0.408001;9.52021;
0.408001;9.52021;
0.408001;9.52021;
0.408001;9.52022;
0.408002;9.52022;
0.408002;9.52022;
0.408003;9.52022;
0.408006;9.52023;
0.408011;9.52025;
0.408021;9.52029;
0.408041;9.52037;
0.408061;9.52045;
0.408081;9.52053;
0.408101;9.5206;
0.408121;9.52068;
0.408141;9.52076;
0.408161;9.52084;
0.408181;9.52091;
0.408201;9.52099;
0.408221;9.52107;
0.408241;9.52115;
0.408261;9.52122;
0.408281;9.5213;
0.408301;9.52138;
0.408321;9.52146;
0.408341;9.52154;
0.408361;9.52162;
0.408381;9.52169;
0.408401;9.52177;
0.408421;9.52185;
0.408441;9.52193;
0.408461;9.52201;
0.408481;9.52209;
0.408501;9.52216;
0.408501;9.52216;
0.408501;9.52216;
0.408502;9.52217;
0.408502;9.52217;
0.408502;9.52217;
0.408502;9.52217;
0.408503;9.52217;
0.408503;9.52217;
0.408504;9.52218;
0.408507;9.52219;
0.408512;9.52221;
0.408522;9.52225;
0.408542;9.52233;
0.408562;9.5224;
0.408582;9.52248;
0.408602;9.52256;
0.408622;9.52264;
0.408642;9.52272;
0.408662;9.5228;
0.408682;9.52288;
0.408702;9.52296;
0.408722;9.52304;
0.408742;9.52312;
0.408762;9.5232;
0.408782;9.52328;
0.408802;9.52335;
0.408822;9.52343;
0.408842;9.52351;
0.408862;9.52359;
0.408882;9.52367;
0.408902;9.52375;
0.408922;9.52383;
0.408942;9.52391;
0.408962;9.52399;
0.408982;9.52407;
0.409;9.52414;
0.409;9.52414;
0.409;9.52414;
0.409001;9.52415;
0.409001;9.52415;
0.409001;9.52415;
0.409001;9.52415;
0.409002;9.52415;
0.409002;9.52415;
0.409003;9.52416;
0.409006;9.52417;
0.409011;9.52419;
0.409021;9.52423;
0.409041;9.52431;
0.409061;9.52439;
0.409081;9.52447;
0.409101;9.52455;
0.409121;9.52463;
0.409141;9.52471;
0.409161;9.52479;
0.409181;9.52487;
0.409201;9.52495;
0.409221;9.52503;
0.409241;9.52511;
0.409261;9.52519;
0.409281;9.52527;
0.409301;9.52536;
0.409321;9.52544;
0.409341;9.52552;
0.409361;9.5256;
0.409381;9.52568;
0.409401;9.52576;
0.409421;9.52584;
0.409441;9.52592;
0.409461;9.52601;
0.409481;9.52609;
0.409501;9.52617;
0.409501;9.52617;
0.409501;9.52617;
0.409502;9.52617;
0.409502;9.52617;
0.409502;9.52617;
0.409502;9.52617;
0.409503;9.52617;
0.409503;9.52618;
0.409504;9.52618;
0.409507;9.52619;
0.409512;9.52621;
0.409522;9.52626;
0.409542;9.52634;
0.409562;9.52642;
0.409582;9.5265;
0.409602;9.52658;
0.409622;9.52666;
0.409642;9.52675;
0.409662;9.52683;
0.409682;9.52691;
0.409702;9.52699;
0.409722;9.52707;
0.409742;9.52716;
0.409762;9.52724;
0.409782;9.52732;
0.409802;9.5274;
0.409822;9.52749;
0.409842;9.52757;
0.409862;9.52765;
0.409882;9.52773;
0.409902;9.52782;
0.409922;9.5279;
0.409942;9.52798;
0.409962;9.52806;
0.409982;9.52815;
0.41;9.52822;
0.41;9.52822;
0.41;9.52822;
0.410001;9.52822;
0.410001;9.52822;
0.410001;9.52822;
0.410001;9.52822;
0.410002;9.52823;
0.410002;9.52823;
0.410003;9.52823;
0.410006;9.52824;
0.410011;9.52827;
0.410021;9.52831;
0.410041;9.52839;
0.410061;9.52847;
0.410081;9.52856;
0.410101;9.52864;
0.410121;9.52872;
0.410141;9.52881;
0.410161;9.52889;
0.410181;9.52897;
0.410201;9.52906;
0.410221;9.52914;
0.410241;9.52922;
0.410261;9.52931;
0.410281;9.52939;
0.410301;9.52947;
0.410321;9.52956;
0.410341;9.52964;
0.410361;9.52973;
0.410381;9.52981;
0.410401;9.52989;
0.410421;9.52998;
0.410441;9.53006;
0.410461;9.53015;
0.410481;9.53023;
0.410501;9.53031;
0.410501;9.53031;
0.410501;9.53031;
0.410502;9.53032;
0.410502;9.53032;
0.410502;9.53032;
0.410502;9.53032;
0.410503;9.53032;
0.410503;9.53032;
0.410504;9.53033;
0.410507;9.53034;
0.410512;9.53036;
0.410522;9.5304;
0.410542;9.53049;
0.410562;9.53057;
0.410582;9.53066;
0.410602;9.53074;
0.410622;9.53083;
0.410642;9.53091;
0.410662;9.53099;
0.410682;9.53108;
0.410702;9.53116;
0.410722;9.53125;
0.410742;9.53133;
0.410762;9.53142;
0.410782;9.5315;
0.410802;9.53159;
0.410822;9.53167;
0.410842;9.53176;
0.410862;9.53184;
0.410882;9.53193;
0.410902;9.53202;
0.410922;9.5321;
0.410942;9.53219;
0.410962;9.53227;
0.410982;9.53236;
0.411;9.53243;
0.411;9.53243;
0.411;9.53243;
0.411001;9.53244;
0.411001;9.53244;
0.411001;9.53244;
0.411001;9.53244;
0.411002;9.53244;
0.411002;9.53244;
0.411003;9.53245;
0.411006;9.53246;
0.411011;9.53248;
0.411021;9.53252;
0.411041;9.53261;
0.411061;9.5327;
0.411079;9.53277;
0.411097;9.53285;
0.411117;9.53294;
0.411137;9.53302;
0.411157;9.53311;
0.411177;9.53319;
0.411197;9.53328;
0.411217;9.53337;
0.411237;9.53345;
0.411257;9.53354;
0.411277;9.53362;
0.411297;9.53371;
0.411317;9.5338;
0.411337;9.53388;
0.411357;9.53397;
0.411377;9.53406;
0.411397;9.53414;
0.411417;9.53423;
0.411437;9.53432;
0.411457;9.5344;
0.411477;9.53449;
0.411497;9.53458;
0.411501;9.53459;
0.411501;9.53459;
0.411501;9.53459;
0.411502;9.5346;
0.411502;9.5346;
0.411502;9.5346;
0.411502;9.5346;
0.411503;9.5346;
0.411503;9.5346;
0.411504;9.53461;
0.411507;9.53462;
0.411512;9.53464;
0.411522;9.53469;
0.411542;9.53477;
0.411562;9.53486;
0.411582;9.53495;
0.411602;9.53503;
0.411622;9.53512;
0.411642;9.53521;
0.411662;9.5353;
0.411682;9.53538;
0.411702;9.53547;
0.411722;9.53556;
0.411742;9.53565;
0.411762;9.53573;
0.411782;9.53582;
0.411802;9.53591;
0.411822;9.536;
0.411842;9.53609;
0.411862;9.53617;
0.411882;9.53626;
0.411902;9.53635;
0.411922;9.53644;
0.411942;9.53652;
0.411962;9.53661;
0.411982;9.5367;
0.412;9.53678;
0.412;9.53678;
0.412;9.53678;
0.412001;9.53678;
0.412001;9.53678;
0.412001;9.53678;
0.412001;9.53678;
0.412002;9.53679;
0.412002;9.53679;
0.412003;9.53679;
0.412006;9.53681;
0.412011;9.53683;
0.412021;9.53687;
0.412041;9.53696;
0.412061;9.53705;
0.412081;9.53714;
0.412101;9.53723;
0.412121;9.53732;
0.412141;9.5374;
0.412161;9.53749;
0.412181;9.53758;
0.412201;9.53767;
0.412221;9.53776;
0.412241;9.53785;
0.412261;9.53794;
0.412281;9.53802;
0.412301;9.53811;
0.412321;9.5382;
0.412341;9.53829;
0.412361;9.53838;
0.412381;9.53847;
0.412401;9.53856;
0.412421;9.53865;
0.412441;9.53874;
0.412461;9.53883;
0.412481;9.53892;
0.412501;9.539;
0.412501;9.539;
0.412501;9.53901;
0.412502;9.53901;
0.412502;9.53901;
0.412502;9.53901;
0.412502;9.53901;
0.412503;9.53901;
0.412503;9.53901;
0.412504;9.53902;
0.412507;9.53903;
0.412512;9.53905;
0.412522;9.5391;
0.412542;9.53919;
0.412562;9.53928;
0.412582;9.53937;
0.412602;9.53946;
0.412622;9.53955;
0.412642;9.53964;
0.412662;9.53973;
0.412682;9.53982;
0.412702;9.53991;
0.412722;9.54;
0.412742;9.54009;
0.412762;9.54018;
0.412782;9.54027;
0.412802;9.54036;
0.412822;9.54045;
0.412842;9.54054;
0.412862;9.54063;
0.412882;9.54072;
0.412902;9.54081;
0.412922;9.5409;
0.412942;9.54099;
0.412962;9.54108;
0.412982;9.54117;
0.413;9.54125;
0.413;9.54125;
0.413;9.54125;
0.413001;9.54126;
0.413001;9.54126;
0.413001;9.54126;
0.413001;9.54126;
0.413002;9.54126;
0.413002;9.54126;
0.413003;9.54127;
0.413006;9.54128;
0.413011;9.5413;
0.413021;9.54135;
0.413041;9.54144;
0.413061;9.54153;
0.413081;9.54162;
0.413099;9.5417;
0.413118;9.54179;
0.413138;9.54188;
0.413158;9.54197;
0.413178;9.54206;
0.413198;9.54215;
0.413218;9.54224;
0.413238;9.54233;
0.413258;9.54243;
0.413278;9.54252;
0.413298;9.54261;
0.413318;9.5427;
0.413338;9.54279;
0.413358;9.54288;
0.413378;9.54297;
0.413398;9.54307;
0.413418;9.54316;
0.413438;9.54325;
0.413458;9.54334;
0.413478;9.54343;
0.413498;9.54353;
0.413501;9.54354;
0.413501;9.54354;
0.413501;9.54354;
0.413502;9.54354;
0.413502;9.54355;
0.413502;9.54355;
0.413502;9.54355;
0.413503;9.54355;
0.413503;9.54355;
0.413504;9.54356;
0.413507;9.54357;
0.413512;9.54359;
0.413522;9.54364;
0.413542;9.54373;
0.413562;9.54382;
0.413582;9.54392;
0.413602;9.54401;
0.413622;9.5441;
0.413642;9.54419;
0.413662;9.54428;
0.413682;9.54438;
0.413702;9.54447;
0.413722;9.54456;
0.413742;9.54465;
0.413762;9.54475;
0.413782;9.54484;
0.413802;9.54493;
0.413822;9.54503;
0.413842;9.54512;
0.413862;9.54521;
0.413882;9.5453;
0.413902;9.5454;
0.413922;9.54549;
0.413942;9.54558;
0.413962;9.54568;
0.413982;9.54577;
0.414;9.54585;
0.414;9.54585;
0.414;9.54585;
0.414001;9.54585;
0.414001;9.54586;
0.414001;9.54586;
0.414001;9.54586;
0.414002;9.54586;
0.414002;9.54586;
0.414003;9.54587;
0.414006;9.54588;
0.414011;9.5459;
0.414021;9.54595;
0.414041;9.54604;
0.41406;9.54613;
0.41408;9.54622;
0.4141;9.54632;
0.414119;9.5464;
0.414139;9.5465;
0.414159;9.54659;
0.414179;9.54668;
0.414199;9.54678;
0.414219;9.54687;
0.414239;9.54696;
0.414259;9.54706;
0.414279;9.54715;
0.414299;9.54725;
0.414319;9.54734;
0.414339;9.54743;
0.414359;9.54753;
0.414379;9.54762;
0.414399;9.54772;
0.414419;9.54781;
0.414439;9.5479;
0.414459;9.548;
0.414479;9.54809;
0.414499;9.54819;
0.414501;9.5482;
0.414501;9.5482;
0.414501;9.5482;
0.414502;9.5482;
0.414502;9.5482;
0.414502;9.5482;
0.414502;9.5482;
0.414503;9.54821;
0.414503;9.54821;
0.414504;9.54822;
0.414507;9.54823;
0.414512;9.54825;
0.414522;9.5483;
0.414542;9.54839;
0.414562;9.54849;
0.414582;9.54858;
0.414602;9.54868;
0.414622;9.54877;
0.414642;9.54887;
0.414662;9.54896;
0.414682;9.54906;
0.414702;9.54915;
0.414722;9.54925;
0.414742;9.54934;
0.414762;9.54944;
0.414782;9.54953;
0.414802;9.54963;
0.414822;9.54972;
0.414842;9.54982;
0.414862;9.54991;
0.414882;9.55001;
0.414902;9.5501;
0.414922;9.5502;
0.414942;9.55029;
0.414962;9.55039;
0.414982;9.55048;
0.415;9.55057;
0.415;9.55057;
0.415;9.55057;
0.415001;9.55057;
0.415001;9.55057;
0.415001;9.55057;
0.415001;9.55057;
0.415002;9.55057;
0.415002;9.55058;
0.415003;9.55058;
0.415006;9.5506;
0.415011;9.55062;
0.415021;9.55067;
0.415037;9.55074;
0.415051;9.55081;
0.415063;9.55087;
0.415081;9.55095;
0.415101;9.55105;
0.415121;9.55115;
0.415141;9.55124;
0.415161;9.55134;
0.415181;9.55143;
0.415201;9.55153;
0.415221;9.55162;
0.415241;9.55172;
0.415261;9.55182;
0.415281;9.55191;
0.415301;9.55201;
0.415321;9.55211;
0.415341;9.5522;
0.415361;9.5523;
0.415381;9.55239;
0.415401;9.55249;
0.415421;9.55259;
0.415441;9.55268;
0.415461;9.55278;
0.415481;9.55288;
0.415501;9.55297;
0.415501;9.55297;
0.415501;9.55297;
0.415501;9.55297;
0.415502;9.55298;
0.415502;9.55298;
0.415502;9.55298;
0.415502;9.55298;
0.415503;9.55298;
0.415503;9.55298;
0.415504;9.55299;
0.415507;9.553;
0.415512;9.55303;
0.415522;9.55308;
0.415542;9.55317;
0.415562;9.55327;
0.415582;9.55337;
0.415602;9.55346;
0.415622;9.55356;
0.415642;9.55366;
0.415662;9.55375;
0.415682;9.55385;
0.415702;9.55395;
0.415722;9.55405;
0.415742;9.55414;
0.415762;9.55424;
0.415782;9.55434;
0.415802;9.55443;
0.415822;9.55453;
0.415842;9.55463;
0.415862;9.55473;
0.415882;9.55482;
0.415902;9.55492;
0.415922;9.55502;
0.415942;9.55512;
0.415962;9.55521;
0.415982;9.55531;
0.416;9.5554;
0.416;9.5554;
0.416;9.5554;
0.416001;9.5554;
0.416001;9.5554;
0.416001;9.5554;
0.416001;9.5554;
0.416002;9.55541;
0.416002;9.55541;
0.416003;9.55542;
0.416006;9.55543;
0.416011;9.55545;
0.416021;9.5555;
0.416027;9.55553;
0.416033;9.55555;
0.416038;9.55557;
0.416044;9.55558;
0.416053;9.55561;
0.416071;9.55567;
0.416087;9.55572;
0.416103;9.55577;
0.416121;9.55582;
0.416141;9.55588;
0.416161;9.55595;
0.416181;9.55601;
0.416201;9.55607;
0.416221;9.55613;
0.416241;9.5562;
0.416261;9.55626;
0.416281;9.55632;
0.416301;9.55639;
0.416321;9.55645;
0.416341;9.55651;
0.416361;9.55657;
0.416381;9.55664;
0.416401;9.5567;
0.416421;9.55676;
0.416441;9.55683;
0.416461;9.55689;
0.416481;9.55695;
0.416501;9.55702;
0.416501;9.55702;
0.416501;9.55702;
0.416501;9.55702;
0.416502;9.55702;
0.416502;9.55702;
0.416502;9.55702;
0.416502;9.55702;
0.416503;9.55702;
0.416503;9.55703;
0.416504;9.55703;
0.416507;9.55704;
0.416512;9.55706;
0.416522;9.55709;
0.416542;9.55715;
0.416562;9.55722;
0.416582;9.55728;
0.416602;9.55734;
0.416622;9.55741;
0.416642;9.55747;
0.416662;9.55754;
0.416682;9.5576;
0.416702;9.55766;
0.416722;9.55773;
0.416742;9.55779;
0.416762;9.55786;
0.416782;9.55792;
0.416802;9.55799;
0.416822;9.55805;
0.416842;9.55812;
0.416862;9.55818;
0.416882;9.55824;
0.416902;9.55831;
0.416922;9.55837;
0.416942;9.55844;
0.416962;9.5585;
0.416982;9.55857;
0.417;9.55863;
0.417;9.55863;
0.417;9.55863;
0.417001;9.55863;
0.417001;9.55863;
0.417001;9.55863;
0.417001;9.55863;
0.417002;9.55863;
0.417002;9.55863;
0.417003;9.55864;
0.417006;9.55865;
0.417011;9.55866;
0.417021;9.5587;
0.417041;9.55876;
0.41706;9.55882;
0.41708;9.55889;
0.4171;9.55895;
0.41712;9.55902;
0.41714;9.55909;
0.41716;9.55915;
0.41718;9.55922;
0.4172;9.55928;
0.41722;9.55935;
0.41724;9.55941;
0.41726;9.55948;
0.41728;9.55955;
0.4173;9.55961;
0.41732;9.55968;
0.41734;9.55975;
0.41736;9.55981;
0.41738;9.55988;
0.4174;9.55994;
0.41742;9.56001;
0.41744;9.56008;
0.41746;9.56014;
0.41748;9.56021;
0.4175;9.56028;
0.417501;9.56028;
0.417501;9.56028;
0.417501;9.56028;
0.417502;9.56028;
0.417502;9.56028;
0.417502;9.56028;
0.417502;9.56028;
0.417503;9.56029;
0.417503;9.56029;
0.417504;9.56029;
0.417507;9.5603;
0.417512;9.56032;
0.417522;9.56035;
0.417542;9.56042;
0.417562;9.56049;
0.417582;9.56055;
0.417602;9.56062;
0.417622;9.56069;
0.417642;9.56075;
0.417662;9.56082;
0.417682;9.56089;
0.417702;9.56096;
0.417722;9.56102;
0.417742;9.56109;
0.417762;9.56116;
0.417782;9.56123;
0.417802;9.56129;
0.417822;9.56136;
0.417842;9.56143;
0.417862;9.5615;
0.417882;9.56157;
0.417902;9.56163;
0.417922;9.5617;
0.417942;9.56177;
0.417962;9.56184;
0.417982;9.56191;
0.418;9.56197;
0.418;9.56197;
0.418;9.56197;
0.418001;9.56197;
0.418001;9.56197;
0.418001;9.56197;
0.418001;9.56197;
0.418002;9.56197;
0.418002;9.56197;
0.418003;9.56198;
0.418006;9.56199;
0.418011;9.562;
0.418021;9.56204;
0.418041;9.56211;
0.418061;9.56218;
0.418081;9.56224;
0.418101;9.56231;
0.418121;9.56238;
0.418141;9.56245;
0.418161;9.56252;
0.418181;9.56259;
0.418201;9.56266;
0.418221;9.56273;
0.418241;9.5628;
0.418261;9.56286;
0.418281;9.56293;
0.418301;9.563;
0.418321;9.56307;
0.418341;9.56314;
0.418361;9.56321;
0.418381;9.56328;
0.418401;9.56335;
0.418421;9.56342;
0.418441;9.56349;
0.418461;9.56356;
0.418481;9.56363;
0.418501;9.5637;
0.418501;9.5637;
0.418501;9.5637;
0.418502;9.5637;
0.418502;9.5637;
0.418502;9.5637;
0.418502;9.5637;
0.418503;9.5637;
0.418503;9.5637;
0.418504;9.56371;
0.418507;9.56372;
0.418512;9.56374;
0.418522;9.56377;
0.418542;9.56384;
0.418562;9.56391;
0.418582;9.56398;
0.418602;9.56405;
0.418622;9.56412;
0.418642;9.56419;
0.418662;9.56426;
0.418682;9.56433;
0.418702;9.5644;
0.418722;9.56447;
0.418742;9.56454;
0.418762;9.56461;
0.418782;9.56469;
0.418802;9.56476;
0.418822;9.56483;
0.418842;9.5649;
0.418862;9.56497;
0.418882;9.56504;
0.418902;9.56511;
0.418922;9.56518;
0.418942;9.56525;
0.418962;9.56532;
0.418982;9.5654;
0.419;9.56546;
0.419;9.56546;
0.419;9.56546;
0.419001;9.56546;
0.419001;9.56546;
0.419001;9.56546;
0.419001;9.56546;
0.419002;9.56546;
0.419002;9.56547;
0.419003;9.56547;
0.419006;9.56548;
0.419011;9.5655;
0.419021;9.56553;
0.419041;9.56561;
0.419061;9.56568;
0.419081;9.56575;
0.419101;9.56582;
0.419121;9.56589;
0.419141;9.56596;
0.419161;9.56603;
0.419181;9.5661;
0.419201;9.56618;
0.419221;9.56625;
0.419241;9.56632;
0.419261;9.56639;
0.419281;9.56646;
0.419301;9.56654;
0.419321;9.56661;
0.419341;9.56668;
0.419361;9.56675;
0.419381;9.56683;
0.419401;9.5669;
0.419421;9.56697;
0.419441;9.56704;
0.419461;9.56712;
0.419481;9.56719;
0.419501;9.56726;
0.419501;9.56726;
0.419501;9.56726;
0.419501;9.56726;
0.419502;9.56727;
0.419502;9.56727;
0.419502;9.56727;
0.419502;9.56727;
0.419503;9.56727;
0.419503;9.56727;
0.419504;9.56728;
0.419507;9.56728;
0.419512;9.5673;
0.419522;9.56734;
0.419542;9.56741;
0.419562;9.56749;
0.419582;9.56756;
0.419602;9.56763;
0.419622;9.56771;
0.419642;9.56778;
0.419662;9.56785;
0.419682;9.56793;
0.419702;9.568;
0.419722;9.56807;
0.419742;9.56815;
0.419762;9.56822;
0.419782;9.56829;
0.419802;9.56837;
0.419822;9.56844;
0.419842;9.56851;
0.419862;9.56859;
0.419882;9.56866;
0.419902;9.56874;
0.419922;9.56881;
0.419942;9.56888;
0.419962;9.56896;
0.419982;9.56903;
0.42;9.5691;
0.42;9.5691;
0.42;9.5691;
0.420001;9.5691;
0.420001;9.5691;
0.420001;9.5691;
0.420001;9.5691;
0.420002;9.5691;
0.420002;9.56911;
0.420003;9.56911;
0.420006;9.56912;
0.420011;9.56914;
0.420021;9.56918;
0.420041;9.56925;
0.420061;9.56933;
0.420081;9.5694;
0.420101;9.56947;
0.420121;9.56955;
0.420141;9.56962;
0.420161;9.5697;
0.420181;9.56977;
0.420201;9.56985;
0.420221;9.56992;
0.420241;9.57;
0.420261;9.57007;
0.420281;9.57015;
0.420301;9.57022;
0.420321;9.5703;
0.420341;9.57037;
0.420361;9.57045;
0.420381;9.57052;
0.420401;9.5706;
0.420421;9.57067;
0.420441;9.57075;
0.420461;9.57082;
0.420481;9.5709;
0.420501;9.57097;
0.420501;9.57097;
0.420501;9.57098;
0.420502;9.57098;
0.420502;9.57098;
0.420502;9.57098;
0.420502;9.57098;
0.420503;9.57098;
0.420503;9.57098;
0.420504;9.57099;
0.420507;9.571;
0.420512;9.57102;
0.420522;9.57106;
0.420542;9.57113;
0.420562;9.57121;
0.420582;9.57128;
0.420602;9.57136;
0.420622;9.57143;
0.420642;9.57151;
0.420662;9.57159;
0.420682;9.57166;
0.420702;9.57174;
0.420722;9.57182;
0.420742;9.57189;
0.420762;9.57197;
0.420782;9.57204;
0.420802;9.57212;
0.420822;9.5722;
0.420842;9.57227;
0.420862;9.57235;
0.420882;9.57243;
0.420902;9.5725;
0.420922;9.57258;
0.420942;9.57266;
0.420962;9.57273;
0.420982;9.57281;
0.421;9.57288;
0.421;9.57288;
0.421;9.57288;
0.421001;9.57288;
0.421001;9.57288;
0.421001;9.57288;
0.421001;9.57288;
0.421002;9.57289;
0.421002;9.57289;
0.421003;9.57289;
0.421006;9.5729;
0.421011;9.57292;
0.421021;9.57296;
0.421041;9.57304;
0.421061;9.57312;
0.421081;9.57319;
0.421099;9.57326;
0.421119;9.57334;
0.421139;9.57342;
0.421159;9.5735;
0.421179;9.57357;
0.421199;9.57365;
0.421219;9.57373;
0.421239;9.57381;
0.421259;9.57388;
0.421279;9.57396;
0.421299;9.57404;
0.421319;9.57412;
0.421339;9.57419;
0.421359;9.57427;
0.421379;9.57435;
0.421399;9.57443;
0.421419;9.57451;
0.421439;9.57459;
0.421459;9.57466;
0.421479;9.57474;
0.421499;9.57482;
0.421501;9.57483;
0.421501;9.57483;
0.421501;9.57483;
0.421502;9.57483;
0.421502;9.57483;
0.421502;9.57483;
0.421502;9.57483;
0.421503;9.57483;
0.421503;9.57483;
0.421504;9.57484;
0.421507;9.57485;
0.421512;9.57487;
0.421522;9.57491;
0.421542;9.57499;
0.421562;9.57507;
0.421582;9.57515;
0.421602;9.57522;
0.421622;9.5753;
0.421642;9.57538;
0.421662;9.57546;
0.421682;9.57554;
0.421702;9.57562;
0.421722;9.5757;
0.421742;9.57578;
0.421762;9.57586;
0.421782;9.57593;
0.421802;9.57601;
0.421822;9.57609;
0.421842;9.57617;
0.421862;9.57625;
0.421882;9.57633;
0.421902;9.57641;
0.421922;9.57649;
0.421942;9.57657;
0.421962;9.57665;
0.421982;9.57673;
0.422;9.5768;
0.422;9.5768;
0.422;9.5768;
0.422001;9.5768;
0.422001;9.5768;
0.422001;9.5768;
0.422001;9.5768;
0.422002;9.57681;
0.422002;9.57681;
0.422003;9.57681;
0.422006;9.57682;
0.422011;9.57684;
0.422021;9.57688;
0.422041;9.57696;
0.422061;9.57704;
0.422081;9.57712;
0.422101;9.5772;
0.422121;9.57728;
0.422141;9.57736;
0.422161;9.57744;
0.422181;9.57752;
0.422201;9.5776;
0.422221;9.57768;
0.422241;9.57777;
0.422261;9.57785;
0.422281;9.57793;
0.422301;9.57801;
0.422321;9.57809;
0.422341;9.57817;
0.422361;9.57825;
0.422381;9.57833;
0.422401;9.57841;
0.422421;9.57849;
0.422441;9.57857;
0.422461;9.57865;
0.422481;9.57873;
0.422501;9.57881;
0.422501;9.57881;
0.422501;9.57881;
0.422502;9.57882;
0.422502;9.57882;
0.422502;9.57882;
0.422502;9.57882;
0.422503;9.57882;
0.422503;9.57882;
0.422504;9.57883;
0.422507;9.57884;
0.422512;9.57886;
0.422522;9.5789;
0.422542;9.57898;
0.422562;9.57906;
0.422582;9.57914;
0.422602;9.57922;
0.422622;9.57931;
0.422642;9.57939;
0.422662;9.57947;
0.422682;9.57955;
0.422702;9.57963;
0.422722;9.57971;
0.422742;9.5798;
0.422762;9.57988;
0.422782;9.57996;
0.422802;9.58004;
0.422822;9.58012;
0.422842;9.5802;
0.422862;9.58029;
0.422882;9.58037;
0.422902;9.58045;
0.422922;9.58053;
0.422942;9.58061;
0.422962;9.5807;
0.422982;9.58078;
0.423;9.58085;
0.423;9.58085;
0.423;9.58085;
0.423001;9.58085;
0.423001;9.58086;
0.423001;9.58086;
0.423001;9.58086;
0.423002;9.58086;
0.423002;9.58086;
0.423003;9.58087;
0.423006;9.58088;
0.423011;9.5809;
0.423021;9.58094;
0.423041;9.58102;
0.423061;9.5811;
0.423081;9.58119;
0.423101;9.58127;
0.42312;9.58135;
0.42314;9.58143;
0.42316;9.58151;
0.42318;9.5816;
0.4232;9.58168;
0.42322;9.58176;
0.42324;9.58184;
0.42326;9.58193;
0.42328;9.58201;
0.4233;9.58209;
0.42332;9.58218;
0.42334;9.58226;
0.42336;9.58234;
0.42338;9.58243;
0.4234;9.58251;
0.42342;9.58259;
0.42344;9.58268;
0.42346;9.58276;
0.42348;9.58284;
0.4235;9.58293;
0.423501;9.58293;
0.423501;9.58293;
0.423501;9.58293;
0.423502;9.58293;
0.423502;9.58293;
0.423502;9.58293;
0.423502;9.58294;
0.423503;9.58294;
0.423503;9.58294;
0.423504;9.58294;
0.423507;9.58296;
0.423512;9.58298;
0.423522;9.58302;
0.423542;9.5831;
0.423562;9.58319;
0.423582;9.58327;
0.423602;9.58335;
0.423622;9.58344;
0.423642;9.58352;
0.423662;9.58361;
0.423682;9.58369;
0.423702;9.58377;
0.423722;9.58386;
0.423742;9.58394;
0.423762;9.58403;
0.423782;9.58411;
0.423802;9.5842;
0.423822;9.58428;
0.423842;9.58436;
0.423862;9.58445;
0.423882;9.58453;
0.423902;9.58462;
0.423922;9.5847;
0.423942;9.58479;
0.423962;9.58487;
0.423982;9.58496;
0.424;9.58503;
0.424;9.58503;
0.424;9.58503;
0.424001;9.58504;
0.424001;9.58504;
0.424001;9.58504;
0.424001;9.58504;
0.424002;9.58504;
0.424002;9.58504;
0.424003;9.58505;
0.424006;9.58506;
0.424011;9.58508;
0.424021;9.58512;
0.424041;9.58521;
0.424061;9.58529;
0.424081;9.58538;
0.424098;9.58545;
0.424117;9.58553;
0.424137;9.58561;
0.424157;9.5857;
0.424177;9.58578;
0.424197;9.58587;
0.424217;9.58595;
0.424237;9.58604;
0.424257;9.58613;
0.424277;9.58621;
0.424297;9.5863;
0.424317;9.58638;
0.424337;9.58647;
0.424357;9.58655;
0.424377;9.58664;
0.424397;9.58673;
0.424417;9.58681;
0.424437;9.5869;
0.424457;9.58698;
0.424477;9.58707;
0.424497;9.58715;
0.424501;9.58717;
0.424501;9.58717;
0.424501;9.58717;
0.424502;9.58718;
0.424502;9.58718;
0.424502;9.58718;
0.424502;9.58718;
0.424503;9.58718;
0.424503;9.58718;
0.424504;9.58719;
0.424507;9.5872;
0.424512;9.58722;
0.424522;9.58727;
0.424542;9.58735;
0.424562;9.58744;
0.424582;9.58752;
0.424602;9.58761;
0.424622;9.5877;
0.424642;9.58778;
0.424662;9.58787;
0.424682;9.58796;
0.424702;9.58804;
0.424722;9.58813;
0.424742;9.58822;
0.424762;9.5883;
0.424782;9.58839;
0.424802;9.58848;
0.424822;9.58856;
0.424842;9.58865;
0.424862;9.58874;
0.424882;9.58882;
0.424902;9.58891;
0.424922;9.589;
0.424942;9.58908;
0.424962;9.58917;
0.424982;9.58926;
0.425;9.58934;
0.425;9.58934;
0.425;9.58934;
0.425001;9.58934;
0.425001;9.58934;
0.425001;9.58934;
0.425001;9.58934;
0.425002;9.58934;
0.425002;9.58935;
0.425003;9.58935;
0.425006;9.58936;
0.425011;9.58938;
0.425021;9.58943;
0.425036;9.58949;
0.425052;9.58956;
0.425066;9.58963;
0.425086;9.58971;
0.425104;9.58979;
0.425122;9.58987;
0.425142;9.58996;
0.425162;9.59005;
0.425182;9.59013;
0.425202;9.59022;
0.425222;9.59031;
0.425242;9.5904;
0.425262;9.59049;
0.425282;9.59057;
0.425302;9.59066;
0.425322;9.59075;
0.425342;9.59084;
0.425362;9.59093;
0.425382;9.59101;
0.425402;9.5911;
0.425422;9.59119;
0.425442;9.59128;
0.425462;9.59137;
0.425482;9.59146;
0.425501;9.59154;
0.425501;9.59154;
0.425501;9.59154;
0.425502;9.59154;
0.425502;9.59154;
0.425502;9.59154;
0.425502;9.59154;
0.425503;9.59154;
0.425503;9.59155;
0.425504;9.59155;
0.425507;9.59156;
0.425512;9.59159;
0.425522;9.59163;
0.425542;9.59172;
0.425562;9.59181;
0.425582;9.5919;
0.425602;9.59199;
0.425622;9.59208;
0.425642;9.59216;
0.425662;9.59225;
0.425682;9.59234;
0.425702;9.59243;
0.425722;9.59252;
0.425742;9.59261;
0.425762;9.5927;
0.425782;9.59279;
0.425802;9.59288;
0.425822;9.59297;
0.425842;9.59305;
0.425862;9.59314;
0.425882;9.59323;
0.425902;9.59332;
0.425922;9.59341;
0.425942;9.5935;
0.425962;9.59359;
0.425982;9.59368;
0.426;9.59376;
0.426;9.59376;
0.426;9.59376;
0.426001;9.59376;
0.426001;9.59376;
0.426001;9.59376;
0.426001;9.59376;
0.426002;9.59377;
0.426002;9.59377;
0.426003;9.59377;
0.426006;9.59379;
0.426011;9.59381;
0.426021;9.59386;
0.426027;9.59388;
0.426033;9.5939;
0.426039;9.59391;
0.426044;9.59393;
0.426053;9.59395;
0.426069;9.59399;
0.426085;9.59404;
0.4261;9.59408;
0.426117;9.59412;
0.426137;9.59417;
0.426157;9.59423;
0.426177;9.59428;
0.426197;9.59433;
0.426217;9.59438;
0.426237;9.59444;
0.426257;9.59449;
0.426277;9.59454;
0.426297;9.5946;
0.426317;9.59465;
0.426337;9.5947;
0.426357;9.59476;
0.426377;9.59481;
0.426397;9.59487;
0.426417;9.59492;
0.426437;9.59497;
0.426457;9.59503;
0.426477;9.59508;
0.426497;9.59514;
0.426501;9.59515;
0.426501;9.59515;
0.426501;9.59515;
0.426502;9.59515;
0.426502;9.59515;
0.426502;9.59515;
0.426502;9.59515;
0.426503;9.59515;
0.426503;9.59515;
0.426504;9.59516;
0.426507;9.59516;
0.426512;9.59518;
0.426522;9.59521;
0.426542;9.59526;
0.426562;9.59531;
0.426582;9.59537;
0.426602;9.59542;
0.426622;9.59548;
0.426642;9.59553;
0.426662;9.59559;
0.426682;9.59564;
0.426702;9.5957;
0.426722;9.59575;
0.426742;9.59581;
0.426762;9.59586;
0.426782;9.59592;
0.426802;9.59597;
0.426822;9.59603;
0.426842;9.59608;
0.426862;9.59614;
0.426882;9.59619;
0.426902;9.59625;
0.426922;9.5963;
0.426942;9.59636;
0.426962;9.59642;
0.426982;9.59647;
0.427;9.59652;
0.427;9.59652;
0.427;9.59652;
0.427001;9.59652;
0.427001;9.59652;
0.427001;9.59652;
0.427001;9.59652;
0.427002;9.59652;
0.427002;9.59653;
0.427003;9.59653;
0.427006;9.59654;
0.427011;9.59655;
0.427021;9.59658;
0.427038;9.59663;
0.427055;9.59668;
0.427075;9.59673;
0.427095;9.59679;
0.427115;9.59684;
0.427135;9.5969;
0.427155;9.59696;
0.427175;9.59701;
0.427195;9.59707;
0.427215;9.59713;
0.427235;9.59718;
0.427255;9.59724;
0.427275;9.5973;
0.427295;9.59735;
0.427315;9.59741;
0.427335;9.59747;
0.427355;9.59752;
0.427375;9.59758;
0.427395;9.59764;
0.427415;9.59769;
0.427435;9.59775;
0.427455;9.59781;
0.427475;9.59787;
0.427495;9.59792;
0.427501;9.59794;
0.427501;9.59794;
0.427501;9.59794;
0.427502;9.59794;
0.427502;9.59794;
0.427502;9.59794;
0.427502;9.59794;
0.427503;9.59794;
0.427503;9.59795;
0.427504;9.59795;
0.427507;9.59796;
0.427512;9.59797;
0.427522;9.598;
0.427542;9.59806;
0.427562;9.59812;
0.427582;9.59817;
0.427602;9.59823;
0.427622;9.59829;
0.427642;9.59835;
0.427662;9.59841;
0.427682;9.59846;
0.427702;9.59852;
0.427722;9.59858;
0.427742;9.59864;
0.427762;9.5987;
0.427782;9.59875;
0.427802;9.59881;
0.427822;9.59887;
0.427842;9.59893;
0.427862;9.59899;
0.427882;9.59905;
0.427902;9.59911;
0.427922;9.59917;
0.427942;9.59922;
0.427962;9.59928;
0.427982;9.59934;
0.428;9.59939;
0.428;9.59939;
0.428;9.59939;
0.428001;9.5994;
0.428001;9.5994;
0.428001;9.5994;
0.428001;9.5994;
0.428002;9.5994;
0.428002;9.5994;
0.428003;9.5994;
0.428006;9.59941;
0.428011;9.59943;
0.428021;9.59946;
0.428041;9.59952;
0.428061;9.59958;
0.428081;9.59963;
0.428101;9.59969;
0.428121;9.59975;
0.428141;9.59981;
0.428161;9.59987;
0.428181;9.59993;
0.428201;9.59999;
0.428221;9.60005;
0.428241;9.60011;
0.428261;9.60017;
0.428281;9.60023;
0.428301;9.60029;
0.428321;9.60035;
0.428341;9.60041;
0.428361;9.60047;
0.428381;9.60053;
0.428401;9.60059;
0.428421;9.60065;
0.428441;9.60071;
0.428461;9.60077;
0.428481;9.60083;
0.428501;9.60089;
0.428501;9.60089;
0.428501;9.60089;
0.428502;9.6009;
0.428502;9.6009;
0.428502;9.6009;
0.428502;9.6009;
0.428503;9.6009;
0.428503;9.6009;
0.428504;9.6009;
0.428507;9.60091;
0.428512;9.60093;
0.428522;9.60096;
0.428542;9.60102;
0.428562;9.60108;
0.428582;9.60114;
0.428602;9.6012;
0.428622;9.60126;
0.428642;9.60132;
0.428662;9.60139;
0.428682;9.60145;
0.428702;9.60151;
0.428722;9.60157;
0.428742;9.60163;
0.428762;9.60169;
0.428782;9.60175;
0.428802;9.60181;
0.428822;9.60188;
0.428842;9.60194;
0.428862;9.602;
0.428882;9.60206;
0.428902;9.60212;
0.428922;9.60219;
0.428942;9.60225;
0.428962;9.60231;
0.428982;9.60237;
0.429;9.60243;
0.429;9.60243;
0.429;9.60243;
0.429001;9.60243;
0.429001;9.60243;
0.429001;9.60243;
0.429001;9.60243;
0.429002;9.60243;
0.429002;9.60243;
0.429003;9.60244;
0.429006;9.60245;
0.429011;9.60246;
0.429021;9.60249;
0.429041;9.60256;
0.429061;9.60262;
0.429081;9.60268;
0.429101;9.60274;
0.429121;9.60281;
0.429141;9.60287;
0.429161;9.60293;
0.429181;9.60299;
0.429201;9.60306;
0.429221;9.60312;
0.429241;9.60318;
0.429261;9.60324;
0.429281;9.60331;
0.429301;9.60337;
0.429321;9.60343;
0.429341;9.6035;
0.429361;9.60356;
0.429381;9.60362;
0.429401;9.60369;
0.429421;9.60375;
0.429441;9.60381;
0.429461;9.60388;
0.429481;9.60394;
0.429501;9.604;
0.429501;9.604;
0.429501;9.604;
0.429502;9.60401;
0.429502;9.60401;
0.429502;9.60401;
0.429502;9.60401;
0.429503;9.60401;
0.429503;9.60401;
0.429504;9.60402;
0.429507;9.60402;
0.429512;9.60404;
0.429522;9.60407;
0.429542;9.60414;
0.429562;9.6042;
0.429582;9.60426;
0.429602;9.60433;
0.429622;9.60439;
0.429642;9.60446;
0.429662;9.60452;
0.429682;9.60458;
0.429702;9.60465;
0.429722;9.60471;
0.429742;9.60478;
0.429762;9.60484;
0.429782;9.60491;
0.429802;9.60497;
0.429822;9.60504;
0.429842;9.6051;
0.429862;9.60517;
0.429882;9.60523;
0.429902;9.6053;
0.429922;9.60536;
0.429942;9.60543;
0.429962;9.60549;
0.429982;9.60556;
0.43;9.60561;
0.43;9.60561;
0.43;9.60561;
0.430001;9.60562;
0.430001;9.60562;
0.430001;9.60562;
0.430001;9.60562;
0.430002;9.60562;
0.430002;9.60562;
0.430003;9.60562;
0.430006;9.60563;
0.430011;9.60565;
0.430021;9.60568;
0.430041;9.60575;
0.430061;9.60581;
0.430081;9.60588;
0.430101;9.60594;
0.430121;9.60601;
0.430141;9.60608;
0.430161;9.60614;
0.430181;9.60621;
0.430201;9.60627;
0.430221;9.60634;
0.430241;9.6064;
0.430261;9.60647;
0.430281;9.60654;
0.430301;9.6066;
0.430321;9.60667;
0.430341;9.60674;
0.430361;9.6068;
0.430381;9.60687;
0.430401;9.60693;
0.430421;9.607;
0.430441;9.60707;
0.430461;9.60713;
0.430481;9.6072;
0.430501;9.60727;
0.430501;9.60727;
0.430501;9.60727;
0.430502;9.60727;
0.430502;9.60727;
0.430502;9.60727;
0.430502;9.60727;
0.430503;9.60727;
0.430503;9.60727;
0.430504;9.60728;
0.430507;9.60729;
0.430512;9.6073;
0.430522;9.60734;
0.430542;9.6074;
0.430562;9.60747;
0.430582;9.60754;
0.430602;9.6076;
0.430622;9.60767;
0.430642;9.60774;
0.430662;9.60781;
0.430682;9.60787;
0.430702;9.60794;
0.430722;9.60801;
0.430742;9.60808;
0.430762;9.60814;
0.430782;9.60821;
0.430802;9.60828;
0.430822;9.60835;
0.430842;9.60841;
0.430862;9.60848;
0.430882;9.60855;
0.430902;9.60862;
0.430922;9.60868;
0.430942;9.60875;
0.430962;9.60882;
0.430982;9.60889;
0.431;9.60895;
0.431;9.60895;
0.431;9.60895;
0.431001;9.60895;
0.431001;9.60895;
0.431001;9.60895;
0.431001;9.60895;
0.431002;9.60895;
0.431002;9.60896;
0.431003;9.60896;
0.431006;9.60897;
0.431011;9.60899;
0.431021;9.60902;
0.431041;9.60909;
0.431061;9.60916;
0.431081;9.60923;
0.431101;9.60929;
0.431121;9.60936;
0.431141;9.60943;
0.431161;9.6095;
0.431181;9.60957;
0.431201;9.60964;
0.431221;9.60971;
0.431241;9.60978;
0.431261;9.60984;
0.431281;9.60991;
0.431301;9.60998;
0.431321;9.61005;
0.431341;9.61012;
0.431361;9.61019;
0.431381;9.61026;
0.431401;9.61033;
0.431421;9.6104;
0.431441;9.61047;
0.431461;9.61054;
0.431481;9.61061;
0.431501;9.61067;
0.431501;9.61067;
0.431501;9.61067;
0.431502;9.61068;
0.431502;9.61068;
0.431502;9.61068;
0.431502;9.61068;
0.431503;9.61068;
0.431503;9.61068;
0.431504;9.61069;
0.431507;9.61069;
0.431512;9.61071;
0.431522;9.61075;
0.431542;9.61082;
0.431562;9.61089;
0.431582;9.61096;
0.431602;9.61103;
0.431622;9.6111;
0.431642;9.61117;
0.431662;9.61124;
0.431682;9.61131;
0.431702;9.61138;
0.431722;9.61145;
0.431742;9.61152;
0.431762;9.61159;
0.431782;9.61166;
0.431802;9.61173;
0.431822;9.6118;
0.431842;9.61187;
0.431862;9.61194;
0.431882;9.61201;
0.431902;9.61208;
0.431922;9.61215;
0.431942;9.61222;
0.431962;9.61229;
0.431982;9.61236;
0.432;9.61243;
0.432;9.61243;
0.432;9.61243;
0.432001;9.61243;
0.432001;9.61243;
0.432001;9.61243;
0.432001;9.61243;
0.432002;9.61243;
0.432002;9.61244;
0.432003;9.61244;
0.432006;9.61245;
0.432011;9.61247;
0.432021;9.6125;
0.432041;9.61257;
0.432061;9.61265;
0.432081;9.61272;
0.432101;9.61279;
0.432121;9.61286;
0.432141;9.61293;
0.432161;9.613;
0.432181;9.61307;
0.432201;9.61314;
0.432221;9.61321;
0.432241;9.61329;
0.432261;9.61336;
0.432281;9.61343;
0.432301;9.6135;
0.432321;9.61357;
0.432341;9.61365;
0.432361;9.61372;
0.432381;9.61379;
0.432401;9.61386;
0.432421;9.61393;
0.432441;9.61401;
0.432461;9.61408;
0.432481;9.61415;
0.432501;9.61422;
0.432501;9.61422;
0.432501;9.61422;
0.432501;9.61422;
0.432502;9.61423;
0.432502;9.61423;
0.432502;9.61423;
0.432502;9.61423;
0.432503;9.61423;
0.432503;9.61423;
0.432504;9.61424;
0.432507;9.61424;
0.432512;9.61426;
0.432522;9.6143;
0.432542;9.61437;
0.432562;9.61445;
0.432582;9.61452;
0.432602;9.61459;
0.432622;9.61466;
0.432642;9.61474;
0.432662;9.61481;
0.432682;9.61488;
0.432702;9.61495;
0.432722;9.61503;
0.432742;9.6151;
0.432762;9.61517;
0.432782;9.61525;
0.432802;9.61532;
0.432822;9.61539;
0.432842;9.61547;
0.432862;9.61554;
0.432882;9.61561;
0.432902;9.61569;
0.432922;9.61576;
0.432942;9.61583;
0.432962;9.61591;
0.432982;9.61598;
0.433;9.61605;
0.433;9.61605;
0.433;9.61605;
0.433001;9.61605;
0.433001;9.61605;
0.433001;9.61605;
0.433001;9.61605;
0.433002;9.61605;
0.433002;9.61605;
0.433003;9.61606;
0.433006;9.61607;
0.433011;9.61609;
0.433021;9.61612;
0.433041;9.6162;
0.433061;9.61627;
0.433081;9.61635;
0.433101;9.61642;
0.433121;9.61649;
0.433141;9.61657;
0.433161;9.61664;
0.433181;9.61672;
0.433201;9.61679;
0.433221;9.61686;
0.433241;9.61694;
0.433261;9.61701;
0.433281;9.61709;
0.433301;9.61716;
0.433321;9.61724;
0.433341;9.61731;
0.433361;9.61739;
0.433381;9.61746;
0.433401;9.61754;
0.433421;9.61761;
0.433441;9.61769;
0.433461;9.61776;
0.433481;9.61783;
0.433501;9.61791;
0.433501;9.61791;
0.433501;9.61791;
0.433502;9.61791;
0.433502;9.61791;
0.433502;9.61791;
0.433502;9.61791;
0.433503;9.61791;
0.433503;9.61792;
0.433504;9.61792;
0.433507;9.61793;
0.433512;9.61795;
0.433522;9.61799;
0.433542;9.61806;
0.433562;9.61814;
0.433582;9.61821;
0.433602;9.61829;
0.433622;9.61836;
0.433642;9.61844;
0.433662;9.61852;
0.433682;9.61859;
0.433702;9.61867;
0.433722;9.61874;
0.433742;9.61882;
0.433762;9.61889;
0.433782;9.61897;
0.433802;9.61905;
0.433822;9.61912;
0.433842;9.6192;
0.433862;9.61927;
0.433882;9.61935;
0.433902;9.61943;
0.433922;9.6195;
0.433942;9.61958;
0.433962;9.61965;
0.433982;9.61973;
0.434;9.6198;
0.434;9.6198;
0.434;9.6198;
0.434001;9.6198;
0.434001;9.6198;
0.434001;9.6198;
0.434001;9.6198;
0.434002;9.6198;
0.434002;9.61981;
0.434003;9.61981;
0.434006;9.61982;
0.434011;9.61984;
0.434021;9.61988;
0.434041;9.61996;
0.434061;9.62003;
0.434081;9.62011;
0.434097;9.62017;
0.434114;9.62023;
0.434133;9.6203;
0.434153;9.62038;
0.434173;9.62046;
0.434193;9.62053;
0.434213;9.62061;
0.434233;9.62069;
0.434253;9.62077;
0.434273;9.62084;
0.434293;9.62092;
0.434313;9.621;
0.434333;9.62107;
0.434353;9.62115;
0.434373;9.62123;
0.434393;9.62131;
0.434413;9.62138;
0.434433;9.62146;
0.434453;9.62154;
0.434473;9.62162;
0.434493;9.62169;
0.434501;9.62173;
0.434501;9.62173;
0.434501;9.62173;
0.434502;9.62173;
0.434502;9.62173;
0.434502;9.62173;
0.434502;9.62173;
0.434503;9.62173;
0.434503;9.62173;
0.434504;9.62174;
0.434507;9.62175;
0.434512;9.62177;
0.434522;9.62181;
0.434542;9.62189;
0.434562;9.62196;
0.434582;9.62204;
0.434602;9.62212;
0.434622;9.6222;
0.434642;9.62228;
0.434662;9.62235;
0.434682;9.62243;
0.434702;9.62251;
0.434722;9.62259;
0.434742;9.62267;
0.434762;9.62274;
0.434782;9.62282;
0.434802;9.6229;
0.434822;9.62298;
0.434842;9.62306;
0.434862;9.62314;
0.434882;9.62322;
0.434902;9.62329;
0.434922;9.62337;
0.434942;9.62345;
0.434962;9.62353;
0.434982;9.62361;
0.435;9.62368;
0.435;9.62368;
0.435;9.62368;
0.435001;9.62368;
0.435001;9.62368;
0.435001;9.62368;
0.435001;9.62368;
0.435002;9.62368;
0.435002;9.62369;
0.435003;9.62369;
0.435006;9.6237;
0.435011;9.62372;
0.435021;9.62376;
0.435037;9.62382;
0.435054;9.62389;
0.435074;9.62397;
0.435094;9.62405;
0.435114;9.62413;
0.435133;9.62421;
0.435153;9.62428;
0.435173;9.62436;
0.435193;9.62444;
0.435213;9.62452;
0.435233;9.6246;
0.435253;9.62468;
0.435273;9.62476;
0.435293;9.62484;
0.435313;9.62492;
0.435333;9.625;
0.435353;9.62508;
0.435373;9.62516;
0.435393;9.62524;
0.435413;9.62532;
0.435433;9.6254;
0.435453;9.62548;
0.435473;9.62556;
0.435493;9.62564;
0.435501;9.62567;
0.435501;9.62567;
0.435501;9.62567;
0.435502;9.62567;
0.435502;9.62567;
0.435502;9.62567;
0.435502;9.62567;
0.435503;9.62568;
0.435503;9.62568;
0.435504;9.62568;
0.435507;9.62569;
0.435512;9.62571;
0.435522;9.62576;
0.435542;9.62584;
0.435562;9.62592;
0.435582;9.626;
0.435602;9.62608;
0.435622;9.62616;
0.435642;9.62624;
0.435662;9.62632;
0.435682;9.6264;
0.435702;9.62648;
0.435722;9.62656;
0.435742;9.62664;
0.435762;9.62672;
0.435782;9.6268;
0.435802;9.62688;
0.435822;9.62696;
0.435842;9.62704;
0.435862;9.62713;
0.435882;9.62721;
0.435902;9.62729;
0.435922;9.62737;
0.435942;9.62745;
0.435962;9.62753;
0.435982;9.62761;
0.436;9.62768;
0.436;9.62768;
0.436;9.62769;
0.436001;9.62769;
0.436001;9.62769;
0.436001;9.62769;
0.436001;9.62769;
0.436002;9.62769;
0.436002;9.62769;
0.436003;9.6277;
0.436006;9.62771;
0.436011;9.62773;
0.436021;9.62777;
0.436033;9.62782;
0.436044;9.62786;
0.436054;9.62789;
0.436064;9.62793;
0.436081;9.62799;
0.436095;9.62804;
0.436111;9.62809;
0.436131;9.62816;
0.436151;9.62823;
0.436171;9.6283;
0.436191;9.62838;
0.436211;9.62845;
0.436231;9.62852;
0.436251;9.62859;
0.436271;9.62866;
0.436291;9.62873;
0.436311;9.6288;
0.436331;9.62887;
0.436351;9.62894;
0.436371;9.62901;
0.436391;9.62909;
0.436411;9.62916;
0.436431;9.62923;
0.436451;9.6293;
0.436471;9.62937;
0.436491;9.62944;
0.436501;9.62948;
0.436501;9.62948;
0.436501;9.62948;
0.436502;9.62948;
0.436502;9.62948;
0.436502;9.62948;
0.436502;9.62948;
0.436503;9.62948;
0.436503;9.62949;
0.436504;9.62949;
0.436507;9.6295;
0.436512;9.62952;
0.436522;9.62955;
0.436542;9.62963;
0.436562;9.6297;
0.436582;9.62977;
0.436602;9.62984;
0.436622;9.62991;
0.436642;9.62999;
0.436662;9.63006;
0.436682;9.63013;
0.436702;9.6302;
0.436722;9.63027;
0.436742;9.63035;
0.436762;9.63042;
0.436782;9.63049;
0.436802;9.63056;
0.436822;9.63063;
0.436842;9.63071;
0.436862;9.63078;
0.436882;9.63085;
0.436902;9.63092;
0.436922;9.631;
0.436942;9.63107;
0.436962;9.63114;
0.436982;9.63122;
0.437;9.63128;
0.437;9.63128;
0.437;9.63128;
0.437001;9.63128;
0.437001;9.63128;
0.437001;9.63128;
0.437001;9.63128;
0.437002;9.63129;
0.437002;9.63129;
0.437003;9.63129;
0.437006;9.6313;
0.437011;9.63132;
0.437021;9.63136;
0.437041;9.63143;
0.437061;9.6315;
0.437081;9.63158;
0.437099;9.63164;
0.437117;9.63171;
0.437137;9.63178;
0.437157;9.63185;
0.437177;9.63193;
0.437197;9.632;
0.437217;9.63207;
0.437237;9.63215;
0.437257;9.63222;
0.437277;9.63229;
0.437297;9.63237;
0.437317;9.63244;
0.437337;9.63252;
0.437357;9.63259;
0.437377;9.63266;
0.437397;9.63274;
0.437417;9.63281;
0.437437;9.63288;
0.437457;9.63296;
0.437477;9.63303;
0.437497;9.63311;
0.437501;9.63312;
0.437501;9.63312;
0.437501;9.63312;
0.437502;9.63312;
0.437502;9.63313;
0.437502;9.63313;
0.437502;9.63313;
0.437503;9.63313;
0.437503;9.63313;
0.437504;9.63313;
0.437507;9.63314;
0.437512;9.63316;
0.437522;9.6332;
0.437542;9.63328;
0.437562;9.63335;
0.437582;9.63342;
0.437602;9.6335;
0.437622;9.63357;
0.437642;9.63365;
0.437662;9.63372;
0.437682;9.6338;
0.437702;9.63387;
0.437722;9.63395;
0.437742;9.63402;
0.437762;9.6341;
0.437782;9.63417;
0.437802;9.63425;
0.437822;9.63432;
0.437842;9.6344;
0.437862;9.63447;
0.437882;9.63455;
0.437902;9.63462;
0.437922;9.6347;
0.437942;9.63477;
0.437962;9.63485;
0.437982;9.63492;
0.438;9.63499;
0.438;9.63499;
0.438;9.63499;
0.438001;9.63499;
0.438001;9.63499;
0.438001;9.63499;
0.438001;9.63499;
0.438002;9.63499;
0.438002;9.635;
0.438003;9.635;
0.438006;9.63501;
0.438011;9.63503;
0.438021;9.63507;
0.438039;9.63514;
0.438058;9.63521;
0.438078;9.63528;
0.438098;9.63536;
0.438118;9.63543;
0.438138;9.63551;
0.438158;9.63559;
0.438178;9.63566;
0.438198;9.63574;
0.438218;9.63581;
0.438238;9.63589;
0.438258;9.63597;
0.438278;9.63604;
0.438298;9.63612;
0.438318;9.6362;
0.438338;9.63627;
0.438358;9.63635;
0.438378;9.63642;
0.438398;9.6365;
0.438418;9.63658;
0.438438;9.63665;
0.438458;9.63673;
0.438478;9.63681;
0.438498;9.63688;
0.438501;9.63689;
0.438501;9.63689;
0.438501;9.6369;
0.438502;9.6369;
0.438502;9.6369;
0.438502;9.6369;
0.438502;9.6369;
0.438503;9.6369;
0.438503;9.6369;
0.438504;9.63691;
0.438507;9.63692;
0.438512;9.63694;
0.438522;9.63698;
0.438542;9.63705;
0.438562;9.63713;
0.438582;9.63721;
0.438602;9.63728;
0.438622;9.63736;
0.438642;9.63744;
0.438662;9.63752;
0.438682;9.63759;
0.438702;9.63767;
0.438722;9.63775;
0.438742;9.63782;
0.438762;9.6379;
0.438782;9.63798;
0.438802;9.63806;
0.438822;9.63813;
0.438842;9.63821;
0.438862;9.63829;
0.438882;9.63837;
0.438902;9.63844;
0.438922;9.63852;
0.438942;9.6386;
0.438962;9.63868;
0.438982;9.63876;
0.439;9.63882;
0.439;9.63882;
0.439;9.63883;
0.439001;9.63883;
0.439001;9.63883;
0.439001;9.63883;
0.439001;9.63883;
0.439002;9.63883;
0.439002;9.63883;
0.439003;9.63884;
0.439006;9.63885;
0.439011;9.63887;
0.439021;9.63891;
0.439037;9.63897;
0.439049;9.63902;
0.439061;9.63906;
0.439078;9.63913;
0.439096;9.6392;
0.439112;9.63926;
0.439128;9.63932;
0.439145;9.63939;
0.439165;9.63947;
0.439185;9.63955;
0.439205;9.63963;
0.439225;9.6397;
0.439245;9.63978;
0.439265;9.63986;
0.439285;9.63994;
0.439305;9.64002;
0.439325;9.6401;
0.439345;9.64018;
0.439365;9.64026;
0.439385;9.64033;
0.439405;9.64041;
0.439425;9.64049;
0.439445;9.64057;
0.439465;9.64065;
0.439485;9.64073;
0.439501;9.64079;
0.439501;9.64079;
0.439501;9.64079;
0.439502;9.6408;
0.439502;9.6408;
0.439502;9.6408;
0.439502;9.6408;
0.439503;9.6408;
0.439503;9.6408;
0.439504;9.64081;
0.439507;9.64082;
0.439512;9.64084;
0.439522;9.64088;
0.439542;9.64096;
0.439562;9.64104;
0.439582;9.64112;
0.439602;9.6412;
0.439622;9.64127;
0.439642;9.64135;
0.439662;9.64143;
0.439682;9.64151;
0.439702;9.64159;
0.439722;9.64167;
0.439742;9.64175;
0.439762;9.64183;
0.439782;9.64191;
0.439802;9.64199;
0.439822;9.64207;
0.439842;9.64215;
0.439862;9.64223;
0.439882;9.64231;
0.439902;9.64239;
0.439922;9.64247;
0.439942;9.64255;
0.439962;9.64263;
0.439982;9.64271;
0.44;9.64278;
0.44;9.64278;
0.44;9.64279;
0.440001;9.64279;
0.440001;9.64279;
0.440001;9.64279;
0.440001;9.64279;
0.440002;9.64279;
0.440002;9.64279;
0.440003;9.6428;
0.440006;9.64281;
0.440011;9.64283;
0.440021;9.64287;
0.440027;9.64289;
0.440033;9.6429;
0.440038;9.64292;
0.440044;9.64293;
0.440053;9.64295;
0.440071;9.64299;
0.440086;9.64303;
0.440101;9.64306;
0.440118;9.6431;
0.440138;9.64315;
0.440158;9.64319;
0.440178;9.64324;
0.440198;9.64329;
0.440218;9.64333;
0.440238;9.64338;
0.440258;9.64343;
0.440278;9.64347;
0.440298;9.64352;
0.440318;9.64357;
0.440338;9.64361;
0.440358;9.64366;
0.440378;9.64371;
0.440398;9.64376;
0.440418;9.6438;
0.440438;9.64385;
0.440458;9.6439;
0.440478;9.64394;
0.440498;9.64399;
0.440501;9.644;
0.440501;9.644;
0.440501;9.644;
0.440502;9.644;
0.440502;9.644;
0.440502;9.644;
0.440502;9.644;
0.440503;9.644;
0.440503;9.644;
0.440504;9.64401;
0.440507;9.64401;
0.440512;9.64402;
0.440522;9.64405;
0.440542;9.6441;
0.440562;9.64414;
0.440582;9.64419;
0.440602;9.64424;
0.440622;9.64429;
0.440642;9.64434;
0.440662;9.64438;
0.440682;9.64443;
0.440702;9.64448;
0.440722;9.64453;
0.440742;9.64458;
0.440762;9.64462;
0.440782;9.64467;
0.440802;9.64472;
0.440822;9.64477;
0.440842;9.64482;
0.440862;9.64487;
0.440882;9.64492;
0.440902;9.64497;
0.440922;9.64501;
0.440942;9.64506;
0.440962;9.64511;
0.440982;9.64516;
0.441;9.6452;
0.441;9.6452;
0.441;9.64521;
0.441001;9.64521;
0.441001;9.64521;
0.441001;9.64521;
0.441001;9.64521;
0.441002;9.64521;
0.441002;9.64521;
0.441003;9.64521;
0.441006;9.64522;
0.441011;9.64523;
0.441021;9.64526;
0.441041;9.64531;
0.441061;9.64536;
0.441081;9.64541;
0.441101;9.64545;
0.441121;9.6455;
0.441141;9.64555;
0.441161;9.6456;
0.441181;9.64565;
0.441201;9.6457;
0.441221;9.64575;
0.441241;9.6458;
0.441261;9.64585;
0.441281;9.6459;
0.441301;9.64595;
0.441321;9.646;
0.441341;9.64605;
0.441361;9.6461;
0.441381;9.64615;
0.441401;9.6462;
0.441421;9.64625;
0.441441;9.64631;
0.441461;9.64636;
0.441481;9.64641;
0.441501;9.64646;
0.441501;9.64646;
0.441501;9.64646;
0.441502;9.64646;
0.441502;9.64646;
0.441502;9.64646;
0.441502;9.64646;
0.441503;9.64646;
0.441503;9.64646;
0.441504;9.64647;
0.441507;9.64647;
0.441512;9.64648;
0.441522;9.64651;
0.441542;9.64656;
0.441562;9.64661;
0.441582;9.64666;
0.441602;9.64671;
0.441622;9.64677;
0.441642;9.64682;
0.441662;9.64687;
0.441682;9.64692;
0.441702;9.64697;
0.441722;9.64702;
0.441742;9.64707;
0.441762;9.64713;
0.441782;9.64718;
0.441802;9.64723;
0.441822;9.64728;
0.441842;9.64733;
0.441862;9.64739;
0.441882;9.64744;
0.441902;9.64749;
0.441922;9.64754;
0.441942;9.64759;
0.441962;9.64765;
0.441982;9.6477;
0.442;9.64774;
0.442;9.64774;
0.442;9.64774;
0.442001;9.64775;
0.442001;9.64775;
0.442001;9.64775;
0.442001;9.64775;
0.442002;9.64775;
0.442002;9.64775;
0.442003;9.64775;
0.442006;9.64776;
0.442011;9.64777;
0.442021;9.6478;
0.442041;9.64785;
0.442061;9.64791;
0.442081;9.64796;
0.442101;9.64801;
0.442121;9.64806;
0.442141;9.64812;
0.442161;9.64817;
0.442181;9.64822;
0.442201;9.64828;
0.442221;9.64833;
0.442241;9.64838;
0.442261;9.64843;
0.442281;9.64849;
0.442301;9.64854;
0.442321;9.64859;
0.442341;9.64865;
0.442361;9.6487;
0.442381;9.64876;
0.442401;9.64881;
0.442421;9.64886;
0.442441;9.64892;
0.442461;9.64897;
0.442481;9.64902;
0.442501;9.64908;
0.442501;9.64908;
0.442501;9.64908;
0.442502;9.64908;
0.442502;9.64908;
0.442502;9.64908;
0.442502;9.64908;
0.442503;9.64908;
0.442503;9.64908;
0.442504;9.64909;
0.442507;9.64909;
0.442512;9.64911;
0.442522;9.64913;
0.442542;9.64919;
0.442562;9.64924;
0.442582;9.6493;
0.442602;9.64935;
0.442622;9.64941;
0.442642;9.64946;
0.442662;9.64951;
0.442682;9.64957;
0.442702;9.64962;
0.442722;9.64968;
0.442742;9.64973;
0.442762;9.64979;
0.442782;9.64984;
0.442802;9.6499;
0.442822;9.64995;
0.442842;9.65001;
0.442862;9.65006;
0.442882;9.65012;
0.442902;9.65017;
0.442922;9.65023;
0.442942;9.65028;
0.442962;9.65034;
0.442982;9.65039;
0.443;9.65044;
0.443;9.65044;
0.443;9.65044;
0.443001;9.65045;
0.443001;9.65045;
0.443001;9.65045;
0.443001;9.65045;
0.443002;9.65045;
0.443002;9.65045;
0.443003;9.65045;
0.443006;9.65046;
0.443011;9.65047;
0.443021;9.6505;
0.443041;9.65056;
0.443061;9.65061;
0.443081;9.65067;
0.443101;9.65073;
0.443121;9.65078;
0.443141;9.65084;
0.443161;9.65089;
0.443181;9.65095;
0.443201;9.65101;
0.443221;9.65106;
0.443241;9.65112;
0.443261;9.65117;
0.443281;9.65123;
0.443301;9.65129;
0.443321;9.65134;
0.443341;9.6514;
0.443361;9.65146;
0.443381;9.65151;
0.443401;9.65157;
0.443421;9.65163;
0.443441;9.65168;
0.443461;9.65174;
0.443481;9.6518;
0.443501;9.65185;
0.443501;9.65185;
0.443501;9.65186;
0.443502;9.65186;
0.443502;9.65186;
0.443502;9.65186;
0.443502;9.65186;
0.443503;9.65186;
0.443503;9.65186;
0.443504;9.65186;
0.443507;9.65187;
0.443512;9.65189;
0.443522;9.65192;
0.443542;9.65197;
0.443562;9.65203;
0.443582;9.65209;
0.443602;9.65214;
0.443622;9.6522;
0.443642;9.65226;
0.443662;9.65232;
0.443682;9.65237;
0.443702;9.65243;
0.443722;9.65249;
0.443742;9.65255;
0.443762;9.65261;
0.443782;9.65266;
0.443802;9.65272;
0.443822;9.65278;
0.443842;9.65284;
0.443862;9.6529;
0.443882;9.65295;
0.443902;9.65301;
0.443922;9.65307;
0.443942;9.65313;
0.443962;9.65319;
0.443982;9.65325;
0.444;9.6533;
0.444;9.6533;
0.444;9.6533;
0.444001;9.6533;
0.444001;9.6533;
0.444001;9.6533;
0.444001;9.6533;
0.444002;9.6533;
0.444002;9.6533;
0.444003;9.65331;
0.444006;9.65332;
0.444011;9.65333;
0.444021;9.65336;
0.444041;9.65342;
0.444061;9.65348;
0.444081;9.65354;
0.444101;9.6536;
0.444121;9.65365;
0.444141;9.65371;
0.444161;9.65377;
0.444181;9.65383;
0.444201;9.65389;
0.444221;9.65395;
0.444241;9.65401;
0.444261;9.65407;
0.444281;9.65413;
0.444301;9.65419;
0.444321;9.65425;
0.444341;9.65431;
0.444361;9.65437;
0.444381;9.65443;
0.444401;9.65449;
0.444421;9.65454;
0.444441;9.6546;
0.444461;9.65466;
0.444481;9.65472;
0.444501;9.65478;
0.444501;9.65478;
0.444501;9.65478;
0.444502;9.65479;
0.444502;9.65479;
0.444502;9.65479;
0.444502;9.65479;
0.444503;9.65479;
0.444503;9.65479;
0.444504;9.65479;
0.444507;9.6548;
0.444512;9.65482;
0.444522;9.65485;
0.444542;9.65491;
0.444562;9.65497;
0.444582;9.65503;
0.444602;9.65509;
0.444622;9.65515;
0.444642;9.65521;
0.444662;9.65527;
0.444682;9.65533;
0.444702;9.65539;
0.444722;9.65545;
0.444742;9.65551;
0.444762;9.65557;
0.444782;9.65563;
0.444802;9.6557;
0.444822;9.65576;
0.444842;9.65582;
0.444862;9.65588;
0.444882;9.65594;
0.444902;9.656;
0.444922;9.65606;
0.444942;9.65612;
0.444962;9.65618;
0.444982;9.65625;
0.445;9.6563;
0.445;9.6563;
0.445;9.6563;
0.445001;9.6563;
0.445001;9.6563;
0.445001;9.6563;
0.445001;9.6563;
0.445002;9.65631;
0.445002;9.65631;
0.445003;9.65631;
0.445006;9.65632;
0.445011;9.65633;
0.445021;9.65637;
0.445041;9.65643;
0.445061;9.65649;
0.445081;9.65655;
0.4451;9.65661;
0.44512;9.65667;
0.44514;9.65673;
0.44516;9.65679;
0.44518;9.65686;
0.4452;9.65692;
0.44522;9.65698;
0.44524;9.65704;
0.44526;9.6571;
0.44528;9.65717;
0.4453;9.65723;
0.44532;9.65729;
0.44534;9.65735;
0.44536;9.65742;
0.44538;9.65748;
0.4454;9.65754;
0.44542;9.6576;
0.44544;9.65767;
0.44546;9.65773;
0.44548;9.65779;
0.4455;9.65786;
0.445501;9.65786;
0.445501;9.65786;
0.445501;9.65786;
0.445502;9.65786;
0.445502;9.65786;
0.445502;9.65786;
0.445502;9.65786;
0.445503;9.65786;
0.445503;9.65787;
0.445504;9.65787;
0.445507;9.65788;
0.445512;9.65789;
0.445522;9.65793;
0.445542;9.65799;
0.445562;9.65805;
0.445582;9.65812;
0.445602;9.65818;
0.445622;9.65824;
0.445642;9.65831;
0.445662;9.65837;
0.445682;9.65843;
0.445702;9.6585;
0.445722;9.65856;
0.445742;9.65862;
0.445762;9.65869;
0.445782;9.65875;
0.445802;9.65881;
0.445822;9.65888;
0.445842;9.65894;
0.445862;9.65901;
0.445882;9.65907;
0.445902;9.65913;
0.445922;9.6592;
0.445942;9.65926;
0.445962;9.65933;
0.445982;9.65939;
0.446;9.65945;
0.446;9.65945;
0.446;9.65945;
0.446001;9.65945;
0.446001;9.65945;
0.446001;9.65945;
0.446001;9.65945;
0.446002;9.65945;
0.446002;9.65945;
0.446003;9.65946;
0.446006;9.65947;
0.446011;9.65948;
0.446021;9.65952;
0.446041;9.65958;
0.446061;9.65965;
0.446081;9.65971;
0.446101;9.65977;
0.446121;9.65984;
0.446141;9.6599;
0.446161;9.65997;
0.446181;9.66003;
0.446201;9.6601;
0.446221;9.66016;
0.446241;9.66023;
0.446261;9.66029;
0.446281;9.66036;
0.446301;9.66042;
0.446321;9.66049;
0.446341;9.66055;
0.446361;9.66062;
0.446381;9.66068;
0.446401;9.66075;
0.446421;9.66082;
0.446441;9.66088;
0.446461;9.66095;
0.446481;9.66101;
0.446501;9.66108;
0.446501;9.66108;
0.446501;9.66108;
0.446502;9.66108;
0.446502;9.66108;
0.446502;9.66108;
0.446502;9.66108;
0.446503;9.66108;
0.446503;9.66108;
0.446504;9.66109;
0.446507;9.6611;
0.446512;9.66111;
0.446522;9.66115;
0.446542;9.66121;
0.446562;9.66128;
0.446582;9.66135;
0.446602;9.66141;
0.446622;9.66148;
0.446642;9.66154;
0.446662;9.66161;
0.446682;9.66168;
0.446702;9.66174;
0.446722;9.66181;
0.446742;9.66187;
0.446762;9.66194;
0.446782;9.66201;
0.446802;9.66207;
0.446822;9.66214;
0.446842;9.66221;
0.446862;9.66227;
0.446882;9.66234;
0.446902;9.66241;
0.446922;9.66247;
0.446942;9.66254;
0.446962;9.66261;
0.446982;9.66268;
0.447;9.66273;
0.447;9.66273;
0.447;9.66274;
0.447001;9.66274;
0.447001;9.66274;
0.447001;9.66274;
0.447001;9.66274;
0.447002;9.66274;
0.447002;9.66274;
0.447003;9.66275;
0.447006;9.66275;
0.447011;9.66277;
0.447021;9.66281;
0.447041;9.66287;
0.447061;9.66294;
0.447081;9.66301;
0.447098;9.66306;
0.447115;9.66312;
0.447135;9.66319;
0.447155;9.66326;
0.447175;9.66332;
0.447195;9.66339;
0.447215;9.66346;
0.447235;9.66353;
0.447255;9.6636;
0.447275;9.66366;
0.447295;9.66373;
0.447315;9.6638;
0.447335;9.66387;
0.447355;9.66393;
0.447375;9.664;
0.447395;9.66407;
0.447415;9.66414;
0.447435;9.66421;
0.447455;9.66428;
0.447475;9.66434;
0.447495;9.66441;
0.447501;9.66443;
0.447501;9.66443;
0.447501;9.66443;
0.447502;9.66443;
0.447502;9.66444;
0.447502;9.66444;
0.447502;9.66444;
0.447503;9.66444;
0.447503;9.66444;
0.447504;9.66444;
0.447507;9.66445;
0.447512;9.66447;
0.447522;9.6645;
0.447542;9.66457;
0.447562;9.66464;
0.447582;9.66471;
0.447602;9.66478;
0.447622;9.66485;
0.447642;9.66492;
0.447662;9.66499;
0.447682;9.66505;
0.447702;9.66512;
0.447722;9.66519;
0.447742;9.66526;
0.447762;9.66533;
0.447782;9.6654;
0.447802;9.66547;
0.447822;9.66554;
0.447842;9.66561;
0.447862;9.66568;
0.447882;9.66575;
0.447902;9.66582;
0.447922;9.66589;
0.447942;9.66595;
0.447962;9.66602;
0.447982;9.66609;
0.448;9.66616;
0.448;9.66616;
0.448;9.66616;
0.448001;9.66616;
0.448001;9.66616;
0.448001;9.66616;
0.448001;9.66616;
0.448002;9.66616;
0.448002;9.66616;
0.448003;9.66617;
0.448006;9.66618;
0.448011;9.66619;
0.448021;9.66623;
0.448038;9.66629;
0.448056;9.66635;
0.448076;9.66642;
0.448096;9.66649;
0.448116;9.66656;
0.448136;9.66663;
0.448156;9.6667;
0.448176;9.66677;
0.448196;9.66684;
0.448216;9.66691;
0.448236;9.66698;
0.448256;9.66705;
0.448276;9.66712;
0.448296;9.66719;
0.448316;9.66726;
0.448336;9.66734;
0.448356;9.66741;
0.448376;9.66748;
0.448396;9.66755;
0.448416;9.66762;
0.448436;9.66769;
0.448456;9.66776;
0.448476;9.66783;
0.448496;9.6679;
0.448501;9.66792;
0.448501;9.66792;
0.448501;9.66792;
0.448502;9.66792;
0.448502;9.66792;
0.448502;9.66792;
0.448502;9.66792;
0.448503;9.66792;
0.448503;9.66793;
0.448504;9.66793;
0.448507;9.66794;
0.448512;9.66796;
0.448522;9.66799;
0.448542;9.66807;
0.448562;9.66814;
0.448582;9.66821;
0.448602;9.66828;
0.448622;9.66835;
0.448642;9.66842;
0.448662;9.66849;
0.448682;9.66856;
0.448702;9.66864;
0.448722;9.66871;
0.448742;9.66878;
0.448762;9.66885;
0.448782;9.66892;
0.448802;9.66899;
0.448822;9.66907;
0.448842;9.66914;
0.448862;9.66921;
0.448882;9.66928;
0.448902;9.66935;
0.448922;9.66943;
0.448942;9.6695;
0.448962;9.66957;
0.448982;9.66964;
0.449;9.66971;
0.449;9.66971;
0.449;9.66971;
0.449001;9.66971;
0.449001;9.66971;
0.449001;9.66971;
0.449001;9.66971;
0.449002;9.66971;
0.449002;9.66971;
0.449003;9.66972;
0.449006;9.66973;
0.449011;9.66975;
0.449021;9.66978;
0.449036;9.66984;
0.449048;9.66988;
0.449059;9.66992;
0.449074;9.66997;
0.44909;9.67003;
0.449104;9.67008;
0.44912;9.67013;
0.44914;9.6702;
0.44916;9.67028;
0.44918;9.67035;
0.4492;9.67042;
0.44922;9.67049;
0.44924;9.67056;
0.44926;9.67063;
0.44928;9.6707;
0.4493;9.67077;
0.44932;9.67084;
0.44934;9.67092;
0.44936;9.67099;
0.44938;9.67106;
0.4494;9.67113;
0.44942;9.6712;
0.44944;9.67127;
0.44946;9.67134;
0.44948;9.67142;
0.4495;9.67149;
0.449501;9.67149;
0.449501;9.67149;
0.449501;9.67149;
0.449502;9.67149;
0.449502;9.67149;
0.449502;9.67149;
0.449502;9.6715;
0.449503;9.6715;
0.449503;9.6715;
0.449504;9.6715;
0.449507;9.67151;
0.449512;9.67153;
0.449522;9.67157;
0.449542;9.67164;
0.449562;9.67171;
0.449582;9.67178;
0.449602;9.67186;
0.449622;9.67193;
0.449642;9.672;
0.449662;9.67207;
0.449682;9.67214;
0.449702;9.67222;
0.449722;9.67229;
0.449742;9.67236;
0.449762;9.67243;
0.449782;9.67251;
0.449802;9.67258;
0.449822;9.67265;
0.449842;9.67272;
0.449862;9.6728;
0.449882;9.67287;
0.449902;9.67294;
0.449922;9.67301;
0.449942;9.67309;
0.449962;9.67316;
0.449982;9.67323;
0.45;9.6733;
0.45;9.6733;
0.45;9.6733;
0.450001;9.6733;
0.450001;9.6733;
0.450001;9.6733;
0.450001;9.6733;
0.450002;9.6733;
0.450002;9.6733;
0.450003;9.67331;
0.450006;9.67332;
0.450011;9.67334;
0.450021;9.67337;
0.45003;9.6734;
0.450038;9.67343;
0.450045;9.67344;
0.450052;9.67346;
0.450065;9.67349;
0.45008;9.67353;
0.450099;9.67357;
0.450117;9.67362;
0.450135;9.67366;
0.450155;9.67371;
0.450175;9.67376;
0.450195;9.67381;
0.450215;9.67386;
0.450235;9.67391;
0.450255;9.67396;
0.450275;9.67401;
0.450295;9.67406;
0.450315;9.67411;
0.450335;9.67416;
0.450355;9.67421;
0.450375;9.67426;
0.450395;9.6743;
0.450415;9.67435;
0.450435;9.6744;
0.450455;9.67445;
0.450475;9.6745;
0.450495;9.67455;
0.450501;9.67457;
0.450501;9.67457;
0.450501;9.67457;
0.450502;9.67457;
0.450502;9.67457;
0.450502;9.67457;
0.450502;9.67457;
0.450503;9.67457;
0.450503;9.67457;
0.450504;9.67458;
0.450507;9.67458;
0.450512;9.6746;
0.450522;9.67462;
0.450542;9.67467;
0.450562;9.67472;
0.450582;9.67477;
0.450602;9.67482;
0.450622;9.67487;
0.450642;9.67492;
0.450662;9.67498;
0.450682;9.67503;
0.450702;9.67508;
0.450722;9.67513;
0.450742;9.67518;
0.450762;9.67523;
0.450782;9.67528;
0.450802;9.67533;
0.450822;9.67538;
0.450842;9.67543;
0.450862;9.67548;
0.450882;9.67554;
0.450902;9.67559;
0.450922;9.67564;
0.450942;9.67569;
0.450962;9.67574;
0.450982;9.67579;
0.451;9.67584;
0.451;9.67584;
0.451;9.67584;
0.451001;9.67584;
0.451001;9.67584;
0.451001;9.67584;
0.451001;9.67584;
0.451002;9.67584;
0.451002;9.67584;
0.451003;9.67585;
0.451006;9.67585;
0.451011;9.67587;
0.451021;9.67589;
0.451041;9.67594;
0.451061;9.676;
0.451081;9.67605;
0.451101;9.6761;
0.451121;9.67615;
0.451141;9.6762;
0.451161;9.67626;
0.451181;9.67631;
0.451201;9.67636;
0.451221;9.67641;
0.451241;9.67647;
0.451261;9.67652;
0.451281;9.67657;
0.451301;9.67662;
0.451321;9.67668;
0.451341;9.67673;
0.451361;9.67678;
0.451381;9.67683;
0.451401;9.67689;
0.451421;9.67694;
0.451441;9.67699;
0.451461;9.67705;
0.451481;9.6771;
0.451501;9.67715;
0.451501;9.67715;
0.451501;9.67715;
0.451502;9.67715;
0.451502;9.67715;
0.451502;9.67715;
0.451502;9.67715;
0.451503;9.67716;
0.451503;9.67716;
0.451504;9.67716;
0.451507;9.67717;
0.451512;9.67718;
0.451522;9.67721;
0.451542;9.67726;
0.451562;9.67731;
0.451582;9.67737;
0.451602;9.67742;
0.451622;9.67747;
0.451642;9.67753;
0.451662;9.67758;
0.451682;9.67764;
0.451702;9.67769;
0.451722;9.67774;
0.451742;9.6778;
0.451762;9.67785;
0.451782;9.67791;
0.451802;9.67796;
0.451822;9.67801;
0.451842;9.67807;
0.451862;9.67812;
0.451882;9.67818;
0.451902;9.67823;
0.451922;9.67828;
0.451942;9.67834;
0.451962;9.67839;
0.451982;9.67845;
0.452;9.6785;
0.452;9.6785;
0.452;9.6785;
0.452001;9.6785;
0.452001;9.6785;
0.452001;9.6785;
0.452001;9.6785;
0.452002;9.6785;
0.452002;9.6785;
0.452003;9.67851;
0.452006;9.67851;
0.452011;9.67853;
0.452021;9.67856;
0.452041;9.67861;
0.452061;9.67866;
0.452081;9.67872;
0.452101;9.67877;
0.452121;9.67883;
0.452141;9.67888;
0.452161;9.67894;
0.452181;9.679;
0.452201;9.67905;
0.452221;9.67911;
0.452241;9.67916;
0.452261;9.67922;
0.452281;9.67927;
0.452301;9.67933;
0.452321;9.67938;
0.452341;9.67944;
0.452361;9.67949;
0.452381;9.67955;
0.452401;9.67961;
0.452421;9.67966;
0.452441;9.67972;
0.452461;9.67977;
0.452481;9.67983;
0.452501;9.67989;
0.452501;9.67989;
0.452501;9.67989;
0.452502;9.67989;
0.452502;9.67989;
0.452502;9.67989;
0.452502;9.67989;
0.452503;9.67989;
0.452503;9.67989;
0.452504;9.6799;
0.452507;9.6799;
0.452512;9.67992;
0.452522;9.67995;
0.452542;9.68;
0.452562;9.68006;
0.452582;9.68011;
0.452602;9.68017;
0.452622;9.68023;
0.452642;9.68028;
0.452662;9.68034;
0.452682;9.6804;
0.452702;9.68045;
0.452722;9.68051;
0.452742;9.68057;
0.452762;9.68062;
0.452782;9.68068;
0.452802;9.68074;
0.452822;9.6808;
0.452842;9.68085;
0.452862;9.68091;
0.452882;9.68097;
0.452902;9.68102;
0.452922;9.68108;
0.452942;9.68114;
0.452962;9.6812;
0.452982;9.68125;
0.453;9.68131;
0.453;9.68131;
0.453;9.68131;
0.453001;9.68131;
0.453001;9.68131;
0.453001;9.68131;
0.453001;9.68131;
0.453002;9.68131;
0.453002;9.68131;
0.453003;9.68132;
0.453006;9.68132;
0.453011;9.68134;
0.453021;9.68137;
0.453041;9.68142;
0.453061;9.68148;
0.453081;9.68154;
0.453101;9.6816;
0.453121;9.68166;
0.453141;9.68171;
0.453161;9.68177;
0.453181;9.68183;
0.453201;9.68189;
0.453221;9.68195;
0.453241;9.68201;
0.453261;9.68206;
0.453281;9.68212;
0.453301;9.68218;
0.453321;9.68224;
0.453341;9.6823;
0.453361;9.68236;
0.453381;9.68242;
0.453401;9.68247;
0.453421;9.68253;
0.453441;9.68259;
0.453461;9.68265;
0.453481;9.68271;
0.453501;9.68277;
0.453501;9.68277;
0.453501;9.68277;
0.453502;9.68277;
0.453502;9.68277;
0.453502;9.68277;
0.453502;9.68277;
0.453503;9.68277;
0.453503;9.68277;
0.453504;9.68278;
0.453507;9.68279;
0.453512;9.6828;
0.453522;9.68283;
0.453542;9.68289;
0.453562;9.68295;
0.453582;9.68301;
0.453602;9.68307;
0.453622;9.68313;
0.453642;9.68319;
0.453662;9.68325;
0.453682;9.68331;
0.453702;9.68337;
0.453722;9.68342;
0.453742;9.68348;
0.453762;9.68354;
0.453782;9.6836;
0.453802;9.68366;
0.453822;9.68372;
0.453842;9.68378;
0.453862;9.68384;
0.453882;9.6839;
0.453902;9.68396;
0.453922;9.68402;
0.453942;9.68409;
0.453962;9.68415;
0.453982;9.68421;
0.454;9.68426;
0.454;9.68426;
0.454;9.68426;
0.454001;9.68426;
0.454001;9.68426;
0.454001;9.68426;
0.454001;9.68426;
0.454002;9.68426;
0.454002;9.68427;
0.454003;9.68427;
0.454006;9.68428;
0.454011;9.68429;
0.454021;9.68432;
0.454041;9.68438;
0.454061;9.68445;
0.454081;9.68451;
0.454101;9.68457;
0.454121;9.68463;
0.454141;9.68469;
0.454161;9.68475;
0.454181;9.68481;
0.454201;9.68487;
0.454221;9.68493;
0.454241;9.68499;
0.454261;9.68505;
0.454281;9.68512;
0.454301;9.68518;
0.454321;9.68524;
0.454341;9.6853;
0.454361;9.68536;
0.454381;9.68542;
0.454401;9.68548;
0.454421;9.68555;
0.454441;9.68561;
0.454461;9.68567;
0.454481;9.68573;
0.454501;9.68579;
0.454501;9.68579;
0.454501;9.68579;
0.454502;9.68579;
0.454502;9.6858;
0.454502;9.6858;
0.454502;9.6858;
0.454503;9.6858;
0.454503;9.6858;
0.454504;9.6858;
0.454507;9.68581;
0.454512;9.68583;
0.454522;9.68586;
0.454542;9.68592;
0.454562;9.68598;
0.454582;9.68604;
0.454602;9.68611;
0.454622;9.68617;
0.454642;9.68623;
0.454662;9.68629;
0.454682;9.68636;
0.454702;9.68642;
0.454722;9.68648;
0.454742;9.68654;
0.454762;9.68661;
0.454782;9.68667;
0.454802;9.68673;
0.454822;9.68679;
0.454842;9.68686;
0.454862;9.68692;
0.454882;9.68698;
0.454902;9.68705;
0.454922;9.68711;
0.454942;9.68717;
0.454962;9.68723;
0.454982;9.6873;
0.455;9.68735;
0.455;9.68735;
0.455;9.68735;
0.455001;9.68736;
0.455001;9.68736;
0.455001;9.68736;
0.455001;9.68736;
0.455002;9.68736;
0.455002;9.68736;
0.455003;9.68736;
0.455006;9.68737;
0.455011;9.68739;
0.455021;9.68742;
0.455041;9.68748;
0.455061;9.68755;
0.455081;9.68761;
0.455098;9.68766;
0.455114;9.68772;
0.455134;9.68778;
0.455154;9.68784;
0.455174;9.68791;
0.455194;9.68797;
0.455214;9.68803;
0.455234;9.6881;
0.455254;9.68816;
0.455274;9.68823;
0.455294;9.68829;
0.455314;9.68835;
0.455334;9.68842;
0.455354;9.68848;
0.455374;9.68855;
0.455394;9.68861;
0.455414;9.68868;
0.455434;9.68874;
0.455454;9.6888;
0.455474;9.68887;
0.455494;9.68893;
0.455501;9.68895;
0.455501;9.68895;
0.455501;9.68896;
0.455502;9.68896;
0.455502;9.68896;
0.455502;9.68896;
0.455502;9.68896;
0.455503;9.68896;
0.455503;9.68896;
0.455504;9.68897;
0.455507;9.68897;
0.455512;9.68899;
0.455522;9.68902;
0.455542;9.68909;
0.455562;9.68915;
0.455582;9.68922;
0.455602;9.68928;
0.455622;9.68935;
0.455642;9.68941;
0.455662;9.68948;
0.455682;9.68954;
0.455702;9.68961;
0.455722;9.68967;
0.455742;9.68974;
0.455762;9.6898;
0.455782;9.68987;
0.455802;9.68993;
0.455822;9.69;
0.455842;9.69006;
0.455862;9.69013;
0.455882;9.6902;
0.455902;9.69026;
0.455922;9.69033;
0.455942;9.69039;
0.455962;9.69046;
0.455982;9.69052;
0.456;9.69058;
0.456;9.69058;
0.456;9.69058;
0.456001;9.69058;
0.456001;9.69059;
0.456001;9.69059;
0.456001;9.69059;
0.456002;9.69059;
0.456002;9.69059;
0.456003;9.69059;
0.456006;9.6906;
0.456011;9.69062;
0.456021;9.69065;
0.456036;9.6907;
0.456053;9.69076;
0.456071;9.69082;
0.456091;9.69088;
0.456107;9.69093;
0.456123;9.69099;
0.456141;9.69105;
0.456161;9.69112;
0.456181;9.69118;
0.456201;9.69125;
0.456221;9.69131;
0.456241;9.69138;
0.456261;9.69145;
0.456281;9.69151;
0.456301;9.69158;
0.456321;9.69165;
0.456341;9.69171;
0.456361;9.69178;
0.456381;9.69185;
0.456401;9.69192;
0.456421;9.69198;
0.456441;9.69205;
0.456461;9.69212;
0.456481;9.69218;
0.456501;9.69225;
0.456501;9.69225;
0.456501;9.69225;
0.456502;9.69225;
0.456502;9.69225;
0.456502;9.69225;
0.456502;9.69225;
0.456503;9.69226;
0.456503;9.69226;
0.456504;9.69226;
0.456507;9.69227;
0.456512;9.69229;
0.456522;9.69232;
0.456542;9.69239;
0.456562;9.69246;
0.456582;9.69252;
0.456602;9.69259;
0.456622;9.69266;
0.456642;9.69273;
0.456662;9.69279;
0.456682;9.69286;
0.456702;9.69293;
0.456722;9.693;
0.456742;9.69306;
0.456762;9.69313;
0.456782;9.6932;
0.456802;9.69327;
0.456822;9.69334;
0.456842;9.6934;
0.456862;9.69347;
0.456882;9.69354;
0.456902;9.69361;
0.456922;9.69368;
0.456942;9.69375;
0.456962;9.69381;
0.456982;9.69388;
0.457;9.69394;
0.457;9.69394;
0.457;9.69394;
0.457001;9.69395;
0.457001;9.69395;
0.457001;9.69395;
0.457001;9.69395;
0.457002;9.69395;
0.457002;9.69395;
0.457003;9.69395;
0.457006;9.69396;
0.457011;9.69398;
0.457021;9.69402;
0.457032;9.69405;
0.457042;9.69408;
0.457052;9.6941;
0.457061;9.69412;
0.457078;9.69417;
0.457091;9.6942;
0.457105;9.69424;
0.457123;9.69428;
0.457143;9.69433;
0.457163;9.69438;
0.457183;9.69443;
0.457203;9.69448;
0.457223;9.69453;
0.457243;9.69458;
0.457263;9.69463;
0.457283;9.69468;
0.457303;9.69473;
0.457323;9.69479;
0.457343;9.69484;
0.457363;9.69489;
0.457383;9.69494;
0.457403;9.69499;
0.457423;9.69504;
0.457443;9.69509;
0.457463;9.69514;
0.457483;9.69519;
0.457501;9.69524;
0.457501;9.69524;
0.457501;9.69524;
0.457502;9.69524;
0.457502;9.69524;
0.457502;9.69524;
0.457502;9.69525;
0.457503;9.69525;
0.457503;9.69525;
0.457504;9.69525;
0.457507;9.69526;
0.457512;9.69527;
0.457522;9.6953;
0.457542;9.69535;
0.457562;9.6954;
0.457582;9.69545;
0.457602;9.6955;
0.457622;9.69556;
0.457642;9.69561;
0.457662;9.69566;
0.457682;9.69571;
0.457702;9.69576;
0.457722;9.69581;
0.457742;9.69587;
0.457762;9.69592;
0.457782;9.69597;
0.457802;9.69602;
0.457822;9.69608;
0.457842;9.69613;
0.457862;9.69618;
0.457882;9.69623;
0.457902;9.69629;
0.457922;9.69634;
0.457942;9.69639;
0.457962;9.69644;
0.457982;9.6965;
0.458;9.69654;
0.458;9.69654;
0.458;9.69654;
0.458001;9.69655;
0.458001;9.69655;
0.458001;9.69655;
0.458001;9.69655;
0.458002;9.69655;
0.458002;9.69655;
0.458003;9.69655;
0.458006;9.69656;
0.458011;9.69657;
0.458021;9.6966;
0.458041;9.69665;
0.458061;9.69671;
0.458079;9.69675;
0.458098;9.6968;
0.458118;9.69686;
0.458138;9.69691;
0.458158;9.69696;
0.458178;9.69702;
0.458198;9.69707;
0.458218;9.69712;
0.458238;9.69718;
0.458258;9.69723;
0.458278;9.69728;
0.458298;9.69734;
0.458318;9.69739;
0.458338;9.69745;
0.458358;9.6975;
0.458378;9.69755;
0.458398;9.69761;
0.458418;9.69766;
0.458438;9.69772;
0.458458;9.69777;
0.458478;9.69782;
0.458498;9.69788;
0.458501;9.69789;
0.458501;9.69789;
0.458501;9.69789;
0.458502;9.69789;
0.458502;9.69789;
0.458502;9.69789;
0.458502;9.69789;
0.458503;9.69789;
0.458503;9.69789;
0.458504;9.6979;
0.458507;9.6979;
0.458512;9.69792;
0.458522;9.69795;
0.458542;9.698;
0.458562;9.69805;
0.458582;9.69811;
0.458602;9.69816;
0.458622;9.69822;
0.458642;9.69827;
0.458662;9.69833;
0.458682;9.69838;
0.458702;9.69844;
0.458722;9.69849;
0.458742;9.69855;
0.458762;9.6986;
0.458782;9.69866;
0.458802;9.69871;
0.458822;9.69877;
0.458842;9.69882;
0.458862;9.69888;
0.458882;9.69894;
0.458902;9.69899;
0.458922;9.69905;
0.458942;9.6991;
0.458962;9.69916;
0.458982;9.69921;
0.459;9.69926;
0.459;9.69926;
0.459;9.69926;
0.459001;9.69926;
0.459001;9.69927;
0.459001;9.69927;
0.459001;9.69927;
0.459002;9.69927;
0.459002;9.69927;
0.459003;9.69927;
0.459006;9.69928;
0.459011;9.69929;
0.459021;9.69932;
0.459041;9.69938;
0.459061;9.69943;
0.459081;9.69949;
0.459101;9.69955;
0.459121;9.6996;
0.459141;9.69966;
0.459161;9.69972;
0.459181;9.69977;
0.459201;9.69983;
0.459221;9.69988;
0.459241;9.69994;
0.459261;9.7;
0.459281;9.70005;
0.459301;9.70011;
0.459321;9.70017;
0.459341;9.70022;
0.459361;9.70028;
0.459381;9.70034;
0.459401;9.70039;
0.459421;9.70045;
0.459441;9.70051;
0.459461;9.70057;
0.459481;9.70062;
0.459501;9.70068;
0.459501;9.70068;
0.459501;9.70068;
0.459502;9.70068;
0.459502;9.70068;
0.459502;9.70068;
0.459502;9.70068;
0.459503;9.70068;
0.459503;9.70069;
0.459504;9.70069;
0.459507;9.7007;
0.459512;9.70071;
0.459522;9.70074;
0.459542;9.7008;
0.459562;9.70086;
0.459582;9.70091;
0.459602;9.70097;
0.459622;9.70103;
0.459642;9.70109;
0.459662;9.70114;
0.459682;9.7012;
0.459702;9.70126;
0.459722;9.70132;
0.459742;9.70137;
0.459762;9.70143;
0.459782;9.70149;
0.459802;9.70155;
0.459822;9.70161;
0.459842;9.70167;
0.459862;9.70172;
0.459882;9.70178;
0.459902;9.70184;
0.459922;9.7019;
0.459942;9.70196;
0.459962;9.70202;
0.459982;9.70207;
0.46;9.70213;
0.46;9.70213;
0.46;9.70213;
0.460001;9.70213;
0.460001;9.70213;
0.460001;9.70213;
0.460001;9.70213;
0.460002;9.70213;
0.460002;9.70213;
0.460003;9.70214;
0.460006;9.70214;
0.460011;9.70216;
0.460021;9.70219;
0.460041;9.70225;
0.460061;9.70231;
0.460081;9.70237;
0.460099;9.70242;
0.460117;9.70247;
0.460137;9.70253;
0.460157;9.70259;
0.460177;9.70265;
0.460197;9.70271;
0.460217;9.70277;
0.460237;9.70283;
0.460257;9.70289;
0.460277;9.70294;
0.460297;9.703;
0.460317;9.70306;
0.460337;9.70312;
0.460357;9.70318;
0.460377;9.70324;
0.460397;9.7033;
0.460417;9.70336;
0.460437;9.70342;
0.460457;9.70348;
0.460477;9.70354;
0.460497;9.7036;
0.460501;9.70361;
0.460501;9.70361;
0.460501;9.70361;
0.460502;9.70362;
0.460502;9.70362;
0.460502;9.70362;
0.460502;9.70362;
0.460503;9.70362;
0.460503;9.70362;
0.460504;9.70362;
0.460507;9.70363;
0.460512;9.70365;
0.460522;9.70368;
0.460542;9.70374;
0.460562;9.7038;
0.460582;9.70386;
0.460602;9.70392;
0.460622;9.70398;
0.460642;9.70404;
0.460662;9.7041;
0.460682;9.70416;
0.460702;9.70422;
0.460722;9.70428;
0.460742;9.70434;
0.460762;9.7044;
0.460782;9.70446;
0.460802;9.70452;
0.460822;9.70459;
0.460842;9.70465;
0.460862;9.70471;
0.460882;9.70477;
0.460902;9.70483;
0.460922;9.70489;
0.460942;9.70495;
0.460962;9.70501;
0.460982;9.70507;
0.461;9.70513;
0.461;9.70513;
0.461;9.70513;
0.461001;9.70513;
0.461001;9.70513;
0.461001;9.70513;
0.461001;9.70513;
0.461002;9.70513;
0.461002;9.70514;
0.461003;9.70514;
0.461006;9.70515;
0.461011;9.70516;
0.461021;9.70519;
0.461039;9.70525;
0.461058;9.70531;
0.461078;9.70537;
0.461098;9.70543;
0.461118;9.70549;
0.461138;9.70555;
0.461158;9.70562;
0.461178;9.70568;
0.461198;9.70574;
0.461218;9.7058;
0.461238;9.70586;
0.461258;9.70593;
0.461278;9.70599;
0.461298;9.70605;
0.461318;9.70611;
0.461338;9.70617;
0.461358;9.70624;
0.461378;9.7063;
0.461398;9.70636;
0.461418;9.70642;
0.461438;9.70649;
0.461458;9.70655;
0.461478;9.70661;
0.461498;9.70668;
0.461501;9.70668;
0.461501;9.70668;
0.461501;9.70668;
0.461502;9.70669;
0.461502;9.70669;
0.461502;9.70669;
0.461502;9.70669;
0.461503;9.70669;
0.461503;9.70669;
0.461504;9.70669;
0.461507;9.7067;
0.461512;9.70672;
0.461522;9.70675;
0.461542;9.70681;
0.461562;9.70688;
0.461582;9.70694;
0.461602;9.707;
0.461622;9.70707;
0.461642;9.70713;
0.461662;9.70719;
0.461682;9.70726;
0.461702;9.70732;
0.461722;9.70738;
0.461742;9.70744;
0.461762;9.70751;
0.461782;9.70757;
0.461802;9.70764;
0.461822;9.7077;
0.461842;9.70776;
0.461862;9.70783;
0.461882;9.70789;
0.461902;9.70795;
0.461922;9.70802;
0.461942;9.70808;
0.461962;9.70815;
0.461982;9.70821;
0.462;9.70827;
0.462;9.70827;
0.462;9.70827;
0.462001;9.70827;
0.462001;9.70827;
0.462001;9.70827;
0.462001;9.70827;
0.462002;9.70827;
0.462002;9.70827;
0.462003;9.70828;
0.462006;9.70829;
0.462011;9.7083;
0.462021;9.70833;
0.462037;9.70838;
0.462051;9.70843;
0.462064;9.70847;
0.46208;9.70852;
0.4621;9.70859;
0.46212;9.70865;
0.46214;9.70871;
0.46216;9.70878;
0.46218;9.70884;
0.4622;9.70891;
0.46222;9.70897;
0.46224;9.70904;
0.46226;9.7091;
0.46228;9.70917;
0.4623;9.70923;
0.46232;9.7093;
0.46234;9.70936;
0.46236;9.70943;
0.46238;9.70949;
0.4624;9.70956;
0.46242;9.70962;
0.46244;9.70969;
0.46246;9.70975;
0.46248;9.70982;
0.4625;9.70988;
0.462501;9.70989;
0.462501;9.70989;
0.462501;9.70989;
0.462502;9.70989;
0.462502;9.70989;
0.462502;9.70989;
0.462502;9.70989;
0.462503;9.70989;
0.462503;9.70989;
0.462504;9.7099;
0.462507;9.70991;
0.462512;9.70992;
0.462522;9.70996;
0.462542;9.71002;
0.462562;9.71009;
0.462582;9.71015;
0.462602;9.71022;
0.462622;9.71028;
0.462642;9.71035;
0.462662;9.71042;
0.462682;9.71048;
0.462702;9.71055;
0.462722;9.71061;
0.462742;9.71068;
0.462762;9.71075;
0.462782;9.71081;
0.462802;9.71088;
0.462822;9.71094;
0.462842;9.71101;
0.462862;9.71108;
0.462882;9.71114;
0.462902;9.71121;
0.462922;9.71127;
0.462942;9.71134;
0.462962;9.71141;
0.462982;9.71147;
0.463;9.71153;
0.463;9.71153;
0.463;9.71153;
0.463001;9.71154;
0.463001;9.71154;
0.463001;9.71154;
0.463001;9.71154;
0.463002;9.71154;
0.463002;9.71154;
0.463003;9.71154;
0.463006;9.71155;
0.463011;9.71157;
0.463021;9.7116;
0.463027;9.71162;
0.463033;9.71163;
0.463038;9.71164;
0.463044;9.71165;
0.463053;9.71166;
0.463071;9.71169;
0.463086;9.71172;
0.463102;9.71174;
0.463119;9.71177;
0.463139;9.7118;
0.463159;9.71183;
0.463179;9.71187;
0.463199;9.7119;
0.463219;9.71193;
0.463239;9.71196;
0.463259;9.712;
0.463279;9.71203;
0.463299;9.71206;
0.463319;9.7121;
0.463339;9.71213;
0.463359;9.71216;
0.463379;9.7122;
0.463399;9.71223;
0.463419;9.71226;
0.463439;9.7123;
0.463459;9.71233;
0.463479;9.71236;
0.463499;9.7124;
0.463501;9.7124;
0.463501;9.7124;
0.463501;9.7124;
0.463502;9.7124;
0.463502;9.7124;
0.463502;9.7124;
0.463502;9.7124;
0.463503;9.7124;
0.463503;9.7124;
0.463504;9.7124;
0.463507;9.71241;
0.463512;9.71242;
0.463522;9.71244;
0.463542;9.71247;
0.463562;9.7125;
0.463582;9.71254;
0.463602;9.71257;
0.463622;9.7126;
0.463642;9.71264;
0.463662;9.71267;
0.463682;9.71271;
0.463702;9.71274;
0.463722;9.71278;
0.463742;9.71281;
0.463762;9.71284;
0.463782;9.71288;
0.463802;9.71291;
0.463822;9.71295;
0.463842;9.71298;
0.463862;9.71302;
0.463882;9.71305;
0.463902;9.71309;
0.463922;9.71312;
0.463942;9.71316;
0.463962;9.71319;
0.463982;9.71323;
0.464;9.71326;
0.464;9.71326;
0.464;9.71326;
0.464001;9.71326;
0.464001;9.71326;
0.464001;9.71326;
0.464001;9.71326;
0.464002;9.71326;
0.464002;9.71326;
0.464003;9.71327;
0.464006;9.71327;
0.464011;9.71328;
0.464021;9.7133;
0.464041;9.71333;
0.464061;9.71337;
0.464081;9.7134;
0.464101;9.71344;
0.464121;9.71348;
0.464141;9.71351;
0.464161;9.71355;
0.464181;9.71358;
0.464201;9.71362;
0.464221;9.71365;
0.464241;9.71369;
0.464261;9.71373;
0.464281;9.71376;
0.464301;9.7138;
0.464321;9.71384;
0.464341;9.71387;
0.464361;9.71391;
0.464381;9.71395;
0.464401;9.71398;
0.464421;9.71402;
0.464441;9.71406;
0.464461;9.71409;
0.464481;9.71413;
0.464501;9.71417;
0.464501;9.71417;
0.464501;9.71417;
0.464502;9.71417;
0.464502;9.71417;
0.464502;9.71417;
0.464502;9.71417;
0.464503;9.71417;
0.464503;9.71417;
0.464504;9.71417;
0.464507;9.71418;
0.464512;9.71419;
0.464522;9.71421;
0.464542;9.71424;
0.464562;9.71428;
0.464582;9.71432;
0.464602;9.71435;
0.464622;9.71439;
0.464642;9.71443;
0.464662;9.71447;
0.464682;9.7145;
0.464702;9.71454;
0.464722;9.71458;
0.464742;9.71462;
0.464762;9.71466;
0.464782;9.71469;
0.464802;9.71473;
0.464822;9.71477;
0.464842;9.71481;
0.464862;9.71485;
0.464882;9.71488;
0.464902;9.71492;
0.464922;9.71496;
0.464942;9.715;
0.464962;9.71504;
0.464982;9.71508;
0.465;9.71511;
0.465;9.71511;
0.465;9.71511;
0.465001;9.71511;
0.465001;9.71511;
0.465001;9.71511;
0.465001;9.71511;
0.465002;9.71511;
0.465002;9.71512;
0.465003;9.71512;
0.465006;9.71512;
0.465011;9.71513;
0.465021;9.71515;
0.465041;9.71519;
0.465061;9.71523;
0.465081;9.71527;
0.465101;9.71531;
0.465121;9.71535;
0.465141;9.71539;
0.465161;9.71543;
0.465181;9.71547;
0.465201;9.7155;
0.465221;9.71554;
0.465241;9.71558;
0.465261;9.71562;
0.465281;9.71566;
0.465301;9.7157;
0.465321;9.71574;
0.465341;9.71578;
0.465361;9.71582;
0.465381;9.71586;
0.465401;9.7159;
0.465421;9.71594;
0.465441;9.71598;
0.465461;9.71602;
0.465481;9.71606;
0.465501;9.7161;
0.465501;9.7161;
0.465501;9.7161;
0.465502;9.7161;
0.465502;9.7161;
0.465502;9.7161;
0.465502;9.7161;
0.465503;9.71611;
0.465503;9.71611;
0.465504;9.71611;
0.465507;9.71611;
0.465512;9.71612;
0.465522;9.71615;
0.465542;9.71619;
0.465562;9.71623;
0.465582;9.71627;
0.465602;9.71631;
0.465622;9.71635;
0.465642;9.71639;
0.465662;9.71643;
0.465682;9.71647;
0.465702;9.71651;
0.465722;9.71655;
0.465742;9.71659;
0.465762;9.71664;
0.465782;9.71668;
0.465802;9.71672;
0.465822;9.71676;
0.465842;9.7168;
0.465862;9.71684;
0.465882;9.71688;
0.465902;9.71693;
0.465922;9.71697;
0.465942;9.71701;
0.465962;9.71705;
0.465982;9.71709;
0.466;9.71713;
0.466;9.71713;
0.466;9.71713;
0.466001;9.71713;
0.466001;9.71713;
0.466001;9.71713;
0.466001;9.71713;
0.466002;9.71713;
0.466002;9.71713;
0.466003;9.71714;
0.466006;9.71714;
0.466011;9.71715;
0.466021;9.71718;
0.466041;9.71722;
0.466061;9.71726;
0.466081;9.7173;
0.466101;9.71734;
0.466121;9.71739;
0.466141;9.71743;
0.466161;9.71747;
0.466181;9.71751;
0.466201;9.71756;
0.466221;9.7176;
0.466241;9.71764;
0.466261;9.71768;
0.466281;9.71773;
0.466301;9.71777;
0.466321;9.71781;
0.466341;9.71786;
0.466361;9.7179;
0.466381;9.71794;
0.466401;9.71799;
0.466421;9.71803;
0.466441;9.71807;
0.466461;9.71812;
0.466481;9.71816;
0.466501;9.7182;
0.466501;9.7182;
0.466501;9.7182;
0.466502;9.7182;
0.466502;9.7182;
0.466502;9.71821;
0.466502;9.71821;
0.466503;9.71821;
0.466503;9.71821;
0.466504;9.71821;
0.466507;9.71822;
0.466512;9.71823;
0.466522;9.71825;
0.466542;9.71829;
0.466562;9.71834;
0.466582;9.71838;
0.466602;9.71842;
0.466622;9.71847;
0.466642;9.71851;
0.466662;9.71856;
0.466682;9.7186;
0.466702;9.71865;
0.466722;9.71869;
0.466742;9.71873;
0.466762;9.71878;
0.466782;9.71882;
0.466802;9.71887;
0.466822;9.71891;
0.466842;9.71896;
0.466862;9.719;
0.466882;9.71905;
0.466902;9.71909;
0.466922;9.71914;
0.466942;9.71918;
0.466962;9.71923;
0.466982;9.71927;
0.467;9.71931;
0.467;9.71931;
0.467;9.71931;
0.467001;9.71931;
0.467001;9.71931;
0.467001;9.71931;
0.467001;9.71931;
0.467002;9.71931;
0.467002;9.71932;
0.467003;9.71932;
0.467006;9.71932;
0.467011;9.71934;
0.467021;9.71936;
0.467041;9.7194;
0.467061;9.71945;
0.467081;9.71949;
0.467101;9.71954;
0.467121;9.71959;
0.467141;9.71963;
0.467161;9.71968;
0.467181;9.71972;
0.467201;9.71977;
0.467221;9.71981;
0.467241;9.71986;
0.467261;9.71991;
0.467281;9.71995;
0.467301;9.72;
0.467321;9.72004;
0.467341;9.72009;
0.467361;9.72014;
0.467381;9.72018;
0.467401;9.72023;
0.467421;9.72028;
0.467441;9.72032;
0.467461;9.72037;
0.467481;9.72042;
0.467501;9.72046;
0.467501;9.72046;
0.467501;9.72046;
0.467502;9.72046;
0.467502;9.72046;
0.467502;9.72046;
0.467502;9.72046;
0.467503;9.72047;
0.467503;9.72047;
0.467504;9.72047;
0.467507;9.72048;
0.467512;9.72049;
0.467522;9.72051;
0.467542;9.72056;
0.467562;9.72061;
0.467582;9.72065;
0.467602;9.7207;
0.467622;9.72075;
0.467642;9.72079;
0.467662;9.72084;
0.467682;9.72089;
0.467702;9.72094;
0.467722;9.72098;
0.467742;9.72103;
0.467762;9.72108;
0.467782;9.72113;
0.467802;9.72117;
0.467822;9.72122;
0.467842;9.72127;
0.467862;9.72132;
0.467882;9.72136;
0.467902;9.72141;
0.467922;9.72146;
0.467942;9.72151;
0.467962;9.72156;
0.467982;9.7216;
0.468;9.72165;
0.468;9.72165;
0.468;9.72165;
0.468001;9.72165;
0.468001;9.72165;
0.468001;9.72165;
0.468001;9.72165;
0.468002;9.72165;
0.468002;9.72165;
0.468003;9.72166;
0.468006;9.72166;
0.468011;9.72167;
0.468021;9.7217;
0.468041;9.72175;
0.468061;9.7218;
0.468081;9.72184;
0.4681;9.72189;
0.46812;9.72194;
0.46814;9.72199;
0.46816;9.72203;
0.46818;9.72208;
0.4682;9.72213;
0.46822;9.72218;
0.46824;9.72223;
0.46826;9.72228;
0.46828;9.72233;
0.4683;9.72238;
0.46832;9.72243;
0.46834;9.72248;
0.46836;9.72252;
0.46838;9.72257;
0.4684;9.72262;
0.46842;9.72267;
0.46844;9.72272;
0.46846;9.72277;
0.46848;9.72282;
0.4685;9.72287;
0.468501;9.72287;
0.468501;9.72287;
0.468501;9.72288;
0.468502;9.72288;
0.468502;9.72288;
0.468502;9.72288;
0.468502;9.72288;
0.468503;9.72288;
0.468503;9.72288;
0.468504;9.72288;
0.468507;9.72289;
0.468512;9.7229;
0.468522;9.72293;
0.468542;9.72298;
0.468562;9.72303;
0.468582;9.72308;
0.468602;9.72313;
0.468622;9.72318;
0.468642;9.72323;
0.468662;9.72328;
0.468682;9.72333;
0.468702;9.72338;
0.468722;9.72343;
0.468742;9.72348;
0.468762;9.72353;
0.468782;9.72358;
0.468802;9.72363;
0.468822;9.72368;
0.468842;9.72373;
0.468862;9.72378;
0.468882;9.72383;
0.468902;9.72388;
0.468922;9.72394;
0.468942;9.72399;
0.468962;9.72404;
0.468982;9.72409;
0.469;9.72413;
0.469;9.72413;
0.469;9.72413;
0.469001;9.72414;
0.469001;9.72414;
0.469001;9.72414;
0.469001;9.72414;
0.469002;9.72414;
0.469002;9.72414;
0.469003;9.72414;
0.469006;9.72415;
0.469011;9.72416;
0.469021;9.72419;
0.469041;9.72424;
0.469061;9.72429;
0.469081;9.72434;
0.469101;9.72439;
0.469121;9.72445;
0.469141;9.7245;
0.469161;9.72455;
0.469181;9.7246;
0.469201;9.72465;
0.469221;9.7247;
0.469241;9.72476;
0.469261;9.72481;
0.469281;9.72486;
0.469301;9.72491;
0.469321;9.72496;
0.469341;9.72502;
0.469361;9.72507;
0.469381;9.72512;
0.469401;9.72517;
0.469421;9.72523;
0.469441;9.72528;
0.469461;9.72533;
0.469481;9.72538;
0.469501;9.72544;
0.469501;9.72544;
0.469501;9.72544;
0.469502;9.72544;
0.469502;9.72544;
0.469502;9.72544;
0.469502;9.72544;
0.469503;9.72544;
0.469503;9.72544;
0.469504;9.72544;
0.469507;9.72545;
0.469512;9.72546;
0.469522;9.72549;
0.469542;9.72554;
0.469562;9.7256;
0.469582;9.72565;
0.469602;9.7257;
0.469622;9.72576;
0.469642;9.72581;
0.469662;9.72586;
0.469682;9.72592;
0.469702;9.72597;
0.469722;9.72602;
0.469742;9.72608;
0.469762;9.72613;
0.469782;9.72618;
0.469802;9.72624;
0.469822;9.72629;
0.469842;9.72634;
0.469862;9.7264;
0.469882;9.72645;
0.469902;9.7265;
0.469922;9.72656;
0.469942;9.72661;
0.469962;9.72667;
0.469982;9.72672;
0.47;9.72677;
0.47;9.72677;
0.47;9.72677;
0.470001;9.72677;
0.470001;9.72677;
0.470001;9.72677;
0.470001;9.72677;
0.470002;9.72677;
0.470002;9.72677;
0.470003;9.72678;
0.470006;9.72678;
0.470011;9.7268;
0.470021;9.72683;
0.470041;9.72688;
0.470061;9.72693;
0.470081;9.72699;
0.470098;9.72703;
0.470116;9.72708;
0.470136;9.72714;
0.470156;9.72719;
0.470176;9.72725;
0.470196;9.7273;
0.470216;9.72736;
0.470236;9.72741;
0.470256;9.72746;
0.470276;9.72752;
0.470296;9.72757;
0.470316;9.72763;
0.470336;9.72768;
0.470356;9.72774;
0.470376;9.72779;
0.470396;9.72785;
0.470416;9.72791;
0.470436;9.72796;
0.470456;9.72802;
0.470476;9.72807;
0.470496;9.72813;
0.470501;9.72814;
0.470501;9.72814;
0.470501;9.72814;
0.470502;9.72814;
0.470502;9.72814;
0.470502;9.72814;
0.470502;9.72814;
0.470503;9.72814;
0.470503;9.72815;
0.470504;9.72815;
0.470507;9.72816;
0.470512;9.72817;
0.470522;9.7282;
0.470542;9.72826;
0.470562;9.72831;
0.470582;9.72837;
0.470602;9.72842;
0.470622;9.72848;
0.470642;9.72853;
0.470662;9.72859;
0.470682;9.72865;
0.470702;9.7287;
0.470722;9.72876;
0.470742;9.72881;
0.470762;9.72887;
0.470782;9.72893;
0.470802;9.72898;
0.470822;9.72904;
0.470842;9.7291;
0.470862;9.72915;
0.470882;9.72921;
0.470902;9.72927;
0.470922;9.72932;
0.470942;9.72938;
0.470962;9.72944;
0.470982;9.72949;
0.471;9.72954;
0.471;9.72954;
0.471;9.72954;
0.471001;9.72954;
0.471001;9.72955;
0.471001;9.72955;
0.471001;9.72955;
0.471002;9.72955;
0.471002;9.72955;
0.471003;9.72955;
0.471006;9.72956;
0.471011;9.72957;
0.471021;9.7296;
0.471039;9.72965;
0.471057;9.7297;
0.471077;9.72976;
0.471097;9.72982;
0.471117;9.72988;
0.471137;9.72993;
0.471157;9.72999;
0.471177;9.73005;
0.471197;9.73011;
0.471217;9.73016;
0.471237;9.73022;
0.471257;9.73028;
0.471277;9.73034;
0.471297;9.73039;
0.471317;9.73045;
0.471337;9.73051;
0.471357;9.73057;
0.471377;9.73062;
0.471397;9.73068;
0.471417;9.73074;
0.471437;9.7308;
0.471457;9.73086;
0.471477;9.73091;
0.471497;9.73097;
0.471501;9.73098;
0.471501;9.73098;
0.471501;9.73099;
0.471502;9.73099;
0.471502;9.73099;
0.471502;9.73099;
0.471502;9.73099;
0.471503;9.73099;
0.471503;9.73099;
0.471504;9.73099;
0.471507;9.731;
0.471512;9.73102;
0.471522;9.73105;
0.471542;9.7311;
0.471562;9.73116;
0.471582;9.73122;
0.471602;9.73128;
0.471622;9.73134;
0.471642;9.7314;
0.471662;9.73146;
0.471682;9.73151;
0.471702;9.73157;
0.471722;9.73163;
0.471742;9.73169;
0.471762;9.73175;
0.471782;9.73181;
0.471802;9.73187;
0.471822;9.73193;
0.471842;9.73199;
0.471862;9.73205;
0.471882;9.7321;
0.471902;9.73216;
0.471922;9.73222;
0.471942;9.73228;
0.471962;9.73234;
0.471982;9.7324;
0.472;9.73245;
0.472;9.73245;
0.472;9.73245;
0.472001;9.73246;
0.472001;9.73246;
0.472001;9.73246;
0.472001;9.73246;
0.472002;9.73246;
0.472002;9.73246;
0.472003;9.73246;
0.472006;9.73247;
0.472011;9.73249;
0.472021;9.73252;
0.472037;9.73256;
0.47205;9.7326;
0.472062;9.73264;
0.472077;9.73268;
0.472095;9.73274;
0.472109;9.73278;
0.472123;9.73282;
0.47214;9.73287;
0.47216;9.73293;
0.47218;9.73299;
0.4722;9.73305;
0.47222;9.73311;
0.47224;9.73317;
0.47226;9.73323;
0.47228;9.73329;
0.4723;9.73335;
0.47232;9.73341;
0.47234;9.73347;
0.47236;9.73353;
0.47238;9.73359;
0.4724;9.73365;
0.47242;9.73371;
0.47244;9.73377;
0.47246;9.73383;
0.47248;9.73389;
0.4725;9.73395;
0.472501;9.73396;
0.472501;9.73396;
0.472501;9.73396;
0.472502;9.73396;
0.472502;9.73396;
0.472502;9.73396;
0.472502;9.73396;
0.472503;9.73396;
0.472503;9.73396;
0.472504;9.73397;
0.472507;9.73398;
0.472512;9.73399;
0.472522;9.73402;
0.472542;9.73408;
0.472562;9.73414;
0.472582;9.7342;
0.472602;9.73427;
0.472622;9.73433;
0.472642;9.73439;
0.472662;9.73445;
0.472682;9.73451;
0.472702;9.73457;
0.472722;9.73463;
0.472742;9.73469;
0.472762;9.73476;
0.472782;9.73482;
0.472802;9.73488;
0.472822;9.73494;
0.472842;9.735;
0.472862;9.73506;
0.472882;9.73512;
0.472902;9.73519;
0.472922;9.73525;
0.472942;9.73531;
0.472962;9.73537;
0.472982;9.73543;
0.473;9.73549;
0.473;9.73549;
0.473;9.73549;
0.473001;9.73549;
0.473001;9.73549;
0.473001;9.73549;
0.473001;9.73549;
0.473002;9.73549;
0.473002;9.73549;
0.473003;9.7355;
0.473006;9.73551;
0.473011;9.73552;
0.473021;9.73555;
0.473027;9.73557;
0.473033;9.73558;
0.473038;9.73558;
0.473043;9.73559;
0.473052;9.73561;
0.473071;9.73563;
0.473085;9.73565;
0.4731;9.73567;
0.473117;9.7357;
0.473137;9.73573;
0.473157;9.73576;
0.473177;9.73578;
0.473197;9.73581;
0.473217;9.73584;
0.473237;9.73587;
0.473257;9.7359;
0.473277;9.73593;
0.473297;9.73596;
0.473317;9.73599;
0.473337;9.73602;
0.473357;9.73605;
0.473377;9.73608;
0.473397;9.73611;
0.473417;9.73614;
0.473437;9.73617;
0.473457;9.7362;
0.473477;9.73623;
0.473497;9.73626;
0.473501;9.73626;
0.473501;9.73626;
0.473501;9.73626;
0.473502;9.73626;
0.473502;9.73627;
0.473502;9.73627;
0.473502;9.73627;
0.473503;9.73627;
0.473503;9.73627;
0.473504;9.73627;
0.473507;9.73627;
0.473512;9.73628;
0.473522;9.7363;
0.473542;9.73633;
0.473562;9.73636;
0.473582;9.73639;
0.473602;9.73642;
0.473622;9.73645;
0.473642;9.73648;
0.473662;9.73651;
0.473682;9.73654;
0.473702;9.73657;
0.473722;9.7366;
0.473742;9.73663;
0.473762;9.73666;
0.473782;9.73669;
0.473802;9.73673;
0.473822;9.73676;
0.473842;9.73679;
0.473862;9.73682;
0.473882;9.73685;
0.473902;9.73688;
0.473922;9.73691;
0.473942;9.73695;
0.473962;9.73698;
0.473982;9.73701;
0.474;9.73704;
0.474;9.73704;
0.474;9.73704;
0.474001;9.73704;
0.474001;9.73704;
0.474001;9.73704;
0.474001;9.73704;
0.474002;9.73704;
0.474002;9.73704;
0.474003;9.73704;
0.474006;9.73705;
0.474011;9.73706;
0.474021;9.73707;
0.474041;9.7371;
0.474061;9.73714;
0.474081;9.73717;
0.474101;9.7372;
0.474121;9.73723;
0.474141;9.73726;
0.474161;9.7373;
0.474181;9.73733;
0.474201;9.73736;
0.474221;9.73739;
0.474241;9.73743;
0.474261;9.73746;
0.474281;9.73749;
0.474301;9.73753;
0.474321;9.73756;
0.474341;9.73759;
0.474361;9.73762;
0.474381;9.73766;
0.474401;9.73769;
0.474421;9.73772;
0.474441;9.73776;
0.474461;9.73779;
0.474481;9.73782;
0.474501;9.73786;
0.474501;9.73786;
0.474501;9.73786;
0.474502;9.73786;
0.474502;9.73786;
0.474502;9.73786;
0.474502;9.73786;
0.474503;9.73786;
0.474503;9.73786;
0.474504;9.73786;
0.474507;9.73787;
0.474512;9.73788;
0.474522;9.73789;
0.474542;9.73793;
0.474562;9.73796;
0.474582;9.73799;
0.474602;9.73803;
0.474622;9.73806;
0.474642;9.7381;
0.474662;9.73813;
0.474682;9.73816;
0.474702;9.7382;
0.474722;9.73823;
0.474742;9.73827;
0.474762;9.7383;
0.474782;9.73834;
0.474802;9.73837;
0.474822;9.73841;
0.474842;9.73844;
0.474862;9.73848;
0.474882;9.73851;
0.474902;9.73854;
0.474922;9.73858;
0.474942;9.73861;
0.474962;9.73865;
0.474982;9.73869;
0.475;9.73872;
0.475;9.73872;
0.475;9.73872;
0.475001;9.73872;
0.475001;9.73872;
0.475001;9.73872;
0.475001;9.73872;
0.475002;9.73872;
0.475002;9.73872;
0.475003;9.73872;
0.475006;9.73873;
0.475011;9.73874;
0.475021;9.73875;
0.475041;9.73879;
0.475061;9.73882;
0.475081;9.73886;
0.475101;9.7389;
0.475121;9.73893;
0.475141;9.73897;
0.475161;9.739;
0.475181;9.73904;
0.475201;9.73907;
0.475221;9.73911;
0.475241;9.73915;
0.475261;9.73918;
0.475281;9.73922;
0.475301;9.73926;
0.475321;9.73929;
0.475341;9.73933;
0.475361;9.73936;
0.475381;9.7394;
0.475401;9.73944;
0.475421;9.73947;
0.475441;9.73951;
0.475461;9.73955;
0.475481;9.73958;
0.475501;9.73962;
0.475501;9.73962;
0.475501;9.73962;
0.475502;9.73962;
0.475502;9.73962;
0.475502;9.73962;
0.475502;9.73962;
0.475503;9.73962;
0.475503;9.73962;
0.475504;9.73963;
0.475507;9.73963;
0.475512;9.73964;
0.475522;9.73966;
0.475542;9.7397;
0.475562;9.73973;
0.475582;9.73977;
0.475602;9.73981;
0.475622;9.73985;
0.475642;9.73988;
0.475662;9.73992;
0.475682;9.73996;
0.475702;9.74;
0.475722;9.74003;
0.475742;9.74007;
0.475762;9.74011;
0.475782;9.74015;
0.475802;9.74018;
0.475822;9.74022;
0.475842;9.74026;
0.475862;9.7403;
0.475882;9.74034;
0.475902;9.74037;
0.475922;9.74041;
0.475942;9.74045;
0.475962;9.74049;
0.475982;9.74053;
0.476;9.74056;
0.476;9.74056;
0.476;9.74056;
0.476001;9.74056;
0.476001;9.74056;
0.476001;9.74056;
0.476001;9.74056;
0.476002;9.74057;
0.476002;9.74057;
0.476003;9.74057;
0.476006;9.74057;
0.476011;9.74058;
0.476021;9.7406;
0.476041;9.74064;
0.476061;9.74068;
0.476081;9.74072;
0.476101;9.74076;
0.476121;9.7408;
0.476141;9.74084;
0.476161;9.74088;
0.476181;9.74091;
0.476201;9.74095;
0.476221;9.74099;
0.476241;9.74103;
0.476261;9.74107;
0.476281;9.74111;
0.476301;9.74115;
0.476321;9.74119;
0.476341;9.74123;
0.476361;9.74127;
0.476381;9.74131;
0.476401;9.74135;
0.476421;9.74139;
0.476441;9.74143;
0.476461;9.74147;
0.476481;9.74151;
0.476501;9.74155;
0.476501;9.74155;
0.476501;9.74155;
0.476502;9.74155;
0.476502;9.74155;
0.476502;9.74155;
0.476502;9.74155;
0.476503;9.74155;
0.476503;9.74155;
0.476504;9.74156;
0.476507;9.74156;
0.476512;9.74157;
0.476522;9.74159;
0.476542;9.74163;
0.476562;9.74167;
0.476582;9.74171;
0.476602;9.74175;
0.476622;9.74179;
0.476642;9.74183;
0.476662;9.74187;
0.476682;9.74192;
0.476702;9.74196;
0.476722;9.742;
0.476742;9.74204;
0.476762;9.74208;
0.476782;9.74212;
0.476802;9.74216;
0.476822;9.7422;
0.476842;9.74224;
0.476862;9.74228;
0.476882;9.74233;
0.476902;9.74237;
0.476922;9.74241;
0.476942;9.74245;
0.476962;9.74249;
0.476982;9.74253;
0.477;9.74257;
0.477;9.74257;
0.477;9.74257;
0.477001;9.74257;
0.477001;9.74257;
0.477001;9.74257;
0.477001;9.74257;
0.477002;9.74257;
0.477002;9.74257;
0.477003;9.74258;
0.477006;9.74258;
0.477011;9.74259;
0.477021;9.74261;
0.477041;9.74266;
0.477061;9.7427;
0.477081;9.74274;
0.477101;9.74278;
0.477121;9.74282;
0.477141;9.74287;
0.477161;9.74291;
0.477181;9.74295;
0.477201;9.74299;
0.477221;9.74304;
0.477241;9.74308;
0.477261;9.74312;
0.477281;9.74316;
0.477301;9.74321;
0.477321;9.74325;
0.477341;9.74329;
0.477361;9.74333;
0.477381;9.74338;
0.477401;9.74342;
0.477421;9.74346;
0.477441;9.74351;
0.477461;9.74355;
0.477481;9.74359;
0.477501;9.74364;
0.477501;9.74364;
0.477501;9.74364;
0.477502;9.74364;
0.477502;9.74364;
0.477502;9.74364;
0.477502;9.74364;
0.477503;9.74364;
0.477503;9.74364;
0.477504;9.74364;
0.477507;9.74365;
0.477512;9.74366;
0.477522;9.74368;
0.477542;9.74373;
0.477562;9.74377;
0.477582;9.74381;
0.477602;9.74386;
0.477622;9.7439;
0.477642;9.74394;
0.477662;9.74399;
0.477682;9.74403;
0.477702;9.74407;
0.477722;9.74412;
0.477742;9.74416;
0.477762;9.74421;
0.477782;9.74425;
0.477802;9.74429;
0.477822;9.74434;
0.477842;9.74438;
0.477862;9.74443;
0.477882;9.74447;
0.477902;9.74452;
0.477922;9.74456;
0.477942;9.74461;
0.477962;9.74465;
0.477982;9.7447;
0.478;9.74473;
0.478;9.74473;
0.478;9.74474;
0.478001;9.74474;
0.478001;9.74474;
0.478001;9.74474;
0.478001;9.74474;
0.478002;9.74474;
0.478002;9.74474;
0.478003;9.74474;
0.478006;9.74475;
0.478011;9.74476;
0.478021;9.74478;
0.478041;9.74483;
0.478061;9.74487;
0.478081;9.74492;
0.478101;9.74496;
0.478121;9.74501;
0.478141;9.74505;
0.478161;9.7451;
0.478181;9.74514;
0.478201;9.74519;
0.478221;9.74523;
0.478241;9.74528;
0.478261;9.74533;
0.478281;9.74537;
0.478301;9.74542;
0.478321;9.74546;
0.478341;9.74551;
0.478361;9.74555;
0.478381;9.7456;
0.478401;9.74565;
0.478421;9.74569;
0.478441;9.74574;
0.478461;9.74578;
0.478481;9.74583;
0.478501;9.74588;
0.478501;9.74588;
0.478501;9.74588;
0.478502;9.74588;
0.478502;9.74588;
0.478502;9.74588;
0.478502;9.74588;
0.478503;9.74588;
0.478503;9.74588;
0.478504;9.74588;
0.478507;9.74589;
0.478512;9.7459;
0.478522;9.74593;
0.478542;9.74597;
0.478562;9.74602;
0.478582;9.74607;
0.478602;9.74611;
0.478622;9.74616;
0.478642;9.74621;
0.478662;9.74625;
0.478682;9.7463;
0.478702;9.74635;
0.478722;9.74639;
0.478742;9.74644;
0.478762;9.74649;
0.478782;9.74653;
0.478802;9.74658;
0.478822;9.74663;
0.478842;9.74668;
0.478862;9.74672;
0.478882;9.74677;
0.478902;9.74682;
0.478922;9.74687;
0.478942;9.74691;
0.478962;9.74696;
0.478982;9.74701;
0.479;9.74705;
0.479;9.74705;
0.479;9.74705;
0.479001;9.74705;
0.479001;9.74705;
0.479001;9.74705;
0.479001;9.74705;
0.479002;9.74705;
0.479002;9.74706;
0.479003;9.74706;
0.479006;9.74707;
0.479011;9.74708;
0.479021;9.7471;
0.479041;9.74715;
0.479061;9.7472;
0.479081;9.74725;
0.479101;9.74729;
0.479121;9.74734;
0.479141;9.74739;
0.479161;9.74744;
0.479181;9.74749;
0.479201;9.74754;
0.479221;9.74758;
0.479241;9.74763;
0.479261;9.74768;
0.479281;9.74773;
0.479301;9.74778;
0.479321;9.74783;
0.479341;9.74788;
0.479361;9.74792;
0.479381;9.74797;
0.479401;9.74802;
0.479421;9.74807;
0.479441;9.74812;
0.479461;9.74817;
0.479481;9.74822;
0.479501;9.74827;
0.479501;9.74827;
0.479501;9.74827;
0.479502;9.74827;
0.479502;9.74827;
0.479502;9.74827;
0.479502;9.74827;
0.479503;9.74827;
0.479503;9.74827;
0.479504;9.74828;
0.479507;9.74828;
0.479512;9.74829;
0.479522;9.74832;
0.479542;9.74837;
0.479562;9.74842;
0.479582;9.74847;
0.479602;9.74852;
0.479622;9.74857;
0.479642;9.74862;
0.479662;9.74867;
0.479682;9.74872;
0.479702;9.74877;
0.479722;9.74882;
0.479742;9.74887;
0.479762;9.74892;
0.479782;9.74897;
0.479802;9.74902;
0.479822;9.74907;
0.479842;9.74912;
0.479862;9.74917;
0.479882;9.74922;
0.479902;9.74927;
0.479922;9.74932;
0.479942;9.74937;
0.479962;9.74942;
0.479982;9.74947;
0.48;9.74951;
0.48;9.74951;
0.48;9.74951;
0.480001;9.74952;
0.480001;9.74952;
0.480001;9.74952;
0.480001;9.74952;
0.480002;9.74952;
0.480002;9.74952;
0.480003;9.74952;
0.480006;9.74953;
0.480011;9.74954;
0.480021;9.74957;
0.480041;9.74962;
0.480061;9.74967;
0.480081;9.74972;
0.480097;9.74976;
0.480114;9.7498;
0.480134;9.74985;
0.480154;9.74991;
0.480174;9.74996;
0.480194;9.75001;
0.480214;9.75006;
0.480234;9.75011;
0.480254;9.75016;
0.480274;9.75021;
0.480294;9.75026;
0.480314;9.75032;
0.480334;9.75037;
0.480354;9.75042;
0.480374;9.75047;
0.480394;9.75052;
0.480414;9.75058;
0.480434;9.75063;
0.480454;9.75068;
0.480474;9.75073;
0.480494;9.75078;
0.480501;9.7508;
0.480501;9.7508;
0.480501;9.7508;
0.480502;9.7508;
0.480502;9.7508;
0.480502;9.7508;
0.480502;9.7508;
0.480503;9.7508;
0.480503;9.75081;
0.480504;9.75081;
0.480507;9.75082;
0.480512;9.75083;
0.480522;9.75086;
0.480542;9.75091;
0.480562;9.75096;
0.480582;9.75101;
0.480602;9.75107;
0.480622;9.75112;
0.480642;9.75117;
0.480662;9.75122;
0.480682;9.75128;
0.480702;9.75133;
0.480722;9.75138;
0.480742;9.75143;
0.480762;9.75149;
0.480782;9.75154;
0.480802;9.75159;
0.480822;9.75165;
0.480842;9.7517;
0.480862;9.75175;
0.480882;9.7518;
0.480902;9.75186;
0.480922;9.75191;
0.480942;9.75196;
0.480962;9.75202;
0.480982;9.75207;
0.481;9.75212;
0.481;9.75212;
0.481;9.75212;
0.481001;9.75212;
0.481001;9.75212;
0.481001;9.75212;
0.481001;9.75212;
0.481002;9.75212;
0.481002;9.75212;
0.481003;9.75213;
0.481006;9.75213;
0.481011;9.75215;
0.481021;9.75218;
0.481036;9.75222;
0.481053;9.75226;
0.481072;9.75231;
0.481092;9.75236;
0.481108;9.75241;
0.481125;9.75245;
0.481144;9.75251;
0.481164;9.75256;
0.481184;9.75261;
0.481204;9.75267;
0.481224;9.75272;
0.481244;9.75278;
0.481264;9.75283;
0.481284;9.75288;
0.481304;9.75294;
0.481324;9.75299;
0.481344;9.75305;
0.481364;9.7531;
0.481384;9.75316;
0.481404;9.75321;
0.481424;9.75326;
0.481444;9.75332;
0.481464;9.75337;
0.481484;9.75343;
0.481501;9.75347;
0.481501;9.75348;
0.481501;9.75348;
0.481502;9.75348;
0.481502;9.75348;
0.481502;9.75348;
0.481502;9.75348;
0.481503;9.75348;
0.481503;9.75348;
0.481504;9.75348;
0.481507;9.75349;
0.481512;9.75351;
0.481522;9.75353;
0.481542;9.75359;
0.481562;9.75364;
0.481582;9.7537;
0.481602;9.75375;
0.481622;9.75381;
0.481642;9.75386;
0.481662;9.75392;
0.481682;9.75397;
0.481702;9.75403;
0.481722;9.75409;
0.481742;9.75414;
0.481762;9.7542;
0.481782;9.75425;
0.481802;9.75431;
0.481822;9.75436;
0.481842;9.75442;
0.481862;9.75447;
0.481882;9.75453;
0.481902;9.75459;
0.481922;9.75464;
0.481942;9.7547;
0.481962;9.75475;
0.481982;9.75481;
0.482;9.75486;
0.482;9.75486;
0.482;9.75486;
0.482001;9.75486;
0.482001;9.75486;
0.482001;9.75486;
0.482001;9.75486;
0.482002;9.75486;
0.482002;9.75487;
0.482003;9.75487;
0.482006;9.75488;
0.482011;9.75489;
0.482021;9.75492;
0.482032;9.75495;
0.482043;9.75497;
0.482053;9.75499;
0.482063;9.75501;
0.482081;9.75505;
0.482094;9.75507;
0.482108;9.7551;
0.482124;9.75513;
0.482144;9.75517;
0.482164;9.75521;
0.482184;9.75525;
0.482204;9.75529;
0.482224;9.75533;
0.482244;9.75537;
0.482264;9.75542;
0.482284;9.75546;
0.482304;9.7555;
0.482324;9.75554;
0.482344;9.75558;
0.482364;9.75562;
0.482384;9.75566;
0.482404;9.7557;
0.482424;9.75574;
0.482444;9.75578;
0.482464;9.75582;
0.482484;9.75586;
0.482501;9.7559;
0.482501;9.7559;
0.482501;9.7559;
0.482502;9.7559;
0.482502;9.7559;
0.482502;9.7559;
0.482502;9.7559;
0.482503;9.7559;
0.482503;9.7559;
0.482504;9.75591;
0.482507;9.75591;
0.482512;9.75592;
0.482522;9.75594;
0.482542;9.75599;
0.482562;9.75603;
0.482582;9.75607;
0.482602;9.75611;
0.482622;9.75615;
0.482642;9.75619;
0.482662;9.75623;
0.482682;9.75628;
0.482702;9.75632;
0.482722;9.75636;
0.482742;9.7564;
0.482762;9.75644;
0.482782;9.75649;
0.482802;9.75653;
0.482822;9.75657;
0.482842;9.75661;
0.482862;9.75665;
0.482882;9.7567;
0.482902;9.75674;
0.482922;9.75678;
0.482942;9.75682;
0.482962;9.75687;
0.482982;9.75691;
0.483;9.75695;
0.483;9.75695;
0.483;9.75695;
0.483001;9.75695;
0.483001;9.75695;
0.483001;9.75695;
0.483001;9.75695;
0.483002;9.75695;
0.483002;9.75695;
0.483003;9.75695;
0.483006;9.75696;
0.483011;9.75697;
0.483021;9.75699;
0.483041;9.75704;
0.483061;9.75708;
0.483081;9.75712;
0.483101;9.75716;
0.483121;9.75721;
0.483141;9.75725;
0.483161;9.75729;
0.483181;9.75734;
0.483201;9.75738;
0.483221;9.75742;
0.483241;9.75747;
0.483261;9.75751;
0.483281;9.75755;
0.483301;9.7576;
0.483321;9.75764;
0.483341;9.75769;
0.483361;9.75773;
0.483381;9.75777;
0.483401;9.75782;
0.483421;9.75786;
0.483441;9.75791;
0.483461;9.75795;
0.483481;9.75799;
0.483501;9.75804;
0.483501;9.75804;
0.483501;9.75804;
0.483502;9.75804;
0.483502;9.75804;
0.483502;9.75804;
0.483502;9.75804;
0.483503;9.75804;
0.483503;9.75804;
0.483504;9.75804;
0.483507;9.75805;
0.483512;9.75806;
0.483522;9.75808;
0.483542;9.75813;
0.483562;9.75817;
0.483582;9.75822;
0.483602;9.75826;
0.483622;9.75831;
0.483642;9.75835;
0.483662;9.7584;
0.483682;9.75844;
0.483702;9.75849;
0.483722;9.75853;
0.483742;9.75858;
0.483762;9.75862;
0.483782;9.75867;
0.483802;9.75871;
0.483822;9.75876;
0.483842;9.7588;
0.483862;9.75885;
0.483882;9.75889;
0.483902;9.75894;
0.483922;9.75898;
0.483942;9.75903;
0.483962;9.75907;
0.483982;9.75912;
0.484;9.75916;
0.484;9.75916;
0.484;9.75916;
0.484001;9.75916;
0.484001;9.75916;
0.484001;9.75916;
0.484001;9.75916;
0.484002;9.75916;
0.484002;9.75916;
0.484003;9.75917;
0.484006;9.75917;
0.484011;9.75918;
0.484021;9.75921;
0.484041;9.75925;
0.484061;9.7593;
0.484081;9.75935;
0.484101;9.75939;
0.484121;9.75944;
0.484141;9.75948;
0.484161;9.75953;
0.484181;9.75958;
0.484201;9.75962;
0.484221;9.75967;
0.484241;9.75972;
0.484261;9.75976;
0.484281;9.75981;
0.484301;9.75986;
0.484321;9.7599;
0.484341;9.75995;
0.484361;9.76;
0.484381;9.76004;
0.484401;9.76009;
0.484421;9.76014;
0.484441;9.76018;
0.484461;9.76023;
0.484481;9.76028;
0.484501;9.76032;
0.484501;9.76032;
0.484501;9.76032;
0.484502;9.76033;
0.484502;9.76033;
0.484502;9.76033;
0.484502;9.76033;
0.484503;9.76033;
0.484503;9.76033;
0.484504;9.76033;
0.484507;9.76034;
0.484512;9.76035;
0.484522;9.76037;
0.484542;9.76042;
0.484562;9.76047;
0.484582;9.76052;
0.484602;9.76056;
0.484622;9.76061;
0.484642;9.76066;
0.484662;9.76071;
0.484682;9.76075;
0.484702;9.7608;
0.484722;9.76085;
0.484742;9.7609;
0.484762;9.76095;
0.484782;9.76099;
0.484802;9.76104;
0.484822;9.76109;
0.484842;9.76114;
0.484862;9.76119;
0.484882;9.76123;
0.484902;9.76128;
0.484922;9.76133;
0.484942;9.76138;
0.484962;9.76143;
0.484982;9.76148;
0.485;9.76152;
0.485;9.76152;
0.485;9.76152;
0.485001;9.76152;
0.485001;9.76152;
0.485001;9.76152;
0.485001;9.76152;
0.485002;9.76152;
0.485002;9.76152;
0.485003;9.76153;
0.485006;9.76153;
0.485011;9.76155;
0.485021;9.76157;
0.485041;9.76162;
0.485061;9.76167;
0.485081;9.76172;
0.485098;9.76176;
0.485115;9.7618;
0.485135;9.76185;
0.485155;9.7619;
0.485175;9.76195;
0.485195;9.762;
0.485215;9.76204;
0.485235;9.76209;
0.485255;9.76214;
0.485275;9.76219;
0.485295;9.76224;
0.485315;9.76229;
0.485335;9.76234;
0.485355;9.76239;
0.485375;9.76244;
0.485395;9.76249;
0.485415;9.76254;
0.485435;9.76259;
0.485455;9.76264;
0.485475;9.76269;
0.485495;9.76274;
0.485501;9.76275;
0.485501;9.76276;
0.485501;9.76276;
0.485502;9.76276;
0.485502;9.76276;
0.485502;9.76276;
0.485502;9.76276;
0.485503;9.76276;
0.485503;9.76276;
0.485504;9.76276;
0.485507;9.76277;
0.485512;9.76278;
0.485522;9.76281;
0.485542;9.76286;
0.485562;9.76291;
0.485582;9.76296;
0.485602;9.76301;
0.485622;9.76306;
0.485642;9.76311;
0.485662;9.76316;
0.485682;9.76321;
0.485702;9.76326;
0.485722;9.76331;
0.485742;9.76336;
0.485762;9.76341;
0.485782;9.76346;
0.485802;9.76352;
0.485822;9.76357;
0.485842;9.76362;
0.485862;9.76367;
0.485882;9.76372;
0.485902;9.76377;
0.485922;9.76382;
0.485942;9.76387;
0.485962;9.76392;
0.485982;9.76398;
0.486;9.76402;
0.486;9.76402;
0.486;9.76402;
0.486001;9.76402;
0.486001;9.76402;
0.486001;9.76402;
0.486001;9.76402;
0.486002;9.76403;
0.486002;9.76403;
0.486003;9.76403;
0.486006;9.76404;
0.486011;9.76405;
0.486021;9.76408;
0.486036;9.76411;
0.486053;9.76416;
0.48607;9.7642;
0.48609;9.76425;
0.486105;9.76429;
0.486121;9.76433;
0.486139;9.76438;
0.486159;9.76443;
0.486179;9.76448;
0.486199;9.76454;
0.486219;9.76459;
0.486239;9.76464;
0.486259;9.76469;
0.486279;9.76474;
0.486299;9.7648;
0.486319;9.76485;
0.486339;9.7649;
0.486359;9.76495;
0.486379;9.76501;
0.486399;9.76506;
0.486419;9.76511;
0.486439;9.76516;
0.486459;9.76522;
0.486479;9.76527;
0.486499;9.76532;
0.486501;9.76533;
0.486501;9.76533;
0.486501;9.76533;
0.486502;9.76533;
0.486502;9.76533;
0.486502;9.76533;
0.486502;9.76533;
0.486503;9.76533;
0.486503;9.76533;
0.486504;9.76534;
0.486507;9.76534;
0.486512;9.76536;
0.486522;9.76538;
0.486542;9.76544;
0.486562;9.76549;
0.486582;9.76554;
0.486602;9.7656;
0.486622;9.76565;
0.486642;9.7657;
0.486662;9.76575;
0.486682;9.76581;
0.486702;9.76586;
0.486722;9.76591;
0.486742;9.76597;
0.486762;9.76602;
0.486782;9.76607;
0.486802;9.76613;
0.486822;9.76618;
0.486842;9.76624;
0.486862;9.76629;
0.486882;9.76634;
0.486902;9.7664;
0.486922;9.76645;
0.486942;9.76651;
0.486962;9.76656;
0.486982;9.76661;
0.487;9.76666;
0.487;9.76666;
0.487;9.76666;
0.487001;9.76666;
0.487001;9.76666;
0.487001;9.76666;
0.487001;9.76666;
0.487002;9.76667;
0.487002;9.76667;
0.487003;9.76667;
0.487006;9.76668;
0.487011;9.76669;
0.487021;9.76672;
0.48703;9.76674;
0.48704;9.76676;
0.487048;9.76677;
0.487056;9.76679;
0.48707;9.76681;
0.487085;9.76683;
0.487101;9.76686;
0.487121;9.76689;
0.48714;9.76692;
0.48716;9.76696;
0.48718;9.76699;
0.4872;9.76702;
0.48722;9.76706;
0.48724;9.76709;
0.48726;9.76712;
0.48728;9.76716;
0.4873;9.76719;
0.48732;9.76722;
0.48734;9.76726;
0.48736;9.76729;
0.48738;9.76732;
0.4874;9.76736;
0.48742;9.76739;
0.48744;9.76743;
0.48746;9.76746;
0.48748;9.76749;
0.4875;9.76753;
0.487501;9.76753;
0.487501;9.76753;
0.487501;9.76753;
0.487502;9.76753;
0.487502;9.76753;
0.487502;9.76753;
0.487502;9.76753;
0.487503;9.76753;
0.487503;9.76753;
0.487504;9.76754;
0.487507;9.76754;
0.487512;9.76755;
0.487522;9.76757;
0.487542;9.7676;
0.487562;9.76763;
0.487582;9.76767;
0.487602;9.7677;
0.487622;9.76774;
0.487642;9.76777;
0.487662;9.76781;
0.487682;9.76784;
0.487702;9.76788;
0.487722;9.76791;
0.487742;9.76795;
0.487762;9.76798;
0.487782;9.76802;
0.487802;9.76805;
0.487822;9.76809;
0.487842;9.76812;
0.487862;9.76816;
0.487882;9.76819;
0.487902;9.76823;
0.487922;9.76826;
0.487942;9.7683;
0.487962;9.76833;
0.487982;9.76837;
0.488;9.7684;
0.488;9.7684;
0.488;9.7684;
0.488001;9.7684;
0.488001;9.7684;
0.488001;9.7684;
0.488001;9.7684;
0.488002;9.7684;
0.488002;9.76841;
0.488003;9.76841;
0.488006;9.76841;
0.488011;9.76842;
0.488021;9.76844;
0.488041;9.76848;
0.488061;9.76851;
0.488081;9.76855;
0.488101;9.76858;
0.488121;9.76862;
0.488141;9.76866;
0.488161;9.76869;
0.488181;9.76873;
0.488201;9.76876;
0.488221;9.7688;
0.488241;9.76884;
0.488261;9.76887;
0.488281;9.76891;
0.488301;9.76895;
0.488321;9.76898;
0.488341;9.76902;
0.488361;9.76906;
0.488381;9.76909;
0.488401;9.76913;
0.488421;9.76917;
0.488441;9.76921;
0.488461;9.76924;
0.488481;9.76928;
0.488501;9.76932;
0.488501;9.76932;
0.488501;9.76932;
0.488502;9.76932;
0.488502;9.76932;
0.488502;9.76932;
0.488502;9.76932;
0.488503;9.76932;
0.488503;9.76932;
0.488504;9.76932;
0.488507;9.76933;
0.488512;9.76934;
0.488522;9.76936;
0.488542;9.76939;
0.488562;9.76943;
0.488582;9.76947;
0.488602;9.76951;
0.488622;9.76954;
0.488642;9.76958;
0.488662;9.76962;
0.488682;9.76966;
0.488702;9.7697;
0.488722;9.76973;
0.488742;9.76977;
0.488762;9.76981;
0.488782;9.76985;
0.488802;9.76989;
0.488822;9.76993;
0.488842;9.76996;
0.488862;9.77;
0.488882;9.77004;
0.488902;9.77008;
0.488922;9.77012;
0.488942;9.77016;
0.488962;9.7702;
0.488982;9.77023;
0.489;9.77027;
0.489;9.77027;
0.489;9.77027;
0.489001;9.77027;
0.489001;9.77027;
0.489001;9.77027;
0.489001;9.77027;
0.489002;9.77027;
0.489002;9.77027;
0.489003;9.77028;
0.489006;9.77028;
0.489011;9.77029;
0.489021;9.77031;
0.489041;9.77035;
0.489061;9.77039;
0.489081;9.77043;
0.4891;9.77046;
0.48912;9.7705;
0.48914;9.77054;
0.48916;9.77058;
0.48918;9.77062;
0.4892;9.77066;
0.48922;9.7707;
0.48924;9.77074;
0.48926;9.77078;
0.48928;9.77082;
0.4893;9.77086;
0.48932;9.7709;
0.48934;9.77094;
0.48936;9.77098;
0.48938;9.77102;
0.4894;9.77106;
0.48942;9.7711;
0.48944;9.77114;
0.48946;9.77118;
0.48948;9.77122;
0.4895;9.77126;
0.489501;9.77126;
0.489501;9.77126;
0.489501;9.77126;
0.489502;9.77126;
0.489502;9.77126;
0.489502;9.77126;
0.489502;9.77126;
0.489503;9.77127;
0.489503;9.77127;
0.489504;9.77127;
0.489507;9.77127;
0.489512;9.77128;
0.489522;9.77131;
0.489542;9.77135;
0.489562;9.77139;
0.489582;9.77143;
0.489602;9.77147;
0.489622;9.77151;
0.489642;9.77155;
0.489662;9.77159;
0.489682;9.77163;
0.489702;9.77167;
0.489722;9.77171;
0.489742;9.77176;
0.489762;9.7718;
0.489782;9.77184;
0.489802;9.77188;
0.489822;9.77192;
0.489842;9.77196;
0.489862;9.772;
0.489882;9.77204;
0.489902;9.77209;
0.489922;9.77213;
0.489942;9.77217;
0.489962;9.77221;
0.489982;9.77225;
0.49;9.77229;
0.49;9.77229;
0.49;9.77229;
0.490001;9.77229;
0.490001;9.77229;
0.490001;9.77229;
0.490001;9.77229;
0.490002;9.77229;
0.490002;9.7723;
0.490003;9.7723;
0.490006;9.7723;
0.490011;9.77231;
0.490021;9.77234;
0.490041;9.77238;
0.490061;9.77242;
0.490081;9.77246;
0.490101;9.7725;
0.490121;9.77255;
0.490141;9.77259;
0.490161;9.77263;
0.490181;9.77267;
0.490201;9.77272;
0.490221;9.77276;
0.490241;9.7728;
0.490261;9.77284;
0.490281;9.77289;
0.490301;9.77293;
0.490321;9.77297;
0.490341;9.77302;
0.490361;9.77306;
0.490381;9.7731;
0.490401;9.77314;
0.490421;9.77319;
0.490441;9.77323;
0.490461;9.77327;
0.490481;9.77332;
0.490501;9.77336;
0.490501;9.77336;
0.490501;9.77336;
0.490502;9.77336;
0.490502;9.77336;
0.490502;9.77336;
0.490502;9.77336;
0.490503;9.77336;
0.490503;9.77337;
0.490504;9.77337;
0.490507;9.77337;
0.490512;9.77338;
0.490522;9.77341;
0.490542;9.77345;
0.490562;9.77349;
0.490582;9.77354;
0.490602;9.77358;
0.490622;9.77363;
0.490642;9.77367;
0.490662;9.77371;
0.490682;9.77376;
0.490702;9.7738;
0.490722;9.77385;
0.490742;9.77389;
0.490762;9.77393;
0.490782;9.77398;
0.490802;9.77402;
0.490822;9.77407;
0.490842;9.77411;
0.490862;9.77416;
0.490882;9.7742;
0.490902;9.77424;
0.490922;9.77429;
0.490942;9.77433;
0.490962;9.77438;
0.490982;9.77442;
0.491;9.77446;
0.491;9.77446;
0.491;9.77446;
0.491001;9.77446;
0.491001;9.77447;
0.491001;9.77447;
0.491001;9.77447;
0.491002;9.77447;
0.491002;9.77447;
0.491003;9.77447;
0.491006;9.77448;
0.491011;9.77449;
0.491021;9.77451;
0.491041;9.77456;
0.491061;9.7746;
0.491081;9.77465;
0.491098;9.77468;
0.491115;9.77472;
0.491135;9.77477;
0.491155;9.77481;
0.491175;9.77486;
0.491195;9.7749;
0.491215;9.77495;
0.491235;9.77499;
0.491255;9.77504;
0.491275;9.77509;
0.491295;9.77513;
0.491315;9.77518;
0.491335;9.77522;
0.491355;9.77527;
0.491375;9.77531;
0.491395;9.77536;
0.491415;9.77541;
0.491435;9.77545;
0.491455;9.7755;
0.491475;9.77555;
0.491495;9.77559;
0.491501;9.77561;
0.491501;9.77561;
0.491501;9.77561;
0.491502;9.77561;
0.491502;9.77561;
0.491502;9.77561;
0.491502;9.77561;
0.491503;9.77561;
0.491503;9.77561;
0.491504;9.77561;
0.491507;9.77562;
0.491512;9.77563;
0.491522;9.77566;
0.491542;9.7757;
0.491562;9.77575;
0.491582;9.7758;
0.491602;9.77584;
0.491622;9.77589;
0.491642;9.77594;
0.491662;9.77598;
0.491682;9.77603;
0.491702;9.77608;
0.491722;9.77612;
0.491742;9.77617;
0.491762;9.77622;
0.491782;9.77626;
0.491802;9.77631;
0.491822;9.77636;
0.491842;9.77641;
0.491862;9.77645;
0.491882;9.7765;
0.491902;9.77655;
0.491922;9.7766;
0.491942;9.77664;
0.491962;9.77669;
0.491982;9.77674;
0.492;9.77678;
0.492;9.77678;
0.492;9.77678;
0.492001;9.77678;
0.492001;9.77678;
0.492001;9.77678;
0.492001;9.77678;
0.492002;9.77678;
0.492002;9.77679;
0.492003;9.77679;
0.492006;9.7768;
0.492011;9.77681;
0.492021;9.77683;
0.492038;9.77687;
0.492056;9.77691;
0.492076;9.77696;
0.492096;9.77701;
0.492116;9.77706;
0.492136;9.77711;
0.492156;9.77715;
0.492176;9.7772;
0.492196;9.77725;
0.492216;9.7773;
0.492236;9.77735;
0.492256;9.7774;
0.492276;9.77745;
0.492296;9.77749;
0.492316;9.77754;
0.492336;9.77759;
0.492356;9.77764;
0.492376;9.77769;
0.492396;9.77774;
0.492416;9.77779;
0.492436;9.77784;
0.492456;9.77788;
0.492476;9.77793;
0.492496;9.77798;
0.492501;9.778;
0.492501;9.778;
0.492501;9.778;
0.492502;9.778;
0.492502;9.778;
0.492502;9.778;
0.492502;9.778;
0.492503;9.778;
0.492503;9.778;
0.492504;9.778;
0.492507;9.77801;
0.492512;9.77802;
0.492522;9.77805;
0.492542;9.7781;
0.492562;9.77815;
0.492582;9.7782;
0.492602;9.77825;
0.492622;9.7783;
0.492642;9.77834;
0.492662;9.77839;
0.492682;9.77844;
0.492702;9.77849;
0.492722;9.77854;
0.492742;9.77859;
0.492762;9.77864;
0.492782;9.77869;
0.492802;9.77874;
0.492822;9.77879;
0.492842;9.77884;
0.492862;9.77889;
0.492882;9.77894;
0.492902;9.77899;
0.492922;9.77904;
0.492942;9.77909;
0.492962;9.77914;
0.492982;9.7792;
0.493;9.77924;
0.493;9.77924;
0.493;9.77924;
0.493001;9.77924;
0.493001;9.77924;
0.493001;9.77924;
0.493001;9.77924;
0.493002;9.77924;
0.493002;9.77925;
0.493003;9.77925;
0.493006;9.77926;
0.493011;9.77927;
0.493021;9.77929;
0.493035;9.77933;
0.493047;9.77936;
0.493057;9.77938;
0.49307;9.77941;
0.493085;9.77945;
0.493101;9.77948;
0.493118;9.77952;
0.493138;9.77957;
0.493158;9.77962;
0.493178;9.77966;
0.493198;9.77971;
0.493218;9.77976;
0.493238;9.77981;
0.493258;9.77985;
0.493278;9.7799;
0.493298;9.77995;
0.493318;9.78;
0.493338;9.78004;
0.493358;9.78009;
0.493378;9.78014;
0.493398;9.78019;
0.493418;9.78023;
0.493438;9.78028;
0.493458;9.78033;
0.493478;9.78038;
0.493498;9.78043;
0.493501;9.78043;
0.493501;9.78043;
0.493501;9.78044;
0.493502;9.78044;
0.493502;9.78044;
0.493502;9.78044;
0.493502;9.78044;
0.493503;9.78044;
0.493503;9.78044;
0.493504;9.78044;
0.493507;9.78045;
0.493512;9.78046;
0.493522;9.78049;
0.493542;9.78053;
0.493562;9.78058;
0.493582;9.78063;
0.493602;9.78068;
0.493622;9.78073;
0.493642;9.78078;
0.493662;9.78082;
0.493682;9.78087;
0.493702;9.78092;
0.493722;9.78097;
0.493742;9.78102;
0.493762;9.78107;
0.493782;9.78112;
0.493802;9.78117;
0.493822;9.78121;
0.493842;9.78126;
0.493862;9.78131;
0.493882;9.78136;
0.493902;9.78141;
0.493922;9.78146;
0.493942;9.78151;
0.493962;9.78156;
0.493982;9.78161;
0.494;9.78165;
0.494;9.78165;
0.494;9.78165;
0.494001;9.78165;
0.494001;9.78165;
0.494001;9.78166;
0.494001;9.78166;
0.494002;9.78166;
0.494002;9.78166;
0.494003;9.78166;
0.494006;9.78167;
0.494011;9.78168;
0.494021;9.78171;
0.494037;9.78174;
0.49405;9.78178;
0.494061;9.7818;
0.494078;9.78185;
0.494096;9.78189;
0.49411;9.78193;
0.494126;9.78196;
0.494143;9.78201;
0.494163;9.78206;
0.494183;9.78211;
0.494203;9.78216;
0.494223;9.78221;
0.494243;9.78226;
0.494263;9.78231;
0.494283;9.78236;
0.494303;9.78241;
0.494323;9.78246;
0.494343;9.78251;
0.494363;9.78256;
0.494383;9.78261;
0.494403;9.78266;
0.494423;9.78271;
0.494443;9.78276;
0.494463;9.78281;
0.494483;9.78286;
0.494501;9.78291;
0.494501;9.78291;
0.494501;9.78291;
0.494502;9.78291;
0.494502;9.78291;
0.494502;9.78291;
0.494502;9.78291;
0.494503;9.78291;
0.494503;9.78292;
0.494504;9.78292;
0.494507;9.78292;
0.494512;9.78294;
0.494522;9.78296;
0.494542;9.78301;
0.494562;9.78307;
0.494582;9.78312;
0.494602;9.78317;
0.494622;9.78322;
0.494642;9.78327;
0.494662;9.78332;
0.494682;9.78337;
0.494702;9.78342;
0.494722;9.78348;
0.494742;9.78353;
0.494762;9.78358;
0.494782;9.78363;
0.494802;9.78368;
0.494822;9.78373;
0.494842;9.78379;
0.494862;9.78384;
0.494882;9.78389;
0.494902;9.78394;
0.494922;9.78399;
0.494942;9.78405;
0.494962;9.7841;
0.494982;9.78415;
0.495;9.7842;
0.495;9.7842;
0.495;9.7842;
0.495001;9.7842;
0.495001;9.7842;
0.495001;9.7842;
0.495001;9.7842;
0.495002;9.7842;
0.495002;9.7842;
0.495003;9.7842;
0.495006;9.78421;
0.495011;9.78422;
0.495021;9.78425;
0.495027;9.78426;
0.495033;9.78427;
0.495038;9.78427;
0.495043;9.78428;
0.495052;9.78429;
0.495071;9.7843;
0.495085;9.78432;
0.4951;9.78433;
0.495117;9.78435;
0.495137;9.78437;
0.495157;9.78439;
0.495177;9.78441;
0.495197;9.78442;
0.495217;9.78444;
0.495237;9.78446;
0.495257;9.78448;
0.495277;9.7845;
0.495297;9.78452;
0.495317;9.78454;
0.495337;9.78456;
0.495357;9.78458;
0.495377;9.7846;
0.495397;9.78462;
0.495417;9.78464;
0.495437;9.78466;
0.495457;9.78468;
0.495477;9.7847;
0.495497;9.78472;
0.495501;9.78472;
0.495501;9.78472;
0.495501;9.78472;
0.495502;9.78472;
0.495502;9.78472;
0.495502;9.78472;
0.495502;9.78472;
0.495503;9.78473;
0.495503;9.78473;
0.495504;9.78473;
0.495507;9.78473;
0.495512;9.78473;
0.495522;9.78475;
0.495542;9.78477;
0.495562;9.78479;
0.495582;9.78481;
0.495602;9.78483;
0.495622;9.78485;
0.495642;9.78487;
0.495662;9.78489;
0.495682;9.78491;
0.495702;9.78493;
0.495722;9.78495;
0.495742;9.78497;
0.495762;9.78499;
0.495782;9.78502;
0.495802;9.78504;
0.495822;9.78506;
0.495842;9.78508;
0.495862;9.7851;
0.495882;9.78512;
0.495902;9.78514;
0.495922;9.78517;
0.495942;9.78519;
0.495962;9.78521;
0.495982;9.78523;
0.496;9.78525;
0.496;9.78525;
0.496;9.78525;
0.496001;9.78525;
0.496001;9.78525;
0.496001;9.78525;
0.496001;9.78525;
0.496002;9.78525;
0.496002;9.78525;
0.496003;9.78525;
0.496006;9.78526;
0.496011;9.78526;
0.496021;9.78527;
0.496041;9.7853;
0.496061;9.78532;
0.496081;9.78534;
0.496101;9.78536;
0.496121;9.78539;
0.496141;9.78541;
0.496161;9.78543;
0.496181;9.78545;
0.496201;9.78548;
0.496221;9.7855;
0.496241;9.78552;
0.496261;9.78554;
0.496281;9.78557;
0.496301;9.78559;
0.496321;9.78561;
0.496341;9.78564;
0.496361;9.78566;
0.496381;9.78568;
0.496401;9.78571;
0.496421;9.78573;
0.496441;9.78575;
0.496461;9.78578;
0.496481;9.7858;
0.496501;9.78582;
0.496501;9.78582;
0.496501;9.78583;
0.496502;9.78583;
0.496502;9.78583;
0.496502;9.78583;
0.496502;9.78583;
0.496503;9.78583;
0.496503;9.78583;
0.496504;9.78583;
0.496507;9.78583;
0.496512;9.78584;
0.496522;9.78585;
0.496542;9.78587;
0.496562;9.7859;
0.496582;9.78592;
0.496602;9.78595;
0.496622;9.78597;
0.496642;9.78599;
0.496662;9.78602;
0.496682;9.78604;
0.496702;9.78607;
0.496722;9.78609;
0.496742;9.78612;
0.496762;9.78614;
0.496782;9.78617;
0.496802;9.78619;
0.496822;9.78622;
0.496842;9.78624;
0.496862;9.78627;
0.496882;9.78629;
0.496902;9.78632;
0.496922;9.78634;
0.496942;9.78637;
0.496962;9.78639;
0.496982;9.78642;
0.497;9.78644;
0.497;9.78644;
0.497;9.78644;
0.497001;9.78644;
0.497001;9.78644;
0.497001;9.78644;
0.497001;9.78644;
0.497002;9.78644;
0.497002;9.78644;
0.497003;9.78644;
0.497006;9.78645;
0.497011;9.78645;
0.497021;9.78647;
0.497041;9.78649;
0.497061;9.78652;
0.497081;9.78654;
0.497101;9.78657;
0.497121;9.7866;
0.497141;9.78662;
0.497161;9.78665;
0.497181;9.78667;
0.497201;9.7867;
0.497221;9.78673;
0.497241;9.78675;
0.497261;9.78678;
0.497281;9.78681;
0.497301;9.78683;
0.497321;9.78686;
0.497341;9.78689;
0.497361;9.78691;
0.497381;9.78694;
0.497401;9.78697;
0.497421;9.78699;
0.497441;9.78702;
0.497461;9.78705;
0.497481;9.78707;
0.497501;9.7871;
0.497501;9.7871;
0.497501;9.7871;
0.497502;9.7871;
0.497502;9.7871;
0.497502;9.7871;
0.497502;9.7871;
0.497503;9.7871;
0.497503;9.7871;
0.497504;9.78711;
0.497507;9.78711;
0.497512;9.78712;
0.497522;9.78713;
0.497542;9.78716;
0.497562;9.78718;
0.497582;9.78721;
0.497602;9.78724;
0.497622;9.78727;
0.497642;9.7873;
0.497662;9.78732;
0.497682;9.78735;
0.497702;9.78738;
0.497722;9.78741;
0.497742;9.78743;
0.497762;9.78746;
0.497782;9.78749;
0.497802;9.78752;
0.497822;9.78755;
0.497842;9.78758;
0.497862;9.7876;
0.497882;9.78763;
0.497902;9.78766;
0.497922;9.78769;
0.497942;9.78772;
0.497962;9.78775;
0.497982;9.78778;
0.498;9.7878;
0.498;9.7878;
0.498;9.7878;
0.498001;9.7878;
0.498001;9.7878;
0.498001;9.7878;
0.498001;9.7878;
0.498002;9.7878;
0.498002;9.7878;
0.498003;9.78781;
0.498006;9.78781;
0.498011;9.78782;
0.498021;9.78783;
0.498041;9.78786;
0.498061;9.78789;
0.498081;9.78792;
0.498101;9.78795;
0.498121;9.78798;
0.498141;9.78801;
0.498161;9.78804;
0.498181;9.78807;
0.498201;9.7881;
0.498221;9.78813;
0.498241;9.78816;
0.498261;9.78819;
0.498281;9.78822;
0.498301;9.78824;
0.498321;9.78827;
0.498341;9.7883;
0.498361;9.78833;
0.498381;9.78837;
0.498401;9.7884;
0.498421;9.78843;
0.498441;9.78846;
0.498461;9.78849;
0.498481;9.78852;
0.498501;9.78855;
0.498501;9.78855;
0.498501;9.78855;
0.498502;9.78855;
0.498502;9.78855;
0.498502;9.78855;
0.498502;9.78855;
0.498503;9.78855;
0.498503;9.78855;
0.498504;9.78855;
0.498507;9.78856;
0.498512;9.78856;
0.498522;9.78858;
0.498542;9.78861;
0.498562;9.78864;
0.498582;9.78867;
0.498602;9.7887;
0.498622;9.78873;
0.498642;9.78876;
0.498662;9.7888;
0.498682;9.78883;
0.498702;9.78886;
0.498722;9.78889;
0.498742;9.78892;
0.498762;9.78895;
0.498782;9.78898;
0.498802;9.78901;
0.498822;9.78905;
0.498842;9.78908;
0.498862;9.78911;
0.498882;9.78914;
0.498902;9.78917;
0.498922;9.78921;
0.498942;9.78924;
0.498962;9.78927;
0.498982;9.7893;
0.499;9.78933;
0.499;9.78933;
0.499;9.78933;
0.499001;9.78933;
0.499001;9.78933;
0.499001;9.78933;
0.499001;9.78933;
0.499002;9.78933;
0.499002;9.78933;
0.499003;9.78934;
0.499006;9.78934;
0.499011;9.78935;
0.499021;9.78936;
0.499041;9.7894;
0.499061;9.78943;
0.499081;9.78946;
0.499101;9.78949;
0.499121;9.78953;
0.499141;9.78956;
0.499161;9.78959;
0.499181;9.78962;
0.499201;9.78966;
0.499221;9.78969;
0.499241;9.78972;
0.499261;9.78976;
0.499281;9.78979;
0.499301;9.78982;
0.499321;9.78986;
0.499341;9.78989;
0.499361;9.78992;
0.499381;9.78996;
0.499401;9.78999;
0.499421;9.79002;
0.499441;9.79006;
0.499461;9.79009;
0.499481;9.79012;
0.499501;9.79016;
0.499501;9.79016;
0.499501;9.79016;
0.499502;9.79016;
0.499502;9.79016;
0.499502;9.79016;
0.499502;9.79016;
0.499503;9.79016;
0.499503;9.79016;
0.499504;9.79016;
0.499507;9.79017;
0.499512;9.79018;
0.499522;9.79019;
0.499542;9.79023;
0.499562;9.79026;
0.499582;9.79029;
0.499602;9.79033;
0.499622;9.79036;
0.499642;9.7904;
0.499662;9.79043;
0.499682;9.79047;
0.499702;9.7905;
0.499722;9.79053;
0.499742;9.79057;
0.499762;9.7906;
0.499782;9.79064;
0.499802;9.79067;
0.499822;9.79071;
0.499842;9.79074;
0.499862;9.79078;
0.499882;9.79081;
0.499902;9.79085;
0.499922;9.79088;
0.499942;9.79092;
0.499962;9.79095;
0.499982;9.79099;
0.5;9.79102;
