time;V(Net-_C3-Pad1_);
0;-5.98317;
1e-08;-5.98317;
2e-08;-5.98317;
4e-08;-5.98317;
8e-08;-5.98317;
1.6e-07;-5.98317;
3.2e-07;-5.98317;
6.4e-07;-5.98317;
1e-06;-5.98317;
1.064e-06;-5.98317;
1.192e-06;-5.98317;
1.448e-06;-5.98317;
1.96e-06;-5.98317;
2.984e-06;-5.98317;
5.032e-06;-5.98317;
9.128e-06;-5.98317;
1.732e-05;-5.98317;
3.3704e-05;-5.98317;
5.3704e-05;-5.98317;
7.3704e-05;-5.98317;
9.3704e-05;-5.98317;
0.000113704;-5.98317;
0.000133704;-5.98317;
0.000153704;-5.98317;
0.000173704;-5.98317;
0.000193704;-5.98317;
0.000213704;-5.98317;
0.000233704;-5.98317;
0.000253704;-5.98317;
0.000273704;-5.98317;
0.000293704;-5.98317;
0.000313704;-5.98317;
0.000333704;-5.98317;
0.000353704;-5.98317;
0.000373704;-5.98317;
0.000393704;-5.98317;
0.000413704;-5.98317;
0.000433704;-5.98317;
0.000453704;-5.98317;
0.000473704;-5.98317;
0.000493704;-5.98317;
0.000513704;-5.98317;
0.000533704;-5.98317;
0.000553704;-5.98317;
0.000573704;-5.98317;
0.000593704;-5.98316;
0.000610704;-5.98316;
0.000627962;-5.98315;
0.000644363;-5.98315;
0.000664363;-5.98314;
0.000684363;-5.98313;
0.000704363;-5.98312;
0.000724363;-5.9831;
0.000744363;-5.98309;
0.000764363;-5.98307;
0.000784363;-5.98306;
0.000804363;-5.98304;
0.000824363;-5.98302;
0.000844363;-5.983;
0.000864363;-5.98298;
0.000884363;-5.98295;
0.000904363;-5.98293;
0.000924363;-5.9829;
0.000944363;-5.98287;
0.000964363;-5.98285;
0.000984363;-5.98282;
0.00100436;-5.98278;
0.00102436;-5.98275;
0.00104436;-5.98272;
0.00106436;-5.98268;
0.00108436;-5.98264;
0.00110436;-5.98261;
0.00112436;-5.98257;
0.00114436;-5.98253;
0.00116436;-5.98248;
0.00118436;-5.98244;
0.00120436;-5.9824;
0.00122436;-5.98235;
0.00124436;-5.9823;
0.00126436;-5.98225;
0.00128436;-5.9822;
0.00130436;-5.98215;
0.00132436;-5.9821;
0.00134436;-5.98205;
0.00136436;-5.98199;
0.00138436;-5.98194;
0.00140436;-5.98188;
0.00142436;-5.98182;
0.00144436;-5.98176;
0.00146436;-5.9817;
0.00148436;-5.98163;
0.00150436;-5.98157;
0.00152436;-5.9815;
0.00154436;-5.98144;
0.00156436;-5.98137;
0.00158436;-5.9813;
0.00160436;-5.98123;
0.00162436;-5.98116;
0.00164436;-5.98108;
0.00166436;-5.98101;
0.00168436;-5.98093;
0.00170436;-5.98085;
0.00172436;-5.98077;
0.00174436;-5.98069;
0.00176436;-5.98061;
0.00178436;-5.98053;
0.00180436;-5.98045;
0.00182436;-5.98036;
0.00184436;-5.98028;
0.00186436;-5.98019;
0.00188436;-5.9801;
0.00190436;-5.98001;
0.00192436;-5.97992;
0.00194436;-5.97982;
0.00196436;-5.97973;
0.00198436;-5.97963;
0.002001;-5.97955;
0.0020011;-5.97955;
0.0020013;-5.97955;
0.0020017;-5.97955;
0.002002;-5.97955;
0.00200208;-5.97955;
0.00200224;-5.97955;
0.00200256;-5.97955;
0.0020032;-5.97954;
0.00200448;-5.97954;
0.00200704;-5.97952;
0.00201216;-5.9795;
0.0020224;-5.97945;
0.0020424;-5.97935;
0.0020624;-5.97925;
0.0020824;-5.97915;
0.0021024;-5.97904;
0.0021224;-5.97894;
0.0021424;-5.97883;
0.0021624;-5.97873;
0.0021824;-5.97862;
0.0022024;-5.97851;
0.0022224;-5.9784;
0.0022424;-5.97829;
0.0022624;-5.97817;
0.0022824;-5.97806;
0.0023024;-5.97794;
0.0023224;-5.97783;
0.0023424;-5.97771;
0.0023624;-5.97759;
0.0023824;-5.97747;
0.0024024;-5.97734;
0.0024224;-5.97722;
0.0024424;-5.9771;
0.0024624;-5.97697;
0.0024824;-5.97684;
0.0025024;-5.97671;
0.0025224;-5.97658;
0.0025424;-5.97645;
0.0025624;-5.97632;
0.0025824;-5.97619;
0.0026024;-5.97605;
0.0026224;-5.97592;
0.0026424;-5.97578;
0.0026624;-5.97564;
0.0026824;-5.9755;
0.0027024;-5.97536;
0.0027224;-5.97522;
0.0027424;-5.97507;
0.0027624;-5.97493;
0.0027824;-5.97478;
0.0028024;-5.97463;
0.0028224;-5.97448;
0.0028424;-5.97433;
0.0028624;-5.97418;
0.0028824;-5.97403;
0.0029024;-5.97388;
0.0029224;-5.97372;
0.0029424;-5.97357;
0.0029624;-5.97341;
0.0029824;-5.97325;
0.0030024;-5.97309;
0.0030224;-5.97293;
0.0030424;-5.97276;
0.0030624;-5.9726;
0.0030824;-5.97244;
0.0031024;-5.97227;
0.0031224;-5.9721;
0.0031424;-5.97193;
0.0031624;-5.97176;
0.0031824;-5.97159;
0.0032024;-5.97142;
0.0032224;-5.97125;
0.0032424;-5.97107;
0.0032624;-5.97089;
0.0032824;-5.97072;
0.0033024;-5.97054;
0.0033224;-5.97036;
0.0033424;-5.97018;
0.0033624;-5.96999;
0.0033824;-5.96981;
0.0034024;-5.96963;
0.0034224;-5.96944;
0.0034424;-5.96925;
0.0034624;-5.96906;
0.0034824;-5.96887;
0.0035024;-5.96868;
0.0035224;-5.96849;
0.0035424;-5.9683;
0.0035624;-5.9681;
0.0035824;-5.96791;
0.0036024;-5.96771;
0.0036224;-5.96751;
0.0036424;-5.96731;
0.0036624;-5.96711;
0.0036824;-5.96691;
0.0037024;-5.96671;
0.0037224;-5.9665;
0.0037424;-5.96629;
0.0037624;-5.96609;
0.0037824;-5.96588;
0.0038024;-5.96567;
0.0038224;-5.96546;
0.0038424;-5.96525;
0.0038624;-5.96503;
0.0038824;-5.96482;
0.0039024;-5.96461;
0.0039224;-5.96439;
0.0039424;-5.96417;
0.0039624;-5.96395;
0.0039824;-5.96373;
0.004;-5.96354;
0.0040001;-5.96353;
0.0040003;-5.96353;
0.0040007;-5.96353;
0.004001;-5.96352;
0.00400108;-5.96352;
0.00400124;-5.96352;
0.00400156;-5.96352;
0.0040022;-5.96351;
0.00400348;-5.9635;
0.00400604;-5.96347;
0.00401116;-5.96341;
0.0040214;-5.9633;
0.0040414;-5.96307;
0.0040614;-5.96285;
0.0040814;-5.96262;
0.0041014;-5.96239;
0.0041214;-5.96217;
0.0041414;-5.96194;
0.0041614;-5.9617;
0.0041814;-5.96147;
0.0042014;-5.96124;
0.0042214;-5.961;
0.0042414;-5.96077;
0.0042614;-5.96053;
0.0042814;-5.96029;
0.0043014;-5.96005;
0.0043214;-5.95981;
0.0043414;-5.95957;
0.0043614;-5.95933;
0.0043814;-5.95908;
0.0044014;-5.95884;
0.0044214;-5.95859;
0.0044414;-5.95834;
0.0044614;-5.95809;
0.0044814;-5.95784;
0.0045014;-5.95759;
0.0045214;-5.95734;
0.0045414;-5.95708;
0.0045614;-5.95683;
0.0045814;-5.95657;
0.0046014;-5.95632;
0.0046214;-5.95606;
0.0046414;-5.9558;
0.0046614;-5.95554;
0.0046814;-5.95527;
0.0047014;-5.95501;
0.0047214;-5.95475;
0.0047414;-5.95448;
0.0047614;-5.95421;
0.0047814;-5.95394;
0.0048014;-5.95368;
0.0048214;-5.9534;
0.0048414;-5.95313;
0.0048614;-5.95286;
0.0048814;-5.95259;
0.0049014;-5.95231;
0.0049214;-5.95203;
0.0049414;-5.95176;
0.0049614;-5.95148;
0.0049814;-5.9512;
0.0050014;-5.95092;
0.0050214;-5.95063;
0.0050414;-5.95035;
0.0050614;-5.95007;
0.0050814;-5.94978;
0.0051014;-5.94949;
0.0051214;-5.9492;
0.0051414;-5.94892;
0.0051614;-5.94863;
0.0051814;-5.94833;
0.0052014;-5.94804;
0.0052214;-5.94775;
0.0052414;-5.94745;
0.0052614;-5.94715;
0.0052814;-5.94686;
0.0053014;-5.94656;
0.0053214;-5.94626;
0.0053414;-5.94596;
0.0053614;-5.94566;
0.0053814;-5.94535;
0.0054014;-5.94505;
0.0054214;-5.94474;
0.0054414;-5.94444;
0.0054614;-5.94413;
0.0054814;-5.94382;
0.0055014;-5.94351;
0.0055214;-5.9432;
0.0055414;-5.94288;
0.0055614;-5.94257;
0.0055814;-5.94226;
0.0056014;-5.94194;
0.0056214;-5.94162;
0.0056414;-5.9413;
0.0056614;-5.94098;
0.0056814;-5.94066;
0.0057014;-5.94034;
0.0057214;-5.94002;
0.0057414;-5.93969;
0.0057614;-5.93937;
0.0057814;-5.93904;
0.0058014;-5.93872;
0.0058214;-5.93839;
0.0058414;-5.93806;
0.0058614;-5.93773;
0.0058814;-5.93739;
0.0059014;-5.93706;
0.0059214;-5.93673;
0.0059414;-5.93639;
0.0059614;-5.93605;
0.0059814;-5.93572;
0.006001;-5.93538;
0.0060011;-5.93538;
0.0060013;-5.93538;
0.0060017;-5.93537;
0.006002;-5.93537;
0.00600208;-5.93537;
0.00600224;-5.93536;
0.00600256;-5.93536;
0.0060032;-5.93535;
0.00600448;-5.93532;
0.00600704;-5.93528;
0.00601216;-5.93519;
0.0060224;-5.93502;
0.0060424;-5.93468;
0.0060624;-5.93434;
0.0060824;-5.93399;
0.0061024;-5.93365;
0.0061224;-5.9333;
0.0061424;-5.93296;
0.0061624;-5.93261;
0.0061824;-5.93226;
0.0062024;-5.93191;
0.0062224;-5.93156;
0.0062424;-5.9312;
0.0062624;-5.93085;
0.0062824;-5.93049;
0.0063024;-5.93014;
0.0063224;-5.92978;
0.0063424;-5.92942;
0.0063624;-5.92906;
0.0063824;-5.9287;
0.0064024;-5.92834;
0.0064224;-5.92798;
0.0064424;-5.92761;
0.0064624;-5.92725;
0.0064824;-5.92688;
0.0065024;-5.92652;
0.0065224;-5.92615;
0.0065424;-5.92578;
0.0065624;-5.92541;
0.0065824;-5.92504;
0.0066024;-5.92466;
0.0066224;-5.92429;
0.0066424;-5.92391;
0.0066624;-5.92354;
0.0066824;-5.92316;
0.0067024;-5.92278;
0.0067224;-5.9224;
0.0067424;-5.92202;
0.0067624;-5.92164;
0.0067824;-5.92126;
0.0068024;-5.92087;
0.0068224;-5.92049;
0.0068424;-5.9201;
0.0068624;-5.91971;
0.0068824;-5.91933;
0.0069024;-5.91894;
0.0069224;-5.91855;
0.0069424;-5.91815;
0.0069624;-5.91776;
0.0069824;-5.91737;
0.0070024;-5.91697;
0.0070224;-5.91658;
0.0070424;-5.91618;
0.0070624;-5.91578;
0.0070824;-5.91538;
0.0071024;-5.91498;
0.0071224;-5.91458;
0.0071424;-5.91418;
0.0071624;-5.91377;
0.0071824;-5.91337;
0.0072024;-5.91296;
0.0072224;-5.91255;
0.0072424;-5.91215;
0.0072624;-5.91174;
0.0072824;-5.91133;
0.0073024;-5.91091;
0.0073224;-5.9105;
0.0073424;-5.91009;
0.0073624;-5.90967;
0.0073824;-5.90926;
0.0074024;-5.90884;
0.0074224;-5.90842;
0.0074424;-5.908;
0.0074624;-5.90758;
0.0074824;-5.90716;
0.0075024;-5.90674;
0.0075224;-5.90632;
0.0075424;-5.90589;
0.0075624;-5.90546;
0.0075824;-5.90504;
0.0076024;-5.90461;
0.0076224;-5.90418;
0.0076424;-5.90375;
0.0076624;-5.90332;
0.0076824;-5.90289;
0.0077024;-5.90245;
0.0077224;-5.90202;
0.0077424;-5.90158;
0.0077624;-5.90115;
0.0077824;-5.90071;
0.0078024;-5.90027;
0.0078224;-5.89983;
0.0078424;-5.89939;
0.0078624;-5.89895;
0.0078824;-5.89851;
0.0079024;-5.89806;
0.0079224;-5.89762;
0.0079424;-5.89717;
0.0079624;-5.89672;
0.0079824;-5.89628;
0.008;-5.89588;
0.0080001;-5.89588;
0.0080003;-5.89587;
0.0080007;-5.89586;
0.008001;-5.89586;
0.00800108;-5.89586;
0.00800124;-5.89585;
0.00800156;-5.89585;
0.0080022;-5.89583;
0.00800348;-5.8958;
0.00800604;-5.89574;
0.00801116;-5.89563;
0.0080214;-5.8954;
0.0080414;-5.89495;
0.0080614;-5.89449;
0.0080814;-5.89404;
0.0081014;-5.89359;
0.0081214;-5.89313;
0.0081414;-5.89267;
0.0081614;-5.89222;
0.0081814;-5.89176;
0.0082014;-5.8913;
0.0082214;-5.89084;
0.0082414;-5.89037;
0.0082614;-5.88991;
0.0082814;-5.88945;
0.0083014;-5.88898;
0.0083214;-5.88851;
0.0083414;-5.88805;
0.0083614;-5.88758;
0.0083814;-5.88711;
0.0084014;-5.88664;
0.0084214;-5.88617;
0.0084414;-5.88569;
0.0084614;-5.88522;
0.0084814;-5.88475;
0.0085014;-5.88427;
0.0085214;-5.88379;
0.0085414;-5.88331;
0.0085614;-5.88284;
0.0085814;-5.88236;
0.0086014;-5.88187;
0.0086214;-5.88139;
0.0086414;-5.88091;
0.0086614;-5.88043;
0.0086814;-5.87994;
0.0087014;-5.87945;
0.0087214;-5.87897;
0.0087414;-5.87848;
0.0087614;-5.87799;
0.0087814;-5.8775;
0.0088014;-5.87701;
0.0088214;-5.87651;
0.0088414;-5.87602;
0.0088614;-5.87553;
0.0088814;-5.87503;
0.0089014;-5.87453;
0.0089214;-5.87403;
0.0089414;-5.87354;
0.0089614;-5.87304;
0.0089814;-5.87254;
0.0090014;-5.87203;
0.0090214;-5.87153;
0.0090414;-5.87103;
0.0090614;-5.87052;
0.0090814;-5.87002;
0.0091014;-5.86951;
0.0091214;-5.869;
0.0091414;-5.86849;
0.0091614;-5.86798;
0.0091814;-5.86747;
0.0092014;-5.86696;
0.0092214;-5.86644;
0.0092414;-5.86593;
0.0092614;-5.86541;
0.0092814;-5.8649;
0.0093014;-5.86438;
0.0093214;-5.86386;
0.0093414;-5.86334;
0.0093614;-5.86282;
0.0093814;-5.8623;
0.0094014;-5.86178;
0.0094214;-5.86125;
0.0094414;-5.86073;
0.0094614;-5.8602;
0.0094814;-5.85968;
0.0095014;-5.85915;
0.0095214;-5.85862;
0.0095414;-5.85809;
0.0095614;-5.85756;
0.0095814;-5.85703;
0.0096014;-5.8565;
0.0096214;-5.85596;
0.0096414;-5.85543;
0.0096614;-5.85489;
0.0096814;-5.85436;
0.0097014;-5.85382;
0.0097214;-5.85328;
0.0097414;-5.85274;
0.0097614;-5.8522;
0.0097814;-5.85166;
0.0098014;-5.85111;
0.0098214;-5.85057;
0.0098414;-5.85002;
0.0098614;-5.84948;
0.0098814;-5.84893;
0.0099014;-5.84838;
0.0099214;-5.84784;
0.0099414;-5.84729;
0.0099614;-5.84673;
0.0099814;-5.84618;
0.010001;-5.84564;
0.0100011;-5.84564;
0.0100013;-5.84563;
0.0100017;-5.84562;
0.010002;-5.84561;
0.0100021;-5.84561;
0.0100022;-5.84561;
0.0100026;-5.8456;
0.0100032;-5.84558;
0.0100045;-5.84554;
0.010007;-5.84547;
0.0100122;-5.84533;
0.0100224;-5.84505;
0.0100424;-5.84449;
0.0100624;-5.84394;
0.0100824;-5.84338;
0.0101024;-5.84282;
0.0101224;-5.84226;
0.0101424;-5.8417;
0.0101624;-5.84114;
0.0101824;-5.84058;
0.0102024;-5.84002;
0.0102224;-5.83945;
0.0102424;-5.83889;
0.0102624;-5.83832;
0.0102824;-5.83776;
0.0103024;-5.83719;
0.0103224;-5.83662;
0.0103424;-5.83605;
0.0103624;-5.83548;
0.0103824;-5.83491;
0.0104024;-5.83433;
0.0104224;-5.83376;
0.0104424;-5.83318;
0.0104624;-5.83261;
0.0104824;-5.83203;
0.0105024;-5.83145;
0.0105224;-5.83087;
0.0105424;-5.83029;
0.0105624;-5.82971;
0.0105824;-5.82913;
0.0106024;-5.82855;
0.0106224;-5.82797;
0.0106424;-5.82738;
0.0106624;-5.8268;
0.0106824;-5.82621;
0.0107024;-5.82562;
0.0107224;-5.82503;
0.0107424;-5.82444;
0.0107624;-5.82385;
0.0107824;-5.82326;
0.0108024;-5.82267;
0.0108224;-5.82207;
0.0108424;-5.82148;
0.0108624;-5.82088;
0.0108824;-5.82029;
0.0109024;-5.81969;
0.0109224;-5.81909;
0.0109424;-5.81849;
0.0109624;-5.81789;
0.0109824;-5.81729;
0.0110024;-5.81669;
0.0110224;-5.81608;
0.0110424;-5.81548;
0.0110624;-5.81488;
0.0110824;-5.81427;
0.0111024;-5.81366;
0.0111224;-5.81305;
0.0111424;-5.81244;
0.0111624;-5.81183;
0.0111824;-5.81122;
0.0112024;-5.81061;
0.0112224;-5.81;
0.0112424;-5.80938;
0.0112624;-5.80877;
0.0112824;-5.80815;
0.0113024;-5.80754;
0.0113224;-5.80692;
0.0113424;-5.8063;
0.0113624;-5.80568;
0.0113824;-5.80506;
0.0114024;-5.80444;
0.0114224;-5.80382;
0.0114424;-5.80319;
0.0114624;-5.80257;
0.0114824;-5.80194;
0.0115024;-5.80132;
0.0115224;-5.80069;
0.0115424;-5.80006;
0.0115624;-5.79943;
0.0115824;-5.7988;
0.0116024;-5.79817;
0.0116224;-5.79754;
0.0116424;-5.79691;
0.0116624;-5.79627;
0.0116824;-5.79564;
0.0117024;-5.795;
0.0117224;-5.79436;
0.0117424;-5.79373;
0.0117624;-5.79309;
0.0117824;-5.79245;
0.0118024;-5.79181;
0.0118224;-5.79116;
0.0118424;-5.79052;
0.0118624;-5.78988;
0.0118824;-5.78923;
0.0119024;-5.78859;
0.0119224;-5.78794;
0.0119424;-5.7873;
0.0119624;-5.78665;
0.0119824;-5.786;
0.012;-5.78543;
0.0120001;-5.78542;
0.0120003;-5.78542;
0.0120007;-5.7854;
0.012001;-5.78539;
0.0120011;-5.78539;
0.0120012;-5.78539;
0.0120016;-5.78538;
0.0120022;-5.78535;
0.0120035;-5.78531;
0.012006;-5.78523;
0.0120112;-5.78506;
0.0120214;-5.78473;
0.0120414;-5.78408;
0.0120614;-5.78342;
0.0120814;-5.78277;
0.0121014;-5.78212;
0.0121214;-5.78146;
0.0121414;-5.7808;
0.0121614;-5.78015;
0.0121814;-5.77949;
0.0122014;-5.77883;
0.0122214;-5.77817;
0.0122414;-5.77751;
0.0122614;-5.77684;
0.0122814;-5.77618;
0.0123014;-5.77552;
0.0123214;-5.77485;
0.0123414;-5.77419;
0.0123614;-5.77352;
0.0123814;-5.77285;
0.0124014;-5.77218;
0.0124214;-5.77151;
0.0124414;-5.77084;
0.0124614;-5.77017;
0.0124814;-5.7695;
0.0125014;-5.76883;
0.0125214;-5.76815;
0.0125414;-5.76748;
0.0125614;-5.7668;
0.0125814;-5.76612;
0.0126014;-5.76544;
0.0126214;-5.76477;
0.0126414;-5.76409;
0.0126614;-5.76341;
0.0126814;-5.76272;
0.0127014;-5.76204;
0.0127214;-5.76136;
0.0127414;-5.76067;
0.0127614;-5.75999;
0.0127814;-5.7593;
0.0128014;-5.75861;
0.0128214;-5.75793;
0.0128414;-5.75724;
0.0128614;-5.75655;
0.0128814;-5.75586;
0.0129014;-5.75517;
0.0129214;-5.75447;
0.0129414;-5.75378;
0.0129614;-5.75308;
0.0129814;-5.75239;
0.0130014;-5.75169;
0.0130214;-5.751;
0.0130414;-5.7503;
0.0130614;-5.7496;
0.0130814;-5.7489;
0.0131014;-5.7482;
0.0131214;-5.7475;
0.0131414;-5.74679;
0.0131614;-5.74609;
0.0131814;-5.74539;
0.0132014;-5.74468;
0.0132214;-5.74397;
0.0132414;-5.74327;
0.0132614;-5.74256;
0.0132814;-5.74185;
0.0133014;-5.74114;
0.0133214;-5.74043;
0.0133414;-5.73972;
0.0133614;-5.73901;
0.0133814;-5.73829;
0.0134014;-5.73758;
0.0134214;-5.73686;
0.0134414;-5.73615;
0.0134614;-5.73543;
0.0134814;-5.73471;
0.0135014;-5.73399;
0.0135214;-5.73327;
0.0135414;-5.73255;
0.0135614;-5.73183;
0.0135814;-5.73111;
0.0136014;-5.73038;
0.0136214;-5.72966;
0.0136414;-5.72894;
0.0136614;-5.72821;
0.0136814;-5.72748;
0.0137014;-5.72675;
0.0137214;-5.72603;
0.0137414;-5.7253;
0.0137614;-5.72457;
0.0137814;-5.72384;
0.0138014;-5.7231;
0.0138214;-5.72237;
0.0138414;-5.72164;
0.0138614;-5.7209;
0.0138814;-5.72017;
0.0139014;-5.71943;
0.0139214;-5.71869;
0.0139414;-5.71795;
0.0139614;-5.71721;
0.0139814;-5.71647;
0.014001;-5.71575;
0.0140011;-5.71574;
0.0140013;-5.71574;
0.0140017;-5.71572;
0.014002;-5.71571;
0.0140021;-5.71571;
0.0140022;-5.7157;
0.0140026;-5.71569;
0.0140032;-5.71567;
0.0140045;-5.71562;
0.014007;-5.71552;
0.0140122;-5.71533;
0.0140224;-5.71495;
0.0140424;-5.71421;
0.0140624;-5.71347;
0.0140824;-5.71272;
0.0141024;-5.71198;
0.0141224;-5.71123;
0.0141424;-5.71048;
0.0141624;-5.70974;
0.0141824;-5.70899;
0.0142024;-5.70824;
0.0142224;-5.70749;
0.0142424;-5.70673;
0.0142624;-5.70598;
0.0142824;-5.70523;
0.0143024;-5.70447;
0.0143224;-5.70372;
0.0143424;-5.70296;
0.0143624;-5.70221;
0.0143824;-5.70145;
0.0144024;-5.70069;
0.0144224;-5.69993;
0.0144424;-5.69917;
0.0144624;-5.69841;
0.0144824;-5.69765;
0.0145024;-5.69689;
0.0145224;-5.69612;
0.0145424;-5.69536;
0.0145624;-5.69459;
0.0145824;-5.69382;
0.0146024;-5.69306;
0.0146224;-5.69229;
0.0146424;-5.69152;
0.0146624;-5.69075;
0.0146824;-5.68998;
0.0147024;-5.68921;
0.0147224;-5.68844;
0.0147424;-5.68766;
0.0147624;-5.68689;
0.0147824;-5.68611;
0.0148024;-5.68534;
0.0148224;-5.68456;
0.0148424;-5.68378;
0.0148624;-5.68301;
0.0148824;-5.68223;
0.0149024;-5.68145;
0.0149224;-5.68067;
0.0149424;-5.67988;
0.0149624;-5.6791;
0.0149824;-5.67832;
0.0150024;-5.67753;
0.0150224;-5.67675;
0.0150424;-5.67596;
0.0150624;-5.67518;
0.0150824;-5.67439;
0.0151024;-5.6736;
0.0151224;-5.67281;
0.0151424;-5.67202;
0.0151624;-5.67123;
0.0151824;-5.67044;
0.0152024;-5.66964;
0.0152224;-5.66885;
0.0152424;-5.66806;
0.0152624;-5.66726;
0.0152824;-5.66646;
0.0153024;-5.66567;
0.0153224;-5.66487;
0.0153424;-5.66407;
0.0153624;-5.66327;
0.0153824;-5.66247;
0.0154024;-5.66167;
0.0154224;-5.66087;
0.0154424;-5.66007;
0.0154624;-5.65926;
0.0154824;-5.65846;
0.0155024;-5.65765;
0.0155224;-5.65685;
0.0155424;-5.65604;
0.0155624;-5.65523;
0.0155824;-5.65442;
0.0156024;-5.65361;
0.0156224;-5.6528;
0.0156424;-5.65199;
0.0156624;-5.65118;
0.0156824;-5.65037;
0.0157024;-5.64955;
0.0157224;-5.64874;
0.0157424;-5.64792;
0.0157624;-5.64711;
0.0157824;-5.64629;
0.0158024;-5.64547;
0.0158224;-5.64465;
0.0158424;-5.64383;
0.0158624;-5.64301;
0.0158824;-5.64219;
0.0159024;-5.64137;
0.0159224;-5.64055;
0.0159424;-5.63972;
0.0159624;-5.6389;
0.0159824;-5.63807;
0.016;-5.63735;
0.0160001;-5.63734;
0.0160003;-5.63733;
0.0160007;-5.63732;
0.016001;-5.6373;
0.0160011;-5.6373;
0.0160012;-5.63729;
0.0160016;-5.63728;
0.0160022;-5.63725;
0.0160035;-5.6372;
0.016006;-5.6371;
0.0160112;-5.63688;
0.0160214;-5.63646;
0.0160414;-5.63563;
0.0160614;-5.6348;
0.0160814;-5.63397;
0.0161014;-5.63314;
0.0161214;-5.63231;
0.0161414;-5.63148;
0.0161614;-5.63065;
0.0161814;-5.62982;
0.0162014;-5.62898;
0.0162214;-5.62815;
0.0162414;-5.62731;
0.0162614;-5.62647;
0.0162814;-5.62564;
0.0163014;-5.6248;
0.0163214;-5.62396;
0.0163414;-5.62312;
0.0163614;-5.62228;
0.0163814;-5.62144;
0.0164014;-5.62059;
0.0164214;-5.61975;
0.0164414;-5.61891;
0.0164614;-5.61806;
0.0164814;-5.61722;
0.0165014;-5.61637;
0.0165214;-5.61552;
0.0165414;-5.61467;
0.0165614;-5.61383;
0.0165814;-5.61298;
0.0166014;-5.61212;
0.0166214;-5.61127;
0.0166414;-5.61042;
0.0166614;-5.60957;
0.0166814;-5.60871;
0.0167014;-5.60786;
0.0167214;-5.607;
0.0167414;-5.60615;
0.0167614;-5.60529;
0.0167814;-5.60443;
0.0168014;-5.60358;
0.0168214;-5.60272;
0.0168414;-5.60186;
0.0168614;-5.601;
0.0168814;-5.60013;
0.0169014;-5.59927;
0.0169214;-5.59841;
0.0169414;-5.59754;
0.0169614;-5.59668;
0.0169814;-5.59581;
0.0170014;-5.59495;
0.0170214;-5.59408;
0.0170414;-5.59321;
0.0170614;-5.59234;
0.0170814;-5.59147;
0.0171014;-5.5906;
0.0171214;-5.58973;
0.0171414;-5.58886;
0.0171614;-5.58799;
0.0171814;-5.58711;
0.0172014;-5.58624;
0.0172214;-5.58536;
0.0172414;-5.58449;
0.0172614;-5.58361;
0.0172814;-5.58273;
0.0173014;-5.58185;
0.0173214;-5.58097;
0.0173414;-5.58009;
0.0173614;-5.57921;
0.0173814;-5.57833;
0.0174014;-5.57745;
0.0174214;-5.57657;
0.0174414;-5.57568;
0.0174614;-5.5748;
0.0174814;-5.57391;
0.0175014;-5.57303;
0.0175214;-5.57214;
0.0175414;-5.57125;
0.0175614;-5.57036;
0.0175814;-5.56947;
0.0176014;-5.56858;
0.0176214;-5.56769;
0.0176414;-5.5668;
0.0176614;-5.56591;
0.0176814;-5.56502;
0.0177014;-5.56412;
0.0177214;-5.56323;
0.0177414;-5.56233;
0.0177614;-5.56143;
0.0177814;-5.56054;
0.0178014;-5.55964;
0.0178214;-5.55874;
0.0178414;-5.55784;
0.0178614;-5.55694;
0.0178814;-5.55604;
0.0179014;-5.55514;
0.0179214;-5.55424;
0.0179414;-5.55333;
0.0179614;-5.55243;
0.0179814;-5.55152;
0.018001;-5.55064;
0.0180011;-5.55063;
0.0180013;-5.55062;
0.0180017;-5.5506;
0.018002;-5.55059;
0.0180021;-5.55059;
0.0180022;-5.55058;
0.0180026;-5.55057;
0.0180032;-5.55054;
0.0180045;-5.55048;
0.018007;-5.55036;
0.0180122;-5.55013;
0.0180224;-5.54967;
0.0180424;-5.54876;
0.0180624;-5.54785;
0.0180824;-5.54694;
0.0181024;-5.54603;
0.0181224;-5.54512;
0.0181424;-5.54421;
0.0181624;-5.5433;
0.0181824;-5.54239;
0.0182024;-5.54147;
0.0182224;-5.54056;
0.0182424;-5.53965;
0.0182624;-5.53873;
0.0182824;-5.53781;
0.0183024;-5.5369;
0.0183224;-5.53598;
0.0183424;-5.53506;
0.0183624;-5.53414;
0.0183824;-5.53322;
0.0184024;-5.5323;
0.0184224;-5.53138;
0.0184424;-5.53046;
0.0184624;-5.52953;
0.0184824;-5.52861;
0.0185024;-5.52768;
0.0185224;-5.52676;
0.0185424;-5.52583;
0.0185624;-5.52491;
0.0185824;-5.52398;
0.0186024;-5.52305;
0.0186224;-5.52212;
0.0186424;-5.52119;
0.0186624;-5.52026;
0.0186824;-5.51933;
0.0187024;-5.5184;
0.0187224;-5.51746;
0.0187424;-5.51653;
0.0187624;-5.5156;
0.0187824;-5.51466;
0.0188024;-5.51372;
0.0188224;-5.51279;
0.0188424;-5.51185;
0.0188624;-5.51091;
0.0188824;-5.50997;
0.0189024;-5.50903;
0.0189224;-5.50809;
0.0189424;-5.50715;
0.0189624;-5.50621;
0.0189824;-5.50527;
0.0190024;-5.50432;
0.0190224;-5.50338;
0.0190424;-5.50244;
0.0190624;-5.50149;
0.0190824;-5.50054;
0.0191024;-5.4996;
0.0191224;-5.49865;
0.0191424;-5.4977;
0.0191624;-5.49675;
0.0191824;-5.4958;
0.0192024;-5.49485;
0.0192224;-5.4939;
0.0192424;-5.49295;
0.0192624;-5.49199;
0.0192824;-5.49104;
0.0193024;-5.49009;
0.0193224;-5.48913;
0.0193424;-5.48817;
0.0193624;-5.48722;
0.0193824;-5.48626;
0.0194024;-5.4853;
0.0194224;-5.48434;
0.0194424;-5.48338;
0.0194624;-5.48242;
0.0194824;-5.48146;
0.0195024;-5.4805;
0.0195224;-5.47954;
0.0195424;-5.47858;
0.0195624;-5.47761;
0.0195824;-5.47665;
0.0196024;-5.47568;
0.0196224;-5.47472;
0.0196424;-5.47375;
0.0196624;-5.47278;
0.0196824;-5.47181;
0.0197024;-5.47084;
0.0197224;-5.46987;
0.0197424;-5.4689;
0.0197624;-5.46793;
0.0197824;-5.46696;
0.0198024;-5.46599;
0.0198224;-5.46501;
0.0198424;-5.46404;
0.0198624;-5.46307;
0.0198824;-5.46209;
0.0199024;-5.46111;
0.0199224;-5.46014;
0.0199424;-5.45916;
0.0199624;-5.45818;
0.0199824;-5.4572;
0.02;-5.45634;
0.0200001;-5.45634;
0.0200003;-5.45633;
0.0200007;-5.45631;
0.020001;-5.45629;
0.0200011;-5.45629;
0.0200012;-5.45628;
0.0200016;-5.45626;
0.0200022;-5.45623;
0.0200035;-5.45617;
0.020006;-5.45604;
0.0200112;-5.45579;
0.0200214;-5.45529;
0.0200414;-5.45431;
0.0200614;-5.45333;
0.0200814;-5.45235;
0.0201014;-5.45136;
0.0201214;-5.45038;
0.0201414;-5.44939;
0.0201614;-5.44841;
0.0201814;-5.44742;
0.0202014;-5.44643;
0.0202214;-5.44545;
0.0202414;-5.44446;
0.0202614;-5.44347;
0.0202814;-5.44248;
0.0203014;-5.44149;
0.0203214;-5.4405;
0.0203414;-5.43951;
0.0203614;-5.43851;
0.0203814;-5.43752;
0.0204014;-5.43653;
0.0204214;-5.43553;
0.0204414;-5.43454;
0.0204614;-5.43354;
0.0204814;-5.43254;
0.0205014;-5.43155;
0.0205214;-5.43055;
0.0205414;-5.42955;
0.0205614;-5.42855;
0.0205814;-5.42755;
0.0206014;-5.42655;
0.0206214;-5.42555;
0.0206414;-5.42454;
0.0206614;-5.42354;
0.0206814;-5.42254;
0.0207014;-5.42153;
0.0207214;-5.42053;
0.0207414;-5.41952;
0.0207614;-5.41852;
0.0207814;-5.41751;
0.0208014;-5.4165;
0.0208214;-5.41549;
0.0208414;-5.41448;
0.0208614;-5.41347;
0.0208814;-5.41246;
0.0209014;-5.41145;
0.0209214;-5.41044;
0.0209414;-5.40942;
0.0209614;-5.40841;
0.0209814;-5.4074;
0.0210014;-5.40638;
0.0210214;-5.40537;
0.0210414;-5.40435;
0.0210614;-5.40333;
0.0210814;-5.40232;
0.0211014;-5.4013;
0.0211214;-5.40028;
0.0211414;-5.39926;
0.0211614;-5.39824;
0.0211814;-5.39722;
0.0212014;-5.3962;
0.0212214;-5.39517;
0.0212414;-5.39415;
0.0212614;-5.39313;
0.0212814;-5.3921;
0.0213014;-5.39108;
0.0213214;-5.39005;
0.0213414;-5.38902;
0.0213614;-5.388;
0.0213814;-5.38697;
0.0214014;-5.38594;
0.0214214;-5.38491;
0.0214414;-5.38388;
0.0214614;-5.38285;
0.0214814;-5.38182;
0.0215014;-5.38079;
0.0215214;-5.37975;
0.0215414;-5.37872;
0.0215614;-5.37769;
0.0215814;-5.37665;
0.0216014;-5.37562;
0.0216214;-5.37458;
0.0216414;-5.37354;
0.0216614;-5.37251;
0.0216814;-5.37147;
0.0217014;-5.37043;
0.0217214;-5.36939;
0.0217414;-5.36835;
0.0217614;-5.36731;
0.0217814;-5.36627;
0.0218014;-5.36522;
0.0218214;-5.36418;
0.0218414;-5.36314;
0.0218614;-5.36209;
0.0218814;-5.36105;
0.0219014;-5.36;
0.0219214;-5.35896;
0.0219414;-5.35791;
0.0219614;-5.35686;
0.0219814;-5.35582;
0.022001;-5.35479;
0.0220011;-5.35478;
0.0220013;-5.35477;
0.0220017;-5.35475;
0.022002;-5.35474;
0.0220021;-5.35473;
0.0220022;-5.35472;
0.0220026;-5.35471;
0.0220032;-5.35467;
0.0220045;-5.35461;
0.022007;-5.35447;
0.0220122;-5.3542;
0.0220224;-5.35366;
0.0220424;-5.35261;
0.0220624;-5.35156;
0.0220824;-5.35051;
0.0221024;-5.34946;
0.0221224;-5.34841;
0.0221424;-5.34735;
0.0221624;-5.3463;
0.0221824;-5.34524;
0.0222024;-5.34419;
0.0222224;-5.34313;
0.0222424;-5.34208;
0.0222624;-5.34102;
0.0222824;-5.33996;
0.0223024;-5.3389;
0.0223224;-5.33784;
0.0223424;-5.33678;
0.0223624;-5.33572;
0.0223824;-5.33466;
0.0224024;-5.3336;
0.0224224;-5.33254;
0.0224424;-5.33147;
0.0224624;-5.33041;
0.0224824;-5.32934;
0.0225024;-5.32828;
0.0225224;-5.32721;
0.0225424;-5.32614;
0.0225624;-5.32508;
0.0225824;-5.32401;
0.0226024;-5.32294;
0.0226224;-5.32187;
0.0226424;-5.3208;
0.0226624;-5.31973;
0.0226824;-5.31866;
0.0227024;-5.31759;
0.0227224;-5.31652;
0.0227424;-5.31544;
0.0227624;-5.31437;
0.0227824;-5.31329;
0.0228024;-5.31222;
0.0228224;-5.31114;
0.0228424;-5.31007;
0.0228624;-5.30899;
0.0228824;-5.30791;
0.0229024;-5.30683;
0.0229224;-5.30575;
0.0229424;-5.30467;
0.0229624;-5.30359;
0.0229824;-5.30251;
0.0230024;-5.30143;
0.0230224;-5.30035;
0.0230424;-5.29927;
0.0230624;-5.29818;
0.0230824;-5.2971;
0.0231024;-5.29601;
0.0231224;-5.29493;
0.0231424;-5.29384;
0.0231624;-5.29276;
0.0231824;-5.29167;
0.0232024;-5.29058;
0.0232224;-5.28949;
0.0232424;-5.2884;
0.0232624;-5.28731;
0.0232824;-5.28622;
0.0233024;-5.28513;
0.0233224;-5.28404;
0.0233424;-5.28295;
0.0233624;-5.28185;
0.0233824;-5.28076;
0.0234024;-5.27967;
0.0234224;-5.27857;
0.0234424;-5.27748;
0.0234624;-5.27638;
0.0234824;-5.27528;
0.0235024;-5.27419;
0.0235224;-5.27309;
0.0235424;-5.27199;
0.0235624;-5.27089;
0.0235824;-5.26979;
0.0236024;-5.26869;
0.0236224;-5.26759;
0.0236424;-5.26649;
0.0236624;-5.26538;
0.0236824;-5.26428;
0.0237024;-5.26318;
0.0237224;-5.26207;
0.0237424;-5.26097;
0.0237624;-5.25986;
0.0237824;-5.25875;
0.0238024;-5.25765;
0.0238224;-5.25654;
0.0238424;-5.25543;
0.0238624;-5.25432;
0.0238824;-5.25321;
0.0239024;-5.2521;
0.0239224;-5.25099;
0.0239424;-5.24988;
0.0239624;-5.24877;
0.0239824;-5.24766;
0.024;-5.24668;
0.0240001;-5.24667;
0.0240003;-5.24666;
0.0240007;-5.24664;
0.024001;-5.24662;
0.0240011;-5.24662;
0.0240012;-5.24661;
0.0240016;-5.24659;
0.0240022;-5.24656;
0.0240035;-5.24648;
0.024006;-5.24634;
0.0240112;-5.24606;
0.0240214;-5.24549;
0.0240414;-5.24437;
0.0240614;-5.24326;
0.0240814;-5.24214;
0.0241014;-5.24103;
0.0241214;-5.23991;
0.0241414;-5.23879;
0.0241614;-5.23767;
0.0241814;-5.23655;
0.0242014;-5.23544;
0.0242214;-5.23432;
0.0242414;-5.2332;
0.0242614;-5.23207;
0.0242814;-5.23095;
0.0243014;-5.22983;
0.0243214;-5.22871;
0.0243414;-5.22758;
0.0243614;-5.22646;
0.0243814;-5.22533;
0.0244014;-5.22421;
0.0244214;-5.22308;
0.0244414;-5.22196;
0.0244614;-5.22083;
0.0244814;-5.2197;
0.0245014;-5.21857;
0.0245214;-5.21744;
0.0245414;-5.21632;
0.0245614;-5.21518;
0.0245814;-5.21405;
0.0246014;-5.21292;
0.0246214;-5.21179;
0.0246414;-5.21066;
0.0246614;-5.20952;
0.0246814;-5.20839;
0.0247014;-5.20726;
0.0247214;-5.20612;
0.0247414;-5.20499;
0.0247614;-5.20385;
0.0247814;-5.20271;
0.0248014;-5.20157;
0.0248214;-5.20044;
0.0248414;-5.1993;
0.0248614;-5.19816;
0.0248814;-5.19702;
0.0249014;-5.19588;
0.0249214;-5.19474;
0.0249414;-5.1936;
0.0249614;-5.19245;
0.0249814;-5.19131;
0.0250014;-5.19017;
0.0250214;-5.18902;
0.0250414;-5.18788;
0.0250614;-5.18673;
0.0250814;-5.18559;
0.0251014;-5.18444;
0.0251214;-5.18329;
0.0251414;-5.18215;
0.0251614;-5.181;
0.0251814;-5.17985;
0.0252014;-5.1787;
0.0252214;-5.17755;
0.0252414;-5.1764;
0.0252614;-5.17525;
0.0252814;-5.1741;
0.0253014;-5.17294;
0.0253214;-5.17179;
0.0253414;-5.17064;
0.0253614;-5.16948;
0.0253814;-5.16833;
0.0254014;-5.16717;
0.0254214;-5.16602;
0.0254414;-5.16486;
0.0254614;-5.1637;
0.0254814;-5.16255;
0.0255014;-5.16139;
0.0255214;-5.16023;
0.0255414;-5.15907;
0.0255614;-5.15791;
0.0255814;-5.15675;
0.0256014;-5.15559;
0.0256214;-5.15443;
0.0256414;-5.15326;
0.0256614;-5.1521;
0.0256814;-5.15094;
0.0257014;-5.14977;
0.0257214;-5.14861;
0.0257414;-5.14744;
0.0257614;-5.14628;
0.0257814;-5.14511;
0.0258014;-5.14395;
0.0258214;-5.14278;
0.0258414;-5.14161;
0.0258614;-5.14044;
0.0258814;-5.13927;
0.0259014;-5.1381;
0.0259214;-5.13693;
0.0259414;-5.13576;
0.0259614;-5.13459;
0.0259814;-5.13342;
0.026001;-5.13227;
0.0260011;-5.13226;
0.0260013;-5.13225;
0.0260017;-5.13223;
0.026002;-5.13221;
0.0260021;-5.1322;
0.0260022;-5.13219;
0.0260026;-5.13218;
0.0260032;-5.13214;
0.0260045;-5.13206;
0.026007;-5.13191;
0.0260122;-5.13161;
0.0260224;-5.13101;
0.0260424;-5.12984;
0.0260624;-5.12866;
0.0260824;-5.12749;
0.0261024;-5.12631;
0.0261224;-5.12514;
0.0261424;-5.12396;
0.0261624;-5.12278;
0.0261824;-5.1216;
0.0262024;-5.12043;
0.0262224;-5.11925;
0.0262424;-5.11807;
0.0262624;-5.11689;
0.0262824;-5.11571;
0.0263024;-5.11453;
0.0263224;-5.11334;
0.0263424;-5.11216;
0.0263624;-5.11098;
0.0263824;-5.10979;
0.0264024;-5.10861;
0.0264224;-5.10743;
0.0264424;-5.10624;
0.0264624;-5.10505;
0.0264824;-5.10387;
0.0265024;-5.10268;
0.0265224;-5.10149;
0.0265424;-5.10031;
0.0265624;-5.09912;
0.0265824;-5.09793;
0.0266024;-5.09674;
0.0266224;-5.09555;
0.0266424;-5.09436;
0.0266624;-5.09317;
0.0266824;-5.09197;
0.0267024;-5.09078;
0.0267224;-5.08959;
0.0267424;-5.08839;
0.0267624;-5.0872;
0.0267824;-5.08601;
0.0268024;-5.08481;
0.0268224;-5.08361;
0.0268424;-5.08242;
0.0268624;-5.08122;
0.0268824;-5.08002;
0.0269024;-5.07882;
0.0269224;-5.07763;
0.0269424;-5.07643;
0.0269624;-5.07523;
0.0269824;-5.07403;
0.0270024;-5.07283;
0.0270224;-5.07162;
0.0270424;-5.07042;
0.0270624;-5.06922;
0.0270824;-5.06802;
0.0271024;-5.06681;
0.0271224;-5.06561;
0.0271424;-5.0644;
0.0271624;-5.0632;
0.0271824;-5.06199;
0.0272024;-5.06079;
0.0272224;-5.05958;
0.0272424;-5.05837;
0.0272624;-5.05716;
0.0272824;-5.05596;
0.0273024;-5.05475;
0.0273224;-5.05354;
0.0273424;-5.05233;
0.0273624;-5.05112;
0.0273824;-5.0499;
0.0274024;-5.04869;
0.0274224;-5.04748;
0.0274424;-5.04627;
0.0274624;-5.04505;
0.0274824;-5.04384;
0.0275024;-5.04263;
0.0275224;-5.04141;
0.0275424;-5.04019;
0.0275624;-5.03898;
0.0275824;-5.03776;
0.0276024;-5.03654;
0.0276224;-5.03533;
0.0276424;-5.03411;
0.0276624;-5.03289;
0.0276824;-5.03167;
0.0277024;-5.03045;
0.0277224;-5.02923;
0.0277424;-5.02801;
0.0277624;-5.02679;
0.0277824;-5.02556;
0.0278024;-5.02434;
0.0278224;-5.02312;
0.0278424;-5.02189;
0.0278624;-5.02067;
0.0278824;-5.01945;
0.0279024;-5.01822;
0.0279224;-5.01699;
0.0279424;-5.01577;
0.0279624;-5.01454;
0.0279824;-5.01331;
0.028;-5.01223;
0.0280001;-5.01223;
0.0280003;-5.01221;
0.0280007;-5.01219;
0.028001;-5.01217;
0.0280011;-5.01217;
0.0280012;-5.01216;
0.0280016;-5.01214;
0.0280022;-5.0121;
0.0280035;-5.01202;
0.028006;-5.01186;
0.0280112;-5.01155;
0.0280214;-5.01092;
0.0280414;-5.00969;
0.0280614;-5.00846;
0.0280814;-5.00723;
0.0281014;-5.006;
0.0281214;-5.00477;
0.0281414;-5.00354;
0.0281614;-5.0023;
0.0281814;-5.00107;
0.0282014;-4.99984;
0.0282214;-4.9986;
0.0282414;-4.99737;
0.0282614;-4.99614;
0.0282814;-4.9949;
0.0283014;-4.99366;
0.0283214;-4.99243;
0.0283414;-4.99119;
0.0283614;-4.98995;
0.0283814;-4.98872;
0.0284014;-4.98748;
0.0284214;-4.98624;
0.0284414;-4.985;
0.0284614;-4.98376;
0.0284814;-4.98252;
0.0285014;-4.98128;
0.0285214;-4.98003;
0.0285414;-4.97879;
0.0285614;-4.97755;
0.0285814;-4.97631;
0.0286014;-4.97506;
0.0286214;-4.97382;
0.0286414;-4.97257;
0.0286614;-4.97133;
0.0286814;-4.97008;
0.0287014;-4.96884;
0.0287214;-4.96759;
0.0287414;-4.96634;
0.0287614;-4.96509;
0.0287814;-4.96385;
0.0288014;-4.9626;
0.0288214;-4.96135;
0.0288414;-4.9601;
0.0288614;-4.95885;
0.0288814;-4.9576;
0.0289014;-4.95635;
0.0289214;-4.95509;
0.0289414;-4.95384;
0.0289614;-4.95259;
0.0289814;-4.95133;
0.0290014;-4.95008;
0.0290214;-4.94883;
0.0290414;-4.94757;
0.0290614;-4.94632;
0.0290814;-4.94506;
0.0291014;-4.9438;
0.0291214;-4.94255;
0.0291414;-4.94129;
0.0291614;-4.94003;
0.0291814;-4.93877;
0.0292014;-4.93751;
0.0292214;-4.93625;
0.0292414;-4.93499;
0.0292614;-4.93373;
0.0292814;-4.93247;
0.0293014;-4.93121;
0.0293214;-4.92995;
0.0293414;-4.92868;
0.0293614;-4.92742;
0.0293814;-4.92616;
0.0294014;-4.92489;
0.0294214;-4.92363;
0.0294414;-4.92236;
0.0294614;-4.9211;
0.0294814;-4.91983;
0.0295014;-4.91857;
0.0295214;-4.9173;
0.0295414;-4.91603;
0.0295614;-4.91476;
0.0295814;-4.91349;
0.0296014;-4.91222;
0.0296214;-4.91095;
0.0296414;-4.90968;
0.0296614;-4.90841;
0.0296814;-4.90714;
0.0297014;-4.90587;
0.0297214;-4.9046;
0.0297414;-4.90333;
0.0297614;-4.90205;
0.0297814;-4.90078;
0.0298014;-4.89951;
0.0298214;-4.89823;
0.0298414;-4.89696;
0.0298614;-4.89568;
0.0298814;-4.8944;
0.0299014;-4.89313;
0.0299214;-4.89185;
0.0299414;-4.89057;
0.0299614;-4.88929;
0.0299814;-4.88802;
0.030001;-4.88676;
0.0300011;-4.88676;
0.0300013;-4.88674;
0.0300017;-4.88672;
0.030002;-4.8867;
0.0300021;-4.88669;
0.0300022;-4.88668;
0.0300026;-4.88666;
0.0300032;-4.88662;
0.0300045;-4.88654;
0.030007;-4.88638;
0.0300122;-4.88605;
0.0300224;-4.88539;
0.0300424;-4.88411;
0.0300624;-4.88283;
0.0300824;-4.88155;
0.0301024;-4.88027;
0.0301224;-4.87899;
0.0301424;-4.87771;
0.0301624;-4.87642;
0.0301824;-4.87514;
0.0302024;-4.87386;
0.0302224;-4.87257;
0.0302424;-4.87129;
0.0302624;-4.87;
0.0302824;-4.86871;
0.0303024;-4.86743;
0.0303224;-4.86614;
0.0303424;-4.86485;
0.0303624;-4.86357;
0.0303824;-4.86228;
0.0304024;-4.86099;
0.0304224;-4.8597;
0.0304424;-4.85841;
0.0304624;-4.85712;
0.0304824;-4.85583;
0.0305024;-4.85454;
0.0305224;-4.85325;
0.0305424;-4.85195;
0.0305624;-4.85066;
0.0305824;-4.84937;
0.0306024;-4.84807;
0.0306224;-4.84678;
0.0306424;-4.84549;
0.0306624;-4.84419;
0.0306824;-4.8429;
0.0307024;-4.8416;
0.0307224;-4.8403;
0.0307424;-4.83901;
0.0307624;-4.83771;
0.0307824;-4.83641;
0.0308024;-4.83511;
0.0308224;-4.83381;
0.0308424;-4.83251;
0.0308624;-4.83121;
0.0308824;-4.82991;
0.0309024;-4.82861;
0.0309224;-4.82731;
0.0309424;-4.82601;
0.0309624;-4.82471;
0.0309824;-4.82341;
0.0310024;-4.8221;
0.0310224;-4.8208;
0.0310424;-4.81949;
0.0310624;-4.81819;
0.0310824;-4.81689;
0.0311024;-4.81558;
0.0311224;-4.81427;
0.0311424;-4.81297;
0.0311624;-4.81166;
0.0311824;-4.81035;
0.0312024;-4.80905;
0.0312224;-4.80774;
0.0312424;-4.80643;
0.0312624;-4.80512;
0.0312824;-4.80381;
0.0313024;-4.8025;
0.0313224;-4.80119;
0.0313424;-4.79988;
0.0313624;-4.79857;
0.0313824;-4.79725;
0.0314024;-4.79594;
0.0314224;-4.79463;
0.0314424;-4.79332;
0.0314624;-4.792;
0.0314824;-4.79069;
0.0315024;-4.78937;
0.0315224;-4.78806;
0.0315424;-4.78674;
0.0315624;-4.78543;
0.0315824;-4.78411;
0.0316024;-4.78279;
0.0316224;-4.78147;
0.0316424;-4.78016;
0.0316624;-4.77884;
0.0316824;-4.77752;
0.0317024;-4.7762;
0.0317224;-4.77488;
0.0317424;-4.77356;
0.0317624;-4.77224;
0.0317824;-4.77092;
0.0318024;-4.7696;
0.0318224;-4.76827;
0.0318424;-4.76695;
0.0318624;-4.76563;
0.0318824;-4.7643;
0.0319024;-4.76298;
0.0319224;-4.76166;
0.0319424;-4.76033;
0.0319624;-4.75901;
0.0319824;-4.75768;
0.032;-4.75651;
0.0320001;-4.75651;
0.0320003;-4.75649;
0.0320007;-4.75647;
0.032001;-4.75645;
0.0320011;-4.75644;
0.0320012;-4.75643;
0.0320016;-4.75641;
0.0320022;-4.75637;
0.0320035;-4.75628;
0.032006;-4.75611;
0.0320112;-4.75577;
0.0320214;-4.75509;
0.0320414;-4.75377;
0.0320614;-4.75244;
0.0320814;-4.75111;
0.0321014;-4.74978;
0.0321214;-4.74845;
0.0321414;-4.74712;
0.0321614;-4.7458;
0.0321814;-4.74446;
0.0322014;-4.74313;
0.0322214;-4.7418;
0.0322414;-4.74047;
0.0322614;-4.73914;
0.0322814;-4.73781;
0.0323014;-4.73647;
0.0323214;-4.73514;
0.0323414;-4.73381;
0.0323614;-4.73247;
0.0323814;-4.73114;
0.0324014;-4.7298;
0.0324214;-4.72847;
0.0324414;-4.72713;
0.0324614;-4.72579;
0.0324814;-4.72446;
0.0325014;-4.72312;
0.0325214;-4.72178;
0.0325414;-4.72044;
0.0325614;-4.71911;
0.0325814;-4.71777;
0.0326014;-4.71643;
0.0326214;-4.71509;
0.0326414;-4.71375;
0.0326614;-4.71241;
0.0326814;-4.71106;
0.0327014;-4.70972;
0.0327214;-4.70838;
0.0327414;-4.70704;
0.0327614;-4.70569;
0.0327814;-4.70435;
0.0328014;-4.70301;
0.0328214;-4.70166;
0.0328414;-4.70032;
0.0328614;-4.69897;
0.0328814;-4.69763;
0.0329014;-4.69628;
0.0329214;-4.69493;
0.0329414;-4.69359;
0.0329614;-4.69224;
0.0329814;-4.69089;
0.0330014;-4.68954;
0.0330214;-4.6882;
0.0330414;-4.68685;
0.0330614;-4.6855;
0.0330814;-4.68415;
0.0331014;-4.6828;
0.0331214;-4.68145;
0.0331414;-4.68009;
0.0331614;-4.67874;
0.0331814;-4.67739;
0.0332014;-4.67604;
0.0332214;-4.67468;
0.0332414;-4.67333;
0.0332614;-4.67198;
0.0332814;-4.67062;
0.0333014;-4.66927;
0.0333214;-4.66791;
0.0333414;-4.66656;
0.0333614;-4.6652;
0.0333814;-4.66384;
0.0334014;-4.66249;
0.0334214;-4.66113;
0.0334414;-4.65977;
0.0334614;-4.65841;
0.0334814;-4.65706;
0.0335014;-4.6557;
0.0335214;-4.65434;
0.0335414;-4.65298;
0.0335614;-4.65162;
0.0335814;-4.65026;
0.0336014;-4.6489;
0.0336214;-4.64753;
0.0336414;-4.64617;
0.0336614;-4.64481;
0.0336814;-4.64345;
0.0337014;-4.64208;
0.0337214;-4.64072;
0.0337414;-4.63936;
0.0337614;-4.63799;
0.0337814;-4.63663;
0.0338014;-4.63526;
0.0338214;-4.6339;
0.0338414;-4.63253;
0.0338614;-4.63116;
0.0338814;-4.6298;
0.0339014;-4.62843;
0.0339214;-4.62706;
0.0339414;-4.62569;
0.0339614;-4.62432;
0.0339814;-4.62295;
0.034001;-4.62161;
0.0340011;-4.62161;
0.0340013;-4.62159;
0.0340017;-4.62156;
0.034002;-4.62154;
0.0340021;-4.62154;
0.0340022;-4.62153;
0.0340026;-4.62151;
0.0340032;-4.62146;
0.0340045;-4.62137;
0.034007;-4.6212;
0.0340122;-4.62085;
0.0340224;-4.62015;
0.0340424;-4.61878;
0.0340624;-4.61741;
0.0340824;-4.61603;
0.0341024;-4.61466;
0.0341224;-4.61329;
0.0341424;-4.61192;
0.0341624;-4.61055;
0.0341824;-4.60917;
0.0342024;-4.6078;
0.0342224;-4.60642;
0.0342424;-4.60505;
0.0342624;-4.60367;
0.0342824;-4.6023;
0.0343024;-4.60092;
0.0343224;-4.59955;
0.0343424;-4.59817;
0.0343624;-4.59679;
0.0343824;-4.59542;
0.0344024;-4.59404;
0.0344224;-4.59266;
0.0344424;-4.59128;
0.0344624;-4.5899;
0.0344824;-4.58852;
0.0345024;-4.58714;
0.0345224;-4.58576;
0.0345424;-4.58438;
0.0345624;-4.583;
0.0345824;-4.58162;
0.0346024;-4.58024;
0.0346224;-4.57886;
0.0346424;-4.57747;
0.0346624;-4.57609;
0.0346824;-4.57471;
0.0347024;-4.57332;
0.0347224;-4.57194;
0.0347424;-4.57055;
0.0347624;-4.56917;
0.0347824;-4.56778;
0.0348024;-4.5664;
0.0348224;-4.56501;
0.0348424;-4.56363;
0.0348624;-4.56224;
0.0348824;-4.56085;
0.0349024;-4.55946;
0.0349224;-4.55808;
0.0349424;-4.55669;
0.0349624;-4.5553;
0.0349824;-4.55391;
0.0350024;-4.55252;
0.0350224;-4.55113;
0.0350424;-4.54974;
0.0350624;-4.54835;
0.0350824;-4.54695;
0.0351024;-4.54556;
0.0351224;-4.54417;
0.0351424;-4.54278;
0.0351624;-4.54139;
0.0351824;-4.53999;
0.0352024;-4.5386;
0.0352224;-4.5372;
0.0352424;-4.53581;
0.0352624;-4.53441;
0.0352824;-4.53302;
0.0353024;-4.53162;
0.0353224;-4.53023;
0.0353424;-4.52883;
0.0353624;-4.52743;
0.0353824;-4.52604;
0.0354024;-4.52464;
0.0354224;-4.52324;
0.0354424;-4.52184;
0.0354624;-4.52044;
0.0354824;-4.51904;
0.0355024;-4.51764;
0.0355224;-4.51624;
0.0355424;-4.51484;
0.0355624;-4.51344;
0.0355824;-4.51204;
0.0356024;-4.51064;
0.0356224;-4.50924;
0.0356424;-4.50784;
0.0356624;-4.50643;
0.0356824;-4.50503;
0.0357024;-4.50363;
0.0357224;-4.50222;
0.0357424;-4.50082;
0.0357624;-4.49941;
0.0357824;-4.49801;
0.0358024;-4.4966;
0.0358224;-4.4952;
0.0358424;-4.49379;
0.0358624;-4.49238;
0.0358824;-4.49098;
0.0359024;-4.48957;
0.0359224;-4.48816;
0.0359424;-4.48675;
0.0359624;-4.48535;
0.0359824;-4.48394;
0.036;-4.4827;
0.0360001;-4.48269;
0.0360003;-4.48267;
0.0360007;-4.48265;
0.036001;-4.48263;
0.0360011;-4.48262;
0.0360012;-4.48261;
0.0360016;-4.48259;
0.0360022;-4.48254;
0.0360035;-4.48245;
0.036006;-4.48227;
0.0360112;-4.48191;
0.0360214;-4.48119;
0.0360414;-4.47978;
0.0360614;-4.47837;
0.0360814;-4.47696;
0.0361014;-4.47555;
0.0361214;-4.47413;
0.0361414;-4.47272;
0.0361614;-4.47131;
0.0361814;-4.4699;
0.0362014;-4.46848;
0.0362214;-4.46707;
0.0362414;-4.46566;
0.0362614;-4.46424;
0.0362814;-4.46283;
0.0363014;-4.46141;
0.0363214;-4.46;
0.0363414;-4.45858;
0.0363614;-4.45717;
0.0363814;-4.45575;
0.0364014;-4.45433;
0.0364214;-4.45292;
0.0364414;-4.4515;
0.0364614;-4.45008;
0.0364814;-4.44866;
0.0365014;-4.44724;
0.0365214;-4.44582;
0.0365414;-4.4444;
0.0365614;-4.44298;
0.0365814;-4.44156;
0.0366014;-4.44014;
0.0366214;-4.43872;
0.0366414;-4.4373;
0.0366614;-4.43588;
0.0366814;-4.43446;
0.0367014;-4.43304;
0.0367214;-4.43161;
0.0367414;-4.43019;
0.0367614;-4.42877;
0.0367814;-4.42734;
0.0368014;-4.42592;
0.0368214;-4.42449;
0.0368414;-4.42307;
0.0368614;-4.42164;
0.0368814;-4.42022;
0.0369014;-4.41879;
0.0369214;-4.41737;
0.0369414;-4.41594;
0.0369614;-4.41451;
0.0369814;-4.41308;
0.0370014;-4.41166;
0.0370214;-4.41023;
0.0370414;-4.4088;
0.0370614;-4.40737;
0.0370814;-4.40594;
0.0371014;-4.40451;
0.0371214;-4.40308;
0.0371414;-4.40165;
0.0371614;-4.40022;
0.0371814;-4.39879;
0.0372014;-4.39736;
0.0372214;-4.39593;
0.0372414;-4.39449;
0.0372614;-4.39306;
0.0372814;-4.39163;
0.0373014;-4.3902;
0.0373214;-4.38876;
0.0373414;-4.38733;
0.0373614;-4.38589;
0.0373814;-4.38446;
0.0374014;-4.38302;
0.0374214;-4.38159;
0.0374414;-4.38015;
0.0374614;-4.37872;
0.0374814;-4.37728;
0.0375014;-4.37584;
0.0375214;-4.37441;
0.0375414;-4.37297;
0.0375614;-4.37153;
0.0375814;-4.37009;
0.0376014;-4.36865;
0.0376214;-4.36721;
0.0376414;-4.36578;
0.0376614;-4.36434;
0.0376814;-4.3629;
0.0377014;-4.36146;
0.0377214;-4.36001;
0.0377414;-4.35857;
0.0377614;-4.35713;
0.0377814;-4.35569;
0.0378014;-4.35425;
0.0378214;-4.35281;
0.0378414;-4.35136;
0.0378614;-4.34992;
0.0378814;-4.34848;
0.0379014;-4.34703;
0.0379214;-4.34559;
0.0379414;-4.34414;
0.0379614;-4.3427;
0.0379814;-4.34125;
0.038001;-4.33984;
0.0380011;-4.33983;
0.0380013;-4.33982;
0.0380017;-4.33979;
0.038002;-4.33976;
0.0380021;-4.33976;
0.0380022;-4.33975;
0.0380026;-4.33972;
0.0380032;-4.33968;
0.0380045;-4.33959;
0.038007;-4.3394;
0.0380122;-4.33903;
0.0380224;-4.33829;
0.0380424;-4.33684;
0.0380624;-4.3354;
0.0380824;-4.33395;
0.0381024;-4.3325;
0.0381224;-4.33105;
0.0381424;-4.32961;
0.0381624;-4.32816;
0.0381824;-4.32671;
0.0382024;-4.32526;
0.0382224;-4.32381;
0.0382424;-4.32236;
0.0382624;-4.32091;
0.0382824;-4.31946;
0.0383024;-4.31801;
0.0383224;-4.31656;
0.0383424;-4.31511;
0.0383624;-4.31366;
0.0383824;-4.3122;
0.0384024;-4.31075;
0.0384224;-4.3093;
0.0384424;-4.30784;
0.0384624;-4.30639;
0.0384824;-4.30494;
0.0385024;-4.30348;
0.0385224;-4.30203;
0.0385424;-4.30057;
0.0385624;-4.29912;
0.0385824;-4.29766;
0.0386024;-4.29621;
0.0386224;-4.29475;
0.0386424;-4.29329;
0.0386624;-4.29184;
0.0386824;-4.29038;
0.0387024;-4.28892;
0.0387224;-4.28746;
0.0387424;-4.28601;
0.0387624;-4.28455;
0.0387824;-4.28309;
0.0388024;-4.28163;
0.0388224;-4.28017;
0.0388424;-4.27871;
0.0388624;-4.27725;
0.0388824;-4.27579;
0.0389024;-4.27433;
0.0389224;-4.27287;
0.0389424;-4.27141;
0.0389624;-4.26994;
0.0389824;-4.26848;
0.0390024;-4.26702;
0.0390224;-4.26556;
0.0390424;-4.26409;
0.0390624;-4.26263;
0.0390824;-4.26117;
0.0391024;-4.2597;
0.0391224;-4.25824;
0.0391424;-4.25677;
0.0391624;-4.25531;
0.0391824;-4.25384;
0.0392024;-4.25238;
0.0392224;-4.25091;
0.0392424;-4.24944;
0.0392624;-4.24798;
0.0392824;-4.24651;
0.0393024;-4.24504;
0.0393224;-4.24357;
0.0393424;-4.24211;
0.0393624;-4.24064;
0.0393824;-4.23917;
0.0394024;-4.2377;
0.0394224;-4.23623;
0.0394424;-4.23476;
0.0394624;-4.23329;
0.0394824;-4.23182;
0.0395024;-4.23035;
0.0395224;-4.22888;
0.0395424;-4.22741;
0.0395624;-4.22593;
0.0395824;-4.22446;
0.0396024;-4.22299;
0.0396224;-4.22152;
0.0396424;-4.22004;
0.0396624;-4.21857;
0.0396824;-4.2171;
0.0397024;-4.21562;
0.0397224;-4.21415;
0.0397424;-4.21267;
0.0397624;-4.2112;
0.0397824;-4.20972;
0.0398024;-4.20825;
0.0398224;-4.20677;
0.0398424;-4.2053;
0.0398624;-4.20382;
0.0398824;-4.20234;
0.0399024;-4.20087;
0.0399224;-4.19939;
0.0399424;-4.19791;
0.0399624;-4.19643;
0.0399824;-4.19495;
0.04;-4.19365;
0.0400001;-4.19365;
0.0400003;-4.19363;
0.0400007;-4.1936;
0.040001;-4.19358;
0.0400011;-4.19357;
0.0400012;-4.19356;
0.0400016;-4.19354;
0.0400022;-4.19349;
0.0400035;-4.1934;
0.040006;-4.19321;
0.0400112;-4.19283;
0.0400214;-4.19207;
0.0400414;-4.19059;
0.0400614;-4.18911;
0.0400814;-4.18763;
0.0401014;-4.18615;
0.0401214;-4.18467;
0.0401414;-4.18319;
0.0401614;-4.18171;
0.0401814;-4.18023;
0.0402014;-4.17874;
0.0402214;-4.17726;
0.0402414;-4.17578;
0.0402614;-4.1743;
0.0402814;-4.17281;
0.0403014;-4.17133;
0.0403214;-4.16985;
0.0403414;-4.16836;
0.0403614;-4.16688;
0.0403814;-4.16539;
0.0404014;-4.16391;
0.0404214;-4.16242;
0.0404414;-4.16094;
0.0404614;-4.15945;
0.0404814;-4.15797;
0.0405014;-4.15648;
0.0405214;-4.15499;
0.0405414;-4.15351;
0.0405614;-4.15202;
0.0405814;-4.15053;
0.0406014;-4.14904;
0.0406214;-4.14755;
0.0406414;-4.14607;
0.0406614;-4.14458;
0.0406814;-4.14309;
0.0407014;-4.1416;
0.0407214;-4.14011;
0.0407414;-4.13862;
0.0407614;-4.13713;
0.0407814;-4.13564;
0.0408014;-4.13415;
0.0408214;-4.13265;
0.0408414;-4.13116;
0.0408614;-4.12967;
0.0408814;-4.12818;
0.0409014;-4.12669;
0.0409214;-4.12519;
0.0409414;-4.1237;
0.0409614;-4.12221;
0.0409814;-4.12071;
0.0410014;-4.11922;
0.0410214;-4.11772;
0.0410414;-4.11623;
0.0410614;-4.11473;
0.0410814;-4.11324;
0.0411014;-4.11174;
0.0411214;-4.11025;
0.0411414;-4.10875;
0.0411614;-4.10725;
0.0411814;-4.10576;
0.0412014;-4.10426;
0.0412214;-4.10276;
0.0412414;-4.10127;
0.0412614;-4.09977;
0.0412814;-4.09827;
0.0413014;-4.09677;
0.0413214;-4.09527;
0.0413414;-4.09377;
0.0413614;-4.09227;
0.0413814;-4.09077;
0.0414014;-4.08927;
0.0414214;-4.08777;
0.0414414;-4.08627;
0.0414614;-4.08477;
0.0414814;-4.08327;
0.0415014;-4.08177;
0.0415214;-4.08027;
0.0415414;-4.07876;
0.0415614;-4.07726;
0.0415814;-4.07576;
0.0416014;-4.07426;
0.0416214;-4.07275;
0.0416414;-4.07125;
0.0416614;-4.06975;
0.0416814;-4.06824;
0.0417014;-4.06674;
0.0417214;-4.06523;
0.0417414;-4.06373;
0.0417614;-4.06222;
0.0417814;-4.06072;
0.0418014;-4.05921;
0.0418214;-4.0577;
0.0418414;-4.0562;
0.0418614;-4.05469;
0.0418814;-4.05318;
0.0419014;-4.05168;
0.0419214;-4.05017;
0.0419414;-4.04866;
0.0419614;-4.04715;
0.0419814;-4.04565;
0.042001;-4.04417;
0.0420011;-4.04416;
0.0420013;-4.04414;
0.0420017;-4.04411;
0.042002;-4.04409;
0.0420021;-4.04409;
0.0420022;-4.04407;
0.0420026;-4.04405;
0.0420032;-4.044;
0.0420045;-4.0439;
0.042007;-4.04371;
0.0420122;-4.04332;
0.0420224;-4.04255;
0.0420424;-4.04104;
0.0420624;-4.03953;
0.0420824;-4.03802;
0.0421024;-4.03651;
0.0421224;-4.035;
0.0421424;-4.03349;
0.0421624;-4.03198;
0.0421824;-4.03047;
0.0422024;-4.02896;
0.0422224;-4.02745;
0.0422424;-4.02593;
0.0422624;-4.02442;
0.0422824;-4.02291;
0.0423024;-4.0214;
0.0423224;-4.01988;
0.0423424;-4.01837;
0.0423624;-4.01685;
0.0423824;-4.01534;
0.0424024;-4.01383;
0.0424224;-4.01231;
0.0424424;-4.0108;
0.0424624;-4.00928;
0.0424824;-4.00777;
0.0425024;-4.00625;
0.0425224;-4.00473;
0.0425424;-4.00322;
0.0425624;-4.0017;
0.0425824;-4.00018;
0.0426024;-3.99867;
0.0426224;-3.99715;
0.0426424;-3.99563;
0.0426624;-3.99411;
0.0426824;-3.9926;
0.0427024;-3.99108;
0.0427224;-3.98956;
0.0427424;-3.98804;
0.0427624;-3.98652;
0.0427824;-3.985;
0.0428024;-3.98348;
0.0428224;-3.98196;
0.0428424;-3.98044;
0.0428624;-3.97892;
0.0428824;-3.9774;
0.0429024;-3.97588;
0.0429224;-3.97435;
0.0429424;-3.97283;
0.0429624;-3.97131;
0.0429824;-3.96979;
0.0430024;-3.96827;
0.0430224;-3.96674;
0.0430424;-3.96522;
0.0430624;-3.9637;
0.0430824;-3.96217;
0.0431024;-3.96065;
0.0431224;-3.95912;
0.0431424;-3.9576;
0.0431624;-3.95607;
0.0431824;-3.95455;
0.0432024;-3.95302;
0.0432224;-3.9515;
0.0432424;-3.94997;
0.0432624;-3.94845;
0.0432824;-3.94692;
0.0433024;-3.94539;
0.0433224;-3.94387;
0.0433424;-3.94234;
0.0433624;-3.94081;
0.0433824;-3.93928;
0.0434024;-3.93776;
0.0434224;-3.93623;
0.0434424;-3.9347;
0.0434624;-3.93317;
0.0434824;-3.93164;
0.0435024;-3.93011;
0.0435224;-3.92858;
0.0435424;-3.92705;
0.0435624;-3.92552;
0.0435824;-3.92399;
0.0436024;-3.92246;
0.0436224;-3.92093;
0.0436424;-3.9194;
0.0436624;-3.91787;
0.0436824;-3.91634;
0.0437024;-3.9148;
0.0437224;-3.91327;
0.0437424;-3.91174;
0.0437624;-3.91021;
0.0437824;-3.90867;
0.0438024;-3.90714;
0.0438224;-3.90561;
0.0438424;-3.90407;
0.0438624;-3.90254;
0.0438824;-3.901;
0.0439024;-3.89947;
0.0439224;-3.89793;
0.0439424;-3.8964;
0.0439624;-3.89486;
0.0439824;-3.89333;
0.044;-3.89198;
0.0440001;-3.89197;
0.0440003;-3.89195;
0.0440007;-3.89192;
0.044001;-3.8919;
0.0440011;-3.89189;
0.0440012;-3.89188;
0.0440016;-3.89186;
0.0440022;-3.89181;
0.0440035;-3.89171;
0.044006;-3.89151;
0.0440112;-3.89112;
0.0440214;-3.89033;
0.0440414;-3.8888;
0.0440614;-3.88726;
0.0440814;-3.88572;
0.0441014;-3.88419;
0.0441214;-3.88265;
0.0441414;-3.88111;
0.0441614;-3.87957;
0.0441814;-3.87804;
0.0442014;-3.8765;
0.0442214;-3.87496;
0.0442414;-3.87342;
0.0442614;-3.87188;
0.0442814;-3.87034;
0.0443014;-3.8688;
0.0443214;-3.86726;
0.0443414;-3.86572;
0.0443614;-3.86418;
0.0443814;-3.86264;
0.0444014;-3.8611;
0.0444214;-3.85956;
0.0444414;-3.85802;
0.0444614;-3.85647;
0.0444814;-3.85493;
0.0445014;-3.85339;
0.0445214;-3.85185;
0.0445414;-3.8503;
0.0445614;-3.84876;
0.0445814;-3.84722;
0.0446014;-3.84568;
0.0446214;-3.84413;
0.0446414;-3.84259;
0.0446614;-3.84104;
0.0446814;-3.8395;
0.0447014;-3.83795;
0.0447214;-3.83641;
0.0447414;-3.83486;
0.0447614;-3.83332;
0.0447814;-3.83177;
0.0448014;-3.83023;
0.0448214;-3.82868;
0.0448414;-3.82713;
0.0448614;-3.82559;
0.0448814;-3.82404;
0.0449014;-3.82249;
0.0449214;-3.82095;
0.0449414;-3.8194;
0.0449614;-3.81785;
0.0449814;-3.8163;
0.0450014;-3.81475;
0.0450214;-3.81321;
0.0450414;-3.81166;
0.0450614;-3.81011;
0.0450814;-3.80856;
0.0451014;-3.80701;
0.0451214;-3.80546;
0.0451414;-3.80391;
0.0451614;-3.80236;
0.0451814;-3.80081;
0.0452014;-3.79926;
0.0452214;-3.79771;
0.0452414;-3.79616;
0.0452614;-3.7946;
0.0452814;-3.79305;
0.0453014;-3.7915;
0.0453214;-3.78995;
0.0453414;-3.7884;
0.0453614;-3.78684;
0.0453814;-3.78529;
0.0454014;-3.78374;
0.0454214;-3.78218;
0.0454414;-3.78063;
0.0454614;-3.77908;
0.0454814;-3.77752;
0.0455014;-3.77597;
0.0455214;-3.77441;
0.0455414;-3.77286;
0.0455614;-3.7713;
0.0455814;-3.76975;
0.0456014;-3.76819;
0.0456214;-3.76664;
0.0456414;-3.76508;
0.0456614;-3.76352;
0.0456814;-3.76197;
0.0457014;-3.76041;
0.0457214;-3.75885;
0.0457414;-3.7573;
0.0457614;-3.75574;
0.0457814;-3.75418;
0.0458014;-3.75262;
0.0458214;-3.75107;
0.0458414;-3.74951;
0.0458614;-3.74795;
0.0458814;-3.74639;
0.0459014;-3.74483;
0.0459214;-3.74327;
0.0459414;-3.74171;
0.0459614;-3.74015;
0.0459814;-3.73859;
0.046001;-3.73706;
0.0460011;-3.73706;
0.0460013;-3.73704;
0.0460017;-3.73701;
0.046002;-3.73699;
0.0460021;-3.73698;
0.0460022;-3.73697;
0.0460026;-3.73694;
0.0460032;-3.73689;
0.0460045;-3.73679;
0.046007;-3.73659;
0.0460122;-3.73619;
0.0460224;-3.73539;
0.0460424;-3.73383;
0.0460624;-3.73227;
0.0460824;-3.73071;
0.0461024;-3.72915;
0.0461224;-3.72759;
0.0461424;-3.72603;
0.0461624;-3.72446;
0.0461824;-3.7229;
0.0462024;-3.72134;
0.0462224;-3.71978;
0.0462424;-3.71821;
0.0462624;-3.71665;
0.0462824;-3.71509;
0.0463024;-3.71352;
0.0463224;-3.71196;
0.0463424;-3.7104;
0.0463624;-3.70883;
0.0463824;-3.70727;
0.0464024;-3.7057;
0.0464224;-3.70414;
0.0464424;-3.70257;
0.0464624;-3.70101;
0.0464824;-3.69944;
0.0465024;-3.69788;
0.0465224;-3.69631;
0.0465424;-3.69474;
0.0465624;-3.69318;
0.0465824;-3.69161;
0.0466024;-3.69004;
0.0466224;-3.68848;
0.0466424;-3.68691;
0.0466624;-3.68534;
0.0466824;-3.68377;
0.0467024;-3.6822;
0.0467224;-3.68064;
0.0467424;-3.67907;
0.0467624;-3.6775;
0.0467824;-3.67593;
0.0468024;-3.67436;
0.0468224;-3.67279;
0.0468424;-3.67122;
0.0468624;-3.66965;
0.0468824;-3.66808;
0.0469024;-3.66651;
0.0469224;-3.66494;
0.0469424;-3.66337;
0.0469624;-3.6618;
0.0469824;-3.66023;
0.0470024;-3.65866;
0.0470224;-3.65708;
0.0470424;-3.65551;
0.0470624;-3.65394;
0.0470824;-3.65237;
0.0471024;-3.6508;
0.0471224;-3.64922;
0.0471424;-3.64765;
0.0471624;-3.64608;
0.0471824;-3.6445;
0.0472024;-3.64293;
0.0472224;-3.64136;
0.0472424;-3.63978;
0.0472624;-3.63821;
0.0472824;-3.63663;
0.0473024;-3.63506;
0.0473224;-3.63348;
0.0473424;-3.63191;
0.0473624;-3.63033;
0.0473824;-3.62876;
0.0474024;-3.62718;
0.0474224;-3.62561;
0.0474424;-3.62403;
0.0474624;-3.62246;
0.0474824;-3.62088;
0.0475024;-3.6193;
0.0475224;-3.61773;
0.0475424;-3.61615;
0.0475624;-3.61457;
0.0475824;-3.61299;
0.0476024;-3.61142;
0.0476224;-3.60984;
0.0476424;-3.60826;
0.0476624;-3.60668;
0.0476824;-3.6051;
0.0477024;-3.60352;
0.0477224;-3.60194;
0.0477424;-3.60036;
0.0477624;-3.59879;
0.0477824;-3.59721;
0.0478024;-3.59563;
0.0478224;-3.59405;
0.0478424;-3.59247;
0.0478624;-3.59089;
0.0478824;-3.5893;
0.0479024;-3.58772;
0.0479224;-3.58614;
0.0479424;-3.58456;
0.0479624;-3.58298;
0.0479824;-3.5814;
0.048;-3.58001;
0.0480001;-3.58;
0.0480003;-3.57998;
0.0480007;-3.57995;
0.048001;-3.57993;
0.0480011;-3.57992;
0.0480012;-3.57991;
0.0480016;-3.57988;
0.0480022;-3.57983;
0.0480035;-3.57973;
0.048006;-3.57953;
0.0480112;-3.57912;
0.0480214;-3.57831;
0.0480414;-3.57673;
0.0480614;-3.57515;
0.0480814;-3.57357;
0.0481014;-3.57198;
0.0481214;-3.5704;
0.0481414;-3.56882;
0.0481614;-3.56723;
0.0481814;-3.56565;
0.0482014;-3.56407;
0.0482214;-3.56248;
0.0482414;-3.5609;
0.0482614;-3.55931;
0.0482814;-3.55773;
0.0483014;-3.55614;
0.0483214;-3.55456;
0.0483414;-3.55297;
0.0483614;-3.55139;
0.0483814;-3.5498;
0.0484014;-3.54821;
0.0484214;-3.54663;
0.0484414;-3.54504;
0.0484614;-3.54346;
0.0484814;-3.54187;
0.0485014;-3.54028;
0.0485214;-3.53869;
0.0485414;-3.53711;
0.0485614;-3.53552;
0.0485814;-3.53393;
0.0486014;-3.53234;
0.0486214;-3.53076;
0.0486414;-3.52917;
0.0486614;-3.52758;
0.0486814;-3.52599;
0.0487014;-3.5244;
0.0487214;-3.52281;
0.0487414;-3.52122;
0.0487614;-3.51963;
0.0487814;-3.51804;
0.0488014;-3.51645;
0.0488214;-3.51486;
0.0488414;-3.51327;
0.0488614;-3.51168;
0.0488814;-3.51009;
0.0489014;-3.5085;
0.0489214;-3.50691;
0.0489414;-3.50532;
0.0489614;-3.50373;
0.0489814;-3.50214;
0.0490014;-3.50054;
0.0490214;-3.49895;
0.0490414;-3.49736;
0.0490614;-3.49577;
0.0490814;-3.49418;
0.0491014;-3.49258;
0.0491214;-3.49099;
0.0491414;-3.4894;
0.0491614;-3.4878;
0.0491814;-3.48621;
0.0492014;-3.48462;
0.0492214;-3.48302;
0.0492414;-3.48143;
0.0492614;-3.47983;
0.0492814;-3.47824;
0.0493014;-3.47664;
0.0493214;-3.47505;
0.0493414;-3.47345;
0.0493614;-3.47186;
0.0493814;-3.47026;
0.0494014;-3.46867;
0.0494214;-3.46707;
0.0494414;-3.46548;
0.0494614;-3.46388;
0.0494814;-3.46228;
0.0495014;-3.46069;
0.0495214;-3.45909;
0.0495414;-3.45749;
0.0495614;-3.4559;
0.0495814;-3.4543;
0.0496014;-3.4527;
0.0496214;-3.4511;
0.0496414;-3.44951;
0.0496614;-3.44791;
0.0496814;-3.44631;
0.0497014;-3.44471;
0.0497214;-3.44311;
0.0497414;-3.44151;
0.0497614;-3.43992;
0.0497814;-3.43832;
0.0498014;-3.43672;
0.0498214;-3.43512;
0.0498414;-3.43352;
0.0498614;-3.43192;
0.0498814;-3.43032;
0.0499014;-3.42872;
0.0499214;-3.42712;
0.0499414;-3.42552;
0.0499614;-3.42392;
0.0499814;-3.42232;
0.050001;-3.42075;
0.0500011;-3.42074;
0.0500013;-3.42072;
0.0500017;-3.42069;
0.050002;-3.42067;
0.0500021;-3.42066;
0.0500022;-3.42065;
0.0500026;-3.42062;
0.0500032;-3.42057;
0.0500045;-3.42047;
0.050007;-3.42026;
0.0500122;-3.41985;
0.0500224;-3.41903;
0.0500424;-3.41743;
0.0500624;-3.41583;
0.0500824;-3.41423;
0.0501024;-3.41263;
0.0501224;-3.41102;
0.0501424;-3.40942;
0.0501624;-3.40782;
0.0501824;-3.40622;
0.0502024;-3.40461;
0.0502224;-3.40301;
0.0502424;-3.40141;
0.0502624;-3.3998;
0.0502824;-3.3982;
0.0503024;-3.3966;
0.0503224;-3.39499;
0.0503424;-3.39339;
0.0503624;-3.39178;
0.0503824;-3.39018;
0.0504024;-3.38857;
0.0504224;-3.38697;
0.0504424;-3.38536;
0.0504624;-3.38376;
0.0504824;-3.38215;
0.0505024;-3.38055;
0.0505224;-3.37894;
0.0505424;-3.37734;
0.0505624;-3.37573;
0.0505824;-3.37412;
0.0506024;-3.37252;
0.0506224;-3.37091;
0.0506424;-3.3693;
0.0506624;-3.3677;
0.0506824;-3.36609;
0.0507024;-3.36448;
0.0507224;-3.36288;
0.0507424;-3.36127;
0.0507624;-3.35966;
0.0507824;-3.35805;
0.0508024;-3.35644;
0.0508224;-3.35484;
0.0508424;-3.35323;
0.0508624;-3.35162;
0.0508824;-3.35001;
0.0509024;-3.3484;
0.0509224;-3.34679;
0.0509424;-3.34518;
0.0509624;-3.34357;
0.0509824;-3.34196;
0.0510024;-3.34035;
0.0510224;-3.33874;
0.0510424;-3.33713;
0.0510624;-3.33552;
0.0510824;-3.33391;
0.0511024;-3.3323;
0.0511224;-3.33069;
0.0511424;-3.32908;
0.0511624;-3.32747;
0.0511824;-3.32586;
0.0512024;-3.32425;
0.0512224;-3.32263;
0.0512424;-3.32102;
0.0512624;-3.31941;
0.0512824;-3.3178;
0.0513024;-3.31619;
0.0513224;-3.31457;
0.0513424;-3.31296;
0.0513624;-3.31135;
0.0513824;-3.30973;
0.0514024;-3.30812;
0.0514224;-3.30651;
0.0514424;-3.30489;
0.0514624;-3.30328;
0.0514824;-3.30167;
0.0515024;-3.30005;
0.0515224;-3.29844;
0.0515424;-3.29682;
0.0515624;-3.29521;
0.0515824;-3.2936;
0.0516024;-3.29198;
0.0516224;-3.29037;
0.0516424;-3.28875;
0.0516624;-3.28714;
0.0516824;-3.28552;
0.0517024;-3.2839;
0.0517224;-3.28229;
0.0517424;-3.28067;
0.0517624;-3.27906;
0.0517824;-3.27744;
0.0518024;-3.27582;
0.0518224;-3.27421;
0.0518424;-3.27259;
0.0518624;-3.27097;
0.0518824;-3.26936;
0.0519024;-3.26774;
0.0519224;-3.26612;
0.0519424;-3.2645;
0.0519624;-3.26289;
0.0519824;-3.26127;
0.052;-3.25985;
0.0520001;-3.25984;
0.0520003;-3.25982;
0.0520007;-3.25979;
0.052001;-3.25976;
0.0520011;-3.25976;
0.0520012;-3.25974;
0.0520016;-3.25972;
0.0520022;-3.25967;
0.0520035;-3.25956;
0.052006;-3.25936;
0.0520112;-3.25894;
0.0520214;-3.25811;
0.0520414;-3.2565;
0.0520614;-3.25488;
0.0520814;-3.25326;
0.0521014;-3.25164;
0.0521214;-3.25002;
0.0521414;-3.2484;
0.0521614;-3.24678;
0.0521814;-3.24516;
0.0522014;-3.24354;
0.0522214;-3.24192;
0.0522414;-3.2403;
0.0522614;-3.23868;
0.0522814;-3.23706;
0.0523014;-3.23544;
0.0523214;-3.23382;
0.0523414;-3.2322;
0.0523614;-3.23058;
0.0523814;-3.22896;
0.0524014;-3.22734;
0.0524214;-3.22572;
0.0524414;-3.2241;
0.0524614;-3.22248;
0.0524814;-3.22085;
0.0525014;-3.21923;
0.0525214;-3.21761;
0.0525414;-3.21599;
0.0525614;-3.21437;
0.0525814;-3.21274;
0.0526014;-3.21112;
0.0526214;-3.2095;
0.0526414;-3.20787;
0.0526614;-3.20625;
0.0526814;-3.20463;
0.0527014;-3.20301;
0.0527214;-3.20138;
0.0527414;-3.19976;
0.0527614;-3.19813;
0.0527814;-3.19651;
0.0528014;-3.19489;
0.0528214;-3.19326;
0.0528414;-3.19164;
0.0528614;-3.19001;
0.0528814;-3.18839;
0.0529014;-3.18676;
0.0529214;-3.18514;
0.0529414;-3.18351;
0.0529614;-3.18189;
0.0529814;-3.18026;
0.0530014;-3.17864;
0.0530214;-3.17701;
0.0530414;-3.17539;
0.0530614;-3.17376;
0.0530814;-3.17213;
0.0531014;-3.17051;
0.0531214;-3.16888;
0.0531414;-3.16725;
0.0531614;-3.16563;
0.0531814;-3.164;
0.0532014;-3.16237;
0.0532214;-3.16075;
0.0532414;-3.15912;
0.0532614;-3.15749;
0.0532814;-3.15586;
0.0533014;-3.15424;
0.0533214;-3.15261;
0.0533414;-3.15098;
0.0533614;-3.14935;
0.0533814;-3.14772;
0.0534014;-3.1461;
0.0534214;-3.14447;
0.0534414;-3.14284;
0.0534614;-3.14121;
0.0534814;-3.13958;
0.0535014;-3.13795;
0.0535214;-3.13632;
0.0535414;-3.13469;
0.0535614;-3.13306;
0.0535814;-3.13143;
0.0536014;-3.1298;
0.0536214;-3.12817;
0.0536414;-3.12654;
0.0536614;-3.12491;
0.0536814;-3.12328;
0.0537014;-3.12165;
0.0537214;-3.12002;
0.0537414;-3.11839;
0.0537614;-3.11676;
0.0537814;-3.11513;
0.0538014;-3.1135;
0.0538214;-3.11187;
0.0538414;-3.11023;
0.0538614;-3.1086;
0.0538814;-3.10697;
0.0539014;-3.10534;
0.0539214;-3.10371;
0.0539414;-3.10208;
0.0539614;-3.10044;
0.0539814;-3.09881;
0.054001;-3.09721;
0.0540011;-3.0972;
0.0540013;-3.09719;
0.0540017;-3.09715;
0.054002;-3.09713;
0.0540021;-3.09712;
0.0540022;-3.09711;
0.0540026;-3.09708;
0.0540032;-3.09703;
0.0540045;-3.09693;
0.054007;-3.09672;
0.0540122;-3.0963;
0.0540224;-3.09546;
0.0540424;-3.09383;
0.0540624;-3.0922;
0.0540824;-3.09056;
0.0541024;-3.08893;
0.0541224;-3.0873;
0.0541424;-3.08566;
0.0541624;-3.08403;
0.0541824;-3.0824;
0.0542024;-3.08076;
0.0542224;-3.07913;
0.0542424;-3.07749;
0.0542624;-3.07586;
0.0542824;-3.07423;
0.0543024;-3.07259;
0.0543224;-3.07096;
0.0543424;-3.06932;
0.0543624;-3.06769;
0.0543824;-3.06605;
0.0544024;-3.06442;
0.0544224;-3.06278;
0.0544424;-3.06115;
0.0544624;-3.05951;
0.0544824;-3.05787;
0.0545024;-3.05624;
0.0545224;-3.0546;
0.0545424;-3.05297;
0.0545624;-3.05133;
0.0545824;-3.04969;
0.0546024;-3.04806;
0.0546224;-3.04642;
0.0546424;-3.04478;
0.0546624;-3.04315;
0.0546824;-3.04151;
0.0547024;-3.03987;
0.0547224;-3.03823;
0.0547424;-3.0366;
0.0547624;-3.03496;
0.0547824;-3.03332;
0.0548024;-3.03168;
0.0548224;-3.03005;
0.0548424;-3.02841;
0.0548624;-3.02677;
0.0548824;-3.02513;
0.0549024;-3.02349;
0.0549224;-3.02185;
0.0549424;-3.02021;
0.0549624;-3.01858;
0.0549824;-3.01694;
0.0550024;-3.0153;
0.0550224;-3.01366;
0.0550424;-3.01202;
0.0550624;-3.01038;
0.0550824;-3.00874;
0.0551024;-3.0071;
0.0551224;-3.00546;
0.0551424;-3.00382;
0.0551624;-3.00218;
0.0551824;-3.00054;
0.0552024;-2.9989;
0.0552224;-2.99726;
0.0552424;-2.99562;
0.0552624;-2.99398;
0.0552824;-2.99234;
0.0553024;-2.9907;
0.0553224;-2.98906;
0.0553424;-2.98741;
0.0553624;-2.98577;
0.0553824;-2.98413;
0.0554024;-2.98249;
0.0554224;-2.98085;
0.0554424;-2.97921;
0.0554624;-2.97756;
0.0554824;-2.97592;
0.0555024;-2.97428;
0.0555224;-2.97264;
0.0555424;-2.971;
0.0555624;-2.96935;
0.0555824;-2.96771;
0.0556024;-2.96607;
0.0556224;-2.96442;
0.0556424;-2.96278;
0.0556624;-2.96114;
0.0556824;-2.9595;
0.0557024;-2.95785;
0.0557224;-2.95621;
0.0557424;-2.95457;
0.0557624;-2.95292;
0.0557824;-2.95128;
0.0558024;-2.94963;
0.0558224;-2.94799;
0.0558424;-2.94635;
0.0558624;-2.9447;
0.0558824;-2.94306;
0.0559024;-2.94141;
0.0559224;-2.93977;
0.0559424;-2.93812;
0.0559624;-2.93648;
0.0559824;-2.93483;
0.056;-2.93339;
0.0560001;-2.93338;
0.0560003;-2.93336;
0.0560007;-2.93333;
0.056001;-2.9333;
0.0560011;-2.9333;
0.0560012;-2.93328;
0.0560016;-2.93326;
0.0560022;-2.9332;
0.0560035;-2.9331;
0.056006;-2.93289;
0.0560112;-2.93247;
0.0560214;-2.93162;
0.0560414;-2.92998;
0.0560614;-2.92833;
0.0560814;-2.92669;
0.0561014;-2.92504;
0.0561214;-2.9234;
0.0561414;-2.92175;
0.0561614;-2.92011;
0.0561814;-2.91846;
0.0562014;-2.91681;
0.0562214;-2.91517;
0.0562414;-2.91352;
0.0562614;-2.91187;
0.0562814;-2.91023;
0.0563014;-2.90858;
0.0563214;-2.90693;
0.0563414;-2.90529;
0.0563614;-2.90364;
0.0563814;-2.90199;
0.0564014;-2.90034;
0.0564214;-2.8987;
0.0564414;-2.89705;
0.0564614;-2.8954;
0.0564814;-2.89375;
0.0565014;-2.89211;
0.0565214;-2.89046;
0.0565414;-2.88881;
0.0565614;-2.88716;
0.0565814;-2.88551;
0.0566014;-2.88386;
0.0566214;-2.88222;
0.0566414;-2.88057;
0.0566614;-2.87892;
0.0566814;-2.87727;
0.0567014;-2.87562;
0.0567214;-2.87397;
0.0567414;-2.87232;
0.0567614;-2.87067;
0.0567814;-2.86902;
0.0568014;-2.86737;
0.0568214;-2.86572;
0.0568414;-2.86408;
0.0568614;-2.86243;
0.0568814;-2.86078;
0.0569014;-2.85913;
0.0569214;-2.85748;
0.0569414;-2.85582;
0.0569614;-2.85417;
0.0569814;-2.85252;
0.0570014;-2.85087;
0.0570214;-2.84922;
0.0570414;-2.84757;
0.0570614;-2.84592;
0.0570814;-2.84427;
0.0571014;-2.84262;
0.0571214;-2.84097;
0.0571414;-2.83932;
0.0571614;-2.83766;
0.0571814;-2.83601;
0.0572014;-2.83436;
0.0572214;-2.83271;
0.0572414;-2.83106;
0.0572614;-2.82941;
0.0572814;-2.82775;
0.0573014;-2.8261;
0.0573214;-2.82445;
0.0573414;-2.8228;
0.0573614;-2.82115;
0.0573814;-2.81949;
0.0574014;-2.81784;
0.0574214;-2.81619;
0.0574414;-2.81453;
0.0574614;-2.81288;
0.0574814;-2.81123;
0.0575014;-2.80958;
0.0575214;-2.80792;
0.0575414;-2.80627;
0.0575614;-2.80462;
0.0575814;-2.80296;
0.0576014;-2.80131;
0.0576214;-2.79965;
0.0576414;-2.798;
0.0576614;-2.79635;
0.0576814;-2.79469;
0.0577014;-2.79304;
0.0577214;-2.79138;
0.0577414;-2.78973;
0.0577614;-2.78808;
0.0577814;-2.78642;
0.0578014;-2.78477;
0.0578214;-2.78311;
0.0578414;-2.78146;
0.0578614;-2.7798;
0.0578814;-2.77815;
0.0579014;-2.77649;
0.0579214;-2.77484;
0.0579414;-2.77318;
0.0579614;-2.77153;
0.0579814;-2.76987;
0.058001;-2.76825;
0.0580011;-2.76824;
0.0580013;-2.76822;
0.0580017;-2.76819;
0.058002;-2.76816;
0.0580021;-2.76816;
0.0580022;-2.76815;
0.0580026;-2.76812;
0.0580032;-2.76807;
0.0580045;-2.76796;
0.058007;-2.76775;
0.0580122;-2.76732;
0.0580224;-2.76648;
0.0580424;-2.76482;
0.0580624;-2.76316;
0.0580824;-2.76151;
0.0581024;-2.75985;
0.0581224;-2.7582;
0.0581424;-2.75654;
0.0581624;-2.75488;
0.0581824;-2.75323;
0.0582024;-2.75157;
0.0582224;-2.74991;
0.0582424;-2.74826;
0.0582624;-2.7466;
0.0582824;-2.74494;
0.0583024;-2.74329;
0.0583224;-2.74163;
0.0583424;-2.73997;
0.0583624;-2.73832;
0.0583824;-2.73666;
0.0584024;-2.735;
0.0584224;-2.73334;
0.0584424;-2.73169;
0.0584624;-2.73003;
0.0584824;-2.72837;
0.0585024;-2.72671;
0.0585224;-2.72505;
0.0585424;-2.7234;
0.0585624;-2.72174;
0.0585824;-2.72008;
0.0586024;-2.71842;
0.0586224;-2.71676;
0.0586424;-2.7151;
0.0586624;-2.71345;
0.0586824;-2.71179;
0.0587024;-2.71013;
0.0587224;-2.70847;
0.0587424;-2.70681;
0.0587624;-2.70515;
0.0587824;-2.70349;
0.0588024;-2.70183;
0.0588224;-2.70017;
0.0588424;-2.69851;
0.0588624;-2.69685;
0.0588824;-2.69519;
0.0589024;-2.69353;
0.0589224;-2.69187;
0.0589424;-2.69021;
0.0589624;-2.68856;
0.0589824;-2.68689;
0.0590024;-2.68523;
0.0590224;-2.68357;
0.0590424;-2.68191;
0.0590624;-2.68025;
0.0590824;-2.67859;
0.0591024;-2.67693;
0.0591224;-2.67527;
0.0591424;-2.67361;
0.0591624;-2.67195;
0.0591824;-2.67029;
0.0592024;-2.66863;
0.0592224;-2.66697;
0.0592424;-2.66531;
0.0592624;-2.66365;
0.0592824;-2.66198;
0.0593024;-2.66032;
0.0593224;-2.65866;
0.0593424;-2.657;
0.0593624;-2.65534;
0.0593824;-2.65368;
0.0594024;-2.65201;
0.0594224;-2.65035;
0.0594424;-2.64869;
0.0594624;-2.64703;
0.0594824;-2.64537;
0.0595024;-2.6437;
0.0595224;-2.64204;
0.0595424;-2.64038;
0.0595624;-2.63872;
0.0595824;-2.63705;
0.0596024;-2.63539;
0.0596224;-2.63373;
0.0596424;-2.63207;
0.0596624;-2.6304;
0.0596824;-2.62874;
0.0597024;-2.62708;
0.0597224;-2.62541;
0.0597424;-2.62375;
0.0597624;-2.62209;
0.0597824;-2.62043;
0.0598024;-2.61876;
0.0598224;-2.6171;
0.0598424;-2.61543;
0.0598624;-2.61377;
0.0598824;-2.61211;
0.0599024;-2.61044;
0.0599224;-2.60878;
0.0599424;-2.60712;
0.0599624;-2.60545;
0.0599824;-2.60379;
0.06;-2.60232;
0.0600001;-2.60231;
0.0600003;-2.6023;
0.0600007;-2.60226;
0.060001;-2.60224;
0.0600011;-2.60223;
0.0600012;-2.60222;
0.0600016;-2.60219;
0.0600022;-2.60214;
0.0600035;-2.60203;
0.060006;-2.60182;
0.0600112;-2.60139;
0.0600214;-2.60054;
0.0600414;-2.59888;
0.0600614;-2.59721;
0.0600814;-2.59555;
0.0601014;-2.59388;
0.0601214;-2.59222;
0.0601414;-2.59056;
0.0601614;-2.58889;
0.0601814;-2.58723;
0.0602014;-2.58556;
0.0602214;-2.5839;
0.0602414;-2.58223;
0.0602614;-2.58057;
0.0602814;-2.5789;
0.0603014;-2.57723;
0.0603214;-2.57557;
0.0603414;-2.5739;
0.0603614;-2.57224;
0.0603814;-2.57057;
0.0604014;-2.56891;
0.0604214;-2.56724;
0.0604414;-2.56558;
0.0604614;-2.56391;
0.0604814;-2.56224;
0.0605014;-2.56058;
0.0605214;-2.55891;
0.0605414;-2.55725;
0.0605614;-2.55558;
0.0605814;-2.55391;
0.0606014;-2.55225;
0.0606214;-2.55058;
0.0606414;-2.54891;
0.0606614;-2.54725;
0.0606814;-2.54558;
0.0607014;-2.54391;
0.0607214;-2.54225;
0.0607414;-2.54058;
0.0607614;-2.53891;
0.0607814;-2.53725;
0.0608014;-2.53558;
0.0608214;-2.53391;
0.0608414;-2.53224;
0.0608614;-2.53058;
0.0608814;-2.52891;
0.0609014;-2.52724;
0.0609214;-2.52557;
0.0609414;-2.52391;
0.0609614;-2.52224;
0.0609814;-2.52057;
0.0610014;-2.5189;
0.0610214;-2.51724;
0.0610414;-2.51557;
0.0610614;-2.5139;
0.0610814;-2.51223;
0.0611014;-2.51056;
0.0611214;-2.50889;
0.0611414;-2.50723;
0.0611614;-2.50556;
0.0611814;-2.50389;
0.0612014;-2.50222;
0.0612214;-2.50055;
0.0612414;-2.49888;
0.0612614;-2.49722;
0.0612814;-2.49555;
0.0613014;-2.49388;
0.0613214;-2.49221;
0.0613414;-2.49054;
0.0613614;-2.48887;
0.0613814;-2.4872;
0.0614014;-2.48553;
0.0614214;-2.48386;
0.0614414;-2.48219;
0.0614614;-2.48053;
0.0614814;-2.47886;
0.0615014;-2.47719;
0.0615214;-2.47552;
0.0615414;-2.47385;
0.0615614;-2.47218;
0.0615814;-2.47051;
0.0616014;-2.46884;
0.0616214;-2.46717;
0.0616414;-2.4655;
0.0616614;-2.46383;
0.0616814;-2.46216;
0.0617014;-2.46049;
0.0617214;-2.45882;
0.0617414;-2.45715;
0.0617614;-2.45548;
0.0617814;-2.45381;
0.0618014;-2.45214;
0.0618214;-2.45047;
0.0618414;-2.4488;
0.0618614;-2.44713;
0.0618814;-2.44546;
0.0619014;-2.44378;
0.0619214;-2.44211;
0.0619414;-2.44044;
0.0619614;-2.43877;
0.0619814;-2.4371;
0.062001;-2.43546;
0.0620011;-2.43546;
0.0620013;-2.43544;
0.0620017;-2.4354;
0.062002;-2.43538;
0.0620021;-2.43537;
0.0620022;-2.43536;
0.0620026;-2.43533;
0.0620032;-2.43528;
0.0620045;-2.43517;
0.062007;-2.43496;
0.0620122;-2.43453;
0.0620224;-2.43368;
0.0620424;-2.432;
0.0620624;-2.43033;
0.0620824;-2.42866;
0.0621024;-2.42699;
0.0621224;-2.42532;
0.0621424;-2.42365;
0.0621624;-2.42198;
0.0621824;-2.4203;
0.0622024;-2.41863;
0.0622224;-2.41696;
0.0622424;-2.41529;
0.0622624;-2.41362;
0.0622824;-2.41195;
0.0623024;-2.41027;
0.0623224;-2.4086;
0.0623424;-2.40693;
0.0623624;-2.40526;
0.0623824;-2.40359;
0.0624024;-2.40191;
0.0624224;-2.40024;
0.0624424;-2.39857;
0.0624624;-2.3969;
0.0624824;-2.39523;
0.0625024;-2.39355;
0.0625224;-2.39188;
0.0625424;-2.39021;
0.0625624;-2.38854;
0.0625824;-2.38686;
0.0626024;-2.38519;
0.0626224;-2.38352;
0.0626424;-2.38184;
0.0626624;-2.38017;
0.0626824;-2.3785;
0.0627024;-2.37683;
0.0627224;-2.37515;
0.0627424;-2.37348;
0.0627624;-2.37181;
0.0627824;-2.37013;
0.0628024;-2.36846;
0.0628224;-2.36679;
0.0628424;-2.36511;
0.0628624;-2.36344;
0.0628824;-2.36177;
0.0629024;-2.36009;
0.0629224;-2.35842;
0.0629424;-2.35675;
0.0629624;-2.35507;
0.0629824;-2.3534;
0.0630024;-2.35172;
0.0630224;-2.35005;
0.0630424;-2.34838;
0.0630624;-2.3467;
0.0630824;-2.34503;
0.0631024;-2.34336;
0.0631224;-2.34168;
0.0631424;-2.34001;
0.0631624;-2.33833;
0.0631824;-2.33666;
0.0632024;-2.33498;
0.0632224;-2.33331;
0.0632424;-2.33164;
0.0632624;-2.32996;
0.0632824;-2.32829;
0.0633024;-2.32661;
0.0633224;-2.32494;
0.0633424;-2.32326;
0.0633624;-2.32159;
0.0633824;-2.31991;
0.0634024;-2.31824;
0.0634224;-2.31656;
0.0634424;-2.31489;
0.0634624;-2.31321;
0.0634824;-2.31154;
0.0635024;-2.30986;
0.0635224;-2.30819;
0.0635424;-2.30651;
0.0635624;-2.30484;
0.0635824;-2.30316;
0.0636024;-2.30149;
0.0636224;-2.29981;
0.0636424;-2.29814;
0.0636624;-2.29646;
0.0636824;-2.29479;
0.0637024;-2.29311;
0.0637224;-2.29144;
0.0637424;-2.28976;
0.0637624;-2.28809;
0.0637824;-2.28641;
0.0638024;-2.28473;
0.0638224;-2.28306;
0.0638424;-2.28138;
0.0638624;-2.27971;
0.0638824;-2.27803;
0.0639024;-2.27636;
0.0639224;-2.27468;
0.0639424;-2.273;
0.0639624;-2.27133;
0.0639824;-2.26965;
0.064;-2.26818;
0.0640001;-2.26817;
0.0640003;-2.26815;
0.0640007;-2.26812;
0.064001;-2.26809;
0.0640011;-2.26809;
0.0640012;-2.26807;
0.0640016;-2.26805;
0.0640022;-2.26799;
0.0640035;-2.26789;
0.064006;-2.26767;
0.0640112;-2.26724;
0.0640214;-2.26638;
0.0640414;-2.26471;
0.0640614;-2.26303;
0.0640814;-2.26135;
0.0641014;-2.25968;
0.0641214;-2.258;
0.0641414;-2.25633;
0.0641614;-2.25465;
0.0641814;-2.25297;
0.0642014;-2.2513;
0.0642214;-2.24962;
0.0642414;-2.24794;
0.0642614;-2.24627;
0.0642814;-2.24459;
0.0643014;-2.24291;
0.0643214;-2.24124;
0.0643414;-2.23956;
0.0643614;-2.23788;
0.0643814;-2.23621;
0.0644014;-2.23453;
0.0644214;-2.23285;
0.0644414;-2.23117;
0.0644614;-2.2295;
0.0644814;-2.22782;
0.0645014;-2.22614;
0.0645214;-2.22447;
0.0645414;-2.22279;
0.0645614;-2.22111;
0.0645814;-2.21943;
0.0646014;-2.21776;
0.0646214;-2.21608;
0.0646414;-2.2144;
0.0646614;-2.21273;
0.0646814;-2.21105;
0.0647014;-2.20937;
0.0647214;-2.20769;
0.0647414;-2.20602;
0.0647614;-2.20434;
0.0647814;-2.20266;
0.0648014;-2.20098;
0.0648214;-2.1993;
0.0648414;-2.19763;
0.0648614;-2.19595;
0.0648814;-2.19427;
0.0649014;-2.19259;
0.0649214;-2.19092;
0.0649414;-2.18924;
0.0649614;-2.18756;
0.0649814;-2.18588;
0.0650014;-2.1842;
0.0650214;-2.18253;
0.0650414;-2.18085;
0.0650614;-2.17917;
0.0650814;-2.17749;
0.0651014;-2.17581;
0.0651214;-2.17413;
0.0651414;-2.17246;
0.0651614;-2.17078;
0.0651814;-2.1691;
0.0652014;-2.16742;
0.0652214;-2.16574;
0.0652414;-2.16406;
0.0652614;-2.16239;
0.0652814;-2.16071;
0.0653014;-2.15903;
0.0653214;-2.15735;
0.0653414;-2.15567;
0.0653614;-2.15399;
0.0653814;-2.15231;
0.0654014;-2.15064;
0.0654214;-2.14896;
0.0654414;-2.14728;
0.0654614;-2.1456;
0.0654814;-2.14392;
0.0655014;-2.14224;
0.0655214;-2.14056;
0.0655414;-2.13888;
0.0655614;-2.1372;
0.0655814;-2.13553;
0.0656014;-2.13385;
0.0656214;-2.13217;
0.0656414;-2.13049;
0.0656614;-2.12881;
0.0656814;-2.12713;
0.0657014;-2.12545;
0.0657214;-2.12377;
0.0657414;-2.12209;
0.0657614;-2.12041;
0.0657814;-2.11873;
0.0658014;-2.11705;
0.0658214;-2.11537;
0.0658414;-2.1137;
0.0658614;-2.11202;
0.0658814;-2.11034;
0.0659014;-2.10866;
0.0659214;-2.10698;
0.0659414;-2.1053;
0.0659614;-2.10362;
0.0659814;-2.10194;
0.066001;-2.10029;
0.0660011;-2.10028;
0.0660013;-2.10027;
0.0660017;-2.10023;
0.066002;-2.10021;
0.0660021;-2.1002;
0.0660022;-2.10019;
0.0660026;-2.10016;
0.0660032;-2.10011;
0.0660045;-2.1;
0.066007;-2.09979;
0.0660122;-2.09936;
0.0660224;-2.0985;
0.0660424;-2.09682;
0.0660624;-2.09514;
0.0660824;-2.09346;
0.0661024;-2.09178;
0.0661224;-2.0901;
0.0661424;-2.08842;
0.0661624;-2.08674;
0.0661824;-2.08506;
0.0662024;-2.08338;
0.0662224;-2.0817;
0.0662424;-2.08002;
0.0662624;-2.07834;
0.0662824;-2.07666;
0.0663024;-2.07498;
0.0663224;-2.0733;
0.0663424;-2.07162;
0.0663624;-2.06994;
0.0663824;-2.06826;
0.0664024;-2.06658;
0.0664224;-2.0649;
0.0664424;-2.06322;
0.0664624;-2.06154;
0.0664824;-2.05986;
0.0665024;-2.05818;
0.0665224;-2.0565;
0.0665424;-2.05482;
0.0665624;-2.05314;
0.0665824;-2.05146;
0.0666024;-2.04977;
0.0666224;-2.04809;
0.0666424;-2.04641;
0.0666624;-2.04473;
0.0666824;-2.04305;
0.0667024;-2.04137;
0.0667224;-2.03969;
0.0667424;-2.03801;
0.0667624;-2.03633;
0.0667824;-2.03465;
0.0668024;-2.03297;
0.0668224;-2.03129;
0.0668424;-2.02961;
0.0668624;-2.02793;
0.0668824;-2.02625;
0.0669024;-2.02457;
0.0669224;-2.02289;
0.0669424;-2.02121;
0.0669624;-2.01952;
0.0669824;-2.01784;
0.0670024;-2.01616;
0.0670224;-2.01448;
0.0670424;-2.0128;
0.0670624;-2.01112;
0.0670824;-2.00944;
0.0671024;-2.00776;
0.0671224;-2.00608;
0.0671424;-2.0044;
0.0671624;-2.00272;
0.0671824;-2.00103;
0.0672024;-1.99935;
0.0672224;-1.99767;
0.0672424;-1.99599;
0.0672624;-1.99431;
0.0672824;-1.99263;
0.0673024;-1.99095;
0.0673224;-1.98927;
0.0673424;-1.98759;
0.0673624;-1.98591;
0.0673824;-1.98422;
0.0674024;-1.98254;
0.0674224;-1.98086;
0.0674424;-1.97918;
0.0674624;-1.9775;
0.0674824;-1.97582;
0.0675024;-1.97414;
0.0675224;-1.97246;
0.0675424;-1.97077;
0.0675624;-1.96909;
0.0675824;-1.96741;
0.0676024;-1.96573;
0.0676224;-1.96405;
0.0676424;-1.96237;
0.0676624;-1.96069;
0.0676824;-1.95901;
0.0677024;-1.95732;
0.0677224;-1.95564;
0.0677424;-1.95396;
0.0677624;-1.95228;
0.0677824;-1.9506;
0.0678024;-1.94892;
0.0678224;-1.94723;
0.0678424;-1.94555;
0.0678624;-1.94387;
0.0678824;-1.94219;
0.0679024;-1.94051;
0.0679224;-1.93883;
0.0679424;-1.93715;
0.0679624;-1.93546;
0.0679824;-1.93378;
0.0679957;-1.93269;
0.068;-1.93236;
0.0680001;-1.93235;
0.0680003;-1.93233;
0.0680007;-1.9323;
0.068001;-1.93228;
0.0680011;-1.93227;
0.0680012;-1.93226;
0.0680016;-1.93224;
0.0680022;-1.93219;
0.0680035;-1.93209;
0.068006;-1.93189;
0.0680112;-1.9315;
0.0680214;-1.93071;
0.0680299;-1.93005;
0.0680382;-1.92941;
0.068048;-1.92866;
0.0680674;-1.92716;
0.0680874;-1.92562;
0.0681074;-1.92408;
0.0681274;-1.92254;
0.0681474;-1.92099;
0.0681674;-1.91945;
0.0681874;-1.91791;
0.0682074;-1.91637;
0.0682274;-1.91483;
0.0682474;-1.91328;
0.0682674;-1.91174;
0.0682874;-1.9102;
0.0683074;-1.90866;
0.0683274;-1.90711;
0.0683474;-1.90557;
0.0683674;-1.90403;
0.0683874;-1.90249;
0.0684074;-1.90094;
0.0684274;-1.8994;
0.0684474;-1.89786;
0.0684674;-1.89631;
0.0684874;-1.89477;
0.0685074;-1.89323;
0.0685274;-1.89168;
0.0685474;-1.89014;
0.0685674;-1.8886;
0.0685874;-1.88705;
0.0686074;-1.88551;
0.0686274;-1.88396;
0.0686474;-1.88242;
0.0686674;-1.88088;
0.0686874;-1.87933;
0.0687074;-1.87779;
0.0687274;-1.87624;
0.0687474;-1.8747;
0.0687674;-1.87315;
0.0687874;-1.87161;
0.0688074;-1.87006;
0.0688274;-1.86852;
0.0688474;-1.86697;
0.0688674;-1.86543;
0.0688874;-1.86388;
0.0689074;-1.86234;
0.0689274;-1.86079;
0.0689474;-1.85925;
0.0689674;-1.8577;
0.0689874;-1.85616;
0.0690074;-1.85461;
0.0690274;-1.85307;
0.0690474;-1.85152;
0.0690674;-1.84997;
0.0690874;-1.84843;
0.0691074;-1.84688;
0.0691274;-1.84533;
0.0691474;-1.84379;
0.0691674;-1.84224;
0.0691874;-1.8407;
0.0692074;-1.83915;
0.0692274;-1.8376;
0.0692474;-1.83606;
0.0692674;-1.83451;
0.0692874;-1.83296;
0.0693074;-1.83142;
0.0693274;-1.82987;
0.0693474;-1.82832;
0.0693674;-1.82677;
0.0693874;-1.82523;
0.0694074;-1.82368;
0.0694274;-1.82213;
0.0694474;-1.82058;
0.0694674;-1.81904;
0.0694874;-1.81749;
0.0695074;-1.81594;
0.0695274;-1.81439;
0.0695474;-1.81284;
0.0695674;-1.8113;
0.0695874;-1.80975;
0.0696074;-1.8082;
0.0696274;-1.80665;
0.0696474;-1.8051;
0.0696674;-1.80355;
0.0696874;-1.80201;
0.0697074;-1.80046;
0.0697274;-1.79891;
0.0697474;-1.79736;
0.0697674;-1.79581;
0.0697874;-1.79426;
0.0698074;-1.79271;
0.0698274;-1.79116;
0.0698474;-1.78961;
0.0698674;-1.78807;
0.0698874;-1.78652;
0.0699074;-1.78497;
0.0699274;-1.78342;
0.0699474;-1.78187;
0.0699674;-1.78032;
0.0699874;-1.77877;
0.070001;-1.77772;
0.0700011;-1.77771;
0.0700013;-1.77769;
0.0700017;-1.77766;
0.070002;-1.77764;
0.0700021;-1.77763;
0.0700022;-1.77762;
0.0700026;-1.77759;
0.0700032;-1.77755;
0.0700045;-1.77745;
0.070007;-1.77725;
0.0700122;-1.77685;
0.0700224;-1.77606;
0.0700424;-1.77451;
0.0700624;-1.77296;
0.0700824;-1.77141;
0.0701024;-1.76986;
0.0701224;-1.76831;
0.0701424;-1.76676;
0.0701624;-1.76521;
0.0701824;-1.76365;
0.0702024;-1.7621;
0.0702224;-1.76055;
0.0702424;-1.759;
0.0702624;-1.75745;
0.0702824;-1.7559;
0.0703024;-1.75435;
0.0703224;-1.7528;
0.0703424;-1.75125;
0.0703624;-1.7497;
0.0703824;-1.74815;
0.0704024;-1.74659;
0.0704224;-1.74504;
0.0704424;-1.74349;
0.0704624;-1.74194;
0.0704824;-1.74039;
0.0705024;-1.73884;
0.0705224;-1.73728;
0.0705424;-1.73573;
0.0705624;-1.73418;
0.0705824;-1.73263;
0.0706024;-1.73108;
0.0706224;-1.72952;
0.0706424;-1.72797;
0.0706624;-1.72642;
0.0706824;-1.72487;
0.0707024;-1.72331;
0.0707224;-1.72176;
0.0707424;-1.72021;
0.0707624;-1.71866;
0.0707824;-1.7171;
0.0708024;-1.71555;
0.0708224;-1.714;
0.0708424;-1.71244;
0.0708624;-1.71089;
0.0708824;-1.70934;
0.0709024;-1.70778;
0.0709224;-1.70623;
0.0709424;-1.70468;
0.0709624;-1.70312;
0.0709824;-1.70157;
0.0710024;-1.70002;
0.0710224;-1.69846;
0.0710424;-1.69691;
0.0710624;-1.69536;
0.0710824;-1.6938;
0.0711024;-1.69225;
0.0711224;-1.69069;
0.0711424;-1.68914;
0.0711624;-1.68759;
0.0711824;-1.68603;
0.0712024;-1.68448;
0.0712224;-1.68292;
0.0712424;-1.68137;
0.0712624;-1.67981;
0.0712824;-1.67826;
0.0713024;-1.6767;
0.0713224;-1.67515;
0.0713424;-1.67359;
0.0713624;-1.67204;
0.0713824;-1.67048;
0.0714024;-1.66893;
0.0714224;-1.66737;
0.0714424;-1.66582;
0.0714624;-1.66426;
0.0714824;-1.66271;
0.0715024;-1.66115;
0.0715224;-1.6596;
0.0715424;-1.65804;
0.0715624;-1.65649;
0.0715824;-1.65493;
0.0716024;-1.65338;
0.0716224;-1.65182;
0.0716424;-1.65026;
0.0716624;-1.64871;
0.0716824;-1.64715;
0.0717024;-1.6456;
0.0717224;-1.64404;
0.0717424;-1.64248;
0.0717624;-1.64093;
0.0717824;-1.63937;
0.0718024;-1.63782;
0.0718224;-1.63626;
0.0718424;-1.6347;
0.0718624;-1.63315;
0.0718824;-1.63159;
0.0719024;-1.63003;
0.0719224;-1.62848;
0.0719424;-1.62692;
0.0719624;-1.62536;
0.0719824;-1.62381;
0.072;-1.62244;
0.0720001;-1.62243;
0.0720003;-1.62241;
0.0720007;-1.62238;
0.072001;-1.62236;
0.0720011;-1.62235;
0.0720012;-1.62234;
0.0720016;-1.62231;
0.0720022;-1.62226;
0.0720035;-1.62216;
0.072006;-1.62197;
0.0720112;-1.62157;
0.0720214;-1.62077;
0.0720393;-1.61938;
0.0720577;-1.61795;
0.0720777;-1.61639;
0.0720977;-1.61483;
0.0721177;-1.61327;
0.0721377;-1.61172;
0.0721577;-1.61016;
0.0721777;-1.6086;
0.0721977;-1.60704;
0.0722177;-1.60549;
0.0722377;-1.60393;
0.0722577;-1.60237;
0.0722777;-1.60081;
0.0722977;-1.59926;
0.0723177;-1.5977;
0.0723377;-1.59614;
0.0723577;-1.59458;
0.0723777;-1.59302;
0.0723977;-1.59146;
0.0724177;-1.58991;
0.0724377;-1.58835;
0.0724577;-1.58679;
0.0724777;-1.58523;
0.0724977;-1.58367;
0.0725177;-1.58211;
0.0725377;-1.58056;
0.0725577;-1.579;
0.0725777;-1.57744;
0.0725977;-1.57588;
0.0726177;-1.57432;
0.0726377;-1.57276;
0.0726577;-1.5712;
0.0726777;-1.56964;
0.0726977;-1.56809;
0.0727177;-1.56653;
0.0727377;-1.56497;
0.0727577;-1.56341;
0.0727777;-1.56185;
0.0727977;-1.56029;
0.0728177;-1.55873;
0.0728377;-1.55717;
0.0728577;-1.55561;
0.0728777;-1.55405;
0.0728977;-1.55249;
0.0729177;-1.55093;
0.0729377;-1.54937;
0.0729577;-1.54781;
0.0729777;-1.54625;
0.0729977;-1.54469;
0.0730177;-1.54313;
0.0730377;-1.54157;
0.0730577;-1.54001;
0.0730777;-1.53845;
0.0730977;-1.53689;
0.0731177;-1.53533;
0.0731377;-1.53377;
0.0731577;-1.53221;
0.0731777;-1.53065;
0.0731977;-1.52909;
0.0732177;-1.52753;
0.0732377;-1.52597;
0.0732577;-1.52441;
0.0732777;-1.52285;
0.0732977;-1.52129;
0.0733177;-1.51973;
0.0733377;-1.51817;
0.0733577;-1.51661;
0.0733777;-1.51504;
0.0733977;-1.51348;
0.0734177;-1.51192;
0.0734377;-1.51036;
0.0734577;-1.5088;
0.0734777;-1.50724;
0.0734977;-1.50568;
0.0735177;-1.50412;
0.0735377;-1.50256;
0.0735577;-1.50099;
0.0735777;-1.49943;
0.0735977;-1.49787;
0.0736177;-1.49631;
0.0736377;-1.49475;
0.0736577;-1.49319;
0.0736777;-1.49162;
0.0736977;-1.49006;
0.0737177;-1.4885;
0.0737377;-1.48694;
0.0737577;-1.48538;
0.0737777;-1.48382;
0.0737977;-1.48225;
0.0738177;-1.48069;
0.0738377;-1.47913;
0.0738577;-1.47757;
0.0738777;-1.47601;
0.0738977;-1.47444;
0.0739177;-1.47288;
0.0739377;-1.47132;
0.0739577;-1.46976;
0.0739777;-1.46819;
0.0739977;-1.46663;
0.074001;-1.46637;
0.0740011;-1.46636;
0.0740013;-1.46635;
0.0740017;-1.46632;
0.074002;-1.46629;
0.0740021;-1.46629;
0.0740022;-1.46627;
0.0740026;-1.46625;
0.0740032;-1.4662;
0.0740045;-1.4661;
0.074007;-1.4659;
0.0740122;-1.4655;
0.0740224;-1.4647;
0.0740424;-1.46314;
0.0740624;-1.46157;
0.0740824;-1.46001;
0.0741024;-1.45845;
0.0741224;-1.45689;
0.0741424;-1.45532;
0.0741624;-1.45376;
0.0741824;-1.4522;
0.0742024;-1.45064;
0.0742224;-1.44907;
0.0742424;-1.44751;
0.0742624;-1.44595;
0.0742824;-1.44438;
0.0743024;-1.44282;
0.0743224;-1.44126;
0.0743424;-1.43969;
0.0743624;-1.43813;
0.0743824;-1.43657;
0.0744024;-1.435;
0.0744224;-1.43344;
0.0744424;-1.43188;
0.0744624;-1.43031;
0.0744824;-1.42875;
0.0745024;-1.42719;
0.0745224;-1.42562;
0.0745424;-1.42406;
0.0745624;-1.4225;
0.0745824;-1.42093;
0.0746024;-1.41937;
0.0746224;-1.4178;
0.0746424;-1.41624;
0.0746624;-1.41468;
0.0746824;-1.41311;
0.0747024;-1.41155;
0.0747224;-1.40998;
0.0747424;-1.40842;
0.0747624;-1.40686;
0.0747824;-1.40529;
0.0748024;-1.40373;
0.0748224;-1.40216;
0.0748424;-1.4006;
0.0748624;-1.39903;
0.0748824;-1.39747;
0.0749024;-1.39591;
0.0749224;-1.39434;
0.0749424;-1.39278;
0.0749624;-1.39121;
0.0749824;-1.38965;
0.0750024;-1.38808;
0.0750224;-1.38652;
0.0750424;-1.38495;
0.0750624;-1.38339;
0.0750824;-1.38182;
0.0751024;-1.38026;
0.0751224;-1.37869;
0.0751424;-1.37713;
0.0751624;-1.37557;
0.0751824;-1.374;
0.0752024;-1.37244;
0.0752224;-1.37087;
0.0752424;-1.36931;
0.0752624;-1.36774;
0.0752824;-1.36617;
0.0753024;-1.36461;
0.0753224;-1.36304;
0.0753424;-1.36148;
0.0753624;-1.35991;
0.0753824;-1.35835;
0.0754024;-1.35678;
0.0754224;-1.35522;
0.0754424;-1.35365;
0.0754624;-1.35209;
0.0754824;-1.35052;
0.0755024;-1.34896;
0.0755224;-1.34739;
0.0755424;-1.34582;
0.0755624;-1.34426;
0.0755824;-1.34269;
0.0756024;-1.34113;
0.0756224;-1.33956;
0.0756424;-1.338;
0.0756624;-1.33643;
0.0756824;-1.33486;
0.0757024;-1.3333;
0.0757224;-1.33173;
0.0757424;-1.33017;
0.0757624;-1.3286;
0.0757824;-1.32703;
0.0758024;-1.32547;
0.0758224;-1.3239;
0.0758424;-1.32234;
0.0758624;-1.32077;
0.0758824;-1.3192;
0.0759024;-1.31764;
0.0759224;-1.31607;
0.0759424;-1.31451;
0.0759624;-1.31294;
0.0759824;-1.31139;
0.0759949;-1.31045;
0.076;-1.31008;
0.0760001;-1.31007;
0.0760003;-1.31006;
0.0760007;-1.31003;
0.076001;-1.31001;
0.0760011;-1.31;
0.0760012;-1.30999;
0.0760016;-1.30996;
0.0760022;-1.30992;
0.0760035;-1.30982;
0.076006;-1.30963;
0.0760112;-1.30926;
0.0760214;-1.30851;
0.0760414;-1.30703;
0.076056;-1.30596;
0.0760721;-1.30477;
0.0760921;-1.3033;
0.0761121;-1.30183;
0.0761321;-1.30036;
0.0761521;-1.29889;
0.0761721;-1.29742;
0.0761921;-1.29595;
0.0762121;-1.29448;
0.0762321;-1.29301;
0.0762521;-1.29154;
0.0762721;-1.29006;
0.0762921;-1.28859;
0.0763121;-1.28712;
0.0763321;-1.28565;
0.0763521;-1.28418;
0.0763721;-1.28271;
0.0763921;-1.28123;
0.0764121;-1.27976;
0.0764321;-1.27829;
0.0764521;-1.27682;
0.0764721;-1.27534;
0.0764921;-1.27387;
0.0765121;-1.2724;
0.0765321;-1.27093;
0.0765521;-1.26945;
0.0765721;-1.26798;
0.0765921;-1.26651;
0.0766121;-1.26504;
0.0766321;-1.26356;
0.0766521;-1.26209;
0.0766721;-1.26062;
0.0766921;-1.25914;
0.0767121;-1.25767;
0.0767321;-1.2562;
0.0767521;-1.25472;
0.0767721;-1.25325;
0.0767921;-1.25178;
0.0768121;-1.2503;
0.0768321;-1.24883;
0.0768521;-1.24736;
0.0768721;-1.24588;
0.0768921;-1.24441;
0.0769121;-1.24293;
0.0769321;-1.24146;
0.0769521;-1.23998;
0.0769721;-1.23851;
0.0769921;-1.23704;
0.0770121;-1.23556;
0.0770321;-1.23409;
0.0770521;-1.23261;
0.0770721;-1.23114;
0.0770921;-1.22966;
0.0771121;-1.22819;
0.0771321;-1.22671;
0.0771521;-1.22524;
0.0771721;-1.22376;
0.0771921;-1.22229;
0.0772121;-1.22081;
0.0772321;-1.21934;
0.0772521;-1.21786;
0.0772721;-1.21638;
0.0772921;-1.21491;
0.0773121;-1.21343;
0.0773321;-1.21196;
0.0773521;-1.21048;
0.0773721;-1.20901;
0.0773921;-1.20753;
0.0774121;-1.20605;
0.0774321;-1.20458;
0.0774521;-1.2031;
0.0774721;-1.20162;
0.0774921;-1.20015;
0.0775121;-1.19867;
0.0775321;-1.19719;
0.0775521;-1.19572;
0.0775721;-1.19424;
0.0775921;-1.19276;
0.0776121;-1.19129;
0.0776321;-1.18981;
0.0776521;-1.18833;
0.0776721;-1.18686;
0.0776921;-1.18538;
0.0777121;-1.1839;
0.0777321;-1.18242;
0.0777521;-1.18095;
0.0777721;-1.17947;
0.0777921;-1.17799;
0.0778121;-1.17651;
0.0778321;-1.17504;
0.0778521;-1.17356;
0.0778721;-1.17208;
0.0778921;-1.1706;
0.0779121;-1.16912;
0.0779321;-1.16765;
0.0779521;-1.16617;
0.0779721;-1.16469;
0.0779921;-1.16321;
0.078001;-1.16256;
0.0780011;-1.16255;
0.0780013;-1.16253;
0.0780017;-1.16251;
0.078002;-1.16248;
0.0780021;-1.16248;
0.0780022;-1.16247;
0.0780026;-1.16244;
0.0780032;-1.16239;
0.0780045;-1.1623;
0.078007;-1.16211;
0.0780122;-1.16173;
0.0780224;-1.16097;
0.0780424;-1.1595;
0.0780624;-1.15802;
0.0780824;-1.15654;
0.0781024;-1.15506;
0.0781224;-1.15358;
0.0781424;-1.1521;
0.0781624;-1.15062;
0.0781824;-1.14914;
0.0782024;-1.14767;
0.0782224;-1.14619;
0.0782424;-1.14471;
0.0782624;-1.14323;
0.0782824;-1.14175;
0.0783024;-1.14027;
0.0783224;-1.13879;
0.0783424;-1.13731;
0.0783624;-1.13583;
0.0783824;-1.13435;
0.0784024;-1.13287;
0.0784224;-1.13139;
0.0784424;-1.12991;
0.0784624;-1.12843;
0.0784824;-1.12695;
0.0785024;-1.12547;
0.0785224;-1.12399;
0.0785424;-1.12251;
0.0785624;-1.12103;
0.0785824;-1.11955;
0.0786024;-1.11807;
0.0786224;-1.11659;
0.0786424;-1.11511;
0.0786624;-1.11363;
0.0786824;-1.11215;
0.0787024;-1.11067;
0.0787224;-1.10918;
0.0787424;-1.1077;
0.0787624;-1.10622;
0.0787824;-1.10474;
0.0788024;-1.10326;
0.0788224;-1.10178;
0.0788424;-1.1003;
0.0788624;-1.09882;
0.0788824;-1.09733;
0.0789024;-1.09585;
0.0789224;-1.09437;
0.0789424;-1.09289;
0.0789624;-1.09141;
0.0789824;-1.08993;
0.0790024;-1.08844;
0.0790224;-1.08696;
0.0790424;-1.08548;
0.0790624;-1.084;
0.0790824;-1.08252;
0.0791024;-1.08103;
0.0791224;-1.07955;
0.0791424;-1.07807;
0.0791624;-1.07659;
0.0791824;-1.07511;
0.0792024;-1.07362;
0.0792224;-1.07214;
0.0792424;-1.07066;
0.0792624;-1.06918;
0.0792824;-1.06769;
0.0793024;-1.06621;
0.0793224;-1.06473;
0.0793424;-1.06324;
0.0793624;-1.06176;
0.0793824;-1.06028;
0.0794024;-1.05879;
0.0794224;-1.05731;
0.0794424;-1.05583;
0.0794624;-1.05435;
0.0794824;-1.05286;
0.0795024;-1.05138;
0.0795224;-1.04989;
0.0795424;-1.04841;
0.0795624;-1.04693;
0.0795824;-1.04544;
0.0796024;-1.04396;
0.0796224;-1.04248;
0.0796424;-1.04099;
0.0796624;-1.03951;
0.0796824;-1.03802;
0.0797024;-1.03654;
0.0797224;-1.03506;
0.0797424;-1.03357;
0.0797624;-1.03209;
0.0797824;-1.0306;
0.0798024;-1.02912;
0.0798224;-1.02764;
0.0798424;-1.02615;
0.0798624;-1.02467;
0.0798824;-1.02318;
0.0799024;-1.0217;
0.0799224;-1.02021;
0.0799424;-1.01873;
0.0799624;-1.01724;
0.0799824;-1.01576;
0.08;-1.01445;
0.0800001;-1.01445;
0.0800003;-1.01443;
0.0800007;-1.0144;
0.080001;-1.01438;
0.0800011;-1.01437;
0.0800012;-1.01437;
0.0800014;-1.01435;
0.0800018;-1.01432;
0.0800026;-1.01426;
0.0800042;-1.01415;
0.0800065;-1.01398;
0.0800094;-1.01378;
0.0800117;-1.01362;
0.080014;-1.01346;
0.0800185;-1.01315;
0.0800275;-1.01252;
0.0800398;-1.01167;
0.0800529;-1.01076;
0.080066;-1.00985;
0.0800786;-1.00898;
0.0800986;-1.00759;
0.0801186;-1.0062;
0.0801386;-1.00481;
0.0801586;-1.00342;
0.0801786;-1.00203;
0.0801986;-1.00065;
0.0802186;-0.999257;
0.0802386;-0.997868;
0.0802586;-0.996479;
0.0802786;-0.995089;
0.0802986;-0.9937;
0.0803186;-0.992311;
0.0803386;-0.990921;
0.0803586;-0.989531;
0.0803786;-0.988141;
0.0803986;-0.986752;
0.0804186;-0.985362;
0.0804386;-0.983971;
0.0804586;-0.982581;
0.0804786;-0.981191;
0.0804986;-0.9798;
0.0805186;-0.97841;
0.0805386;-0.977019;
0.0805586;-0.975628;
0.0805786;-0.974237;
0.0805986;-0.972846;
0.0806186;-0.971455;
0.0806386;-0.970064;
0.0806586;-0.968673;
0.0806786;-0.967281;
0.0806986;-0.96589;
0.0807186;-0.964498;
0.0807386;-0.963106;
0.0807586;-0.961714;
0.0807786;-0.960322;
0.0807986;-0.95893;
0.0808186;-0.957538;
0.0808386;-0.956146;
0.0808586;-0.954753;
0.0808786;-0.953361;
0.0808986;-0.951968;
0.0809186;-0.950575;
0.0809386;-0.949182;
0.0809586;-0.947789;
0.0809786;-0.946396;
0.0809986;-0.945003;
0.0810186;-0.94361;
0.0810386;-0.942216;
0.0810586;-0.940823;
0.0810786;-0.939429;
0.0810986;-0.938035;
0.0811186;-0.936642;
0.0811386;-0.935248;
0.0811586;-0.933854;
0.0811786;-0.932459;
0.0811986;-0.931065;
0.0812186;-0.929671;
0.0812386;-0.928276;
0.0812586;-0.926882;
0.0812786;-0.925487;
0.0812986;-0.924092;
0.0813186;-0.922697;
0.0813386;-0.921302;
0.0813586;-0.919907;
0.0813786;-0.918512;
0.0813986;-0.917117;
0.0814186;-0.915721;
0.0814386;-0.914326;
0.0814586;-0.91293;
0.0814786;-0.911535;
0.0814986;-0.910139;
0.0815186;-0.908743;
0.0815386;-0.907347;
0.0815586;-0.905951;
0.0815786;-0.904555;
0.0815986;-0.903158;
0.0816186;-0.901762;
0.0816386;-0.900365;
0.0816586;-0.898969;
0.0816786;-0.897572;
0.0816986;-0.896175;
0.0817186;-0.894778;
0.0817386;-0.893381;
0.0817586;-0.891984;
0.0817786;-0.890587;
0.0817986;-0.889189;
0.0818186;-0.887792;
0.0818386;-0.886395;
0.0818586;-0.884997;
0.0818786;-0.883599;
0.0818986;-0.882201;
0.0819186;-0.880803;
0.0819386;-0.879405;
0.0819586;-0.878007;
0.0819786;-0.876609;
0.0819986;-0.875211;
0.082001;-0.875042;
0.0820011;-0.875035;
0.0820013;-0.875021;
0.0820017;-0.874993;
0.082002;-0.874972;
0.0820021;-0.874967;
0.0820022;-0.874956;
0.0820026;-0.874933;
0.0820032;-0.874888;
0.0820045;-0.874799;
0.082007;-0.87462;
0.0820122;-0.874262;
0.0820224;-0.873546;
0.0820424;-0.872147;
0.0820624;-0.870749;
0.0820824;-0.86935;
0.0821024;-0.867951;
0.0821224;-0.866552;
0.0821424;-0.865153;
0.0821624;-0.863754;
0.0821824;-0.862355;
0.0822024;-0.860956;
0.0822224;-0.859556;
0.0822424;-0.858157;
0.0822624;-0.856757;
0.0822824;-0.855357;
0.0823024;-0.853958;
0.0823224;-0.852558;
0.0823424;-0.851158;
0.0823624;-0.849758;
0.0823824;-0.848357;
0.0824024;-0.846957;
0.0824224;-0.845557;
0.0824424;-0.844156;
0.0824624;-0.842756;
0.0824824;-0.841355;
0.0825024;-0.839954;
0.0825224;-0.838554;
0.0825424;-0.837153;
0.0825624;-0.835752;
0.0825824;-0.834351;
0.0826024;-0.832949;
0.0826224;-0.831548;
0.0826424;-0.830147;
0.0826624;-0.828745;
0.0826824;-0.827344;
0.0827024;-0.825942;
0.0827224;-0.82454;
0.0827424;-0.823138;
0.0827624;-0.821736;
0.0827824;-0.820334;
0.0828024;-0.818932;
0.0828224;-0.81753;
0.0828424;-0.816128;
0.0828624;-0.814725;
0.0828824;-0.813323;
0.0829024;-0.81192;
0.0829224;-0.810518;
0.0829424;-0.809115;
0.0829624;-0.807712;
0.0829824;-0.806309;
0.0830024;-0.804906;
0.0830224;-0.803503;
0.0830424;-0.8021;
0.0830624;-0.800696;
0.0830824;-0.799293;
0.0831024;-0.797889;
0.0831224;-0.796486;
0.0831424;-0.795082;
0.0831624;-0.793678;
0.0831824;-0.792275;
0.0832024;-0.790871;
0.0832224;-0.789467;
0.0832424;-0.788063;
0.0832624;-0.786658;
0.0832824;-0.785254;
0.0833024;-0.78385;
0.0833224;-0.782445;
0.0833424;-0.781041;
0.0833624;-0.779636;
0.0833824;-0.778231;
0.0834024;-0.776827;
0.0834224;-0.775422;
0.0834424;-0.774017;
0.0834624;-0.772612;
0.0834824;-0.771207;
0.0835024;-0.769801;
0.0835224;-0.768396;
0.0835424;-0.766991;
0.0835624;-0.765585;
0.0835824;-0.76418;
0.0836024;-0.762774;
0.0836224;-0.761368;
0.0836424;-0.759962;
0.0836624;-0.758556;
0.0836824;-0.75715;
0.0837024;-0.755744;
0.0837224;-0.754338;
0.0837424;-0.752932;
0.0837624;-0.751526;
0.0837824;-0.750119;
0.0838024;-0.748713;
0.0838224;-0.747306;
0.0838424;-0.7459;
0.0838624;-0.744493;
0.0838824;-0.743086;
0.0839024;-0.741679;
0.0839224;-0.740272;
0.0839424;-0.738865;
0.0839624;-0.737458;
0.0839824;-0.736051;
0.084;-0.734812;
0.0840001;-0.734805;
0.0840003;-0.734791;
0.0840007;-0.734763;
0.084001;-0.734742;
0.0840011;-0.734736;
0.0840012;-0.734725;
0.0840016;-0.734702;
0.0840022;-0.734657;
0.0840035;-0.734567;
0.084006;-0.734387;
0.0840112;-0.734027;
0.0840214;-0.733306;
0.0840414;-0.731899;
0.0840614;-0.730491;
0.0840814;-0.729084;
0.0840982;-0.727898;
0.084116;-0.726648;
0.084136;-0.72524;
0.084156;-0.723832;
0.084176;-0.722424;
0.084196;-0.721016;
0.084216;-0.719608;
0.084236;-0.718199;
0.084256;-0.716791;
0.084276;-0.715383;
0.084296;-0.713974;
0.084316;-0.712566;
0.084336;-0.711157;
0.084356;-0.709748;
0.084376;-0.708339;
0.084396;-0.70693;
0.084416;-0.705522;
0.084436;-0.704112;
0.084456;-0.702703;
0.084476;-0.701294;
0.084496;-0.699885;
0.084516;-0.698476;
0.084536;-0.697066;
0.084556;-0.695657;
0.084576;-0.694247;
0.084596;-0.692837;
0.084616;-0.691428;
0.084636;-0.690018;
0.084656;-0.688608;
0.084676;-0.687198;
0.084696;-0.685788;
0.084716;-0.684378;
0.084736;-0.682968;
0.084756;-0.681557;
0.084776;-0.680147;
0.084796;-0.678736;
0.084816;-0.677326;
0.084836;-0.675915;
0.084856;-0.674505;
0.084876;-0.673094;
0.084896;-0.671683;
0.084916;-0.670272;
0.084936;-0.668861;
0.084956;-0.66745;
0.084976;-0.666039;
0.084996;-0.664628;
0.085016;-0.663217;
0.085036;-0.661806;
0.085056;-0.660394;
0.085076;-0.658983;
0.085096;-0.657571;
0.085116;-0.65616;
0.085136;-0.654748;
0.085156;-0.653336;
0.085176;-0.651924;
0.085196;-0.650512;
0.085216;-0.6491;
0.085236;-0.647688;
0.085256;-0.646276;
0.085276;-0.644864;
0.085296;-0.643452;
0.085316;-0.64204;
0.085336;-0.640627;
0.085356;-0.639215;
0.085376;-0.637802;
0.085396;-0.636389;
0.085416;-0.634977;
0.085436;-0.633564;
0.085456;-0.632151;
0.085476;-0.630738;
0.085496;-0.629325;
0.085516;-0.627912;
0.085536;-0.626499;
0.085556;-0.625086;
0.085576;-0.623673;
0.085596;-0.62226;
0.085616;-0.620846;
0.085636;-0.619433;
0.085656;-0.618019;
0.085676;-0.616606;
0.085696;-0.615192;
0.085716;-0.613778;
0.085736;-0.612364;
0.085756;-0.610951;
0.085776;-0.609537;
0.085796;-0.608123;
0.085816;-0.606709;
0.085836;-0.605295;
0.085856;-0.60388;
0.085876;-0.602466;
0.085896;-0.601052;
0.085916;-0.599637;
0.085936;-0.598223;
0.085956;-0.596808;
0.085976;-0.595394;
0.085996;-0.593979;
0.086001;-0.593626;
0.0860011;-0.593619;
0.0860013;-0.593605;
0.0860017;-0.593576;
0.086002;-0.593555;
0.0860021;-0.59355;
0.0860022;-0.593538;
0.0860026;-0.593516;
0.0860032;-0.59347;
0.0860045;-0.59338;
0.086007;-0.593199;
0.0860122;-0.592837;
0.0860224;-0.592112;
0.0860424;-0.590697;
0.0860624;-0.589282;
0.0860824;-0.587868;
0.0861024;-0.586453;
0.0861224;-0.585037;
0.0861424;-0.583622;
0.0861624;-0.582207;
0.0861824;-0.580792;
0.0862024;-0.579377;
0.0862224;-0.577961;
0.0862424;-0.576546;
0.0862624;-0.57513;
0.0862824;-0.573715;
0.0863024;-0.572299;
0.0863224;-0.570883;
0.0863424;-0.569467;
0.0863624;-0.568052;
0.0863824;-0.566636;
0.0864024;-0.56522;
0.0864224;-0.563804;
0.0864424;-0.562388;
0.0864624;-0.560971;
0.0864824;-0.559555;
0.0865024;-0.558139;
0.0865224;-0.556723;
0.0865424;-0.555306;
0.0865624;-0.55389;
0.0865824;-0.552473;
0.0866024;-0.551057;
0.0866224;-0.54964;
0.0866424;-0.548223;
0.0866624;-0.546807;
0.0866824;-0.54539;
0.0867024;-0.543973;
0.0867224;-0.542556;
0.0867424;-0.541139;
0.0867624;-0.539722;
0.0867824;-0.538305;
0.0868024;-0.536887;
0.0868224;-0.53547;
0.0868424;-0.534053;
0.0868624;-0.532636;
0.0868824;-0.531218;
0.0869024;-0.529801;
0.0869224;-0.528383;
0.0869424;-0.526966;
0.0869624;-0.525548;
0.0869824;-0.52413;
0.0870024;-0.522712;
0.0870224;-0.521295;
0.0870424;-0.519877;
0.0870624;-0.518459;
0.0870824;-0.517041;
0.0871024;-0.515623;
0.0871224;-0.514204;
0.0871424;-0.512786;
0.0871624;-0.511368;
0.0871824;-0.50995;
0.0872024;-0.508531;
0.0872224;-0.507113;
0.0872424;-0.505694;
0.0872624;-0.504276;
0.0872824;-0.502857;
0.0873024;-0.501439;
0.0873224;-0.50002;
0.0873424;-0.498601;
0.0873624;-0.497182;
0.0873824;-0.495764;
0.0874024;-0.494345;
0.0874224;-0.492926;
0.0874424;-0.491507;
0.0874624;-0.490088;
0.0874824;-0.488668;
0.0875024;-0.487249;
0.0875224;-0.48583;
0.0875424;-0.484411;
0.0875624;-0.482991;
0.0875824;-0.481572;
0.0876024;-0.480153;
0.0876224;-0.478733;
0.0876424;-0.477313;
0.0876624;-0.475894;
0.0876824;-0.474474;
0.0877024;-0.473054;
0.0877224;-0.471635;
0.0877424;-0.470215;
0.0877624;-0.468795;
0.0877824;-0.467375;
0.0878024;-0.465955;
0.0878224;-0.464535;
0.0878424;-0.463115;
0.0878624;-0.461695;
0.0878824;-0.460274;
0.0879024;-0.458854;
0.0879224;-0.457434;
0.0879424;-0.456014;
0.0879576;-0.454956;
0.0879726;-0.453977;
0.0879842;-0.453242;
0.0879955;-0.452522;
0.088;-0.452238;
0.0880001;-0.452231;
0.0880003;-0.452219;
0.0880007;-0.452193;
0.088001;-0.452174;
0.0880011;-0.452169;
0.0880012;-0.452159;
0.0880016;-0.452139;
0.0880022;-0.452098;
0.0880035;-0.452017;
0.088006;-0.451855;
0.0880112;-0.45153;
0.0880214;-0.450881;
0.0880414;-0.449613;
0.0880614;-0.448345;
0.0880814;-0.447077;
0.0881014;-0.445808;
0.0881214;-0.44454;
0.0881414;-0.443271;
0.0881614;-0.442002;
0.0881814;-0.440733;
0.0882014;-0.439464;
0.0882214;-0.438194;
0.0882414;-0.436925;
0.0882614;-0.435655;
0.0882814;-0.434385;
0.0883014;-0.433116;
0.0883214;-0.431846;
0.0883414;-0.430575;
0.0883614;-0.429305;
0.0883814;-0.428035;
0.0884014;-0.426764;
0.0884214;-0.425493;
0.0884414;-0.424222;
0.0884614;-0.422951;
0.0884814;-0.42168;
0.0885014;-0.420409;
0.0885214;-0.419138;
0.0885414;-0.417866;
0.0885614;-0.416594;
0.0885814;-0.415323;
0.0886014;-0.414051;
0.0886214;-0.412779;
0.0886414;-0.411506;
0.0886614;-0.410234;
0.0886814;-0.408961;
0.0887014;-0.407689;
0.0887214;-0.406416;
0.0887414;-0.405143;
0.0887614;-0.40387;
0.0887814;-0.402597;
0.0888014;-0.401324;
0.0888214;-0.40005;
0.0888414;-0.398776;
0.0888614;-0.397503;
0.0888814;-0.396229;
0.0889014;-0.394955;
0.0889214;-0.393681;
0.0889414;-0.392406;
0.0889614;-0.391132;
0.0889814;-0.389858;
0.0890014;-0.388583;
0.0890214;-0.387308;
0.0890414;-0.386033;
0.0890614;-0.384758;
0.0890814;-0.383483;
0.0891014;-0.382208;
0.0891214;-0.380932;
0.0891414;-0.379656;
0.0891614;-0.378381;
0.0891814;-0.377105;
0.0892014;-0.375829;
0.0892214;-0.374553;
0.0892414;-0.373277;
0.0892614;-0.372;
0.0892814;-0.370724;
0.0893014;-0.369447;
0.0893214;-0.36817;
0.0893414;-0.366893;
0.0893614;-0.365616;
0.0893814;-0.364339;
0.0894014;-0.363062;
0.0894214;-0.361784;
0.0894414;-0.360507;
0.0894614;-0.359229;
0.0894814;-0.357951;
0.0895014;-0.356673;
0.0895214;-0.355395;
0.0895414;-0.354117;
0.0895614;-0.352839;
0.0895814;-0.35156;
0.0896014;-0.350282;
0.0896214;-0.349003;
0.0896414;-0.347724;
0.0896614;-0.346445;
0.0896814;-0.345166;
0.0897014;-0.343887;
0.0897214;-0.342607;
0.0897414;-0.341328;
0.0897614;-0.340048;
0.0897814;-0.338769;
0.0898014;-0.337489;
0.0898214;-0.336209;
0.0898414;-0.334929;
0.0898614;-0.333648;
0.0898814;-0.332368;
0.0899014;-0.331088;
0.0899214;-0.329807;
0.0899414;-0.328526;
0.0899614;-0.327245;
0.0899814;-0.325964;
0.090001;-0.324709;
0.0900011;-0.324702;
0.0900013;-0.32469;
0.0900017;-0.324664;
0.090002;-0.324645;
0.0900021;-0.32464;
0.0900022;-0.324629;
0.0900026;-0.324609;
0.0900032;-0.324568;
0.0900045;-0.324486;
0.090007;-0.324322;
0.0900122;-0.323994;
0.0900224;-0.323338;
0.0900424;-0.322057;
0.0900624;-0.320775;
0.0900824;-0.319493;
0.0901024;-0.318212;
0.0901224;-0.31693;
0.0901424;-0.315648;
0.0901624;-0.314366;
0.0901824;-0.313083;
0.0902024;-0.311801;
0.0902224;-0.310519;
0.0902424;-0.309236;
0.0902624;-0.307953;
0.0902824;-0.30667;
0.0903024;-0.305388;
0.0903224;-0.304104;
0.0903424;-0.302821;
0.0903624;-0.301538;
0.0903824;-0.300254;
0.0904024;-0.298971;
0.0904224;-0.297687;
0.0904424;-0.296403;
0.0904624;-0.295119;
0.0904824;-0.293835;
0.0905024;-0.292551;
0.0905224;-0.291267;
0.0905424;-0.289982;
0.0905624;-0.288698;
0.0905824;-0.287413;
0.0906024;-0.286129;
0.0906224;-0.284844;
0.0906424;-0.283559;
0.0906624;-0.282273;
0.0906824;-0.280988;
0.0907024;-0.279703;
0.0907224;-0.278417;
0.0907424;-0.277132;
0.0907624;-0.275846;
0.0907824;-0.27456;
0.0908024;-0.273274;
0.0908224;-0.271988;
0.0908424;-0.270702;
0.0908624;-0.269416;
0.0908824;-0.268129;
0.0909024;-0.266843;
0.0909224;-0.265556;
0.0909424;-0.264269;
0.0909624;-0.262982;
0.0909824;-0.261695;
0.0910024;-0.260408;
0.0910224;-0.259121;
0.0910424;-0.257834;
0.0910624;-0.256546;
0.0910824;-0.255259;
0.0911024;-0.253971;
0.0911224;-0.252683;
0.0911424;-0.251395;
0.0911624;-0.250107;
0.0911824;-0.248819;
0.0912024;-0.247531;
0.0912224;-0.246242;
0.0912424;-0.244954;
0.0912624;-0.243665;
0.0912824;-0.242376;
0.0913024;-0.241088;
0.0913224;-0.239799;
0.0913424;-0.23851;
0.0913624;-0.23722;
0.0913824;-0.235931;
0.0914024;-0.234642;
0.0914224;-0.233352;
0.0914424;-0.232063;
0.0914624;-0.230773;
0.0914824;-0.229483;
0.0915024;-0.228193;
0.0915224;-0.226903;
0.0915424;-0.225613;
0.0915624;-0.224322;
0.0915824;-0.223032;
0.0916024;-0.221742;
0.0916224;-0.220451;
0.0916424;-0.21916;
0.0916624;-0.217869;
0.0916824;-0.216578;
0.0917024;-0.215287;
0.0917224;-0.213996;
0.0917424;-0.212705;
0.0917624;-0.211413;
0.0917824;-0.210122;
0.0918024;-0.20883;
0.0918224;-0.207539;
0.0918424;-0.206247;
0.0918624;-0.204955;
0.0918824;-0.203663;
0.0919024;-0.202371;
0.0919224;-0.201078;
0.0919424;-0.199786;
0.0919624;-0.198493;
0.0919824;-0.197201;
0.092;-0.196063;
0.0920001;-0.196057;
0.0920003;-0.196044;
0.0920007;-0.196018;
0.092001;-0.195999;
0.0920011;-0.195993;
0.0920012;-0.195983;
0.0920016;-0.195962;
0.0920022;-0.195921;
0.0920035;-0.195838;
0.092006;-0.195673;
0.0920112;-0.195342;
0.0920214;-0.19468;
0.0920414;-0.193387;
0.0920614;-0.192094;
0.0920814;-0.190801;
0.0921014;-0.189508;
0.0921214;-0.188214;
0.0921414;-0.186921;
0.0921614;-0.185627;
0.0921814;-0.184334;
0.0922014;-0.18304;
0.0922214;-0.181746;
0.0922414;-0.180452;
0.0922614;-0.179158;
0.0922814;-0.177864;
0.0923014;-0.17657;
0.0923214;-0.175275;
0.0923414;-0.173981;
0.0923614;-0.172686;
0.0923814;-0.171392;
0.0924014;-0.170097;
0.0924214;-0.168802;
0.0924414;-0.167507;
0.0924614;-0.166212;
0.0924814;-0.164916;
0.0925014;-0.163621;
0.0925214;-0.162326;
0.0925414;-0.16103;
0.0925614;-0.159735;
0.0925814;-0.158439;
0.0926014;-0.157143;
0.0926214;-0.155847;
0.0926414;-0.154551;
0.0926614;-0.153255;
0.0926814;-0.151959;
0.0927014;-0.150662;
0.0927214;-0.149366;
0.0927414;-0.148069;
0.0927614;-0.146773;
0.0927814;-0.145476;
0.0928014;-0.144179;
0.0928214;-0.142882;
0.0928414;-0.141585;
0.0928614;-0.140288;
0.0928814;-0.138991;
0.0929014;-0.137693;
0.0929214;-0.136396;
0.0929414;-0.135098;
0.0929614;-0.133801;
0.0929814;-0.132503;
0.0930014;-0.131205;
0.0930214;-0.129907;
0.0930414;-0.128609;
0.0930614;-0.127311;
0.0930814;-0.126013;
0.0931014;-0.124714;
0.0931214;-0.123416;
0.0931414;-0.122117;
0.0931614;-0.120819;
0.0931814;-0.11952;
0.0932014;-0.118221;
0.0932214;-0.116922;
0.0932414;-0.115623;
0.0932614;-0.114324;
0.0932814;-0.113025;
0.0933014;-0.111726;
0.0933214;-0.110426;
0.0933414;-0.109127;
0.0933614;-0.107827;
0.0933814;-0.106528;
0.0934014;-0.105228;
0.0934214;-0.103928;
0.0934414;-0.102628;
0.0934614;-0.101328;
0.0934814;-0.100028;
0.0935014;-0.0987274;
0.0935214;-0.097427;
0.0935414;-0.0961265;
0.0935614;-0.094826;
0.0935814;-0.0935253;
0.0936014;-0.0922246;
0.0936214;-0.0909238;
0.0936414;-0.0896228;
0.0936614;-0.0883218;
0.0936814;-0.0870207;
0.0937014;-0.0857195;
0.0937214;-0.0844182;
0.0937414;-0.0831168;
0.0937614;-0.0818153;
0.0937814;-0.0805137;
0.0938014;-0.0792121;
0.0938214;-0.0779103;
0.0938414;-0.0766084;
0.0938614;-0.0753065;
0.0938814;-0.0740045;
0.0939014;-0.0727023;
0.0939214;-0.0714001;
0.0939414;-0.0700978;
0.0939614;-0.0687954;
0.0939814;-0.0674929;
0.094001;-0.0662163;
0.0940011;-0.0662098;
0.0940013;-0.0661968;
0.0940017;-0.0661707;
0.094002;-0.0661512;
0.0940021;-0.066146;
0.0940022;-0.0661356;
0.0940026;-0.0661147;
0.0940032;-0.0660731;
0.0940045;-0.0659897;
0.094007;-0.0658229;
0.0940122;-0.0654895;
0.0940224;-0.0648225;
0.0940424;-0.0635197;
0.0940624;-0.0622168;
0.0940824;-0.0609139;
0.0941024;-0.0596108;
0.0941224;-0.0583077;
0.0941424;-0.0570045;
0.0941624;-0.0557012;
0.0941824;-0.0543977;
0.0942024;-0.0530943;
0.0942224;-0.0517907;
0.0942424;-0.050487;
0.0942624;-0.0491832;
0.0942824;-0.0478794;
0.0943024;-0.0465754;
0.0943224;-0.0452714;
0.0943424;-0.0439673;
0.0943624;-0.0426631;
0.0943824;-0.0413588;
0.0944024;-0.0400544;
0.0944224;-0.03875;
0.0944424;-0.0374454;
0.0944624;-0.0361408;
0.0944824;-0.034836;
0.0945024;-0.0335312;
0.0945224;-0.0322263;
0.0945424;-0.0309213;
0.0945624;-0.0296162;
0.0945824;-0.0283111;
0.0946024;-0.0270058;
0.0946224;-0.0257005;
0.0946424;-0.0243951;
0.0946624;-0.0230896;
0.0946824;-0.021784;
0.0947024;-0.0204783;
0.0947224;-0.0191725;
0.0947424;-0.0178667;
0.0947624;-0.0165607;
0.0947824;-0.0152547;
0.0948024;-0.0139486;
0.0948224;-0.0126424;
0.0948424;-0.0113362;
0.0948624;-0.0100298;
0.0948824;-0.00872337;
0.0949024;-0.00741684;
0.0949224;-0.00611024;
0.0949424;-0.00480355;
0.0949624;-0.00349677;
0.0949824;-0.00218991;
0.0950024;-0.00088297;
0.0950224;0.000424055;
0.0950424;0.00173116;
0.0950624;0.00303835;
0.0950824;0.00434562;
0.0951024;0.00565298;
0.0951224;0.00696042;
0.0951424;0.00826794;
0.0951624;0.00957554;
0.0951824;0.0108832;
0.0952024;0.012191;
0.0952224;0.0134988;
0.0952424;0.0148068;
0.0952624;0.0161148;
0.0952824;0.0174229;
0.0953024;0.018731;
0.0953224;0.0200393;
0.0953424;0.0213476;
0.0953624;0.022656;
0.0953824;0.0239645;
0.0954024;0.0252731;
0.0954224;0.0265817;
0.0954424;0.0278905;
0.0954624;0.0291993;
0.0954824;0.0305082;
0.0955024;0.0318171;
0.0955224;0.0331262;
0.0955424;0.0344353;
0.0955624;0.0357445;
0.0955824;0.0370538;
0.0956024;0.0383632;
0.0956224;0.0396726;
0.0956424;0.0409821;
0.0956624;0.0422917;
0.0956824;0.0436014;
0.0957024;0.0449112;
0.0957224;0.046221;
0.0957424;0.0475309;
0.0957624;0.0488409;
0.0957824;0.050151;
0.0958024;0.0514611;
0.0958224;0.0527713;
0.0958424;0.0540816;
0.0958624;0.055392;
0.0958824;0.0567024;
0.0959024;0.058013;
0.0959224;0.0593236;
0.0959424;0.0606342;
0.0959624;0.0619235;
0.0959738;0.0626328;
0.0959847;0.0633005;
0.0959907;0.063659;
0.0959979;0.0640954;
0.096;0.0642231;
0.0960001;0.0642291;
0.0960003;0.0642412;
0.0960007;0.0642654;
0.096001;0.0642836;
0.0960011;0.0642884;
0.0960012;0.0642981;
0.0960016;0.0643175;
0.0960022;0.0643562;
0.0960035;0.0644336;
0.096006;0.0645884;
0.0960112;0.0648982;
0.0960214;0.0655176;
0.0960414;0.0667276;
0.0960614;0.0679377;
0.0960814;0.069148;
0.0961014;0.0703584;
0.0961214;0.0715689;
0.0961414;0.0727796;
0.0961614;0.0739904;
0.0961814;0.0752013;
0.0962014;0.0764124;
0.0962214;0.0776236;
0.0962414;0.0788349;
0.0962614;0.0800464;
0.0962814;0.081258;
0.0963014;0.0824698;
0.0963214;0.0836816;
0.0963414;0.0848936;
0.0963614;0.0861058;
0.0963814;0.0873181;
0.0964014;0.0885305;
0.0964214;0.089743;
0.0964414;0.0909557;
0.0964614;0.0921685;
0.0964814;0.0933814;
0.0965014;0.0945945;
0.0965214;0.0958077;
0.0965414;0.097021;
0.0965614;0.0982345;
0.0965814;0.0994481;
0.0966014;0.100662;
0.0966214;0.101876;
0.0966414;0.10309;
0.0966614;0.104304;
0.0966814;0.105518;
0.0967014;0.106732;
0.0967214;0.107947;
0.0967414;0.109161;
0.0967614;0.110376;
0.0967814;0.111591;
0.0968014;0.112806;
0.0968214;0.114021;
0.0968414;0.115237;
0.0968614;0.116452;
0.0968814;0.117668;
0.0969014;0.118883;
0.0969214;0.120099;
0.0969414;0.121315;
0.0969614;0.122531;
0.0969814;0.123747;
0.0970014;0.124963;
0.0970214;0.12618;
0.0970414;0.127396;
0.0970614;0.128613;
0.0970814;0.12983;
0.0971014;0.131047;
0.0971214;0.132264;
0.0971414;0.133481;
0.0971614;0.134698;
0.0971814;0.135916;
0.0972014;0.137134;
0.0972214;0.138351;
0.0972414;0.139569;
0.0972614;0.140787;
0.0972814;0.142005;
0.0973014;0.143223;
0.0973214;0.144442;
0.0973414;0.14566;
0.0973614;0.146879;
0.0973814;0.148097;
0.0974014;0.149316;
0.0974214;0.150535;
0.0974414;0.151754;
0.0974614;0.152973;
0.0974814;0.154193;
0.0975014;0.155412;
0.0975214;0.156632;
0.0975414;0.157851;
0.0975614;0.159071;
0.0975814;0.160291;
0.0976014;0.161511;
0.0976214;0.162731;
0.0976414;0.163952;
0.0976614;0.165172;
0.0976814;0.166392;
0.0977014;0.167613;
0.0977214;0.168834;
0.0977414;0.170055;
0.0977614;0.171276;
0.0977814;0.172497;
0.0978014;0.173718;
0.0978214;0.17494;
0.0978414;0.176161;
0.0978614;0.177383;
0.0978814;0.178605;
0.0979014;0.179826;
0.0979214;0.181048;
0.0979414;0.18227;
0.0979614;0.183493;
0.0979814;0.184715;
0.098001;0.185913;
0.0980011;0.185919;
0.0980013;0.185931;
0.0980017;0.185956;
0.098002;0.185974;
0.0980021;0.185979;
0.0980022;0.185989;
0.0980026;0.186008;
0.0980032;0.186048;
0.0980045;0.186126;
0.098007;0.186282;
0.0980122;0.186595;
0.0980224;0.187221;
0.0980424;0.188444;
0.0980624;0.189667;
0.0980824;0.19089;
0.0981024;0.192113;
0.0981224;0.193336;
0.0981424;0.194559;
0.0981624;0.195783;
0.0981824;0.197006;
0.0982024;0.19823;
0.0982224;0.199454;
0.0982424;0.200677;
0.0982624;0.201901;
0.0982824;0.203126;
0.0983024;0.20435;
0.0983224;0.205574;
0.0983424;0.206799;
0.0983624;0.208023;
0.0983824;0.209248;
0.0984024;0.210473;
0.0984224;0.211698;
0.0984424;0.212923;
0.0984624;0.214148;
0.0984824;0.215373;
0.0985024;0.216598;
0.0985224;0.217824;
0.0985424;0.219049;
0.0985624;0.220275;
0.0985824;0.221501;
0.0986024;0.222727;
0.0986224;0.223953;
0.0986424;0.225179;
0.0986624;0.226406;
0.0986824;0.227632;
0.0987024;0.228858;
0.0987224;0.230085;
0.0987424;0.231312;
0.0987624;0.232539;
0.0987824;0.233766;
0.0988024;0.234993;
0.0988224;0.23622;
0.0988424;0.237447;
0.0988624;0.238675;
0.0988824;0.239902;
0.0989024;0.24113;
0.0989224;0.242358;
0.0989424;0.243585;
0.0989624;0.244813;
0.0989824;0.246042;
0.0990024;0.24727;
0.0990224;0.248498;
0.0990424;0.249726;
0.0990624;0.250955;
0.0990824;0.252184;
0.0991024;0.253412;
0.0991224;0.254641;
0.0991424;0.25587;
0.0991624;0.257099;
0.0991824;0.258328;
0.0992024;0.259558;
0.0992224;0.260787;
0.0992424;0.262017;
0.0992624;0.263246;
0.0992824;0.264476;
0.0993024;0.265706;
0.0993224;0.266936;
0.0993424;0.268166;
0.0993624;0.269396;
0.0993824;0.270626;
0.0994024;0.271857;
0.0994224;0.273087;
0.0994424;0.274318;
0.0994624;0.275548;
0.0994824;0.276779;
0.0995024;0.27801;
0.0995224;0.279241;
0.0995424;0.280472;
0.0995624;0.281703;
0.0995824;0.282935;
0.0996024;0.284166;
0.0996224;0.285398;
0.0996424;0.286629;
0.0996624;0.287861;
0.0996824;0.289093;
0.0997024;0.290325;
0.0997224;0.291557;
0.0997424;0.292789;
0.0997624;0.294021;
0.0997824;0.295254;
0.0998024;0.296486;
0.0998224;0.297719;
0.0998424;0.298952;
0.0998624;0.300184;
0.0998824;0.301417;
0.0999024;0.30265;
0.0999224;0.303883;
0.0999424;0.305117;
0.0999624;0.30635;
0.0999824;0.307583;
0.0999972;0.30847;
0.1;0.308633;
0.1;0.308638;
0.1;0.30865;
0.100001;0.308673;
0.100001;0.30869;
0.100001;0.308694;
0.100001;0.308703;
0.100002;0.308722;
0.100002;0.308758;
0.100003;0.308831;
0.100006;0.308977;
0.100011;0.309268;
0.10002;0.309767;
0.100036;0.310668;
0.100049;0.311397;
0.100063;0.312239;
0.100083;0.313378;
0.100102;0.314414;
0.100122;0.315553;
0.100142;0.316692;
0.100162;0.317832;
0.100182;0.318972;
0.100202;0.320112;
0.100222;0.321252;
0.100242;0.322392;
0.100262;0.323533;
0.100282;0.324674;
0.100302;0.325814;
0.100322;0.326955;
0.100342;0.328096;
0.100362;0.329238;
0.100382;0.330379;
0.100402;0.331521;
0.100422;0.332662;
0.100442;0.333804;
0.100462;0.334946;
0.100482;0.336088;
0.100502;0.337231;
0.100522;0.338373;
0.100542;0.339516;
0.100562;0.340659;
0.100582;0.341801;
0.100602;0.342945;
0.100622;0.344088;
0.100642;0.345231;
0.100662;0.346375;
0.100682;0.347519;
0.100702;0.348662;
0.100722;0.349806;
0.100742;0.350951;
0.100762;0.352095;
0.100782;0.353239;
0.100802;0.354384;
0.100822;0.355529;
0.100842;0.356674;
0.100862;0.357819;
0.100882;0.358964;
0.100902;0.360109;
0.100922;0.361255;
0.100942;0.362401;
0.100962;0.363547;
0.100982;0.364693;
0.101002;0.365839;
0.101022;0.366985;
0.101042;0.368131;
0.101062;0.369278;
0.101082;0.370425;
0.101102;0.371572;
0.101122;0.372719;
0.101142;0.373866;
0.101162;0.375013;
0.101182;0.376161;
0.101202;0.377308;
0.101222;0.378456;
0.101242;0.379604;
0.101262;0.380752;
0.101282;0.3819;
0.101302;0.383049;
0.101322;0.384197;
0.101342;0.385346;
0.101362;0.386495;
0.101382;0.387644;
0.101402;0.388793;
0.101422;0.389942;
0.101442;0.391092;
0.101462;0.392241;
0.101482;0.393391;
0.101502;0.394541;
0.101522;0.395691;
0.101542;0.396841;
0.101562;0.397991;
0.101582;0.399141;
0.101602;0.400292;
0.101622;0.401443;
0.101642;0.402594;
0.101662;0.403745;
0.101682;0.404896;
0.101702;0.406047;
0.101722;0.407198;
0.101742;0.40835;
0.101762;0.409502;
0.101782;0.410654;
0.101802;0.411806;
0.101822;0.412958;
0.101842;0.41411;
0.101862;0.415263;
0.101882;0.416415;
0.101902;0.417568;
0.101922;0.418721;
0.101942;0.419874;
0.101962;0.421027;
0.101982;0.42218;
0.102001;0.423304;
0.102001;0.42331;
0.102001;0.423321;
0.102002;0.423344;
0.102002;0.423361;
0.102002;0.423366;
0.102002;0.423375;
0.102003;0.423394;
0.102003;0.423431;
0.102004;0.423505;
0.102007;0.423652;
0.102012;0.423947;
0.102022;0.424538;
0.102042;0.425692;
0.102062;0.426846;
0.102082;0.428;
0.102102;0.429154;
0.102122;0.430308;
0.102142;0.431463;
0.102162;0.432617;
0.102182;0.433772;
0.102202;0.434927;
0.102222;0.436082;
0.102242;0.437237;
0.102262;0.438392;
0.102282;0.439547;
0.102302;0.440703;
0.102322;0.441859;
0.102342;0.443014;
0.102362;0.44417;
0.102382;0.445326;
0.102402;0.446483;
0.102422;0.447639;
0.102442;0.448796;
0.102462;0.449952;
0.102482;0.451109;
0.102502;0.452266;
0.102522;0.453423;
0.102542;0.45458;
0.102562;0.455737;
0.102582;0.456895;
0.102602;0.458052;
0.102622;0.45921;
0.102642;0.460368;
0.102662;0.461526;
0.102682;0.462684;
0.102702;0.463842;
0.102722;0.465001;
0.102742;0.466159;
0.102762;0.467318;
0.102782;0.468477;
0.102802;0.469636;
0.102822;0.470795;
0.102842;0.471954;
0.102862;0.473113;
0.102882;0.474273;
0.102902;0.475433;
0.102922;0.476592;
0.102942;0.477752;
0.102962;0.478912;
0.102982;0.480072;
0.103002;0.481233;
0.103022;0.482393;
0.103042;0.483554;
0.103062;0.484714;
0.103082;0.485875;
0.103102;0.487036;
0.103122;0.488197;
0.103142;0.489358;
0.103162;0.49052;
0.103182;0.491681;
0.103202;0.492843;
0.103222;0.494004;
0.103242;0.495166;
0.103262;0.496328;
0.103282;0.49749;
0.103302;0.498653;
0.103322;0.499815;
0.103342;0.500977;
0.103362;0.50214;
0.103382;0.503303;
0.103402;0.504466;
0.103422;0.505629;
0.103442;0.506792;
0.103462;0.507955;
0.103482;0.509119;
0.103502;0.510282;
0.103522;0.511446;
0.103542;0.51261;
0.103562;0.513773;
0.103582;0.514938;
0.103602;0.516102;
0.103622;0.517266;
0.103642;0.51843;
0.103662;0.519595;
0.103682;0.52076;
0.103702;0.521924;
0.103722;0.523089;
0.103742;0.524254;
0.103762;0.52542;
0.103782;0.526585;
0.103802;0.52775;
0.103822;0.528916;
0.103842;0.530082;
0.103862;0.531247;
0.103882;0.532413;
0.103902;0.533579;
0.103922;0.534746;
0.103942;0.535912;
0.103962;0.537078;
0.103982;0.538245;
0.104;0.539272;
0.104;0.539277;
0.104;0.539289;
0.104001;0.539312;
0.104001;0.53933;
0.104001;0.539335;
0.104001;0.539344;
0.104002;0.539363;
0.104002;0.5394;
0.104003;0.539475;
0.104006;0.539624;
0.104011;0.539922;
0.104014;0.540088;
0.104017;0.540243;
0.10402;0.540422;
0.104024;0.540657;
0.104028;0.540892;
0.104036;0.541311;
0.10405;0.542088;
0.104061;0.542684;
0.104073;0.543354;
0.104091;0.544307;
0.104111;0.545407;
0.104131;0.546509;
0.104151;0.54761;
0.104171;0.548711;
0.104191;0.549813;
0.104211;0.550914;
0.104231;0.552016;
0.104251;0.553118;
0.104271;0.55422;
0.104291;0.555323;
0.104311;0.556425;
0.104331;0.557528;
0.104351;0.558631;
0.104371;0.559734;
0.104391;0.560837;
0.104411;0.56194;
0.104431;0.563044;
0.104451;0.564147;
0.104471;0.565251;
0.104491;0.566355;
0.104511;0.567459;
0.104531;0.568564;
0.104551;0.569668;
0.104571;0.570773;
0.104591;0.571877;
0.104611;0.572982;
0.104631;0.574087;
0.104651;0.575192;
0.104671;0.576298;
0.104691;0.577403;
0.104711;0.578509;
0.104731;0.579615;
0.104751;0.580721;
0.104771;0.581827;
0.104791;0.582933;
0.104811;0.58404;
0.104831;0.585147;
0.104851;0.586253;
0.104871;0.58736;
0.104891;0.588467;
0.104911;0.589575;
0.104931;0.590682;
0.104951;0.59179;
0.104971;0.592897;
0.104991;0.594005;
0.105011;0.595113;
0.105031;0.596221;
0.105051;0.59733;
0.105071;0.598438;
0.105091;0.599547;
0.105111;0.600656;
0.105131;0.601765;
0.105151;0.602874;
0.105171;0.603983;
0.105191;0.605093;
0.105211;0.606202;
0.105231;0.607312;
0.105251;0.608422;
0.105271;0.609532;
0.105291;0.610642;
0.105311;0.611752;
0.105331;0.612863;
0.105351;0.613973;
0.105371;0.615084;
0.105391;0.616195;
0.105411;0.617306;
0.105431;0.618418;
0.105451;0.619529;
0.105471;0.62064;
0.105491;0.621752;
0.105511;0.622864;
0.105531;0.623976;
0.105551;0.625088;
0.105571;0.6262;
0.105591;0.627313;
0.105611;0.628425;
0.105631;0.629538;
0.105651;0.630651;
0.105671;0.631764;
0.105691;0.632877;
0.105711;0.633991;
0.105731;0.635104;
0.105751;0.636218;
0.105771;0.637332;
0.105791;0.638446;
0.105811;0.63956;
0.105831;0.640674;
0.105851;0.641788;
0.105871;0.642903;
0.105891;0.644017;
0.105911;0.645132;
0.105931;0.646247;
0.105951;0.647362;
0.105971;0.648478;
0.105991;0.649593;
0.106001;0.650177;
0.106001;0.650182;
0.106001;0.650193;
0.106002;0.650216;
0.106002;0.650232;
0.106002;0.650237;
0.106002;0.650246;
0.106003;0.650264;
0.106003;0.650299;
0.106004;0.650371;
0.106007;0.650513;
0.106012;0.650799;
0.106022;0.65137;
0.106042;0.652486;
0.106062;0.653602;
0.106082;0.654718;
0.106102;0.655834;
0.106122;0.656951;
0.106142;0.658067;
0.106162;0.659184;
0.106182;0.660301;
0.106202;0.661417;
0.106222;0.662535;
0.106242;0.663652;
0.106262;0.664769;
0.106282;0.665887;
0.106302;0.667004;
0.106322;0.668122;
0.106342;0.66924;
0.106362;0.670358;
0.106382;0.671476;
0.106402;0.672595;
0.106422;0.673713;
0.106442;0.674832;
0.106462;0.675951;
0.106482;0.67707;
0.106502;0.678189;
0.106522;0.679308;
0.106542;0.680427;
0.106562;0.681547;
0.106582;0.682666;
0.106602;0.683786;
0.106622;0.684906;
0.106642;0.686026;
0.106662;0.687146;
0.106682;0.688267;
0.106702;0.689387;
0.106722;0.690508;
0.106742;0.691629;
0.106762;0.69275;
0.106782;0.693871;
0.106802;0.694992;
0.106822;0.696113;
0.106842;0.697235;
0.106862;0.698356;
0.106882;0.699478;
0.106902;0.7006;
0.106922;0.701722;
0.106942;0.702844;
0.106962;0.703966;
0.106982;0.705089;
0.107002;0.706211;
0.107022;0.707334;
0.107042;0.708457;
0.107062;0.70958;
0.107082;0.710703;
0.107102;0.711826;
0.107122;0.712949;
0.107142;0.714073;
0.107162;0.715197;
0.107182;0.71632;
0.107202;0.717444;
0.107222;0.718568;
0.107242;0.719693;
0.107262;0.720817;
0.107282;0.721941;
0.107302;0.723066;
0.107322;0.724191;
0.107342;0.725316;
0.107362;0.726441;
0.107382;0.727566;
0.107402;0.728691;
0.107422;0.729816;
0.107442;0.730942;
0.107462;0.732068;
0.107482;0.733193;
0.107502;0.734319;
0.107522;0.735445;
0.107542;0.736572;
0.107562;0.737698;
0.107582;0.738824;
0.107602;0.739951;
0.107622;0.741078;
0.107642;0.742205;
0.107662;0.743332;
0.107682;0.744459;
0.107702;0.745586;
0.107722;0.746713;
0.107742;0.747841;
0.107762;0.748969;
0.107782;0.750096;
0.107802;0.751224;
0.107822;0.752352;
0.107842;0.75348;
0.107862;0.754609;
0.107882;0.755737;
0.107902;0.756866;
0.107922;0.757994;
0.107942;0.759123;
0.107962;0.760252;
0.107982;0.761381;
0.108;0.762375;
0.108;0.762381;
0.108;0.762392;
0.108001;0.762414;
0.108001;0.762431;
0.108001;0.762436;
0.108001;0.762445;
0.108002;0.762463;
0.108002;0.762487;
0.108003;0.762522;
0.108004;0.762592;
0.108006;0.762729;
0.10801;0.762894;
0.108012;0.763043;
0.108016;0.76321;
0.108021;0.76346;
0.108029;0.763884;
0.108039;0.76439;
0.108051;0.765033;
0.108062;0.765601;
0.108075;0.766249;
0.108095;0.767276;
0.108115;0.768302;
0.108135;0.769329;
0.108155;0.770357;
0.108175;0.771384;
0.108195;0.772412;
0.108215;0.773439;
0.108235;0.774467;
0.108255;0.775495;
0.108275;0.776524;
0.108295;0.777552;
0.108315;0.778581;
0.108335;0.77961;
0.108355;0.780639;
0.108375;0.781668;
0.108395;0.782698;
0.108415;0.783727;
0.108435;0.784757;
0.108455;0.785787;
0.108475;0.786817;
0.108495;0.787848;
0.108515;0.788878;
0.108535;0.789909;
0.108555;0.79094;
0.108575;0.791971;
0.108595;0.793002;
0.108615;0.794034;
0.108635;0.795065;
0.108655;0.796097;
0.108675;0.797129;
0.108695;0.798161;
0.108715;0.799194;
0.108735;0.800226;
0.108755;0.801259;
0.108775;0.802292;
0.108795;0.803325;
0.108815;0.804359;
0.108835;0.805392;
0.108855;0.806426;
0.108875;0.80746;
0.108895;0.808494;
0.108915;0.809528;
0.108935;0.810562;
0.108955;0.811597;
0.108975;0.812632;
0.108995;0.813667;
0.109015;0.814702;
0.109035;0.815737;
0.109055;0.816773;
0.109075;0.817808;
0.109095;0.818844;
0.109115;0.81988;
0.109135;0.820917;
0.109155;0.821953;
0.109175;0.82299;
0.109195;0.824026;
0.109215;0.825063;
0.109235;0.8261;
0.109255;0.827138;
0.109275;0.828175;
0.109295;0.829213;
0.109315;0.830251;
0.109335;0.831289;
0.109355;0.832327;
0.109375;0.833365;
0.109395;0.834404;
0.109415;0.835442;
0.109435;0.836481;
0.109455;0.83752;
0.109475;0.83856;
0.109495;0.839599;
0.109515;0.840639;
0.109535;0.841678;
0.109555;0.842718;
0.109575;0.843759;
0.109595;0.844799;
0.109615;0.845839;
0.109635;0.84688;
0.109655;0.847921;
0.109675;0.848962;
0.109695;0.850003;
0.109715;0.851044;
0.109735;0.852086;
0.109755;0.853128;
0.109775;0.854169;
0.109795;0.855212;
0.109815;0.856254;
0.109835;0.857296;
0.109855;0.858339;
0.109875;0.859381;
0.109895;0.860424;
0.109915;0.861467;
0.109935;0.862511;
0.109955;0.863554;
0.109975;0.864598;
0.109995;0.865642;
0.110001;0.865961;
0.110001;0.865966;
0.110001;0.865976;
0.110002;0.865997;
0.110002;0.866013;
0.110002;0.866017;
0.110002;0.866025;
0.110003;0.866042;
0.110003;0.866075;
0.110004;0.866142;
0.110007;0.866276;
0.110012;0.866543;
0.110022;0.867078;
0.110042;0.868122;
0.110062;0.869166;
0.110082;0.870211;
0.110102;0.871255;
0.110122;0.8723;
0.110142;0.873345;
0.110162;0.874391;
0.110182;0.875436;
0.110202;0.876481;
0.110222;0.877527;
0.110242;0.878573;
0.110262;0.879619;
0.110282;0.880665;
0.110302;0.881712;
0.110322;0.882758;
0.110342;0.883805;
0.110362;0.884852;
0.110382;0.885899;
0.110402;0.886946;
0.110422;0.887994;
0.110442;0.889041;
0.110462;0.890089;
0.110482;0.891137;
0.110502;0.892185;
0.110522;0.893233;
0.110542;0.894282;
0.110562;0.89533;
0.110582;0.896379;
0.110602;0.897428;
0.110622;0.898477;
0.110642;0.899526;
0.110662;0.900575;
0.110682;0.901625;
0.110702;0.902675;
0.110722;0.903725;
0.110742;0.904775;
0.110762;0.905825;
0.110782;0.906875;
0.110802;0.907926;
0.110822;0.908977;
0.110842;0.910028;
0.110862;0.911079;
0.110882;0.91213;
0.110902;0.913181;
0.110922;0.914233;
0.110942;0.915284;
0.110962;0.916336;
0.110982;0.917388;
0.111002;0.91844;
0.111022;0.919493;
0.111042;0.920545;
0.111062;0.921598;
0.111082;0.922651;
0.111102;0.923704;
0.111122;0.924757;
0.111142;0.92581;
0.111162;0.926864;
0.111182;0.927917;
0.111202;0.928971;
0.111222;0.930025;
0.111242;0.931079;
0.111262;0.932134;
0.111282;0.933188;
0.111302;0.934243;
0.111322;0.935297;
0.111342;0.936352;
0.111362;0.937407;
0.111382;0.938463;
0.111402;0.939518;
0.111422;0.940574;
0.111442;0.941629;
0.111462;0.942685;
0.111482;0.943741;
0.111502;0.944797;
0.111522;0.945854;
0.111542;0.94691;
0.111562;0.947967;
0.111582;0.949024;
0.111602;0.950081;
0.111622;0.951138;
0.111642;0.952195;
0.111662;0.953253;
0.111682;0.95431;
0.111702;0.955368;
0.111722;0.956426;
0.111742;0.957484;
0.111762;0.958542;
0.111782;0.959601;
0.111802;0.960659;
0.111822;0.961718;
0.111842;0.962777;
0.111862;0.963836;
0.111882;0.964895;
0.111902;0.965954;
0.111922;0.967014;
0.111942;0.968073;
0.111962;0.969133;
0.111982;0.970193;
0.112;0.971126;
0.112;0.971131;
0.112;0.971142;
0.112001;0.971163;
0.112001;0.971179;
0.112001;0.971183;
0.112001;0.971191;
0.112002;0.971208;
0.112002;0.971242;
0.112003;0.97131;
0.112006;0.971446;
0.112011;0.971717;
0.112021;0.97226;
0.112041;0.973321;
0.112061;0.974381;
0.112081;0.975442;
0.112101;0.976503;
0.112121;0.977564;
0.112141;0.978625;
0.112161;0.979686;
0.112181;0.980747;
0.112201;0.981809;
0.112221;0.982871;
0.112241;0.983933;
0.112261;0.984995;
0.112281;0.986057;
0.112301;0.987119;
0.112321;0.988182;
0.112341;0.989245;
0.112361;0.990307;
0.112381;0.99137;
0.112401;0.992433;
0.112421;0.993497;
0.112441;0.99456;
0.112461;0.995624;
0.112481;0.996687;
0.112501;0.997751;
0.112521;0.998815;
0.112541;0.999879;
0.112561;1.00094;
0.112581;1.00201;
0.112601;1.00307;
0.112621;1.00414;
0.112641;1.0052;
0.112661;1.00627;
0.112681;1.00733;
0.112701;1.0084;
0.112721;1.00946;
0.112741;1.01053;
0.112761;1.01159;
0.112781;1.01266;
0.112801;1.01373;
0.112821;1.01479;
0.112841;1.01586;
0.112861;1.01693;
0.112881;1.01799;
0.112901;1.01906;
0.112921;1.02013;
0.112941;1.02119;
0.112961;1.02226;
0.112981;1.02333;
0.113001;1.0244;
0.113021;1.02546;
0.113041;1.02653;
0.113061;1.0276;
0.113081;1.02867;
0.113101;1.02974;
0.113121;1.0308;
0.113141;1.03187;
0.113161;1.03294;
0.113181;1.03401;
0.113201;1.03508;
0.113221;1.03615;
0.113241;1.03722;
0.113261;1.03829;
0.113281;1.03936;
0.113301;1.04043;
0.113321;1.0415;
0.113341;1.04257;
0.113361;1.04364;
0.113381;1.04471;
0.113401;1.04578;
0.113421;1.04685;
0.113441;1.04792;
0.113461;1.04899;
0.113481;1.05006;
0.113501;1.05113;
0.113521;1.0522;
0.113541;1.05327;
0.113561;1.05434;
0.113581;1.05542;
0.113601;1.05649;
0.113621;1.05756;
0.113641;1.05863;
0.113661;1.0597;
0.113681;1.06078;
0.113701;1.06185;
0.113721;1.06292;
0.113741;1.06399;
0.113761;1.06507;
0.113781;1.06614;
0.113801;1.06721;
0.113821;1.06829;
0.113841;1.06936;
0.113861;1.07043;
0.113881;1.07151;
0.113901;1.07258;
0.113921;1.07366;
0.113941;1.07473;
0.113961;1.0758;
0.113981;1.07688;
0.114001;1.07793;
0.114001;1.07794;
0.114001;1.07795;
0.114002;1.07797;
0.114002;1.07798;
0.114002;1.07799;
0.114002;1.078;
0.114003;1.07801;
0.114003;1.07805;
0.114004;1.07812;
0.114007;1.07826;
0.114012;1.07853;
0.114022;1.07908;
0.114042;1.08016;
0.114062;1.08123;
0.114082;1.08231;
0.114102;1.08338;
0.114122;1.08446;
0.114142;1.08553;
0.114162;1.08661;
0.114182;1.08768;
0.114202;1.08876;
0.114222;1.08984;
0.114242;1.09091;
0.114262;1.09199;
0.114282;1.09306;
0.114302;1.09414;
0.114322;1.09522;
0.114342;1.09629;
0.114362;1.09737;
0.114382;1.09845;
0.114402;1.09953;
0.114422;1.1006;
0.114442;1.10168;
0.114462;1.10276;
0.114482;1.10384;
0.114502;1.10491;
0.114522;1.10599;
0.114542;1.10707;
0.114562;1.10815;
0.114582;1.10923;
0.114602;1.11031;
0.114622;1.11138;
0.114642;1.11246;
0.114662;1.11354;
0.114682;1.11462;
0.114702;1.1157;
0.114722;1.11678;
0.114742;1.11786;
0.114762;1.11894;
0.114782;1.12002;
0.114802;1.1211;
0.114822;1.12218;
0.114842;1.12326;
0.114862;1.12434;
0.114882;1.12542;
0.114902;1.1265;
0.114922;1.12758;
0.114942;1.12866;
0.114962;1.12974;
0.114982;1.13082;
0.115002;1.1319;
0.115022;1.13299;
0.115042;1.13407;
0.115062;1.13515;
0.115082;1.13623;
0.115102;1.13731;
0.115122;1.13839;
0.115142;1.13948;
0.115162;1.14056;
0.115182;1.14164;
0.115202;1.14272;
0.115222;1.1438;
0.115242;1.14489;
0.115262;1.14597;
0.115282;1.14705;
0.115302;1.14814;
0.115322;1.14922;
0.115342;1.1503;
0.115362;1.15139;
0.115382;1.15247;
0.115402;1.15355;
0.115422;1.15464;
0.115442;1.15572;
0.115462;1.15681;
0.115482;1.15789;
0.115502;1.15897;
0.115522;1.16006;
0.115542;1.16114;
0.115562;1.16223;
0.115582;1.16331;
0.115602;1.1644;
0.115622;1.16548;
0.115642;1.16657;
0.115662;1.16765;
0.115682;1.16874;
0.115702;1.16982;
0.115722;1.17091;
0.115742;1.17199;
0.115762;1.17308;
0.115782;1.17417;
0.115802;1.17525;
0.115822;1.17634;
0.115842;1.17743;
0.115862;1.17851;
0.115882;1.1796;
0.115902;1.18069;
0.115922;1.18177;
0.115942;1.18286;
0.115962;1.18392;
0.115974;1.18451;
0.115985;1.18505;
0.115989;1.18526;
0.115995;1.18557;
0.116;1.18581;
0.116;1.18581;
0.116;1.18582;
0.116001;1.18584;
0.116001;1.18586;
0.116001;1.18586;
0.116001;1.18587;
0.116002;1.18589;
0.116002;1.18592;
0.116003;1.18598;
0.116006;1.18611;
0.116011;1.18636;
0.116021;1.18687;
0.116038;1.1877;
0.116056;1.18859;
0.116073;1.18943;
0.116091;1.19034;
0.116111;1.19133;
0.116131;1.19233;
0.116151;1.19332;
0.116171;1.19432;
0.116191;1.19531;
0.116211;1.19631;
0.116231;1.1973;
0.116251;1.1983;
0.116271;1.19929;
0.116291;1.20029;
0.116311;1.20129;
0.116331;1.20228;
0.116351;1.20328;
0.116371;1.20428;
0.116391;1.20527;
0.116411;1.20627;
0.116431;1.20727;
0.116451;1.20827;
0.116471;1.20926;
0.116491;1.21026;
0.116511;1.21126;
0.116531;1.21226;
0.116551;1.21326;
0.116571;1.21426;
0.116591;1.21526;
0.116611;1.21625;
0.116631;1.21725;
0.116651;1.21825;
0.116671;1.21925;
0.116691;1.22025;
0.116711;1.22125;
0.116731;1.22225;
0.116751;1.22325;
0.116771;1.22425;
0.116791;1.22525;
0.116811;1.22625;
0.116831;1.22725;
0.116851;1.22826;
0.116871;1.22926;
0.116891;1.23026;
0.116911;1.23126;
0.116931;1.23226;
0.116951;1.23326;
0.116971;1.23427;
0.116991;1.23527;
0.117011;1.23627;
0.117031;1.23727;
0.117051;1.23828;
0.117071;1.23928;
0.117091;1.24028;
0.117111;1.24128;
0.117131;1.24229;
0.117151;1.24329;
0.117171;1.24429;
0.117191;1.2453;
0.117211;1.2463;
0.117231;1.24731;
0.117251;1.24831;
0.117271;1.24932;
0.117291;1.25032;
0.117311;1.25133;
0.117331;1.25233;
0.117351;1.25334;
0.117371;1.25434;
0.117391;1.25535;
0.117411;1.25635;
0.117431;1.25736;
0.117451;1.25836;
0.117471;1.25937;
0.117491;1.26038;
0.117511;1.26138;
0.117531;1.26239;
0.117551;1.2634;
0.117571;1.2644;
0.117591;1.26541;
0.117611;1.26642;
0.117631;1.26743;
0.117651;1.26843;
0.117671;1.26944;
0.117691;1.27045;
0.117711;1.27146;
0.117731;1.27247;
0.117751;1.27347;
0.117771;1.27448;
0.117791;1.27549;
0.117811;1.2765;
0.117831;1.27751;
0.117851;1.27852;
0.117871;1.27953;
0.117891;1.28054;
0.117911;1.28155;
0.117931;1.28256;
0.117951;1.28357;
0.117971;1.28458;
0.117991;1.28559;
0.118001;1.28609;
0.118001;1.28609;
0.118001;1.2861;
0.118002;1.28612;
0.118002;1.28614;
0.118002;1.28614;
0.118002;1.28615;
0.118003;1.28617;
0.118003;1.2862;
0.118004;1.28626;
0.118007;1.28639;
0.118012;1.28665;
0.118022;1.28717;
0.118042;1.28818;
0.118062;1.28919;
0.118082;1.2902;
0.118102;1.29121;
0.118122;1.29223;
0.118142;1.29324;
0.118162;1.29425;
0.118182;1.29526;
0.118202;1.29627;
0.118222;1.29728;
0.118242;1.2983;
0.118262;1.29931;
0.118282;1.30032;
0.118302;1.30134;
0.118322;1.30235;
0.118342;1.30336;
0.118362;1.30437;
0.118382;1.30539;
0.118402;1.3064;
0.118422;1.30741;
0.118442;1.30843;
0.118462;1.30944;
0.118482;1.31046;
0.118502;1.31147;
0.118522;1.31249;
0.118542;1.3135;
0.118562;1.31452;
0.118582;1.31553;
0.118602;1.31655;
0.118622;1.31756;
0.118642;1.31858;
0.118662;1.31959;
0.118682;1.32061;
0.118702;1.32162;
0.118722;1.32264;
0.118742;1.32366;
0.118762;1.32467;
0.118782;1.32569;
0.118802;1.3267;
0.118822;1.32772;
0.118842;1.32874;
0.118862;1.32976;
0.118882;1.33077;
0.118902;1.33179;
0.118922;1.33281;
0.118942;1.33382;
0.118962;1.33484;
0.118982;1.33586;
0.119002;1.33688;
0.119022;1.3379;
0.119042;1.33892;
0.119062;1.33993;
0.119082;1.34095;
0.119102;1.34197;
0.119122;1.34299;
0.119142;1.34401;
0.119162;1.34503;
0.119182;1.34605;
0.119202;1.34707;
0.119222;1.34809;
0.119242;1.34911;
0.119262;1.35013;
0.119282;1.35115;
0.119302;1.35217;
0.119322;1.35319;
0.119342;1.35421;
0.119362;1.35523;
0.119382;1.35625;
0.119402;1.35727;
0.119422;1.35829;
0.119442;1.35931;
0.119462;1.36034;
0.119482;1.36136;
0.119502;1.36238;
0.119522;1.3634;
0.119542;1.36442;
0.119562;1.36545;
0.119582;1.36647;
0.119602;1.36749;
0.119622;1.36851;
0.119642;1.36954;
0.119662;1.37056;
0.119682;1.37158;
0.119702;1.37261;
0.119722;1.37363;
0.119742;1.37465;
0.119762;1.37568;
0.119782;1.3767;
0.119802;1.37772;
0.119822;1.37875;
0.119842;1.37977;
0.119862;1.3808;
0.119882;1.38182;
0.119902;1.38285;
0.119922;1.38387;
0.119942;1.3849;
0.119962;1.38592;
0.119982;1.38693;
0.119995;1.38753;
0.12;1.38777;
0.12;1.38778;
0.12;1.38779;
0.120001;1.38781;
0.120001;1.38782;
0.120001;1.38782;
0.120001;1.38783;
0.120002;1.38785;
0.120002;1.38787;
0.120003;1.38793;
0.120006;1.38805;
0.120011;1.38828;
0.120021;1.38875;
0.120034;1.38931;
0.120048;1.38993;
0.120061;1.39055;
0.120074;1.39116;
0.120094;1.39206;
0.120114;1.39297;
0.120134;1.39388;
0.120154;1.39479;
0.120174;1.3957;
0.120194;1.39661;
0.120214;1.39752;
0.120234;1.39843;
0.120254;1.39934;
0.120274;1.40025;
0.120294;1.40116;
0.120314;1.40207;
0.120334;1.40298;
0.120354;1.4039;
0.120374;1.40481;
0.120394;1.40572;
0.120414;1.40663;
0.120434;1.40754;
0.120454;1.40846;
0.120474;1.40937;
0.120494;1.41028;
0.120514;1.41119;
0.120534;1.41211;
0.120554;1.41302;
0.120574;1.41393;
0.120594;1.41485;
0.120614;1.41576;
0.120634;1.41668;
0.120654;1.41759;
0.120674;1.41851;
0.120694;1.41942;
0.120714;1.42034;
0.120734;1.42125;
0.120754;1.42217;
0.120774;1.42308;
0.120794;1.424;
0.120814;1.42491;
0.120834;1.42583;
0.120854;1.42675;
0.120874;1.42766;
0.120894;1.42858;
0.120914;1.4295;
0.120934;1.43041;
0.120954;1.43133;
0.120974;1.43225;
0.120994;1.43317;
0.121014;1.43409;
0.121034;1.435;
0.121054;1.43592;
0.121074;1.43684;
0.121094;1.43776;
0.121114;1.43868;
0.121134;1.4396;
0.121154;1.44052;
0.121174;1.44144;
0.121194;1.44236;
0.121214;1.44328;
0.121234;1.4442;
0.121254;1.44512;
0.121274;1.44604;
0.121294;1.44696;
0.121314;1.44788;
0.121334;1.4488;
0.121354;1.44972;
0.121374;1.45065;
0.121394;1.45157;
0.121414;1.45249;
0.121434;1.45341;
0.121454;1.45434;
0.121474;1.45526;
0.121494;1.45618;
0.121514;1.4571;
0.121534;1.45803;
0.121554;1.45895;
0.121574;1.45987;
0.121594;1.4608;
0.121614;1.46172;
0.121634;1.46265;
0.121654;1.46357;
0.121674;1.4645;
0.121694;1.46542;
0.121714;1.46635;
0.121734;1.46727;
0.121754;1.4682;
0.121774;1.46912;
0.121794;1.47005;
0.121814;1.47097;
0.121834;1.4719;
0.121854;1.47283;
0.121874;1.47375;
0.121894;1.47468;
0.121914;1.47561;
0.121934;1.47653;
0.121954;1.47746;
0.121974;1.47839;
0.121994;1.47932;
0.122001;1.47962;
0.122001;1.47963;
0.122001;1.47963;
0.122002;1.47965;
0.122002;1.47967;
0.122002;1.47967;
0.122002;1.47968;
0.122003;1.47969;
0.122003;1.47972;
0.122004;1.47978;
0.122007;1.4799;
0.122012;1.48014;
0.122022;1.48061;
0.122042;1.48154;
0.122062;1.48247;
0.122082;1.4834;
0.122102;1.48433;
0.122122;1.48526;
0.122142;1.48619;
0.122162;1.48712;
0.122182;1.48804;
0.122202;1.48897;
0.122222;1.4899;
0.122242;1.49083;
0.122262;1.49176;
0.122282;1.4927;
0.122302;1.49363;
0.122322;1.49456;
0.122342;1.49549;
0.122362;1.49642;
0.122382;1.49735;
0.122402;1.49828;
0.122422;1.49921;
0.122442;1.50015;
0.122462;1.50108;
0.122482;1.50201;
0.122502;1.50294;
0.122522;1.50388;
0.122542;1.50481;
0.122562;1.50574;
0.122582;1.50668;
0.122602;1.50761;
0.122622;1.50854;
0.122642;1.50948;
0.122662;1.51041;
0.122682;1.51135;
0.122702;1.51228;
0.122722;1.51321;
0.122742;1.51415;
0.122762;1.51508;
0.122782;1.51602;
0.122802;1.51695;
0.122822;1.51789;
0.122842;1.51883;
0.122862;1.51976;
0.122882;1.5207;
0.122902;1.52163;
0.122922;1.52257;
0.122942;1.52351;
0.122962;1.52444;
0.122982;1.52538;
0.123002;1.52632;
0.123022;1.52726;
0.123042;1.52819;
0.123062;1.52913;
0.123082;1.53007;
0.123102;1.53101;
0.123122;1.53195;
0.123142;1.53288;
0.123162;1.53382;
0.123182;1.53476;
0.123202;1.5357;
0.123222;1.53664;
0.123242;1.53758;
0.123262;1.53852;
0.123282;1.53946;
0.123302;1.5404;
0.123322;1.54134;
0.123342;1.54228;
0.123362;1.54322;
0.123382;1.54416;
0.123402;1.5451;
0.123422;1.54604;
0.123442;1.54698;
0.123462;1.54792;
0.123482;1.54887;
0.123502;1.54981;
0.123522;1.55075;
0.123542;1.55169;
0.123562;1.55263;
0.123582;1.55358;
0.123602;1.55452;
0.123622;1.55546;
0.123642;1.5564;
0.123662;1.55735;
0.123682;1.55829;
0.123702;1.55923;
0.123722;1.56018;
0.123742;1.56112;
0.123762;1.56207;
0.123782;1.56301;
0.123802;1.56395;
0.123822;1.5649;
0.123842;1.56584;
0.123862;1.56679;
0.123882;1.56773;
0.123902;1.56868;
0.123922;1.56962;
0.123942;1.57057;
0.123962;1.57152;
0.123982;1.57246;
0.124;1.57329;
0.124;1.5733;
0.124;1.57331;
0.124001;1.57333;
0.124001;1.57334;
0.124001;1.57335;
0.124001;1.57335;
0.124002;1.57337;
0.124002;1.5734;
0.124003;1.57346;
0.124006;1.57358;
0.124011;1.57382;
0.124021;1.57431;
0.124041;1.57525;
0.124061;1.5762;
0.124081;1.57715;
0.124098;1.57793;
0.124115;1.57876;
0.124135;1.57971;
0.124155;1.58065;
0.124175;1.5816;
0.124195;1.58255;
0.124215;1.5835;
0.124235;1.58445;
0.124255;1.58539;
0.124275;1.58634;
0.124295;1.58729;
0.124315;1.58824;
0.124335;1.58919;
0.124355;1.59014;
0.124375;1.59109;
0.124395;1.59204;
0.124415;1.59299;
0.124435;1.59394;
0.124455;1.59489;
0.124475;1.59584;
0.124495;1.59679;
0.124515;1.59774;
0.124535;1.59869;
0.124555;1.59964;
0.124575;1.60059;
0.124595;1.60154;
0.124615;1.60249;
0.124635;1.60344;
0.124655;1.6044;
0.124675;1.60535;
0.124695;1.6063;
0.124715;1.60725;
0.124735;1.6082;
0.124755;1.60916;
0.124775;1.61011;
0.124795;1.61106;
0.124815;1.61201;
0.124835;1.61297;
0.124855;1.61392;
0.124875;1.61487;
0.124895;1.61583;
0.124915;1.61678;
0.124935;1.61774;
0.124955;1.61869;
0.124975;1.61964;
0.124995;1.6206;
0.125015;1.62155;
0.125035;1.62251;
0.125055;1.62346;
0.125075;1.62442;
0.125095;1.62537;
0.125115;1.62633;
0.125135;1.62729;
0.125155;1.62824;
0.125175;1.6292;
0.125195;1.63015;
0.125215;1.63111;
0.125235;1.63207;
0.125255;1.63302;
0.125275;1.63398;
0.125295;1.63494;
0.125315;1.63589;
0.125335;1.63685;
0.125355;1.63781;
0.125375;1.63877;
0.125395;1.63972;
0.125415;1.64068;
0.125435;1.64164;
0.125455;1.6426;
0.125475;1.64356;
0.125495;1.64452;
0.125515;1.64547;
0.125535;1.64643;
0.125555;1.64739;
0.125575;1.64835;
0.125595;1.64931;
0.125615;1.65027;
0.125635;1.65123;
0.125655;1.65219;
0.125675;1.65315;
0.125695;1.65411;
0.125715;1.65507;
0.125735;1.65603;
0.125755;1.65699;
0.125775;1.65795;
0.125795;1.65891;
0.125815;1.65987;
0.125835;1.66084;
0.125855;1.6618;
0.125875;1.66276;
0.125895;1.66372;
0.125915;1.66468;
0.125935;1.66564;
0.125955;1.66661;
0.125975;1.66757;
0.125995;1.66853;
0.126001;1.6688;
0.126001;1.6688;
0.126001;1.66881;
0.126002;1.66883;
0.126002;1.66885;
0.126002;1.66885;
0.126002;1.66886;
0.126003;1.66887;
0.126003;1.6689;
0.126004;1.66897;
0.126007;1.66909;
0.126012;1.66934;
0.126022;1.66983;
0.126042;1.67079;
0.126062;1.67175;
0.126082;1.67272;
0.126102;1.67368;
0.126122;1.67464;
0.126142;1.67561;
0.126162;1.67657;
0.126182;1.67754;
0.126202;1.6785;
0.126222;1.67946;
0.126242;1.68043;
0.126262;1.68139;
0.126282;1.68236;
0.126302;1.68332;
0.126322;1.68429;
0.126342;1.68525;
0.126362;1.68622;
0.126382;1.68718;
0.126402;1.68815;
0.126422;1.68912;
0.126442;1.69008;
0.126462;1.69105;
0.126482;1.69201;
0.126502;1.69298;
0.126522;1.69395;
0.126542;1.69491;
0.126562;1.69588;
0.126582;1.69685;
0.126602;1.69782;
0.126622;1.69878;
0.126642;1.69975;
0.126662;1.70072;
0.126682;1.70169;
0.126702;1.70265;
0.126722;1.70362;
0.126742;1.70459;
0.126762;1.70556;
0.126782;1.70653;
0.126802;1.7075;
0.126822;1.70846;
0.126842;1.70943;
0.126862;1.7104;
0.126882;1.71137;
0.126902;1.71234;
0.126922;1.71331;
0.126942;1.71428;
0.126962;1.71525;
0.126982;1.71622;
0.127002;1.71719;
0.127022;1.71816;
0.127042;1.71913;
0.127062;1.7201;
0.127082;1.72107;
0.127102;1.72204;
0.127122;1.72302;
0.127142;1.72399;
0.127162;1.72496;
0.127182;1.72593;
0.127202;1.7269;
0.127222;1.72787;
0.127242;1.72884;
0.127262;1.72982;
0.127282;1.73079;
0.127302;1.73176;
0.127322;1.73273;
0.127342;1.73371;
0.127362;1.73468;
0.127382;1.73565;
0.127402;1.73663;
0.127422;1.7376;
0.127442;1.73857;
0.127462;1.73955;
0.127482;1.74052;
0.127502;1.74149;
0.127522;1.74247;
0.127542;1.74344;
0.127562;1.74442;
0.127582;1.74539;
0.127602;1.74636;
0.127622;1.74734;
0.127642;1.74831;
0.127662;1.74929;
0.127682;1.75026;
0.127702;1.75124;
0.127722;1.75221;
0.127742;1.75319;
0.127762;1.75417;
0.127782;1.75514;
0.127802;1.75612;
0.127822;1.75709;
0.127842;1.75807;
0.127862;1.75905;
0.127882;1.76002;
0.127902;1.761;
0.127922;1.76198;
0.127942;1.76295;
0.127958;1.76367;
0.127973;1.76432;
0.127984;1.7648;
0.127996;1.76527;
0.128;1.76545;
0.128;1.76546;
0.128;1.76547;
0.128001;1.76548;
0.128001;1.76549;
0.128001;1.7655;
0.128001;1.7655;
0.128002;1.76552;
0.128002;1.76554;
0.128003;1.7656;
0.128006;1.7657;
0.128011;1.76591;
0.128021;1.76634;
0.128041;1.76716;
0.128061;1.76799;
0.128081;1.76881;
0.128101;1.76964;
0.128121;1.77047;
0.128141;1.77129;
0.128161;1.77212;
0.128181;1.77295;
0.128201;1.77377;
0.128221;1.7746;
0.128241;1.77543;
0.128261;1.77626;
0.128281;1.77709;
0.128301;1.77792;
0.128321;1.77874;
0.128341;1.77957;
0.128361;1.7804;
0.128381;1.78123;
0.128401;1.78206;
0.128421;1.78289;
0.128441;1.78372;
0.128461;1.78455;
0.128481;1.78538;
0.128501;1.78621;
0.128521;1.78704;
0.128541;1.78787;
0.128561;1.78871;
0.128581;1.78954;
0.128601;1.79037;
0.128621;1.7912;
0.128641;1.79203;
0.128661;1.79287;
0.128681;1.7937;
0.128701;1.79453;
0.128721;1.79537;
0.128741;1.7962;
0.128761;1.79703;
0.128781;1.79787;
0.128801;1.7987;
0.128821;1.79954;
0.128841;1.80037;
0.128861;1.8012;
0.128881;1.80204;
0.128901;1.80288;
0.128921;1.80371;
0.128941;1.80455;
0.128961;1.80538;
0.128981;1.80622;
0.129001;1.80705;
0.129021;1.80789;
0.129041;1.80873;
0.129061;1.80957;
0.129081;1.8104;
0.129101;1.81124;
0.129121;1.81208;
0.129141;1.81292;
0.129161;1.81375;
0.129181;1.81459;
0.129201;1.81543;
0.129221;1.81627;
0.129241;1.81711;
0.129261;1.81795;
0.129281;1.81879;
0.129301;1.81963;
0.129321;1.82047;
0.129341;1.82131;
0.129361;1.82215;
0.129381;1.82299;
0.129401;1.82383;
0.129421;1.82467;
0.129441;1.82551;
0.129461;1.82635;
0.129481;1.82719;
0.129501;1.82804;
0.129521;1.82888;
0.129541;1.82972;
0.129561;1.83056;
0.129581;1.8314;
0.129601;1.83225;
0.129621;1.83309;
0.129641;1.83393;
0.129661;1.83478;
0.129681;1.83562;
0.129701;1.83647;
0.129721;1.83731;
0.129741;1.83815;
0.129761;1.839;
0.129781;1.83984;
0.129801;1.84069;
0.129821;1.84153;
0.129841;1.84238;
0.129861;1.84322;
0.129881;1.84407;
0.129901;1.84492;
0.129921;1.84576;
0.129941;1.84661;
0.129961;1.84746;
0.129981;1.8483;
0.130001;1.84913;
0.130001;1.84914;
0.130001;1.84915;
0.130002;1.84916;
0.130002;1.84918;
0.130002;1.84918;
0.130002;1.84919;
0.130003;1.8492;
0.130003;1.84923;
0.130004;1.84928;
0.130007;1.84939;
0.130012;1.84961;
0.130022;1.85004;
0.130042;1.85089;
0.130062;1.85174;
0.130082;1.85258;
0.130102;1.85343;
0.130122;1.85428;
0.130142;1.85513;
0.130162;1.85598;
0.130182;1.85683;
0.130202;1.85768;
0.130222;1.85853;
0.130242;1.85937;
0.130262;1.86022;
0.130282;1.86107;
0.130302;1.86192;
0.130322;1.86278;
0.130342;1.86363;
0.130362;1.86448;
0.130382;1.86533;
0.130402;1.86618;
0.130422;1.86703;
0.130442;1.86788;
0.130462;1.86873;
0.130482;1.86959;
0.130502;1.87044;
0.130522;1.87129;
0.130542;1.87214;
0.130562;1.873;
0.130582;1.87385;
0.130602;1.8747;
0.130622;1.87556;
0.130642;1.87641;
0.130662;1.87727;
0.130682;1.87812;
0.130702;1.87897;
0.130722;1.87983;
0.130742;1.88068;
0.130762;1.88154;
0.130782;1.88239;
0.130802;1.88325;
0.130822;1.88411;
0.130842;1.88496;
0.130862;1.88582;
0.130882;1.88667;
0.130902;1.88753;
0.130922;1.88839;
0.130942;1.88924;
0.130962;1.8901;
0.130982;1.89096;
0.131002;1.89182;
0.131022;1.89267;
0.131042;1.89353;
0.131062;1.89439;
0.131082;1.89525;
0.131102;1.89611;
0.131122;1.89696;
0.131142;1.89782;
0.131162;1.89868;
0.131182;1.89954;
0.131202;1.9004;
0.131222;1.90126;
0.131242;1.90212;
0.131262;1.90298;
0.131282;1.90384;
0.131302;1.9047;
0.131322;1.90556;
0.131342;1.90642;
0.131362;1.90728;
0.131382;1.90814;
0.131402;1.90901;
0.131422;1.90987;
0.131442;1.91073;
0.131462;1.91159;
0.131482;1.91245;
0.131502;1.91332;
0.131522;1.91418;
0.131542;1.91504;
0.131562;1.91591;
0.131582;1.91677;
0.131602;1.91763;
0.131622;1.9185;
0.131642;1.91936;
0.131662;1.92022;
0.131682;1.92109;
0.131702;1.92195;
0.131722;1.92282;
0.131742;1.92368;
0.131762;1.92455;
0.131782;1.92541;
0.131802;1.92628;
0.131822;1.92714;
0.131842;1.92801;
0.131862;1.92887;
0.131882;1.92974;
0.131902;1.93061;
0.131922;1.93147;
0.131942;1.93234;
0.131962;1.93321;
0.131982;1.93407;
0.132;1.93484;
0.132;1.93484;
0.132;1.93485;
0.132001;1.93487;
0.132001;1.93488;
0.132001;1.93488;
0.132001;1.93489;
0.132002;1.9349;
0.132002;1.93493;
0.132003;1.93499;
0.132006;1.9351;
0.132011;1.93532;
0.132021;1.93577;
0.132041;1.93663;
0.132061;1.9375;
0.132081;1.93837;
0.132101;1.93924;
0.132121;1.94011;
0.132141;1.94097;
0.132161;1.94184;
0.132181;1.94271;
0.132201;1.94358;
0.132221;1.94445;
0.132241;1.94532;
0.132261;1.94619;
0.132281;1.94706;
0.132301;1.94793;
0.132321;1.9488;
0.132341;1.94967;
0.132361;1.95054;
0.132381;1.95141;
0.132401;1.95228;
0.132421;1.95315;
0.132441;1.95403;
0.132461;1.9549;
0.132481;1.95577;
0.132501;1.95664;
0.132521;1.95751;
0.132541;1.95839;
0.132561;1.95926;
0.132581;1.96013;
0.132601;1.961;
0.132621;1.96188;
0.132641;1.96275;
0.132661;1.96362;
0.132681;1.9645;
0.132701;1.96537;
0.132721;1.96625;
0.132741;1.96712;
0.132761;1.968;
0.132781;1.96887;
0.132801;1.96974;
0.132821;1.97062;
0.132841;1.97149;
0.132861;1.97237;
0.132881;1.97325;
0.132901;1.97412;
0.132921;1.975;
0.132941;1.97587;
0.132961;1.97675;
0.132981;1.97763;
0.133001;1.9785;
0.133021;1.97938;
0.133041;1.98026;
0.133061;1.98113;
0.133081;1.98201;
0.133101;1.98289;
0.133121;1.98377;
0.133141;1.98464;
0.133161;1.98552;
0.133181;1.9864;
0.133201;1.98728;
0.133221;1.98816;
0.133241;1.98904;
0.133261;1.98992;
0.133281;1.9908;
0.133301;1.99167;
0.133321;1.99255;
0.133341;1.99343;
0.133361;1.99431;
0.133381;1.99519;
0.133401;1.99607;
0.133421;1.99695;
0.133441;1.99784;
0.133461;1.99872;
0.133481;1.9996;
0.133501;2.00048;
0.133521;2.00136;
0.133541;2.00224;
0.133561;2.00312;
0.133581;2.004;
0.133601;2.00489;
0.133621;2.00577;
0.133641;2.00665;
0.133661;2.00753;
0.133681;2.00842;
0.133701;2.0093;
0.133721;2.01018;
0.133741;2.01107;
0.133761;2.01195;
0.133781;2.01283;
0.133801;2.01372;
0.133821;2.0146;
0.133841;2.01549;
0.133861;2.01637;
0.133881;2.01725;
0.133901;2.01814;
0.133921;2.01902;
0.133941;2.01991;
0.133961;2.02079;
0.133981;2.02168;
0.134001;2.02255;
0.134001;2.02255;
0.134001;2.02256;
0.134002;2.02258;
0.134002;2.02259;
0.134002;2.0226;
0.134002;2.0226;
0.134003;2.02262;
0.134003;2.02264;
0.134004;2.0227;
0.134007;2.02281;
0.134012;2.02304;
0.134022;2.02349;
0.134042;2.02438;
0.134062;2.02527;
0.134082;2.02615;
0.134102;2.02704;
0.134122;2.02793;
0.134142;2.02881;
0.134162;2.0297;
0.134182;2.03059;
0.134202;2.03147;
0.134222;2.03236;
0.134242;2.03325;
0.134262;2.03414;
0.134282;2.03503;
0.134302;2.03591;
0.134322;2.0368;
0.134342;2.03769;
0.134362;2.03858;
0.134382;2.03947;
0.134402;2.04036;
0.134422;2.04125;
0.134442;2.04214;
0.134462;2.04303;
0.134482;2.04392;
0.134502;2.0448;
0.134522;2.04569;
0.134542;2.04659;
0.134562;2.04748;
0.134582;2.04837;
0.134602;2.04926;
0.134622;2.05015;
0.134642;2.05104;
0.134662;2.05193;
0.134682;2.05282;
0.134702;2.05371;
0.134722;2.0546;
0.134742;2.0555;
0.134762;2.05639;
0.134782;2.05728;
0.134802;2.05817;
0.134822;2.05907;
0.134842;2.05996;
0.134862;2.06085;
0.134882;2.06174;
0.134902;2.06264;
0.134922;2.06353;
0.134942;2.06442;
0.134962;2.06532;
0.134982;2.06621;
0.135002;2.06711;
0.135022;2.068;
0.135042;2.0689;
0.135062;2.06979;
0.135082;2.07068;
0.135102;2.07158;
0.135122;2.07247;
0.135142;2.07337;
0.135162;2.07427;
0.135182;2.07516;
0.135202;2.07606;
0.135222;2.07695;
0.135242;2.07785;
0.135262;2.07874;
0.135282;2.07964;
0.135302;2.08054;
0.135322;2.08143;
0.135342;2.08233;
0.135362;2.08323;
0.135382;2.08413;
0.135402;2.08502;
0.135422;2.08592;
0.135442;2.08682;
0.135462;2.08772;
0.135482;2.08861;
0.135502;2.08951;
0.135522;2.09041;
0.135542;2.09131;
0.135562;2.09221;
0.135582;2.09311;
0.135602;2.094;
0.135622;2.0949;
0.135642;2.0958;
0.135662;2.0967;
0.135682;2.0976;
0.135702;2.0985;
0.135722;2.0994;
0.135742;2.1003;
0.135762;2.1012;
0.135782;2.1021;
0.135802;2.103;
0.135822;2.1039;
0.135842;2.1048;
0.135862;2.10571;
0.135882;2.10661;
0.135902;2.10751;
0.135922;2.10841;
0.135942;2.10931;
0.135962;2.11019;
0.135974;2.11067;
0.135985;2.11111;
0.135989;2.11129;
0.135996;2.11155;
0.136;2.11173;
0.136;2.11173;
0.136;2.11174;
0.136001;2.11176;
0.136001;2.11177;
0.136001;2.11177;
0.136001;2.11178;
0.136002;2.11179;
0.136002;2.11182;
0.136003;2.11187;
0.136006;2.11197;
0.136011;2.11218;
0.136021;2.11259;
0.136039;2.11331;
0.136058;2.11408;
0.136074;2.11471;
0.13609;2.11538;
0.13611;2.11619;
0.13613;2.117;
0.13615;2.11781;
0.13617;2.11862;
0.13619;2.11943;
0.13621;2.12024;
0.13623;2.12105;
0.13625;2.12186;
0.13627;2.12267;
0.13629;2.12348;
0.13631;2.1243;
0.13633;2.12511;
0.13635;2.12592;
0.13637;2.12673;
0.13639;2.12754;
0.13641;2.12835;
0.13643;2.12917;
0.13645;2.12998;
0.13647;2.13079;
0.13649;2.13161;
0.13651;2.13242;
0.13653;2.13323;
0.13655;2.13405;
0.13657;2.13486;
0.13659;2.13567;
0.13661;2.13649;
0.13663;2.1373;
0.13665;2.13812;
0.13667;2.13893;
0.13669;2.13975;
0.13671;2.14056;
0.13673;2.14138;
0.13675;2.14219;
0.13677;2.14301;
0.13679;2.14383;
0.13681;2.14464;
0.13683;2.14546;
0.13685;2.14628;
0.13687;2.14709;
0.13689;2.14791;
0.13691;2.14873;
0.13693;2.14955;
0.13695;2.15036;
0.13697;2.15118;
0.13699;2.152;
0.13701;2.15282;
0.13703;2.15364;
0.13705;2.15446;
0.13707;2.15527;
0.13709;2.15609;
0.13711;2.15691;
0.13713;2.15773;
0.13715;2.15855;
0.13717;2.15937;
0.13719;2.16019;
0.13721;2.16101;
0.13723;2.16183;
0.13725;2.16265;
0.13727;2.16348;
0.13729;2.1643;
0.13731;2.16512;
0.13733;2.16594;
0.13735;2.16676;
0.13737;2.16758;
0.13739;2.16841;
0.13741;2.16923;
0.13743;2.17005;
0.13745;2.17087;
0.13747;2.1717;
0.13749;2.17252;
0.13751;2.17334;
0.13753;2.17417;
0.13755;2.17499;
0.13757;2.17582;
0.13759;2.17664;
0.13761;2.17746;
0.13763;2.17829;
0.13765;2.17911;
0.13767;2.17994;
0.13769;2.18076;
0.13771;2.18159;
0.13773;2.18242;
0.13775;2.18324;
0.13777;2.18407;
0.13779;2.18489;
0.13781;2.18572;
0.13783;2.18655;
0.13785;2.18737;
0.13787;2.1882;
0.13789;2.18903;
0.13791;2.18985;
0.13793;2.19068;
0.13795;2.19151;
0.13797;2.19234;
0.13799;2.19317;
0.138001;2.1936;
0.138001;2.19361;
0.138001;2.19361;
0.138002;2.19363;
0.138002;2.19364;
0.138002;2.19365;
0.138002;2.19365;
0.138003;2.19367;
0.138003;2.19369;
0.138004;2.19375;
0.138007;2.19385;
0.138012;2.19406;
0.138022;2.19449;
0.138042;2.19532;
0.138062;2.19615;
0.138082;2.19698;
0.138102;2.1978;
0.138122;2.19863;
0.138142;2.19946;
0.138162;2.20029;
0.138182;2.20112;
0.138202;2.20195;
0.138222;2.20278;
0.138242;2.20362;
0.138262;2.20445;
0.138282;2.20528;
0.138302;2.20611;
0.138322;2.20694;
0.138342;2.20777;
0.138362;2.2086;
0.138382;2.20943;
0.138402;2.21027;
0.138422;2.2111;
0.138442;2.21193;
0.138462;2.21276;
0.138482;2.2136;
0.138502;2.21443;
0.138522;2.21526;
0.138542;2.2161;
0.138562;2.21693;
0.138582;2.21776;
0.138602;2.2186;
0.138622;2.21943;
0.138642;2.22027;
0.138662;2.2211;
0.138682;2.22194;
0.138702;2.22277;
0.138722;2.22361;
0.138742;2.22444;
0.138762;2.22528;
0.138782;2.22611;
0.138802;2.22695;
0.138822;2.22779;
0.138842;2.22862;
0.138862;2.22946;
0.138882;2.2303;
0.138902;2.23113;
0.138922;2.23197;
0.138942;2.23281;
0.138962;2.23364;
0.138982;2.23448;
0.139002;2.23532;
0.139022;2.23616;
0.139042;2.237;
0.139062;2.23783;
0.139082;2.23867;
0.139102;2.23951;
0.139122;2.24035;
0.139142;2.24119;
0.139162;2.24203;
0.139182;2.24287;
0.139202;2.24371;
0.139222;2.24455;
0.139242;2.24539;
0.139262;2.24623;
0.139282;2.24707;
0.139302;2.24791;
0.139322;2.24875;
0.139342;2.24959;
0.139362;2.25043;
0.139382;2.25127;
0.139402;2.25211;
0.139422;2.25296;
0.139442;2.2538;
0.139462;2.25464;
0.139482;2.25548;
0.139502;2.25632;
0.139522;2.25717;
0.139542;2.25801;
0.139562;2.25885;
0.139582;2.2597;
0.139602;2.26054;
0.139622;2.26138;
0.139642;2.26223;
0.139662;2.26307;
0.139682;2.26391;
0.139702;2.26476;
0.139722;2.2656;
0.139742;2.26645;
0.139762;2.26729;
0.139782;2.26814;
0.139802;2.26898;
0.139822;2.26983;
0.139842;2.27067;
0.139862;2.27152;
0.139882;2.27236;
0.139902;2.27321;
0.139922;2.27406;
0.139942;2.2749;
0.139962;2.27575;
0.139982;2.27659;
0.139995;2.27708;
0.14;2.27727;
0.14;2.27727;
0.14;2.27728;
0.140001;2.2773;
0.140001;2.27731;
0.140001;2.27731;
0.140001;2.27732;
0.140002;2.27733;
0.140002;2.27735;
0.140003;2.2774;
0.140006;2.27749;
0.140011;2.27768;
0.140021;2.27805;
0.140033;2.27846;
0.140048;2.27903;
0.140062;2.27952;
0.140076;2.28003;
0.140096;2.28076;
0.140116;2.28149;
0.140136;2.28222;
0.140156;2.28294;
0.140176;2.28367;
0.140196;2.2844;
0.140216;2.28513;
0.140236;2.28586;
0.140256;2.28658;
0.140276;2.28731;
0.140296;2.28804;
0.140316;2.28877;
0.140336;2.2895;
0.140356;2.29023;
0.140376;2.29096;
0.140396;2.29169;
0.140416;2.29242;
0.140436;2.29315;
0.140456;2.29388;
0.140476;2.29462;
0.140496;2.29535;
0.140516;2.29608;
0.140536;2.29681;
0.140556;2.29754;
0.140576;2.29828;
0.140596;2.29901;
0.140616;2.29974;
0.140636;2.30048;
0.140656;2.30121;
0.140676;2.30194;
0.140696;2.30268;
0.140716;2.30341;
0.140736;2.30415;
0.140756;2.30488;
0.140776;2.30562;
0.140796;2.30635;
0.140816;2.30709;
0.140836;2.30782;
0.140856;2.30856;
0.140876;2.3093;
0.140896;2.31003;
0.140916;2.31077;
0.140936;2.31151;
0.140956;2.31224;
0.140976;2.31298;
0.140996;2.31372;
0.141016;2.31446;
0.141036;2.3152;
0.141056;2.31593;
0.141076;2.31667;
0.141096;2.31741;
0.141116;2.31815;
0.141136;2.31889;
0.141156;2.31963;
0.141176;2.32037;
0.141196;2.32111;
0.141216;2.32185;
0.141236;2.32259;
0.141256;2.32333;
0.141276;2.32407;
0.141296;2.32481;
0.141316;2.32555;
0.141336;2.3263;
0.141356;2.32704;
0.141376;2.32778;
0.141396;2.32852;
0.141416;2.32927;
0.141436;2.33001;
0.141456;2.33075;
0.141476;2.3315;
0.141496;2.33224;
0.141516;2.33298;
0.141536;2.33373;
0.141556;2.33447;
0.141576;2.33522;
0.141596;2.33596;
0.141616;2.33671;
0.141636;2.33745;
0.141656;2.3382;
0.141676;2.33894;
0.141696;2.33969;
0.141716;2.34043;
0.141736;2.34118;
0.141756;2.34193;
0.141776;2.34267;
0.141796;2.34342;
0.141816;2.34417;
0.141836;2.34492;
0.141856;2.34566;
0.141876;2.34641;
0.141896;2.34716;
0.141916;2.34791;
0.141936;2.34866;
0.141956;2.34941;
0.141976;2.35016;
0.141996;2.35091;
0.142001;2.35109;
0.142001;2.35109;
0.142001;2.3511;
0.142002;2.35112;
0.142002;2.35113;
0.142002;2.35113;
0.142002;2.35114;
0.142003;2.35115;
0.142003;2.35117;
0.142004;2.35122;
0.142007;2.35132;
0.142012;2.35151;
0.142022;2.35189;
0.142042;2.35264;
0.142062;2.35339;
0.142082;2.35414;
0.142102;2.35489;
0.142122;2.35564;
0.142142;2.35639;
0.142162;2.35715;
0.142182;2.3579;
0.142202;2.35865;
0.142222;2.3594;
0.142242;2.36015;
0.142262;2.36091;
0.142282;2.36166;
0.142302;2.36241;
0.142322;2.36316;
0.142342;2.36392;
0.142362;2.36467;
0.142382;2.36543;
0.142402;2.36618;
0.142422;2.36693;
0.142442;2.36769;
0.142462;2.36844;
0.142482;2.3692;
0.142502;2.36995;
0.142522;2.37071;
0.142542;2.37146;
0.142562;2.37222;
0.142582;2.37298;
0.142602;2.37373;
0.142622;2.37449;
0.142642;2.37525;
0.142662;2.376;
0.142682;2.37676;
0.142702;2.37752;
0.142722;2.37828;
0.142742;2.37903;
0.142762;2.37979;
0.142782;2.38055;
0.142802;2.38131;
0.142822;2.38207;
0.142842;2.38283;
0.142862;2.38359;
0.142882;2.38434;
0.142902;2.3851;
0.142922;2.38586;
0.142942;2.38662;
0.142962;2.38738;
0.142982;2.38815;
0.143002;2.38891;
0.143022;2.38967;
0.143042;2.39043;
0.143062;2.39119;
0.143082;2.39195;
0.143102;2.39271;
0.143122;2.39347;
0.143142;2.39424;
0.143162;2.395;
0.143182;2.39576;
0.143202;2.39653;
0.143222;2.39729;
0.143242;2.39805;
0.143262;2.39882;
0.143282;2.39958;
0.143302;2.40034;
0.143322;2.40111;
0.143342;2.40187;
0.143362;2.40264;
0.143382;2.4034;
0.143402;2.40417;
0.143422;2.40493;
0.143442;2.4057;
0.143462;2.40646;
0.143482;2.40723;
0.143502;2.408;
0.143522;2.40876;
0.143542;2.40953;
0.143562;2.41029;
0.143582;2.41106;
0.143602;2.41183;
0.143622;2.4126;
0.143642;2.41336;
0.143662;2.41413;
0.143682;2.4149;
0.143702;2.41567;
0.143722;2.41644;
0.143742;2.41721;
0.143762;2.41797;
0.143782;2.41874;
0.143802;2.41951;
0.143822;2.42028;
0.143842;2.42105;
0.143862;2.42182;
0.143882;2.42259;
0.143902;2.42336;
0.143922;2.42413;
0.143942;2.4249;
0.143962;2.42568;
0.143982;2.42645;
0.144;2.42713;
0.144;2.42713;
0.144;2.42714;
0.144001;2.42715;
0.144001;2.42716;
0.144001;2.42717;
0.144001;2.42717;
0.144002;2.42719;
0.144002;2.42721;
0.144003;2.42726;
0.144006;2.42736;
0.144011;2.42756;
0.144021;2.42795;
0.144041;2.42872;
0.144061;2.4295;
0.144081;2.43027;
0.144101;2.43104;
0.144121;2.43181;
0.144141;2.43258;
0.144161;2.43336;
0.144181;2.43413;
0.144201;2.4349;
0.144221;2.43568;
0.144241;2.43645;
0.144261;2.43723;
0.144281;2.438;
0.144301;2.43878;
0.144321;2.43955;
0.144341;2.44033;
0.144361;2.4411;
0.144381;2.44188;
0.144401;2.44265;
0.144421;2.44343;
0.144441;2.4442;
0.144461;2.44498;
0.144481;2.44576;
0.144501;2.44653;
0.144521;2.44731;
0.144541;2.44809;
0.144561;2.44886;
0.144581;2.44964;
0.144601;2.45042;
0.144621;2.4512;
0.144641;2.45198;
0.144661;2.45275;
0.144681;2.45353;
0.144701;2.45431;
0.144721;2.45509;
0.144741;2.45587;
0.144761;2.45665;
0.144781;2.45743;
0.144801;2.45821;
0.144821;2.45899;
0.144841;2.45977;
0.144861;2.46055;
0.144881;2.46133;
0.144901;2.46211;
0.144921;2.46289;
0.144941;2.46367;
0.144961;2.46445;
0.144981;2.46523;
0.145001;2.46602;
0.145021;2.4668;
0.145041;2.46758;
0.145061;2.46836;
0.145081;2.46914;
0.145101;2.46993;
0.145121;2.47071;
0.145141;2.47149;
0.145161;2.47228;
0.145181;2.47306;
0.145201;2.47384;
0.145221;2.47463;
0.145241;2.47541;
0.145261;2.4762;
0.145281;2.47698;
0.145301;2.47777;
0.145321;2.47855;
0.145341;2.47934;
0.145361;2.48012;
0.145381;2.48091;
0.145401;2.48169;
0.145421;2.48248;
0.145441;2.48326;
0.145461;2.48405;
0.145481;2.48484;
0.145501;2.48562;
0.145521;2.48641;
0.145541;2.4872;
0.145561;2.48799;
0.145581;2.48877;
0.145601;2.48956;
0.145621;2.49035;
0.145641;2.49114;
0.145661;2.49192;
0.145681;2.49271;
0.145701;2.4935;
0.145721;2.49429;
0.145741;2.49508;
0.145761;2.49587;
0.145781;2.49666;
0.145801;2.49745;
0.145821;2.49824;
0.145841;2.49903;
0.145861;2.49982;
0.145881;2.50061;
0.145901;2.5014;
0.145921;2.50219;
0.145941;2.50298;
0.145961;2.50377;
0.145981;2.50456;
0.146001;2.50534;
0.146001;2.50534;
0.146001;2.50535;
0.146002;2.50537;
0.146002;2.50538;
0.146002;2.50538;
0.146002;2.50539;
0.146003;2.5054;
0.146003;2.50543;
0.146004;2.50548;
0.146007;2.50558;
0.146012;2.50578;
0.146022;2.50619;
0.146042;2.50698;
0.146062;2.50777;
0.146082;2.50856;
0.146102;2.50936;
0.146122;2.51015;
0.146142;2.51094;
0.146162;2.51174;
0.146182;2.51253;
0.146202;2.51332;
0.146222;2.51412;
0.146242;2.51491;
0.146262;2.5157;
0.146282;2.5165;
0.146302;2.51729;
0.146322;2.51809;
0.146342;2.51888;
0.146362;2.51968;
0.146382;2.52047;
0.146402;2.52127;
0.146422;2.52206;
0.146442;2.52286;
0.146462;2.52365;
0.146482;2.52445;
0.146502;2.52525;
0.146522;2.52604;
0.146542;2.52684;
0.146562;2.52764;
0.146582;2.52843;
0.146602;2.52923;
0.146622;2.53003;
0.146642;2.53083;
0.146662;2.53162;
0.146682;2.53242;
0.146702;2.53322;
0.146722;2.53402;
0.146742;2.53482;
0.146762;2.53562;
0.146782;2.53641;
0.146802;2.53721;
0.146822;2.53801;
0.146842;2.53881;
0.146862;2.53961;
0.146882;2.54041;
0.146902;2.54121;
0.146922;2.54201;
0.146942;2.54281;
0.146962;2.54361;
0.146982;2.54441;
0.147002;2.54522;
0.147022;2.54602;
0.147042;2.54682;
0.147062;2.54762;
0.147082;2.54842;
0.147102;2.54922;
0.147122;2.55002;
0.147142;2.55083;
0.147162;2.55163;
0.147182;2.55243;
0.147202;2.55323;
0.147222;2.55404;
0.147242;2.55484;
0.147262;2.55564;
0.147282;2.55645;
0.147302;2.55725;
0.147322;2.55805;
0.147342;2.55886;
0.147362;2.55966;
0.147382;2.56047;
0.147402;2.56127;
0.147422;2.56208;
0.147442;2.56288;
0.147462;2.56369;
0.147482;2.56449;
0.147502;2.5653;
0.147522;2.5661;
0.147542;2.56691;
0.147562;2.56771;
0.147582;2.56852;
0.147602;2.56933;
0.147622;2.57013;
0.147642;2.57094;
0.147662;2.57175;
0.147682;2.57255;
0.147702;2.57336;
0.147722;2.57417;
0.147742;2.57498;
0.147762;2.57578;
0.147782;2.57659;
0.147802;2.5774;
0.147822;2.57821;
0.147842;2.57902;
0.147862;2.57983;
0.147882;2.58063;
0.147902;2.58144;
0.147922;2.58225;
0.147942;2.58306;
0.147959;2.58373;
0.147973;2.58423;
0.147984;2.58461;
0.147991;2.58487;
0.147998;2.58511;
0.148;2.58518;
0.148;2.58519;
0.148;2.58519;
0.148001;2.58521;
0.148001;2.58522;
0.148001;2.58522;
0.148001;2.58523;
0.148002;2.58524;
0.148002;2.58526;
0.148003;2.58531;
0.148006;2.5854;
0.148011;2.58558;
0.148021;2.58594;
0.148041;2.58665;
0.148061;2.58735;
0.14808;2.58802;
0.1481;2.58873;
0.14812;2.58944;
0.14814;2.59015;
0.14816;2.59086;
0.14818;2.59156;
0.1482;2.59227;
0.14822;2.59298;
0.14824;2.59369;
0.14826;2.5944;
0.14828;2.59511;
0.1483;2.59582;
0.14832;2.59654;
0.14834;2.59725;
0.14836;2.59796;
0.14838;2.59867;
0.1484;2.59938;
0.14842;2.60009;
0.14844;2.6008;
0.14846;2.60152;
0.14848;2.60223;
0.1485;2.60294;
0.14852;2.60366;
0.14854;2.60437;
0.14856;2.60508;
0.14858;2.6058;
0.1486;2.60651;
0.14862;2.60722;
0.14864;2.60794;
0.14866;2.60865;
0.14868;2.60937;
0.1487;2.61008;
0.14872;2.6108;
0.14874;2.61152;
0.14876;2.61223;
0.14878;2.61295;
0.1488;2.61366;
0.14882;2.61438;
0.14884;2.6151;
0.14886;2.61581;
0.14888;2.61653;
0.1489;2.61725;
0.14892;2.61797;
0.14894;2.61868;
0.14896;2.6194;
0.14898;2.62012;
0.149;2.62084;
0.14902;2.62156;
0.14904;2.62228;
0.14906;2.623;
0.14908;2.62372;
0.1491;2.62444;
0.14912;2.62516;
0.14914;2.62588;
0.14916;2.6266;
0.14918;2.62732;
0.1492;2.62804;
0.14922;2.62876;
0.14924;2.62948;
0.14926;2.6302;
0.14928;2.63092;
0.1493;2.63165;
0.14932;2.63237;
0.14934;2.63309;
0.14936;2.63381;
0.14938;2.63454;
0.1494;2.63526;
0.14942;2.63598;
0.14944;2.63671;
0.14946;2.63743;
0.14948;2.63815;
0.1495;2.63888;
0.14952;2.6396;
0.14954;2.64033;
0.14956;2.64105;
0.14958;2.64178;
0.1496;2.6425;
0.14962;2.64323;
0.14964;2.64395;
0.14966;2.64468;
0.14968;2.6454;
0.1497;2.64613;
0.14972;2.64686;
0.14974;2.64758;
0.14976;2.64831;
0.14978;2.64904;
0.1498;2.64977;
0.14982;2.65049;
0.14984;2.65122;
0.14986;2.65195;
0.14988;2.65268;
0.1499;2.65341;
0.14992;2.65414;
0.14994;2.65486;
0.14996;2.65559;
0.14998;2.65632;
0.15;2.65705;
0.150001;2.65708;
0.150001;2.65708;
0.150001;2.65709;
0.150002;2.65711;
0.150002;2.65712;
0.150002;2.65712;
0.150002;2.65713;
0.150003;2.65714;
0.150003;2.65716;
0.150004;2.65721;
0.150007;2.6573;
0.150012;2.65749;
0.150022;2.65786;
0.150042;2.65859;
0.150062;2.65932;
0.150082;2.66005;
0.150102;2.66078;
0.150122;2.66152;
0.150142;2.66225;
0.150162;2.66298;
0.150182;2.66371;
0.150202;2.66444;
0.150222;2.66517;
0.150242;2.66591;
0.150262;2.66664;
0.150282;2.66737;
0.150302;2.6681;
0.150322;2.66884;
0.150342;2.66957;
0.150362;2.6703;
0.150382;2.67104;
0.150402;2.67177;
0.150422;2.67251;
0.150442;2.67324;
0.150462;2.67397;
0.150482;2.67471;
0.150502;2.67544;
0.150522;2.67618;
0.150542;2.67692;
0.150562;2.67765;
0.150582;2.67839;
0.150602;2.67912;
0.150622;2.67986;
0.150642;2.6806;
0.150662;2.68133;
0.150682;2.68207;
0.150702;2.68281;
0.150722;2.68354;
0.150742;2.68428;
0.150762;2.68502;
0.150782;2.68576;
0.150802;2.6865;
0.150822;2.68723;
0.150842;2.68797;
0.150862;2.68871;
0.150882;2.68945;
0.150902;2.69019;
0.150922;2.69093;
0.150942;2.69167;
0.150962;2.69241;
0.150982;2.69315;
0.151002;2.69389;
0.151022;2.69463;
0.151042;2.69537;
0.151062;2.69611;
0.151082;2.69685;
0.151102;2.69759;
0.151122;2.69834;
0.151142;2.69908;
0.151162;2.69982;
0.151182;2.70056;
0.151202;2.7013;
0.151222;2.70205;
0.151242;2.70279;
0.151262;2.70353;
0.151282;2.70427;
0.151302;2.70502;
0.151322;2.70576;
0.151342;2.70651;
0.151362;2.70725;
0.151382;2.70799;
0.151402;2.70874;
0.151422;2.70948;
0.151442;2.71023;
0.151462;2.71097;
0.151482;2.71172;
0.151502;2.71246;
0.151522;2.71321;
0.151542;2.71395;
0.151562;2.7147;
0.151582;2.71545;
0.151602;2.71619;
0.151622;2.71694;
0.151642;2.71769;
0.151662;2.71843;
0.151682;2.71918;
0.151702;2.71993;
0.151722;2.72068;
0.151742;2.72142;
0.151762;2.72217;
0.151782;2.72292;
0.151802;2.72367;
0.151822;2.72442;
0.151842;2.72517;
0.151862;2.72592;
0.151882;2.72666;
0.151902;2.72741;
0.151922;2.72816;
0.151942;2.72891;
0.151962;2.72966;
0.151982;2.73041;
0.151997;2.73092;
0.152;2.73103;
0.152;2.73104;
0.152;2.73104;
0.152001;2.73105;
0.152001;2.73106;
0.152001;2.73107;
0.152001;2.73107;
0.152002;2.73108;
0.152002;2.7311;
0.152003;2.73114;
0.152006;2.73122;
0.152011;2.73139;
0.152021;2.73172;
0.152036;2.73218;
0.152052;2.73271;
0.152068;2.73321;
0.152083;2.73369;
0.152103;2.73433;
0.152123;2.73497;
0.152143;2.73561;
0.152163;2.73625;
0.152183;2.73689;
0.152203;2.73753;
0.152223;2.73817;
0.152243;2.73881;
0.152263;2.73946;
0.152283;2.7401;
0.152303;2.74074;
0.152323;2.74138;
0.152343;2.74203;
0.152363;2.74267;
0.152383;2.74331;
0.152403;2.74396;
0.152423;2.7446;
0.152443;2.74524;
0.152463;2.74589;
0.152483;2.74653;
0.152503;2.74718;
0.152523;2.74782;
0.152543;2.74847;
0.152563;2.74911;
0.152583;2.74976;
0.152603;2.75041;
0.152623;2.75105;
0.152643;2.7517;
0.152663;2.75235;
0.152683;2.75299;
0.152703;2.75364;
0.152723;2.75429;
0.152743;2.75494;
0.152763;2.75559;
0.152783;2.75623;
0.152803;2.75688;
0.152823;2.75753;
0.152843;2.75818;
0.152863;2.75883;
0.152883;2.75948;
0.152903;2.76013;
0.152923;2.76078;
0.152943;2.76143;
0.152963;2.76208;
0.152983;2.76273;
0.153003;2.76338;
0.153023;2.76404;
0.153043;2.76469;
0.153063;2.76534;
0.153083;2.76599;
0.153103;2.76665;
0.153123;2.7673;
0.153143;2.76795;
0.153163;2.7686;
0.153183;2.76926;
0.153203;2.76991;
0.153223;2.77057;
0.153243;2.77122;
0.153263;2.77188;
0.153283;2.77253;
0.153303;2.77319;
0.153323;2.77384;
0.153343;2.7745;
0.153363;2.77515;
0.153383;2.77581;
0.153403;2.77647;
0.153423;2.77712;
0.153443;2.77778;
0.153463;2.77844;
0.153483;2.77909;
0.153503;2.77975;
0.153523;2.78041;
0.153543;2.78107;
0.153563;2.78173;
0.153583;2.78238;
0.153603;2.78304;
0.153623;2.7837;
0.153643;2.78436;
0.153663;2.78502;
0.153683;2.78568;
0.153703;2.78634;
0.153723;2.787;
0.153743;2.78766;
0.153763;2.78832;
0.153783;2.78898;
0.153803;2.78965;
0.153823;2.79031;
0.153843;2.79097;
0.153863;2.79163;
0.153883;2.79229;
0.153903;2.79296;
0.153923;2.79362;
0.153943;2.79428;
0.153963;2.79495;
0.153983;2.79561;
0.154001;2.7962;
0.154001;2.7962;
0.154001;2.79621;
0.154002;2.79622;
0.154002;2.79623;
0.154002;2.79624;
0.154002;2.79624;
0.154003;2.79625;
0.154003;2.79627;
0.154004;2.79632;
0.154007;2.7964;
0.154012;2.79657;
0.154022;2.79691;
0.154042;2.79758;
0.154062;2.79824;
0.154082;2.79891;
0.154102;2.79957;
0.154122;2.80024;
0.154142;2.8009;
0.154162;2.80157;
0.154182;2.80223;
0.154202;2.8029;
0.154222;2.80357;
0.154242;2.80423;
0.154262;2.8049;
0.154282;2.80557;
0.154302;2.80623;
0.154322;2.8069;
0.154342;2.80757;
0.154362;2.80824;
0.154382;2.80891;
0.154402;2.80958;
0.154422;2.81025;
0.154442;2.81091;
0.154462;2.81158;
0.154482;2.81225;
0.154502;2.81292;
0.154522;2.81359;
0.154542;2.81426;
0.154562;2.81493;
0.154582;2.81561;
0.154602;2.81628;
0.154622;2.81695;
0.154642;2.81762;
0.154662;2.81829;
0.154682;2.81896;
0.154702;2.81964;
0.154722;2.82031;
0.154742;2.82098;
0.154762;2.82165;
0.154782;2.82233;
0.154802;2.823;
0.154822;2.82367;
0.154842;2.82435;
0.154862;2.82502;
0.154882;2.8257;
0.154902;2.82637;
0.154922;2.82705;
0.154942;2.82772;
0.154962;2.8284;
0.154982;2.82907;
0.155002;2.82975;
0.155022;2.83042;
0.155042;2.8311;
0.155062;2.83178;
0.155082;2.83245;
0.155102;2.83313;
0.155122;2.83381;
0.155142;2.83449;
0.155162;2.83516;
0.155182;2.83584;
0.155202;2.83652;
0.155222;2.8372;
0.155242;2.83788;
0.155262;2.83856;
0.155282;2.83924;
0.155302;2.83991;
0.155322;2.84059;
0.155342;2.84127;
0.155362;2.84195;
0.155382;2.84263;
0.155402;2.84332;
0.155422;2.844;
0.155442;2.84468;
0.155462;2.84536;
0.155482;2.84604;
0.155502;2.84672;
0.155522;2.8474;
0.155542;2.84809;
0.155562;2.84877;
0.155582;2.84945;
0.155602;2.85013;
0.155622;2.85082;
0.155642;2.8515;
0.155662;2.85218;
0.155682;2.85287;
0.155702;2.85355;
0.155722;2.85424;
0.155742;2.85492;
0.155762;2.8556;
0.155782;2.85629;
0.155802;2.85697;
0.155822;2.85766;
0.155842;2.85835;
0.155862;2.85903;
0.155882;2.85972;
0.155902;2.8604;
0.155922;2.86109;
0.155942;2.86178;
0.155962;2.86246;
0.155982;2.86315;
0.156;2.86376;
0.156;2.86376;
0.156;2.86377;
0.156001;2.86378;
0.156001;2.86379;
0.156001;2.86379;
0.156001;2.8638;
0.156002;2.86381;
0.156002;2.86383;
0.156003;2.86387;
0.156006;2.86396;
0.156011;2.86414;
0.156021;2.86449;
0.156041;2.86518;
0.156061;2.86587;
0.156081;2.86656;
0.156097;2.8671;
0.156114;2.86768;
0.156134;2.86837;
0.156154;2.86906;
0.156174;2.86975;
0.156194;2.87043;
0.156214;2.87112;
0.156234;2.87181;
0.156254;2.8725;
0.156274;2.87319;
0.156294;2.87389;
0.156314;2.87458;
0.156334;2.87527;
0.156354;2.87596;
0.156374;2.87665;
0.156394;2.87734;
0.156414;2.87803;
0.156434;2.87873;
0.156454;2.87942;
0.156474;2.88011;
0.156494;2.8808;
0.156514;2.8815;
0.156534;2.88219;
0.156554;2.88288;
0.156574;2.88358;
0.156594;2.88427;
0.156614;2.88497;
0.156634;2.88566;
0.156654;2.88636;
0.156674;2.88705;
0.156694;2.88775;
0.156714;2.88844;
0.156734;2.88914;
0.156754;2.88983;
0.156774;2.89053;
0.156794;2.89122;
0.156814;2.89192;
0.156834;2.89262;
0.156854;2.89331;
0.156874;2.89401;
0.156894;2.89471;
0.156914;2.89541;
0.156934;2.8961;
0.156954;2.8968;
0.156974;2.8975;
0.156994;2.8982;
0.157014;2.8989;
0.157034;2.89959;
0.157054;2.90029;
0.157074;2.90099;
0.157094;2.90169;
0.157114;2.90239;
0.157134;2.90309;
0.157154;2.90379;
0.157174;2.90449;
0.157194;2.90519;
0.157214;2.90589;
0.157234;2.90659;
0.157254;2.9073;
0.157274;2.908;
0.157294;2.9087;
0.157314;2.9094;
0.157334;2.9101;
0.157354;2.9108;
0.157374;2.91151;
0.157394;2.91221;
0.157414;2.91291;
0.157434;2.91362;
0.157454;2.91432;
0.157474;2.91502;
0.157494;2.91573;
0.157514;2.91643;
0.157534;2.91713;
0.157554;2.91784;
0.157574;2.91854;
0.157594;2.91925;
0.157614;2.91995;
0.157634;2.92066;
0.157654;2.92136;
0.157674;2.92207;
0.157694;2.92277;
0.157714;2.92348;
0.157734;2.92419;
0.157754;2.92489;
0.157774;2.9256;
0.157794;2.92631;
0.157814;2.92701;
0.157834;2.92772;
0.157854;2.92843;
0.157874;2.92914;
0.157894;2.92984;
0.157914;2.93055;
0.157934;2.93126;
0.157954;2.93197;
0.157974;2.93268;
0.157994;2.93339;
0.158001;2.93363;
0.158001;2.93364;
0.158001;2.93364;
0.158002;2.93366;
0.158002;2.93367;
0.158002;2.93367;
0.158002;2.93368;
0.158003;2.93369;
0.158003;2.93371;
0.158004;2.93376;
0.158007;2.93385;
0.158012;2.93403;
0.158022;2.93439;
0.158042;2.9351;
0.158062;2.93581;
0.158082;2.93652;
0.158102;2.93723;
0.158122;2.93794;
0.158142;2.93865;
0.158162;2.93936;
0.158182;2.94007;
0.158202;2.94079;
0.158222;2.9415;
0.158242;2.94221;
0.158262;2.94292;
0.158282;2.94363;
0.158302;2.94434;
0.158322;2.94506;
0.158342;2.94577;
0.158362;2.94648;
0.158382;2.94719;
0.158402;2.94791;
0.158422;2.94862;
0.158442;2.94933;
0.158462;2.95005;
0.158482;2.95076;
0.158502;2.95148;
0.158522;2.95219;
0.158542;2.9529;
0.158562;2.95362;
0.158582;2.95433;
0.158602;2.95505;
0.158622;2.95576;
0.158642;2.95648;
0.158662;2.9572;
0.158682;2.95791;
0.158702;2.95863;
0.158722;2.95934;
0.158742;2.96006;
0.158762;2.96078;
0.158782;2.96149;
0.158802;2.96221;
0.158822;2.96293;
0.158842;2.96365;
0.158862;2.96436;
0.158882;2.96508;
0.158902;2.9658;
0.158922;2.96652;
0.158942;2.96724;
0.158962;2.96796;
0.158982;2.96868;
0.159002;2.96939;
0.159022;2.97011;
0.159042;2.97083;
0.159062;2.97155;
0.159082;2.97227;
0.159102;2.97299;
0.159122;2.97371;
0.159142;2.97443;
0.159162;2.97515;
0.159182;2.97588;
0.159202;2.9766;
0.159222;2.97732;
0.159242;2.97804;
0.159262;2.97876;
0.159282;2.97948;
0.159302;2.9802;
0.159322;2.98093;
0.159342;2.98165;
0.159362;2.98237;
0.159382;2.9831;
0.159402;2.98382;
0.159422;2.98454;
0.159442;2.98526;
0.159462;2.98599;
0.159482;2.98671;
0.159502;2.98744;
0.159522;2.98816;
0.159542;2.98889;
0.159562;2.98961;
0.159582;2.99033;
0.159602;2.99106;
0.159622;2.99178;
0.159642;2.99251;
0.159662;2.99324;
0.159682;2.99396;
0.159702;2.99469;
0.159722;2.99541;
0.159742;2.99614;
0.159762;2.99687;
0.159782;2.99759;
0.159802;2.99832;
0.159822;2.99905;
0.159842;2.99977;
0.159862;3.0005;
0.159882;3.00123;
0.159902;3.00196;
0.159922;3.00269;
0.159942;3.00341;
0.159958;3.00395;
0.159972;3.00439;
0.159983;3.00472;
0.159994;3.00505;
0.16;3.00522;
0.16;3.00523;
0.16;3.00523;
0.160001;3.00524;
0.160001;3.00525;
0.160001;3.00526;
0.160001;3.00526;
0.160002;3.00527;
0.160002;3.00529;
0.160003;3.00533;
0.160006;3.0054;
0.160011;3.00555;
0.160021;3.00586;
0.160041;3.00645;
0.160061;3.00704;
0.160081;3.00763;
0.160101;3.00822;
0.160121;3.00881;
0.160141;3.0094;
0.160161;3.01;
0.160181;3.01059;
0.160201;3.01118;
0.160221;3.01178;
0.160241;3.01237;
0.160261;3.01296;
0.160281;3.01356;
0.160301;3.01415;
0.160321;3.01475;
0.160341;3.01534;
0.160361;3.01594;
0.160381;3.01653;
0.160401;3.01713;
0.160421;3.01772;
0.160441;3.01832;
0.160461;3.01892;
0.160481;3.01951;
0.160501;3.02011;
0.160521;3.02071;
0.160541;3.02131;
0.160561;3.0219;
0.160581;3.0225;
0.160601;3.0231;
0.160621;3.0237;
0.160641;3.0243;
0.160661;3.0249;
0.160681;3.0255;
0.160701;3.0261;
0.160721;3.0267;
0.160741;3.0273;
0.160761;3.0279;
0.160781;3.0285;
0.160801;3.0291;
0.160821;3.0297;
0.160841;3.0303;
0.160861;3.0309;
0.160881;3.03151;
0.160901;3.03211;
0.160921;3.03271;
0.160941;3.03331;
0.160961;3.03392;
0.160981;3.03452;
0.161001;3.03512;
0.161021;3.03573;
0.161041;3.03633;
0.161061;3.03694;
0.161081;3.03754;
0.161101;3.03815;
0.161121;3.03875;
0.161141;3.03936;
0.161161;3.03996;
0.161181;3.04057;
0.161201;3.04117;
0.161221;3.04178;
0.161241;3.04239;
0.161261;3.04299;
0.161281;3.0436;
0.161301;3.04421;
0.161321;3.04482;
0.161341;3.04543;
0.161361;3.04603;
0.161381;3.04664;
0.161401;3.04725;
0.161421;3.04786;
0.161441;3.04847;
0.161461;3.04908;
0.161481;3.04969;
0.161501;3.0503;
0.161521;3.05091;
0.161541;3.05152;
0.161561;3.05213;
0.161581;3.05274;
0.161601;3.05335;
0.161621;3.05397;
0.161641;3.05458;
0.161661;3.05519;
0.161681;3.0558;
0.161701;3.05642;
0.161721;3.05703;
0.161741;3.05764;
0.161761;3.05826;
0.161781;3.05887;
0.161801;3.05948;
0.161821;3.0601;
0.161841;3.06071;
0.161861;3.06133;
0.161881;3.06194;
0.161901;3.06256;
0.161921;3.06317;
0.161941;3.06379;
0.161961;3.0644;
0.161981;3.06502;
0.162001;3.06562;
0.162001;3.06563;
0.162001;3.06563;
0.162002;3.06565;
0.162002;3.06566;
0.162002;3.06566;
0.162002;3.06566;
0.162003;3.06567;
0.162003;3.06569;
0.162004;3.06573;
0.162007;3.06581;
0.162012;3.06597;
0.162022;3.06628;
0.162042;3.0669;
0.162062;3.06752;
0.162082;3.06814;
0.162102;3.06875;
0.162122;3.06937;
0.162142;3.06999;
0.162162;3.07061;
0.162182;3.07123;
0.162202;3.07185;
0.162222;3.07247;
0.162242;3.07309;
0.162262;3.07371;
0.162282;3.07433;
0.162302;3.07495;
0.162322;3.07557;
0.162342;3.07619;
0.162362;3.07681;
0.162382;3.07743;
0.162402;3.07805;
0.162422;3.07867;
0.162442;3.0793;
0.162462;3.07992;
0.162482;3.08054;
0.162502;3.08116;
0.162522;3.08179;
0.162542;3.08241;
0.162562;3.08303;
0.162582;3.08366;
0.162602;3.08428;
0.162622;3.0849;
0.162642;3.08553;
0.162662;3.08615;
0.162682;3.08678;
0.162702;3.0874;
0.162722;3.08803;
0.162742;3.08866;
0.162762;3.08928;
0.162782;3.08991;
0.162802;3.09053;
0.162822;3.09116;
0.162842;3.09179;
0.162862;3.09242;
0.162882;3.09304;
0.162902;3.09367;
0.162922;3.0943;
0.162942;3.09493;
0.162962;3.09555;
0.162982;3.09618;
0.163002;3.09681;
0.163022;3.09744;
0.163042;3.09807;
0.163062;3.0987;
0.163082;3.09933;
0.163102;3.09996;
0.163122;3.10059;
0.163142;3.10122;
0.163162;3.10185;
0.163182;3.10248;
0.163202;3.10311;
0.163222;3.10375;
0.163242;3.10438;
0.163262;3.10501;
0.163282;3.10564;
0.163302;3.10627;
0.163322;3.10691;
0.163342;3.10754;
0.163362;3.10817;
0.163382;3.10881;
0.163402;3.10944;
0.163422;3.11007;
0.163442;3.11071;
0.163462;3.11134;
0.163482;3.11198;
0.163502;3.11261;
0.163522;3.11325;
0.163542;3.11388;
0.163562;3.11452;
0.163582;3.11515;
0.163602;3.11579;
0.163622;3.11643;
0.163642;3.11706;
0.163662;3.1177;
0.163682;3.11834;
0.163702;3.11897;
0.163722;3.11961;
0.163742;3.12025;
0.163762;3.12089;
0.163782;3.12153;
0.163802;3.12216;
0.163822;3.1228;
0.163842;3.12344;
0.163862;3.12408;
0.163882;3.12472;
0.163902;3.12536;
0.163922;3.126;
0.163942;3.12664;
0.163962;3.12728;
0.163982;3.12792;
0.164;3.12848;
0.164;3.12849;
0.164;3.12849;
0.164001;3.12851;
0.164001;3.12852;
0.164001;3.12852;
0.164001;3.12852;
0.164002;3.12853;
0.164002;3.12855;
0.164003;3.1286;
0.164006;3.12868;
0.164011;3.12884;
0.164021;3.12917;
0.164037;3.12969;
0.164051;3.13011;
0.164063;3.1305;
0.16408;3.13105;
0.164099;3.13166;
0.164113;3.1321;
0.164127;3.13257;
0.164143;3.13308;
0.164163;3.13372;
0.164183;3.13436;
0.164203;3.13501;
0.164223;3.13565;
0.164243;3.13629;
0.164263;3.13694;
0.164283;3.13758;
0.164303;3.13822;
0.164323;3.13887;
0.164343;3.13951;
0.164363;3.14016;
0.164383;3.1408;
0.164403;3.14145;
0.164423;3.14209;
0.164443;3.14274;
0.164463;3.14339;
0.164483;3.14403;
0.164503;3.14468;
0.164523;3.14533;
0.164543;3.14597;
0.164563;3.14662;
0.164583;3.14727;
0.164603;3.14791;
0.164623;3.14856;
0.164643;3.14921;
0.164663;3.14986;
0.164683;3.15051;
0.164703;3.15116;
0.164723;3.15181;
0.164743;3.15245;
0.164763;3.1531;
0.164783;3.15375;
0.164803;3.1544;
0.164823;3.15505;
0.164843;3.1557;
0.164863;3.15635;
0.164883;3.15701;
0.164903;3.15766;
0.164923;3.15831;
0.164943;3.15896;
0.164963;3.15961;
0.164983;3.16026;
0.165003;3.16092;
0.165023;3.16157;
0.165043;3.16222;
0.165063;3.16287;
0.165083;3.16353;
0.165103;3.16418;
0.165123;3.16483;
0.165143;3.16549;
0.165163;3.16614;
0.165183;3.16679;
0.165203;3.16745;
0.165223;3.1681;
0.165243;3.16876;
0.165263;3.16941;
0.165283;3.17007;
0.165303;3.17072;
0.165323;3.17138;
0.165343;3.17204;
0.165363;3.17269;
0.165383;3.17335;
0.165403;3.174;
0.165423;3.17466;
0.165443;3.17532;
0.165463;3.17598;
0.165483;3.17663;
0.165503;3.17729;
0.165523;3.17795;
0.165543;3.17861;
0.165563;3.17927;
0.165583;3.17992;
0.165603;3.18058;
0.165623;3.18124;
0.165643;3.1819;
0.165663;3.18256;
0.165683;3.18322;
0.165703;3.18388;
0.165723;3.18454;
0.165743;3.1852;
0.165763;3.18586;
0.165783;3.18652;
0.165803;3.18718;
0.165823;3.18784;
0.165843;3.1885;
0.165863;3.18917;
0.165883;3.18983;
0.165903;3.19049;
0.165923;3.19115;
0.165943;3.19181;
0.165963;3.19248;
0.165983;3.19314;
0.166001;3.19373;
0.166001;3.19374;
0.166001;3.19374;
0.166002;3.19376;
0.166002;3.19376;
0.166002;3.19377;
0.166002;3.19377;
0.166003;3.19378;
0.166003;3.1938;
0.166004;3.19385;
0.166007;3.19393;
0.166012;3.1941;
0.166022;3.19444;
0.166042;3.1951;
0.166062;3.19577;
0.166082;3.19643;
0.166102;3.1971;
0.166122;3.19776;
0.166142;3.19843;
0.166162;3.19909;
0.166182;3.19976;
0.166202;3.20042;
0.166222;3.20109;
0.166242;3.20175;
0.166262;3.20242;
0.166282;3.20308;
0.166302;3.20375;
0.166322;3.20442;
0.166342;3.20508;
0.166362;3.20575;
0.166382;3.20642;
0.166402;3.20708;
0.166422;3.20775;
0.166442;3.20842;
0.166462;3.20909;
0.166482;3.20976;
0.166502;3.21042;
0.166522;3.21109;
0.166542;3.21176;
0.166562;3.21243;
0.166582;3.2131;
0.166602;3.21377;
0.166622;3.21444;
0.166642;3.21511;
0.166662;3.21578;
0.166682;3.21645;
0.166702;3.21712;
0.166722;3.21779;
0.166742;3.21846;
0.166762;3.21913;
0.166782;3.2198;
0.166802;3.22047;
0.166822;3.22115;
0.166842;3.22182;
0.166862;3.22249;
0.166882;3.22316;
0.166902;3.22383;
0.166922;3.22451;
0.166942;3.22518;
0.166962;3.22585;
0.166982;3.22653;
0.167002;3.2272;
0.167022;3.22787;
0.167042;3.22855;
0.167062;3.22922;
0.167082;3.2299;
0.167102;3.23057;
0.167122;3.23125;
0.167142;3.23192;
0.167162;3.2326;
0.167182;3.23327;
0.167202;3.23395;
0.167222;3.23462;
0.167242;3.2353;
0.167262;3.23597;
0.167282;3.23665;
0.167302;3.23733;
0.167322;3.238;
0.167342;3.23868;
0.167362;3.23936;
0.167382;3.24004;
0.167402;3.24071;
0.167422;3.24139;
0.167442;3.24207;
0.167462;3.24275;
0.167482;3.24343;
0.167502;3.2441;
0.167522;3.24478;
0.167542;3.24546;
0.167562;3.24614;
0.167582;3.24682;
0.167602;3.2475;
0.167622;3.24818;
0.167642;3.24886;
0.167662;3.24954;
0.167682;3.25022;
0.167702;3.2509;
0.167722;3.25158;
0.167742;3.25226;
0.167762;3.25294;
0.167782;3.25362;
0.167802;3.25431;
0.167822;3.25499;
0.167842;3.25567;
0.167862;3.25635;
0.167882;3.25703;
0.167902;3.25772;
0.167922;3.2584;
0.167942;3.25908;
0.167956;3.25951;
0.167968;3.25984;
0.167977;3.26005;
0.167984;3.26025;
0.167993;3.26045;
0.168;3.26064;
0.168;3.26064;
0.168;3.26064;
0.168001;3.26065;
0.168001;3.26066;
0.168001;3.26066;
0.168001;3.26067;
0.168002;3.26067;
0.168002;3.26069;
0.168003;3.26072;
0.168006;3.26079;
0.168011;3.26091;
0.168021;3.26117;
0.168041;3.26167;
0.168061;3.26217;
0.168081;3.26267;
0.168101;3.26317;
0.168121;3.26367;
0.168141;3.26417;
0.168161;3.26467;
0.168181;3.26517;
0.168201;3.26567;
0.168221;3.26617;
0.168241;3.26667;
0.168261;3.26717;
0.168281;3.26768;
0.168301;3.26818;
0.168321;3.26868;
0.168341;3.26918;
0.168361;3.26969;
0.168381;3.27019;
0.168401;3.2707;
0.168421;3.2712;
0.168441;3.2717;
0.168461;3.27221;
0.168481;3.27271;
0.168501;3.27322;
0.168521;3.27373;
0.168541;3.27423;
0.168561;3.27474;
0.168581;3.27525;
0.168601;3.27575;
0.168621;3.27626;
0.168641;3.27677;
0.168661;3.27728;
0.168681;3.27778;
0.168701;3.27829;
0.168721;3.2788;
0.168741;3.27931;
0.168761;3.27982;
0.168781;3.28033;
0.168801;3.28084;
0.168821;3.28135;
0.168841;3.28186;
0.168861;3.28237;
0.168881;3.28288;
0.168901;3.2834;
0.168921;3.28391;
0.168941;3.28442;
0.168961;3.28493;
0.168981;3.28545;
0.169001;3.28596;
0.169021;3.28647;
0.169041;3.28699;
0.169061;3.2875;
0.169081;3.28801;
0.169101;3.28853;
0.169121;3.28904;
0.169141;3.28956;
0.169161;3.29007;
0.169181;3.29059;
0.169201;3.29111;
0.169221;3.29162;
0.169241;3.29214;
0.169261;3.29266;
0.169281;3.29317;
0.169301;3.29369;
0.169321;3.29421;
0.169341;3.29473;
0.169361;3.29525;
0.169381;3.29576;
0.169401;3.29628;
0.169421;3.2968;
0.169441;3.29732;
0.169461;3.29784;
0.169481;3.29836;
0.169501;3.29888;
0.169521;3.2994;
0.169541;3.29992;
0.169561;3.30045;
0.169581;3.30097;
0.169601;3.30149;
0.169621;3.30201;
0.169641;3.30253;
0.169661;3.30306;
0.169681;3.30358;
0.169701;3.3041;
0.169721;3.30463;
0.169741;3.30515;
0.169761;3.30568;
0.169781;3.3062;
0.169801;3.30672;
0.169821;3.30725;
0.169841;3.30778;
0.169861;3.3083;
0.169881;3.30883;
0.169901;3.30935;
0.169921;3.30988;
0.169941;3.31041;
0.169961;3.31093;
0.169981;3.31146;
0.170001;3.31198;
0.170001;3.31198;
0.170001;3.31199;
0.170002;3.312;
0.170002;3.312;
0.170002;3.31201;
0.170002;3.31201;
0.170003;3.31202;
0.170003;3.31204;
0.170004;3.31207;
0.170007;3.31214;
0.170012;3.31227;
0.170022;3.31254;
0.170042;3.31307;
0.170062;3.3136;
0.170082;3.31413;
0.170102;3.31466;
0.170122;3.31519;
0.170142;3.31572;
0.170162;3.31625;
0.170182;3.31678;
0.170202;3.31731;
0.170222;3.31784;
0.170242;3.31837;
0.170262;3.3189;
0.170282;3.31943;
0.170302;3.31996;
0.170322;3.3205;
0.170342;3.32103;
0.170362;3.32156;
0.170382;3.3221;
0.170402;3.32263;
0.170422;3.32316;
0.170442;3.3237;
0.170462;3.32423;
0.170482;3.32476;
0.170502;3.3253;
0.170522;3.32583;
0.170542;3.32637;
0.170562;3.32691;
0.170582;3.32744;
0.170602;3.32798;
0.170622;3.32851;
0.170642;3.32905;
0.170662;3.32959;
0.170682;3.33012;
0.170702;3.33066;
0.170722;3.3312;
0.170742;3.33174;
0.170762;3.33228;
0.170782;3.33282;
0.170802;3.33335;
0.170822;3.33389;
0.170842;3.33443;
0.170862;3.33497;
0.170882;3.33551;
0.170902;3.33605;
0.170922;3.33659;
0.170942;3.33713;
0.170962;3.33768;
0.170982;3.33822;
0.171002;3.33876;
0.171022;3.3393;
0.171042;3.33984;
0.171062;3.34039;
0.171082;3.34093;
0.171102;3.34147;
0.171122;3.34202;
0.171142;3.34256;
0.171162;3.3431;
0.171182;3.34365;
0.171202;3.34419;
0.171222;3.34474;
0.171242;3.34528;
0.171262;3.34583;
0.171282;3.34637;
0.171302;3.34692;
0.171322;3.34746;
0.171342;3.34801;
0.171362;3.34856;
0.171382;3.3491;
0.171402;3.34965;
0.171422;3.3502;
0.171442;3.35075;
0.171462;3.35129;
0.171482;3.35184;
0.171502;3.35239;
0.171522;3.35294;
0.171542;3.35349;
0.171562;3.35404;
0.171582;3.35459;
0.171602;3.35514;
0.171622;3.35569;
0.171642;3.35624;
0.171662;3.35679;
0.171682;3.35734;
0.171702;3.35789;
0.171722;3.35844;
0.171742;3.35899;
0.171762;3.35955;
0.171782;3.3601;
0.171802;3.36065;
0.171822;3.3612;
0.171842;3.36176;
0.171862;3.36231;
0.171882;3.36286;
0.171902;3.36342;
0.171922;3.36397;
0.171942;3.36453;
0.171962;3.36508;
0.171982;3.36564;
0.172;3.36612;
0.172;3.36613;
0.172;3.36613;
0.172001;3.36614;
0.172001;3.36615;
0.172001;3.36615;
0.172001;3.36616;
0.172002;3.36617;
0.172002;3.36618;
0.172003;3.36622;
0.172006;3.36629;
0.172011;3.36643;
0.172021;3.36672;
0.172037;3.36715;
0.172057;3.36771;
0.172077;3.36827;
0.172097;3.36882;
0.172117;3.36938;
0.172137;3.36994;
0.172157;3.37049;
0.172177;3.37105;
0.172197;3.37161;
0.172217;3.37217;
0.172237;3.37272;
0.172257;3.37328;
0.172277;3.37384;
0.172297;3.3744;
0.172317;3.37496;
0.172337;3.37552;
0.172357;3.37608;
0.172377;3.37664;
0.172397;3.3772;
0.172417;3.37776;
0.172437;3.37832;
0.172457;3.37888;
0.172477;3.37944;
0.172497;3.38001;
0.172517;3.38057;
0.172537;3.38113;
0.172557;3.38169;
0.172577;3.38226;
0.172597;3.38282;
0.172617;3.38338;
0.172637;3.38395;
0.172657;3.38451;
0.172677;3.38507;
0.172697;3.38564;
0.172717;3.3862;
0.172737;3.38677;
0.172757;3.38733;
0.172777;3.3879;
0.172797;3.38846;
0.172817;3.38903;
0.172837;3.38959;
0.172857;3.39016;
0.172877;3.39073;
0.172897;3.39129;
0.172917;3.39186;
0.172937;3.39243;
0.172957;3.393;
0.172977;3.39356;
0.172997;3.39413;
0.173017;3.3947;
0.173037;3.39527;
0.173057;3.39584;
0.173077;3.39641;
0.173097;3.39698;
0.173117;3.39755;
0.173137;3.39812;
0.173157;3.39869;
0.173177;3.39926;
0.173197;3.39983;
0.173217;3.4004;
0.173237;3.40097;
0.173257;3.40154;
0.173277;3.40211;
0.173297;3.40268;
0.173317;3.40326;
0.173337;3.40383;
0.173357;3.4044;
0.173377;3.40497;
0.173397;3.40555;
0.173417;3.40612;
0.173437;3.40669;
0.173457;3.40727;
0.173477;3.40784;
0.173497;3.40842;
0.173517;3.40899;
0.173537;3.40957;
0.173557;3.41014;
0.173577;3.41072;
0.173597;3.41129;
0.173617;3.41187;
0.173637;3.41244;
0.173657;3.41302;
0.173677;3.4136;
0.173697;3.41417;
0.173717;3.41475;
0.173737;3.41533;
0.173757;3.41591;
0.173777;3.41648;
0.173797;3.41706;
0.173817;3.41764;
0.173837;3.41822;
0.173857;3.4188;
0.173877;3.41938;
0.173897;3.41996;
0.173917;3.42054;
0.173937;3.42112;
0.173957;3.4217;
0.173977;3.42228;
0.173997;3.42286;
0.174001;3.42297;
0.174001;3.42297;
0.174001;3.42298;
0.174002;3.42299;
0.174002;3.423;
0.174002;3.423;
0.174002;3.42301;
0.174003;3.42302;
0.174003;3.42304;
0.174004;3.42307;
0.174007;3.42315;
0.174012;3.4233;
0.174022;3.42359;
0.174042;3.42417;
0.174062;3.42476;
0.174082;3.42534;
0.174102;3.42592;
0.174122;3.4265;
0.174142;3.42708;
0.174162;3.42767;
0.174182;3.42825;
0.174202;3.42883;
0.174222;3.42942;
0.174242;3.43;
0.174262;3.43058;
0.174282;3.43117;
0.174302;3.43175;
0.174322;3.43234;
0.174342;3.43292;
0.174362;3.43351;
0.174382;3.43409;
0.174402;3.43468;
0.174422;3.43526;
0.174442;3.43585;
0.174462;3.43643;
0.174482;3.43702;
0.174502;3.43761;
0.174522;3.43819;
0.174542;3.43878;
0.174562;3.43937;
0.174582;3.43996;
0.174602;3.44055;
0.174622;3.44113;
0.174642;3.44172;
0.174662;3.44231;
0.174682;3.4429;
0.174702;3.44349;
0.174722;3.44408;
0.174742;3.44467;
0.174762;3.44526;
0.174782;3.44585;
0.174802;3.44644;
0.174822;3.44703;
0.174842;3.44762;
0.174862;3.44821;
0.174882;3.4488;
0.174902;3.44939;
0.174922;3.44998;
0.174942;3.45058;
0.174962;3.45117;
0.174982;3.45176;
0.175002;3.45235;
0.175022;3.45295;
0.175042;3.45354;
0.175062;3.45413;
0.175082;3.45473;
0.175102;3.45532;
0.175122;3.45591;
0.175142;3.45651;
0.175162;3.4571;
0.175182;3.4577;
0.175202;3.45829;
0.175222;3.45889;
0.175242;3.45948;
0.175262;3.46008;
0.175282;3.46068;
0.175302;3.46127;
0.175322;3.46187;
0.175342;3.46246;
0.175362;3.46306;
0.175382;3.46366;
0.175402;3.46426;
0.175422;3.46485;
0.175442;3.46545;
0.175462;3.46605;
0.175482;3.46665;
0.175502;3.46725;
0.175522;3.46785;
0.175542;3.46844;
0.175562;3.46904;
0.175582;3.46964;
0.175602;3.47024;
0.175622;3.47084;
0.175642;3.47144;
0.175662;3.47204;
0.175682;3.47264;
0.175702;3.47324;
0.175722;3.47384;
0.175742;3.47445;
0.175762;3.47505;
0.175782;3.47565;
0.175802;3.47625;
0.175822;3.47685;
0.175842;3.47746;
0.175862;3.47806;
0.175882;3.47866;
0.175902;3.47926;
0.175922;3.47987;
0.175942;3.48047;
0.175962;3.48107;
0.175982;3.48167;
0.175995;3.48203;
0.176;3.48215;
0.176;3.48215;
0.176;3.48215;
0.176001;3.48216;
0.176001;3.48217;
0.176001;3.48217;
0.176001;3.48218;
0.176002;3.48218;
0.176002;3.4822;
0.176003;3.48223;
0.176006;3.48229;
0.176011;3.48241;
0.176021;3.48265;
0.176031;3.48288;
0.176042;3.48314;
0.176054;3.48344;
0.176069;3.48378;
0.176089;3.48425;
0.176109;3.48473;
0.176129;3.4852;
0.176149;3.48568;
0.176169;3.48616;
0.176189;3.48663;
0.176209;3.48711;
0.176229;3.48759;
0.176249;3.48806;
0.176269;3.48854;
0.176289;3.48902;
0.176309;3.4895;
0.176329;3.48997;
0.176349;3.49045;
0.176369;3.49093;
0.176389;3.49141;
0.176409;3.49189;
0.176429;3.49237;
0.176449;3.49285;
0.176469;3.49333;
0.176489;3.49381;
0.176509;3.49429;
0.176529;3.49477;
0.176549;3.49525;
0.176569;3.49574;
0.176589;3.49622;
0.176609;3.4967;
0.176629;3.49718;
0.176649;3.49767;
0.176669;3.49815;
0.176689;3.49863;
0.176709;3.49912;
0.176729;3.4996;
0.176749;3.50009;
0.176769;3.50057;
0.176789;3.50106;
0.176809;3.50154;
0.176829;3.50203;
0.176849;3.50251;
0.176869;3.503;
0.176889;3.50349;
0.176909;3.50397;
0.176929;3.50446;
0.176949;3.50495;
0.176969;3.50544;
0.176989;3.50593;
0.177009;3.50641;
0.177029;3.5069;
0.177049;3.50739;
0.177069;3.50788;
0.177089;3.50837;
0.177109;3.50886;
0.177129;3.50935;
0.177149;3.50984;
0.177169;3.51033;
0.177189;3.51082;
0.177209;3.51131;
0.177229;3.51181;
0.177249;3.5123;
0.177269;3.51279;
0.177289;3.51328;
0.177309;3.51377;
0.177329;3.51427;
0.177349;3.51476;
0.177369;3.51525;
0.177389;3.51575;
0.177409;3.51624;
0.177429;3.51674;
0.177449;3.51723;
0.177469;3.51773;
0.177489;3.51822;
0.177509;3.51872;
0.177529;3.51921;
0.177549;3.51971;
0.177569;3.52021;
0.177589;3.5207;
0.177609;3.5212;
0.177629;3.5217;
0.177649;3.5222;
0.177669;3.52269;
0.177689;3.52319;
0.177709;3.52369;
0.177729;3.52419;
0.177749;3.52469;
0.177769;3.52519;
0.177789;3.52569;
0.177809;3.52619;
0.177829;3.52669;
0.177849;3.52719;
0.177869;3.52769;
0.177889;3.52819;
0.177909;3.52869;
0.177929;3.52919;
0.177949;3.5297;
0.177969;3.5302;
0.177989;3.5307;
0.178001;3.53101;
0.178001;3.53101;
0.178001;3.53101;
0.178002;3.53102;
0.178002;3.53103;
0.178002;3.53103;
0.178002;3.53104;
0.178003;3.53105;
0.178003;3.53106;
0.178004;3.53109;
0.178007;3.53116;
0.178012;3.53129;
0.178022;3.53154;
0.178042;3.53205;
0.178062;3.53255;
0.178082;3.53306;
0.178102;3.53356;
0.178122;3.53406;
0.178142;3.53457;
0.178162;3.53507;
0.178182;3.53558;
0.178202;3.53608;
0.178222;3.53659;
0.178242;3.5371;
0.178262;3.5376;
0.178282;3.53811;
0.178302;3.53862;
0.178322;3.53912;
0.178342;3.53963;
0.178362;3.54014;
0.178382;3.54065;
0.178402;3.54116;
0.178422;3.54166;
0.178442;3.54217;
0.178462;3.54268;
0.178482;3.54319;
0.178502;3.5437;
0.178522;3.54421;
0.178542;3.54472;
0.178562;3.54523;
0.178582;3.54574;
0.178602;3.54625;
0.178622;3.54677;
0.178642;3.54728;
0.178662;3.54779;
0.178682;3.5483;
0.178702;3.54881;
0.178722;3.54933;
0.178742;3.54984;
0.178762;3.55035;
0.178782;3.55087;
0.178802;3.55138;
0.178822;3.55189;
0.178842;3.55241;
0.178862;3.55292;
0.178882;3.55344;
0.178902;3.55395;
0.178922;3.55447;
0.178942;3.55499;
0.178962;3.5555;
0.178982;3.55602;
0.179002;3.55653;
0.179022;3.55705;
0.179042;3.55757;
0.179062;3.55809;
0.179082;3.5586;
0.179102;3.55912;
0.179122;3.55964;
0.179142;3.56016;
0.179162;3.56068;
0.179182;3.5612;
0.179202;3.56172;
0.179222;3.56224;
0.179242;3.56275;
0.179262;3.56328;
0.179282;3.5638;
0.179302;3.56432;
0.179322;3.56484;
0.179342;3.56536;
0.179362;3.56588;
0.179382;3.5664;
0.179402;3.56692;
0.179422;3.56745;
0.179442;3.56797;
0.179462;3.56849;
0.179482;3.56901;
0.179502;3.56954;
0.179522;3.57006;
0.179542;3.57059;
0.179562;3.57111;
0.179582;3.57163;
0.179602;3.57216;
0.179622;3.57268;
0.179642;3.57321;
0.179662;3.57373;
0.179682;3.57426;
0.179702;3.57479;
0.179722;3.57531;
0.179742;3.57584;
0.179762;3.57637;
0.179782;3.57689;
0.179802;3.57742;
0.179822;3.57795;
0.179842;3.57848;
0.179862;3.579;
0.179882;3.57953;
0.179902;3.58006;
0.179922;3.58059;
0.179942;3.58112;
0.179962;3.58165;
0.179982;3.58218;
0.18;3.58264;
0.18;3.58265;
0.18;3.58265;
0.180001;3.58266;
0.180001;3.58267;
0.180001;3.58267;
0.180001;3.58268;
0.180002;3.58269;
0.180002;3.5827;
0.180003;3.58274;
0.180006;3.5828;
0.180011;3.58294;
0.180021;3.58321;
0.180041;3.58374;
0.180061;3.58427;
0.180081;3.5848;
0.180101;3.58534;
0.180121;3.58587;
0.180141;3.5864;
0.180161;3.58693;
0.180181;3.58746;
0.180201;3.588;
0.180221;3.58853;
0.180241;3.58906;
0.180261;3.5896;
0.180281;3.59013;
0.180301;3.59066;
0.180321;3.5912;
0.180341;3.59173;
0.180361;3.59227;
0.180381;3.5928;
0.180401;3.59334;
0.180421;3.59387;
0.180441;3.59441;
0.180461;3.59494;
0.180481;3.59548;
0.180501;3.59602;
0.180521;3.59655;
0.180541;3.59709;
0.180561;3.59763;
0.180581;3.59816;
0.180601;3.5987;
0.180621;3.59924;
0.180641;3.59978;
0.180661;3.60032;
0.180681;3.60086;
0.180701;3.6014;
0.180721;3.60193;
0.180741;3.60247;
0.180761;3.60301;
0.180781;3.60355;
0.180801;3.60409;
0.180821;3.60463;
0.180841;3.60518;
0.180861;3.60572;
0.180881;3.60626;
0.180901;3.6068;
0.180921;3.60734;
0.180941;3.60788;
0.180961;3.60843;
0.180981;3.60897;
0.181001;3.60951;
0.181021;3.61005;
0.181041;3.6106;
0.181061;3.61114;
0.181081;3.61169;
0.181101;3.61223;
0.181121;3.61277;
0.181141;3.61332;
0.181161;3.61386;
0.181181;3.61441;
0.181201;3.61495;
0.181221;3.6155;
0.181241;3.61605;
0.181261;3.61659;
0.181281;3.61714;
0.181301;3.61768;
0.181321;3.61823;
0.181341;3.61878;
0.181361;3.61933;
0.181381;3.61987;
0.181401;3.62042;
0.181421;3.62097;
0.181441;3.62152;
0.181461;3.62207;
0.181481;3.62262;
0.181501;3.62316;
0.181521;3.62371;
0.181541;3.62426;
0.181561;3.62481;
0.181581;3.62536;
0.181601;3.62591;
0.181621;3.62646;
0.181641;3.62702;
0.181661;3.62757;
0.181681;3.62812;
0.181701;3.62867;
0.181721;3.62922;
0.181741;3.62977;
0.181761;3.63033;
0.181781;3.63088;
0.181801;3.63143;
0.181821;3.63198;
0.181841;3.63254;
0.181861;3.63309;
0.181881;3.63364;
0.181901;3.6342;
0.181921;3.63475;
0.181941;3.63531;
0.181961;3.63586;
0.181981;3.63642;
0.182001;3.63696;
0.182001;3.63696;
0.182001;3.63697;
0.182002;3.63698;
0.182002;3.63699;
0.182002;3.63699;
0.182002;3.637;
0.182003;3.637;
0.182003;3.63702;
0.182004;3.63706;
0.182007;3.63713;
0.182012;3.63727;
0.182022;3.63756;
0.182042;3.63811;
0.182062;3.63867;
0.182082;3.63922;
0.182102;3.63978;
0.182122;3.64034;
0.182142;3.64089;
0.182162;3.64145;
0.182182;3.64201;
0.182202;3.64257;
0.182222;3.64312;
0.182242;3.64368;
0.182262;3.64424;
0.182282;3.6448;
0.182302;3.64536;
0.182322;3.64592;
0.182342;3.64648;
0.182362;3.64704;
0.182382;3.6476;
0.182402;3.64816;
0.182422;3.64872;
0.182442;3.64928;
0.182462;3.64984;
0.182482;3.6504;
0.182502;3.65096;
0.182522;3.65152;
0.182542;3.65208;
0.182562;3.65265;
0.182582;3.65321;
0.182602;3.65377;
0.182622;3.65433;
0.182642;3.6549;
0.182662;3.65546;
0.182682;3.65602;
0.182702;3.65659;
0.182722;3.65715;
0.182742;3.65771;
0.182762;3.65828;
0.182782;3.65884;
0.182802;3.65941;
0.182822;3.65997;
0.182842;3.66054;
0.182862;3.6611;
0.182882;3.66167;
0.182902;3.66224;
0.182922;3.6628;
0.182942;3.66337;
0.182962;3.66394;
0.182982;3.6645;
0.183002;3.66507;
0.183022;3.66564;
0.183042;3.6662;
0.183062;3.66677;
0.183082;3.66734;
0.183102;3.66791;
0.183122;3.66848;
0.183142;3.66905;
0.183162;3.66962;
0.183182;3.67018;
0.183202;3.67075;
0.183222;3.67132;
0.183242;3.67189;
0.183262;3.67246;
0.183282;3.67303;
0.183302;3.67361;
0.183322;3.67418;
0.183342;3.67475;
0.183362;3.67532;
0.183382;3.67589;
0.183402;3.67646;
0.183422;3.67703;
0.183442;3.67761;
0.183462;3.67818;
0.183482;3.67875;
0.183502;3.67932;
0.183522;3.6799;
0.183542;3.68047;
0.183562;3.68104;
0.183582;3.68162;
0.183602;3.68219;
0.183622;3.68277;
0.183642;3.68334;
0.183662;3.68392;
0.183682;3.68449;
0.183702;3.68507;
0.183722;3.68564;
0.183742;3.68622;
0.183762;3.68679;
0.183782;3.68737;
0.183802;3.68795;
0.183822;3.68852;
0.183842;3.6891;
0.183862;3.68968;
0.183882;3.69025;
0.183902;3.69083;
0.183922;3.69141;
0.183942;3.69199;
0.183962;3.69256;
0.183976;3.69292;
0.183988;3.69319;
0.183997;3.69336;
0.184;3.69342;
0.184;3.69342;
0.184;3.69343;
0.184001;3.69343;
0.184001;3.69344;
0.184001;3.69344;
0.184001;3.69344;
0.184002;3.69345;
0.184002;3.69346;
0.184003;3.69349;
0.184006;3.69354;
0.184011;3.69364;
0.184021;3.69383;
0.184041;3.69422;
0.184061;3.69461;
0.184081;3.695;
0.184101;3.69538;
0.184121;3.69577;
0.184141;3.69616;
0.184161;3.69655;
0.184181;3.69694;
0.184201;3.69733;
0.184221;3.69772;
0.184241;3.69811;
0.184261;3.6985;
0.184281;3.69889;
0.184301;3.69928;
0.184321;3.69967;
0.184341;3.70006;
0.184361;3.70046;
0.184381;3.70085;
0.184401;3.70124;
0.184421;3.70164;
0.184441;3.70203;
0.184461;3.70242;
0.184481;3.70282;
0.184501;3.70321;
0.184521;3.70361;
0.184541;3.704;
0.184561;3.7044;
0.184581;3.70479;
0.184601;3.70519;
0.184621;3.70559;
0.184641;3.70598;
0.184661;3.70638;
0.184681;3.70678;
0.184701;3.70718;
0.184721;3.70758;
0.184741;3.70797;
0.184761;3.70837;
0.184781;3.70877;
0.184801;3.70917;
0.184821;3.70957;
0.184841;3.70997;
0.184861;3.71037;
0.184881;3.71077;
0.184901;3.71118;
0.184921;3.71158;
0.184941;3.71198;
0.184961;3.71238;
0.184981;3.71278;
0.185001;3.71319;
0.185021;3.71359;
0.185041;3.71399;
0.185061;3.7144;
0.185081;3.7148;
0.185101;3.71521;
0.185121;3.71561;
0.185141;3.71602;
0.185161;3.71642;
0.185181;3.71683;
0.185201;3.71724;
0.185221;3.71764;
0.185241;3.71805;
0.185261;3.71846;
0.185281;3.71886;
0.185301;3.71927;
0.185321;3.71968;
0.185341;3.72009;
0.185361;3.7205;
0.185381;3.72091;
0.185401;3.72132;
0.185421;3.72172;
0.185441;3.72214;
0.185461;3.72255;
0.185481;3.72296;
0.185501;3.72337;
0.185521;3.72378;
0.185541;3.72419;
0.185561;3.7246;
0.185581;3.72501;
0.185601;3.72543;
0.185621;3.72584;
0.185641;3.72625;
0.185661;3.72667;
0.185681;3.72708;
0.185701;3.7275;
0.185721;3.72791;
0.185741;3.72833;
0.185761;3.72874;
0.185781;3.72916;
0.185801;3.72957;
0.185821;3.72999;
0.185841;3.73041;
0.185861;3.73082;
0.185881;3.73124;
0.185901;3.73166;
0.185921;3.73207;
0.185941;3.73249;
0.185961;3.73291;
0.185981;3.73333;
0.186001;3.73374;
0.186001;3.73374;
0.186001;3.73375;
0.186002;3.73376;
0.186002;3.73376;
0.186002;3.73376;
0.186002;3.73377;
0.186003;3.73377;
0.186003;3.73379;
0.186004;3.73381;
0.186007;3.73387;
0.186012;3.73397;
0.186022;3.73419;
0.186042;3.73461;
0.186062;3.73503;
0.186082;3.73545;
0.186102;3.73587;
0.186122;3.73629;
0.186142;3.73671;
0.186162;3.73713;
0.186182;3.73756;
0.186202;3.73798;
0.186222;3.7384;
0.186242;3.73882;
0.186262;3.73925;
0.186282;3.73967;
0.186302;3.74009;
0.186322;3.74052;
0.186342;3.74094;
0.186362;3.74137;
0.186382;3.74179;
0.186402;3.74222;
0.186422;3.74264;
0.186442;3.74307;
0.186462;3.7435;
0.186482;3.74392;
0.186502;3.74435;
0.186522;3.74478;
0.186542;3.7452;
0.186562;3.74563;
0.186582;3.74606;
0.186602;3.74649;
0.186622;3.74692;
0.186642;3.74735;
0.186662;3.74778;
0.186682;3.74821;
0.186702;3.74864;
0.186722;3.74907;
0.186742;3.7495;
0.186762;3.74993;
0.186782;3.75036;
0.186802;3.75079;
0.186822;3.75122;
0.186842;3.75166;
0.186862;3.75209;
0.186882;3.75252;
0.186902;3.75295;
0.186922;3.75339;
0.186942;3.75382;
0.186962;3.75425;
0.186982;3.75469;
0.187002;3.75512;
0.187022;3.75556;
0.187042;3.75599;
0.187062;3.75643;
0.187082;3.75687;
0.187102;3.7573;
0.187122;3.75774;
0.187142;3.75818;
0.187162;3.75861;
0.187182;3.75905;
0.187202;3.75949;
0.187222;3.75993;
0.187242;3.76036;
0.187262;3.7608;
0.187282;3.76124;
0.187302;3.76168;
0.187322;3.76212;
0.187342;3.76256;
0.187362;3.763;
0.187382;3.76344;
0.187402;3.76388;
0.187422;3.76432;
0.187442;3.76476;
0.187462;3.76521;
0.187482;3.76565;
0.187502;3.76609;
0.187522;3.76653;
0.187542;3.76697;
0.187562;3.76742;
0.187582;3.76786;
0.187602;3.76831;
0.187622;3.76875;
0.187642;3.76919;
0.187662;3.76964;
0.187682;3.77008;
0.187702;3.77053;
0.187722;3.77097;
0.187742;3.77142;
0.187762;3.77187;
0.187782;3.77231;
0.187802;3.77276;
0.187822;3.77321;
0.187842;3.77365;
0.187862;3.7741;
0.187882;3.77455;
0.187902;3.775;
0.187922;3.77545;
0.187942;3.77589;
0.187962;3.77634;
0.187982;3.77679;
0.188;3.77719;
0.188;3.77719;
0.188;3.7772;
0.188001;3.7772;
0.188001;3.77721;
0.188001;3.77721;
0.188001;3.77722;
0.188002;3.77722;
0.188002;3.77724;
0.188003;3.77727;
0.188006;3.77732;
0.188011;3.77744;
0.188021;3.77767;
0.188041;3.77812;
0.188061;3.77857;
0.188081;3.77902;
0.188101;3.77947;
0.188121;3.77992;
0.188141;3.78038;
0.188161;3.78083;
0.188181;3.78128;
0.188201;3.78173;
0.188221;3.78219;
0.188241;3.78264;
0.188261;3.78309;
0.188281;3.78355;
0.188301;3.784;
0.188321;3.78446;
0.188341;3.78491;
0.188361;3.78536;
0.188381;3.78582;
0.188401;3.78628;
0.188421;3.78673;
0.188441;3.78719;
0.188461;3.78764;
0.188481;3.7881;
0.188501;3.78856;
0.188521;3.78901;
0.188541;3.78947;
0.188561;3.78993;
0.188581;3.79039;
0.188601;3.79085;
0.188621;3.79131;
0.188641;3.79176;
0.188661;3.79222;
0.188681;3.79268;
0.188701;3.79314;
0.188721;3.7936;
0.188741;3.79406;
0.188761;3.79452;
0.188781;3.79499;
0.188801;3.79545;
0.188821;3.79591;
0.188841;3.79637;
0.188861;3.79683;
0.188881;3.7973;
0.188901;3.79776;
0.188921;3.79822;
0.188941;3.79868;
0.188961;3.79915;
0.188981;3.79961;
0.189001;3.80008;
0.189021;3.80054;
0.189041;3.80101;
0.189061;3.80147;
0.189081;3.80194;
0.189101;3.8024;
0.189121;3.80287;
0.189141;3.80333;
0.189161;3.8038;
0.189181;3.80427;
0.189201;3.80473;
0.189221;3.8052;
0.189241;3.80567;
0.189261;3.80614;
0.189281;3.8066;
0.189301;3.80707;
0.189321;3.80754;
0.189341;3.80801;
0.189361;3.80848;
0.189381;3.80895;
0.189401;3.80942;
0.189421;3.80989;
0.189441;3.81036;
0.189461;3.81083;
0.189481;3.8113;
0.189501;3.81177;
0.189521;3.81224;
0.189541;3.81272;
0.189561;3.81319;
0.189581;3.81366;
0.189601;3.81413;
0.189621;3.81461;
0.189641;3.81508;
0.189661;3.81555;
0.189681;3.81603;
0.189701;3.8165;
0.189721;3.81697;
0.189741;3.81745;
0.189761;3.81792;
0.189781;3.8184;
0.189801;3.81887;
0.189821;3.81935;
0.189841;3.81983;
0.189861;3.8203;
0.189881;3.82078;
0.189901;3.82126;
0.189921;3.82173;
0.189941;3.82221;
0.189961;3.82269;
0.189981;3.82316;
0.190001;3.82363;
0.190001;3.82364;
0.190001;3.82364;
0.190002;3.82365;
0.190002;3.82366;
0.190002;3.82366;
0.190002;3.82366;
0.190003;3.82367;
0.190003;3.82369;
0.190004;3.82372;
0.190007;3.82378;
0.190012;3.8239;
0.190022;3.82415;
0.190042;3.82462;
0.190062;3.8251;
0.190082;3.82558;
0.190102;3.82606;
0.190122;3.82654;
0.190142;3.82702;
0.190162;3.8275;
0.190182;3.82798;
0.190202;3.82846;
0.190222;3.82894;
0.190242;3.82943;
0.190262;3.82991;
0.190282;3.83039;
0.190302;3.83087;
0.190322;3.83135;
0.190342;3.83184;
0.190362;3.83232;
0.190382;3.8328;
0.190402;3.83329;
0.190422;3.83377;
0.190442;3.83426;
0.190462;3.83474;
0.190482;3.83522;
0.190502;3.83571;
0.190522;3.83619;
0.190542;3.83668;
0.190562;3.83717;
0.190582;3.83765;
0.190602;3.83814;
0.190622;3.83862;
0.190642;3.83911;
0.190662;3.8396;
0.190682;3.84009;
0.190702;3.84057;
0.190722;3.84106;
0.190742;3.84155;
0.190762;3.84204;
0.190782;3.84253;
0.190802;3.84302;
0.190822;3.84351;
0.190842;3.84399;
0.190862;3.84448;
0.190882;3.84497;
0.190902;3.84546;
0.190922;3.84596;
0.190942;3.84645;
0.190962;3.84694;
0.190982;3.84743;
0.191002;3.84792;
0.191022;3.84841;
0.191042;3.8489;
0.191062;3.8494;
0.191082;3.84989;
0.191102;3.85038;
0.191122;3.85088;
0.191142;3.85137;
0.191162;3.85186;
0.191182;3.85236;
0.191202;3.85285;
0.191222;3.85335;
0.191242;3.85384;
0.191262;3.85434;
0.191282;3.85483;
0.191302;3.85533;
0.191322;3.85582;
0.191342;3.85632;
0.191362;3.85681;
0.191382;3.85731;
0.191402;3.85781;
0.191422;3.85831;
0.191442;3.8588;
0.191462;3.8593;
0.191482;3.8598;
0.191502;3.8603;
0.191522;3.86079;
0.191542;3.86129;
0.191562;3.86179;
0.191582;3.86229;
0.191602;3.86279;
0.191622;3.86329;
0.191642;3.86379;
0.191662;3.86429;
0.191682;3.86479;
0.191702;3.86529;
0.191722;3.86579;
0.191742;3.86629;
0.191762;3.8668;
0.191782;3.8673;
0.191802;3.8678;
0.191822;3.8683;
0.191842;3.8688;
0.191862;3.86931;
0.191882;3.86981;
0.191902;3.87031;
0.191922;3.87082;
0.191942;3.87132;
0.191962;3.87183;
0.191982;3.87233;
0.192;3.87277;
0.192;3.87278;
0.192;3.87278;
0.192001;3.87279;
0.192001;3.8728;
0.192001;3.8728;
0.192001;3.87281;
0.192002;3.87281;
0.192002;3.87283;
0.192003;3.87286;
0.192005;3.8729;
0.192006;3.87293;
0.192008;3.87296;
0.192009;3.87299;
0.192011;3.87305;
0.192015;3.87312;
0.192018;3.8732;
0.192021;3.87326;
0.192028;3.8734;
0.192041;3.87368;
0.192052;3.87391;
0.192064;3.87417;
0.19208;3.87451;
0.192097;3.87488;
0.192117;3.8753;
0.192137;3.87573;
0.192157;3.87615;
0.192177;3.87658;
0.192197;3.877;
0.192217;3.87743;
0.192237;3.87786;
0.192257;3.87828;
0.192277;3.87871;
0.192297;3.87914;
0.192317;3.87957;
0.192337;3.88;
0.192357;3.88042;
0.192377;3.88085;
0.192397;3.88128;
0.192417;3.88171;
0.192437;3.88214;
0.192457;3.88257;
0.192477;3.883;
0.192497;3.88343;
0.192517;3.88386;
0.192537;3.88429;
0.192557;3.88473;
0.192577;3.88516;
0.192597;3.88559;
0.192617;3.88602;
0.192637;3.88646;
0.192657;3.88689;
0.192677;3.88732;
0.192697;3.88776;
0.192717;3.88819;
0.192737;3.88862;
0.192757;3.88906;
0.192777;3.88949;
0.192797;3.88993;
0.192817;3.89036;
0.192837;3.8908;
0.192857;3.89124;
0.192877;3.89167;
0.192897;3.89211;
0.192917;3.89255;
0.192937;3.89298;
0.192957;3.89342;
0.192977;3.89386;
0.192997;3.8943;
0.193017;3.89473;
0.193037;3.89517;
0.193057;3.89561;
0.193077;3.89605;
0.193097;3.89649;
0.193117;3.89693;
0.193137;3.89737;
0.193157;3.89781;
0.193177;3.89825;
0.193197;3.89869;
0.193217;3.89913;
0.193237;3.89958;
0.193257;3.90002;
0.193277;3.90046;
0.193297;3.9009;
0.193317;3.90134;
0.193337;3.90179;
0.193357;3.90223;
0.193377;3.90267;
0.193397;3.90312;
0.193417;3.90356;
0.193437;3.90401;
0.193457;3.90445;
0.193477;3.9049;
0.193497;3.90534;
0.193517;3.90579;
0.193537;3.90623;
0.193557;3.90668;
0.193577;3.90713;
0.193597;3.90757;
0.193617;3.90802;
0.193637;3.90847;
0.193657;3.90892;
0.193677;3.90936;
0.193697;3.90981;
0.193717;3.91026;
0.193737;3.91071;
0.193757;3.91116;
0.193777;3.91161;
0.193797;3.91206;
0.193817;3.91251;
0.193837;3.91296;
0.193857;3.91341;
0.193877;3.91386;
0.193897;3.91431;
0.193917;3.91476;
0.193937;3.91521;
0.193957;3.91566;
0.193977;3.91612;
0.193997;3.91657;
0.194001;3.91665;
0.194001;3.91665;
0.194001;3.91666;
0.194002;3.91667;
0.194002;3.91667;
0.194002;3.91667;
0.194002;3.91668;
0.194003;3.91669;
0.194003;3.9167;
0.194004;3.91673;
0.194007;3.91679;
0.194012;3.9169;
0.194022;3.91713;
0.194042;3.91759;
0.194062;3.91804;
0.194082;3.91849;
0.194102;3.91895;
0.194122;3.9194;
0.194142;3.91986;
0.194162;3.92031;
0.194182;3.92077;
0.194202;3.92122;
0.194222;3.92168;
0.194242;3.92213;
0.194262;3.92259;
0.194282;3.92305;
0.194302;3.9235;
0.194322;3.92396;
0.194342;3.92442;
0.194362;3.92488;
0.194382;3.92533;
0.194402;3.92579;
0.194422;3.92625;
0.194442;3.92671;
0.194462;3.92717;
0.194482;3.92763;
0.194502;3.92809;
0.194522;3.92855;
0.194542;3.92901;
0.194562;3.92947;
0.194582;3.92993;
0.194602;3.93039;
0.194622;3.93085;
0.194642;3.93131;
0.194662;3.93177;
0.194682;3.93223;
0.194702;3.9327;
0.194722;3.93316;
0.194742;3.93362;
0.194762;3.93408;
0.194782;3.93455;
0.194802;3.93501;
0.194822;3.93548;
0.194842;3.93594;
0.194862;3.9364;
0.194882;3.93687;
0.194902;3.93733;
0.194922;3.9378;
0.194942;3.93826;
0.194962;3.93873;
0.194982;3.9392;
0.195002;3.93966;
0.195022;3.94013;
0.195042;3.9406;
0.195062;3.94106;
0.195082;3.94153;
0.195102;3.942;
0.195122;3.94247;
0.195142;3.94294;
0.195162;3.9434;
0.195182;3.94387;
0.195202;3.94434;
0.195222;3.94481;
0.195242;3.94528;
0.195262;3.94575;
0.195282;3.94622;
0.195302;3.94669;
0.195322;3.94716;
0.195342;3.94763;
0.195362;3.9481;
0.195382;3.94858;
0.195402;3.94905;
0.195422;3.94952;
0.195442;3.94999;
0.195462;3.95046;
0.195482;3.95094;
0.195502;3.95141;
0.195522;3.95188;
0.195542;3.95236;
0.195562;3.95283;
0.195582;3.95331;
0.195602;3.95378;
0.195622;3.95425;
0.195642;3.95473;
0.195662;3.9552;
0.195682;3.95568;
0.195702;3.95616;
0.195722;3.95663;
0.195742;3.95711;
0.195762;3.95759;
0.195782;3.95806;
0.195802;3.95854;
0.195822;3.95902;
0.195842;3.95949;
0.195862;3.95997;
0.195882;3.96045;
0.195902;3.96093;
0.195922;3.96141;
0.195942;3.96189;
0.195962;3.96237;
0.195982;3.96284;
0.196;3.96327;
0.196;3.96327;
0.196;3.96327;
0.196001;3.96328;
0.196001;3.96329;
0.196001;3.96329;
0.196001;3.9633;
0.196002;3.9633;
0.196002;3.96332;
0.196003;3.96335;
0.196006;3.96341;
0.196011;3.96353;
0.196017;3.96367;
0.19602;3.96375;
0.196024;3.96383;
0.196029;3.96394;
0.196034;3.96405;
0.196039;3.96417;
0.19605;3.9644;
0.19607;3.96484;
0.196089;3.96525;
0.196107;3.96563;
0.196125;3.96603;
0.196145;3.96647;
0.196165;3.96691;
0.196185;3.96734;
0.196205;3.96778;
0.196225;3.96822;
0.196245;3.96866;
0.196265;3.96909;
0.196285;3.96953;
0.196305;3.96997;
0.196325;3.97041;
0.196345;3.97085;
0.196365;3.97129;
0.196385;3.97173;
0.196405;3.97217;
0.196425;3.97261;
0.196445;3.97305;
0.196465;3.97349;
0.196485;3.97393;
0.196505;3.97437;
0.196525;3.97481;
0.196545;3.97525;
0.196565;3.9757;
0.196585;3.97614;
0.196605;3.97658;
0.196625;3.97703;
0.196645;3.97747;
0.196665;3.97791;
0.196685;3.97836;
0.196705;3.9788;
0.196725;3.97924;
0.196745;3.97969;
0.196765;3.98013;
0.196785;3.98058;
0.196805;3.98103;
0.196825;3.98147;
0.196845;3.98192;
0.196865;3.98236;
0.196885;3.98281;
0.196905;3.98326;
0.196925;3.98371;
0.196945;3.98415;
0.196965;3.9846;
0.196985;3.98505;
0.197005;3.9855;
0.197025;3.98595;
0.197045;3.98639;
0.197065;3.98684;
0.197085;3.98729;
0.197105;3.98774;
0.197125;3.98819;
0.197145;3.98864;
0.197165;3.98909;
0.197185;3.98955;
0.197205;3.99;
0.197225;3.99045;
0.197245;3.9909;
0.197265;3.99135;
0.197285;3.9918;
0.197305;3.99226;
0.197325;3.99271;
0.197345;3.99316;
0.197365;3.99362;
0.197385;3.99407;
0.197405;3.99452;
0.197425;3.99498;
0.197445;3.99543;
0.197465;3.99589;
0.197485;3.99634;
0.197505;3.9968;
0.197525;3.99725;
0.197545;3.99771;
0.197565;3.99816;
0.197585;3.99862;
0.197605;3.99908;
0.197625;3.99953;
0.197645;3.99999;
0.197665;4.00045;
0.197685;4.00091;
0.197705;4.00137;
0.197725;4.00182;
0.197745;4.00228;
0.197765;4.00274;
0.197785;4.0032;
0.197805;4.00366;
0.197825;4.00412;
0.197845;4.00458;
0.197865;4.00504;
0.197885;4.0055;
0.197905;4.00596;
0.197925;4.00642;
0.197945;4.00688;
0.197965;4.00734;
0.197985;4.00781;
0.198001;4.00817;
0.198001;4.00817;
0.198001;4.00818;
0.198002;4.00819;
0.198002;4.0082;
0.198002;4.0082;
0.198002;4.0082;
0.198003;4.00821;
0.198003;4.00822;
0.198004;4.00825;
0.198007;4.00831;
0.198012;4.00843;
0.198022;4.00867;
0.198042;4.00913;
0.198062;4.00959;
0.198082;4.01006;
0.198102;4.01052;
0.198122;4.01098;
0.198142;4.01145;
0.198162;4.01191;
0.198182;4.01238;
0.198202;4.01284;
0.198222;4.01331;
0.198242;4.01377;
0.198262;4.01424;
0.198282;4.0147;
0.198302;4.01517;
0.198322;4.01563;
0.198342;4.0161;
0.198362;4.01657;
0.198382;4.01704;
0.198402;4.0175;
0.198422;4.01797;
0.198442;4.01844;
0.198462;4.01891;
0.198482;4.01937;
0.198502;4.01984;
0.198522;4.02031;
0.198542;4.02078;
0.198562;4.02125;
0.198582;4.02172;
0.198602;4.02219;
0.198622;4.02266;
0.198642;4.02313;
0.198662;4.0236;
0.198682;4.02407;
0.198702;4.02455;
0.198722;4.02502;
0.198742;4.02549;
0.198762;4.02596;
0.198782;4.02643;
0.198802;4.02691;
0.198822;4.02738;
0.198842;4.02785;
0.198862;4.02833;
0.198882;4.0288;
0.198902;4.02927;
0.198922;4.02975;
0.198942;4.03022;
0.198962;4.0307;
0.198982;4.03117;
0.199002;4.03165;
0.199022;4.03212;
0.199042;4.0326;
0.199062;4.03308;
0.199082;4.03355;
0.199102;4.03403;
0.199122;4.0345;
0.199142;4.03498;
0.199162;4.03546;
0.199182;4.03594;
0.199202;4.03641;
0.199222;4.03689;
0.199242;4.03737;
0.199262;4.03785;
0.199282;4.03833;
0.199302;4.03881;
0.199322;4.03929;
0.199342;4.03977;
0.199362;4.04025;
0.199382;4.04073;
0.199402;4.04121;
0.199422;4.04169;
0.199442;4.04217;
0.199462;4.04265;
0.199482;4.04313;
0.199502;4.04361;
0.199522;4.0441;
0.199542;4.04458;
0.199562;4.04506;
0.199582;4.04554;
0.199602;4.04603;
0.199622;4.04651;
0.199642;4.04699;
0.199662;4.04748;
0.199682;4.04796;
0.199702;4.04844;
0.199722;4.04893;
0.199742;4.04941;
0.199762;4.0499;
0.199782;4.05038;
0.199802;4.05087;
0.199822;4.05136;
0.199842;4.05184;
0.199862;4.05233;
0.199882;4.05281;
0.199902;4.0533;
0.199922;4.05379;
0.199942;4.05428;
0.199962;4.05476;
0.199982;4.05525;
0.199996;4.05554;
0.2;4.05562;
0.2;4.05563;
0.2;4.05563;
0.200001;4.05564;
0.200001;4.05564;
0.200001;4.05564;
0.200001;4.05565;
0.200002;4.05565;
0.200002;4.05566;
0.200003;4.05568;
0.200006;4.05573;
0.200011;4.05582;
0.200021;4.056;
0.20003;4.05615;
0.200039;4.0563;
0.20005;4.05649;
0.20007;4.05684;
0.20009;4.0572;
0.20011;4.05755;
0.20013;4.0579;
0.20015;4.05825;
0.20017;4.0586;
0.20019;4.05896;
0.20021;4.05931;
0.20023;4.05966;
0.20025;4.06002;
0.20027;4.06037;
0.20029;4.06072;
0.20031;4.06108;
0.20033;4.06143;
0.20035;4.06179;
0.20037;4.06214;
0.20039;4.0625;
0.20041;4.06286;
0.20043;4.06321;
0.20045;4.06357;
0.20047;4.06393;
0.20049;4.06428;
0.20051;4.06464;
0.20053;4.065;
0.20055;4.06536;
0.20057;4.06572;
0.20059;4.06608;
0.20061;4.06644;
0.20063;4.0668;
0.20065;4.06716;
0.20067;4.06752;
0.20069;4.06788;
0.20071;4.06824;
0.20073;4.0686;
0.20075;4.06896;
0.20077;4.06932;
0.20079;4.06969;
0.20081;4.07005;
0.20083;4.07041;
0.20085;4.07078;
0.20087;4.07114;
0.20089;4.0715;
0.20091;4.07187;
0.20093;4.07223;
0.20095;4.0726;
0.20097;4.07296;
0.20099;4.07333;
0.20101;4.0737;
0.20103;4.07406;
0.20105;4.07443;
0.20107;4.0748;
0.20109;4.07516;
0.20111;4.07553;
0.20113;4.0759;
0.20115;4.07627;
0.20117;4.07664;
0.20119;4.077;
0.20121;4.07737;
0.20123;4.07774;
0.20125;4.07811;
0.20127;4.07848;
0.20129;4.07885;
0.20131;4.07922;
0.20133;4.0796;
0.20135;4.07997;
0.20137;4.08034;
0.20139;4.08071;
0.20141;4.08108;
0.20143;4.08146;
0.20145;4.08183;
0.20147;4.0822;
0.20149;4.08258;
0.20151;4.08295;
0.20153;4.08332;
0.20155;4.0837;
0.20157;4.08407;
0.20159;4.08445;
0.20161;4.08482;
0.20163;4.0852;
0.20165;4.08558;
0.20167;4.08595;
0.20169;4.08633;
0.20171;4.08671;
0.20173;4.08708;
0.20175;4.08746;
0.20177;4.08784;
0.20179;4.08822;
0.20181;4.0886;
0.20183;4.08898;
0.20185;4.08936;
0.20187;4.08974;
0.20189;4.09012;
0.20191;4.0905;
0.20193;4.09088;
0.20195;4.09126;
0.20197;4.09164;
0.20199;4.09202;
0.202001;4.09224;
0.202001;4.09224;
0.202001;4.09224;
0.202002;4.09225;
0.202002;4.09225;
0.202002;4.09226;
0.202002;4.09226;
0.202003;4.09227;
0.202003;4.09228;
0.202004;4.0923;
0.202007;4.09235;
0.202012;4.09245;
0.202022;4.09264;
0.202042;4.09303;
0.202062;4.09341;
0.202082;4.09379;
0.202102;4.09418;
0.202122;4.09456;
0.202142;4.09494;
0.202162;4.09533;
0.202182;4.09571;
0.202202;4.0961;
0.202222;4.09648;
0.202242;4.09687;
0.202262;4.09725;
0.202282;4.09764;
0.202302;4.09803;
0.202322;4.09841;
0.202342;4.0988;
0.202362;4.09919;
0.202382;4.09957;
0.202402;4.09996;
0.202422;4.10035;
0.202442;4.10074;
0.202462;4.10113;
0.202482;4.10152;
0.202502;4.10191;
0.202522;4.1023;
0.202542;4.10269;
0.202562;4.10308;
0.202582;4.10347;
0.202602;4.10386;
0.202622;4.10425;
0.202642;4.10464;
0.202662;4.10503;
0.202682;4.10542;
0.202702;4.10582;
0.202722;4.10621;
0.202742;4.1066;
0.202762;4.107;
0.202782;4.10739;
0.202802;4.10778;
0.202822;4.10818;
0.202842;4.10857;
0.202862;4.10897;
0.202882;4.10936;
0.202902;4.10976;
0.202922;4.11015;
0.202942;4.11055;
0.202962;4.11095;
0.202982;4.11134;
0.203002;4.11174;
0.203022;4.11214;
0.203042;4.11253;
0.203062;4.11293;
0.203082;4.11333;
0.203102;4.11373;
0.203122;4.11413;
0.203142;4.11453;
0.203162;4.11493;
0.203182;4.11533;
0.203202;4.11573;
0.203222;4.11613;
0.203242;4.11653;
0.203262;4.11693;
0.203282;4.11733;
0.203302;4.11773;
0.203322;4.11813;
0.203342;4.11853;
0.203362;4.11894;
0.203382;4.11934;
0.203402;4.11974;
0.203422;4.12015;
0.203442;4.12055;
0.203462;4.12095;
0.203482;4.12136;
0.203502;4.12176;
0.203522;4.12217;
0.203542;4.12257;
0.203562;4.12298;
0.203582;4.12338;
0.203602;4.12379;
0.203622;4.12419;
0.203642;4.1246;
0.203662;4.12501;
0.203682;4.12541;
0.203702;4.12582;
0.203722;4.12623;
0.203742;4.12664;
0.203762;4.12704;
0.203782;4.12745;
0.203802;4.12786;
0.203822;4.12827;
0.203842;4.12868;
0.203862;4.12909;
0.203882;4.1295;
0.203902;4.12991;
0.203922;4.13032;
0.203942;4.13073;
0.203962;4.13114;
0.203982;4.13155;
0.204;4.13192;
0.204;4.13192;
0.204;4.13192;
0.204001;4.13193;
0.204001;4.13194;
0.204001;4.13194;
0.204001;4.13194;
0.204002;4.13195;
0.204002;4.13196;
0.204003;4.13199;
0.204006;4.13204;
0.204011;4.13215;
0.204021;4.13236;
0.204041;4.13277;
0.204061;4.13318;
0.204081;4.1336;
0.204101;4.13401;
0.204121;4.13442;
0.204141;4.13484;
0.204161;4.13525;
0.204181;4.13566;
0.204201;4.13608;
0.204221;4.13649;
0.204241;4.13691;
0.204261;4.13732;
0.204281;4.13774;
0.204301;4.13816;
0.204321;4.13857;
0.204341;4.13899;
0.204361;4.13941;
0.204381;4.13982;
0.204401;4.14024;
0.204421;4.14066;
0.204441;4.14108;
0.204461;4.14149;
0.204481;4.14191;
0.204501;4.14233;
0.204521;4.14275;
0.204541;4.14317;
0.204561;4.14359;
0.204581;4.14401;
0.204601;4.14443;
0.204621;4.14485;
0.204641;4.14527;
0.204661;4.14569;
0.204681;4.14611;
0.204701;4.14654;
0.204721;4.14696;
0.204741;4.14738;
0.204761;4.1478;
0.204781;4.14823;
0.204801;4.14865;
0.204821;4.14907;
0.204841;4.1495;
0.204861;4.14992;
0.204881;4.15034;
0.204901;4.15077;
0.204921;4.15119;
0.204941;4.15162;
0.204961;4.15204;
0.204981;4.15247;
0.205001;4.1529;
0.205021;4.15332;
0.205041;4.15375;
0.205061;4.15418;
0.205081;4.1546;
0.205101;4.15503;
0.205121;4.15546;
0.205141;4.15588;
0.205161;4.15631;
0.205181;4.15674;
0.205201;4.15717;
0.205221;4.1576;
0.205241;4.15803;
0.205261;4.15846;
0.205281;4.15889;
0.205301;4.15932;
0.205321;4.15975;
0.205341;4.16018;
0.205361;4.16061;
0.205381;4.16104;
0.205401;4.16147;
0.205421;4.1619;
0.205441;4.16234;
0.205461;4.16277;
0.205481;4.1632;
0.205501;4.16363;
0.205521;4.16407;
0.205541;4.1645;
0.205561;4.16493;
0.205581;4.16537;
0.205601;4.1658;
0.205621;4.16624;
0.205641;4.16667;
0.205661;4.16711;
0.205681;4.16754;
0.205701;4.16798;
0.205721;4.16841;
0.205741;4.16885;
0.205761;4.16929;
0.205781;4.16972;
0.205801;4.17016;
0.205821;4.1706;
0.205841;4.17103;
0.205861;4.17147;
0.205881;4.17191;
0.205901;4.17235;
0.205921;4.17279;
0.205941;4.17323;
0.205961;4.17366;
0.205981;4.1741;
0.206001;4.17453;
0.206001;4.17454;
0.206001;4.17454;
0.206002;4.17455;
0.206002;4.17456;
0.206002;4.17456;
0.206002;4.17456;
0.206003;4.17457;
0.206003;4.17458;
0.206004;4.17461;
0.206007;4.17467;
0.206012;4.17478;
0.206022;4.17501;
0.206042;4.17545;
0.206062;4.17589;
0.206082;4.17633;
0.206102;4.17677;
0.206122;4.17721;
0.206142;4.17765;
0.206162;4.17809;
0.206182;4.17853;
0.206202;4.17898;
0.206222;4.17942;
0.206242;4.17986;
0.206262;4.18031;
0.206282;4.18075;
0.206302;4.18119;
0.206322;4.18164;
0.206342;4.18208;
0.206362;4.18253;
0.206382;4.18297;
0.206402;4.18341;
0.206422;4.18386;
0.206442;4.18431;
0.206462;4.18475;
0.206482;4.1852;
0.206502;4.18564;
0.206522;4.18609;
0.206542;4.18654;
0.206562;4.18698;
0.206582;4.18743;
0.206602;4.18788;
0.206622;4.18833;
0.206642;4.18878;
0.206662;4.18922;
0.206682;4.18967;
0.206702;4.19012;
0.206722;4.19057;
0.206742;4.19102;
0.206762;4.19147;
0.206782;4.19192;
0.206802;4.19237;
0.206822;4.19282;
0.206842;4.19327;
0.206862;4.19372;
0.206882;4.19417;
0.206902;4.19463;
0.206922;4.19508;
0.206942;4.19553;
0.206962;4.19598;
0.206982;4.19643;
0.207002;4.19689;
0.207022;4.19734;
0.207042;4.19779;
0.207062;4.19825;
0.207082;4.1987;
0.207102;4.19916;
0.207122;4.19961;
0.207142;4.20006;
0.207162;4.20052;
0.207182;4.20097;
0.207202;4.20143;
0.207222;4.20189;
0.207242;4.20234;
0.207262;4.2028;
0.207282;4.20325;
0.207302;4.20371;
0.207322;4.20417;
0.207342;4.20463;
0.207362;4.20508;
0.207382;4.20554;
0.207402;4.206;
0.207422;4.20646;
0.207442;4.20692;
0.207462;4.20737;
0.207482;4.20783;
0.207502;4.20829;
0.207522;4.20875;
0.207542;4.20921;
0.207562;4.20967;
0.207582;4.21013;
0.207602;4.21059;
0.207622;4.21105;
0.207642;4.21152;
0.207662;4.21198;
0.207682;4.21244;
0.207702;4.2129;
0.207722;4.21336;
0.207742;4.21382;
0.207762;4.21429;
0.207782;4.21475;
0.207802;4.21521;
0.207822;4.21568;
0.207842;4.21614;
0.207862;4.2166;
0.207882;4.21707;
0.207902;4.21753;
0.207922;4.218;
0.207942;4.21846;
0.207962;4.21893;
0.207979;4.21929;
0.207991;4.21953;
0.208;4.21969;
0.208;4.21969;
0.208;4.21969;
0.208001;4.2197;
0.208001;4.21971;
0.208001;4.21971;
0.208001;4.21971;
0.208002;4.21972;
0.208002;4.21973;
0.208003;4.21975;
0.208006;4.2198;
0.208011;4.21989;
0.208021;4.22008;
0.208041;4.22044;
0.208056;4.22071;
0.208071;4.22098;
0.208089;4.2213;
0.208109;4.22167;
0.208129;4.22203;
0.208149;4.22239;
0.208169;4.22276;
0.208189;4.22312;
0.208209;4.22349;
0.208229;4.22385;
0.208249;4.22422;
0.208269;4.22459;
0.208289;4.22495;
0.208309;4.22532;
0.208329;4.22569;
0.208349;4.22606;
0.208369;4.22642;
0.208389;4.22679;
0.208409;4.22716;
0.208429;4.22753;
0.208449;4.2279;
0.208469;4.22827;
0.208489;4.22864;
0.208509;4.22901;
0.208529;4.22938;
0.208549;4.22975;
0.208569;4.23012;
0.208589;4.23049;
0.208609;4.23086;
0.208629;4.23123;
0.208649;4.2316;
0.208669;4.23198;
0.208689;4.23235;
0.208709;4.23272;
0.208729;4.2331;
0.208749;4.23347;
0.208769;4.23384;
0.208789;4.23422;
0.208809;4.23459;
0.208829;4.23497;
0.208849;4.23534;
0.208869;4.23572;
0.208889;4.23609;
0.208909;4.23647;
0.208929;4.23685;
0.208949;4.23722;
0.208969;4.2376;
0.208989;4.23798;
0.209009;4.23835;
0.209029;4.23873;
0.209049;4.23911;
0.209069;4.23949;
0.209089;4.23987;
0.209109;4.24025;
0.209129;4.24063;
0.209149;4.24101;
0.209169;4.24139;
0.209189;4.24177;
0.209209;4.24215;
0.209229;4.24253;
0.209249;4.24291;
0.209269;4.24329;
0.209289;4.24367;
0.209309;4.24405;
0.209329;4.24444;
0.209349;4.24482;
0.209369;4.2452;
0.209389;4.24559;
0.209409;4.24597;
0.209429;4.24635;
0.209449;4.24674;
0.209469;4.24712;
0.209489;4.24751;
0.209509;4.24789;
0.209529;4.24828;
0.209549;4.24866;
0.209569;4.24905;
0.209589;4.24943;
0.209609;4.24982;
0.209629;4.25021;
0.209649;4.2506;
0.209669;4.25098;
0.209689;4.25137;
0.209709;4.25176;
0.209729;4.25215;
0.209749;4.25254;
0.209769;4.25292;
0.209789;4.25331;
0.209809;4.2537;
0.209829;4.25409;
0.209849;4.25448;
0.209869;4.25487;
0.209889;4.25526;
0.209909;4.25565;
0.209929;4.25605;
0.209949;4.25644;
0.209969;4.25683;
0.209989;4.25722;
0.210001;4.25746;
0.210001;4.25746;
0.210001;4.25746;
0.210002;4.25747;
0.210002;4.25748;
0.210002;4.25748;
0.210002;4.25748;
0.210003;4.25749;
0.210003;4.2575;
0.210004;4.25753;
0.210007;4.25758;
0.210012;4.25768;
0.210022;4.25788;
0.210042;4.25827;
0.210062;4.25866;
0.210082;4.25906;
0.210102;4.25945;
0.210122;4.25985;
0.210142;4.26024;
0.210162;4.26064;
0.210182;4.26103;
0.210202;4.26143;
0.210222;4.26182;
0.210242;4.26222;
0.210262;4.26261;
0.210282;4.26301;
0.210302;4.26341;
0.210322;4.2638;
0.210342;4.2642;
0.210362;4.2646;
0.210382;4.265;
0.210402;4.26539;
0.210422;4.26579;
0.210442;4.26619;
0.210462;4.26659;
0.210482;4.26699;
0.210502;4.26739;
0.210522;4.26779;
0.210542;4.26819;
0.210562;4.26859;
0.210582;4.26899;
0.210602;4.26939;
0.210622;4.26979;
0.210642;4.27019;
0.210662;4.27059;
0.210682;4.271;
0.210702;4.2714;
0.210722;4.2718;
0.210742;4.2722;
0.210762;4.27261;
0.210782;4.27301;
0.210802;4.27341;
0.210822;4.27382;
0.210842;4.27422;
0.210862;4.27463;
0.210882;4.27503;
0.210902;4.27544;
0.210922;4.27584;
0.210942;4.27625;
0.210962;4.27666;
0.210982;4.27706;
0.211002;4.27747;
0.211022;4.27787;
0.211042;4.27828;
0.211062;4.27869;
0.211082;4.2791;
0.211102;4.27951;
0.211122;4.27991;
0.211142;4.28032;
0.211162;4.28073;
0.211182;4.28114;
0.211202;4.28155;
0.211222;4.28196;
0.211242;4.28237;
0.211262;4.28278;
0.211282;4.28319;
0.211302;4.2836;
0.211322;4.28401;
0.211342;4.28442;
0.211362;4.28483;
0.211382;4.28525;
0.211402;4.28566;
0.211422;4.28607;
0.211442;4.28648;
0.211462;4.2869;
0.211482;4.28731;
0.211502;4.28772;
0.211522;4.28814;
0.211542;4.28855;
0.211562;4.28897;
0.211582;4.28938;
0.211602;4.2898;
0.211622;4.29021;
0.211642;4.29063;
0.211662;4.29104;
0.211682;4.29146;
0.211702;4.29187;
0.211722;4.29229;
0.211742;4.29271;
0.211762;4.29313;
0.211782;4.29354;
0.211802;4.29396;
0.211822;4.29438;
0.211842;4.2948;
0.211862;4.29521;
0.211882;4.29563;
0.211902;4.29605;
0.211922;4.29647;
0.211942;4.29689;
0.211962;4.29731;
0.211982;4.29773;
0.212;4.2981;
0.212;4.2981;
0.212;4.29811;
0.212001;4.29812;
0.212001;4.29812;
0.212001;4.29812;
0.212001;4.29813;
0.212002;4.29813;
0.212002;4.29815;
0.212003;4.29817;
0.212004;4.29819;
0.212005;4.29821;
0.212006;4.29824;
0.212009;4.29828;
0.212013;4.29836;
0.212017;4.29842;
0.212022;4.29849;
0.212029;4.29861;
0.21204;4.29878;
0.212053;4.299;
0.212066;4.2992;
0.212078;4.29939;
0.212098;4.29971;
0.212118;4.30003;
0.212138;4.30035;
0.212158;4.30068;
0.212178;4.301;
0.212198;4.30132;
0.212218;4.30164;
0.212238;4.30196;
0.212258;4.30229;
0.212278;4.30261;
0.212298;4.30293;
0.212318;4.30326;
0.212338;4.30358;
0.212358;4.30391;
0.212378;4.30423;
0.212398;4.30456;
0.212418;4.30488;
0.212438;4.30521;
0.212458;4.30554;
0.212478;4.30586;
0.212498;4.30619;
0.212518;4.30652;
0.212538;4.30684;
0.212558;4.30717;
0.212578;4.3075;
0.212598;4.30783;
0.212618;4.30816;
0.212638;4.30849;
0.212658;4.30882;
0.212678;4.30915;
0.212698;4.30948;
0.212718;4.30981;
0.212738;4.31014;
0.212758;4.31047;
0.212778;4.3108;
0.212798;4.31113;
0.212818;4.31147;
0.212838;4.3118;
0.212858;4.31213;
0.212878;4.31246;
0.212898;4.3128;
0.212918;4.31313;
0.212938;4.31347;
0.212958;4.3138;
0.212978;4.31414;
0.212998;4.31447;
0.213018;4.31481;
0.213038;4.31514;
0.213058;4.31548;
0.213078;4.31581;
0.213098;4.31615;
0.213118;4.31649;
0.213138;4.31682;
0.213158;4.31716;
0.213178;4.3175;
0.213198;4.31784;
0.213218;4.31818;
0.213238;4.31852;
0.213258;4.31886;
0.213278;4.31919;
0.213298;4.31953;
0.213318;4.31987;
0.213338;4.32022;
0.213358;4.32056;
0.213378;4.3209;
0.213398;4.32124;
0.213418;4.32158;
0.213438;4.32192;
0.213458;4.32227;
0.213478;4.32261;
0.213498;4.32295;
0.213518;4.32329;
0.213538;4.32364;
0.213558;4.32398;
0.213578;4.32433;
0.213598;4.32467;
0.213618;4.32502;
0.213638;4.32536;
0.213658;4.32571;
0.213678;4.32605;
0.213698;4.3264;
0.213718;4.32674;
0.213738;4.32709;
0.213758;4.32744;
0.213778;4.32779;
0.213798;4.32813;
0.213818;4.32848;
0.213838;4.32883;
0.213858;4.32918;
0.213878;4.32953;
0.213898;4.32988;
0.213918;4.33023;
0.213938;4.33058;
0.213958;4.33093;
0.213978;4.33128;
0.213998;4.33163;
0.214001;4.33168;
0.214001;4.33168;
0.214001;4.33169;
0.214002;4.33169;
0.214002;4.3317;
0.214002;4.3317;
0.214002;4.3317;
0.214003;4.33171;
0.214003;4.33172;
0.214004;4.33174;
0.214007;4.33179;
0.214012;4.33188;
0.214022;4.33206;
0.214042;4.33241;
0.214062;4.33276;
0.214082;4.33311;
0.214102;4.33346;
0.214122;4.33382;
0.214142;4.33417;
0.214162;4.33452;
0.214182;4.33488;
0.214202;4.33523;
0.214222;4.33559;
0.214242;4.33594;
0.214262;4.3363;
0.214282;4.33665;
0.214302;4.33701;
0.214322;4.33736;
0.214342;4.33772;
0.214362;4.33807;
0.214382;4.33843;
0.214402;4.33879;
0.214422;4.33915;
0.214442;4.3395;
0.214462;4.33986;
0.214482;4.34022;
0.214502;4.34058;
0.214522;4.34094;
0.214542;4.3413;
0.214562;4.34166;
0.214582;4.34202;
0.214602;4.34238;
0.214622;4.34274;
0.214642;4.3431;
0.214662;4.34346;
0.214682;4.34382;
0.214702;4.34418;
0.214722;4.34454;
0.214742;4.34491;
0.214762;4.34527;
0.214782;4.34563;
0.214802;4.34599;
0.214822;4.34636;
0.214842;4.34672;
0.214862;4.34709;
0.214882;4.34745;
0.214902;4.34781;
0.214922;4.34818;
0.214942;4.34854;
0.214962;4.34891;
0.214982;4.34928;
0.215002;4.34964;
0.215022;4.35001;
0.215042;4.35038;
0.215062;4.35074;
0.215082;4.35111;
0.215102;4.35148;
0.215122;4.35185;
0.215142;4.35221;
0.215162;4.35258;
0.215182;4.35295;
0.215202;4.35332;
0.215222;4.35369;
0.215242;4.35406;
0.215262;4.35443;
0.215282;4.3548;
0.215302;4.35517;
0.215322;4.35554;
0.215342;4.35591;
0.215362;4.35628;
0.215382;4.35666;
0.215402;4.35703;
0.215422;4.3574;
0.215442;4.35777;
0.215462;4.35815;
0.215482;4.35852;
0.215502;4.35889;
0.215522;4.35927;
0.215542;4.35964;
0.215562;4.36002;
0.215582;4.36039;
0.215602;4.36077;
0.215622;4.36114;
0.215642;4.36152;
0.215662;4.36189;
0.215682;4.36227;
0.215702;4.36265;
0.215722;4.36302;
0.215742;4.3634;
0.215762;4.36378;
0.215782;4.36415;
0.215802;4.36453;
0.215822;4.36491;
0.215842;4.36529;
0.215862;4.36567;
0.215882;4.36605;
0.215902;4.36643;
0.215922;4.36681;
0.215942;4.36719;
0.215962;4.36757;
0.215982;4.36795;
0.216;4.36828;
0.216;4.36828;
0.216;4.36829;
0.216001;4.3683;
0.216001;4.3683;
0.216001;4.3683;
0.216001;4.36831;
0.216002;4.36831;
0.216002;4.36832;
0.216003;4.36835;
0.216006;4.3684;
0.216011;4.36849;
0.216021;4.36869;
0.216041;4.36907;
0.216061;4.36945;
0.216081;4.36983;
0.216101;4.37022;
0.216121;4.3706;
0.216141;4.37098;
0.216161;4.37137;
0.216181;4.37175;
0.216201;4.37213;
0.216221;4.37252;
0.216241;4.3729;
0.216261;4.37329;
0.216281;4.37367;
0.216301;4.37406;
0.216321;4.37444;
0.216341;4.37483;
0.216361;4.37521;
0.216381;4.3756;
0.216401;4.37599;
0.216421;4.37637;
0.216441;4.37676;
0.216461;4.37715;
0.216481;4.37754;
0.216501;4.37792;
0.216521;4.37831;
0.216541;4.3787;
0.216561;4.37909;
0.216581;4.37948;
0.216601;4.37987;
0.216621;4.38026;
0.216641;4.38065;
0.216661;4.38104;
0.216681;4.38143;
0.216701;4.38182;
0.216721;4.38221;
0.216741;4.3826;
0.216761;4.38299;
0.216781;4.38339;
0.216801;4.38378;
0.216821;4.38417;
0.216841;4.38456;
0.216861;4.38496;
0.216881;4.38535;
0.216901;4.38574;
0.216921;4.38614;
0.216941;4.38653;
0.216961;4.38693;
0.216981;4.38732;
0.217001;4.38772;
0.217021;4.38811;
0.217041;4.38851;
0.217061;4.3889;
0.217081;4.3893;
0.217101;4.3897;
0.217121;4.39009;
0.217141;4.39049;
0.217161;4.39089;
0.217181;4.39128;
0.217201;4.39168;
0.217221;4.39208;
0.217241;4.39248;
0.217261;4.39288;
0.217281;4.39328;
0.217301;4.39368;
0.217321;4.39407;
0.217341;4.39447;
0.217361;4.39487;
0.217381;4.39527;
0.217401;4.39568;
0.217421;4.39608;
0.217441;4.39648;
0.217461;4.39688;
0.217481;4.39728;
0.217501;4.39768;
0.217521;4.39808;
0.217541;4.39849;
0.217561;4.39889;
0.217581;4.39929;
0.217601;4.3997;
0.217621;4.4001;
0.217641;4.4005;
0.217661;4.40091;
0.217681;4.40131;
0.217701;4.40172;
0.217721;4.40212;
0.217741;4.40253;
0.217761;4.40293;
0.217781;4.40334;
0.217801;4.40374;
0.217821;4.40415;
0.217841;4.40456;
0.217861;4.40496;
0.217881;4.40537;
0.217901;4.40578;
0.217921;4.40619;
0.217941;4.40659;
0.217961;4.407;
0.217981;4.40741;
0.218001;4.40781;
0.218001;4.40781;
0.218001;4.40782;
0.218002;4.40783;
0.218002;4.40783;
0.218002;4.40783;
0.218002;4.40784;
0.218003;4.40784;
0.218003;4.40786;
0.218004;4.40788;
0.218007;4.40794;
0.218012;4.40804;
0.218022;4.40825;
0.218042;4.40866;
0.218062;4.40907;
0.218082;4.40948;
0.218102;4.40989;
0.218122;4.4103;
0.218142;4.41071;
0.218162;4.41112;
0.218182;4.41153;
0.218202;4.41194;
0.218222;4.41236;
0.218242;4.41277;
0.218262;4.41318;
0.218282;4.41359;
0.218302;4.414;
0.218322;4.41442;
0.218342;4.41483;
0.218362;4.41524;
0.218382;4.41566;
0.218402;4.41607;
0.218422;4.41649;
0.218442;4.4169;
0.218462;4.41732;
0.218482;4.41773;
0.218502;4.41815;
0.218522;4.41856;
0.218542;4.41898;
0.218562;4.4194;
0.218582;4.41981;
0.218602;4.42023;
0.218622;4.42065;
0.218642;4.42106;
0.218662;4.42148;
0.218682;4.4219;
0.218702;4.42232;
0.218722;4.42273;
0.218742;4.42315;
0.218762;4.42357;
0.218782;4.42399;
0.218802;4.42441;
0.218822;4.42483;
0.218842;4.42525;
0.218862;4.42567;
0.218882;4.42609;
0.218902;4.42651;
0.218922;4.42693;
0.218942;4.42735;
0.218962;4.42778;
0.218982;4.4282;
0.219002;4.42862;
0.219022;4.42904;
0.219042;4.42946;
0.219062;4.42989;
0.219082;4.43031;
0.219102;4.43073;
0.219122;4.43116;
0.219142;4.43158;
0.219162;4.432;
0.219182;4.43243;
0.219202;4.43285;
0.219222;4.43328;
0.219242;4.4337;
0.219262;4.43413;
0.219282;4.43455;
0.219302;4.43498;
0.219322;4.43541;
0.219342;4.43583;
0.219362;4.43626;
0.219382;4.43669;
0.219402;4.43711;
0.219422;4.43754;
0.219442;4.43797;
0.219462;4.4384;
0.219482;4.43882;
0.219502;4.43925;
0.219522;4.43968;
0.219542;4.44011;
0.219562;4.44054;
0.219582;4.44097;
0.219602;4.4414;
0.219622;4.44183;
0.219642;4.44226;
0.219662;4.44269;
0.219682;4.44312;
0.219702;4.44355;
0.219722;4.44398;
0.219742;4.44441;
0.219762;4.44485;
0.219782;4.44528;
0.219802;4.44571;
0.219822;4.44614;
0.219842;4.44658;
0.219862;4.44701;
0.219882;4.44744;
0.219902;4.44788;
0.219922;4.44831;
0.219942;4.44874;
0.219962;4.44915;
0.219974;4.44936;
0.219985;4.44955;
0.219988;4.44961;
0.219994;4.44971;
0.22;4.44981;
0.22;4.44982;
0.22;4.44982;
0.220001;4.44983;
0.220001;4.44983;
0.220001;4.44983;
0.220001;4.44984;
0.220002;4.44984;
0.220002;4.44985;
0.220003;4.44987;
0.220006;4.44992;
0.220011;4.45001;
0.220017;4.4501;
0.220028;4.45029;
0.220038;4.45046;
0.220055;4.45076;
0.220075;4.45111;
0.220095;4.45145;
0.220115;4.4518;
0.220135;4.45214;
0.220155;4.45249;
0.220175;4.45284;
0.220195;4.45318;
0.220215;4.45353;
0.220235;4.45388;
0.220255;4.45423;
0.220275;4.45457;
0.220295;4.45492;
0.220315;4.45527;
0.220335;4.45562;
0.220355;4.45597;
0.220375;4.45632;
0.220395;4.45667;
0.220415;4.45702;
0.220435;4.45737;
0.220455;4.45772;
0.220475;4.45807;
0.220495;4.45842;
0.220515;4.45877;
0.220535;4.45912;
0.220555;4.45948;
0.220575;4.45983;
0.220595;4.46018;
0.220615;4.46053;
0.220635;4.46089;
0.220655;4.46124;
0.220675;4.4616;
0.220695;4.46195;
0.220715;4.4623;
0.220735;4.46266;
0.220755;4.46301;
0.220775;4.46337;
0.220795;4.46373;
0.220815;4.46408;
0.220835;4.46444;
0.220855;4.46479;
0.220875;4.46515;
0.220895;4.46551;
0.220915;4.46587;
0.220935;4.46622;
0.220955;4.46658;
0.220975;4.46694;
0.220995;4.4673;
0.221015;4.46766;
0.221035;4.46802;
0.221055;4.46838;
0.221075;4.46874;
0.221095;4.4691;
0.221115;4.46946;
0.221135;4.46982;
0.221155;4.47018;
0.221175;4.47054;
0.221195;4.4709;
0.221215;4.47126;
0.221235;4.47163;
0.221255;4.47199;
0.221275;4.47235;
0.221295;4.47271;
0.221315;4.47308;
0.221335;4.47344;
0.221355;4.47381;
0.221375;4.47417;
0.221395;4.47453;
0.221415;4.4749;
0.221435;4.47526;
0.221455;4.47563;
0.221475;4.476;
0.221495;4.47636;
0.221515;4.47673;
0.221535;4.47709;
0.221555;4.47746;
0.221575;4.47783;
0.221595;4.4782;
0.221615;4.47856;
0.221635;4.47893;
0.221655;4.4793;
0.221675;4.47967;
0.221695;4.48004;
0.221715;4.48041;
0.221735;4.48078;
0.221755;4.48115;
0.221775;4.48152;
0.221795;4.48189;
0.221815;4.48226;
0.221835;4.48263;
0.221855;4.483;
0.221875;4.48337;
0.221895;4.48374;
0.221915;4.48411;
0.221935;4.48449;
0.221955;4.48486;
0.221975;4.48523;
0.221995;4.4856;
0.222001;4.48572;
0.222001;4.48572;
0.222001;4.48572;
0.222002;4.48573;
0.222002;4.48573;
0.222002;4.48574;
0.222002;4.48574;
0.222003;4.48574;
0.222003;4.48576;
0.222004;4.48578;
0.222007;4.48583;
0.222012;4.48592;
0.222022;4.48611;
0.222042;4.48649;
0.222062;4.48686;
0.222082;4.48724;
0.222102;4.48761;
0.222122;4.48799;
0.222142;4.48836;
0.222162;4.48874;
0.222182;4.48911;
0.222202;4.48949;
0.222222;4.48987;
0.222242;4.49024;
0.222262;4.49062;
0.222282;4.491;
0.222302;4.49137;
0.222322;4.49175;
0.222342;4.49213;
0.222362;4.49251;
0.222382;4.49289;
0.222402;4.49327;
0.222422;4.49365;
0.222442;4.49402;
0.222462;4.4944;
0.222482;4.49478;
0.222502;4.49516;
0.222522;4.49555;
0.222542;4.49593;
0.222562;4.49631;
0.222582;4.49669;
0.222602;4.49707;
0.222622;4.49745;
0.222642;4.49783;
0.222662;4.49822;
0.222682;4.4986;
0.222702;4.49898;
0.222722;4.49937;
0.222742;4.49975;
0.222762;4.50013;
0.222782;4.50052;
0.222802;4.5009;
0.222822;4.50129;
0.222842;4.50167;
0.222862;4.50206;
0.222882;4.50244;
0.222902;4.50283;
0.222922;4.50322;
0.222942;4.5036;
0.222962;4.50399;
0.222982;4.50438;
0.223002;4.50476;
0.223022;4.50515;
0.223042;4.50554;
0.223062;4.50593;
0.223082;4.50631;
0.223102;4.5067;
0.223122;4.50709;
0.223142;4.50748;
0.223162;4.50787;
0.223182;4.50826;
0.223202;4.50865;
0.223222;4.50904;
0.223242;4.50943;
0.223262;4.50982;
0.223282;4.51021;
0.223302;4.5106;
0.223322;4.511;
0.223342;4.51139;
0.223362;4.51178;
0.223382;4.51217;
0.223402;4.51256;
0.223422;4.51296;
0.223442;4.51335;
0.223462;4.51374;
0.223482;4.51414;
0.223502;4.51453;
0.223522;4.51493;
0.223542;4.51532;
0.223562;4.51572;
0.223582;4.51611;
0.223602;4.51651;
0.223622;4.5169;
0.223642;4.5173;
0.223662;4.51769;
0.223682;4.51809;
0.223702;4.51849;
0.223722;4.51888;
0.223742;4.51928;
0.223762;4.51968;
0.223782;4.52008;
0.223802;4.52048;
0.223822;4.52087;
0.223842;4.52127;
0.223862;4.52167;
0.223882;4.52207;
0.223902;4.52247;
0.223922;4.52287;
0.223942;4.52327;
0.223962;4.52367;
0.223982;4.52405;
0.223995;4.52426;
0.224;4.52434;
0.224;4.52434;
0.224;4.52434;
0.224001;4.52435;
0.224001;4.52435;
0.224001;4.52435;
0.224001;4.52436;
0.224002;4.52436;
0.224002;4.52437;
0.224003;4.52439;
0.224006;4.52443;
0.224011;4.52451;
0.224021;4.52466;
0.224041;4.52497;
0.224055;4.52518;
0.22407;4.52541;
0.22409;4.52571;
0.22411;4.52601;
0.22413;4.52632;
0.22415;4.52662;
0.22417;4.52693;
0.22419;4.52724;
0.22421;4.52754;
0.22423;4.52785;
0.22425;4.52815;
0.22427;4.52846;
0.22429;4.52877;
0.22431;4.52908;
0.22433;4.52938;
0.22435;4.52969;
0.22437;4.53;
0.22439;4.53031;
0.22441;4.53062;
0.22443;4.53093;
0.22445;4.53124;
0.22447;4.53155;
0.22449;4.53186;
0.22451;4.53217;
0.22453;4.53248;
0.22455;4.53279;
0.22457;4.5331;
0.22459;4.53342;
0.22461;4.53373;
0.22463;4.53404;
0.22465;4.53436;
0.22467;4.53467;
0.22469;4.53498;
0.22471;4.5353;
0.22473;4.53561;
0.22475;4.53593;
0.22477;4.53624;
0.22479;4.53656;
0.22481;4.53687;
0.22483;4.53719;
0.22485;4.5375;
0.22487;4.53782;
0.22489;4.53814;
0.22491;4.53845;
0.22493;4.53877;
0.22495;4.53909;
0.22497;4.53941;
0.22499;4.53973;
0.22501;4.54004;
0.22503;4.54036;
0.22505;4.54068;
0.22507;4.541;
0.22509;4.54132;
0.22511;4.54164;
0.22513;4.54196;
0.22515;4.54228;
0.22517;4.54261;
0.22519;4.54293;
0.22521;4.54325;
0.22523;4.54357;
0.22525;4.54389;
0.22527;4.54422;
0.22529;4.54454;
0.22531;4.54486;
0.22533;4.54519;
0.22535;4.54551;
0.22537;4.54583;
0.22539;4.54616;
0.22541;4.54648;
0.22543;4.54681;
0.22545;4.54713;
0.22547;4.54746;
0.22549;4.54779;
0.22551;4.54811;
0.22553;4.54844;
0.22555;4.54877;
0.22557;4.54909;
0.22559;4.54942;
0.22561;4.54975;
0.22563;4.55008;
0.22565;4.55041;
0.22567;4.55074;
0.22569;4.55107;
0.22571;4.5514;
0.22573;4.55172;
0.22575;4.55206;
0.22577;4.55239;
0.22579;4.55272;
0.22581;4.55305;
0.22583;4.55338;
0.22585;4.55371;
0.22587;4.55404;
0.22589;4.55437;
0.22591;4.55471;
0.22593;4.55504;
0.22595;4.55537;
0.22597;4.55571;
0.22599;4.55604;
0.226001;4.55622;
0.226001;4.55622;
0.226001;4.55622;
0.226002;4.55623;
0.226002;4.55624;
0.226002;4.55624;
0.226002;4.55624;
0.226003;4.55624;
0.226003;4.55626;
0.226004;4.55628;
0.226007;4.55632;
0.226012;4.55641;
0.226022;4.55658;
0.226042;4.55691;
0.226062;4.55725;
0.226082;4.55758;
0.226102;4.55792;
0.226122;4.55825;
0.226142;4.55859;
0.226162;4.55892;
0.226182;4.55926;
0.226202;4.5596;
0.226222;4.55994;
0.226242;4.56027;
0.226262;4.56061;
0.226282;4.56095;
0.226302;4.56129;
0.226322;4.56163;
0.226342;4.56197;
0.226362;4.56231;
0.226382;4.56264;
0.226402;4.56298;
0.226422;4.56333;
0.226442;4.56367;
0.226462;4.56401;
0.226482;4.56435;
0.226502;4.56469;
0.226522;4.56503;
0.226542;4.56537;
0.226562;4.56572;
0.226582;4.56606;
0.226602;4.5664;
0.226622;4.56674;
0.226642;4.56709;
0.226662;4.56743;
0.226682;4.56778;
0.226702;4.56812;
0.226722;4.56847;
0.226742;4.56881;
0.226762;4.56916;
0.226782;4.5695;
0.226802;4.56985;
0.226822;4.57019;
0.226842;4.57054;
0.226862;4.57089;
0.226882;4.57123;
0.226902;4.57158;
0.226922;4.57193;
0.226942;4.57228;
0.226962;4.57262;
0.226982;4.57297;
0.227002;4.57332;
0.227022;4.57367;
0.227042;4.57402;
0.227062;4.57437;
0.227082;4.57472;
0.227102;4.57507;
0.227122;4.57542;
0.227142;4.57577;
0.227162;4.57612;
0.227182;4.57647;
0.227202;4.57683;
0.227222;4.57718;
0.227242;4.57753;
0.227262;4.57788;
0.227282;4.57824;
0.227302;4.57859;
0.227322;4.57894;
0.227342;4.5793;
0.227362;4.57965;
0.227382;4.58001;
0.227402;4.58036;
0.227422;4.58071;
0.227442;4.58107;
0.227462;4.58143;
0.227482;4.58178;
0.227502;4.58214;
0.227522;4.58249;
0.227542;4.58285;
0.227562;4.58321;
0.227582;4.58356;
0.227602;4.58392;
0.227622;4.58428;
0.227642;4.58464;
0.227662;4.585;
0.227682;4.58535;
0.227702;4.58571;
0.227722;4.58607;
0.227742;4.58643;
0.227762;4.58679;
0.227782;4.58715;
0.227802;4.58751;
0.227822;4.58787;
0.227842;4.58823;
0.227862;4.5886;
0.227882;4.58896;
0.227902;4.58932;
0.227922;4.58968;
0.227942;4.59004;
0.227962;4.59041;
0.227982;4.59077;
0.228;4.59109;
0.228;4.59109;
0.228;4.59109;
0.228001;4.5911;
0.228001;4.59111;
0.228001;4.59111;
0.228001;4.59111;
0.228002;4.59112;
0.228002;4.59113;
0.228003;4.59114;
0.228003;4.59115;
0.228004;4.59117;
0.228007;4.59121;
0.228009;4.59124;
0.228011;4.59126;
0.228013;4.59129;
0.228015;4.59132;
0.228019;4.59137;
0.228027;4.59149;
0.228042;4.59168;
0.228057;4.59189;
0.228071;4.59208;
0.228086;4.59227;
0.228106;4.59254;
0.228126;4.59281;
0.228146;4.59308;
0.228166;4.59335;
0.228186;4.59362;
0.228206;4.59389;
0.228226;4.59416;
0.228246;4.59444;
0.228266;4.59471;
0.228286;4.59498;
0.228306;4.59526;
0.228326;4.59553;
0.228346;4.5958;
0.228366;4.59608;
0.228386;4.59635;
0.228406;4.59663;
0.228426;4.5969;
0.228446;4.59718;
0.228466;4.59745;
0.228486;4.59773;
0.228506;4.59801;
0.228526;4.59828;
0.228546;4.59856;
0.228566;4.59884;
0.228586;4.59912;
0.228606;4.5994;
0.228626;4.59967;
0.228646;4.59995;
0.228666;4.60023;
0.228686;4.60051;
0.228706;4.60079;
0.228726;4.60107;
0.228746;4.60135;
0.228766;4.60163;
0.228786;4.60192;
0.228806;4.6022;
0.228826;4.60248;
0.228846;4.60276;
0.228866;4.60304;
0.228886;4.60333;
0.228906;4.60361;
0.228926;4.60389;
0.228946;4.60418;
0.228966;4.60446;
0.228986;4.60475;
0.229006;4.60503;
0.229026;4.60532;
0.229046;4.6056;
0.229066;4.60589;
0.229086;4.60618;
0.229106;4.60646;
0.229126;4.60675;
0.229146;4.60704;
0.229166;4.60732;
0.229186;4.60761;
0.229206;4.6079;
0.229226;4.60819;
0.229246;4.60848;
0.229266;4.60877;
0.229286;4.60906;
0.229306;4.60935;
0.229326;4.60964;
0.229346;4.60993;
0.229366;4.61022;
0.229386;4.61051;
0.229406;4.6108;
0.229426;4.61109;
0.229446;4.61138;
0.229466;4.61168;
0.229486;4.61197;
0.229506;4.61226;
0.229526;4.61255;
0.229546;4.61285;
0.229566;4.61314;
0.229586;4.61344;
0.229606;4.61373;
0.229626;4.61403;
0.229646;4.61432;
0.229666;4.61462;
0.229686;4.61491;
0.229706;4.61521;
0.229726;4.61551;
0.229746;4.6158;
0.229766;4.6161;
0.229786;4.6164;
0.229806;4.6167;
0.229826;4.61699;
0.229846;4.61729;
0.229866;4.61759;
0.229886;4.61789;
0.229906;4.61819;
0.229926;4.61849;
0.229946;4.61879;
0.229966;4.61909;
0.229986;4.61939;
0.230001;4.61962;
0.230001;4.61962;
0.230001;4.61963;
0.230002;4.61963;
0.230002;4.61964;
0.230002;4.61964;
0.230002;4.61964;
0.230003;4.61965;
0.230003;4.61966;
0.230004;4.61968;
0.230007;4.61971;
0.230012;4.61979;
0.230022;4.61995;
0.230042;4.62025;
0.230062;4.62055;
0.230082;4.62085;
0.230102;4.62115;
0.230122;4.62146;
0.230142;4.62176;
0.230162;4.62206;
0.230182;4.62237;
0.230202;4.62267;
0.230222;4.62298;
0.230242;4.62328;
0.230262;4.62359;
0.230282;4.62389;
0.230302;4.6242;
0.230322;4.6245;
0.230342;4.62481;
0.230362;4.62512;
0.230382;4.62542;
0.230402;4.62573;
0.230422;4.62604;
0.230442;4.62635;
0.230462;4.62665;
0.230482;4.62696;
0.230502;4.62727;
0.230522;4.62758;
0.230542;4.62789;
0.230562;4.6282;
0.230582;4.62851;
0.230602;4.62882;
0.230622;4.62913;
0.230642;4.62944;
0.230662;4.62975;
0.230682;4.63007;
0.230702;4.63038;
0.230722;4.63069;
0.230742;4.631;
0.230762;4.63131;
0.230782;4.63163;
0.230802;4.63194;
0.230822;4.63226;
0.230842;4.63257;
0.230862;4.63288;
0.230882;4.6332;
0.230902;4.63351;
0.230922;4.63383;
0.230942;4.63414;
0.230962;4.63446;
0.230982;4.63478;
0.231002;4.63509;
0.231022;4.63541;
0.231042;4.63573;
0.231062;4.63604;
0.231082;4.63636;
0.231102;4.63668;
0.231122;4.637;
0.231142;4.63732;
0.231162;4.63764;
0.231182;4.63796;
0.231202;4.63828;
0.231222;4.6386;
0.231242;4.63892;
0.231262;4.63924;
0.231282;4.63956;
0.231302;4.63988;
0.231322;4.6402;
0.231342;4.64052;
0.231362;4.64084;
0.231382;4.64117;
0.231402;4.64149;
0.231422;4.64181;
0.231442;4.64214;
0.231462;4.64246;
0.231482;4.64278;
0.231502;4.64311;
0.231522;4.64343;
0.231542;4.64376;
0.231562;4.64408;
0.231582;4.64441;
0.231602;4.64473;
0.231622;4.64506;
0.231642;4.64538;
0.231662;4.64571;
0.231682;4.64604;
0.231702;4.64636;
0.231722;4.64669;
0.231742;4.64702;
0.231762;4.64735;
0.231782;4.64768;
0.231802;4.64801;
0.231822;4.64833;
0.231842;4.64866;
0.231862;4.64899;
0.231882;4.64932;
0.231902;4.64965;
0.231922;4.64998;
0.231942;4.65031;
0.231962;4.65065;
0.231982;4.65098;
0.232;4.65127;
0.232;4.65127;
0.232;4.65127;
0.232001;4.65128;
0.232001;4.65129;
0.232001;4.65129;
0.232001;4.65129;
0.232002;4.65129;
0.232002;4.6513;
0.232003;4.65133;
0.232006;4.65137;
0.232011;4.65145;
0.232021;4.65162;
0.232041;4.65196;
0.232061;4.65229;
0.232081;4.65262;
0.232101;4.65295;
0.23212;4.65326;
0.23214;4.65359;
0.23216;4.65392;
0.23218;4.65426;
0.2322;4.65459;
0.23222;4.65493;
0.23224;4.65526;
0.23226;4.6556;
0.23228;4.65593;
0.2323;4.65627;
0.23232;4.65661;
0.23234;4.65694;
0.23236;4.65728;
0.23238;4.65762;
0.2324;4.65795;
0.23242;4.65829;
0.23244;4.65863;
0.23246;4.65897;
0.23248;4.65931;
0.2325;4.65965;
0.23252;4.65999;
0.23254;4.66032;
0.23256;4.66066;
0.23258;4.661;
0.2326;4.66134;
0.23262;4.66169;
0.23264;4.66203;
0.23266;4.66237;
0.23268;4.66271;
0.2327;4.66305;
0.23272;4.66339;
0.23274;4.66374;
0.23276;4.66408;
0.23278;4.66442;
0.2328;4.66476;
0.23282;4.66511;
0.23284;4.66545;
0.23286;4.6658;
0.23288;4.66614;
0.2329;4.66649;
0.23292;4.66683;
0.23294;4.66718;
0.23296;4.66752;
0.23298;4.66787;
0.233;4.66821;
0.23302;4.66856;
0.23304;4.66891;
0.23306;4.66925;
0.23308;4.6696;
0.2331;4.66995;
0.23312;4.6703;
0.23314;4.67064;
0.23316;4.67099;
0.23318;4.67134;
0.2332;4.67169;
0.23322;4.67204;
0.23324;4.67239;
0.23326;4.67274;
0.23328;4.67309;
0.2333;4.67344;
0.23332;4.67379;
0.23334;4.67414;
0.23336;4.67449;
0.23338;4.67484;
0.2334;4.6752;
0.23342;4.67555;
0.23344;4.6759;
0.23346;4.67625;
0.23348;4.67661;
0.2335;4.67696;
0.23352;4.67731;
0.23354;4.67767;
0.23356;4.67802;
0.23358;4.67837;
0.2336;4.67873;
0.23362;4.67908;
0.23364;4.67944;
0.23366;4.67979;
0.23368;4.68015;
0.2337;4.68051;
0.23372;4.68086;
0.23374;4.68122;
0.23376;4.68158;
0.23378;4.68193;
0.2338;4.68229;
0.23382;4.68265;
0.23384;4.68301;
0.23386;4.68336;
0.23388;4.68372;
0.2339;4.68408;
0.23392;4.68444;
0.23394;4.6848;
0.23396;4.68516;
0.23398;4.68552;
0.234;4.68588;
0.234001;4.68591;
0.234001;4.68591;
0.234001;4.68591;
0.234002;4.68592;
0.234002;4.68593;
0.234002;4.68593;
0.234002;4.68593;
0.234003;4.68594;
0.234003;4.68595;
0.234004;4.68597;
0.234007;4.68602;
0.234012;4.68611;
0.234022;4.68629;
0.234042;4.68665;
0.234062;4.68701;
0.234082;4.68738;
0.234102;4.68774;
0.234122;4.6881;
0.234142;4.68846;
0.234162;4.68882;
0.234182;4.68919;
0.234202;4.68955;
0.234222;4.68991;
0.234242;4.69028;
0.234262;4.69064;
0.234282;4.691;
0.234302;4.69137;
0.234322;4.69173;
0.234342;4.6921;
0.234362;4.69246;
0.234382;4.69283;
0.234402;4.69319;
0.234422;4.69356;
0.234442;4.69393;
0.234462;4.69429;
0.234482;4.69466;
0.234502;4.69503;
0.234522;4.69539;
0.234542;4.69576;
0.234562;4.69613;
0.234582;4.6965;
0.234602;4.69687;
0.234622;4.69724;
0.234642;4.6976;
0.234662;4.69797;
0.234682;4.69834;
0.234702;4.69871;
0.234722;4.69908;
0.234742;4.69945;
0.234762;4.69982;
0.234782;4.70019;
0.234802;4.70057;
0.234822;4.70094;
0.234842;4.70131;
0.234862;4.70168;
0.234882;4.70205;
0.234902;4.70243;
0.234922;4.7028;
0.234942;4.70317;
0.234962;4.70354;
0.234982;4.70392;
0.235002;4.70429;
0.235022;4.70467;
0.235042;4.70504;
0.235062;4.70541;
0.235082;4.70579;
0.235102;4.70616;
0.235122;4.70654;
0.235142;4.70692;
0.235162;4.70729;
0.235182;4.70767;
0.235202;4.70804;
0.235222;4.70842;
0.235242;4.7088;
0.235262;4.70918;
0.235282;4.70955;
0.235302;4.70993;
0.235322;4.71031;
0.235342;4.71069;
0.235362;4.71107;
0.235382;4.71144;
0.235402;4.71182;
0.235422;4.7122;
0.235442;4.71258;
0.235462;4.71296;
0.235482;4.71334;
0.235502;4.71372;
0.235522;4.7141;
0.235542;4.71448;
0.235562;4.71487;
0.235582;4.71525;
0.235602;4.71563;
0.235622;4.71601;
0.235642;4.71639;
0.235662;4.71678;
0.235682;4.71716;
0.235702;4.71754;
0.235722;4.71792;
0.235742;4.71831;
0.235762;4.71869;
0.235782;4.71908;
0.235802;4.71946;
0.235822;4.71984;
0.235842;4.72023;
0.235862;4.72061;
0.235882;4.721;
0.235902;4.72139;
0.235922;4.72177;
0.235942;4.72216;
0.235957;4.72242;
0.235972;4.72261;
0.235983;4.72273;
0.235993;4.72285;
0.236;4.72293;
0.236;4.72293;
0.236;4.72293;
0.236001;4.72294;
0.236001;4.72294;
0.236001;4.72294;
0.236001;4.72294;
0.236002;4.72294;
0.236002;4.72295;
0.236003;4.72297;
0.236006;4.72299;
0.236011;4.72305;
0.236021;4.72317;
0.236041;4.72339;
0.236061;4.72361;
0.236081;4.72384;
0.236101;4.72406;
0.236121;4.72428;
0.236141;4.72451;
0.236161;4.72474;
0.236181;4.72496;
0.236201;4.72519;
0.236221;4.72541;
0.236241;4.72564;
0.236261;4.72587;
0.236281;4.72609;
0.236301;4.72632;
0.236321;4.72655;
0.236341;4.72678;
0.236361;4.72701;
0.236381;4.72724;
0.236401;4.72747;
0.236421;4.7277;
0.236441;4.72793;
0.236461;4.72816;
0.236481;4.72839;
0.236501;4.72862;
0.236521;4.72885;
0.236541;4.72908;
0.236561;4.72931;
0.236581;4.72955;
0.236601;4.72978;
0.236621;4.73001;
0.236641;4.73025;
0.236661;4.73048;
0.236681;4.73071;
0.236701;4.73095;
0.236721;4.73118;
0.236741;4.73142;
0.236761;4.73166;
0.236781;4.73189;
0.236801;4.73213;
0.236821;4.73236;
0.236841;4.7326;
0.236861;4.73284;
0.236881;4.73308;
0.236901;4.73332;
0.236921;4.73355;
0.236941;4.73379;
0.236961;4.73403;
0.236981;4.73427;
0.237001;4.73451;
0.237021;4.73475;
0.237041;4.73499;
0.237061;4.73523;
0.237081;4.73547;
0.237101;4.73572;
0.237121;4.73596;
0.237141;4.7362;
0.237161;4.73644;
0.237181;4.73669;
0.237201;4.73693;
0.237221;4.73717;
0.237241;4.73742;
0.237261;4.73766;
0.237281;4.73791;
0.237301;4.73815;
0.237321;4.7384;
0.237341;4.73864;
0.237361;4.73889;
0.237381;4.73913;
0.237401;4.73938;
0.237421;4.73963;
0.237441;4.73988;
0.237461;4.74012;
0.237481;4.74037;
0.237501;4.74062;
0.237521;4.74087;
0.237541;4.74112;
0.237561;4.74137;
0.237581;4.74162;
0.237601;4.74187;
0.237621;4.74212;
0.237641;4.74237;
0.237661;4.74262;
0.237681;4.74287;
0.237701;4.74312;
0.237721;4.74337;
0.237741;4.74363;
0.237761;4.74388;
0.237781;4.74413;
0.237801;4.74439;
0.237821;4.74464;
0.237841;4.74489;
0.237861;4.74515;
0.237881;4.7454;
0.237901;4.74566;
0.237921;4.74591;
0.237941;4.74617;
0.237961;4.74643;
0.237981;4.74668;
0.238001;4.74693;
0.238001;4.74694;
0.238001;4.74694;
0.238002;4.74694;
0.238002;4.74695;
0.238002;4.74695;
0.238002;4.74695;
0.238003;4.74695;
0.238003;4.74696;
0.238004;4.74698;
0.238007;4.74701;
0.238012;4.74708;
0.238022;4.74721;
0.238042;4.74747;
0.238062;4.74773;
0.238082;4.74798;
0.238102;4.74824;
0.238122;4.7485;
0.238142;4.74876;
0.238162;4.74902;
0.238182;4.74928;
0.238202;4.74954;
0.238222;4.7498;
0.238242;4.75006;
0.238262;4.75032;
0.238282;4.75058;
0.238302;4.75085;
0.238322;4.75111;
0.238342;4.75137;
0.238362;4.75163;
0.238382;4.7519;
0.238402;4.75216;
0.238422;4.75242;
0.238442;4.75269;
0.238462;4.75295;
0.238482;4.75322;
0.238502;4.75348;
0.238522;4.75375;
0.238542;4.75401;
0.238562;4.75428;
0.238582;4.75455;
0.238602;4.75481;
0.238622;4.75508;
0.238642;4.75535;
0.238662;4.75561;
0.238682;4.75588;
0.238702;4.75615;
0.238722;4.75642;
0.238742;4.75669;
0.238762;4.75696;
0.238782;4.75723;
0.238802;4.7575;
0.238822;4.75777;
0.238842;4.75804;
0.238862;4.75831;
0.238882;4.75858;
0.238902;4.75885;
0.238922;4.75912;
0.238942;4.7594;
0.238962;4.75967;
0.238982;4.75994;
0.239002;4.76022;
0.239022;4.76049;
0.239042;4.76076;
0.239062;4.76104;
0.239082;4.76131;
0.239102;4.76159;
0.239122;4.76186;
0.239142;4.76214;
0.239162;4.76241;
0.239182;4.76269;
0.239202;4.76297;
0.239222;4.76324;
0.239242;4.76352;
0.239262;4.7638;
0.239282;4.76407;
0.239302;4.76435;
0.239322;4.76463;
0.239342;4.76491;
0.239362;4.76519;
0.239382;4.76547;
0.239402;4.76575;
0.239422;4.76603;
0.239442;4.76631;
0.239462;4.76659;
0.239482;4.76687;
0.239502;4.76715;
0.239522;4.76743;
0.239542;4.76771;
0.239562;4.768;
0.239582;4.76828;
0.239602;4.76856;
0.239622;4.76884;
0.239642;4.76913;
0.239662;4.76941;
0.239682;4.7697;
0.239702;4.76998;
0.239722;4.77026;
0.239742;4.77055;
0.239762;4.77084;
0.239782;4.77112;
0.239802;4.77141;
0.239822;4.77169;
0.239842;4.77198;
0.239862;4.77227;
0.239882;4.77255;
0.239902;4.77284;
0.239922;4.77313;
0.239942;4.77342;
0.239962;4.77371;
0.239982;4.77399;
0.24;4.77425;
0.24;4.77425;
0.24;4.77425;
0.240001;4.77426;
0.240001;4.77426;
0.240001;4.77426;
0.240001;4.77427;
0.240002;4.77427;
0.240002;4.77428;
0.240003;4.7743;
0.240006;4.77434;
0.240011;4.77441;
0.240021;4.77456;
0.240041;4.77485;
0.240061;4.77514;
0.240081;4.77543;
0.240101;4.77572;
0.240121;4.77601;
0.240141;4.7763;
0.240161;4.77659;
0.240181;4.77688;
0.240201;4.77718;
0.240221;4.77747;
0.240241;4.77776;
0.240261;4.77806;
0.240281;4.77835;
0.240301;4.77864;
0.240321;4.77894;
0.240341;4.77923;
0.240361;4.77953;
0.240381;4.77982;
0.240401;4.78012;
0.240421;4.78041;
0.240441;4.78071;
0.240461;4.781;
0.240481;4.7813;
0.240501;4.7816;
0.240521;4.78189;
0.240541;4.78219;
0.240561;4.78249;
0.240581;4.78279;
0.240601;4.78309;
0.240621;4.78338;
0.240641;4.78368;
0.240661;4.78398;
0.240681;4.78428;
0.240701;4.78458;
0.240721;4.78488;
0.240741;4.78518;
0.240761;4.78548;
0.240781;4.78578;
0.240801;4.78609;
0.240821;4.78639;
0.240841;4.78669;
0.240861;4.78699;
0.240881;4.78729;
0.240901;4.7876;
0.240921;4.7879;
0.240941;4.7882;
0.240961;4.78851;
0.240981;4.78881;
0.241001;4.78912;
0.241021;4.78942;
0.241041;4.78973;
0.241061;4.79003;
0.241081;4.79034;
0.241101;4.79064;
0.241121;4.79095;
0.241141;4.79126;
0.241161;4.79156;
0.241181;4.79187;
0.241201;4.79218;
0.241221;4.79248;
0.241241;4.79279;
0.241261;4.7931;
0.241281;4.79341;
0.241301;4.79372;
0.241321;4.79403;
0.241341;4.79434;
0.241361;4.79465;
0.241381;4.79496;
0.241401;4.79527;
0.241421;4.79558;
0.241441;4.79589;
0.241461;4.7962;
0.241481;4.79651;
0.241501;4.79682;
0.241521;4.79714;
0.241541;4.79745;
0.241561;4.79776;
0.241581;4.79807;
0.241601;4.79839;
0.241621;4.7987;
0.241641;4.79901;
0.241661;4.79933;
0.241681;4.79964;
0.241701;4.79996;
0.241721;4.80027;
0.241741;4.80059;
0.241761;4.8009;
0.241781;4.80122;
0.241801;4.80154;
0.241821;4.80185;
0.241841;4.80217;
0.241861;4.80249;
0.241881;4.8028;
0.241901;4.80312;
0.241921;4.80344;
0.241941;4.80376;
0.241961;4.80408;
0.241981;4.8044;
0.242001;4.80471;
0.242001;4.80471;
0.242001;4.80471;
0.242002;4.80472;
0.242002;4.80473;
0.242002;4.80473;
0.242002;4.80473;
0.242003;4.80473;
0.242003;4.80474;
0.242004;4.80476;
0.242007;4.80481;
0.242012;4.80489;
0.242022;4.80505;
0.242042;4.80537;
0.242062;4.80569;
0.242082;4.80601;
0.242102;4.80633;
0.242122;4.80665;
0.242142;4.80697;
0.242162;4.8073;
0.242182;4.80762;
0.242202;4.80794;
0.242222;4.80826;
0.242242;4.80858;
0.242262;4.80891;
0.242282;4.80923;
0.242302;4.80955;
0.242322;4.80988;
0.242342;4.8102;
0.242362;4.81053;
0.242382;4.81085;
0.242402;4.81118;
0.242422;4.8115;
0.242442;4.81183;
0.242462;4.81215;
0.242482;4.81248;
0.242502;4.81281;
0.242522;4.81313;
0.242542;4.81346;
0.242562;4.81379;
0.242582;4.81411;
0.242602;4.81444;
0.242622;4.81477;
0.242642;4.8151;
0.242662;4.81543;
0.242682;4.81576;
0.242702;4.81609;
0.242722;4.81642;
0.242742;4.81675;
0.242762;4.81708;
0.242782;4.81741;
0.242802;4.81774;
0.242822;4.81807;
0.242842;4.8184;
0.242862;4.81873;
0.242882;4.81906;
0.242902;4.81939;
0.242922;4.81973;
0.242942;4.82006;
0.242962;4.82039;
0.242982;4.82073;
0.243002;4.82106;
0.243022;4.82139;
0.243042;4.82173;
0.243062;4.82206;
0.243082;4.8224;
0.243102;4.82273;
0.243122;4.82307;
0.243142;4.8234;
0.243162;4.82374;
0.243182;4.82407;
0.243202;4.82441;
0.243222;4.82475;
0.243242;4.82508;
0.243262;4.82542;
0.243282;4.82576;
0.243302;4.8261;
0.243322;4.82643;
0.243342;4.82677;
0.243362;4.82711;
0.243382;4.82745;
0.243402;4.82779;
0.243422;4.82813;
0.243442;4.82847;
0.243462;4.82881;
0.243482;4.82915;
0.243502;4.82949;
0.243522;4.82983;
0.243542;4.83017;
0.243562;4.83051;
0.243582;4.83085;
0.243602;4.8312;
0.243622;4.83154;
0.243642;4.83188;
0.243662;4.83222;
0.243682;4.83257;
0.243702;4.83291;
0.243722;4.83325;
0.243742;4.8336;
0.243762;4.83394;
0.243782;4.83429;
0.243802;4.83463;
0.243822;4.83497;
0.243842;4.83532;
0.243862;4.83567;
0.243882;4.83601;
0.243902;4.83636;
0.243922;4.8367;
0.243942;4.83705;
0.243962;4.8374;
0.243977;4.83762;
0.24399;4.83776;
0.244;4.83784;
0.244;4.83784;
0.244;4.83784;
0.244001;4.83785;
0.244001;4.83785;
0.244001;4.83785;
0.244001;4.83785;
0.244002;4.83785;
0.244002;4.83786;
0.244003;4.83787;
0.244006;4.83789;
0.244011;4.83793;
0.244021;4.83802;
0.244041;4.83818;
0.244061;4.83834;
0.244081;4.83851;
0.244101;4.83867;
0.244121;4.83884;
0.244141;4.839;
0.244161;4.83917;
0.244181;4.83934;
0.244201;4.8395;
0.244221;4.83967;
0.244241;4.83984;
0.244261;4.84;
0.244281;4.84017;
0.244301;4.84034;
0.244321;4.84051;
0.244341;4.84068;
0.244361;4.84085;
0.244381;4.84102;
0.244401;4.84119;
0.244421;4.84136;
0.244441;4.84153;
0.244461;4.8417;
0.244481;4.84187;
0.244501;4.84205;
0.244521;4.84222;
0.244541;4.84239;
0.244561;4.84257;
0.244581;4.84274;
0.244601;4.84291;
0.244621;4.84309;
0.244641;4.84326;
0.244661;4.84344;
0.244681;4.84361;
0.244701;4.84379;
0.244721;4.84397;
0.244741;4.84414;
0.244761;4.84432;
0.244781;4.8445;
0.244801;4.84468;
0.244821;4.84485;
0.244841;4.84503;
0.244861;4.84521;
0.244881;4.84539;
0.244901;4.84557;
0.244921;4.84575;
0.244941;4.84593;
0.244961;4.84611;
0.244981;4.84629;
0.245001;4.84647;
0.245021;4.84666;
0.245041;4.84684;
0.245061;4.84702;
0.245081;4.8472;
0.245101;4.84739;
0.245121;4.84757;
0.245141;4.84776;
0.245161;4.84794;
0.245181;4.84813;
0.245201;4.84831;
0.245221;4.8485;
0.245241;4.84868;
0.245261;4.84887;
0.245281;4.84906;
0.245301;4.84924;
0.245321;4.84943;
0.245341;4.84962;
0.245361;4.84981;
0.245381;4.84999;
0.245401;4.85018;
0.245421;4.85037;
0.245441;4.85056;
0.245461;4.85075;
0.245481;4.85094;
0.245501;4.85113;
0.245521;4.85132;
0.245541;4.85152;
0.245561;4.85171;
0.245581;4.8519;
0.245601;4.85209;
0.245621;4.85229;
0.245641;4.85248;
0.245661;4.85267;
0.245681;4.85287;
0.245701;4.85306;
0.245721;4.85326;
0.245741;4.85345;
0.245761;4.85365;
0.245781;4.85384;
0.245801;4.85404;
0.245821;4.85424;
0.245841;4.85443;
0.245861;4.85463;
0.245881;4.85483;
0.245901;4.85503;
0.245921;4.85522;
0.245941;4.85542;
0.245961;4.85562;
0.245981;4.85582;
0.246001;4.85602;
0.246001;4.85602;
0.246001;4.85602;
0.246002;4.85602;
0.246002;4.85603;
0.246002;4.85603;
0.246002;4.85603;
0.246003;4.85603;
0.246003;4.85604;
0.246004;4.85605;
0.246007;4.85608;
0.246012;4.85613;
0.246022;4.85623;
0.246042;4.85643;
0.246062;4.85663;
0.246082;4.85683;
0.246102;4.85704;
0.246122;4.85724;
0.246142;4.85744;
0.246162;4.85764;
0.246182;4.85785;
0.246202;4.85805;
0.246222;4.85825;
0.246242;4.85846;
0.246262;4.85866;
0.246282;4.85887;
0.246302;4.85907;
0.246322;4.85928;
0.246342;4.85948;
0.246362;4.85969;
0.246382;4.8599;
0.246402;4.8601;
0.246422;4.86031;
0.246442;4.86052;
0.246462;4.86073;
0.246482;4.86093;
0.246502;4.86114;
0.246522;4.86135;
0.246542;4.86156;
0.246562;4.86177;
0.246582;4.86198;
0.246602;4.86219;
0.246622;4.8624;
0.246642;4.86261;
0.246662;4.86283;
0.246682;4.86304;
0.246702;4.86325;
0.246722;4.86346;
0.246742;4.86367;
0.246762;4.86389;
0.246782;4.8641;
0.246802;4.86432;
0.246822;4.86453;
0.246842;4.86474;
0.246862;4.86496;
0.246882;4.86518;
0.246902;4.86539;
0.246922;4.86561;
0.246942;4.86582;
0.246962;4.86604;
0.246982;4.86626;
0.247002;4.86647;
0.247022;4.86669;
0.247042;4.86691;
0.247062;4.86713;
0.247082;4.86735;
0.247102;4.86757;
0.247122;4.86779;
0.247142;4.86801;
0.247162;4.86823;
0.247182;4.86845;
0.247202;4.86867;
0.247222;4.86889;
0.247242;4.86911;
0.247262;4.86933;
0.247282;4.86956;
0.247302;4.86978;
0.247322;4.87;
0.247342;4.87023;
0.247362;4.87045;
0.247382;4.87067;
0.247402;4.8709;
0.247422;4.87112;
0.247442;4.87135;
0.247462;4.87157;
0.247482;4.8718;
0.247502;4.87202;
0.247522;4.87225;
0.247542;4.87248;
0.247562;4.8727;
0.247582;4.87293;
0.247602;4.87316;
0.247622;4.87339;
0.247642;4.87362;
0.247662;4.87385;
0.247682;4.87407;
0.247702;4.8743;
0.247722;4.87453;
0.247742;4.87476;
0.247762;4.87499;
0.247782;4.87523;
0.247802;4.87546;
0.247822;4.87569;
0.247842;4.87592;
0.247862;4.87615;
0.247882;4.87638;
0.247902;4.87662;
0.247922;4.87685;
0.247942;4.87708;
0.247962;4.87732;
0.247982;4.87755;
0.248;4.87776;
0.248;4.87776;
0.248;4.87776;
0.248001;4.87777;
0.248001;4.87777;
0.248001;4.87777;
0.248001;4.87777;
0.248002;4.87778;
0.248002;4.87778;
0.248003;4.8778;
0.248006;4.87783;
0.248011;4.87789;
0.248021;4.87801;
0.248041;4.87825;
0.248061;4.87848;
0.248081;4.87872;
0.248101;4.87895;
0.248121;4.87919;
0.248141;4.87943;
0.248161;4.87966;
0.248181;4.8799;
0.248201;4.88014;
0.248221;4.88038;
0.248241;4.88062;
0.248261;4.88086;
0.248281;4.88109;
0.248301;4.88133;
0.248321;4.88157;
0.248341;4.88181;
0.248361;4.88205;
0.248381;4.8823;
0.248401;4.88254;
0.248421;4.88278;
0.248441;4.88302;
0.248461;4.88326;
0.248481;4.8835;
0.248501;4.88375;
0.248521;4.88399;
0.248541;4.88423;
0.248561;4.88448;
0.248581;4.88472;
0.248601;4.88497;
0.248621;4.88521;
0.248641;4.88546;
0.248661;4.8857;
0.248681;4.88595;
0.248701;4.88619;
0.248721;4.88644;
0.248741;4.88669;
0.248761;4.88694;
0.248781;4.88718;
0.248801;4.88743;
0.248821;4.88768;
0.248841;4.88793;
0.248861;4.88818;
0.248881;4.88843;
0.248901;4.88867;
0.248921;4.88892;
0.248941;4.88917;
0.248961;4.88943;
0.248981;4.88968;
0.249001;4.88993;
0.249021;4.89018;
0.249041;4.89043;
0.249061;4.89068;
0.249081;4.89093;
0.249101;4.89119;
0.249121;4.89144;
0.249141;4.89169;
0.249161;4.89195;
0.249181;4.8922;
0.249201;4.89246;
0.249221;4.89271;
0.249241;4.89297;
0.249261;4.89322;
0.249281;4.89348;
0.249301;4.89373;
0.249321;4.89399;
0.249341;4.89424;
0.249361;4.8945;
0.249381;4.89476;
0.249401;4.89502;
0.249421;4.89527;
0.249441;4.89553;
0.249461;4.89579;
0.249481;4.89605;
0.249501;4.89631;
0.249521;4.89657;
0.249541;4.89683;
0.249561;4.89709;
0.249581;4.89735;
0.249601;4.89761;
0.249621;4.89787;
0.249641;4.89813;
0.249661;4.89839;
0.249681;4.89866;
0.249701;4.89892;
0.249721;4.89918;
0.249741;4.89944;
0.249761;4.89971;
0.249781;4.89997;
0.249801;4.90023;
0.249821;4.9005;
0.249841;4.90076;
0.249861;4.90103;
0.249881;4.90129;
0.249901;4.90156;
0.249921;4.90182;
0.249941;4.90209;
0.249961;4.90236;
0.249981;4.90262;
0.250001;4.90289;
0.250001;4.90289;
0.250001;4.90289;
0.250002;4.9029;
0.250002;4.9029;
0.250002;4.9029;
0.250002;4.9029;
0.250003;4.90291;
0.250003;4.90292;
0.250004;4.90293;
0.250007;4.90297;
0.250012;4.90304;
0.250022;4.90317;
0.250042;4.90344;
0.250062;4.90371;
0.250082;4.90398;
0.250102;4.90424;
0.250122;4.90451;
0.250142;4.90478;
0.250162;4.90505;
0.250182;4.90532;
0.250202;4.90559;
0.250222;4.90586;
0.250242;4.90613;
0.250262;4.90641;
0.250282;4.90668;
0.250302;4.90695;
0.250322;4.90722;
0.250342;4.90749;
0.250362;4.90777;
0.250382;4.90804;
0.250402;4.90831;
0.250422;4.90859;
0.250442;4.90886;
0.250462;4.90913;
0.250482;4.90941;
0.250502;4.90968;
0.250522;4.90996;
0.250542;4.91023;
0.250562;4.91051;
0.250582;4.91079;
0.250602;4.91106;
0.250622;4.91134;
0.250642;4.91162;
0.250662;4.91189;
0.250682;4.91217;
0.250702;4.91245;
0.250722;4.91273;
0.250742;4.91301;
0.250762;4.91329;
0.250782;4.91356;
0.250802;4.91384;
0.250822;4.91412;
0.250842;4.9144;
0.250862;4.91468;
0.250882;4.91497;
0.250902;4.91525;
0.250922;4.91553;
0.250942;4.91581;
0.250962;4.91609;
0.250982;4.91637;
0.251002;4.91666;
0.251022;4.91694;
0.251042;4.91722;
0.251062;4.91751;
0.251082;4.91779;
0.251102;4.91807;
0.251122;4.91836;
0.251142;4.91864;
0.251162;4.91893;
0.251182;4.91921;
0.251202;4.9195;
0.251222;4.91978;
0.251242;4.92007;
0.251262;4.92036;
0.251282;4.92064;
0.251302;4.92093;
0.251322;4.92122;
0.251342;4.92151;
0.251362;4.92179;
0.251382;4.92208;
0.251402;4.92237;
0.251422;4.92266;
0.251442;4.92295;
0.251462;4.92324;
0.251482;4.92353;
0.251502;4.92382;
0.251522;4.92411;
0.251542;4.9244;
0.251562;4.92469;
0.251582;4.92498;
0.251602;4.92527;
0.251622;4.92557;
0.251642;4.92586;
0.251662;4.92615;
0.251682;4.92644;
0.251702;4.92674;
0.251722;4.92703;
0.251742;4.92732;
0.251762;4.92762;
0.251782;4.92791;
0.251802;4.92821;
0.251822;4.9285;
0.251842;4.9288;
0.251862;4.92909;
0.251882;4.92939;
0.251902;4.92968;
0.251922;4.92998;
0.251942;4.93028;
0.251962;4.93057;
0.251982;4.93087;
0.252;4.93113;
0.252;4.93113;
0.252;4.93113;
0.252001;4.93114;
0.252001;4.93114;
0.252001;4.93115;
0.252001;4.93115;
0.252002;4.93115;
0.252002;4.93116;
0.252003;4.93118;
0.252006;4.93121;
0.252008;4.93123;
0.252011;4.93126;
0.252013;4.93128;
0.252018;4.93133;
0.252025;4.9314;
0.252039;4.93154;
0.25205;4.93166;
0.252062;4.93177;
0.252074;4.9319;
0.252094;4.9321;
0.252114;4.9323;
0.252134;4.9325;
0.252154;4.93271;
0.252174;4.93291;
0.252194;4.93311;
0.252214;4.93332;
0.252234;4.93352;
0.252254;4.93372;
0.252274;4.93393;
0.252294;4.93413;
0.252314;4.93434;
0.252334;4.93455;
0.252354;4.93475;
0.252374;4.93496;
0.252394;4.93517;
0.252414;4.93537;
0.252434;4.93558;
0.252454;4.93579;
0.252474;4.936;
0.252494;4.93621;
0.252514;4.93641;
0.252534;4.93662;
0.252554;4.93683;
0.252574;4.93704;
0.252594;4.93725;
0.252614;4.93746;
0.252634;4.93768;
0.252654;4.93789;
0.252674;4.9381;
0.252694;4.93831;
0.252714;4.93852;
0.252734;4.93874;
0.252754;4.93895;
0.252774;4.93916;
0.252794;4.93938;
0.252814;4.93959;
0.252834;4.93981;
0.252854;4.94002;
0.252874;4.94024;
0.252894;4.94045;
0.252914;4.94067;
0.252934;4.94088;
0.252954;4.9411;
0.252974;4.94132;
0.252994;4.94153;
0.253014;4.94175;
0.253034;4.94197;
0.253054;4.94219;
0.253074;4.94241;
0.253094;4.94263;
0.253114;4.94284;
0.253134;4.94306;
0.253154;4.94328;
0.253174;4.9435;
0.253194;4.94373;
0.253214;4.94395;
0.253234;4.94417;
0.253254;4.94439;
0.253274;4.94461;
0.253294;4.94483;
0.253314;4.94506;
0.253334;4.94528;
0.253354;4.9455;
0.253374;4.94573;
0.253394;4.94595;
0.253414;4.94617;
0.253434;4.9464;
0.253454;4.94662;
0.253474;4.94685;
0.253494;4.94708;
0.253514;4.9473;
0.253534;4.94753;
0.253554;4.94775;
0.253574;4.94798;
0.253594;4.94821;
0.253614;4.94844;
0.253634;4.94867;
0.253654;4.94889;
0.253674;4.94912;
0.253694;4.94935;
0.253714;4.94958;
0.253734;4.94981;
0.253754;4.95004;
0.253774;4.95027;
0.253794;4.9505;
0.253814;4.95073;
0.253834;4.95096;
0.253854;4.9512;
0.253874;4.95143;
0.253894;4.95166;
0.253914;4.95189;
0.253934;4.95213;
0.253954;4.95236;
0.253974;4.95259;
0.253994;4.95283;
0.254001;4.95291;
0.254001;4.95291;
0.254001;4.95291;
0.254002;4.95291;
0.254002;4.95292;
0.254002;4.95292;
0.254002;4.95292;
0.254003;4.95292;
0.254003;4.95293;
0.254004;4.95295;
0.254007;4.95298;
0.254012;4.95304;
0.254022;4.95316;
0.254042;4.95339;
0.254062;4.95363;
0.254082;4.95386;
0.254102;4.9541;
0.254122;4.95433;
0.254142;4.95457;
0.254162;4.95481;
0.254182;4.95504;
0.254202;4.95528;
0.254222;4.95552;
0.254242;4.95576;
0.254262;4.956;
0.254282;4.95624;
0.254302;4.95647;
0.254322;4.95671;
0.254342;4.95695;
0.254362;4.95719;
0.254382;4.95743;
0.254402;4.95767;
0.254422;4.95792;
0.254442;4.95816;
0.254462;4.9584;
0.254482;4.95864;
0.254502;4.95888;
0.254522;4.95913;
0.254542;4.95937;
0.254562;4.95961;
0.254582;4.95986;
0.254602;4.9601;
0.254622;4.96034;
0.254642;4.96059;
0.254662;4.96083;
0.254682;4.96108;
0.254702;4.96132;
0.254722;4.96157;
0.254742;4.96182;
0.254762;4.96206;
0.254782;4.96231;
0.254802;4.96256;
0.254822;4.96281;
0.254842;4.96305;
0.254862;4.9633;
0.254882;4.96355;
0.254902;4.9638;
0.254922;4.96405;
0.254942;4.9643;
0.254962;4.96455;
0.254982;4.9648;
0.255002;4.96505;
0.255022;4.9653;
0.255042;4.96555;
0.255062;4.9658;
0.255082;4.96605;
0.255102;4.9663;
0.255122;4.96656;
0.255142;4.96681;
0.255162;4.96706;
0.255182;4.96732;
0.255202;4.96757;
0.255222;4.96782;
0.255242;4.96808;
0.255262;4.96833;
0.255282;4.96859;
0.255302;4.96884;
0.255322;4.9691;
0.255342;4.96935;
0.255362;4.96961;
0.255382;4.96987;
0.255402;4.97012;
0.255422;4.97038;
0.255442;4.97064;
0.255462;4.9709;
0.255482;4.97115;
0.255502;4.97141;
0.255522;4.97167;
0.255542;4.97193;
0.255562;4.97219;
0.255582;4.97245;
0.255602;4.97271;
0.255622;4.97297;
0.255642;4.97323;
0.255662;4.97349;
0.255682;4.97375;
0.255702;4.97401;
0.255722;4.97427;
0.255742;4.97454;
0.255762;4.9748;
0.255782;4.97506;
0.255802;4.97532;
0.255822;4.97559;
0.255842;4.97585;
0.255862;4.97612;
0.255882;4.97638;
0.255902;4.97664;
0.255922;4.97691;
0.255942;4.97717;
0.255962;4.97744;
0.255982;4.97771;
0.256;4.97794;
0.256;4.97794;
0.256;4.97794;
0.256001;4.97795;
0.256001;4.97795;
0.256001;4.97795;
0.256001;4.97796;
0.256002;4.97796;
0.256002;4.97797;
0.256003;4.97799;
0.256006;4.97802;
0.256011;4.97809;
0.256021;4.97823;
0.256041;4.97849;
0.256061;4.97876;
0.256081;4.97903;
0.256099;4.97927;
0.256118;4.97952;
0.256138;4.97979;
0.256158;4.98005;
0.256178;4.98032;
0.256198;4.98059;
0.256218;4.98086;
0.256238;4.98113;
0.256258;4.9814;
0.256278;4.98167;
0.256298;4.98194;
0.256318;4.98221;
0.256338;4.98248;
0.256358;4.98276;
0.256378;4.98303;
0.256398;4.9833;
0.256418;4.98357;
0.256438;4.98385;
0.256458;4.98412;
0.256478;4.98439;
0.256498;4.98467;
0.256518;4.98494;
0.256538;4.98521;
0.256558;4.98549;
0.256578;4.98576;
0.256598;4.98604;
0.256618;4.98631;
0.256638;4.98659;
0.256658;4.98687;
0.256678;4.98714;
0.256698;4.98742;
0.256718;4.9877;
0.256738;4.98797;
0.256758;4.98825;
0.256778;4.98853;
0.256798;4.98881;
0.256818;4.98909;
0.256838;4.98937;
0.256858;4.98965;
0.256878;4.98992;
0.256898;4.9902;
0.256918;4.99048;
0.256938;4.99076;
0.256958;4.99105;
0.256978;4.99133;
0.256998;4.99161;
0.257018;4.99189;
0.257038;4.99217;
0.257058;4.99245;
0.257078;4.99274;
0.257098;4.99302;
0.257118;4.9933;
0.257138;4.99359;
0.257158;4.99387;
0.257178;4.99415;
0.257198;4.99444;
0.257218;4.99472;
0.257238;4.99501;
0.257258;4.99529;
0.257278;4.99558;
0.257298;4.99586;
0.257318;4.99615;
0.257338;4.99644;
0.257358;4.99672;
0.257378;4.99701;
0.257398;4.9973;
0.257418;4.99758;
0.257438;4.99787;
0.257458;4.99816;
0.257478;4.99845;
0.257498;4.99874;
0.257518;4.99903;
0.257538;4.99932;
0.257558;4.9996;
0.257578;4.99989;
0.257598;5.00018;
0.257618;5.00048;
0.257638;5.00077;
0.257658;5.00106;
0.257678;5.00135;
0.257698;5.00164;
0.257718;5.00193;
0.257738;5.00222;
0.257758;5.00252;
0.257778;5.00281;
0.257798;5.0031;
0.257818;5.0034;
0.257838;5.00369;
0.257858;5.00398;
0.257878;5.00428;
0.257898;5.00457;
0.257918;5.00487;
0.257938;5.00516;
0.257958;5.00546;
0.257978;5.00575;
0.257998;5.00605;
0.258001;5.00609;
0.258001;5.0061;
0.258001;5.0061;
0.258002;5.0061;
0.258002;5.00611;
0.258002;5.00611;
0.258002;5.00611;
0.258003;5.00612;
0.258003;5.00613;
0.258004;5.00615;
0.258007;5.00618;
0.258012;5.00626;
0.258022;5.00641;
0.258042;5.00671;
0.258062;5.007;
0.258082;5.0073;
0.258102;5.0076;
0.258122;5.0079;
0.258142;5.0082;
0.258162;5.00849;
0.258182;5.00879;
0.258202;5.00909;
0.258222;5.00939;
0.258242;5.00969;
0.258262;5.00999;
0.258282;5.01029;
0.258302;5.01059;
0.258322;5.01089;
0.258342;5.01119;
0.258362;5.01149;
0.258382;5.01179;
0.258402;5.0121;
0.258422;5.0124;
0.258442;5.0127;
0.258462;5.013;
0.258482;5.01331;
0.258502;5.01361;
0.258522;5.01391;
0.258542;5.01422;
0.258562;5.01452;
0.258582;5.01483;
0.258602;5.01513;
0.258622;5.01543;
0.258642;5.01574;
0.258662;5.01605;
0.258682;5.01635;
0.258702;5.01666;
0.258722;5.01696;
0.258742;5.01727;
0.258762;5.01758;
0.258782;5.01788;
0.258802;5.01819;
0.258822;5.0185;
0.258842;5.01881;
0.258862;5.01912;
0.258882;5.01942;
0.258902;5.01973;
0.258922;5.02004;
0.258942;5.02035;
0.258962;5.02066;
0.258982;5.02097;
0.259002;5.02128;
0.259022;5.02159;
0.259042;5.0219;
0.259062;5.02221;
0.259082;5.02253;
0.259102;5.02284;
0.259122;5.02315;
0.259142;5.02346;
0.259162;5.02377;
0.259182;5.02409;
0.259202;5.0244;
0.259222;5.02471;
0.259242;5.02503;
0.259262;5.02534;
0.259282;5.02565;
0.259302;5.02597;
0.259322;5.02628;
0.259342;5.0266;
0.259362;5.02691;
0.259382;5.02723;
0.259402;5.02755;
0.259422;5.02786;
0.259442;5.02818;
0.259462;5.02849;
0.259482;5.02881;
0.259502;5.02913;
0.259522;5.02945;
0.259542;5.02976;
0.259562;5.03008;
0.259582;5.0304;
0.259602;5.03072;
0.259622;5.03104;
0.259642;5.03136;
0.259662;5.03168;
0.259682;5.032;
0.259702;5.03232;
0.259722;5.03264;
0.259742;5.03296;
0.259762;5.03328;
0.259782;5.0336;
0.259802;5.03392;
0.259822;5.03424;
0.259842;5.03456;
0.259862;5.03488;
0.259882;5.03521;
0.259902;5.03553;
0.259922;5.03585;
0.259942;5.03618;
0.259957;5.03639;
0.259972;5.03654;
0.259983;5.03663;
0.259994;5.03672;
0.26;5.03677;
0.26;5.03677;
0.26;5.03677;
0.260001;5.03677;
0.260001;5.03678;
0.260001;5.03678;
0.260001;5.03678;
0.260002;5.03678;
0.260002;5.03679;
0.260003;5.0368;
0.260006;5.03682;
0.260011;5.03686;
0.260021;5.03694;
0.260041;5.0371;
0.260061;5.03726;
0.260081;5.03743;
0.260101;5.03759;
0.260121;5.03775;
0.260141;5.03792;
0.260161;5.03808;
0.260181;5.03824;
0.260201;5.03841;
0.260221;5.03857;
0.260241;5.03874;
0.260261;5.03891;
0.260281;5.03907;
0.260301;5.03924;
0.260321;5.0394;
0.260341;5.03957;
0.260361;5.03974;
0.260381;5.03991;
0.260401;5.04008;
0.260421;5.04024;
0.260441;5.04041;
0.260461;5.04058;
0.260481;5.04075;
0.260501;5.04092;
0.260521;5.04109;
0.260541;5.04126;
0.260561;5.04144;
0.260581;5.04161;
0.260601;5.04178;
0.260621;5.04195;
0.260641;5.04212;
0.260661;5.0423;
0.260681;5.04247;
0.260701;5.04264;
0.260721;5.04282;
0.260741;5.04299;
0.260761;5.04317;
0.260781;5.04334;
0.260801;5.04352;
0.260821;5.04369;
0.260841;5.04387;
0.260861;5.04405;
0.260881;5.04422;
0.260901;5.0444;
0.260921;5.04458;
0.260941;5.04476;
0.260961;5.04493;
0.260981;5.04511;
0.261001;5.04529;
0.261021;5.04547;
0.261041;5.04565;
0.261061;5.04583;
0.261081;5.04601;
0.261101;5.04619;
0.261121;5.04637;
0.261141;5.04656;
0.261161;5.04674;
0.261181;5.04692;
0.261201;5.0471;
0.261221;5.04729;
0.261241;5.04747;
0.261261;5.04765;
0.261281;5.04784;
0.261301;5.04802;
0.261321;5.04821;
0.261341;5.04839;
0.261361;5.04858;
0.261381;5.04876;
0.261401;5.04895;
0.261421;5.04914;
0.261441;5.04932;
0.261461;5.04951;
0.261481;5.0497;
0.261501;5.04988;
0.261521;5.05007;
0.261541;5.05026;
0.261561;5.05045;
0.261581;5.05064;
0.261601;5.05083;
0.261621;5.05102;
0.261641;5.05121;
0.261661;5.0514;
0.261681;5.05159;
0.261701;5.05178;
0.261721;5.05198;
0.261741;5.05217;
0.261761;5.05236;
0.261781;5.05255;
0.261801;5.05275;
0.261821;5.05294;
0.261841;5.05313;
0.261861;5.05333;
0.261881;5.05352;
0.261901;5.05372;
0.261921;5.05391;
0.261941;5.05411;
0.261961;5.0543;
0.261981;5.0545;
0.262001;5.05469;
0.262001;5.05469;
0.262001;5.0547;
0.262002;5.0547;
0.262002;5.0547;
0.262002;5.0547;
0.262002;5.0547;
0.262003;5.05471;
0.262003;5.05471;
0.262004;5.05473;
0.262007;5.05475;
0.262012;5.0548;
0.262022;5.0549;
0.262042;5.0551;
0.262062;5.0553;
0.262082;5.0555;
0.262102;5.05569;
0.262122;5.05589;
0.262142;5.05609;
0.262162;5.05629;
0.262182;5.05649;
0.262202;5.05669;
0.262222;5.05689;
0.262242;5.05709;
0.262262;5.05729;
0.262282;5.05749;
0.262302;5.0577;
0.262322;5.0579;
0.262342;5.0581;
0.262362;5.0583;
0.262382;5.05851;
0.262402;5.05871;
0.262422;5.05891;
0.262442;5.05912;
0.262462;5.05932;
0.262482;5.05953;
0.262502;5.05973;
0.262522;5.05994;
0.262542;5.06014;
0.262562;5.06035;
0.262582;5.06056;
0.262602;5.06076;
0.262622;5.06097;
0.262642;5.06118;
0.262662;5.06139;
0.262682;5.06159;
0.262702;5.0618;
0.262722;5.06201;
0.262742;5.06222;
0.262762;5.06243;
0.262782;5.06264;
0.262802;5.06285;
0.262822;5.06306;
0.262842;5.06327;
0.262862;5.06348;
0.262882;5.0637;
0.262902;5.06391;
0.262922;5.06412;
0.262942;5.06433;
0.262962;5.06454;
0.262982;5.06476;
0.263002;5.06497;
0.263022;5.06519;
0.263042;5.0654;
0.263062;5.06561;
0.263082;5.06583;
0.263102;5.06604;
0.263122;5.06626;
0.263142;5.06648;
0.263162;5.06669;
0.263182;5.06691;
0.263202;5.06713;
0.263222;5.06734;
0.263242;5.06756;
0.263262;5.06778;
0.263282;5.068;
0.263302;5.06822;
0.263322;5.06843;
0.263342;5.06865;
0.263362;5.06887;
0.263382;5.06909;
0.263402;5.06931;
0.263422;5.06953;
0.263442;5.06975;
0.263462;5.06998;
0.263482;5.0702;
0.263502;5.07042;
0.263522;5.07064;
0.263542;5.07086;
0.263562;5.07109;
0.263582;5.07131;
0.263602;5.07153;
0.263622;5.07176;
0.263642;5.07198;
0.263662;5.07221;
0.263682;5.07243;
0.263702;5.07266;
0.263722;5.07288;
0.263742;5.07311;
0.263762;5.07333;
0.263782;5.07356;
0.263802;5.07379;
0.263822;5.07401;
0.263842;5.07424;
0.263862;5.07447;
0.263882;5.0747;
0.263902;5.07493;
0.263922;5.07515;
0.263942;5.07538;
0.263962;5.07561;
0.263982;5.07584;
0.264;5.07604;
0.264;5.07605;
0.264;5.07605;
0.264001;5.07605;
0.264001;5.07606;
0.264001;5.07606;
0.264001;5.07606;
0.264002;5.07606;
0.264002;5.07607;
0.264003;5.07608;
0.264006;5.07611;
0.264011;5.07617;
0.264021;5.07629;
0.264041;5.07652;
0.264061;5.07675;
0.264081;5.07698;
0.264101;5.07722;
0.264121;5.07745;
0.264141;5.07768;
0.264161;5.07791;
0.264181;5.07814;
0.264201;5.07838;
0.264221;5.07861;
0.264241;5.07885;
0.264261;5.07908;
0.264281;5.07931;
0.264301;5.07955;
0.264321;5.07978;
0.264341;5.08002;
0.264361;5.08026;
0.264381;5.08049;
0.264401;5.08073;
0.264421;5.08096;
0.264441;5.0812;
0.264461;5.08144;
0.264481;5.08168;
0.264501;5.08191;
0.264521;5.08215;
0.264541;5.08239;
0.264561;5.08263;
0.264581;5.08287;
0.264601;5.08311;
0.264621;5.08335;
0.264641;5.08359;
0.264661;5.08383;
0.264681;5.08407;
0.264701;5.08431;
0.264721;5.08455;
0.264741;5.0848;
0.264761;5.08504;
0.264781;5.08528;
0.264801;5.08552;
0.264821;5.08577;
0.264841;5.08601;
0.264861;5.08625;
0.264881;5.0865;
0.264901;5.08674;
0.264921;5.08699;
0.264941;5.08723;
0.264961;5.08748;
0.264981;5.08772;
0.265001;5.08797;
0.265021;5.08821;
0.265041;5.08846;
0.265061;5.08871;
0.265081;5.08895;
0.265101;5.0892;
0.265121;5.08945;
0.265141;5.0897;
0.265161;5.08995;
0.265181;5.09019;
0.265201;5.09044;
0.265221;5.09069;
0.265241;5.09094;
0.265261;5.09119;
0.265281;5.09144;
0.265301;5.09169;
0.265321;5.09194;
0.265341;5.09219;
0.265361;5.09245;
0.265381;5.0927;
0.265401;5.09295;
0.265421;5.0932;
0.265441;5.09345;
0.265461;5.09371;
0.265481;5.09396;
0.265501;5.09421;
0.265521;5.09447;
0.265541;5.09472;
0.265561;5.09498;
0.265581;5.09523;
0.265601;5.09549;
0.265621;5.09574;
0.265641;5.096;
0.265661;5.09625;
0.265681;5.09651;
0.265701;5.09677;
0.265721;5.09702;
0.265741;5.09728;
0.265761;5.09754;
0.265781;5.0978;
0.265801;5.09806;
0.265821;5.09831;
0.265841;5.09857;
0.265861;5.09883;
0.265881;5.09909;
0.265901;5.09935;
0.265921;5.09961;
0.265941;5.09987;
0.265961;5.10013;
0.265981;5.10039;
0.266001;5.10065;
0.266001;5.10065;
0.266001;5.10065;
0.266002;5.10066;
0.266002;5.10066;
0.266002;5.10066;
0.266002;5.10067;
0.266003;5.10067;
0.266003;5.10068;
0.266004;5.10069;
0.266007;5.10073;
0.266012;5.1008;
0.266022;5.10093;
0.266042;5.10119;
0.266062;5.10145;
0.266082;5.10172;
0.266102;5.10198;
0.266122;5.10224;
0.266142;5.10251;
0.266162;5.10277;
0.266182;5.10303;
0.266202;5.1033;
0.266222;5.10356;
0.266242;5.10383;
0.266262;5.10409;
0.266282;5.10436;
0.266302;5.10462;
0.266322;5.10489;
0.266342;5.10516;
0.266362;5.10542;
0.266382;5.10569;
0.266402;5.10596;
0.266422;5.10622;
0.266442;5.10649;
0.266462;5.10676;
0.266482;5.10703;
0.266502;5.1073;
0.266522;5.10757;
0.266542;5.10784;
0.266562;5.10811;
0.266582;5.10838;
0.266602;5.10865;
0.266622;5.10892;
0.266642;5.10919;
0.266662;5.10946;
0.266682;5.10973;
0.266702;5.11;
0.266722;5.11027;
0.266742;5.11055;
0.266762;5.11082;
0.266782;5.11109;
0.266802;5.11136;
0.266822;5.11164;
0.266842;5.11191;
0.266862;5.11219;
0.266882;5.11246;
0.266902;5.11273;
0.266922;5.11301;
0.266942;5.11328;
0.266962;5.11356;
0.266982;5.11384;
0.267002;5.11411;
0.267022;5.11439;
0.267042;5.11467;
0.267062;5.11494;
0.267082;5.11522;
0.267102;5.1155;
0.267122;5.11577;
0.267142;5.11605;
0.267162;5.11633;
0.267182;5.11661;
0.267202;5.11689;
0.267222;5.11717;
0.267242;5.11745;
0.267262;5.11773;
0.267282;5.11801;
0.267302;5.11829;
0.267322;5.11857;
0.267342;5.11885;
0.267362;5.11913;
0.267382;5.11941;
0.267402;5.1197;
0.267422;5.11998;
0.267442;5.12026;
0.267462;5.12054;
0.267482;5.12083;
0.267502;5.12111;
0.267522;5.12139;
0.267542;5.12168;
0.267562;5.12196;
0.267582;5.12225;
0.267602;5.12253;
0.267622;5.12282;
0.267642;5.1231;
0.267662;5.12339;
0.267682;5.12367;
0.267702;5.12396;
0.267722;5.12425;
0.267742;5.12453;
0.267762;5.12482;
0.267782;5.12511;
0.267802;5.12539;
0.267822;5.12568;
0.267842;5.12597;
0.267862;5.12626;
0.267882;5.12655;
0.267902;5.12684;
0.267922;5.12713;
0.267942;5.12742;
0.267962;5.12771;
0.267976;5.12788;
0.267989;5.12797;
0.267998;5.12801;
0.268;5.12802;
0.268;5.12802;
0.268;5.12802;
0.268001;5.12802;
0.268001;5.12802;
0.268001;5.12802;
0.268001;5.12802;
0.268002;5.12802;
0.268002;5.12803;
0.268003;5.12803;
0.268006;5.12804;
0.268011;5.12807;
0.268021;5.12811;
0.268041;5.1282;
0.268061;5.12829;
0.268081;5.12837;
0.268101;5.12846;
0.268121;5.12855;
0.268141;5.12864;
0.268161;5.12873;
0.268181;5.12882;
0.268201;5.12891;
0.268221;5.129;
0.268241;5.12909;
0.268261;5.12919;
0.268281;5.12928;
0.268301;5.12937;
0.268321;5.12946;
0.268341;5.12956;
0.268361;5.12965;
0.268381;5.12975;
0.268401;5.12984;
0.268421;5.12994;
0.268441;5.13003;
0.268461;5.13013;
0.268481;5.13022;
0.268501;5.13032;
0.268521;5.13042;
0.268541;5.13051;
0.268561;5.13061;
0.268581;5.13071;
0.268601;5.13081;
0.268621;5.13091;
0.268641;5.13101;
0.268661;5.13111;
0.268681;5.13121;
0.268701;5.13131;
0.268721;5.13141;
0.268741;5.13151;
0.268761;5.13161;
0.268781;5.13172;
0.268801;5.13182;
0.268821;5.13192;
0.268841;5.13202;
0.268861;5.13213;
0.268881;5.13223;
0.268901;5.13234;
0.268921;5.13244;
0.268941;5.13255;
0.268961;5.13265;
0.268981;5.13276;
0.269001;5.13287;
0.269021;5.13297;
0.269041;5.13308;
0.269061;5.13319;
0.269081;5.1333;
0.269101;5.1334;
0.269121;5.13351;
0.269141;5.13362;
0.269161;5.13373;
0.269181;5.13384;
0.269201;5.13395;
0.269221;5.13406;
0.269241;5.13418;
0.269261;5.13429;
0.269281;5.1344;
0.269301;5.13451;
0.269321;5.13462;
0.269341;5.13474;
0.269361;5.13485;
0.269381;5.13497;
0.269401;5.13508;
0.269421;5.13519;
0.269441;5.13531;
0.269461;5.13543;
0.269481;5.13554;
0.269501;5.13566;
0.269521;5.13577;
0.269541;5.13589;
0.269561;5.13601;
0.269581;5.13613;
0.269601;5.13624;
0.269621;5.13636;
0.269641;5.13648;
0.269661;5.1366;
0.269681;5.13672;
0.269701;5.13684;
0.269721;5.13696;
0.269741;5.13708;
0.269761;5.1372;
0.269781;5.13733;
0.269801;5.13745;
0.269821;5.13757;
0.269841;5.13769;
0.269861;5.13782;
0.269881;5.13794;
0.269901;5.13806;
0.269921;5.13819;
0.269941;5.13831;
0.269961;5.13844;
0.269981;5.13856;
0.270001;5.13869;
0.270001;5.13869;
0.270001;5.13869;
0.270002;5.13869;
0.270002;5.13869;
0.270002;5.13869;
0.270002;5.1387;
0.270003;5.1387;
0.270003;5.1387;
0.270004;5.13871;
0.270007;5.13873;
0.270012;5.13876;
0.270022;5.13882;
0.270042;5.13895;
0.270062;5.13908;
0.270082;5.1392;
0.270102;5.13933;
0.270122;5.13946;
0.270142;5.13959;
0.270162;5.13972;
0.270182;5.13985;
0.270202;5.13998;
0.270222;5.14011;
0.270242;5.14024;
0.270262;5.14037;
0.270282;5.1405;
0.270302;5.14063;
0.270322;5.14076;
0.270342;5.1409;
0.270362;5.14103;
0.270382;5.14116;
0.270402;5.14129;
0.270422;5.14143;
0.270442;5.14156;
0.270462;5.1417;
0.270482;5.14183;
0.270502;5.14197;
0.270522;5.1421;
0.270542;5.14224;
0.270562;5.14238;
0.270582;5.14251;
0.270602;5.14265;
0.270622;5.14279;
0.270642;5.14293;
0.270662;5.14306;
0.270682;5.1432;
0.270702;5.14334;
0.270722;5.14348;
0.270742;5.14362;
0.270762;5.14376;
0.270782;5.1439;
0.270802;5.14404;
0.270822;5.14418;
0.270842;5.14433;
0.270862;5.14447;
0.270882;5.14461;
0.270902;5.14475;
0.270922;5.1449;
0.270942;5.14504;
0.270962;5.14518;
0.270982;5.14533;
0.271002;5.14547;
0.271022;5.14562;
0.271042;5.14576;
0.271062;5.14591;
0.271082;5.14606;
0.271102;5.1462;
0.271122;5.14635;
0.271142;5.1465;
0.271162;5.14664;
0.271182;5.14679;
0.271202;5.14694;
0.271222;5.14709;
0.271242;5.14724;
0.271262;5.14739;
0.271282;5.14754;
0.271302;5.14769;
0.271322;5.14784;
0.271342;5.14799;
0.271362;5.14814;
0.271382;5.14829;
0.271402;5.14844;
0.271422;5.1486;
0.271442;5.14875;
0.271462;5.1489;
0.271482;5.14905;
0.271502;5.14921;
0.271522;5.14936;
0.271542;5.14952;
0.271562;5.14967;
0.271582;5.14983;
0.271602;5.14998;
0.271622;5.15014;
0.271642;5.1503;
0.271662;5.15045;
0.271682;5.15061;
0.271702;5.15077;
0.271722;5.15092;
0.271742;5.15108;
0.271762;5.15124;
0.271782;5.1514;
0.271802;5.15156;
0.271822;5.15172;
0.271842;5.15188;
0.271862;5.15204;
0.271882;5.1522;
0.271902;5.15236;
0.271922;5.15252;
0.271942;5.15268;
0.271962;5.15285;
0.271982;5.15301;
0.272;5.15315;
0.272;5.15315;
0.272;5.15315;
0.272001;5.15316;
0.272001;5.15316;
0.272001;5.15316;
0.272001;5.15316;
0.272002;5.15316;
0.272002;5.15317;
0.272003;5.15318;
0.272006;5.1532;
0.272011;5.15324;
0.272021;5.15333;
0.272041;5.15349;
0.272061;5.15365;
0.272081;5.15382;
0.272101;5.15398;
0.272121;5.15415;
0.272141;5.15431;
0.272161;5.15448;
0.272181;5.15464;
0.272201;5.15481;
0.272221;5.15498;
0.272241;5.15514;
0.272261;5.15531;
0.272281;5.15548;
0.272301;5.15565;
0.272321;5.15582;
0.272341;5.15598;
0.272361;5.15615;
0.272381;5.15632;
0.272401;5.15649;
0.272421;5.15666;
0.272441;5.15683;
0.272461;5.157;
0.272481;5.15718;
0.272501;5.15735;
0.272521;5.15752;
0.272541;5.15769;
0.272561;5.15786;
0.272581;5.15804;
0.272601;5.15821;
0.272621;5.15838;
0.272641;5.15856;
0.272661;5.15873;
0.272681;5.15891;
0.272701;5.15908;
0.272721;5.15926;
0.272741;5.15943;
0.272761;5.15961;
0.272781;5.15979;
0.272801;5.15996;
0.272821;5.16014;
0.272841;5.16032;
0.272861;5.1605;
0.272881;5.16067;
0.272901;5.16085;
0.272921;5.16103;
0.272941;5.16121;
0.272961;5.16139;
0.272981;5.16157;
0.273001;5.16175;
0.273021;5.16193;
0.273041;5.16211;
0.273061;5.1623;
0.273081;5.16248;
0.273101;5.16266;
0.273121;5.16284;
0.273141;5.16302;
0.273161;5.16321;
0.273181;5.16339;
0.273201;5.16357;
0.273221;5.16376;
0.273241;5.16394;
0.273261;5.16413;
0.273281;5.16431;
0.273301;5.1645;
0.273321;5.16468;
0.273341;5.16487;
0.273361;5.16506;
0.273381;5.16524;
0.273401;5.16543;
0.273421;5.16562;
0.273441;5.16581;
0.273461;5.166;
0.273481;5.16618;
0.273501;5.16637;
0.273521;5.16656;
0.273541;5.16675;
0.273561;5.16694;
0.273581;5.16713;
0.273601;5.16732;
0.273621;5.16751;
0.273641;5.1677;
0.273661;5.1679;
0.273681;5.16809;
0.273701;5.16828;
0.273721;5.16847;
0.273741;5.16867;
0.273761;5.16886;
0.273781;5.16905;
0.273801;5.16925;
0.273821;5.16944;
0.273841;5.16964;
0.273861;5.16983;
0.273881;5.17003;
0.273901;5.17022;
0.273921;5.17042;
0.273941;5.17061;
0.273961;5.17081;
0.273981;5.17101;
0.274001;5.1712;
0.274001;5.1712;
0.274001;5.17121;
0.274002;5.17121;
0.274002;5.17121;
0.274002;5.17121;
0.274002;5.17121;
0.274003;5.17122;
0.274003;5.17122;
0.274004;5.17124;
0.274007;5.17126;
0.274012;5.17131;
0.274022;5.17141;
0.274042;5.17161;
0.274062;5.17181;
0.274082;5.17201;
0.274102;5.17221;
0.274122;5.17241;
0.274142;5.17261;
0.274162;5.17281;
0.274182;5.17301;
0.274202;5.17321;
0.274222;5.17341;
0.274242;5.17361;
0.274262;5.17381;
0.274282;5.17401;
0.274302;5.17422;
0.274322;5.17442;
0.274342;5.17462;
0.274362;5.17483;
0.274382;5.17503;
0.274402;5.17523;
0.274422;5.17544;
0.274442;5.17564;
0.274462;5.17585;
0.274482;5.17605;
0.274502;5.17626;
0.274522;5.17647;
0.274542;5.17667;
0.274562;5.17688;
0.274582;5.17709;
0.274602;5.17729;
0.274622;5.1775;
0.274642;5.17771;
0.274662;5.17792;
0.274682;5.17813;
0.274702;5.17833;
0.274722;5.17854;
0.274742;5.17875;
0.274762;5.17896;
0.274782;5.17917;
0.274802;5.17938;
0.274822;5.1796;
0.274842;5.17981;
0.274862;5.18002;
0.274882;5.18023;
0.274902;5.18044;
0.274922;5.18065;
0.274942;5.18087;
0.274962;5.18108;
0.274982;5.18129;
0.275002;5.18151;
0.275022;5.18172;
0.275042;5.18194;
0.275062;5.18215;
0.275082;5.18237;
0.275102;5.18258;
0.275122;5.1828;
0.275142;5.18301;
0.275162;5.18323;
0.275182;5.18345;
0.275202;5.18366;
0.275222;5.18388;
0.275242;5.1841;
0.275262;5.18432;
0.275282;5.18454;
0.275302;5.18476;
0.275322;5.18497;
0.275342;5.18519;
0.275362;5.18541;
0.275382;5.18563;
0.275402;5.18585;
0.275422;5.18607;
0.275442;5.1863;
0.275462;5.18652;
0.275482;5.18674;
0.275502;5.18696;
0.275522;5.18718;
0.275542;5.1874;
0.275562;5.18763;
0.275582;5.18785;
0.275602;5.18807;
0.275622;5.1883;
0.275642;5.18852;
0.275662;5.18875;
0.275682;5.18897;
0.275702;5.1892;
0.275722;5.18942;
0.275742;5.18965;
0.275762;5.18987;
0.275782;5.1901;
0.275802;5.19033;
0.275822;5.19055;
0.275842;5.19078;
0.275862;5.19101;
0.275882;5.19124;
0.275902;5.19146;
0.275922;5.19169;
0.275942;5.19192;
0.275962;5.19215;
0.275982;5.19238;
0.276;5.19258;
0.276;5.19258;
0.276;5.19259;
0.276001;5.19259;
0.276001;5.19259;
0.276001;5.1926;
0.276001;5.1926;
0.276002;5.1926;
0.276002;5.19261;
0.276003;5.19262;
0.276006;5.19265;
0.276011;5.19271;
0.276021;5.19283;
0.276031;5.19293;
0.27604;5.19304;
0.276049;5.19312;
0.276057;5.19321;
0.276072;5.19337;
0.276087;5.19352;
0.276104;5.1937;
0.276121;5.19388;
0.276139;5.19406;
0.276159;5.19427;
0.276179;5.19448;
0.276199;5.19469;
0.276219;5.1949;
0.276239;5.19511;
0.276259;5.19532;
0.276279;5.19553;
0.276299;5.19574;
0.276319;5.19595;
0.276339;5.19616;
0.276359;5.19637;
0.276379;5.19659;
0.276399;5.1968;
0.276419;5.19701;
0.276439;5.19722;
0.276459;5.19744;
0.276479;5.19765;
0.276499;5.19786;
0.276519;5.19808;
0.276539;5.19829;
0.276559;5.19851;
0.276579;5.19872;
0.276599;5.19894;
0.276619;5.19915;
0.276639;5.19937;
0.276659;5.19959;
0.276679;5.1998;
0.276699;5.20002;
0.276719;5.20024;
0.276739;5.20046;
0.276759;5.20067;
0.276779;5.20089;
0.276799;5.20111;
0.276819;5.20133;
0.276839;5.20155;
0.276859;5.20177;
0.276879;5.20199;
0.276899;5.20221;
0.276919;5.20243;
0.276939;5.20265;
0.276959;5.20287;
0.276979;5.20309;
0.276999;5.20332;
0.277019;5.20354;
0.277039;5.20376;
0.277059;5.20398;
0.277079;5.20421;
0.277099;5.20443;
0.277119;5.20465;
0.277139;5.20488;
0.277159;5.2051;
0.277179;5.20533;
0.277199;5.20555;
0.277219;5.20578;
0.277239;5.206;
0.277259;5.20623;
0.277279;5.20645;
0.277299;5.20668;
0.277319;5.20691;
0.277339;5.20714;
0.277359;5.20736;
0.277379;5.20759;
0.277399;5.20782;
0.277419;5.20805;
0.277439;5.20828;
0.277459;5.20851;
0.277479;5.20873;
0.277499;5.20896;
0.277519;5.20919;
0.277539;5.20943;
0.277559;5.20966;
0.277579;5.20989;
0.277599;5.21012;
0.277619;5.21035;
0.277639;5.21058;
0.277659;5.21081;
0.277679;5.21105;
0.277699;5.21128;
0.277719;5.21151;
0.277739;5.21175;
0.277759;5.21198;
0.277779;5.21221;
0.277799;5.21245;
0.277819;5.21268;
0.277839;5.21292;
0.277859;5.21315;
0.277879;5.21339;
0.277899;5.21362;
0.277919;5.21386;
0.277939;5.2141;
0.277959;5.21433;
0.277979;5.21457;
0.277999;5.21481;
0.278001;5.21483;
0.278001;5.21483;
0.278001;5.21483;
0.278002;5.21484;
0.278002;5.21484;
0.278002;5.21484;
0.278002;5.21484;
0.278003;5.21485;
0.278003;5.21485;
0.278004;5.21487;
0.278007;5.2149;
0.278012;5.21496;
0.278022;5.21508;
0.278042;5.21532;
0.278062;5.21556;
0.278082;5.2158;
0.278102;5.21604;
0.278122;5.21628;
0.278142;5.21652;
0.278162;5.21676;
0.278182;5.217;
0.278202;5.21724;
0.278222;5.21748;
0.278242;5.21772;
0.278262;5.21796;
0.278282;5.2182;
0.278302;5.21845;
0.278322;5.21869;
0.278342;5.21893;
0.278362;5.21917;
0.278382;5.21942;
0.278402;5.21966;
0.278422;5.2199;
0.278442;5.22015;
0.278462;5.22039;
0.278482;5.22064;
0.278502;5.22088;
0.278522;5.22113;
0.278542;5.22137;
0.278562;5.22162;
0.278582;5.22187;
0.278602;5.22211;
0.278622;5.22236;
0.278642;5.22261;
0.278662;5.22286;
0.278682;5.2231;
0.278702;5.22335;
0.278722;5.2236;
0.278742;5.22385;
0.278762;5.2241;
0.278782;5.22435;
0.278802;5.2246;
0.278822;5.22485;
0.278842;5.2251;
0.278862;5.22535;
0.278882;5.2256;
0.278902;5.22585;
0.278922;5.2261;
0.278942;5.22635;
0.278962;5.22661;
0.278982;5.22686;
0.279002;5.22711;
0.279022;5.22736;
0.279042;5.22762;
0.279062;5.22787;
0.279082;5.22812;
0.279102;5.22838;
0.279122;5.22863;
0.279142;5.22889;
0.279162;5.22914;
0.279182;5.2294;
0.279202;5.22965;
0.279222;5.22991;
0.279242;5.23017;
0.279262;5.23042;
0.279282;5.23068;
0.279302;5.23094;
0.279322;5.23119;
0.279342;5.23145;
0.279362;5.23171;
0.279382;5.23197;
0.279402;5.23223;
0.279422;5.23248;
0.279442;5.23274;
0.279462;5.233;
0.279482;5.23326;
0.279502;5.23352;
0.279522;5.23378;
0.279542;5.23404;
0.279562;5.2343;
0.279582;5.23457;
0.279602;5.23483;
0.279622;5.23509;
0.279642;5.23535;
0.279662;5.23561;
0.279682;5.23588;
0.279702;5.23614;
0.279722;5.2364;
0.279742;5.23667;
0.279762;5.23693;
0.279782;5.23719;
0.279802;5.23746;
0.279822;5.23772;
0.279842;5.23799;
0.279862;5.23825;
0.279882;5.23852;
0.279902;5.23878;
0.279922;5.23905;
0.279942;5.23932;
0.279962;5.23958;
0.279977;5.23974;
0.27999;5.23983;
0.28;5.23987;
0.28;5.23987;
0.28;5.23987;
0.280001;5.23987;
0.280001;5.23987;
0.280001;5.23988;
0.280001;5.23988;
0.280002;5.23988;
0.280002;5.23988;
0.280003;5.23988;
0.280006;5.23989;
0.280011;5.23991;
0.280021;5.23995;
0.280041;5.24003;
0.280061;5.24011;
0.280081;5.24019;
0.280101;5.24027;
0.280121;5.24035;
0.280141;5.24043;
0.280161;5.24051;
0.280181;5.24059;
0.280201;5.24067;
0.280221;5.24075;
0.280241;5.24084;
0.280261;5.24092;
0.280281;5.241;
0.280301;5.24108;
0.280321;5.24117;
0.280341;5.24125;
0.280361;5.24134;
0.280381;5.24142;
0.280401;5.24151;
0.280421;5.24159;
0.280441;5.24168;
0.280461;5.24176;
0.280481;5.24185;
0.280501;5.24194;
0.280521;5.24203;
0.280541;5.24211;
0.280561;5.2422;
0.280581;5.24229;
0.280601;5.24238;
0.280621;5.24247;
0.280641;5.24256;
0.280661;5.24265;
0.280681;5.24274;
0.280701;5.24283;
0.280721;5.24292;
0.280741;5.24302;
0.280761;5.24311;
0.280781;5.2432;
0.280801;5.24329;
0.280821;5.24339;
0.280841;5.24348;
0.280861;5.24358;
0.280881;5.24367;
0.280901;5.24377;
0.280921;5.24386;
0.280941;5.24396;
0.280961;5.24405;
0.280981;5.24415;
0.281001;5.24425;
0.281021;5.24435;
0.281041;5.24444;
0.281061;5.24454;
0.281081;5.24464;
0.281101;5.24474;
0.281121;5.24484;
0.281141;5.24494;
0.281161;5.24504;
0.281181;5.24514;
0.281201;5.24524;
0.281221;5.24534;
0.281241;5.24544;
0.281261;5.24555;
0.281281;5.24565;
0.281301;5.24575;
0.281321;5.24585;
0.281341;5.24596;
0.281361;5.24606;
0.281381;5.24617;
0.281401;5.24627;
0.281421;5.24638;
0.281441;5.24648;
0.281461;5.24659;
0.281481;5.24669;
0.281501;5.2468;
0.281521;5.24691;
0.281541;5.24702;
0.281561;5.24712;
0.281581;5.24723;
0.281601;5.24734;
0.281621;5.24745;
0.281641;5.24756;
0.281661;5.24767;
0.281681;5.24778;
0.281701;5.24789;
0.281721;5.248;
0.281741;5.24811;
0.281761;5.24822;
0.281781;5.24834;
0.281801;5.24845;
0.281821;5.24856;
0.281841;5.24867;
0.281861;5.24879;
0.281881;5.2489;
0.281901;5.24902;
0.281921;5.24913;
0.281941;5.24925;
0.281961;5.24936;
0.281981;5.24948;
0.282001;5.24959;
0.282001;5.24959;
0.282001;5.24959;
0.282002;5.24959;
0.282002;5.2496;
0.282002;5.2496;
0.282002;5.2496;
0.282003;5.2496;
0.282003;5.2496;
0.282004;5.24961;
0.282007;5.24963;
0.282012;5.24966;
0.282022;5.24972;
0.282042;5.24983;
0.282062;5.24995;
0.282082;5.25007;
0.282102;5.25019;
0.282122;5.2503;
0.282142;5.25042;
0.282162;5.25054;
0.282182;5.25066;
0.282202;5.25078;
0.282222;5.2509;
0.282242;5.25102;
0.282262;5.25114;
0.282282;5.25127;
0.282302;5.25139;
0.282322;5.25151;
0.282342;5.25163;
0.282362;5.25176;
0.282382;5.25188;
0.282402;5.252;
0.282422;5.25213;
0.282442;5.25225;
0.282462;5.25238;
0.282482;5.2525;
0.282502;5.25263;
0.282522;5.25275;
0.282542;5.25288;
0.282562;5.25301;
0.282582;5.25313;
0.282602;5.25326;
0.282622;5.25339;
0.282642;5.25352;
0.282662;5.25365;
0.282682;5.25377;
0.282702;5.2539;
0.282722;5.25403;
0.282742;5.25416;
0.282762;5.25429;
0.282782;5.25442;
0.282802;5.25456;
0.282822;5.25469;
0.282842;5.25482;
0.282862;5.25495;
0.282882;5.25508;
0.282902;5.25522;
0.282922;5.25535;
0.282942;5.25548;
0.282962;5.25562;
0.282982;5.25575;
0.283002;5.25589;
0.283022;5.25602;
0.283042;5.25616;
0.283062;5.25629;
0.283082;5.25643;
0.283102;5.25657;
0.283122;5.2567;
0.283142;5.25684;
0.283162;5.25698;
0.283182;5.25712;
0.283202;5.25726;
0.283222;5.2574;
0.283242;5.25753;
0.283262;5.25767;
0.283282;5.25781;
0.283302;5.25795;
0.283322;5.25809;
0.283342;5.25824;
0.283362;5.25838;
0.283382;5.25852;
0.283402;5.25866;
0.283422;5.2588;
0.283442;5.25895;
0.283462;5.25909;
0.283482;5.25923;
0.283502;5.25938;
0.283522;5.25952;
0.283542;5.25967;
0.283562;5.25981;
0.283582;5.25996;
0.283602;5.2601;
0.283622;5.26025;
0.283642;5.26039;
0.283662;5.26054;
0.283682;5.26069;
0.283702;5.26084;
0.283722;5.26098;
0.283742;5.26113;
0.283762;5.26128;
0.283782;5.26143;
0.283802;5.26158;
0.283822;5.26173;
0.283842;5.26188;
0.283862;5.26203;
0.283882;5.26218;
0.283902;5.26233;
0.283922;5.26248;
0.283942;5.26263;
0.283962;5.26279;
0.283982;5.26294;
0.284;5.26307;
0.284;5.26307;
0.284;5.26308;
0.284001;5.26308;
0.284001;5.26308;
0.284001;5.26308;
0.284001;5.26308;
0.284002;5.26308;
0.284002;5.26309;
0.284003;5.2631;
0.284006;5.26312;
0.284011;5.26316;
0.284021;5.26324;
0.284041;5.26339;
0.284061;5.26354;
0.284081;5.2637;
0.284101;5.26385;
0.284121;5.26401;
0.284141;5.26416;
0.284161;5.26432;
0.284181;5.26447;
0.284201;5.26463;
0.284221;5.26479;
0.284241;5.26494;
0.284261;5.2651;
0.284281;5.26526;
0.284301;5.26542;
0.284321;5.26558;
0.284341;5.26574;
0.284361;5.26589;
0.284381;5.26605;
0.284401;5.26621;
0.284421;5.26637;
0.284441;5.26653;
0.284461;5.2667;
0.284481;5.26686;
0.284501;5.26702;
0.284521;5.26718;
0.284541;5.26734;
0.284561;5.26751;
0.284581;5.26767;
0.284601;5.26783;
0.284621;5.268;
0.284641;5.26816;
0.284661;5.26832;
0.284681;5.26849;
0.284701;5.26865;
0.284721;5.26882;
0.284741;5.26898;
0.284761;5.26915;
0.284781;5.26932;
0.284801;5.26948;
0.284821;5.26965;
0.284841;5.26982;
0.284861;5.26999;
0.284881;5.27016;
0.284901;5.27032;
0.284921;5.27049;
0.284941;5.27066;
0.284961;5.27083;
0.284981;5.271;
0.285001;5.27117;
0.285021;5.27134;
0.285041;5.27151;
0.285061;5.27168;
0.285081;5.27186;
0.285101;5.27203;
0.285121;5.2722;
0.285141;5.27237;
0.285161;5.27255;
0.285181;5.27272;
0.285201;5.27289;
0.285221;5.27307;
0.285241;5.27324;
0.285261;5.27342;
0.285281;5.27359;
0.285301;5.27377;
0.285321;5.27394;
0.285341;5.27412;
0.285361;5.27429;
0.285381;5.27447;
0.285401;5.27465;
0.285421;5.27483;
0.285441;5.275;
0.285461;5.27518;
0.285481;5.27536;
0.285501;5.27554;
0.285521;5.27572;
0.285541;5.2759;
0.285561;5.27608;
0.285581;5.27626;
0.285601;5.27644;
0.285621;5.27662;
0.285641;5.2768;
0.285661;5.27698;
0.285681;5.27716;
0.285701;5.27735;
0.285721;5.27753;
0.285741;5.27771;
0.285761;5.27789;
0.285781;5.27808;
0.285801;5.27826;
0.285821;5.27845;
0.285841;5.27863;
0.285861;5.27881;
0.285881;5.279;
0.285901;5.27918;
0.285921;5.27937;
0.285941;5.27956;
0.285961;5.27974;
0.285981;5.27993;
0.286001;5.28011;
0.286001;5.28011;
0.286001;5.28012;
0.286002;5.28012;
0.286002;5.28012;
0.286002;5.28012;
0.286002;5.28013;
0.286003;5.28013;
0.286003;5.28013;
0.286004;5.28015;
0.286007;5.28017;
0.286012;5.28022;
0.286022;5.28031;
0.286042;5.2805;
0.286062;5.28069;
0.286082;5.28088;
0.286102;5.28107;
0.286122;5.28126;
0.286142;5.28145;
0.286162;5.28164;
0.286182;5.28183;
0.286202;5.28202;
0.286222;5.28221;
0.286242;5.2824;
0.286262;5.28259;
0.286282;5.28278;
0.286302;5.28297;
0.286322;5.28317;
0.286342;5.28336;
0.286362;5.28355;
0.286382;5.28375;
0.286402;5.28394;
0.286422;5.28413;
0.286442;5.28433;
0.286462;5.28452;
0.286482;5.28472;
0.286502;5.28491;
0.286522;5.28511;
0.286542;5.28531;
0.286562;5.2855;
0.286582;5.2857;
0.286602;5.2859;
0.286622;5.28609;
0.286642;5.28629;
0.286662;5.28649;
0.286682;5.28669;
0.286702;5.28689;
0.286722;5.28708;
0.286742;5.28728;
0.286762;5.28748;
0.286782;5.28768;
0.286802;5.28788;
0.286822;5.28808;
0.286842;5.28829;
0.286862;5.28849;
0.286882;5.28869;
0.286902;5.28889;
0.286922;5.28909;
0.286942;5.28929;
0.286962;5.2895;
0.286982;5.2897;
0.287002;5.2899;
0.287022;5.29011;
0.287042;5.29031;
0.287062;5.29052;
0.287082;5.29072;
0.287102;5.29093;
0.287122;5.29113;
0.287142;5.29134;
0.287162;5.29154;
0.287182;5.29175;
0.287202;5.29196;
0.287222;5.29216;
0.287242;5.29237;
0.287262;5.29258;
0.287282;5.29279;
0.287302;5.293;
0.287322;5.2932;
0.287342;5.29341;
0.287362;5.29362;
0.287382;5.29383;
0.287402;5.29404;
0.287422;5.29425;
0.287442;5.29446;
0.287462;5.29467;
0.287482;5.29488;
0.287502;5.2951;
0.287522;5.29531;
0.287542;5.29552;
0.287562;5.29573;
0.287582;5.29595;
0.287602;5.29616;
0.287622;5.29637;
0.287642;5.29659;
0.287662;5.2968;
0.287682;5.29701;
0.287702;5.29723;
0.287722;5.29744;
0.287742;5.29766;
0.287762;5.29787;
0.287782;5.29809;
0.287802;5.29831;
0.287822;5.29852;
0.287842;5.29874;
0.287862;5.29896;
0.287882;5.29917;
0.287902;5.29939;
0.287922;5.29961;
0.287942;5.29983;
0.287962;5.30005;
0.287982;5.30027;
0.288;5.30046;
0.288;5.30046;
0.288;5.30046;
0.288001;5.30047;
0.288001;5.30047;
0.288001;5.30047;
0.288001;5.30047;
0.288002;5.30048;
0.288002;5.30048;
0.288003;5.3005;
0.288005;5.30051;
0.288006;5.30053;
0.288007;5.30054;
0.288009;5.30055;
0.288011;5.30057;
0.288014;5.30059;
0.288017;5.30061;
0.28802;5.30063;
0.288025;5.30067;
0.288036;5.30074;
0.288047;5.30082;
0.288063;5.30093;
0.288077;5.30102;
0.288091;5.30112;
0.288111;5.30126;
0.288131;5.3014;
0.288151;5.30154;
0.288171;5.30168;
0.288191;5.30182;
0.288211;5.30196;
0.288231;5.3021;
0.288251;5.30224;
0.288271;5.30238;
0.288291;5.30252;
0.288311;5.30266;
0.288331;5.30281;
0.288351;5.30295;
0.288371;5.30309;
0.288391;5.30324;
0.288411;5.30338;
0.288431;5.30352;
0.288451;5.30367;
0.288471;5.30381;
0.288491;5.30396;
0.288511;5.3041;
0.288531;5.30425;
0.288551;5.3044;
0.288571;5.30454;
0.288591;5.30469;
0.288611;5.30484;
0.288631;5.30498;
0.288651;5.30513;
0.288671;5.30528;
0.288691;5.30543;
0.288711;5.30558;
0.288731;5.30573;
0.288751;5.30588;
0.288771;5.30603;
0.288791;5.30618;
0.288811;5.30633;
0.288831;5.30648;
0.288851;5.30663;
0.288871;5.30678;
0.288891;5.30693;
0.288911;5.30709;
0.288931;5.30724;
0.288951;5.30739;
0.288971;5.30755;
0.288991;5.3077;
0.289011;5.30786;
0.289031;5.30801;
0.289051;5.30816;
0.289071;5.30832;
0.289091;5.30848;
0.289111;5.30863;
0.289131;5.30879;
0.289151;5.30894;
0.289171;5.3091;
0.289191;5.30926;
0.289211;5.30942;
0.289231;5.30958;
0.289251;5.30973;
0.289271;5.30989;
0.289291;5.31005;
0.289311;5.31021;
0.289331;5.31037;
0.289351;5.31053;
0.289371;5.31069;
0.289391;5.31085;
0.289411;5.31101;
0.289431;5.31118;
0.289451;5.31134;
0.289471;5.3115;
0.289491;5.31166;
0.289511;5.31183;
0.289531;5.31199;
0.289551;5.31215;
0.289571;5.31232;
0.289591;5.31248;
0.289611;5.31265;
0.289631;5.31281;
0.289651;5.31298;
0.289671;5.31314;
0.289691;5.31331;
0.289711;5.31347;
0.289731;5.31364;
0.289751;5.31381;
0.289771;5.31398;
0.289791;5.31414;
0.289811;5.31431;
0.289831;5.31448;
0.289851;5.31465;
0.289871;5.31482;
0.289891;5.31499;
0.289911;5.31516;
0.289931;5.31533;
0.289951;5.3155;
0.289971;5.31567;
0.289991;5.31584;
0.290001;5.31592;
0.290001;5.31592;
0.290001;5.31592;
0.290002;5.31593;
0.290002;5.31593;
0.290002;5.31593;
0.290002;5.31593;
0.290003;5.31594;
0.290003;5.31594;
0.290004;5.31595;
0.290007;5.31597;
0.290012;5.31602;
0.290022;5.31611;
0.290042;5.31628;
0.290062;5.31645;
0.290082;5.31662;
0.290102;5.3168;
0.290122;5.31697;
0.290142;5.31714;
0.290162;5.31732;
0.290182;5.31749;
0.290202;5.31767;
0.290222;5.31784;
0.290242;5.31802;
0.290262;5.31819;
0.290282;5.31837;
0.290302;5.31855;
0.290322;5.31872;
0.290342;5.3189;
0.290362;5.31908;
0.290382;5.31925;
0.290402;5.31943;
0.290422;5.31961;
0.290442;5.31979;
0.290462;5.31997;
0.290482;5.32015;
0.290502;5.32033;
0.290522;5.32051;
0.290542;5.32069;
0.290562;5.32087;
0.290582;5.32105;
0.290602;5.32123;
0.290622;5.32141;
0.290642;5.3216;
0.290662;5.32178;
0.290682;5.32196;
0.290702;5.32214;
0.290722;5.32233;
0.290742;5.32251;
0.290762;5.3227;
0.290782;5.32288;
0.290802;5.32306;
0.290822;5.32325;
0.290842;5.32343;
0.290862;5.32362;
0.290882;5.32381;
0.290902;5.32399;
0.290922;5.32418;
0.290942;5.32437;
0.290962;5.32455;
0.290982;5.32474;
0.291002;5.32493;
0.291022;5.32512;
0.291042;5.32531;
0.291062;5.3255;
0.291082;5.32569;
0.291102;5.32588;
0.291122;5.32607;
0.291142;5.32626;
0.291162;5.32645;
0.291182;5.32664;
0.291202;5.32683;
0.291222;5.32702;
0.291242;5.32721;
0.291262;5.3274;
0.291282;5.3276;
0.291302;5.32779;
0.291322;5.32798;
0.291342;5.32818;
0.291362;5.32837;
0.291382;5.32856;
0.291402;5.32876;
0.291422;5.32895;
0.291442;5.32915;
0.291462;5.32935;
0.291482;5.32954;
0.291502;5.32974;
0.291522;5.32993;
0.291542;5.33013;
0.291562;5.33033;
0.291582;5.33053;
0.291602;5.33072;
0.291622;5.33092;
0.291642;5.33112;
0.291662;5.33132;
0.291682;5.33152;
0.291702;5.33172;
0.291722;5.33192;
0.291742;5.33212;
0.291762;5.33232;
0.291782;5.33252;
0.291802;5.33272;
0.291822;5.33292;
0.291842;5.33312;
0.291862;5.33332;
0.291882;5.33353;
0.291902;5.33373;
0.291922;5.33393;
0.291942;5.33413;
0.291962;5.33434;
0.291982;5.33454;
0.292;5.33472;
0.292;5.33472;
0.292;5.33472;
0.292001;5.33473;
0.292001;5.33473;
0.292001;5.33473;
0.292001;5.33473;
0.292002;5.33474;
0.292002;5.33474;
0.292003;5.33476;
0.292006;5.33478;
0.292011;5.33484;
0.29202;5.33492;
0.292025;5.33497;
0.29203;5.33501;
0.292034;5.33505;
0.292038;5.33509;
0.292047;5.33515;
0.292063;5.33529;
0.292078;5.33542;
0.292095;5.33556;
0.292113;5.33571;
0.292131;5.33586;
0.292151;5.33603;
0.292171;5.3362;
0.292191;5.33637;
0.292211;5.33654;
0.292231;5.33672;
0.292251;5.33689;
0.292271;5.33706;
0.292291;5.33723;
0.292311;5.3374;
0.292331;5.33757;
0.292351;5.33775;
0.292371;5.33792;
0.292391;5.33809;
0.292411;5.33827;
0.292431;5.33844;
0.292451;5.33862;
0.292471;5.33879;
0.292491;5.33897;
0.292511;5.33914;
0.292531;5.33932;
0.292551;5.33949;
0.292571;5.33967;
0.292591;5.33985;
0.292611;5.34003;
0.292631;5.3402;
0.292651;5.34038;
0.292671;5.34056;
0.292691;5.34074;
0.292711;5.34092;
0.292731;5.3411;
0.292751;5.34128;
0.292771;5.34146;
0.292791;5.34164;
0.292811;5.34182;
0.292831;5.342;
0.292851;5.34218;
0.292871;5.34236;
0.292891;5.34254;
0.292911;5.34272;
0.292931;5.34291;
0.292951;5.34309;
0.292971;5.34327;
0.292991;5.34346;
0.293011;5.34364;
0.293031;5.34382;
0.293051;5.34401;
0.293071;5.34419;
0.293091;5.34438;
0.293111;5.34456;
0.293131;5.34475;
0.293151;5.34494;
0.293171;5.34512;
0.293191;5.34531;
0.293211;5.3455;
0.293231;5.34568;
0.293251;5.34587;
0.293271;5.34606;
0.293291;5.34625;
0.293311;5.34644;
0.293331;5.34663;
0.293351;5.34682;
0.293371;5.347;
0.293391;5.3472;
0.293411;5.34739;
0.293431;5.34758;
0.293451;5.34777;
0.293471;5.34796;
0.293491;5.34815;
0.293511;5.34834;
0.293531;5.34853;
0.293551;5.34873;
0.293571;5.34892;
0.293591;5.34911;
0.293611;5.34931;
0.293631;5.3495;
0.293651;5.3497;
0.293671;5.34989;
0.293691;5.35008;
0.293711;5.35028;
0.293731;5.35048;
0.293751;5.35067;
0.293771;5.35087;
0.293791;5.35106;
0.293811;5.35126;
0.293831;5.35146;
0.293851;5.35166;
0.293871;5.35185;
0.293891;5.35205;
0.293911;5.35225;
0.293931;5.35245;
0.293951;5.35265;
0.293971;5.35285;
0.293991;5.35305;
0.294001;5.35315;
0.294001;5.35315;
0.294001;5.35315;
0.294002;5.35315;
0.294002;5.35316;
0.294002;5.35316;
0.294002;5.35316;
0.294003;5.35316;
0.294003;5.35317;
0.294004;5.35318;
0.294007;5.35321;
0.294012;5.35326;
0.294022;5.35336;
0.294042;5.35356;
0.294062;5.35376;
0.294082;5.35396;
0.294102;5.35417;
0.294122;5.35437;
0.294142;5.35457;
0.294162;5.35477;
0.294182;5.35498;
0.294202;5.35518;
0.294222;5.35538;
0.294242;5.35559;
0.294262;5.35579;
0.294282;5.35599;
0.294302;5.3562;
0.294322;5.3564;
0.294342;5.35661;
0.294362;5.35681;
0.294382;5.35702;
0.294402;5.35723;
0.294422;5.35743;
0.294442;5.35764;
0.294462;5.35785;
0.294482;5.35805;
0.294502;5.35826;
0.294522;5.35847;
0.294542;5.35868;
0.294562;5.35889;
0.294582;5.3591;
0.294602;5.35931;
0.294622;5.35952;
0.294642;5.35973;
0.294662;5.35994;
0.294682;5.36015;
0.294702;5.36036;
0.294722;5.36057;
0.294742;5.36078;
0.294762;5.36099;
0.294782;5.3612;
0.294802;5.36142;
0.294822;5.36163;
0.294842;5.36184;
0.294862;5.36206;
0.294882;5.36227;
0.294902;5.36248;
0.294922;5.3627;
0.294942;5.36291;
0.294962;5.36313;
0.294982;5.36334;
0.295002;5.36356;
0.295022;5.36378;
0.295042;5.36399;
0.295062;5.36421;
0.295082;5.36442;
0.295102;5.36464;
0.295122;5.36486;
0.295142;5.36508;
0.295162;5.3653;
0.295182;5.36551;
0.295202;5.36573;
0.295222;5.36595;
0.295242;5.36617;
0.295262;5.36639;
0.295282;5.36661;
0.295302;5.36683;
0.295322;5.36705;
0.295342;5.36727;
0.295362;5.36749;
0.295382;5.36771;
0.295402;5.36794;
0.295422;5.36816;
0.295442;5.36838;
0.295462;5.3686;
0.295482;5.36883;
0.295502;5.36905;
0.295522;5.36927;
0.295542;5.3695;
0.295562;5.36972;
0.295582;5.36995;
0.295602;5.37017;
0.295622;5.3704;
0.295642;5.37062;
0.295662;5.37085;
0.295682;5.37107;
0.295702;5.3713;
0.295722;5.37152;
0.295742;5.37175;
0.295762;5.37198;
0.295782;5.37221;
0.295802;5.37243;
0.295822;5.37266;
0.295842;5.37289;
0.295862;5.37312;
0.295882;5.37335;
0.295902;5.37358;
0.295922;5.37381;
0.295942;5.37404;
0.295962;5.37427;
0.295982;5.37448;
0.295995;5.37458;
0.296;5.37462;
0.296;5.37462;
0.296;5.37462;
0.296001;5.37462;
0.296001;5.37462;
0.296001;5.37462;
0.296001;5.37463;
0.296002;5.37463;
0.296002;5.37463;
0.296003;5.37464;
0.296006;5.37466;
0.296011;5.37469;
0.296021;5.37476;
0.296041;5.37489;
0.296056;5.37499;
0.296071;5.3751;
0.296091;5.37523;
0.296111;5.37537;
0.296131;5.3755;
0.296151;5.37564;
0.296171;5.37578;
0.296191;5.37591;
0.296211;5.37605;
0.296231;5.37619;
0.296251;5.37633;
0.296271;5.37647;
0.296291;5.3766;
0.296311;5.37674;
0.296331;5.37688;
0.296351;5.37702;
0.296371;5.37716;
0.296391;5.3773;
0.296411;5.37745;
0.296431;5.37759;
0.296451;5.37773;
0.296471;5.37787;
0.296491;5.37801;
0.296511;5.37816;
0.296531;5.3783;
0.296551;5.37844;
0.296571;5.37859;
0.296591;5.37873;
0.296611;5.37887;
0.296631;5.37902;
0.296651;5.37916;
0.296671;5.37931;
0.296691;5.37946;
0.296711;5.3796;
0.296731;5.37975;
0.296751;5.3799;
0.296771;5.38004;
0.296791;5.38019;
0.296811;5.38034;
0.296831;5.38049;
0.296851;5.38064;
0.296871;5.38078;
0.296891;5.38093;
0.296911;5.38108;
0.296931;5.38123;
0.296951;5.38138;
0.296971;5.38154;
0.296991;5.38169;
0.297011;5.38184;
0.297031;5.38199;
0.297051;5.38214;
0.297071;5.38229;
0.297091;5.38245;
0.297111;5.3826;
0.297131;5.38275;
0.297151;5.38291;
0.297171;5.38306;
0.297191;5.38322;
0.297211;5.38337;
0.297231;5.38353;
0.297251;5.38368;
0.297271;5.38384;
0.297291;5.38399;
0.297311;5.38415;
0.297331;5.38431;
0.297351;5.38447;
0.297371;5.38462;
0.297391;5.38478;
0.297411;5.38494;
0.297431;5.3851;
0.297451;5.38526;
0.297471;5.38542;
0.297491;5.38558;
0.297511;5.38574;
0.297531;5.3859;
0.297551;5.38606;
0.297571;5.38622;
0.297591;5.38638;
0.297611;5.38654;
0.297631;5.3867;
0.297651;5.38687;
0.297671;5.38703;
0.297691;5.38719;
0.297711;5.38736;
0.297731;5.38752;
0.297751;5.38768;
0.297771;5.38785;
0.297791;5.38801;
0.297811;5.38818;
0.297831;5.38834;
0.297851;5.38851;
0.297871;5.38867;
0.297891;5.38884;
0.297911;5.38901;
0.297931;5.38918;
0.297951;5.38934;
0.297971;5.38951;
0.297991;5.38968;
0.298001;5.38976;
0.298001;5.38976;
0.298001;5.38976;
0.298002;5.38977;
0.298002;5.38977;
0.298002;5.38977;
0.298002;5.38977;
0.298003;5.38977;
0.298003;5.38978;
0.298004;5.38979;
0.298007;5.38981;
0.298012;5.38985;
0.298022;5.38994;
0.298042;5.39011;
0.298062;5.39028;
0.298082;5.39045;
0.298102;5.39062;
0.298122;5.39079;
0.298142;5.39096;
0.298162;5.39113;
0.298182;5.3913;
0.298202;5.39147;
0.298222;5.39165;
0.298242;5.39182;
0.298262;5.39199;
0.298282;5.39216;
0.298302;5.39234;
0.298322;5.39251;
0.298342;5.39269;
0.298362;5.39286;
0.298382;5.39303;
0.298402;5.39321;
0.298422;5.39338;
0.298442;5.39356;
0.298462;5.39374;
0.298482;5.39391;
0.298502;5.39409;
0.298522;5.39427;
0.298542;5.39444;
0.298562;5.39462;
0.298582;5.3948;
0.298602;5.39498;
0.298622;5.39516;
0.298642;5.39533;
0.298662;5.39551;
0.298682;5.39569;
0.298702;5.39587;
0.298722;5.39605;
0.298742;5.39623;
0.298762;5.39642;
0.298782;5.3966;
0.298802;5.39678;
0.298822;5.39696;
0.298842;5.39714;
0.298862;5.39732;
0.298882;5.39751;
0.298902;5.39769;
0.298922;5.39787;
0.298942;5.39806;
0.298962;5.39824;
0.298982;5.39843;
0.299002;5.39861;
0.299022;5.3988;
0.299042;5.39898;
0.299062;5.39917;
0.299082;5.39935;
0.299102;5.39954;
0.299122;5.39973;
0.299142;5.39991;
0.299162;5.4001;
0.299182;5.40029;
0.299202;5.40048;
0.299222;5.40067;
0.299242;5.40085;
0.299262;5.40104;
0.299282;5.40123;
0.299302;5.40142;
0.299322;5.40161;
0.299342;5.4018;
0.299362;5.40199;
0.299382;5.40218;
0.299402;5.40238;
0.299422;5.40257;
0.299442;5.40276;
0.299462;5.40295;
0.299482;5.40314;
0.299502;5.40334;
0.299522;5.40353;
0.299542;5.40372;
0.299562;5.40392;
0.299582;5.40411;
0.299602;5.40431;
0.299622;5.4045;
0.299642;5.4047;
0.299662;5.40489;
0.299682;5.40509;
0.299702;5.40528;
0.299722;5.40548;
0.299742;5.40568;
0.299762;5.40587;
0.299782;5.40607;
0.299802;5.40627;
0.299822;5.40647;
0.299842;5.40666;
0.299862;5.40686;
0.299882;5.40706;
0.299902;5.40726;
0.299922;5.40746;
0.299942;5.40766;
0.299962;5.40786;
0.299982;5.40806;
0.3;5.40824;
0.3;5.40824;
0.3;5.40824;
0.300001;5.40824;
0.300001;5.40825;
0.300001;5.40825;
0.300001;5.40825;
0.300002;5.40825;
0.300002;5.40826;
0.300003;5.40827;
0.300006;5.40829;
0.300009;5.40831;
0.300011;5.40832;
0.300014;5.40833;
0.300019;5.40835;
0.300026;5.40839;
0.30004;5.40846;
0.300053;5.40852;
0.300065;5.40859;
0.300079;5.40866;
0.300099;5.40876;
0.300119;5.40886;
0.300139;5.40896;
0.300159;5.40906;
0.300179;5.40916;
0.300199;5.40927;
0.300219;5.40937;
0.300239;5.40947;
0.300259;5.40957;
0.300279;5.40968;
0.300299;5.40978;
0.300319;5.40989;
0.300339;5.40999;
0.300359;5.4101;
0.300379;5.4102;
0.300399;5.41031;
0.300419;5.41041;
0.300439;5.41052;
0.300459;5.41063;
0.300479;5.41073;
0.300499;5.41084;
0.300519;5.41095;
0.300539;5.41106;
0.300559;5.41117;
0.300579;5.41128;
0.300599;5.41139;
0.300619;5.4115;
0.300639;5.41161;
0.300659;5.41172;
0.300679;5.41183;
0.300699;5.41194;
0.300719;5.41205;
0.300739;5.41216;
0.300759;5.41228;
0.300779;5.41239;
0.300799;5.4125;
0.300819;5.41262;
0.300839;5.41273;
0.300859;5.41284;
0.300879;5.41296;
0.300899;5.41307;
0.300919;5.41319;
0.300939;5.41331;
0.300959;5.41342;
0.300979;5.41354;
0.300999;5.41366;
0.301019;5.41377;
0.301039;5.41389;
0.301059;5.41401;
0.301079;5.41413;
0.301099;5.41425;
0.301119;5.41436;
0.301139;5.41448;
0.301159;5.4146;
0.301179;5.41472;
0.301199;5.41484;
0.301219;5.41497;
0.301239;5.41509;
0.301259;5.41521;
0.301279;5.41533;
0.301299;5.41545;
0.301319;5.41558;
0.301339;5.4157;
0.301359;5.41582;
0.301379;5.41595;
0.301399;5.41607;
0.301419;5.41619;
0.301439;5.41632;
0.301459;5.41644;
0.301479;5.41657;
0.301499;5.4167;
0.301519;5.41682;
0.301539;5.41695;
0.301559;5.41708;
0.301579;5.4172;
0.301599;5.41733;
0.301619;5.41746;
0.301639;5.41759;
0.301659;5.41772;
0.301679;5.41785;
0.301699;5.41798;
0.301719;5.41811;
0.301739;5.41824;
0.301759;5.41837;
0.301779;5.4185;
0.301799;5.41863;
0.301819;5.41876;
0.301839;5.41889;
0.301859;5.41902;
0.301879;5.41916;
0.301899;5.41929;
0.301919;5.41942;
0.301939;5.41956;
0.301959;5.41969;
0.301979;5.41983;
0.301999;5.41996;
0.302001;5.41997;
0.302001;5.41997;
0.302001;5.41997;
0.302002;5.41998;
0.302002;5.41998;
0.302002;5.41998;
0.302002;5.41998;
0.302003;5.41998;
0.302003;5.41999;
0.302004;5.42;
0.302007;5.42001;
0.302012;5.42005;
0.302022;5.42012;
0.302042;5.42025;
0.302062;5.42039;
0.302082;5.42052;
0.302102;5.42066;
0.302122;5.4208;
0.302142;5.42094;
0.302162;5.42107;
0.302182;5.42121;
0.302202;5.42135;
0.302222;5.42149;
0.302242;5.42163;
0.302262;5.42177;
0.302282;5.42191;
0.302302;5.42205;
0.302322;5.42219;
0.302342;5.42233;
0.302362;5.42247;
0.302382;5.42261;
0.302402;5.42275;
0.302422;5.42289;
0.302442;5.42304;
0.302462;5.42318;
0.302482;5.42332;
0.302502;5.42347;
0.302522;5.42361;
0.302542;5.42376;
0.302562;5.4239;
0.302582;5.42405;
0.302602;5.42419;
0.302622;5.42434;
0.302642;5.42448;
0.302662;5.42463;
0.302682;5.42478;
0.302702;5.42492;
0.302722;5.42507;
0.302742;5.42522;
0.302762;5.42537;
0.302782;5.42551;
0.302802;5.42566;
0.302822;5.42581;
0.302842;5.42596;
0.302862;5.42611;
0.302882;5.42626;
0.302902;5.42641;
0.302922;5.42656;
0.302942;5.42671;
0.302962;5.42687;
0.302982;5.42702;
0.303002;5.42717;
0.303022;5.42732;
0.303042;5.42748;
0.303062;5.42763;
0.303082;5.42778;
0.303102;5.42794;
0.303122;5.42809;
0.303142;5.42825;
0.303162;5.4284;
0.303182;5.42856;
0.303202;5.42871;
0.303222;5.42887;
0.303242;5.42902;
0.303262;5.42918;
0.303282;5.42934;
0.303302;5.42949;
0.303322;5.42965;
0.303342;5.42981;
0.303362;5.42997;
0.303382;5.43013;
0.303402;5.43029;
0.303422;5.43045;
0.303442;5.43061;
0.303462;5.43077;
0.303482;5.43093;
0.303502;5.43109;
0.303522;5.43125;
0.303542;5.43141;
0.303562;5.43157;
0.303582;5.43173;
0.303602;5.43189;
0.303622;5.43206;
0.303642;5.43222;
0.303662;5.43238;
0.303682;5.43255;
0.303702;5.43271;
0.303722;5.43288;
0.303742;5.43304;
0.303762;5.43321;
0.303782;5.43337;
0.303802;5.43354;
0.303822;5.4337;
0.303842;5.43387;
0.303862;5.43404;
0.303882;5.4342;
0.303902;5.43437;
0.303922;5.43454;
0.303942;5.43471;
0.303962;5.43487;
0.303982;5.43504;
0.304;5.43519;
0.304;5.43519;
0.304;5.43519;
0.304001;5.4352;
0.304001;5.4352;
0.304001;5.4352;
0.304001;5.4352;
0.304002;5.43521;
0.304002;5.43521;
0.304003;5.43522;
0.304006;5.43524;
0.304011;5.43529;
0.304021;5.43537;
0.304041;5.43554;
0.304061;5.43571;
0.304081;5.43588;
0.304101;5.43605;
0.304121;5.43623;
0.304141;5.4364;
0.304161;5.43657;
0.304181;5.43674;
0.304201;5.43691;
0.304221;5.43709;
0.304241;5.43726;
0.304261;5.43743;
0.304281;5.43761;
0.304301;5.43778;
0.304321;5.43795;
0.304341;5.43813;
0.304361;5.4383;
0.304381;5.43848;
0.304401;5.43865;
0.304421;5.43883;
0.304441;5.43901;
0.304461;5.43918;
0.304481;5.43936;
0.304501;5.43954;
0.304521;5.43971;
0.304541;5.43989;
0.304561;5.44007;
0.304581;5.44025;
0.304601;5.44043;
0.304621;5.44061;
0.304641;5.44079;
0.304661;5.44097;
0.304681;5.44115;
0.304701;5.44133;
0.304721;5.44151;
0.304741;5.44169;
0.304761;5.44187;
0.304781;5.44205;
0.304801;5.44223;
0.304821;5.44242;
0.304841;5.4426;
0.304861;5.44278;
0.304881;5.44297;
0.304901;5.44315;
0.304921;5.44333;
0.304941;5.44352;
0.304961;5.4437;
0.304981;5.44389;
0.305001;5.44407;
0.305021;5.44426;
0.305041;5.44444;
0.305061;5.44463;
0.305081;5.44482;
0.305101;5.445;
0.305121;5.44519;
0.305141;5.44538;
0.305161;5.44557;
0.305181;5.44576;
0.305201;5.44594;
0.305221;5.44613;
0.305241;5.44632;
0.305261;5.44651;
0.305281;5.4467;
0.305301;5.44689;
0.305321;5.44708;
0.305341;5.44727;
0.305361;5.44746;
0.305381;5.44765;
0.305401;5.44785;
0.305421;5.44804;
0.305441;5.44823;
0.305461;5.44842;
0.305481;5.44862;
0.305501;5.44881;
0.305521;5.449;
0.305541;5.4492;
0.305561;5.44939;
0.305581;5.44959;
0.305601;5.44978;
0.305621;5.44998;
0.305641;5.45017;
0.305661;5.45037;
0.305681;5.45056;
0.305701;5.45076;
0.305721;5.45096;
0.305741;5.45115;
0.305761;5.45135;
0.305781;5.45155;
0.305801;5.45175;
0.305821;5.45194;
0.305841;5.45214;
0.305861;5.45234;
0.305881;5.45254;
0.305901;5.45274;
0.305921;5.45294;
0.305941;5.45314;
0.305961;5.45334;
0.305981;5.45354;
0.306001;5.45374;
0.306001;5.45374;
0.306001;5.45374;
0.306002;5.45375;
0.306002;5.45375;
0.306002;5.45375;
0.306002;5.45375;
0.306003;5.45375;
0.306003;5.45376;
0.306004;5.45377;
0.306007;5.4538;
0.306012;5.45385;
0.306022;5.45395;
0.306042;5.45416;
0.306062;5.45436;
0.306082;5.45456;
0.306102;5.45476;
0.306122;5.45497;
0.306142;5.45517;
0.306162;5.45537;
0.306182;5.45558;
0.306202;5.45578;
0.306222;5.45599;
0.306242;5.45619;
0.306262;5.4564;
0.306282;5.4566;
0.306302;5.45681;
0.306322;5.45701;
0.306342;5.45722;
0.306362;5.45743;
0.306382;5.45763;
0.306402;5.45784;
0.306422;5.45805;
0.306442;5.45825;
0.306462;5.45846;
0.306482;5.45867;
0.306502;5.45888;
0.306522;5.45909;
0.306542;5.4593;
0.306562;5.45951;
0.306582;5.45972;
0.306602;5.45993;
0.306622;5.46014;
0.306642;5.46035;
0.306662;5.46056;
0.306682;5.46077;
0.306702;5.46098;
0.306722;5.4612;
0.306742;5.46141;
0.306762;5.46162;
0.306782;5.46184;
0.306802;5.46205;
0.306822;5.46226;
0.306842;5.46248;
0.306862;5.46269;
0.306882;5.4629;
0.306902;5.46312;
0.306922;5.46333;
0.306942;5.46355;
0.306962;5.46377;
0.306982;5.46398;
0.307002;5.4642;
0.307022;5.46442;
0.307042;5.46463;
0.307062;5.46485;
0.307082;5.46507;
0.307102;5.46528;
0.307122;5.4655;
0.307142;5.46572;
0.307162;5.46594;
0.307182;5.46616;
0.307202;5.46638;
0.307222;5.4666;
0.307242;5.46682;
0.307262;5.46704;
0.307282;5.46726;
0.307302;5.46748;
0.307322;5.4677;
0.307342;5.46792;
0.307362;5.46814;
0.307382;5.46837;
0.307402;5.46859;
0.307422;5.46881;
0.307442;5.46903;
0.307462;5.46926;
0.307482;5.46948;
0.307502;5.4697;
0.307522;5.46993;
0.307542;5.47015;
0.307562;5.47038;
0.307582;5.4706;
0.307602;5.47083;
0.307622;5.47105;
0.307642;5.47128;
0.307662;5.47151;
0.307682;5.47173;
0.307702;5.47196;
0.307722;5.47219;
0.307742;5.47241;
0.307762;5.47264;
0.307782;5.47287;
0.307802;5.4731;
0.307822;5.47332;
0.307842;5.47355;
0.307862;5.47378;
0.307882;5.47401;
0.307902;5.47424;
0.307922;5.47447;
0.307942;5.4747;
0.30796;5.47488;
0.307972;5.47498;
0.307982;5.47505;
0.307987;5.47509;
0.307994;5.47513;
0.308;5.47518;
0.308;5.47518;
0.308;5.47518;
0.308001;5.47518;
0.308001;5.47519;
0.308001;5.47519;
0.308001;5.47519;
0.308002;5.47519;
0.308002;5.47519;
0.308003;5.4752;
0.308006;5.47522;
0.308011;5.47526;
0.308017;5.4753;
0.308028;5.47538;
0.308039;5.47545;
0.308054;5.47556;
0.308074;5.4757;
0.308091;5.47582;
0.308108;5.47595;
0.308127;5.47608;
0.308147;5.47622;
0.308167;5.47636;
0.308187;5.47651;
0.308207;5.47665;
0.308227;5.4768;
0.308247;5.47694;
0.308267;5.47709;
0.308287;5.47723;
0.308307;5.47738;
0.308327;5.47753;
0.308347;5.47767;
0.308367;5.47782;
0.308387;5.47797;
0.308407;5.47812;
0.308427;5.47826;
0.308447;5.47841;
0.308467;5.47856;
0.308487;5.47871;
0.308507;5.47886;
0.308527;5.47901;
0.308547;5.47916;
0.308567;5.47931;
0.308587;5.47946;
0.308607;5.47961;
0.308627;5.47976;
0.308647;5.47992;
0.308667;5.48007;
0.308687;5.48022;
0.308707;5.48037;
0.308727;5.48053;
0.308747;5.48068;
0.308767;5.48083;
0.308787;5.48099;
0.308807;5.48114;
0.308827;5.4813;
0.308847;5.48145;
0.308867;5.48161;
0.308887;5.48176;
0.308907;5.48192;
0.308927;5.48208;
0.308947;5.48223;
0.308967;5.48239;
0.308987;5.48255;
0.309007;5.48271;
0.309027;5.48287;
0.309047;5.48302;
0.309067;5.48318;
0.309087;5.48334;
0.309107;5.4835;
0.309127;5.48366;
0.309147;5.48382;
0.309167;5.48398;
0.309187;5.48414;
0.309207;5.48431;
0.309227;5.48447;
0.309247;5.48463;
0.309267;5.48479;
0.309287;5.48495;
0.309307;5.48512;
0.309327;5.48528;
0.309347;5.48544;
0.309367;5.48561;
0.309387;5.48577;
0.309407;5.48594;
0.309427;5.4861;
0.309447;5.48627;
0.309467;5.48643;
0.309487;5.4866;
0.309507;5.48676;
0.309527;5.48693;
0.309547;5.4871;
0.309567;5.48726;
0.309587;5.48743;
0.309607;5.4876;
0.309627;5.48777;
0.309647;5.48794;
0.309667;5.4881;
0.309687;5.48827;
0.309707;5.48844;
0.309727;5.48861;
0.309747;5.48878;
0.309767;5.48895;
0.309787;5.48912;
0.309807;5.4893;
0.309827;5.48947;
0.309847;5.48964;
0.309867;5.48981;
0.309887;5.48998;
0.309907;5.49016;
0.309927;5.49033;
0.309947;5.4905;
0.309967;5.49068;
0.309987;5.49085;
0.310001;5.49098;
0.310001;5.49098;
0.310001;5.49098;
0.310002;5.49098;
0.310002;5.49098;
0.310002;5.49099;
0.310002;5.49099;
0.310003;5.49099;
0.310003;5.491;
0.310004;5.49101;
0.310007;5.49103;
0.310012;5.49107;
0.310022;5.49116;
0.310042;5.49134;
0.310062;5.49151;
0.310082;5.49169;
0.310102;5.49186;
0.310122;5.49204;
0.310142;5.49222;
0.310162;5.49239;
0.310182;5.49257;
0.310202;5.49275;
0.310222;5.49293;
0.310242;5.4931;
0.310262;5.49328;
0.310282;5.49346;
0.310302;5.49364;
0.310322;5.49382;
0.310342;5.494;
0.310362;5.49418;
0.310382;5.49436;
0.310402;5.49454;
0.310422;5.49472;
0.310442;5.4949;
0.310462;5.49509;
0.310482;5.49527;
0.310502;5.49545;
0.310522;5.49563;
0.310542;5.49582;
0.310562;5.496;
0.310582;5.49618;
0.310602;5.49637;
0.310622;5.49655;
0.310642;5.49673;
0.310662;5.49692;
0.310682;5.4971;
0.310702;5.49729;
0.310722;5.49748;
0.310742;5.49766;
0.310762;5.49785;
0.310782;5.49803;
0.310802;5.49822;
0.310822;5.49841;
0.310842;5.4986;
0.310862;5.49879;
0.310882;5.49897;
0.310902;5.49916;
0.310922;5.49935;
0.310942;5.49954;
0.310962;5.49973;
0.310982;5.49992;
0.311002;5.50011;
0.311022;5.5003;
0.311042;5.50049;
0.311062;5.50068;
0.311082;5.50087;
0.311102;5.50107;
0.311122;5.50126;
0.311142;5.50145;
0.311162;5.50164;
0.311182;5.50184;
0.311202;5.50203;
0.311222;5.50222;
0.311242;5.50242;
0.311262;5.50261;
0.311282;5.50281;
0.311302;5.503;
0.311322;5.5032;
0.311342;5.50339;
0.311362;5.50359;
0.311382;5.50378;
0.311402;5.50398;
0.311422;5.50418;
0.311442;5.50437;
0.311462;5.50457;
0.311482;5.50477;
0.311502;5.50497;
0.311522;5.50516;
0.311542;5.50536;
0.311562;5.50556;
0.311582;5.50576;
0.311602;5.50596;
0.311622;5.50616;
0.311642;5.50636;
0.311662;5.50656;
0.311682;5.50676;
0.311702;5.50696;
0.311722;5.50716;
0.311742;5.50736;
0.311762;5.50757;
0.311782;5.50777;
0.311802;5.50797;
0.311822;5.50817;
0.311842;5.50838;
0.311862;5.50858;
0.311882;5.50878;
0.311902;5.50899;
0.311922;5.50919;
0.311942;5.5094;
0.311962;5.5096;
0.311982;5.50978;
0.311996;5.50987;
0.312;5.50989;
0.312;5.50989;
0.312;5.50989;
0.312001;5.5099;
0.312001;5.5099;
0.312001;5.5099;
0.312001;5.5099;
0.312002;5.5099;
0.312002;5.5099;
0.312003;5.50991;
0.312006;5.50992;
0.312011;5.50995;
0.312021;5.51001;
0.312041;5.51011;
0.312055;5.51019;
0.31207;5.51027;
0.31209;5.51038;
0.31211;5.51048;
0.31213;5.51059;
0.31215;5.5107;
0.31217;5.51081;
0.31219;5.51092;
0.31221;5.51103;
0.31223;5.51114;
0.31225;5.51125;
0.31227;5.51136;
0.31229;5.51148;
0.31231;5.51159;
0.31233;5.5117;
0.31235;5.51181;
0.31237;5.51193;
0.31239;5.51204;
0.31241;5.51215;
0.31243;5.51227;
0.31245;5.51238;
0.31247;5.5125;
0.31249;5.51261;
0.31251;5.51273;
0.31253;5.51284;
0.31255;5.51296;
0.31257;5.51308;
0.31259;5.51319;
0.31261;5.51331;
0.31263;5.51343;
0.31265;5.51355;
0.31267;5.51367;
0.31269;5.51378;
0.31271;5.5139;
0.31273;5.51402;
0.31275;5.51414;
0.31277;5.51426;
0.31279;5.51438;
0.31281;5.5145;
0.31283;5.51463;
0.31285;5.51475;
0.31287;5.51487;
0.31289;5.51499;
0.31291;5.51511;
0.31293;5.51524;
0.31295;5.51536;
0.31297;5.51549;
0.31299;5.51561;
0.31301;5.51573;
0.31303;5.51586;
0.31305;5.51598;
0.31307;5.51611;
0.31309;5.51623;
0.31311;5.51636;
0.31313;5.51649;
0.31315;5.51661;
0.31317;5.51674;
0.31319;5.51687;
0.31321;5.517;
0.31323;5.51713;
0.31325;5.51725;
0.31327;5.51738;
0.31329;5.51751;
0.31331;5.51764;
0.31333;5.51777;
0.31335;5.5179;
0.31337;5.51803;
0.31339;5.51816;
0.31341;5.5183;
0.31343;5.51843;
0.31345;5.51856;
0.31347;5.51869;
0.31349;5.51883;
0.31351;5.51896;
0.31353;5.51909;
0.31355;5.51923;
0.31357;5.51936;
0.31359;5.51949;
0.31361;5.51963;
0.31363;5.51976;
0.31365;5.5199;
0.31367;5.52004;
0.31369;5.52017;
0.31371;5.52031;
0.31373;5.52045;
0.31375;5.52058;
0.31377;5.52072;
0.31379;5.52086;
0.31381;5.521;
0.31383;5.52114;
0.31385;5.52128;
0.31387;5.52141;
0.31389;5.52155;
0.31391;5.52169;
0.31393;5.52183;
0.31395;5.52198;
0.31397;5.52212;
0.31399;5.52226;
0.314001;5.52234;
0.314001;5.52234;
0.314001;5.52234;
0.314002;5.52234;
0.314002;5.52234;
0.314002;5.52234;
0.314002;5.52234;
0.314003;5.52235;
0.314003;5.52235;
0.314004;5.52236;
0.314007;5.52238;
0.314012;5.52242;
0.314022;5.52249;
0.314042;5.52263;
0.314062;5.52277;
0.314082;5.52292;
0.314102;5.52306;
0.314122;5.5232;
0.314142;5.52335;
0.314162;5.52349;
0.314182;5.52364;
0.314202;5.52378;
0.314222;5.52393;
0.314242;5.52407;
0.314262;5.52422;
0.314282;5.52436;
0.314302;5.52451;
0.314322;5.52466;
0.314342;5.52481;
0.314362;5.52495;
0.314382;5.5251;
0.314402;5.52525;
0.314422;5.5254;
0.314442;5.52555;
0.314462;5.5257;
0.314482;5.52585;
0.314502;5.526;
0.314522;5.52615;
0.314542;5.5263;
0.314562;5.52645;
0.314582;5.5266;
0.314602;5.52675;
0.314622;5.5269;
0.314642;5.52706;
0.314662;5.52721;
0.314682;5.52736;
0.314702;5.52752;
0.314722;5.52767;
0.314742;5.52782;
0.314762;5.52798;
0.314782;5.52813;
0.314802;5.52829;
0.314822;5.52844;
0.314842;5.5286;
0.314862;5.52875;
0.314882;5.52891;
0.314902;5.52907;
0.314922;5.52922;
0.314942;5.52938;
0.314962;5.52954;
0.314982;5.5297;
0.315002;5.52986;
0.315022;5.53001;
0.315042;5.53017;
0.315062;5.53033;
0.315082;5.53049;
0.315102;5.53065;
0.315122;5.53081;
0.315142;5.53097;
0.315162;5.53113;
0.315182;5.5313;
0.315202;5.53146;
0.315222;5.53162;
0.315242;5.53178;
0.315262;5.53194;
0.315282;5.53211;
0.315302;5.53227;
0.315322;5.53243;
0.315342;5.5326;
0.315362;5.53276;
0.315382;5.53293;
0.315402;5.53309;
0.315422;5.53326;
0.315442;5.53342;
0.315462;5.53359;
0.315482;5.53376;
0.315502;5.53392;
0.315522;5.53409;
0.315542;5.53426;
0.315562;5.53442;
0.315582;5.53459;
0.315602;5.53476;
0.315622;5.53493;
0.315642;5.5351;
0.315662;5.53527;
0.315682;5.53543;
0.315702;5.5356;
0.315722;5.53577;
0.315742;5.53595;
0.315762;5.53612;
0.315782;5.53629;
0.315802;5.53646;
0.315822;5.53663;
0.315842;5.5368;
0.315862;5.53697;
0.315882;5.53715;
0.315902;5.53732;
0.315922;5.53749;
0.315942;5.53767;
0.315962;5.53784;
0.315982;5.53802;
0.316;5.53817;
0.316;5.53817;
0.316;5.53817;
0.316001;5.53818;
0.316001;5.53818;
0.316001;5.53818;
0.316001;5.53818;
0.316001;5.53818;
0.316002;5.53818;
0.316002;5.53819;
0.316003;5.5382;
0.316006;5.53821;
0.316009;5.53823;
0.316011;5.53824;
0.316014;5.53825;
0.316018;5.53826;
0.316025;5.53829;
0.316037;5.53833;
0.316049;5.53838;
0.316061;5.53842;
0.316073;5.53846;
0.316093;5.53854;
0.316113;5.53861;
0.316133;5.53869;
0.316153;5.53876;
0.316173;5.53884;
0.316193;5.53892;
0.316213;5.53899;
0.316233;5.53907;
0.316253;5.53915;
0.316273;5.53923;
0.316293;5.5393;
0.316313;5.53938;
0.316333;5.53946;
0.316353;5.53954;
0.316373;5.53962;
0.316393;5.5397;
0.316413;5.53978;
0.316433;5.53986;
0.316453;5.53994;
0.316473;5.54002;
0.316493;5.54011;
0.316513;5.54019;
0.316533;5.54027;
0.316553;5.54035;
0.316573;5.54044;
0.316593;5.54052;
0.316613;5.54061;
0.316633;5.54069;
0.316653;5.54078;
0.316673;5.54086;
0.316693;5.54095;
0.316713;5.54103;
0.316733;5.54112;
0.316753;5.54121;
0.316773;5.54129;
0.316793;5.54138;
0.316813;5.54147;
0.316833;5.54156;
0.316853;5.54165;
0.316873;5.54173;
0.316893;5.54182;
0.316913;5.54191;
0.316933;5.542;
0.316953;5.54209;
0.316973;5.54218;
0.316993;5.54228;
0.317013;5.54237;
0.317033;5.54246;
0.317053;5.54255;
0.317073;5.54264;
0.317093;5.54274;
0.317113;5.54283;
0.317133;5.54293;
0.317153;5.54302;
0.317173;5.54311;
0.317193;5.54321;
0.317213;5.5433;
0.317233;5.5434;
0.317253;5.5435;
0.317273;5.54359;
0.317293;5.54369;
0.317313;5.54379;
0.317333;5.54388;
0.317353;5.54398;
0.317373;5.54408;
0.317393;5.54418;
0.317413;5.54428;
0.317433;5.54438;
0.317453;5.54448;
0.317473;5.54458;
0.317493;5.54468;
0.317513;5.54478;
0.317533;5.54488;
0.317553;5.54498;
0.317573;5.54508;
0.317593;5.54518;
0.317613;5.54529;
0.317633;5.54539;
0.317653;5.54549;
0.317673;5.5456;
0.317693;5.5457;
0.317713;5.54581;
0.317733;5.54591;
0.317753;5.54602;
0.317773;5.54612;
0.317793;5.54623;
0.317813;5.54633;
0.317833;5.54644;
0.317853;5.54655;
0.317873;5.54665;
0.317893;5.54676;
0.317913;5.54687;
0.317933;5.54698;
0.317953;5.54709;
0.317973;5.5472;
0.317993;5.5473;
0.318001;5.54735;
0.318001;5.54735;
0.318001;5.54735;
0.318002;5.54735;
0.318002;5.54736;
0.318002;5.54736;
0.318002;5.54736;
0.318003;5.54736;
0.318003;5.54736;
0.318004;5.54737;
0.318007;5.54738;
0.318012;5.54741;
0.318022;5.54747;
0.318042;5.54758;
0.318062;5.54769;
0.318082;5.5478;
0.318102;5.54791;
0.318122;5.54802;
0.318142;5.54813;
0.318162;5.54825;
0.318182;5.54836;
0.318202;5.54847;
0.318222;5.54859;
0.318242;5.5487;
0.318262;5.54881;
0.318282;5.54893;
0.318302;5.54904;
0.318322;5.54916;
0.318342;5.54927;
0.318362;5.54939;
0.318382;5.54951;
0.318402;5.54962;
0.318422;5.54974;
0.318442;5.54986;
0.318462;5.54998;
0.318482;5.55009;
0.318502;5.55021;
0.318522;5.55033;
0.318542;5.55045;
0.318562;5.55057;
0.318582;5.55069;
0.318602;5.55081;
0.318622;5.55093;
0.318642;5.55105;
0.318662;5.55117;
0.318682;5.55129;
0.318702;5.55142;
0.318722;5.55154;
0.318742;5.55166;
0.318762;5.55178;
0.318782;5.55191;
0.318802;5.55203;
0.318822;5.55216;
0.318842;5.55228;
0.318862;5.5524;
0.318882;5.55253;
0.318902;5.55266;
0.318922;5.55278;
0.318942;5.55291;
0.318962;5.55303;
0.318982;5.55316;
0.319002;5.55329;
0.319022;5.55342;
0.319042;5.55354;
0.319062;5.55367;
0.319082;5.5538;
0.319102;5.55393;
0.319122;5.55406;
0.319142;5.55419;
0.319162;5.55432;
0.319182;5.55445;
0.319202;5.55458;
0.319222;5.55471;
0.319242;5.55484;
0.319262;5.55497;
0.319282;5.55511;
0.319302;5.55524;
0.319322;5.55537;
0.319342;5.5555;
0.319362;5.55564;
0.319382;5.55577;
0.319402;5.5559;
0.319422;5.55604;
0.319442;5.55617;
0.319462;5.55631;
0.319482;5.55644;
0.319502;5.55658;
0.319522;5.55672;
0.319542;5.55685;
0.319562;5.55699;
0.319582;5.55713;
0.319602;5.55726;
0.319622;5.5574;
0.319642;5.55754;
0.319662;5.55768;
0.319682;5.55782;
0.319702;5.55796;
0.319722;5.5581;
0.319742;5.55824;
0.319762;5.55838;
0.319782;5.55852;
0.319802;5.55866;
0.319822;5.5588;
0.319842;5.55894;
0.319862;5.55908;
0.319882;5.55922;
0.319902;5.55937;
0.319922;5.55951;
0.319942;5.55965;
0.319962;5.5598;
0.319982;5.55994;
0.32;5.56007;
0.32;5.56007;
0.32;5.56007;
0.320001;5.56007;
0.320001;5.56007;
0.320001;5.56008;
0.320001;5.56008;
0.320002;5.56008;
0.320002;5.56008;
0.320003;5.56009;
0.320006;5.56011;
0.320011;5.56015;
0.320021;5.56022;
0.320041;5.56037;
0.320061;5.56051;
0.320081;5.56066;
0.320101;5.5608;
0.320121;5.56095;
0.320141;5.5611;
0.320161;5.56124;
0.320181;5.56139;
0.320201;5.56154;
0.320221;5.56169;
0.320241;5.56183;
0.320261;5.56198;
0.320281;5.56213;
0.320301;5.56228;
0.320321;5.56243;
0.320341;5.56258;
0.320361;5.56273;
0.320381;5.56288;
0.320401;5.56303;
0.320421;5.56318;
0.320441;5.56334;
0.320461;5.56349;
0.320481;5.56364;
0.320501;5.56379;
0.320521;5.56395;
0.320541;5.5641;
0.320561;5.56425;
0.320581;5.56441;
0.320601;5.56456;
0.320621;5.56471;
0.320641;5.56487;
0.320661;5.56502;
0.320681;5.56518;
0.320701;5.56534;
0.320721;5.56549;
0.320741;5.56565;
0.320761;5.56581;
0.320781;5.56596;
0.320801;5.56612;
0.320821;5.56628;
0.320841;5.56644;
0.320861;5.56659;
0.320881;5.56675;
0.320901;5.56691;
0.320921;5.56707;
0.320941;5.56723;
0.320961;5.56739;
0.320981;5.56755;
0.321001;5.56771;
0.321021;5.56787;
0.321041;5.56804;
0.321061;5.5682;
0.321081;5.56836;
0.321101;5.56852;
0.321121;5.56868;
0.321141;5.56885;
0.321161;5.56901;
0.321181;5.56917;
0.321201;5.56934;
0.321221;5.5695;
0.321241;5.56967;
0.321261;5.56983;
0.321281;5.57;
0.321301;5.57016;
0.321321;5.57033;
0.321341;5.5705;
0.321361;5.57066;
0.321381;5.57083;
0.321401;5.571;
0.321421;5.57116;
0.321441;5.57133;
0.321461;5.5715;
0.321481;5.57167;
0.321501;5.57184;
0.321521;5.57201;
0.321541;5.57218;
0.321561;5.57235;
0.321581;5.57252;
0.321601;5.57269;
0.321621;5.57286;
0.321641;5.57303;
0.321661;5.5732;
0.321681;5.57337;
0.321701;5.57354;
0.321721;5.57372;
0.321741;5.57389;
0.321761;5.57406;
0.321781;5.57423;
0.321801;5.57441;
0.321821;5.57458;
0.321841;5.57476;
0.321861;5.57493;
0.321881;5.57511;
0.321901;5.57528;
0.321921;5.57546;
0.321941;5.57563;
0.321961;5.57581;
0.321981;5.57598;
0.322001;5.57616;
0.322001;5.57616;
0.322001;5.57616;
0.322002;5.57616;
0.322002;5.57617;
0.322002;5.57617;
0.322002;5.57617;
0.322003;5.57617;
0.322003;5.57618;
0.322004;5.57619;
0.322007;5.57621;
0.322012;5.57626;
0.322022;5.57635;
0.322042;5.57652;
0.322062;5.5767;
0.322082;5.57688;
0.322102;5.57706;
0.322122;5.57724;
0.322142;5.57742;
0.322162;5.5776;
0.322182;5.57778;
0.322202;5.57796;
0.322222;5.57814;
0.322242;5.57832;
0.322262;5.5785;
0.322282;5.57868;
0.322302;5.57886;
0.322322;5.57904;
0.322342;5.57922;
0.322362;5.57941;
0.322382;5.57959;
0.322402;5.57977;
0.322422;5.57995;
0.322442;5.58014;
0.322462;5.58032;
0.322482;5.58051;
0.322502;5.58069;
0.322522;5.58088;
0.322542;5.58106;
0.322562;5.58125;
0.322582;5.58143;
0.322602;5.58162;
0.322622;5.58181;
0.322642;5.58199;
0.322662;5.58218;
0.322682;5.58237;
0.322702;5.58255;
0.322722;5.58274;
0.322742;5.58293;
0.322762;5.58312;
0.322782;5.58331;
0.322802;5.5835;
0.322822;5.58369;
0.322842;5.58388;
0.322862;5.58407;
0.322882;5.58426;
0.322902;5.58445;
0.322922;5.58464;
0.322942;5.58483;
0.322962;5.58502;
0.322982;5.58521;
0.323002;5.58541;
0.323022;5.5856;
0.323042;5.58579;
0.323062;5.58599;
0.323082;5.58618;
0.323102;5.58637;
0.323122;5.58657;
0.323142;5.58676;
0.323162;5.58696;
0.323182;5.58715;
0.323202;5.58735;
0.323222;5.58754;
0.323242;5.58774;
0.323262;5.58793;
0.323282;5.58813;
0.323302;5.58833;
0.323322;5.58852;
0.323342;5.58872;
0.323362;5.58892;
0.323382;5.58912;
0.323402;5.58932;
0.323422;5.58951;
0.323442;5.58971;
0.323462;5.58991;
0.323482;5.59011;
0.323502;5.59031;
0.323522;5.59051;
0.323542;5.59071;
0.323562;5.59091;
0.323582;5.59111;
0.323602;5.59132;
0.323622;5.59152;
0.323642;5.59172;
0.323662;5.59192;
0.323682;5.59212;
0.323702;5.59233;
0.323722;5.59253;
0.323742;5.59273;
0.323762;5.59294;
0.323782;5.59314;
0.323802;5.59335;
0.323822;5.59355;
0.323842;5.59375;
0.323862;5.59396;
0.323882;5.59417;
0.323902;5.59437;
0.323922;5.59458;
0.323942;5.59478;
0.32396;5.59494;
0.323973;5.59503;
0.323985;5.5951;
0.323993;5.59514;
0.324;5.59518;
0.324;5.59518;
0.324;5.59518;
0.324001;5.59519;
0.324001;5.59519;
0.324001;5.59519;
0.324001;5.59519;
0.324002;5.59519;
0.324002;5.59519;
0.324003;5.5952;
0.324006;5.59522;
0.324011;5.59524;
0.324021;5.5953;
0.324041;5.59541;
0.324061;5.59552;
0.324077;5.59561;
0.324093;5.5957;
0.32411;5.5958;
0.32413;5.59591;
0.32415;5.59603;
0.32417;5.59614;
0.32419;5.59625;
0.32421;5.59637;
0.32423;5.59648;
0.32425;5.5966;
0.32427;5.59671;
0.32429;5.59683;
0.32431;5.59695;
0.32433;5.59706;
0.32435;5.59718;
0.32437;5.5973;
0.32439;5.59742;
0.32441;5.59753;
0.32443;5.59765;
0.32445;5.59777;
0.32447;5.59789;
0.32449;5.59801;
0.32451;5.59813;
0.32453;5.59825;
0.32455;5.59837;
0.32457;5.59849;
0.32459;5.59861;
0.32461;5.59873;
0.32463;5.59886;
0.32465;5.59898;
0.32467;5.5991;
0.32469;5.59922;
0.32471;5.59935;
0.32473;5.59947;
0.32475;5.59959;
0.32477;5.59972;
0.32479;5.59984;
0.32481;5.59997;
0.32483;5.60009;
0.32485;5.60022;
0.32487;5.60035;
0.32489;5.60047;
0.32491;5.6006;
0.32493;5.60073;
0.32495;5.60085;
0.32497;5.60098;
0.32499;5.60111;
0.32501;5.60124;
0.32503;5.60137;
0.32505;5.6015;
0.32507;5.60162;
0.32509;5.60175;
0.32511;5.60188;
0.32513;5.60202;
0.32515;5.60215;
0.32517;5.60228;
0.32519;5.60241;
0.32521;5.60254;
0.32523;5.60267;
0.32525;5.60281;
0.32527;5.60294;
0.32529;5.60307;
0.32531;5.60321;
0.32533;5.60334;
0.32535;5.60347;
0.32537;5.60361;
0.32539;5.60374;
0.32541;5.60388;
0.32543;5.60401;
0.32545;5.60415;
0.32547;5.60429;
0.32549;5.60442;
0.32551;5.60456;
0.32553;5.6047;
0.32555;5.60483;
0.32557;5.60497;
0.32559;5.60511;
0.32561;5.60525;
0.32563;5.60539;
0.32565;5.60553;
0.32567;5.60567;
0.32569;5.60581;
0.32571;5.60595;
0.32573;5.60609;
0.32575;5.60623;
0.32577;5.60637;
0.32579;5.60651;
0.32581;5.60665;
0.32583;5.6068;
0.32585;5.60694;
0.32587;5.60708;
0.32589;5.60722;
0.32591;5.60737;
0.32593;5.60751;
0.32595;5.60766;
0.32597;5.6078;
0.32599;5.60795;
0.326001;5.60803;
0.326001;5.60803;
0.326001;5.60803;
0.326002;5.60803;
0.326002;5.60803;
0.326002;5.60803;
0.326002;5.60803;
0.326003;5.60804;
0.326003;5.60804;
0.326004;5.60805;
0.326007;5.60807;
0.326012;5.60811;
0.326022;5.60818;
0.326042;5.60833;
0.326062;5.60847;
0.326082;5.60862;
0.326102;5.60877;
0.326122;5.60891;
0.326142;5.60906;
0.326162;5.60921;
0.326182;5.60936;
0.326202;5.6095;
0.326222;5.60965;
0.326242;5.6098;
0.326262;5.60995;
0.326282;5.6101;
0.326302;5.61025;
0.326322;5.6104;
0.326342;5.61055;
0.326362;5.6107;
0.326382;5.61086;
0.326402;5.61101;
0.326422;5.61116;
0.326442;5.61131;
0.326462;5.61146;
0.326482;5.61162;
0.326502;5.61177;
0.326522;5.61192;
0.326542;5.61208;
0.326562;5.61223;
0.326582;5.61239;
0.326602;5.61254;
0.326622;5.6127;
0.326642;5.61285;
0.326662;5.61301;
0.326682;5.61317;
0.326702;5.61332;
0.326722;5.61348;
0.326742;5.61364;
0.326762;5.61379;
0.326782;5.61395;
0.326802;5.61411;
0.326822;5.61427;
0.326842;5.61443;
0.326862;5.61459;
0.326882;5.61475;
0.326902;5.61491;
0.326922;5.61507;
0.326942;5.61523;
0.326962;5.61539;
0.326982;5.61555;
0.327002;5.61571;
0.327022;5.61587;
0.327042;5.61603;
0.327062;5.6162;
0.327082;5.61636;
0.327102;5.61652;
0.327122;5.61669;
0.327142;5.61685;
0.327162;5.61701;
0.327182;5.61718;
0.327202;5.61734;
0.327222;5.61751;
0.327242;5.61767;
0.327262;5.61784;
0.327282;5.618;
0.327302;5.61817;
0.327322;5.61834;
0.327342;5.6185;
0.327362;5.61867;
0.327382;5.61884;
0.327402;5.61901;
0.327422;5.61918;
0.327442;5.61934;
0.327462;5.61951;
0.327482;5.61968;
0.327502;5.61985;
0.327522;5.62002;
0.327542;5.62019;
0.327562;5.62036;
0.327582;5.62053;
0.327602;5.6207;
0.327622;5.62087;
0.327642;5.62105;
0.327662;5.62122;
0.327682;5.62139;
0.327702;5.62156;
0.327722;5.62174;
0.327742;5.62191;
0.327762;5.62208;
0.327782;5.62226;
0.327802;5.62243;
0.327822;5.6226;
0.327842;5.62278;
0.327862;5.62295;
0.327882;5.62313;
0.327902;5.62331;
0.327922;5.62348;
0.327942;5.62366;
0.327962;5.62383;
0.327982;5.624;
0.327995;5.62408;
0.328;5.6241;
0.328;5.6241;
0.328;5.6241;
0.328001;5.6241;
0.328001;5.6241;
0.328001;5.6241;
0.328001;5.6241;
0.328002;5.6241;
0.328002;5.6241;
0.328003;5.62411;
0.328006;5.62411;
0.328011;5.62413;
0.328021;5.62416;
0.328032;5.62419;
0.328047;5.62423;
0.32806;5.62427;
0.328074;5.6243;
0.328094;5.62436;
0.328114;5.62442;
0.328134;5.62448;
0.328154;5.62453;
0.328174;5.62459;
0.328194;5.62465;
0.328214;5.62471;
0.328234;5.62477;
0.328254;5.62483;
0.328274;5.62489;
0.328294;5.62495;
0.328314;5.62501;
0.328334;5.62507;
0.328354;5.62513;
0.328374;5.62519;
0.328394;5.62526;
0.328414;5.62532;
0.328434;5.62538;
0.328454;5.62544;
0.328474;5.62551;
0.328494;5.62557;
0.328514;5.62564;
0.328534;5.6257;
0.328554;5.62577;
0.328574;5.62583;
0.328594;5.6259;
0.328614;5.62597;
0.328634;5.62603;
0.328654;5.6261;
0.328674;5.62617;
0.328694;5.62623;
0.328714;5.6263;
0.328734;5.62637;
0.328754;5.62644;
0.328774;5.62651;
0.328794;5.62658;
0.328814;5.62665;
0.328834;5.62672;
0.328854;5.62679;
0.328874;5.62686;
0.328894;5.62693;
0.328914;5.62701;
0.328934;5.62708;
0.328954;5.62715;
0.328974;5.62723;
0.328994;5.6273;
0.329014;5.62737;
0.329034;5.62745;
0.329054;5.62752;
0.329074;5.6276;
0.329094;5.62767;
0.329114;5.62775;
0.329134;5.62782;
0.329154;5.6279;
0.329174;5.62798;
0.329194;5.62805;
0.329214;5.62813;
0.329234;5.62821;
0.329254;5.62829;
0.329274;5.62837;
0.329294;5.62845;
0.329314;5.62853;
0.329334;5.62861;
0.329354;5.62869;
0.329374;5.62877;
0.329394;5.62885;
0.329414;5.62893;
0.329434;5.62901;
0.329454;5.62909;
0.329474;5.62918;
0.329494;5.62926;
0.329514;5.62934;
0.329534;5.62942;
0.329554;5.62951;
0.329574;5.62959;
0.329594;5.62968;
0.329614;5.62976;
0.329634;5.62985;
0.329654;5.62993;
0.329674;5.63002;
0.329694;5.63011;
0.329714;5.63019;
0.329734;5.63028;
0.329754;5.63037;
0.329774;5.63046;
0.329794;5.63054;
0.329814;5.63063;
0.329834;5.63072;
0.329854;5.63081;
0.329874;5.6309;
0.329894;5.63099;
0.329914;5.63108;
0.329934;5.63117;
0.329954;5.63126;
0.329974;5.63136;
0.329994;5.63145;
0.330001;5.63148;
0.330001;5.63148;
0.330001;5.63148;
0.330002;5.63148;
0.330002;5.63148;
0.330002;5.63148;
0.330002;5.63148;
0.330003;5.63148;
0.330003;5.63149;
0.330004;5.63149;
0.330007;5.63151;
0.330012;5.63153;
0.330022;5.63158;
0.330042;5.63167;
0.330062;5.63176;
0.330082;5.63186;
0.330102;5.63195;
0.330122;5.63204;
0.330142;5.63214;
0.330162;5.63223;
0.330182;5.63233;
0.330202;5.63242;
0.330222;5.63252;
0.330242;5.63262;
0.330262;5.63271;
0.330282;5.63281;
0.330302;5.63291;
0.330322;5.63301;
0.330342;5.6331;
0.330362;5.6332;
0.330382;5.6333;
0.330402;5.6334;
0.330422;5.6335;
0.330442;5.6336;
0.330462;5.6337;
0.330482;5.6338;
0.330502;5.6339;
0.330522;5.634;
0.330542;5.63411;
0.330562;5.63421;
0.330582;5.63431;
0.330602;5.63441;
0.330622;5.63452;
0.330642;5.63462;
0.330662;5.63472;
0.330682;5.63483;
0.330702;5.63493;
0.330722;5.63504;
0.330742;5.63514;
0.330762;5.63525;
0.330782;5.63535;
0.330802;5.63546;
0.330822;5.63557;
0.330842;5.63567;
0.330862;5.63578;
0.330882;5.63589;
0.330902;5.636;
0.330922;5.63611;
0.330942;5.63621;
0.330962;5.63632;
0.330982;5.63643;
0.331002;5.63654;
0.331022;5.63665;
0.331042;5.63676;
0.331062;5.63687;
0.331082;5.63699;
0.331102;5.6371;
0.331122;5.63721;
0.331142;5.63732;
0.331162;5.63743;
0.331182;5.63755;
0.331202;5.63766;
0.331222;5.63777;
0.331242;5.63789;
0.331262;5.638;
0.331282;5.63812;
0.331302;5.63823;
0.331322;5.63835;
0.331342;5.63846;
0.331362;5.63858;
0.331382;5.6387;
0.331402;5.63881;
0.331422;5.63893;
0.331442;5.63905;
0.331462;5.63917;
0.331482;5.63928;
0.331502;5.6394;
0.331522;5.63952;
0.331542;5.63964;
0.331562;5.63976;
0.331582;5.63988;
0.331602;5.64;
0.331622;5.64012;
0.331642;5.64024;
0.331662;5.64036;
0.331682;5.64048;
0.331702;5.64061;
0.331722;5.64073;
0.331742;5.64085;
0.331762;5.64097;
0.331782;5.6411;
0.331802;5.64122;
0.331822;5.64135;
0.331842;5.64147;
0.331862;5.64159;
0.331882;5.64172;
0.331902;5.64184;
0.331922;5.64197;
0.331942;5.6421;
0.331962;5.64222;
0.331982;5.64235;
0.332;5.64246;
0.332;5.64246;
0.332;5.64246;
0.332001;5.64247;
0.332001;5.64247;
0.332001;5.64247;
0.332001;5.64247;
0.332002;5.64247;
0.332002;5.64248;
0.332003;5.64248;
0.332006;5.6425;
0.332011;5.64253;
0.332021;5.6426;
0.332041;5.64273;
0.332061;5.64285;
0.332081;5.64298;
0.332101;5.64311;
0.332121;5.64324;
0.332141;5.64337;
0.332161;5.6435;
0.332181;5.64363;
0.332201;5.64376;
0.332221;5.64389;
0.332241;5.64402;
0.332261;5.64415;
0.332281;5.64428;
0.332301;5.64442;
0.332321;5.64455;
0.332341;5.64468;
0.332361;5.64482;
0.332381;5.64495;
0.332401;5.64508;
0.332421;5.64522;
0.332441;5.64535;
0.332461;5.64549;
0.332481;5.64562;
0.332501;5.64576;
0.332521;5.64589;
0.332541;5.64603;
0.332561;5.64617;
0.332581;5.6463;
0.332601;5.64644;
0.332621;5.64658;
0.332641;5.64671;
0.332661;5.64685;
0.332681;5.64699;
0.332701;5.64713;
0.332721;5.64727;
0.332741;5.64741;
0.332761;5.64755;
0.332781;5.64769;
0.332801;5.64783;
0.332821;5.64797;
0.332841;5.64811;
0.332861;5.64825;
0.332881;5.64839;
0.332901;5.64854;
0.332921;5.64868;
0.332941;5.64882;
0.332961;5.64896;
0.332981;5.64911;
0.333001;5.64925;
0.333021;5.6494;
0.333041;5.64954;
0.333061;5.64969;
0.333081;5.64983;
0.333101;5.64998;
0.333121;5.65012;
0.333141;5.65027;
0.333161;5.65041;
0.333181;5.65056;
0.333201;5.65071;
0.333221;5.65086;
0.333241;5.651;
0.333261;5.65115;
0.333281;5.6513;
0.333301;5.65145;
0.333321;5.6516;
0.333341;5.65175;
0.333361;5.6519;
0.333381;5.65205;
0.333401;5.6522;
0.333421;5.65235;
0.333441;5.6525;
0.333461;5.65265;
0.333481;5.6528;
0.333501;5.65295;
0.333521;5.65311;
0.333541;5.65326;
0.333561;5.65341;
0.333581;5.65356;
0.333601;5.65372;
0.333621;5.65387;
0.333641;5.65403;
0.333661;5.65418;
0.333681;5.65433;
0.333701;5.65449;
0.333721;5.65465;
0.333741;5.6548;
0.333761;5.65496;
0.333781;5.65511;
0.333801;5.65527;
0.333821;5.65543;
0.333841;5.65559;
0.333861;5.65574;
0.333881;5.6559;
0.333901;5.65606;
0.333921;5.65622;
0.333941;5.65638;
0.333961;5.65654;
0.333981;5.6567;
0.334001;5.65685;
0.334001;5.65685;
0.334001;5.65686;
0.334002;5.65686;
0.334002;5.65686;
0.334002;5.65686;
0.334002;5.65686;
0.334003;5.65687;
0.334003;5.65687;
0.334004;5.65688;
0.334007;5.6569;
0.334012;5.65694;
0.334022;5.65702;
0.334042;5.65718;
0.334062;5.65735;
0.334082;5.65751;
0.334102;5.65767;
0.334122;5.65783;
0.334142;5.65799;
0.334162;5.65816;
0.334182;5.65832;
0.334202;5.65848;
0.334222;5.65864;
0.334242;5.65881;
0.334262;5.65897;
0.334282;5.65914;
0.334302;5.6593;
0.334322;5.65947;
0.334342;5.65963;
0.334362;5.6598;
0.334382;5.65996;
0.334402;5.66013;
0.334422;5.6603;
0.334442;5.66046;
0.334462;5.66063;
0.334482;5.6608;
0.334502;5.66097;
0.334522;5.66113;
0.334542;5.6613;
0.334562;5.66147;
0.334582;5.66164;
0.334602;5.66181;
0.334622;5.66198;
0.334642;5.66215;
0.334662;5.66232;
0.334682;5.66249;
0.334702;5.66266;
0.334722;5.66283;
0.334742;5.66301;
0.334762;5.66318;
0.334782;5.66335;
0.334802;5.66352;
0.334822;5.6637;
0.334842;5.66387;
0.334862;5.66404;
0.334882;5.66422;
0.334902;5.66439;
0.334922;5.66456;
0.334942;5.66474;
0.334962;5.66491;
0.334982;5.66509;
0.335002;5.66526;
0.335022;5.66544;
0.335042;5.66562;
0.335062;5.66579;
0.335082;5.66597;
0.335102;5.66615;
0.335122;5.66633;
0.335142;5.6665;
0.335162;5.66668;
0.335182;5.66686;
0.335202;5.66704;
0.335222;5.66722;
0.335242;5.6674;
0.335262;5.66758;
0.335282;5.66776;
0.335302;5.66794;
0.335322;5.66812;
0.335342;5.6683;
0.335362;5.66848;
0.335382;5.66866;
0.335402;5.66884;
0.335422;5.66902;
0.335442;5.66921;
0.335462;5.66939;
0.335482;5.66957;
0.335502;5.66976;
0.335522;5.66994;
0.335542;5.67012;
0.335562;5.67031;
0.335582;5.67049;
0.335602;5.67068;
0.335622;5.67086;
0.335642;5.67105;
0.335662;5.67123;
0.335682;5.67142;
0.335702;5.67161;
0.335722;5.67179;
0.335742;5.67198;
0.335762;5.67217;
0.335782;5.67235;
0.335802;5.67254;
0.335822;5.67273;
0.335842;5.67292;
0.335862;5.67311;
0.335882;5.6733;
0.335902;5.67349;
0.335922;5.67368;
0.335942;5.67387;
0.33596;5.67401;
0.335971;5.67408;
0.335981;5.67413;
0.335985;5.67415;
0.33599;5.67418;
0.336;5.67423;
0.336;5.67423;
0.336;5.67423;
0.336001;5.67423;
0.336001;5.67423;
0.336001;5.67423;
0.336001;5.67423;
0.336002;5.67424;
0.336002;5.67424;
0.336003;5.67425;
0.336006;5.67426;
0.336011;5.67428;
0.336017;5.67431;
0.336027;5.67436;
0.336036;5.67441;
0.33605;5.67448;
0.33607;5.67459;
0.336085;5.67466;
0.3361;5.67474;
0.336116;5.67482;
0.336136;5.67492;
0.336156;5.67503;
0.336176;5.67513;
0.336196;5.67523;
0.336216;5.67534;
0.336236;5.67544;
0.336256;5.67555;
0.336276;5.67565;
0.336296;5.67576;
0.336316;5.67587;
0.336336;5.67597;
0.336356;5.67608;
0.336376;5.67619;
0.336396;5.67629;
0.336416;5.6764;
0.336436;5.67651;
0.336456;5.67662;
0.336476;5.67673;
0.336496;5.67684;
0.336516;5.67695;
0.336536;5.67706;
0.336556;5.67717;
0.336576;5.67728;
0.336596;5.67739;
0.336616;5.6775;
0.336636;5.67761;
0.336656;5.67772;
0.336676;5.67783;
0.336696;5.67795;
0.336716;5.67806;
0.336736;5.67817;
0.336756;5.67829;
0.336776;5.6784;
0.336796;5.67852;
0.336816;5.67863;
0.336836;5.67874;
0.336856;5.67886;
0.336876;5.67898;
0.336896;5.67909;
0.336916;5.67921;
0.336936;5.67933;
0.336956;5.67944;
0.336976;5.67956;
0.336996;5.67968;
0.337016;5.6798;
0.337036;5.67991;
0.337056;5.68003;
0.337076;5.68015;
0.337096;5.68027;
0.337116;5.68039;
0.337136;5.68051;
0.337156;5.68063;
0.337176;5.68075;
0.337196;5.68087;
0.337216;5.681;
0.337236;5.68112;
0.337256;5.68124;
0.337276;5.68136;
0.337296;5.68149;
0.337316;5.68161;
0.337336;5.68173;
0.337356;5.68186;
0.337376;5.68198;
0.337396;5.68211;
0.337416;5.68223;
0.337436;5.68236;
0.337456;5.68248;
0.337476;5.68261;
0.337496;5.68273;
0.337516;5.68286;
0.337536;5.68299;
0.337556;5.68311;
0.337576;5.68324;
0.337596;5.68337;
0.337616;5.6835;
0.337636;5.68363;
0.337656;5.68376;
0.337676;5.68389;
0.337696;5.68402;
0.337716;5.68415;
0.337736;5.68428;
0.337756;5.68441;
0.337776;5.68454;
0.337796;5.68467;
0.337816;5.6848;
0.337836;5.68493;
0.337856;5.68506;
0.337876;5.6852;
0.337896;5.68533;
0.337916;5.68546;
0.337936;5.6856;
0.337956;5.68573;
0.337976;5.68587;
0.337996;5.686;
0.338001;5.68603;
0.338001;5.68603;
0.338001;5.68603;
0.338002;5.68604;
0.338002;5.68604;
0.338002;5.68604;
0.338002;5.68604;
0.338003;5.68604;
0.338003;5.68605;
0.338004;5.68605;
0.338007;5.68607;
0.338012;5.68611;
0.338022;5.68618;
0.338042;5.68631;
0.338062;5.68645;
0.338082;5.68658;
0.338102;5.68672;
0.338122;5.68686;
0.338142;5.68699;
0.338162;5.68713;
0.338182;5.68727;
0.338202;5.68741;
0.338222;5.68754;
0.338242;5.68768;
0.338262;5.68782;
0.338282;5.68796;
0.338302;5.6881;
0.338322;5.68824;
0.338342;5.68838;
0.338362;5.68852;
0.338382;5.68866;
0.338402;5.6888;
0.338422;5.68895;
0.338442;5.68909;
0.338462;5.68923;
0.338482;5.68937;
0.338502;5.68952;
0.338522;5.68966;
0.338542;5.6898;
0.338562;5.68995;
0.338582;5.69009;
0.338602;5.69024;
0.338622;5.69038;
0.338642;5.69053;
0.338662;5.69067;
0.338682;5.69082;
0.338702;5.69096;
0.338722;5.69111;
0.338742;5.69126;
0.338762;5.6914;
0.338782;5.69155;
0.338802;5.6917;
0.338822;5.69185;
0.338842;5.692;
0.338862;5.69215;
0.338882;5.69229;
0.338902;5.69244;
0.338922;5.69259;
0.338942;5.69274;
0.338962;5.69289;
0.338982;5.69305;
0.339002;5.6932;
0.339022;5.69335;
0.339042;5.6935;
0.339062;5.69365;
0.339082;5.6938;
0.339102;5.69396;
0.339122;5.69411;
0.339142;5.69426;
0.339162;5.69442;
0.339182;5.69457;
0.339202;5.69472;
0.339222;5.69488;
0.339242;5.69503;
0.339262;5.69519;
0.339282;5.69534;
0.339302;5.6955;
0.339322;5.69566;
0.339342;5.69581;
0.339362;5.69597;
0.339382;5.69613;
0.339402;5.69628;
0.339422;5.69644;
0.339442;5.6966;
0.339462;5.69676;
0.339482;5.69692;
0.339502;5.69708;
0.339522;5.69724;
0.339542;5.6974;
0.339562;5.69756;
0.339582;5.69772;
0.339602;5.69788;
0.339622;5.69804;
0.339642;5.6982;
0.339662;5.69836;
0.339682;5.69852;
0.339702;5.69868;
0.339722;5.69885;
0.339742;5.69901;
0.339762;5.69917;
0.339782;5.69934;
0.339802;5.6995;
0.339822;5.69966;
0.339842;5.69983;
0.339862;5.69999;
0.339882;5.70016;
0.339902;5.70032;
0.339922;5.70049;
0.339942;5.70065;
0.339962;5.70082;
0.339982;5.70096;
0.339996;5.70103;
0.34;5.70104;
0.34;5.70104;
0.34;5.70104;
0.340001;5.70105;
0.340001;5.70105;
0.340001;5.70105;
0.340001;5.70105;
0.340002;5.70105;
0.340002;5.70105;
0.340003;5.70106;
0.340006;5.70107;
0.340011;5.70108;
0.340021;5.70112;
0.340041;5.7012;
0.340058;5.70126;
0.340077;5.70133;
0.340097;5.70141;
0.340117;5.70148;
0.340137;5.70156;
0.340157;5.70164;
0.340177;5.70171;
0.340197;5.70179;
0.340217;5.70187;
0.340237;5.70195;
0.340257;5.70203;
0.340277;5.70211;
0.340297;5.70218;
0.340317;5.70226;
0.340337;5.70234;
0.340357;5.70243;
0.340377;5.70251;
0.340397;5.70259;
0.340417;5.70267;
0.340437;5.70275;
0.340457;5.70283;
0.340477;5.70292;
0.340497;5.703;
0.340517;5.70308;
0.340537;5.70317;
0.340557;5.70325;
0.340577;5.70334;
0.340597;5.70342;
0.340617;5.70351;
0.340637;5.70359;
0.340657;5.70368;
0.340677;5.70376;
0.340697;5.70385;
0.340717;5.70394;
0.340737;5.70403;
0.340757;5.70411;
0.340777;5.7042;
0.340797;5.70429;
0.340817;5.70438;
0.340837;5.70447;
0.340857;5.70456;
0.340877;5.70465;
0.340897;5.70474;
0.340917;5.70483;
0.340937;5.70492;
0.340957;5.70501;
0.340977;5.7051;
0.340997;5.70519;
0.341017;5.70529;
0.341037;5.70538;
0.341057;5.70547;
0.341077;5.70557;
0.341097;5.70566;
0.341117;5.70575;
0.341137;5.70585;
0.341157;5.70594;
0.341177;5.70604;
0.341197;5.70614;
0.341217;5.70623;
0.341237;5.70633;
0.341257;5.70642;
0.341277;5.70652;
0.341297;5.70662;
0.341317;5.70672;
0.341337;5.70681;
0.341357;5.70691;
0.341377;5.70701;
0.341397;5.70711;
0.341417;5.70721;
0.341437;5.70731;
0.341457;5.70741;
0.341477;5.70751;
0.341497;5.70761;
0.341517;5.70771;
0.341537;5.70781;
0.341557;5.70792;
0.341577;5.70802;
0.341597;5.70812;
0.341617;5.70822;
0.341637;5.70833;
0.341657;5.70843;
0.341677;5.70854;
0.341697;5.70864;
0.341717;5.70875;
0.341737;5.70885;
0.341757;5.70896;
0.341777;5.70906;
0.341797;5.70917;
0.341817;5.70927;
0.341837;5.70938;
0.341857;5.70949;
0.341877;5.7096;
0.341897;5.7097;
0.341917;5.70981;
0.341937;5.70992;
0.341957;5.71003;
0.341977;5.71014;
0.341997;5.71025;
0.342001;5.71027;
0.342001;5.71027;
0.342001;5.71027;
0.342002;5.71028;
0.342002;5.71028;
0.342002;5.71028;
0.342002;5.71028;
0.342003;5.71028;
0.342003;5.71028;
0.342004;5.71029;
0.342007;5.71031;
0.342012;5.71033;
0.342022;5.71039;
0.342042;5.7105;
0.342062;5.71061;
0.342082;5.71072;
0.342102;5.71083;
0.342122;5.71095;
0.342142;5.71106;
0.342162;5.71117;
0.342182;5.71128;
0.342202;5.7114;
0.342222;5.71151;
0.342242;5.71162;
0.342262;5.71174;
0.342282;5.71185;
0.342302;5.71197;
0.342322;5.71208;
0.342342;5.7122;
0.342362;5.71231;
0.342382;5.71243;
0.342402;5.71255;
0.342422;5.71266;
0.342442;5.71278;
0.342462;5.7129;
0.342482;5.71302;
0.342502;5.71313;
0.342522;5.71325;
0.342542;5.71337;
0.342562;5.71349;
0.342582;5.71361;
0.342602;5.71373;
0.342622;5.71385;
0.342642;5.71397;
0.342662;5.71409;
0.342682;5.71421;
0.342702;5.71433;
0.342722;5.71446;
0.342742;5.71458;
0.342762;5.7147;
0.342782;5.71482;
0.342802;5.71495;
0.342822;5.71507;
0.342842;5.7152;
0.342862;5.71532;
0.342882;5.71544;
0.342902;5.71557;
0.342922;5.71569;
0.342942;5.71582;
0.342962;5.71595;
0.342982;5.71607;
0.343002;5.7162;
0.343022;5.71633;
0.343042;5.71645;
0.343062;5.71658;
0.343082;5.71671;
0.343102;5.71684;
0.343122;5.71697;
0.343142;5.7171;
0.343162;5.71722;
0.343182;5.71735;
0.343202;5.71748;
0.343222;5.71761;
0.343242;5.71774;
0.343262;5.71788;
0.343282;5.71801;
0.343302;5.71814;
0.343322;5.71827;
0.343342;5.7184;
0.343362;5.71854;
0.343382;5.71867;
0.343402;5.7188;
0.343422;5.71894;
0.343442;5.71907;
0.343462;5.7192;
0.343482;5.71934;
0.343502;5.71947;
0.343522;5.71961;
0.343542;5.71974;
0.343562;5.71988;
0.343582;5.72002;
0.343602;5.72015;
0.343622;5.72029;
0.343642;5.72043;
0.343662;5.72056;
0.343682;5.7207;
0.343702;5.72084;
0.343722;5.72098;
0.343742;5.72112;
0.343762;5.72126;
0.343782;5.7214;
0.343802;5.72154;
0.343822;5.72168;
0.343842;5.72182;
0.343862;5.72196;
0.343882;5.7221;
0.343902;5.72224;
0.343922;5.72238;
0.343942;5.72252;
0.343962;5.72267;
0.343982;5.72281;
0.344;5.72292;
0.344;5.72292;
0.344;5.72292;
0.344001;5.72293;
0.344001;5.72293;
0.344001;5.72293;
0.344001;5.72293;
0.344002;5.72293;
0.344002;5.72293;
0.344003;5.72294;
0.344006;5.72295;
0.34401;5.72296;
0.344013;5.72297;
0.344016;5.72298;
0.344022;5.723;
0.344033;5.72303;
0.34405;5.72309;
0.344065;5.72313;
0.34408;5.72318;
0.344096;5.72323;
0.344116;5.72329;
0.344136;5.72336;
0.344156;5.72342;
0.344176;5.72349;
0.344196;5.72355;
0.344216;5.72362;
0.344236;5.72368;
0.344256;5.72375;
0.344276;5.72382;
0.344296;5.72388;
0.344316;5.72395;
0.344336;5.72402;
0.344356;5.72408;
0.344376;5.72415;
0.344396;5.72422;
0.344416;5.72429;
0.344436;5.72436;
0.344456;5.72443;
0.344476;5.7245;
0.344496;5.72457;
0.344516;5.72464;
0.344536;5.72471;
0.344556;5.72478;
0.344576;5.72486;
0.344596;5.72493;
0.344616;5.725;
0.344636;5.72507;
0.344656;5.72515;
0.344676;5.72522;
0.344696;5.72529;
0.344716;5.72537;
0.344736;5.72544;
0.344756;5.72552;
0.344776;5.7256;
0.344796;5.72567;
0.344816;5.72575;
0.344836;5.72582;
0.344856;5.7259;
0.344876;5.72598;
0.344896;5.72606;
0.344916;5.72613;
0.344936;5.72621;
0.344956;5.72629;
0.344976;5.72637;
0.344996;5.72645;
0.345016;5.72653;
0.345036;5.72661;
0.345056;5.72669;
0.345076;5.72677;
0.345096;5.72685;
0.345116;5.72694;
0.345136;5.72702;
0.345156;5.7271;
0.345176;5.72718;
0.345196;5.72727;
0.345216;5.72735;
0.345236;5.72743;
0.345256;5.72752;
0.345276;5.7276;
0.345296;5.72769;
0.345316;5.72777;
0.345336;5.72786;
0.345356;5.72794;
0.345376;5.72803;
0.345396;5.72812;
0.345416;5.7282;
0.345436;5.72829;
0.345456;5.72838;
0.345476;5.72847;
0.345496;5.72856;
0.345516;5.72865;
0.345536;5.72873;
0.345556;5.72882;
0.345576;5.72891;
0.345596;5.729;
0.345616;5.7291;
0.345636;5.72919;
0.345656;5.72928;
0.345676;5.72937;
0.345696;5.72946;
0.345716;5.72955;
0.345736;5.72965;
0.345756;5.72974;
0.345776;5.72983;
0.345796;5.72993;
0.345816;5.73002;
0.345836;5.73012;
0.345856;5.73021;
0.345876;5.73031;
0.345896;5.7304;
0.345916;5.7305;
0.345936;5.73059;
0.345956;5.73069;
0.345976;5.73079;
0.345996;5.73088;
0.346001;5.73091;
0.346001;5.73091;
0.346001;5.73091;
0.346002;5.73091;
0.346002;5.73091;
0.346002;5.73092;
0.346002;5.73092;
0.346003;5.73092;
0.346003;5.73092;
0.346004;5.73093;
0.346007;5.73094;
0.346012;5.73096;
0.346022;5.73101;
0.346042;5.73111;
0.346062;5.73121;
0.346082;5.73131;
0.346102;5.73141;
0.346122;5.73151;
0.346142;5.73161;
0.346162;5.73171;
0.346182;5.73181;
0.346202;5.73191;
0.346222;5.73201;
0.346242;5.73211;
0.346262;5.73222;
0.346282;5.73232;
0.346302;5.73242;
0.346322;5.73252;
0.346342;5.73263;
0.346362;5.73273;
0.346382;5.73283;
0.346402;5.73294;
0.346422;5.73304;
0.346442;5.73315;
0.346462;5.73325;
0.346482;5.73336;
0.346502;5.73347;
0.346522;5.73357;
0.346542;5.73368;
0.346562;5.73379;
0.346582;5.73389;
0.346602;5.734;
0.346622;5.73411;
0.346642;5.73422;
0.346662;5.73433;
0.346682;5.73444;
0.346702;5.73455;
0.346722;5.73466;
0.346742;5.73477;
0.346762;5.73488;
0.346782;5.73499;
0.346802;5.7351;
0.346822;5.73521;
0.346842;5.73532;
0.346862;5.73544;
0.346882;5.73555;
0.346902;5.73566;
0.346922;5.73578;
0.346942;5.73589;
0.346962;5.736;
0.346982;5.73612;
0.347002;5.73623;
0.347022;5.73635;
0.347042;5.73646;
0.347062;5.73658;
0.347082;5.73669;
0.347102;5.73681;
0.347122;5.73693;
0.347142;5.73704;
0.347162;5.73716;
0.347182;5.73728;
0.347202;5.7374;
0.347222;5.73752;
0.347242;5.73764;
0.347262;5.73775;
0.347282;5.73787;
0.347302;5.73799;
0.347322;5.73811;
0.347342;5.73823;
0.347362;5.73835;
0.347382;5.73848;
0.347402;5.7386;
0.347422;5.73872;
0.347442;5.73884;
0.347462;5.73896;
0.347482;5.73909;
0.347502;5.73921;
0.347522;5.73933;
0.347542;5.73946;
0.347562;5.73958;
0.347582;5.73971;
0.347602;5.73983;
0.347622;5.73996;
0.347642;5.74008;
0.347662;5.74021;
0.347682;5.74033;
0.347702;5.74046;
0.347722;5.74059;
0.347742;5.74071;
0.347762;5.74084;
0.347782;5.74097;
0.347802;5.7411;
0.347822;5.74123;
0.347842;5.74135;
0.347862;5.74148;
0.347882;5.74161;
0.347902;5.74174;
0.347922;5.74187;
0.347942;5.742;
0.347962;5.74213;
0.347982;5.74226;
0.348;5.74238;
0.348;5.74238;
0.348;5.74238;
0.348001;5.74238;
0.348001;5.74239;
0.348001;5.74239;
0.348001;5.74239;
0.348002;5.74239;
0.348002;5.74239;
0.348003;5.7424;
0.348004;5.74241;
0.348005;5.74241;
0.348006;5.74242;
0.348009;5.74243;
0.348013;5.74244;
0.348017;5.74245;
0.348021;5.74246;
0.348028;5.74247;
0.34804;5.74248;
0.348053;5.74251;
0.348067;5.74253;
0.348079;5.74255;
0.348099;5.74258;
0.348119;5.74261;
0.348139;5.74264;
0.348159;5.74267;
0.348179;5.74271;
0.348199;5.74274;
0.348219;5.74278;
0.348239;5.74281;
0.348259;5.74284;
0.348279;5.74288;
0.348299;5.74291;
0.348319;5.74295;
0.348339;5.74299;
0.348359;5.74302;
0.348379;5.74306;
0.348399;5.7431;
0.348419;5.74314;
0.348439;5.74317;
0.348459;5.74321;
0.348479;5.74325;
0.348499;5.74329;
0.348519;5.74333;
0.348539;5.74337;
0.348559;5.74341;
0.348579;5.74345;
0.348599;5.74349;
0.348619;5.74354;
0.348639;5.74358;
0.348659;5.74362;
0.348679;5.74366;
0.348699;5.74371;
0.348719;5.74375;
0.348739;5.74379;
0.348759;5.74384;
0.348779;5.74388;
0.348799;5.74393;
0.348819;5.74397;
0.348839;5.74402;
0.348859;5.74407;
0.348879;5.74411;
0.348899;5.74416;
0.348919;5.74421;
0.348939;5.74425;
0.348959;5.7443;
0.348979;5.74435;
0.348999;5.7444;
0.349019;5.74445;
0.349039;5.7445;
0.349059;5.74455;
0.349079;5.7446;
0.349099;5.74465;
0.349119;5.7447;
0.349139;5.74475;
0.349159;5.7448;
0.349179;5.74486;
0.349199;5.74491;
0.349219;5.74496;
0.349239;5.74502;
0.349259;5.74507;
0.349279;5.74512;
0.349299;5.74518;
0.349319;5.74523;
0.349339;5.74529;
0.349359;5.74534;
0.349379;5.7454;
0.349399;5.74546;
0.349419;5.74551;
0.349439;5.74557;
0.349459;5.74563;
0.349479;5.74569;
0.349499;5.74574;
0.349519;5.7458;
0.349539;5.74586;
0.349559;5.74592;
0.349579;5.74598;
0.349599;5.74604;
0.349619;5.7461;
0.349639;5.74616;
0.349659;5.74622;
0.349679;5.74629;
0.349699;5.74635;
0.349719;5.74641;
0.349739;5.74647;
0.349759;5.74654;
0.349779;5.7466;
0.349799;5.74666;
0.349819;5.74673;
0.349839;5.74679;
0.349859;5.74686;
0.349879;5.74692;
0.349899;5.74699;
0.349919;5.74705;
0.349939;5.74712;
0.349959;5.74719;
0.349979;5.74725;
0.349999;5.74732;
0.350001;5.74733;
0.350001;5.74733;
0.350001;5.74733;
0.350002;5.74733;
0.350002;5.74733;
0.350002;5.74733;
0.350002;5.74733;
0.350003;5.74733;
0.350003;5.74734;
0.350004;5.74734;
0.350007;5.74735;
0.350012;5.74737;
0.350022;5.7474;
0.350042;5.74747;
0.350062;5.74754;
0.350082;5.74761;
0.350102;5.74768;
0.350122;5.74775;
0.350142;5.74782;
0.350162;5.74789;
0.350182;5.74796;
0.350202;5.74803;
0.350222;5.7481;
0.350242;5.74817;
0.350262;5.74825;
0.350282;5.74832;
0.350302;5.74839;
0.350322;5.74846;
0.350342;5.74854;
0.350362;5.74861;
0.350382;5.74869;
0.350402;5.74876;
0.350422;5.74884;
0.350442;5.74891;
0.350462;5.74899;
0.350482;5.74907;
0.350502;5.74914;
0.350522;5.74922;
0.350542;5.7493;
0.350562;5.74937;
0.350582;5.74945;
0.350602;5.74953;
0.350622;5.74961;
0.350642;5.74969;
0.350662;5.74977;
0.350682;5.74985;
0.350702;5.74993;
0.350722;5.75001;
0.350742;5.75009;
0.350762;5.75017;
0.350782;5.75025;
0.350802;5.75034;
0.350822;5.75042;
0.350842;5.7505;
0.350862;5.75058;
0.350882;5.75067;
0.350902;5.75075;
0.350922;5.75084;
0.350942;5.75092;
0.350962;5.751;
0.350982;5.75109;
0.351002;5.75118;
0.351022;5.75126;
0.351042;5.75135;
0.351062;5.75143;
0.351082;5.75152;
0.351102;5.75161;
0.351122;5.7517;
0.351142;5.75179;
0.351162;5.75187;
0.351182;5.75196;
0.351202;5.75205;
0.351222;5.75214;
0.351242;5.75223;
0.351262;5.75232;
0.351282;5.75241;
0.351302;5.7525;
0.351322;5.75259;
0.351342;5.75269;
0.351362;5.75278;
0.351382;5.75287;
0.351402;5.75296;
0.351422;5.75306;
0.351442;5.75315;
0.351462;5.75324;
0.351482;5.75334;
0.351502;5.75343;
0.351522;5.75353;
0.351542;5.75362;
0.351562;5.75372;
0.351582;5.75381;
0.351602;5.75391;
0.351622;5.75401;
0.351642;5.7541;
0.351662;5.7542;
0.351682;5.7543;
0.351702;5.7544;
0.351722;5.75449;
0.351742;5.75459;
0.351762;5.75469;
0.351782;5.75479;
0.351802;5.75489;
0.351822;5.75499;
0.351842;5.75509;
0.351862;5.75519;
0.351882;5.75529;
0.351902;5.75539;
0.351922;5.7555;
0.351942;5.7556;
0.351962;5.7557;
0.351982;5.7558;
0.352;5.75589;
0.352;5.75589;
0.352;5.7559;
0.352001;5.7559;
0.352001;5.7559;
0.352001;5.7559;
0.352001;5.7559;
0.352002;5.7559;
0.352002;5.75591;
0.352003;5.75591;
0.352006;5.75593;
0.352011;5.75595;
0.352021;5.756;
0.352041;5.75611;
0.352061;5.75621;
0.352081;5.75632;
0.352101;5.75642;
0.352121;5.75653;
0.352141;5.75663;
0.352161;5.75674;
0.352181;5.75685;
0.352201;5.75695;
0.352221;5.75706;
0.352241;5.75717;
0.352261;5.75727;
0.352281;5.75738;
0.352301;5.75749;
0.352321;5.7576;
0.352341;5.75771;
0.352361;5.75782;
0.352381;5.75793;
0.352401;5.75804;
0.352421;5.75815;
0.352441;5.75826;
0.352461;5.75837;
0.352481;5.75848;
0.352501;5.75859;
0.352521;5.7587;
0.352541;5.75882;
0.352561;5.75893;
0.352581;5.75904;
0.352601;5.75915;
0.352621;5.75927;
0.352641;5.75938;
0.352661;5.7595;
0.352681;5.75961;
0.352701;5.75973;
0.352721;5.75984;
0.352741;5.75996;
0.352761;5.76007;
0.352781;5.76019;
0.352801;5.76031;
0.352821;5.76042;
0.352841;5.76054;
0.352861;5.76066;
0.352881;5.76078;
0.352901;5.7609;
0.352921;5.76101;
0.352941;5.76113;
0.352961;5.76125;
0.352981;5.76137;
0.353001;5.76149;
0.353021;5.76161;
0.353041;5.76173;
0.353061;5.76186;
0.353081;5.76198;
0.353101;5.7621;
0.353121;5.76222;
0.353141;5.76234;
0.353161;5.76247;
0.353181;5.76259;
0.353201;5.76271;
0.353221;5.76284;
0.353241;5.76296;
0.353261;5.76308;
0.353281;5.76321;
0.353301;5.76333;
0.353321;5.76346;
0.353341;5.76359;
0.353361;5.76371;
0.353381;5.76384;
0.353401;5.76397;
0.353421;5.76409;
0.353441;5.76422;
0.353461;5.76435;
0.353481;5.76448;
0.353501;5.7646;
0.353521;5.76473;
0.353541;5.76486;
0.353561;5.76499;
0.353581;5.76512;
0.353601;5.76525;
0.353621;5.76538;
0.353641;5.76551;
0.353661;5.76564;
0.353681;5.76577;
0.353701;5.76591;
0.353721;5.76604;
0.353741;5.76617;
0.353761;5.7663;
0.353781;5.76644;
0.353801;5.76657;
0.353821;5.7667;
0.353841;5.76684;
0.353861;5.76697;
0.353881;5.76711;
0.353901;5.76724;
0.353921;5.76738;
0.353941;5.76751;
0.353961;5.76765;
0.353981;5.76778;
0.354001;5.76792;
0.354001;5.76792;
0.354001;5.76792;
0.354002;5.76792;
0.354002;5.76792;
0.354002;5.76792;
0.354002;5.76793;
0.354003;5.76793;
0.354003;5.76793;
0.354004;5.76794;
0.354007;5.76796;
0.354012;5.76799;
0.354022;5.76806;
0.354042;5.7682;
0.354062;5.76834;
0.354082;5.76848;
0.354102;5.76861;
0.354122;5.76875;
0.354142;5.76889;
0.354162;5.76903;
0.354182;5.76917;
0.354202;5.76931;
0.354222;5.76945;
0.354242;5.76959;
0.354262;5.76973;
0.354282;5.76987;
0.354302;5.77001;
0.354322;5.77016;
0.354342;5.7703;
0.354362;5.77044;
0.354382;5.77058;
0.354402;5.77073;
0.354422;5.77087;
0.354442;5.77101;
0.354462;5.77116;
0.354482;5.7713;
0.354502;5.77145;
0.354522;5.77159;
0.354542;5.77174;
0.354562;5.77188;
0.354582;5.77203;
0.354602;5.77217;
0.354622;5.77232;
0.354642;5.77247;
0.354662;5.77261;
0.354682;5.77276;
0.354702;5.77291;
0.354722;5.77306;
0.354742;5.77321;
0.354762;5.77335;
0.354782;5.7735;
0.354802;5.77365;
0.354822;5.7738;
0.354842;5.77395;
0.354862;5.7741;
0.354882;5.77425;
0.354902;5.7744;
0.354922;5.77456;
0.354942;5.77471;
0.354962;5.77486;
0.354982;5.77501;
0.355002;5.77516;
0.355022;5.77532;
0.355042;5.77547;
0.355062;5.77562;
0.355082;5.77578;
0.355102;5.77593;
0.355122;5.77608;
0.355142;5.77624;
0.355162;5.77639;
0.355182;5.77655;
0.355202;5.77671;
0.355222;5.77686;
0.355242;5.77702;
0.355262;5.77717;
0.355282;5.77733;
0.355302;5.77749;
0.355322;5.77765;
0.355342;5.7778;
0.355362;5.77796;
0.355382;5.77812;
0.355402;5.77828;
0.355422;5.77844;
0.355442;5.7786;
0.355462;5.77876;
0.355482;5.77892;
0.355502;5.77908;
0.355522;5.77924;
0.355542;5.7794;
0.355562;5.77956;
0.355582;5.77972;
0.355602;5.77988;
0.355622;5.78005;
0.355642;5.78021;
0.355662;5.78037;
0.355682;5.78053;
0.355702;5.7807;
0.355722;5.78086;
0.355742;5.78102;
0.355762;5.78119;
0.355782;5.78135;
0.355802;5.78152;
0.355822;5.78168;
0.355842;5.78185;
0.355862;5.78201;
0.355882;5.78218;
0.355902;5.78235;
0.355922;5.78251;
0.355942;5.78268;
0.355962;5.78283;
0.355974;5.78288;
0.355985;5.78293;
0.355989;5.78294;
0.355995;5.78296;
0.356;5.78298;
0.356;5.78298;
0.356;5.78298;
0.356001;5.78299;
0.356001;5.78299;
0.356001;5.78299;
0.356001;5.78299;
0.356002;5.78299;
0.356002;5.78299;
0.356003;5.783;
0.356006;5.78301;
0.356011;5.78302;
0.356021;5.78306;
0.356037;5.78312;
0.356053;5.78318;
0.356073;5.78326;
0.356093;5.78334;
0.356113;5.78341;
0.356133;5.78349;
0.356153;5.78357;
0.356173;5.78365;
0.356193;5.78372;
0.356213;5.7838;
0.356233;5.78388;
0.356253;5.78396;
0.356273;5.78404;
0.356293;5.78412;
0.356313;5.7842;
0.356333;5.78428;
0.356353;5.78436;
0.356373;5.78445;
0.356393;5.78453;
0.356413;5.78461;
0.356433;5.78469;
0.356453;5.78478;
0.356473;5.78486;
0.356493;5.78494;
0.356513;5.78503;
0.356533;5.78511;
0.356553;5.7852;
0.356573;5.78528;
0.356593;5.78537;
0.356613;5.78545;
0.356633;5.78554;
0.356653;5.78563;
0.356673;5.78571;
0.356693;5.7858;
0.356713;5.78589;
0.356733;5.78598;
0.356753;5.78607;
0.356773;5.78615;
0.356793;5.78624;
0.356813;5.78633;
0.356833;5.78642;
0.356853;5.78651;
0.356873;5.7866;
0.356893;5.78669;
0.356913;5.78679;
0.356933;5.78688;
0.356953;5.78697;
0.356973;5.78706;
0.356993;5.78715;
0.357013;5.78725;
0.357033;5.78734;
0.357053;5.78743;
0.357073;5.78753;
0.357093;5.78762;
0.357113;5.78772;
0.357133;5.78781;
0.357153;5.78791;
0.357173;5.788;
0.357193;5.7881;
0.357213;5.78819;
0.357233;5.78829;
0.357253;5.78839;
0.357273;5.78849;
0.357293;5.78858;
0.357313;5.78868;
0.357333;5.78878;
0.357353;5.78888;
0.357373;5.78898;
0.357393;5.78908;
0.357413;5.78918;
0.357433;5.78928;
0.357453;5.78938;
0.357473;5.78948;
0.357493;5.78958;
0.357513;5.78968;
0.357533;5.78978;
0.357553;5.78989;
0.357573;5.78999;
0.357593;5.79009;
0.357613;5.7902;
0.357633;5.7903;
0.357653;5.7904;
0.357673;5.79051;
0.357693;5.79061;
0.357713;5.79072;
0.357733;5.79082;
0.357753;5.79093;
0.357773;5.79103;
0.357793;5.79114;
0.357813;5.79125;
0.357833;5.79135;
0.357853;5.79146;
0.357873;5.79157;
0.357893;5.79168;
0.357913;5.79179;
0.357933;5.79189;
0.357953;5.792;
0.357973;5.79211;
0.357993;5.79222;
0.358001;5.79227;
0.358001;5.79227;
0.358001;5.79227;
0.358002;5.79227;
0.358002;5.79227;
0.358002;5.79227;
0.358002;5.79228;
0.358003;5.79228;
0.358003;5.79228;
0.358004;5.79229;
0.358007;5.7923;
0.358012;5.79233;
0.358022;5.79239;
0.358042;5.7925;
0.358062;5.79261;
0.358082;5.79272;
0.358102;5.79283;
0.358122;5.79294;
0.358142;5.79305;
0.358162;5.79317;
0.358182;5.79328;
0.358202;5.79339;
0.358222;5.79351;
0.358242;5.79362;
0.358262;5.79374;
0.358282;5.79385;
0.358302;5.79397;
0.358322;5.79408;
0.358342;5.7942;
0.358362;5.79431;
0.358382;5.79443;
0.358402;5.79454;
0.358422;5.79466;
0.358442;5.79478;
0.358462;5.7949;
0.358482;5.79501;
0.358502;5.79513;
0.358522;5.79525;
0.358542;5.79537;
0.358562;5.79549;
0.358582;5.79561;
0.358602;5.79573;
0.358622;5.79585;
0.358642;5.79597;
0.358662;5.79609;
0.358682;5.79621;
0.358702;5.79633;
0.358722;5.79646;
0.358742;5.79658;
0.358762;5.7967;
0.358782;5.79682;
0.358802;5.79695;
0.358822;5.79707;
0.358842;5.79719;
0.358862;5.79732;
0.358882;5.79744;
0.358902;5.79757;
0.358922;5.79769;
0.358942;5.79782;
0.358962;5.79795;
0.358982;5.79807;
0.359002;5.7982;
0.359022;5.79832;
0.359042;5.79845;
0.359062;5.79858;
0.359082;5.79871;
0.359102;5.79884;
0.359122;5.79896;
0.359142;5.79909;
0.359162;5.79922;
0.359182;5.79935;
0.359202;5.79948;
0.359222;5.79961;
0.359242;5.79974;
0.359262;5.79987;
0.359282;5.8;
0.359302;5.80014;
0.359322;5.80027;
0.359342;5.8004;
0.359362;5.80053;
0.359382;5.80066;
0.359402;5.8008;
0.359422;5.80093;
0.359442;5.80106;
0.359462;5.8012;
0.359482;5.80133;
0.359502;5.80147;
0.359522;5.8016;
0.359542;5.80174;
0.359562;5.80187;
0.359582;5.80201;
0.359602;5.80215;
0.359622;5.80228;
0.359642;5.80242;
0.359662;5.80256;
0.359682;5.80269;
0.359702;5.80283;
0.359722;5.80297;
0.359742;5.80311;
0.359762;5.80325;
0.359782;5.80339;
0.359802;5.80353;
0.359822;5.80367;
0.359842;5.80381;
0.359862;5.80395;
0.359882;5.80409;
0.359902;5.80423;
0.359922;5.80437;
0.359942;5.80451;
0.359962;5.80465;
0.359982;5.80478;
0.359994;5.80483;
0.36;5.80484;
0.36;5.80484;
0.36;5.80484;
0.360001;5.80485;
0.360001;5.80485;
0.360001;5.80485;
0.360001;5.80485;
0.360002;5.80485;
0.360002;5.80485;
0.360003;5.80485;
0.360006;5.80485;
0.360011;5.80486;
0.360021;5.80488;
0.360036;5.8049;
0.360049;5.80492;
0.360063;5.80494;
0.360077;5.80496;
0.360097;5.80499;
0.360117;5.80502;
0.360137;5.80506;
0.360157;5.80509;
0.360177;5.80512;
0.360197;5.80516;
0.360217;5.80519;
0.360237;5.80522;
0.360257;5.80526;
0.360277;5.80529;
0.360297;5.80533;
0.360317;5.80536;
0.360337;5.8054;
0.360357;5.80544;
0.360377;5.80547;
0.360397;5.80551;
0.360417;5.80555;
0.360437;5.80558;
0.360457;5.80562;
0.360477;5.80566;
0.360497;5.8057;
0.360517;5.80574;
0.360537;5.80578;
0.360557;5.80582;
0.360577;5.80586;
0.360597;5.8059;
0.360617;5.80594;
0.360637;5.80598;
0.360657;5.80603;
0.360677;5.80607;
0.360697;5.80611;
0.360717;5.80615;
0.360737;5.8062;
0.360757;5.80624;
0.360777;5.80629;
0.360797;5.80633;
0.360817;5.80638;
0.360837;5.80642;
0.360857;5.80647;
0.360877;5.80651;
0.360897;5.80656;
0.360917;5.80661;
0.360937;5.80665;
0.360957;5.8067;
0.360977;5.80675;
0.360997;5.8068;
0.361017;5.80685;
0.361037;5.8069;
0.361057;5.80695;
0.361077;5.807;
0.361097;5.80705;
0.361117;5.8071;
0.361137;5.80715;
0.361157;5.8072;
0.361177;5.80725;
0.361197;5.8073;
0.361217;5.80736;
0.361237;5.80741;
0.361257;5.80746;
0.361277;5.80752;
0.361297;5.80757;
0.361317;5.80762;
0.361337;5.80768;
0.361357;5.80773;
0.361377;5.80779;
0.361397;5.80785;
0.361417;5.8079;
0.361437;5.80796;
0.361457;5.80802;
0.361477;5.80807;
0.361497;5.80813;
0.361517;5.80819;
0.361537;5.80825;
0.361557;5.80831;
0.361577;5.80836;
0.361597;5.80842;
0.361617;5.80848;
0.361637;5.80854;
0.361657;5.80861;
0.361677;5.80867;
0.361697;5.80873;
0.361717;5.80879;
0.361737;5.80885;
0.361757;5.80891;
0.361777;5.80898;
0.361797;5.80904;
0.361817;5.8091;
0.361837;5.80917;
0.361857;5.80923;
0.361877;5.8093;
0.361897;5.80936;
0.361917;5.80943;
0.361937;5.80949;
0.361957;5.80956;
0.361977;5.80962;
0.361997;5.80969;
0.362001;5.80971;
0.362001;5.80971;
0.362001;5.80971;
0.362002;5.80971;
0.362002;5.80971;
0.362002;5.80971;
0.362002;5.80971;
0.362003;5.80971;
0.362003;5.80971;
0.362004;5.80972;
0.362007;5.80973;
0.362012;5.80974;
0.362022;5.80978;
0.362042;5.80984;
0.362062;5.80991;
0.362082;5.80998;
0.362102;5.81005;
0.362122;5.81012;
0.362142;5.81019;
0.362162;5.81026;
0.362182;5.81033;
0.362202;5.8104;
0.362222;5.81047;
0.362242;5.81054;
0.362262;5.81061;
0.362282;5.81068;
0.362302;5.81076;
0.362322;5.81083;
0.362342;5.8109;
0.362362;5.81098;
0.362382;5.81105;
0.362402;5.81112;
0.362422;5.8112;
0.362442;5.81127;
0.362462;5.81135;
0.362482;5.81142;
0.362502;5.8115;
0.362522;5.81158;
0.362542;5.81165;
0.362562;5.81173;
0.362582;5.81181;
0.362602;5.81188;
0.362622;5.81196;
0.362642;5.81204;
0.362662;5.81212;
0.362682;5.8122;
0.362702;5.81228;
0.362722;5.81236;
0.362742;5.81244;
0.362762;5.81252;
0.362782;5.8126;
0.362802;5.81268;
0.362822;5.81276;
0.362842;5.81284;
0.362862;5.81293;
0.362882;5.81301;
0.362902;5.81309;
0.362922;5.81318;
0.362942;5.81326;
0.362962;5.81334;
0.362982;5.81343;
0.363002;5.81351;
0.363022;5.8136;
0.363042;5.81368;
0.363062;5.81377;
0.363082;5.81386;
0.363102;5.81394;
0.363122;5.81403;
0.363142;5.81412;
0.363162;5.8142;
0.363182;5.81429;
0.363202;5.81438;
0.363222;5.81447;
0.363242;5.81456;
0.363262;5.81465;
0.363282;5.81474;
0.363302;5.81483;
0.363322;5.81492;
0.363342;5.81501;
0.363362;5.8151;
0.363382;5.81519;
0.363402;5.81528;
0.363422;5.81537;
0.363442;5.81547;
0.363462;5.81556;
0.363482;5.81565;
0.363502;5.81575;
0.363522;5.81584;
0.363542;5.81593;
0.363562;5.81603;
0.363582;5.81612;
0.363602;5.81622;
0.363622;5.81631;
0.363642;5.81641;
0.363662;5.81651;
0.363682;5.8166;
0.363702;5.8167;
0.363722;5.8168;
0.363742;5.81689;
0.363762;5.81699;
0.363782;5.81709;
0.363802;5.81719;
0.363822;5.81729;
0.363842;5.81739;
0.363862;5.81749;
0.363882;5.81759;
0.363902;5.81769;
0.363922;5.81779;
0.363942;5.81789;
0.363962;5.81799;
0.363982;5.81809;
0.364;5.81818;
0.364;5.81818;
0.364;5.81818;
0.364001;5.81819;
0.364001;5.81819;
0.364001;5.81819;
0.364001;5.81819;
0.364002;5.81819;
0.364002;5.81819;
0.364003;5.8182;
0.364006;5.81821;
0.364011;5.81824;
0.364021;5.81829;
0.364037;5.81837;
0.364053;5.81845;
0.364068;5.81853;
0.364088;5.81863;
0.364108;5.81874;
0.364127;5.81883;
0.364147;5.81894;
0.364167;5.81904;
0.364187;5.81915;
0.364207;5.81925;
0.364227;5.81936;
0.364247;5.81947;
0.364267;5.81957;
0.364287;5.81968;
0.364307;5.81979;
0.364327;5.81989;
0.364347;5.82;
0.364367;5.82011;
0.364387;5.82022;
0.364407;5.82033;
0.364427;5.82044;
0.364447;5.82055;
0.364467;5.82066;
0.364487;5.82077;
0.364507;5.82088;
0.364527;5.82099;
0.364547;5.8211;
0.364567;5.82121;
0.364587;5.82132;
0.364607;5.82144;
0.364627;5.82155;
0.364647;5.82166;
0.364667;5.82177;
0.364687;5.82189;
0.364707;5.822;
0.364727;5.82212;
0.364747;5.82223;
0.364767;5.82235;
0.364787;5.82246;
0.364807;5.82258;
0.364827;5.82269;
0.364847;5.82281;
0.364867;5.82292;
0.364887;5.82304;
0.364907;5.82316;
0.364927;5.82328;
0.364947;5.82339;
0.364967;5.82351;
0.364987;5.82363;
0.365007;5.82375;
0.365027;5.82387;
0.365047;5.82399;
0.365067;5.82411;
0.365087;5.82423;
0.365107;5.82435;
0.365127;5.82447;
0.365147;5.82459;
0.365167;5.82471;
0.365187;5.82483;
0.365207;5.82496;
0.365227;5.82508;
0.365247;5.8252;
0.365267;5.82533;
0.365287;5.82545;
0.365307;5.82557;
0.365327;5.8257;
0.365347;5.82582;
0.365367;5.82595;
0.365387;5.82607;
0.365407;5.8262;
0.365427;5.82632;
0.365447;5.82645;
0.365467;5.82657;
0.365487;5.8267;
0.365507;5.82683;
0.365527;5.82696;
0.365547;5.82708;
0.365567;5.82721;
0.365587;5.82734;
0.365607;5.82747;
0.365627;5.8276;
0.365647;5.82773;
0.365667;5.82786;
0.365687;5.82799;
0.365707;5.82812;
0.365727;5.82825;
0.365747;5.82838;
0.365767;5.82851;
0.365787;5.82864;
0.365807;5.82877;
0.365827;5.82891;
0.365847;5.82904;
0.365867;5.82917;
0.365887;5.8293;
0.365907;5.82944;
0.365927;5.82957;
0.365947;5.82971;
0.365967;5.82984;
0.365987;5.82997;
0.366001;5.83007;
0.366001;5.83007;
0.366001;5.83007;
0.366002;5.83008;
0.366002;5.83008;
0.366002;5.83008;
0.366002;5.83008;
0.366003;5.83008;
0.366003;5.83009;
0.366004;5.8301;
0.366007;5.83011;
0.366012;5.83015;
0.366022;5.83022;
0.366042;5.83035;
0.366062;5.83049;
0.366082;5.83063;
0.366102;5.83076;
0.366122;5.8309;
0.366142;5.83104;
0.366162;5.83117;
0.366182;5.83131;
0.366202;5.83145;
0.366222;5.83159;
0.366242;5.83173;
0.366262;5.83187;
0.366282;5.83201;
0.366302;5.83215;
0.366322;5.83229;
0.366342;5.83243;
0.366362;5.83257;
0.366382;5.83271;
0.366402;5.83285;
0.366422;5.83299;
0.366442;5.83313;
0.366462;5.83328;
0.366482;5.83342;
0.366502;5.83356;
0.366522;5.8337;
0.366542;5.83385;
0.366562;5.83399;
0.366582;5.83414;
0.366602;5.83428;
0.366622;5.83443;
0.366642;5.83457;
0.366662;5.83472;
0.366682;5.83486;
0.366702;5.83501;
0.366722;5.83515;
0.366742;5.8353;
0.366762;5.83545;
0.366782;5.8356;
0.366802;5.83574;
0.366822;5.83589;
0.366842;5.83604;
0.366862;5.83619;
0.366882;5.83634;
0.366902;5.83649;
0.366922;5.83664;
0.366942;5.83679;
0.366962;5.83694;
0.366982;5.83709;
0.367002;5.83724;
0.367022;5.83739;
0.367042;5.83754;
0.367062;5.83769;
0.367082;5.83784;
0.367102;5.838;
0.367122;5.83815;
0.367142;5.8383;
0.367162;5.83845;
0.367182;5.83861;
0.367202;5.83876;
0.367222;5.83892;
0.367242;5.83907;
0.367262;5.83923;
0.367282;5.83938;
0.367302;5.83954;
0.367322;5.83969;
0.367342;5.83985;
0.367362;5.84;
0.367382;5.84016;
0.367402;5.84032;
0.367422;5.84047;
0.367442;5.84063;
0.367462;5.84079;
0.367482;5.84095;
0.367502;5.84111;
0.367522;5.84127;
0.367542;5.84142;
0.367562;5.84158;
0.367582;5.84174;
0.367602;5.8419;
0.367622;5.84206;
0.367642;5.84222;
0.367662;5.84238;
0.367682;5.84255;
0.367702;5.84271;
0.367722;5.84287;
0.367742;5.84303;
0.367762;5.84319;
0.367782;5.84336;
0.367802;5.84352;
0.367822;5.84368;
0.367842;5.84385;
0.367862;5.84401;
0.367882;5.84417;
0.367902;5.84434;
0.367922;5.8445;
0.367942;5.84467;
0.367956;5.84475;
0.367968;5.84476;
0.367976;5.84475;
0.367983;5.84474;
0.367991;5.84473;
0.367998;5.84472;
0.368;5.84472;
0.368;5.84472;
0.368;5.84472;
0.368001;5.84472;
0.368001;5.84472;
0.368001;5.84472;
0.368001;5.84472;
0.368002;5.84471;
0.368002;5.84471;
0.368003;5.84471;
0.368006;5.84471;
0.368011;5.8447;
0.368021;5.84469;
0.368041;5.84466;
0.368061;5.84463;
0.368081;5.8446;
0.368101;5.84458;
0.368121;5.84455;
0.368141;5.84452;
0.368161;5.8445;
0.368181;5.84447;
0.368201;5.84445;
0.368221;5.84442;
0.368241;5.8444;
0.368261;5.84438;
0.368281;5.84435;
0.368301;5.84433;
0.368321;5.84431;
0.368341;5.84429;
0.368361;5.84427;
0.368381;5.84424;
0.368401;5.84422;
0.368421;5.8442;
0.368441;5.84418;
0.368461;5.84416;
0.368481;5.84415;
0.368501;5.84413;
0.368521;5.84411;
0.368541;5.84409;
0.368561;5.84407;
0.368581;5.84406;
0.368601;5.84404;
0.368621;5.84402;
0.368641;5.84401;
0.368661;5.84399;
0.368681;5.84398;
0.368701;5.84396;
0.368721;5.84395;
0.368741;5.84394;
0.368761;5.84392;
0.368781;5.84391;
0.368801;5.8439;
0.368821;5.84389;
0.368841;5.84387;
0.368861;5.84386;
0.368881;5.84385;
0.368901;5.84384;
0.368921;5.84383;
0.368941;5.84382;
0.368961;5.84381;
0.368981;5.8438;
0.369001;5.8438;
0.369021;5.84379;
0.369041;5.84378;
0.369061;5.84377;
0.369081;5.84377;
0.369101;5.84376;
0.369121;5.84375;
0.369141;5.84375;
0.369161;5.84374;
0.369181;5.84374;
0.369201;5.84373;
0.369221;5.84373;
0.369241;5.84373;
0.369261;5.84372;
0.369281;5.84372;
0.369301;5.84372;
0.369321;5.84372;
0.369341;5.84371;
0.369361;5.84371;
0.369381;5.84371;
0.369401;5.84371;
0.369421;5.84371;
0.369441;5.84371;
0.369461;5.84371;
0.369481;5.84371;
0.369501;5.84372;
0.369521;5.84372;
0.369541;5.84372;
0.369561;5.84372;
0.369581;5.84373;
0.369601;5.84373;
0.369621;5.84373;
0.369641;5.84374;
0.369661;5.84374;
0.369681;5.84375;
0.369701;5.84375;
0.369721;5.84376;
0.369741;5.84377;
0.369761;5.84377;
0.369781;5.84378;
0.369801;5.84379;
0.369821;5.8438;
0.369841;5.84381;
0.369861;5.84381;
0.369881;5.84382;
0.369901;5.84383;
0.369921;5.84384;
0.369941;5.84385;
0.369961;5.84386;
0.369981;5.84387;
0.370001;5.84389;
0.370001;5.84389;
0.370001;5.84389;
0.370002;5.84389;
0.370002;5.84389;
0.370002;5.84389;
0.370002;5.84389;
0.370003;5.84389;
0.370003;5.84389;
0.370004;5.84389;
0.370007;5.84389;
0.370012;5.84389;
0.370022;5.8439;
0.370042;5.84391;
0.370062;5.84392;
0.370082;5.84394;
0.370102;5.84395;
0.370122;5.84396;
0.370142;5.84398;
0.370162;5.84399;
0.370182;5.84401;
0.370202;5.84402;
0.370222;5.84404;
0.370242;5.84406;
0.370262;5.84407;
0.370282;5.84409;
0.370302;5.84411;
0.370322;5.84413;
0.370342;5.84414;
0.370362;5.84416;
0.370382;5.84418;
0.370402;5.8442;
0.370422;5.84422;
0.370442;5.84424;
0.370462;5.84426;
0.370482;5.84428;
0.370502;5.8443;
0.370522;5.84432;
0.370542;5.84435;
0.370562;5.84437;
0.370582;5.84439;
0.370602;5.84442;
0.370622;5.84444;
0.370642;5.84446;
0.370662;5.84449;
0.370682;5.84451;
0.370702;5.84454;
0.370722;5.84456;
0.370742;5.84459;
0.370762;5.84462;
0.370782;5.84464;
0.370802;5.84467;
0.370822;5.8447;
0.370842;5.84472;
0.370862;5.84475;
0.370882;5.84478;
0.370902;5.84481;
0.370922;5.84484;
0.370942;5.84487;
0.370962;5.8449;
0.370982;5.84493;
0.371002;5.84496;
0.371022;5.84499;
0.371042;5.84502;
0.371062;5.84506;
0.371082;5.84509;
0.371102;5.84512;
0.371122;5.84515;
0.371142;5.84519;
0.371162;5.84522;
0.371182;5.84526;
0.371202;5.84529;
0.371222;5.84533;
0.371242;5.84536;
0.371262;5.8454;
0.371282;5.84543;
0.371302;5.84547;
0.371322;5.84551;
0.371342;5.84554;
0.371362;5.84558;
0.371382;5.84562;
0.371402;5.84566;
0.371422;5.8457;
0.371442;5.84574;
0.371462;5.84578;
0.371482;5.84582;
0.371502;5.84586;
0.371522;5.8459;
0.371542;5.84594;
0.371562;5.84598;
0.371582;5.84602;
0.371602;5.84606;
0.371622;5.84611;
0.371642;5.84615;
0.371662;5.84619;
0.371682;5.84624;
0.371702;5.84628;
0.371722;5.84633;
0.371742;5.84637;
0.371762;5.84642;
0.371782;5.84646;
0.371802;5.84651;
0.371822;5.84655;
0.371842;5.8466;
0.371862;5.84665;
0.371882;5.84669;
0.371902;5.84674;
0.371922;5.84679;
0.371942;5.84684;
0.371962;5.84689;
0.371982;5.84694;
0.372;5.84698;
0.372;5.84698;
0.372;5.84698;
0.372001;5.84698;
0.372001;5.84698;
0.372001;5.84698;
0.372001;5.84698;
0.372002;5.84698;
0.372002;5.84699;
0.372003;5.84699;
0.372006;5.847;
0.372011;5.84701;
0.372021;5.84703;
0.372041;5.84708;
0.372061;5.84714;
0.372081;5.84719;
0.372101;5.84724;
0.372121;5.84729;
0.372141;5.84734;
0.372161;5.84739;
0.372181;5.84745;
0.372201;5.8475;
0.372221;5.84755;
0.372241;5.84761;
0.372261;5.84766;
0.372281;5.84772;
0.372301;5.84777;
0.372321;5.84783;
0.372341;5.84788;
0.372361;5.84794;
0.372381;5.848;
0.372401;5.84805;
0.372421;5.84811;
0.372441;5.84817;
0.372461;5.84823;
0.372481;5.84829;
0.372501;5.84835;
0.372521;5.8484;
0.372541;5.84846;
0.372561;5.84852;
0.372581;5.84858;
0.372601;5.84864;
0.372621;5.84871;
0.372641;5.84877;
0.372661;5.84883;
0.372681;5.84889;
0.372701;5.84895;
0.372721;5.84902;
0.372741;5.84908;
0.372761;5.84914;
0.372781;5.84921;
0.372801;5.84927;
0.372821;5.84934;
0.372841;5.8494;
0.372861;5.84947;
0.372881;5.84953;
0.372901;5.8496;
0.372921;5.84966;
0.372941;5.84973;
0.372961;5.8498;
0.372981;5.84987;
0.373001;5.84993;
0.373021;5.85;
0.373041;5.85007;
0.373061;5.85014;
0.373081;5.85021;
0.373101;5.85028;
0.373121;5.85035;
0.373141;5.85042;
0.373161;5.85049;
0.373181;5.85056;
0.373201;5.85063;
0.373221;5.8507;
0.373241;5.85078;
0.373261;5.85085;
0.373281;5.85092;
0.373301;5.85099;
0.373321;5.85107;
0.373341;5.85114;
0.373361;5.85122;
0.373381;5.85129;
0.373401;5.85137;
0.373421;5.85144;
0.373441;5.85152;
0.373461;5.85159;
0.373481;5.85167;
0.373501;5.85175;
0.373521;5.85182;
0.373541;5.8519;
0.373561;5.85198;
0.373581;5.85206;
0.373601;5.85213;
0.373621;5.85221;
0.373641;5.85229;
0.373661;5.85237;
0.373681;5.85245;
0.373701;5.85253;
0.373721;5.85261;
0.373741;5.85269;
0.373761;5.85277;
0.373781;5.85286;
0.373801;5.85294;
0.373821;5.85302;
0.373841;5.8531;
0.373861;5.85319;
0.373881;5.85327;
0.373901;5.85335;
0.373921;5.85344;
0.373941;5.85352;
0.373961;5.85361;
0.373981;5.85369;
0.374001;5.85378;
0.374001;5.85378;
0.374001;5.85378;
0.374002;5.85378;
0.374002;5.85378;
0.374002;5.85378;
0.374002;5.85378;
0.374003;5.85378;
0.374003;5.85379;
0.374004;5.85379;
0.374007;5.8538;
0.374012;5.85382;
0.374022;5.85387;
0.374042;5.85395;
0.374062;5.85404;
0.374082;5.85413;
0.374102;5.85421;
0.374122;5.8543;
0.374142;5.85439;
0.374162;5.85448;
0.374182;5.85457;
0.374202;5.85466;
0.374222;5.85475;
0.374242;5.85484;
0.374262;5.85493;
0.374282;5.85502;
0.374302;5.85511;
0.374322;5.8552;
0.374342;5.85529;
0.374362;5.85538;
0.374382;5.85547;
0.374402;5.85556;
0.374422;5.85566;
0.374442;5.85575;
0.374462;5.85584;
0.374482;5.85594;
0.374502;5.85603;
0.374522;5.85613;
0.374542;5.85622;
0.374562;5.85632;
0.374582;5.85641;
0.374602;5.85651;
0.374622;5.8566;
0.374642;5.8567;
0.374662;5.8568;
0.374682;5.85689;
0.374702;5.85699;
0.374722;5.85709;
0.374742;5.85719;
0.374762;5.85729;
0.374782;5.85739;
0.374802;5.85748;
0.374822;5.85758;
0.374842;5.85768;
0.374862;5.85778;
0.374882;5.85789;
0.374902;5.85799;
0.374922;5.85809;
0.374942;5.85819;
0.374962;5.85829;
0.374982;5.85839;
0.375002;5.8585;
0.375022;5.8586;
0.375042;5.8587;
0.375062;5.85881;
0.375082;5.85891;
0.375102;5.85901;
0.375122;5.85912;
0.375142;5.85922;
0.375162;5.85933;
0.375182;5.85943;
0.375202;5.85954;
0.375222;5.85965;
0.375242;5.85975;
0.375262;5.85986;
0.375282;5.85997;
0.375302;5.86008;
0.375322;5.86018;
0.375342;5.86029;
0.375362;5.8604;
0.375382;5.86051;
0.375402;5.86062;
0.375422;5.86073;
0.375442;5.86084;
0.375462;5.86095;
0.375482;5.86106;
0.375502;5.86117;
0.375522;5.86128;
0.375542;5.86139;
0.375562;5.86151;
0.375582;5.86162;
0.375602;5.86173;
0.375622;5.86184;
0.375642;5.86196;
0.375662;5.86207;
0.375682;5.86218;
0.375702;5.8623;
0.375722;5.86241;
0.375742;5.86253;
0.375762;5.86264;
0.375782;5.86276;
0.375802;5.86287;
0.375822;5.86299;
0.375842;5.86311;
0.375862;5.86322;
0.375882;5.86334;
0.375902;5.86346;
0.375922;5.86358;
0.375942;5.8637;
0.375962;5.86381;
0.375982;5.86393;
0.376;5.86401;
0.376;5.86401;
0.376;5.86401;
0.376001;5.86401;
0.376001;5.86402;
0.376001;5.86402;
0.376001;5.86402;
0.376002;5.86402;
0.376002;5.86402;
0.376003;5.86402;
0.376006;5.86403;
0.376007;5.86403;
0.376009;5.86403;
0.376013;5.86404;
0.376019;5.86405;
0.376033;5.86408;
0.376053;5.86412;
0.376069;5.86415;
0.376086;5.86418;
0.376103;5.86422;
0.376123;5.86426;
0.376143;5.8643;
0.376163;5.86434;
0.376183;5.86439;
0.376203;5.86443;
0.376223;5.86447;
0.376243;5.86451;
0.376263;5.86456;
0.376283;5.8646;
0.376303;5.86465;
0.376323;5.86469;
0.376343;5.86474;
0.376363;5.86478;
0.376383;5.86483;
0.376403;5.86487;
0.376423;5.86492;
0.376443;5.86497;
0.376463;5.86501;
0.376483;5.86506;
0.376503;5.86511;
0.376523;5.86516;
0.376543;5.86521;
0.376563;5.86526;
0.376583;5.86531;
0.376603;5.86535;
0.376623;5.86541;
0.376643;5.86546;
0.376663;5.86551;
0.376683;5.86556;
0.376703;5.86561;
0.376723;5.86566;
0.376743;5.86571;
0.376763;5.86577;
0.376783;5.86582;
0.376803;5.86587;
0.376823;5.86593;
0.376843;5.86598;
0.376863;5.86604;
0.376883;5.86609;
0.376903;5.86615;
0.376923;5.8662;
0.376943;5.86626;
0.376963;5.86631;
0.376983;5.86637;
0.377003;5.86643;
0.377023;5.86649;
0.377043;5.86654;
0.377063;5.8666;
0.377083;5.86666;
0.377103;5.86672;
0.377123;5.86678;
0.377143;5.86684;
0.377163;5.8669;
0.377183;5.86696;
0.377203;5.86702;
0.377223;5.86708;
0.377243;5.86714;
0.377263;5.8672;
0.377283;5.86727;
0.377303;5.86733;
0.377323;5.86739;
0.377343;5.86746;
0.377363;5.86752;
0.377383;5.86758;
0.377403;5.86765;
0.377423;5.86771;
0.377443;5.86778;
0.377463;5.86784;
0.377483;5.86791;
0.377503;5.86797;
0.377523;5.86804;
0.377543;5.86811;
0.377563;5.86818;
0.377583;5.86824;
0.377603;5.86831;
0.377623;5.86838;
0.377643;5.86845;
0.377663;5.86852;
0.377683;5.86859;
0.377703;5.86866;
0.377723;5.86873;
0.377743;5.8688;
0.377763;5.86887;
0.377783;5.86894;
0.377803;5.86901;
0.377823;5.86908;
0.377843;5.86915;
0.377863;5.86923;
0.377883;5.8693;
0.377903;5.86937;
0.377923;5.86945;
0.377943;5.86952;
0.377963;5.86959;
0.377983;5.86967;
0.378001;5.86974;
0.378001;5.86974;
0.378001;5.86974;
0.378002;5.86974;
0.378002;5.86974;
0.378002;5.86974;
0.378002;5.86974;
0.378003;5.86974;
0.378003;5.86974;
0.378004;5.86975;
0.378007;5.86976;
0.378012;5.86978;
0.378022;5.86982;
0.378042;5.86989;
0.378062;5.86997;
0.378082;5.87004;
0.378102;5.87012;
0.378122;5.8702;
0.378142;5.87028;
0.378162;5.87035;
0.378182;5.87043;
0.378202;5.87051;
0.378222;5.87059;
0.378242;5.87067;
0.378262;5.87075;
0.378282;5.87083;
0.378302;5.87091;
0.378322;5.87099;
0.378342;5.87107;
0.378362;5.87115;
0.378382;5.87123;
0.378402;5.87131;
0.378422;5.8714;
0.378442;5.87148;
0.378462;5.87156;
0.378482;5.87165;
0.378502;5.87173;
0.378522;5.87181;
0.378542;5.8719;
0.378562;5.87198;
0.378582;5.87207;
0.378602;5.87215;
0.378622;5.87224;
0.378642;5.87233;
0.378662;5.87241;
0.378682;5.8725;
0.378702;5.87259;
0.378722;5.87267;
0.378742;5.87276;
0.378762;5.87285;
0.378782;5.87294;
0.378802;5.87303;
0.378822;5.87312;
0.378842;5.87321;
0.378862;5.8733;
0.378882;5.87339;
0.378902;5.87348;
0.378922;5.87357;
0.378942;5.87366;
0.378962;5.87375;
0.378982;5.87384;
0.379002;5.87394;
0.379022;5.87403;
0.379042;5.87412;
0.379062;5.87422;
0.379082;5.87431;
0.379102;5.8744;
0.379122;5.8745;
0.379142;5.87459;
0.379162;5.87469;
0.379182;5.87478;
0.379202;5.87488;
0.379222;5.87498;
0.379242;5.87507;
0.379262;5.87517;
0.379282;5.87527;
0.379302;5.87536;
0.379322;5.87546;
0.379342;5.87556;
0.379362;5.87566;
0.379382;5.87576;
0.379402;5.87586;
0.379422;5.87596;
0.379442;5.87605;
0.379462;5.87616;
0.379482;5.87626;
0.379502;5.87636;
0.379522;5.87646;
0.379542;5.87656;
0.379562;5.87666;
0.379582;5.87676;
0.379602;5.87687;
0.379622;5.87697;
0.379642;5.87707;
0.379662;5.87718;
0.379682;5.87728;
0.379702;5.87738;
0.379722;5.87749;
0.379742;5.87759;
0.379762;5.8777;
0.379782;5.8778;
0.379802;5.87791;
0.379822;5.87802;
0.379842;5.87812;
0.379862;5.87823;
0.379882;5.87834;
0.379902;5.87844;
0.379922;5.87855;
0.379942;5.87866;
0.379962;5.87877;
0.379982;5.87888;
0.38;5.87897;
0.38;5.87897;
0.38;5.87897;
0.380001;5.87897;
0.380001;5.87897;
0.380001;5.87897;
0.380001;5.87897;
0.380002;5.87897;
0.380002;5.87898;
0.380003;5.87898;
0.380006;5.87899;
0.380009;5.87899;
0.380011;5.87899;
0.380014;5.879;
0.380018;5.879;
0.380028;5.87901;
0.380044;5.87902;
0.380059;5.87904;
0.380075;5.87905;
0.38009;5.87907;
0.38011;5.87909;
0.38013;5.87911;
0.38015;5.87913;
0.38017;5.87915;
0.38019;5.87917;
0.38021;5.87919;
0.38023;5.87921;
0.38025;5.87924;
0.38027;5.87926;
0.38029;5.87928;
0.38031;5.8793;
0.38033;5.87933;
0.38035;5.87935;
0.38037;5.87938;
0.38039;5.8794;
0.38041;5.87943;
0.38043;5.87945;
0.38045;5.87948;
0.38047;5.87951;
0.38049;5.87953;
0.38051;5.87956;
0.38053;5.87959;
0.38055;5.87962;
0.38057;5.87964;
0.38059;5.87967;
0.38061;5.8797;
0.38063;5.87973;
0.38065;5.87976;
0.38067;5.87979;
0.38069;5.87982;
0.38071;5.87985;
0.38073;5.87989;
0.38075;5.87992;
0.38077;5.87995;
0.38079;5.87998;
0.38081;5.88001;
0.38083;5.88005;
0.38085;5.88008;
0.38087;5.88012;
0.38089;5.88015;
0.38091;5.88019;
0.38093;5.88022;
0.38095;5.88026;
0.38097;5.88029;
0.38099;5.88033;
0.38101;5.88037;
0.38103;5.8804;
0.38105;5.88044;
0.38107;5.88048;
0.38109;5.88052;
0.38111;5.88055;
0.38113;5.88059;
0.38115;5.88063;
0.38117;5.88067;
0.38119;5.88071;
0.38121;5.88075;
0.38123;5.88079;
0.38125;5.88083;
0.38127;5.88088;
0.38129;5.88092;
0.38131;5.88096;
0.38133;5.881;
0.38135;5.88105;
0.38137;5.88109;
0.38139;5.88113;
0.38141;5.88118;
0.38143;5.88122;
0.38145;5.88127;
0.38147;5.88131;
0.38149;5.88136;
0.38151;5.8814;
0.38153;5.88145;
0.38155;5.8815;
0.38157;5.88154;
0.38159;5.88159;
0.38161;5.88164;
0.38163;5.88169;
0.38165;5.88174;
0.38167;5.88179;
0.38169;5.88183;
0.38171;5.88188;
0.38173;5.88193;
0.38175;5.88198;
0.38177;5.88204;
0.38179;5.88209;
0.38181;5.88214;
0.38183;5.88219;
0.38185;5.88224;
0.38187;5.8823;
0.38189;5.88235;
0.38191;5.8824;
0.38193;5.88246;
0.38195;5.88251;
0.38197;5.88256;
0.38199;5.88262;
0.382001;5.88265;
0.382001;5.88265;
0.382001;5.88265;
0.382002;5.88265;
0.382002;5.88265;
0.382002;5.88265;
0.382002;5.88265;
0.382003;5.88265;
0.382003;5.88265;
0.382004;5.88266;
0.382007;5.88267;
0.382012;5.88268;
0.382022;5.88271;
0.382042;5.88276;
0.382062;5.88282;
0.382082;5.88288;
0.382102;5.88293;
0.382122;5.88299;
0.382142;5.88305;
0.382162;5.88311;
0.382182;5.88316;
0.382202;5.88322;
0.382222;5.88328;
0.382242;5.88334;
0.382262;5.8834;
0.382282;5.88346;
0.382302;5.88352;
0.382322;5.88358;
0.382342;5.88364;
0.382362;5.88371;
0.382382;5.88377;
0.382402;5.88383;
0.382422;5.88389;
0.382442;5.88395;
0.382462;5.88402;
0.382482;5.88408;
0.382502;5.88415;
0.382522;5.88421;
0.382542;5.88428;
0.382562;5.88434;
0.382582;5.88441;
0.382602;5.88447;
0.382622;5.88454;
0.382642;5.8846;
0.382662;5.88467;
0.382682;5.88474;
0.382702;5.88481;
0.382722;5.88487;
0.382742;5.88494;
0.382762;5.88501;
0.382782;5.88508;
0.382802;5.88515;
0.382822;5.88522;
0.382842;5.88529;
0.382862;5.88536;
0.382882;5.88543;
0.382902;5.8855;
0.382922;5.88557;
0.382942;5.88564;
0.382962;5.88572;
0.382982;5.88579;
0.383002;5.88586;
0.383022;5.88594;
0.383042;5.88601;
0.383062;5.88608;
0.383082;5.88616;
0.383102;5.88623;
0.383122;5.88631;
0.383142;5.88638;
0.383162;5.88646;
0.383182;5.88653;
0.383202;5.88661;
0.383222;5.88669;
0.383242;5.88677;
0.383262;5.88684;
0.383282;5.88692;
0.383302;5.887;
0.383322;5.88708;
0.383342;5.88716;
0.383362;5.88724;
0.383382;5.88731;
0.383402;5.88739;
0.383422;5.88748;
0.383442;5.88756;
0.383462;5.88764;
0.383482;5.88772;
0.383502;5.8878;
0.383522;5.88788;
0.383542;5.88796;
0.383562;5.88805;
0.383582;5.88813;
0.383602;5.88821;
0.383622;5.8883;
0.383642;5.88838;
0.383662;5.88847;
0.383682;5.88855;
0.383702;5.88864;
0.383722;5.88872;
0.383742;5.88881;
0.383762;5.88889;
0.383782;5.88898;
0.383802;5.88907;
0.383822;5.88915;
0.383842;5.88924;
0.383862;5.88933;
0.383882;5.88942;
0.383902;5.88951;
0.383922;5.88959;
0.383942;5.88968;
0.383962;5.88977;
0.383982;5.88986;
0.384;5.88994;
0.384;5.88994;
0.384;5.88994;
0.384001;5.88995;
0.384001;5.88995;
0.384001;5.88995;
0.384001;5.88995;
0.384002;5.88995;
0.384002;5.88995;
0.384003;5.88996;
0.384006;5.88997;
0.384011;5.88999;
0.384021;5.89004;
0.384032;5.89008;
0.384041;5.89012;
0.384051;5.89015;
0.384059;5.89018;
0.384076;5.89024;
0.38409;5.89028;
0.384105;5.89034;
0.384125;5.89041;
0.384144;5.89047;
0.384164;5.89054;
0.384184;5.89061;
0.384204;5.89068;
0.384224;5.89075;
0.384244;5.89083;
0.384264;5.8909;
0.384284;5.89097;
0.384304;5.89104;
0.384324;5.89111;
0.384344;5.89119;
0.384364;5.89126;
0.384384;5.89133;
0.384404;5.89141;
0.384424;5.89148;
0.384444;5.89156;
0.384464;5.89163;
0.384484;5.89171;
0.384504;5.89178;
0.384524;5.89186;
0.384544;5.89193;
0.384564;5.89201;
0.384584;5.89209;
0.384604;5.89217;
0.384624;5.89224;
0.384644;5.89232;
0.384664;5.8924;
0.384684;5.89248;
0.384704;5.89256;
0.384724;5.89264;
0.384744;5.89272;
0.384764;5.8928;
0.384784;5.89288;
0.384804;5.89296;
0.384824;5.89304;
0.384844;5.89312;
0.384864;5.89321;
0.384884;5.89329;
0.384904;5.89337;
0.384924;5.89345;
0.384944;5.89354;
0.384964;5.89362;
0.384984;5.8937;
0.385004;5.89379;
0.385024;5.89387;
0.385044;5.89396;
0.385064;5.89404;
0.385084;5.89413;
0.385104;5.89422;
0.385124;5.8943;
0.385144;5.89439;
0.385164;5.89448;
0.385184;5.89456;
0.385204;5.89465;
0.385224;5.89474;
0.385244;5.89483;
0.385264;5.89492;
0.385284;5.89501;
0.385304;5.8951;
0.385324;5.89519;
0.385344;5.89528;
0.385364;5.89537;
0.385384;5.89546;
0.385404;5.89555;
0.385424;5.89564;
0.385444;5.89573;
0.385464;5.89583;
0.385484;5.89592;
0.385504;5.89601;
0.385524;5.8961;
0.385544;5.8962;
0.385564;5.89629;
0.385584;5.89639;
0.385604;5.89648;
0.385624;5.89658;
0.385644;5.89667;
0.385664;5.89677;
0.385684;5.89686;
0.385704;5.89696;
0.385724;5.89706;
0.385744;5.89715;
0.385764;5.89725;
0.385784;5.89735;
0.385804;5.89745;
0.385824;5.89754;
0.385844;5.89764;
0.385864;5.89774;
0.385884;5.89784;
0.385904;5.89794;
0.385924;5.89804;
0.385944;5.89814;
0.385964;5.89824;
0.385984;5.89834;
0.386001;5.89843;
0.386001;5.89843;
0.386001;5.89843;
0.386002;5.89843;
0.386002;5.89843;
0.386002;5.89843;
0.386002;5.89843;
0.386003;5.89844;
0.386003;5.89844;
0.386004;5.89845;
0.386007;5.89846;
0.386012;5.89849;
0.386022;5.89854;
0.386042;5.89864;
0.386062;5.89874;
0.386082;5.89884;
0.386102;5.89895;
0.386122;5.89905;
0.386142;5.89915;
0.386162;5.89926;
0.386182;5.89936;
0.386202;5.89947;
0.386222;5.89957;
0.386242;5.89968;
0.386262;5.89978;
0.386282;5.89989;
0.386302;5.9;
0.386322;5.9001;
0.386342;5.90021;
0.386362;5.90032;
0.386382;5.90042;
0.386402;5.90053;
0.386422;5.90064;
0.386442;5.90075;
0.386462;5.90086;
0.386482;5.90097;
0.386502;5.90108;
0.386522;5.90119;
0.386542;5.9013;
0.386562;5.90141;
0.386582;5.90152;
0.386602;5.90163;
0.386622;5.90174;
0.386642;5.90185;
0.386662;5.90197;
0.386682;5.90208;
0.386702;5.90219;
0.386722;5.90231;
0.386742;5.90242;
0.386762;5.90253;
0.386782;5.90265;
0.386802;5.90276;
0.386822;5.90288;
0.386842;5.90299;
0.386862;5.90311;
0.386882;5.90322;
0.386902;5.90334;
0.386922;5.90346;
0.386942;5.90357;
0.386962;5.90369;
0.386982;5.90381;
0.387002;5.90393;
0.387022;5.90404;
0.387042;5.90416;
0.387062;5.90428;
0.387082;5.9044;
0.387102;5.90452;
0.387122;5.90464;
0.387142;5.90476;
0.387162;5.90488;
0.387182;5.905;
0.387202;5.90512;
0.387222;5.90524;
0.387242;5.90537;
0.387262;5.90549;
0.387282;5.90561;
0.387302;5.90573;
0.387322;5.90586;
0.387342;5.90598;
0.387362;5.9061;
0.387382;5.90623;
0.387402;5.90635;
0.387422;5.90647;
0.387442;5.9066;
0.387462;5.90673;
0.387482;5.90685;
0.387502;5.90698;
0.387522;5.9071;
0.387542;5.90723;
0.387562;5.90736;
0.387582;5.90748;
0.387602;5.90761;
0.387622;5.90774;
0.387642;5.90787;
0.387662;5.90799;
0.387682;5.90812;
0.387702;5.90825;
0.387722;5.90838;
0.387742;5.90851;
0.387762;5.90864;
0.387782;5.90877;
0.387802;5.9089;
0.387822;5.90903;
0.387842;5.90916;
0.387862;5.9093;
0.387882;5.90943;
0.387902;5.90956;
0.387922;5.90969;
0.387942;5.90983;
0.387962;5.90996;
0.387976;5.91002;
0.387989;5.91002;
0.387998;5.90999;
0.388;5.90998;
0.388;5.90998;
0.388;5.90998;
0.388001;5.90998;
0.388001;5.90998;
0.388001;5.90998;
0.388001;5.90998;
0.388002;5.90998;
0.388002;5.90998;
0.388003;5.90997;
0.388006;5.90996;
0.388011;5.90995;
0.388021;5.90991;
0.388041;5.90985;
0.388061;5.90979;
0.388081;5.90972;
0.388101;5.90966;
0.388121;5.9096;
0.388141;5.90954;
0.388161;5.90947;
0.388181;5.90941;
0.388201;5.90935;
0.388221;5.90929;
0.388241;5.90923;
0.388261;5.90917;
0.388281;5.90911;
0.388301;5.90906;
0.388321;5.909;
0.388341;5.90894;
0.388361;5.90888;
0.388381;5.90883;
0.388401;5.90877;
0.388421;5.90871;
0.388441;5.90866;
0.388461;5.9086;
0.388481;5.90855;
0.388501;5.90849;
0.388521;5.90844;
0.388541;5.90839;
0.388561;5.90833;
0.388581;5.90828;
0.388601;5.90823;
0.388621;5.90818;
0.388641;5.90813;
0.388661;5.90808;
0.388681;5.90803;
0.388701;5.90798;
0.388721;5.90793;
0.388741;5.90788;
0.388761;5.90783;
0.388781;5.90778;
0.388801;5.90773;
0.388821;5.90769;
0.388841;5.90764;
0.388861;5.90759;
0.388881;5.90755;
0.388901;5.9075;
0.388921;5.90746;
0.388941;5.90741;
0.388961;5.90737;
0.388981;5.90732;
0.389001;5.90728;
0.389021;5.90724;
0.389041;5.90719;
0.389061;5.90715;
0.389081;5.90711;
0.389101;5.90707;
0.389121;5.90703;
0.389141;5.90699;
0.389161;5.90694;
0.389181;5.90691;
0.389201;5.90687;
0.389221;5.90683;
0.389241;5.90679;
0.389261;5.90675;
0.389281;5.90671;
0.389301;5.90668;
0.389321;5.90664;
0.389341;5.9066;
0.389361;5.90657;
0.389381;5.90653;
0.389401;5.90649;
0.389421;5.90646;
0.389441;5.90643;
0.389461;5.90639;
0.389481;5.90636;
0.389501;5.90632;
0.389521;5.90629;
0.389541;5.90626;
0.389561;5.90623;
0.389581;5.9062;
0.389601;5.90617;
0.389621;5.90613;
0.389641;5.9061;
0.389661;5.90607;
0.389681;5.90605;
0.389701;5.90602;
0.389721;5.90599;
0.389741;5.90596;
0.389761;5.90593;
0.389781;5.9059;
0.389801;5.90588;
0.389821;5.90585;
0.389841;5.90582;
0.389861;5.9058;
0.389881;5.90577;
0.389901;5.90575;
0.389921;5.90572;
0.389941;5.9057;
0.389961;5.90568;
0.389981;5.90565;
0.390001;5.90563;
0.390001;5.90563;
0.390001;5.90563;
0.390002;5.90563;
0.390002;5.90563;
0.390002;5.90563;
0.390002;5.90563;
0.390003;5.90563;
0.390003;5.90563;
0.390004;5.90563;
0.390007;5.90562;
0.390012;5.90562;
0.390022;5.90561;
0.390042;5.90558;
0.390062;5.90556;
0.390082;5.90554;
0.390102;5.90552;
0.390122;5.9055;
0.390142;5.90548;
0.390162;5.90546;
0.390182;5.90544;
0.390202;5.90542;
0.390222;5.9054;
0.390242;5.90539;
0.390262;5.90537;
0.390282;5.90535;
0.390302;5.90534;
0.390322;5.90532;
0.390342;5.9053;
0.390362;5.90529;
0.390382;5.90527;
0.390402;5.90526;
0.390422;5.90524;
0.390442;5.90523;
0.390462;5.90522;
0.390482;5.9052;
0.390502;5.90519;
0.390522;5.90518;
0.390542;5.90517;
0.390562;5.90515;
0.390582;5.90514;
0.390602;5.90513;
0.390622;5.90512;
0.390642;5.90511;
0.390662;5.9051;
0.390682;5.90509;
0.390702;5.90509;
0.390722;5.90508;
0.390742;5.90507;
0.390762;5.90506;
0.390782;5.90505;
0.390802;5.90505;
0.390822;5.90504;
0.390842;5.90504;
0.390862;5.90503;
0.390882;5.90503;
0.390902;5.90502;
0.390922;5.90502;
0.390942;5.90501;
0.390962;5.90501;
0.390982;5.90501;
0.391002;5.905;
0.391022;5.905;
0.391042;5.905;
0.391062;5.905;
0.391082;5.905;
0.391102;5.905;
0.391122;5.90499;
0.391142;5.90499;
0.391162;5.905;
0.391182;5.905;
0.391202;5.905;
0.391222;5.905;
0.391242;5.905;
0.391262;5.905;
0.391282;5.90501;
0.391302;5.90501;
0.391322;5.90501;
0.391342;5.90502;
0.391362;5.90502;
0.391382;5.90503;
0.391402;5.90503;
0.391422;5.90504;
0.391442;5.90504;
0.391462;5.90505;
0.391482;5.90506;
0.391502;5.90506;
0.391522;5.90507;
0.391542;5.90508;
0.391562;5.90509;
0.391582;5.9051;
0.391602;5.9051;
0.391622;5.90511;
0.391642;5.90512;
0.391662;5.90513;
0.391682;5.90514;
0.391702;5.90516;
0.391722;5.90517;
0.391742;5.90518;
0.391762;5.90519;
0.391782;5.9052;
0.391802;5.90522;
0.391822;5.90523;
0.391842;5.90524;
0.391862;5.90526;
0.391882;5.90527;
0.391902;5.90529;
0.391922;5.9053;
0.391942;5.90532;
0.391962;5.90533;
0.391982;5.90535;
0.392;5.90537;
0.392;5.90537;
0.392;5.90537;
0.392001;5.90537;
0.392001;5.90537;
0.392001;5.90537;
0.392001;5.90537;
0.392002;5.90537;
0.392002;5.90537;
0.392003;5.90537;
0.392006;5.90537;
0.392011;5.90537;
0.392021;5.90538;
0.392041;5.9054;
0.392061;5.90542;
0.392081;5.90544;
0.392101;5.90546;
0.392121;5.90548;
0.392141;5.90549;
0.392161;5.90551;
0.392181;5.90553;
0.392201;5.90556;
0.392221;5.90558;
0.392241;5.9056;
0.392261;5.90562;
0.392281;5.90564;
0.392301;5.90566;
0.392321;5.90569;
0.392341;5.90571;
0.392361;5.90573;
0.392381;5.90576;
0.392401;5.90578;
0.392421;5.90581;
0.392441;5.90583;
0.392461;5.90586;
0.392481;5.90588;
0.392501;5.90591;
0.392521;5.90594;
0.392541;5.90596;
0.392561;5.90599;
0.392581;5.90602;
0.392601;5.90605;
0.392621;5.90608;
0.392641;5.90611;
0.392661;5.90613;
0.392681;5.90616;
0.392701;5.90619;
0.392721;5.90622;
0.392741;5.90626;
0.392761;5.90629;
0.392781;5.90632;
0.392801;5.90635;
0.392821;5.90638;
0.392841;5.90642;
0.392861;5.90645;
0.392881;5.90648;
0.392901;5.90652;
0.392921;5.90655;
0.392941;5.90658;
0.392961;5.90662;
0.392981;5.90666;
0.393001;5.90669;
0.393021;5.90673;
0.393041;5.90676;
0.393061;5.9068;
0.393081;5.90684;
0.393101;5.90688;
0.393121;5.90691;
0.393141;5.90695;
0.393161;5.90699;
0.393181;5.90703;
0.393201;5.90707;
0.393221;5.90711;
0.393241;5.90715;
0.393261;5.90719;
0.393281;5.90723;
0.393301;5.90727;
0.393321;5.90731;
0.393341;5.90735;
0.393361;5.9074;
0.393381;5.90744;
0.393401;5.90748;
0.393421;5.90753;
0.393441;5.90757;
0.393461;5.90761;
0.393481;5.90766;
0.393501;5.9077;
0.393521;5.90775;
0.393541;5.9078;
0.393561;5.90784;
0.393581;5.90789;
0.393601;5.90793;
0.393621;5.90798;
0.393641;5.90803;
0.393661;5.90808;
0.393681;5.90813;
0.393701;5.90817;
0.393721;5.90822;
0.393741;5.90827;
0.393761;5.90832;
0.393781;5.90837;
0.393801;5.90842;
0.393821;5.90847;
0.393841;5.90853;
0.393861;5.90858;
0.393881;5.90863;
0.393901;5.90868;
0.393921;5.90873;
0.393941;5.90879;
0.393961;5.90884;
0.393981;5.90889;
0.394001;5.90895;
0.394001;5.90895;
0.394001;5.90895;
0.394002;5.90895;
0.394002;5.90895;
0.394002;5.90895;
0.394002;5.90895;
0.394003;5.90895;
0.394003;5.90895;
0.394004;5.90896;
0.394007;5.90896;
0.394012;5.90898;
0.394022;5.90901;
0.394042;5.90906;
0.394062;5.90912;
0.394082;5.90917;
0.394102;5.90923;
0.394122;5.90928;
0.394142;5.90934;
0.394162;5.9094;
0.394182;5.90945;
0.394202;5.90951;
0.394222;5.90957;
0.394242;5.90963;
0.394262;5.90969;
0.394282;5.90975;
0.394302;5.90981;
0.394322;5.90987;
0.394342;5.90993;
0.394362;5.90999;
0.394382;5.91005;
0.394402;5.91011;
0.394422;5.91017;
0.394442;5.91023;
0.394462;5.91029;
0.394482;5.91036;
0.394502;5.91042;
0.394522;5.91048;
0.394542;5.91055;
0.394562;5.91061;
0.394582;5.91068;
0.394602;5.91074;
0.394622;5.91081;
0.394642;5.91087;
0.394662;5.91094;
0.394682;5.911;
0.394702;5.91107;
0.394722;5.91114;
0.394742;5.91121;
0.394762;5.91127;
0.394782;5.91134;
0.394802;5.91141;
0.394822;5.91148;
0.394842;5.91155;
0.394862;5.91162;
0.394882;5.91169;
0.394902;5.91176;
0.394922;5.91183;
0.394942;5.9119;
0.394962;5.91197;
0.394982;5.91204;
0.395002;5.91211;
0.395022;5.91219;
0.395042;5.91226;
0.395062;5.91233;
0.395082;5.9124;
0.395102;5.91248;
0.395122;5.91255;
0.395142;5.91263;
0.395162;5.9127;
0.395182;5.91278;
0.395202;5.91285;
0.395222;5.91293;
0.395242;5.913;
0.395262;5.91308;
0.395282;5.91316;
0.395302;5.91323;
0.395322;5.91331;
0.395342;5.91339;
0.395362;5.91347;
0.395382;5.91355;
0.395402;5.91363;
0.395422;5.9137;
0.395442;5.91378;
0.395462;5.91386;
0.395482;5.91394;
0.395502;5.91403;
0.395522;5.91411;
0.395542;5.91419;
0.395562;5.91427;
0.395582;5.91435;
0.395602;5.91443;
0.395622;5.91452;
0.395642;5.9146;
0.395662;5.91468;
0.395682;5.91477;
0.395702;5.91485;
0.395722;5.91494;
0.395742;5.91502;
0.395762;5.91511;
0.395782;5.91519;
0.395802;5.91528;
0.395822;5.91536;
0.395842;5.91545;
0.395862;5.91554;
0.395882;5.91562;
0.395902;5.91571;
0.395922;5.9158;
0.395942;5.91589;
0.395962;5.91598;
0.395982;5.91606;
0.396;5.91614;
0.396;5.91614;
0.396;5.91614;
0.396001;5.91615;
0.396001;5.91615;
0.396001;5.91615;
0.396001;5.91615;
0.396002;5.91615;
0.396002;5.91615;
0.396003;5.91616;
0.396006;5.91617;
0.396011;5.91619;
0.396017;5.91622;
0.39602;5.91623;
0.396024;5.91624;
0.396028;5.91625;
0.396033;5.91626;
0.396038;5.91627;
0.396049;5.91629;
0.396069;5.91634;
0.396085;5.91637;
0.396101;5.91641;
0.396118;5.91645;
0.396138;5.91649;
0.396158;5.91654;
0.396178;5.91658;
0.396198;5.91663;
0.396218;5.91668;
0.396238;5.91673;
0.396258;5.91677;
0.396278;5.91682;
0.396298;5.91687;
0.396318;5.91692;
0.396338;5.91697;
0.396358;5.91702;
0.396378;5.91707;
0.396398;5.91712;
0.396418;5.91717;
0.396438;5.91722;
0.396458;5.91727;
0.396478;5.91732;
0.396498;5.91737;
0.396518;5.91743;
0.396538;5.91748;
0.396558;5.91753;
0.396578;5.91758;
0.396598;5.91764;
0.396618;5.91769;
0.396638;5.91775;
0.396658;5.9178;
0.396678;5.91786;
0.396698;5.91791;
0.396718;5.91797;
0.396738;5.91803;
0.396758;5.91808;
0.396778;5.91814;
0.396798;5.9182;
0.396818;5.91825;
0.396838;5.91831;
0.396858;5.91837;
0.396878;5.91843;
0.396898;5.91849;
0.396918;5.91855;
0.396938;5.91861;
0.396958;5.91867;
0.396978;5.91873;
0.396998;5.91879;
0.397018;5.91885;
0.397038;5.91891;
0.397058;5.91898;
0.397078;5.91904;
0.397098;5.9191;
0.397118;5.91916;
0.397138;5.91923;
0.397158;5.91929;
0.397178;5.91935;
0.397198;5.91942;
0.397218;5.91948;
0.397238;5.91955;
0.397258;5.91962;
0.397278;5.91968;
0.397298;5.91975;
0.397318;5.91981;
0.397338;5.91988;
0.397358;5.91995;
0.397378;5.92002;
0.397398;5.92008;
0.397418;5.92015;
0.397438;5.92022;
0.397458;5.92029;
0.397478;5.92036;
0.397498;5.92043;
0.397518;5.9205;
0.397538;5.92057;
0.397558;5.92064;
0.397578;5.92071;
0.397598;5.92078;
0.397618;5.92086;
0.397638;5.92093;
0.397658;5.921;
0.397678;5.92107;
0.397698;5.92115;
0.397718;5.92122;
0.397738;5.9213;
0.397758;5.92137;
0.397778;5.92144;
0.397798;5.92152;
0.397818;5.9216;
0.397838;5.92167;
0.397858;5.92175;
0.397878;5.92182;
0.397898;5.9219;
0.397918;5.92198;
0.397938;5.92206;
0.397958;5.92213;
0.397978;5.92221;
0.397998;5.92229;
0.398001;5.9223;
0.398001;5.9223;
0.398001;5.9223;
0.398002;5.9223;
0.398002;5.9223;
0.398002;5.92231;
0.398002;5.92231;
0.398003;5.92231;
0.398003;5.92231;
0.398004;5.92231;
0.398007;5.92232;
0.398012;5.92234;
0.398022;5.92239;
0.398042;5.92246;
0.398062;5.92254;
0.398082;5.92262;
0.398102;5.9227;
0.398122;5.92279;
0.398142;5.92287;
0.398162;5.92295;
0.398182;5.92303;
0.398202;5.92311;
0.398222;5.92319;
0.398242;5.92328;
0.398262;5.92336;
0.398282;5.92344;
0.398302;5.92353;
0.398322;5.92361;
0.398342;5.9237;
0.398362;5.92378;
0.398382;5.92387;
0.398402;5.92395;
0.398422;5.92404;
0.398442;5.92412;
0.398462;5.92421;
0.398482;5.9243;
0.398502;5.92438;
0.398522;5.92447;
0.398542;5.92456;
0.398562;5.92465;
0.398582;5.92474;
0.398602;5.92483;
0.398622;5.92491;
0.398642;5.925;
0.398662;5.92509;
0.398682;5.92518;
0.398702;5.92528;
0.398722;5.92537;
0.398742;5.92546;
0.398762;5.92555;
0.398782;5.92564;
0.398802;5.92573;
0.398822;5.92583;
0.398842;5.92592;
0.398862;5.92601;
0.398882;5.92611;
0.398902;5.9262;
0.398922;5.92629;
0.398942;5.92639;
0.398962;5.92648;
0.398982;5.92658;
0.399002;5.92667;
0.399022;5.92677;
0.399042;5.92687;
0.399062;5.92696;
0.399082;5.92706;
0.399102;5.92716;
0.399122;5.92726;
0.399142;5.92735;
0.399162;5.92745;
0.399182;5.92755;
0.399202;5.92765;
0.399222;5.92775;
0.399242;5.92785;
0.399262;5.92795;
0.399282;5.92805;
0.399302;5.92815;
0.399322;5.92825;
0.399342;5.92835;
0.399362;5.92845;
0.399382;5.92856;
0.399402;5.92866;
0.399422;5.92876;
0.399442;5.92886;
0.399462;5.92897;
0.399482;5.92907;
0.399502;5.92918;
0.399522;5.92928;
0.399542;5.92938;
0.399562;5.92949;
0.399582;5.92959;
0.399602;5.9297;
0.399622;5.92981;
0.399642;5.92991;
0.399662;5.93002;
0.399682;5.93013;
0.399702;5.93023;
0.399722;5.93034;
0.399742;5.93045;
0.399762;5.93056;
0.399782;5.93067;
0.399802;5.93077;
0.399822;5.93088;
0.399842;5.93099;
0.399862;5.9311;
0.399882;5.93121;
0.399902;5.93132;
0.399922;5.93144;
0.399942;5.93155;
0.399962;5.93166;
0.399982;5.93177;
0.399996;5.93181;
0.4;5.93181;
0.4;5.93181;
0.4;5.93181;
0.400001;5.93181;
0.400001;5.93181;
0.400001;5.93181;
0.400001;5.93181;
0.400002;5.93181;
0.400002;5.93181;
0.400003;5.93181;
0.400006;5.93181;
0.400011;5.9318;
0.400021;5.93178;
0.40003;5.93177;
0.400038;5.93176;
0.400048;5.93175;
0.400068;5.93172;
0.400088;5.9317;
0.400108;5.93167;
0.400128;5.93164;
0.400148;5.93162;
0.400168;5.93159;
0.400188;5.93157;
0.400208;5.93154;
0.400228;5.93152;
0.400248;5.9315;
0.400268;5.93147;
0.400288;5.93145;
0.400308;5.93143;
0.400328;5.93141;
0.400348;5.93139;
0.400368;5.93137;
0.400388;5.93135;
0.400408;5.93133;
0.400428;5.93131;
0.400448;5.93129;
0.400468;5.93127;
0.400488;5.93125;
0.400508;5.93123;
0.400528;5.93121;
0.400548;5.9312;
0.400568;5.93118;
0.400588;5.93116;
0.400608;5.93115;
0.400628;5.93113;
0.400648;5.93112;
0.400668;5.9311;
0.400688;5.93109;
0.400708;5.93107;
0.400728;5.93106;
0.400748;5.93105;
0.400768;5.93103;
0.400788;5.93102;
0.400808;5.93101;
0.400828;5.931;
0.400848;5.93099;
0.400868;5.93098;
0.400888;5.93097;
0.400908;5.93096;
0.400928;5.93095;
0.400948;5.93094;
0.400968;5.93093;
0.400988;5.93092;
0.401008;5.93091;
0.401028;5.9309;
0.401048;5.9309;
0.401068;5.93089;
0.401088;5.93088;
0.401108;5.93088;
0.401128;5.93087;
0.401148;5.93087;
0.401168;5.93086;
0.401188;5.93086;
0.401208;5.93085;
0.401228;5.93085;
0.401248;5.93085;
0.401268;5.93084;
0.401288;5.93084;
0.401308;5.93084;
0.401328;5.93084;
0.401348;5.93084;
0.401368;5.93083;
0.401388;5.93083;
0.401408;5.93083;
0.401428;5.93083;
0.401448;5.93083;
0.401468;5.93084;
0.401488;5.93084;
0.401508;5.93084;
0.401528;5.93084;
0.401548;5.93084;
0.401568;5.93085;
0.401588;5.93085;
0.401608;5.93085;
0.401628;5.93086;
0.401648;5.93086;
0.401668;5.93087;
0.401688;5.93087;
0.401708;5.93088;
0.401728;5.93089;
0.401748;5.93089;
0.401768;5.9309;
0.401788;5.93091;
0.401808;5.93091;
0.401828;5.93092;
0.401848;5.93093;
0.401868;5.93094;
0.401888;5.93095;
0.401908;5.93096;
0.401928;5.93097;
0.401948;5.93098;
0.401968;5.93099;
0.401988;5.931;
0.402001;5.93101;
0.402001;5.93101;
0.402001;5.93101;
0.402002;5.93101;
0.402002;5.93101;
0.402002;5.93101;
0.402002;5.93101;
0.402003;5.93101;
0.402003;5.93101;
0.402004;5.93101;
0.402007;5.93101;
0.402012;5.93101;
0.402022;5.93102;
0.402042;5.93103;
0.402062;5.93105;
0.402082;5.93106;
0.402102;5.93107;
0.402122;5.93109;
0.402142;5.9311;
0.402162;5.93111;
0.402182;5.93113;
0.402202;5.93114;
0.402222;5.93116;
0.402242;5.93118;
0.402262;5.93119;
0.402282;5.93121;
0.402302;5.93123;
0.402322;5.93124;
0.402342;5.93126;
0.402362;5.93128;
0.402382;5.9313;
0.402402;5.93132;
0.402422;5.93134;
0.402442;5.93136;
0.402462;5.93138;
0.402482;5.9314;
0.402502;5.93142;
0.402522;5.93144;
0.402542;5.93146;
0.402562;5.93149;
0.402582;5.93151;
0.402602;5.93153;
0.402622;5.93155;
0.402642;5.93158;
0.402662;5.9316;
0.402682;5.93163;
0.402702;5.93165;
0.402722;5.93168;
0.402742;5.9317;
0.402762;5.93173;
0.402782;5.93175;
0.402802;5.93178;
0.402822;5.93181;
0.402842;5.93184;
0.402862;5.93186;
0.402882;5.93189;
0.402902;5.93192;
0.402922;5.93195;
0.402942;5.93198;
0.402962;5.93201;
0.402982;5.93204;
0.403002;5.93207;
0.403022;5.9321;
0.403042;5.93213;
0.403062;5.93216;
0.403082;5.93219;
0.403102;5.93223;
0.403122;5.93226;
0.403142;5.93229;
0.403162;5.93233;
0.403182;5.93236;
0.403202;5.93239;
0.403222;5.93243;
0.403242;5.93246;
0.403262;5.9325;
0.403282;5.93253;
0.403302;5.93257;
0.403322;5.93261;
0.403342;5.93264;
0.403362;5.93268;
0.403382;5.93272;
0.403402;5.93276;
0.403422;5.93279;
0.403442;5.93283;
0.403462;5.93287;
0.403482;5.93291;
0.403502;5.93295;
0.403522;5.93299;
0.403542;5.93303;
0.403562;5.93307;
0.403582;5.93311;
0.403602;5.93315;
0.403622;5.9332;
0.403642;5.93324;
0.403662;5.93328;
0.403682;5.93332;
0.403702;5.93337;
0.403722;5.93341;
0.403742;5.93346;
0.403762;5.9335;
0.403782;5.93355;
0.403802;5.93359;
0.403822;5.93364;
0.403842;5.93368;
0.403862;5.93373;
0.403882;5.93378;
0.403902;5.93382;
0.403922;5.93387;
0.403942;5.93392;
0.403962;5.93397;
0.403982;5.93401;
0.404;5.93406;
0.404;5.93406;
0.404;5.93406;
0.404001;5.93406;
0.404001;5.93406;
0.404001;5.93406;
0.404001;5.93406;
0.404002;5.93406;
0.404002;5.93406;
0.404003;5.93407;
0.404006;5.93407;
0.404011;5.93408;
0.404021;5.93411;
0.404041;5.93416;
0.404061;5.93421;
0.404081;5.93426;
0.404101;5.93431;
0.404121;5.93436;
0.404141;5.93441;
0.404161;5.93446;
0.404181;5.93451;
0.404201;5.93457;
0.404221;5.93462;
0.404241;5.93467;
0.404261;5.93473;
0.404281;5.93478;
0.404301;5.93484;
0.404321;5.93489;
0.404341;5.93494;
0.404361;5.935;
0.404381;5.93506;
0.404401;5.93511;
0.404421;5.93517;
0.404441;5.93522;
0.404461;5.93528;
0.404481;5.93534;
0.404501;5.9354;
0.404521;5.93546;
0.404541;5.93551;
0.404561;5.93557;
0.404581;5.93563;
0.404601;5.93569;
0.404621;5.93575;
0.404641;5.93581;
0.404661;5.93587;
0.404681;5.93593;
0.404701;5.936;
0.404721;5.93606;
0.404741;5.93612;
0.404761;5.93618;
0.404781;5.93624;
0.404801;5.93631;
0.404821;5.93637;
0.404841;5.93644;
0.404861;5.9365;
0.404881;5.93656;
0.404901;5.93663;
0.404921;5.93669;
0.404941;5.93676;
0.404961;5.93683;
0.404981;5.93689;
0.405001;5.93696;
0.405021;5.93703;
0.405041;5.93709;
0.405061;5.93716;
0.405081;5.93723;
0.405101;5.9373;
0.405121;5.93737;
0.405141;5.93744;
0.405161;5.93751;
0.405181;5.93758;
0.405201;5.93765;
0.405221;5.93772;
0.405241;5.93779;
0.405261;5.93786;
0.405281;5.93793;
0.405301;5.938;
0.405321;5.93808;
0.405341;5.93815;
0.405361;5.93822;
0.405381;5.93829;
0.405401;5.93837;
0.405421;5.93844;
0.405441;5.93852;
0.405461;5.93859;
0.405481;5.93867;
0.405501;5.93874;
0.405521;5.93882;
0.405541;5.93889;
0.405561;5.93897;
0.405581;5.93905;
0.405601;5.93912;
0.405621;5.9392;
0.405641;5.93928;
0.405661;5.93936;
0.405681;5.93944;
0.405701;5.93952;
0.405721;5.93959;
0.405741;5.93967;
0.405761;5.93975;
0.405781;5.93983;
0.405801;5.93992;
0.405821;5.94;
0.405841;5.94008;
0.405861;5.94016;
0.405881;5.94024;
0.405901;5.94032;
0.405921;5.94041;
0.405941;5.94049;
0.405961;5.94057;
0.405981;5.94066;
0.406001;5.94074;
0.406001;5.94074;
0.406001;5.94074;
0.406001;5.94074;
0.406002;5.94075;
0.406002;5.94075;
0.406002;5.94075;
0.406002;5.94075;
0.406003;5.94075;
0.406003;5.94075;
0.406004;5.94076;
0.406007;5.94077;
0.406012;5.94079;
0.406022;5.94083;
0.406042;5.94092;
0.406062;5.941;
0.406082;5.94109;
0.406102;5.94117;
0.406122;5.94126;
0.406142;5.94135;
0.406162;5.94143;
0.406182;5.94152;
0.406202;5.94161;
0.406222;5.9417;
0.406242;5.94178;
0.406262;5.94187;
0.406282;5.94196;
0.406302;5.94205;
0.406322;5.94214;
0.406342;5.94223;
0.406362;5.94232;
0.406382;5.94241;
0.406402;5.9425;
0.406422;5.94259;
0.406442;5.94268;
0.406462;5.94278;
0.406482;5.94287;
0.406502;5.94296;
0.406522;5.94305;
0.406542;5.94315;
0.406562;5.94324;
0.406582;5.94333;
0.406602;5.94343;
0.406622;5.94352;
0.406642;5.94362;
0.406662;5.94371;
0.406682;5.94381;
0.406702;5.94391;
0.406722;5.944;
0.406742;5.9441;
0.406762;5.94419;
0.406782;5.94429;
0.406802;5.94439;
0.406822;5.94449;
0.406842;5.94459;
0.406862;5.94468;
0.406882;5.94478;
0.406902;5.94488;
0.406922;5.94498;
0.406942;5.94508;
0.406962;5.94518;
0.406982;5.94528;
0.407002;5.94538;
0.407022;5.94549;
0.407042;5.94559;
0.407062;5.94569;
0.407082;5.94579;
0.407102;5.94589;
0.407122;5.946;
0.407142;5.9461;
0.407162;5.9462;
0.407182;5.94631;
0.407202;5.94641;
0.407222;5.94652;
0.407242;5.94662;
0.407262;5.94673;
0.407282;5.94683;
0.407302;5.94694;
0.407322;5.94704;
0.407342;5.94715;
0.407362;5.94726;
0.407382;5.94736;
0.407402;5.94747;
0.407422;5.94758;
0.407442;5.94769;
0.407462;5.9478;
0.407482;5.9479;
0.407502;5.94801;
0.407522;5.94812;
0.407542;5.94823;
0.407562;5.94834;
0.407582;5.94845;
0.407602;5.94856;
0.407622;5.94868;
0.407642;5.94879;
0.407662;5.9489;
0.407682;5.94901;
0.407702;5.94912;
0.407722;5.94924;
0.407742;5.94935;
0.407762;5.94946;
0.407782;5.94958;
0.407802;5.94969;
0.407822;5.9498;
0.407842;5.94992;
0.407862;5.95003;
0.407882;5.95015;
0.407902;5.95026;
0.407922;5.95038;
0.407942;5.9505;
0.407962;5.95061;
0.407982;5.9507;
0.407996;5.95073;
0.408;5.95074;
0.408;5.95074;
0.408;5.95074;
0.408001;5.95074;
0.408001;5.95074;
0.408001;5.95074;
0.408001;5.95074;
0.408002;5.95074;
0.408002;5.95074;
0.408003;5.95074;
0.408006;5.95075;
0.408011;5.95075;
0.408021;5.95076;
0.408041;5.95078;
0.408056;5.9508;
0.408073;5.95082;
0.408093;5.95084;
0.408113;5.95087;
0.408133;5.95089;
0.408153;5.95092;
0.408173;5.95094;
0.408193;5.95097;
0.408213;5.95099;
0.408233;5.95102;
0.408253;5.95104;
0.408273;5.95107;
0.408293;5.9511;
0.408313;5.95113;
0.408333;5.95115;
0.408353;5.95118;
0.408373;5.95121;
0.408393;5.95124;
0.408413;5.95127;
0.408433;5.9513;
0.408453;5.95133;
0.408473;5.95136;
0.408493;5.95139;
0.408513;5.95142;
0.408533;5.95145;
0.408553;5.95148;
0.408573;5.95152;
0.408593;5.95155;
0.408613;5.95158;
0.408633;5.95161;
0.408653;5.95165;
0.408673;5.95168;
0.408693;5.95172;
0.408713;5.95175;
0.408733;5.95179;
0.408753;5.95182;
0.408773;5.95186;
0.408793;5.9519;
0.408813;5.95193;
0.408833;5.95197;
0.408853;5.95201;
0.408873;5.95204;
0.408893;5.95208;
0.408913;5.95212;
0.408933;5.95216;
0.408953;5.9522;
0.408973;5.95224;
0.408993;5.95228;
0.409013;5.95232;
0.409033;5.95236;
0.409053;5.9524;
0.409073;5.95244;
0.409093;5.95248;
0.409113;5.95253;
0.409133;5.95257;
0.409153;5.95261;
0.409173;5.95266;
0.409193;5.9527;
0.409213;5.95274;
0.409233;5.95279;
0.409253;5.95283;
0.409273;5.95288;
0.409293;5.95292;
0.409313;5.95297;
0.409333;5.95302;
0.409353;5.95306;
0.409373;5.95311;
0.409393;5.95316;
0.409413;5.9532;
0.409433;5.95325;
0.409453;5.9533;
0.409473;5.95335;
0.409493;5.9534;
0.409513;5.95345;
0.409533;5.9535;
0.409553;5.95355;
0.409573;5.9536;
0.409593;5.95365;
0.409613;5.9537;
0.409633;5.95375;
0.409653;5.9538;
0.409673;5.95386;
0.409693;5.95391;
0.409713;5.95396;
0.409733;5.95402;
0.409753;5.95407;
0.409773;5.95412;
0.409793;5.95418;
0.409813;5.95423;
0.409833;5.95429;
0.409853;5.95434;
0.409873;5.9544;
0.409893;5.95446;
0.409913;5.95451;
0.409933;5.95457;
0.409953;5.95463;
0.409973;5.95469;
0.409993;5.95474;
0.410001;5.95477;
0.410001;5.95477;
0.410001;5.95477;
0.410002;5.95477;
0.410002;5.95477;
0.410002;5.95477;
0.410002;5.95477;
0.410003;5.95477;
0.410003;5.95477;
0.410004;5.95478;
0.410007;5.95478;
0.410012;5.9548;
0.410022;5.95483;
0.410042;5.95489;
0.410062;5.95495;
0.410082;5.95501;
0.410102;5.95507;
0.410122;5.95513;
0.410142;5.95519;
0.410162;5.95525;
0.410182;5.95531;
0.410202;5.95537;
0.410222;5.95544;
0.410242;5.9555;
0.410262;5.95556;
0.410282;5.95562;
0.410302;5.95569;
0.410322;5.95575;
0.410342;5.95582;
0.410362;5.95588;
0.410382;5.95595;
0.410402;5.95601;
0.410422;5.95608;
0.410442;5.95614;
0.410462;5.95621;
0.410482;5.95628;
0.410502;5.95634;
0.410522;5.95641;
0.410542;5.95648;
0.410562;5.95655;
0.410582;5.95661;
0.410602;5.95668;
0.410622;5.95675;
0.410642;5.95682;
0.410662;5.95689;
0.410682;5.95696;
0.410702;5.95703;
0.410722;5.9571;
0.410742;5.95718;
0.410762;5.95725;
0.410782;5.95732;
0.410802;5.95739;
0.410822;5.95746;
0.410842;5.95754;
0.410862;5.95761;
0.410882;5.95768;
0.410902;5.95776;
0.410922;5.95783;
0.410942;5.95791;
0.410962;5.95798;
0.410982;5.95806;
0.411002;5.95813;
0.411022;5.95821;
0.411042;5.95829;
0.411062;5.95836;
0.411082;5.95844;
0.411102;5.95852;
0.411122;5.9586;
0.411142;5.95867;
0.411162;5.95875;
0.411182;5.95883;
0.411202;5.95891;
0.411222;5.95899;
0.411242;5.95907;
0.411262;5.95915;
0.411282;5.95923;
0.411302;5.95931;
0.411322;5.95939;
0.411342;5.95947;
0.411362;5.95956;
0.411382;5.95964;
0.411402;5.95972;
0.411422;5.9598;
0.411442;5.95989;
0.411462;5.95997;
0.411482;5.96006;
0.411502;5.96014;
0.411522;5.96022;
0.411542;5.96031;
0.411562;5.96039;
0.411582;5.96048;
0.411602;5.96057;
0.411622;5.96065;
0.411642;5.96074;
0.411662;5.96083;
0.411682;5.96091;
0.411702;5.961;
0.411722;5.96109;
0.411742;5.96118;
0.411762;5.96127;
0.411782;5.96136;
0.411802;5.96145;
0.411822;5.96154;
0.411842;5.96163;
0.411862;5.96172;
0.411882;5.96181;
0.411902;5.9619;
0.411922;5.96199;
0.411942;5.96208;
0.411962;5.96217;
0.411982;5.96227;
0.412;5.96234;
0.412;5.96234;
0.412;5.96234;
0.412001;5.96234;
0.412001;5.96234;
0.412001;5.96234;
0.412001;5.96234;
0.412002;5.96235;
0.412002;5.96235;
0.412003;5.96235;
0.412006;5.96236;
0.412009;5.96236;
0.412011;5.96236;
0.412014;5.96236;
0.412019;5.96236;
0.412028;5.96236;
0.412045;5.96236;
0.41206;5.96237;
0.412076;5.96237;
0.412091;5.96237;
0.412111;5.96238;
0.412131;5.96238;
0.412151;5.96238;
0.412171;5.96239;
0.412191;5.9624;
0.412211;5.9624;
0.412231;5.96241;
0.412251;5.96242;
0.412271;5.96242;
0.412291;5.96243;
0.412311;5.96244;
0.412331;5.96245;
0.412351;5.96246;
0.412371;5.96247;
0.412391;5.96248;
0.412411;5.96249;
0.412431;5.9625;
0.412451;5.96251;
0.412471;5.96252;
0.412491;5.96253;
0.412511;5.96254;
0.412531;5.96255;
0.412551;5.96257;
0.412571;5.96258;
0.412591;5.96259;
0.412611;5.96261;
0.412631;5.96262;
0.412651;5.96264;
0.412671;5.96265;
0.412691;5.96267;
0.412711;5.96268;
0.412731;5.9627;
0.412751;5.96271;
0.412771;5.96273;
0.412791;5.96275;
0.412811;5.96277;
0.412831;5.96278;
0.412851;5.9628;
0.412871;5.96282;
0.412891;5.96284;
0.412911;5.96286;
0.412931;5.96288;
0.412951;5.9629;
0.412971;5.96292;
0.412991;5.96294;
0.413011;5.96296;
0.413031;5.96299;
0.413051;5.96301;
0.413071;5.96303;
0.413091;5.96305;
0.413111;5.96308;
0.413131;5.9631;
0.413151;5.96312;
0.413171;5.96315;
0.413191;5.96317;
0.413211;5.9632;
0.413231;5.96322;
0.413251;5.96325;
0.413271;5.96328;
0.413291;5.9633;
0.413311;5.96333;
0.413331;5.96336;
0.413351;5.96339;
0.413371;5.96341;
0.413391;5.96344;
0.413411;5.96347;
0.413431;5.9635;
0.413451;5.96353;
0.413471;5.96356;
0.413491;5.96359;
0.413511;5.96362;
0.413531;5.96365;
0.413551;5.96368;
0.413571;5.96372;
0.413591;5.96375;
0.413611;5.96378;
0.413631;5.96381;
0.413651;5.96385;
0.413671;5.96388;
0.413691;5.96392;
0.413711;5.96395;
0.413731;5.96399;
0.413751;5.96402;
0.413771;5.96406;
0.413791;5.96409;
0.413811;5.96413;
0.413831;5.96417;
0.413851;5.9642;
0.413871;5.96424;
0.413891;5.96428;
0.413911;5.96432;
0.413931;5.96435;
0.413951;5.96439;
0.413971;5.96443;
0.413991;5.96447;
0.414001;5.96449;
0.414001;5.96449;
0.414001;5.96449;
0.414002;5.96449;
0.414002;5.96449;
0.414002;5.96449;
0.414002;5.96449;
0.414003;5.9645;
0.414003;5.9645;
0.414004;5.9645;
0.414007;5.9645;
0.414012;5.96451;
0.414022;5.96454;
0.414042;5.96458;
0.414062;5.96462;
0.414082;5.96466;
0.414102;5.9647;
0.414122;5.96474;
0.414142;5.96478;
0.414162;5.96483;
0.414182;5.96487;
0.414202;5.96491;
0.414222;5.96496;
0.414242;5.965;
0.414262;5.96505;
0.414282;5.96509;
0.414302;5.96514;
0.414322;5.96518;
0.414342;5.96523;
0.414362;5.96528;
0.414382;5.96532;
0.414402;5.96537;
0.414422;5.96542;
0.414442;5.96546;
0.414462;5.96551;
0.414482;5.96556;
0.414502;5.96561;
0.414522;5.96566;
0.414542;5.96571;
0.414562;5.96576;
0.414582;5.96581;
0.414602;5.96586;
0.414622;5.96591;
0.414642;5.96596;
0.414662;5.96602;
0.414682;5.96607;
0.414702;5.96612;
0.414722;5.96617;
0.414742;5.96623;
0.414762;5.96628;
0.414782;5.96633;
0.414802;5.96639;
0.414822;5.96644;
0.414842;5.9665;
0.414862;5.96655;
0.414882;5.96661;
0.414902;5.96666;
0.414922;5.96672;
0.414942;5.96678;
0.414962;5.96684;
0.414982;5.96689;
0.415002;5.96695;
0.415022;5.96701;
0.415042;5.96707;
0.415062;5.96713;
0.415082;5.96719;
0.415102;5.96725;
0.415122;5.96731;
0.415142;5.96737;
0.415162;5.96743;
0.415182;5.96749;
0.415202;5.96755;
0.415222;5.96761;
0.415242;5.96767;
0.415262;5.96774;
0.415282;5.9678;
0.415302;5.96786;
0.415322;5.96793;
0.415342;5.96799;
0.415362;5.96805;
0.415382;5.96812;
0.415402;5.96818;
0.415422;5.96825;
0.415442;5.96831;
0.415462;5.96838;
0.415482;5.96845;
0.415502;5.96851;
0.415522;5.96858;
0.415542;5.96865;
0.415562;5.96872;
0.415582;5.96878;
0.415602;5.96885;
0.415622;5.96892;
0.415642;5.96899;
0.415662;5.96906;
0.415682;5.96913;
0.415702;5.9692;
0.415722;5.96927;
0.415742;5.96934;
0.415762;5.96941;
0.415782;5.96948;
0.415802;5.96956;
0.415822;5.96963;
0.415842;5.9697;
0.415862;5.96977;
0.415882;5.96985;
0.415902;5.96992;
0.415922;5.96999;
0.415942;5.97007;
0.415962;5.97014;
0.415982;5.97022;
0.416;5.97028;
0.416;5.97029;
0.416;5.97029;
0.416001;5.97029;
0.416001;5.97029;
0.416001;5.97029;
0.416001;5.97029;
0.416002;5.97029;
0.416002;5.97029;
0.416003;5.9703;
0.416006;5.97031;
0.416011;5.97033;
0.416021;5.97037;
0.416027;5.97039;
0.416033;5.9704;
0.416038;5.97041;
0.416044;5.97042;
0.416052;5.97043;
0.416069;5.97046;
0.41608;5.97048;
0.416092;5.9705;
0.416106;5.97053;
0.416126;5.97056;
0.416146;5.9706;
0.416166;5.97063;
0.416186;5.97067;
0.416206;5.97071;
0.416226;5.97074;
0.416246;5.97078;
0.416266;5.97082;
0.416286;5.97086;
0.416306;5.9709;
0.416326;5.97094;
0.416346;5.97097;
0.416366;5.97101;
0.416386;5.97106;
0.416406;5.9711;
0.416426;5.97114;
0.416446;5.97118;
0.416466;5.97122;
0.416486;5.97126;
0.416506;5.9713;
0.416526;5.97135;
0.416546;5.97139;
0.416566;5.97143;
0.416586;5.97148;
0.416606;5.97152;
0.416626;5.97157;
0.416646;5.97161;
0.416666;5.97166;
0.416686;5.9717;
0.416706;5.97175;
0.416726;5.97179;
0.416746;5.97184;
0.416766;5.97189;
0.416786;5.97194;
0.416806;5.97198;
0.416826;5.97203;
0.416846;5.97208;
0.416866;5.97213;
0.416886;5.97218;
0.416906;5.97223;
0.416926;5.97228;
0.416946;5.97233;
0.416966;5.97238;
0.416986;5.97243;
0.417006;5.97248;
0.417026;5.97253;
0.417046;5.97258;
0.417066;5.97264;
0.417086;5.97269;
0.417106;5.97274;
0.417126;5.9728;
0.417146;5.97285;
0.417166;5.97291;
0.417186;5.97296;
0.417206;5.97301;
0.417226;5.97307;
0.417246;5.97313;
0.417266;5.97318;
0.417286;5.97324;
0.417306;5.97329;
0.417326;5.97335;
0.417346;5.97341;
0.417366;5.97347;
0.417386;5.97353;
0.417406;5.97358;
0.417426;5.97364;
0.417446;5.9737;
0.417466;5.97376;
0.417486;5.97382;
0.417506;5.97388;
0.417526;5.97394;
0.417546;5.974;
0.417566;5.97407;
0.417586;5.97413;
0.417606;5.97419;
0.417626;5.97425;
0.417646;5.97431;
0.417666;5.97438;
0.417686;5.97444;
0.417706;5.9745;
0.417726;5.97457;
0.417746;5.97463;
0.417766;5.9747;
0.417786;5.97476;
0.417806;5.97483;
0.417826;5.97489;
0.417846;5.97496;
0.417866;5.97503;
0.417886;5.97509;
0.417906;5.97516;
0.417926;5.97523;
0.417946;5.9753;
0.417966;5.97537;
0.417986;5.97543;
0.418001;5.97549;
0.418001;5.97549;
0.418001;5.97549;
0.418002;5.97549;
0.418002;5.97549;
0.418002;5.97549;
0.418002;5.97549;
0.418003;5.97549;
0.418003;5.97549;
0.418004;5.9755;
0.418007;5.97551;
0.418012;5.97553;
0.418022;5.97556;
0.418042;5.97563;
0.418062;5.9757;
0.418082;5.97577;
0.418102;5.97584;
0.418122;5.97591;
0.418142;5.97598;
0.418162;5.97606;
0.418182;5.97613;
0.418202;5.9762;
0.418222;5.97627;
0.418242;5.97635;
0.418262;5.97642;
0.418282;5.97649;
0.418302;5.97657;
0.418322;5.97664;
0.418342;5.97672;
0.418362;5.97679;
0.418382;5.97687;
0.418402;5.97694;
0.418422;5.97702;
0.418442;5.9771;
0.418462;5.97717;
0.418482;5.97725;
0.418502;5.97733;
0.418522;5.97741;
0.418542;5.97749;
0.418562;5.97756;
0.418582;5.97764;
0.418602;5.97772;
0.418622;5.9778;
0.418642;5.97788;
0.418662;5.97796;
0.418682;5.97804;
0.418702;5.97812;
0.418722;5.97821;
0.418742;5.97829;
0.418762;5.97837;
0.418782;5.97845;
0.418802;5.97853;
0.418822;5.97862;
0.418842;5.9787;
0.418862;5.97878;
0.418882;5.97887;
0.418902;5.97895;
0.418922;5.97904;
0.418942;5.97912;
0.418962;5.97921;
0.418982;5.97929;
0.419002;5.97938;
0.419022;5.97947;
0.419042;5.97955;
0.419062;5.97964;
0.419082;5.97973;
0.419102;5.97982;
0.419122;5.9799;
0.419142;5.97999;
0.419162;5.98008;
0.419182;5.98017;
0.419202;5.98026;
0.419222;5.98035;
0.419242;5.98044;
0.419262;5.98053;
0.419282;5.98062;
0.419302;5.98071;
0.419322;5.9808;
0.419342;5.9809;
0.419362;5.98099;
0.419382;5.98108;
0.419402;5.98117;
0.419422;5.98127;
0.419442;5.98136;
0.419462;5.98145;
0.419482;5.98155;
0.419502;5.98164;
0.419522;5.98174;
0.419542;5.98183;
0.419562;5.98193;
0.419582;5.98202;
0.419602;5.98212;
0.419622;5.98222;
0.419642;5.98231;
0.419662;5.98241;
0.419682;5.98251;
0.419702;5.98261;
0.419722;5.9827;
0.419742;5.9828;
0.419762;5.9829;
0.419782;5.983;
0.419802;5.9831;
0.419822;5.9832;
0.419842;5.9833;
0.419862;5.9834;
0.419882;5.9835;
0.419902;5.9836;
0.419922;5.9837;
0.419942;5.9838;
0.419962;5.98391;
0.419982;5.98401;
0.419996;5.98404;
0.42;5.98404;
0.42;5.98404;
0.42;5.98404;
0.420001;5.98404;
0.420001;5.98404;
0.420001;5.98404;
0.420001;5.98404;
0.420002;5.98404;
0.420002;5.98404;
0.420003;5.98404;
0.420006;5.98403;
0.420011;5.98402;
0.420021;5.98401;
0.42003;5.98399;
0.420039;5.98398;
0.420052;5.98396;
0.42007;5.98393;
0.42009;5.98389;
0.42011;5.98386;
0.42013;5.98383;
0.42015;5.9838;
0.42017;5.98377;
0.42019;5.98374;
0.42021;5.98371;
0.42023;5.98368;
0.42025;5.98365;
0.42027;5.98362;
0.42029;5.9836;
0.42031;5.98357;
0.42033;5.98354;
0.42035;5.98351;
0.42037;5.98349;
0.42039;5.98346;
0.42041;5.98344;
0.42043;5.98341;
0.42045;5.98339;
0.42047;5.98336;
0.42049;5.98334;
0.42051;5.98332;
0.42053;5.98329;
0.42055;5.98327;
0.42057;5.98325;
0.42059;5.98323;
0.42061;5.9832;
0.42063;5.98318;
0.42065;5.98316;
0.42067;5.98314;
0.42069;5.98312;
0.42071;5.9831;
0.42073;5.98308;
0.42075;5.98306;
0.42077;5.98305;
0.42079;5.98303;
0.42081;5.98301;
0.42083;5.98299;
0.42085;5.98298;
0.42087;5.98296;
0.42089;5.98295;
0.42091;5.98293;
0.42093;5.98291;
0.42095;5.9829;
0.42097;5.98289;
0.42099;5.98287;
0.42101;5.98286;
0.42103;5.98285;
0.42105;5.98283;
0.42107;5.98282;
0.42109;5.98281;
0.42111;5.9828;
0.42113;5.98279;
0.42115;5.98277;
0.42117;5.98276;
0.42119;5.98275;
0.42121;5.98274;
0.42123;5.98274;
0.42125;5.98273;
0.42127;5.98272;
0.42129;5.98271;
0.42131;5.9827;
0.42133;5.9827;
0.42135;5.98269;
0.42137;5.98268;
0.42139;5.98268;
0.42141;5.98267;
0.42143;5.98267;
0.42145;5.98266;
0.42147;5.98266;
0.42149;5.98265;
0.42151;5.98265;
0.42153;5.98265;
0.42155;5.98264;
0.42157;5.98264;
0.42159;5.98264;
0.42161;5.98264;
0.42163;5.98263;
0.42165;5.98263;
0.42167;5.98263;
0.42169;5.98263;
0.42171;5.98263;
0.42173;5.98263;
0.42175;5.98264;
0.42177;5.98264;
0.42179;5.98264;
0.42181;5.98264;
0.42183;5.98264;
0.42185;5.98265;
0.42187;5.98265;
0.42189;5.98265;
0.42191;5.98266;
0.42193;5.98266;
0.42195;5.98267;
0.42197;5.98267;
0.42199;5.98268;
0.422001;5.98268;
0.422001;5.98268;
0.422001;5.98268;
0.422002;5.98268;
0.422002;5.98268;
0.422002;5.98268;
0.422002;5.98268;
0.422003;5.98268;
0.422003;5.98268;
0.422004;5.98268;
0.422007;5.98268;
0.422012;5.98268;
0.422022;5.98269;
0.422042;5.98269;
0.422062;5.9827;
0.422082;5.98271;
0.422102;5.98272;
0.422122;5.98272;
0.422142;5.98273;
0.422162;5.98274;
0.422182;5.98275;
0.422202;5.98276;
0.422222;5.98277;
0.422242;5.98278;
0.422262;5.98279;
0.422282;5.9828;
0.422302;5.98282;
0.422322;5.98283;
0.422342;5.98284;
0.422362;5.98285;
0.422382;5.98287;
0.422402;5.98288;
0.422422;5.98289;
0.422442;5.98291;
0.422462;5.98292;
0.422482;5.98294;
0.422502;5.98295;
0.422522;5.98297;
0.422542;5.98298;
0.422562;5.983;
0.422582;5.98302;
0.422602;5.98304;
0.422622;5.98305;
0.422642;5.98307;
0.422662;5.98309;
0.422682;5.98311;
0.422702;5.98313;
0.422722;5.98315;
0.422742;5.98317;
0.422762;5.98319;
0.422782;5.98321;
0.422802;5.98323;
0.422822;5.98325;
0.422842;5.98327;
0.422862;5.98329;
0.422882;5.98332;
0.422902;5.98334;
0.422922;5.98336;
0.422942;5.98339;
0.422962;5.98341;
0.422982;5.98344;
0.423002;5.98346;
0.423022;5.98349;
0.423042;5.98351;
0.423062;5.98354;
0.423082;5.98356;
0.423102;5.98359;
0.423122;5.98362;
0.423142;5.98365;
0.423162;5.98367;
0.423182;5.9837;
0.423202;5.98373;
0.423222;5.98376;
0.423242;5.98379;
0.423262;5.98382;
0.423282;5.98385;
0.423302;5.98388;
0.423322;5.98391;
0.423342;5.98394;
0.423362;5.98397;
0.423382;5.984;
0.423402;5.98404;
0.423422;5.98407;
0.423442;5.9841;
0.423462;5.98413;
0.423482;5.98417;
0.423502;5.9842;
0.423522;5.98424;
0.423542;5.98427;
0.423562;5.98431;
0.423582;5.98434;
0.423602;5.98438;
0.423622;5.98442;
0.423642;5.98445;
0.423662;5.98449;
0.423682;5.98453;
0.423702;5.98456;
0.423722;5.9846;
0.423742;5.98464;
0.423762;5.98468;
0.423782;5.98472;
0.423802;5.98476;
0.423822;5.9848;
0.423842;5.98484;
0.423862;5.98488;
0.423882;5.98492;
0.423902;5.98496;
0.423922;5.985;
0.423942;5.98505;
0.423962;5.98509;
0.423982;5.98513;
0.424;5.98517;
0.424;5.98517;
0.424;5.98517;
0.424001;5.98517;
0.424001;5.98517;
0.424001;5.98517;
0.424001;5.98517;
0.424002;5.98517;
0.424002;5.98517;
0.424003;5.98518;
0.424006;5.98518;
0.424011;5.98519;
0.424021;5.98522;
0.424041;5.98526;
0.424061;5.9853;
0.424081;5.98535;
0.424101;5.98539;
0.424121;5.98544;
0.424141;5.98548;
0.424161;5.98553;
0.424181;5.98558;
0.424201;5.98562;
0.424221;5.98567;
0.424241;5.98572;
0.424261;5.98577;
0.424281;5.98582;
0.424301;5.98586;
0.424321;5.98591;
0.424341;5.98596;
0.424361;5.98601;
0.424381;5.98606;
0.424401;5.98611;
0.424421;5.98616;
0.424441;5.98621;
0.424461;5.98627;
0.424481;5.98632;
0.424501;5.98637;
0.424521;5.98642;
0.424541;5.98648;
0.424561;5.98653;
0.424581;5.98658;
0.424601;5.98664;
0.424621;5.98669;
0.424641;5.98675;
0.424661;5.9868;
0.424681;5.98686;
0.424701;5.98691;
0.424721;5.98697;
0.424741;5.98702;
0.424761;5.98708;
0.424781;5.98714;
0.424801;5.9872;
0.424821;5.98725;
0.424841;5.98731;
0.424861;5.98737;
0.424881;5.98743;
0.424901;5.98749;
0.424921;5.98755;
0.424941;5.98761;
0.424961;5.98767;
0.424981;5.98773;
0.425001;5.98779;
0.425021;5.98785;
0.425041;5.98791;
0.425061;5.98798;
0.425081;5.98804;
0.425101;5.9881;
0.425121;5.98816;
0.425141;5.98823;
0.425161;5.98829;
0.425181;5.98836;
0.425201;5.98842;
0.425221;5.98849;
0.425241;5.98855;
0.425261;5.98862;
0.425281;5.98868;
0.425301;5.98875;
0.425321;5.98882;
0.425341;5.98888;
0.425361;5.98895;
0.425381;5.98902;
0.425401;5.98909;
0.425421;5.98915;
0.425441;5.98922;
0.425461;5.98929;
0.425481;5.98936;
0.425501;5.98943;
0.425521;5.9895;
0.425541;5.98957;
0.425561;5.98964;
0.425581;5.98971;
0.425601;5.98978;
0.425621;5.98986;
0.425641;5.98993;
0.425661;5.99;
0.425681;5.99007;
0.425701;5.99015;
0.425721;5.99022;
0.425741;5.99029;
0.425761;5.99037;
0.425781;5.99044;
0.425801;5.99052;
0.425821;5.99059;
0.425841;5.99067;
0.425861;5.99075;
0.425881;5.99082;
0.425901;5.9909;
0.425921;5.99098;
0.425941;5.99105;
0.425961;5.99113;
0.425981;5.99121;
0.426001;5.99129;
0.426001;5.99129;
0.426001;5.99129;
0.426002;5.99129;
0.426002;5.99129;
0.426002;5.99129;
0.426002;5.99129;
0.426003;5.99129;
0.426003;5.99129;
0.426004;5.9913;
0.426007;5.99131;
0.426012;5.99133;
0.426022;5.99137;
0.426042;5.99145;
0.426062;5.99153;
0.426082;5.99161;
0.426102;5.99169;
0.426122;5.99177;
0.426142;5.99185;
0.426162;5.99193;
0.426182;5.99201;
0.426202;5.99209;
0.426222;5.99218;
0.426242;5.99226;
0.426262;5.99234;
0.426282;5.99242;
0.426302;5.99251;
0.426322;5.99259;
0.426342;5.99268;
0.426362;5.99276;
0.426382;5.99284;
0.426402;5.99293;
0.426422;5.99302;
0.426442;5.9931;
0.426462;5.99319;
0.426482;5.99327;
0.426502;5.99336;
0.426522;5.99345;
0.426542;5.99354;
0.426562;5.99362;
0.426582;5.99371;
0.426602;5.9938;
0.426622;5.99389;
0.426642;5.99398;
0.426662;5.99407;
0.426682;5.99416;
0.426702;5.99425;
0.426722;5.99434;
0.426742;5.99443;
0.426762;5.99452;
0.426782;5.99461;
0.426802;5.9947;
0.426822;5.9948;
0.426842;5.99489;
0.426862;5.99498;
0.426882;5.99507;
0.426902;5.99517;
0.426922;5.99526;
0.426942;5.99536;
0.426962;5.99545;
0.426982;5.99555;
0.427002;5.99564;
0.427022;5.99574;
0.427042;5.99583;
0.427062;5.99593;
0.427082;5.99602;
0.427102;5.99612;
0.427122;5.99622;
0.427142;5.99632;
0.427162;5.99641;
0.427182;5.99651;
0.427202;5.99661;
0.427222;5.99671;
0.427242;5.99681;
0.427262;5.99691;
0.427282;5.99701;
0.427302;5.99711;
0.427322;5.99721;
0.427342;5.99731;
0.427362;5.99741;
0.427382;5.99751;
0.427402;5.99761;
0.427422;5.99771;
0.427442;5.99782;
0.427462;5.99792;
0.427482;5.99802;
0.427502;5.99813;
0.427522;5.99823;
0.427542;5.99833;
0.427562;5.99844;
0.427582;5.99854;
0.427602;5.99865;
0.427622;5.99875;
0.427642;5.99886;
0.427662;5.99896;
0.427682;5.99907;
0.427702;5.99918;
0.427722;5.99928;
0.427742;5.99939;
0.427762;5.9995;
0.427782;5.99961;
0.427802;5.99972;
0.427822;5.99982;
0.427842;5.99993;
0.427862;6.00004;
0.427882;6.00015;
0.427902;6.00026;
0.427922;6.00037;
0.427942;6.00048;
0.427962;6.00059;
0.427978;6.00066;
0.427992;6.00067;
0.428;6.00066;
0.428;6.00066;
0.428;6.00066;
0.428001;6.00066;
0.428001;6.00066;
0.428001;6.00066;
0.428001;6.00066;
0.428002;6.00066;
0.428002;6.00066;
0.428003;6.00065;
0.428006;6.00065;
0.428011;6.00065;
0.428021;6.00063;
0.428034;6.00062;
0.428047;6.00061;
0.42806;6.00059;
0.42808;6.00057;
0.4281;6.00055;
0.42812;6.00053;
0.42814;6.00051;
0.42816;6.0005;
0.42818;6.00048;
0.4282;6.00046;
0.42822;6.00044;
0.42824;6.00042;
0.42826;6.00041;
0.42828;6.00039;
0.4283;6.00037;
0.42832;6.00036;
0.42834;6.00034;
0.42836;6.00033;
0.42838;6.00031;
0.4284;6.0003;
0.42842;6.00029;
0.42844;6.00027;
0.42846;6.00026;
0.42848;6.00025;
0.4285;6.00024;
0.42852;6.00022;
0.42854;6.00021;
0.42856;6.0002;
0.42858;6.00019;
0.4286;6.00018;
0.42862;6.00017;
0.42864;6.00016;
0.42866;6.00015;
0.42868;6.00014;
0.4287;6.00014;
0.42872;6.00013;
0.42874;6.00012;
0.42876;6.00011;
0.42878;6.00011;
0.4288;6.0001;
0.42882;6.00009;
0.42884;6.00009;
0.42886;6.00008;
0.42888;6.00008;
0.4289;6.00007;
0.42892;6.00007;
0.42894;6.00007;
0.42896;6.00006;
0.42898;6.00006;
0.429;6.00006;
0.42902;6.00006;
0.42904;6.00006;
0.42906;6.00005;
0.42908;6.00005;
0.4291;6.00005;
0.42912;6.00005;
0.42914;6.00005;
0.42916;6.00005;
0.42918;6.00006;
0.4292;6.00006;
0.42922;6.00006;
0.42924;6.00006;
0.42926;6.00006;
0.42928;6.00007;
0.4293;6.00007;
0.42932;6.00007;
0.42934;6.00008;
0.42936;6.00008;
0.42938;6.00009;
0.4294;6.00009;
0.42942;6.0001;
0.42944;6.0001;
0.42946;6.00011;
0.42948;6.00012;
0.4295;6.00013;
0.42952;6.00013;
0.42954;6.00014;
0.42956;6.00015;
0.42958;6.00016;
0.4296;6.00017;
0.42962;6.00018;
0.42964;6.00019;
0.42966;6.0002;
0.42968;6.00021;
0.4297;6.00022;
0.42972;6.00023;
0.42974;6.00024;
0.42976;6.00025;
0.42978;6.00027;
0.4298;6.00028;
0.42982;6.00029;
0.42984;6.00031;
0.42986;6.00032;
0.42988;6.00034;
0.4299;6.00035;
0.42992;6.00037;
0.42994;6.00038;
0.42996;6.0004;
0.42998;6.00041;
0.43;6.00043;
0.430001;6.00043;
0.430001;6.00043;
0.430001;6.00043;
0.430002;6.00043;
0.430002;6.00043;
0.430002;6.00043;
0.430002;6.00043;
0.430003;6.00043;
0.430003;6.00043;
0.430004;6.00044;
0.430007;6.00044;
0.430012;6.00044;
0.430022;6.00045;
0.430042;6.00047;
0.430062;6.00049;
0.430082;6.0005;
0.430102;6.00052;
0.430122;6.00054;
0.430142;6.00056;
0.430162;6.00058;
0.430182;6.0006;
0.430202;6.00062;
0.430222;6.00064;
0.430242;6.00066;
0.430262;6.00069;
0.430282;6.00071;
0.430302;6.00073;
0.430322;6.00075;
0.430342;6.00078;
0.430362;6.0008;
0.430382;6.00082;
0.430402;6.00085;
0.430422;6.00087;
0.430442;6.0009;
0.430462;6.00092;
0.430482;6.00095;
0.430502;6.00098;
0.430522;6.001;
0.430542;6.00103;
0.430562;6.00106;
0.430582;6.00108;
0.430602;6.00111;
0.430622;6.00114;
0.430642;6.00117;
0.430662;6.0012;
0.430682;6.00123;
0.430702;6.00126;
0.430722;6.00129;
0.430742;6.00132;
0.430762;6.00135;
0.430782;6.00138;
0.430802;6.00141;
0.430822;6.00144;
0.430842;6.00148;
0.430862;6.00151;
0.430882;6.00154;
0.430902;6.00158;
0.430922;6.00161;
0.430942;6.00165;
0.430962;6.00168;
0.430982;6.00171;
0.431002;6.00175;
0.431022;6.00179;
0.431042;6.00182;
0.431062;6.00186;
0.431082;6.0019;
0.431102;6.00193;
0.431122;6.00197;
0.431142;6.00201;
0.431162;6.00205;
0.431182;6.00209;
0.431202;6.00212;
0.431222;6.00216;
0.431242;6.0022;
0.431262;6.00224;
0.431282;6.00228;
0.431302;6.00232;
0.431322;6.00237;
0.431342;6.00241;
0.431362;6.00245;
0.431382;6.00249;
0.431402;6.00253;
0.431422;6.00258;
0.431442;6.00262;
0.431462;6.00266;
0.431482;6.00271;
0.431502;6.00275;
0.431522;6.0028;
0.431542;6.00284;
0.431562;6.00289;
0.431582;6.00293;
0.431602;6.00298;
0.431622;6.00303;
0.431642;6.00307;
0.431662;6.00312;
0.431682;6.00317;
0.431702;6.00322;
0.431722;6.00327;
0.431742;6.00331;
0.431762;6.00336;
0.431782;6.00341;
0.431802;6.00346;
0.431822;6.00351;
0.431842;6.00356;
0.431862;6.00361;
0.431882;6.00367;
0.431902;6.00372;
0.431922;6.00377;
0.431942;6.00382;
0.431962;6.00387;
0.431982;6.00393;
0.432;6.00397;
0.432;6.00398;
0.432;6.00398;
0.432001;6.00398;
0.432001;6.00398;
0.432001;6.00398;
0.432001;6.00398;
0.432002;6.00398;
0.432002;6.00398;
0.432003;6.00398;
0.432006;6.00399;
0.432011;6.004;
0.432021;6.00403;
0.432041;6.00409;
0.432061;6.00414;
0.432081;6.0042;
0.432101;6.00425;
0.432121;6.00431;
0.432141;6.00436;
0.432161;6.00442;
0.432181;6.00447;
0.432201;6.00453;
0.432221;6.00459;
0.432241;6.00465;
0.432261;6.0047;
0.432281;6.00476;
0.432301;6.00482;
0.432321;6.00488;
0.432341;6.00494;
0.432361;6.005;
0.432381;6.00506;
0.432401;6.00512;
0.432421;6.00518;
0.432441;6.00524;
0.432461;6.0053;
0.432481;6.00537;
0.432501;6.00543;
0.432521;6.00549;
0.432541;6.00555;
0.432561;6.00562;
0.432581;6.00568;
0.432601;6.00574;
0.432621;6.00581;
0.432641;6.00587;
0.432661;6.00594;
0.432681;6.006;
0.432701;6.00607;
0.432721;6.00613;
0.432741;6.0062;
0.432761;6.00627;
0.432781;6.00633;
0.432801;6.0064;
0.432821;6.00647;
0.432841;6.00654;
0.432861;6.00661;
0.432881;6.00668;
0.432901;6.00674;
0.432921;6.00681;
0.432941;6.00688;
0.432961;6.00695;
0.432981;6.00702;
0.433001;6.0071;
0.433021;6.00717;
0.433041;6.00724;
0.433061;6.00731;
0.433081;6.00738;
0.433101;6.00745;
0.433121;6.00753;
0.433141;6.0076;
0.433161;6.00767;
0.433181;6.00775;
0.433201;6.00782;
0.433221;6.0079;
0.433241;6.00797;
0.433261;6.00805;
0.433281;6.00812;
0.433301;6.0082;
0.433321;6.00828;
0.433341;6.00835;
0.433361;6.00843;
0.433381;6.00851;
0.433401;6.00858;
0.433421;6.00866;
0.433441;6.00874;
0.433461;6.00882;
0.433481;6.0089;
0.433501;6.00898;
0.433521;6.00906;
0.433541;6.00914;
0.433561;6.00922;
0.433581;6.0093;
0.433601;6.00938;
0.433621;6.00946;
0.433641;6.00954;
0.433661;6.00963;
0.433681;6.00971;
0.433701;6.00979;
0.433721;6.00987;
0.433741;6.00996;
0.433761;6.01004;
0.433781;6.01012;
0.433801;6.01021;
0.433821;6.01029;
0.433841;6.01038;
0.433861;6.01046;
0.433881;6.01055;
0.433901;6.01064;
0.433921;6.01072;
0.433941;6.01081;
0.433961;6.0109;
0.433981;6.01098;
0.434001;6.01107;
0.434001;6.01107;
0.434001;6.01107;
0.434002;6.01107;
0.434002;6.01107;
0.434002;6.01107;
0.434002;6.01108;
0.434003;6.01108;
0.434003;6.01108;
0.434004;6.01109;
0.434007;6.0111;
0.434012;6.01112;
0.434022;6.01116;
0.434042;6.01125;
0.434062;6.01134;
0.434082;6.01143;
0.434102;6.01152;
0.434122;6.01161;
0.434142;6.0117;
0.434162;6.01179;
0.434182;6.01188;
0.434202;6.01197;
0.434222;6.01206;
0.434242;6.01216;
0.434262;6.01225;
0.434282;6.01234;
0.434302;6.01243;
0.434322;6.01253;
0.434342;6.01262;
0.434362;6.01271;
0.434382;6.01281;
0.434402;6.0129;
0.434422;6.013;
0.434442;6.01309;
0.434462;6.01319;
0.434482;6.01328;
0.434502;6.01338;
0.434522;6.01348;
0.434542;6.01357;
0.434562;6.01367;
0.434582;6.01377;
0.434602;6.01386;
0.434622;6.01396;
0.434642;6.01406;
0.434662;6.01416;
0.434682;6.01426;
0.434702;6.01436;
0.434722;6.01446;
0.434742;6.01456;
0.434762;6.01466;
0.434782;6.01476;
0.434802;6.01486;
0.434822;6.01496;
0.434842;6.01506;
0.434862;6.01516;
0.434882;6.01527;
0.434902;6.01537;
0.434922;6.01547;
0.434942;6.01558;
0.434962;6.01568;
0.434982;6.01578;
0.435002;6.01589;
0.435022;6.01599;
0.435042;6.0161;
0.435062;6.0162;
0.435082;6.01631;
0.435102;6.01641;
0.435122;6.01652;
0.435142;6.01663;
0.435162;6.01673;
0.435182;6.01684;
0.435202;6.01695;
0.435222;6.01706;
0.435242;6.01716;
0.435262;6.01727;
0.435282;6.01738;
0.435302;6.01749;
0.435322;6.0176;
0.435342;6.01771;
0.435362;6.01782;
0.435382;6.01793;
0.435402;6.01804;
0.435422;6.01815;
0.435442;6.01826;
0.435462;6.01837;
0.435482;6.01849;
0.435502;6.0186;
0.435522;6.01871;
0.435542;6.01882;
0.435562;6.01894;
0.435582;6.01905;
0.435602;6.01916;
0.435622;6.01928;
0.435642;6.01939;
0.435662;6.01951;
0.435682;6.01962;
0.435702;6.01974;
0.435722;6.01985;
0.435742;6.01997;
0.435762;6.02009;
0.435782;6.0202;
0.435802;6.02032;
0.435822;6.02044;
0.435842;6.02055;
0.435862;6.02067;
0.435882;6.02079;
0.435902;6.02091;
0.435922;6.02103;
0.435942;6.02115;
0.435962;6.02124;
0.435974;6.02127;
0.435985;6.02129;
0.435989;6.0213;
0.435996;6.0213;
0.436;6.02131;
0.436;6.02131;
0.436;6.02131;
0.436001;6.02131;
0.436001;6.02131;
0.436001;6.02131;
0.436001;6.02131;
0.436002;6.02131;
0.436002;6.02131;
0.436003;6.02131;
0.436006;6.02132;
0.436011;6.02132;
0.436021;6.02134;
0.43604;6.02136;
0.436059;6.02139;
0.436074;6.02141;
0.43609;6.02143;
0.43611;6.02146;
0.43613;6.02149;
0.43615;6.02152;
0.43617;6.02154;
0.43619;6.02157;
0.43621;6.0216;
0.43623;6.02163;
0.43625;6.02166;
0.43627;6.02169;
0.43629;6.02173;
0.43631;6.02176;
0.43633;6.02179;
0.43635;6.02182;
0.43637;6.02185;
0.43639;6.02189;
0.43641;6.02192;
0.43643;6.02195;
0.43645;6.02199;
0.43647;6.02202;
0.43649;6.02206;
0.43651;6.02209;
0.43653;6.02213;
0.43655;6.02216;
0.43657;6.0222;
0.43659;6.02224;
0.43661;6.02227;
0.43663;6.02231;
0.43665;6.02235;
0.43667;6.02238;
0.43669;6.02242;
0.43671;6.02246;
0.43673;6.0225;
0.43675;6.02254;
0.43677;6.02258;
0.43679;6.02262;
0.43681;6.02266;
0.43683;6.0227;
0.43685;6.02274;
0.43687;6.02278;
0.43689;6.02283;
0.43691;6.02287;
0.43693;6.02291;
0.43695;6.02295;
0.43697;6.023;
0.43699;6.02304;
0.43701;6.02309;
0.43703;6.02313;
0.43705;6.02318;
0.43707;6.02322;
0.43709;6.02327;
0.43711;6.02331;
0.43713;6.02336;
0.43715;6.02341;
0.43717;6.02345;
0.43719;6.0235;
0.43721;6.02355;
0.43723;6.0236;
0.43725;6.02364;
0.43727;6.02369;
0.43729;6.02374;
0.43731;6.02379;
0.43733;6.02384;
0.43735;6.02389;
0.43737;6.02394;
0.43739;6.02399;
0.43741;6.02404;
0.43743;6.0241;
0.43745;6.02415;
0.43747;6.0242;
0.43749;6.02425;
0.43751;6.02431;
0.43753;6.02436;
0.43755;6.02441;
0.43757;6.02447;
0.43759;6.02452;
0.43761;6.02458;
0.43763;6.02463;
0.43765;6.02469;
0.43767;6.02474;
0.43769;6.0248;
0.43771;6.02486;
0.43773;6.02491;
0.43775;6.02497;
0.43777;6.02503;
0.43779;6.02508;
0.43781;6.02514;
0.43783;6.0252;
0.43785;6.02526;
0.43787;6.02532;
0.43789;6.02538;
0.43791;6.02544;
0.43793;6.0255;
0.43795;6.02556;
0.43797;6.02562;
0.43799;6.02568;
0.438001;6.02572;
0.438001;6.02572;
0.438001;6.02572;
0.438002;6.02572;
0.438002;6.02572;
0.438002;6.02572;
0.438002;6.02572;
0.438003;6.02572;
0.438003;6.02572;
0.438004;6.02573;
0.438007;6.02574;
0.438012;6.02575;
0.438022;6.02578;
0.438042;6.02585;
0.438062;6.02591;
0.438082;6.02597;
0.438102;6.02603;
0.438122;6.0261;
0.438142;6.02616;
0.438162;6.02623;
0.438182;6.02629;
0.438202;6.02636;
0.438222;6.02642;
0.438242;6.02649;
0.438262;6.02655;
0.438282;6.02662;
0.438302;6.02669;
0.438322;6.02675;
0.438342;6.02682;
0.438362;6.02689;
0.438382;6.02696;
0.438402;6.02703;
0.438422;6.0271;
0.438442;6.02716;
0.438462;6.02723;
0.438482;6.0273;
0.438502;6.02737;
0.438522;6.02745;
0.438542;6.02752;
0.438562;6.02759;
0.438582;6.02766;
0.438602;6.02773;
0.438622;6.0278;
0.438642;6.02788;
0.438662;6.02795;
0.438682;6.02802;
0.438702;6.0281;
0.438722;6.02817;
0.438742;6.02824;
0.438762;6.02832;
0.438782;6.02839;
0.438802;6.02847;
0.438822;6.02855;
0.438842;6.02862;
0.438862;6.0287;
0.438882;6.02878;
0.438902;6.02885;
0.438922;6.02893;
0.438942;6.02901;
0.438962;6.02909;
0.438982;6.02916;
0.439002;6.02924;
0.439022;6.02932;
0.439042;6.0294;
0.439062;6.02948;
0.439082;6.02956;
0.439102;6.02964;
0.439122;6.02972;
0.439142;6.0298;
0.439162;6.02989;
0.439182;6.02997;
0.439202;6.03005;
0.439222;6.03013;
0.439242;6.03021;
0.439262;6.0303;
0.439282;6.03038;
0.439302;6.03047;
0.439322;6.03055;
0.439342;6.03063;
0.439362;6.03072;
0.439382;6.0308;
0.439402;6.03089;
0.439422;6.03098;
0.439442;6.03106;
0.439462;6.03115;
0.439482;6.03123;
0.439502;6.03132;
0.439522;6.03141;
0.439542;6.0315;
0.439562;6.03159;
0.439582;6.03167;
0.439602;6.03176;
0.439622;6.03185;
0.439642;6.03194;
0.439662;6.03203;
0.439682;6.03212;
0.439702;6.03221;
0.439722;6.0323;
0.439742;6.03239;
0.439762;6.03249;
0.439782;6.03258;
0.439802;6.03267;
0.439822;6.03276;
0.439842;6.03285;
0.439862;6.03295;
0.439882;6.03304;
0.439902;6.03313;
0.439922;6.03323;
0.439942;6.03332;
0.439962;6.03342;
0.439982;6.0335;
0.439995;6.03353;
0.44;6.03353;
0.44;6.03353;
0.44;6.03353;
0.440001;6.03353;
0.440001;6.03353;
0.440001;6.03353;
0.440001;6.03353;
0.440002;6.03352;
0.440002;6.03352;
0.440003;6.03352;
0.440006;6.03352;
0.440011;6.03351;
0.440021;6.0335;
0.440032;6.03348;
0.440048;6.03346;
0.440061;6.03345;
0.440075;6.03343;
0.440095;6.03341;
0.440115;6.03338;
0.440135;6.03336;
0.440155;6.03333;
0.440175;6.03331;
0.440195;6.03329;
0.440215;6.03326;
0.440235;6.03324;
0.440255;6.03322;
0.440275;6.0332;
0.440295;6.03318;
0.440315;6.03316;
0.440335;6.03314;
0.440355;6.03312;
0.440375;6.0331;
0.440395;6.03308;
0.440415;6.03306;
0.440435;6.03304;
0.440455;6.03302;
0.440475;6.03301;
0.440495;6.03299;
0.440515;6.03297;
0.440535;6.03296;
0.440555;6.03294;
0.440575;6.03293;
0.440595;6.03291;
0.440615;6.0329;
0.440635;6.03288;
0.440655;6.03287;
0.440675;6.03285;
0.440695;6.03284;
0.440715;6.03283;
0.440735;6.03282;
0.440755;6.0328;
0.440775;6.03279;
0.440795;6.03278;
0.440815;6.03277;
0.440835;6.03276;
0.440855;6.03275;
0.440875;6.03274;
0.440895;6.03273;
0.440915;6.03272;
0.440935;6.03272;
0.440955;6.03271;
0.440975;6.0327;
0.440995;6.03269;
0.441015;6.03269;
0.441035;6.03268;
0.441055;6.03267;
0.441075;6.03267;
0.441095;6.03266;
0.441115;6.03266;
0.441135;6.03265;
0.441155;6.03265;
0.441175;6.03265;
0.441195;6.03264;
0.441215;6.03264;
0.441235;6.03264;
0.441255;6.03263;
0.441275;6.03263;
0.441295;6.03263;
0.441315;6.03263;
0.441335;6.03263;
0.441355;6.03263;
0.441375;6.03263;
0.441395;6.03263;
0.441415;6.03263;
0.441435;6.03263;
0.441455;6.03263;
0.441475;6.03264;
0.441495;6.03264;
0.441515;6.03264;
0.441535;6.03264;
0.441555;6.03265;
0.441575;6.03265;
0.441595;6.03266;
0.441615;6.03266;
0.441635;6.03267;
0.441655;6.03267;
0.441675;6.03268;
0.441695;6.03268;
0.441715;6.03269;
0.441735;6.0327;
0.441755;6.0327;
0.441775;6.03271;
0.441795;6.03272;
0.441815;6.03273;
0.441835;6.03274;
0.441855;6.03275;
0.441875;6.03276;
0.441895;6.03277;
0.441915;6.03278;
0.441935;6.03279;
0.441955;6.0328;
0.441975;6.03281;
0.441995;6.03282;
0.442001;6.03283;
0.442001;6.03283;
0.442001;6.03283;
0.442002;6.03283;
0.442002;6.03283;
0.442002;6.03283;
0.442002;6.03283;
0.442003;6.03283;
0.442003;6.03283;
0.442004;6.03283;
0.442007;6.03283;
0.442012;6.03283;
0.442022;6.03284;
0.442042;6.03285;
0.442062;6.03287;
0.442082;6.03288;
0.442102;6.03289;
0.442122;6.03291;
0.442142;6.03292;
0.442162;6.03294;
0.442182;6.03295;
0.442202;6.03297;
0.442222;6.03299;
0.442242;6.033;
0.442262;6.03302;
0.442282;6.03304;
0.442302;6.03305;
0.442322;6.03307;
0.442342;6.03309;
0.442362;6.03311;
0.442382;6.03313;
0.442402;6.03315;
0.442422;6.03317;
0.442442;6.03319;
0.442462;6.03321;
0.442482;6.03323;
0.442502;6.03325;
0.442522;6.03327;
0.442542;6.0333;
0.442562;6.03332;
0.442582;6.03334;
0.442602;6.03336;
0.442622;6.03339;
0.442642;6.03341;
0.442662;6.03344;
0.442682;6.03346;
0.442702;6.03349;
0.442722;6.03351;
0.442742;6.03354;
0.442762;6.03356;
0.442782;6.03359;
0.442802;6.03362;
0.442822;6.03365;
0.442842;6.03367;
0.442862;6.0337;
0.442882;6.03373;
0.442902;6.03376;
0.442922;6.03379;
0.442942;6.03382;
0.442962;6.03385;
0.442982;6.03388;
0.443002;6.03391;
0.443022;6.03394;
0.443042;6.03397;
0.443062;6.034;
0.443082;6.03403;
0.443102;6.03407;
0.443122;6.0341;
0.443142;6.03413;
0.443162;6.03417;
0.443182;6.0342;
0.443202;6.03424;
0.443222;6.03427;
0.443242;6.0343;
0.443262;6.03434;
0.443282;6.03438;
0.443302;6.03441;
0.443322;6.03445;
0.443342;6.03449;
0.443362;6.03452;
0.443382;6.03456;
0.443402;6.0346;
0.443422;6.03464;
0.443442;6.03468;
0.443462;6.03471;
0.443482;6.03475;
0.443502;6.03479;
0.443522;6.03483;
0.443542;6.03487;
0.443562;6.03491;
0.443582;6.03496;
0.443602;6.035;
0.443622;6.03504;
0.443642;6.03508;
0.443662;6.03512;
0.443682;6.03517;
0.443702;6.03521;
0.443722;6.03525;
0.443742;6.0353;
0.443762;6.03534;
0.443782;6.03539;
0.443802;6.03543;
0.443822;6.03548;
0.443842;6.03552;
0.443862;6.03557;
0.443882;6.03562;
0.443902;6.03566;
0.443922;6.03571;
0.443942;6.03576;
0.443962;6.03581;
0.443982;6.03586;
0.444;6.0359;
0.444;6.0359;
0.444;6.0359;
0.444001;6.0359;
0.444001;6.0359;
0.444001;6.0359;
0.444001;6.0359;
0.444002;6.0359;
0.444002;6.0359;
0.444003;6.03591;
0.444006;6.03591;
0.444011;6.03593;
0.444021;6.03595;
0.444041;6.036;
0.444061;6.03605;
0.444081;6.0361;
0.444101;6.03615;
0.444121;6.0362;
0.444141;6.03625;
0.444161;6.0363;
0.444181;6.03636;
0.444201;6.03641;
0.444221;6.03646;
0.444241;6.03651;
0.444261;6.03657;
0.444281;6.03662;
0.444301;6.03667;
0.444321;6.03673;
0.444341;6.03678;
0.444361;6.03684;
0.444381;6.03689;
0.444401;6.03695;
0.444421;6.03701;
0.444441;6.03706;
0.444461;6.03712;
0.444481;6.03718;
0.444501;6.03723;
0.444521;6.03729;
0.444541;6.03735;
0.444561;6.03741;
0.444581;6.03747;
0.444601;6.03753;
0.444621;6.03759;
0.444641;6.03765;
0.444661;6.03771;
0.444681;6.03777;
0.444701;6.03783;
0.444721;6.03789;
0.444741;6.03795;
0.444761;6.03801;
0.444781;6.03807;
0.444801;6.03814;
0.444821;6.0382;
0.444841;6.03826;
0.444861;6.03833;
0.444881;6.03839;
0.444901;6.03846;
0.444921;6.03852;
0.444941;6.03859;
0.444961;6.03865;
0.444981;6.03872;
0.445001;6.03878;
0.445021;6.03885;
0.445041;6.03892;
0.445061;6.03898;
0.445081;6.03905;
0.445101;6.03912;
0.445121;6.03919;
0.445141;6.03926;
0.445161;6.03932;
0.445181;6.03939;
0.445201;6.03946;
0.445221;6.03953;
0.445241;6.0396;
0.445261;6.03967;
0.445281;6.03975;
0.445301;6.03982;
0.445321;6.03989;
0.445341;6.03996;
0.445361;6.04003;
0.445381;6.04011;
0.445401;6.04018;
0.445421;6.04025;
0.445441;6.04033;
0.445461;6.0404;
0.445481;6.04047;
0.445501;6.04055;
0.445521;6.04062;
0.445541;6.0407;
0.445561;6.04077;
0.445581;6.04085;
0.445601;6.04093;
0.445621;6.041;
0.445641;6.04108;
0.445661;6.04116;
0.445681;6.04124;
0.445701;6.04131;
0.445721;6.04139;
0.445741;6.04147;
0.445761;6.04155;
0.445781;6.04163;
0.445801;6.04171;
0.445821;6.04179;
0.445841;6.04187;
0.445861;6.04195;
0.445881;6.04203;
0.445901;6.04211;
0.445921;6.0422;
0.445941;6.04228;
0.445961;6.04236;
0.445981;6.04244;
0.446001;6.04252;
0.446001;6.04252;
0.446001;6.04253;
0.446002;6.04253;
0.446002;6.04253;
0.446002;6.04253;
0.446002;6.04253;
0.446003;6.04253;
0.446003;6.04253;
0.446004;6.04254;
0.446007;6.04255;
0.446012;6.04257;
0.446022;6.04261;
0.446042;6.0427;
0.446062;6.04278;
0.446082;6.04287;
0.446102;6.04295;
0.446122;6.04304;
0.446142;6.04312;
0.446162;6.04321;
0.446182;6.04329;
0.446202;6.04338;
0.446222;6.04347;
0.446242;6.04355;
0.446262;6.04364;
0.446282;6.04373;
0.446302;6.04382;
0.446322;6.04391;
0.446342;6.04399;
0.446362;6.04408;
0.446382;6.04417;
0.446402;6.04426;
0.446422;6.04435;
0.446442;6.04444;
0.446462;6.04453;
0.446482;6.04462;
0.446502;6.04472;
0.446522;6.04481;
0.446542;6.0449;
0.446562;6.04499;
0.446582;6.04508;
0.446602;6.04518;
0.446622;6.04527;
0.446642;6.04536;
0.446662;6.04546;
0.446682;6.04555;
0.446702;6.04565;
0.446722;6.04574;
0.446742;6.04584;
0.446762;6.04593;
0.446782;6.04603;
0.446802;6.04613;
0.446822;6.04622;
0.446842;6.04632;
0.446862;6.04642;
0.446882;6.04651;
0.446902;6.04661;
0.446922;6.04671;
0.446942;6.04681;
0.446962;6.04691;
0.446982;6.04701;
0.447002;6.04711;
0.447022;6.04721;
0.447042;6.04731;
0.447062;6.04741;
0.447082;6.04751;
0.447102;6.04761;
0.447122;6.04771;
0.447142;6.04781;
0.447162;6.04792;
0.447182;6.04802;
0.447202;6.04812;
0.447222;6.04822;
0.447242;6.04833;
0.447262;6.04843;
0.447282;6.04854;
0.447302;6.04864;
0.447322;6.04874;
0.447342;6.04885;
0.447362;6.04895;
0.447382;6.04906;
0.447402;6.04917;
0.447422;6.04927;
0.447442;6.04938;
0.447462;6.04949;
0.447482;6.04959;
0.447502;6.0497;
0.447522;6.04981;
0.447542;6.04992;
0.447562;6.05003;
0.447582;6.05013;
0.447602;6.05024;
0.447622;6.05035;
0.447642;6.05046;
0.447662;6.05057;
0.447682;6.05068;
0.447702;6.05079;
0.447722;6.05091;
0.447742;6.05102;
0.447762;6.05113;
0.447782;6.05124;
0.447802;6.05135;
0.447822;6.05147;
0.447842;6.05158;
0.447862;6.05169;
0.447882;6.05181;
0.447902;6.05192;
0.447922;6.05203;
0.447942;6.05215;
0.44796;6.05223;
0.447971;6.05226;
0.447982;6.05227;
0.447985;6.05227;
0.447991;6.05228;
0.447999;6.05229;
0.448;6.0523;
0.448;6.0523;
0.448;6.0523;
0.448001;6.0523;
0.448001;6.0523;
0.448001;6.0523;
0.448001;6.0523;
0.448002;6.0523;
0.448002;6.0523;
0.448003;6.0523;
0.448006;6.0523;
0.448009;6.05231;
0.448015;6.05231;
0.44802;6.05232;
0.448026;6.05232;
0.448034;6.05233;
0.44805;6.05234;
0.44807;6.05236;
0.448089;6.05238;
0.448109;6.0524;
0.448129;6.05242;
0.448149;6.05243;
0.448169;6.05245;
0.448189;6.05247;
0.448209;6.05249;
0.448229;6.05252;
0.448249;6.05254;
0.448269;6.05256;
0.448289;6.05258;
0.448309;6.0526;
0.448329;6.05262;
0.448349;6.05265;
0.448369;6.05267;
0.448389;6.05269;
0.448409;6.05272;
0.448429;6.05274;
0.448449;6.05277;
0.448469;6.05279;
0.448489;6.05282;
0.448509;6.05284;
0.448529;6.05287;
0.448549;6.0529;
0.448569;6.05292;
0.448589;6.05295;
0.448609;6.05298;
0.448629;6.05301;
0.448649;6.05304;
0.448669;6.05306;
0.448689;6.05309;
0.448709;6.05312;
0.448729;6.05315;
0.448749;6.05318;
0.448769;6.05321;
0.448789;6.05324;
0.448809;6.05328;
0.448829;6.05331;
0.448849;6.05334;
0.448869;6.05337;
0.448889;6.0534;
0.448909;6.05344;
0.448929;6.05347;
0.448949;6.05351;
0.448969;6.05354;
0.448989;6.05357;
0.449009;6.05361;
0.449029;6.05364;
0.449049;6.05368;
0.449069;6.05372;
0.449089;6.05375;
0.449109;6.05379;
0.449129;6.05383;
0.449149;6.05386;
0.449169;6.0539;
0.449189;6.05394;
0.449209;6.05398;
0.449229;6.05402;
0.449249;6.05406;
0.449269;6.0541;
0.449289;6.05414;
0.449309;6.05418;
0.449329;6.05422;
0.449349;6.05426;
0.449369;6.0543;
0.449389;6.05434;
0.449409;6.05438;
0.449429;6.05443;
0.449449;6.05447;
0.449469;6.05451;
0.449489;6.05456;
0.449509;6.0546;
0.449529;6.05464;
0.449549;6.05469;
0.449569;6.05473;
0.449589;6.05478;
0.449609;6.05483;
0.449629;6.05487;
0.449649;6.05492;
0.449669;6.05496;
0.449689;6.05501;
0.449709;6.05506;
0.449729;6.05511;
0.449749;6.05516;
0.449769;6.0552;
0.449789;6.05525;
0.449809;6.0553;
0.449829;6.05535;
0.449849;6.0554;
0.449869;6.05545;
0.449889;6.0555;
0.449909;6.05555;
0.449929;6.05561;
0.449949;6.05566;
0.449969;6.05571;
0.449989;6.05576;
0.450001;6.05579;
0.450001;6.05579;
0.450001;6.05579;
0.450002;6.0558;
0.450002;6.0558;
0.450002;6.0558;
0.450002;6.0558;
0.450003;6.0558;
0.450003;6.0558;
0.450004;6.0558;
0.450007;6.05581;
0.450012;6.05582;
0.450022;6.05585;
0.450042;6.0559;
0.450062;6.05596;
0.450082;6.05601;
0.450102;6.05607;
0.450122;6.05612;
0.450142;6.05618;
0.450162;6.05623;
0.450182;6.05629;
0.450202;6.05634;
0.450222;6.0564;
0.450242;6.05646;
0.450262;6.05651;
0.450282;6.05657;
0.450302;6.05663;
0.450322;6.05669;
0.450342;6.05675;
0.450362;6.05681;
0.450382;6.05686;
0.450402;6.05692;
0.450422;6.05698;
0.450442;6.05704;
0.450462;6.05711;
0.450482;6.05717;
0.450502;6.05723;
0.450522;6.05729;
0.450542;6.05735;
0.450562;6.05741;
0.450582;6.05748;
0.450602;6.05754;
0.450622;6.0576;
0.450642;6.05767;
0.450662;6.05773;
0.450682;6.0578;
0.450702;6.05786;
0.450722;6.05793;
0.450742;6.05799;
0.450762;6.05806;
0.450782;6.05812;
0.450802;6.05819;
0.450822;6.05826;
0.450842;6.05832;
0.450862;6.05839;
0.450882;6.05846;
0.450902;6.05853;
0.450922;6.0586;
0.450942;6.05867;
0.450962;6.05873;
0.450982;6.0588;
0.451002;6.05887;
0.451022;6.05894;
0.451042;6.05902;
0.451062;6.05909;
0.451082;6.05916;
0.451102;6.05923;
0.451122;6.0593;
0.451142;6.05937;
0.451162;6.05945;
0.451182;6.05952;
0.451202;6.05959;
0.451222;6.05967;
0.451242;6.05974;
0.451262;6.05982;
0.451282;6.05989;
0.451302;6.05996;
0.451322;6.06004;
0.451342;6.06012;
0.451362;6.06019;
0.451382;6.06027;
0.451402;6.06035;
0.451422;6.06042;
0.451442;6.0605;
0.451462;6.06058;
0.451482;6.06066;
0.451502;6.06073;
0.451522;6.06081;
0.451542;6.06089;
0.451562;6.06097;
0.451582;6.06105;
0.451602;6.06113;
0.451622;6.06121;
0.451642;6.06129;
0.451662;6.06137;
0.451682;6.06145;
0.451702;6.06154;
0.451722;6.06162;
0.451742;6.0617;
0.451762;6.06178;
0.451782;6.06187;
0.451802;6.06195;
0.451822;6.06203;
0.451842;6.06212;
0.451862;6.0622;
0.451882;6.06229;
0.451902;6.06237;
0.451922;6.06246;
0.451942;6.06254;
0.451962;6.06263;
0.451982;6.06271;
0.451996;6.06274;
0.452;6.06273;
0.452;6.06273;
0.452;6.06273;
0.452001;6.06273;
0.452001;6.06273;
0.452001;6.06273;
0.452001;6.06273;
0.452002;6.06273;
0.452002;6.06273;
0.452003;6.06273;
0.452006;6.06272;
0.452011;6.06271;
0.452021;6.06268;
0.45203;6.06266;
0.452039;6.06264;
0.45205;6.06261;
0.45207;6.06256;
0.45209;6.06251;
0.45211;6.06246;
0.45213;6.06241;
0.45215;6.06236;
0.45217;6.06232;
0.45219;6.06227;
0.45221;6.06222;
0.45223;6.06218;
0.45225;6.06213;
0.45227;6.06209;
0.45229;6.06204;
0.45231;6.062;
0.45233;6.06195;
0.45235;6.06191;
0.45237;6.06186;
0.45239;6.06182;
0.45241;6.06178;
0.45243;6.06174;
0.45245;6.06169;
0.45247;6.06165;
0.45249;6.06161;
0.45251;6.06157;
0.45253;6.06153;
0.45255;6.06149;
0.45257;6.06145;
0.45259;6.06141;
0.45261;6.06137;
0.45263;6.06134;
0.45265;6.0613;
0.45267;6.06126;
0.45269;6.06122;
0.45271;6.06119;
0.45273;6.06115;
0.45275;6.06112;
0.45277;6.06108;
0.45279;6.06105;
0.45281;6.06101;
0.45283;6.06098;
0.45285;6.06094;
0.45287;6.06091;
0.45289;6.06088;
0.45291;6.06084;
0.45293;6.06081;
0.45295;6.06078;
0.45297;6.06075;
0.45299;6.06072;
0.45301;6.06069;
0.45303;6.06066;
0.45305;6.06063;
0.45307;6.0606;
0.45309;6.06057;
0.45311;6.06054;
0.45313;6.06051;
0.45315;6.06049;
0.45317;6.06046;
0.45319;6.06043;
0.45321;6.0604;
0.45323;6.06038;
0.45325;6.06035;
0.45327;6.06033;
0.45329;6.0603;
0.45331;6.06028;
0.45333;6.06025;
0.45335;6.06023;
0.45337;6.06021;
0.45339;6.06018;
0.45341;6.06016;
0.45343;6.06014;
0.45345;6.06012;
0.45347;6.0601;
0.45349;6.06008;
0.45351;6.06005;
0.45353;6.06003;
0.45355;6.06002;
0.45357;6.06;
0.45359;6.05998;
0.45361;6.05996;
0.45363;6.05994;
0.45365;6.05992;
0.45367;6.0599;
0.45369;6.05989;
0.45371;6.05987;
0.45373;6.05985;
0.45375;6.05984;
0.45377;6.05982;
0.45379;6.05981;
0.45381;6.05979;
0.45383;6.05978;
0.45385;6.05977;
0.45387;6.05975;
0.45389;6.05974;
0.45391;6.05973;
0.45393;6.05971;
0.45395;6.0597;
0.45397;6.05969;
0.45399;6.05968;
0.454001;6.05967;
0.454001;6.05967;
0.454001;6.05967;
0.454002;6.05967;
0.454002;6.05967;
0.454002;6.05967;
0.454002;6.05967;
0.454003;6.05967;
0.454003;6.05967;
0.454004;6.05967;
0.454007;6.05967;
0.454012;6.05967;
0.454022;6.05966;
0.454042;6.05965;
0.454062;6.05964;
0.454082;6.05963;
0.454102;6.05962;
0.454122;6.05962;
0.454142;6.05961;
0.454162;6.0596;
0.454182;6.05959;
0.454202;6.05958;
0.454222;6.05958;
0.454242;6.05957;
0.454262;6.05957;
0.454282;6.05956;
0.454302;6.05956;
0.454322;6.05955;
0.454342;6.05955;
0.454362;6.05954;
0.454382;6.05954;
0.454402;6.05954;
0.454422;6.05953;
0.454442;6.05953;
0.454462;6.05953;
0.454482;6.05953;
0.454502;6.05953;
0.454522;6.05952;
0.454542;6.05952;
0.454562;6.05952;
0.454582;6.05952;
0.454602;6.05952;
0.454622;6.05953;
0.454642;6.05953;
0.454662;6.05953;
0.454682;6.05953;
0.454702;6.05953;
0.454722;6.05954;
0.454742;6.05954;
0.454762;6.05954;
0.454782;6.05955;
0.454802;6.05955;
0.454822;6.05956;
0.454842;6.05956;
0.454862;6.05957;
0.454882;6.05957;
0.454902;6.05958;
0.454922;6.05959;
0.454942;6.05959;
0.454962;6.0596;
0.454982;6.05961;
0.455002;6.05962;
0.455022;6.05963;
0.455042;6.05964;
0.455062;6.05964;
0.455082;6.05965;
0.455102;6.05966;
0.455122;6.05967;
0.455142;6.05969;
0.455162;6.0597;
0.455182;6.05971;
0.455202;6.05972;
0.455222;6.05973;
0.455242;6.05975;
0.455262;6.05976;
0.455282;6.05977;
0.455302;6.05979;
0.455322;6.0598;
0.455342;6.05982;
0.455362;6.05983;
0.455382;6.05985;
0.455402;6.05986;
0.455422;6.05988;
0.455442;6.05989;
0.455462;6.05991;
0.455482;6.05993;
0.455502;6.05995;
0.455522;6.05996;
0.455542;6.05998;
0.455562;6.06;
0.455582;6.06002;
0.455602;6.06004;
0.455622;6.06006;
0.455642;6.06008;
0.455662;6.0601;
0.455682;6.06012;
0.455702;6.06014;
0.455722;6.06016;
0.455742;6.06019;
0.455762;6.06021;
0.455782;6.06023;
0.455802;6.06025;
0.455822;6.06028;
0.455842;6.0603;
0.455862;6.06033;
0.455882;6.06035;
0.455902;6.06038;
0.455922;6.0604;
0.455942;6.06043;
0.455962;6.06045;
0.455982;6.06048;
0.456;6.0605;
0.456;6.0605;
0.456;6.0605;
0.456001;6.0605;
0.456001;6.0605;
0.456001;6.0605;
0.456001;6.0605;
0.456002;6.0605;
0.456002;6.06051;
0.456003;6.06051;
0.456006;6.06051;
0.456011;6.06052;
0.456021;6.06053;
0.456041;6.06056;
0.456061;6.06059;
0.456081;6.06062;
0.456101;6.06064;
0.456121;6.06067;
0.456141;6.0607;
0.456161;6.06073;
0.456181;6.06076;
0.456201;6.06079;
0.456221;6.06082;
0.456241;6.06085;
0.456261;6.06089;
0.456281;6.06092;
0.456301;6.06095;
0.456321;6.06098;
0.456341;6.06102;
0.456361;6.06105;
0.456381;6.06108;
0.456401;6.06112;
0.456421;6.06115;
0.456441;6.06119;
0.456461;6.06122;
0.456481;6.06126;
0.456501;6.06129;
0.456521;6.06133;
0.456541;6.06137;
0.456561;6.0614;
0.456581;6.06144;
0.456601;6.06148;
0.456621;6.06152;
0.456641;6.06155;
0.456661;6.06159;
0.456681;6.06163;
0.456701;6.06167;
0.456721;6.06171;
0.456741;6.06175;
0.456761;6.06179;
0.456781;6.06183;
0.456801;6.06187;
0.456821;6.06192;
0.456841;6.06196;
0.456861;6.062;
0.456881;6.06204;
0.456901;6.06209;
0.456921;6.06213;
0.456941;6.06217;
0.456961;6.06222;
0.456981;6.06226;
0.457001;6.06231;
0.457021;6.06235;
0.457041;6.0624;
0.457061;6.06244;
0.457081;6.06249;
0.457101;6.06254;
0.457121;6.06258;
0.457141;6.06263;
0.457161;6.06268;
0.457181;6.06273;
0.457201;6.06277;
0.457221;6.06282;
0.457241;6.06287;
0.457261;6.06292;
0.457281;6.06297;
0.457301;6.06302;
0.457321;6.06307;
0.457341;6.06312;
0.457361;6.06317;
0.457381;6.06323;
0.457401;6.06328;
0.457421;6.06333;
0.457441;6.06338;
0.457461;6.06344;
0.457481;6.06349;
0.457501;6.06354;
0.457521;6.0636;
0.457541;6.06365;
0.457561;6.06371;
0.457581;6.06376;
0.457601;6.06382;
0.457621;6.06387;
0.457641;6.06393;
0.457661;6.06398;
0.457681;6.06404;
0.457701;6.0641;
0.457721;6.06416;
0.457741;6.06421;
0.457761;6.06427;
0.457781;6.06433;
0.457801;6.06439;
0.457821;6.06445;
0.457841;6.06451;
0.457861;6.06457;
0.457881;6.06463;
0.457901;6.06469;
0.457921;6.06475;
0.457941;6.06481;
0.457961;6.06487;
0.457981;6.06493;
0.458001;6.065;
0.458001;6.065;
0.458001;6.065;
0.458002;6.065;
0.458002;6.065;
0.458002;6.065;
0.458002;6.065;
0.458003;6.065;
0.458003;6.065;
0.458004;6.06501;
0.458007;6.06501;
0.458012;6.06503;
0.458022;6.06506;
0.458042;6.06513;
0.458062;6.06519;
0.458082;6.06525;
0.458102;6.06532;
0.458122;6.06538;
0.458142;6.06545;
0.458162;6.06551;
0.458182;6.06558;
0.458202;6.06564;
0.458222;6.06571;
0.458242;6.06577;
0.458262;6.06584;
0.458282;6.06591;
0.458302;6.06598;
0.458322;6.06604;
0.458342;6.06611;
0.458362;6.06618;
0.458382;6.06625;
0.458402;6.06632;
0.458422;6.06639;
0.458442;6.06646;
0.458462;6.06653;
0.458482;6.0666;
0.458502;6.06667;
0.458522;6.06674;
0.458542;6.06681;
0.458562;6.06688;
0.458582;6.06696;
0.458602;6.06703;
0.458622;6.0671;
0.458642;6.06718;
0.458662;6.06725;
0.458682;6.06732;
0.458702;6.0674;
0.458722;6.06747;
0.458742;6.06755;
0.458762;6.06762;
0.458782;6.0677;
0.458802;6.06777;
0.458822;6.06785;
0.458842;6.06793;
0.458862;6.068;
0.458882;6.06808;
0.458902;6.06816;
0.458922;6.06824;
0.458942;6.06832;
0.458962;6.06839;
0.458982;6.06847;
0.459002;6.06855;
0.459022;6.06863;
0.459042;6.06871;
0.459062;6.06879;
0.459082;6.06887;
0.459102;6.06895;
0.459122;6.06903;
0.459142;6.06912;
0.459162;6.0692;
0.459182;6.06928;
0.459202;6.06936;
0.459222;6.06945;
0.459242;6.06953;
0.459262;6.06961;
0.459282;6.0697;
0.459302;6.06978;
0.459322;6.06987;
0.459342;6.06995;
0.459362;6.07004;
0.459382;6.07012;
0.459402;6.07021;
0.459422;6.07029;
0.459442;6.07038;
0.459462;6.07047;
0.459482;6.07056;
0.459502;6.07064;
0.459522;6.07073;
0.459542;6.07082;
0.459562;6.07091;
0.459582;6.071;
0.459602;6.07109;
0.459622;6.07118;
0.459642;6.07127;
0.459662;6.07136;
0.459682;6.07145;
0.459702;6.07154;
0.459722;6.07163;
0.459742;6.07172;
0.459762;6.07181;
0.459782;6.0719;
0.459802;6.072;
0.459822;6.07209;
0.459842;6.07218;
0.459862;6.07228;
0.459882;6.07237;
0.459902;6.07246;
0.459922;6.07256;
0.459942;6.07265;
0.459962;6.07275;
0.459979;6.0728;
0.459993;6.07281;
0.46;6.0728;
0.46;6.0728;
0.46;6.0728;
0.460001;6.0728;
0.460001;6.0728;
0.460001;6.0728;
0.460001;6.0728;
0.460002;6.0728;
0.460002;6.0728;
0.460003;6.0728;
0.460006;6.07279;
0.460011;6.07279;
0.460021;6.07278;
0.460033;6.07276;
0.460047;6.07275;
0.460062;6.07273;
0.460078;6.07272;
0.460098;6.07269;
0.460118;6.07267;
0.460138;6.07265;
0.460158;6.07263;
0.460178;6.07261;
0.460198;6.0726;
0.460218;6.07258;
0.460238;6.07256;
0.460258;6.07254;
0.460278;6.07252;
0.460298;6.07251;
0.460318;6.07249;
0.460338;6.07247;
0.460358;6.07246;
0.460378;6.07244;
0.460398;6.07243;
0.460418;6.07241;
0.460438;6.0724;
0.460458;6.07238;
0.460478;6.07237;
0.460498;6.07236;
0.460518;6.07234;
0.460538;6.07233;
0.460558;6.07232;
0.460578;6.07231;
0.460598;6.0723;
0.460618;6.07229;
0.460638;6.07228;
0.460658;6.07227;
0.460678;6.07226;
0.460698;6.07225;
0.460718;6.07224;
0.460738;6.07223;
0.460758;6.07222;
0.460778;6.07221;
0.460798;6.07221;
0.460818;6.0722;
0.460838;6.07219;
0.460858;6.07219;
0.460878;6.07218;
0.460898;6.07218;
0.460918;6.07217;
0.460938;6.07217;
0.460958;6.07216;
0.460978;6.07216;
0.460998;6.07215;
0.461018;6.07215;
0.461038;6.07215;
0.461058;6.07215;
0.461078;6.07214;
0.461098;6.07214;
0.461118;6.07214;
0.461138;6.07214;
0.461158;6.07214;
0.461178;6.07214;
0.461198;6.07214;
0.461218;6.07214;
0.461238;6.07214;
0.461258;6.07214;
0.461278;6.07215;
0.461298;6.07215;
0.461318;6.07215;
0.461338;6.07215;
0.461358;6.07216;
0.461378;6.07216;
0.461398;6.07217;
0.461418;6.07217;
0.461438;6.07217;
0.461458;6.07218;
0.461478;6.07219;
0.461498;6.07219;
0.461518;6.0722;
0.461538;6.0722;
0.461558;6.07221;
0.461578;6.07222;
0.461598;6.07223;
0.461618;6.07224;
0.461638;6.07224;
0.461658;6.07225;
0.461678;6.07226;
0.461698;6.07227;
0.461718;6.07228;
0.461738;6.07229;
0.461758;6.0723;
0.461778;6.07232;
0.461798;6.07233;
0.461818;6.07234;
0.461838;6.07235;
0.461858;6.07236;
0.461878;6.07238;
0.461898;6.07239;
0.461918;6.07241;
0.461938;6.07242;
0.461958;6.07243;
0.461978;6.07245;
0.461998;6.07246;
0.462001;6.07247;
0.462001;6.07247;
0.462001;6.07247;
0.462002;6.07247;
0.462002;6.07247;
0.462002;6.07247;
0.462002;6.07247;
0.462003;6.07247;
0.462003;6.07247;
0.462004;6.07247;
0.462007;6.07247;
0.462012;6.07248;
0.462022;6.07248;
0.462042;6.0725;
0.462062;6.07252;
0.462082;6.07253;
0.462102;6.07255;
0.462122;6.07257;
0.462142;6.07259;
0.462162;6.07261;
0.462182;6.07262;
0.462202;6.07264;
0.462222;6.07266;
0.462242;6.07268;
0.462262;6.0727;
0.462282;6.07272;
0.462302;6.07274;
0.462322;6.07277;
0.462342;6.07279;
0.462362;6.07281;
0.462382;6.07283;
0.462402;6.07286;
0.462422;6.07288;
0.462442;6.0729;
0.462462;6.07293;
0.462482;6.07295;
0.462502;6.07298;
0.462522;6.073;
0.462542;6.07303;
0.462562;6.07305;
0.462582;6.07308;
0.462602;6.0731;
0.462622;6.07313;
0.462642;6.07316;
0.462662;6.07319;
0.462682;6.07321;
0.462702;6.07324;
0.462722;6.07327;
0.462742;6.0733;
0.462762;6.07333;
0.462782;6.07336;
0.462802;6.07339;
0.462822;6.07342;
0.462842;6.07345;
0.462862;6.07348;
0.462882;6.07351;
0.462902;6.07355;
0.462922;6.07358;
0.462942;6.07361;
0.462962;6.07364;
0.462982;6.07368;
0.463002;6.07371;
0.463022;6.07375;
0.463042;6.07378;
0.463062;6.07382;
0.463082;6.07385;
0.463102;6.07389;
0.463122;6.07392;
0.463142;6.07396;
0.463162;6.074;
0.463182;6.07403;
0.463202;6.07407;
0.463222;6.07411;
0.463242;6.07415;
0.463262;6.07418;
0.463282;6.07422;
0.463302;6.07426;
0.463322;6.0743;
0.463342;6.07434;
0.463362;6.07438;
0.463382;6.07442;
0.463402;6.07446;
0.463422;6.0745;
0.463442;6.07455;
0.463462;6.07459;
0.463482;6.07463;
0.463502;6.07467;
0.463522;6.07472;
0.463542;6.07476;
0.463562;6.0748;
0.463582;6.07485;
0.463602;6.07489;
0.463622;6.07494;
0.463642;6.07498;
0.463662;6.07503;
0.463682;6.07507;
0.463702;6.07512;
0.463722;6.07517;
0.463742;6.07521;
0.463762;6.07526;
0.463782;6.07531;
0.463802;6.07536;
0.463822;6.07541;
0.463842;6.07545;
0.463862;6.0755;
0.463882;6.07555;
0.463902;6.0756;
0.463922;6.07565;
0.463942;6.0757;
0.463962;6.07575;
0.463982;6.07581;
0.464;6.07585;
0.464;6.07585;
0.464;6.07585;
0.464001;6.07585;
0.464001;6.07585;
0.464001;6.07585;
0.464001;6.07585;
0.464002;6.07586;
0.464002;6.07586;
0.464003;6.07586;
0.464006;6.07587;
0.464011;6.07588;
0.464021;6.07591;
0.464038;6.07595;
0.464051;6.07598;
0.464064;6.07602;
0.464079;6.07606;
0.464098;6.07611;
0.464112;6.07614;
0.464126;6.07618;
0.464142;6.07623;
0.464162;6.07628;
0.464182;6.07633;
0.464202;6.07639;
0.464222;6.07644;
0.464242;6.0765;
0.464262;6.07655;
0.464282;6.07661;
0.464302;6.07667;
0.464322;6.07672;
0.464342;6.07678;
0.464362;6.07684;
0.464382;6.0769;
0.464402;6.07695;
0.464422;6.07701;
0.464442;6.07707;
0.464462;6.07713;
0.464482;6.07719;
0.464502;6.07725;
0.464522;6.07731;
0.464542;6.07737;
0.464562;6.07743;
0.464582;6.07749;
0.464602;6.07755;
0.464622;6.07762;
0.464642;6.07768;
0.464662;6.07774;
0.464682;6.0778;
0.464702;6.07787;
0.464722;6.07793;
0.464742;6.07799;
0.464762;6.07806;
0.464782;6.07812;
0.464802;6.07819;
0.464822;6.07825;
0.464842;6.07832;
0.464862;6.07838;
0.464882;6.07845;
0.464902;6.07852;
0.464922;6.07858;
0.464942;6.07865;
0.464962;6.07872;
0.464982;6.07879;
0.465002;6.07886;
0.465022;6.07892;
0.465042;6.07899;
0.465062;6.07906;
0.465082;6.07913;
0.465102;6.0792;
0.465122;6.07927;
0.465142;6.07934;
0.465162;6.07942;
0.465182;6.07949;
0.465202;6.07956;
0.465222;6.07963;
0.465242;6.0797;
0.465262;6.07978;
0.465282;6.07985;
0.465302;6.07992;
0.465322;6.08;
0.465342;6.08007;
0.465362;6.08014;
0.465382;6.08022;
0.465402;6.08029;
0.465422;6.08037;
0.465442;6.08045;
0.465462;6.08052;
0.465482;6.0806;
0.465502;6.08068;
0.465522;6.08075;
0.465542;6.08083;
0.465562;6.08091;
0.465582;6.08099;
0.465602;6.08106;
0.465622;6.08114;
0.465642;6.08122;
0.465662;6.0813;
0.465682;6.08138;
0.465702;6.08146;
0.465722;6.08154;
0.465742;6.08162;
0.465762;6.0817;
0.465782;6.08179;
0.465802;6.08187;
0.465822;6.08195;
0.465842;6.08203;
0.465862;6.08211;
0.465882;6.0822;
0.465902;6.08228;
0.465922;6.08237;
0.465942;6.08245;
0.465962;6.08253;
0.465982;6.08262;
0.466001;6.0827;
0.466001;6.0827;
0.466001;6.0827;
0.466002;6.0827;
0.466002;6.0827;
0.466002;6.0827;
0.466002;6.0827;
0.466003;6.0827;
0.466003;6.08271;
0.466004;6.08271;
0.466007;6.08272;
0.466012;6.08275;
0.466022;6.08279;
0.466042;6.08287;
0.466062;6.08296;
0.466082;6.08305;
0.466102;6.08313;
0.466122;6.08322;
0.466142;6.08331;
0.466162;6.0834;
0.466182;6.08348;
0.466202;6.08357;
0.466222;6.08366;
0.466242;6.08375;
0.466262;6.08384;
0.466282;6.08393;
0.466302;6.08402;
0.466322;6.08411;
0.466342;6.0842;
0.466362;6.08429;
0.466382;6.08438;
0.466402;6.08447;
0.466422;6.08457;
0.466442;6.08466;
0.466462;6.08475;
0.466482;6.08484;
0.466502;6.08494;
0.466522;6.08503;
0.466542;6.08513;
0.466562;6.08522;
0.466582;6.08531;
0.466602;6.08541;
0.466622;6.0855;
0.466642;6.0856;
0.466662;6.0857;
0.466682;6.08579;
0.466702;6.08589;
0.466722;6.08598;
0.466742;6.08608;
0.466762;6.08618;
0.466782;6.08628;
0.466802;6.08638;
0.466822;6.08647;
0.466842;6.08657;
0.466862;6.08667;
0.466882;6.08677;
0.466902;6.08687;
0.466922;6.08697;
0.466942;6.08707;
0.466962;6.08717;
0.466982;6.08727;
0.467002;6.08737;
0.467022;6.08748;
0.467042;6.08758;
0.467062;6.08768;
0.467082;6.08778;
0.467102;6.08789;
0.467122;6.08799;
0.467142;6.08809;
0.467162;6.0882;
0.467182;6.0883;
0.467202;6.0884;
0.467222;6.08851;
0.467242;6.08861;
0.467262;6.08872;
0.467282;6.08883;
0.467302;6.08893;
0.467322;6.08904;
0.467342;6.08915;
0.467362;6.08925;
0.467382;6.08936;
0.467402;6.08947;
0.467422;6.08958;
0.467442;6.08968;
0.467462;6.08979;
0.467482;6.0899;
0.467502;6.09001;
0.467522;6.09012;
0.467542;6.09023;
0.467562;6.09034;
0.467582;6.09045;
0.467602;6.09056;
0.467622;6.09067;
0.467642;6.09078;
0.467662;6.0909;
0.467682;6.09101;
0.467702;6.09112;
0.467722;6.09123;
0.467742;6.09135;
0.467762;6.09146;
0.467782;6.09157;
0.467802;6.09169;
0.467822;6.0918;
0.467842;6.09192;
0.467862;6.09203;
0.467882;6.09215;
0.467902;6.09226;
0.467922;6.09238;
0.467942;6.09249;
0.467956;6.09253;
0.467968;6.09252;
0.467977;6.09249;
0.467984;6.09247;
0.467992;6.09244;
0.468;6.09241;
0.468;6.09241;
0.468;6.09241;
0.468001;6.09241;
0.468001;6.09241;
0.468001;6.09241;
0.468001;6.09241;
0.468002;6.09241;
0.468002;6.0924;
0.468003;6.0924;
0.468006;6.09239;
0.468011;6.09237;
0.468021;6.09234;
0.468041;6.09227;
0.468061;6.0922;
0.468081;6.09213;
0.468101;6.09206;
0.468121;6.092;
0.468141;6.09193;
0.468161;6.09186;
0.468181;6.0918;
0.468201;6.09173;
0.468221;6.09166;
0.468241;6.0916;
0.468261;6.09153;
0.468281;6.09147;
0.468301;6.09141;
0.468321;6.09134;
0.468341;6.09128;
0.468361;6.09122;
0.468381;6.09116;
0.468401;6.09109;
0.468421;6.09103;
0.468441;6.09097;
0.468461;6.09091;
0.468481;6.09085;
0.468501;6.09079;
0.468521;6.09073;
0.468541;6.09067;
0.468561;6.09062;
0.468581;6.09056;
0.468601;6.0905;
0.468621;6.09044;
0.468641;6.09039;
0.468661;6.09033;
0.468681;6.09027;
0.468701;6.09022;
0.468721;6.09016;
0.468741;6.09011;
0.468761;6.09006;
0.468781;6.09;
0.468801;6.08995;
0.468821;6.0899;
0.468841;6.08984;
0.468861;6.08979;
0.468881;6.08974;
0.468901;6.08969;
0.468921;6.08964;
0.468941;6.08959;
0.468961;6.08954;
0.468981;6.08949;
0.469001;6.08944;
0.469021;6.08939;
0.469041;6.08934;
0.469061;6.08929;
0.469081;6.08924;
0.469101;6.0892;
0.469121;6.08915;
0.469141;6.0891;
0.469161;6.08906;
0.469181;6.08901;
0.469201;6.08897;
0.469221;6.08892;
0.469241;6.08888;
0.469261;6.08883;
0.469281;6.08879;
0.469301;6.08875;
0.469321;6.08871;
0.469341;6.08866;
0.469361;6.08862;
0.469381;6.08858;
0.469401;6.08854;
0.469421;6.0885;
0.469441;6.08846;
0.469461;6.08842;
0.469481;6.08838;
0.469501;6.08834;
0.469521;6.0883;
0.469541;6.08826;
0.469561;6.08822;
0.469581;6.08819;
0.469601;6.08815;
0.469621;6.08811;
0.469641;6.08808;
0.469661;6.08804;
0.469681;6.08801;
0.469701;6.08797;
0.469721;6.08794;
0.469741;6.0879;
0.469761;6.08787;
0.469781;6.08783;
0.469801;6.0878;
0.469821;6.08777;
0.469841;6.08774;
0.469861;6.0877;
0.469881;6.08767;
0.469901;6.08764;
0.469921;6.08761;
0.469941;6.08758;
0.469961;6.08755;
0.469981;6.08752;
0.470001;6.08749;
0.470001;6.08749;
0.470001;6.08749;
0.470002;6.08749;
0.470002;6.08749;
0.470002;6.08749;
0.470002;6.08749;
0.470003;6.08749;
0.470003;6.08749;
0.470004;6.08749;
0.470007;6.08748;
0.470012;6.08748;
0.470022;6.08746;
0.470042;6.08743;
0.470062;6.08741;
0.470082;6.08738;
0.470102;6.08735;
0.470122;6.08733;
0.470142;6.0873;
0.470162;6.08727;
0.470182;6.08725;
0.470202;6.08722;
0.470222;6.0872;
0.470242;6.08717;
0.470262;6.08715;
0.470282;6.08713;
0.470302;6.0871;
0.470322;6.08708;
0.470342;6.08706;
0.470362;6.08704;
0.470382;6.08701;
0.470402;6.08699;
0.470422;6.08697;
0.470442;6.08695;
0.470462;6.08693;
0.470482;6.08691;
0.470502;6.08689;
0.470522;6.08687;
0.470542;6.08686;
0.470562;6.08684;
0.470582;6.08682;
0.470602;6.0868;
0.470622;6.08679;
0.470642;6.08677;
0.470662;6.08675;
0.470682;6.08674;
0.470702;6.08672;
0.470722;6.08671;
0.470742;6.08669;
0.470762;6.08668;
0.470782;6.08667;
0.470802;6.08665;
0.470822;6.08664;
0.470842;6.08663;
0.470862;6.08662;
0.470882;6.0866;
0.470902;6.08659;
0.470922;6.08658;
0.470942;6.08657;
0.470962;6.08656;
0.470982;6.08655;
0.471002;6.08654;
0.471022;6.08653;
0.471042;6.08652;
0.471062;6.08651;
0.471082;6.08651;
0.471102;6.0865;
0.471122;6.08649;
0.471142;6.08649;
0.471162;6.08648;
0.471182;6.08647;
0.471202;6.08647;
0.471222;6.08646;
0.471242;6.08646;
0.471262;6.08645;
0.471282;6.08645;
0.471302;6.08644;
0.471322;6.08644;
0.471342;6.08644;
0.471362;6.08644;
0.471382;6.08643;
0.471402;6.08643;
0.471422;6.08643;
0.471442;6.08643;
0.471462;6.08643;
0.471482;6.08643;
0.471502;6.08643;
0.471522;6.08643;
0.471542;6.08643;
0.471562;6.08643;
0.471582;6.08643;
0.471602;6.08644;
0.471622;6.08644;
0.471642;6.08644;
0.471662;6.08644;
0.471682;6.08645;
0.471702;6.08645;
0.471722;6.08646;
0.471742;6.08646;
0.471762;6.08646;
0.471782;6.08647;
0.471802;6.08648;
0.471822;6.08648;
0.471842;6.08649;
0.471862;6.0865;
0.471882;6.0865;
0.471902;6.08651;
0.471922;6.08652;
0.471942;6.08653;
0.471962;6.08654;
0.471982;6.08655;
0.472;6.08655;
0.472;6.08655;
0.472;6.08655;
0.472001;6.08655;
0.472001;6.08655;
0.472001;6.08655;
0.472001;6.08655;
0.472002;6.08655;
0.472002;6.08655;
0.472003;6.08656;
0.472006;6.08656;
0.472011;6.08656;
0.472021;6.08656;
0.472041;6.08657;
0.472061;6.08658;
0.472081;6.0866;
0.472101;6.08661;
0.472121;6.08662;
0.472141;6.08663;
0.472161;6.08664;
0.472181;6.08666;
0.472201;6.08667;
0.472221;6.08668;
0.472241;6.0867;
0.472261;6.08671;
0.472281;6.08673;
0.472301;6.08674;
0.472321;6.08676;
0.472341;6.08677;
0.472361;6.08679;
0.472381;6.08681;
0.472401;6.08682;
0.472421;6.08684;
0.472441;6.08686;
0.472461;6.08688;
0.472481;6.08689;
0.472501;6.08691;
0.472521;6.08693;
0.472541;6.08695;
0.472561;6.08697;
0.472581;6.08699;
0.472601;6.08701;
0.472621;6.08703;
0.472641;6.08706;
0.472661;6.08708;
0.472681;6.0871;
0.472701;6.08712;
0.472721;6.08714;
0.472741;6.08717;
0.472761;6.08719;
0.472781;6.08722;
0.472801;6.08724;
0.472821;6.08726;
0.472841;6.08729;
0.472861;6.08731;
0.472881;6.08734;
0.472901;6.08737;
0.472921;6.08739;
0.472941;6.08742;
0.472961;6.08745;
0.472981;6.08748;
0.473001;6.0875;
0.473021;6.08753;
0.473041;6.08756;
0.473061;6.08759;
0.473081;6.08762;
0.473101;6.08765;
0.473121;6.08768;
0.473141;6.08771;
0.473161;6.08774;
0.473181;6.08777;
0.473201;6.0878;
0.473221;6.08783;
0.473241;6.08787;
0.473261;6.0879;
0.473281;6.08793;
0.473301;6.08797;
0.473321;6.088;
0.473341;6.08803;
0.473361;6.08807;
0.473381;6.0881;
0.473401;6.08814;
0.473421;6.08817;
0.473441;6.08821;
0.473461;6.08825;
0.473481;6.08828;
0.473501;6.08832;
0.473521;6.08836;
0.473541;6.08839;
0.473561;6.08843;
0.473581;6.08847;
0.473601;6.08851;
0.473621;6.08855;
0.473641;6.08859;
0.473661;6.08863;
0.473681;6.08867;
0.473701;6.08871;
0.473721;6.08875;
0.473741;6.08879;
0.473761;6.08883;
0.473781;6.08887;
0.473801;6.08892;
0.473821;6.08896;
0.473841;6.089;
0.473861;6.08905;
0.473881;6.08909;
0.473901;6.08913;
0.473921;6.08918;
0.473941;6.08922;
0.473961;6.08927;
0.473981;6.08931;
0.474001;6.08936;
0.474001;6.08936;
0.474001;6.08936;
0.474002;6.08936;
0.474002;6.08936;
0.474002;6.08936;
0.474002;6.08936;
0.474003;6.08936;
0.474003;6.08936;
0.474004;6.08937;
0.474007;6.08937;
0.474012;6.08938;
0.474022;6.08941;
0.474042;6.08946;
0.474062;6.0895;
0.474082;6.08955;
0.474102;6.0896;
0.474122;6.08964;
0.474142;6.08969;
0.474162;6.08974;
0.474182;6.08979;
0.474202;6.08984;
0.474222;6.08989;
0.474242;6.08994;
0.474262;6.08999;
0.474282;6.09004;
0.474302;6.09009;
0.474322;6.09014;
0.474342;6.0902;
0.474362;6.09025;
0.474382;6.0903;
0.474402;6.09035;
0.474422;6.09041;
0.474442;6.09046;
0.474462;6.09051;
0.474482;6.09057;
0.474502;6.09062;
0.474522;6.09068;
0.474542;6.09073;
0.474562;6.09079;
0.474582;6.09085;
0.474602;6.0909;
0.474622;6.09096;
0.474642;6.09102;
0.474662;6.09107;
0.474682;6.09113;
0.474702;6.09119;
0.474722;6.09125;
0.474742;6.09131;
0.474762;6.09136;
0.474782;6.09142;
0.474802;6.09148;
0.474822;6.09154;
0.474842;6.0916;
0.474862;6.09167;
0.474882;6.09173;
0.474902;6.09179;
0.474922;6.09185;
0.474942;6.09191;
0.474962;6.09197;
0.474982;6.09204;
0.475002;6.0921;
0.475022;6.09216;
0.475042;6.09223;
0.475062;6.09229;
0.475082;6.09236;
0.475102;6.09242;
0.475122;6.09249;
0.475142;6.09255;
0.475162;6.09262;
0.475182;6.09269;
0.475202;6.09275;
0.475222;6.09282;
0.475242;6.09289;
0.475262;6.09295;
0.475282;6.09302;
0.475302;6.09309;
0.475322;6.09316;
0.475342;6.09323;
0.475362;6.0933;
0.475382;6.09337;
0.475402;6.09344;
0.475422;6.09351;
0.475442;6.09358;
0.475462;6.09365;
0.475482;6.09372;
0.475502;6.09379;
0.475522;6.09386;
0.475542;6.09394;
0.475562;6.09401;
0.475582;6.09408;
0.475602;6.09416;
0.475622;6.09423;
0.475642;6.0943;
0.475662;6.09438;
0.475682;6.09445;
0.475702;6.09453;
0.475722;6.0946;
0.475742;6.09468;
0.475762;6.09476;
0.475782;6.09483;
0.475802;6.09491;
0.475822;6.09499;
0.475842;6.09506;
0.475862;6.09514;
0.475882;6.09522;
0.475902;6.0953;
0.475922;6.09538;
0.475942;6.09545;
0.475962;6.09553;
0.475982;6.09561;
0.475996;6.09563;
0.476;6.09563;
0.476;6.09563;
0.476;6.09563;
0.476001;6.09563;
0.476001;6.09562;
0.476001;6.09562;
0.476001;6.09562;
0.476002;6.09562;
0.476002;6.09562;
0.476003;6.09562;
0.476006;6.09561;
0.476011;6.0956;
0.476021;6.09557;
0.47603;6.09554;
0.476039;6.09552;
0.47605;6.09548;
0.47607;6.09543;
0.47609;6.09537;
0.47611;6.09532;
0.47613;6.09526;
0.47615;6.0952;
0.47617;6.09515;
0.47619;6.0951;
0.47621;6.09504;
0.47623;6.09499;
0.47625;6.09494;
0.47627;6.09488;
0.47629;6.09483;
0.47631;6.09478;
0.47633;6.09473;
0.47635;6.09468;
0.47637;6.09463;
0.47639;6.09458;
0.47641;6.09453;
0.47643;6.09448;
0.47645;6.09443;
0.47647;6.09438;
0.47649;6.09433;
0.47651;6.09428;
0.47653;6.09424;
0.47655;6.09419;
0.47657;6.09414;
0.47659;6.0941;
0.47661;6.09405;
0.47663;6.09401;
0.47665;6.09396;
0.47667;6.09392;
0.47669;6.09387;
0.47671;6.09383;
0.47673;6.09379;
0.47675;6.09375;
0.47677;6.0937;
0.47679;6.09366;
0.47681;6.09362;
0.47683;6.09358;
0.47685;6.09354;
0.47687;6.0935;
0.47689;6.09346;
0.47691;6.09342;
0.47693;6.09338;
0.47695;6.09334;
0.47697;6.0933;
0.47699;6.09326;
0.47701;6.09323;
0.47703;6.09319;
0.47705;6.09315;
0.47707;6.09312;
0.47709;6.09308;
0.47711;6.09304;
0.47713;6.09301;
0.47715;6.09297;
0.47717;6.09294;
0.47719;6.09291;
0.47721;6.09287;
0.47723;6.09284;
0.47725;6.09281;
0.47727;6.09278;
0.47729;6.09274;
0.47731;6.09271;
0.47733;6.09268;
0.47735;6.09265;
0.47737;6.09262;
0.47739;6.09259;
0.47741;6.09256;
0.47743;6.09253;
0.47745;6.0925;
0.47747;6.09247;
0.47749;6.09245;
0.47751;6.09242;
0.47753;6.09239;
0.47755;6.09236;
0.47757;6.09234;
0.47759;6.09231;
0.47761;6.09229;
0.47763;6.09226;
0.47765;6.09224;
0.47767;6.09221;
0.47769;6.09219;
0.47771;6.09217;
0.47773;6.09214;
0.47775;6.09212;
0.47777;6.0921;
0.47779;6.09207;
0.47781;6.09205;
0.47783;6.09203;
0.47785;6.09201;
0.47787;6.09199;
0.47789;6.09197;
0.47791;6.09195;
0.47793;6.09193;
0.47795;6.09191;
0.47797;6.09189;
0.47799;6.09188;
0.478001;6.09187;
0.478001;6.09187;
0.478001;6.09187;
0.478002;6.09187;
0.478002;6.09187;
0.478002;6.09187;
0.478002;6.09187;
0.478003;6.09187;
0.478003;6.09186;
0.478004;6.09186;
0.478007;6.09186;
0.478012;6.09186;
0.478022;6.09185;
0.478042;6.09183;
0.478062;6.09181;
0.478082;6.0918;
0.478102;6.09178;
0.478122;6.09177;
0.478142;6.09175;
0.478162;6.09174;
0.478182;6.09172;
0.478202;6.09171;
0.478222;6.0917;
0.478242;6.09168;
0.478262;6.09167;
0.478282;6.09166;
0.478302;6.09164;
0.478322;6.09163;
0.478342;6.09162;
0.478362;6.09161;
0.478382;6.0916;
0.478402;6.09159;
0.478422;6.09158;
0.478442;6.09157;
0.478462;6.09156;
0.478482;6.09155;
0.478502;6.09155;
0.478522;6.09154;
0.478542;6.09153;
0.478562;6.09152;
0.478582;6.09152;
0.478602;6.09151;
0.478622;6.09151;
0.478642;6.0915;
0.478662;6.09149;
0.478682;6.09149;
0.478702;6.09149;
0.478722;6.09148;
0.478742;6.09148;
0.478762;6.09147;
0.478782;6.09147;
0.478802;6.09147;
0.478822;6.09147;
0.478842;6.09147;
0.478862;6.09146;
0.478882;6.09146;
0.478902;6.09146;
0.478922;6.09146;
0.478942;6.09146;
0.478962;6.09146;
0.478982;6.09147;
0.479002;6.09147;
0.479022;6.09147;
0.479042;6.09147;
0.479062;6.09147;
0.479082;6.09148;
0.479102;6.09148;
0.479122;6.09148;
0.479142;6.09149;
0.479162;6.09149;
0.479182;6.0915;
0.479202;6.0915;
0.479222;6.09151;
0.479242;6.09151;
0.479262;6.09152;
0.479282;6.09153;
0.479302;6.09153;
0.479322;6.09154;
0.479342;6.09155;
0.479362;6.09156;
0.479382;6.09156;
0.479402;6.09157;
0.479422;6.09158;
0.479442;6.09159;
0.479462;6.0916;
0.479482;6.09161;
0.479502;6.09162;
0.479522;6.09164;
0.479542;6.09165;
0.479562;6.09166;
0.479582;6.09167;
0.479602;6.09168;
0.479622;6.0917;
0.479642;6.09171;
0.479662;6.09172;
0.479682;6.09174;
0.479702;6.09175;
0.479722;6.09177;
0.479742;6.09178;
0.479762;6.0918;
0.479782;6.09181;
0.479802;6.09183;
0.479822;6.09185;
0.479842;6.09186;
0.479862;6.09188;
0.479882;6.0919;
0.479902;6.09192;
0.479922;6.09194;
0.479942;6.09196;
0.479962;6.09198;
0.479982;6.09199;
0.48;6.09201;
0.48;6.09201;
0.48;6.09201;
0.480001;6.09201;
0.480001;6.09201;
0.480001;6.09201;
0.480001;6.09201;
0.480002;6.09201;
0.480002;6.09201;
0.480003;6.09202;
0.480006;6.09202;
0.480011;6.09202;
0.480021;6.09203;
0.480041;6.09206;
0.480061;6.09208;
0.480081;6.0921;
0.480101;6.09212;
0.480121;6.09214;
0.480141;6.09216;
0.480161;6.09219;
0.480181;6.09221;
0.480201;6.09223;
0.480221;6.09226;
0.480241;6.09228;
0.480261;6.09231;
0.480281;6.09233;
0.480301;6.09236;
0.480321;6.09238;
0.480341;6.09241;
0.480361;6.09244;
0.480381;6.09246;
0.480401;6.09249;
0.480421;6.09252;
0.480441;6.09255;
0.480461;6.09258;
0.480481;6.0926;
0.480501;6.09263;
0.480521;6.09266;
0.480541;6.09269;
0.480561;6.09272;
0.480581;6.09275;
0.480601;6.09279;
0.480621;6.09282;
0.480641;6.09285;
0.480661;6.09288;
0.480681;6.09291;
0.480701;6.09295;
0.480721;6.09298;
0.480741;6.09301;
0.480761;6.09305;
0.480781;6.09308;
0.480801;6.09311;
0.480821;6.09315;
0.480841;6.09318;
0.480861;6.09322;
0.480881;6.09326;
0.480901;6.09329;
0.480921;6.09333;
0.480941;6.09337;
0.480961;6.0934;
0.480981;6.09344;
0.481001;6.09348;
0.481021;6.09352;
0.481041;6.09356;
0.481061;6.0936;
0.481081;6.09364;
0.481101;6.09368;
0.481121;6.09372;
0.481141;6.09376;
0.481161;6.0938;
0.481181;6.09384;
0.481201;6.09388;
0.481221;6.09392;
0.481241;6.09397;
0.481261;6.09401;
0.481281;6.09405;
0.481301;6.0941;
0.481321;6.09414;
0.481341;6.09418;
0.481361;6.09423;
0.481381;6.09427;
0.481401;6.09432;
0.481421;6.09436;
0.481441;6.09441;
0.481461;6.09446;
0.481481;6.0945;
0.481501;6.09455;
0.481521;6.0946;
0.481541;6.09464;
0.481561;6.09469;
0.481581;6.09474;
0.481601;6.09479;
0.481621;6.09484;
0.481641;6.09489;
0.481661;6.09494;
0.481681;6.09499;
0.481701;6.09504;
0.481721;6.09509;
0.481741;6.09514;
0.481761;6.09519;
0.481781;6.09524;
0.481801;6.0953;
0.481821;6.09535;
0.481841;6.0954;
0.481861;6.09546;
0.481881;6.09551;
0.481901;6.09556;
0.481921;6.09562;
0.481941;6.09567;
0.481961;6.09573;
0.481981;6.09578;
0.482001;6.09584;
0.482001;6.09584;
0.482001;6.09584;
0.482002;6.09584;
0.482002;6.09584;
0.482002;6.09584;
0.482002;6.09584;
0.482003;6.09584;
0.482003;6.09584;
0.482004;6.09585;
0.482007;6.09585;
0.482012;6.09587;
0.482022;6.0959;
0.482042;6.09595;
0.482062;6.09601;
0.482082;6.09607;
0.482102;6.09612;
0.482122;6.09618;
0.482142;6.09624;
0.482162;6.0963;
0.482182;6.09636;
0.482202;6.09642;
0.482222;6.09648;
0.482242;6.09654;
0.482262;6.0966;
0.482282;6.09666;
0.482302;6.09672;
0.482322;6.09678;
0.482342;6.09684;
0.482362;6.0969;
0.482382;6.09697;
0.482402;6.09703;
0.482422;6.09709;
0.482442;6.09715;
0.482462;6.09722;
0.482482;6.09728;
0.482502;6.09735;
0.482522;6.09741;
0.482542;6.09748;
0.482562;6.09754;
0.482582;6.09761;
0.482602;6.09767;
0.482622;6.09774;
0.482642;6.09781;
0.482662;6.09787;
0.482682;6.09794;
0.482702;6.09801;
0.482722;6.09808;
0.482742;6.09814;
0.482762;6.09821;
0.482782;6.09828;
0.482802;6.09835;
0.482822;6.09842;
0.482842;6.09849;
0.482862;6.09856;
0.482882;6.09863;
0.482902;6.0987;
0.482922;6.09878;
0.482942;6.09885;
0.482962;6.09892;
0.482982;6.09899;
0.483002;6.09906;
0.483022;6.09914;
0.483042;6.09921;
0.483062;6.09928;
0.483082;6.09936;
0.483102;6.09943;
0.483122;6.09951;
0.483142;6.09958;
0.483162;6.09966;
0.483182;6.09973;
0.483202;6.09981;
0.483222;6.09989;
0.483242;6.09996;
0.483262;6.10004;
0.483282;6.10012;
0.483302;6.1002;
0.483322;6.10027;
0.483342;6.10035;
0.483362;6.10043;
0.483382;6.10051;
0.483402;6.10059;
0.483422;6.10067;
0.483442;6.10075;
0.483462;6.10083;
0.483482;6.10091;
0.483502;6.10099;
0.483522;6.10107;
0.483542;6.10116;
0.483562;6.10124;
0.483582;6.10132;
0.483602;6.1014;
0.483622;6.10149;
0.483642;6.10157;
0.483662;6.10165;
0.483682;6.10174;
0.483702;6.10182;
0.483722;6.10191;
0.483742;6.10199;
0.483762;6.10208;
0.483782;6.10216;
0.483802;6.10225;
0.483822;6.10233;
0.483842;6.10242;
0.483862;6.10251;
0.483882;6.1026;
0.483902;6.10268;
0.483922;6.10277;
0.483942;6.10286;
0.483962;6.10295;
0.483979;6.103;
0.483991;6.10301;
0.484;6.103;
0.484;6.103;
0.484;6.103;
0.484001;6.103;
0.484001;6.103;
0.484001;6.103;
0.484001;6.103;
0.484002;6.103;
0.484002;6.103;
0.484003;6.10299;
0.484006;6.10299;
0.484011;6.10299;
0.484021;6.10298;
0.484039;6.10296;
0.484055;6.10295;
0.484072;6.10293;
0.484089;6.10292;
0.484109;6.1029;
0.484129;6.10289;
0.484149;6.10287;
0.484169;6.10285;
0.484189;6.10284;
0.484209;6.10282;
0.484229;6.10281;
0.484249;6.1028;
0.484269;6.10278;
0.484289;6.10277;
0.484309;6.10276;
0.484329;6.10274;
0.484349;6.10273;
0.484369;6.10272;
0.484389;6.10271;
0.484409;6.1027;
0.484429;6.10269;
0.484449;6.10268;
0.484469;6.10267;
0.484489;6.10266;
0.484509;6.10265;
0.484529;6.10264;
0.484549;6.10263;
0.484569;6.10263;
0.484589;6.10262;
0.484609;6.10261;
0.484629;6.1026;
0.484649;6.1026;
0.484669;6.10259;
0.484689;6.10259;
0.484709;6.10258;
0.484729;6.10258;
0.484749;6.10257;
0.484769;6.10257;
0.484789;6.10256;
0.484809;6.10256;
0.484829;6.10256;
0.484849;6.10256;
0.484869;6.10255;
0.484889;6.10255;
0.484909;6.10255;
0.484929;6.10255;
0.484949;6.10255;
0.484969;6.10255;
0.484989;6.10255;
0.485009;6.10255;
0.485029;6.10255;
0.485049;6.10255;
0.485069;6.10255;
0.485089;6.10256;
0.485109;6.10256;
0.485129;6.10256;
0.485149;6.10257;
0.485169;6.10257;
0.485189;6.10257;
0.485209;6.10258;
0.485229;6.10258;
0.485249;6.10259;
0.485269;6.10259;
0.485289;6.1026;
0.485309;6.1026;
0.485329;6.10261;
0.485349;6.10262;
0.485369;6.10263;
0.485389;6.10263;
0.485409;6.10264;
0.485429;6.10265;
0.485449;6.10266;
0.485469;6.10267;
0.485489;6.10268;
0.485509;6.10269;
0.485529;6.1027;
0.485549;6.10271;
0.485569;6.10272;
0.485589;6.10273;
0.485609;6.10274;
0.485629;6.10276;
0.485649;6.10277;
0.485669;6.10278;
0.485689;6.10279;
0.485709;6.10281;
0.485729;6.10282;
0.485749;6.10284;
0.485769;6.10285;
0.485789;6.10287;
0.485809;6.10288;
0.485829;6.1029;
0.485849;6.10291;
0.485869;6.10293;
0.485889;6.10295;
0.485909;6.10297;
0.485929;6.10298;
0.485949;6.103;
0.485969;6.10302;
0.485989;6.10304;
0.486001;6.10305;
0.486001;6.10305;
0.486001;6.10305;
0.486002;6.10305;
0.486002;6.10305;
0.486002;6.10305;
0.486002;6.10305;
0.486003;6.10305;
0.486003;6.10305;
0.486004;6.10305;
0.486007;6.10306;
0.486012;6.10306;
0.486022;6.10307;
0.486042;6.10309;
0.486062;6.10311;
0.486082;6.10313;
0.486102;6.10315;
0.486122;6.10317;
0.486142;6.1032;
0.486162;6.10322;
0.486182;6.10324;
0.486202;6.10326;
0.486222;6.10329;
0.486242;6.10331;
0.486262;6.10333;
0.486282;6.10336;
0.486302;6.10338;
0.486322;6.10341;
0.486342;6.10343;
0.486362;6.10346;
0.486382;6.10348;
0.486402;6.10351;
0.486422;6.10354;
0.486442;6.10356;
0.486462;6.10359;
0.486482;6.10362;
0.486502;6.10365;
0.486522;6.10368;
0.486542;6.10371;
0.486562;6.10374;
0.486582;6.10376;
0.486602;6.10379;
0.486622;6.10383;
0.486642;6.10386;
0.486662;6.10389;
0.486682;6.10392;
0.486702;6.10395;
0.486722;6.10398;
0.486742;6.10402;
0.486762;6.10405;
0.486782;6.10408;
0.486802;6.10412;
0.486822;6.10415;
0.486842;6.10418;
0.486862;6.10422;
0.486882;6.10425;
0.486902;6.10429;
0.486922;6.10432;
0.486942;6.10436;
0.486962;6.1044;
0.486982;6.10443;
0.487002;6.10447;
0.487022;6.10451;
0.487042;6.10455;
0.487062;6.10458;
0.487082;6.10462;
0.487102;6.10466;
0.487122;6.1047;
0.487142;6.10474;
0.487162;6.10478;
0.487182;6.10482;
0.487202;6.10486;
0.487222;6.1049;
0.487242;6.10495;
0.487262;6.10499;
0.487282;6.10503;
0.487302;6.10507;
0.487322;6.10511;
0.487342;6.10516;
0.487362;6.1052;
0.487382;6.10525;
0.487402;6.10529;
0.487422;6.10533;
0.487442;6.10538;
0.487462;6.10542;
0.487482;6.10547;
0.487502;6.10552;
0.487522;6.10556;
0.487542;6.10561;
0.487562;6.10566;
0.487582;6.1057;
0.487602;6.10575;
0.487622;6.1058;
0.487642;6.10585;
0.487662;6.1059;
0.487682;6.10595;
0.487702;6.106;
0.487722;6.10605;
0.487742;6.1061;
0.487762;6.10615;
0.487782;6.1062;
0.487802;6.10625;
0.487822;6.1063;
0.487842;6.10635;
0.487862;6.10641;
0.487882;6.10646;
0.487902;6.10651;
0.487922;6.10656;
0.487942;6.10662;
0.487962;6.10667;
0.487982;6.10673;
0.488;6.10677;
0.488;6.10678;
0.488;6.10678;
0.488001;6.10678;
0.488001;6.10678;
0.488001;6.10678;
0.488001;6.10678;
0.488002;6.10678;
0.488002;6.10678;
0.488003;6.10678;
0.488006;6.10679;
0.48801;6.1068;
0.488012;6.10681;
0.488014;6.10681;
0.488017;6.10681;
0.48802;6.10681;
0.488024;6.10681;
0.488027;6.1068;
0.488034;6.1068;
0.488049;6.10679;
0.48806;6.10679;
0.488074;6.10678;
0.488091;6.10677;
0.488108;6.10677;
0.488128;6.10676;
0.488148;6.10675;
0.488168;6.10674;
0.488188;6.10673;
0.488208;6.10673;
0.488228;6.10672;
0.488248;6.10672;
0.488268;6.10671;
0.488288;6.1067;
0.488308;6.1067;
0.488328;6.10669;
0.488348;6.10669;
0.488368;6.10669;
0.488388;6.10668;
0.488408;6.10668;
0.488428;6.10668;
0.488448;6.10668;
0.488468;6.10667;
0.488488;6.10667;
0.488508;6.10667;
0.488528;6.10667;
0.488548;6.10667;
0.488568;6.10667;
0.488588;6.10667;
0.488608;6.10667;
0.488628;6.10667;
0.488648;6.10667;
0.488668;6.10668;
0.488688;6.10668;
0.488708;6.10668;
0.488728;6.10668;
0.488748;6.10669;
0.488768;6.10669;
0.488788;6.10669;
0.488808;6.1067;
0.488828;6.1067;
0.488848;6.10671;
0.488868;6.10672;
0.488888;6.10672;
0.488908;6.10673;
0.488928;6.10673;
0.488948;6.10674;
0.488968;6.10675;
0.488988;6.10676;
0.489008;6.10677;
0.489028;6.10677;
0.489048;6.10678;
0.489068;6.10679;
0.489088;6.1068;
0.489108;6.10681;
0.489128;6.10682;
0.489148;6.10683;
0.489168;6.10684;
0.489188;6.10686;
0.489208;6.10687;
0.489228;6.10688;
0.489248;6.10689;
0.489268;6.10691;
0.489288;6.10692;
0.489308;6.10693;
0.489328;6.10695;
0.489348;6.10696;
0.489368;6.10698;
0.489388;6.10699;
0.489408;6.10701;
0.489428;6.10702;
0.489448;6.10704;
0.489468;6.10706;
0.489488;6.10708;
0.489508;6.10709;
0.489528;6.10711;
0.489548;6.10713;
0.489568;6.10715;
0.489588;6.10717;
0.489608;6.10719;
0.489628;6.10721;
0.489648;6.10723;
0.489668;6.10725;
0.489688;6.10727;
0.489708;6.10729;
0.489728;6.10731;
0.489748;6.10733;
0.489768;6.10735;
0.489788;6.10738;
0.489808;6.1074;
0.489828;6.10742;
0.489848;6.10745;
0.489868;6.10747;
0.489888;6.1075;
0.489908;6.10752;
0.489928;6.10755;
0.489948;6.10757;
0.489968;6.1076;
0.489988;6.10762;
0.490001;6.10764;
0.490001;6.10764;
0.490001;6.10764;
0.490002;6.10764;
0.490002;6.10764;
0.490002;6.10764;
0.490002;6.10764;
0.490003;6.10764;
0.490003;6.10764;
0.490004;6.10765;
0.490007;6.10765;
0.490012;6.10766;
0.490022;6.10767;
0.490042;6.1077;
0.490062;6.10772;
0.490082;6.10775;
0.490102;6.10778;
0.490122;6.10781;
0.490142;6.10784;
0.490162;6.10787;
0.490182;6.1079;
0.490202;6.10793;
0.490222;6.10796;
0.490242;6.10799;
0.490262;6.10802;
0.490282;6.10805;
0.490302;6.10808;
0.490322;6.10812;
0.490342;6.10815;
0.490362;6.10818;
0.490382;6.10822;
0.490402;6.10825;
0.490422;6.10828;
0.490442;6.10832;
0.490462;6.10835;
0.490482;6.10839;
0.490502;6.10842;
0.490522;6.10846;
0.490542;6.1085;
0.490562;6.10853;
0.490582;6.10857;
0.490602;6.10861;
0.490622;6.10864;
0.490642;6.10868;
0.490662;6.10872;
0.490682;6.10876;
0.490702;6.1088;
0.490722;6.10884;
0.490742;6.10888;
0.490762;6.10892;
0.490782;6.10896;
0.490802;6.109;
0.490822;6.10904;
0.490842;6.10908;
0.490862;6.10913;
0.490882;6.10917;
0.490902;6.10921;
0.490922;6.10925;
0.490942;6.1093;
0.490962;6.10934;
0.490982;6.10938;
0.491002;6.10943;
0.491022;6.10947;
0.491042;6.10952;
0.491062;6.10956;
0.491082;6.10961;
0.491102;6.10966;
0.491122;6.1097;
0.491142;6.10975;
0.491162;6.1098;
0.491182;6.10984;
0.491202;6.10989;
0.491222;6.10994;
0.491242;6.10999;
0.491262;6.11004;
0.491282;6.11009;
0.491302;6.11014;
0.491322;6.11019;
0.491342;6.11024;
0.491362;6.11029;
0.491382;6.11034;
0.491402;6.11039;
0.491422;6.11044;
0.491442;6.11049;
0.491462;6.11055;
0.491482;6.1106;
0.491502;6.11065;
0.491522;6.11071;
0.491542;6.11076;
0.491562;6.11081;
0.491582;6.11087;
0.491602;6.11092;
0.491622;6.11098;
0.491642;6.11103;
0.491662;6.11109;
0.491682;6.11115;
0.491702;6.1112;
0.491722;6.11126;
0.491742;6.11132;
0.491762;6.11138;
0.491782;6.11143;
0.491802;6.11149;
0.491822;6.11155;
0.491842;6.11161;
0.491862;6.11167;
0.491882;6.11173;
0.491902;6.11179;
0.491922;6.11185;
0.491942;6.11191;
0.491962;6.11197;
0.491982;6.11203;
0.492;6.11208;
0.492;6.11208;
0.492;6.11208;
0.492001;6.11208;
0.492001;6.11208;
0.492001;6.11208;
0.492001;6.11209;
0.492002;6.11209;
0.492002;6.11209;
0.492003;6.11209;
0.492006;6.11209;
0.492009;6.11209;
0.492011;6.11208;
0.492014;6.11208;
0.492018;6.11207;
0.492027;6.11206;
0.492042;6.11203;
0.492058;6.11201;
0.492074;6.11198;
0.492088;6.11196;
0.492108;6.11193;
0.492128;6.1119;
0.492148;6.11187;
0.492168;6.11184;
0.492188;6.11181;
0.492208;6.11178;
0.492228;6.11175;
0.492248;6.11172;
0.492268;6.11169;
0.492288;6.11166;
0.492308;6.11164;
0.492328;6.11161;
0.492348;6.11158;
0.492368;6.11156;
0.492388;6.11153;
0.492408;6.1115;
0.492428;6.11148;
0.492448;6.11145;
0.492468;6.11143;
0.492488;6.11141;
0.492508;6.11138;
0.492528;6.11136;
0.492548;6.11134;
0.492568;6.11131;
0.492588;6.11129;
0.492608;6.11127;
0.492628;6.11125;
0.492648;6.11123;
0.492668;6.11121;
0.492688;6.11119;
0.492708;6.11117;
0.492728;6.11115;
0.492748;6.11113;
0.492768;6.11111;
0.492788;6.1111;
0.492808;6.11108;
0.492828;6.11106;
0.492848;6.11104;
0.492868;6.11103;
0.492888;6.11101;
0.492908;6.111;
0.492928;6.11098;
0.492948;6.11097;
0.492968;6.11095;
0.492988;6.11094;
0.493008;6.11092;
0.493028;6.11091;
0.493048;6.1109;
0.493068;6.11088;
0.493088;6.11087;
0.493108;6.11086;
0.493128;6.11085;
0.493148;6.11084;
0.493168;6.11083;
0.493188;6.11082;
0.493208;6.11081;
0.493228;6.1108;
0.493248;6.11079;
0.493268;6.11078;
0.493288;6.11077;
0.493308;6.11076;
0.493328;6.11076;
0.493348;6.11075;
0.493368;6.11074;
0.493388;6.11074;
0.493408;6.11073;
0.493428;6.11072;
0.493448;6.11072;
0.493468;6.11071;
0.493488;6.11071;
0.493508;6.1107;
0.493528;6.1107;
0.493548;6.1107;
0.493568;6.11069;
0.493588;6.11069;
0.493608;6.11069;
0.493628;6.11069;
0.493648;6.11069;
0.493668;6.11068;
0.493688;6.11068;
0.493708;6.11068;
0.493728;6.11068;
0.493748;6.11068;
0.493768;6.11069;
0.493788;6.11069;
0.493808;6.11069;
0.493828;6.11069;
0.493848;6.11069;
0.493868;6.11069;
0.493888;6.1107;
0.493908;6.1107;
0.493928;6.1107;
0.493948;6.11071;
0.493968;6.11071;
0.493988;6.11072;
0.494001;6.11072;
0.494001;6.11072;
0.494001;6.11072;
0.494002;6.11072;
0.494002;6.11072;
0.494002;6.11072;
0.494002;6.11072;
0.494003;6.11072;
0.494003;6.11072;
0.494004;6.11072;
0.494007;6.11072;
0.494012;6.11072;
0.494022;6.11073;
0.494042;6.11073;
0.494062;6.11074;
0.494082;6.11075;
0.494102;6.11075;
0.494122;6.11076;
0.494142;6.11077;
0.494162;6.11078;
0.494182;6.11079;
0.494202;6.11079;
0.494222;6.1108;
0.494242;6.11081;
0.494262;6.11082;
0.494282;6.11083;
0.494302;6.11084;
0.494322;6.11086;
0.494342;6.11087;
0.494362;6.11088;
0.494382;6.11089;
0.494402;6.1109;
0.494422;6.11092;
0.494442;6.11093;
0.494462;6.11094;
0.494482;6.11096;
0.494502;6.11097;
0.494522;6.11099;
0.494542;6.111;
0.494562;6.11102;
0.494582;6.11103;
0.494602;6.11105;
0.494622;6.11107;
0.494642;6.11108;
0.494662;6.1111;
0.494682;6.11112;
0.494702;6.11114;
0.494722;6.11116;
0.494742;6.11118;
0.494762;6.1112;
0.494782;6.11121;
0.494802;6.11123;
0.494822;6.11126;
0.494842;6.11128;
0.494862;6.1113;
0.494882;6.11132;
0.494902;6.11134;
0.494922;6.11136;
0.494942;6.11139;
0.494962;6.11141;
0.494982;6.11143;
0.495002;6.11146;
0.495022;6.11148;
0.495042;6.1115;
0.495062;6.11153;
0.495082;6.11155;
0.495102;6.11158;
0.495122;6.1116;
0.495142;6.11163;
0.495162;6.11166;
0.495182;6.11168;
0.495202;6.11171;
0.495222;6.11174;
0.495242;6.11177;
0.495262;6.1118;
0.495282;6.11182;
0.495302;6.11185;
0.495322;6.11188;
0.495342;6.11191;
0.495362;6.11194;
0.495382;6.11197;
0.495402;6.112;
0.495422;6.11204;
0.495442;6.11207;
0.495462;6.1121;
0.495482;6.11213;
0.495502;6.11216;
0.495522;6.1122;
0.495542;6.11223;
0.495562;6.11226;
0.495582;6.1123;
0.495602;6.11233;
0.495622;6.11237;
0.495642;6.1124;
0.495662;6.11244;
0.495682;6.11247;
0.495702;6.11251;
0.495722;6.11255;
0.495742;6.11258;
0.495762;6.11262;
0.495782;6.11266;
0.495802;6.1127;
0.495822;6.11274;
0.495842;6.11277;
0.495862;6.11281;
0.495882;6.11285;
0.495902;6.11289;
0.495922;6.11293;
0.495942;6.11297;
0.495962;6.11301;
0.495982;6.11306;
0.496;6.11309;
0.496;6.11309;
0.496;6.11309;
0.496001;6.11309;
0.496001;6.11309;
0.496001;6.11309;
0.496001;6.1131;
0.496002;6.1131;
0.496002;6.1131;
0.496003;6.1131;
0.496006;6.11311;
0.496011;6.11312;
0.496021;6.11314;
0.496038;6.11317;
0.496056;6.11321;
0.496076;6.11325;
0.496096;6.1133;
0.496112;6.11333;
0.496129;6.11337;
0.496147;6.11341;
0.496167;6.11345;
0.496187;6.1135;
0.496207;6.11354;
0.496227;6.11359;
0.496247;6.11363;
0.496267;6.11368;
0.496287;6.11373;
0.496307;6.11377;
0.496327;6.11382;
0.496347;6.11387;
0.496367;6.11392;
0.496387;6.11397;
0.496407;6.11401;
0.496427;6.11406;
0.496447;6.11411;
0.496467;6.11416;
0.496487;6.11421;
0.496507;6.11426;
0.496527;6.11431;
0.496547;6.11436;
0.496567;6.11442;
0.496587;6.11447;
0.496607;6.11452;
0.496627;6.11457;
0.496647;6.11463;
0.496667;6.11468;
0.496687;6.11473;
0.496707;6.11479;
0.496727;6.11484;
0.496747;6.1149;
0.496767;6.11495;
0.496787;6.11501;
0.496807;6.11506;
0.496827;6.11512;
0.496847;6.11517;
0.496867;6.11523;
0.496887;6.11529;
0.496907;6.11534;
0.496927;6.1154;
0.496947;6.11546;
0.496967;6.11552;
0.496987;6.11558;
0.497007;6.11564;
0.497027;6.1157;
0.497047;6.11576;
0.497067;6.11582;
0.497087;6.11588;
0.497107;6.11594;
0.497127;6.116;
0.497147;6.11606;
0.497167;6.11612;
0.497187;6.11618;
0.497207;6.11625;
0.497227;6.11631;
0.497247;6.11637;
0.497267;6.11643;
0.497287;6.1165;
0.497307;6.11656;
0.497327;6.11663;
0.497347;6.11669;
0.497367;6.11676;
0.497387;6.11682;
0.497407;6.11689;
0.497427;6.11696;
0.497447;6.11702;
0.497467;6.11709;
0.497487;6.11716;
0.497507;6.11722;
0.497527;6.11729;
0.497547;6.11736;
0.497567;6.11743;
0.497587;6.1175;
0.497607;6.11757;
0.497627;6.11764;
0.497647;6.11771;
0.497667;6.11778;
0.497687;6.11785;
0.497707;6.11792;
0.497727;6.11799;
0.497747;6.11806;
0.497767;6.11813;
0.497787;6.1182;
0.497807;6.11828;
0.497827;6.11835;
0.497847;6.11842;
0.497867;6.1185;
0.497887;6.11857;
0.497907;6.11864;
0.497927;6.11872;
0.497947;6.11879;
0.497967;6.11887;
0.497987;6.11895;
0.498001;6.119;
0.498001;6.119;
0.498001;6.119;
0.498002;6.119;
0.498002;6.119;
0.498002;6.119;
0.498002;6.119;
0.498003;6.119;
0.498003;6.11901;
0.498004;6.11901;
0.498007;6.11902;
0.498012;6.11904;
0.498022;6.11908;
0.498042;6.11916;
0.498062;6.11923;
0.498082;6.11931;
0.498102;6.11939;
0.498122;6.11947;
0.498142;6.11954;
0.498162;6.11962;
0.498182;6.1197;
0.498202;6.11978;
0.498222;6.11986;
0.498242;6.11994;
0.498262;6.12002;
0.498282;6.1201;
0.498302;6.12018;
0.498322;6.12026;
0.498342;6.12034;
0.498362;6.12043;
0.498382;6.12051;
0.498402;6.12059;
0.498422;6.12067;
0.498442;6.12076;
0.498462;6.12084;
0.498482;6.12092;
0.498502;6.12101;
0.498522;6.12109;
0.498542;6.12118;
0.498562;6.12126;
0.498582;6.12135;
0.498602;6.12143;
0.498622;6.12152;
0.498642;6.1216;
0.498662;6.12169;
0.498682;6.12178;
0.498702;6.12187;
0.498722;6.12195;
0.498742;6.12204;
0.498762;6.12213;
0.498782;6.12222;
0.498802;6.12231;
0.498822;6.1224;
0.498842;6.12249;
0.498862;6.12258;
0.498882;6.12267;
0.498902;6.12276;
0.498922;6.12285;
0.498942;6.12294;
0.498962;6.12303;
0.498982;6.12312;
0.499002;6.12321;
0.499022;6.12331;
0.499042;6.1234;
0.499062;6.12349;
0.499082;6.12359;
0.499102;6.12368;
0.499122;6.12377;
0.499142;6.12387;
0.499162;6.12396;
0.499182;6.12406;
0.499202;6.12415;
0.499222;6.12425;
0.499242;6.12435;
0.499262;6.12444;
0.499282;6.12454;
0.499302;6.12464;
0.499322;6.12473;
0.499342;6.12483;
0.499362;6.12493;
0.499382;6.12503;
0.499402;6.12513;
0.499422;6.12522;
0.499442;6.12532;
0.499462;6.12542;
0.499482;6.12552;
0.499502;6.12562;
0.499522;6.12572;
0.499542;6.12582;
0.499562;6.12593;
0.499582;6.12603;
0.499602;6.12613;
0.499622;6.12623;
0.499642;6.12633;
0.499662;6.12644;
0.499682;6.12654;
0.499702;6.12664;
0.499722;6.12675;
0.499742;6.12685;
0.499762;6.12695;
0.499782;6.12706;
0.499802;6.12716;
0.499822;6.12727;
0.499842;6.12738;
0.499862;6.12748;
0.499882;6.12759;
0.499902;6.12769;
0.499922;6.1278;
0.499942;6.12791;
0.499956;6.12795;
0.499969;6.12793;
0.499978;6.12789;
0.499985;6.12786;
0.499993;6.12783;
0.5;6.12779;
