time;V(Net-_C3-Pad1_);
0;-5.98317;
1e-08;-5.98317;
2e-08;-5.98317;
4e-08;-5.98317;
8e-08;-5.98317;
1.6e-07;-5.98317;
3.2e-07;-5.98317;
6.4e-07;-5.98317;
1e-06;-5.98317;
1.064e-06;-5.98317;
1.192e-06;-5.98317;
1.448e-06;-5.98317;
1.96e-06;-5.98317;
2.984e-06;-5.98317;
5.032e-06;-5.98317;
9.128e-06;-5.98317;
1.732e-05;-5.98317;
3.3704e-05;-5.98317;
5.3704e-05;-5.98317;
7.3704e-05;-5.98317;
9.3704e-05;-5.98317;
0.000113704;-5.98317;
0.000133704;-5.98317;
0.000153704;-5.98317;
0.000173704;-5.98317;
0.000193704;-5.98317;
0.000213704;-5.98317;
0.000233704;-5.98317;
0.000253704;-5.98317;
0.000273704;-5.98317;
0.000293704;-5.98317;
0.000313704;-5.98317;
0.000333704;-5.98317;
0.000353704;-5.98317;
0.000373704;-5.98317;
0.000393704;-5.98317;
0.000413704;-5.98317;
0.000433704;-5.98317;
0.000453704;-5.98317;
0.000473704;-5.98317;
0.000493704;-5.98317;
0.000513704;-5.98317;
0.000533704;-5.98317;
0.000553704;-5.98317;
0.000573704;-5.98317;
0.000593704;-5.98316;
0.000610704;-5.98316;
0.000627962;-5.98315;
0.000644363;-5.98315;
0.000664363;-5.98314;
0.000684363;-5.98313;
0.000704363;-5.98312;
0.000724363;-5.9831;
0.000744363;-5.98309;
0.000764363;-5.98307;
0.000784363;-5.98306;
0.000804363;-5.98304;
0.000824363;-5.98302;
0.000844363;-5.983;
0.000864363;-5.98298;
0.000884363;-5.98295;
0.000904363;-5.98293;
0.000924363;-5.9829;
0.000944363;-5.98287;
0.000964363;-5.98285;
0.000984363;-5.98282;
0.001001;-5.98279;
0.0010011;-5.98279;
0.0010013;-5.98279;
0.0010017;-5.98279;
0.001002;-5.98279;
0.00100208;-5.98279;
0.00100224;-5.98279;
0.00100256;-5.98279;
0.0010032;-5.98279;
0.00100448;-5.98278;
0.00100704;-5.98278;
0.00101216;-5.98277;
0.0010224;-5.98275;
0.0010424;-5.98272;
0.0010624;-5.98269;
0.0010824;-5.98265;
0.0011024;-5.98261;
0.0011224;-5.98257;
0.0011424;-5.98253;
0.0011624;-5.98249;
0.0011824;-5.98245;
0.0012024;-5.9824;
0.0012224;-5.98236;
0.0012424;-5.98231;
0.0012624;-5.98226;
0.0012824;-5.98221;
0.0013024;-5.98216;
0.0013224;-5.98211;
0.0013424;-5.98205;
0.0013624;-5.982;
0.0013824;-5.98194;
0.0014024;-5.98188;
0.0014224;-5.98182;
0.0014424;-5.98176;
0.0014624;-5.9817;
0.0014824;-5.98164;
0.0015024;-5.98158;
0.0015224;-5.98151;
0.0015424;-5.98144;
0.0015624;-5.98137;
0.0015824;-5.98131;
0.0016024;-5.98123;
0.0016224;-5.98116;
0.0016424;-5.98109;
0.0016624;-5.98101;
0.0016824;-5.98094;
0.0017024;-5.98086;
0.0017224;-5.98078;
0.0017424;-5.9807;
0.0017624;-5.98062;
0.0017824;-5.98054;
0.0018024;-5.98046;
0.0018224;-5.98037;
0.0018424;-5.98028;
0.0018624;-5.9802;
0.0018824;-5.98011;
0.0018966;-5.98005;
0.0019097;-5.98002;
0.00191584;-5.98001;
0.00192103;-5.98;
0.00192582;-5.97999;
0.00193125;-5.97999;
0.00194211;-5.97997;
0.00195934;-5.97996;
0.00197934;-5.97995;
0.00199934;-5.97995;
0.002;-5.97995;
0.0020001;-5.97995;
0.0020003;-5.97995;
0.0020007;-5.97995;
0.002001;-5.97995;
0.00200108;-5.97995;
0.00200124;-5.97995;
0.00200156;-5.97995;
0.0020022;-5.97995;
0.00200348;-5.97995;
0.00200604;-5.97995;
0.00201116;-5.97995;
0.0020214;-5.97994;
0.00203496;-5.97994;
0.00204891;-5.97994;
0.00206213;-5.97994;
0.00208213;-5.97993;
0.00210213;-5.97993;
0.00211637;-5.97992;
0.0021312;-5.97992;
0.0021512;-5.97991;
0.0021712;-5.9799;
0.0021912;-5.97989;
0.0022112;-5.97987;
0.0022312;-5.97986;
0.0022512;-5.97984;
0.0022712;-5.97982;
0.0022912;-5.97981;
0.0023112;-5.97979;
0.0023312;-5.97976;
0.0023512;-5.97974;
0.0023712;-5.97972;
0.0023912;-5.97969;
0.0024112;-5.97967;
0.0024312;-5.97964;
0.0024512;-5.97961;
0.0024712;-5.97958;
0.0024912;-5.97955;
0.0025112;-5.97951;
0.0025312;-5.97948;
0.0025512;-5.97944;
0.0025712;-5.97941;
0.0025912;-5.97937;
0.0026112;-5.97933;
0.0026312;-5.97929;
0.0026512;-5.97925;
0.0026712;-5.9792;
0.0026912;-5.97916;
0.0027112;-5.97911;
0.0027312;-5.97906;
0.0027512;-5.97901;
0.0027712;-5.97896;
0.0027912;-5.97891;
0.0028112;-5.97886;
0.0028312;-5.97881;
0.0028512;-5.97875;
0.0028712;-5.97869;
0.0028912;-5.97863;
0.0029112;-5.97858;
0.0029312;-5.97851;
0.0029512;-5.97845;
0.0029712;-5.97839;
0.0029912;-5.97832;
0.003001;-5.97829;
0.0030011;-5.97829;
0.0030013;-5.97829;
0.0030017;-5.97829;
0.003002;-5.97829;
0.00300208;-5.97829;
0.00300224;-5.97829;
0.00300256;-5.97829;
0.0030032;-5.97828;
0.00300448;-5.97828;
0.00300704;-5.97827;
0.00301216;-5.97825;
0.0030224;-5.97822;
0.0030424;-5.97815;
0.0030624;-5.97808;
0.0030824;-5.97801;
0.0031024;-5.97794;
0.0031224;-5.97787;
0.0031424;-5.97779;
0.0031624;-5.97772;
0.0031824;-5.97764;
0.0032024;-5.97756;
0.0032224;-5.97748;
0.0032424;-5.9774;
0.0032624;-5.97732;
0.0032824;-5.97723;
0.0033024;-5.97715;
0.0033224;-5.97706;
0.0033424;-5.97698;
0.0033624;-5.97689;
0.0033824;-5.9768;
0.0034024;-5.97671;
0.0034224;-5.97661;
0.0034424;-5.97652;
0.0034624;-5.97642;
0.0034824;-5.97633;
0.0035024;-5.97623;
0.0035224;-5.97613;
0.0035424;-5.97603;
0.0035624;-5.97593;
0.0035824;-5.97582;
0.0036024;-5.97572;
0.0036224;-5.97562;
0.0036424;-5.97551;
0.0036624;-5.9754;
0.0036824;-5.97529;
0.0037024;-5.97518;
0.0037224;-5.97507;
0.0037424;-5.97496;
0.0037624;-5.97484;
0.0037824;-5.97472;
0.0038024;-5.97461;
0.0038224;-5.97449;
0.0038424;-5.97437;
0.0038624;-5.97425;
0.0038824;-5.97413;
0.0039024;-5.974;
0.0039224;-5.97388;
0.0039424;-5.97375;
0.0039624;-5.97363;
0.0039824;-5.9735;
0.004;-5.97338;
0.0040001;-5.97338;
0.0040003;-5.97338;
0.0040007;-5.97338;
0.004001;-5.97338;
0.00400108;-5.97338;
0.00400124;-5.97337;
0.00400156;-5.97337;
0.0040022;-5.97337;
0.00400348;-5.97336;
0.00400604;-5.97334;
0.00401116;-5.97331;
0.0040214;-5.97324;
0.0040414;-5.97311;
0.0040614;-5.97298;
0.0040814;-5.97284;
0.0041014;-5.97271;
0.0041214;-5.97257;
0.0041414;-5.97243;
0.0041614;-5.97229;
0.0041814;-5.97215;
0.0042014;-5.97201;
0.0042214;-5.97186;
0.0042414;-5.97172;
0.0042614;-5.97157;
0.0042814;-5.97143;
0.0043014;-5.97128;
0.0043214;-5.97113;
0.0043414;-5.97098;
0.0043614;-5.97082;
0.0043814;-5.97067;
0.0044014;-5.97051;
0.0044214;-5.97036;
0.0044414;-5.9702;
0.0044614;-5.97004;
0.0044814;-5.96988;
0.0045014;-5.96972;
0.0045214;-5.96956;
0.0045414;-5.9694;
0.0045614;-5.96923;
0.0045814;-5.96906;
0.0046014;-5.9689;
0.0046214;-5.96873;
0.0046414;-5.96856;
0.0046614;-5.96839;
0.0046814;-5.96822;
0.0047014;-5.96804;
0.0047214;-5.96787;
0.0047414;-5.96769;
0.0047614;-5.96751;
0.0047814;-5.96734;
0.0048014;-5.96716;
0.0048214;-5.96697;
0.0048414;-5.96679;
0.0048614;-5.96661;
0.0048814;-5.96642;
0.0049014;-5.96624;
0.0049214;-5.96605;
0.0049414;-5.96586;
0.0049614;-5.96567;
0.0049814;-5.96548;
0.005001;-5.96529;
0.0050011;-5.96529;
0.0050013;-5.96529;
0.0050017;-5.96529;
0.005002;-5.96528;
0.00500208;-5.96528;
0.00500224;-5.96528;
0.00500256;-5.96528;
0.0050032;-5.96527;
0.00500448;-5.96526;
0.00500704;-5.96524;
0.00501216;-5.96519;
0.0050224;-5.96509;
0.0050424;-5.96489;
0.0050624;-5.9647;
0.0050824;-5.9645;
0.0051024;-5.9643;
0.0051224;-5.9641;
0.0051424;-5.9639;
0.0051624;-5.9637;
0.0051824;-5.9635;
0.0052024;-5.96329;
0.0052224;-5.96309;
0.0052424;-5.96288;
0.0052624;-5.96267;
0.0052824;-5.96246;
0.0053024;-5.96225;
0.0053224;-5.96204;
0.0053424;-5.96183;
0.0053624;-5.96161;
0.0053824;-5.9614;
0.0054024;-5.96118;
0.0054224;-5.96096;
0.0054424;-5.96074;
0.0054624;-5.96052;
0.0054824;-5.9603;
0.0055024;-5.96008;
0.0055224;-5.95985;
0.0055424;-5.95963;
0.0055624;-5.9594;
0.0055824;-5.95918;
0.0056024;-5.95895;
0.0056224;-5.95872;
0.0056424;-5.95849;
0.0056624;-5.95825;
0.0056824;-5.95802;
0.0057024;-5.95779;
0.0057224;-5.95755;
0.0057424;-5.95731;
0.0057624;-5.95707;
0.0057824;-5.95683;
0.0058024;-5.95659;
0.0058224;-5.95635;
0.0058424;-5.95611;
0.0058624;-5.95586;
0.0058824;-5.95562;
0.0059024;-5.95537;
0.0059224;-5.95512;
0.0059424;-5.95488;
0.0059624;-5.95463;
0.0059824;-5.95437;
0.006;-5.95415;
0.0060001;-5.95415;
0.0060003;-5.95415;
0.0060007;-5.95414;
0.006001;-5.95414;
0.00600108;-5.95414;
0.00600124;-5.95414;
0.00600156;-5.95413;
0.0060022;-5.95412;
0.00600348;-5.95411;
0.00600604;-5.95407;
0.00601116;-5.95401;
0.0060214;-5.95388;
0.0060414;-5.95362;
0.0060614;-5.95337;
0.0060814;-5.95311;
0.0061014;-5.95285;
0.0061214;-5.95259;
0.0061414;-5.95233;
0.0061614;-5.95207;
0.0061814;-5.95181;
0.0062014;-5.95154;
0.0062214;-5.95128;
0.0062414;-5.95101;
0.0062614;-5.95074;
0.0062814;-5.95047;
0.0063014;-5.9502;
0.0063214;-5.94993;
0.0063414;-5.94966;
0.0063614;-5.94938;
0.0063814;-5.94911;
0.0064014;-5.94883;
0.0064214;-5.94855;
0.0064414;-5.94828;
0.0064614;-5.948;
0.0064814;-5.94771;
0.0065014;-5.94743;
0.0065214;-5.94715;
0.0065414;-5.94686;
0.0065614;-5.94658;
0.0065814;-5.94629;
0.0066014;-5.946;
0.0066214;-5.94572;
0.0066414;-5.94542;
0.0066614;-5.94513;
0.0066814;-5.94484;
0.0067014;-5.94455;
0.0067214;-5.94425;
0.0067414;-5.94396;
0.0067614;-5.94366;
0.0067814;-5.94336;
0.0068014;-5.94306;
0.0068214;-5.94276;
0.0068414;-5.94246;
0.0068614;-5.94215;
0.0068814;-5.94185;
0.0069014;-5.94154;
0.0069214;-5.94124;
0.0069414;-5.94093;
0.0069614;-5.94062;
0.0069814;-5.94031;
0.007001;-5.94;
0.0070011;-5.94;
0.0070013;-5.94;
0.0070017;-5.93999;
0.007002;-5.93999;
0.00700208;-5.93999;
0.00700224;-5.93999;
0.00700256;-5.93998;
0.0070032;-5.93997;
0.00700448;-5.93995;
0.00700704;-5.93991;
0.00701216;-5.93983;
0.0070224;-5.93967;
0.0070424;-5.93936;
0.0070624;-5.93904;
0.0070824;-5.93873;
0.0071024;-5.93841;
0.0071224;-5.93809;
0.0071424;-5.93777;
0.0071624;-5.93745;
0.0071824;-5.93713;
0.0072024;-5.93681;
0.0072224;-5.93648;
0.0072424;-5.93616;
0.0072624;-5.93583;
0.0072824;-5.9355;
0.0073024;-5.93517;
0.0073224;-5.93484;
0.0073424;-5.93451;
0.0073624;-5.93418;
0.0073824;-5.93385;
0.0074024;-5.93351;
0.0074224;-5.93318;
0.0074424;-5.93284;
0.0074624;-5.9325;
0.0074824;-5.93217;
0.0075024;-5.93183;
0.0075224;-5.93148;
0.0075424;-5.93114;
0.0075624;-5.9308;
0.0075824;-5.93045;
0.0076024;-5.93011;
0.0076224;-5.92976;
0.0076424;-5.92941;
0.0076624;-5.92906;
0.0076824;-5.92871;
0.0077024;-5.92836;
0.0077224;-5.92801;
0.0077424;-5.92766;
0.0077624;-5.9273;
0.0077824;-5.92695;
0.0078024;-5.92659;
0.0078224;-5.92623;
0.0078424;-5.92587;
0.0078624;-5.92551;
0.0078824;-5.92515;
0.0079024;-5.92479;
0.0079224;-5.92442;
0.0079424;-5.92406;
0.0079624;-5.92369;
0.0079824;-5.92333;
0.008;-5.923;
0.0080001;-5.923;
0.0080003;-5.923;
0.0080007;-5.92299;
0.008001;-5.92298;
0.00800108;-5.92298;
0.00800124;-5.92298;
0.00800156;-5.92297;
0.0080022;-5.92296;
0.00800348;-5.92294;
0.00800604;-5.92289;
0.00801116;-5.9228;
0.0080214;-5.92261;
0.0080414;-5.92224;
0.0080614;-5.92186;
0.0080814;-5.92149;
0.0081014;-5.92112;
0.0081214;-5.92074;
0.0081414;-5.92037;
0.0081614;-5.91999;
0.0081814;-5.91961;
0.0082014;-5.91923;
0.0082214;-5.91885;
0.0082414;-5.91847;
0.0082614;-5.91809;
0.0082814;-5.9177;
0.0083014;-5.91732;
0.0083214;-5.91693;
0.0083414;-5.91655;
0.0083614;-5.91616;
0.0083814;-5.91577;
0.0084014;-5.91538;
0.0084214;-5.91499;
0.0084414;-5.91459;
0.0084614;-5.9142;
0.0084814;-5.9138;
0.0085014;-5.91341;
0.0085214;-5.91301;
0.0085414;-5.91261;
0.0085614;-5.91221;
0.0085814;-5.91181;
0.0086014;-5.91141;
0.0086214;-5.91101;
0.0086414;-5.91061;
0.0086614;-5.9102;
0.0086814;-5.9098;
0.0087014;-5.90939;
0.0087214;-5.90898;
0.0087414;-5.90857;
0.0087614;-5.90816;
0.0087814;-5.90775;
0.0088014;-5.90734;
0.0088214;-5.90692;
0.0088414;-5.90651;
0.0088614;-5.90609;
0.0088814;-5.90568;
0.0089014;-5.90526;
0.0089214;-5.90484;
0.0089414;-5.90442;
0.0089614;-5.904;
0.0089814;-5.90358;
0.009001;-5.90316;
0.0090011;-5.90316;
0.0090013;-5.90316;
0.0090017;-5.90315;
0.009002;-5.90314;
0.00900208;-5.90314;
0.00900224;-5.90314;
0.00900256;-5.90313;
0.0090032;-5.90311;
0.00900448;-5.90309;
0.00900704;-5.90303;
0.00901216;-5.90292;
0.0090224;-5.90271;
0.0090424;-5.90228;
0.0090624;-5.90186;
0.0090824;-5.90143;
0.0091024;-5.901;
0.0091224;-5.90057;
0.0091424;-5.90014;
0.0091624;-5.89971;
0.0091824;-5.89927;
0.0092024;-5.89884;
0.0092224;-5.8984;
0.0092424;-5.89797;
0.0092624;-5.89753;
0.0092824;-5.89709;
0.0093024;-5.89665;
0.0093224;-5.89621;
0.0093424;-5.89577;
0.0093624;-5.89533;
0.0093824;-5.89488;
0.0094024;-5.89444;
0.0094224;-5.89399;
0.0094424;-5.89354;
0.0094624;-5.8931;
0.0094824;-5.89265;
0.0095024;-5.8922;
0.0095224;-5.89175;
0.0095424;-5.89129;
0.0095624;-5.89084;
0.0095824;-5.89038;
0.0096024;-5.88993;
0.0096224;-5.88947;
0.0096424;-5.88901;
0.0096624;-5.88856;
0.0096824;-5.8881;
0.0097024;-5.88764;
0.0097224;-5.88717;
0.0097424;-5.88671;
0.0097624;-5.88625;
0.0097824;-5.88578;
0.0098024;-5.88531;
0.0098224;-5.88485;
0.0098424;-5.88438;
0.0098624;-5.88391;
0.0098824;-5.88344;
0.0099024;-5.88297;
0.0099224;-5.88249;
0.0099424;-5.88202;
0.0099624;-5.88155;
0.0099824;-5.88107;
0.01;-5.88065;
0.0100001;-5.88065;
0.0100003;-5.88064;
0.0100007;-5.88063;
0.010001;-5.88063;
0.0100011;-5.88063;
0.0100012;-5.88062;
0.0100016;-5.88061;
0.0100022;-5.8806;
0.0100035;-5.88057;
0.010006;-5.88051;
0.0100112;-5.88038;
0.0100214;-5.88014;
0.0100414;-5.87966;
0.0100614;-5.87918;
0.0100814;-5.8787;
0.0101014;-5.87822;
0.0101214;-5.87774;
0.0101414;-5.87725;
0.0101614;-5.87677;
0.0101814;-5.87628;
0.0102014;-5.87579;
0.0102214;-5.8753;
0.0102414;-5.87482;
0.0102614;-5.87432;
0.0102814;-5.87383;
0.0103014;-5.87334;
0.0103214;-5.87285;
0.0103414;-5.87235;
0.0103614;-5.87186;
0.0103814;-5.87136;
0.0104014;-5.87086;
0.0104214;-5.87036;
0.0104414;-5.86986;
0.0104614;-5.86936;
0.0104814;-5.86886;
0.0105014;-5.86836;
0.0105214;-5.86786;
0.0105414;-5.86735;
0.0105614;-5.86684;
0.0105814;-5.86634;
0.0106014;-5.86583;
0.0106214;-5.86532;
0.0106414;-5.86481;
0.0106614;-5.8643;
0.0106814;-5.86379;
0.0107014;-5.86327;
0.0107214;-5.86276;
0.0107414;-5.86225;
0.0107614;-5.86173;
0.0107814;-5.86121;
0.0108014;-5.86069;
0.0108214;-5.86017;
0.0108414;-5.85965;
0.0108614;-5.85913;
0.0108814;-5.85861;
0.0109014;-5.85809;
0.0109214;-5.85756;
0.0109414;-5.85704;
0.0109614;-5.85651;
0.0109814;-5.85598;
0.011001;-5.85547;
0.0110011;-5.85546;
0.0110013;-5.85546;
0.0110017;-5.85545;
0.011002;-5.85544;
0.0110021;-5.85544;
0.0110022;-5.85543;
0.0110026;-5.85542;
0.0110032;-5.85541;
0.0110045;-5.85537;
0.011007;-5.85531;
0.0110122;-5.85517;
0.0110224;-5.8549;
0.0110424;-5.85437;
0.0110624;-5.85384;
0.0110824;-5.8533;
0.0111024;-5.85277;
0.0111224;-5.85224;
0.0111424;-5.8517;
0.0111624;-5.85116;
0.0111824;-5.85063;
0.0112024;-5.85009;
0.0112224;-5.84955;
0.0112424;-5.84901;
0.0112624;-5.84846;
0.0112824;-5.84792;
0.0113024;-5.84738;
0.0113224;-5.84683;
0.0113424;-5.84629;
0.0113624;-5.84574;
0.0113824;-5.84519;
0.0114024;-5.84464;
0.0114224;-5.84409;
0.0114424;-5.84354;
0.0114624;-5.84299;
0.0114824;-5.84244;
0.0115024;-5.84189;
0.0115224;-5.84133;
0.0115424;-5.84077;
0.0115624;-5.84022;
0.0115824;-5.83966;
0.0116024;-5.8391;
0.0116224;-5.83854;
0.0116424;-5.83798;
0.0116624;-5.83742;
0.0116824;-5.83686;
0.0117024;-5.83629;
0.0117224;-5.83573;
0.0117424;-5.83516;
0.0117624;-5.8346;
0.0117824;-5.83403;
0.0118024;-5.83346;
0.0118224;-5.83289;
0.0118424;-5.83232;
0.0118624;-5.83175;
0.0118824;-5.83117;
0.0119024;-5.8306;
0.0119224;-5.83003;
0.0119424;-5.82945;
0.0119624;-5.82887;
0.0119824;-5.8283;
0.012;-5.82779;
0.0120001;-5.82778;
0.0120003;-5.82778;
0.0120007;-5.82777;
0.012001;-5.82776;
0.0120011;-5.82775;
0.0120012;-5.82775;
0.0120016;-5.82774;
0.0120022;-5.82772;
0.0120035;-5.82769;
0.012006;-5.82761;
0.0120112;-5.82746;
0.0120214;-5.82717;
0.0120414;-5.82659;
0.0120614;-5.826;
0.0120814;-5.82542;
0.0121014;-5.82484;
0.0121214;-5.82425;
0.0121414;-5.82367;
0.0121614;-5.82308;
0.0121814;-5.82249;
0.0122014;-5.82191;
0.0122214;-5.82132;
0.0122414;-5.82073;
0.0122614;-5.82013;
0.0122814;-5.81954;
0.0123014;-5.81895;
0.0123214;-5.81835;
0.0123414;-5.81776;
0.0123614;-5.81716;
0.0123814;-5.81657;
0.0124014;-5.81597;
0.0124214;-5.81537;
0.0124414;-5.81477;
0.0124614;-5.81417;
0.0124814;-5.81356;
0.0125014;-5.81296;
0.0125214;-5.81236;
0.0125414;-5.81175;
0.0125614;-5.81115;
0.0125814;-5.81054;
0.0126014;-5.80993;
0.0126214;-5.80932;
0.0126414;-5.80871;
0.0126614;-5.8081;
0.0126814;-5.80749;
0.0127014;-5.80688;
0.0127214;-5.80626;
0.0127414;-5.80565;
0.0127614;-5.80503;
0.0127814;-5.80442;
0.0128014;-5.8038;
0.0128214;-5.80318;
0.0128414;-5.80256;
0.0128614;-5.80194;
0.0128814;-5.80132;
0.0129014;-5.8007;
0.0129214;-5.80007;
0.0129414;-5.79945;
0.0129614;-5.79883;
0.0129814;-5.7982;
0.013001;-5.79758;
0.0130011;-5.79758;
0.0130013;-5.79758;
0.0130017;-5.79756;
0.013002;-5.79755;
0.0130021;-5.79755;
0.0130022;-5.79755;
0.0130026;-5.79754;
0.0130032;-5.79752;
0.0130045;-5.79748;
0.013007;-5.79739;
0.0130122;-5.79723;
0.0130224;-5.79691;
0.0130424;-5.79628;
0.0130624;-5.79565;
0.0130824;-5.79502;
0.0131024;-5.79439;
0.0131224;-5.79376;
0.0131424;-5.79312;
0.0131624;-5.79249;
0.0131824;-5.79185;
0.0132024;-5.79122;
0.0132224;-5.79058;
0.0132424;-5.78994;
0.0132624;-5.7893;
0.0132824;-5.78866;
0.0133024;-5.78802;
0.0133224;-5.78738;
0.0133424;-5.78673;
0.0133624;-5.78609;
0.0133824;-5.78544;
0.0134024;-5.7848;
0.0134224;-5.78415;
0.0134424;-5.7835;
0.0134624;-5.78285;
0.0134824;-5.7822;
0.0135024;-5.78155;
0.0135224;-5.7809;
0.0135424;-5.78025;
0.0135624;-5.77959;
0.0135824;-5.77894;
0.0136024;-5.77828;
0.0136224;-5.77763;
0.0136424;-5.77697;
0.0136624;-5.77631;
0.0136824;-5.77565;
0.0137024;-5.77499;
0.0137224;-5.77433;
0.0137424;-5.77367;
0.0137624;-5.77301;
0.0137824;-5.77234;
0.0138024;-5.77168;
0.0138224;-5.77101;
0.0138424;-5.77035;
0.0138624;-5.76968;
0.0138824;-5.76901;
0.0139024;-5.76834;
0.0139224;-5.76767;
0.0139424;-5.767;
0.0139624;-5.76633;
0.0139824;-5.76565;
0.014;-5.76506;
0.0140001;-5.76506;
0.0140003;-5.76505;
0.0140007;-5.76504;
0.014001;-5.76503;
0.0140011;-5.76502;
0.0140012;-5.76502;
0.0140016;-5.76501;
0.0140022;-5.76499;
0.0140035;-5.76494;
0.014006;-5.76486;
0.0140112;-5.76468;
0.0140214;-5.76434;
0.0140414;-5.76366;
0.0140614;-5.76298;
0.0140814;-5.76231;
0.0141014;-5.76163;
0.0141214;-5.76095;
0.0141414;-5.76027;
0.0141614;-5.75959;
0.0141814;-5.7589;
0.0142014;-5.75822;
0.0142214;-5.75754;
0.0142414;-5.75685;
0.0142614;-5.75617;
0.0142814;-5.75548;
0.0143014;-5.75479;
0.0143214;-5.7541;
0.0143414;-5.75341;
0.0143614;-5.75272;
0.0143814;-5.75203;
0.0144014;-5.75134;
0.0144214;-5.75064;
0.0144414;-5.74995;
0.0144614;-5.74925;
0.0144814;-5.74856;
0.0145014;-5.74786;
0.0145214;-5.74716;
0.0145414;-5.74646;
0.0145614;-5.74577;
0.0145814;-5.74506;
0.0146014;-5.74436;
0.0146214;-5.74366;
0.0146414;-5.74296;
0.0146614;-5.74225;
0.0146814;-5.74155;
0.0147014;-5.74084;
0.0147214;-5.74013;
0.0147414;-5.73943;
0.0147614;-5.73872;
0.0147814;-5.73801;
0.0148014;-5.7373;
0.0148214;-5.73659;
0.0148414;-5.73587;
0.0148614;-5.73516;
0.0148814;-5.73445;
0.0149014;-5.73373;
0.0149214;-5.73302;
0.0149414;-5.7323;
0.0149614;-5.73158;
0.0149814;-5.73086;
0.015001;-5.73016;
0.0150011;-5.73015;
0.0150013;-5.73015;
0.0150017;-5.73013;
0.015002;-5.73012;
0.0150021;-5.73012;
0.0150022;-5.73011;
0.0150026;-5.7301;
0.0150032;-5.73008;
0.0150045;-5.73003;
0.015007;-5.72994;
0.0150122;-5.72976;
0.0150224;-5.72939;
0.0150424;-5.72867;
0.0150624;-5.72794;
0.0150824;-5.72722;
0.0151024;-5.7265;
0.0151224;-5.72577;
0.0151424;-5.72505;
0.0151624;-5.72432;
0.0151824;-5.72359;
0.0152024;-5.72286;
0.0152224;-5.72213;
0.0152424;-5.7214;
0.0152624;-5.72067;
0.0152824;-5.71994;
0.0153024;-5.71921;
0.0153224;-5.71847;
0.0153424;-5.71774;
0.0153624;-5.717;
0.0153824;-5.71627;
0.0154024;-5.71553;
0.0154224;-5.71479;
0.0154424;-5.71405;
0.0154624;-5.71331;
0.0154824;-5.71257;
0.0155024;-5.71183;
0.0155224;-5.71109;
0.0155424;-5.71034;
0.0155624;-5.7096;
0.0155824;-5.70885;
0.0156024;-5.70811;
0.0156224;-5.70736;
0.0156424;-5.70661;
0.0156624;-5.70586;
0.0156824;-5.70511;
0.0157024;-5.70436;
0.0157224;-5.70361;
0.0157424;-5.70286;
0.0157624;-5.70211;
0.0157824;-5.70135;
0.0158024;-5.7006;
0.0158224;-5.69984;
0.0158424;-5.69909;
0.0158624;-5.69833;
0.0158824;-5.69757;
0.0159024;-5.69681;
0.0159224;-5.69605;
0.0159424;-5.69529;
0.0159624;-5.69453;
0.0159824;-5.69377;
0.016;-5.69309;
0.0160001;-5.69309;
0.0160003;-5.69308;
0.0160007;-5.69307;
0.016001;-5.69306;
0.0160011;-5.69305;
0.0160012;-5.69305;
0.0160016;-5.69303;
0.0160022;-5.69301;
0.0160035;-5.69296;
0.016006;-5.69286;
0.0160112;-5.69267;
0.0160214;-5.69228;
0.0160414;-5.69151;
0.0160614;-5.69074;
0.0160814;-5.68998;
0.0161014;-5.68921;
0.0161214;-5.68844;
0.0161414;-5.68767;
0.0161614;-5.6869;
0.0161814;-5.68613;
0.0162014;-5.68536;
0.0162214;-5.68459;
0.0162414;-5.68381;
0.0162614;-5.68304;
0.0162814;-5.68226;
0.0163014;-5.68148;
0.0163214;-5.68071;
0.0163414;-5.67993;
0.0163614;-5.67915;
0.0163814;-5.67837;
0.0164014;-5.67759;
0.0164214;-5.67681;
0.0164414;-5.67603;
0.0164614;-5.67524;
0.0164814;-5.67446;
0.0165014;-5.67367;
0.0165214;-5.67289;
0.0165414;-5.6721;
0.0165614;-5.67131;
0.0165814;-5.67053;
0.0166014;-5.66974;
0.0166214;-5.66895;
0.0166414;-5.66816;
0.0166614;-5.66736;
0.0166814;-5.66657;
0.0167014;-5.66578;
0.0167214;-5.66498;
0.0167414;-5.66419;
0.0167614;-5.66339;
0.0167814;-5.6626;
0.0168014;-5.6618;
0.0168214;-5.661;
0.0168414;-5.6602;
0.0168614;-5.6594;
0.0168814;-5.6586;
0.0169014;-5.6578;
0.0169214;-5.657;
0.0169414;-5.65619;
0.0169614;-5.65539;
0.0169814;-5.65458;
0.017001;-5.65379;
0.0170011;-5.65379;
0.0170013;-5.65378;
0.0170017;-5.65376;
0.017002;-5.65375;
0.0170021;-5.65375;
0.0170022;-5.65374;
0.0170026;-5.65373;
0.0170032;-5.6537;
0.0170045;-5.65365;
0.017007;-5.65355;
0.0170122;-5.65334;
0.0170224;-5.65293;
0.0170424;-5.65212;
0.0170624;-5.65131;
0.0170824;-5.6505;
0.0171024;-5.64969;
0.0171224;-5.64888;
0.0171424;-5.64807;
0.0171624;-5.64726;
0.0171824;-5.64644;
0.0172024;-5.64563;
0.0172224;-5.64482;
0.0172424;-5.644;
0.0172624;-5.64318;
0.0172824;-5.64236;
0.0173024;-5.64155;
0.0173224;-5.64073;
0.0173424;-5.63991;
0.0173624;-5.63909;
0.0173824;-5.63826;
0.0174024;-5.63744;
0.0174224;-5.63662;
0.0174424;-5.63579;
0.0174624;-5.63497;
0.0174824;-5.63414;
0.0175024;-5.63332;
0.0175224;-5.63249;
0.0175424;-5.63166;
0.0175624;-5.63083;
0.0175824;-5.63;
0.0176024;-5.62917;
0.0176224;-5.62834;
0.0176424;-5.62751;
0.0176624;-5.62667;
0.0176824;-5.62584;
0.0177024;-5.625;
0.0177224;-5.62417;
0.0177424;-5.62333;
0.0177624;-5.62249;
0.0177824;-5.62166;
0.0178024;-5.62082;
0.0178224;-5.61998;
0.0178424;-5.61914;
0.0178624;-5.61829;
0.0178824;-5.61745;
0.0179024;-5.61661;
0.0179224;-5.61577;
0.0179424;-5.61492;
0.0179624;-5.61408;
0.0179824;-5.61323;
0.018;-5.61248;
0.0180001;-5.61248;
0.0180003;-5.61247;
0.0180007;-5.61245;
0.018001;-5.61244;
0.0180011;-5.61244;
0.0180012;-5.61243;
0.0180016;-5.61242;
0.0180022;-5.61239;
0.0180035;-5.61234;
0.018006;-5.61223;
0.0180112;-5.61201;
0.0180214;-5.61158;
0.0180414;-5.61073;
0.0180614;-5.60988;
0.0180814;-5.60903;
0.0181014;-5.60818;
0.0181214;-5.60732;
0.0181414;-5.60647;
0.0181614;-5.60562;
0.0181814;-5.60476;
0.0182014;-5.60391;
0.0182214;-5.60305;
0.0182414;-5.6022;
0.0182614;-5.60134;
0.0182814;-5.60048;
0.0183014;-5.59962;
0.0183214;-5.59876;
0.0183414;-5.5979;
0.0183614;-5.59704;
0.0183814;-5.59618;
0.0184014;-5.59531;
0.0184214;-5.59445;
0.0184414;-5.59359;
0.0184614;-5.59272;
0.0184814;-5.59185;
0.0185014;-5.59099;
0.0185214;-5.59012;
0.0185414;-5.58925;
0.0185614;-5.58838;
0.0185814;-5.58751;
0.0186014;-5.58664;
0.0186214;-5.58577;
0.0186414;-5.58489;
0.0186614;-5.58402;
0.0186814;-5.58315;
0.0187014;-5.58227;
0.0187214;-5.5814;
0.0187414;-5.58052;
0.0187614;-5.57964;
0.0187814;-5.57876;
0.0188014;-5.57789;
0.0188214;-5.57701;
0.0188414;-5.57612;
0.0188614;-5.57524;
0.0188814;-5.57436;
0.0189014;-5.57348;
0.0189214;-5.57259;
0.0189414;-5.57171;
0.0189614;-5.57083;
0.0189814;-5.56994;
0.019001;-5.56907;
0.0190011;-5.56907;
0.0190013;-5.56906;
0.0190017;-5.56904;
0.019002;-5.56903;
0.0190021;-5.56902;
0.0190022;-5.56902;
0.0190026;-5.569;
0.0190032;-5.56897;
0.0190045;-5.56892;
0.019007;-5.5688;
0.0190122;-5.56858;
0.0190224;-5.56812;
0.0190424;-5.56723;
0.0190624;-5.56634;
0.0190824;-5.56545;
0.0191024;-5.56456;
0.0191224;-5.56367;
0.0191424;-5.56278;
0.0191624;-5.56189;
0.0191824;-5.56099;
0.0192024;-5.5601;
0.0192224;-5.5592;
0.0192424;-5.55831;
0.0192624;-5.55741;
0.0192824;-5.55651;
0.0193024;-5.55561;
0.0193224;-5.55471;
0.0193424;-5.55381;
0.0193624;-5.55291;
0.0193824;-5.55201;
0.0194024;-5.55111;
0.0194224;-5.55021;
0.0194424;-5.5493;
0.0194624;-5.5484;
0.0194824;-5.54749;
0.0195024;-5.54659;
0.0195224;-5.54568;
0.0195424;-5.54477;
0.0195624;-5.54386;
0.0195824;-5.54295;
0.0196024;-5.54204;
0.0196224;-5.54113;
0.0196424;-5.54022;
0.0196624;-5.53931;
0.0196824;-5.5384;
0.0197024;-5.53748;
0.0197224;-5.53657;
0.0197424;-5.53565;
0.0197624;-5.53474;
0.0197824;-5.53382;
0.0198024;-5.5329;
0.0198224;-5.53198;
0.0198424;-5.53106;
0.0198624;-5.53014;
0.0198824;-5.52922;
0.0199024;-5.5283;
0.0199224;-5.52738;
0.0199424;-5.52646;
0.0199624;-5.52553;
0.0199824;-5.52461;
0.02;-5.52379;
0.0200001;-5.52379;
0.0200003;-5.52378;
0.0200007;-5.52376;
0.020001;-5.52375;
0.0200011;-5.52374;
0.0200012;-5.52374;
0.0200016;-5.52372;
0.0200022;-5.52369;
0.0200035;-5.52363;
0.020006;-5.52352;
0.0200112;-5.52328;
0.0200214;-5.5228;
0.0200414;-5.52188;
0.0200614;-5.52095;
0.0200814;-5.52002;
0.0201014;-5.51909;
0.0201214;-5.51816;
0.0201414;-5.51723;
0.0201614;-5.5163;
0.0201814;-5.51537;
0.0202014;-5.51444;
0.0202214;-5.5135;
0.0202414;-5.51257;
0.0202614;-5.51163;
0.0202814;-5.5107;
0.0203014;-5.50976;
0.0203214;-5.50883;
0.0203414;-5.50789;
0.0203614;-5.50695;
0.0203814;-5.50601;
0.0204014;-5.50507;
0.0204214;-5.50413;
0.0204414;-5.50319;
0.0204614;-5.50224;
0.0204814;-5.5013;
0.0205014;-5.50036;
0.0205214;-5.49941;
0.0205414;-5.49847;
0.0205614;-5.49752;
0.0205814;-5.49658;
0.0206014;-5.49563;
0.0206214;-5.49468;
0.0206414;-5.49373;
0.0206614;-5.49278;
0.0206814;-5.49183;
0.0207014;-5.49088;
0.0207214;-5.48993;
0.0207414;-5.48897;
0.0207614;-5.48802;
0.0207814;-5.48707;
0.0208014;-5.48611;
0.0208214;-5.48516;
0.0208414;-5.4842;
0.0208614;-5.48324;
0.0208814;-5.48228;
0.0209014;-5.48133;
0.0209214;-5.48037;
0.0209414;-5.47941;
0.0209614;-5.47845;
0.0209814;-5.47748;
0.021001;-5.47654;
0.0210011;-5.47654;
0.0210013;-5.47653;
0.0210017;-5.47651;
0.021002;-5.47649;
0.0210021;-5.47649;
0.0210022;-5.47648;
0.0210026;-5.47647;
0.0210032;-5.47644;
0.0210045;-5.47637;
0.021007;-5.47625;
0.0210122;-5.476;
0.0210224;-5.47551;
0.0210424;-5.47455;
0.0210624;-5.47358;
0.0210824;-5.47262;
0.0211024;-5.47165;
0.0211224;-5.47069;
0.0211424;-5.46972;
0.0211624;-5.46875;
0.0211824;-5.46778;
0.0212024;-5.46681;
0.0212224;-5.46584;
0.0212424;-5.46487;
0.0212624;-5.4639;
0.0212824;-5.46293;
0.0213024;-5.46195;
0.0213224;-5.46098;
0.0213424;-5.46001;
0.0213624;-5.45903;
0.0213824;-5.45805;
0.0214024;-5.45708;
0.0214224;-5.4561;
0.0214424;-5.45512;
0.0214624;-5.45414;
0.0214824;-5.45316;
0.0215024;-5.45218;
0.0215224;-5.4512;
0.0215424;-5.45022;
0.0215624;-5.44924;
0.0215824;-5.44826;
0.0216024;-5.44727;
0.0216224;-5.44629;
0.0216424;-5.4453;
0.0216624;-5.44432;
0.0216824;-5.44333;
0.0217024;-5.44234;
0.0217224;-5.44135;
0.0217424;-5.44037;
0.0217624;-5.43938;
0.0217824;-5.43839;
0.0218024;-5.43739;
0.0218224;-5.4364;
0.0218424;-5.43541;
0.0218624;-5.43442;
0.0218824;-5.43342;
0.0219024;-5.43243;
0.0219224;-5.43143;
0.0219424;-5.43044;
0.0219624;-5.42944;
0.0219824;-5.42844;
0.022;-5.42757;
0.0220001;-5.42756;
0.0220003;-5.42755;
0.0220007;-5.42753;
0.022001;-5.42752;
0.0220011;-5.42751;
0.0220012;-5.4275;
0.0220016;-5.42749;
0.0220022;-5.42746;
0.0220035;-5.42739;
0.022006;-5.42726;
0.0220112;-5.42701;
0.0220214;-5.4265;
0.0220414;-5.4255;
0.0220614;-5.4245;
0.0220814;-5.4235;
0.0221014;-5.4225;
0.0221214;-5.42149;
0.0221414;-5.42049;
0.0221614;-5.41949;
0.0221814;-5.41848;
0.0222014;-5.41748;
0.0222214;-5.41647;
0.0222414;-5.41547;
0.0222614;-5.41446;
0.0222814;-5.41345;
0.0223014;-5.41244;
0.0223214;-5.41143;
0.0223414;-5.41042;
0.0223614;-5.40941;
0.0223814;-5.4084;
0.0224014;-5.40739;
0.0224214;-5.40638;
0.0224414;-5.40536;
0.0224614;-5.40435;
0.0224814;-5.40334;
0.0225014;-5.40232;
0.0225214;-5.4013;
0.0225414;-5.40029;
0.0225614;-5.39927;
0.0225814;-5.39825;
0.0226014;-5.39723;
0.0226214;-5.39621;
0.0226414;-5.39519;
0.0226614;-5.39417;
0.0226814;-5.39315;
0.0227014;-5.39213;
0.0227214;-5.39111;
0.0227414;-5.39008;
0.0227614;-5.38906;
0.0227814;-5.38803;
0.0228014;-5.38701;
0.0228214;-5.38598;
0.0228414;-5.38495;
0.0228614;-5.38393;
0.0228814;-5.3829;
0.0229014;-5.38187;
0.0229214;-5.38084;
0.0229414;-5.37981;
0.0229614;-5.37878;
0.0229814;-5.37775;
0.023001;-5.37673;
0.0230011;-5.37673;
0.0230013;-5.37672;
0.0230017;-5.3767;
0.023002;-5.37668;
0.0230021;-5.37668;
0.0230022;-5.37667;
0.0230026;-5.37665;
0.0230032;-5.37662;
0.0230045;-5.37655;
0.023007;-5.37642;
0.0230122;-5.37616;
0.0230224;-5.37563;
0.0230424;-5.3746;
0.0230624;-5.37356;
0.0230824;-5.37253;
0.0231024;-5.37149;
0.0231224;-5.37045;
0.0231424;-5.36942;
0.0231624;-5.36838;
0.0231824;-5.36734;
0.0232024;-5.3663;
0.0232224;-5.36526;
0.0232424;-5.36422;
0.0232624;-5.36318;
0.0232824;-5.36214;
0.0233024;-5.36109;
0.0233224;-5.36005;
0.0233424;-5.35901;
0.0233624;-5.35796;
0.0233824;-5.35692;
0.0234024;-5.35587;
0.0234224;-5.35482;
0.0234424;-5.35378;
0.0234624;-5.35273;
0.0234824;-5.35168;
0.0235024;-5.35063;
0.0235224;-5.34958;
0.0235424;-5.34853;
0.0235624;-5.34748;
0.0235824;-5.34643;
0.0236024;-5.34537;
0.0236224;-5.34432;
0.0236424;-5.34327;
0.0236624;-5.34221;
0.0236824;-5.34116;
0.0237024;-5.3401;
0.0237224;-5.33905;
0.0237424;-5.33799;
0.0237624;-5.33693;
0.0237824;-5.33587;
0.0238024;-5.33481;
0.0238224;-5.33375;
0.0238424;-5.33269;
0.0238624;-5.33163;
0.0238824;-5.33057;
0.0239024;-5.32951;
0.0239224;-5.32844;
0.0239424;-5.32738;
0.0239624;-5.32632;
0.0239824;-5.32525;
0.024;-5.32431;
0.0240001;-5.32431;
0.0240003;-5.3243;
0.0240007;-5.32427;
0.024001;-5.32426;
0.0240011;-5.32425;
0.0240012;-5.32425;
0.0240016;-5.32423;
0.0240022;-5.32419;
0.0240035;-5.32413;
0.024006;-5.32399;
0.0240112;-5.32372;
0.0240214;-5.32317;
0.0240414;-5.3221;
0.0240614;-5.32104;
0.0240814;-5.31997;
0.0241014;-5.3189;
0.0241214;-5.31783;
0.0241414;-5.31676;
0.0241614;-5.31569;
0.0241814;-5.31462;
0.0242014;-5.31354;
0.0242214;-5.31247;
0.0242414;-5.3114;
0.0242614;-5.31032;
0.0242814;-5.30925;
0.0243014;-5.30817;
0.0243214;-5.3071;
0.0243414;-5.30602;
0.0243614;-5.30494;
0.0243814;-5.30386;
0.0244014;-5.30279;
0.0244214;-5.30171;
0.0244414;-5.30063;
0.0244614;-5.29955;
0.0244814;-5.29846;
0.0245014;-5.29738;
0.0245214;-5.2963;
0.0245414;-5.29522;
0.0245614;-5.29413;
0.0245814;-5.29305;
0.0246014;-5.29196;
0.0246214;-5.29088;
0.0246414;-5.28979;
0.0246614;-5.2887;
0.0246814;-5.28762;
0.0247014;-5.28653;
0.0247214;-5.28544;
0.0247414;-5.28435;
0.0247614;-5.28326;
0.0247814;-5.28217;
0.0248014;-5.28108;
0.0248214;-5.27999;
0.0248414;-5.27889;
0.0248614;-5.2778;
0.0248814;-5.2767;
0.0249014;-5.27561;
0.0249214;-5.27451;
0.0249414;-5.27342;
0.0249614;-5.27232;
0.0249814;-5.27123;
0.025001;-5.27015;
0.0250011;-5.27014;
0.0250013;-5.27013;
0.0250017;-5.27011;
0.025002;-5.27009;
0.0250021;-5.27009;
0.0250022;-5.27008;
0.0250026;-5.27006;
0.0250032;-5.27003;
0.0250045;-5.26996;
0.025007;-5.26982;
0.0250122;-5.26954;
0.0250224;-5.26897;
0.0250424;-5.26787;
0.0250624;-5.26678;
0.0250824;-5.26567;
0.0251024;-5.26457;
0.0251224;-5.26347;
0.0251424;-5.26237;
0.0251624;-5.26127;
0.0251824;-5.26016;
0.0252024;-5.25906;
0.0252224;-5.25795;
0.0252424;-5.25685;
0.0252624;-5.25574;
0.0252824;-5.25464;
0.0253024;-5.25353;
0.0253224;-5.25242;
0.0253424;-5.25131;
0.0253624;-5.2502;
0.0253824;-5.24909;
0.0254024;-5.24798;
0.0254224;-5.24687;
0.0254424;-5.24576;
0.0254624;-5.24465;
0.0254824;-5.24354;
0.0255024;-5.24242;
0.0255224;-5.24131;
0.0255424;-5.24019;
0.0255624;-5.23908;
0.0255824;-5.23796;
0.0256024;-5.23685;
0.0256224;-5.23573;
0.0256424;-5.23461;
0.0256624;-5.23349;
0.0256824;-5.23237;
0.0257024;-5.23125;
0.0257224;-5.23013;
0.0257424;-5.22901;
0.0257624;-5.22789;
0.0257824;-5.22677;
0.0258024;-5.22565;
0.0258224;-5.22452;
0.0258424;-5.2234;
0.0258624;-5.22227;
0.0258824;-5.22115;
0.0259024;-5.22002;
0.0259224;-5.2189;
0.0259424;-5.21777;
0.0259624;-5.21664;
0.0259824;-5.21552;
0.026;-5.21452;
0.0260001;-5.21452;
0.0260003;-5.2145;
0.0260007;-5.21448;
0.026001;-5.21447;
0.0260011;-5.21446;
0.0260012;-5.21445;
0.0260016;-5.21443;
0.0260022;-5.2144;
0.0260035;-5.21433;
0.026006;-5.21418;
0.0260112;-5.21389;
0.0260214;-5.21331;
0.0260414;-5.21218;
0.0260614;-5.21105;
0.0260814;-5.20992;
0.0261014;-5.20879;
0.0261214;-5.20766;
0.0261414;-5.20652;
0.0261614;-5.20539;
0.0261814;-5.20426;
0.0262014;-5.20312;
0.0262214;-5.20199;
0.0262414;-5.20085;
0.0262614;-5.19971;
0.0262814;-5.19858;
0.0263014;-5.19744;
0.0263214;-5.1963;
0.0263414;-5.19516;
0.0263614;-5.19402;
0.0263814;-5.19288;
0.0264014;-5.19174;
0.0264214;-5.1906;
0.0264414;-5.18946;
0.0264614;-5.18831;
0.0264814;-5.18717;
0.0265014;-5.18603;
0.0265214;-5.18488;
0.0265414;-5.18374;
0.0265614;-5.18259;
0.0265814;-5.18145;
0.0266014;-5.1803;
0.0266214;-5.17915;
0.0266414;-5.178;
0.0266614;-5.17686;
0.0266814;-5.17571;
0.0267014;-5.17456;
0.0267214;-5.17341;
0.0267414;-5.17226;
0.0267614;-5.1711;
0.0267814;-5.16995;
0.0268014;-5.1688;
0.0268214;-5.16765;
0.0268414;-5.16649;
0.0268614;-5.16534;
0.0268814;-5.16418;
0.0269014;-5.16303;
0.0269214;-5.16187;
0.0269414;-5.16071;
0.0269614;-5.15956;
0.0269814;-5.1584;
0.027001;-5.15726;
0.0270011;-5.15726;
0.0270013;-5.15725;
0.0270017;-5.15722;
0.027002;-5.15721;
0.0270021;-5.1572;
0.0270022;-5.15719;
0.0270026;-5.15717;
0.0270032;-5.15714;
0.0270045;-5.15706;
0.027007;-5.15691;
0.0270122;-5.15662;
0.0270224;-5.15602;
0.0270424;-5.15486;
0.0270624;-5.1537;
0.0270824;-5.15254;
0.0271024;-5.15138;
0.0271224;-5.15022;
0.0271424;-5.14906;
0.0271624;-5.14789;
0.0271824;-5.14673;
0.0272024;-5.14557;
0.0272224;-5.1444;
0.0272424;-5.14323;
0.0272624;-5.14207;
0.0272824;-5.1409;
0.0273024;-5.13973;
0.0273224;-5.13857;
0.0273424;-5.1374;
0.0273624;-5.13623;
0.0273824;-5.13506;
0.0274024;-5.13389;
0.0274224;-5.13272;
0.0274424;-5.13155;
0.0274624;-5.13038;
0.0274824;-5.1292;
0.0275024;-5.12803;
0.0275224;-5.12686;
0.0275424;-5.12568;
0.0275624;-5.12451;
0.0275824;-5.12333;
0.0276024;-5.12216;
0.0276224;-5.12098;
0.0276424;-5.1198;
0.0276624;-5.11862;
0.0276824;-5.11745;
0.0277024;-5.11627;
0.0277224;-5.11509;
0.0277424;-5.11391;
0.0277624;-5.11273;
0.0277824;-5.11155;
0.0278024;-5.11037;
0.0278224;-5.10918;
0.0278424;-5.108;
0.0278624;-5.10682;
0.0278824;-5.10563;
0.0279024;-5.10445;
0.0279224;-5.10326;
0.0279424;-5.10208;
0.0279624;-5.10089;
0.0279824;-5.09971;
0.028;-5.09866;
0.0280001;-5.09865;
0.0280003;-5.09864;
0.0280007;-5.09862;
0.028001;-5.0986;
0.0280011;-5.0986;
0.0280012;-5.09859;
0.0280016;-5.09857;
0.0280022;-5.09853;
0.0280035;-5.09845;
0.028006;-5.0983;
0.0280112;-5.098;
0.0280214;-5.09739;
0.0280414;-5.0962;
0.0280614;-5.09501;
0.0280814;-5.09382;
0.0281014;-5.09263;
0.0281214;-5.09144;
0.0281414;-5.09025;
0.0281614;-5.08906;
0.0281814;-5.08787;
0.0282014;-5.08667;
0.0282214;-5.08548;
0.0282414;-5.08429;
0.0282614;-5.08309;
0.0282814;-5.0819;
0.0283014;-5.0807;
0.0283214;-5.07951;
0.0283414;-5.07831;
0.0283614;-5.07711;
0.0283814;-5.07591;
0.0284014;-5.07472;
0.0284214;-5.07352;
0.0284414;-5.07232;
0.0284614;-5.07112;
0.0284814;-5.06992;
0.0285014;-5.06872;
0.0285214;-5.06751;
0.0285414;-5.06631;
0.0285614;-5.06511;
0.0285814;-5.06391;
0.0286014;-5.0627;
0.0286214;-5.0615;
0.0286414;-5.06029;
0.0286614;-5.05909;
0.0286814;-5.05788;
0.0287014;-5.05667;
0.0287214;-5.05547;
0.0287414;-5.05426;
0.0287614;-5.05305;
0.0287814;-5.05184;
0.0288014;-5.05063;
0.0288214;-5.04942;
0.0288414;-5.04821;
0.0288614;-5.047;
0.0288814;-5.04579;
0.0289014;-5.04458;
0.0289214;-5.04336;
0.0289414;-5.04215;
0.0289614;-5.04094;
0.0289814;-5.03972;
0.029001;-5.03853;
0.0290011;-5.03853;
0.0290013;-5.03851;
0.0290017;-5.03849;
0.029002;-5.03847;
0.0290021;-5.03847;
0.0290022;-5.03846;
0.0290026;-5.03844;
0.0290032;-5.0384;
0.0290045;-5.03832;
0.029007;-5.03817;
0.0290122;-5.03785;
0.0290224;-5.03723;
0.0290424;-5.03602;
0.0290624;-5.0348;
0.0290824;-5.03358;
0.0291024;-5.03237;
0.0291224;-5.03115;
0.0291424;-5.02993;
0.0291624;-5.02871;
0.0291824;-5.02749;
0.0292024;-5.02627;
0.0292224;-5.02505;
0.0292424;-5.02383;
0.0292624;-5.02261;
0.0292824;-5.02138;
0.0293024;-5.02016;
0.0293224;-5.01894;
0.0293424;-5.01771;
0.0293624;-5.01649;
0.0293824;-5.01526;
0.0294024;-5.01404;
0.0294224;-5.01281;
0.0294424;-5.01158;
0.0294624;-5.01036;
0.0294824;-5.00913;
0.0295024;-5.0079;
0.0295224;-5.00667;
0.0295424;-5.00544;
0.0295624;-5.00421;
0.0295824;-5.00298;
0.0296024;-5.00175;
0.0296224;-5.00052;
0.0296424;-4.99929;
0.0296624;-4.99806;
0.0296824;-4.99682;
0.0297024;-4.99559;
0.0297224;-4.99436;
0.0297424;-4.99312;
0.0297624;-4.99189;
0.0297824;-4.99065;
0.0298024;-4.98941;
0.0298224;-4.98818;
0.0298424;-4.98694;
0.0298624;-4.9857;
0.0298824;-4.98446;
0.0299024;-4.98323;
0.0299224;-4.98199;
0.0299424;-4.98075;
0.0299624;-4.97951;
0.0299824;-4.97827;
0.03;-4.97717;
0.0300001;-4.97717;
0.0300003;-4.97715;
0.0300007;-4.97713;
0.030001;-4.97711;
0.0300011;-4.97711;
0.0300012;-4.9771;
0.0300016;-4.97708;
0.0300022;-4.97704;
0.0300035;-4.97696;
0.030006;-4.9768;
0.0300112;-4.97648;
0.0300214;-4.97584;
0.0300414;-4.9746;
0.0300614;-4.97336;
0.0300814;-4.97212;
0.0301014;-4.97087;
0.0301214;-4.96963;
0.0301414;-4.96838;
0.0301614;-4.96714;
0.0301814;-4.96589;
0.0302014;-4.96464;
0.0302214;-4.9634;
0.0302414;-4.96215;
0.0302614;-4.9609;
0.0302814;-4.95965;
0.0303014;-4.9584;
0.0303214;-4.95715;
0.0303414;-4.9559;
0.0303614;-4.95465;
0.0303814;-4.9534;
0.0304014;-4.95215;
0.0304214;-4.9509;
0.0304414;-4.94965;
0.0304614;-4.94839;
0.0304814;-4.94714;
0.0305014;-4.94588;
0.0305214;-4.94463;
0.0305414;-4.94337;
0.0305614;-4.94212;
0.0305814;-4.94086;
0.0306014;-4.93961;
0.0306214;-4.93835;
0.0306414;-4.93709;
0.0306614;-4.93583;
0.0306814;-4.93457;
0.0307014;-4.93331;
0.0307214;-4.93205;
0.0307414;-4.93079;
0.0307614;-4.92953;
0.0307814;-4.92827;
0.0308014;-4.92701;
0.0308214;-4.92575;
0.0308414;-4.92448;
0.0308614;-4.92322;
0.0308814;-4.92196;
0.0309014;-4.92069;
0.0309214;-4.91943;
0.0309414;-4.91816;
0.0309614;-4.9169;
0.0309814;-4.91563;
0.031001;-4.91439;
0.0310011;-4.91438;
0.0310013;-4.91437;
0.0310017;-4.91434;
0.031002;-4.91433;
0.0310021;-4.91432;
0.0310022;-4.91431;
0.0310026;-4.91429;
0.0310032;-4.91425;
0.0310045;-4.91417;
0.031007;-4.91401;
0.0310122;-4.91368;
0.0310224;-4.91303;
0.0310424;-4.91176;
0.0310624;-4.9105;
0.0310824;-4.90923;
0.0311024;-4.90796;
0.0311224;-4.90669;
0.0311424;-4.90542;
0.0311624;-4.90415;
0.0311824;-4.90288;
0.0312024;-4.9016;
0.0312224;-4.90033;
0.0312424;-4.89906;
0.0312624;-4.89778;
0.0312824;-4.89651;
0.0313024;-4.89524;
0.0313224;-4.89396;
0.0313424;-4.89269;
0.0313624;-4.89141;
0.0313824;-4.89013;
0.0314024;-4.88886;
0.0314224;-4.88758;
0.0314424;-4.8863;
0.0314624;-4.88502;
0.0314824;-4.88374;
0.0315024;-4.88247;
0.0315224;-4.88119;
0.0315424;-4.87991;
0.0315624;-4.87862;
0.0315824;-4.87734;
0.0316024;-4.87606;
0.0316224;-4.87478;
0.0316424;-4.8735;
0.0316624;-4.87221;
0.0316824;-4.87093;
0.0317024;-4.86965;
0.0317224;-4.86836;
0.0317424;-4.86708;
0.0317624;-4.86579;
0.0317824;-4.8645;
0.0318024;-4.86322;
0.0318224;-4.86193;
0.0318424;-4.86064;
0.0318624;-4.85936;
0.0318824;-4.85807;
0.0319024;-4.85678;
0.0319224;-4.85549;
0.0319424;-4.8542;
0.0319624;-4.85291;
0.0319824;-4.85162;
0.032;-4.85048;
0.0320001;-4.85047;
0.0320003;-4.85046;
0.0320007;-4.85044;
0.032001;-4.85042;
0.0320011;-4.85041;
0.0320012;-4.8504;
0.0320016;-4.85038;
0.0320022;-4.85034;
0.0320035;-4.85026;
0.032006;-4.85009;
0.0320112;-4.84976;
0.0320214;-4.8491;
0.0320414;-4.84781;
0.0320614;-4.84651;
0.0320814;-4.84522;
0.0321014;-4.84393;
0.0321214;-4.84263;
0.0321414;-4.84134;
0.0321614;-4.84004;
0.0321814;-4.83875;
0.0322014;-4.83745;
0.0322214;-4.83615;
0.0322414;-4.83486;
0.0322614;-4.83356;
0.0322814;-4.83226;
0.0323014;-4.83096;
0.0323214;-4.82966;
0.0323414;-4.82836;
0.0323614;-4.82706;
0.0323814;-4.82576;
0.0324014;-4.82446;
0.0324214;-4.82316;
0.0324414;-4.82186;
0.0324614;-4.82056;
0.0324814;-4.81925;
0.0325014;-4.81795;
0.0325214;-4.81665;
0.0325414;-4.81534;
0.0325614;-4.81404;
0.0325814;-4.81273;
0.0326014;-4.81143;
0.0326214;-4.81012;
0.0326414;-4.80881;
0.0326614;-4.80751;
0.0326814;-4.8062;
0.0327014;-4.80489;
0.0327214;-4.80358;
0.0327414;-4.80227;
0.0327614;-4.80096;
0.0327814;-4.79965;
0.0328014;-4.79834;
0.0328214;-4.79703;
0.0328414;-4.79572;
0.0328614;-4.79441;
0.0328814;-4.7931;
0.0329014;-4.79179;
0.0329214;-4.79047;
0.0329414;-4.78916;
0.0329614;-4.78785;
0.0329814;-4.78653;
0.033001;-4.78524;
0.0330011;-4.78524;
0.0330013;-4.78522;
0.0330017;-4.7852;
0.033002;-4.78518;
0.0330021;-4.78517;
0.0330022;-4.78516;
0.0330026;-4.78514;
0.0330032;-4.7851;
0.0330045;-4.78501;
0.033007;-4.78485;
0.0330122;-4.78451;
0.0330224;-4.78384;
0.0330424;-4.78252;
0.0330624;-4.7812;
0.0330824;-4.77989;
0.0331024;-4.77857;
0.0331224;-4.77725;
0.0331424;-4.77593;
0.0331624;-4.77461;
0.0331824;-4.7733;
0.0332024;-4.77198;
0.0332224;-4.77066;
0.0332424;-4.76934;
0.0332624;-4.76801;
0.0332824;-4.76669;
0.0333024;-4.76537;
0.0333224;-4.76405;
0.0333424;-4.76273;
0.0333624;-4.7614;
0.0333824;-4.76008;
0.0334024;-4.75876;
0.0334224;-4.75743;
0.0334424;-4.75611;
0.0334624;-4.75478;
0.0334824;-4.75345;
0.0335024;-4.75213;
0.0335224;-4.7508;
0.0335424;-4.74947;
0.0335624;-4.74815;
0.0335824;-4.74682;
0.0336024;-4.74549;
0.0336224;-4.74416;
0.0336424;-4.74283;
0.0336624;-4.7415;
0.0336824;-4.74017;
0.0337024;-4.73884;
0.0337224;-4.73751;
0.0337424;-4.73618;
0.0337624;-4.73484;
0.0337824;-4.73351;
0.0338024;-4.73218;
0.0338224;-4.73085;
0.0338424;-4.72951;
0.0338624;-4.72818;
0.0338824;-4.72684;
0.0339024;-4.72551;
0.0339224;-4.72417;
0.0339424;-4.72283;
0.0339624;-4.7215;
0.0339824;-4.72016;
0.034;-4.71898;
0.0340001;-4.71898;
0.0340003;-4.71896;
0.0340007;-4.71894;
0.034001;-4.71892;
0.0340011;-4.71891;
0.0340012;-4.7189;
0.0340016;-4.71888;
0.0340022;-4.71884;
0.0340035;-4.71875;
0.034006;-4.71858;
0.0340112;-4.71824;
0.0340214;-4.71755;
0.0340414;-4.71621;
0.0340614;-4.71488;
0.0340814;-4.71354;
0.0341014;-4.7122;
0.0341214;-4.71086;
0.0341414;-4.70952;
0.0341614;-4.70817;
0.0341814;-4.70683;
0.0342014;-4.70549;
0.0342214;-4.70415;
0.0342414;-4.70281;
0.0342614;-4.70146;
0.0342814;-4.70012;
0.0343014;-4.69878;
0.0343214;-4.69743;
0.0343414;-4.69609;
0.0343614;-4.69474;
0.0343814;-4.69339;
0.0344014;-4.69205;
0.0344214;-4.6907;
0.0344414;-4.68935;
0.0344614;-4.68801;
0.0344814;-4.68666;
0.0345014;-4.68531;
0.0345214;-4.68396;
0.0345414;-4.68261;
0.0345614;-4.68126;
0.0345814;-4.67991;
0.0346014;-4.67856;
0.0346214;-4.67721;
0.0346414;-4.67586;
0.0346614;-4.67451;
0.0346814;-4.67315;
0.0347014;-4.6718;
0.0347214;-4.67045;
0.0347414;-4.6691;
0.0347614;-4.66774;
0.0347814;-4.66639;
0.0348014;-4.66503;
0.0348214;-4.66368;
0.0348414;-4.66232;
0.0348614;-4.66096;
0.0348814;-4.65961;
0.0349014;-4.65825;
0.0349214;-4.65689;
0.0349414;-4.65554;
0.0349614;-4.65418;
0.0349814;-4.65282;
0.035001;-4.65149;
0.0350011;-4.65148;
0.0350013;-4.65147;
0.0350017;-4.65144;
0.035002;-4.65142;
0.0350021;-4.65141;
0.0350022;-4.6514;
0.0350026;-4.65138;
0.0350032;-4.65134;
0.0350045;-4.65125;
0.035007;-4.65108;
0.0350122;-4.65073;
0.0350224;-4.65003;
0.0350424;-4.64867;
0.0350624;-4.64731;
0.0350824;-4.64595;
0.0351024;-4.64459;
0.0351224;-4.64323;
0.0351424;-4.64187;
0.0351624;-4.6405;
0.0351824;-4.63914;
0.0352024;-4.63778;
0.0352224;-4.63641;
0.0352424;-4.63505;
0.0352624;-4.63368;
0.0352824;-4.63232;
0.0353024;-4.63095;
0.0353224;-4.62959;
0.0353424;-4.62822;
0.0353624;-4.62685;
0.0353824;-4.62549;
0.0354024;-4.62412;
0.0354224;-4.62275;
0.0354424;-4.62138;
0.0354624;-4.62001;
0.0354824;-4.61865;
0.0355024;-4.61728;
0.0355224;-4.61591;
0.0355424;-4.61454;
0.0355624;-4.61316;
0.0355824;-4.61179;
0.0356024;-4.61042;
0.0356224;-4.60905;
0.0356424;-4.60768;
0.0356624;-4.6063;
0.0356824;-4.60493;
0.0357024;-4.60356;
0.0357224;-4.60218;
0.0357424;-4.60081;
0.0357624;-4.59943;
0.0357824;-4.59806;
0.0358024;-4.59668;
0.0358224;-4.59531;
0.0358424;-4.59393;
0.0358624;-4.59255;
0.0358824;-4.59117;
0.0359024;-4.5898;
0.0359224;-4.58842;
0.0359424;-4.58704;
0.0359624;-4.58566;
0.0359824;-4.58428;
0.036;-4.58307;
0.0360001;-4.58306;
0.0360003;-4.58305;
0.0360007;-4.58302;
0.036001;-4.583;
0.0360011;-4.58299;
0.0360012;-4.58298;
0.0360016;-4.58296;
0.0360022;-4.58291;
0.0360035;-4.58283;
0.036006;-4.58265;
0.0360112;-4.5823;
0.0360214;-4.58159;
0.0360414;-4.58021;
0.0360614;-4.57883;
0.0360814;-4.57745;
0.0361014;-4.57606;
0.0361214;-4.57468;
0.0361414;-4.5733;
0.0361614;-4.57192;
0.0361814;-4.57053;
0.0362014;-4.56915;
0.0362214;-4.56776;
0.0362414;-4.56638;
0.0362614;-4.56499;
0.0362814;-4.56361;
0.0363014;-4.56222;
0.0363214;-4.56084;
0.0363414;-4.55945;
0.0363614;-4.55806;
0.0363814;-4.55668;
0.0364014;-4.55529;
0.0364214;-4.5539;
0.0364414;-4.55251;
0.0364614;-4.55112;
0.0364814;-4.54973;
0.0365014;-4.54834;
0.0365214;-4.54695;
0.0365414;-4.54556;
0.0365614;-4.54417;
0.0365814;-4.54278;
0.0366014;-4.54139;
0.0366214;-4.53999;
0.0366414;-4.5386;
0.0366614;-4.53721;
0.0366814;-4.53581;
0.0367014;-4.53442;
0.0367214;-4.53303;
0.0367414;-4.53163;
0.0367614;-4.53024;
0.0367814;-4.52884;
0.0368014;-4.52745;
0.0368214;-4.52605;
0.0368414;-4.52465;
0.0368614;-4.52326;
0.0368814;-4.52186;
0.0369014;-4.52046;
0.0369214;-4.51906;
0.0369414;-4.51766;
0.0369614;-4.51626;
0.0369814;-4.51486;
0.037001;-4.51349;
0.0370011;-4.51349;
0.0370013;-4.51347;
0.0370017;-4.51344;
0.037002;-4.51342;
0.0370021;-4.51342;
0.0370022;-4.51341;
0.0370026;-4.51338;
0.0370032;-4.51334;
0.0370045;-4.51325;
0.037007;-4.51307;
0.0370122;-4.51271;
0.0370224;-4.512;
0.0370424;-4.51059;
0.0370624;-4.50919;
0.0370824;-4.50779;
0.0371024;-4.50639;
0.0371224;-4.50499;
0.0371424;-4.50359;
0.0371624;-4.50218;
0.0371824;-4.50078;
0.0372024;-4.49938;
0.0372224;-4.49797;
0.0372424;-4.49657;
0.0372624;-4.49516;
0.0372824;-4.49376;
0.0373024;-4.49235;
0.0373224;-4.49095;
0.0373424;-4.48954;
0.0373624;-4.48813;
0.0373824;-4.48673;
0.0374024;-4.48532;
0.0374224;-4.48391;
0.0374424;-4.4825;
0.0374624;-4.48109;
0.0374824;-4.47969;
0.0375024;-4.47828;
0.0375224;-4.47687;
0.0375424;-4.47546;
0.0375624;-4.47405;
0.0375824;-4.47263;
0.0376024;-4.47122;
0.0376224;-4.46981;
0.0376424;-4.4684;
0.0376624;-4.46699;
0.0376824;-4.46557;
0.0377024;-4.46416;
0.0377224;-4.46275;
0.0377424;-4.46133;
0.0377624;-4.45992;
0.0377824;-4.45851;
0.0378024;-4.45709;
0.0378224;-4.45567;
0.0378424;-4.45426;
0.0378624;-4.45284;
0.0378824;-4.45143;
0.0379024;-4.45001;
0.0379224;-4.44859;
0.0379424;-4.44717;
0.0379624;-4.44576;
0.0379824;-4.44434;
0.038;-4.44309;
0.0380001;-4.44308;
0.0380003;-4.44307;
0.0380007;-4.44304;
0.038001;-4.44302;
0.0380011;-4.44301;
0.0380012;-4.443;
0.0380016;-4.44298;
0.0380022;-4.44293;
0.0380035;-4.44284;
0.038006;-4.44266;
0.0380112;-4.4423;
0.0380214;-4.44157;
0.0380414;-4.44015;
0.0380614;-4.43873;
0.0380814;-4.43731;
0.0381014;-4.43589;
0.0381214;-4.43447;
0.0381414;-4.43305;
0.0381614;-4.43163;
0.0381814;-4.43021;
0.0382014;-4.42878;
0.0382214;-4.42736;
0.0382414;-4.42594;
0.0382614;-4.42451;
0.0382814;-4.42309;
0.0383014;-4.42166;
0.0383214;-4.42024;
0.0383414;-4.41882;
0.0383614;-4.41739;
0.0383814;-4.41596;
0.0384014;-4.41454;
0.0384214;-4.41311;
0.0384414;-4.41168;
0.0384614;-4.41026;
0.0384814;-4.40883;
0.0385014;-4.4074;
0.0385214;-4.40597;
0.0385414;-4.40455;
0.0385614;-4.40312;
0.0385814;-4.40169;
0.0386014;-4.40026;
0.0386214;-4.39883;
0.0386414;-4.3974;
0.0386614;-4.39597;
0.0386814;-4.39453;
0.0387014;-4.3931;
0.0387214;-4.39167;
0.0387414;-4.39024;
0.0387614;-4.38881;
0.0387814;-4.38737;
0.0388014;-4.38594;
0.0388214;-4.38451;
0.0388414;-4.38307;
0.0388614;-4.38164;
0.0388814;-4.3802;
0.0389014;-4.37877;
0.0389214;-4.37733;
0.0389414;-4.3759;
0.0389614;-4.37446;
0.0389814;-4.37302;
0.039001;-4.37162;
0.0390011;-4.37161;
0.0390013;-4.37159;
0.0390017;-4.37157;
0.039002;-4.37154;
0.0390021;-4.37154;
0.0390022;-4.37153;
0.0390026;-4.3715;
0.0390032;-4.37146;
0.0390045;-4.37137;
0.039007;-4.37118;
0.0390122;-4.37081;
0.0390224;-4.37008;
0.0390424;-4.36864;
0.0390624;-4.3672;
0.0390824;-4.36576;
0.0391024;-4.36433;
0.0391224;-4.36289;
0.0391424;-4.36145;
0.0391624;-4.36001;
0.0391824;-4.35857;
0.0392024;-4.35713;
0.0392224;-4.35569;
0.0392424;-4.35425;
0.0392624;-4.3528;
0.0392824;-4.35136;
0.0393024;-4.34992;
0.0393224;-4.34848;
0.0393424;-4.34703;
0.0393624;-4.34559;
0.0393824;-4.34415;
0.0394024;-4.3427;
0.0394224;-4.34126;
0.0394424;-4.33981;
0.0394624;-4.33837;
0.0394824;-4.33692;
0.0395024;-4.33548;
0.0395224;-4.33403;
0.0395424;-4.33259;
0.0395624;-4.33114;
0.0395824;-4.32969;
0.0396024;-4.32824;
0.0396224;-4.3268;
0.0396424;-4.32535;
0.0396624;-4.3239;
0.0396824;-4.32245;
0.0397024;-4.321;
0.0397224;-4.31955;
0.0397424;-4.3181;
0.0397624;-4.31665;
0.0397824;-4.3152;
0.0398024;-4.31375;
0.0398224;-4.3123;
0.0398424;-4.31085;
0.0398624;-4.3094;
0.0398824;-4.30795;
0.0399024;-4.30649;
0.0399224;-4.30504;
0.0399424;-4.30359;
0.0399624;-4.30213;
0.0399824;-4.30068;
0.04;-4.2994;
0.0400001;-4.29939;
0.0400003;-4.29938;
0.0400007;-4.29935;
0.040001;-4.29933;
0.0400011;-4.29932;
0.0400012;-4.29931;
0.0400016;-4.29929;
0.0400022;-4.29924;
0.0400035;-4.29915;
0.040006;-4.29896;
0.0400112;-4.29859;
0.0400214;-4.29784;
0.0400414;-4.29639;
0.0400614;-4.29493;
0.0400814;-4.29348;
0.0401014;-4.29202;
0.0401214;-4.29057;
0.0401414;-4.28911;
0.0401614;-4.28765;
0.0401814;-4.28619;
0.0402014;-4.28474;
0.0402214;-4.28328;
0.0402414;-4.28182;
0.0402614;-4.28036;
0.0402814;-4.2789;
0.0403014;-4.27744;
0.0403214;-4.27598;
0.0403414;-4.27452;
0.0403614;-4.27306;
0.0403814;-4.2716;
0.0404014;-4.27014;
0.0404214;-4.26868;
0.0404414;-4.26722;
0.0404614;-4.26576;
0.0404814;-4.2643;
0.0405014;-4.26283;
0.0405214;-4.26137;
0.0405414;-4.25991;
0.0405614;-4.25844;
0.0405814;-4.25698;
0.0406014;-4.25552;
0.0406214;-4.25405;
0.0406414;-4.25259;
0.0406614;-4.25112;
0.0406814;-4.24966;
0.0407014;-4.24819;
0.0407214;-4.24672;
0.0407414;-4.24526;
0.0407614;-4.24379;
0.0407814;-4.24232;
0.0408014;-4.24085;
0.0408214;-4.23939;
0.0408414;-4.23792;
0.0408614;-4.23645;
0.0408814;-4.23498;
0.0409014;-4.23351;
0.0409214;-4.23204;
0.0409414;-4.23057;
0.0409614;-4.2291;
0.0409814;-4.22763;
0.041001;-4.22619;
0.0410011;-4.22618;
0.0410013;-4.22617;
0.0410017;-4.22614;
0.041002;-4.22612;
0.0410021;-4.22611;
0.0410022;-4.2261;
0.0410026;-4.22608;
0.0410032;-4.22603;
0.0410045;-4.22594;
0.041007;-4.22575;
0.0410122;-4.22537;
0.0410224;-4.22462;
0.0410424;-4.22315;
0.0410624;-4.22167;
0.0410824;-4.2202;
0.0411024;-4.21873;
0.0411224;-4.21726;
0.0411424;-4.21578;
0.0411624;-4.21431;
0.0411824;-4.21284;
0.0412024;-4.21136;
0.0412224;-4.20989;
0.0412424;-4.20841;
0.0412624;-4.20694;
0.0412824;-4.20546;
0.0413024;-4.20399;
0.0413224;-4.20251;
0.0413424;-4.20104;
0.0413624;-4.19956;
0.0413824;-4.19808;
0.0414024;-4.19661;
0.0414224;-4.19513;
0.0414424;-4.19365;
0.0414624;-4.19217;
0.0414824;-4.19069;
0.0415024;-4.18922;
0.0415224;-4.18774;
0.0415424;-4.18626;
0.0415624;-4.18478;
0.0415824;-4.1833;
0.0416024;-4.18182;
0.0416224;-4.18034;
0.0416424;-4.17886;
0.0416624;-4.17737;
0.0416824;-4.17589;
0.0417024;-4.17441;
0.0417224;-4.17293;
0.0417424;-4.17145;
0.0417624;-4.16996;
0.0417824;-4.16848;
0.0418024;-4.167;
0.0418224;-4.16551;
0.0418424;-4.16403;
0.0418624;-4.16254;
0.0418824;-4.16106;
0.0419024;-4.15957;
0.0419224;-4.15809;
0.0419424;-4.1566;
0.0419624;-4.15512;
0.0419824;-4.15363;
0.042;-4.15232;
0.0420001;-4.15232;
0.0420003;-4.1523;
0.0420007;-4.15227;
0.042001;-4.15225;
0.0420011;-4.15224;
0.0420012;-4.15223;
0.0420016;-4.15221;
0.0420022;-4.15216;
0.0420035;-4.15206;
0.042006;-4.15187;
0.0420112;-4.15149;
0.0420214;-4.15073;
0.0420414;-4.14925;
0.0420614;-4.14776;
0.0420814;-4.14627;
0.0421014;-4.14478;
0.0421214;-4.14329;
0.0421414;-4.14181;
0.0421614;-4.14032;
0.0421814;-4.13883;
0.0422014;-4.13734;
0.0422214;-4.13585;
0.0422414;-4.13436;
0.0422614;-4.13287;
0.0422814;-4.13138;
0.0423014;-4.12989;
0.0423214;-4.12839;
0.0423414;-4.1269;
0.0423614;-4.12541;
0.0423814;-4.12392;
0.0424014;-4.12243;
0.0424214;-4.12093;
0.0424414;-4.11944;
0.0424614;-4.11795;
0.0424814;-4.11645;
0.0425014;-4.11496;
0.0425214;-4.11346;
0.0425414;-4.11197;
0.0425614;-4.11047;
0.0425814;-4.10898;
0.0426014;-4.10748;
0.0426214;-4.10599;
0.0426414;-4.10449;
0.0426614;-4.10299;
0.0426814;-4.1015;
0.0427014;-4.1;
0.0427214;-4.0985;
0.0427414;-4.09701;
0.0427614;-4.09551;
0.0427814;-4.09401;
0.0428014;-4.09251;
0.0428214;-4.09101;
0.0428414;-4.08951;
0.0428614;-4.08801;
0.0428814;-4.08651;
0.0429014;-4.08501;
0.0429214;-4.08351;
0.0429414;-4.08201;
0.0429614;-4.08051;
0.0429814;-4.07901;
0.043001;-4.07754;
0.0430011;-4.07753;
0.0430013;-4.07752;
0.0430017;-4.07749;
0.043002;-4.07746;
0.0430021;-4.07746;
0.0430022;-4.07745;
0.0430026;-4.07742;
0.0430032;-4.07737;
0.0430045;-4.07728;
0.043007;-4.07709;
0.0430122;-4.0767;
0.0430224;-4.07593;
0.0430424;-4.07443;
0.0430624;-4.07293;
0.0430824;-4.07142;
0.0431024;-4.06992;
0.0431224;-4.06842;
0.0431424;-4.06692;
0.0431624;-4.06541;
0.0431824;-4.06391;
0.0432024;-4.0624;
0.0432224;-4.0609;
0.0432424;-4.05939;
0.0432624;-4.05789;
0.0432824;-4.05638;
0.0433024;-4.05488;
0.0433224;-4.05337;
0.0433424;-4.05186;
0.0433624;-4.05036;
0.0433824;-4.04885;
0.0434024;-4.04734;
0.0434224;-4.04583;
0.0434424;-4.04433;
0.0434624;-4.04282;
0.0434824;-4.04131;
0.0435024;-4.0398;
0.0435224;-4.03829;
0.0435424;-4.03678;
0.0435624;-4.03527;
0.0435824;-4.03376;
0.0436024;-4.03225;
0.0436224;-4.03074;
0.0436424;-4.02923;
0.0436624;-4.02772;
0.0436824;-4.02621;
0.0437024;-4.0247;
0.0437224;-4.02319;
0.0437424;-4.02167;
0.0437624;-4.02016;
0.0437824;-4.01865;
0.0438024;-4.01714;
0.0438224;-4.01562;
0.0438424;-4.01411;
0.0438624;-4.0126;
0.0438824;-4.01108;
0.0439024;-4.00957;
0.0439224;-4.00805;
0.0439424;-4.00654;
0.0439624;-4.00502;
0.0439824;-4.00351;
0.044;-4.00217;
0.0440001;-4.00217;
0.0440003;-4.00215;
0.0440007;-4.00212;
0.044001;-4.0021;
0.0440011;-4.00209;
0.0440012;-4.00208;
0.0440016;-4.00206;
0.0440022;-4.00201;
0.0440035;-4.00191;
0.044006;-4.00172;
0.0440112;-4.00133;
0.0440214;-4.00055;
0.0440414;-3.99903;
0.0440614;-3.99752;
0.0440814;-3.996;
0.0441014;-3.99448;
0.0441214;-3.99297;
0.0441414;-3.99145;
0.0441614;-3.98993;
0.0441814;-3.98841;
0.0442014;-3.98689;
0.0442214;-3.98538;
0.0442414;-3.98386;
0.0442614;-3.98234;
0.0442814;-3.98082;
0.0443014;-3.9793;
0.0443214;-3.97778;
0.0443414;-3.97626;
0.0443614;-3.97474;
0.0443814;-3.97322;
0.0444014;-3.97169;
0.0444214;-3.97017;
0.0444414;-3.96865;
0.0444614;-3.96713;
0.0444814;-3.96561;
0.0445014;-3.96408;
0.0445214;-3.96256;
0.0445414;-3.96104;
0.0445614;-3.95951;
0.0445814;-3.95799;
0.0446014;-3.95647;
0.0446214;-3.95494;
0.0446414;-3.95342;
0.0446614;-3.95189;
0.0446814;-3.95037;
0.0447014;-3.94884;
0.0447214;-3.94732;
0.0447414;-3.94579;
0.0447614;-3.94427;
0.0447814;-3.94274;
0.0448014;-3.94121;
0.0448214;-3.93969;
0.0448414;-3.93816;
0.0448614;-3.93663;
0.0448814;-3.9351;
0.0449014;-3.93358;
0.0449214;-3.93205;
0.0449414;-3.93052;
0.0449614;-3.92899;
0.0449814;-3.92746;
0.045001;-3.92596;
0.0450011;-3.92595;
0.0450013;-3.92594;
0.0450017;-3.92591;
0.045002;-3.92589;
0.0450021;-3.92588;
0.0450022;-3.92587;
0.0450026;-3.92584;
0.0450032;-3.92579;
0.0450045;-3.9257;
0.045007;-3.9255;
0.0450122;-3.92511;
0.0450224;-3.92433;
0.0450424;-3.9228;
0.0450624;-3.92127;
0.0450824;-3.91973;
0.0451024;-3.9182;
0.0451224;-3.91667;
0.0451424;-3.91514;
0.0451624;-3.91361;
0.0451824;-3.91208;
0.0452024;-3.91055;
0.0452224;-3.90902;
0.0452424;-3.90748;
0.0452624;-3.90595;
0.0452824;-3.90442;
0.0453024;-3.90288;
0.0453224;-3.90135;
0.0453424;-3.89982;
0.0453624;-3.89828;
0.0453824;-3.89675;
0.0454024;-3.89521;
0.0454224;-3.89368;
0.0454424;-3.89214;
0.0454624;-3.89061;
0.0454824;-3.88907;
0.0455024;-3.88754;
0.0455224;-3.886;
0.0455424;-3.88446;
0.0455624;-3.88293;
0.0455824;-3.88139;
0.0456024;-3.87985;
0.0456224;-3.87832;
0.0456424;-3.87678;
0.0456624;-3.87524;
0.0456824;-3.8737;
0.0457024;-3.87217;
0.0457224;-3.87063;
0.0457424;-3.86909;
0.0457624;-3.86755;
0.0457824;-3.86601;
0.0458024;-3.86447;
0.0458224;-3.86293;
0.0458424;-3.86139;
0.0458624;-3.85985;
0.0458824;-3.85831;
0.0459024;-3.85677;
0.0459224;-3.85523;
0.0459424;-3.85368;
0.0459624;-3.85214;
0.0459824;-3.8506;
0.046;-3.84924;
0.0460001;-3.84924;
0.0460003;-3.84922;
0.0460007;-3.84919;
0.046001;-3.84917;
0.0460011;-3.84916;
0.0460012;-3.84915;
0.0460016;-3.84912;
0.0460022;-3.84907;
0.0460035;-3.84898;
0.046006;-3.84878;
0.0460112;-3.84838;
0.0460214;-3.84759;
0.0460414;-3.84605;
0.0460614;-3.84451;
0.0460814;-3.84297;
0.0461014;-3.84142;
0.0461214;-3.83988;
0.0461414;-3.83833;
0.0461614;-3.83679;
0.0461814;-3.83525;
0.0462014;-3.8337;
0.0462214;-3.83216;
0.0462414;-3.83061;
0.0462614;-3.82907;
0.0462814;-3.82752;
0.0463014;-3.82597;
0.0463214;-3.82443;
0.0463414;-3.82288;
0.0463614;-3.82134;
0.0463814;-3.81979;
0.0464014;-3.81824;
0.0464214;-3.81669;
0.0464414;-3.81515;
0.0464614;-3.8136;
0.0464814;-3.81205;
0.0465014;-3.8105;
0.0465214;-3.80895;
0.0465414;-3.80741;
0.0465614;-3.80586;
0.0465814;-3.80431;
0.0466014;-3.80276;
0.0466214;-3.80121;
0.0466414;-3.79966;
0.0466614;-3.79811;
0.0466814;-3.79656;
0.0467014;-3.79501;
0.0467214;-3.79346;
0.0467414;-3.7919;
0.0467614;-3.79035;
0.0467814;-3.7888;
0.0468014;-3.78725;
0.0468214;-3.7857;
0.0468414;-3.78414;
0.0468614;-3.78259;
0.0468814;-3.78104;
0.0469014;-3.77949;
0.0469214;-3.77793;
0.0469414;-3.77638;
0.0469614;-3.77483;
0.0469814;-3.77327;
0.047001;-3.77175;
0.0470011;-3.77174;
0.0470013;-3.77172;
0.0470017;-3.77169;
0.047002;-3.77167;
0.0470021;-3.77166;
0.0470022;-3.77165;
0.0470026;-3.77163;
0.0470032;-3.77158;
0.0470045;-3.77148;
0.047007;-3.77128;
0.0470122;-3.77088;
0.0470224;-3.77008;
0.0470424;-3.76853;
0.0470624;-3.76698;
0.0470824;-3.76542;
0.0471024;-3.76386;
0.0471224;-3.76231;
0.0471424;-3.76075;
0.0471624;-3.7592;
0.0471824;-3.75764;
0.0472024;-3.75608;
0.0472224;-3.75453;
0.0472424;-3.75297;
0.0472624;-3.75141;
0.0472824;-3.74985;
0.0473024;-3.7483;
0.0473224;-3.74674;
0.0473424;-3.74518;
0.0473624;-3.74362;
0.0473824;-3.74206;
0.0474024;-3.7405;
0.0474224;-3.73895;
0.0474424;-3.73739;
0.0474624;-3.73583;
0.0474824;-3.73427;
0.0475024;-3.73271;
0.0475224;-3.73115;
0.0475424;-3.72959;
0.0475624;-3.72802;
0.0475824;-3.72646;
0.0476024;-3.7249;
0.0476224;-3.72334;
0.0476424;-3.72178;
0.0476624;-3.72022;
0.0476824;-3.71865;
0.0477024;-3.71709;
0.0477224;-3.71553;
0.0477424;-3.71397;
0.0477624;-3.7124;
0.0477824;-3.71084;
0.0478024;-3.70928;
0.0478224;-3.70771;
0.0478424;-3.70615;
0.0478624;-3.70458;
0.0478824;-3.70302;
0.0479024;-3.70146;
0.0479224;-3.69989;
0.0479424;-3.69833;
0.0479624;-3.69676;
0.0479824;-3.69519;
0.048;-3.69382;
0.0480001;-3.69381;
0.0480003;-3.69379;
0.0480007;-3.69376;
0.048001;-3.69374;
0.0480011;-3.69373;
0.0480012;-3.69372;
0.0480016;-3.69369;
0.0480022;-3.69364;
0.0480035;-3.69354;
0.048006;-3.69334;
0.0480112;-3.69294;
0.0480214;-3.69214;
0.0480414;-3.69058;
0.0480614;-3.68901;
0.0480814;-3.68744;
0.0481014;-3.68588;
0.0481214;-3.68431;
0.0481414;-3.68274;
0.0481614;-3.68117;
0.0481814;-3.67961;
0.0482014;-3.67804;
0.0482214;-3.67647;
0.0482414;-3.6749;
0.0482614;-3.67333;
0.0482814;-3.67176;
0.0483014;-3.67019;
0.0483214;-3.66862;
0.0483414;-3.66706;
0.0483614;-3.66549;
0.0483814;-3.66392;
0.0484014;-3.66235;
0.0484214;-3.66078;
0.0484414;-3.6592;
0.0484614;-3.65763;
0.0484814;-3.65606;
0.0485014;-3.65449;
0.0485214;-3.65292;
0.0485414;-3.65135;
0.0485614;-3.64978;
0.0485814;-3.6482;
0.0486014;-3.64663;
0.0486214;-3.64506;
0.0486414;-3.64349;
0.0486614;-3.64191;
0.0486814;-3.64034;
0.0487014;-3.63877;
0.0487214;-3.63719;
0.0487414;-3.63562;
0.0487614;-3.63405;
0.0487814;-3.63247;
0.0488014;-3.6309;
0.0488214;-3.62932;
0.0488414;-3.62775;
0.0488614;-3.62617;
0.0488814;-3.6246;
0.0489014;-3.62302;
0.0489214;-3.62145;
0.0489414;-3.61987;
0.0489614;-3.61829;
0.0489814;-3.61672;
0.049001;-3.61517;
0.0490011;-3.61516;
0.0490013;-3.61515;
0.0490017;-3.61512;
0.049002;-3.61509;
0.0490021;-3.61509;
0.0490022;-3.61507;
0.0490026;-3.61505;
0.0490032;-3.615;
0.0490045;-3.6149;
0.049007;-3.6147;
0.0490122;-3.61429;
0.0490224;-3.61348;
0.0490424;-3.61191;
0.0490624;-3.61033;
0.0490824;-3.60875;
0.0491024;-3.60717;
0.0491224;-3.6056;
0.0491424;-3.60402;
0.0491624;-3.60244;
0.0491824;-3.60086;
0.0492024;-3.59928;
0.0492224;-3.5977;
0.0492424;-3.59613;
0.0492624;-3.59455;
0.0492824;-3.59297;
0.0493024;-3.59139;
0.0493224;-3.58981;
0.0493424;-3.58823;
0.0493624;-3.58665;
0.0493824;-3.58507;
0.0494024;-3.58348;
0.0494224;-3.5819;
0.0494424;-3.58032;
0.0494624;-3.57874;
0.0494824;-3.57716;
0.0495024;-3.57558;
0.0495224;-3.574;
0.0495424;-3.57241;
0.0495624;-3.57083;
0.0495824;-3.56925;
0.0496024;-3.56767;
0.0496224;-3.56608;
0.0496424;-3.5645;
0.0496624;-3.56292;
0.0496824;-3.56133;
0.0497024;-3.55975;
0.0497224;-3.55816;
0.0497424;-3.55658;
0.0497624;-3.555;
0.0497824;-3.55341;
0.0498024;-3.55183;
0.0498224;-3.55024;
0.0498424;-3.54866;
0.0498624;-3.54707;
0.0498824;-3.54549;
0.0499024;-3.5439;
0.0499224;-3.54231;
0.0499424;-3.54073;
0.0499624;-3.53914;
0.0499824;-3.53755;
0.05;-3.53616;
0.0500001;-3.53615;
0.0500003;-3.53613;
0.0500007;-3.5361;
0.050001;-3.53608;
0.0500011;-3.53607;
0.0500012;-3.53606;
0.0500016;-3.53603;
0.0500022;-3.53598;
0.0500035;-3.53588;
0.050006;-3.53568;
0.0500112;-3.53527;
0.0500214;-3.53446;
0.0500414;-3.53287;
0.0500614;-3.53129;
0.0500814;-3.5297;
0.0501014;-3.52811;
0.0501214;-3.52652;
0.0501414;-3.52493;
0.0501614;-3.52335;
0.0501814;-3.52176;
0.0502014;-3.52017;
0.0502214;-3.51858;
0.0502414;-3.51699;
0.0502614;-3.5154;
0.0502814;-3.51381;
0.0503014;-3.51222;
0.0503214;-3.51063;
0.0503414;-3.50904;
0.0503614;-3.50745;
0.0503814;-3.50586;
0.0504014;-3.50427;
0.0504214;-3.50268;
0.0504414;-3.50109;
0.0504614;-3.4995;
0.0504814;-3.4979;
0.0505014;-3.49631;
0.0505214;-3.49472;
0.0505414;-3.49313;
0.0505614;-3.49154;
0.0505814;-3.48994;
0.0506014;-3.48835;
0.0506214;-3.48676;
0.0506414;-3.48517;
0.0506614;-3.48357;
0.0506814;-3.48198;
0.0507014;-3.48039;
0.0507214;-3.47879;
0.0507414;-3.4772;
0.0507614;-3.4756;
0.0507814;-3.47401;
0.0508014;-3.47241;
0.0508214;-3.47082;
0.0508414;-3.46922;
0.0508614;-3.46763;
0.0508814;-3.46603;
0.0509014;-3.46444;
0.0509214;-3.46284;
0.0509414;-3.46125;
0.0509614;-3.45965;
0.0509814;-3.45806;
0.051001;-3.45649;
0.0510011;-3.45648;
0.0510013;-3.45647;
0.0510017;-3.45643;
0.051002;-3.45641;
0.0510021;-3.4564;
0.0510022;-3.45639;
0.0510026;-3.45637;
0.0510032;-3.45632;
0.0510045;-3.45621;
0.051007;-3.45601;
0.0510122;-3.4556;
0.0510224;-3.45478;
0.0510424;-3.45319;
0.0510624;-3.45159;
0.0510824;-3.44999;
0.0511024;-3.44839;
0.0511224;-3.4468;
0.0511424;-3.4452;
0.0511624;-3.4436;
0.0511824;-3.442;
0.0512024;-3.4404;
0.0512224;-3.43881;
0.0512424;-3.43721;
0.0512624;-3.43561;
0.0512824;-3.43401;
0.0513024;-3.43241;
0.0513224;-3.43081;
0.0513424;-3.42921;
0.0513624;-3.42761;
0.0513824;-3.42601;
0.0514024;-3.42441;
0.0514224;-3.42281;
0.0514424;-3.42121;
0.0514624;-3.41961;
0.0514824;-3.41801;
0.0515024;-3.41641;
0.0515224;-3.41481;
0.0515424;-3.41321;
0.0515624;-3.4116;
0.0515824;-3.41;
0.0516024;-3.4084;
0.0516224;-3.4068;
0.0516424;-3.4052;
0.0516624;-3.40359;
0.0516824;-3.40199;
0.0517024;-3.40039;
0.0517224;-3.39879;
0.0517424;-3.39718;
0.0517624;-3.39558;
0.0517824;-3.39398;
0.0518024;-3.39237;
0.0518224;-3.39077;
0.0518424;-3.38916;
0.0518624;-3.38756;
0.0518824;-3.38596;
0.0519024;-3.38435;
0.0519224;-3.38275;
0.0519424;-3.38114;
0.0519624;-3.37954;
0.0519824;-3.37793;
0.052;-3.37652;
0.0520001;-3.37651;
0.0520003;-3.37649;
0.0520007;-3.37646;
0.052001;-3.37644;
0.0520011;-3.37643;
0.0520012;-3.37642;
0.0520016;-3.37639;
0.0520022;-3.37634;
0.0520035;-3.37624;
0.052006;-3.37603;
0.0520112;-3.37562;
0.0520214;-3.3748;
0.0520414;-3.3732;
0.0520614;-3.37159;
0.0520814;-3.36998;
0.0521014;-3.36838;
0.0521214;-3.36677;
0.0521414;-3.36516;
0.0521614;-3.36356;
0.0521814;-3.36195;
0.0522014;-3.36034;
0.0522214;-3.35874;
0.0522414;-3.35713;
0.0522614;-3.35552;
0.0522814;-3.35391;
0.0523014;-3.3523;
0.0523214;-3.3507;
0.0523414;-3.34909;
0.0523614;-3.34748;
0.0523814;-3.34587;
0.0524014;-3.34426;
0.0524214;-3.34265;
0.0524414;-3.34104;
0.0524614;-3.33943;
0.0524814;-3.33782;
0.0525014;-3.33622;
0.0525214;-3.33461;
0.0525414;-3.333;
0.0525614;-3.33139;
0.0525814;-3.32977;
0.0526014;-3.32816;
0.0526214;-3.32655;
0.0526414;-3.32494;
0.0526614;-3.32333;
0.0526814;-3.32172;
0.0527014;-3.32011;
0.0527214;-3.3185;
0.0527414;-3.31689;
0.0527614;-3.31527;
0.0527814;-3.31366;
0.0528014;-3.31205;
0.0528214;-3.31044;
0.0528414;-3.30883;
0.0528614;-3.30721;
0.0528814;-3.3056;
0.0529014;-3.30399;
0.0529214;-3.30237;
0.0529414;-3.30076;
0.0529614;-3.29915;
0.0529814;-3.29753;
0.053001;-3.29595;
0.0530011;-3.29594;
0.0530013;-3.29593;
0.0530017;-3.29589;
0.053002;-3.29587;
0.0530021;-3.29586;
0.0530022;-3.29585;
0.0530026;-3.29583;
0.0530032;-3.29577;
0.0530045;-3.29567;
0.053007;-3.29546;
0.0530122;-3.29505;
0.0530224;-3.29422;
0.0530424;-3.29261;
0.0530624;-3.291;
0.0530824;-3.28938;
0.0531024;-3.28777;
0.0531224;-3.28615;
0.0531424;-3.28454;
0.0531624;-3.28292;
0.0531824;-3.28131;
0.0532024;-3.27969;
0.0532224;-3.27808;
0.0532424;-3.27646;
0.0532624;-3.27484;
0.0532824;-3.27323;
0.0533024;-3.27161;
0.0533224;-3.27;
0.0533424;-3.26838;
0.0533624;-3.26676;
0.0533824;-3.26515;
0.0534024;-3.26353;
0.0534224;-3.26191;
0.0534424;-3.26029;
0.0534624;-3.25868;
0.0534824;-3.25706;
0.0535024;-3.25544;
0.0535224;-3.25382;
0.0535424;-3.2522;
0.0535624;-3.25059;
0.0535824;-3.24897;
0.0536024;-3.24735;
0.0536224;-3.24573;
0.0536424;-3.24411;
0.0536624;-3.24249;
0.0536824;-3.24087;
0.0537024;-3.23925;
0.0537224;-3.23763;
0.0537424;-3.23601;
0.0537624;-3.23439;
0.0537824;-3.23277;
0.0538024;-3.23115;
0.0538224;-3.22953;
0.0538424;-3.22791;
0.0538624;-3.22629;
0.0538824;-3.22467;
0.0539024;-3.22305;
0.0539224;-3.22143;
0.0539424;-3.21981;
0.0539624;-3.21819;
0.0539824;-3.21657;
0.054;-3.21514;
0.0540001;-3.21513;
0.0540003;-3.21512;
0.0540007;-3.21508;
0.054001;-3.21506;
0.0540011;-3.21505;
0.0540012;-3.21504;
0.0540016;-3.21501;
0.0540022;-3.21496;
0.0540035;-3.21486;
0.054006;-3.21465;
0.0540112;-3.21423;
0.0540214;-3.2134;
0.0540414;-3.21178;
0.0540614;-3.21016;
0.0540814;-3.20854;
0.0541014;-3.20692;
0.0541214;-3.20529;
0.0541414;-3.20367;
0.0541614;-3.20205;
0.0541814;-3.20042;
0.0542014;-3.1988;
0.0542214;-3.19718;
0.0542414;-3.19555;
0.0542614;-3.19393;
0.0542814;-3.19231;
0.0543014;-3.19068;
0.0543214;-3.18906;
0.0543414;-3.18743;
0.0543614;-3.18581;
0.0543814;-3.18419;
0.0544014;-3.18256;
0.0544214;-3.18094;
0.0544414;-3.17931;
0.0544614;-3.17769;
0.0544814;-3.17606;
0.0545014;-3.17444;
0.0545214;-3.17281;
0.0545414;-3.17118;
0.0545614;-3.16956;
0.0545814;-3.16793;
0.0546014;-3.16631;
0.0546214;-3.16468;
0.0546414;-3.16305;
0.0546614;-3.16143;
0.0546814;-3.1598;
0.0547014;-3.15817;
0.0547214;-3.15655;
0.0547414;-3.15492;
0.0547614;-3.15329;
0.0547814;-3.15167;
0.0548014;-3.15004;
0.0548214;-3.14841;
0.0548414;-3.14678;
0.0548614;-3.14515;
0.0548814;-3.14353;
0.0549014;-3.1419;
0.0549214;-3.14027;
0.0549414;-3.13864;
0.0549614;-3.13701;
0.0549814;-3.13538;
0.055001;-3.13379;
0.0550011;-3.13378;
0.0550013;-3.13376;
0.0550017;-3.13373;
0.055002;-3.13371;
0.0550021;-3.1337;
0.0550022;-3.13369;
0.0550026;-3.13366;
0.0550032;-3.13361;
0.0550045;-3.1335;
0.055007;-3.13329;
0.0550122;-3.13288;
0.0550224;-3.13204;
0.0550424;-3.13041;
0.0550624;-3.12879;
0.0550824;-3.12716;
0.0551024;-3.12553;
0.0551224;-3.1239;
0.0551424;-3.12227;
0.0551624;-3.12064;
0.0551824;-3.11901;
0.0552024;-3.11738;
0.0552224;-3.11574;
0.0552424;-3.11411;
0.0552624;-3.11248;
0.0552824;-3.11085;
0.0553024;-3.10922;
0.0553224;-3.10759;
0.0553424;-3.10596;
0.0553624;-3.10433;
0.0553824;-3.1027;
0.0554024;-3.10106;
0.0554224;-3.09943;
0.0554424;-3.0978;
0.0554624;-3.09617;
0.0554824;-3.09454;
0.0555024;-3.0929;
0.0555224;-3.09127;
0.0555424;-3.08964;
0.0555624;-3.08801;
0.0555824;-3.08637;
0.0556024;-3.08474;
0.0556224;-3.08311;
0.0556424;-3.08147;
0.0556624;-3.07984;
0.0556824;-3.07821;
0.0557024;-3.07657;
0.0557224;-3.07494;
0.0557424;-3.0733;
0.0557624;-3.07167;
0.0557824;-3.07004;
0.0558024;-3.0684;
0.0558224;-3.06677;
0.0558424;-3.06513;
0.0558624;-3.0635;
0.0558824;-3.06186;
0.0559024;-3.06023;
0.0559224;-3.05859;
0.0559424;-3.05696;
0.0559624;-3.05532;
0.0559824;-3.05369;
0.056;-3.05225;
0.0560001;-3.05224;
0.0560003;-3.05222;
0.0560007;-3.05219;
0.056001;-3.05216;
0.0560011;-3.05216;
0.0560012;-3.05214;
0.0560016;-3.05212;
0.0560022;-3.05207;
0.0560035;-3.05196;
0.056006;-3.05175;
0.0560112;-3.05133;
0.0560214;-3.0505;
0.0560414;-3.04886;
0.0560614;-3.04722;
0.0560814;-3.04559;
0.0561014;-3.04395;
0.0561214;-3.04231;
0.0561414;-3.04068;
0.0561614;-3.03904;
0.0561814;-3.0374;
0.0562014;-3.03577;
0.0562214;-3.03413;
0.0562414;-3.03249;
0.0562614;-3.03086;
0.0562814;-3.02922;
0.0563014;-3.02758;
0.0563214;-3.02594;
0.0563414;-3.0243;
0.0563614;-3.02267;
0.0563814;-3.02103;
0.0564014;-3.01939;
0.0564214;-3.01775;
0.0564414;-3.01611;
0.0564614;-3.01447;
0.0564814;-3.01284;
0.0565014;-3.0112;
0.0565214;-3.00956;
0.0565414;-3.00792;
0.0565614;-3.00628;
0.0565814;-3.00464;
0.0566014;-3.003;
0.0566214;-3.00136;
0.0566414;-2.99972;
0.0566614;-2.99808;
0.0566814;-2.99644;
0.0567014;-2.9948;
0.0567214;-2.99316;
0.0567414;-2.99152;
0.0567614;-2.98988;
0.0567814;-2.98824;
0.0568014;-2.9866;
0.0568214;-2.98496;
0.0568414;-2.98332;
0.0568614;-2.98168;
0.0568814;-2.98003;
0.0569014;-2.97839;
0.0569214;-2.97675;
0.0569414;-2.97511;
0.0569614;-2.97347;
0.0569814;-2.97183;
0.057001;-2.97022;
0.0570011;-2.97021;
0.0570013;-2.97019;
0.0570017;-2.97016;
0.057002;-2.97014;
0.0570021;-2.97013;
0.0570022;-2.97012;
0.0570026;-2.97009;
0.0570032;-2.97004;
0.0570045;-2.96993;
0.057007;-2.96972;
0.0570122;-2.9693;
0.0570224;-2.96846;
0.0570424;-2.96682;
0.0570624;-2.96518;
0.0570824;-2.96353;
0.0571024;-2.96189;
0.0571224;-2.96025;
0.0571424;-2.95861;
0.0571624;-2.95696;
0.0571824;-2.95532;
0.0572024;-2.95368;
0.0572224;-2.95203;
0.0572424;-2.95039;
0.0572624;-2.94875;
0.0572824;-2.9471;
0.0573024;-2.94546;
0.0573224;-2.94381;
0.0573424;-2.94217;
0.0573624;-2.94053;
0.0573824;-2.93888;
0.0574024;-2.93724;
0.0574224;-2.93559;
0.0574424;-2.93395;
0.0574624;-2.9323;
0.0574824;-2.93066;
0.0575024;-2.92901;
0.0575224;-2.92737;
0.0575424;-2.92572;
0.0575624;-2.92408;
0.0575824;-2.92243;
0.0576024;-2.92079;
0.0576224;-2.91914;
0.0576424;-2.9175;
0.0576624;-2.91585;
0.0576824;-2.91421;
0.0577024;-2.91256;
0.0577224;-2.91091;
0.0577424;-2.90927;
0.0577624;-2.90762;
0.0577824;-2.90597;
0.0578024;-2.90433;
0.0578224;-2.90268;
0.0578424;-2.90103;
0.0578624;-2.89939;
0.0578824;-2.89774;
0.0579024;-2.89609;
0.0579224;-2.89445;
0.0579424;-2.8928;
0.0579624;-2.89115;
0.0579824;-2.8895;
0.058;-2.88805;
0.0580001;-2.88805;
0.0580003;-2.88803;
0.0580007;-2.888;
0.058001;-2.88797;
0.0580011;-2.88796;
0.0580012;-2.88795;
0.0580016;-2.88793;
0.0580022;-2.88787;
0.0580035;-2.88777;
0.058006;-2.88756;
0.0580112;-2.88713;
0.0580214;-2.88629;
0.0580414;-2.88464;
0.0580614;-2.88299;
0.0580814;-2.88135;
0.0581014;-2.8797;
0.0581214;-2.87805;
0.0581414;-2.8764;
0.0581614;-2.87475;
0.0581814;-2.8731;
0.0582014;-2.87146;
0.0582214;-2.86981;
0.0582414;-2.86816;
0.0582614;-2.86651;
0.0582814;-2.86486;
0.0583014;-2.86321;
0.0583214;-2.86156;
0.0583414;-2.85991;
0.0583614;-2.85826;
0.0583814;-2.85661;
0.0584014;-2.85496;
0.0584214;-2.85331;
0.0584414;-2.85166;
0.0584614;-2.85001;
0.0584814;-2.84836;
0.0585014;-2.84671;
0.0585214;-2.84506;
0.0585414;-2.84341;
0.0585614;-2.84176;
0.0585814;-2.84011;
0.0586014;-2.83846;
0.0586214;-2.83681;
0.0586414;-2.83516;
0.0586614;-2.8335;
0.0586814;-2.83185;
0.0587014;-2.8302;
0.0587214;-2.82855;
0.0587414;-2.8269;
0.0587614;-2.82525;
0.0587814;-2.8236;
0.0588014;-2.82194;
0.0588214;-2.82029;
0.0588414;-2.81864;
0.0588614;-2.81699;
0.0588814;-2.81533;
0.0589014;-2.81368;
0.0589214;-2.81203;
0.0589414;-2.81038;
0.0589614;-2.80872;
0.0589814;-2.80707;
0.059001;-2.80545;
0.0590011;-2.80544;
0.0590013;-2.80543;
0.0590017;-2.80539;
0.059002;-2.80537;
0.0590021;-2.80536;
0.0590022;-2.80535;
0.0590026;-2.80532;
0.0590032;-2.80527;
0.0590045;-2.80516;
0.059007;-2.80495;
0.0590122;-2.80453;
0.0590224;-2.80368;
0.0590424;-2.80203;
0.0590624;-2.80038;
0.0590824;-2.79872;
0.0591024;-2.79707;
0.0591224;-2.79542;
0.0591424;-2.79376;
0.0591624;-2.79211;
0.0591824;-2.79046;
0.0592024;-2.7888;
0.0592224;-2.78715;
0.0592424;-2.78549;
0.0592624;-2.78384;
0.0592824;-2.78218;
0.0593024;-2.78053;
0.0593224;-2.77888;
0.0593424;-2.77722;
0.0593624;-2.77557;
0.0593824;-2.77391;
0.0594024;-2.77226;
0.0594224;-2.7706;
0.0594424;-2.76895;
0.0594624;-2.76729;
0.0594824;-2.76564;
0.0595024;-2.76398;
0.0595224;-2.76233;
0.0595424;-2.76067;
0.0595624;-2.75901;
0.0595824;-2.75736;
0.0596024;-2.7557;
0.0596224;-2.75405;
0.0596424;-2.75239;
0.0596624;-2.75073;
0.0596824;-2.74908;
0.0597024;-2.74742;
0.0597224;-2.74577;
0.0597424;-2.74411;
0.0597624;-2.74245;
0.0597824;-2.7408;
0.0598024;-2.73914;
0.0598224;-2.73748;
0.0598424;-2.73583;
0.0598624;-2.73417;
0.0598824;-2.73251;
0.0599024;-2.73085;
0.0599224;-2.7292;
0.0599424;-2.72754;
0.0599624;-2.72588;
0.0599824;-2.72422;
0.06;-2.72277;
0.0600001;-2.72276;
0.0600003;-2.72274;
0.0600007;-2.72271;
0.060001;-2.72268;
0.0600011;-2.72268;
0.0600012;-2.72266;
0.0600016;-2.72264;
0.0600022;-2.72258;
0.0600035;-2.72248;
0.060006;-2.72226;
0.0600112;-2.72184;
0.0600214;-2.72099;
0.0600414;-2.71933;
0.0600614;-2.71768;
0.0600814;-2.71602;
0.0601014;-2.71436;
0.0601214;-2.7127;
0.0601414;-2.71104;
0.0601614;-2.70938;
0.0601814;-2.70773;
0.0602014;-2.70607;
0.0602214;-2.70441;
0.0602414;-2.70275;
0.0602614;-2.70109;
0.0602814;-2.69943;
0.0603014;-2.69777;
0.0603214;-2.69611;
0.0603414;-2.69446;
0.0603614;-2.6928;
0.0603814;-2.69114;
0.0604014;-2.68948;
0.0604214;-2.68782;
0.0604414;-2.68616;
0.0604614;-2.6845;
0.0604814;-2.68284;
0.0605014;-2.68118;
0.0605214;-2.67952;
0.0605414;-2.67786;
0.0605614;-2.6762;
0.0605814;-2.67454;
0.0606014;-2.67288;
0.0606214;-2.67122;
0.0606414;-2.66956;
0.0606614;-2.6679;
0.0606814;-2.66624;
0.0607014;-2.66458;
0.0607214;-2.66291;
0.0607414;-2.66125;
0.0607614;-2.65959;
0.0607814;-2.65793;
0.0608014;-2.65627;
0.0608214;-2.65461;
0.0608414;-2.65295;
0.0608614;-2.65129;
0.0608814;-2.64962;
0.0609014;-2.64796;
0.0609214;-2.6463;
0.0609414;-2.64464;
0.0609614;-2.64298;
0.0609814;-2.64132;
0.061001;-2.63969;
0.0610011;-2.63968;
0.0610013;-2.63966;
0.0610017;-2.63963;
0.061002;-2.6396;
0.0610021;-2.6396;
0.0610022;-2.63958;
0.0610026;-2.63956;
0.0610032;-2.6395;
0.0610045;-2.6394;
0.061007;-2.63919;
0.0610122;-2.63876;
0.0610224;-2.63791;
0.0610424;-2.63625;
0.0610624;-2.63458;
0.0610824;-2.63292;
0.0611024;-2.63126;
0.0611224;-2.6296;
0.0611424;-2.62794;
0.0611624;-2.62627;
0.0611824;-2.62461;
0.0612024;-2.62295;
0.0612224;-2.62128;
0.0612424;-2.61962;
0.0612624;-2.61796;
0.0612824;-2.6163;
0.0613024;-2.61463;
0.0613224;-2.61297;
0.0613424;-2.61131;
0.0613624;-2.60964;
0.0613824;-2.60798;
0.0614024;-2.60632;
0.0614224;-2.60465;
0.0614424;-2.60299;
0.0614624;-2.60132;
0.0614824;-2.59966;
0.0615024;-2.598;
0.0615224;-2.59633;
0.0615424;-2.59467;
0.0615624;-2.593;
0.0615824;-2.59134;
0.0616024;-2.58968;
0.0616224;-2.58801;
0.0616424;-2.58635;
0.0616624;-2.58468;
0.0616824;-2.58302;
0.0617024;-2.58135;
0.0617224;-2.57969;
0.0617424;-2.57802;
0.0617624;-2.57636;
0.0617824;-2.57469;
0.0618024;-2.57303;
0.0618224;-2.57136;
0.0618424;-2.5697;
0.0618624;-2.56803;
0.0618824;-2.56637;
0.0619024;-2.5647;
0.0619224;-2.56304;
0.0619424;-2.56137;
0.0619624;-2.5597;
0.0619824;-2.55804;
0.062;-2.55657;
0.0620001;-2.55656;
0.0620003;-2.55655;
0.0620007;-2.55651;
0.062001;-2.55649;
0.0620011;-2.55648;
0.0620012;-2.55647;
0.0620016;-2.55644;
0.0620022;-2.55639;
0.0620035;-2.55628;
0.062006;-2.55607;
0.0620112;-2.55564;
0.0620214;-2.55479;
0.0620414;-2.55312;
0.0620614;-2.55146;
0.0620814;-2.54979;
0.0621014;-2.54813;
0.0621214;-2.54646;
0.0621414;-2.54479;
0.0621614;-2.54313;
0.0621814;-2.54146;
0.0622014;-2.53979;
0.0622214;-2.53813;
0.0622414;-2.53646;
0.0622614;-2.53479;
0.0622814;-2.53313;
0.0623014;-2.53146;
0.0623214;-2.52979;
0.0623414;-2.52813;
0.0623614;-2.52646;
0.0623814;-2.52479;
0.0624014;-2.52313;
0.0624214;-2.52146;
0.0624414;-2.51979;
0.0624614;-2.51812;
0.0624814;-2.51646;
0.0625014;-2.51479;
0.0625214;-2.51312;
0.0625414;-2.51145;
0.0625614;-2.50979;
0.0625814;-2.50812;
0.0626014;-2.50645;
0.0626214;-2.50478;
0.0626414;-2.50311;
0.0626614;-2.50145;
0.0626814;-2.49978;
0.0627014;-2.49811;
0.0627214;-2.49644;
0.0627414;-2.49477;
0.0627614;-2.4931;
0.0627814;-2.49144;
0.0628014;-2.48977;
0.0628214;-2.4881;
0.0628414;-2.48643;
0.0628614;-2.48476;
0.0628814;-2.48309;
0.0629014;-2.48142;
0.0629214;-2.47975;
0.0629414;-2.47809;
0.0629614;-2.47642;
0.0629814;-2.47475;
0.063001;-2.47311;
0.0630011;-2.4731;
0.0630013;-2.47309;
0.0630017;-2.47305;
0.063002;-2.47303;
0.0630021;-2.47302;
0.0630022;-2.47301;
0.0630026;-2.47298;
0.0630032;-2.47293;
0.0630045;-2.47282;
0.063007;-2.47261;
0.0630122;-2.47218;
0.0630224;-2.47133;
0.0630424;-2.46966;
0.0630624;-2.46799;
0.0630824;-2.46632;
0.0631024;-2.46465;
0.0631224;-2.46298;
0.0631424;-2.46131;
0.0631624;-2.45964;
0.0631824;-2.45797;
0.0632024;-2.4563;
0.0632224;-2.45463;
0.0632424;-2.45296;
0.0632624;-2.45129;
0.0632824;-2.44962;
0.0633024;-2.44795;
0.0633224;-2.44628;
0.0633424;-2.44461;
0.0633624;-2.44294;
0.0633824;-2.44127;
0.0634024;-2.4396;
0.0634224;-2.43793;
0.0634424;-2.43626;
0.0634624;-2.43459;
0.0634824;-2.43292;
0.0635024;-2.43125;
0.0635224;-2.42957;
0.0635424;-2.4279;
0.0635624;-2.42623;
0.0635824;-2.42456;
0.0636024;-2.42289;
0.0636224;-2.42122;
0.0636424;-2.41955;
0.0636624;-2.41788;
0.0636824;-2.41621;
0.0637024;-2.41453;
0.0637224;-2.41286;
0.0637424;-2.41119;
0.0637624;-2.40952;
0.0637824;-2.40785;
0.0638024;-2.40618;
0.0638224;-2.40451;
0.0638424;-2.40283;
0.0638624;-2.40116;
0.0638824;-2.39949;
0.0639024;-2.39782;
0.0639224;-2.39615;
0.0639424;-2.39447;
0.0639624;-2.3928;
0.0639824;-2.39113;
0.064;-2.38966;
0.0640001;-2.38965;
0.0640003;-2.38963;
0.0640007;-2.3896;
0.064001;-2.38958;
0.0640011;-2.38957;
0.0640012;-2.38956;
0.0640016;-2.38953;
0.0640022;-2.38947;
0.0640035;-2.38937;
0.064006;-2.38915;
0.0640112;-2.38873;
0.0640214;-2.38787;
0.0640414;-2.3862;
0.0640614;-2.38453;
0.0640814;-2.38285;
0.0641014;-2.38118;
0.0641214;-2.37951;
0.0641414;-2.37784;
0.0641614;-2.37616;
0.0641814;-2.37449;
0.0642014;-2.37282;
0.0642214;-2.37114;
0.0642414;-2.36947;
0.0642614;-2.3678;
0.0642814;-2.36613;
0.0643014;-2.36445;
0.0643214;-2.36278;
0.0643414;-2.36111;
0.0643614;-2.35943;
0.0643814;-2.35776;
0.0644014;-2.35609;
0.0644214;-2.35441;
0.0644414;-2.35274;
0.0644614;-2.35107;
0.0644814;-2.34939;
0.0645014;-2.34772;
0.0645214;-2.34605;
0.0645414;-2.34437;
0.0645614;-2.3427;
0.0645814;-2.34103;
0.0646014;-2.33935;
0.0646214;-2.33768;
0.0646414;-2.336;
0.0646614;-2.33433;
0.0646814;-2.33266;
0.0647014;-2.33098;
0.0647214;-2.32931;
0.0647414;-2.32763;
0.0647614;-2.32596;
0.0647814;-2.32429;
0.0648014;-2.32261;
0.0648214;-2.32094;
0.0648414;-2.31926;
0.0648614;-2.31759;
0.0648814;-2.31592;
0.0649014;-2.31424;
0.0649214;-2.31257;
0.0649414;-2.31089;
0.0649614;-2.30922;
0.0649814;-2.30754;
0.065001;-2.3059;
0.0650011;-2.30589;
0.0650013;-2.30588;
0.0650017;-2.30584;
0.065002;-2.30582;
0.0650021;-2.30581;
0.0650022;-2.3058;
0.0650026;-2.30577;
0.0650032;-2.30572;
0.0650045;-2.30561;
0.065007;-2.3054;
0.0650122;-2.30497;
0.0650224;-2.30411;
0.0650424;-2.30243;
0.0650624;-2.30076;
0.0650824;-2.29908;
0.0651024;-2.29741;
0.0651224;-2.29573;
0.0651424;-2.29406;
0.0651624;-2.29238;
0.0651824;-2.29071;
0.0652024;-2.28903;
0.0652224;-2.28736;
0.0652424;-2.28568;
0.0652624;-2.28401;
0.0652824;-2.28233;
0.0653024;-2.28066;
0.0653224;-2.27898;
0.0653424;-2.27731;
0.0653624;-2.27563;
0.0653824;-2.27396;
0.0654024;-2.27228;
0.0654224;-2.2706;
0.0654424;-2.26893;
0.0654624;-2.26725;
0.0654824;-2.26558;
0.0655024;-2.2639;
0.0655224;-2.26223;
0.0655424;-2.26055;
0.0655624;-2.25887;
0.0655824;-2.2572;
0.0656024;-2.25552;
0.0656224;-2.25385;
0.0656424;-2.25217;
0.0656624;-2.25049;
0.0656824;-2.24882;
0.0657024;-2.24714;
0.0657224;-2.24546;
0.0657424;-2.24379;
0.0657624;-2.24211;
0.0657824;-2.24044;
0.0658024;-2.23876;
0.0658224;-2.23708;
0.0658424;-2.23541;
0.0658624;-2.23373;
0.0658824;-2.23205;
0.0659024;-2.23038;
0.0659224;-2.2287;
0.0659424;-2.22702;
0.0659624;-2.22535;
0.0659824;-2.22367;
0.066;-2.22219;
0.0660001;-2.22219;
0.0660003;-2.22217;
0.0660007;-2.22214;
0.066001;-2.22211;
0.0660011;-2.2221;
0.0660012;-2.22209;
0.0660016;-2.22206;
0.0660022;-2.22201;
0.0660035;-2.2219;
0.066006;-2.22169;
0.0660112;-2.22126;
0.0660214;-2.2204;
0.0660414;-2.21872;
0.0660614;-2.21705;
0.0660814;-2.21537;
0.0661014;-2.21369;
0.0661214;-2.21201;
0.0661414;-2.21034;
0.0661614;-2.20866;
0.0661814;-2.20698;
0.0662014;-2.20531;
0.0662214;-2.20363;
0.0662414;-2.20195;
0.0662614;-2.20027;
0.0662814;-2.1986;
0.0663014;-2.19692;
0.0663214;-2.19524;
0.0663414;-2.19356;
0.0663614;-2.19189;
0.0663814;-2.19021;
0.0664014;-2.18853;
0.0664214;-2.18685;
0.0664414;-2.18518;
0.0664614;-2.1835;
0.0664814;-2.18182;
0.0665014;-2.18014;
0.0665214;-2.17847;
0.0665414;-2.17679;
0.0665614;-2.17511;
0.0665814;-2.17343;
0.0666014;-2.17175;
0.0666214;-2.17008;
0.0666414;-2.1684;
0.0666614;-2.16672;
0.0666814;-2.16504;
0.0667014;-2.16336;
0.0667214;-2.16169;
0.0667414;-2.16001;
0.0667614;-2.15833;
0.0667814;-2.15665;
0.0668014;-2.15497;
0.0668214;-2.15329;
0.0668414;-2.15162;
0.0668614;-2.14994;
0.0668814;-2.14826;
0.0669014;-2.14658;
0.0669214;-2.1449;
0.0669414;-2.14322;
0.0669614;-2.14155;
0.0669814;-2.13987;
0.067001;-2.13822;
0.0670011;-2.13821;
0.0670013;-2.1382;
0.0670017;-2.13816;
0.067002;-2.13814;
0.0670021;-2.13813;
0.0670022;-2.13812;
0.0670026;-2.13809;
0.0670032;-2.13804;
0.0670045;-2.13793;
0.067007;-2.13772;
0.0670122;-2.13729;
0.0670224;-2.13643;
0.0670424;-2.13475;
0.0670624;-2.13307;
0.0670824;-2.13139;
0.0671024;-2.12971;
0.0671224;-2.12803;
0.0671424;-2.12635;
0.0671624;-2.12467;
0.0671824;-2.123;
0.0672024;-2.12132;
0.0672224;-2.11964;
0.0672424;-2.11796;
0.0672624;-2.11628;
0.0672824;-2.1146;
0.0673024;-2.11292;
0.0673224;-2.11124;
0.0673424;-2.10956;
0.0673624;-2.10788;
0.0673824;-2.10621;
0.0674024;-2.10453;
0.0674224;-2.10285;
0.0674424;-2.10117;
0.0674624;-2.09949;
0.0674824;-2.09781;
0.0675024;-2.09613;
0.0675224;-2.09445;
0.0675424;-2.09277;
0.0675624;-2.09109;
0.0675824;-2.08941;
0.0676024;-2.08773;
0.0676224;-2.08605;
0.0676424;-2.08437;
0.0676624;-2.08269;
0.0676824;-2.08102;
0.0677024;-2.07934;
0.0677224;-2.07766;
0.0677424;-2.07598;
0.0677624;-2.0743;
0.0677824;-2.07262;
0.0678024;-2.07094;
0.0678224;-2.06926;
0.0678424;-2.06758;
0.0678624;-2.0659;
0.0678824;-2.06422;
0.0679024;-2.06254;
0.0679224;-2.06086;
0.0679424;-2.05918;
0.0679624;-2.0575;
0.0679824;-2.05582;
0.068;-2.05434;
0.0680001;-2.05433;
0.0680003;-2.05432;
0.0680007;-2.05428;
0.068001;-2.05426;
0.0680011;-2.05425;
0.0680012;-2.05424;
0.0680016;-2.05421;
0.0680022;-2.05416;
0.0680035;-2.05405;
0.068006;-2.05383;
0.0680112;-2.0534;
0.0680214;-2.05254;
0.0680414;-2.05086;
0.0680614;-2.04918;
0.0680814;-2.0475;
0.0681014;-2.04582;
0.0681214;-2.04414;
0.0681414;-2.04246;
0.0681614;-2.04078;
0.0681814;-2.0391;
0.0682014;-2.03742;
0.0682214;-2.03574;
0.0682414;-2.03406;
0.0682614;-2.03238;
0.0682814;-2.0307;
0.0683014;-2.02902;
0.0683214;-2.02734;
0.0683414;-2.02566;
0.0683614;-2.02398;
0.0683814;-2.0223;
0.0684014;-2.02062;
0.0684214;-2.01894;
0.0684414;-2.01726;
0.0684614;-2.01558;
0.0684814;-2.0139;
0.0685014;-2.01222;
0.0685214;-2.01054;
0.0685414;-2.00886;
0.0685614;-2.00718;
0.0685814;-2.00549;
0.0686014;-2.00381;
0.0686214;-2.00213;
0.0686414;-2.00045;
0.0686614;-1.99877;
0.0686814;-1.99709;
0.0687014;-1.99541;
0.0687214;-1.99373;
0.0687414;-1.99205;
0.0687614;-1.99037;
0.0687814;-1.98869;
0.0688014;-1.98701;
0.0688214;-1.98533;
0.0688414;-1.98365;
0.0688614;-1.98196;
0.0688814;-1.98028;
0.0689014;-1.9786;
0.0689214;-1.97692;
0.0689414;-1.97524;
0.0689614;-1.97356;
0.0689814;-1.97188;
0.069001;-1.97023;
0.0690011;-1.97022;
0.0690013;-1.97021;
0.0690017;-1.97017;
0.069002;-1.97015;
0.0690021;-1.97014;
0.0690022;-1.97013;
0.0690026;-1.9701;
0.0690032;-1.97005;
0.0690045;-1.96994;
0.069007;-1.96972;
0.0690122;-1.96929;
0.0690224;-1.96843;
0.0690424;-1.96675;
0.0690624;-1.96507;
0.0690824;-1.96339;
0.0691024;-1.96171;
0.0691224;-1.96003;
0.0691424;-1.95835;
0.0691624;-1.95667;
0.0691824;-1.95499;
0.0692024;-1.9533;
0.0692224;-1.95162;
0.0692424;-1.94994;
0.0692624;-1.94826;
0.0692824;-1.94658;
0.0693024;-1.9449;
0.0693224;-1.94322;
0.0693424;-1.94154;
0.0693624;-1.93986;
0.0693824;-1.93817;
0.0694024;-1.93649;
0.0694224;-1.93481;
0.0694424;-1.93313;
0.0694624;-1.93145;
0.0694824;-1.92977;
0.0695024;-1.92809;
0.0695224;-1.9264;
0.0695424;-1.92472;
0.0695624;-1.92304;
0.0695824;-1.92136;
0.0696024;-1.91968;
0.0696224;-1.918;
0.0696424;-1.91632;
0.0696624;-1.91464;
0.0696824;-1.91295;
0.0697024;-1.91127;
0.0697224;-1.90959;
0.0697424;-1.90791;
0.0697624;-1.90623;
0.0697824;-1.90455;
0.0698024;-1.90287;
0.0698224;-1.90118;
0.0698424;-1.8995;
0.0698624;-1.89782;
0.0698824;-1.89614;
0.0699024;-1.89446;
0.0699224;-1.89278;
0.0699424;-1.89109;
0.0699624;-1.88941;
0.0699824;-1.88773;
0.07;-1.88625;
0.0700001;-1.88624;
0.0700003;-1.88623;
0.0700007;-1.88619;
0.070001;-1.88617;
0.0700011;-1.88616;
0.0700012;-1.88615;
0.0700016;-1.88612;
0.0700022;-1.88607;
0.0700035;-1.88596;
0.070006;-1.88574;
0.0700112;-1.88531;
0.0700214;-1.88445;
0.0700414;-1.88277;
0.0700614;-1.88109;
0.0700814;-1.87941;
0.0701014;-1.87773;
0.0701214;-1.87604;
0.0701414;-1.87436;
0.0701614;-1.87268;
0.0701814;-1.871;
0.0702014;-1.86932;
0.0702214;-1.86764;
0.0702414;-1.86595;
0.0702614;-1.86427;
0.0702814;-1.86259;
0.0703014;-1.86091;
0.0703214;-1.85923;
0.0703414;-1.85755;
0.0703614;-1.85586;
0.0703814;-1.85418;
0.0704014;-1.8525;
0.0704214;-1.85082;
0.0704414;-1.84914;
0.0704614;-1.84746;
0.0704814;-1.84577;
0.0705014;-1.84409;
0.0705214;-1.84241;
0.0705414;-1.84073;
0.0705614;-1.83905;
0.0705814;-1.83736;
0.0706014;-1.83568;
0.0706214;-1.834;
0.0706414;-1.83232;
0.0706614;-1.83064;
0.0706814;-1.82896;
0.0707014;-1.82727;
0.0707214;-1.82559;
0.0707414;-1.82391;
0.0707614;-1.82223;
0.0707814;-1.82055;
0.0708014;-1.81887;
0.0708214;-1.81718;
0.0708414;-1.8155;
0.0708614;-1.81382;
0.0708814;-1.81214;
0.0709014;-1.81046;
0.0709214;-1.80877;
0.0709414;-1.80709;
0.0709614;-1.80541;
0.0709814;-1.80373;
0.071001;-1.80208;
0.0710011;-1.80207;
0.0710013;-1.80206;
0.0710017;-1.80202;
0.071002;-1.802;
0.0710021;-1.80199;
0.0710022;-1.80198;
0.0710026;-1.80195;
0.0710032;-1.8019;
0.0710045;-1.80179;
0.071007;-1.80157;
0.0710122;-1.80114;
0.0710224;-1.80028;
0.0710424;-1.7986;
0.0710624;-1.79692;
0.0710824;-1.79524;
0.0711024;-1.79355;
0.0711224;-1.79187;
0.0711424;-1.79019;
0.0711624;-1.78851;
0.0711824;-1.78683;
0.0712024;-1.78514;
0.0712224;-1.78346;
0.0712424;-1.78178;
0.0712624;-1.7801;
0.0712824;-1.77842;
0.0713024;-1.77673;
0.0713224;-1.77505;
0.0713424;-1.77337;
0.0713624;-1.77169;
0.0713824;-1.77001;
0.0714024;-1.76833;
0.0714224;-1.76664;
0.0714424;-1.76496;
0.0714624;-1.76328;
0.0714824;-1.7616;
0.0715024;-1.75992;
0.0715224;-1.75823;
0.0715424;-1.75655;
0.0715624;-1.75487;
0.0715824;-1.75319;
0.0716024;-1.75151;
0.0716224;-1.74982;
0.0716424;-1.74814;
0.0716624;-1.74646;
0.0716824;-1.74478;
0.0717024;-1.7431;
0.0717224;-1.74142;
0.0717424;-1.73973;
0.0717624;-1.73805;
0.0717824;-1.73637;
0.0718024;-1.73469;
0.0718224;-1.73301;
0.0718424;-1.73132;
0.0718624;-1.72964;
0.0718824;-1.72796;
0.0719024;-1.72628;
0.0719224;-1.7246;
0.0719424;-1.72292;
0.0719624;-1.72123;
0.0719824;-1.71955;
0.072;-1.71807;
0.0720001;-1.71806;
0.0720003;-1.71805;
0.0720007;-1.71801;
0.072001;-1.71799;
0.0720011;-1.71798;
0.0720012;-1.71797;
0.0720016;-1.71794;
0.0720022;-1.71789;
0.0720035;-1.71778;
0.072006;-1.71756;
0.0720112;-1.71713;
0.0720214;-1.71627;
0.0720414;-1.71459;
0.0720614;-1.71291;
0.0720814;-1.71123;
0.0721014;-1.70954;
0.0721214;-1.70786;
0.0721414;-1.70618;
0.0721614;-1.7045;
0.0721814;-1.70282;
0.0722014;-1.70114;
0.0722214;-1.69945;
0.0722414;-1.69777;
0.0722614;-1.69609;
0.0722814;-1.69441;
0.0723014;-1.69273;
0.0723214;-1.69105;
0.0723414;-1.68936;
0.0723614;-1.68768;
0.0723814;-1.686;
0.0724014;-1.68432;
0.0724214;-1.68264;
0.0724414;-1.68096;
0.0724614;-1.67927;
0.0724814;-1.67759;
0.0725014;-1.67591;
0.0725214;-1.67423;
0.0725414;-1.67255;
0.0725614;-1.67087;
0.0725814;-1.66918;
0.0726014;-1.6675;
0.0726214;-1.66582;
0.0726414;-1.66414;
0.0726614;-1.66246;
0.0726814;-1.66078;
0.0727014;-1.65909;
0.0727214;-1.65741;
0.0727414;-1.65573;
0.0727614;-1.65405;
0.0727814;-1.65237;
0.0728014;-1.65069;
0.0728214;-1.64901;
0.0728414;-1.64732;
0.0728614;-1.64564;
0.0728814;-1.64396;
0.0729014;-1.64228;
0.0729214;-1.6406;
0.0729414;-1.63892;
0.0729614;-1.63724;
0.0729814;-1.63555;
0.073001;-1.63391;
0.0730011;-1.6339;
0.0730013;-1.63388;
0.0730017;-1.63385;
0.073002;-1.63382;
0.0730021;-1.63382;
0.0730022;-1.6338;
0.0730026;-1.63377;
0.0730032;-1.63372;
0.0730045;-1.63361;
0.073007;-1.6334;
0.0730122;-1.63297;
0.0730224;-1.63211;
0.0730424;-1.63043;
0.0730624;-1.62874;
0.0730824;-1.62706;
0.0731024;-1.62538;
0.0731224;-1.6237;
0.0731424;-1.62202;
0.0731624;-1.62034;
0.0731824;-1.61866;
0.0732024;-1.61697;
0.0732224;-1.61529;
0.0732424;-1.61361;
0.0732624;-1.61193;
0.0732824;-1.61025;
0.0733024;-1.60857;
0.0733224;-1.60689;
0.0733424;-1.60521;
0.0733624;-1.60352;
0.0733824;-1.60184;
0.0734024;-1.60016;
0.0734224;-1.59848;
0.0734424;-1.5968;
0.0734624;-1.59512;
0.0734824;-1.59344;
0.0735024;-1.59176;
0.0735224;-1.59008;
0.0735424;-1.58839;
0.0735624;-1.58671;
0.0735824;-1.58503;
0.0736024;-1.58335;
0.0736224;-1.58167;
0.0736424;-1.57999;
0.0736624;-1.57831;
0.0736824;-1.57663;
0.0737024;-1.57495;
0.0737224;-1.57327;
0.0737424;-1.57158;
0.0737624;-1.5699;
0.0737824;-1.56822;
0.0738024;-1.56654;
0.0738224;-1.56486;
0.0738424;-1.56318;
0.0738624;-1.5615;
0.0738824;-1.55982;
0.0739024;-1.55814;
0.0739224;-1.55646;
0.0739424;-1.55478;
0.0739624;-1.5531;
0.0739824;-1.55142;
0.074;-1.54994;
0.0740001;-1.54993;
0.0740003;-1.54991;
0.0740007;-1.54988;
0.074001;-1.54985;
0.0740011;-1.54985;
0.0740012;-1.54983;
0.0740016;-1.5498;
0.0740022;-1.54975;
0.0740035;-1.54964;
0.074006;-1.54943;
0.0740112;-1.549;
0.0740214;-1.54814;
0.0740414;-1.54646;
0.0740614;-1.54478;
0.0740814;-1.5431;
0.0741014;-1.54142;
0.0741214;-1.53973;
0.0741414;-1.53805;
0.0741614;-1.53637;
0.0741814;-1.53469;
0.0742014;-1.53301;
0.0742214;-1.53133;
0.0742414;-1.52965;
0.0742614;-1.52797;
0.0742814;-1.52629;
0.0743014;-1.52461;
0.0743214;-1.52293;
0.0743414;-1.52125;
0.0743614;-1.51957;
0.0743814;-1.51789;
0.0744014;-1.51621;
0.0744214;-1.51453;
0.0744414;-1.51285;
0.0744614;-1.51117;
0.0744814;-1.50949;
0.0745014;-1.50781;
0.0745214;-1.50613;
0.0745414;-1.50445;
0.0745614;-1.50277;
0.0745814;-1.50109;
0.0746014;-1.49941;
0.0746214;-1.49773;
0.0746414;-1.49605;
0.0746614;-1.49437;
0.0746814;-1.49269;
0.0747014;-1.49101;
0.0747214;-1.48933;
0.0747414;-1.48765;
0.0747614;-1.48597;
0.0747814;-1.48429;
0.0748014;-1.48261;
0.0748214;-1.48093;
0.0748414;-1.47925;
0.0748614;-1.47757;
0.0748814;-1.47589;
0.0749014;-1.47421;
0.0749214;-1.47253;
0.0749414;-1.47085;
0.0749614;-1.46917;
0.0749814;-1.46749;
0.075001;-1.46584;
0.0750011;-1.46583;
0.0750013;-1.46582;
0.0750017;-1.46578;
0.075002;-1.46576;
0.0750021;-1.46575;
0.0750022;-1.46574;
0.0750026;-1.46571;
0.0750032;-1.46566;
0.0750045;-1.46555;
0.075007;-1.46533;
0.0750122;-1.4649;
0.0750224;-1.46404;
0.0750424;-1.46236;
0.0750624;-1.46068;
0.0750824;-1.45901;
0.0751024;-1.45733;
0.0751224;-1.45565;
0.0751424;-1.45397;
0.0751624;-1.45229;
0.0751824;-1.45061;
0.0752024;-1.44893;
0.0752224;-1.44725;
0.0752424;-1.44557;
0.0752624;-1.44389;
0.0752824;-1.44221;
0.0753024;-1.44053;
0.0753224;-1.43885;
0.0753424;-1.43717;
0.0753624;-1.43549;
0.0753824;-1.43381;
0.0754024;-1.43214;
0.0754224;-1.43046;
0.0754424;-1.42878;
0.0754624;-1.4271;
0.0754824;-1.42542;
0.0755024;-1.42374;
0.0755224;-1.42206;
0.0755424;-1.42038;
0.0755624;-1.4187;
0.0755824;-1.41702;
0.0756024;-1.41534;
0.0756224;-1.41367;
0.0756424;-1.41199;
0.0756624;-1.41031;
0.0756824;-1.40863;
0.0757024;-1.40695;
0.0757224;-1.40527;
0.0757424;-1.40359;
0.0757624;-1.40191;
0.0757824;-1.40024;
0.0758024;-1.39856;
0.0758224;-1.39688;
0.0758424;-1.3952;
0.0758624;-1.39352;
0.0758824;-1.39184;
0.0759024;-1.39016;
0.0759224;-1.38849;
0.0759424;-1.38681;
0.0759624;-1.38513;
0.0759824;-1.38345;
0.076;-1.38197;
0.0760001;-1.38196;
0.0760003;-1.38195;
0.0760007;-1.38191;
0.076001;-1.38189;
0.0760011;-1.38188;
0.0760012;-1.38187;
0.0760016;-1.38184;
0.0760022;-1.38179;
0.0760035;-1.38168;
0.076006;-1.38147;
0.0760112;-1.38104;
0.0760214;-1.38018;
0.0760414;-1.3785;
0.0760614;-1.37682;
0.0760814;-1.37514;
0.0761014;-1.37346;
0.0761214;-1.37179;
0.0761414;-1.37011;
0.0761614;-1.36843;
0.0761814;-1.36675;
0.0762014;-1.36507;
0.0762214;-1.3634;
0.0762414;-1.36172;
0.0762614;-1.36004;
0.0762814;-1.35836;
0.0763014;-1.35668;
0.0763214;-1.35501;
0.0763414;-1.35333;
0.0763614;-1.35165;
0.0763814;-1.34997;
0.0764014;-1.34829;
0.0764214;-1.34662;
0.0764414;-1.34494;
0.0764614;-1.34326;
0.0764814;-1.34158;
0.0765014;-1.33991;
0.0765214;-1.33823;
0.0765414;-1.33655;
0.0765614;-1.33487;
0.0765814;-1.3332;
0.0766014;-1.33152;
0.0766214;-1.32984;
0.0766414;-1.32816;
0.0766614;-1.32649;
0.0766814;-1.32481;
0.0767014;-1.32313;
0.0767214;-1.32145;
0.0767414;-1.31978;
0.0767614;-1.3181;
0.0767814;-1.31642;
0.0768014;-1.31475;
0.0768214;-1.31307;
0.0768414;-1.31139;
0.0768614;-1.30971;
0.0768814;-1.30804;
0.0769014;-1.30636;
0.0769214;-1.30468;
0.0769414;-1.30301;
0.0769614;-1.30133;
0.0769814;-1.29965;
0.077001;-1.29801;
0.0770011;-1.298;
0.0770013;-1.29799;
0.0770017;-1.29795;
0.077002;-1.29793;
0.0770021;-1.29792;
0.0770022;-1.29791;
0.0770026;-1.29788;
0.0770032;-1.29783;
0.0770045;-1.29772;
0.077007;-1.2975;
0.0770122;-1.29707;
0.0770224;-1.29622;
0.0770424;-1.29454;
0.0770624;-1.29286;
0.0770824;-1.29119;
0.0771024;-1.28951;
0.0771224;-1.28783;
0.0771424;-1.28616;
0.0771624;-1.28448;
0.0771824;-1.2828;
0.0772024;-1.28113;
0.0772224;-1.27945;
0.0772424;-1.27777;
0.0772624;-1.2761;
0.0772824;-1.27442;
0.0773024;-1.27275;
0.0773224;-1.27107;
0.0773424;-1.26939;
0.0773624;-1.26772;
0.0773824;-1.26604;
0.0774024;-1.26437;
0.0774224;-1.26269;
0.0774424;-1.26101;
0.0774624;-1.25934;
0.0774824;-1.25766;
0.0775024;-1.25599;
0.0775224;-1.25431;
0.0775424;-1.25263;
0.0775624;-1.25096;
0.0775824;-1.24928;
0.0776024;-1.24761;
0.0776224;-1.24593;
0.0776424;-1.24426;
0.0776624;-1.24258;
0.0776824;-1.2409;
0.0777024;-1.23923;
0.0777224;-1.23755;
0.0777424;-1.23588;
0.0777624;-1.2342;
0.0777824;-1.23253;
0.0778024;-1.23085;
0.0778224;-1.22918;
0.0778424;-1.2275;
0.0778624;-1.22583;
0.0778824;-1.22415;
0.0779024;-1.22248;
0.0779224;-1.2208;
0.0779424;-1.21913;
0.0779624;-1.21745;
0.0779824;-1.21578;
0.078;-1.2143;
0.0780001;-1.21429;
0.0780003;-1.21428;
0.0780007;-1.21424;
0.078001;-1.21422;
0.0780011;-1.21421;
0.0780012;-1.2142;
0.0780016;-1.21417;
0.0780022;-1.21412;
0.0780035;-1.21401;
0.078006;-1.2138;
0.0780112;-1.21337;
0.0780214;-1.21251;
0.0780414;-1.21084;
0.0780614;-1.20916;
0.0780814;-1.20749;
0.0781014;-1.20581;
0.0781214;-1.20414;
0.0781414;-1.20246;
0.0781614;-1.20079;
0.0781814;-1.19911;
0.0782014;-1.19744;
0.0782214;-1.19577;
0.0782414;-1.19409;
0.0782614;-1.19242;
0.0782814;-1.19074;
0.0783014;-1.18907;
0.0783214;-1.18739;
0.0783414;-1.18572;
0.0783614;-1.18405;
0.0783814;-1.18237;
0.0784014;-1.1807;
0.0784214;-1.17902;
0.0784414;-1.17735;
0.0784614;-1.17568;
0.0784814;-1.174;
0.0785014;-1.17233;
0.0785214;-1.17065;
0.0785414;-1.16898;
0.0785614;-1.16731;
0.0785814;-1.16563;
0.0786014;-1.16396;
0.0786214;-1.16229;
0.0786414;-1.16061;
0.0786614;-1.15894;
0.0786814;-1.15727;
0.0787014;-1.15559;
0.0787214;-1.15392;
0.0787414;-1.15225;
0.0787614;-1.15057;
0.0787814;-1.1489;
0.0788014;-1.14723;
0.0788214;-1.14555;
0.0788414;-1.14388;
0.0788614;-1.14221;
0.0788814;-1.14053;
0.0789014;-1.13886;
0.0789214;-1.13719;
0.0789414;-1.13551;
0.0789614;-1.13384;
0.0789814;-1.13217;
0.079001;-1.13053;
0.0790011;-1.13052;
0.0790013;-1.1305;
0.0790017;-1.13047;
0.079002;-1.13045;
0.0790021;-1.13044;
0.0790022;-1.13043;
0.0790026;-1.1304;
0.0790032;-1.13035;
0.0790045;-1.13024;
0.079007;-1.13002;
0.0790122;-1.1296;
0.0790224;-1.12874;
0.0790424;-1.12707;
0.0790624;-1.1254;
0.0790824;-1.12372;
0.0791024;-1.12205;
0.0791224;-1.12038;
0.0791424;-1.11871;
0.0791624;-1.11703;
0.0791824;-1.11536;
0.0792024;-1.11369;
0.0792224;-1.11202;
0.0792424;-1.11034;
0.0792624;-1.10867;
0.0792824;-1.107;
0.0793024;-1.10533;
0.0793224;-1.10366;
0.0793424;-1.10198;
0.0793624;-1.10031;
0.0793824;-1.09864;
0.0794024;-1.09697;
0.0794224;-1.0953;
0.0794424;-1.09363;
0.0794624;-1.09195;
0.0794824;-1.09028;
0.0795024;-1.08861;
0.0795224;-1.08694;
0.0795424;-1.08527;
0.0795624;-1.0836;
0.0795824;-1.08192;
0.0796024;-1.08025;
0.0796224;-1.07858;
0.0796424;-1.07691;
0.0796624;-1.07524;
0.0796824;-1.07357;
0.0797024;-1.0719;
0.0797224;-1.07023;
0.0797424;-1.06856;
0.0797624;-1.06689;
0.0797824;-1.06521;
0.0798024;-1.06354;
0.0798224;-1.06187;
0.0798424;-1.0602;
0.0798624;-1.05853;
0.0798824;-1.05686;
0.0799024;-1.05519;
0.0799224;-1.05352;
0.0799424;-1.05185;
0.0799624;-1.05018;
0.0799824;-1.04851;
0.08;-1.04704;
0.0800001;-1.04703;
0.0800003;-1.04701;
0.0800007;-1.04698;
0.080001;-1.04696;
0.0800011;-1.04695;
0.0800012;-1.04694;
0.0800016;-1.04691;
0.0800022;-1.04686;
0.0800035;-1.04675;
0.080006;-1.04653;
0.0800112;-1.04611;
0.0800214;-1.04525;
0.0800414;-1.04358;
0.0800614;-1.04191;
0.0800814;-1.04024;
0.0801014;-1.03857;
0.0801214;-1.0369;
0.0801414;-1.03523;
0.0801614;-1.03356;
0.0801814;-1.03189;
0.0802014;-1.03022;
0.0802214;-1.02855;
0.0802414;-1.02688;
0.0802614;-1.02521;
0.0802814;-1.02354;
0.0803014;-1.02187;
0.0803214;-1.0202;
0.0803414;-1.01854;
0.0803614;-1.01687;
0.0803814;-1.0152;
0.0804014;-1.01353;
0.0804214;-1.01186;
0.0804414;-1.01019;
0.0804614;-1.00852;
0.0804814;-1.00685;
0.0805014;-1.00518;
0.0805214;-1.00351;
0.0805414;-1.00184;
0.0805614;-1.00018;
0.0805814;-0.998507;
0.0806014;-0.996838;
0.0806214;-0.99517;
0.0806414;-0.993501;
0.0806614;-0.991833;
0.0806814;-0.990164;
0.0807014;-0.988496;
0.0807214;-0.986827;
0.0807414;-0.985159;
0.0807614;-0.983491;
0.0807814;-0.981823;
0.0808014;-0.980154;
0.0808214;-0.978486;
0.0808414;-0.976818;
0.0808614;-0.97515;
0.0808814;-0.973482;
0.0809014;-0.971815;
0.0809214;-0.970147;
0.0809414;-0.968479;
0.0809614;-0.966811;
0.0809814;-0.965144;
0.081001;-0.96351;
0.0810011;-0.963501;
0.0810013;-0.963484;
0.0810017;-0.963451;
0.081002;-0.963426;
0.0810021;-0.963419;
0.0810022;-0.963406;
0.0810026;-0.963379;
0.0810032;-0.963326;
0.0810045;-0.963219;
0.081007;-0.963006;
0.0810122;-0.962579;
0.0810224;-0.961725;
0.0810424;-0.960058;
0.0810624;-0.95839;
0.0810824;-0.956723;
0.0811024;-0.955056;
0.0811224;-0.953388;
0.0811424;-0.951721;
0.0811624;-0.950054;
0.0811824;-0.948387;
0.0812024;-0.94672;
0.0812224;-0.945053;
0.0812424;-0.943386;
0.0812624;-0.941719;
0.0812824;-0.940053;
0.0813024;-0.938386;
0.0813224;-0.936719;
0.0813424;-0.935053;
0.0813624;-0.933386;
0.0813824;-0.93172;
0.0814024;-0.930053;
0.0814224;-0.928387;
0.0814424;-0.92672;
0.0814624;-0.925054;
0.0814824;-0.923388;
0.0815024;-0.921722;
0.0815224;-0.920056;
0.0815424;-0.91839;
0.0815624;-0.916724;
0.0815824;-0.915058;
0.0816024;-0.913392;
0.0816224;-0.911726;
0.0816424;-0.910061;
0.0816624;-0.908395;
0.0816824;-0.906729;
0.0817024;-0.905064;
0.0817224;-0.903398;
0.0817424;-0.901733;
0.0817624;-0.900067;
0.0817824;-0.898402;
0.0818024;-0.896737;
0.0818224;-0.895072;
0.0818424;-0.893407;
0.0818624;-0.891741;
0.0818824;-0.890076;
0.0819024;-0.888412;
0.0819224;-0.886747;
0.0819424;-0.885082;
0.0819624;-0.883417;
0.0819824;-0.881752;
0.082;-0.880287;
0.0820001;-0.880279;
0.0820003;-0.880262;
0.0820007;-0.880229;
0.082001;-0.880204;
0.0820011;-0.880198;
0.0820012;-0.880184;
0.0820016;-0.880158;
0.0820022;-0.880104;
0.0820035;-0.879998;
0.082006;-0.879785;
0.0820112;-0.879359;
0.0820214;-0.878506;
0.0820414;-0.876842;
0.0820614;-0.875177;
0.0820814;-0.873513;
0.0821014;-0.871849;
0.0821214;-0.870184;
0.0821414;-0.86852;
0.0821614;-0.866856;
0.0821814;-0.865192;
0.0822014;-0.863528;
0.0822214;-0.861864;
0.0822414;-0.8602;
0.0822614;-0.858536;
0.0822814;-0.856872;
0.0823014;-0.855209;
0.0823214;-0.853545;
0.0823414;-0.851881;
0.0823614;-0.850218;
0.0823814;-0.848554;
0.0824014;-0.846891;
0.0824214;-0.845228;
0.0824414;-0.843564;
0.0824614;-0.841901;
0.0824814;-0.840238;
0.0825014;-0.838575;
0.0825214;-0.836912;
0.0825414;-0.835249;
0.0825614;-0.833586;
0.0825814;-0.831923;
0.0826014;-0.83026;
0.0826214;-0.828598;
0.0826414;-0.826935;
0.0826614;-0.825273;
0.0826814;-0.82361;
0.0827014;-0.821948;
0.0827214;-0.820285;
0.0827414;-0.818623;
0.0827614;-0.816961;
0.0827814;-0.815298;
0.0828014;-0.813636;
0.0828214;-0.811974;
0.0828414;-0.810312;
0.0828614;-0.80865;
0.0828814;-0.806989;
0.0829014;-0.805327;
0.0829214;-0.803665;
0.0829414;-0.802003;
0.0829614;-0.800342;
0.0829814;-0.79868;
0.083001;-0.797052;
0.0830011;-0.797044;
0.0830013;-0.797027;
0.0830017;-0.796994;
0.083002;-0.796969;
0.0830021;-0.796962;
0.0830022;-0.796949;
0.0830026;-0.796922;
0.0830032;-0.796869;
0.0830045;-0.796763;
0.083007;-0.79655;
0.0830122;-0.796125;
0.0830224;-0.795274;
0.0830424;-0.793613;
0.0830624;-0.791952;
0.0830824;-0.790291;
0.0831024;-0.788629;
0.0831224;-0.786968;
0.0831424;-0.785307;
0.0831624;-0.783646;
0.0831824;-0.781986;
0.0832024;-0.780325;
0.0832224;-0.778664;
0.0832424;-0.777003;
0.0832624;-0.775343;
0.0832824;-0.773682;
0.0833024;-0.772022;
0.0833224;-0.770361;
0.0833424;-0.768701;
0.0833624;-0.767041;
0.0833824;-0.765381;
0.0834024;-0.76372;
0.0834224;-0.76206;
0.0834424;-0.7604;
0.0834624;-0.75874;
0.0834824;-0.757081;
0.0835024;-0.755421;
0.0835224;-0.753761;
0.0835424;-0.752101;
0.0835624;-0.750442;
0.0835824;-0.748782;
0.0836024;-0.747123;
0.0836224;-0.745464;
0.0836424;-0.743804;
0.0836624;-0.742145;
0.0836824;-0.740486;
0.0837024;-0.738827;
0.0837224;-0.737168;
0.0837424;-0.735509;
0.0837624;-0.73385;
0.0837824;-0.732191;
0.0838024;-0.730532;
0.0838224;-0.728874;
0.0838424;-0.727215;
0.0838624;-0.725556;
0.0838824;-0.723898;
0.0839024;-0.72224;
0.0839224;-0.720581;
0.0839424;-0.718923;
0.0839624;-0.717265;
0.0839824;-0.715607;
0.084;-0.714148;
0.0840001;-0.714139;
0.0840003;-0.714123;
0.0840007;-0.71409;
0.084001;-0.714065;
0.0840011;-0.714058;
0.0840012;-0.714045;
0.0840016;-0.714018;
0.0840022;-0.713965;
0.0840035;-0.713859;
0.084006;-0.713647;
0.0840112;-0.713222;
0.0840214;-0.712374;
0.0840414;-0.710716;
0.0840614;-0.709058;
0.0840814;-0.7074;
0.0841014;-0.705742;
0.0841214;-0.704085;
0.0841414;-0.702427;
0.0841614;-0.70077;
0.0841814;-0.699112;
0.0842014;-0.697455;
0.0842214;-0.695798;
0.0842414;-0.69414;
0.0842614;-0.692483;
0.0842814;-0.690826;
0.0843014;-0.689169;
0.0843214;-0.687512;
0.0843414;-0.685856;
0.0843614;-0.684199;
0.0843814;-0.682542;
0.0844014;-0.680885;
0.0844214;-0.679229;
0.0844414;-0.677572;
0.0844614;-0.675916;
0.0844814;-0.67426;
0.0845014;-0.672603;
0.0845214;-0.670947;
0.0845414;-0.669291;
0.0845614;-0.667635;
0.0845814;-0.665979;
0.0846014;-0.664323;
0.0846214;-0.662667;
0.0846414;-0.661012;
0.0846614;-0.659356;
0.0846814;-0.6577;
0.0847014;-0.656045;
0.0847214;-0.654389;
0.0847414;-0.652734;
0.0847614;-0.651079;
0.0847814;-0.649423;
0.0848014;-0.647768;
0.0848214;-0.646113;
0.0848414;-0.644458;
0.0848614;-0.642803;
0.0848814;-0.641148;
0.0849014;-0.639494;
0.0849214;-0.637839;
0.0849414;-0.636184;
0.0849614;-0.63453;
0.0849814;-0.632875;
0.085001;-0.631254;
0.0850011;-0.631246;
0.0850013;-0.631229;
0.0850017;-0.631196;
0.085002;-0.631171;
0.0850021;-0.631165;
0.0850022;-0.631151;
0.0850026;-0.631125;
0.0850032;-0.631072;
0.0850045;-0.630966;
0.085007;-0.630754;
0.0850122;-0.630331;
0.0850224;-0.629484;
0.0850424;-0.627829;
0.0850624;-0.626175;
0.0850824;-0.624521;
0.0851024;-0.622867;
0.0851224;-0.621213;
0.0851424;-0.619559;
0.0851624;-0.617906;
0.0851824;-0.616252;
0.0852024;-0.614598;
0.0852224;-0.612945;
0.0852424;-0.611291;
0.0852624;-0.609638;
0.0852824;-0.607984;
0.0853024;-0.606331;
0.0853224;-0.604678;
0.0853424;-0.603025;
0.0853624;-0.601372;
0.0853824;-0.599719;
0.0854024;-0.598066;
0.0854224;-0.596413;
0.0854424;-0.59476;
0.0854624;-0.593108;
0.0854824;-0.591455;
0.0855024;-0.589802;
0.0855224;-0.58815;
0.0855424;-0.586498;
0.0855624;-0.584845;
0.0855824;-0.583193;
0.0856024;-0.581541;
0.0856224;-0.579889;
0.0856424;-0.578237;
0.0856624;-0.576585;
0.0856824;-0.574933;
0.0857024;-0.573282;
0.0857224;-0.57163;
0.0857424;-0.569978;
0.0857624;-0.568327;
0.0857824;-0.566675;
0.0858024;-0.565024;
0.0858224;-0.563373;
0.0858424;-0.561722;
0.0858624;-0.560071;
0.0858824;-0.55842;
0.0859024;-0.556769;
0.0859224;-0.555118;
0.0859424;-0.553467;
0.0859624;-0.551816;
0.0859824;-0.550166;
0.086;-0.548713;
0.0860001;-0.548705;
0.0860003;-0.548688;
0.0860007;-0.548655;
0.086001;-0.548631;
0.0860011;-0.548624;
0.0860012;-0.548611;
0.0860016;-0.548584;
0.0860022;-0.548532;
0.0860035;-0.548426;
0.086006;-0.548215;
0.0860112;-0.547792;
0.0860214;-0.546947;
0.0860414;-0.545297;
0.0860614;-0.543646;
0.0860814;-0.541996;
0.0861014;-0.540346;
0.0861214;-0.538696;
0.0861414;-0.537046;
0.0861614;-0.535396;
0.0861814;-0.533746;
0.0862014;-0.532096;
0.0862214;-0.530447;
0.0862414;-0.528797;
0.0862614;-0.527148;
0.0862814;-0.525498;
0.0863014;-0.523849;
0.0863214;-0.522199;
0.0863414;-0.52055;
0.0863614;-0.518901;
0.0863814;-0.517252;
0.0864014;-0.515603;
0.0864214;-0.513954;
0.0864414;-0.512306;
0.0864614;-0.510657;
0.0864814;-0.509008;
0.0865014;-0.50736;
0.0865214;-0.505711;
0.0865414;-0.504063;
0.0865614;-0.502414;
0.0865814;-0.500766;
0.0866014;-0.499118;
0.0866214;-0.49747;
0.0866414;-0.495822;
0.0866614;-0.494174;
0.0866814;-0.492526;
0.0867014;-0.490879;
0.0867214;-0.489231;
0.0867414;-0.487583;
0.0867614;-0.485936;
0.0867814;-0.484289;
0.0868014;-0.482641;
0.0868214;-0.480994;
0.0868414;-0.479347;
0.0868614;-0.4777;
0.0868814;-0.476053;
0.0869014;-0.474406;
0.0869214;-0.472759;
0.0869414;-0.471112;
0.0869614;-0.469466;
0.0869814;-0.467819;
0.087001;-0.466206;
0.0870011;-0.466197;
0.0870013;-0.466181;
0.0870017;-0.466148;
0.087002;-0.466123;
0.0870021;-0.466117;
0.0870022;-0.466103;
0.0870026;-0.466077;
0.0870032;-0.466024;
0.0870045;-0.465919;
0.087007;-0.465708;
0.0870122;-0.465287;
0.0870224;-0.464444;
0.0870424;-0.462798;
0.0870624;-0.461151;
0.0870824;-0.459505;
0.0871024;-0.457859;
0.0871224;-0.456213;
0.0871424;-0.454567;
0.0871624;-0.452921;
0.0871824;-0.451276;
0.0872024;-0.44963;
0.0872224;-0.447984;
0.0872424;-0.446339;
0.0872624;-0.444694;
0.0872824;-0.443048;
0.0873024;-0.441403;
0.0873224;-0.439758;
0.0873424;-0.438113;
0.0873624;-0.436468;
0.0873824;-0.434823;
0.0874024;-0.433178;
0.0874224;-0.431533;
0.0874424;-0.429889;
0.0874624;-0.428244;
0.0874824;-0.4266;
0.0875024;-0.424955;
0.0875224;-0.423311;
0.0875424;-0.421667;
0.0875624;-0.420023;
0.0875824;-0.418379;
0.0876024;-0.416735;
0.0876224;-0.415091;
0.0876424;-0.413447;
0.0876624;-0.411804;
0.0876824;-0.41016;
0.0877024;-0.408516;
0.0877224;-0.406873;
0.0877424;-0.40523;
0.0877624;-0.403586;
0.0877824;-0.401943;
0.0878024;-0.4003;
0.0878224;-0.398657;
0.0878424;-0.397014;
0.0878624;-0.395371;
0.0878824;-0.393729;
0.0879024;-0.392086;
0.0879224;-0.390444;
0.0879424;-0.388801;
0.0879624;-0.387159;
0.0879824;-0.385516;
0.088;-0.384071;
0.0880001;-0.384063;
0.0880003;-0.384047;
0.0880007;-0.384014;
0.088001;-0.383989;
0.0880011;-0.383983;
0.0880012;-0.383969;
0.0880016;-0.383943;
0.0880022;-0.383891;
0.0880035;-0.383785;
0.088006;-0.383575;
0.0880112;-0.383155;
0.0880214;-0.382314;
0.0880414;-0.380672;
0.0880614;-0.37903;
0.0880814;-0.377388;
0.0881014;-0.375746;
0.0881214;-0.374105;
0.0881414;-0.372463;
0.0881614;-0.370822;
0.0881814;-0.36918;
0.0882014;-0.367539;
0.0882214;-0.365898;
0.0882414;-0.364256;
0.0882614;-0.362615;
0.0882814;-0.360974;
0.0883014;-0.359334;
0.0883214;-0.357693;
0.0883414;-0.356052;
0.0883614;-0.354411;
0.0883814;-0.352771;
0.0884014;-0.35113;
0.0884214;-0.34949;
0.0884414;-0.34785;
0.0884614;-0.34621;
0.0884814;-0.344569;
0.0885014;-0.342929;
0.0885214;-0.34129;
0.0885414;-0.33965;
0.0885614;-0.33801;
0.0885814;-0.33637;
0.0886014;-0.334731;
0.0886214;-0.333091;
0.0886414;-0.331452;
0.0886614;-0.329813;
0.0886814;-0.328173;
0.0887014;-0.326534;
0.0887214;-0.324895;
0.0887414;-0.323256;
0.0887614;-0.321618;
0.0887814;-0.319979;
0.0888014;-0.31834;
0.0888214;-0.316702;
0.0888414;-0.315063;
0.0888614;-0.313425;
0.0888814;-0.311786;
0.0889014;-0.310148;
0.0889214;-0.30851;
0.0889414;-0.306872;
0.0889614;-0.305234;
0.0889814;-0.303596;
0.089001;-0.301991;
0.0890011;-0.301983;
0.0890013;-0.301967;
0.0890017;-0.301934;
0.089002;-0.301909;
0.0890021;-0.301903;
0.0890022;-0.30189;
0.0890026;-0.301864;
0.0890032;-0.301811;
0.0890045;-0.301706;
0.089007;-0.301497;
0.0890122;-0.301078;
0.0890224;-0.300239;
0.0890424;-0.298601;
0.0890624;-0.296964;
0.0890824;-0.295327;
0.0891024;-0.293689;
0.0891224;-0.292052;
0.0891424;-0.290415;
0.0891624;-0.288778;
0.0891824;-0.287141;
0.0892024;-0.285504;
0.0892224;-0.283868;
0.0892424;-0.282231;
0.0892624;-0.280594;
0.0892824;-0.278958;
0.0893024;-0.277322;
0.0893224;-0.275685;
0.0893424;-0.274049;
0.0893624;-0.272413;
0.0893824;-0.270777;
0.0894024;-0.269141;
0.0894224;-0.267505;
0.0894424;-0.26587;
0.0894624;-0.264234;
0.0894824;-0.262598;
0.0895024;-0.260963;
0.0895224;-0.259328;
0.0895424;-0.257692;
0.0895624;-0.256057;
0.0895824;-0.254422;
0.0896024;-0.252787;
0.0896224;-0.251152;
0.0896424;-0.249518;
0.0896624;-0.247883;
0.0896824;-0.246248;
0.0897024;-0.244614;
0.0897224;-0.242979;
0.0897424;-0.241345;
0.0897624;-0.239711;
0.0897824;-0.238077;
0.0898024;-0.236443;
0.0898224;-0.234809;
0.0898424;-0.233175;
0.0898624;-0.231541;
0.0898824;-0.229908;
0.0899024;-0.228274;
0.0899224;-0.226641;
0.0899424;-0.225007;
0.0899624;-0.223374;
0.0899824;-0.221741;
0.09;-0.220304;
0.0900001;-0.220295;
0.0900003;-0.220279;
0.0900007;-0.220246;
0.090001;-0.220222;
0.0900011;-0.220215;
0.0900012;-0.220202;
0.0900016;-0.220176;
0.0900022;-0.220124;
0.0900035;-0.220019;
0.090006;-0.21981;
0.0900112;-0.219392;
0.0900214;-0.218556;
0.0900414;-0.216923;
0.0900614;-0.215291;
0.0900814;-0.213658;
0.0901014;-0.212025;
0.0901214;-0.210393;
0.0901414;-0.20876;
0.0901614;-0.207128;
0.0901814;-0.205496;
0.0902014;-0.203864;
0.0902214;-0.202232;
0.0902414;-0.2006;
0.0902614;-0.198968;
0.0902814;-0.197336;
0.0903014;-0.195704;
0.0903214;-0.194073;
0.0903414;-0.192441;
0.0903614;-0.19081;
0.0903814;-0.189179;
0.0904014;-0.187548;
0.0904214;-0.185917;
0.0904414;-0.184286;
0.0904614;-0.182655;
0.0904814;-0.181024;
0.0905014;-0.179393;
0.0905214;-0.177763;
0.0905414;-0.176132;
0.0905614;-0.174502;
0.0905814;-0.172871;
0.0906014;-0.171241;
0.0906214;-0.169611;
0.0906414;-0.167981;
0.0906614;-0.166351;
0.0906814;-0.164721;
0.0907014;-0.163092;
0.0907214;-0.161462;
0.0907414;-0.159833;
0.0907614;-0.158203;
0.0907814;-0.156574;
0.0908014;-0.154945;
0.0908214;-0.153315;
0.0908414;-0.151686;
0.0908614;-0.150058;
0.0908814;-0.148429;
0.0909014;-0.1468;
0.0909214;-0.145171;
0.0909414;-0.143543;
0.0909614;-0.141914;
0.0909814;-0.140286;
0.091001;-0.13869;
0.0910011;-0.138682;
0.0910013;-0.138666;
0.0910017;-0.138633;
0.091002;-0.138609;
0.0910021;-0.138602;
0.0910022;-0.138589;
0.0910026;-0.138563;
0.0910032;-0.138511;
0.0910045;-0.138407;
0.091007;-0.138199;
0.0910122;-0.137782;
0.0910224;-0.136948;
0.0910424;-0.13532;
0.0910624;-0.133692;
0.0910824;-0.132064;
0.0911024;-0.130437;
0.0911224;-0.128809;
0.0911424;-0.127181;
0.0911624;-0.125554;
0.0911824;-0.123927;
0.0912024;-0.122299;
0.0912224;-0.120672;
0.0912424;-0.119045;
0.0912624;-0.117418;
0.0912824;-0.115791;
0.0913024;-0.114165;
0.0913224;-0.112538;
0.0913424;-0.110911;
0.0913624;-0.109285;
0.0913824;-0.107659;
0.0914024;-0.106032;
0.0914224;-0.104406;
0.0914424;-0.10278;
0.0914624;-0.101154;
0.0914824;-0.0995284;
0.0915024;-0.0979027;
0.0915224;-0.096277;
0.0915424;-0.0946515;
0.0915624;-0.093026;
0.0915824;-0.0914007;
0.0916024;-0.0897754;
0.0916224;-0.0881503;
0.0916424;-0.0865252;
0.0916624;-0.0849003;
0.0916824;-0.0832755;
0.0917024;-0.0816507;
0.0917224;-0.0800261;
0.0917424;-0.0784015;
0.0917624;-0.0767771;
0.0917824;-0.0751528;
0.0918024;-0.0735285;
0.0918224;-0.0719044;
0.0918424;-0.0702804;
0.0918624;-0.0686564;
0.0918824;-0.0670326;
0.0919024;-0.0654089;
0.0919224;-0.0637853;
0.0919424;-0.0621617;
0.0919624;-0.0605383;
0.0919824;-0.058915;
0.092;-0.0574866;
0.0920001;-0.0574785;
0.0920003;-0.0574622;
0.0920007;-0.0574298;
0.092001;-0.0574054;
0.0920011;-0.0573989;
0.0920012;-0.0573859;
0.0920016;-0.05736;
0.0920022;-0.057308;
0.0920035;-0.0572041;
0.092006;-0.0569964;
0.0920112;-0.0565809;
0.0920214;-0.0557498;
0.0920414;-0.0541268;
0.0920614;-0.0525039;
0.0920814;-0.0508811;
0.0921014;-0.0492584;
0.0921214;-0.0476358;
0.0921414;-0.0460133;
0.0921614;-0.0443909;
0.0921814;-0.0427686;
0.0922014;-0.0411464;
0.0922214;-0.0395243;
0.0922414;-0.0379023;
0.0922614;-0.0362804;
0.0922814;-0.0346586;
0.0923014;-0.0330369;
0.0923214;-0.0314154;
0.0923414;-0.0297939;
0.0923614;-0.0281725;
0.0923814;-0.0265513;
0.0924014;-0.0249301;
0.0924214;-0.023309;
0.0924414;-0.0216881;
0.0924614;-0.0200672;
0.0924814;-0.0184465;
0.0925014;-0.0168258;
0.0925214;-0.0152053;
0.0925414;-0.0135849;
0.0925614;-0.0119645;
0.0925814;-0.0103443;
0.0926014;-0.00872416;
0.0926214;-0.00710414;
0.0926414;-0.00548423;
0.0926614;-0.00386442;
0.0926814;-0.00224471;
0.0927014;-0.000625105;
0.0927214;0.000994393;
0.0927414;0.00261379;
0.0927614;0.00423308;
0.0927814;0.00585226;
0.0928014;0.00747134;
0.0928214;0.00909031;
0.0928414;0.0107092;
0.0928614;0.0123279;
0.0928814;0.0139466;
0.0929014;0.0155652;
0.0929214;0.0171836;
0.0929414;0.018802;
0.0929614;0.0204202;
0.0929814;0.0220383;
0.093001;0.023624;
0.0930011;0.0236321;
0.0930013;0.0236483;
0.0930017;0.0236806;
0.093002;0.0237049;
0.0930021;0.0237114;
0.0930022;0.0237243;
0.0930026;0.0237502;
0.0930032;0.023802;
0.0930045;0.0239055;
0.093007;0.0241126;
0.0930122;0.0245268;
0.0930224;0.0253552;
0.0930424;0.026973;
0.0930624;0.0285907;
0.0930824;0.0302083;
0.0931024;0.0318258;
0.0931224;0.0334432;
0.0931424;0.0350604;
0.0931624;0.0366776;
0.0931824;0.0382947;
0.0932024;0.0399117;
0.0932224;0.0415285;
0.0932424;0.0431453;
0.0932624;0.0447619;
0.0932824;0.0463784;
0.0933024;0.0479949;
0.0933224;0.0496112;
0.0933424;0.0512274;
0.0933624;0.0528435;
0.0933824;0.0544595;
0.0934024;0.0560754;
0.0934224;0.0576912;
0.0934424;0.0593069;
0.0934624;0.0609225;
0.0934824;0.062538;
0.0935024;0.0641533;
0.0935224;0.0657686;
0.0935424;0.0673837;
0.0935624;0.0689988;
0.0935824;0.0706137;
0.0936024;0.0722285;
0.0936224;0.0738432;
0.0936424;0.0754579;
0.0936624;0.0770724;
0.0936824;0.0786868;
0.0937024;0.080301;
0.0937224;0.0819152;
0.0937424;0.0835293;
0.0937624;0.0851433;
0.0937824;0.0867571;
0.0938024;0.0883709;
0.0938224;0.0899845;
0.0938424;0.091598;
0.0938624;0.0932115;
0.0938824;0.0948248;
0.0939024;0.096438;
0.0939224;0.0980511;
0.0939424;0.0996641;
0.0939624;0.101277;
0.0939824;0.10289;
0.094;0.104309;
0.0940001;0.104317;
0.0940003;0.104333;
0.0940007;0.104365;
0.094001;0.104389;
0.0940011;0.104396;
0.0940012;0.104409;
0.0940016;0.104435;
0.0940022;0.104486;
0.0940035;0.104589;
0.094006;0.104796;
0.0940112;0.105209;
0.0940214;0.106034;
0.0940414;0.107647;
0.0940614;0.109259;
0.0940814;0.110871;
0.0941014;0.112483;
0.0941214;0.114095;
0.0941414;0.115707;
0.0941614;0.117319;
0.0941814;0.118931;
0.0942014;0.120542;
0.0942214;0.122154;
0.0942414;0.123765;
0.0942614;0.125377;
0.0942814;0.126988;
0.0943014;0.128599;
0.0943214;0.13021;
0.0943414;0.13182;
0.0943614;0.133431;
0.0943814;0.135042;
0.0944014;0.136652;
0.0944214;0.138263;
0.0944414;0.139873;
0.0944614;0.141483;
0.0944814;0.143093;
0.0945014;0.144703;
0.0945214;0.146313;
0.0945414;0.147922;
0.0945614;0.149532;
0.0945814;0.151142;
0.0946014;0.152751;
0.0946214;0.15436;
0.0946414;0.155969;
0.0946614;0.157578;
0.0946814;0.159187;
0.0947014;0.160796;
0.0947214;0.162405;
0.0947414;0.164013;
0.0947614;0.165622;
0.0947814;0.16723;
0.0948014;0.168839;
0.0948214;0.170447;
0.0948414;0.172055;
0.0948614;0.173663;
0.0948814;0.175271;
0.0949014;0.176878;
0.0949214;0.178486;
0.0949414;0.180093;
0.0949614;0.181701;
0.0949814;0.183308;
0.095001;0.184883;
0.0950011;0.184891;
0.0950013;0.184907;
0.0950017;0.184939;
0.095002;0.184963;
0.0950021;0.18497;
0.0950022;0.184983;
0.0950026;0.185008;
0.0950032;0.18506;
0.0950045;0.185163;
0.095007;0.185368;
0.0950122;0.18578;
0.0950224;0.186603;
0.0950424;0.188209;
0.0950624;0.189816;
0.0950824;0.191423;
0.0951024;0.19303;
0.0951224;0.194636;
0.0951424;0.196242;
0.0951624;0.197849;
0.0951824;0.199455;
0.0952024;0.201061;
0.0952224;0.202667;
0.0952424;0.204272;
0.0952624;0.205878;
0.0952824;0.207484;
0.0953024;0.209089;
0.0953224;0.210695;
0.0953424;0.2123;
0.0953624;0.213905;
0.0953824;0.21551;
0.0954024;0.217115;
0.0954224;0.21872;
0.0954424;0.220324;
0.0954624;0.221929;
0.0954824;0.223533;
0.0955024;0.225138;
0.0955224;0.226742;
0.0955424;0.228346;
0.0955624;0.22995;
0.0955824;0.231554;
0.0956024;0.233157;
0.0956224;0.234761;
0.0956424;0.236365;
0.0956624;0.237968;
0.0956824;0.239571;
0.0957024;0.241175;
0.0957224;0.242778;
0.0957424;0.244381;
0.0957624;0.245983;
0.0957824;0.247586;
0.0958024;0.249189;
0.0958224;0.250791;
0.0958424;0.252394;
0.0958624;0.253996;
0.0958824;0.255598;
0.0959024;0.2572;
0.0959224;0.258802;
0.0959424;0.260404;
0.0959624;0.262006;
0.0959824;0.263607;
0.096;0.265017;
0.0960001;0.265025;
0.0960003;0.265041;
0.0960007;0.265073;
0.096001;0.265097;
0.0960011;0.265103;
0.0960012;0.265116;
0.0960016;0.265141;
0.0960022;0.265193;
0.0960035;0.265295;
0.096006;0.2655;
0.0960112;0.26591;
0.0960214;0.26673;
0.0960414;0.268331;
0.0960614;0.269932;
0.0960814;0.271533;
0.0961014;0.273134;
0.0961214;0.274735;
0.0961414;0.276336;
0.0961614;0.277936;
0.0961814;0.279537;
0.0962014;0.281137;
0.0962214;0.282737;
0.0962414;0.284337;
0.0962614;0.285937;
0.0962814;0.287537;
0.0963014;0.289137;
0.0963214;0.290737;
0.0963414;0.292336;
0.0963614;0.293936;
0.0963814;0.295535;
0.0964014;0.297134;
0.0964214;0.298733;
0.0964414;0.300332;
0.0964614;0.301931;
0.0964814;0.30353;
0.0965014;0.305128;
0.0965214;0.306727;
0.0965414;0.308325;
0.0965614;0.309923;
0.0965814;0.311521;
0.0966014;0.313119;
0.0966214;0.314717;
0.0966414;0.316315;
0.0966614;0.317913;
0.0966814;0.31951;
0.0967014;0.321108;
0.0967214;0.322705;
0.0967414;0.324302;
0.0967614;0.325899;
0.0967814;0.327496;
0.0968014;0.329093;
0.0968214;0.33069;
0.0968414;0.332286;
0.0968614;0.333883;
0.0968814;0.335479;
0.0969014;0.337075;
0.0969214;0.338671;
0.0969414;0.340267;
0.0969614;0.341863;
0.0969814;0.343459;
0.097001;0.345023;
0.0970011;0.345031;
0.0970013;0.345047;
0.0970017;0.345079;
0.097002;0.345103;
0.0970021;0.345109;
0.0970022;0.345122;
0.0970026;0.345147;
0.0970032;0.345198;
0.0970045;0.345301;
0.097007;0.345505;
0.0970122;0.345913;
0.0970224;0.34673;
0.0970424;0.348326;
0.0970624;0.349921;
0.0970824;0.351516;
0.0971024;0.353111;
0.0971224;0.354706;
0.0971424;0.356301;
0.0971624;0.357896;
0.0971824;0.35949;
0.0972024;0.361085;
0.0972224;0.362679;
0.0972424;0.364273;
0.0972624;0.365867;
0.0972824;0.367461;
0.0973024;0.369055;
0.0973224;0.370649;
0.0973424;0.372243;
0.0973624;0.373836;
0.0973824;0.37543;
0.0974024;0.377023;
0.0974224;0.378616;
0.0974424;0.380209;
0.0974624;0.381802;
0.0974824;0.383395;
0.0975024;0.384988;
0.0975224;0.38658;
0.0975424;0.388173;
0.0975624;0.389765;
0.0975824;0.391357;
0.0976024;0.392949;
0.0976224;0.394541;
0.0976424;0.396133;
0.0976624;0.397725;
0.0976824;0.399316;
0.0977024;0.400908;
0.0977224;0.402499;
0.0977424;0.40409;
0.0977624;0.405682;
0.0977824;0.407273;
0.0978024;0.408864;
0.0978224;0.410454;
0.0978424;0.412045;
0.0978624;0.413635;
0.0978824;0.415226;
0.0979024;0.416816;
0.0979224;0.418406;
0.0979424;0.419996;
0.0979624;0.421586;
0.0979824;0.423176;
0.098;0.424575;
0.0980001;0.424583;
0.0980003;0.424599;
0.0980007;0.424631;
0.098001;0.424655;
0.0980011;0.424661;
0.0980012;0.424674;
0.0980016;0.424699;
0.0980022;0.42475;
0.0980035;0.424852;
0.098006;0.425055;
0.0980112;0.425462;
0.0980214;0.426276;
0.0980414;0.427865;
0.0980614;0.429455;
0.0980814;0.431044;
0.0981014;0.432633;
0.0981214;0.434222;
0.0981414;0.435811;
0.0981614;0.4374;
0.0981814;0.438988;
0.0982014;0.440577;
0.0982214;0.442165;
0.0982414;0.443753;
0.0982614;0.445341;
0.0982814;0.446929;
0.0983014;0.448517;
0.0983214;0.450105;
0.0983414;0.451693;
0.0983614;0.45328;
0.0983814;0.454868;
0.0984014;0.456455;
0.0984214;0.458042;
0.0984414;0.459629;
0.0984614;0.461216;
0.0984814;0.462803;
0.0985014;0.464389;
0.0985214;0.465976;
0.0985414;0.467562;
0.0985614;0.469149;
0.0985814;0.470735;
0.0986014;0.472321;
0.0986214;0.473907;
0.0986414;0.475493;
0.0986614;0.477078;
0.0986814;0.478664;
0.0987014;0.480249;
0.0987214;0.481835;
0.0987414;0.48342;
0.0987614;0.485005;
0.0987814;0.48659;
0.0988014;0.488175;
0.0988214;0.489759;
0.0988414;0.491344;
0.0988614;0.492929;
0.0988814;0.494513;
0.0989014;0.496097;
0.0989214;0.497681;
0.0989414;0.499265;
0.0989614;0.500849;
0.0989814;0.502433;
0.099001;0.503985;
0.0990011;0.503993;
0.0990013;0.504008;
0.0990017;0.50404;
0.099002;0.504064;
0.0990021;0.50407;
0.0990022;0.504083;
0.0990026;0.504108;
0.0990032;0.504159;
0.0990045;0.50426;
0.099007;0.504463;
0.0990122;0.504868;
0.0990224;0.505679;
0.0990424;0.507262;
0.0990624;0.508846;
0.0990824;0.510429;
0.0991024;0.512012;
0.0991224;0.513594;
0.0991424;0.515177;
0.0991624;0.51676;
0.0991824;0.518342;
0.0992024;0.519925;
0.0992224;0.521507;
0.0992424;0.523089;
0.0992624;0.524671;
0.0992824;0.526253;
0.0993024;0.527835;
0.0993224;0.529416;
0.0993424;0.530998;
0.0993624;0.532579;
0.0993824;0.53416;
0.0994024;0.535741;
0.0994224;0.537322;
0.0994424;0.538903;
0.0994624;0.540484;
0.0994824;0.542065;
0.0995024;0.543645;
0.0995224;0.545225;
0.0995424;0.546806;
0.0995624;0.548386;
0.0995824;0.549966;
0.0996024;0.551546;
0.0996224;0.553125;
0.0996424;0.554705;
0.0996624;0.556285;
0.0996824;0.557864;
0.0997024;0.559443;
0.0997224;0.561022;
0.0997424;0.562601;
0.0997624;0.56418;
0.0997824;0.565759;
0.0998024;0.567337;
0.0998224;0.568916;
0.0998424;0.570494;
0.0998624;0.572073;
0.0998824;0.573651;
0.0999024;0.575229;
0.0999224;0.576807;
0.0999424;0.578384;
0.0999624;0.579962;
0.0999824;0.581539;
0.1;0.582927;
0.1;0.582935;
0.1;0.582951;
0.100001;0.582983;
0.100001;0.583006;
0.100001;0.583013;
0.100001;0.583025;
0.100002;0.583051;
0.100002;0.583101;
0.100003;0.583202;
0.100006;0.583404;
0.100011;0.583808;
0.100021;0.584615;
0.100041;0.586192;
0.100061;0.587769;
0.100081;0.589346;
0.100101;0.590923;
0.100121;0.592499;
0.100141;0.594076;
0.100161;0.595652;
0.100181;0.597229;
0.100201;0.598805;
0.100221;0.600381;
0.100241;0.601956;
0.100261;0.603532;
0.100281;0.605108;
0.100301;0.606683;
0.100321;0.608259;
0.100341;0.609834;
0.100361;0.611409;
0.100381;0.612984;
0.100401;0.614559;
0.100421;0.616133;
0.100441;0.617708;
0.100461;0.619283;
0.100481;0.620857;
0.100501;0.622431;
0.100521;0.624005;
0.100541;0.625579;
0.100561;0.627153;
0.100581;0.628727;
0.100601;0.6303;
0.100621;0.631874;
0.100641;0.633447;
0.100661;0.63502;
0.100681;0.636593;
0.100701;0.638166;
0.100721;0.639739;
0.100741;0.641312;
0.100761;0.642884;
0.100781;0.644457;
0.100801;0.646029;
0.100821;0.647601;
0.100841;0.649173;
0.100861;0.650745;
0.100881;0.652317;
0.100901;0.653888;
0.100921;0.65546;
0.100941;0.657031;
0.100961;0.658603;
0.100981;0.660174;
0.101001;0.661713;
0.101001;0.661721;
0.101001;0.661737;
0.101002;0.661768;
0.101002;0.661792;
0.101002;0.661798;
0.101002;0.661811;
0.101003;0.661836;
0.101003;0.661886;
0.101004;0.661987;
0.101007;0.662188;
0.101012;0.66259;
0.101022;0.663394;
0.101042;0.664965;
0.101062;0.666536;
0.101082;0.668106;
0.101102;0.669676;
0.101122;0.671247;
0.101142;0.672817;
0.101162;0.674387;
0.101182;0.675957;
0.101202;0.677526;
0.101222;0.679096;
0.101242;0.680665;
0.101262;0.682235;
0.101282;0.683804;
0.101302;0.685373;
0.101322;0.686942;
0.101342;0.688511;
0.101362;0.690079;
0.101382;0.691648;
0.101402;0.693216;
0.101422;0.694785;
0.101442;0.696353;
0.101462;0.697921;
0.101482;0.699489;
0.101502;0.701057;
0.101522;0.702624;
0.101542;0.704192;
0.101562;0.705759;
0.101582;0.707326;
0.101602;0.708893;
0.101622;0.710461;
0.101642;0.712027;
0.101662;0.713594;
0.101682;0.715161;
0.101702;0.716727;
0.101722;0.718294;
0.101742;0.71986;
0.101762;0.721426;
0.101782;0.722992;
0.101802;0.724558;
0.101822;0.726123;
0.101842;0.727689;
0.101862;0.729254;
0.101882;0.73082;
0.101902;0.732385;
0.101922;0.73395;
0.101942;0.735515;
0.101962;0.73708;
0.101982;0.738644;
0.102;0.740021;
0.102;0.740029;
0.102;0.740045;
0.102001;0.740076;
0.102001;0.740099;
0.102001;0.740106;
0.102001;0.740118;
0.102002;0.740143;
0.102002;0.740193;
0.102003;0.740293;
0.102006;0.740494;
0.102011;0.740894;
0.102021;0.741695;
0.102041;0.743259;
0.102061;0.744823;
0.102081;0.746387;
0.102101;0.747951;
0.102121;0.749515;
0.102141;0.751079;
0.102161;0.752642;
0.102181;0.754205;
0.102201;0.755769;
0.102221;0.757332;
0.102241;0.758895;
0.102261;0.760458;
0.102281;0.76202;
0.102301;0.763583;
0.102321;0.765145;
0.102341;0.766708;
0.102361;0.76827;
0.102381;0.769832;
0.102401;0.771394;
0.102421;0.772955;
0.102441;0.774517;
0.102461;0.776079;
0.102481;0.77764;
0.102501;0.779201;
0.102521;0.780762;
0.102541;0.782323;
0.102561;0.783884;
0.102581;0.785445;
0.102601;0.787006;
0.102621;0.788566;
0.102641;0.790126;
0.102661;0.791686;
0.102681;0.793247;
0.102701;0.794806;
0.102721;0.796366;
0.102741;0.797926;
0.102761;0.799485;
0.102781;0.801045;
0.102801;0.802604;
0.102821;0.804163;
0.102841;0.805722;
0.102861;0.807281;
0.102881;0.80884;
0.102901;0.810398;
0.102921;0.811957;
0.102941;0.813515;
0.102961;0.815073;
0.102981;0.816632;
0.103001;0.818158;
0.103001;0.818166;
0.103001;0.818182;
0.103002;0.818213;
0.103002;0.818236;
0.103002;0.818242;
0.103002;0.818255;
0.103003;0.81828;
0.103003;0.81833;
0.103004;0.818429;
0.103007;0.818629;
0.103012;0.819028;
0.103022;0.819825;
0.103042;0.821383;
0.103062;0.82294;
0.103082;0.824498;
0.103102;0.826055;
0.103122;0.827612;
0.103142;0.829169;
0.103162;0.830726;
0.103182;0.832283;
0.103202;0.833839;
0.103222;0.835396;
0.103242;0.836952;
0.103262;0.838508;
0.103282;0.840064;
0.103302;0.84162;
0.103322;0.843176;
0.103342;0.844732;
0.103362;0.846287;
0.103382;0.847843;
0.103402;0.849398;
0.103422;0.850953;
0.103442;0.852508;
0.103462;0.854063;
0.103482;0.855618;
0.103502;0.857172;
0.103522;0.858727;
0.103542;0.860281;
0.103562;0.861835;
0.103582;0.863389;
0.103602;0.864943;
0.103622;0.866497;
0.103642;0.868051;
0.103662;0.869604;
0.103682;0.871158;
0.103702;0.872711;
0.103722;0.874264;
0.103742;0.875817;
0.103762;0.87737;
0.103782;0.878922;
0.103802;0.880475;
0.103822;0.882027;
0.103842;0.88358;
0.103862;0.885132;
0.103882;0.886684;
0.103902;0.888236;
0.103922;0.889788;
0.103942;0.891339;
0.103962;0.892891;
0.103982;0.894442;
0.104;0.895807;
0.104;0.895815;
0.104;0.89583;
0.104001;0.895861;
0.104001;0.895885;
0.104001;0.895891;
0.104001;0.895903;
0.104002;0.895928;
0.104002;0.895978;
0.104003;0.896077;
0.104006;0.896276;
0.104011;0.896673;
0.104021;0.897467;
0.104041;0.899018;
0.104061;0.900569;
0.104081;0.902105;
0.104101;0.903655;
0.104121;0.905206;
0.104141;0.906756;
0.104161;0.908306;
0.104181;0.909856;
0.104201;0.911406;
0.104221;0.912956;
0.104241;0.914505;
0.104261;0.916055;
0.104281;0.917604;
0.104301;0.919153;
0.104321;0.920702;
0.104341;0.922251;
0.104361;0.9238;
0.104381;0.925349;
0.104401;0.926897;
0.104421;0.928446;
0.104441;0.929994;
0.104461;0.931542;
0.104481;0.93309;
0.104501;0.934638;
0.104521;0.936186;
0.104541;0.937733;
0.104561;0.939281;
0.104581;0.940828;
0.104601;0.942375;
0.104621;0.943922;
0.104641;0.945469;
0.104661;0.947016;
0.104681;0.948562;
0.104701;0.950109;
0.104721;0.951655;
0.104741;0.953201;
0.104761;0.954747;
0.104781;0.956293;
0.104801;0.957839;
0.104821;0.959385;
0.104841;0.96093;
0.104861;0.962476;
0.104881;0.964021;
0.104901;0.965566;
0.104921;0.967111;
0.104941;0.968656;
0.104961;0.9702;
0.104981;0.971745;
0.105001;0.973273;
0.105001;0.973281;
0.105001;0.973296;
0.105002;0.973327;
0.105002;0.97335;
0.105002;0.973356;
0.105002;0.973369;
0.105003;0.973393;
0.105003;0.973443;
0.105004;0.973542;
0.105007;0.973739;
0.105012;0.974135;
0.105022;0.974925;
0.105042;0.976469;
0.105062;0.978013;
0.105082;0.979557;
0.105102;0.981101;
0.105122;0.982645;
0.105142;0.984188;
0.105162;0.985731;
0.105182;0.987275;
0.105202;0.988818;
0.105222;0.99036;
0.105242;0.991903;
0.105262;0.993446;
0.105282;0.994988;
0.105302;0.996531;
0.105322;0.998073;
0.105342;0.999615;
0.105362;1.00116;
0.105382;1.0027;
0.105402;1.00424;
0.105422;1.00578;
0.105442;1.00732;
0.105462;1.00886;
0.105482;1.01041;
0.105502;1.01195;
0.105522;1.01349;
0.105542;1.01503;
0.105562;1.01657;
0.105582;1.01811;
0.105602;1.01965;
0.105622;1.02119;
0.105642;1.02273;
0.105662;1.02427;
0.105682;1.02581;
0.105702;1.02735;
0.105722;1.02889;
0.105742;1.03043;
0.105762;1.03197;
0.105782;1.03351;
0.105802;1.03504;
0.105822;1.03658;
0.105842;1.03812;
0.105862;1.03966;
0.105882;1.0412;
0.105902;1.04274;
0.105922;1.04427;
0.105942;1.04581;
0.105962;1.04735;
0.105982;1.04889;
0.106;1.05024;
0.106;1.05025;
0.106;1.05026;
0.106001;1.05029;
0.106001;1.05032;
0.106001;1.05032;
0.106001;1.05034;
0.106002;1.05036;
0.106002;1.05041;
0.106003;1.05051;
0.106006;1.05071;
0.106011;1.0511;
0.106021;1.05189;
0.106041;1.05342;
0.106061;1.05496;
0.106081;1.0565;
0.106097;1.05772;
0.106114;1.059;
0.106133;1.06046;
0.106153;1.06199;
0.106173;1.06353;
0.106193;1.06507;
0.106213;1.0666;
0.106233;1.06814;
0.106253;1.06967;
0.106273;1.07121;
0.106293;1.07275;
0.106313;1.07428;
0.106333;1.07582;
0.106353;1.07735;
0.106373;1.07889;
0.106393;1.08042;
0.106413;1.08196;
0.106433;1.08349;
0.106453;1.08502;
0.106473;1.08656;
0.106493;1.08809;
0.106513;1.08963;
0.106533;1.09116;
0.106553;1.09269;
0.106573;1.09423;
0.106593;1.09576;
0.106613;1.09729;
0.106633;1.09883;
0.106653;1.10036;
0.106673;1.10189;
0.106693;1.10343;
0.106713;1.10496;
0.106733;1.10649;
0.106753;1.10802;
0.106773;1.10955;
0.106793;1.11109;
0.106813;1.11262;
0.106833;1.11415;
0.106853;1.11568;
0.106873;1.11721;
0.106893;1.11874;
0.106913;1.12028;
0.106933;1.12181;
0.106953;1.12334;
0.106973;1.12487;
0.106993;1.1264;
0.107001;1.12701;
0.107001;1.12702;
0.107001;1.12704;
0.107002;1.12707;
0.107002;1.12709;
0.107002;1.1271;
0.107002;1.12711;
0.107003;1.12713;
0.107003;1.12718;
0.107004;1.12728;
0.107007;1.12748;
0.107012;1.12787;
0.107022;1.12865;
0.107042;1.13018;
0.107062;1.13171;
0.107082;1.13324;
0.107102;1.13477;
0.107122;1.1363;
0.107142;1.13783;
0.107162;1.13936;
0.107182;1.14089;
0.107202;1.14242;
0.107222;1.14395;
0.107242;1.14548;
0.107262;1.147;
0.107282;1.14853;
0.107302;1.15006;
0.107322;1.15159;
0.107342;1.15312;
0.107362;1.15465;
0.107382;1.15617;
0.107402;1.1577;
0.107422;1.15923;
0.107442;1.16076;
0.107462;1.16228;
0.107482;1.16381;
0.107502;1.16534;
0.107522;1.16686;
0.107542;1.16839;
0.107562;1.16992;
0.107582;1.17144;
0.107602;1.17297;
0.107622;1.1745;
0.107642;1.17602;
0.107662;1.17755;
0.107682;1.17907;
0.107702;1.1806;
0.107722;1.18212;
0.107742;1.18365;
0.107762;1.18517;
0.107782;1.1867;
0.107802;1.18822;
0.107822;1.18975;
0.107842;1.19127;
0.107862;1.1928;
0.107882;1.19432;
0.107902;1.19585;
0.107922;1.19737;
0.107942;1.19889;
0.107962;1.20042;
0.107982;1.20194;
0.108;1.20328;
0.108;1.20329;
0.108;1.2033;
0.108001;1.20333;
0.108001;1.20336;
0.108001;1.20336;
0.108001;1.20338;
0.108002;1.2034;
0.108002;1.20345;
0.108003;1.20355;
0.108006;1.20374;
0.108008;1.20392;
0.108011;1.2041;
0.108013;1.20426;
0.108015;1.20442;
0.108018;1.20461;
0.10802;1.20481;
0.108024;1.20504;
0.10803;1.20552;
0.108043;1.20645;
0.108054;1.20727;
0.108067;1.20822;
0.108084;1.20942;
0.108101;1.21069;
0.108121;1.21214;
0.108141;1.2136;
0.108161;1.21505;
0.108181;1.2165;
0.108201;1.21796;
0.108221;1.21941;
0.108241;1.22086;
0.108261;1.22231;
0.108281;1.22377;
0.108301;1.22522;
0.108321;1.22667;
0.108341;1.22812;
0.108361;1.22958;
0.108381;1.23103;
0.108401;1.23248;
0.108421;1.23393;
0.108441;1.23538;
0.108461;1.23684;
0.108481;1.23829;
0.108501;1.23974;
0.108521;1.24119;
0.108541;1.24264;
0.108561;1.24409;
0.108581;1.24554;
0.108601;1.247;
0.108621;1.24845;
0.108641;1.2499;
0.108661;1.25135;
0.108681;1.2528;
0.108701;1.25425;
0.108721;1.2557;
0.108741;1.25715;
0.108761;1.2586;
0.108781;1.26005;
0.108801;1.2615;
0.108821;1.26295;
0.108841;1.2644;
0.108861;1.26585;
0.108881;1.2673;
0.108901;1.26875;
0.108921;1.2702;
0.108941;1.27165;
0.108961;1.2731;
0.108981;1.27455;
0.109001;1.27597;
0.109001;1.27598;
0.109001;1.27599;
0.109002;1.27602;
0.109002;1.27604;
0.109002;1.27605;
0.109002;1.27606;
0.109003;1.27608;
0.109003;1.27613;
0.109004;1.27622;
0.109007;1.27641;
0.109012;1.27678;
0.109022;1.27752;
0.109042;1.27897;
0.109062;1.28042;
0.109082;1.28187;
0.109102;1.28331;
0.109122;1.28476;
0.109142;1.28621;
0.109162;1.28766;
0.109182;1.28911;
0.109202;1.29055;
0.109222;1.292;
0.109242;1.29345;
0.109262;1.2949;
0.109282;1.29635;
0.109302;1.29779;
0.109322;1.29924;
0.109342;1.30069;
0.109362;1.30213;
0.109382;1.30358;
0.109402;1.30503;
0.109422;1.30647;
0.109442;1.30792;
0.109462;1.30937;
0.109482;1.31081;
0.109502;1.31226;
0.109522;1.31371;
0.109542;1.31515;
0.109562;1.3166;
0.109582;1.31804;
0.109602;1.31949;
0.109622;1.32094;
0.109642;1.32238;
0.109662;1.32383;
0.109682;1.32527;
0.109702;1.32672;
0.109722;1.32816;
0.109742;1.32961;
0.109762;1.33105;
0.109782;1.3325;
0.109802;1.33394;
0.109822;1.33539;
0.109842;1.33683;
0.109862;1.33828;
0.109882;1.33972;
0.109902;1.34117;
0.109922;1.34261;
0.109942;1.34405;
0.109962;1.3455;
0.109982;1.34694;
0.11;1.34821;
0.11;1.34822;
0.11;1.34823;
0.110001;1.34826;
0.110001;1.34828;
0.110001;1.34829;
0.110001;1.3483;
0.110002;1.34832;
0.110002;1.34837;
0.110003;1.34846;
0.110006;1.34865;
0.110011;1.34902;
0.110021;1.34976;
0.110041;1.3512;
0.110061;1.35264;
0.110081;1.35409;
0.110101;1.35553;
0.110121;1.35697;
0.110141;1.35842;
0.110161;1.35986;
0.110181;1.3613;
0.110201;1.36274;
0.110221;1.36419;
0.110241;1.36563;
0.110261;1.36707;
0.110281;1.36851;
0.110301;1.36995;
0.110321;1.3714;
0.110341;1.37284;
0.110361;1.37428;
0.110381;1.37572;
0.110401;1.37716;
0.110421;1.3786;
0.110441;1.38005;
0.110461;1.38149;
0.110481;1.38293;
0.110501;1.38437;
0.110521;1.38581;
0.110541;1.38725;
0.110561;1.38869;
0.110581;1.39013;
0.110601;1.39157;
0.110621;1.39301;
0.110641;1.39445;
0.110661;1.39589;
0.110681;1.39733;
0.110701;1.39877;
0.110721;1.40021;
0.110741;1.40165;
0.110761;1.40309;
0.110781;1.40453;
0.110801;1.40597;
0.110821;1.40741;
0.110841;1.40885;
0.110861;1.41029;
0.110881;1.41173;
0.110901;1.41317;
0.110921;1.41461;
0.110941;1.41604;
0.110961;1.41748;
0.110981;1.41892;
0.111001;1.42033;
0.111001;1.42034;
0.111001;1.42035;
0.111002;1.42038;
0.111002;1.4204;
0.111002;1.42041;
0.111002;1.42042;
0.111003;1.42044;
0.111003;1.42049;
0.111004;1.42058;
0.111007;1.42076;
0.111012;1.42113;
0.111022;1.42187;
0.111042;1.42331;
0.111062;1.42475;
0.111082;1.42618;
0.111102;1.42762;
0.111122;1.42906;
0.111142;1.4305;
0.111162;1.43193;
0.111182;1.43337;
0.111202;1.43481;
0.111222;1.43624;
0.111242;1.43768;
0.111262;1.43912;
0.111282;1.44056;
0.111302;1.44199;
0.111322;1.44343;
0.111342;1.44486;
0.111362;1.4463;
0.111382;1.44774;
0.111402;1.44917;
0.111422;1.45061;
0.111442;1.45205;
0.111462;1.45348;
0.111482;1.45492;
0.111502;1.45635;
0.111522;1.45779;
0.111542;1.45922;
0.111562;1.46066;
0.111582;1.46209;
0.111602;1.46353;
0.111622;1.46496;
0.111642;1.4664;
0.111662;1.46783;
0.111682;1.46927;
0.111702;1.4707;
0.111722;1.47214;
0.111742;1.47357;
0.111762;1.475;
0.111782;1.47644;
0.111802;1.47787;
0.111822;1.47931;
0.111842;1.48074;
0.111862;1.48217;
0.111882;1.48361;
0.111902;1.48504;
0.111922;1.48647;
0.111942;1.48791;
0.111962;1.48934;
0.111982;1.49077;
0.112;1.49203;
0.112;1.49204;
0.112;1.49205;
0.112001;1.49208;
0.112001;1.4921;
0.112001;1.49211;
0.112001;1.49212;
0.112002;1.49214;
0.112002;1.49219;
0.112003;1.49228;
0.112006;1.49246;
0.112011;1.49283;
0.112021;1.49356;
0.112041;1.495;
0.112061;1.49643;
0.11208;1.49777;
0.1121;1.49921;
0.11212;1.50064;
0.11214;1.50207;
0.11216;1.5035;
0.11218;1.50493;
0.1122;1.50637;
0.11222;1.5078;
0.11224;1.50923;
0.11226;1.51066;
0.11228;1.51209;
0.1123;1.51352;
0.11232;1.51495;
0.11234;1.51638;
0.11236;1.51782;
0.11238;1.51925;
0.1124;1.52068;
0.11242;1.52211;
0.11244;1.52354;
0.11246;1.52497;
0.11248;1.5264;
0.1125;1.52783;
0.11252;1.52926;
0.11254;1.53069;
0.11256;1.53212;
0.11258;1.53355;
0.1126;1.53498;
0.11262;1.5364;
0.11264;1.53783;
0.11266;1.53926;
0.11268;1.54069;
0.1127;1.54212;
0.11272;1.54355;
0.11274;1.54498;
0.11276;1.54641;
0.11278;1.54783;
0.1128;1.54926;
0.11282;1.55069;
0.11284;1.55212;
0.11286;1.55355;
0.11288;1.55497;
0.1129;1.5564;
0.11292;1.55783;
0.11294;1.55926;
0.11296;1.56068;
0.11298;1.56211;
0.113;1.56354;
0.113001;1.5636;
0.113001;1.5636;
0.113001;1.56362;
0.113002;1.56365;
0.113002;1.56367;
0.113002;1.56367;
0.113002;1.56369;
0.113003;1.56371;
0.113003;1.56375;
0.113004;1.56385;
0.113007;1.56403;
0.113012;1.56439;
0.113022;1.56512;
0.113042;1.56655;
0.113062;1.56798;
0.113082;1.5694;
0.113102;1.57083;
0.113122;1.57226;
0.113142;1.57368;
0.113162;1.57511;
0.113182;1.57654;
0.113202;1.57796;
0.113222;1.57939;
0.113242;1.58081;
0.113262;1.58224;
0.113282;1.58366;
0.113302;1.58509;
0.113322;1.58651;
0.113342;1.58794;
0.113362;1.58936;
0.113382;1.59079;
0.113402;1.59221;
0.113422;1.59364;
0.113442;1.59506;
0.113462;1.59649;
0.113482;1.59791;
0.113502;1.59934;
0.113522;1.60076;
0.113542;1.60218;
0.113562;1.60361;
0.113582;1.60503;
0.113602;1.60646;
0.113622;1.60788;
0.113642;1.6093;
0.113662;1.61073;
0.113682;1.61215;
0.113702;1.61357;
0.113722;1.615;
0.113742;1.61642;
0.113762;1.61784;
0.113782;1.61926;
0.113802;1.62069;
0.113822;1.62211;
0.113842;1.62353;
0.113862;1.62495;
0.113882;1.62637;
0.113902;1.6278;
0.113922;1.62922;
0.113942;1.63064;
0.113962;1.63206;
0.113982;1.63348;
0.114;1.63473;
0.114;1.63474;
0.114;1.63476;
0.114001;1.63478;
0.114001;1.63481;
0.114001;1.63481;
0.114001;1.63482;
0.114002;1.63484;
0.114002;1.63489;
0.114003;1.63498;
0.114006;1.63516;
0.114011;1.63553;
0.114021;1.63625;
0.114041;1.63768;
0.114061;1.6391;
0.114081;1.64052;
0.114097;1.64165;
0.114114;1.64284;
0.114134;1.64426;
0.114154;1.64568;
0.114174;1.6471;
0.114194;1.64852;
0.114214;1.64994;
0.114234;1.65136;
0.114254;1.65278;
0.114274;1.6542;
0.114294;1.65562;
0.114314;1.65704;
0.114334;1.65846;
0.114354;1.65988;
0.114374;1.6613;
0.114394;1.66272;
0.114414;1.66414;
0.114434;1.66555;
0.114454;1.66697;
0.114474;1.66839;
0.114494;1.66981;
0.114514;1.67123;
0.114534;1.67265;
0.114554;1.67407;
0.114574;1.67548;
0.114594;1.6769;
0.114614;1.67832;
0.114634;1.67974;
0.114654;1.68115;
0.114674;1.68257;
0.114694;1.68399;
0.114714;1.68541;
0.114734;1.68682;
0.114754;1.68824;
0.114774;1.68966;
0.114794;1.69107;
0.114814;1.69249;
0.114834;1.69391;
0.114854;1.69532;
0.114874;1.69674;
0.114894;1.69815;
0.114914;1.69957;
0.114934;1.70099;
0.114954;1.7024;
0.114974;1.70382;
0.114994;1.70523;
0.115001;1.70572;
0.115001;1.70573;
0.115001;1.70574;
0.115002;1.70577;
0.115002;1.70579;
0.115002;1.7058;
0.115002;1.70581;
0.115003;1.70583;
0.115003;1.70588;
0.115004;1.70597;
0.115007;1.70615;
0.115012;1.70651;
0.115022;1.70724;
0.115042;1.70865;
0.115062;1.71007;
0.115082;1.71148;
0.115102;1.7129;
0.115122;1.71431;
0.115142;1.71573;
0.115162;1.71714;
0.115182;1.71855;
0.115202;1.71997;
0.115222;1.72138;
0.115242;1.7228;
0.115262;1.72421;
0.115282;1.72562;
0.115302;1.72704;
0.115322;1.72845;
0.115342;1.72987;
0.115362;1.73128;
0.115382;1.73269;
0.115402;1.73411;
0.115422;1.73552;
0.115442;1.73693;
0.115462;1.73834;
0.115482;1.73976;
0.115502;1.74117;
0.115522;1.74258;
0.115542;1.74399;
0.115562;1.74541;
0.115582;1.74682;
0.115602;1.74823;
0.115622;1.74964;
0.115642;1.75105;
0.115662;1.75246;
0.115682;1.75388;
0.115702;1.75529;
0.115722;1.7567;
0.115742;1.75811;
0.115762;1.75952;
0.115782;1.76093;
0.115802;1.76234;
0.115822;1.76375;
0.115842;1.76516;
0.115862;1.76657;
0.115882;1.76798;
0.115902;1.76939;
0.115922;1.7708;
0.115942;1.77221;
0.115962;1.77362;
0.115982;1.77503;
0.116;1.77627;
0.116;1.77628;
0.116;1.77629;
0.116001;1.77632;
0.116001;1.77634;
0.116001;1.77635;
0.116001;1.77636;
0.116002;1.77638;
0.116002;1.77643;
0.116003;1.77652;
0.116006;1.7767;
0.116008;1.77681;
0.116009;1.77692;
0.116011;1.77706;
0.116013;1.77721;
0.116016;1.77738;
0.116019;1.77758;
0.116022;1.77776;
0.116027;1.77812;
0.116038;1.77885;
0.116049;1.77961;
0.116064;1.78058;
0.116078;1.7815;
0.116093;1.78253;
0.116113;1.78386;
0.116133;1.7852;
0.116153;1.78653;
0.116173;1.78787;
0.116193;1.7892;
0.116213;1.79054;
0.116233;1.79187;
0.116253;1.7932;
0.116273;1.79454;
0.116293;1.79587;
0.116313;1.79721;
0.116333;1.79854;
0.116353;1.79987;
0.116373;1.80121;
0.116393;1.80254;
0.116413;1.80388;
0.116433;1.80521;
0.116453;1.80654;
0.116473;1.80788;
0.116493;1.80921;
0.116513;1.81054;
0.116533;1.81188;
0.116553;1.81321;
0.116573;1.81454;
0.116593;1.81588;
0.116613;1.81721;
0.116633;1.81854;
0.116653;1.81987;
0.116673;1.82121;
0.116693;1.82254;
0.116713;1.82387;
0.116733;1.82521;
0.116753;1.82654;
0.116773;1.82787;
0.116793;1.8292;
0.116813;1.83053;
0.116833;1.83187;
0.116853;1.8332;
0.116873;1.83453;
0.116893;1.83586;
0.116913;1.83719;
0.116933;1.83853;
0.116953;1.83986;
0.116973;1.84119;
0.116993;1.84252;
0.117001;1.84305;
0.117001;1.84305;
0.117001;1.84307;
0.117002;1.84309;
0.117002;1.84311;
0.117002;1.84312;
0.117002;1.84313;
0.117003;1.84315;
0.117003;1.84319;
0.117004;1.84328;
0.117007;1.84345;
0.117012;1.84379;
0.117022;1.84447;
0.117042;1.8458;
0.117062;1.84713;
0.117082;1.84846;
0.117102;1.8498;
0.117122;1.85113;
0.117142;1.85246;
0.117162;1.85379;
0.117182;1.85512;
0.117202;1.85645;
0.117222;1.85778;
0.117242;1.85911;
0.117262;1.86044;
0.117282;1.86177;
0.117302;1.8631;
0.117322;1.86443;
0.117342;1.86576;
0.117362;1.86709;
0.117382;1.86842;
0.117402;1.86975;
0.117422;1.87108;
0.117442;1.87241;
0.117462;1.87374;
0.117482;1.87507;
0.117502;1.8764;
0.117522;1.87773;
0.117542;1.87906;
0.117562;1.88039;
0.117582;1.88172;
0.117602;1.88305;
0.117622;1.88437;
0.117642;1.8857;
0.117662;1.88703;
0.117682;1.88836;
0.117702;1.88969;
0.117722;1.89102;
0.117742;1.89235;
0.117762;1.89367;
0.117782;1.895;
0.117802;1.89633;
0.117822;1.89766;
0.117842;1.89899;
0.117862;1.90032;
0.117882;1.90164;
0.117902;1.90297;
0.117922;1.9043;
0.117942;1.90563;
0.117962;1.90695;
0.117982;1.90828;
0.118;1.90945;
0.118;1.90946;
0.118;1.90947;
0.118001;1.9095;
0.118001;1.90952;
0.118001;1.90952;
0.118001;1.90953;
0.118002;1.90955;
0.118002;1.9096;
0.118003;1.90968;
0.118006;1.90985;
0.118011;1.91019;
0.118021;1.91087;
0.118041;1.9122;
0.118061;1.91352;
0.118081;1.91485;
0.118101;1.91618;
0.118121;1.91751;
0.118141;1.91883;
0.118161;1.92016;
0.118181;1.92149;
0.118201;1.92281;
0.118221;1.92414;
0.118241;1.92546;
0.118261;1.92679;
0.118281;1.92812;
0.118301;1.92944;
0.118321;1.93077;
0.118341;1.9321;
0.118361;1.93342;
0.118381;1.93475;
0.118401;1.93607;
0.118421;1.9374;
0.118441;1.93872;
0.118461;1.94005;
0.118481;1.94138;
0.118501;1.9427;
0.118521;1.94403;
0.118541;1.94535;
0.118561;1.94668;
0.118581;1.948;
0.118601;1.94933;
0.118621;1.95065;
0.118641;1.95198;
0.118661;1.9533;
0.118681;1.95462;
0.118701;1.95595;
0.118721;1.95727;
0.118741;1.9586;
0.118761;1.95992;
0.118781;1.96125;
0.118801;1.96257;
0.118821;1.96389;
0.118841;1.96522;
0.118861;1.96654;
0.118881;1.96787;
0.118901;1.96919;
0.118921;1.97051;
0.118941;1.97184;
0.118961;1.97316;
0.118981;1.97448;
0.119001;1.97578;
0.119001;1.97579;
0.119001;1.9758;
0.119002;1.97583;
0.119002;1.97585;
0.119002;1.97585;
0.119002;1.97586;
0.119003;1.97588;
0.119003;1.97593;
0.119004;1.97601;
0.119007;1.97618;
0.119012;1.97652;
0.119022;1.9772;
0.119042;1.97852;
0.119062;1.97984;
0.119082;1.98116;
0.119102;1.98249;
0.119122;1.98381;
0.119142;1.98513;
0.119162;1.98646;
0.119182;1.98778;
0.119202;1.9891;
0.119222;1.99042;
0.119242;1.99174;
0.119262;1.99307;
0.119282;1.99439;
0.119302;1.99571;
0.119322;1.99703;
0.119342;1.99835;
0.119362;1.99968;
0.119382;2.001;
0.119402;2.00232;
0.119422;2.00364;
0.119442;2.00496;
0.119462;2.00628;
0.119482;2.0076;
0.119502;2.00893;
0.119522;2.01025;
0.119542;2.01157;
0.119562;2.01289;
0.119582;2.01421;
0.119602;2.01553;
0.119622;2.01685;
0.119642;2.01817;
0.119662;2.01949;
0.119682;2.02081;
0.119702;2.02213;
0.119722;2.02345;
0.119742;2.02477;
0.119762;2.02609;
0.119782;2.02741;
0.119802;2.02873;
0.119822;2.03005;
0.119842;2.03137;
0.119862;2.03269;
0.119882;2.03401;
0.119902;2.03533;
0.119922;2.03665;
0.119942;2.03797;
0.119962;2.03929;
0.119982;2.04061;
0.12;2.04177;
0.12;2.04177;
0.12;2.04179;
0.120001;2.04181;
0.120001;2.04183;
0.120001;2.04184;
0.120001;2.04185;
0.120002;2.04187;
0.120002;2.04191;
0.120003;2.042;
0.120006;2.04216;
0.120011;2.0425;
0.120021;2.04318;
0.120041;2.0445;
0.120061;2.04581;
0.120081;2.04713;
0.120101;2.04845;
0.120121;2.04977;
0.120141;2.05109;
0.120161;2.05241;
0.120181;2.05372;
0.120201;2.05504;
0.120221;2.05636;
0.120241;2.05768;
0.120261;2.059;
0.120281;2.06031;
0.120301;2.06163;
0.120321;2.06295;
0.120341;2.06427;
0.120361;2.06558;
0.120381;2.0669;
0.120401;2.06822;
0.120421;2.06954;
0.120441;2.07085;
0.120461;2.07217;
0.120481;2.07349;
0.120501;2.0748;
0.120521;2.07612;
0.120541;2.07744;
0.120561;2.07875;
0.120581;2.08007;
0.120601;2.08138;
0.120621;2.0827;
0.120641;2.08402;
0.120661;2.08533;
0.120681;2.08665;
0.120701;2.08796;
0.120721;2.08928;
0.120741;2.0906;
0.120761;2.09191;
0.120781;2.09323;
0.120801;2.09454;
0.120821;2.09586;
0.120841;2.09717;
0.120861;2.09849;
0.120881;2.0998;
0.120901;2.10112;
0.120921;2.10243;
0.120941;2.10375;
0.120961;2.10506;
0.120981;2.10638;
0.121001;2.10767;
0.121001;2.10767;
0.121001;2.10768;
0.121002;2.10771;
0.121002;2.10773;
0.121002;2.10774;
0.121002;2.10775;
0.121003;2.10777;
0.121003;2.10781;
0.121004;2.10789;
0.121007;2.10806;
0.121012;2.1084;
0.121022;2.10907;
0.121042;2.11039;
0.121062;2.1117;
0.121082;2.11301;
0.121102;2.11433;
0.121122;2.11564;
0.121142;2.11696;
0.121162;2.11827;
0.121182;2.11958;
0.121202;2.1209;
0.121222;2.12221;
0.121242;2.12352;
0.121262;2.12484;
0.121282;2.12615;
0.121302;2.12746;
0.121322;2.12878;
0.121342;2.13009;
0.121362;2.1314;
0.121382;2.13271;
0.121402;2.13403;
0.121422;2.13534;
0.121442;2.13665;
0.121462;2.13796;
0.121482;2.13928;
0.121502;2.14059;
0.121522;2.1419;
0.121542;2.14321;
0.121562;2.14453;
0.121582;2.14584;
0.121602;2.14715;
0.121622;2.14846;
0.121642;2.14977;
0.121662;2.15108;
0.121682;2.15239;
0.121702;2.15371;
0.121722;2.15502;
0.121742;2.15633;
0.121762;2.15764;
0.121782;2.15895;
0.121802;2.16026;
0.121822;2.16157;
0.121842;2.16288;
0.121862;2.16419;
0.121882;2.1655;
0.121902;2.16681;
0.121922;2.16812;
0.121942;2.16943;
0.121962;2.17074;
0.121982;2.17205;
0.122;2.17321;
0.122;2.17321;
0.122;2.17323;
0.122001;2.17325;
0.122001;2.17327;
0.122001;2.17328;
0.122001;2.17329;
0.122002;2.17331;
0.122002;2.17335;
0.122003;2.17344;
0.122006;2.1736;
0.122011;2.17394;
0.122021;2.17461;
0.122041;2.17592;
0.122061;2.17723;
0.122081;2.17854;
0.122101;2.17985;
0.122121;2.18116;
0.122141;2.18247;
0.122161;2.18377;
0.122181;2.18508;
0.122201;2.18639;
0.122221;2.1877;
0.122241;2.18901;
0.122261;2.19032;
0.122281;2.19163;
0.122301;2.19294;
0.122321;2.19424;
0.122341;2.19555;
0.122361;2.19686;
0.122381;2.19817;
0.122401;2.19948;
0.122421;2.20079;
0.122441;2.20209;
0.122461;2.2034;
0.122481;2.20471;
0.122501;2.20602;
0.122521;2.20732;
0.122541;2.20863;
0.122561;2.20994;
0.122581;2.21125;
0.122601;2.21255;
0.122621;2.21386;
0.122641;2.21517;
0.122661;2.21647;
0.122681;2.21778;
0.122701;2.21909;
0.122721;2.22039;
0.122741;2.2217;
0.122761;2.22301;
0.122781;2.22431;
0.122801;2.22562;
0.122821;2.22692;
0.122841;2.22823;
0.122861;2.22954;
0.122881;2.23084;
0.122901;2.23215;
0.122921;2.23345;
0.122941;2.23476;
0.122961;2.23606;
0.122981;2.23737;
0.123001;2.23865;
0.123001;2.23866;
0.123001;2.23867;
0.123002;2.23869;
0.123002;2.23871;
0.123002;2.23872;
0.123002;2.23873;
0.123003;2.23875;
0.123003;2.23879;
0.123004;2.23888;
0.123007;2.23904;
0.123012;2.23938;
0.123022;2.24005;
0.123042;2.24135;
0.123062;2.24266;
0.123082;2.24396;
0.123102;2.24526;
0.123122;2.24657;
0.123142;2.24787;
0.123162;2.24918;
0.123182;2.25048;
0.123202;2.25179;
0.123222;2.25309;
0.123242;2.2544;
0.123262;2.2557;
0.123282;2.257;
0.123302;2.25831;
0.123322;2.25961;
0.123342;2.26091;
0.123362;2.26222;
0.123382;2.26352;
0.123402;2.26482;
0.123422;2.26613;
0.123442;2.26743;
0.123462;2.26873;
0.123482;2.27004;
0.123502;2.27134;
0.123522;2.27264;
0.123542;2.27394;
0.123562;2.27525;
0.123582;2.27655;
0.123602;2.27785;
0.123622;2.27915;
0.123642;2.28046;
0.123662;2.28176;
0.123682;2.28306;
0.123702;2.28436;
0.123722;2.28566;
0.123742;2.28697;
0.123762;2.28827;
0.123782;2.28957;
0.123802;2.29087;
0.123822;2.29217;
0.123842;2.29347;
0.123862;2.29477;
0.123882;2.29607;
0.123902;2.29738;
0.123922;2.29868;
0.123942;2.29998;
0.123962;2.30128;
0.123982;2.30258;
0.124;2.30372;
0.124;2.30373;
0.124;2.30374;
0.124001;2.30377;
0.124001;2.30379;
0.124001;2.30379;
0.124001;2.3038;
0.124002;2.30382;
0.124002;2.30387;
0.124003;2.30395;
0.124006;2.30411;
0.124011;2.30445;
0.124014;2.30464;
0.124017;2.30482;
0.124021;2.30505;
0.124025;2.3053;
0.124029;2.30555;
0.124036;2.30597;
0.124049;2.30681;
0.124059;2.30745;
0.124071;2.30814;
0.124085;2.309;
0.124105;2.31024;
0.124125;2.31147;
0.124145;2.31271;
0.124165;2.31394;
0.124185;2.31518;
0.124205;2.31641;
0.124225;2.31765;
0.124245;2.31888;
0.124265;2.32011;
0.124285;2.32135;
0.124305;2.32258;
0.124325;2.32382;
0.124345;2.32505;
0.124365;2.32629;
0.124385;2.32752;
0.124405;2.32876;
0.124425;2.32999;
0.124445;2.33122;
0.124465;2.33246;
0.124485;2.33369;
0.124505;2.33493;
0.124525;2.33616;
0.124545;2.33739;
0.124565;2.33863;
0.124585;2.33986;
0.124605;2.3411;
0.124625;2.34233;
0.124645;2.34356;
0.124665;2.3448;
0.124685;2.34603;
0.124705;2.34726;
0.124725;2.3485;
0.124745;2.34973;
0.124765;2.35096;
0.124785;2.3522;
0.124805;2.35343;
0.124825;2.35466;
0.124845;2.3559;
0.124865;2.35713;
0.124885;2.35836;
0.124905;2.35959;
0.124925;2.36083;
0.124945;2.36206;
0.124965;2.36329;
0.124985;2.36452;
0.125001;2.36554;
0.125001;2.36554;
0.125001;2.36556;
0.125002;2.36558;
0.125002;2.3656;
0.125002;2.3656;
0.125002;2.36561;
0.125003;2.36563;
0.125003;2.36567;
0.125004;2.36575;
0.125007;2.36591;
0.125012;2.36622;
0.125022;2.36686;
0.125042;2.36809;
0.125062;2.36932;
0.125082;2.37055;
0.125102;2.37178;
0.125122;2.37302;
0.125142;2.37425;
0.125162;2.37548;
0.125182;2.37671;
0.125202;2.37794;
0.125222;2.37918;
0.125242;2.38041;
0.125262;2.38164;
0.125282;2.38287;
0.125302;2.3841;
0.125322;2.38533;
0.125342;2.38657;
0.125362;2.3878;
0.125382;2.38903;
0.125402;2.39026;
0.125422;2.39149;
0.125442;2.39272;
0.125462;2.39395;
0.125482;2.39518;
0.125502;2.39642;
0.125522;2.39765;
0.125542;2.39888;
0.125562;2.40011;
0.125582;2.40134;
0.125602;2.40257;
0.125622;2.4038;
0.125642;2.40503;
0.125662;2.40626;
0.125682;2.40749;
0.125702;2.40872;
0.125722;2.40995;
0.125742;2.41118;
0.125762;2.41241;
0.125782;2.41364;
0.125802;2.41487;
0.125822;2.4161;
0.125842;2.41733;
0.125862;2.41856;
0.125882;2.41979;
0.125902;2.42102;
0.125922;2.42225;
0.125942;2.42348;
0.125962;2.42471;
0.125982;2.42594;
0.126;2.42702;
0.126;2.42703;
0.126;2.42704;
0.126001;2.42706;
0.126001;2.42708;
0.126001;2.42709;
0.126001;2.4271;
0.126002;2.42712;
0.126002;2.42716;
0.126003;2.42723;
0.126006;2.42739;
0.126011;2.42771;
0.126021;2.42834;
0.126041;2.42957;
0.126061;2.43079;
0.126081;2.43202;
0.126101;2.43325;
0.126121;2.43448;
0.126141;2.43571;
0.126161;2.43694;
0.126181;2.43817;
0.126201;2.4394;
0.126221;2.44063;
0.126241;2.44185;
0.126261;2.44308;
0.126281;2.44431;
0.126301;2.44554;
0.126321;2.44677;
0.126341;2.448;
0.126361;2.44922;
0.126381;2.45045;
0.126401;2.45168;
0.126421;2.45291;
0.126441;2.45414;
0.126461;2.45536;
0.126481;2.45659;
0.126501;2.45782;
0.126521;2.45905;
0.126541;2.46027;
0.126561;2.4615;
0.126581;2.46273;
0.126601;2.46396;
0.126621;2.46518;
0.126641;2.46641;
0.126661;2.46764;
0.126681;2.46887;
0.126701;2.47009;
0.126721;2.47132;
0.126741;2.47255;
0.126761;2.47377;
0.126781;2.475;
0.126801;2.47623;
0.126821;2.47745;
0.126841;2.47868;
0.126861;2.47991;
0.126881;2.48113;
0.126901;2.48236;
0.126921;2.48359;
0.126941;2.48481;
0.126961;2.48604;
0.126981;2.48726;
0.127001;2.48847;
0.127001;2.48847;
0.127001;2.48848;
0.127002;2.48851;
0.127002;2.48853;
0.127002;2.48853;
0.127002;2.48854;
0.127003;2.48856;
0.127003;2.4886;
0.127004;2.48868;
0.127007;2.48884;
0.127012;2.48915;
0.127022;2.48978;
0.127042;2.491;
0.127062;2.49223;
0.127082;2.49345;
0.127102;2.49468;
0.127122;2.49591;
0.127142;2.49713;
0.127162;2.49836;
0.127182;2.49958;
0.127202;2.50081;
0.127222;2.50203;
0.127242;2.50326;
0.127262;2.50448;
0.127282;2.50571;
0.127302;2.50693;
0.127322;2.50816;
0.127342;2.50938;
0.127362;2.51061;
0.127382;2.51183;
0.127402;2.51306;
0.127422;2.51428;
0.127442;2.51551;
0.127462;2.51673;
0.127482;2.51796;
0.127502;2.51918;
0.127522;2.5204;
0.127542;2.52163;
0.127562;2.52285;
0.127582;2.52408;
0.127602;2.5253;
0.127622;2.52652;
0.127642;2.52775;
0.127662;2.52897;
0.127682;2.5302;
0.127702;2.53142;
0.127722;2.53264;
0.127742;2.53387;
0.127762;2.53509;
0.127782;2.53631;
0.127802;2.53754;
0.127822;2.53876;
0.127842;2.53998;
0.127862;2.54121;
0.127882;2.54243;
0.127902;2.54365;
0.127922;2.54487;
0.127942;2.5461;
0.127962;2.54732;
0.127982;2.54854;
0.128;2.54962;
0.128;2.54962;
0.128;2.54964;
0.128001;2.54966;
0.128001;2.54968;
0.128001;2.54968;
0.128001;2.54969;
0.128002;2.54971;
0.128002;2.54975;
0.128003;2.54983;
0.128006;2.54999;
0.128011;2.5503;
0.128021;2.55093;
0.128041;2.55215;
0.128061;2.55337;
0.128081;2.55459;
0.128101;2.55581;
0.128121;2.55703;
0.128141;2.55825;
0.128161;2.55948;
0.128181;2.5607;
0.128201;2.56192;
0.128221;2.56314;
0.128241;2.56436;
0.128261;2.56558;
0.128281;2.56681;
0.128301;2.56803;
0.128321;2.56925;
0.128341;2.57047;
0.128361;2.57169;
0.128381;2.57291;
0.128401;2.57413;
0.128421;2.57536;
0.128441;2.57658;
0.128461;2.5778;
0.128481;2.57902;
0.128501;2.58024;
0.128521;2.58146;
0.128541;2.58268;
0.128561;2.5839;
0.128581;2.58512;
0.128601;2.58634;
0.128621;2.58756;
0.128641;2.58878;
0.128661;2.59;
0.128681;2.59122;
0.128701;2.59244;
0.128721;2.59366;
0.128741;2.59488;
0.128761;2.5961;
0.128781;2.59732;
0.128801;2.59854;
0.128821;2.59976;
0.128841;2.60098;
0.128861;2.6022;
0.128881;2.60342;
0.128901;2.60464;
0.128921;2.60586;
0.128941;2.60708;
0.128961;2.6083;
0.128981;2.60952;
0.129001;2.61072;
0.129001;2.61072;
0.129001;2.61074;
0.129002;2.61076;
0.129002;2.61078;
0.129002;2.61078;
0.129002;2.61079;
0.129003;2.61081;
0.129003;2.61085;
0.129004;2.61093;
0.129007;2.61109;
0.129012;2.6114;
0.129022;2.61202;
0.129042;2.61324;
0.129062;2.61446;
0.129082;2.61568;
0.129102;2.6169;
0.129122;2.61812;
0.129142;2.61933;
0.129162;2.62055;
0.129182;2.62177;
0.129202;2.62299;
0.129222;2.62421;
0.129242;2.62543;
0.129262;2.62664;
0.129282;2.62786;
0.129302;2.62908;
0.129322;2.6303;
0.129342;2.63152;
0.129362;2.63273;
0.129382;2.63395;
0.129402;2.63517;
0.129422;2.63639;
0.129442;2.6376;
0.129462;2.63882;
0.129482;2.64004;
0.129502;2.64125;
0.129522;2.64247;
0.129542;2.64369;
0.129562;2.64491;
0.129582;2.64612;
0.129602;2.64734;
0.129622;2.64856;
0.129642;2.64977;
0.129662;2.65099;
0.129682;2.65221;
0.129702;2.65342;
0.129722;2.65464;
0.129742;2.65585;
0.129762;2.65707;
0.129782;2.65829;
0.129802;2.6595;
0.129822;2.66072;
0.129842;2.66193;
0.129862;2.66315;
0.129882;2.66437;
0.129902;2.66558;
0.129922;2.6668;
0.129942;2.66801;
0.129962;2.66923;
0.129982;2.67044;
0.13;2.67151;
0.13;2.67152;
0.13;2.67153;
0.130001;2.67156;
0.130001;2.67157;
0.130001;2.67158;
0.130001;2.67159;
0.130002;2.67161;
0.130002;2.67165;
0.130003;2.67172;
0.130006;2.67188;
0.130011;2.67219;
0.130021;2.67281;
0.130041;2.67403;
0.130061;2.67524;
0.130081;2.67646;
0.130099;2.67751;
0.130117;2.67861;
0.130137;2.67982;
0.130157;2.68104;
0.130177;2.68225;
0.130197;2.68347;
0.130217;2.68468;
0.130237;2.6859;
0.130257;2.68711;
0.130277;2.68832;
0.130297;2.68954;
0.130317;2.69075;
0.130337;2.69197;
0.130357;2.69318;
0.130377;2.69439;
0.130397;2.69561;
0.130417;2.69682;
0.130437;2.69804;
0.130457;2.69925;
0.130477;2.70046;
0.130497;2.70168;
0.130517;2.70289;
0.130537;2.7041;
0.130557;2.70532;
0.130577;2.70653;
0.130597;2.70774;
0.130617;2.70895;
0.130637;2.71017;
0.130657;2.71138;
0.130677;2.71259;
0.130697;2.71381;
0.130717;2.71502;
0.130737;2.71623;
0.130757;2.71744;
0.130777;2.71865;
0.130797;2.71987;
0.130817;2.72108;
0.130837;2.72229;
0.130857;2.7235;
0.130877;2.72472;
0.130897;2.72593;
0.130917;2.72714;
0.130937;2.72835;
0.130957;2.72956;
0.130977;2.73077;
0.130997;2.73199;
0.131001;2.73224;
0.131001;2.73225;
0.131001;2.73226;
0.131002;2.73228;
0.131002;2.7323;
0.131002;2.73231;
0.131002;2.73232;
0.131003;2.73233;
0.131003;2.73237;
0.131004;2.73245;
0.131007;2.73261;
0.131012;2.73292;
0.131022;2.73354;
0.131042;2.73475;
0.131062;2.73596;
0.131082;2.73717;
0.131102;2.73838;
0.131122;2.73959;
0.131142;2.7408;
0.131162;2.74201;
0.131182;2.74322;
0.131202;2.74444;
0.131222;2.74565;
0.131242;2.74686;
0.131262;2.74807;
0.131282;2.74928;
0.131302;2.75049;
0.131322;2.7517;
0.131342;2.75291;
0.131362;2.75412;
0.131382;2.75533;
0.131402;2.75654;
0.131422;2.75775;
0.131442;2.75896;
0.131462;2.76017;
0.131482;2.76138;
0.131502;2.76259;
0.131522;2.76379;
0.131542;2.765;
0.131562;2.76621;
0.131582;2.76742;
0.131602;2.76863;
0.131622;2.76984;
0.131642;2.77105;
0.131662;2.77226;
0.131682;2.77347;
0.131702;2.77468;
0.131722;2.77588;
0.131742;2.77709;
0.131762;2.7783;
0.131782;2.77951;
0.131802;2.78072;
0.131822;2.78193;
0.131842;2.78313;
0.131862;2.78434;
0.131882;2.78555;
0.131902;2.78676;
0.131922;2.78797;
0.131942;2.78917;
0.131962;2.79038;
0.131982;2.79159;
0.132;2.79265;
0.132;2.79266;
0.132;2.79267;
0.132001;2.79269;
0.132001;2.79271;
0.132001;2.79272;
0.132001;2.79273;
0.132002;2.79274;
0.132002;2.79278;
0.132003;2.79286;
0.132005;2.79297;
0.132007;2.79306;
0.132008;2.79314;
0.13201;2.79322;
0.132012;2.79335;
0.132015;2.79351;
0.132018;2.79369;
0.132021;2.79385;
0.132027;2.79419;
0.132038;2.79485;
0.13205;2.79549;
0.132063;2.79625;
0.132078;2.79708;
0.132094;2.79799;
0.132114;2.79912;
0.132134;2.80026;
0.132154;2.80139;
0.132174;2.80252;
0.132194;2.80365;
0.132214;2.80478;
0.132234;2.80591;
0.132254;2.80704;
0.132274;2.80817;
0.132294;2.8093;
0.132314;2.81043;
0.132334;2.81156;
0.132354;2.81269;
0.132374;2.81383;
0.132394;2.81496;
0.132414;2.81609;
0.132434;2.81722;
0.132454;2.81835;
0.132474;2.81948;
0.132494;2.82061;
0.132514;2.82174;
0.132534;2.82287;
0.132554;2.824;
0.132574;2.82513;
0.132594;2.82626;
0.132614;2.82739;
0.132634;2.82852;
0.132654;2.82965;
0.132674;2.83078;
0.132694;2.83191;
0.132714;2.83304;
0.132734;2.83417;
0.132754;2.8353;
0.132774;2.83643;
0.132794;2.83756;
0.132814;2.83869;
0.132834;2.83982;
0.132854;2.84095;
0.132874;2.84208;
0.132894;2.84321;
0.132914;2.84434;
0.132934;2.84547;
0.132954;2.8466;
0.132974;2.84773;
0.132994;2.84886;
0.133001;2.84926;
0.133001;2.84927;
0.133001;2.84928;
0.133002;2.8493;
0.133002;2.84932;
0.133002;2.84932;
0.133002;2.84933;
0.133003;2.84935;
0.133003;2.84938;
0.133004;2.84946;
0.133007;2.8496;
0.133012;2.84989;
0.133022;2.85047;
0.133042;2.8516;
0.133062;2.85273;
0.133082;2.85386;
0.133102;2.85499;
0.133122;2.85612;
0.133142;2.85724;
0.133162;2.85837;
0.133182;2.8595;
0.133202;2.86063;
0.133222;2.86176;
0.133242;2.86289;
0.133262;2.86402;
0.133282;2.86515;
0.133302;2.86628;
0.133322;2.8674;
0.133342;2.86853;
0.133362;2.86966;
0.133382;2.87079;
0.133402;2.87192;
0.133422;2.87305;
0.133442;2.87418;
0.133462;2.87531;
0.133482;2.87643;
0.133502;2.87756;
0.133522;2.87869;
0.133542;2.87982;
0.133562;2.88095;
0.133582;2.88208;
0.133602;2.8832;
0.133622;2.88433;
0.133642;2.88546;
0.133662;2.88659;
0.133682;2.88772;
0.133702;2.88884;
0.133722;2.88997;
0.133742;2.8911;
0.133762;2.89223;
0.133782;2.89336;
0.133802;2.89448;
0.133822;2.89561;
0.133842;2.89674;
0.133862;2.89787;
0.133882;2.899;
0.133902;2.90012;
0.133922;2.90125;
0.133942;2.90238;
0.133962;2.90351;
0.133982;2.90463;
0.134;2.90563;
0.134;2.90563;
0.134;2.90564;
0.134001;2.90566;
0.134001;2.90568;
0.134001;2.90569;
0.134001;2.90569;
0.134002;2.90571;
0.134002;2.90575;
0.134003;2.90582;
0.134006;2.90597;
0.134011;2.90625;
0.134021;2.90683;
0.134041;2.90796;
0.134061;2.90909;
0.134081;2.91021;
0.134101;2.91134;
0.134121;2.91247;
0.134141;2.91359;
0.134161;2.91472;
0.134181;2.91585;
0.134201;2.91698;
0.134221;2.9181;
0.134241;2.91923;
0.134261;2.92036;
0.134281;2.92148;
0.134301;2.92261;
0.134321;2.92374;
0.134341;2.92486;
0.134361;2.92599;
0.134381;2.92712;
0.134401;2.92824;
0.134421;2.92937;
0.134441;2.9305;
0.134461;2.93162;
0.134481;2.93275;
0.134501;2.93388;
0.134521;2.935;
0.134541;2.93613;
0.134561;2.93725;
0.134581;2.93838;
0.134601;2.93951;
0.134621;2.94063;
0.134641;2.94176;
0.134661;2.94289;
0.134681;2.94401;
0.134701;2.94514;
0.134721;2.94626;
0.134741;2.94739;
0.134761;2.94851;
0.134781;2.94964;
0.134801;2.95077;
0.134821;2.95189;
0.134841;2.95302;
0.134861;2.95414;
0.134881;2.95527;
0.134901;2.95639;
0.134921;2.95752;
0.134941;2.95864;
0.134961;2.95977;
0.134981;2.9609;
0.135001;2.962;
0.135001;2.962;
0.135001;2.96202;
0.135002;2.96204;
0.135002;2.96205;
0.135002;2.96206;
0.135002;2.96207;
0.135003;2.96209;
0.135003;2.96212;
0.135004;2.96219;
0.135007;2.96234;
0.135012;2.96263;
0.135022;2.9632;
0.135042;2.96433;
0.135062;2.96545;
0.135082;2.96658;
0.135102;2.9677;
0.135122;2.96883;
0.135142;2.96995;
0.135162;2.97108;
0.135182;2.9722;
0.135202;2.97333;
0.135222;2.97445;
0.135242;2.97558;
0.135262;2.9767;
0.135282;2.97783;
0.135302;2.97895;
0.135322;2.98008;
0.135342;2.9812;
0.135362;2.98232;
0.135382;2.98345;
0.135402;2.98457;
0.135422;2.9857;
0.135442;2.98682;
0.135462;2.98795;
0.135482;2.98907;
0.135502;2.99019;
0.135522;2.99132;
0.135542;2.99244;
0.135562;2.99357;
0.135582;2.99469;
0.135602;2.99581;
0.135622;2.99694;
0.135642;2.99806;
0.135662;2.99918;
0.135682;3.00031;
0.135702;3.00143;
0.135722;3.00256;
0.135742;3.00368;
0.135762;3.0048;
0.135782;3.00593;
0.135802;3.00705;
0.135822;3.00817;
0.135842;3.0093;
0.135862;3.01042;
0.135882;3.01154;
0.135902;3.01267;
0.135922;3.01379;
0.135942;3.01491;
0.135962;3.01604;
0.135982;3.01716;
0.136;3.01815;
0.136;3.01815;
0.136;3.01816;
0.136001;3.01819;
0.136001;3.0182;
0.136001;3.01821;
0.136001;3.01822;
0.136002;3.01823;
0.136002;3.01827;
0.136003;3.01834;
0.136006;3.01849;
0.136011;3.01877;
0.136021;3.01935;
0.136041;3.02047;
0.136061;3.02159;
0.136081;3.02272;
0.136101;3.02384;
0.136121;3.02496;
0.136141;3.02608;
0.136161;3.02721;
0.136181;3.02833;
0.136201;3.02945;
0.136221;3.03057;
0.136241;3.0317;
0.136261;3.03282;
0.136281;3.03394;
0.136301;3.03506;
0.136321;3.03619;
0.136341;3.03731;
0.136361;3.03843;
0.136381;3.03955;
0.136401;3.04067;
0.136421;3.0418;
0.136441;3.04292;
0.136461;3.04404;
0.136481;3.04516;
0.136501;3.04628;
0.136521;3.0474;
0.136541;3.04853;
0.136561;3.04965;
0.136581;3.05077;
0.136601;3.05189;
0.136621;3.05301;
0.136641;3.05413;
0.136661;3.05525;
0.136681;3.05638;
0.136701;3.0575;
0.136721;3.05862;
0.136741;3.05974;
0.136761;3.06086;
0.136781;3.06198;
0.136801;3.0631;
0.136821;3.06422;
0.136841;3.06534;
0.136861;3.06646;
0.136881;3.06759;
0.136901;3.06871;
0.136921;3.06983;
0.136941;3.07095;
0.136961;3.07207;
0.136981;3.07319;
0.137001;3.07429;
0.137001;3.07429;
0.137001;3.0743;
0.137002;3.07433;
0.137002;3.07434;
0.137002;3.07435;
0.137002;3.07436;
0.137003;3.07437;
0.137003;3.07441;
0.137004;3.07448;
0.137007;3.07463;
0.137012;3.07491;
0.137022;3.07549;
0.137042;3.07661;
0.137062;3.07773;
0.137082;3.07885;
0.137102;3.07997;
0.137122;3.08109;
0.137142;3.08221;
0.137162;3.08333;
0.137182;3.08445;
0.137202;3.08557;
0.137222;3.08669;
0.137242;3.08781;
0.137262;3.08893;
0.137282;3.09005;
0.137302;3.09117;
0.137322;3.09229;
0.137342;3.09341;
0.137362;3.09452;
0.137382;3.09564;
0.137402;3.09676;
0.137422;3.09788;
0.137442;3.099;
0.137462;3.10012;
0.137482;3.10124;
0.137502;3.10236;
0.137522;3.10348;
0.137542;3.1046;
0.137562;3.10572;
0.137582;3.10684;
0.137602;3.10795;
0.137622;3.10907;
0.137642;3.11019;
0.137662;3.11131;
0.137682;3.11243;
0.137702;3.11355;
0.137722;3.11467;
0.137742;3.11579;
0.137762;3.1169;
0.137782;3.11802;
0.137802;3.11914;
0.137822;3.12026;
0.137842;3.12138;
0.137862;3.1225;
0.137882;3.12361;
0.137902;3.12473;
0.137922;3.12585;
0.137942;3.12697;
0.137962;3.12809;
0.137982;3.1292;
0.138;3.13019;
0.138;3.13019;
0.138;3.1302;
0.138001;3.13023;
0.138001;3.13024;
0.138001;3.13025;
0.138001;3.13026;
0.138002;3.13027;
0.138002;3.13031;
0.138003;3.13038;
0.138006;3.13052;
0.138011;3.13081;
0.138021;3.13138;
0.138041;3.1325;
0.138061;3.13362;
0.138081;3.13474;
0.138101;3.13585;
0.138121;3.13697;
0.138141;3.13809;
0.138161;3.13921;
0.138181;3.14032;
0.138201;3.14144;
0.138221;3.14256;
0.138241;3.14368;
0.138261;3.14479;
0.138281;3.14591;
0.138301;3.14703;
0.138321;3.14814;
0.138341;3.14926;
0.138361;3.15038;
0.138381;3.15149;
0.138401;3.15261;
0.138421;3.15373;
0.138441;3.15484;
0.138461;3.15596;
0.138481;3.15708;
0.138501;3.15819;
0.138521;3.15931;
0.138541;3.16043;
0.138561;3.16154;
0.138581;3.16266;
0.138601;3.16378;
0.138621;3.16489;
0.138641;3.16601;
0.138661;3.16712;
0.138681;3.16824;
0.138701;3.16936;
0.138721;3.17047;
0.138741;3.17159;
0.138761;3.1727;
0.138781;3.17382;
0.138801;3.17493;
0.138821;3.17605;
0.138841;3.17716;
0.138861;3.17828;
0.138881;3.1794;
0.138901;3.18051;
0.138921;3.18163;
0.138941;3.18274;
0.138961;3.18386;
0.138981;3.18497;
0.139001;3.18606;
0.139001;3.18607;
0.139001;3.18608;
0.139002;3.1861;
0.139002;3.18612;
0.139002;3.18612;
0.139002;3.18613;
0.139003;3.18615;
0.139003;3.18619;
0.139004;3.18626;
0.139007;3.1864;
0.139012;3.18669;
0.139022;3.18726;
0.139042;3.18837;
0.139062;3.18949;
0.139082;3.1906;
0.139102;3.19172;
0.139122;3.19283;
0.139142;3.19395;
0.139162;3.19506;
0.139182;3.19618;
0.139202;3.19729;
0.139222;3.1984;
0.139242;3.19952;
0.139262;3.20063;
0.139282;3.20175;
0.139302;3.20286;
0.139322;3.20398;
0.139342;3.20509;
0.139362;3.2062;
0.139382;3.20732;
0.139402;3.20843;
0.139422;3.20955;
0.139442;3.21066;
0.139462;3.21177;
0.139482;3.21289;
0.139502;3.214;
0.139522;3.21511;
0.139542;3.21623;
0.139562;3.21734;
0.139582;3.21845;
0.139602;3.21957;
0.139622;3.22068;
0.139642;3.22179;
0.139662;3.22291;
0.139682;3.22402;
0.139702;3.22513;
0.139722;3.22625;
0.139742;3.22736;
0.139762;3.22847;
0.139782;3.22959;
0.139802;3.2307;
0.139822;3.23181;
0.139842;3.23292;
0.139862;3.23404;
0.139882;3.23515;
0.139902;3.23626;
0.139922;3.23737;
0.139942;3.23849;
0.139962;3.2396;
0.139982;3.24071;
0.14;3.24169;
0.14;3.24169;
0.14;3.24171;
0.140001;3.24173;
0.140001;3.24174;
0.140001;3.24175;
0.140001;3.24176;
0.140002;3.24178;
0.140002;3.24181;
0.140003;3.24188;
0.140006;3.24202;
0.140011;3.24231;
0.140015;3.24254;
0.140019;3.24275;
0.140025;3.24307;
0.14003;3.24333;
0.140035;3.24358;
0.140044;3.24408;
0.140058;3.24481;
0.140073;3.24558;
0.140087;3.24634;
0.140102;3.24711;
0.140122;3.24817;
0.140142;3.24923;
0.140162;3.25028;
0.140182;3.25134;
0.140202;3.25239;
0.140222;3.25345;
0.140242;3.2545;
0.140262;3.25556;
0.140282;3.25661;
0.140302;3.25767;
0.140322;3.25872;
0.140342;3.25978;
0.140362;3.26083;
0.140382;3.26189;
0.140402;3.26294;
0.140422;3.264;
0.140442;3.26505;
0.140462;3.26611;
0.140482;3.26716;
0.140502;3.26822;
0.140522;3.26927;
0.140542;3.27033;
0.140562;3.27138;
0.140582;3.27244;
0.140602;3.27349;
0.140622;3.27455;
0.140642;3.2756;
0.140662;3.27666;
0.140682;3.27771;
0.140702;3.27877;
0.140722;3.27982;
0.140742;3.28087;
0.140762;3.28193;
0.140782;3.28298;
0.140802;3.28404;
0.140822;3.28509;
0.140842;3.28615;
0.140862;3.2872;
0.140882;3.28826;
0.140902;3.28931;
0.140922;3.29036;
0.140942;3.29142;
0.140962;3.29247;
0.140982;3.29353;
0.141001;3.29454;
0.141001;3.29454;
0.141001;3.29455;
0.141002;3.29457;
0.141002;3.29459;
0.141002;3.29459;
0.141002;3.2946;
0.141003;3.29462;
0.141003;3.29465;
0.141004;3.29472;
0.141007;3.29486;
0.141012;3.29513;
0.141022;3.29566;
0.141042;3.29672;
0.141062;3.29777;
0.141082;3.29883;
0.141102;3.29988;
0.141122;3.30094;
0.141142;3.30199;
0.141162;3.30304;
0.141182;3.3041;
0.141202;3.30515;
0.141222;3.3062;
0.141242;3.30726;
0.141262;3.30831;
0.141282;3.30937;
0.141302;3.31042;
0.141322;3.31147;
0.141342;3.31253;
0.141362;3.31358;
0.141382;3.31463;
0.141402;3.31569;
0.141422;3.31674;
0.141442;3.3178;
0.141462;3.31885;
0.141482;3.3199;
0.141502;3.32096;
0.141522;3.32201;
0.141542;3.32306;
0.141562;3.32412;
0.141582;3.32517;
0.141602;3.32622;
0.141622;3.32728;
0.141642;3.32833;
0.141662;3.32938;
0.141682;3.33044;
0.141702;3.33149;
0.141722;3.33254;
0.141742;3.3336;
0.141762;3.33465;
0.141782;3.3357;
0.141802;3.33675;
0.141822;3.33781;
0.141842;3.33886;
0.141862;3.33991;
0.141882;3.34097;
0.141902;3.34202;
0.141922;3.34307;
0.141942;3.34412;
0.141962;3.34518;
0.141982;3.34623;
0.142;3.34716;
0.142;3.34716;
0.142;3.34717;
0.142001;3.34719;
0.142001;3.34721;
0.142001;3.34721;
0.142001;3.34722;
0.142002;3.34724;
0.142002;3.34727;
0.142003;3.34734;
0.142006;3.34747;
0.142011;3.34774;
0.142021;3.34828;
0.142038;3.34915;
0.142055;3.35004;
0.142075;3.35109;
0.142095;3.35214;
0.142115;3.35319;
0.142135;3.35425;
0.142155;3.3553;
0.142175;3.35635;
0.142195;3.3574;
0.142215;3.35846;
0.142235;3.35951;
0.142255;3.36056;
0.142275;3.36161;
0.142295;3.36267;
0.142315;3.36372;
0.142335;3.36477;
0.142355;3.36582;
0.142375;3.36687;
0.142395;3.36793;
0.142415;3.36898;
0.142435;3.37003;
0.142455;3.37108;
0.142475;3.37213;
0.142495;3.37319;
0.142515;3.37424;
0.142535;3.37529;
0.142555;3.37634;
0.142575;3.37739;
0.142595;3.37844;
0.142615;3.3795;
0.142635;3.38055;
0.142655;3.3816;
0.142675;3.38265;
0.142695;3.3837;
0.142715;3.38475;
0.142735;3.38581;
0.142755;3.38686;
0.142775;3.38791;
0.142795;3.38896;
0.142815;3.39001;
0.142835;3.39106;
0.142855;3.39211;
0.142875;3.39316;
0.142895;3.39422;
0.142915;3.39527;
0.142935;3.39632;
0.142955;3.39737;
0.142975;3.39842;
0.142995;3.39947;
0.143001;3.3998;
0.143001;3.39981;
0.143001;3.39982;
0.143002;3.39984;
0.143002;3.39985;
0.143002;3.39986;
0.143002;3.39987;
0.143003;3.39988;
0.143003;3.39992;
0.143004;3.39998;
0.143007;3.40012;
0.143012;3.40039;
0.143022;3.40093;
0.143042;3.40198;
0.143062;3.40303;
0.143082;3.40408;
0.143102;3.40513;
0.143122;3.40618;
0.143142;3.40723;
0.143162;3.40828;
0.143182;3.40933;
0.143202;3.41038;
0.143222;3.41143;
0.143242;3.41248;
0.143262;3.41353;
0.143282;3.41458;
0.143302;3.41563;
0.143322;3.41669;
0.143342;3.41774;
0.143362;3.41879;
0.143382;3.41984;
0.143402;3.42089;
0.143422;3.42194;
0.143442;3.42299;
0.143462;3.42404;
0.143482;3.42509;
0.143502;3.42614;
0.143522;3.42719;
0.143542;3.42824;
0.143562;3.42929;
0.143582;3.43034;
0.143602;3.43139;
0.143622;3.43244;
0.143642;3.43349;
0.143662;3.43454;
0.143682;3.43559;
0.143702;3.43664;
0.143722;3.43769;
0.143742;3.43874;
0.143762;3.43978;
0.143782;3.44083;
0.143802;3.44188;
0.143822;3.44293;
0.143842;3.44398;
0.143862;3.44503;
0.143882;3.44608;
0.143902;3.44713;
0.143922;3.44818;
0.143942;3.44923;
0.143962;3.45028;
0.143982;3.45133;
0.144;3.45225;
0.144;3.45226;
0.144;3.45227;
0.144001;3.45229;
0.144001;3.4523;
0.144001;3.45231;
0.144001;3.45232;
0.144002;3.45233;
0.144002;3.45237;
0.144003;3.45243;
0.144006;3.45257;
0.144011;3.45284;
0.144021;3.45337;
0.144041;3.45442;
0.144061;3.45547;
0.144079;3.4564;
0.144097;3.45736;
0.144117;3.45841;
0.144137;3.45946;
0.144157;3.4605;
0.144177;3.46155;
0.144197;3.4626;
0.144217;3.46365;
0.144237;3.4647;
0.144257;3.46575;
0.144277;3.4668;
0.144297;3.46785;
0.144317;3.46889;
0.144337;3.46994;
0.144357;3.47099;
0.144377;3.47204;
0.144397;3.47309;
0.144417;3.47414;
0.144437;3.47518;
0.144457;3.47623;
0.144477;3.47728;
0.144497;3.47833;
0.144517;3.47938;
0.144537;3.48043;
0.144557;3.48147;
0.144577;3.48252;
0.144597;3.48357;
0.144617;3.48462;
0.144637;3.48566;
0.144657;3.48671;
0.144677;3.48776;
0.144697;3.48881;
0.144717;3.48986;
0.144737;3.4909;
0.144757;3.49195;
0.144777;3.493;
0.144797;3.49405;
0.144817;3.49509;
0.144837;3.49614;
0.144857;3.49719;
0.144877;3.49824;
0.144897;3.49928;
0.144917;3.50033;
0.144937;3.50138;
0.144957;3.50243;
0.144977;3.50347;
0.144997;3.50452;
0.145001;3.50471;
0.145001;3.50472;
0.145001;3.50473;
0.145002;3.50475;
0.145002;3.50476;
0.145002;3.50477;
0.145002;3.50478;
0.145003;3.50479;
0.145003;3.50483;
0.145004;3.50489;
0.145007;3.50503;
0.145012;3.50529;
0.145022;3.50583;
0.145042;3.50688;
0.145062;3.50792;
0.145082;3.50897;
0.145102;3.51002;
0.145122;3.51107;
0.145142;3.51211;
0.145162;3.51316;
0.145182;3.51421;
0.145202;3.51525;
0.145222;3.5163;
0.145242;3.51735;
0.145262;3.51839;
0.145282;3.51944;
0.145302;3.52049;
0.145322;3.52153;
0.145342;3.52258;
0.145362;3.52362;
0.145382;3.52467;
0.145402;3.52572;
0.145422;3.52676;
0.145442;3.52781;
0.145462;3.52886;
0.145482;3.5299;
0.145502;3.53095;
0.145522;3.53199;
0.145542;3.53304;
0.145562;3.53409;
0.145582;3.53513;
0.145602;3.53618;
0.145622;3.53722;
0.145642;3.53827;
0.145662;3.53932;
0.145682;3.54036;
0.145702;3.54141;
0.145722;3.54245;
0.145742;3.5435;
0.145762;3.54454;
0.145782;3.54559;
0.145802;3.54663;
0.145822;3.54768;
0.145842;3.54872;
0.145862;3.54977;
0.145882;3.55082;
0.145902;3.55186;
0.145922;3.55291;
0.145942;3.55395;
0.145962;3.555;
0.145982;3.55604;
0.146;3.55696;
0.146;3.55697;
0.146;3.55698;
0.146001;3.557;
0.146001;3.55701;
0.146001;3.55702;
0.146001;3.55703;
0.146002;3.55704;
0.146002;3.55708;
0.146003;3.55714;
0.146006;3.55728;
0.146011;3.55754;
0.146021;3.55808;
0.146028;3.55841;
0.146034;3.55873;
0.146039;3.55899;
0.146045;3.55926;
0.146053;3.55968;
0.14607;3.56052;
0.146082;3.56114;
0.146095;3.5618;
0.146109;3.56254;
0.146129;3.56354;
0.146149;3.56455;
0.146169;3.56556;
0.146189;3.56657;
0.146209;3.56758;
0.146229;3.56859;
0.146249;3.5696;
0.146269;3.5706;
0.146289;3.57161;
0.146309;3.57262;
0.146329;3.57363;
0.146349;3.57464;
0.146369;3.57565;
0.146389;3.57666;
0.146409;3.57766;
0.146429;3.57867;
0.146449;3.57968;
0.146469;3.58069;
0.146489;3.5817;
0.146509;3.58271;
0.146529;3.58371;
0.146549;3.58472;
0.146569;3.58573;
0.146589;3.58674;
0.146609;3.58775;
0.146629;3.58876;
0.146649;3.58976;
0.146669;3.59077;
0.146689;3.59178;
0.146709;3.59279;
0.146729;3.5938;
0.146749;3.5948;
0.146769;3.59581;
0.146789;3.59682;
0.146809;3.59783;
0.146829;3.59884;
0.146849;3.59984;
0.146869;3.60085;
0.146889;3.60186;
0.146909;3.60287;
0.146929;3.60388;
0.146949;3.60488;
0.146969;3.60589;
0.146989;3.6069;
0.147001;3.60748;
0.147001;3.60748;
0.147001;3.60749;
0.147002;3.60751;
0.147002;3.60753;
0.147002;3.60753;
0.147002;3.60754;
0.147003;3.60756;
0.147003;3.60759;
0.147004;3.60765;
0.147007;3.60778;
0.147012;3.60804;
0.147022;3.60856;
0.147042;3.60957;
0.147062;3.61057;
0.147082;3.61158;
0.147102;3.61259;
0.147122;3.6136;
0.147142;3.6146;
0.147162;3.61561;
0.147182;3.61662;
0.147202;3.61763;
0.147222;3.61863;
0.147242;3.61964;
0.147262;3.62065;
0.147282;3.62165;
0.147302;3.62266;
0.147322;3.62367;
0.147342;3.62468;
0.147362;3.62568;
0.147382;3.62669;
0.147402;3.6277;
0.147422;3.62871;
0.147442;3.62971;
0.147462;3.63072;
0.147482;3.63173;
0.147502;3.63273;
0.147522;3.63374;
0.147542;3.63475;
0.147562;3.63575;
0.147582;3.63676;
0.147602;3.63777;
0.147622;3.63878;
0.147642;3.63978;
0.147662;3.64079;
0.147682;3.6418;
0.147702;3.6428;
0.147722;3.64381;
0.147742;3.64482;
0.147762;3.64582;
0.147782;3.64683;
0.147802;3.64784;
0.147822;3.64884;
0.147842;3.64985;
0.147862;3.65086;
0.147882;3.65186;
0.147902;3.65287;
0.147922;3.65388;
0.147942;3.65488;
0.147962;3.65589;
0.147982;3.65689;
0.148;3.65778;
0.148;3.65778;
0.148;3.65779;
0.148001;3.65782;
0.148001;3.65783;
0.148001;3.65783;
0.148001;3.65784;
0.148002;3.65786;
0.148002;3.65789;
0.148003;3.65795;
0.148006;3.65808;
0.148011;3.65834;
0.148021;3.65886;
0.148041;3.65986;
0.148061;3.66087;
0.148081;3.66188;
0.148101;3.66287;
0.148121;3.66388;
0.148141;3.66488;
0.148161;3.66589;
0.148181;3.6669;
0.148201;3.6679;
0.148221;3.66891;
0.148241;3.66991;
0.148261;3.67092;
0.148281;3.67192;
0.148301;3.67293;
0.148321;3.67394;
0.148341;3.67494;
0.148361;3.67595;
0.148381;3.67695;
0.148401;3.67796;
0.148421;3.67897;
0.148441;3.67997;
0.148461;3.68098;
0.148481;3.68198;
0.148501;3.68299;
0.148521;3.68399;
0.148541;3.685;
0.148561;3.686;
0.148581;3.68701;
0.148601;3.68802;
0.148621;3.68902;
0.148641;3.69003;
0.148661;3.69103;
0.148681;3.69204;
0.148701;3.69304;
0.148721;3.69405;
0.148741;3.69505;
0.148761;3.69606;
0.148781;3.69706;
0.148801;3.69807;
0.148821;3.69907;
0.148841;3.70008;
0.148861;3.70108;
0.148881;3.70209;
0.148901;3.70309;
0.148921;3.7041;
0.148941;3.7051;
0.148961;3.70611;
0.148981;3.70711;
0.149001;3.70811;
0.149001;3.70811;
0.149001;3.70812;
0.149002;3.70814;
0.149002;3.70816;
0.149002;3.70816;
0.149002;3.70817;
0.149003;3.70819;
0.149003;3.70822;
0.149004;3.70828;
0.149007;3.70841;
0.149012;3.70867;
0.149022;3.70918;
0.149042;3.71019;
0.149062;3.71119;
0.149082;3.7122;
0.149102;3.7132;
0.149122;3.71421;
0.149142;3.71521;
0.149162;3.71622;
0.149182;3.71722;
0.149202;3.71822;
0.149222;3.71923;
0.149242;3.72023;
0.149262;3.72124;
0.149282;3.72224;
0.149302;3.72325;
0.149322;3.72425;
0.149342;3.72525;
0.149362;3.72626;
0.149382;3.72726;
0.149402;3.72827;
0.149422;3.72927;
0.149442;3.73027;
0.149462;3.73128;
0.149482;3.73228;
0.149502;3.73329;
0.149522;3.73429;
0.149542;3.73529;
0.149562;3.7363;
0.149582;3.7373;
0.149602;3.73831;
0.149622;3.73931;
0.149642;3.74031;
0.149662;3.74132;
0.149682;3.74232;
0.149702;3.74332;
0.149722;3.74433;
0.149742;3.74533;
0.149762;3.74634;
0.149782;3.74734;
0.149802;3.74834;
0.149822;3.74935;
0.149842;3.75035;
0.149862;3.75135;
0.149882;3.75236;
0.149902;3.75336;
0.149922;3.75436;
0.149942;3.75537;
0.149962;3.75637;
0.149982;3.75737;
0.15;3.75825;
0.15;3.75826;
0.15;3.75827;
0.150001;3.75829;
0.150001;3.7583;
0.150001;3.75831;
0.150001;3.75832;
0.150002;3.75833;
0.150002;3.75836;
0.150003;3.75843;
0.150006;3.75856;
0.150011;3.75881;
0.150021;3.75933;
0.150034;3.75997;
0.150045;3.76049;
0.150055;3.76098;
0.150066;3.76156;
0.15008;3.76226;
0.150097;3.76311;
0.150116;3.76405;
0.150136;3.76504;
0.150156;3.76602;
0.150176;3.76701;
0.150196;3.76801;
0.150216;3.769;
0.150236;3.77;
0.150256;3.77099;
0.150276;3.77199;
0.150296;3.77298;
0.150316;3.77398;
0.150336;3.77497;
0.150356;3.77597;
0.150376;3.77696;
0.150396;3.77796;
0.150416;3.77895;
0.150436;3.77995;
0.150456;3.78094;
0.150476;3.78194;
0.150496;3.78293;
0.150516;3.78393;
0.150536;3.78492;
0.150556;3.78592;
0.150576;3.78691;
0.150596;3.78791;
0.150616;3.7889;
0.150636;3.7899;
0.150656;3.79089;
0.150676;3.79188;
0.150696;3.79288;
0.150716;3.79387;
0.150736;3.79487;
0.150756;3.79586;
0.150776;3.79686;
0.150796;3.79785;
0.150816;3.79884;
0.150836;3.79984;
0.150856;3.80083;
0.150876;3.80183;
0.150896;3.80282;
0.150916;3.80382;
0.150936;3.80481;
0.150956;3.8058;
0.150976;3.8068;
0.150996;3.80779;
0.151001;3.80805;
0.151001;3.80806;
0.151001;3.80807;
0.151002;3.80809;
0.151002;3.8081;
0.151002;3.80811;
0.151002;3.80811;
0.151003;3.80813;
0.151003;3.80816;
0.151004;3.80823;
0.151007;3.80835;
0.151012;3.80861;
0.151022;3.80912;
0.151042;3.81011;
0.151062;3.8111;
0.151082;3.8121;
0.151102;3.81309;
0.151122;3.81409;
0.151142;3.81508;
0.151162;3.81607;
0.151182;3.81707;
0.151202;3.81806;
0.151222;3.81905;
0.151242;3.82005;
0.151262;3.82104;
0.151282;3.82203;
0.151302;3.82303;
0.151322;3.82402;
0.151342;3.82501;
0.151362;3.82601;
0.151382;3.827;
0.151402;3.82799;
0.151422;3.82899;
0.151442;3.82998;
0.151462;3.83097;
0.151482;3.83197;
0.151502;3.83296;
0.151522;3.83395;
0.151542;3.83494;
0.151562;3.83594;
0.151582;3.83693;
0.151602;3.83792;
0.151622;3.83892;
0.151642;3.83991;
0.151662;3.8409;
0.151682;3.84189;
0.151702;3.84289;
0.151722;3.84388;
0.151742;3.84487;
0.151762;3.84587;
0.151782;3.84686;
0.151802;3.84785;
0.151822;3.84884;
0.151842;3.84984;
0.151862;3.85083;
0.151882;3.85182;
0.151902;3.85281;
0.151922;3.8538;
0.151942;3.8548;
0.151962;3.85579;
0.151982;3.85678;
0.152;3.85765;
0.152;3.85766;
0.152;3.85767;
0.152001;3.85769;
0.152001;3.8577;
0.152001;3.85771;
0.152001;3.85772;
0.152002;3.85773;
0.152002;3.85776;
0.152003;3.85783;
0.152006;3.85795;
0.152009;3.85809;
0.152011;3.85819;
0.152013;3.85829;
0.152015;3.85839;
0.152018;3.85853;
0.15202;3.85864;
0.152023;3.85875;
0.152027;3.85896;
0.152037;3.85939;
0.152053;3.86014;
0.152068;3.86086;
0.152084;3.86157;
0.1521;3.86231;
0.15212;3.86323;
0.15214;3.86416;
0.15216;3.86509;
0.15218;3.86601;
0.1522;3.86694;
0.15222;3.86787;
0.15224;3.86879;
0.15226;3.86972;
0.15228;3.87065;
0.1523;3.87157;
0.15232;3.8725;
0.15234;3.87343;
0.15236;3.87435;
0.15238;3.87528;
0.1524;3.87621;
0.15242;3.87713;
0.15244;3.87806;
0.15246;3.87899;
0.15248;3.87992;
0.1525;3.88084;
0.15252;3.88177;
0.15254;3.8827;
0.15256;3.88362;
0.15258;3.88455;
0.1526;3.88548;
0.15262;3.8864;
0.15264;3.88733;
0.15266;3.88826;
0.15268;3.88918;
0.1527;3.89011;
0.15272;3.89104;
0.15274;3.89196;
0.15276;3.89289;
0.15278;3.89382;
0.1528;3.89474;
0.15282;3.89567;
0.15284;3.8966;
0.15286;3.89752;
0.15288;3.89845;
0.1529;3.89938;
0.15292;3.9003;
0.15294;3.90123;
0.15296;3.90216;
0.15298;3.90309;
0.153;3.90401;
0.153001;3.90408;
0.153001;3.90408;
0.153001;3.90409;
0.153002;3.90411;
0.153002;3.90413;
0.153002;3.90413;
0.153002;3.90414;
0.153003;3.90415;
0.153003;3.90418;
0.153004;3.90424;
0.153007;3.90436;
0.153012;3.9046;
0.153022;3.90507;
0.153042;3.906;
0.153062;3.90692;
0.153082;3.90785;
0.153102;3.90878;
0.153122;3.90971;
0.153142;3.91063;
0.153162;3.91156;
0.153182;3.91249;
0.153202;3.91341;
0.153222;3.91434;
0.153242;3.91527;
0.153262;3.91619;
0.153282;3.91712;
0.153302;3.91805;
0.153322;3.91897;
0.153342;3.9199;
0.153362;3.92083;
0.153382;3.92175;
0.153402;3.92268;
0.153422;3.92361;
0.153442;3.92453;
0.153462;3.92546;
0.153482;3.92639;
0.153502;3.92731;
0.153522;3.92824;
0.153542;3.92917;
0.153562;3.93009;
0.153582;3.93102;
0.153602;3.93195;
0.153622;3.93287;
0.153642;3.9338;
0.153662;3.93473;
0.153682;3.93565;
0.153702;3.93658;
0.153722;3.93751;
0.153742;3.93843;
0.153762;3.93936;
0.153782;3.94029;
0.153802;3.94121;
0.153822;3.94214;
0.153842;3.94307;
0.153862;3.94399;
0.153882;3.94492;
0.153902;3.94585;
0.153922;3.94677;
0.153942;3.9477;
0.153962;3.94863;
0.153982;3.94955;
0.154;3.95037;
0.154;3.95037;
0.154;3.95038;
0.154001;3.9504;
0.154001;3.95042;
0.154001;3.95042;
0.154001;3.95043;
0.154002;3.95044;
0.154002;3.95047;
0.154003;3.95053;
0.154006;3.95065;
0.154011;3.95089;
0.154021;3.95136;
0.154041;3.95229;
0.154061;3.95321;
0.154081;3.95414;
0.154101;3.95507;
0.154121;3.95599;
0.154141;3.95692;
0.154161;3.95785;
0.154181;3.95877;
0.154201;3.9597;
0.154221;3.96063;
0.154241;3.96155;
0.154261;3.96248;
0.154281;3.96341;
0.154301;3.96433;
0.154321;3.96526;
0.154341;3.96619;
0.154361;3.96711;
0.154381;3.96804;
0.154401;3.96897;
0.154421;3.96989;
0.154441;3.97082;
0.154461;3.97175;
0.154481;3.97267;
0.154501;3.9736;
0.154521;3.97453;
0.154541;3.97545;
0.154561;3.97638;
0.154581;3.9773;
0.154601;3.97823;
0.154621;3.97916;
0.154641;3.98008;
0.154661;3.98101;
0.154681;3.98194;
0.154701;3.98286;
0.154721;3.98379;
0.154741;3.98472;
0.154761;3.98564;
0.154781;3.98657;
0.154801;3.9875;
0.154821;3.98842;
0.154841;3.98935;
0.154861;3.99027;
0.154881;3.9912;
0.154901;3.99213;
0.154921;3.99305;
0.154941;3.99398;
0.154961;3.99491;
0.154981;3.99583;
0.155001;3.99674;
0.155001;3.99674;
0.155001;3.99675;
0.155002;3.99677;
0.155002;3.99679;
0.155002;3.99679;
0.155002;3.9968;
0.155003;3.99681;
0.155003;3.99684;
0.155004;3.9969;
0.155007;3.99702;
0.155012;3.99726;
0.155022;3.99773;
0.155042;3.99866;
0.155062;3.99958;
0.155082;4.00051;
0.155102;4.00144;
0.155122;4.00236;
0.155142;4.00329;
0.155162;4.00422;
0.155182;4.00514;
0.155202;4.00607;
0.155222;4.00699;
0.155242;4.00792;
0.155262;4.00885;
0.155282;4.00977;
0.155302;4.0107;
0.155322;4.01162;
0.155342;4.01255;
0.155362;4.01348;
0.155382;4.0144;
0.155402;4.01533;
0.155422;4.01626;
0.155442;4.01718;
0.155462;4.01811;
0.155482;4.01903;
0.155502;4.01996;
0.155522;4.02089;
0.155542;4.02181;
0.155562;4.02274;
0.155582;4.02366;
0.155602;4.02459;
0.155622;4.02552;
0.155642;4.02644;
0.155662;4.02737;
0.155682;4.02829;
0.155702;4.02922;
0.155722;4.03015;
0.155742;4.03107;
0.155762;4.032;
0.155782;4.03292;
0.155802;4.03385;
0.155822;4.03478;
0.155842;4.0357;
0.155862;4.03663;
0.155882;4.03755;
0.155902;4.03848;
0.155922;4.0394;
0.155942;4.04033;
0.155962;4.04126;
0.155982;4.04218;
0.156;4.043;
0.156;4.043;
0.156;4.04301;
0.156001;4.04303;
0.156001;4.04304;
0.156001;4.04305;
0.156001;4.04305;
0.156002;4.04307;
0.156002;4.0431;
0.156003;4.04316;
0.156006;4.04328;
0.156011;4.04351;
0.156021;4.04399;
0.156041;4.04491;
0.156061;4.04584;
0.156081;4.04676;
0.156101;4.04769;
0.156121;4.04862;
0.156141;4.04954;
0.156161;4.05047;
0.156181;4.05139;
0.156201;4.05232;
0.156221;4.05324;
0.156241;4.05417;
0.156261;4.0551;
0.156281;4.05602;
0.156301;4.05695;
0.156321;4.05787;
0.156341;4.0588;
0.156361;4.05972;
0.156381;4.06065;
0.156401;4.06158;
0.156421;4.0625;
0.156441;4.06343;
0.156461;4.06435;
0.156481;4.06528;
0.156501;4.0662;
0.156521;4.06713;
0.156541;4.06805;
0.156561;4.06898;
0.156581;4.0699;
0.156601;4.07083;
0.156621;4.07176;
0.156641;4.07268;
0.156661;4.07361;
0.156681;4.07453;
0.156701;4.07546;
0.156721;4.07638;
0.156741;4.07731;
0.156761;4.07823;
0.156781;4.07916;
0.156801;4.08008;
0.156821;4.08101;
0.156841;4.08193;
0.156861;4.08286;
0.156881;4.08378;
0.156901;4.08471;
0.156921;4.08563;
0.156941;4.08656;
0.156961;4.08748;
0.156981;4.08841;
0.157001;4.08932;
0.157001;4.08932;
0.157001;4.08933;
0.157002;4.08935;
0.157002;4.08936;
0.157002;4.08937;
0.157002;4.08937;
0.157003;4.08939;
0.157003;4.08942;
0.157004;4.08948;
0.157007;4.0896;
0.157012;4.08983;
0.157022;4.09031;
0.157042;4.09123;
0.157062;4.09216;
0.157082;4.09308;
0.157102;4.09401;
0.157122;4.09493;
0.157142;4.09586;
0.157162;4.09678;
0.157182;4.09771;
0.157202;4.09863;
0.157222;4.09956;
0.157242;4.10048;
0.157262;4.10141;
0.157282;4.10233;
0.157302;4.10326;
0.157322;4.10418;
0.157342;4.10511;
0.157362;4.10603;
0.157382;4.10696;
0.157402;4.10788;
0.157422;4.10881;
0.157442;4.10973;
0.157462;4.11066;
0.157482;4.11158;
0.157502;4.1125;
0.157522;4.11343;
0.157542;4.11435;
0.157562;4.11528;
0.157582;4.1162;
0.157602;4.11713;
0.157622;4.11805;
0.157642;4.11898;
0.157662;4.1199;
0.157682;4.12083;
0.157702;4.12175;
0.157722;4.12268;
0.157742;4.1236;
0.157762;4.12452;
0.157782;4.12545;
0.157802;4.12637;
0.157822;4.1273;
0.157842;4.12822;
0.157862;4.12915;
0.157882;4.13007;
0.157902;4.131;
0.157922;4.13192;
0.157942;4.13284;
0.157962;4.13377;
0.157982;4.13469;
0.158;4.13551;
0.158;4.13551;
0.158;4.13552;
0.158001;4.13554;
0.158001;4.13555;
0.158001;4.13556;
0.158001;4.13556;
0.158002;4.13558;
0.158002;4.13561;
0.158003;4.13567;
0.158006;4.13579;
0.158011;4.13602;
0.158021;4.1365;
0.158038;4.13728;
0.158057;4.13812;
0.158077;4.13905;
0.158097;4.13997;
0.158117;4.1409;
0.158137;4.14182;
0.158157;4.14275;
0.158177;4.14367;
0.158197;4.14459;
0.158217;4.14552;
0.158237;4.14644;
0.158257;4.14737;
0.158277;4.14829;
0.158297;4.14921;
0.158317;4.15014;
0.158337;4.15106;
0.158357;4.15199;
0.158377;4.15291;
0.158397;4.15383;
0.158417;4.15476;
0.158437;4.15568;
0.158457;4.15661;
0.158477;4.15753;
0.158497;4.15845;
0.158517;4.15938;
0.158537;4.1603;
0.158557;4.16122;
0.158577;4.16215;
0.158597;4.16307;
0.158617;4.164;
0.158637;4.16492;
0.158657;4.16584;
0.158677;4.16677;
0.158697;4.16769;
0.158717;4.16861;
0.158737;4.16954;
0.158757;4.17046;
0.158777;4.17138;
0.158797;4.17231;
0.158817;4.17323;
0.158837;4.17416;
0.158857;4.17508;
0.158877;4.176;
0.158897;4.17693;
0.158917;4.17785;
0.158937;4.17877;
0.158957;4.1797;
0.158977;4.18062;
0.158997;4.18154;
0.159001;4.18174;
0.159001;4.18175;
0.159001;4.18176;
0.159002;4.18177;
0.159002;4.18179;
0.159002;4.18179;
0.159002;4.1818;
0.159003;4.18181;
0.159003;4.18184;
0.159004;4.1819;
0.159007;4.18202;
0.159012;4.18226;
0.159022;4.18273;
0.159042;4.18365;
0.159062;4.18458;
0.159082;4.1855;
0.159102;4.18642;
0.159122;4.18735;
0.159142;4.18827;
0.159162;4.18919;
0.159182;4.19012;
0.159202;4.19104;
0.159222;4.19196;
0.159242;4.19288;
0.159262;4.19381;
0.159282;4.19473;
0.159302;4.19565;
0.159322;4.19658;
0.159342;4.1975;
0.159362;4.19842;
0.159382;4.19935;
0.159402;4.20027;
0.159422;4.20119;
0.159442;4.20211;
0.159462;4.20304;
0.159482;4.20396;
0.159502;4.20488;
0.159522;4.20581;
0.159542;4.20673;
0.159562;4.20765;
0.159582;4.20857;
0.159602;4.2095;
0.159622;4.21042;
0.159642;4.21134;
0.159662;4.21226;
0.159682;4.21319;
0.159702;4.21411;
0.159722;4.21503;
0.159742;4.21595;
0.159762;4.21688;
0.159782;4.2178;
0.159802;4.21872;
0.159822;4.21964;
0.159842;4.22057;
0.159862;4.22149;
0.159882;4.22241;
0.159902;4.22333;
0.159922;4.22425;
0.159942;4.22518;
0.159962;4.2261;
0.159982;4.22702;
0.16;4.22783;
0.16;4.22784;
0.16;4.22785;
0.160001;4.22787;
0.160001;4.22788;
0.160001;4.22788;
0.160001;4.22789;
0.160002;4.2279;
0.160002;4.22793;
0.160003;4.22798;
0.160004;4.22803;
0.160005;4.22807;
0.160006;4.22812;
0.160008;4.22821;
0.160012;4.22835;
0.160015;4.22848;
0.160018;4.22863;
0.160024;4.22888;
0.160036;4.22935;
0.160045;4.22974;
0.160055;4.23015;
0.160067;4.23063;
0.160087;4.23146;
0.160107;4.23229;
0.160127;4.23312;
0.160147;4.23395;
0.160167;4.23478;
0.160187;4.23561;
0.160207;4.23644;
0.160227;4.23727;
0.160247;4.2381;
0.160267;4.23893;
0.160287;4.23976;
0.160307;4.24059;
0.160327;4.24142;
0.160347;4.24225;
0.160367;4.24308;
0.160387;4.24391;
0.160407;4.24474;
0.160427;4.24557;
0.160447;4.2464;
0.160467;4.24723;
0.160487;4.24806;
0.160507;4.24889;
0.160527;4.24972;
0.160547;4.25056;
0.160567;4.25139;
0.160587;4.25222;
0.160607;4.25305;
0.160627;4.25388;
0.160647;4.25471;
0.160667;4.25554;
0.160687;4.25637;
0.160707;4.2572;
0.160727;4.25803;
0.160747;4.25886;
0.160767;4.25969;
0.160787;4.26052;
0.160807;4.26135;
0.160827;4.26218;
0.160847;4.26301;
0.160867;4.26385;
0.160887;4.26468;
0.160907;4.26551;
0.160927;4.26634;
0.160947;4.26717;
0.160967;4.268;
0.160987;4.26883;
0.161001;4.26943;
0.161001;4.26943;
0.161001;4.26944;
0.161002;4.26946;
0.161002;4.26947;
0.161002;4.26947;
0.161002;4.26948;
0.161003;4.26949;
0.161003;4.26952;
0.161004;4.26957;
0.161007;4.26968;
0.161012;4.26989;
0.161022;4.27032;
0.161042;4.27115;
0.161062;4.27198;
0.161082;4.27281;
0.161102;4.27364;
0.161122;4.27447;
0.161142;4.2753;
0.161162;4.27614;
0.161182;4.27697;
0.161202;4.2778;
0.161222;4.27863;
0.161242;4.27946;
0.161262;4.28029;
0.161282;4.28112;
0.161302;4.28196;
0.161322;4.28279;
0.161342;4.28362;
0.161362;4.28445;
0.161382;4.28528;
0.161402;4.28611;
0.161422;4.28694;
0.161442;4.28778;
0.161462;4.28861;
0.161482;4.28944;
0.161502;4.29027;
0.161522;4.2911;
0.161542;4.29193;
0.161562;4.29277;
0.161582;4.2936;
0.161602;4.29443;
0.161622;4.29526;
0.161642;4.29609;
0.161662;4.29693;
0.161682;4.29776;
0.161702;4.29859;
0.161722;4.29942;
0.161742;4.30025;
0.161762;4.30109;
0.161782;4.30192;
0.161802;4.30275;
0.161822;4.30358;
0.161842;4.30441;
0.161862;4.30525;
0.161882;4.30608;
0.161902;4.30691;
0.161922;4.30774;
0.161942;4.30857;
0.161962;4.30941;
0.161982;4.31024;
0.162;4.31097;
0.162;4.31098;
0.162;4.31098;
0.162001;4.311;
0.162001;4.31101;
0.162001;4.31102;
0.162001;4.31102;
0.162002;4.31104;
0.162002;4.31106;
0.162003;4.31112;
0.162006;4.31122;
0.162011;4.31144;
0.162021;4.31186;
0.162041;4.31269;
0.162061;4.31353;
0.162081;4.31436;
0.162101;4.31519;
0.162121;4.31602;
0.162141;4.31686;
0.162161;4.31769;
0.162181;4.31852;
0.162201;4.31935;
0.162221;4.32019;
0.162241;4.32102;
0.162261;4.32185;
0.162281;4.32268;
0.162301;4.32352;
0.162321;4.32435;
0.162341;4.32518;
0.162361;4.32602;
0.162381;4.32685;
0.162401;4.32768;
0.162421;4.32851;
0.162441;4.32935;
0.162461;4.33018;
0.162481;4.33101;
0.162501;4.33184;
0.162521;4.33268;
0.162541;4.33351;
0.162561;4.33434;
0.162581;4.33518;
0.162601;4.33601;
0.162621;4.33684;
0.162641;4.33768;
0.162661;4.33851;
0.162681;4.33934;
0.162701;4.34017;
0.162721;4.34101;
0.162741;4.34184;
0.162761;4.34267;
0.162781;4.34351;
0.162801;4.34434;
0.162821;4.34517;
0.162841;4.34601;
0.162861;4.34684;
0.162881;4.34767;
0.162901;4.34851;
0.162921;4.34934;
0.162941;4.35017;
0.162961;4.35101;
0.162981;4.35184;
0.163001;4.35266;
0.163001;4.35266;
0.163001;4.35267;
0.163002;4.35268;
0.163002;4.3527;
0.163002;4.3527;
0.163002;4.35271;
0.163003;4.35272;
0.163003;4.35275;
0.163004;4.3528;
0.163007;4.35291;
0.163012;4.35312;
0.163022;4.35355;
0.163042;4.35438;
0.163062;4.35521;
0.163082;4.35605;
0.163102;4.35688;
0.163122;4.35771;
0.163142;4.35855;
0.163162;4.35938;
0.163182;4.36021;
0.163202;4.36105;
0.163222;4.36188;
0.163242;4.36272;
0.163262;4.36355;
0.163282;4.36438;
0.163302;4.36522;
0.163322;4.36605;
0.163342;4.36688;
0.163362;4.36772;
0.163382;4.36855;
0.163402;4.36938;
0.163422;4.37022;
0.163442;4.37105;
0.163462;4.37189;
0.163482;4.37272;
0.163502;4.37355;
0.163522;4.37439;
0.163542;4.37522;
0.163562;4.37605;
0.163582;4.37689;
0.163602;4.37772;
0.163622;4.37856;
0.163642;4.37939;
0.163662;4.38022;
0.163682;4.38106;
0.163702;4.38189;
0.163722;4.38273;
0.163742;4.38356;
0.163762;4.38439;
0.163782;4.38523;
0.163802;4.38606;
0.163822;4.3869;
0.163842;4.38773;
0.163862;4.38856;
0.163882;4.3894;
0.163902;4.39023;
0.163922;4.39107;
0.163942;4.3919;
0.163962;4.39273;
0.163982;4.39357;
0.164;4.3943;
0.164;4.39431;
0.164;4.39432;
0.164001;4.39433;
0.164001;4.39434;
0.164001;4.39435;
0.164001;4.39435;
0.164002;4.39437;
0.164002;4.39439;
0.164003;4.39445;
0.164006;4.39456;
0.164011;4.39477;
0.164021;4.3952;
0.164041;4.39603;
0.164061;4.39686;
0.164081;4.3977;
0.164101;4.39853;
0.164121;4.39937;
0.164141;4.4002;
0.164161;4.40104;
0.164181;4.40187;
0.164201;4.4027;
0.164221;4.40354;
0.164241;4.40437;
0.164261;4.40521;
0.164281;4.40604;
0.164301;4.40688;
0.164321;4.40771;
0.164341;4.40855;
0.164361;4.40938;
0.164381;4.41021;
0.164401;4.41105;
0.164421;4.41188;
0.164441;4.41272;
0.164461;4.41355;
0.164481;4.41439;
0.164501;4.41522;
0.164521;4.41606;
0.164541;4.41689;
0.164561;4.41772;
0.164581;4.41856;
0.164601;4.41939;
0.164621;4.42023;
0.164641;4.42106;
0.164661;4.4219;
0.164681;4.42273;
0.164701;4.42357;
0.164721;4.4244;
0.164741;4.42524;
0.164761;4.42607;
0.164781;4.42691;
0.164801;4.42774;
0.164821;4.42858;
0.164841;4.42941;
0.164861;4.43024;
0.164881;4.43108;
0.164901;4.43191;
0.164921;4.43275;
0.164941;4.43358;
0.164961;4.43442;
0.164981;4.43525;
0.165001;4.43607;
0.165001;4.43608;
0.165001;4.43608;
0.165002;4.4361;
0.165002;4.43611;
0.165002;4.43612;
0.165002;4.43612;
0.165003;4.43614;
0.165003;4.43616;
0.165004;4.43622;
0.165007;4.43632;
0.165012;4.43654;
0.165022;4.43697;
0.165042;4.4378;
0.165062;4.43863;
0.165082;4.43947;
0.165102;4.4403;
0.165122;4.44114;
0.165142;4.44197;
0.165162;4.44281;
0.165182;4.44364;
0.165202;4.44448;
0.165222;4.44531;
0.165242;4.44615;
0.165262;4.44698;
0.165282;4.44782;
0.165302;4.44865;
0.165322;4.44949;
0.165342;4.45032;
0.165362;4.45116;
0.165382;4.45199;
0.165402;4.45283;
0.165422;4.45366;
0.165442;4.4545;
0.165462;4.45533;
0.165482;4.45617;
0.165502;4.457;
0.165522;4.45784;
0.165542;4.45868;
0.165562;4.45951;
0.165582;4.46035;
0.165602;4.46118;
0.165622;4.46202;
0.165642;4.46285;
0.165662;4.46369;
0.165682;4.46452;
0.165702;4.46536;
0.165722;4.46619;
0.165742;4.46703;
0.165762;4.46786;
0.165782;4.4687;
0.165802;4.46953;
0.165822;4.47037;
0.165842;4.4712;
0.165862;4.47204;
0.165882;4.47287;
0.165902;4.47371;
0.165922;4.47454;
0.165942;4.47538;
0.165962;4.47621;
0.165982;4.47705;
0.166;4.47779;
0.166;4.47779;
0.166;4.4778;
0.166001;4.47781;
0.166001;4.47783;
0.166001;4.47783;
0.166001;4.47784;
0.166002;4.47785;
0.166002;4.47788;
0.166003;4.47793;
0.166006;4.47804;
0.166011;4.47825;
0.166021;4.47868;
0.166041;4.47951;
0.166061;4.48035;
0.166081;4.48115;
0.166101;4.48198;
0.166121;4.48282;
0.166141;4.48366;
0.166161;4.48449;
0.166181;4.48533;
0.166201;4.48616;
0.166221;4.487;
0.166241;4.48783;
0.166261;4.48867;
0.166281;4.4895;
0.166301;4.49034;
0.166321;4.49117;
0.166341;4.49201;
0.166361;4.49285;
0.166381;4.49368;
0.166401;4.49452;
0.166421;4.49535;
0.166441;4.49619;
0.166461;4.49702;
0.166481;4.49786;
0.166501;4.49869;
0.166521;4.49953;
0.166541;4.50036;
0.166561;4.5012;
0.166581;4.50204;
0.166601;4.50287;
0.166621;4.50371;
0.166641;4.50454;
0.166661;4.50538;
0.166681;4.50621;
0.166701;4.50705;
0.166721;4.50788;
0.166741;4.50872;
0.166761;4.50956;
0.166781;4.51039;
0.166801;4.51123;
0.166821;4.51206;
0.166841;4.5129;
0.166861;4.51373;
0.166881;4.51457;
0.166901;4.5154;
0.166921;4.51624;
0.166941;4.51708;
0.166961;4.51791;
0.166981;4.51875;
0.167001;4.51958;
0.167001;4.5196;
0.167001;4.51961;
0.167001;4.51961;
0.167002;4.51963;
0.167002;4.51964;
0.167002;4.51965;
0.167002;4.51965;
0.167003;4.51967;
0.167003;4.51969;
0.167004;4.51975;
0.167007;4.51985;
0.167012;4.52007;
0.167022;4.5205;
0.167042;4.52133;
0.167062;4.52217;
0.167082;4.523;
0.167102;4.52384;
0.167122;4.52467;
0.167142;4.52551;
0.167162;4.52635;
0.167182;4.52718;
0.167202;4.52802;
0.167222;4.52885;
0.167242;4.52969;
0.167262;4.53052;
0.167282;4.53136;
0.167302;4.53219;
0.167322;4.53303;
0.167342;4.53387;
0.167362;4.5347;
0.167382;4.53554;
0.167402;4.53637;
0.167422;4.53721;
0.167442;4.53804;
0.167462;4.53888;
0.167482;4.53972;
0.167502;4.54055;
0.167522;4.54139;
0.167542;4.54222;
0.167562;4.54306;
0.167582;4.54389;
0.167602;4.54473;
0.167622;4.54557;
0.167642;4.5464;
0.167662;4.54724;
0.167682;4.54807;
0.167702;4.54891;
0.167722;4.54974;
0.167742;4.55058;
0.167762;4.55142;
0.167782;4.55225;
0.167802;4.55309;
0.167822;4.55392;
0.167842;4.55476;
0.167862;4.55559;
0.167882;4.55643;
0.167902;4.55727;
0.167922;4.5581;
0.167942;4.55894;
0.167962;4.55977;
0.167982;4.56061;
0.168;4.56134;
0.168;4.56135;
0.168;4.56136;
0.168001;4.56137;
0.168001;4.56139;
0.168001;4.56139;
0.168001;4.5614;
0.168002;4.56141;
0.168002;4.56144;
0.168003;4.56149;
0.168006;4.5616;
0.168011;4.56181;
0.168021;4.56224;
0.168041;4.56307;
0.168061;4.56391;
0.168081;4.56475;
0.168097;4.5654;
0.168114;4.56609;
0.168133;4.5669;
0.168153;4.56774;
0.168173;4.56857;
0.168193;4.56941;
0.168213;4.57025;
0.168233;4.57108;
0.168253;4.57192;
0.168273;4.57275;
0.168293;4.57359;
0.168313;4.57443;
0.168333;4.57526;
0.168353;4.5761;
0.168373;4.57693;
0.168393;4.57777;
0.168413;4.5786;
0.168433;4.57944;
0.168453;4.58028;
0.168473;4.58111;
0.168493;4.58195;
0.168513;4.58278;
0.168533;4.58362;
0.168553;4.58445;
0.168573;4.58529;
0.168593;4.58613;
0.168613;4.58696;
0.168633;4.5878;
0.168653;4.58863;
0.168673;4.58947;
0.168693;4.5903;
0.168713;4.59114;
0.168733;4.59198;
0.168753;4.59281;
0.168773;4.59365;
0.168793;4.59448;
0.168813;4.59532;
0.168833;4.59615;
0.168853;4.59699;
0.168873;4.59783;
0.168893;4.59866;
0.168913;4.5995;
0.168933;4.60033;
0.168953;4.60117;
0.168973;4.602;
0.168993;4.60284;
0.169001;4.60317;
0.169001;4.60318;
0.169001;4.60319;
0.169002;4.6032;
0.169002;4.60322;
0.169002;4.60322;
0.169002;4.60323;
0.169003;4.60324;
0.169003;4.60327;
0.169004;4.60332;
0.169007;4.60343;
0.169012;4.60364;
0.169022;4.60407;
0.169042;4.6049;
0.169062;4.60574;
0.169082;4.60657;
0.169102;4.60741;
0.169122;4.60825;
0.169142;4.60908;
0.169162;4.60992;
0.169182;4.61075;
0.169202;4.61159;
0.169222;4.61242;
0.169242;4.61326;
0.169262;4.6141;
0.169282;4.61493;
0.169302;4.61577;
0.169322;4.6166;
0.169342;4.61744;
0.169362;4.61827;
0.169382;4.61911;
0.169402;4.61995;
0.169422;4.62078;
0.169442;4.62162;
0.169462;4.62245;
0.169482;4.62329;
0.169502;4.62412;
0.169522;4.62496;
0.169542;4.62579;
0.169562;4.62663;
0.169582;4.62747;
0.169602;4.6283;
0.169622;4.62914;
0.169642;4.62997;
0.169662;4.63081;
0.169682;4.63164;
0.169702;4.63248;
0.169722;4.63331;
0.169742;4.63415;
0.169762;4.63499;
0.169782;4.63582;
0.169802;4.63666;
0.169822;4.63749;
0.169842;4.63833;
0.169862;4.63916;
0.169882;4.64;
0.169902;4.64083;
0.169922;4.64167;
0.169942;4.64251;
0.169962;4.64334;
0.169982;4.64418;
0.17;4.64491;
0.17;4.64492;
0.17;4.64492;
0.170001;4.64494;
0.170001;4.64495;
0.170001;4.64496;
0.170001;4.64496;
0.170002;4.64498;
0.170002;4.645;
0.170003;4.64506;
0.170006;4.64516;
0.170008;4.64524;
0.17001;4.64531;
0.170011;4.64538;
0.170013;4.64547;
0.170017;4.64559;
0.17002;4.6457;
0.170022;4.6458;
0.170027;4.646;
0.170038;4.64639;
0.17005;4.64687;
0.170067;4.64751;
0.170083;4.64813;
0.170098;4.6487;
0.170118;4.64947;
0.170138;4.65023;
0.170158;4.651;
0.170178;4.65176;
0.170198;4.65253;
0.170218;4.6533;
0.170238;4.65406;
0.170258;4.65483;
0.170278;4.65559;
0.170298;4.65636;
0.170318;4.65712;
0.170338;4.65789;
0.170358;4.65865;
0.170378;4.65942;
0.170398;4.66018;
0.170418;4.66095;
0.170438;4.66172;
0.170458;4.66248;
0.170478;4.66325;
0.170498;4.66401;
0.170518;4.66478;
0.170538;4.66554;
0.170558;4.66631;
0.170578;4.66708;
0.170598;4.66784;
0.170618;4.66861;
0.170638;4.66937;
0.170658;4.67014;
0.170678;4.67091;
0.170698;4.67167;
0.170718;4.67244;
0.170738;4.6732;
0.170758;4.67397;
0.170778;4.67474;
0.170798;4.6755;
0.170818;4.67627;
0.170838;4.67704;
0.170858;4.6778;
0.170878;4.67857;
0.170898;4.67933;
0.170918;4.6801;
0.170938;4.68087;
0.170958;4.68163;
0.170978;4.6824;
0.170998;4.68317;
0.171001;4.68328;
0.171001;4.68328;
0.171001;4.68329;
0.171002;4.6833;
0.171002;4.68332;
0.171002;4.68332;
0.171002;4.68333;
0.171003;4.68334;
0.171003;4.68336;
0.171004;4.68341;
0.171007;4.68351;
0.171012;4.68371;
0.171022;4.6841;
0.171042;4.68486;
0.171062;4.68563;
0.171082;4.6864;
0.171102;4.68716;
0.171122;4.68793;
0.171142;4.6887;
0.171162;4.68947;
0.171182;4.69023;
0.171202;4.691;
0.171222;4.69177;
0.171242;4.69253;
0.171262;4.6933;
0.171282;4.69407;
0.171302;4.69483;
0.171322;4.6956;
0.171342;4.69637;
0.171362;4.69714;
0.171382;4.6979;
0.171402;4.69867;
0.171422;4.69944;
0.171442;4.7002;
0.171462;4.70097;
0.171482;4.70174;
0.171502;4.70251;
0.171522;4.70327;
0.171542;4.70404;
0.171562;4.70481;
0.171582;4.70558;
0.171602;4.70634;
0.171622;4.70711;
0.171642;4.70788;
0.171662;4.70865;
0.171682;4.70941;
0.171702;4.71018;
0.171722;4.71095;
0.171742;4.71172;
0.171762;4.71249;
0.171782;4.71325;
0.171802;4.71402;
0.171822;4.71479;
0.171842;4.71556;
0.171862;4.71632;
0.171882;4.71709;
0.171902;4.71786;
0.171922;4.71863;
0.171942;4.7194;
0.171962;4.72016;
0.171982;4.72093;
0.172;4.72161;
0.172;4.72161;
0.172;4.72162;
0.172001;4.72164;
0.172001;4.72165;
0.172001;4.72165;
0.172001;4.72166;
0.172002;4.72167;
0.172002;4.72169;
0.172003;4.72174;
0.172006;4.72184;
0.172011;4.72204;
0.172021;4.72243;
0.172041;4.7232;
0.172061;4.72397;
0.172081;4.72474;
0.172101;4.7255;
0.172121;4.72627;
0.172141;4.72704;
0.172161;4.72781;
0.172181;4.72858;
0.172201;4.72935;
0.172221;4.73011;
0.172241;4.73088;
0.172261;4.73165;
0.172281;4.73242;
0.172301;4.73319;
0.172321;4.73396;
0.172341;4.73472;
0.172361;4.73549;
0.172381;4.73626;
0.172401;4.73703;
0.172421;4.7378;
0.172441;4.73857;
0.172461;4.73934;
0.172481;4.74011;
0.172501;4.74087;
0.172521;4.74164;
0.172541;4.74241;
0.172561;4.74318;
0.172581;4.74395;
0.172601;4.74472;
0.172621;4.74549;
0.172641;4.74626;
0.172661;4.74703;
0.172681;4.7478;
0.172701;4.74856;
0.172721;4.74933;
0.172741;4.7501;
0.172761;4.75087;
0.172781;4.75164;
0.172801;4.75241;
0.172821;4.75318;
0.172841;4.75395;
0.172861;4.75472;
0.172881;4.75549;
0.172901;4.75626;
0.172921;4.75703;
0.172941;4.7578;
0.172961;4.75856;
0.172981;4.75933;
0.173001;4.76009;
0.173001;4.76009;
0.173001;4.7601;
0.173002;4.76011;
0.173002;4.76013;
0.173002;4.76013;
0.173002;4.76014;
0.173003;4.76015;
0.173003;4.76017;
0.173004;4.76022;
0.173007;4.76032;
0.173012;4.76052;
0.173022;4.76091;
0.173042;4.76168;
0.173062;4.76245;
0.173082;4.76322;
0.173102;4.76399;
0.173122;4.76476;
0.173142;4.76553;
0.173162;4.7663;
0.173182;4.76707;
0.173202;4.76784;
0.173222;4.76861;
0.173242;4.76938;
0.173262;4.77015;
0.173282;4.77092;
0.173302;4.77169;
0.173322;4.77246;
0.173342;4.77323;
0.173362;4.774;
0.173382;4.77477;
0.173402;4.77554;
0.173422;4.77631;
0.173442;4.77708;
0.173462;4.77785;
0.173482;4.77862;
0.173502;4.77939;
0.173522;4.78016;
0.173542;4.78093;
0.173562;4.7817;
0.173582;4.78247;
0.173602;4.78324;
0.173622;4.78401;
0.173642;4.78478;
0.173662;4.78555;
0.173682;4.78632;
0.173702;4.78709;
0.173722;4.78786;
0.173742;4.78863;
0.173762;4.7894;
0.173782;4.79017;
0.173802;4.79094;
0.173822;4.79171;
0.173842;4.79248;
0.173862;4.79325;
0.173882;4.79402;
0.173902;4.79479;
0.173922;4.79556;
0.173942;4.79633;
0.173962;4.7971;
0.173982;4.79787;
0.174;4.79855;
0.174;4.79856;
0.174;4.79856;
0.174001;4.79858;
0.174001;4.79859;
0.174001;4.79859;
0.174001;4.7986;
0.174002;4.79861;
0.174002;4.79864;
0.174003;4.79869;
0.174006;4.79878;
0.174011;4.79898;
0.174021;4.79938;
0.174041;4.80015;
0.174061;4.80092;
0.174081;4.80169;
0.174101;4.80246;
0.174121;4.80323;
0.174141;4.804;
0.174161;4.80477;
0.174181;4.80554;
0.174201;4.80631;
0.174221;4.80708;
0.174241;4.80785;
0.174261;4.80863;
0.174281;4.8094;
0.174301;4.81017;
0.174321;4.81094;
0.174341;4.81171;
0.174361;4.81248;
0.174381;4.81325;
0.174401;4.81402;
0.174421;4.81479;
0.174441;4.81556;
0.174461;4.81633;
0.174481;4.81711;
0.174501;4.81788;
0.174521;4.81865;
0.174541;4.81942;
0.174561;4.82019;
0.174581;4.82096;
0.174601;4.82173;
0.174621;4.8225;
0.174641;4.82328;
0.174661;4.82405;
0.174681;4.82482;
0.174701;4.82559;
0.174721;4.82636;
0.174741;4.82713;
0.174761;4.8279;
0.174781;4.82867;
0.174801;4.82945;
0.174821;4.83022;
0.174841;4.83099;
0.174861;4.83176;
0.174881;4.83253;
0.174901;4.8333;
0.174921;4.83407;
0.174941;4.83485;
0.174961;4.83562;
0.174981;4.83639;
0.175001;4.83714;
0.175001;4.83715;
0.175001;4.83716;
0.175002;4.83717;
0.175002;4.83718;
0.175002;4.83719;
0.175002;4.83719;
0.175003;4.83721;
0.175003;4.83723;
0.175004;4.83728;
0.175007;4.83738;
0.175012;4.83758;
0.175022;4.83797;
0.175042;4.83874;
0.175062;4.83951;
0.175082;4.84029;
0.175102;4.84106;
0.175122;4.84183;
0.175142;4.8426;
0.175162;4.84337;
0.175182;4.84414;
0.175202;4.84492;
0.175222;4.84569;
0.175242;4.84646;
0.175262;4.84723;
0.175282;4.848;
0.175302;4.84877;
0.175322;4.84955;
0.175342;4.85032;
0.175362;4.85109;
0.175382;4.85186;
0.175402;4.85263;
0.175422;4.85341;
0.175442;4.85418;
0.175462;4.85495;
0.175482;4.85572;
0.175502;4.85649;
0.175522;4.85726;
0.175542;4.85804;
0.175562;4.85881;
0.175582;4.85958;
0.175602;4.86035;
0.175622;4.86113;
0.175642;4.8619;
0.175662;4.86267;
0.175682;4.86344;
0.175702;4.86421;
0.175722;4.86499;
0.175742;4.86576;
0.175762;4.86653;
0.175782;4.8673;
0.175802;4.86807;
0.175822;4.86885;
0.175842;4.86962;
0.175862;4.87039;
0.175882;4.87116;
0.175902;4.87194;
0.175922;4.87271;
0.175942;4.87348;
0.175962;4.87425;
0.175982;4.87502;
0.176;4.8757;
0.176;4.87571;
0.176;4.87572;
0.176001;4.87573;
0.176001;4.87574;
0.176001;4.87575;
0.176001;4.87575;
0.176002;4.87576;
0.176002;4.87579;
0.176003;4.87584;
0.176006;4.87594;
0.176011;4.87613;
0.176021;4.87653;
0.176041;4.8773;
0.176061;4.87808;
0.176081;4.87885;
0.176097;4.87947;
0.176114;4.88011;
0.176133;4.88085;
0.176153;4.88163;
0.176173;4.8824;
0.176193;4.88317;
0.176213;4.88394;
0.176233;4.88472;
0.176253;4.88549;
0.176273;4.88626;
0.176293;4.88703;
0.176313;4.88781;
0.176333;4.88858;
0.176353;4.88935;
0.176373;4.89012;
0.176393;4.8909;
0.176413;4.89167;
0.176433;4.89244;
0.176453;4.89322;
0.176473;4.89399;
0.176493;4.89476;
0.176513;4.89553;
0.176533;4.89631;
0.176553;4.89708;
0.176573;4.89785;
0.176593;4.89862;
0.176613;4.8994;
0.176633;4.90017;
0.176653;4.90094;
0.176673;4.90171;
0.176693;4.90249;
0.176713;4.90326;
0.176733;4.90403;
0.176753;4.90481;
0.176773;4.90558;
0.176793;4.90635;
0.176813;4.90712;
0.176833;4.9079;
0.176853;4.90867;
0.176873;4.90944;
0.176893;4.91022;
0.176913;4.91099;
0.176933;4.91176;
0.176953;4.91253;
0.176973;4.91331;
0.176993;4.91408;
0.177001;4.91437;
0.177001;4.91438;
0.177001;4.91439;
0.177002;4.9144;
0.177002;4.91441;
0.177002;4.91442;
0.177002;4.91442;
0.177003;4.91443;
0.177003;4.91446;
0.177004;4.91451;
0.177007;4.91461;
0.177012;4.91481;
0.177022;4.9152;
0.177042;4.91597;
0.177062;4.91675;
0.177082;4.91752;
0.177102;4.91829;
0.177122;4.91907;
0.177142;4.91984;
0.177162;4.92061;
0.177182;4.92139;
0.177202;4.92216;
0.177222;4.92293;
0.177242;4.9237;
0.177262;4.92448;
0.177282;4.92525;
0.177302;4.92602;
0.177322;4.9268;
0.177342;4.92757;
0.177362;4.92834;
0.177382;4.92912;
0.177402;4.92989;
0.177422;4.93066;
0.177442;4.93143;
0.177462;4.93221;
0.177482;4.93298;
0.177502;4.93375;
0.177522;4.93453;
0.177542;4.9353;
0.177562;4.93607;
0.177582;4.93685;
0.177602;4.93762;
0.177622;4.93839;
0.177642;4.93917;
0.177662;4.93994;
0.177682;4.94071;
0.177702;4.94149;
0.177722;4.94226;
0.177742;4.94303;
0.177762;4.94381;
0.177782;4.94458;
0.177802;4.94535;
0.177822;4.94613;
0.177842;4.9469;
0.177862;4.94767;
0.177882;4.94845;
0.177902;4.94922;
0.177922;4.94999;
0.177942;4.95077;
0.177962;4.95154;
0.177982;4.95231;
0.178;4.95299;
0.178;4.953;
0.178;4.953;
0.178001;4.95302;
0.178001;4.95303;
0.178001;4.95303;
0.178001;4.95304;
0.178002;4.95305;
0.178002;4.95308;
0.178003;4.95313;
0.178006;4.95323;
0.178009;4.95332;
0.178011;4.95342;
0.178013;4.9535;
0.178016;4.95358;
0.178018;4.95368;
0.178021;4.95377;
0.178026;4.95395;
0.178034;4.95424;
0.17805;4.95479;
0.178063;4.95526;
0.178077;4.95573;
0.178091;4.95625;
0.178111;4.95695;
0.178131;4.95766;
0.178151;4.95836;
0.178171;4.95907;
0.178191;4.95977;
0.178211;4.96048;
0.178231;4.96119;
0.178251;4.96189;
0.178271;4.9626;
0.178291;4.9633;
0.178311;4.96401;
0.178331;4.96471;
0.178351;4.96542;
0.178371;4.96613;
0.178391;4.96683;
0.178411;4.96754;
0.178431;4.96824;
0.178451;4.96895;
0.178471;4.96966;
0.178491;4.97036;
0.178511;4.97107;
0.178531;4.97177;
0.178551;4.97248;
0.178571;4.97319;
0.178591;4.97389;
0.178611;4.9746;
0.178631;4.97531;
0.178651;4.97601;
0.178671;4.97672;
0.178691;4.97743;
0.178711;4.97813;
0.178731;4.97884;
0.178751;4.97955;
0.178771;4.98025;
0.178791;4.98096;
0.178811;4.98167;
0.178831;4.98237;
0.178851;4.98308;
0.178871;4.98379;
0.178891;4.98449;
0.178911;4.9852;
0.178931;4.98591;
0.178951;4.98661;
0.178971;4.98732;
0.178991;4.98803;
0.179001;4.98838;
0.179001;4.98838;
0.179001;4.98839;
0.179002;4.9884;
0.179002;4.98841;
0.179002;4.98841;
0.179002;4.98842;
0.179003;4.98843;
0.179003;4.98845;
0.179004;4.9885;
0.179007;4.98859;
0.179012;4.98877;
0.179022;4.98913;
0.179042;4.98984;
0.179062;4.99055;
0.179082;4.99126;
0.179102;4.99196;
0.179122;4.99267;
0.179142;4.99338;
0.179162;4.99409;
0.179182;4.99479;
0.179202;4.9955;
0.179222;4.99621;
0.179242;4.99692;
0.179262;4.99762;
0.179282;4.99833;
0.179302;4.99904;
0.179322;4.99975;
0.179342;5.00046;
0.179362;5.00116;
0.179382;5.00187;
0.179402;5.00258;
0.179422;5.00329;
0.179442;5.004;
0.179462;5.0047;
0.179482;5.00541;
0.179502;5.00612;
0.179522;5.00683;
0.179542;5.00754;
0.179562;5.00825;
0.179582;5.00895;
0.179602;5.00966;
0.179622;5.01037;
0.179642;5.01108;
0.179662;5.01179;
0.179682;5.0125;
0.179702;5.01321;
0.179722;5.01392;
0.179742;5.01462;
0.179762;5.01533;
0.179782;5.01604;
0.179802;5.01675;
0.179822;5.01746;
0.179842;5.01817;
0.179862;5.01888;
0.179882;5.01959;
0.179902;5.0203;
0.179922;5.02101;
0.179942;5.02171;
0.179962;5.02242;
0.179982;5.02313;
0.18;5.02376;
0.18;5.02376;
0.18;5.02377;
0.180001;5.02378;
0.180001;5.02379;
0.180001;5.0238;
0.180001;5.0238;
0.180002;5.02381;
0.180002;5.02384;
0.180003;5.02388;
0.180006;5.02397;
0.180011;5.02415;
0.180021;5.02452;
0.180041;5.02523;
0.180061;5.02594;
0.180081;5.02664;
0.180101;5.02735;
0.180121;5.02806;
0.180141;5.02877;
0.180161;5.02948;
0.180181;5.03019;
0.180201;5.0309;
0.180221;5.03161;
0.180241;5.03232;
0.180261;5.03303;
0.180281;5.03374;
0.180301;5.03445;
0.180321;5.03516;
0.180341;5.03587;
0.180361;5.03658;
0.180381;5.03729;
0.180401;5.038;
0.180421;5.03871;
0.180441;5.03942;
0.180461;5.04013;
0.180481;5.04084;
0.180501;5.04155;
0.180521;5.04226;
0.180541;5.04297;
0.180561;5.04368;
0.180581;5.04439;
0.180601;5.04511;
0.180621;5.04582;
0.180641;5.04653;
0.180661;5.04724;
0.180681;5.04795;
0.180701;5.04866;
0.180721;5.04937;
0.180741;5.05008;
0.180761;5.05079;
0.180781;5.0515;
0.180801;5.05221;
0.180821;5.05292;
0.180841;5.05363;
0.180861;5.05435;
0.180881;5.05506;
0.180901;5.05577;
0.180921;5.05648;
0.180941;5.05719;
0.180961;5.0579;
0.180981;5.05861;
0.181001;5.05931;
0.181001;5.05931;
0.181001;5.05932;
0.181002;5.05933;
0.181002;5.05934;
0.181002;5.05935;
0.181002;5.05935;
0.181003;5.05936;
0.181003;5.05939;
0.181004;5.05943;
0.181007;5.05952;
0.181012;5.05971;
0.181022;5.06007;
0.181042;5.06078;
0.181062;5.06149;
0.181082;5.0622;
0.181102;5.06292;
0.181122;5.06363;
0.181142;5.06434;
0.181162;5.06505;
0.181182;5.06576;
0.181202;5.06647;
0.181222;5.06718;
0.181242;5.0679;
0.181262;5.06861;
0.181282;5.06932;
0.181302;5.07003;
0.181322;5.07074;
0.181342;5.07145;
0.181362;5.07217;
0.181382;5.07288;
0.181402;5.07359;
0.181422;5.0743;
0.181442;5.07501;
0.181462;5.07573;
0.181482;5.07644;
0.181502;5.07715;
0.181522;5.07786;
0.181542;5.07857;
0.181562;5.07929;
0.181582;5.08;
0.181602;5.08071;
0.181622;5.08142;
0.181642;5.08214;
0.181662;5.08285;
0.181682;5.08356;
0.181702;5.08427;
0.181722;5.08499;
0.181742;5.0857;
0.181762;5.08641;
0.181782;5.08712;
0.181802;5.08784;
0.181822;5.08855;
0.181842;5.08926;
0.181862;5.08997;
0.181882;5.09069;
0.181902;5.0914;
0.181922;5.09211;
0.181942;5.09282;
0.181962;5.09354;
0.181982;5.09425;
0.182;5.09488;
0.182;5.09488;
0.182;5.09489;
0.182001;5.0949;
0.182001;5.09491;
0.182001;5.09492;
0.182001;5.09492;
0.182002;5.09493;
0.182002;5.09496;
0.182003;5.095;
0.182006;5.09509;
0.182011;5.09528;
0.182021;5.09564;
0.182041;5.09635;
0.182061;5.09707;
0.18208;5.09775;
0.1821;5.09846;
0.18212;5.09917;
0.18214;5.09989;
0.18216;5.1006;
0.18218;5.10131;
0.1822;5.10203;
0.18222;5.10274;
0.18224;5.10345;
0.18226;5.10417;
0.18228;5.10488;
0.1823;5.10559;
0.18232;5.10631;
0.18234;5.10702;
0.18236;5.10773;
0.18238;5.10845;
0.1824;5.10916;
0.18242;5.10987;
0.18244;5.11059;
0.18246;5.1113;
0.18248;5.11201;
0.1825;5.11273;
0.18252;5.11344;
0.18254;5.11415;
0.18256;5.11487;
0.18258;5.11558;
0.1826;5.1163;
0.18262;5.11701;
0.18264;5.11772;
0.18266;5.11844;
0.18268;5.11915;
0.1827;5.11987;
0.18272;5.12058;
0.18274;5.12129;
0.18276;5.12201;
0.18278;5.12272;
0.1828;5.12344;
0.18282;5.12415;
0.18284;5.12486;
0.18286;5.12558;
0.18288;5.12629;
0.1829;5.12701;
0.18292;5.12772;
0.18294;5.12844;
0.18296;5.12915;
0.18298;5.12986;
0.183;5.13058;
0.183001;5.1306;
0.183001;5.1306;
0.183001;5.13061;
0.183002;5.13062;
0.183002;5.13063;
0.183002;5.13064;
0.183002;5.13064;
0.183003;5.13065;
0.183003;5.13068;
0.183004;5.13072;
0.183007;5.13081;
0.183012;5.131;
0.183022;5.13136;
0.183042;5.13208;
0.183062;5.13279;
0.183082;5.13351;
0.183102;5.13422;
0.183122;5.13493;
0.183142;5.13565;
0.183162;5.13636;
0.183182;5.13708;
0.183202;5.13779;
0.183222;5.13851;
0.183242;5.13922;
0.183262;5.13994;
0.183282;5.14065;
0.183302;5.14137;
0.183322;5.14208;
0.183342;5.1428;
0.183362;5.14351;
0.183382;5.14423;
0.183402;5.14494;
0.183422;5.14566;
0.183442;5.14637;
0.183462;5.14709;
0.183482;5.1478;
0.183502;5.14852;
0.183522;5.14923;
0.183542;5.14995;
0.183562;5.15066;
0.183582;5.15138;
0.183602;5.15209;
0.183622;5.15281;
0.183642;5.15352;
0.183662;5.15424;
0.183682;5.15495;
0.183702;5.15567;
0.183722;5.15638;
0.183742;5.1571;
0.183762;5.15782;
0.183782;5.15853;
0.183802;5.15925;
0.183822;5.15996;
0.183842;5.16068;
0.183862;5.16139;
0.183882;5.16211;
0.183902;5.16282;
0.183922;5.16354;
0.183942;5.16425;
0.183962;5.16497;
0.183982;5.16569;
0.184;5.16632;
0.184;5.16632;
0.184;5.16633;
0.184001;5.16634;
0.184001;5.16635;
0.184001;5.16635;
0.184001;5.16636;
0.184002;5.16637;
0.184002;5.16639;
0.184003;5.16644;
0.184006;5.16653;
0.184011;5.16672;
0.184021;5.16708;
0.184041;5.1678;
0.184061;5.16851;
0.184081;5.16923;
0.184098;5.16983;
0.184116;5.17045;
0.184136;5.17117;
0.184156;5.17188;
0.184176;5.1726;
0.184196;5.17332;
0.184216;5.17403;
0.184236;5.17475;
0.184256;5.17546;
0.184276;5.17618;
0.184296;5.1769;
0.184316;5.17761;
0.184336;5.17833;
0.184356;5.17904;
0.184376;5.17976;
0.184396;5.18048;
0.184416;5.18119;
0.184436;5.18191;
0.184456;5.18262;
0.184476;5.18334;
0.184496;5.18406;
0.184516;5.18477;
0.184536;5.18549;
0.184556;5.18621;
0.184576;5.18692;
0.184596;5.18764;
0.184616;5.18836;
0.184636;5.18907;
0.184656;5.18979;
0.184676;5.1905;
0.184696;5.19122;
0.184716;5.19194;
0.184736;5.19265;
0.184756;5.19337;
0.184776;5.19409;
0.184796;5.1948;
0.184816;5.19552;
0.184836;5.19624;
0.184856;5.19695;
0.184876;5.19767;
0.184896;5.19839;
0.184916;5.1991;
0.184936;5.19982;
0.184956;5.20054;
0.184976;5.20125;
0.184996;5.20197;
0.185001;5.20217;
0.185001;5.20217;
0.185001;5.20218;
0.185002;5.20219;
0.185002;5.2022;
0.185002;5.20221;
0.185002;5.20221;
0.185003;5.20222;
0.185003;5.20225;
0.185004;5.20229;
0.185007;5.20238;
0.185012;5.20257;
0.185022;5.20293;
0.185042;5.20365;
0.185062;5.20437;
0.185082;5.20508;
0.185102;5.2058;
0.185122;5.20652;
0.185142;5.20724;
0.185162;5.20795;
0.185182;5.20867;
0.185202;5.20939;
0.185222;5.2101;
0.185242;5.21082;
0.185262;5.21154;
0.185282;5.21226;
0.185302;5.21297;
0.185322;5.21369;
0.185342;5.21441;
0.185362;5.21512;
0.185382;5.21584;
0.185402;5.21656;
0.185422;5.21728;
0.185442;5.21799;
0.185462;5.21871;
0.185482;5.21943;
0.185502;5.22014;
0.185522;5.22086;
0.185542;5.22158;
0.185562;5.2223;
0.185582;5.22301;
0.185602;5.22373;
0.185622;5.22445;
0.185642;5.22517;
0.185662;5.22588;
0.185682;5.2266;
0.185702;5.22732;
0.185722;5.22804;
0.185742;5.22875;
0.185762;5.22947;
0.185782;5.23019;
0.185802;5.23091;
0.185822;5.23162;
0.185842;5.23234;
0.185862;5.23306;
0.185882;5.23378;
0.185902;5.2345;
0.185922;5.23521;
0.185942;5.23593;
0.185962;5.23665;
0.185982;5.23737;
0.186;5.238;
0.186;5.238;
0.186;5.23801;
0.186001;5.23802;
0.186001;5.23803;
0.186001;5.23804;
0.186001;5.23804;
0.186002;5.23805;
0.186002;5.23808;
0.186003;5.23812;
0.186006;5.23821;
0.186008;5.23827;
0.186009;5.23832;
0.186011;5.23838;
0.186013;5.23845;
0.186015;5.23851;
0.186018;5.23861;
0.186021;5.2387;
0.186026;5.23887;
0.186037;5.23921;
0.186049;5.2396;
0.186065;5.24012;
0.186079;5.24059;
0.186095;5.24108;
0.186115;5.24173;
0.186135;5.24237;
0.186155;5.24302;
0.186175;5.24366;
0.186195;5.2443;
0.186215;5.24495;
0.186235;5.24559;
0.186255;5.24624;
0.186275;5.24688;
0.186295;5.24753;
0.186315;5.24817;
0.186335;5.24882;
0.186355;5.24946;
0.186375;5.25011;
0.186395;5.25075;
0.186415;5.2514;
0.186435;5.25204;
0.186455;5.25269;
0.186475;5.25333;
0.186495;5.25398;
0.186515;5.25462;
0.186535;5.25527;
0.186555;5.25591;
0.186575;5.25656;
0.186595;5.25721;
0.186615;5.25785;
0.186635;5.2585;
0.186655;5.25914;
0.186675;5.25979;
0.186695;5.26043;
0.186715;5.26108;
0.186735;5.26173;
0.186755;5.26237;
0.186775;5.26302;
0.186795;5.26366;
0.186815;5.26431;
0.186835;5.26496;
0.186855;5.2656;
0.186875;5.26625;
0.186895;5.2669;
0.186915;5.26754;
0.186935;5.26819;
0.186955;5.26884;
0.186975;5.26948;
0.186995;5.27013;
0.187001;5.27033;
0.187001;5.27034;
0.187001;5.27034;
0.187002;5.27036;
0.187002;5.27037;
0.187002;5.27037;
0.187002;5.27037;
0.187003;5.27038;
0.187003;5.27041;
0.187004;5.27045;
0.187007;5.27053;
0.187012;5.2707;
0.187022;5.27103;
0.187042;5.27167;
0.187062;5.27232;
0.187082;5.27297;
0.187102;5.27361;
0.187122;5.27426;
0.187142;5.27491;
0.187162;5.27556;
0.187182;5.2762;
0.187202;5.27685;
0.187222;5.2775;
0.187242;5.27815;
0.187262;5.27879;
0.187282;5.27944;
0.187302;5.28009;
0.187322;5.28074;
0.187342;5.28138;
0.187362;5.28203;
0.187382;5.28268;
0.187402;5.28333;
0.187422;5.28398;
0.187442;5.28462;
0.187462;5.28527;
0.187482;5.28592;
0.187502;5.28657;
0.187522;5.28722;
0.187542;5.28786;
0.187562;5.28851;
0.187582;5.28916;
0.187602;5.28981;
0.187622;5.29046;
0.187642;5.29111;
0.187662;5.29176;
0.187682;5.2924;
0.187702;5.29305;
0.187722;5.2937;
0.187742;5.29435;
0.187762;5.295;
0.187782;5.29565;
0.187802;5.2963;
0.187822;5.29695;
0.187842;5.2976;
0.187862;5.29824;
0.187882;5.29889;
0.187902;5.29954;
0.187922;5.30019;
0.187942;5.30084;
0.187962;5.30149;
0.187982;5.30214;
0.188;5.30271;
0.188;5.30272;
0.188;5.30272;
0.188001;5.30274;
0.188001;5.30275;
0.188001;5.30275;
0.188001;5.30275;
0.188002;5.30276;
0.188002;5.30278;
0.188003;5.30283;
0.188006;5.30291;
0.188011;5.30308;
0.188021;5.30341;
0.188041;5.30406;
0.188061;5.30471;
0.188081;5.30536;
0.188101;5.30601;
0.188121;5.30666;
0.188141;5.30731;
0.188161;5.30796;
0.188181;5.30861;
0.188201;5.30926;
0.188221;5.30991;
0.188241;5.31056;
0.188261;5.31121;
0.188281;5.31186;
0.188301;5.31251;
0.188321;5.31316;
0.188341;5.31381;
0.188361;5.31446;
0.188381;5.31511;
0.188401;5.31576;
0.188421;5.31641;
0.188441;5.31706;
0.188461;5.31771;
0.188481;5.31836;
0.188501;5.31901;
0.188521;5.31966;
0.188541;5.32032;
0.188561;5.32097;
0.188581;5.32162;
0.188601;5.32227;
0.188621;5.32292;
0.188641;5.32357;
0.188661;5.32422;
0.188681;5.32487;
0.188701;5.32553;
0.188721;5.32618;
0.188741;5.32683;
0.188761;5.32748;
0.188781;5.32813;
0.188801;5.32878;
0.188821;5.32943;
0.188841;5.33009;
0.188861;5.33074;
0.188881;5.33139;
0.188901;5.33204;
0.188921;5.33269;
0.188941;5.33335;
0.188961;5.334;
0.188981;5.33465;
0.189001;5.33529;
0.189001;5.33529;
0.189001;5.3353;
0.189002;5.33531;
0.189002;5.33532;
0.189002;5.33532;
0.189002;5.33533;
0.189003;5.33534;
0.189003;5.33536;
0.189004;5.3354;
0.189007;5.33549;
0.189012;5.33565;
0.189022;5.33599;
0.189042;5.33664;
0.189062;5.33729;
0.189082;5.33794;
0.189102;5.3386;
0.189122;5.33925;
0.189142;5.3399;
0.189162;5.34055;
0.189182;5.34121;
0.189202;5.34186;
0.189222;5.34251;
0.189242;5.34316;
0.189262;5.34382;
0.189282;5.34447;
0.189302;5.34512;
0.189322;5.34577;
0.189342;5.34643;
0.189362;5.34708;
0.189382;5.34773;
0.189402;5.34839;
0.189422;5.34904;
0.189442;5.34969;
0.189462;5.35035;
0.189482;5.351;
0.189502;5.35165;
0.189522;5.35231;
0.189542;5.35296;
0.189562;5.35361;
0.189582;5.35427;
0.189602;5.35492;
0.189622;5.35557;
0.189642;5.35623;
0.189662;5.35688;
0.189682;5.35753;
0.189702;5.35819;
0.189722;5.35884;
0.189742;5.3595;
0.189762;5.36015;
0.189782;5.3608;
0.189802;5.36146;
0.189822;5.36211;
0.189842;5.36277;
0.189862;5.36342;
0.189882;5.36407;
0.189902;5.36473;
0.189922;5.36538;
0.189942;5.36604;
0.189962;5.36669;
0.189982;5.36735;
0.19;5.36792;
0.19;5.36793;
0.19;5.36793;
0.190001;5.36794;
0.190001;5.36795;
0.190001;5.36796;
0.190001;5.36796;
0.190002;5.36797;
0.190002;5.36799;
0.190003;5.36804;
0.190006;5.36812;
0.190011;5.36829;
0.190021;5.36862;
0.190041;5.36928;
0.190061;5.36993;
0.190081;5.37059;
0.190101;5.37124;
0.190121;5.3719;
0.190141;5.37255;
0.190161;5.37321;
0.190181;5.37386;
0.190201;5.37451;
0.190221;5.37517;
0.190241;5.37582;
0.190261;5.37648;
0.190281;5.37713;
0.190301;5.37779;
0.190321;5.37845;
0.190341;5.3791;
0.190361;5.37976;
0.190381;5.38041;
0.190401;5.38107;
0.190421;5.38172;
0.190441;5.38238;
0.190461;5.38303;
0.190481;5.38369;
0.190501;5.38434;
0.190521;5.385;
0.190541;5.38565;
0.190561;5.38631;
0.190581;5.38697;
0.190601;5.38762;
0.190621;5.38828;
0.190641;5.38893;
0.190661;5.38959;
0.190681;5.39025;
0.190701;5.3909;
0.190721;5.39156;
0.190741;5.39221;
0.190761;5.39287;
0.190781;5.39353;
0.190801;5.39418;
0.190821;5.39484;
0.190841;5.39549;
0.190861;5.39615;
0.190881;5.39681;
0.190901;5.39746;
0.190921;5.39812;
0.190941;5.39878;
0.190961;5.39943;
0.190981;5.40009;
0.191001;5.40073;
0.191001;5.40074;
0.191001;5.40074;
0.191002;5.40076;
0.191002;5.40077;
0.191002;5.40077;
0.191002;5.40077;
0.191003;5.40078;
0.191003;5.40081;
0.191004;5.40085;
0.191007;5.40093;
0.191012;5.4011;
0.191022;5.40144;
0.191042;5.40209;
0.191062;5.40275;
0.191082;5.40341;
0.191102;5.40406;
0.191122;5.40472;
0.191142;5.40538;
0.191162;5.40603;
0.191182;5.40669;
0.191202;5.40735;
0.191222;5.408;
0.191242;5.40866;
0.191262;5.40932;
0.191282;5.40998;
0.191302;5.41063;
0.191322;5.41129;
0.191342;5.41195;
0.191362;5.41261;
0.191382;5.41326;
0.191402;5.41392;
0.191422;5.41458;
0.191442;5.41524;
0.191462;5.41589;
0.191482;5.41655;
0.191502;5.41721;
0.191522;5.41787;
0.191542;5.41852;
0.191562;5.41918;
0.191582;5.41984;
0.191602;5.4205;
0.191622;5.42115;
0.191642;5.42181;
0.191662;5.42247;
0.191682;5.42313;
0.191702;5.42379;
0.191722;5.42444;
0.191742;5.4251;
0.191762;5.42576;
0.191782;5.42642;
0.191802;5.42708;
0.191822;5.42773;
0.191842;5.42839;
0.191862;5.42905;
0.191882;5.42971;
0.191902;5.43037;
0.191922;5.43103;
0.191942;5.43169;
0.191962;5.43234;
0.191982;5.433;
0.192;5.43358;
0.192;5.43358;
0.192;5.43359;
0.192001;5.4336;
0.192001;5.43361;
0.192001;5.43362;
0.192001;5.43362;
0.192002;5.43363;
0.192002;5.43365;
0.192003;5.4337;
0.192006;5.43378;
0.192011;5.43395;
0.192021;5.43429;
0.192041;5.43494;
0.192061;5.4356;
0.192081;5.43626;
0.192101;5.43692;
0.192121;5.43758;
0.192141;5.43824;
0.192161;5.4389;
0.192181;5.43956;
0.192201;5.44022;
0.192221;5.44087;
0.192241;5.44153;
0.192261;5.44219;
0.192281;5.44285;
0.192301;5.44351;
0.192321;5.44417;
0.192341;5.44483;
0.192361;5.44549;
0.192381;5.44615;
0.192401;5.44681;
0.192421;5.44747;
0.192441;5.44813;
0.192461;5.44878;
0.192481;5.44944;
0.192501;5.4501;
0.192521;5.45076;
0.192541;5.45142;
0.192561;5.45208;
0.192581;5.45274;
0.192601;5.4534;
0.192621;5.45406;
0.192641;5.45472;
0.192661;5.45538;
0.192681;5.45604;
0.192701;5.4567;
0.192721;5.45736;
0.192741;5.45802;
0.192761;5.45868;
0.192781;5.45934;
0.192801;5.46;
0.192821;5.46066;
0.192841;5.46132;
0.192861;5.46198;
0.192881;5.46264;
0.192901;5.4633;
0.192921;5.46396;
0.192941;5.46462;
0.192961;5.46528;
0.192981;5.46594;
0.193001;5.46659;
0.193001;5.46659;
0.193001;5.4666;
0.193002;5.46661;
0.193002;5.46662;
0.193002;5.46662;
0.193002;5.46663;
0.193003;5.46664;
0.193003;5.46666;
0.193004;5.4667;
0.193007;5.46679;
0.193012;5.46696;
0.193022;5.4673;
0.193042;5.46796;
0.193062;5.46862;
0.193082;5.46928;
0.193102;5.46994;
0.193122;5.4706;
0.193142;5.47126;
0.193162;5.47192;
0.193182;5.47258;
0.193202;5.47324;
0.193222;5.4739;
0.193242;5.47456;
0.193262;5.47522;
0.193282;5.47588;
0.193302;5.47654;
0.193322;5.47721;
0.193342;5.47787;
0.193362;5.47853;
0.193382;5.47919;
0.193402;5.47985;
0.193422;5.48051;
0.193442;5.48117;
0.193462;5.48183;
0.193482;5.48249;
0.193502;5.48315;
0.193522;5.48382;
0.193542;5.48448;
0.193562;5.48514;
0.193582;5.4858;
0.193602;5.48646;
0.193622;5.48712;
0.193642;5.48778;
0.193662;5.48844;
0.193682;5.48911;
0.193702;5.48977;
0.193722;5.49043;
0.193742;5.49109;
0.193762;5.49175;
0.193782;5.49241;
0.193802;5.49308;
0.193822;5.49374;
0.193842;5.4944;
0.193862;5.49506;
0.193882;5.49572;
0.193902;5.49638;
0.193922;5.49705;
0.193942;5.49771;
0.193962;5.49837;
0.193982;5.49903;
0.194;5.49961;
0.194;5.49962;
0.194;5.49962;
0.194001;5.49964;
0.194001;5.49965;
0.194001;5.49965;
0.194001;5.49966;
0.194002;5.49967;
0.194002;5.49969;
0.194003;5.49973;
0.194006;5.49981;
0.194011;5.49998;
0.194014;5.50008;
0.194017;5.50016;
0.19402;5.50026;
0.194024;5.50038;
0.194028;5.50049;
0.194035;5.50072;
0.194051;5.50119;
0.194062;5.50154;
0.194075;5.50193;
0.194094;5.50249;
0.194114;5.5031;
0.194134;5.5037;
0.194154;5.5043;
0.194174;5.50491;
0.194194;5.50551;
0.194214;5.50611;
0.194234;5.50672;
0.194254;5.50732;
0.194274;5.50793;
0.194294;5.50853;
0.194314;5.50913;
0.194334;5.50974;
0.194354;5.51034;
0.194374;5.51095;
0.194394;5.51155;
0.194414;5.51215;
0.194434;5.51276;
0.194454;5.51336;
0.194474;5.51397;
0.194494;5.51457;
0.194514;5.51518;
0.194534;5.51578;
0.194554;5.51639;
0.194574;5.51699;
0.194594;5.5176;
0.194614;5.5182;
0.194634;5.5188;
0.194654;5.51941;
0.194674;5.52001;
0.194694;5.52062;
0.194714;5.52123;
0.194734;5.52183;
0.194754;5.52244;
0.194774;5.52304;
0.194794;5.52365;
0.194814;5.52425;
0.194834;5.52486;
0.194854;5.52546;
0.194874;5.52607;
0.194894;5.52667;
0.194914;5.52728;
0.194934;5.52789;
0.194954;5.52849;
0.194974;5.5291;
0.194994;5.5297;
0.195001;5.52991;
0.195001;5.52992;
0.195001;5.52992;
0.195002;5.52994;
0.195002;5.52995;
0.195002;5.52995;
0.195002;5.52995;
0.195003;5.52996;
0.195003;5.52998;
0.195004;5.53002;
0.195007;5.5301;
0.195012;5.53025;
0.195022;5.53056;
0.195042;5.53117;
0.195062;5.53178;
0.195082;5.53238;
0.195102;5.53299;
0.195122;5.53359;
0.195142;5.5342;
0.195162;5.53481;
0.195182;5.53541;
0.195202;5.53602;
0.195222;5.53663;
0.195242;5.53723;
0.195262;5.53784;
0.195282;5.53845;
0.195302;5.53906;
0.195322;5.53966;
0.195342;5.54027;
0.195362;5.54088;
0.195382;5.54148;
0.195402;5.54209;
0.195422;5.5427;
0.195442;5.54331;
0.195462;5.54391;
0.195482;5.54452;
0.195502;5.54513;
0.195522;5.54574;
0.195542;5.54634;
0.195562;5.54695;
0.195582;5.54756;
0.195602;5.54817;
0.195622;5.54877;
0.195642;5.54938;
0.195662;5.54999;
0.195682;5.5506;
0.195702;5.55121;
0.195722;5.55182;
0.195742;5.55242;
0.195762;5.55303;
0.195782;5.55364;
0.195802;5.55425;
0.195822;5.55486;
0.195842;5.55547;
0.195862;5.55607;
0.195882;5.55668;
0.195902;5.55729;
0.195922;5.5579;
0.195942;5.55851;
0.195962;5.55912;
0.195982;5.55973;
0.196;5.56026;
0.196;5.56027;
0.196;5.56027;
0.196001;5.56028;
0.196001;5.56029;
0.196001;5.5603;
0.196001;5.5603;
0.196002;5.56031;
0.196002;5.56033;
0.196003;5.56037;
0.196006;5.56045;
0.196011;5.5606;
0.196021;5.56091;
0.196041;5.56152;
0.196061;5.56211;
0.196081;5.56272;
0.196101;5.56333;
0.196121;5.56394;
0.196141;5.56455;
0.196161;5.56516;
0.196181;5.56577;
0.196201;5.56637;
0.196221;5.56698;
0.196241;5.56759;
0.196261;5.5682;
0.196281;5.56881;
0.196301;5.56942;
0.196321;5.57003;
0.196341;5.57064;
0.196361;5.57125;
0.196381;5.57186;
0.196401;5.57247;
0.196421;5.57308;
0.196441;5.57369;
0.196461;5.5743;
0.196481;5.57491;
0.196501;5.57552;
0.196521;5.57614;
0.196541;5.57675;
0.196561;5.57736;
0.196581;5.57797;
0.196601;5.57858;
0.196621;5.57919;
0.196641;5.5798;
0.196661;5.58041;
0.196681;5.58102;
0.196701;5.58163;
0.196721;5.58224;
0.196741;5.58285;
0.196761;5.58347;
0.196781;5.58408;
0.196801;5.58469;
0.196821;5.5853;
0.196841;5.58591;
0.196861;5.58652;
0.196881;5.58713;
0.196901;5.58774;
0.196921;5.58836;
0.196941;5.58897;
0.196961;5.58958;
0.196981;5.59019;
0.197001;5.5908;
0.197001;5.59081;
0.197001;5.59082;
0.197001;5.59082;
0.197002;5.59084;
0.197002;5.59085;
0.197002;5.59085;
0.197002;5.59085;
0.197003;5.59086;
0.197003;5.59088;
0.197004;5.59092;
0.197007;5.591;
0.197012;5.59116;
0.197022;5.59147;
0.197042;5.59208;
0.197062;5.59269;
0.197082;5.5933;
0.197102;5.59392;
0.197122;5.59453;
0.197142;5.59514;
0.197162;5.59575;
0.197182;5.59637;
0.197202;5.59698;
0.197222;5.59759;
0.197242;5.5982;
0.197262;5.59881;
0.197282;5.59943;
0.197302;5.60004;
0.197322;5.60065;
0.197342;5.60127;
0.197362;5.60188;
0.197382;5.60249;
0.197402;5.6031;
0.197422;5.60372;
0.197442;5.60433;
0.197462;5.60494;
0.197482;5.60556;
0.197502;5.60617;
0.197522;5.60678;
0.197542;5.60739;
0.197562;5.60801;
0.197582;5.60862;
0.197602;5.60923;
0.197622;5.60985;
0.197642;5.61046;
0.197662;5.61107;
0.197682;5.61169;
0.197702;5.6123;
0.197722;5.61291;
0.197742;5.61353;
0.197762;5.61414;
0.197782;5.61476;
0.197802;5.61537;
0.197822;5.61598;
0.197842;5.6166;
0.197862;5.61721;
0.197882;5.61783;
0.197902;5.61844;
0.197922;5.61905;
0.197942;5.61967;
0.197962;5.62028;
0.197982;5.6209;
0.198;5.62144;
0.198;5.62144;
0.198;5.62145;
0.198001;5.62146;
0.198001;5.62147;
0.198001;5.62147;
0.198001;5.62147;
0.198002;5.62148;
0.198002;5.6215;
0.198003;5.62154;
0.198006;5.62162;
0.198011;5.62178;
0.198021;5.62209;
0.198041;5.62271;
0.198061;5.62332;
0.198081;5.62394;
0.1981;5.6245;
0.19812;5.62512;
0.19814;5.62573;
0.19816;5.62635;
0.19818;5.62696;
0.1982;5.62758;
0.19822;5.62819;
0.19824;5.62881;
0.19826;5.62942;
0.19828;5.63004;
0.1983;5.63065;
0.19832;5.63127;
0.19834;5.63188;
0.19836;5.6325;
0.19838;5.63311;
0.1984;5.63373;
0.19842;5.63434;
0.19844;5.63496;
0.19846;5.63557;
0.19848;5.63619;
0.1985;5.6368;
0.19852;5.63742;
0.19854;5.63803;
0.19856;5.63865;
0.19858;5.63927;
0.1986;5.63988;
0.19862;5.6405;
0.19864;5.64111;
0.19866;5.64173;
0.19868;5.64234;
0.1987;5.64296;
0.19872;5.64358;
0.19874;5.64419;
0.19876;5.64481;
0.19878;5.64542;
0.1988;5.64604;
0.19882;5.64666;
0.19884;5.64727;
0.19886;5.64789;
0.19888;5.64851;
0.1989;5.64912;
0.19892;5.64974;
0.19894;5.65036;
0.19896;5.65097;
0.19898;5.65159;
0.199;5.6522;
0.199001;5.65224;
0.199001;5.65225;
0.199001;5.65225;
0.199002;5.65226;
0.199002;5.65227;
0.199002;5.65228;
0.199002;5.65228;
0.199003;5.65229;
0.199003;5.65231;
0.199004;5.65235;
0.199007;5.65243;
0.199012;5.65259;
0.199022;5.6529;
0.199042;5.65352;
0.199062;5.65414;
0.199082;5.65475;
0.199102;5.65537;
0.199122;5.65599;
0.199142;5.6566;
0.199162;5.65722;
0.199182;5.65784;
0.199202;5.65845;
0.199222;5.65907;
0.199242;5.65969;
0.199262;5.66031;
0.199282;5.66092;
0.199302;5.66154;
0.199322;5.66216;
0.199342;5.66278;
0.199362;5.66339;
0.199382;5.66401;
0.199402;5.66463;
0.199422;5.66525;
0.199442;5.66586;
0.199462;5.66648;
0.199482;5.6671;
0.199502;5.66772;
0.199522;5.66833;
0.199542;5.66895;
0.199562;5.66957;
0.199582;5.67019;
0.199602;5.67081;
0.199622;5.67142;
0.199642;5.67204;
0.199662;5.67266;
0.199682;5.67328;
0.199702;5.6739;
0.199722;5.67451;
0.199742;5.67513;
0.199762;5.67575;
0.199782;5.67637;
0.199802;5.67699;
0.199822;5.67761;
0.199842;5.67822;
0.199862;5.67884;
0.199882;5.67946;
0.199902;5.68008;
0.199922;5.6807;
0.199942;5.68132;
0.199962;5.68194;
0.199982;5.68255;
0.2;5.6831;
0.2;5.6831;
0.2;5.68311;
0.200001;5.68312;
0.200001;5.68313;
0.200001;5.68313;
0.200001;5.68314;
0.200002;5.68315;
0.200002;5.68317;
0.200003;5.68321;
0.200006;5.68329;
0.200011;5.68344;
0.200021;5.68376;
0.200032;5.68409;
0.200042;5.68439;
0.200051;5.68467;
0.20006;5.68493;
0.200078;5.68546;
0.200091;5.68585;
0.200105;5.68627;
0.200125;5.68687;
0.200145;5.68747;
0.200165;5.68807;
0.200185;5.68867;
0.200205;5.68927;
0.200225;5.68987;
0.200245;5.69047;
0.200265;5.69106;
0.200285;5.69166;
0.200305;5.69226;
0.200325;5.69286;
0.200345;5.69346;
0.200365;5.69406;
0.200385;5.69466;
0.200405;5.69526;
0.200425;5.69586;
0.200445;5.69646;
0.200465;5.69706;
0.200485;5.69766;
0.200505;5.69826;
0.200525;5.69886;
0.200545;5.69946;
0.200565;5.70006;
0.200585;5.70066;
0.200605;5.70126;
0.200625;5.70186;
0.200645;5.70246;
0.200665;5.70306;
0.200685;5.70366;
0.200705;5.70426;
0.200725;5.70486;
0.200745;5.70546;
0.200765;5.70606;
0.200785;5.70666;
0.200805;5.70726;
0.200825;5.70786;
0.200845;5.70847;
0.200865;5.70907;
0.200885;5.70967;
0.200905;5.71027;
0.200925;5.71087;
0.200945;5.71147;
0.200965;5.71207;
0.200985;5.71267;
0.201001;5.71316;
0.201001;5.71316;
0.201001;5.71317;
0.201002;5.71318;
0.201002;5.71319;
0.201002;5.71319;
0.201002;5.71319;
0.201003;5.7132;
0.201003;5.71322;
0.201004;5.71326;
0.201007;5.71334;
0.201012;5.71349;
0.201022;5.7138;
0.201042;5.7144;
0.201062;5.715;
0.201082;5.7156;
0.201102;5.7162;
0.201122;5.71681;
0.201142;5.71741;
0.201162;5.71801;
0.201182;5.71861;
0.201202;5.71921;
0.201222;5.71981;
0.201242;5.72042;
0.201262;5.72102;
0.201282;5.72162;
0.201302;5.72222;
0.201322;5.72282;
0.201342;5.72342;
0.201362;5.72403;
0.201382;5.72463;
0.201402;5.72523;
0.201422;5.72583;
0.201442;5.72644;
0.201462;5.72704;
0.201482;5.72764;
0.201502;5.72824;
0.201522;5.72884;
0.201542;5.72945;
0.201562;5.73005;
0.201582;5.73065;
0.201602;5.73125;
0.201622;5.73186;
0.201642;5.73246;
0.201662;5.73306;
0.201682;5.73367;
0.201702;5.73427;
0.201722;5.73487;
0.201742;5.73547;
0.201762;5.73608;
0.201782;5.73668;
0.201802;5.73728;
0.201822;5.73789;
0.201842;5.73849;
0.201862;5.73909;
0.201882;5.7397;
0.201902;5.7403;
0.201922;5.7409;
0.201942;5.74151;
0.201962;5.74211;
0.201982;5.74271;
0.202;5.74324;
0.202;5.74325;
0.202;5.74325;
0.202001;5.74326;
0.202001;5.74327;
0.202001;5.74328;
0.202001;5.74328;
0.202002;5.74329;
0.202002;5.74331;
0.202003;5.74335;
0.202006;5.74343;
0.202011;5.74358;
0.202021;5.74389;
0.202036;5.74434;
0.202054;5.74486;
0.202071;5.7454;
0.202091;5.746;
0.202106;5.74644;
0.202122;5.74691;
0.202139;5.74744;
0.202159;5.74805;
0.202179;5.74865;
0.202199;5.74925;
0.202219;5.74986;
0.202239;5.75046;
0.202259;5.75107;
0.202279;5.75167;
0.202299;5.75227;
0.202319;5.75288;
0.202339;5.75348;
0.202359;5.75409;
0.202379;5.75469;
0.202399;5.7553;
0.202419;5.7559;
0.202439;5.7565;
0.202459;5.75711;
0.202479;5.75771;
0.202499;5.75832;
0.202519;5.75892;
0.202539;5.75953;
0.202559;5.76013;
0.202579;5.76074;
0.202599;5.76134;
0.202619;5.76195;
0.202639;5.76255;
0.202659;5.76316;
0.202679;5.76376;
0.202699;5.76437;
0.202719;5.76497;
0.202739;5.76558;
0.202759;5.76618;
0.202779;5.76679;
0.202799;5.76739;
0.202819;5.768;
0.202839;5.7686;
0.202859;5.76921;
0.202879;5.76981;
0.202899;5.77042;
0.202919;5.77103;
0.202939;5.77163;
0.202959;5.77224;
0.202979;5.77284;
0.202999;5.77345;
0.203001;5.7735;
0.203001;5.77351;
0.203001;5.77351;
0.203002;5.77353;
0.203002;5.77354;
0.203002;5.77354;
0.203002;5.77354;
0.203003;5.77355;
0.203003;5.77357;
0.203004;5.77361;
0.203007;5.77369;
0.203012;5.77384;
0.203022;5.77415;
0.203042;5.77476;
0.203062;5.77536;
0.203082;5.77597;
0.203102;5.77658;
0.203122;5.77718;
0.203142;5.77779;
0.203162;5.77839;
0.203182;5.779;
0.203202;5.77961;
0.203222;5.78021;
0.203242;5.78082;
0.203262;5.78142;
0.203282;5.78203;
0.203302;5.78264;
0.203322;5.78324;
0.203342;5.78385;
0.203362;5.78446;
0.203382;5.78506;
0.203402;5.78567;
0.203422;5.78628;
0.203442;5.78688;
0.203462;5.78749;
0.203482;5.7881;
0.203502;5.7887;
0.203522;5.78931;
0.203542;5.78992;
0.203562;5.79052;
0.203582;5.79113;
0.203602;5.79174;
0.203622;5.79234;
0.203642;5.79295;
0.203662;5.79356;
0.203682;5.79416;
0.203702;5.79477;
0.203722;5.79538;
0.203742;5.79599;
0.203762;5.79659;
0.203782;5.7972;
0.203802;5.79781;
0.203822;5.79842;
0.203842;5.79902;
0.203862;5.79963;
0.203882;5.80024;
0.203902;5.80085;
0.203922;5.80145;
0.203942;5.80206;
0.203962;5.80267;
0.203982;5.80328;
0.204;5.80381;
0.204;5.80381;
0.204;5.80382;
0.204001;5.80383;
0.204001;5.80384;
0.204001;5.80384;
0.204001;5.80385;
0.204002;5.80386;
0.204002;5.80388;
0.204003;5.8039;
0.204003;5.80391;
0.204004;5.80394;
0.204006;5.80398;
0.204009;5.80407;
0.204011;5.80413;
0.204012;5.80416;
0.204014;5.8042;
0.204017;5.80428;
0.204023;5.80444;
0.204033;5.80469;
0.204043;5.80497;
0.204056;5.80529;
0.204069;5.80563;
0.204084;5.80602;
0.204104;5.80654;
0.204124;5.80706;
0.204144;5.80758;
0.204164;5.8081;
0.204184;5.80862;
0.204204;5.80914;
0.204224;5.80966;
0.204244;5.81018;
0.204264;5.8107;
0.204284;5.81122;
0.204304;5.81175;
0.204324;5.81227;
0.204344;5.81279;
0.204364;5.81331;
0.204384;5.81383;
0.204404;5.81435;
0.204424;5.81487;
0.204444;5.81539;
0.204464;5.81592;
0.204484;5.81644;
0.204504;5.81696;
0.204524;5.81748;
0.204544;5.818;
0.204564;5.81852;
0.204584;5.81905;
0.204604;5.81957;
0.204624;5.82009;
0.204644;5.82061;
0.204664;5.82114;
0.204684;5.82166;
0.204704;5.82218;
0.204724;5.8227;
0.204744;5.82323;
0.204764;5.82375;
0.204784;5.82427;
0.204804;5.8248;
0.204824;5.82532;
0.204844;5.82584;
0.204864;5.82637;
0.204884;5.82689;
0.204904;5.82741;
0.204924;5.82794;
0.204944;5.82846;
0.204964;5.82898;
0.204984;5.82951;
0.205001;5.82996;
0.205001;5.82996;
0.205001;5.82996;
0.205002;5.82997;
0.205002;5.82998;
0.205002;5.82998;
0.205002;5.82999;
0.205003;5.83;
0.205003;5.83001;
0.205004;5.83005;
0.205007;5.83011;
0.205012;5.83025;
0.205022;5.83052;
0.205042;5.83104;
0.205062;5.83157;
0.205082;5.83209;
0.205102;5.83261;
0.205122;5.83314;
0.205142;5.83366;
0.205162;5.83419;
0.205182;5.83471;
0.205202;5.83524;
0.205222;5.83576;
0.205242;5.83629;
0.205262;5.83681;
0.205282;5.83734;
0.205302;5.83786;
0.205322;5.83839;
0.205342;5.83891;
0.205362;5.83944;
0.205382;5.83996;
0.205402;5.84049;
0.205422;5.84102;
0.205442;5.84154;
0.205462;5.84207;
0.205482;5.84259;
0.205502;5.84312;
0.205522;5.84365;
0.205542;5.84417;
0.205562;5.8447;
0.205582;5.84522;
0.205602;5.84575;
0.205622;5.84628;
0.205642;5.8468;
0.205662;5.84733;
0.205682;5.84786;
0.205702;5.84838;
0.205722;5.84891;
0.205742;5.84944;
0.205762;5.84997;
0.205782;5.85049;
0.205802;5.85102;
0.205822;5.85155;
0.205842;5.85208;
0.205862;5.8526;
0.205882;5.85313;
0.205902;5.85366;
0.205922;5.85419;
0.205942;5.85471;
0.205962;5.85524;
0.205982;5.85577;
0.206;5.85623;
0.206;5.85624;
0.206;5.85624;
0.206001;5.85625;
0.206001;5.85626;
0.206001;5.85626;
0.206001;5.85627;
0.206002;5.85628;
0.206002;5.85629;
0.206003;5.85633;
0.206006;5.85639;
0.206011;5.85653;
0.206021;5.8568;
0.206041;5.85733;
0.206061;5.85786;
0.206081;5.85839;
0.206101;5.85891;
0.206121;5.85944;
0.206141;5.85997;
0.206161;5.8605;
0.206181;5.86103;
0.206201;5.86156;
0.206221;5.86209;
0.206241;5.86262;
0.206261;5.86315;
0.206281;5.86367;
0.206301;5.8642;
0.206321;5.86473;
0.206341;5.86526;
0.206361;5.86579;
0.206381;5.86632;
0.206401;5.86685;
0.206421;5.86738;
0.206441;5.86791;
0.206461;5.86844;
0.206481;5.86897;
0.206501;5.8695;
0.206521;5.87003;
0.206541;5.87056;
0.206561;5.87109;
0.206581;5.87162;
0.206601;5.87215;
0.206621;5.87268;
0.206641;5.87322;
0.206661;5.87375;
0.206681;5.87428;
0.206701;5.87481;
0.206721;5.87534;
0.206741;5.87587;
0.206761;5.8764;
0.206781;5.87693;
0.206801;5.87746;
0.206821;5.878;
0.206841;5.87853;
0.206861;5.87906;
0.206881;5.87959;
0.206901;5.88012;
0.206921;5.88065;
0.206941;5.88119;
0.206961;5.88172;
0.206981;5.88225;
0.207001;5.88277;
0.207001;5.88277;
0.207001;5.88278;
0.207002;5.88279;
0.207002;5.8828;
0.207002;5.8828;
0.207002;5.8828;
0.207003;5.88281;
0.207003;5.88283;
0.207004;5.88286;
0.207007;5.88293;
0.207012;5.88307;
0.207022;5.88334;
0.207042;5.88387;
0.207062;5.8844;
0.207082;5.88494;
0.207102;5.88547;
0.207122;5.886;
0.207142;5.88654;
0.207162;5.88707;
0.207182;5.8876;
0.207202;5.88813;
0.207222;5.88867;
0.207242;5.8892;
0.207262;5.88973;
0.207282;5.89027;
0.207302;5.8908;
0.207322;5.89133;
0.207342;5.89187;
0.207362;5.8924;
0.207382;5.89293;
0.207402;5.89347;
0.207422;5.894;
0.207442;5.89453;
0.207462;5.89507;
0.207482;5.8956;
0.207502;5.89614;
0.207522;5.89667;
0.207542;5.8972;
0.207562;5.89774;
0.207582;5.89827;
0.207602;5.89881;
0.207622;5.89934;
0.207642;5.89988;
0.207662;5.90041;
0.207682;5.90095;
0.207702;5.90148;
0.207722;5.90202;
0.207742;5.90255;
0.207762;5.90309;
0.207782;5.90362;
0.207802;5.90416;
0.207822;5.90469;
0.207842;5.90523;
0.207862;5.90576;
0.207882;5.9063;
0.207902;5.90683;
0.207922;5.90737;
0.207942;5.9079;
0.207962;5.90844;
0.207982;5.90897;
0.208;5.90945;
0.208;5.90945;
0.208;5.90945;
0.208001;5.90947;
0.208001;5.90947;
0.208001;5.90948;
0.208001;5.90948;
0.208002;5.90949;
0.208002;5.90951;
0.208003;5.90954;
0.208006;5.90961;
0.208011;5.90975;
0.208021;5.91002;
0.208037;5.91045;
0.208057;5.91099;
0.208077;5.91152;
0.208097;5.91206;
0.208117;5.9126;
0.208137;5.91313;
0.208157;5.91367;
0.208177;5.91421;
0.208197;5.91474;
0.208217;5.91528;
0.208237;5.91582;
0.208257;5.91635;
0.208277;5.91689;
0.208297;5.91743;
0.208317;5.91796;
0.208337;5.9185;
0.208357;5.91904;
0.208377;5.91957;
0.208397;5.92011;
0.208417;5.92065;
0.208437;5.92119;
0.208457;5.92172;
0.208477;5.92226;
0.208497;5.9228;
0.208517;5.92334;
0.208537;5.92387;
0.208557;5.92441;
0.208577;5.92495;
0.208597;5.92549;
0.208617;5.92603;
0.208637;5.92656;
0.208657;5.9271;
0.208677;5.92764;
0.208697;5.92818;
0.208717;5.92872;
0.208737;5.92926;
0.208757;5.9298;
0.208777;5.93033;
0.208797;5.93087;
0.208817;5.93141;
0.208837;5.93195;
0.208857;5.93249;
0.208877;5.93303;
0.208897;5.93357;
0.208917;5.93411;
0.208937;5.93465;
0.208957;5.93518;
0.208977;5.93572;
0.208997;5.93626;
0.209001;5.93636;
0.209001;5.93636;
0.209001;5.93637;
0.209002;5.93638;
0.209002;5.93638;
0.209002;5.93639;
0.209002;5.93639;
0.209003;5.9364;
0.209003;5.93642;
0.209004;5.93645;
0.209007;5.93652;
0.209012;5.93666;
0.209022;5.93693;
0.209042;5.93747;
0.209062;5.93801;
0.209082;5.93855;
0.209102;5.93909;
0.209122;5.93963;
0.209142;5.94017;
0.209162;5.94071;
0.209182;5.94125;
0.209202;5.94179;
0.209222;5.94233;
0.209242;5.94287;
0.209262;5.94341;
0.209282;5.94395;
0.209302;5.94449;
0.209322;5.94504;
0.209342;5.94558;
0.209362;5.94612;
0.209382;5.94666;
0.209402;5.9472;
0.209422;5.94774;
0.209442;5.94828;
0.209462;5.94882;
0.209482;5.94936;
0.209502;5.9499;
0.209522;5.95044;
0.209542;5.95099;
0.209562;5.95153;
0.209582;5.95207;
0.209602;5.95261;
0.209622;5.95315;
0.209642;5.95369;
0.209662;5.95423;
0.209682;5.95478;
0.209702;5.95532;
0.209722;5.95586;
0.209742;5.9564;
0.209762;5.95694;
0.209782;5.95749;
0.209802;5.95803;
0.209822;5.95857;
0.209842;5.95911;
0.209862;5.95965;
0.209882;5.9602;
0.209902;5.96074;
0.209922;5.96128;
0.209942;5.96182;
0.209962;5.96237;
0.209982;5.96291;
0.21;5.96339;
0.21;5.96339;
0.21;5.96339;
0.210001;5.96341;
0.210001;5.96341;
0.210001;5.96342;
0.210001;5.96342;
0.210002;5.96343;
0.210002;5.96345;
0.210003;5.96348;
0.210006;5.96355;
0.210011;5.96369;
0.210021;5.96397;
0.210041;5.96451;
0.210061;5.96505;
0.210081;5.9656;
0.210101;5.96614;
0.210121;5.96668;
0.210141;5.96723;
0.210161;5.96777;
0.210181;5.96831;
0.210201;5.96886;
0.210221;5.9694;
0.210241;5.96994;
0.210261;5.97049;
0.210281;5.97103;
0.210301;5.97157;
0.210321;5.97212;
0.210341;5.97266;
0.210361;5.9732;
0.210381;5.97375;
0.210401;5.97429;
0.210421;5.97484;
0.210441;5.97538;
0.210461;5.97592;
0.210481;5.97647;
0.210501;5.97701;
0.210521;5.97756;
0.210541;5.9781;
0.210561;5.97865;
0.210581;5.97919;
0.210601;5.97974;
0.210621;5.98028;
0.210641;5.98083;
0.210661;5.98137;
0.210681;5.98191;
0.210701;5.98246;
0.210721;5.983;
0.210741;5.98355;
0.210761;5.9841;
0.210781;5.98464;
0.210801;5.98519;
0.210821;5.98573;
0.210841;5.98628;
0.210861;5.98682;
0.210881;5.98737;
0.210901;5.98791;
0.210921;5.98846;
0.210941;5.989;
0.210961;5.98955;
0.210981;5.9901;
0.211001;5.99063;
0.211001;5.99063;
0.211001;5.99064;
0.211002;5.99065;
0.211002;5.99066;
0.211002;5.99066;
0.211002;5.99066;
0.211003;5.99067;
0.211003;5.99069;
0.211004;5.99073;
0.211007;5.9908;
0.211012;5.99093;
0.211022;5.99121;
0.211042;5.99176;
0.211062;5.99231;
0.211082;5.99285;
0.211102;5.9934;
0.211122;5.99394;
0.211142;5.99449;
0.211162;5.99504;
0.211182;5.99558;
0.211202;5.99613;
0.211222;5.99668;
0.211242;5.99722;
0.211262;5.99777;
0.211282;5.99832;
0.211302;5.99886;
0.211322;5.99941;
0.211342;5.99996;
0.211362;6.0005;
0.211382;6.00105;
0.211402;6.0016;
0.211422;6.00215;
0.211442;6.00269;
0.211462;6.00324;
0.211482;6.00379;
0.211502;6.00433;
0.211522;6.00488;
0.211542;6.00543;
0.211562;6.00598;
0.211582;6.00652;
0.211602;6.00707;
0.211622;6.00762;
0.211642;6.00817;
0.211662;6.00872;
0.211682;6.00926;
0.211702;6.00981;
0.211722;6.01036;
0.211742;6.01091;
0.211762;6.01145;
0.211782;6.012;
0.211802;6.01255;
0.211822;6.0131;
0.211842;6.01365;
0.211862;6.0142;
0.211882;6.01474;
0.211902;6.01529;
0.211922;6.01584;
0.211942;6.01639;
0.211962;6.01694;
0.211982;6.01749;
0.212;6.01797;
0.212;6.01797;
0.212;6.01798;
0.212001;6.01799;
0.212001;6.018;
0.212001;6.018;
0.212001;6.018;
0.212002;6.01801;
0.212002;6.01803;
0.212003;6.01807;
0.212006;6.01814;
0.212011;6.01828;
0.212021;6.01856;
0.212036;6.01897;
0.212053;6.01942;
0.21207;6.01988;
0.21209;6.02043;
0.212105;6.02086;
0.212122;6.02131;
0.212142;6.02186;
0.212162;6.02241;
0.212182;6.02296;
0.212202;6.02351;
0.212222;6.02406;
0.212242;6.02461;
0.212262;6.02516;
0.212282;6.02571;
0.212302;6.02626;
0.212322;6.02681;
0.212342;6.02736;
0.212362;6.02791;
0.212382;6.02846;
0.212402;6.02901;
0.212422;6.02956;
0.212442;6.03011;
0.212462;6.03066;
0.212482;6.03121;
0.212502;6.03176;
0.212522;6.03231;
0.212542;6.03286;
0.212562;6.03341;
0.212582;6.03396;
0.212602;6.03451;
0.212622;6.03506;
0.212642;6.03561;
0.212662;6.03616;
0.212682;6.03671;
0.212702;6.03726;
0.212722;6.03781;
0.212742;6.03836;
0.212762;6.03891;
0.212782;6.03946;
0.212802;6.04001;
0.212822;6.04057;
0.212842;6.04112;
0.212862;6.04167;
0.212882;6.04222;
0.212902;6.04277;
0.212922;6.04332;
0.212942;6.04387;
0.212962;6.04442;
0.212982;6.04498;
0.213001;6.04551;
0.213001;6.04551;
0.213001;6.04551;
0.213002;6.04553;
0.213002;6.04553;
0.213002;6.04554;
0.213002;6.04554;
0.213003;6.04555;
0.213003;6.04557;
0.213004;6.0456;
0.213007;6.04567;
0.213012;6.04581;
0.213022;6.0461;
0.213042;6.04665;
0.213062;6.0472;
0.213082;6.04775;
0.213102;6.0483;
0.213122;6.04886;
0.213142;6.04941;
0.213162;6.04996;
0.213182;6.05051;
0.213202;6.05106;
0.213222;6.05162;
0.213242;6.05217;
0.213262;6.05272;
0.213282;6.05327;
0.213302;6.05382;
0.213322;6.05438;
0.213342;6.05493;
0.213362;6.05548;
0.213382;6.05603;
0.213402;6.05659;
0.213422;6.05714;
0.213442;6.05769;
0.213462;6.05824;
0.213482;6.0588;
0.213502;6.05935;
0.213522;6.0599;
0.213542;6.06046;
0.213562;6.06101;
0.213582;6.06156;
0.213602;6.06211;
0.213622;6.06267;
0.213642;6.06322;
0.213662;6.06377;
0.213682;6.06433;
0.213702;6.06488;
0.213722;6.06543;
0.213742;6.06599;
0.213762;6.06654;
0.213782;6.06709;
0.213802;6.06765;
0.213822;6.0682;
0.213842;6.06875;
0.213862;6.06931;
0.213882;6.06986;
0.213902;6.07042;
0.213922;6.07097;
0.213942;6.07152;
0.213962;6.07208;
0.213982;6.07263;
0.214;6.07312;
0.214;6.07312;
0.214;6.07313;
0.214001;6.07314;
0.214001;6.07315;
0.214001;6.07315;
0.214001;6.07315;
0.214002;6.07316;
0.214002;6.07318;
0.214003;6.0732;
0.214004;6.07322;
0.214005;6.07325;
0.214006;6.07329;
0.21401;6.07337;
0.214013;6.07344;
0.214016;6.07351;
0.214019;6.07359;
0.214025;6.07373;
0.214038;6.07401;
0.214049;6.07427;
0.21406;6.07453;
0.214072;6.07481;
0.214092;6.07527;
0.214112;6.07573;
0.214132;6.07619;
0.214152;6.07665;
0.214172;6.07712;
0.214192;6.07758;
0.214212;6.07804;
0.214232;6.0785;
0.214252;6.07896;
0.214272;6.07942;
0.214292;6.07988;
0.214312;6.08035;
0.214332;6.08081;
0.214352;6.08127;
0.214372;6.08173;
0.214392;6.0822;
0.214412;6.08266;
0.214432;6.08312;
0.214452;6.08358;
0.214472;6.08405;
0.214492;6.08451;
0.214512;6.08497;
0.214532;6.08543;
0.214552;6.0859;
0.214572;6.08636;
0.214592;6.08682;
0.214612;6.08729;
0.214632;6.08775;
0.214652;6.08821;
0.214672;6.08868;
0.214692;6.08914;
0.214712;6.0896;
0.214732;6.09007;
0.214752;6.09053;
0.214772;6.091;
0.214792;6.09146;
0.214812;6.09193;
0.214832;6.09239;
0.214852;6.09285;
0.214872;6.09332;
0.214892;6.09378;
0.214912;6.09425;
0.214932;6.09471;
0.214952;6.09518;
0.214972;6.09564;
0.214992;6.09611;
0.215001;6.09632;
0.215001;6.09632;
0.215001;6.09632;
0.215002;6.09633;
0.215002;6.09634;
0.215002;6.09634;
0.215002;6.09635;
0.215003;6.09635;
0.215003;6.09637;
0.215004;6.0964;
0.215007;6.09646;
0.215012;6.09658;
0.215022;6.09681;
0.215042;6.09728;
0.215062;6.09775;
0.215082;6.09821;
0.215102;6.09868;
0.215122;6.09914;
0.215142;6.09961;
0.215162;6.10008;
0.215182;6.10054;
0.215202;6.10101;
0.215222;6.10147;
0.215242;6.10194;
0.215262;6.10241;
0.215282;6.10287;
0.215302;6.10334;
0.215322;6.10381;
0.215342;6.10428;
0.215362;6.10474;
0.215382;6.10521;
0.215402;6.10568;
0.215422;6.10614;
0.215442;6.10661;
0.215462;6.10708;
0.215482;6.10755;
0.215502;6.10801;
0.215522;6.10848;
0.215542;6.10895;
0.215562;6.10942;
0.215582;6.10989;
0.215602;6.11036;
0.215622;6.11082;
0.215642;6.11129;
0.215662;6.11176;
0.215682;6.11223;
0.215702;6.1127;
0.215722;6.11317;
0.215742;6.11364;
0.215762;6.11411;
0.215782;6.11457;
0.215802;6.11504;
0.215822;6.11551;
0.215842;6.11598;
0.215862;6.11645;
0.215882;6.11692;
0.215902;6.11739;
0.215922;6.11786;
0.215942;6.11833;
0.215962;6.1188;
0.215982;6.11927;
0.216;6.11969;
0.216;6.11969;
0.216;6.11969;
0.216001;6.1197;
0.216001;6.11971;
0.216001;6.11971;
0.216001;6.11971;
0.216002;6.11972;
0.216002;6.11974;
0.216003;6.11977;
0.216006;6.11983;
0.216011;6.11995;
0.216021;6.12019;
0.216041;6.12066;
0.216061;6.12113;
0.216081;6.1216;
0.216101;6.12207;
0.216121;6.12254;
0.216141;6.12301;
0.216161;6.12348;
0.216181;6.12395;
0.216201;6.12443;
0.216221;6.1249;
0.216241;6.12537;
0.216261;6.12584;
0.216281;6.12631;
0.216301;6.12678;
0.216321;6.12726;
0.216341;6.12773;
0.216361;6.1282;
0.216381;6.12867;
0.216401;6.12914;
0.216421;6.12962;
0.216441;6.13009;
0.216461;6.13056;
0.216481;6.13103;
0.216501;6.13151;
0.216521;6.13198;
0.216541;6.13245;
0.216561;6.13292;
0.216581;6.1334;
0.216601;6.13387;
0.216621;6.13434;
0.216641;6.13482;
0.216661;6.13529;
0.216681;6.13576;
0.216701;6.13624;
0.216721;6.13671;
0.216741;6.13718;
0.216761;6.13766;
0.216781;6.13813;
0.216801;6.1386;
0.216821;6.13908;
0.216841;6.13955;
0.216861;6.14003;
0.216881;6.1405;
0.216901;6.14098;
0.216921;6.14145;
0.216941;6.14193;
0.216961;6.1424;
0.216981;6.14287;
0.217001;6.14334;
0.217001;6.14334;
0.217001;6.14335;
0.217002;6.14336;
0.217002;6.14336;
0.217002;6.14337;
0.217002;6.14337;
0.217003;6.14338;
0.217003;6.14339;
0.217004;6.14342;
0.217007;6.14348;
0.217012;6.14361;
0.217022;6.14385;
0.217042;6.14432;
0.217062;6.1448;
0.217082;6.14527;
0.217102;6.14575;
0.217122;6.14622;
0.217142;6.1467;
0.217162;6.14718;
0.217182;6.14765;
0.217202;6.14813;
0.217222;6.1486;
0.217242;6.14908;
0.217262;6.14956;
0.217282;6.15003;
0.217302;6.15051;
0.217322;6.15098;
0.217342;6.15146;
0.217362;6.15194;
0.217382;6.15241;
0.217402;6.15289;
0.217422;6.15337;
0.217442;6.15384;
0.217462;6.15432;
0.217482;6.1548;
0.217502;6.15527;
0.217522;6.15575;
0.217542;6.15623;
0.217562;6.15671;
0.217582;6.15718;
0.217602;6.15766;
0.217622;6.15814;
0.217642;6.15862;
0.217662;6.1591;
0.217682;6.15957;
0.217702;6.16005;
0.217722;6.16053;
0.217742;6.16101;
0.217762;6.16149;
0.217782;6.16196;
0.217802;6.16244;
0.217822;6.16292;
0.217842;6.1634;
0.217862;6.16388;
0.217882;6.16436;
0.217902;6.16484;
0.217922;6.16531;
0.217942;6.16579;
0.217962;6.16627;
0.217982;6.16675;
0.218;6.16717;
0.218;6.16718;
0.218;6.16718;
0.218001;6.16719;
0.218001;6.1672;
0.218001;6.1672;
0.218001;6.1672;
0.218002;6.16721;
0.218002;6.16723;
0.218003;6.16726;
0.218006;6.16732;
0.218011;6.16744;
0.218021;6.16769;
0.218041;6.16817;
0.218061;6.16865;
0.218081;6.16913;
0.218101;6.16961;
0.218121;6.17009;
0.218141;6.17057;
0.218161;6.17105;
0.218181;6.17153;
0.218201;6.17201;
0.218221;6.17249;
0.218241;6.17297;
0.218261;6.17345;
0.218281;6.17393;
0.218301;6.17441;
0.218321;6.17489;
0.218341;6.17537;
0.218361;6.17585;
0.218381;6.17633;
0.218401;6.17681;
0.218421;6.17729;
0.218441;6.17777;
0.218461;6.17826;
0.218481;6.17874;
0.218501;6.17922;
0.218521;6.1797;
0.218541;6.18018;
0.218561;6.18066;
0.218581;6.18114;
0.218601;6.18163;
0.218621;6.18211;
0.218641;6.18259;
0.218661;6.18307;
0.218681;6.18355;
0.218701;6.18404;
0.218721;6.18452;
0.218741;6.185;
0.218761;6.18548;
0.218781;6.18597;
0.218801;6.18645;
0.218821;6.18693;
0.218841;6.18742;
0.218861;6.1879;
0.218881;6.18838;
0.218901;6.18886;
0.218921;6.18935;
0.218941;6.18983;
0.218961;6.19031;
0.218981;6.1908;
0.219001;6.19127;
0.219001;6.19127;
0.219001;6.19128;
0.219002;6.19129;
0.219002;6.1913;
0.219002;6.1913;
0.219002;6.1913;
0.219003;6.19131;
0.219003;6.19132;
0.219004;6.19136;
0.219007;6.19142;
0.219012;6.19154;
0.219022;6.19179;
0.219042;6.19227;
0.219062;6.19276;
0.219082;6.19324;
0.219102;6.19372;
0.219122;6.19421;
0.219142;6.19469;
0.219162;6.19518;
0.219182;6.19566;
0.219202;6.19614;
0.219222;6.19663;
0.219242;6.19711;
0.219262;6.1976;
0.219282;6.19808;
0.219302;6.19857;
0.219322;6.19905;
0.219342;6.19954;
0.219362;6.20002;
0.219382;6.20051;
0.219402;6.20099;
0.219422;6.20148;
0.219442;6.20196;
0.219462;6.20245;
0.219482;6.20293;
0.219502;6.20342;
0.219522;6.2039;
0.219542;6.20439;
0.219562;6.20488;
0.219582;6.20536;
0.219602;6.20585;
0.219622;6.20633;
0.219642;6.20682;
0.219662;6.20731;
0.219682;6.20779;
0.219702;6.20828;
0.219722;6.20877;
0.219742;6.20925;
0.219762;6.20974;
0.219782;6.21022;
0.219802;6.21071;
0.219822;6.2112;
0.219842;6.21169;
0.219862;6.21217;
0.219882;6.21266;
0.219902;6.21315;
0.219922;6.21363;
0.219942;6.21412;
0.219962;6.21461;
0.219982;6.2151;
0.22;6.21552;
0.22;6.21553;
0.22;6.21553;
0.220001;6.21554;
0.220001;6.21555;
0.220001;6.21555;
0.220001;6.21555;
0.220002;6.21556;
0.220002;6.21558;
0.220003;6.21561;
0.220006;6.21567;
0.220011;6.2158;
0.220021;6.21605;
0.220041;6.21653;
0.220061;6.21702;
0.220081;6.2175;
0.220101;6.21799;
0.220121;6.21847;
0.220141;6.21896;
0.220161;6.21945;
0.220181;6.21994;
0.220201;6.22043;
0.220221;6.22091;
0.220241;6.2214;
0.220261;6.22189;
0.220281;6.22238;
0.220301;6.22287;
0.220321;6.22336;
0.220341;6.22385;
0.220361;6.22433;
0.220381;6.22482;
0.220401;6.22531;
0.220421;6.2258;
0.220441;6.22629;
0.220461;6.22678;
0.220481;6.22727;
0.220501;6.22776;
0.220521;6.22825;
0.220541;6.22874;
0.220561;6.22923;
0.220581;6.22972;
0.220601;6.23021;
0.220621;6.2307;
0.220641;6.23119;
0.220661;6.23168;
0.220681;6.23217;
0.220701;6.23266;
0.220721;6.23315;
0.220741;6.23364;
0.220761;6.23413;
0.220781;6.23462;
0.220801;6.23511;
0.220821;6.2356;
0.220841;6.23609;
0.220861;6.23658;
0.220881;6.23707;
0.220901;6.23756;
0.220921;6.23805;
0.220941;6.23854;
0.220961;6.23904;
0.220981;6.23953;
0.221001;6.24002;
0.221001;6.24002;
0.221001;6.24002;
0.221001;6.24003;
0.221002;6.24004;
0.221002;6.24004;
0.221002;6.24005;
0.221002;6.24005;
0.221003;6.24006;
0.221003;6.24007;
0.221004;6.2401;
0.221007;6.24017;
0.221012;6.24029;
0.221022;6.24055;
0.221042;6.24104;
0.221062;6.24153;
0.221082;6.24202;
0.221102;6.24251;
0.221122;6.243;
0.221142;6.24349;
0.221162;6.24399;
0.221182;6.24448;
0.221202;6.24497;
0.221222;6.24546;
0.221242;6.24595;
0.221262;6.24645;
0.221282;6.24694;
0.221302;6.24743;
0.221322;6.24792;
0.221342;6.24842;
0.221362;6.24891;
0.221382;6.2494;
0.221402;6.24989;
0.221422;6.25039;
0.221442;6.25088;
0.221462;6.25137;
0.221482;6.25187;
0.221502;6.25236;
0.221522;6.25285;
0.221542;6.25334;
0.221562;6.25384;
0.221582;6.25433;
0.221602;6.25482;
0.221622;6.25532;
0.221642;6.25581;
0.221662;6.25631;
0.221682;6.2568;
0.221702;6.25729;
0.221722;6.25779;
0.221742;6.25828;
0.221762;6.25877;
0.221782;6.25927;
0.221802;6.25976;
0.221822;6.26026;
0.221842;6.26075;
0.221862;6.26125;
0.221882;6.26174;
0.221902;6.26223;
0.221922;6.26273;
0.221942;6.26322;
0.221962;6.26372;
0.221982;6.26421;
0.222;6.26465;
0.222;6.26465;
0.222;6.26466;
0.222001;6.26467;
0.222001;6.26467;
0.222001;6.26468;
0.222001;6.26468;
0.222002;6.26469;
0.222002;6.2647;
0.222003;6.26473;
0.222006;6.2648;
0.222011;6.26492;
0.222021;6.26518;
0.222041;6.26567;
0.222061;6.26617;
0.222081;6.26666;
0.222097;6.26705;
0.222113;6.26746;
0.222132;6.26792;
0.222152;6.26842;
0.222172;6.26891;
0.222192;6.26941;
0.222212;6.2699;
0.222232;6.2704;
0.222252;6.27089;
0.222272;6.27139;
0.222292;6.27189;
0.222312;6.27238;
0.222332;6.27288;
0.222352;6.27337;
0.222372;6.27387;
0.222392;6.27437;
0.222412;6.27486;
0.222432;6.27536;
0.222452;6.27586;
0.222472;6.27635;
0.222492;6.27685;
0.222512;6.27734;
0.222532;6.27784;
0.222552;6.27834;
0.222572;6.27883;
0.222592;6.27933;
0.222612;6.27983;
0.222632;6.28033;
0.222652;6.28082;
0.222672;6.28132;
0.222692;6.28182;
0.222712;6.28231;
0.222732;6.28281;
0.222752;6.28331;
0.222772;6.28381;
0.222792;6.2843;
0.222812;6.2848;
0.222832;6.2853;
0.222852;6.2858;
0.222872;6.28629;
0.222892;6.28679;
0.222912;6.28729;
0.222932;6.28779;
0.222952;6.28829;
0.222972;6.28878;
0.222992;6.28928;
0.223001;6.2895;
0.223001;6.2895;
0.223001;6.28951;
0.223002;6.28952;
0.223002;6.28952;
0.223002;6.28953;
0.223002;6.28953;
0.223003;6.28954;
0.223003;6.28955;
0.223004;6.28959;
0.223007;6.28965;
0.223012;6.28978;
0.223022;6.29003;
0.223042;6.29053;
0.223062;6.29103;
0.223082;6.29153;
0.223102;6.29203;
0.223122;6.29252;
0.223142;6.29302;
0.223162;6.29352;
0.223182;6.29402;
0.223202;6.29452;
0.223222;6.29502;
0.223242;6.29552;
0.223262;6.29602;
0.223282;6.29652;
0.223302;6.29701;
0.223322;6.29751;
0.223342;6.29801;
0.223362;6.29851;
0.223382;6.29901;
0.223402;6.29951;
0.223422;6.30001;
0.223442;6.30051;
0.223462;6.30101;
0.223482;6.30151;
0.223502;6.30201;
0.223522;6.30251;
0.223542;6.30301;
0.223562;6.30351;
0.223582;6.30401;
0.223602;6.30451;
0.223622;6.30501;
0.223642;6.30551;
0.223662;6.30601;
0.223682;6.30651;
0.223702;6.30701;
0.223722;6.30751;
0.223742;6.30801;
0.223762;6.30851;
0.223782;6.30901;
0.223802;6.30951;
0.223822;6.31001;
0.223842;6.31051;
0.223862;6.31102;
0.223882;6.31152;
0.223902;6.31202;
0.223922;6.31252;
0.223942;6.31302;
0.223962;6.31352;
0.223982;6.31402;
0.224;6.31446;
0.224;6.31447;
0.224;6.31447;
0.224001;6.31448;
0.224001;6.31449;
0.224001;6.31449;
0.224001;6.31449;
0.224002;6.3145;
0.224002;6.31452;
0.224003;6.31455;
0.224006;6.31461;
0.224008;6.31467;
0.22401;6.31472;
0.224012;6.31477;
0.224014;6.31482;
0.224017;6.31486;
0.224019;6.31491;
0.224021;6.31496;
0.224026;6.31506;
0.224035;6.31526;
0.224052;6.31562;
0.224067;6.31596;
0.224083;6.3163;
0.2241;6.31666;
0.22412;6.31709;
0.22414;6.31752;
0.22416;6.31796;
0.22418;6.31839;
0.2242;6.31882;
0.22422;6.31925;
0.22424;6.31968;
0.22426;6.32012;
0.22428;6.32055;
0.2243;6.32098;
0.22432;6.32141;
0.22434;6.32184;
0.22436;6.32228;
0.22438;6.32271;
0.2244;6.32314;
0.22442;6.32358;
0.22444;6.32401;
0.22446;6.32444;
0.22448;6.32488;
0.2245;6.32531;
0.22452;6.32574;
0.22454;6.32618;
0.22456;6.32661;
0.22458;6.32704;
0.2246;6.32748;
0.22462;6.32791;
0.22464;6.32835;
0.22466;6.32878;
0.22468;6.32921;
0.2247;6.32965;
0.22472;6.33008;
0.22474;6.33052;
0.22476;6.33095;
0.22478;6.33139;
0.2248;6.33182;
0.22482;6.33226;
0.22484;6.33269;
0.22486;6.33313;
0.22488;6.33356;
0.2249;6.334;
0.22492;6.33443;
0.22494;6.33487;
0.22496;6.3353;
0.22498;6.33574;
0.225;6.33618;
0.225001;6.3362;
0.225001;6.3362;
0.225001;6.3362;
0.225002;6.33621;
0.225002;6.33622;
0.225002;6.33622;
0.225002;6.33622;
0.225003;6.33623;
0.225003;6.33624;
0.225004;6.33627;
0.225007;6.33633;
0.225012;6.33644;
0.225022;6.33666;
0.225042;6.3371;
0.225062;6.33754;
0.225082;6.33797;
0.225102;6.33841;
0.225122;6.33884;
0.225142;6.33928;
0.225162;6.33972;
0.225182;6.34015;
0.225202;6.34059;
0.225222;6.34103;
0.225242;6.34147;
0.225262;6.3419;
0.225282;6.34234;
0.225302;6.34278;
0.225322;6.34321;
0.225342;6.34365;
0.225362;6.34409;
0.225382;6.34453;
0.225402;6.34497;
0.225422;6.3454;
0.225442;6.34584;
0.225462;6.34628;
0.225482;6.34672;
0.225502;6.34716;
0.225522;6.34759;
0.225542;6.34803;
0.225562;6.34847;
0.225582;6.34891;
0.225602;6.34935;
0.225622;6.34979;
0.225642;6.35023;
0.225662;6.35067;
0.225682;6.35111;
0.225702;6.35154;
0.225722;6.35198;
0.225742;6.35242;
0.225762;6.35286;
0.225782;6.3533;
0.225802;6.35374;
0.225822;6.35418;
0.225842;6.35462;
0.225862;6.35506;
0.225882;6.3555;
0.225902;6.35594;
0.225922;6.35638;
0.225942;6.35682;
0.225962;6.35726;
0.225982;6.3577;
0.226;6.35809;
0.226;6.35809;
0.226;6.3581;
0.226001;6.35811;
0.226001;6.35811;
0.226001;6.35812;
0.226001;6.35812;
0.226002;6.35813;
0.226002;6.35814;
0.226003;6.35817;
0.226006;6.35823;
0.226011;6.35834;
0.226021;6.35856;
0.226041;6.359;
0.226061;6.35945;
0.226081;6.35989;
0.226101;6.36033;
0.226121;6.36077;
0.226141;6.36121;
0.226161;6.36165;
0.226181;6.36209;
0.226201;6.36254;
0.226221;6.36298;
0.226241;6.36342;
0.226261;6.36386;
0.226281;6.3643;
0.226301;6.36474;
0.226321;6.36519;
0.226341;6.36563;
0.226361;6.36607;
0.226381;6.36651;
0.226401;6.36696;
0.226421;6.3674;
0.226441;6.36784;
0.226461;6.36828;
0.226481;6.36873;
0.226501;6.36917;
0.226521;6.36961;
0.226541;6.37006;
0.226561;6.3705;
0.226581;6.37094;
0.226601;6.37139;
0.226621;6.37183;
0.226641;6.37227;
0.226661;6.37272;
0.226681;6.37316;
0.226701;6.37361;
0.226721;6.37405;
0.226741;6.37449;
0.226761;6.37494;
0.226781;6.37538;
0.226801;6.37583;
0.226821;6.37627;
0.226841;6.37672;
0.226861;6.37716;
0.226881;6.37761;
0.226901;6.37805;
0.226921;6.3785;
0.226941;6.37894;
0.226961;6.37939;
0.226981;6.37983;
0.227001;6.38027;
0.227001;6.38027;
0.227001;6.38027;
0.227002;6.38028;
0.227002;6.38029;
0.227002;6.38029;
0.227002;6.38029;
0.227003;6.3803;
0.227003;6.38032;
0.227004;6.38034;
0.227007;6.3804;
0.227012;6.38052;
0.227022;6.38074;
0.227042;6.38119;
0.227062;6.38163;
0.227082;6.38208;
0.227102;6.38253;
0.227122;6.38297;
0.227142;6.38342;
0.227162;6.38386;
0.227182;6.38431;
0.227202;6.38476;
0.227222;6.3852;
0.227242;6.38565;
0.227262;6.3861;
0.227282;6.38654;
0.227302;6.38699;
0.227322;6.38744;
0.227342;6.38788;
0.227362;6.38833;
0.227382;6.38878;
0.227402;6.38922;
0.227422;6.38967;
0.227442;6.39012;
0.227462;6.39056;
0.227482;6.39101;
0.227502;6.39146;
0.227522;6.39191;
0.227542;6.39235;
0.227562;6.3928;
0.227582;6.39325;
0.227602;6.3937;
0.227622;6.39415;
0.227642;6.39459;
0.227662;6.39504;
0.227682;6.39549;
0.227702;6.39594;
0.227722;6.39639;
0.227742;6.39684;
0.227762;6.39728;
0.227782;6.39773;
0.227802;6.39818;
0.227822;6.39863;
0.227842;6.39908;
0.227862;6.39953;
0.227882;6.39998;
0.227902;6.40043;
0.227922;6.40088;
0.227942;6.40133;
0.227962;6.40178;
0.227982;6.40223;
0.228;6.40262;
0.228;6.40262;
0.228;6.40263;
0.228001;6.40264;
0.228001;6.40264;
0.228001;6.40265;
0.228001;6.40265;
0.228002;6.40266;
0.228002;6.40267;
0.228003;6.4027;
0.228006;6.40276;
0.228011;6.40287;
0.228021;6.4031;
0.228041;6.40355;
0.228061;6.404;
0.228081;6.40445;
0.228101;6.4049;
0.228121;6.40535;
0.228141;6.4058;
0.228161;6.40625;
0.228181;6.4067;
0.228201;6.40715;
0.228221;6.4076;
0.228241;6.40806;
0.228261;6.40851;
0.228281;6.40896;
0.228301;6.40941;
0.228321;6.40986;
0.228341;6.41031;
0.228361;6.41076;
0.228381;6.41121;
0.228401;6.41166;
0.228421;6.41212;
0.228441;6.41257;
0.228461;6.41302;
0.228481;6.41347;
0.228501;6.41392;
0.228521;6.41437;
0.228541;6.41483;
0.228561;6.41528;
0.228581;6.41573;
0.228601;6.41618;
0.228621;6.41663;
0.228641;6.41709;
0.228661;6.41754;
0.228681;6.41799;
0.228701;6.41844;
0.228721;6.4189;
0.228741;6.41935;
0.228761;6.4198;
0.228781;6.42025;
0.228801;6.42071;
0.228821;6.42116;
0.228841;6.42161;
0.228861;6.42207;
0.228881;6.42252;
0.228901;6.42297;
0.228921;6.42343;
0.228941;6.42388;
0.228961;6.42433;
0.228981;6.42479;
0.229001;6.42523;
0.229001;6.42524;
0.229001;6.42524;
0.229002;6.42525;
0.229002;6.42526;
0.229002;6.42526;
0.229002;6.42526;
0.229003;6.42527;
0.229003;6.42528;
0.229004;6.42531;
0.229007;6.42537;
0.229012;6.42549;
0.229022;6.42572;
0.229042;6.42617;
0.229062;6.42663;
0.229082;6.42708;
0.229102;6.42754;
0.229122;6.42799;
0.229142;6.42844;
0.229162;6.4289;
0.229182;6.42935;
0.229202;6.42981;
0.229222;6.43026;
0.229242;6.43072;
0.229262;6.43117;
0.229282;6.43163;
0.229302;6.43208;
0.229322;6.43254;
0.229342;6.43299;
0.229362;6.43345;
0.229382;6.4339;
0.229402;6.43436;
0.229422;6.43481;
0.229442;6.43527;
0.229462;6.43572;
0.229482;6.43618;
0.229502;6.43664;
0.229522;6.43709;
0.229542;6.43755;
0.229562;6.438;
0.229582;6.43846;
0.229602;6.43892;
0.229622;6.43937;
0.229642;6.43983;
0.229662;6.44029;
0.229682;6.44074;
0.229702;6.4412;
0.229722;6.44166;
0.229742;6.44211;
0.229762;6.44257;
0.229782;6.44303;
0.229802;6.44348;
0.229822;6.44394;
0.229842;6.4444;
0.229862;6.44485;
0.229882;6.44531;
0.229902;6.44577;
0.229922;6.44623;
0.229942;6.44668;
0.229962;6.44714;
0.229982;6.4476;
0.23;6.448;
0.23;6.448;
0.23;6.44801;
0.230001;6.44802;
0.230001;6.44802;
0.230001;6.44803;
0.230001;6.44803;
0.230002;6.44804;
0.230002;6.44805;
0.230003;6.44808;
0.230006;6.44814;
0.230011;6.44826;
0.230021;6.44849;
0.230041;6.44895;
0.230061;6.44941;
0.230081;6.44987;
0.230098;6.45024;
0.230114;6.45062;
0.230134;6.45106;
0.230154;6.45152;
0.230174;6.45198;
0.230194;6.45244;
0.230214;6.4529;
0.230234;6.45336;
0.230254;6.45382;
0.230274;6.45427;
0.230294;6.45473;
0.230314;6.45519;
0.230334;6.45565;
0.230354;6.45611;
0.230374;6.45657;
0.230394;6.45703;
0.230414;6.45749;
0.230434;6.45795;
0.230454;6.45841;
0.230474;6.45887;
0.230494;6.45933;
0.230514;6.45979;
0.230534;6.46025;
0.230554;6.46071;
0.230574;6.46117;
0.230594;6.46162;
0.230614;6.46209;
0.230634;6.46255;
0.230654;6.46301;
0.230674;6.46347;
0.230694;6.46393;
0.230714;6.46439;
0.230734;6.46485;
0.230754;6.46531;
0.230774;6.46577;
0.230794;6.46623;
0.230814;6.46669;
0.230834;6.46715;
0.230854;6.46761;
0.230874;6.46807;
0.230894;6.46853;
0.230914;6.46899;
0.230934;6.46946;
0.230954;6.46992;
0.230974;6.47038;
0.230994;6.47084;
0.231001;6.47101;
0.231001;6.47101;
0.231001;6.47101;
0.231002;6.47102;
0.231002;6.47103;
0.231002;6.47103;
0.231002;6.47104;
0.231003;6.47104;
0.231003;6.47106;
0.231004;6.47109;
0.231007;6.47115;
0.231012;6.47126;
0.231022;6.4715;
0.231042;6.47196;
0.231062;6.47242;
0.231082;6.47289;
0.231102;6.47335;
0.231122;6.47381;
0.231142;6.47427;
0.231162;6.47473;
0.231182;6.4752;
0.231202;6.47566;
0.231222;6.47612;
0.231242;6.47658;
0.231262;6.47705;
0.231282;6.47751;
0.231302;6.47797;
0.231322;6.47843;
0.231342;6.4789;
0.231362;6.47936;
0.231382;6.47982;
0.231402;6.48028;
0.231422;6.48075;
0.231442;6.48121;
0.231462;6.48167;
0.231482;6.48214;
0.231502;6.4826;
0.231522;6.48306;
0.231542;6.48353;
0.231562;6.48399;
0.231582;6.48445;
0.231602;6.48492;
0.231622;6.48538;
0.231642;6.48584;
0.231662;6.48631;
0.231682;6.48677;
0.231702;6.48724;
0.231722;6.4877;
0.231742;6.48816;
0.231762;6.48863;
0.231782;6.48909;
0.231802;6.48956;
0.231822;6.49002;
0.231842;6.49049;
0.231862;6.49095;
0.231882;6.49142;
0.231902;6.49188;
0.231922;6.49234;
0.231942;6.49281;
0.231962;6.49327;
0.231982;6.49374;
0.232;6.49415;
0.232;6.49415;
0.232;6.49416;
0.232001;6.49416;
0.232001;6.49417;
0.232001;6.49417;
0.232001;6.49418;
0.232002;6.49418;
0.232002;6.4942;
0.232003;6.49423;
0.232006;6.49429;
0.232009;6.49435;
0.232011;6.4944;
0.232013;6.49445;
0.232015;6.49449;
0.232018;6.49454;
0.232021;6.4946;
0.232023;6.49466;
0.232029;6.49477;
0.23204;6.49499;
0.232053;6.49524;
0.232069;6.49555;
0.232083;6.49585;
0.232099;6.49616;
0.232119;6.49656;
0.232139;6.49696;
0.232159;6.49736;
0.232179;6.49776;
0.232199;6.49816;
0.232219;6.49855;
0.232239;6.49895;
0.232259;6.49935;
0.232279;6.49975;
0.232299;6.50015;
0.232319;6.50055;
0.232339;6.50095;
0.232359;6.50135;
0.232379;6.50175;
0.232399;6.50215;
0.232419;6.50255;
0.232439;6.50295;
0.232459;6.50335;
0.232479;6.50375;
0.232499;6.50415;
0.232519;6.50455;
0.232539;6.50495;
0.232559;6.50535;
0.232579;6.50575;
0.232599;6.50615;
0.232619;6.50655;
0.232639;6.50695;
0.232659;6.50735;
0.232679;6.50776;
0.232699;6.50816;
0.232719;6.50856;
0.232739;6.50896;
0.232759;6.50936;
0.232779;6.50976;
0.232799;6.51017;
0.232819;6.51057;
0.232839;6.51097;
0.232859;6.51137;
0.232879;6.51177;
0.232899;6.51218;
0.232919;6.51258;
0.232939;6.51298;
0.232959;6.51339;
0.232979;6.51379;
0.232999;6.51419;
0.233001;6.51423;
0.233001;6.51423;
0.233001;6.51423;
0.233002;6.51424;
0.233002;6.51425;
0.233002;6.51425;
0.233002;6.51425;
0.233003;6.51426;
0.233003;6.51427;
0.233004;6.5143;
0.233007;6.51435;
0.233012;6.51445;
0.233022;6.51466;
0.233042;6.51506;
0.233062;6.51546;
0.233082;6.51587;
0.233102;6.51627;
0.233122;6.51667;
0.233142;6.51708;
0.233162;6.51748;
0.233182;6.51789;
0.233202;6.51829;
0.233222;6.51869;
0.233242;6.5191;
0.233262;6.5195;
0.233282;6.51991;
0.233302;6.52031;
0.233322;6.52072;
0.233342;6.52112;
0.233362;6.52153;
0.233382;6.52193;
0.233402;6.52234;
0.233422;6.52274;
0.233442;6.52315;
0.233462;6.52355;
0.233482;6.52396;
0.233502;6.52436;
0.233522;6.52477;
0.233542;6.52517;
0.233562;6.52558;
0.233582;6.52599;
0.233602;6.52639;
0.233622;6.5268;
0.233642;6.5272;
0.233662;6.52761;
0.233682;6.52802;
0.233702;6.52842;
0.233722;6.52883;
0.233742;6.52924;
0.233762;6.52964;
0.233782;6.53005;
0.233802;6.53046;
0.233822;6.53087;
0.233842;6.53127;
0.233862;6.53168;
0.233882;6.53209;
0.233902;6.53249;
0.233922;6.5329;
0.233942;6.53331;
0.233962;6.53372;
0.233982;6.53413;
0.234;6.53449;
0.234;6.53449;
0.234;6.53449;
0.234001;6.5345;
0.234001;6.53451;
0.234001;6.53451;
0.234001;6.53451;
0.234002;6.53452;
0.234002;6.53453;
0.234003;6.53456;
0.234006;6.53461;
0.234011;6.53471;
0.234021;6.53492;
0.234041;6.53533;
0.234061;6.53574;
0.234081;6.53615;
0.234101;6.53656;
0.234121;6.53696;
0.234141;6.53737;
0.234161;6.53778;
0.234181;6.53819;
0.234201;6.5386;
0.234221;6.53901;
0.234241;6.53942;
0.234261;6.53983;
0.234281;6.54024;
0.234301;6.54065;
0.234321;6.54106;
0.234341;6.54147;
0.234361;6.54188;
0.234381;6.54229;
0.234401;6.5427;
0.234421;6.54311;
0.234441;6.54352;
0.234461;6.54393;
0.234481;6.54434;
0.234501;6.54475;
0.234521;6.54516;
0.234541;6.54557;
0.234561;6.54598;
0.234581;6.54639;
0.234601;6.5468;
0.234621;6.54721;
0.234641;6.54762;
0.234661;6.54804;
0.234681;6.54845;
0.234701;6.54886;
0.234721;6.54927;
0.234741;6.54968;
0.234761;6.55009;
0.234781;6.5505;
0.234801;6.55092;
0.234821;6.55133;
0.234841;6.55174;
0.234861;6.55215;
0.234881;6.55257;
0.234901;6.55298;
0.234921;6.55339;
0.234941;6.5538;
0.234961;6.55422;
0.234981;6.55463;
0.235001;6.55503;
0.235001;6.55504;
0.235001;6.55504;
0.235002;6.55505;
0.235002;6.55505;
0.235002;6.55506;
0.235002;6.55506;
0.235003;6.55507;
0.235003;6.55508;
0.235004;6.55511;
0.235007;6.55516;
0.235012;6.55526;
0.235022;6.55548;
0.235042;6.55589;
0.235062;6.5563;
0.235082;6.55671;
0.235102;6.55713;
0.235122;6.55754;
0.235142;6.55796;
0.235162;6.55837;
0.235182;6.55878;
0.235202;6.5592;
0.235222;6.55961;
0.235242;6.56002;
0.235262;6.56044;
0.235282;6.56085;
0.235302;6.56127;
0.235322;6.56168;
0.235342;6.5621;
0.235362;6.56251;
0.235382;6.56293;
0.235402;6.56334;
0.235422;6.56376;
0.235442;6.56417;
0.235462;6.56459;
0.235482;6.565;
0.235502;6.56542;
0.235522;6.56583;
0.235542;6.56625;
0.235562;6.56666;
0.235582;6.56708;
0.235602;6.56749;
0.235622;6.56791;
0.235642;6.56833;
0.235662;6.56874;
0.235682;6.56916;
0.235702;6.56957;
0.235722;6.56999;
0.235742;6.57041;
0.235762;6.57082;
0.235782;6.57124;
0.235802;6.57166;
0.235822;6.57207;
0.235842;6.57249;
0.235862;6.57291;
0.235882;6.57332;
0.235902;6.57374;
0.235922;6.57416;
0.235942;6.57458;
0.235962;6.57499;
0.235982;6.57541;
0.236;6.57578;
0.236;6.57578;
0.236;6.57578;
0.236001;6.57579;
0.236001;6.5758;
0.236001;6.5758;
0.236001;6.5758;
0.236002;6.57581;
0.236002;6.57582;
0.236003;6.57585;
0.236006;6.5759;
0.236011;6.57601;
0.236021;6.57622;
0.236041;6.57664;
0.236061;6.57706;
0.236081;6.57748;
0.236101;6.5779;
0.236121;6.57831;
0.236141;6.57873;
0.236161;6.57915;
0.236181;6.57957;
0.236201;6.57999;
0.236221;6.58041;
0.236241;6.58082;
0.236261;6.58124;
0.236281;6.58166;
0.236301;6.58208;
0.236321;6.5825;
0.236341;6.58292;
0.236361;6.58334;
0.236381;6.58376;
0.236401;6.58418;
0.236421;6.5846;
0.236441;6.58502;
0.236461;6.58544;
0.236481;6.58586;
0.236501;6.58627;
0.236521;6.58669;
0.236541;6.58711;
0.236561;6.58753;
0.236581;6.58795;
0.236601;6.58838;
0.236621;6.5888;
0.236641;6.58922;
0.236661;6.58964;
0.236681;6.59006;
0.236701;6.59048;
0.236721;6.5909;
0.236741;6.59132;
0.236761;6.59174;
0.236781;6.59216;
0.236801;6.59258;
0.236821;6.593;
0.236841;6.59342;
0.236861;6.59385;
0.236881;6.59427;
0.236901;6.59469;
0.236921;6.59511;
0.236941;6.59553;
0.236961;6.59595;
0.236981;6.59638;
0.237001;6.59679;
0.237001;6.59679;
0.237001;6.5968;
0.237002;6.5968;
0.237002;6.59681;
0.237002;6.59681;
0.237002;6.59682;
0.237003;6.59682;
0.237003;6.59684;
0.237004;6.59686;
0.237007;6.59692;
0.237012;6.59703;
0.237022;6.59724;
0.237042;6.59766;
0.237062;6.59809;
0.237082;6.59851;
0.237102;6.59893;
0.237122;6.59935;
0.237142;6.59978;
0.237162;6.6002;
0.237182;6.60062;
0.237202;6.60104;
0.237222;6.60147;
0.237242;6.60189;
0.237262;6.60231;
0.237282;6.60274;
0.237302;6.60316;
0.237322;6.60358;
0.237342;6.60401;
0.237362;6.60443;
0.237382;6.60485;
0.237402;6.60528;
0.237422;6.6057;
0.237442;6.60612;
0.237462;6.60655;
0.237482;6.60697;
0.237502;6.6074;
0.237522;6.60782;
0.237542;6.60824;
0.237562;6.60867;
0.237582;6.60909;
0.237602;6.60952;
0.237622;6.60994;
0.237642;6.61037;
0.237662;6.61079;
0.237682;6.61122;
0.237702;6.61164;
0.237722;6.61207;
0.237742;6.61249;
0.237762;6.61292;
0.237782;6.61334;
0.237802;6.61377;
0.237822;6.61419;
0.237842;6.61462;
0.237862;6.61504;
0.237882;6.61547;
0.237902;6.6159;
0.237922;6.61632;
0.237942;6.61675;
0.237962;6.61717;
0.237982;6.6176;
0.238;6.61797;
0.238;6.61798;
0.238;6.61798;
0.238001;6.61799;
0.238001;6.618;
0.238001;6.618;
0.238001;6.618;
0.238002;6.61801;
0.238002;6.61802;
0.238003;6.61805;
0.238006;6.6181;
0.238011;6.61821;
0.238021;6.61843;
0.238041;6.61886;
0.238061;6.61928;
0.238081;6.61971;
0.238099;6.62009;
0.238117;6.62048;
0.238137;6.6209;
0.238157;6.62133;
0.238177;6.62176;
0.238197;6.62218;
0.238217;6.62261;
0.238237;6.62304;
0.238257;6.62347;
0.238277;6.62389;
0.238297;6.62432;
0.238317;6.62475;
0.238337;6.62518;
0.238357;6.6256;
0.238377;6.62603;
0.238397;6.62646;
0.238417;6.62689;
0.238437;6.62731;
0.238457;6.62774;
0.238477;6.62817;
0.238497;6.6286;
0.238517;6.62903;
0.238537;6.62946;
0.238557;6.62988;
0.238577;6.63031;
0.238597;6.63074;
0.238617;6.63117;
0.238637;6.6316;
0.238657;6.63203;
0.238677;6.63246;
0.238697;6.63289;
0.238717;6.63331;
0.238737;6.63374;
0.238757;6.63417;
0.238777;6.6346;
0.238797;6.63503;
0.238817;6.63546;
0.238837;6.63589;
0.238857;6.63632;
0.238877;6.63675;
0.238897;6.63718;
0.238917;6.63761;
0.238937;6.63804;
0.238957;6.63847;
0.238977;6.6389;
0.238997;6.63933;
0.239001;6.63941;
0.239001;6.63941;
0.239001;6.63941;
0.239002;6.63942;
0.239002;6.63943;
0.239002;6.63943;
0.239002;6.63943;
0.239003;6.63944;
0.239003;6.63946;
0.239004;6.63948;
0.239007;6.63954;
0.239012;6.63965;
0.239022;6.63987;
0.239042;6.6403;
0.239062;6.64073;
0.239082;6.64116;
0.239102;6.64159;
0.239122;6.64202;
0.239142;6.64245;
0.239162;6.64288;
0.239182;6.64331;
0.239202;6.64374;
0.239222;6.64417;
0.239242;6.64461;
0.239262;6.64504;
0.239282;6.64547;
0.239302;6.6459;
0.239322;6.64633;
0.239342;6.64676;
0.239362;6.64719;
0.239382;6.64763;
0.239402;6.64806;
0.239422;6.64849;
0.239442;6.64892;
0.239462;6.64935;
0.239482;6.64979;
0.239502;6.65022;
0.239522;6.65065;
0.239542;6.65108;
0.239562;6.65151;
0.239582;6.65195;
0.239602;6.65238;
0.239622;6.65281;
0.239642;6.65324;
0.239662;6.65368;
0.239682;6.65411;
0.239702;6.65454;
0.239722;6.65498;
0.239742;6.65541;
0.239762;6.65584;
0.239782;6.65627;
0.239802;6.65671;
0.239822;6.65714;
0.239842;6.65757;
0.239862;6.65801;
0.239882;6.65844;
0.239902;6.65888;
0.239922;6.65931;
0.239942;6.65974;
0.239962;6.66018;
0.239982;6.66061;
0.24;6.66099;
0.24;6.66099;
0.24;6.661;
0.240001;6.66101;
0.240001;6.66101;
0.240001;6.66102;
0.240001;6.66102;
0.240002;6.66103;
0.240002;6.66104;
0.240003;6.66107;
0.240005;6.6611;
0.240006;6.66113;
0.240008;6.66116;
0.240009;6.66118;
0.240012;6.66123;
0.240014;6.66128;
0.240018;6.66134;
0.240021;6.66139;
0.240027;6.6615;
0.240039;6.66172;
0.240049;6.66191;
0.240062;6.66212;
0.240078;6.66241;
0.240095;6.66271;
0.240115;6.66307;
0.240135;6.66343;
0.240155;6.66378;
0.240175;6.66414;
0.240195;6.6645;
0.240215;6.66485;
0.240235;6.66521;
0.240255;6.66557;
0.240275;6.66592;
0.240295;6.66628;
0.240315;6.66664;
0.240335;6.667;
0.240355;6.66735;
0.240375;6.66771;
0.240395;6.66807;
0.240415;6.66843;
0.240435;6.66878;
0.240455;6.66914;
0.240475;6.6695;
0.240495;6.66986;
0.240515;6.67022;
0.240535;6.67058;
0.240555;6.67093;
0.240575;6.67129;
0.240595;6.67165;
0.240615;6.67201;
0.240635;6.67237;
0.240655;6.67273;
0.240675;6.67309;
0.240695;6.67345;
0.240715;6.67381;
0.240735;6.67417;
0.240755;6.67453;
0.240775;6.67489;
0.240795;6.67525;
0.240815;6.67561;
0.240835;6.67597;
0.240855;6.67633;
0.240875;6.67669;
0.240895;6.67705;
0.240915;6.67741;
0.240935;6.67777;
0.240955;6.67813;
0.240975;6.67849;
0.240995;6.67886;
0.241001;6.67897;
0.241001;6.67897;
0.241001;6.67897;
0.241002;6.67898;
0.241002;6.67899;
0.241002;6.67899;
0.241002;6.67899;
0.241003;6.679;
0.241003;6.67901;
0.241004;6.67903;
0.241007;6.67908;
0.241012;6.67917;
0.241022;6.67935;
0.241042;6.67972;
0.241062;6.68008;
0.241082;6.68044;
0.241102;6.6808;
0.241122;6.68116;
0.241142;6.68153;
0.241162;6.68189;
0.241182;6.68225;
0.241202;6.68261;
0.241222;6.68298;
0.241242;6.68334;
0.241262;6.6837;
0.241282;6.68406;
0.241302;6.68443;
0.241322;6.68479;
0.241342;6.68515;
0.241362;6.68552;
0.241382;6.68588;
0.241402;6.68624;
0.241422;6.68661;
0.241442;6.68697;
0.241462;6.68734;
0.241482;6.6877;
0.241502;6.68806;
0.241522;6.68843;
0.241542;6.68879;
0.241562;6.68916;
0.241582;6.68952;
0.241602;6.68989;
0.241622;6.69025;
0.241642;6.69062;
0.241662;6.69098;
0.241682;6.69135;
0.241702;6.69171;
0.241722;6.69208;
0.241742;6.69244;
0.241762;6.69281;
0.241782;6.69318;
0.241802;6.69354;
0.241822;6.69391;
0.241842;6.69427;
0.241862;6.69464;
0.241882;6.69501;
0.241902;6.69537;
0.241922;6.69574;
0.241942;6.69611;
0.241962;6.69647;
0.241982;6.69684;
0.242;6.69716;
0.242;6.69716;
0.242;6.69717;
0.242001;6.69718;
0.242001;6.69718;
0.242001;6.69718;
0.242001;6.69719;
0.242002;6.69719;
0.242002;6.6972;
0.242003;6.69723;
0.242006;6.69727;
0.242011;6.69737;
0.242021;6.69756;
0.242041;6.69792;
0.242061;6.69829;
0.242081;6.69866;
0.242101;6.69902;
0.242121;6.69939;
0.242141;6.69976;
0.242161;6.70013;
0.242181;6.7005;
0.242201;6.70086;
0.242221;6.70123;
0.242241;6.7016;
0.242261;6.70197;
0.242281;6.70234;
0.242301;6.70271;
0.242321;6.70308;
0.242341;6.70344;
0.242361;6.70381;
0.242381;6.70418;
0.242401;6.70455;
0.242421;6.70492;
0.242441;6.70529;
0.242461;6.70566;
0.242481;6.70603;
0.242501;6.7064;
0.242521;6.70677;
0.242541;6.70714;
0.242561;6.70751;
0.242581;6.70788;
0.242601;6.70825;
0.242621;6.70862;
0.242641;6.70899;
0.242661;6.70936;
0.242681;6.70973;
0.242701;6.7101;
0.242721;6.71047;
0.242741;6.71084;
0.242761;6.71122;
0.242781;6.71159;
0.242801;6.71196;
0.242821;6.71233;
0.242841;6.7127;
0.242861;6.71307;
0.242881;6.71345;
0.242901;6.71382;
0.242921;6.71419;
0.242941;6.71456;
0.242961;6.71493;
0.242981;6.71531;
0.243001;6.71567;
0.243001;6.71567;
0.243001;6.71568;
0.243002;6.71568;
0.243002;6.71569;
0.243002;6.71569;
0.243002;6.71569;
0.243003;6.7157;
0.243003;6.71571;
0.243004;6.71574;
0.243007;6.71578;
0.243012;6.71588;
0.243022;6.71607;
0.243042;6.71644;
0.243062;6.71681;
0.243082;6.71719;
0.243102;6.71756;
0.243122;6.71793;
0.243142;6.71831;
0.243162;6.71868;
0.243182;6.71905;
0.243202;6.71943;
0.243222;6.7198;
0.243242;6.72017;
0.243262;6.72055;
0.243282;6.72092;
0.243302;6.7213;
0.243322;6.72167;
0.243342;6.72204;
0.243362;6.72242;
0.243382;6.72279;
0.243402;6.72317;
0.243422;6.72354;
0.243442;6.72392;
0.243462;6.72429;
0.243482;6.72467;
0.243502;6.72504;
0.243522;6.72542;
0.243542;6.72579;
0.243562;6.72617;
0.243582;6.72654;
0.243602;6.72692;
0.243622;6.7273;
0.243642;6.72767;
0.243662;6.72805;
0.243682;6.72842;
0.243702;6.7288;
0.243722;6.72918;
0.243742;6.72955;
0.243762;6.72993;
0.243782;6.7303;
0.243802;6.73068;
0.243822;6.73106;
0.243842;6.73143;
0.243862;6.73181;
0.243882;6.73219;
0.243902;6.73257;
0.243922;6.73294;
0.243942;6.73332;
0.243962;6.7337;
0.243982;6.73408;
0.244;6.73441;
0.244;6.73441;
0.244;6.73441;
0.244001;6.73442;
0.244001;6.73443;
0.244001;6.73443;
0.244001;6.73443;
0.244002;6.73444;
0.244002;6.73445;
0.244003;6.73447;
0.244006;6.73452;
0.244011;6.73462;
0.244021;6.73481;
0.244041;6.73519;
0.244061;6.73555;
0.244081;6.73593;
0.244101;6.73631;
0.244121;6.73669;
0.244141;6.73707;
0.244161;6.73745;
0.244181;6.73782;
0.244201;6.7382;
0.244221;6.73858;
0.244241;6.73896;
0.244261;6.73934;
0.244281;6.73972;
0.244301;6.7401;
0.244321;6.74048;
0.244341;6.74086;
0.244361;6.74124;
0.244381;6.74161;
0.244401;6.74199;
0.244421;6.74237;
0.244441;6.74275;
0.244461;6.74313;
0.244481;6.74351;
0.244501;6.74389;
0.244521;6.74427;
0.244541;6.74465;
0.244561;6.74504;
0.244581;6.74542;
0.244601;6.7458;
0.244621;6.74618;
0.244641;6.74656;
0.244661;6.74694;
0.244681;6.74732;
0.244701;6.7477;
0.244721;6.74808;
0.244741;6.74846;
0.244761;6.74885;
0.244781;6.74923;
0.244801;6.74961;
0.244821;6.74999;
0.244841;6.75037;
0.244861;6.75075;
0.244881;6.75114;
0.244901;6.75152;
0.244921;6.7519;
0.244941;6.75228;
0.244961;6.75267;
0.244981;6.75305;
0.245001;6.75343;
0.245001;6.75344;
0.245001;6.75344;
0.245001;6.75344;
0.245002;6.75345;
0.245002;6.75346;
0.245002;6.75346;
0.245002;6.75346;
0.245003;6.75347;
0.245003;6.75348;
0.245004;6.7535;
0.245007;6.75355;
0.245012;6.75365;
0.245022;6.75385;
0.245042;6.75423;
0.245062;6.75461;
0.245082;6.755;
0.245102;6.75538;
0.245122;6.75576;
0.245142;6.75615;
0.245162;6.75653;
0.245182;6.75691;
0.245202;6.7573;
0.245222;6.75768;
0.245242;6.75806;
0.245262;6.75845;
0.245282;6.75883;
0.245302;6.75922;
0.245322;6.7596;
0.245342;6.75998;
0.245362;6.76037;
0.245382;6.76075;
0.245402;6.76114;
0.245422;6.76152;
0.245442;6.76191;
0.245462;6.76229;
0.245482;6.76268;
0.245502;6.76306;
0.245522;6.76345;
0.245542;6.76383;
0.245562;6.76422;
0.245582;6.7646;
0.245602;6.76499;
0.245622;6.76537;
0.245642;6.76576;
0.245662;6.76615;
0.245682;6.76653;
0.245702;6.76692;
0.245722;6.7673;
0.245742;6.76769;
0.245762;6.76808;
0.245782;6.76846;
0.245802;6.76885;
0.245822;6.76923;
0.245842;6.76962;
0.245862;6.77001;
0.245882;6.7704;
0.245902;6.77078;
0.245922;6.77117;
0.245942;6.77156;
0.245962;6.77194;
0.245982;6.77233;
0.246;6.77267;
0.246;6.77267;
0.246;6.77268;
0.246001;6.77269;
0.246001;6.77269;
0.246001;6.77269;
0.246001;6.7727;
0.246002;6.7727;
0.246002;6.77271;
0.246003;6.77274;
0.246006;6.77279;
0.246011;6.77289;
0.246021;6.77309;
0.246041;6.77347;
0.246061;6.77386;
0.246081;6.77425;
0.246101;6.77464;
0.246121;6.77502;
0.246141;6.77541;
0.246161;6.7758;
0.246181;6.77619;
0.246201;6.77658;
0.246221;6.77697;
0.246241;6.77735;
0.246261;6.77774;
0.246281;6.77813;
0.246301;6.77852;
0.246321;6.77891;
0.246341;6.7793;
0.246361;6.77969;
0.246381;6.78008;
0.246401;6.78047;
0.246421;6.78085;
0.246441;6.78124;
0.246461;6.78163;
0.246481;6.78202;
0.246501;6.78241;
0.246521;6.7828;
0.246541;6.78319;
0.246561;6.78358;
0.246581;6.78397;
0.246601;6.78436;
0.246621;6.78475;
0.246641;6.78514;
0.246661;6.78553;
0.246681;6.78592;
0.246701;6.78631;
0.246721;6.78671;
0.246741;6.7871;
0.246761;6.78749;
0.246781;6.78788;
0.246801;6.78827;
0.246821;6.78866;
0.246841;6.78905;
0.246861;6.78944;
0.246881;6.78983;
0.246901;6.79023;
0.246921;6.79062;
0.246941;6.79101;
0.246961;6.7914;
0.246981;6.79179;
0.247001;6.79218;
0.247001;6.79218;
0.247001;6.79218;
0.247002;6.79219;
0.247002;6.7922;
0.247002;6.7922;
0.247002;6.7922;
0.247003;6.79221;
0.247003;6.79222;
0.247004;6.79224;
0.247007;6.79229;
0.247012;6.7924;
0.247022;6.7926;
0.247042;6.79299;
0.247062;6.79338;
0.247082;6.79377;
0.247102;6.79416;
0.247122;6.79456;
0.247142;6.79495;
0.247162;6.79534;
0.247182;6.79574;
0.247202;6.79613;
0.247222;6.79652;
0.247242;6.79691;
0.247262;6.79731;
0.247282;6.7977;
0.247302;6.79809;
0.247322;6.79849;
0.247342;6.79888;
0.247362;6.79927;
0.247382;6.79967;
0.247402;6.80006;
0.247422;6.80045;
0.247442;6.80085;
0.247462;6.80124;
0.247482;6.80164;
0.247502;6.80203;
0.247522;6.80242;
0.247542;6.80282;
0.247562;6.80321;
0.247582;6.80361;
0.247602;6.804;
0.247622;6.8044;
0.247642;6.80479;
0.247662;6.80519;
0.247682;6.80558;
0.247702;6.80598;
0.247722;6.80637;
0.247742;6.80677;
0.247762;6.80716;
0.247782;6.80756;
0.247802;6.80795;
0.247822;6.80835;
0.247842;6.80874;
0.247862;6.80914;
0.247882;6.80954;
0.247902;6.80993;
0.247922;6.81033;
0.247942;6.81072;
0.247962;6.81112;
0.247982;6.81152;
0.248;6.81186;
0.248;6.81187;
0.248;6.81187;
0.248001;6.81188;
0.248001;6.81188;
0.248001;6.81189;
0.248001;6.81189;
0.248002;6.81189;
0.248002;6.81191;
0.248003;6.81193;
0.248006;6.81198;
0.248011;6.81208;
0.248018;6.81222;
0.248022;6.8123;
0.248026;6.81237;
0.248032;6.81247;
0.248038;6.81258;
0.248044;6.81269;
0.248057;6.81291;
0.248071;6.81317;
0.248089;6.81349;
0.248106;6.81379;
0.248123;6.81411;
0.248143;6.81447;
0.248163;6.81483;
0.248183;6.81518;
0.248203;6.81554;
0.248223;6.8159;
0.248243;6.81626;
0.248263;6.81662;
0.248283;6.81698;
0.248303;6.81734;
0.248323;6.8177;
0.248343;6.81805;
0.248363;6.81841;
0.248383;6.81877;
0.248403;6.81913;
0.248423;6.81949;
0.248443;6.81985;
0.248463;6.82021;
0.248483;6.82057;
0.248503;6.82093;
0.248523;6.82129;
0.248543;6.82165;
0.248563;6.82201;
0.248583;6.82237;
0.248603;6.82273;
0.248623;6.82309;
0.248643;6.82345;
0.248663;6.82381;
0.248683;6.82418;
0.248703;6.82454;
0.248723;6.8249;
0.248743;6.82526;
0.248763;6.82562;
0.248783;6.82598;
0.248803;6.82634;
0.248823;6.8267;
0.248843;6.82707;
0.248863;6.82743;
0.248883;6.82779;
0.248903;6.82815;
0.248923;6.82851;
0.248943;6.82888;
0.248963;6.82924;
0.248983;6.8296;
0.249001;6.82992;
0.249001;6.82992;
0.249001;6.82993;
0.249002;6.82993;
0.249002;6.82994;
0.249002;6.82994;
0.249002;6.82994;
0.249003;6.82995;
0.249003;6.82996;
0.249004;6.82998;
0.249007;6.83003;
0.249012;6.83012;
0.249022;6.83031;
0.249042;6.83067;
0.249062;6.83103;
0.249082;6.8314;
0.249102;6.83176;
0.249122;6.83212;
0.249142;6.83249;
0.249162;6.83285;
0.249182;6.83321;
0.249202;6.83358;
0.249222;6.83394;
0.249242;6.8343;
0.249262;6.83467;
0.249282;6.83503;
0.249302;6.8354;
0.249322;6.83576;
0.249342;6.83612;
0.249362;6.83649;
0.249382;6.83685;
0.249402;6.83722;
0.249422;6.83758;
0.249442;6.83795;
0.249462;6.83831;
0.249482;6.83868;
0.249502;6.83904;
0.249522;6.83941;
0.249542;6.83977;
0.249562;6.84014;
0.249582;6.8405;
0.249602;6.84087;
0.249622;6.84123;
0.249642;6.8416;
0.249662;6.84197;
0.249682;6.84233;
0.249702;6.8427;
0.249722;6.84306;
0.249742;6.84343;
0.249762;6.8438;
0.249782;6.84416;
0.249802;6.84453;
0.249822;6.8449;
0.249842;6.84526;
0.249862;6.84563;
0.249882;6.846;
0.249902;6.84636;
0.249922;6.84673;
0.249942;6.8471;
0.249962;6.84747;
0.249982;6.84783;
0.25;6.84816;
0.25;6.84816;
0.25;6.84816;
0.250001;6.84817;
0.250001;6.84818;
0.250001;6.84818;
0.250001;6.84818;
0.250002;6.84819;
0.250002;6.8482;
0.250003;6.84822;
0.250006;6.84827;
0.250011;6.84836;
0.250021;6.84855;
0.250041;6.84892;
0.250061;6.84929;
0.250081;6.84965;
0.250101;6.85002;
0.250121;6.85039;
0.250141;6.85076;
0.250161;6.85113;
0.250181;6.8515;
0.250201;6.85186;
0.250221;6.85223;
0.250241;6.8526;
0.250261;6.85297;
0.250281;6.85334;
0.250301;6.85371;
0.250321;6.85408;
0.250341;6.85445;
0.250361;6.85482;
0.250381;6.85519;
0.250401;6.85556;
0.250421;6.85593;
0.250441;6.85629;
0.250461;6.85666;
0.250481;6.85703;
0.250501;6.8574;
0.250521;6.85777;
0.250541;6.85814;
0.250561;6.85852;
0.250581;6.85889;
0.250601;6.85926;
0.250621;6.85963;
0.250641;6.86;
0.250661;6.86037;
0.250681;6.86074;
0.250701;6.86111;
0.250721;6.86148;
0.250741;6.86185;
0.250761;6.86222;
0.250781;6.86259;
0.250801;6.86297;
0.250821;6.86334;
0.250841;6.86371;
0.250861;6.86408;
0.250881;6.86445;
0.250901;6.86482;
0.250921;6.8652;
0.250941;6.86557;
0.250961;6.86594;
0.250981;6.86631;
0.251001;6.86668;
0.251001;6.86668;
0.251001;6.86668;
0.251002;6.86669;
0.251002;6.8667;
0.251002;6.8667;
0.251002;6.8667;
0.251003;6.86671;
0.251003;6.86672;
0.251004;6.86674;
0.251007;6.86679;
0.251012;6.86689;
0.251022;6.86708;
0.251042;6.86745;
0.251062;6.86782;
0.251082;6.8682;
0.251102;6.86857;
0.251122;6.86894;
0.251142;6.86931;
0.251162;6.86969;
0.251182;6.87006;
0.251202;6.87043;
0.251222;6.87081;
0.251242;6.87118;
0.251262;6.87155;
0.251282;6.87193;
0.251302;6.8723;
0.251322;6.87268;
0.251342;6.87305;
0.251362;6.87342;
0.251382;6.8738;
0.251402;6.87417;
0.251422;6.87455;
0.251442;6.87492;
0.251462;6.8753;
0.251482;6.87567;
0.251502;6.87605;
0.251522;6.87642;
0.251542;6.87679;
0.251562;6.87717;
0.251582;6.87755;
0.251602;6.87792;
0.251622;6.8783;
0.251642;6.87867;
0.251662;6.87905;
0.251682;6.87942;
0.251702;6.8798;
0.251722;6.88017;
0.251742;6.88055;
0.251762;6.88093;
0.251782;6.8813;
0.251802;6.88168;
0.251822;6.88205;
0.251842;6.88243;
0.251862;6.88281;
0.251882;6.88318;
0.251902;6.88356;
0.251922;6.88394;
0.251942;6.88431;
0.251962;6.88469;
0.251982;6.88507;
0.252;6.8854;
0.252;6.8854;
0.252;6.8854;
0.252001;6.88541;
0.252001;6.88542;
0.252001;6.88542;
0.252001;6.88542;
0.252002;6.88543;
0.252002;6.88544;
0.252003;6.88546;
0.252006;6.88551;
0.252011;6.88561;
0.252021;6.8858;
0.252037;6.8861;
0.25205;6.88635;
0.252062;6.88657;
0.252078;6.88686;
0.252096;6.8872;
0.252109;6.88746;
0.252124;6.88773;
0.25214;6.88804;
0.25216;6.88841;
0.25218;6.88879;
0.2522;6.88917;
0.25222;6.88955;
0.25224;6.88992;
0.25226;6.8903;
0.25228;6.89068;
0.2523;6.89106;
0.25232;6.89144;
0.25234;6.89181;
0.25236;6.89219;
0.25238;6.89257;
0.2524;6.89295;
0.25242;6.89333;
0.25244;6.89371;
0.25246;6.89408;
0.25248;6.89446;
0.2525;6.89484;
0.25252;6.89522;
0.25254;6.8956;
0.25256;6.89598;
0.25258;6.89636;
0.2526;6.89674;
0.25262;6.89712;
0.25264;6.8975;
0.25266;6.89788;
0.25268;6.89826;
0.2527;6.89864;
0.25272;6.89902;
0.25274;6.8994;
0.25276;6.89978;
0.25278;6.90016;
0.2528;6.90054;
0.25282;6.90092;
0.25284;6.9013;
0.25286;6.90168;
0.25288;6.90206;
0.2529;6.90244;
0.25292;6.90282;
0.25294;6.9032;
0.25296;6.90358;
0.25298;6.90396;
0.253;6.90434;
0.253001;6.90436;
0.253001;6.90436;
0.253001;6.90437;
0.253002;6.90437;
0.253002;6.90438;
0.253002;6.90438;
0.253002;6.90438;
0.253003;6.90439;
0.253003;6.9044;
0.253004;6.90443;
0.253007;6.90448;
0.253012;6.90457;
0.253022;6.90477;
0.253042;6.90515;
0.253062;6.90553;
0.253082;6.90591;
0.253102;6.90629;
0.253122;6.90668;
0.253142;6.90706;
0.253162;6.90744;
0.253182;6.90782;
0.253202;6.9082;
0.253222;6.90858;
0.253242;6.90897;
0.253262;6.90935;
0.253282;6.90973;
0.253302;6.91011;
0.253322;6.9105;
0.253342;6.91088;
0.253362;6.91126;
0.253382;6.91164;
0.253402;6.91203;
0.253422;6.91241;
0.253442;6.91279;
0.253462;6.91317;
0.253482;6.91356;
0.253502;6.91394;
0.253522;6.91432;
0.253542;6.91471;
0.253562;6.91509;
0.253582;6.91547;
0.253602;6.91586;
0.253622;6.91624;
0.253642;6.91663;
0.253662;6.91701;
0.253682;6.91739;
0.253702;6.91778;
0.253722;6.91816;
0.253742;6.91855;
0.253762;6.91893;
0.253782;6.91931;
0.253802;6.9197;
0.253822;6.92008;
0.253842;6.92047;
0.253862;6.92085;
0.253882;6.92124;
0.253902;6.92162;
0.253922;6.92201;
0.253942;6.92239;
0.253962;6.92278;
0.253982;6.92316;
0.254;6.9235;
0.254;6.9235;
0.254;6.92351;
0.254001;6.92351;
0.254001;6.92352;
0.254001;6.92352;
0.254001;6.92352;
0.254002;6.92353;
0.254002;6.92354;
0.254003;6.92356;
0.254006;6.92361;
0.254008;6.92365;
0.254011;6.92368;
0.254014;6.92372;
0.254017;6.92377;
0.254023;6.92385;
0.254034;6.92402;
0.254044;6.92416;
0.254054;6.9243;
0.254064;6.92445;
0.254084;6.92474;
0.254104;6.92503;
0.254124;6.92531;
0.254144;6.9256;
0.254164;6.92589;
0.254184;6.92618;
0.254204;6.92647;
0.254224;6.92675;
0.254244;6.92704;
0.254264;6.92733;
0.254284;6.92762;
0.254304;6.92791;
0.254324;6.9282;
0.254344;6.92849;
0.254364;6.92877;
0.254384;6.92906;
0.254404;6.92935;
0.254424;6.92964;
0.254444;6.92993;
0.254464;6.93022;
0.254484;6.93051;
0.254504;6.9308;
0.254524;6.93109;
0.254544;6.93138;
0.254564;6.93167;
0.254584;6.93196;
0.254604;6.93226;
0.254624;6.93255;
0.254644;6.93284;
0.254664;6.93313;
0.254684;6.93342;
0.254704;6.93371;
0.254724;6.934;
0.254744;6.93429;
0.254764;6.93459;
0.254784;6.93488;
0.254804;6.93517;
0.254824;6.93546;
0.254844;6.93576;
0.254864;6.93605;
0.254884;6.93634;
0.254904;6.93663;
0.254924;6.93693;
0.254944;6.93722;
0.254964;6.93751;
0.254984;6.93781;
0.255001;6.93805;
0.255001;6.93805;
0.255001;6.93805;
0.255002;6.93806;
0.255002;6.93806;
0.255002;6.93807;
0.255002;6.93807;
0.255003;6.93807;
0.255003;6.93808;
0.255004;6.9381;
0.255007;6.93814;
0.255012;6.93821;
0.255022;6.93836;
0.255042;6.93866;
0.255062;6.93895;
0.255082;6.93925;
0.255102;6.93954;
0.255122;6.93983;
0.255142;6.94013;
0.255162;6.94042;
0.255182;6.94072;
0.255202;6.94101;
0.255222;6.94131;
0.255242;6.9416;
0.255262;6.9419;
0.255282;6.94219;
0.255302;6.94249;
0.255322;6.94278;
0.255342;6.94308;
0.255362;6.94338;
0.255382;6.94367;
0.255402;6.94397;
0.255422;6.94427;
0.255442;6.94456;
0.255462;6.94486;
0.255482;6.94515;
0.255502;6.94545;
0.255522;6.94575;
0.255542;6.94605;
0.255562;6.94634;
0.255582;6.94664;
0.255602;6.94694;
0.255622;6.94724;
0.255642;6.94753;
0.255662;6.94783;
0.255682;6.94813;
0.255702;6.94843;
0.255722;6.94873;
0.255742;6.94902;
0.255762;6.94932;
0.255782;6.94962;
0.255802;6.94992;
0.255822;6.95022;
0.255842;6.95052;
0.255862;6.95082;
0.255882;6.95112;
0.255902;6.95142;
0.255922;6.95172;
0.255942;6.95202;
0.255962;6.95232;
0.255982;6.95262;
0.256;6.95288;
0.256;6.95288;
0.256;6.95289;
0.256001;6.95289;
0.256001;6.9529;
0.256001;6.9529;
0.256001;6.9529;
0.256002;6.9529;
0.256002;6.95291;
0.256003;6.95293;
0.256006;6.95297;
0.256011;6.95305;
0.256021;6.9532;
0.256041;6.9535;
0.256061;6.9538;
0.256081;6.9541;
0.256101;6.9544;
0.256121;6.95471;
0.256141;6.95501;
0.256161;6.95531;
0.256181;6.95561;
0.256201;6.95591;
0.256221;6.95621;
0.256241;6.95651;
0.256261;6.95682;
0.256281;6.95712;
0.256301;6.95742;
0.256321;6.95772;
0.256341;6.95803;
0.256361;6.95833;
0.256381;6.95863;
0.256401;6.95893;
0.256421;6.95924;
0.256441;6.95954;
0.256461;6.95984;
0.256481;6.96015;
0.256501;6.96045;
0.256521;6.96075;
0.256541;6.96106;
0.256561;6.96136;
0.256581;6.96166;
0.256601;6.96197;
0.256621;6.96227;
0.256641;6.96258;
0.256661;6.96288;
0.256681;6.96319;
0.256701;6.96349;
0.256721;6.96379;
0.256741;6.9641;
0.256761;6.9644;
0.256781;6.96471;
0.256801;6.96502;
0.256821;6.96532;
0.256841;6.96563;
0.256861;6.96593;
0.256881;6.96624;
0.256901;6.96654;
0.256921;6.96685;
0.256941;6.96716;
0.256961;6.96746;
0.256981;6.96777;
0.257001;6.96807;
0.257001;6.96807;
0.257001;6.96807;
0.257002;6.96808;
0.257002;6.96808;
0.257002;6.96809;
0.257002;6.96809;
0.257003;6.96809;
0.257003;6.9681;
0.257004;6.96812;
0.257007;6.96816;
0.257012;6.96824;
0.257022;6.9684;
0.257042;6.9687;
0.257062;6.96901;
0.257082;6.96932;
0.257102;6.96963;
0.257122;6.96993;
0.257142;6.97024;
0.257162;6.97055;
0.257182;6.97086;
0.257202;6.97116;
0.257222;6.97147;
0.257242;6.97178;
0.257262;6.97209;
0.257282;6.9724;
0.257302;6.97271;
0.257322;6.97301;
0.257342;6.97332;
0.257362;6.97363;
0.257382;6.97394;
0.257402;6.97425;
0.257422;6.97456;
0.257442;6.97487;
0.257462;6.97518;
0.257482;6.97549;
0.257502;6.9758;
0.257522;6.97611;
0.257542;6.97642;
0.257562;6.97673;
0.257582;6.97704;
0.257602;6.97735;
0.257622;6.97766;
0.257642;6.97797;
0.257662;6.97828;
0.257682;6.97859;
0.257702;6.9789;
0.257722;6.97921;
0.257742;6.97952;
0.257762;6.97983;
0.257782;6.98015;
0.257802;6.98046;
0.257822;6.98077;
0.257842;6.98108;
0.257862;6.98139;
0.257882;6.9817;
0.257902;6.98202;
0.257922;6.98233;
0.257942;6.98264;
0.257962;6.98295;
0.257982;6.98327;
0.258;6.98354;
0.258;6.98354;
0.258;6.98355;
0.258001;6.98355;
0.258001;6.98356;
0.258001;6.98356;
0.258001;6.98356;
0.258002;6.98357;
0.258002;6.98358;
0.258003;6.9836;
0.258006;6.98364;
0.258011;6.98372;
0.258021;6.98388;
0.258041;6.98419;
0.258061;6.9845;
0.258081;6.98482;
0.258101;6.98513;
0.258121;6.98544;
0.258141;6.98576;
0.258161;6.98607;
0.258181;6.98638;
0.258201;6.9867;
0.258221;6.98701;
0.258241;6.98733;
0.258261;6.98764;
0.258281;6.98795;
0.258301;6.98827;
0.258321;6.98858;
0.258341;6.9889;
0.258361;6.98921;
0.258381;6.98953;
0.258401;6.98984;
0.258421;6.99016;
0.258441;6.99047;
0.258461;6.99079;
0.258481;6.99111;
0.258501;6.99142;
0.258521;6.99174;
0.258541;6.99205;
0.258561;6.99237;
0.258581;6.99269;
0.258601;6.993;
0.258621;6.99332;
0.258641;6.99364;
0.258661;6.99395;
0.258681;6.99427;
0.258701;6.99459;
0.258721;6.9949;
0.258741;6.99522;
0.258761;6.99554;
0.258781;6.99585;
0.258801;6.99617;
0.258821;6.99649;
0.258841;6.99681;
0.258861;6.99713;
0.258881;6.99744;
0.258901;6.99776;
0.258921;6.99808;
0.258941;6.9984;
0.258961;6.99872;
0.258981;6.99903;
0.259001;6.99935;
0.259001;6.99935;
0.259001;6.99935;
0.259002;6.99936;
0.259002;6.99936;
0.259002;6.99936;
0.259002;6.99937;
0.259003;6.99937;
0.259003;6.99938;
0.259004;6.9994;
0.259007;6.99944;
0.259012;6.99952;
0.259022;6.99969;
0.259042;7.00001;
0.259062;7.00033;
0.259082;7.00065;
0.259102;7.00096;
0.259122;7.00128;
0.259142;7.0016;
0.259162;7.00192;
0.259182;7.00224;
0.259202;7.00256;
0.259222;7.00288;
0.259242;7.0032;
0.259262;7.00352;
0.259282;7.00384;
0.259302;7.00416;
0.259322;7.00448;
0.259342;7.0048;
0.259362;7.00513;
0.259382;7.00545;
0.259402;7.00577;
0.259422;7.00609;
0.259442;7.00641;
0.259462;7.00673;
0.259482;7.00705;
0.259502;7.00737;
0.259522;7.0077;
0.259542;7.00802;
0.259562;7.00834;
0.259582;7.00866;
0.259602;7.00898;
0.259622;7.00931;
0.259642;7.00963;
0.259662;7.00995;
0.259682;7.01027;
0.259702;7.0106;
0.259722;7.01092;
0.259742;7.01124;
0.259762;7.01156;
0.259782;7.01189;
0.259802;7.01221;
0.259822;7.01253;
0.259842;7.01286;
0.259862;7.01318;
0.259882;7.0135;
0.259902;7.01383;
0.259922;7.01415;
0.259942;7.01448;
0.259962;7.0148;
0.259982;7.01512;
0.26;7.01541;
0.26;7.01541;
0.26;7.01542;
0.260001;7.01542;
0.260001;7.01543;
0.260001;7.01543;
0.260001;7.01543;
0.260002;7.01544;
0.260002;7.01545;
0.260003;7.01547;
0.260006;7.01551;
0.260011;7.01559;
0.260021;7.01576;
0.260041;7.01608;
0.260061;7.01641;
0.260081;7.01673;
0.260101;7.01706;
0.260121;7.01738;
0.260141;7.01771;
0.260161;7.01803;
0.260181;7.01836;
0.260201;7.01868;
0.260221;7.01901;
0.260241;7.01933;
0.260261;7.01966;
0.260281;7.01999;
0.260301;7.02031;
0.260321;7.02064;
0.260341;7.02096;
0.260361;7.02129;
0.260381;7.02162;
0.260401;7.02194;
0.260421;7.02227;
0.260441;7.0226;
0.260461;7.02292;
0.260481;7.02325;
0.260501;7.02358;
0.260521;7.02391;
0.260541;7.02423;
0.260561;7.02456;
0.260581;7.02489;
0.260601;7.02522;
0.260621;7.02554;
0.260641;7.02587;
0.260661;7.0262;
0.260681;7.02653;
0.260701;7.02685;
0.260721;7.02718;
0.260741;7.02751;
0.260761;7.02784;
0.260781;7.02817;
0.260801;7.0285;
0.260821;7.02883;
0.260841;7.02916;
0.260861;7.02948;
0.260881;7.02981;
0.260901;7.03014;
0.260921;7.03047;
0.260941;7.0308;
0.260961;7.03113;
0.260981;7.03146;
0.261001;7.03178;
0.261001;7.03179;
0.261001;7.03179;
0.261002;7.0318;
0.261002;7.0318;
0.261002;7.0318;
0.261002;7.0318;
0.261003;7.03181;
0.261003;7.03182;
0.261004;7.03184;
0.261007;7.03188;
0.261012;7.03197;
0.261022;7.03214;
0.261042;7.03247;
0.261062;7.0328;
0.261082;7.03313;
0.261102;7.03346;
0.261122;7.03379;
0.261142;7.03412;
0.261162;7.03445;
0.261182;7.03478;
0.261202;7.03511;
0.261222;7.03544;
0.261242;7.03577;
0.261262;7.0361;
0.261282;7.03644;
0.261302;7.03677;
0.261322;7.0371;
0.261342;7.03743;
0.261362;7.03776;
0.261382;7.03809;
0.261402;7.03843;
0.261422;7.03876;
0.261442;7.03909;
0.261462;7.03942;
0.261482;7.03975;
0.261502;7.04009;
0.261522;7.04042;
0.261542;7.04075;
0.261562;7.04108;
0.261582;7.04142;
0.261602;7.04175;
0.261622;7.04208;
0.261642;7.04242;
0.261662;7.04275;
0.261682;7.04308;
0.261702;7.04342;
0.261722;7.04375;
0.261742;7.04408;
0.261762;7.04442;
0.261782;7.04475;
0.261802;7.04509;
0.261822;7.04542;
0.261842;7.04575;
0.261862;7.04609;
0.261882;7.04642;
0.261902;7.04676;
0.261922;7.04709;
0.261942;7.04743;
0.261962;7.04776;
0.261982;7.0481;
0.262;7.04839;
0.262;7.04839;
0.262;7.0484;
0.262001;7.0484;
0.262001;7.04841;
0.262001;7.04841;
0.262001;7.04841;
0.262002;7.04842;
0.262002;7.04843;
0.262003;7.04845;
0.262006;7.04849;
0.262011;7.04858;
0.262021;7.04875;
0.262041;7.04909;
0.262061;7.04942;
0.262081;7.04976;
0.262101;7.05009;
0.262121;7.05043;
0.262141;7.05076;
0.262161;7.0511;
0.262181;7.05143;
0.262201;7.05177;
0.262221;7.05211;
0.262241;7.05244;
0.262261;7.05278;
0.262281;7.05312;
0.262301;7.05345;
0.262321;7.05379;
0.262341;7.05413;
0.262361;7.05446;
0.262381;7.0548;
0.262401;7.05514;
0.262421;7.05547;
0.262441;7.05581;
0.262461;7.05615;
0.262481;7.05649;
0.262501;7.05682;
0.262521;7.05716;
0.262541;7.0575;
0.262561;7.05784;
0.262581;7.05817;
0.262601;7.05851;
0.262621;7.05885;
0.262641;7.05919;
0.262661;7.05953;
0.262681;7.05987;
0.262701;7.0602;
0.262721;7.06054;
0.262741;7.06088;
0.262761;7.06122;
0.262781;7.06156;
0.262801;7.0619;
0.262821;7.06224;
0.262841;7.06258;
0.262861;7.06292;
0.262881;7.06326;
0.262901;7.0636;
0.262921;7.06394;
0.262941;7.06428;
0.262961;7.06461;
0.262981;7.06495;
0.263001;7.06529;
0.263001;7.06529;
0.263001;7.06529;
0.263002;7.0653;
0.263002;7.06531;
0.263002;7.06531;
0.263002;7.06531;
0.263003;7.06531;
0.263003;7.06533;
0.263004;7.06535;
0.263007;7.06539;
0.263012;7.06548;
0.263022;7.06565;
0.263042;7.06599;
0.263062;7.06633;
0.263082;7.06667;
0.263102;7.06701;
0.263122;7.06735;
0.263142;7.06769;
0.263162;7.06804;
0.263182;7.06838;
0.263202;7.06872;
0.263222;7.06906;
0.263242;7.0694;
0.263262;7.06974;
0.263282;7.07008;
0.263302;7.07042;
0.263322;7.07077;
0.263342;7.07111;
0.263362;7.07145;
0.263382;7.07179;
0.263402;7.07213;
0.263422;7.07248;
0.263442;7.07282;
0.263462;7.07316;
0.263482;7.0735;
0.263502;7.07384;
0.263522;7.07419;
0.263542;7.07453;
0.263562;7.07487;
0.263582;7.07522;
0.263602;7.07556;
0.263622;7.0759;
0.263642;7.07624;
0.263662;7.07659;
0.263682;7.07693;
0.263702;7.07727;
0.263722;7.07762;
0.263742;7.07796;
0.263762;7.0783;
0.263782;7.07865;
0.263802;7.07899;
0.263822;7.07934;
0.263842;7.07968;
0.263862;7.08002;
0.263882;7.08037;
0.263902;7.08071;
0.263922;7.08106;
0.263942;7.0814;
0.263962;7.08175;
0.263982;7.08209;
0.264;7.0824;
0.264;7.0824;
0.264;7.0824;
0.264001;7.08241;
0.264001;7.08241;
0.264001;7.08241;
0.264001;7.08242;
0.264002;7.08242;
0.264002;7.08243;
0.264003;7.08246;
0.264006;7.0825;
0.264011;7.08259;
0.264014;7.08264;
0.264017;7.08268;
0.26402;7.08273;
0.264024;7.08278;
0.264028;7.08284;
0.264035;7.08293;
0.264048;7.08312;
0.264059;7.08327;
0.264071;7.08345;
0.264089;7.0837;
0.264107;7.08396;
0.264127;7.08424;
0.264147;7.08453;
0.264167;7.08481;
0.264187;7.08509;
0.264207;7.08538;
0.264227;7.08566;
0.264247;7.08594;
0.264267;7.08623;
0.264287;7.08651;
0.264307;7.08679;
0.264327;7.08708;
0.264347;7.08736;
0.264367;7.08765;
0.264387;7.08793;
0.264407;7.08821;
0.264427;7.0885;
0.264447;7.08878;
0.264467;7.08907;
0.264487;7.08935;
0.264507;7.08964;
0.264527;7.08992;
0.264547;7.09021;
0.264567;7.09049;
0.264587;7.09078;
0.264607;7.09106;
0.264627;7.09135;
0.264647;7.09164;
0.264667;7.09192;
0.264687;7.09221;
0.264707;7.09249;
0.264727;7.09278;
0.264747;7.09307;
0.264767;7.09335;
0.264787;7.09364;
0.264807;7.09393;
0.264827;7.09422;
0.264847;7.0945;
0.264867;7.09479;
0.264887;7.09508;
0.264907;7.09536;
0.264927;7.09565;
0.264947;7.09594;
0.264967;7.09623;
0.264987;7.09652;
0.265001;7.09671;
0.265001;7.09671;
0.265001;7.09672;
0.265002;7.09672;
0.265002;7.09673;
0.265002;7.09673;
0.265002;7.09673;
0.265003;7.09673;
0.265003;7.09674;
0.265004;7.09676;
0.265007;7.0968;
0.265012;7.09687;
0.265022;7.09702;
0.265042;7.09731;
0.265062;7.0976;
0.265082;7.09789;
0.265102;7.09817;
0.265122;7.09846;
0.265142;7.09875;
0.265162;7.09904;
0.265182;7.09933;
0.265202;7.09962;
0.265222;7.09991;
0.265242;7.1002;
0.265262;7.10049;
0.265282;7.10078;
0.265302;7.10107;
0.265322;7.10136;
0.265342;7.10165;
0.265362;7.10194;
0.265382;7.10223;
0.265402;7.10252;
0.265422;7.10281;
0.265442;7.1031;
0.265462;7.10339;
0.265482;7.10369;
0.265502;7.10398;
0.265522;7.10427;
0.265542;7.10456;
0.265562;7.10485;
0.265582;7.10514;
0.265602;7.10543;
0.265622;7.10573;
0.265642;7.10602;
0.265662;7.10631;
0.265682;7.1066;
0.265702;7.1069;
0.265722;7.10719;
0.265742;7.10748;
0.265762;7.10777;
0.265782;7.10807;
0.265802;7.10836;
0.265822;7.10865;
0.265842;7.10895;
0.265862;7.10924;
0.265882;7.10953;
0.265902;7.10983;
0.265922;7.11012;
0.265942;7.11042;
0.265962;7.11071;
0.265982;7.111;
0.266;7.11126;
0.266;7.11127;
0.266;7.11127;
0.266001;7.11127;
0.266001;7.11128;
0.266001;7.11128;
0.266001;7.11128;
0.266002;7.11129;
0.266002;7.1113;
0.266003;7.11131;
0.266006;7.11135;
0.266011;7.11143;
0.266021;7.11158;
0.266041;7.11187;
0.266061;7.11217;
0.266081;7.11246;
0.266101;7.11276;
0.266121;7.11305;
0.266141;7.11335;
0.266161;7.11364;
0.266181;7.11394;
0.266201;7.11423;
0.266221;7.11453;
0.266241;7.11483;
0.266261;7.11512;
0.266281;7.11542;
0.266301;7.11571;
0.266321;7.11601;
0.266341;7.11631;
0.266361;7.1166;
0.266381;7.1169;
0.266401;7.1172;
0.266421;7.11749;
0.266441;7.11779;
0.266461;7.11809;
0.266481;7.11839;
0.266501;7.11868;
0.266521;7.11898;
0.266541;7.11928;
0.266561;7.11958;
0.266581;7.11987;
0.266601;7.12017;
0.266621;7.12047;
0.266641;7.12077;
0.266661;7.12107;
0.266681;7.12136;
0.266701;7.12166;
0.266721;7.12196;
0.266741;7.12226;
0.266761;7.12256;
0.266781;7.12286;
0.266801;7.12316;
0.266821;7.12346;
0.266841;7.12376;
0.266861;7.12406;
0.266881;7.12436;
0.266901;7.12465;
0.266921;7.12495;
0.266941;7.12525;
0.266961;7.12555;
0.266981;7.12586;
0.267001;7.12615;
0.267001;7.12615;
0.267001;7.12615;
0.267002;7.12616;
0.267002;7.12616;
0.267002;7.12617;
0.267002;7.12617;
0.267003;7.12617;
0.267003;7.12618;
0.267004;7.1262;
0.267007;7.12624;
0.267012;7.12632;
0.267022;7.12647;
0.267042;7.12677;
0.267062;7.12707;
0.267082;7.12737;
0.267102;7.12767;
0.267122;7.12797;
0.267142;7.12828;
0.267162;7.12858;
0.267182;7.12888;
0.267202;7.12918;
0.267222;7.12948;
0.267242;7.12978;
0.267262;7.13009;
0.267282;7.13039;
0.267302;7.13069;
0.267322;7.13099;
0.267342;7.13129;
0.267362;7.1316;
0.267382;7.1319;
0.267402;7.1322;
0.267422;7.1325;
0.267442;7.13281;
0.267462;7.13311;
0.267482;7.13341;
0.267502;7.13372;
0.267522;7.13402;
0.267542;7.13432;
0.267562;7.13463;
0.267582;7.13493;
0.267602;7.13523;
0.267622;7.13554;
0.267642;7.13584;
0.267662;7.13615;
0.267682;7.13645;
0.267702;7.13675;
0.267722;7.13706;
0.267742;7.13736;
0.267762;7.13767;
0.267782;7.13797;
0.267802;7.13828;
0.267822;7.13858;
0.267842;7.13889;
0.267862;7.13919;
0.267882;7.1395;
0.267902;7.1398;
0.267922;7.14011;
0.267942;7.14042;
0.267962;7.14072;
0.267982;7.14103;
0.268;7.1413;
0.268;7.1413;
0.268;7.1413;
0.268001;7.14131;
0.268001;7.14131;
0.268001;7.14131;
0.268001;7.14132;
0.268002;7.14132;
0.268002;7.14133;
0.268003;7.14135;
0.268006;7.14139;
0.268011;7.14147;
0.268021;7.14162;
0.268041;7.14193;
0.268061;7.14224;
0.268081;7.14254;
0.268101;7.14285;
0.268121;7.14316;
0.268141;7.14346;
0.268161;7.14377;
0.268181;7.14408;
0.268201;7.14439;
0.268221;7.14469;
0.268241;7.145;
0.268261;7.14531;
0.268281;7.14561;
0.268301;7.14592;
0.268321;7.14623;
0.268341;7.14654;
0.268361;7.14685;
0.268381;7.14715;
0.268401;7.14746;
0.268421;7.14777;
0.268441;7.14808;
0.268461;7.14839;
0.268481;7.1487;
0.268501;7.14901;
0.268521;7.14931;
0.268541;7.14962;
0.268561;7.14993;
0.268581;7.15024;
0.268601;7.15055;
0.268621;7.15086;
0.268641;7.15117;
0.268661;7.15148;
0.268681;7.15179;
0.268701;7.1521;
0.268721;7.15241;
0.268741;7.15272;
0.268761;7.15303;
0.268781;7.15334;
0.268801;7.15365;
0.268821;7.15396;
0.268841;7.15427;
0.268861;7.15458;
0.268881;7.15489;
0.268901;7.15521;
0.268921;7.15552;
0.268941;7.15583;
0.268961;7.15614;
0.268981;7.15645;
0.269001;7.15676;
0.269001;7.15676;
0.269001;7.15676;
0.269002;7.15677;
0.269002;7.15677;
0.269002;7.15677;
0.269002;7.15678;
0.269003;7.15678;
0.269003;7.15679;
0.269004;7.15681;
0.269007;7.15685;
0.269012;7.15693;
0.269022;7.15709;
0.269042;7.1574;
0.269062;7.15771;
0.269082;7.15802;
0.269102;7.15834;
0.269122;7.15865;
0.269142;7.15896;
0.269162;7.15927;
0.269182;7.15959;
0.269202;7.1599;
0.269222;7.16021;
0.269242;7.16052;
0.269262;7.16084;
0.269282;7.16115;
0.269302;7.16146;
0.269322;7.16178;
0.269342;7.16209;
0.269362;7.1624;
0.269382;7.16272;
0.269402;7.16303;
0.269422;7.16334;
0.269442;7.16366;
0.269462;7.16397;
0.269482;7.16429;
0.269502;7.1646;
0.269522;7.16492;
0.269542;7.16523;
0.269562;7.16554;
0.269582;7.16586;
0.269602;7.16617;
0.269622;7.16649;
0.269642;7.1668;
0.269662;7.16712;
0.269682;7.16743;
0.269702;7.16775;
0.269722;7.16806;
0.269742;7.16838;
0.269762;7.1687;
0.269782;7.16901;
0.269802;7.16933;
0.269822;7.16964;
0.269842;7.16996;
0.269862;7.17027;
0.269882;7.17059;
0.269902;7.17091;
0.269922;7.17122;
0.269942;7.17154;
0.269962;7.17186;
0.269982;7.17217;
0.27;7.17245;
0.27;7.17245;
0.27;7.17246;
0.270001;7.17246;
0.270001;7.17247;
0.270001;7.17247;
0.270001;7.17247;
0.270002;7.17248;
0.270002;7.17249;
0.270003;7.17251;
0.270006;7.17255;
0.270011;7.17263;
0.270021;7.17279;
0.270038;7.17306;
0.270057;7.17335;
0.270077;7.17367;
0.270097;7.17399;
0.270117;7.17431;
0.270137;7.17462;
0.270157;7.17494;
0.270177;7.17526;
0.270197;7.17558;
0.270217;7.17589;
0.270237;7.17621;
0.270257;7.17653;
0.270277;7.17685;
0.270297;7.17717;
0.270317;7.17748;
0.270337;7.1778;
0.270357;7.17812;
0.270377;7.17844;
0.270397;7.17876;
0.270417;7.17908;
0.270437;7.1794;
0.270457;7.17972;
0.270477;7.18004;
0.270497;7.18036;
0.270517;7.18067;
0.270537;7.18099;
0.270557;7.18131;
0.270577;7.18163;
0.270597;7.18195;
0.270617;7.18227;
0.270637;7.18259;
0.270657;7.18291;
0.270677;7.18323;
0.270697;7.18355;
0.270717;7.18387;
0.270737;7.1842;
0.270757;7.18452;
0.270777;7.18484;
0.270797;7.18516;
0.270817;7.18548;
0.270837;7.1858;
0.270857;7.18612;
0.270877;7.18644;
0.270897;7.18676;
0.270917;7.18708;
0.270937;7.18741;
0.270957;7.18773;
0.270977;7.18805;
0.270997;7.18837;
0.271001;7.18844;
0.271001;7.18844;
0.271001;7.18844;
0.271002;7.18845;
0.271002;7.18845;
0.271002;7.18846;
0.271002;7.18846;
0.271003;7.18846;
0.271003;7.18847;
0.271004;7.18849;
0.271007;7.18854;
0.271012;7.18862;
0.271022;7.18878;
0.271042;7.18911;
0.271062;7.18943;
0.271082;7.18975;
0.271102;7.19007;
0.271122;7.19039;
0.271142;7.19072;
0.271162;7.19104;
0.271182;7.19136;
0.271202;7.19169;
0.271222;7.19201;
0.271242;7.19233;
0.271262;7.19265;
0.271282;7.19298;
0.271302;7.1933;
0.271322;7.19362;
0.271342;7.19395;
0.271362;7.19427;
0.271382;7.1946;
0.271402;7.19492;
0.271422;7.19524;
0.271442;7.19557;
0.271462;7.19589;
0.271482;7.19622;
0.271502;7.19654;
0.271522;7.19686;
0.271542;7.19719;
0.271562;7.19751;
0.271582;7.19784;
0.271602;7.19816;
0.271622;7.19849;
0.271642;7.19881;
0.271662;7.19914;
0.271682;7.19946;
0.271702;7.19979;
0.271722;7.20011;
0.271742;7.20044;
0.271762;7.20076;
0.271782;7.20109;
0.271802;7.20142;
0.271822;7.20174;
0.271842;7.20207;
0.271862;7.20239;
0.271882;7.20272;
0.271902;7.20305;
0.271922;7.20337;
0.271942;7.2037;
0.271962;7.20403;
0.271982;7.20435;
0.272;7.20464;
0.272;7.20464;
0.272;7.20464;
0.272001;7.20465;
0.272001;7.20466;
0.272001;7.20466;
0.272001;7.20466;
0.272002;7.20467;
0.272002;7.20468;
0.272003;7.20469;
0.272004;7.20471;
0.272005;7.20473;
0.272006;7.20474;
0.272009;7.20477;
0.272012;7.20481;
0.272015;7.20485;
0.272018;7.20489;
0.272025;7.20497;
0.272037;7.20511;
0.272046;7.20522;
0.272056;7.20534;
0.272067;7.20547;
0.272087;7.2057;
0.272107;7.20594;
0.272127;7.20618;
0.272147;7.20641;
0.272167;7.20665;
0.272187;7.20689;
0.272207;7.20712;
0.272227;7.20736;
0.272247;7.2076;
0.272267;7.20783;
0.272287;7.20807;
0.272307;7.20831;
0.272327;7.20855;
0.272347;7.20879;
0.272367;7.20902;
0.272387;7.20926;
0.272407;7.2095;
0.272427;7.20974;
0.272447;7.20998;
0.272467;7.21022;
0.272487;7.21046;
0.272507;7.21069;
0.272527;7.21093;
0.272547;7.21117;
0.272567;7.21141;
0.272587;7.21165;
0.272607;7.21189;
0.272627;7.21213;
0.272647;7.21237;
0.272667;7.21261;
0.272687;7.21285;
0.272707;7.21309;
0.272727;7.21333;
0.272747;7.21358;
0.272767;7.21382;
0.272787;7.21406;
0.272807;7.2143;
0.272827;7.21454;
0.272847;7.21478;
0.272867;7.21502;
0.272887;7.21527;
0.272907;7.21551;
0.272927;7.21575;
0.272947;7.21599;
0.272967;7.21623;
0.272987;7.21648;
0.273001;7.21664;
0.273001;7.21665;
0.273001;7.21665;
0.273002;7.21665;
0.273002;7.21666;
0.273002;7.21666;
0.273002;7.21666;
0.273003;7.21666;
0.273003;7.21667;
0.273004;7.21669;
0.273007;7.21672;
0.273012;7.21678;
0.273022;7.2169;
0.273042;7.21715;
0.273062;7.21739;
0.273082;7.21763;
0.273102;7.21788;
0.273122;7.21812;
0.273142;7.21836;
0.273162;7.21861;
0.273182;7.21885;
0.273202;7.2191;
0.273222;7.21934;
0.273242;7.21958;
0.273262;7.21983;
0.273282;7.22007;
0.273302;7.22032;
0.273322;7.22056;
0.273342;7.22081;
0.273362;7.22105;
0.273382;7.2213;
0.273402;7.22155;
0.273422;7.22179;
0.273442;7.22204;
0.273462;7.22228;
0.273482;7.22253;
0.273502;7.22278;
0.273522;7.22302;
0.273542;7.22327;
0.273562;7.22351;
0.273582;7.22376;
0.273602;7.22401;
0.273622;7.22426;
0.273642;7.2245;
0.273662;7.22475;
0.273682;7.225;
0.273702;7.22525;
0.273722;7.22549;
0.273742;7.22574;
0.273762;7.22599;
0.273782;7.22624;
0.273802;7.22649;
0.273822;7.22673;
0.273842;7.22698;
0.273862;7.22723;
0.273882;7.22748;
0.273902;7.22773;
0.273922;7.22798;
0.273942;7.22823;
0.273962;7.22848;
0.273982;7.22873;
0.274;7.22895;
0.274;7.22895;
0.274;7.22895;
0.274001;7.22896;
0.274001;7.22896;
0.274001;7.22896;
0.274001;7.22896;
0.274002;7.22897;
0.274002;7.22898;
0.274003;7.22899;
0.274006;7.22902;
0.274011;7.22909;
0.274021;7.22922;
0.274041;7.22947;
0.274061;7.22972;
0.274081;7.22997;
0.274101;7.23022;
0.274121;7.23047;
0.274141;7.23072;
0.274161;7.23097;
0.274181;7.23122;
0.274201;7.23147;
0.274221;7.23172;
0.274241;7.23197;
0.274261;7.23223;
0.274281;7.23248;
0.274301;7.23273;
0.274321;7.23298;
0.274341;7.23323;
0.274361;7.23349;
0.274381;7.23374;
0.274401;7.23399;
0.274421;7.23424;
0.274441;7.2345;
0.274461;7.23475;
0.274481;7.235;
0.274501;7.23525;
0.274521;7.23551;
0.274541;7.23576;
0.274561;7.23602;
0.274581;7.23627;
0.274601;7.23652;
0.274621;7.23678;
0.274641;7.23703;
0.274661;7.23729;
0.274681;7.23754;
0.274701;7.23779;
0.274721;7.23805;
0.274741;7.2383;
0.274761;7.23856;
0.274781;7.23881;
0.274801;7.23907;
0.274821;7.23932;
0.274841;7.23958;
0.274861;7.23984;
0.274881;7.24009;
0.274901;7.24035;
0.274921;7.2406;
0.274941;7.24086;
0.274961;7.24112;
0.274981;7.24137;
0.275001;7.24162;
0.275001;7.24163;
0.275001;7.24163;
0.275002;7.24163;
0.275002;7.24164;
0.275002;7.24164;
0.275002;7.24164;
0.275003;7.24164;
0.275003;7.24165;
0.275004;7.24167;
0.275007;7.2417;
0.275012;7.24177;
0.275022;7.2419;
0.275042;7.24216;
0.275062;7.24241;
0.275082;7.24267;
0.275102;7.24293;
0.275122;7.24318;
0.275142;7.24344;
0.275162;7.2437;
0.275182;7.24396;
0.275202;7.24422;
0.275222;7.24447;
0.275242;7.24473;
0.275262;7.24499;
0.275282;7.24525;
0.275302;7.24551;
0.275322;7.24577;
0.275342;7.24602;
0.275362;7.24628;
0.275382;7.24654;
0.275402;7.2468;
0.275422;7.24706;
0.275442;7.24732;
0.275462;7.24758;
0.275482;7.24784;
0.275502;7.2481;
0.275522;7.24836;
0.275542;7.24862;
0.275562;7.24888;
0.275582;7.24914;
0.275602;7.2494;
0.275622;7.24966;
0.275642;7.24992;
0.275662;7.25018;
0.275682;7.25045;
0.275702;7.25071;
0.275722;7.25097;
0.275742;7.25123;
0.275762;7.25149;
0.275782;7.25175;
0.275802;7.25202;
0.275822;7.25228;
0.275842;7.25254;
0.275862;7.2528;
0.275882;7.25306;
0.275902;7.25333;
0.275922;7.25359;
0.275942;7.25385;
0.275962;7.25411;
0.275982;7.25438;
0.276;7.25461;
0.276;7.25461;
0.276;7.25461;
0.276001;7.25462;
0.276001;7.25462;
0.276001;7.25462;
0.276001;7.25463;
0.276002;7.25463;
0.276002;7.25464;
0.276003;7.25466;
0.276006;7.25469;
0.276011;7.25476;
0.276021;7.25489;
0.276041;7.25515;
0.276061;7.25542;
0.276081;7.25568;
0.276101;7.25595;
0.276121;7.25621;
0.276141;7.25647;
0.276161;7.25674;
0.276181;7.257;
0.276201;7.25727;
0.276221;7.25753;
0.276241;7.2578;
0.276261;7.25806;
0.276281;7.25833;
0.276301;7.25859;
0.276321;7.25886;
0.276341;7.25912;
0.276361;7.25939;
0.276381;7.25965;
0.276401;7.25992;
0.276421;7.26018;
0.276441;7.26045;
0.276461;7.26072;
0.276481;7.26098;
0.276501;7.26125;
0.276521;7.26152;
0.276541;7.26178;
0.276561;7.26205;
0.276581;7.26232;
0.276601;7.26258;
0.276621;7.26285;
0.276641;7.26312;
0.276661;7.26338;
0.276681;7.26365;
0.276701;7.26392;
0.276721;7.26419;
0.276741;7.26445;
0.276761;7.26472;
0.276781;7.26499;
0.276801;7.26526;
0.276821;7.26553;
0.276841;7.2658;
0.276861;7.26606;
0.276881;7.26633;
0.276901;7.2666;
0.276921;7.26687;
0.276941;7.26714;
0.276961;7.26741;
0.276981;7.26768;
0.277001;7.26794;
0.277001;7.26794;
0.277001;7.26795;
0.277002;7.26795;
0.277002;7.26796;
0.277002;7.26796;
0.277002;7.26796;
0.277003;7.26796;
0.277003;7.26797;
0.277004;7.26799;
0.277007;7.26802;
0.277012;7.26809;
0.277022;7.26823;
0.277042;7.2685;
0.277062;7.26877;
0.277082;7.26904;
0.277102;7.26931;
0.277122;7.26958;
0.277142;7.26985;
0.277162;7.27012;
0.277182;7.27039;
0.277202;7.27066;
0.277222;7.27093;
0.277242;7.27121;
0.277262;7.27148;
0.277282;7.27175;
0.277302;7.27202;
0.277322;7.27229;
0.277342;7.27256;
0.277362;7.27283;
0.277382;7.27311;
0.277402;7.27338;
0.277422;7.27365;
0.277442;7.27392;
0.277462;7.27419;
0.277482;7.27447;
0.277502;7.27474;
0.277522;7.27501;
0.277542;7.27528;
0.277562;7.27556;
0.277582;7.27583;
0.277602;7.2761;
0.277622;7.27638;
0.277642;7.27665;
0.277662;7.27692;
0.277682;7.2772;
0.277702;7.27747;
0.277722;7.27775;
0.277742;7.27802;
0.277762;7.27829;
0.277782;7.27857;
0.277802;7.27884;
0.277822;7.27912;
0.277842;7.27939;
0.277862;7.27967;
0.277882;7.27994;
0.277902;7.28022;
0.277922;7.28049;
0.277942;7.28077;
0.277962;7.28104;
0.277982;7.28132;
0.278;7.28156;
0.278;7.28156;
0.278;7.28156;
0.278001;7.28157;
0.278001;7.28157;
0.278001;7.28157;
0.278001;7.28158;
0.278002;7.28158;
0.278002;7.28159;
0.278003;7.28161;
0.278006;7.28164;
0.278011;7.28171;
0.278021;7.28185;
0.278041;7.28213;
0.278061;7.28241;
0.278081;7.28267;
0.278101;7.28295;
0.278121;7.28322;
0.278141;7.2835;
0.278161;7.28377;
0.278181;7.28405;
0.278201;7.28433;
0.278221;7.28461;
0.278241;7.28488;
0.278261;7.28516;
0.278281;7.28544;
0.278301;7.28571;
0.278321;7.28599;
0.278341;7.28627;
0.278361;7.28655;
0.278381;7.28682;
0.278401;7.2871;
0.278421;7.28738;
0.278441;7.28766;
0.278461;7.28794;
0.278481;7.28822;
0.278501;7.28849;
0.278521;7.28877;
0.278541;7.28905;
0.278561;7.28933;
0.278581;7.28961;
0.278601;7.28989;
0.278621;7.29017;
0.278641;7.29045;
0.278661;7.29073;
0.278681;7.29101;
0.278701;7.29129;
0.278721;7.29157;
0.278741;7.29184;
0.278761;7.29212;
0.278781;7.29241;
0.278801;7.29269;
0.278821;7.29297;
0.278841;7.29325;
0.278861;7.29353;
0.278881;7.29381;
0.278901;7.29409;
0.278921;7.29437;
0.278941;7.29465;
0.278961;7.29493;
0.278981;7.29521;
0.279001;7.29549;
0.279001;7.2955;
0.279001;7.2955;
0.279001;7.29551;
0.279002;7.29551;
0.279002;7.29552;
0.279002;7.29552;
0.279002;7.29552;
0.279003;7.29552;
0.279003;7.29553;
0.279004;7.29555;
0.279007;7.29559;
0.279012;7.29566;
0.279022;7.2958;
0.279042;7.29608;
0.279062;7.29637;
0.279082;7.29665;
0.279102;7.29693;
0.279122;7.29721;
0.279142;7.29749;
0.279162;7.29778;
0.279182;7.29806;
0.279202;7.29834;
0.279222;7.29862;
0.279242;7.29891;
0.279262;7.29919;
0.279282;7.29947;
0.279302;7.29976;
0.279322;7.30004;
0.279342;7.30032;
0.279362;7.30061;
0.279382;7.30089;
0.279402;7.30117;
0.279422;7.30146;
0.279442;7.30174;
0.279462;7.30202;
0.279482;7.30231;
0.279502;7.30259;
0.279522;7.30288;
0.279542;7.30316;
0.279562;7.30345;
0.279582;7.30373;
0.279602;7.30402;
0.279622;7.3043;
0.279642;7.30459;
0.279662;7.30487;
0.279682;7.30516;
0.279702;7.30544;
0.279722;7.30573;
0.279742;7.30601;
0.279762;7.3063;
0.279782;7.30658;
0.279802;7.30687;
0.279822;7.30716;
0.279842;7.30744;
0.279862;7.30773;
0.279882;7.30802;
0.279902;7.3083;
0.279922;7.30859;
0.279942;7.30888;
0.279962;7.30916;
0.279982;7.30945;
0.28;7.3097;
0.28;7.3097;
0.28;7.30971;
0.280001;7.30971;
0.280001;7.30972;
0.280001;7.30972;
0.280001;7.30972;
0.280002;7.30972;
0.280002;7.30973;
0.280003;7.30975;
0.280006;7.30979;
0.280011;7.30986;
0.280021;7.31001;
0.280041;7.3103;
0.280061;7.31058;
0.280081;7.31087;
0.280098;7.31111;
0.280116;7.31136;
0.280136;7.31165;
0.280156;7.31194;
0.280176;7.31223;
0.280196;7.31251;
0.280216;7.3128;
0.280236;7.31309;
0.280256;7.31338;
0.280276;7.31367;
0.280296;7.31396;
0.280316;7.31425;
0.280336;7.31453;
0.280356;7.31482;
0.280376;7.31511;
0.280396;7.3154;
0.280416;7.31569;
0.280436;7.31598;
0.280456;7.31627;
0.280476;7.31656;
0.280496;7.31685;
0.280516;7.31714;
0.280536;7.31743;
0.280556;7.31772;
0.280576;7.31801;
0.280596;7.3183;
0.280616;7.31859;
0.280636;7.31888;
0.280656;7.31917;
0.280676;7.31946;
0.280696;7.31975;
0.280716;7.32004;
0.280736;7.32033;
0.280756;7.32063;
0.280776;7.32092;
0.280796;7.32121;
0.280816;7.3215;
0.280836;7.32179;
0.280856;7.32208;
0.280876;7.32237;
0.280896;7.32267;
0.280916;7.32296;
0.280936;7.32325;
0.280956;7.32354;
0.280976;7.32383;
0.280996;7.32413;
0.281001;7.32421;
0.281001;7.32421;
0.281001;7.32421;
0.281002;7.32422;
0.281002;7.32422;
0.281002;7.32422;
0.281002;7.32422;
0.281003;7.32423;
0.281003;7.32424;
0.281004;7.32426;
0.281007;7.32429;
0.281012;7.32437;
0.281022;7.32452;
0.281042;7.32481;
0.281062;7.3251;
0.281082;7.3254;
0.281102;7.32569;
0.281122;7.32598;
0.281142;7.32628;
0.281162;7.32657;
0.281182;7.32686;
0.281202;7.32716;
0.281222;7.32745;
0.281242;7.32774;
0.281262;7.32804;
0.281282;7.32833;
0.281302;7.32863;
0.281322;7.32892;
0.281342;7.32921;
0.281362;7.32951;
0.281382;7.3298;
0.281402;7.3301;
0.281422;7.33039;
0.281442;7.33069;
0.281462;7.33098;
0.281482;7.33128;
0.281502;7.33157;
0.281522;7.33187;
0.281542;7.33216;
0.281562;7.33246;
0.281582;7.33275;
0.281602;7.33305;
0.281622;7.33334;
0.281642;7.33364;
0.281662;7.33394;
0.281682;7.33423;
0.281702;7.33453;
0.281722;7.33482;
0.281742;7.33512;
0.281762;7.33542;
0.281782;7.33571;
0.281802;7.33601;
0.281822;7.33631;
0.281842;7.3366;
0.281862;7.3369;
0.281882;7.3372;
0.281902;7.33749;
0.281922;7.33779;
0.281942;7.33809;
0.281962;7.33839;
0.281982;7.33868;
0.282;7.33894;
0.282;7.33895;
0.282;7.33895;
0.282001;7.33896;
0.282001;7.33896;
0.282001;7.33896;
0.282001;7.33896;
0.282002;7.33897;
0.282002;7.33898;
0.282003;7.339;
0.282006;7.33903;
0.282008;7.33906;
0.282009;7.33908;
0.282011;7.3391;
0.282013;7.33912;
0.282015;7.33915;
0.282018;7.33918;
0.28202;7.33921;
0.282026;7.33927;
0.282036;7.33939;
0.282048;7.33952;
0.282065;7.33971;
0.28208;7.33988;
0.282095;7.34005;
0.282115;7.34027;
0.282135;7.3405;
0.282155;7.34072;
0.282175;7.34095;
0.282195;7.34117;
0.282215;7.3414;
0.282235;7.34163;
0.282255;7.34185;
0.282275;7.34208;
0.282295;7.3423;
0.282315;7.34253;
0.282335;7.34275;
0.282355;7.34298;
0.282375;7.34321;
0.282395;7.34343;
0.282415;7.34366;
0.282435;7.34389;
0.282455;7.34412;
0.282475;7.34434;
0.282495;7.34457;
0.282515;7.3448;
0.282535;7.34502;
0.282555;7.34525;
0.282575;7.34548;
0.282595;7.34571;
0.282615;7.34594;
0.282635;7.34616;
0.282655;7.34639;
0.282675;7.34662;
0.282695;7.34685;
0.282715;7.34708;
0.282735;7.34731;
0.282755;7.34754;
0.282775;7.34777;
0.282795;7.348;
0.282815;7.34823;
0.282835;7.34846;
0.282855;7.34869;
0.282875;7.34892;
0.282895;7.34915;
0.282915;7.34938;
0.282935;7.34961;
0.282955;7.34984;
0.282975;7.35007;
0.282995;7.3503;
0.283001;7.35036;
0.283001;7.35037;
0.283001;7.35037;
0.283002;7.35037;
0.283002;7.35038;
0.283002;7.35038;
0.283002;7.35038;
0.283003;7.35038;
0.283003;7.35039;
0.283004;7.3504;
0.283007;7.35043;
0.283012;7.35049;
0.283022;7.35061;
0.283042;7.35084;
0.283062;7.35107;
0.283082;7.35131;
0.283102;7.35154;
0.283122;7.35177;
0.283142;7.352;
0.283162;7.35223;
0.283182;7.35247;
0.283202;7.3527;
0.283222;7.35293;
0.283242;7.35316;
0.283262;7.3534;
0.283282;7.35363;
0.283302;7.35386;
0.283322;7.35409;
0.283342;7.35433;
0.283362;7.35456;
0.283382;7.35479;
0.283402;7.35503;
0.283422;7.35526;
0.283442;7.3555;
0.283462;7.35573;
0.283482;7.35596;
0.283502;7.3562;
0.283522;7.35643;
0.283542;7.35667;
0.283562;7.3569;
0.283582;7.35714;
0.283602;7.35737;
0.283622;7.35761;
0.283642;7.35784;
0.283662;7.35808;
0.283682;7.35831;
0.283702;7.35855;
0.283722;7.35879;
0.283742;7.35902;
0.283762;7.35926;
0.283782;7.3595;
0.283802;7.35973;
0.283822;7.35997;
0.283842;7.3602;
0.283862;7.36044;
0.283882;7.36068;
0.283902;7.36092;
0.283922;7.36115;
0.283942;7.36139;
0.283962;7.36163;
0.283982;7.36187;
0.284;7.36208;
0.284;7.36208;
0.284;7.36208;
0.284001;7.36208;
0.284001;7.36209;
0.284001;7.36209;
0.284001;7.36209;
0.284002;7.36209;
0.284002;7.3621;
0.284003;7.36212;
0.284006;7.36215;
0.284011;7.36221;
0.284021;7.36233;
0.284041;7.36257;
0.284061;7.36281;
0.284081;7.36304;
0.284101;7.36328;
0.284121;7.36352;
0.284141;7.36376;
0.284161;7.364;
0.284181;7.36424;
0.284201;7.36448;
0.284221;7.36472;
0.284241;7.36496;
0.284261;7.3652;
0.284281;7.36544;
0.284301;7.36568;
0.284321;7.36592;
0.284341;7.36616;
0.284361;7.3664;
0.284381;7.36664;
0.284401;7.36688;
0.284421;7.36712;
0.284441;7.36736;
0.284461;7.3676;
0.284481;7.36784;
0.284501;7.36808;
0.284521;7.36832;
0.284541;7.36856;
0.284561;7.36881;
0.284581;7.36905;
0.284601;7.36929;
0.284621;7.36953;
0.284641;7.36977;
0.284661;7.37002;
0.284681;7.37026;
0.284701;7.3705;
0.284721;7.37074;
0.284741;7.37099;
0.284761;7.37123;
0.284781;7.37147;
0.284801;7.37171;
0.284821;7.37196;
0.284841;7.3722;
0.284861;7.37244;
0.284881;7.37269;
0.284901;7.37293;
0.284921;7.37318;
0.284941;7.37342;
0.284961;7.37366;
0.284981;7.37391;
0.285001;7.37415;
0.285001;7.37415;
0.285001;7.37415;
0.285002;7.37416;
0.285002;7.37416;
0.285002;7.37416;
0.285002;7.37416;
0.285003;7.37417;
0.285003;7.37418;
0.285004;7.37419;
0.285007;7.37422;
0.285012;7.37428;
0.285022;7.37441;
0.285042;7.37465;
0.285062;7.3749;
0.285082;7.37514;
0.285102;7.37539;
0.285122;7.37564;
0.285142;7.37588;
0.285162;7.37613;
0.285182;7.37637;
0.285202;7.37662;
0.285222;7.37686;
0.285242;7.37711;
0.285262;7.37736;
0.285282;7.3776;
0.285302;7.37785;
0.285322;7.37809;
0.285342;7.37834;
0.285362;7.37859;
0.285382;7.37884;
0.285402;7.37908;
0.285422;7.37933;
0.285442;7.37958;
0.285462;7.37982;
0.285482;7.38007;
0.285502;7.38032;
0.285522;7.38057;
0.285542;7.38082;
0.285562;7.38106;
0.285582;7.38131;
0.285602;7.38156;
0.285622;7.38181;
0.285642;7.38206;
0.285662;7.38231;
0.285682;7.38255;
0.285702;7.3828;
0.285722;7.38305;
0.285742;7.3833;
0.285762;7.38355;
0.285782;7.3838;
0.285802;7.38405;
0.285822;7.3843;
0.285842;7.38455;
0.285862;7.3848;
0.285882;7.38505;
0.285902;7.3853;
0.285922;7.38555;
0.285942;7.3858;
0.285962;7.38605;
0.285982;7.3863;
0.286;7.38652;
0.286;7.38652;
0.286;7.38653;
0.286001;7.38653;
0.286001;7.38654;
0.286001;7.38654;
0.286001;7.38654;
0.286002;7.38654;
0.286002;7.38655;
0.286003;7.38657;
0.286006;7.3866;
0.286011;7.38666;
0.286021;7.38679;
0.286041;7.38704;
0.286061;7.38729;
0.286081;7.38755;
0.286101;7.3878;
0.286121;7.38805;
0.286141;7.3883;
0.286161;7.38855;
0.286181;7.3888;
0.286201;7.38906;
0.286221;7.38931;
0.286241;7.38956;
0.286261;7.38981;
0.286281;7.39007;
0.286301;7.39032;
0.286321;7.39057;
0.286341;7.39082;
0.286361;7.39108;
0.286381;7.39133;
0.286401;7.39158;
0.286421;7.39184;
0.286441;7.39209;
0.286461;7.39235;
0.286481;7.3926;
0.286501;7.39285;
0.286521;7.39311;
0.286541;7.39336;
0.286561;7.39362;
0.286581;7.39387;
0.286601;7.39412;
0.286621;7.39438;
0.286641;7.39463;
0.286661;7.39489;
0.286681;7.39514;
0.286701;7.3954;
0.286721;7.39566;
0.286741;7.39591;
0.286761;7.39617;
0.286781;7.39642;
0.286801;7.39668;
0.286821;7.39693;
0.286841;7.39719;
0.286861;7.39745;
0.286881;7.3977;
0.286901;7.39796;
0.286921;7.39822;
0.286941;7.39847;
0.286961;7.39873;
0.286981;7.39899;
0.287001;7.39924;
0.287001;7.39924;
0.287001;7.39924;
0.287002;7.39925;
0.287002;7.39925;
0.287002;7.39925;
0.287002;7.39925;
0.287003;7.39926;
0.287003;7.39927;
0.287004;7.39928;
0.287007;7.39932;
0.287012;7.39938;
0.287022;7.39951;
0.287042;7.39977;
0.287062;7.40003;
0.287082;7.40028;
0.287102;7.40054;
0.287122;7.4008;
0.287142;7.40106;
0.287162;7.40132;
0.287182;7.40157;
0.287202;7.40183;
0.287222;7.40209;
0.287242;7.40235;
0.287262;7.40261;
0.287282;7.40287;
0.287302;7.40313;
0.287322;7.40338;
0.287342;7.40364;
0.287362;7.4039;
0.287382;7.40416;
0.287402;7.40442;
0.287422;7.40468;
0.287442;7.40494;
0.287462;7.4052;
0.287482;7.40546;
0.287502;7.40572;
0.287522;7.40598;
0.287542;7.40624;
0.287562;7.4065;
0.287582;7.40676;
0.287602;7.40702;
0.287622;7.40728;
0.287642;7.40754;
0.287662;7.40781;
0.287682;7.40807;
0.287702;7.40833;
0.287722;7.40859;
0.287742;7.40885;
0.287762;7.40911;
0.287782;7.40937;
0.287802;7.40964;
0.287822;7.4099;
0.287842;7.41016;
0.287862;7.41042;
0.287882;7.41068;
0.287902;7.41095;
0.287922;7.41121;
0.287942;7.41147;
0.287962;7.41173;
0.287982;7.412;
0.288;7.41223;
0.288;7.41223;
0.288;7.41223;
0.288001;7.41224;
0.288001;7.41224;
0.288001;7.41224;
0.288001;7.41224;
0.288002;7.41225;
0.288002;7.41226;
0.288003;7.41227;
0.288006;7.41231;
0.288011;7.41237;
0.288021;7.41251;
0.288041;7.41277;
0.288061;7.41304;
0.288081;7.4133;
0.288101;7.41356;
0.288121;7.41383;
0.288141;7.41409;
0.288161;7.41435;
0.288181;7.41462;
0.288201;7.41488;
0.288221;7.41515;
0.288241;7.41541;
0.288261;7.41568;
0.288281;7.41594;
0.288301;7.4162;
0.288321;7.41647;
0.288341;7.41673;
0.288361;7.417;
0.288381;7.41726;
0.288401;7.41753;
0.288421;7.4178;
0.288441;7.41806;
0.288461;7.41833;
0.288481;7.41859;
0.288501;7.41886;
0.288521;7.41912;
0.288541;7.41939;
0.288561;7.41966;
0.288581;7.41992;
0.288601;7.42019;
0.288621;7.42046;
0.288641;7.42072;
0.288661;7.42099;
0.288681;7.42126;
0.288701;7.42152;
0.288721;7.42179;
0.288741;7.42206;
0.288761;7.42232;
0.288781;7.42259;
0.288801;7.42286;
0.288821;7.42313;
0.288841;7.4234;
0.288861;7.42366;
0.288881;7.42393;
0.288901;7.4242;
0.288921;7.42447;
0.288941;7.42474;
0.288961;7.425;
0.288981;7.42527;
0.289001;7.42554;
0.289001;7.42554;
0.289001;7.42554;
0.289002;7.42555;
0.289002;7.42555;
0.289002;7.42555;
0.289002;7.42555;
0.289003;7.42556;
0.289003;7.42557;
0.289004;7.42558;
0.289007;7.42562;
0.289012;7.42569;
0.289022;7.42582;
0.289042;7.42609;
0.289062;7.42636;
0.289082;7.42663;
0.289102;7.4269;
0.289122;7.42717;
0.289142;7.42744;
0.289162;7.42771;
0.289182;7.42798;
0.289202;7.42825;
0.289222;7.42852;
0.289242;7.42879;
0.289262;7.42906;
0.289282;7.42933;
0.289302;7.4296;
0.289322;7.42987;
0.289342;7.43014;
0.289362;7.43041;
0.289382;7.43068;
0.289402;7.43095;
0.289422;7.43122;
0.289442;7.43149;
0.289462;7.43177;
0.289482;7.43204;
0.289502;7.43231;
0.289522;7.43258;
0.289542;7.43285;
0.289562;7.43312;
0.289582;7.43339;
0.289602;7.43367;
0.289622;7.43394;
0.289642;7.43421;
0.289662;7.43448;
0.289682;7.43476;
0.289702;7.43503;
0.289722;7.4353;
0.289742;7.43557;
0.289762;7.43585;
0.289782;7.43612;
0.289802;7.43639;
0.289822;7.43667;
0.289842;7.43694;
0.289862;7.43721;
0.289882;7.43749;
0.289902;7.43776;
0.289922;7.43803;
0.289942;7.43831;
0.289962;7.43858;
0.289982;7.43886;
0.29;7.4391;
0.29;7.4391;
0.29;7.4391;
0.290001;7.43911;
0.290001;7.43911;
0.290001;7.43911;
0.290001;7.43911;
0.290002;7.43912;
0.290002;7.43913;
0.290003;7.43914;
0.290006;7.43918;
0.290011;7.43925;
0.290014;7.43929;
0.290017;7.43932;
0.29002;7.43935;
0.290024;7.4394;
0.290027;7.43944;
0.290035;7.43952;
0.29005;7.43968;
0.290062;7.43981;
0.290076;7.43996;
0.290096;7.44018;
0.290115;7.44039;
0.290135;7.44061;
0.290155;7.44082;
0.290175;7.44104;
0.290195;7.44126;
0.290215;7.44147;
0.290235;7.44169;
0.290255;7.44191;
0.290275;7.44213;
0.290295;7.44235;
0.290315;7.44256;
0.290335;7.44278;
0.290355;7.443;
0.290375;7.44322;
0.290395;7.44344;
0.290415;7.44366;
0.290435;7.44388;
0.290455;7.4441;
0.290475;7.44432;
0.290495;7.44454;
0.290515;7.44476;
0.290535;7.44498;
0.290555;7.4452;
0.290575;7.44542;
0.290595;7.44564;
0.290615;7.44586;
0.290635;7.44608;
0.290655;7.4463;
0.290675;7.44652;
0.290695;7.44674;
0.290715;7.44696;
0.290735;7.44718;
0.290755;7.4474;
0.290775;7.44762;
0.290795;7.44785;
0.290815;7.44807;
0.290835;7.44829;
0.290855;7.44851;
0.290875;7.44873;
0.290895;7.44896;
0.290915;7.44918;
0.290935;7.4494;
0.290955;7.44962;
0.290975;7.44985;
0.290995;7.45007;
0.291001;7.45013;
0.291001;7.45013;
0.291001;7.45014;
0.291002;7.45014;
0.291002;7.45014;
0.291002;7.45014;
0.291002;7.45015;
0.291003;7.45015;
0.291003;7.45016;
0.291004;7.45017;
0.291007;7.4502;
0.291012;7.45026;
0.291022;7.45037;
0.291042;7.45059;
0.291062;7.45082;
0.291082;7.45104;
0.291102;7.45127;
0.291122;7.45149;
0.291142;7.45171;
0.291162;7.45194;
0.291182;7.45216;
0.291202;7.45239;
0.291222;7.45261;
0.291242;7.45284;
0.291262;7.45306;
0.291282;7.45328;
0.291302;7.45351;
0.291322;7.45374;
0.291342;7.45396;
0.291362;7.45419;
0.291382;7.45441;
0.291402;7.45464;
0.291422;7.45486;
0.291442;7.45509;
0.291462;7.45532;
0.291482;7.45554;
0.291502;7.45577;
0.291522;7.456;
0.291542;7.45622;
0.291562;7.45645;
0.291582;7.45668;
0.291602;7.4569;
0.291622;7.45713;
0.291642;7.45736;
0.291662;7.45758;
0.291682;7.45781;
0.291702;7.45804;
0.291722;7.45827;
0.291742;7.4585;
0.291762;7.45872;
0.291782;7.45895;
0.291802;7.45918;
0.291822;7.45941;
0.291842;7.45964;
0.291862;7.45987;
0.291882;7.4601;
0.291902;7.46033;
0.291922;7.46055;
0.291942;7.46078;
0.291962;7.46101;
0.291982;7.46124;
0.292;7.46145;
0.292;7.46145;
0.292;7.46145;
0.292001;7.46145;
0.292001;7.46146;
0.292001;7.46146;
0.292001;7.46146;
0.292002;7.46146;
0.292002;7.46147;
0.292003;7.46149;
0.292006;7.46152;
0.292011;7.46157;
0.292021;7.46169;
0.292038;7.46188;
0.292055;7.46208;
0.292075;7.46231;
0.292095;7.46254;
0.292115;7.46277;
0.292135;7.463;
0.292155;7.46323;
0.292175;7.46346;
0.292195;7.46369;
0.292215;7.46392;
0.292235;7.46415;
0.292255;7.46438;
0.292275;7.46462;
0.292295;7.46485;
0.292315;7.46508;
0.292335;7.46531;
0.292355;7.46554;
0.292375;7.46578;
0.292395;7.46601;
0.292415;7.46624;
0.292435;7.46647;
0.292455;7.46671;
0.292475;7.46694;
0.292495;7.46717;
0.292515;7.46741;
0.292535;7.46764;
0.292555;7.46787;
0.292575;7.46811;
0.292595;7.46834;
0.292615;7.46857;
0.292635;7.46881;
0.292655;7.46904;
0.292675;7.46928;
0.292695;7.46951;
0.292715;7.46974;
0.292735;7.46998;
0.292755;7.47021;
0.292775;7.47045;
0.292795;7.47068;
0.292815;7.47092;
0.292835;7.47115;
0.292855;7.47139;
0.292875;7.47162;
0.292895;7.47186;
0.292915;7.4721;
0.292935;7.47233;
0.292955;7.47257;
0.292975;7.4728;
0.292995;7.47304;
0.293001;7.47311;
0.293001;7.47311;
0.293001;7.47312;
0.293002;7.47312;
0.293002;7.47313;
0.293002;7.47313;
0.293002;7.47313;
0.293003;7.47313;
0.293003;7.47314;
0.293004;7.47315;
0.293007;7.47318;
0.293012;7.47325;
0.293022;7.47337;
0.293042;7.4736;
0.293062;7.47384;
0.293082;7.47408;
0.293102;7.47431;
0.293122;7.47455;
0.293142;7.47479;
0.293162;7.47502;
0.293182;7.47526;
0.293202;7.4755;
0.293222;7.47574;
0.293242;7.47598;
0.293262;7.47621;
0.293282;7.47645;
0.293302;7.47669;
0.293322;7.47693;
0.293342;7.47717;
0.293362;7.4774;
0.293382;7.47764;
0.293402;7.47788;
0.293422;7.47812;
0.293442;7.47836;
0.293462;7.4786;
0.293482;7.47884;
0.293502;7.47908;
0.293522;7.47932;
0.293542;7.47956;
0.293562;7.4798;
0.293582;7.48004;
0.293602;7.48028;
0.293622;7.48052;
0.293642;7.48076;
0.293662;7.481;
0.293682;7.48124;
0.293702;7.48148;
0.293722;7.48172;
0.293742;7.48196;
0.293762;7.4822;
0.293782;7.48244;
0.293802;7.48268;
0.293822;7.48293;
0.293842;7.48317;
0.293862;7.48341;
0.293882;7.48365;
0.293902;7.48389;
0.293922;7.48414;
0.293942;7.48438;
0.293962;7.48462;
0.293982;7.48486;
0.294;7.48508;
0.294;7.48508;
0.294;7.48508;
0.294001;7.48508;
0.294001;7.48509;
0.294001;7.48509;
0.294001;7.48509;
0.294002;7.48509;
0.294002;7.4851;
0.294003;7.48512;
0.294006;7.48515;
0.294011;7.48521;
0.294021;7.48534;
0.294041;7.48558;
0.294061;7.48582;
0.294079;7.48604;
0.294097;7.48626;
0.294117;7.4865;
0.294137;7.48675;
0.294157;7.48699;
0.294177;7.48723;
0.294197;7.48748;
0.294217;7.48772;
0.294237;7.48796;
0.294257;7.48821;
0.294277;7.48845;
0.294297;7.4887;
0.294317;7.48894;
0.294337;7.48919;
0.294357;7.48943;
0.294377;7.48968;
0.294397;7.48992;
0.294417;7.49017;
0.294437;7.49041;
0.294457;7.49066;
0.294477;7.4909;
0.294497;7.49115;
0.294517;7.49139;
0.294537;7.49164;
0.294557;7.49188;
0.294577;7.49213;
0.294597;7.49238;
0.294617;7.49262;
0.294637;7.49287;
0.294657;7.49312;
0.294677;7.49336;
0.294697;7.49361;
0.294717;7.49386;
0.294737;7.4941;
0.294757;7.49435;
0.294777;7.4946;
0.294797;7.49484;
0.294817;7.49509;
0.294837;7.49534;
0.294857;7.49559;
0.294877;7.49584;
0.294897;7.49608;
0.294917;7.49633;
0.294937;7.49658;
0.294957;7.49683;
0.294977;7.49708;
0.294997;7.49732;
0.295001;7.49737;
0.295001;7.49737;
0.295001;7.49737;
0.295002;7.49738;
0.295002;7.49738;
0.295002;7.49738;
0.295002;7.49738;
0.295003;7.49739;
0.295003;7.4974;
0.295004;7.49741;
0.295007;7.49744;
0.295012;7.49751;
0.295022;7.49764;
0.295042;7.49788;
0.295062;7.49813;
0.295082;7.49838;
0.295102;7.49863;
0.295122;7.49888;
0.295142;7.49913;
0.295162;7.49938;
0.295182;7.49963;
0.295202;7.49988;
0.295222;7.50013;
0.295242;7.50038;
0.295262;7.50063;
0.295282;7.50088;
0.295302;7.50113;
0.295322;7.50138;
0.295342;7.50163;
0.295362;7.50188;
0.295382;7.50213;
0.295402;7.50238;
0.295422;7.50263;
0.295442;7.50288;
0.295462;7.50314;
0.295482;7.50339;
0.295502;7.50364;
0.295522;7.50389;
0.295542;7.50414;
0.295562;7.50439;
0.295582;7.50465;
0.295602;7.5049;
0.295622;7.50515;
0.295642;7.5054;
0.295662;7.50566;
0.295682;7.50591;
0.295702;7.50616;
0.295722;7.50641;
0.295742;7.50667;
0.295762;7.50692;
0.295782;7.50717;
0.295802;7.50743;
0.295822;7.50768;
0.295842;7.50793;
0.295862;7.50819;
0.295882;7.50844;
0.295902;7.50869;
0.295922;7.50895;
0.295942;7.5092;
0.295962;7.50946;
0.295982;7.50971;
0.296;7.50993;
0.296;7.50993;
0.296;7.50994;
0.296001;7.50994;
0.296001;7.50995;
0.296001;7.50995;
0.296001;7.50995;
0.296002;7.50995;
0.296002;7.50996;
0.296003;7.50998;
0.296006;7.51001;
0.296011;7.51008;
0.296021;7.51021;
0.296028;7.51028;
0.296034;7.51035;
0.296039;7.51041;
0.296044;7.51047;
0.296053;7.51056;
0.296069;7.51074;
0.296081;7.51087;
0.296094;7.51101;
0.296108;7.51117;
0.296128;7.51139;
0.296148;7.5116;
0.296168;7.51182;
0.296188;7.51204;
0.296208;7.51226;
0.296228;7.51248;
0.296248;7.5127;
0.296268;7.51292;
0.296288;7.51314;
0.296308;7.51336;
0.296328;7.51358;
0.296348;7.5138;
0.296368;7.51402;
0.296388;7.51424;
0.296408;7.51446;
0.296428;7.51468;
0.296448;7.5149;
0.296468;7.51512;
0.296488;7.51534;
0.296508;7.51556;
0.296528;7.51579;
0.296548;7.51601;
0.296568;7.51623;
0.296588;7.51645;
0.296608;7.51667;
0.296628;7.51689;
0.296648;7.51712;
0.296668;7.51734;
0.296688;7.51756;
0.296708;7.51778;
0.296728;7.51801;
0.296748;7.51823;
0.296768;7.51845;
0.296788;7.51867;
0.296808;7.5189;
0.296828;7.51912;
0.296848;7.51934;
0.296868;7.51957;
0.296888;7.51979;
0.296908;7.52002;
0.296928;7.52024;
0.296948;7.52046;
0.296968;7.52069;
0.296988;7.52091;
0.297001;7.52105;
0.297001;7.52106;
0.297001;7.52106;
0.297002;7.52106;
0.297002;7.52107;
0.297002;7.52107;
0.297002;7.52107;
0.297003;7.52107;
0.297003;7.52108;
0.297004;7.52109;
0.297007;7.52112;
0.297012;7.52118;
0.297022;7.52129;
0.297042;7.52152;
0.297062;7.52174;
0.297082;7.52197;
0.297102;7.52219;
0.297122;7.52242;
0.297142;7.52264;
0.297162;7.52287;
0.297182;7.5231;
0.297202;7.52332;
0.297222;7.52355;
0.297242;7.52377;
0.297262;7.524;
0.297282;7.52423;
0.297302;7.52445;
0.297322;7.52468;
0.297342;7.5249;
0.297362;7.52513;
0.297382;7.52536;
0.297402;7.52559;
0.297422;7.52581;
0.297442;7.52604;
0.297462;7.52627;
0.297482;7.52649;
0.297502;7.52672;
0.297522;7.52695;
0.297542;7.52718;
0.297562;7.52741;
0.297582;7.52763;
0.297602;7.52786;
0.297622;7.52809;
0.297642;7.52832;
0.297662;7.52855;
0.297682;7.52878;
0.297702;7.52901;
0.297722;7.52923;
0.297742;7.52946;
0.297762;7.52969;
0.297782;7.52992;
0.297802;7.53015;
0.297822;7.53038;
0.297842;7.53061;
0.297862;7.53084;
0.297882;7.53107;
0.297902;7.5313;
0.297922;7.53153;
0.297942;7.53176;
0.297962;7.53199;
0.297982;7.53222;
0.298;7.53243;
0.298;7.53243;
0.298;7.53243;
0.298001;7.53244;
0.298001;7.53244;
0.298001;7.53244;
0.298001;7.53244;
0.298002;7.53245;
0.298002;7.53245;
0.298003;7.53247;
0.298006;7.5325;
0.298011;7.53256;
0.298021;7.53267;
0.298041;7.53291;
0.298061;7.53314;
0.298081;7.53337;
0.298101;7.5336;
0.298121;7.53383;
0.298141;7.53406;
0.298161;7.53429;
0.298181;7.53453;
0.298201;7.53476;
0.298221;7.53499;
0.298241;7.53522;
0.298261;7.53546;
0.298281;7.53569;
0.298301;7.53592;
0.298321;7.53615;
0.298341;7.53639;
0.298361;7.53662;
0.298381;7.53685;
0.298401;7.53709;
0.298421;7.53732;
0.298441;7.53755;
0.298461;7.53779;
0.298481;7.53802;
0.298501;7.53825;
0.298521;7.53849;
0.298541;7.53872;
0.298561;7.53896;
0.298581;7.53919;
0.298601;7.53943;
0.298621;7.53966;
0.298641;7.5399;
0.298661;7.54013;
0.298681;7.54037;
0.298701;7.5406;
0.298721;7.54084;
0.298741;7.54107;
0.298761;7.54131;
0.298781;7.54154;
0.298801;7.54178;
0.298821;7.54201;
0.298841;7.54225;
0.298861;7.54249;
0.298881;7.54272;
0.298901;7.54296;
0.298921;7.5432;
0.298941;7.54343;
0.298961;7.54367;
0.298981;7.54391;
0.299001;7.54414;
0.299001;7.54414;
0.299001;7.54414;
0.299002;7.54415;
0.299002;7.54415;
0.299002;7.54415;
0.299002;7.54415;
0.299003;7.54416;
0.299003;7.54416;
0.299004;7.54418;
0.299007;7.54421;
0.299012;7.54427;
0.299022;7.54439;
0.299042;7.54463;
0.299062;7.54487;
0.299082;7.5451;
0.299102;7.54534;
0.299122;7.54558;
0.299142;7.54582;
0.299162;7.54605;
0.299182;7.54629;
0.299202;7.54653;
0.299222;7.54677;
0.299242;7.54701;
0.299262;7.54725;
0.299282;7.54749;
0.299302;7.54772;
0.299322;7.54796;
0.299342;7.5482;
0.299362;7.54844;
0.299382;7.54868;
0.299402;7.54892;
0.299422;7.54916;
0.299442;7.5494;
0.299462;7.54964;
0.299482;7.54988;
0.299502;7.55012;
0.299522;7.55036;
0.299542;7.5506;
0.299562;7.55084;
0.299582;7.55108;
0.299602;7.55132;
0.299622;7.55156;
0.299642;7.5518;
0.299662;7.55204;
0.299682;7.55228;
0.299702;7.55253;
0.299722;7.55277;
0.299742;7.55301;
0.299762;7.55325;
0.299782;7.55349;
0.299802;7.55373;
0.299822;7.55398;
0.299842;7.55422;
0.299862;7.55446;
0.299882;7.5547;
0.299902;7.55494;
0.299922;7.55519;
0.299942;7.55543;
0.299962;7.55567;
0.299982;7.55591;
0.3;7.55613;
0.3;7.55613;
0.3;7.55613;
0.300001;7.55614;
0.300001;7.55614;
0.300001;7.55614;
0.300001;7.55614;
0.300002;7.55615;
0.300002;7.55616;
0.300003;7.55617;
0.300006;7.5562;
0.300011;7.55626;
0.300021;7.55639;
0.300037;7.55658;
0.300049;7.55673;
0.300061;7.55687;
0.300076;7.55705;
0.300093;7.55725;
0.300107;7.55742;
0.300122;7.55761;
0.300142;7.55785;
0.300162;7.55809;
0.300182;7.55834;
0.300202;7.55858;
0.300222;7.55882;
0.300242;7.55906;
0.300262;7.55931;
0.300282;7.55955;
0.300302;7.55979;
0.300322;7.56004;
0.300342;7.56028;
0.300362;7.56053;
0.300382;7.56077;
0.300402;7.56101;
0.300422;7.56126;
0.300442;7.5615;
0.300462;7.56175;
0.300482;7.56199;
0.300502;7.56223;
0.300522;7.56248;
0.300542;7.56272;
0.300562;7.56297;
0.300582;7.56321;
0.300602;7.56346;
0.300622;7.5637;
0.300642;7.56395;
0.300662;7.5642;
0.300682;7.56444;
0.300702;7.56469;
0.300722;7.56493;
0.300742;7.56518;
0.300762;7.56542;
0.300782;7.56567;
0.300802;7.56592;
0.300822;7.56616;
0.300842;7.56641;
0.300862;7.56666;
0.300882;7.5669;
0.300902;7.56715;
0.300922;7.5674;
0.300942;7.56764;
0.300962;7.56789;
0.300982;7.56814;
0.301001;7.56837;
0.301001;7.56837;
0.301001;7.56838;
0.301002;7.56838;
0.301002;7.56838;
0.301002;7.56839;
0.301002;7.56839;
0.301003;7.56839;
0.301003;7.5684;
0.301004;7.56842;
0.301007;7.56845;
0.301012;7.56851;
0.301022;7.56864;
0.301042;7.56888;
0.301062;7.56913;
0.301082;7.56938;
0.301102;7.56963;
0.301122;7.56988;
0.301142;7.57012;
0.301162;7.57037;
0.301182;7.57062;
0.301202;7.57087;
0.301222;7.57112;
0.301242;7.57137;
0.301262;7.57162;
0.301282;7.57186;
0.301302;7.57211;
0.301322;7.57236;
0.301342;7.57261;
0.301362;7.57286;
0.301382;7.57311;
0.301402;7.57336;
0.301422;7.57361;
0.301442;7.57386;
0.301462;7.57411;
0.301482;7.57436;
0.301502;7.57461;
0.301522;7.57486;
0.301542;7.57511;
0.301562;7.57536;
0.301582;7.57561;
0.301602;7.57586;
0.301622;7.57611;
0.301642;7.57637;
0.301662;7.57662;
0.301682;7.57687;
0.301702;7.57712;
0.301722;7.57737;
0.301742;7.57762;
0.301762;7.57787;
0.301782;7.57813;
0.301802;7.57838;
0.301822;7.57863;
0.301842;7.57888;
0.301862;7.57913;
0.301882;7.57939;
0.301902;7.57964;
0.301922;7.57989;
0.301942;7.58014;
0.301962;7.5804;
0.301982;7.58065;
0.302;7.58087;
0.302;7.58087;
0.302;7.58088;
0.302001;7.58088;
0.302001;7.58088;
0.302001;7.58089;
0.302001;7.58089;
0.302002;7.58089;
0.302002;7.5809;
0.302003;7.5809;
0.302003;7.58091;
0.302005;7.58093;
0.302007;7.58095;
0.302009;7.58097;
0.302011;7.58099;
0.302013;7.58101;
0.302016;7.58103;
0.30202;7.58107;
0.30203;7.58114;
0.302041;7.58123;
0.302055;7.58134;
0.302067;7.58144;
0.302081;7.58156;
0.302101;7.58172;
0.302121;7.58188;
0.302141;7.58205;
0.302161;7.58221;
0.302181;7.58237;
0.302201;7.58254;
0.302221;7.5827;
0.302241;7.58286;
0.302261;7.58303;
0.302281;7.58319;
0.302301;7.58336;
0.302321;7.58352;
0.302341;7.58369;
0.302361;7.58385;
0.302381;7.58402;
0.302401;7.58418;
0.302421;7.58435;
0.302441;7.58451;
0.302461;7.58468;
0.302481;7.58484;
0.302501;7.58501;
0.302521;7.58517;
0.302541;7.58534;
0.302561;7.58551;
0.302581;7.58567;
0.302601;7.58584;
0.302621;7.58601;
0.302641;7.58617;
0.302661;7.58634;
0.302681;7.58651;
0.302701;7.58667;
0.302721;7.58684;
0.302741;7.58701;
0.302761;7.58718;
0.302781;7.58735;
0.302801;7.58751;
0.302821;7.58768;
0.302841;7.58785;
0.302861;7.58802;
0.302881;7.58819;
0.302901;7.58836;
0.302921;7.58853;
0.302941;7.5887;
0.302961;7.58887;
0.302981;7.58904;
0.303001;7.5892;
0.303001;7.5892;
0.303001;7.5892;
0.303002;7.58921;
0.303002;7.58921;
0.303002;7.58921;
0.303002;7.58921;
0.303003;7.58922;
0.303003;7.58922;
0.303004;7.58923;
0.303007;7.58925;
0.303012;7.5893;
0.303022;7.58938;
0.303042;7.58955;
0.303062;7.58972;
0.303082;7.58989;
0.303102;7.59007;
0.303122;7.59024;
0.303142;7.59041;
0.303162;7.59058;
0.303182;7.59075;
0.303202;7.59092;
0.303222;7.59109;
0.303242;7.59126;
0.303262;7.59144;
0.303282;7.59161;
0.303302;7.59178;
0.303322;7.59195;
0.303342;7.59212;
0.303362;7.5923;
0.303382;7.59247;
0.303402;7.59264;
0.303422;7.59282;
0.303442;7.59299;
0.303462;7.59316;
0.303482;7.59334;
0.303502;7.59351;
0.303522;7.59368;
0.303542;7.59386;
0.303562;7.59403;
0.303582;7.59421;
0.303602;7.59438;
0.303622;7.59456;
0.303642;7.59473;
0.303662;7.59491;
0.303682;7.59508;
0.303702;7.59526;
0.303722;7.59543;
0.303742;7.59561;
0.303762;7.59578;
0.303782;7.59596;
0.303802;7.59613;
0.303822;7.59631;
0.303842;7.59649;
0.303862;7.59666;
0.303882;7.59684;
0.303902;7.59702;
0.303922;7.59719;
0.303942;7.59737;
0.303962;7.59755;
0.303982;7.59773;
0.304;7.59788;
0.304;7.59788;
0.304;7.59788;
0.304001;7.59789;
0.304001;7.59789;
0.304001;7.59789;
0.304001;7.59789;
0.304002;7.5979;
0.304002;7.5979;
0.304003;7.59791;
0.304006;7.59794;
0.304011;7.59798;
0.304021;7.59807;
0.304041;7.59825;
0.304061;7.59843;
0.304081;7.59861;
0.304101;7.59878;
0.304121;7.59896;
0.304141;7.59914;
0.304161;7.59932;
0.304181;7.5995;
0.304201;7.59968;
0.304221;7.59986;
0.304241;7.60004;
0.304261;7.60022;
0.304281;7.6004;
0.304301;7.60058;
0.304321;7.60076;
0.304341;7.60094;
0.304361;7.60112;
0.304381;7.6013;
0.304401;7.60148;
0.304421;7.60166;
0.304441;7.60184;
0.304461;7.60202;
0.304481;7.6022;
0.304501;7.60238;
0.304521;7.60256;
0.304541;7.60275;
0.304561;7.60293;
0.304581;7.60311;
0.304601;7.60329;
0.304621;7.60347;
0.304641;7.60366;
0.304661;7.60384;
0.304681;7.60402;
0.304701;7.6042;
0.304721;7.60439;
0.304741;7.60457;
0.304761;7.60475;
0.304781;7.60494;
0.304801;7.60512;
0.304821;7.6053;
0.304841;7.60549;
0.304861;7.60567;
0.304881;7.60586;
0.304901;7.60604;
0.304921;7.60623;
0.304941;7.60641;
0.304961;7.6066;
0.304981;7.60678;
0.305001;7.60696;
0.305001;7.60696;
0.305001;7.60696;
0.305002;7.60697;
0.305002;7.60697;
0.305002;7.60697;
0.305002;7.60697;
0.305003;7.60698;
0.305003;7.60698;
0.305004;7.60699;
0.305007;7.60702;
0.305012;7.60706;
0.305022;7.60716;
0.305042;7.60735;
0.305062;7.60753;
0.305082;7.60772;
0.305102;7.6079;
0.305122;7.60809;
0.305142;7.60827;
0.305162;7.60846;
0.305182;7.60865;
0.305202;7.60883;
0.305222;7.60902;
0.305242;7.60921;
0.305262;7.60939;
0.305282;7.60958;
0.305302;7.60977;
0.305322;7.60996;
0.305342;7.61014;
0.305362;7.61033;
0.305382;7.61052;
0.305402;7.61071;
0.305422;7.6109;
0.305442;7.61108;
0.305462;7.61127;
0.305482;7.61146;
0.305502;7.61165;
0.305522;7.61184;
0.305542;7.61203;
0.305562;7.61222;
0.305582;7.61241;
0.305602;7.6126;
0.305622;7.61278;
0.305642;7.61297;
0.305662;7.61316;
0.305682;7.61335;
0.305702;7.61354;
0.305722;7.61373;
0.305742;7.61393;
0.305762;7.61412;
0.305782;7.61431;
0.305802;7.6145;
0.305822;7.61469;
0.305842;7.61488;
0.305862;7.61507;
0.305882;7.61526;
0.305902;7.61545;
0.305922;7.61565;
0.305942;7.61584;
0.305962;7.61603;
0.305982;7.61622;
0.306;7.61639;
0.306;7.61639;
0.306;7.61639;
0.306001;7.6164;
0.306001;7.6164;
0.306001;7.6164;
0.306001;7.6164;
0.306002;7.61641;
0.306002;7.61641;
0.306003;7.61642;
0.306006;7.61645;
0.306011;7.6165;
0.306021;7.6166;
0.306041;7.61679;
0.306061;7.61698;
0.306081;7.61718;
0.306101;7.61737;
0.306121;7.61756;
0.306141;7.61776;
0.306161;7.61795;
0.306181;7.61814;
0.306201;7.61834;
0.306221;7.61853;
0.306241;7.61872;
0.306261;7.61892;
0.306281;7.61911;
0.306301;7.61931;
0.306321;7.6195;
0.306341;7.6197;
0.306361;7.61989;
0.306381;7.62009;
0.306401;7.62028;
0.306421;7.62048;
0.306441;7.62067;
0.306461;7.62087;
0.306481;7.62106;
0.306501;7.62126;
0.306521;7.62145;
0.306541;7.62165;
0.306561;7.62185;
0.306581;7.62204;
0.306601;7.62224;
0.306621;7.62244;
0.306641;7.62263;
0.306661;7.62283;
0.306681;7.62303;
0.306701;7.62322;
0.306721;7.62342;
0.306741;7.62362;
0.306761;7.62382;
0.306781;7.62402;
0.306801;7.62421;
0.306821;7.62441;
0.306841;7.62461;
0.306861;7.62481;
0.306881;7.62501;
0.306901;7.62521;
0.306921;7.6254;
0.306941;7.6256;
0.306961;7.6258;
0.306981;7.626;
0.307001;7.6262;
0.307001;7.6262;
0.307001;7.6262;
0.307002;7.6262;
0.307002;7.62621;
0.307002;7.62621;
0.307002;7.62621;
0.307003;7.62621;
0.307003;7.62622;
0.307004;7.62623;
0.307007;7.62626;
0.307012;7.62631;
0.307022;7.62641;
0.307042;7.62661;
0.307062;7.62681;
0.307082;7.62701;
0.307102;7.62721;
0.307122;7.62741;
0.307142;7.62761;
0.307162;7.62781;
0.307182;7.62801;
0.307202;7.62821;
0.307222;7.62841;
0.307242;7.62861;
0.307262;7.62881;
0.307282;7.62902;
0.307302;7.62922;
0.307322;7.62942;
0.307342;7.62962;
0.307362;7.62982;
0.307382;7.63002;
0.307402;7.63023;
0.307422;7.63043;
0.307442;7.63063;
0.307462;7.63083;
0.307482;7.63103;
0.307502;7.63124;
0.307522;7.63144;
0.307542;7.63164;
0.307562;7.63185;
0.307582;7.63205;
0.307602;7.63225;
0.307622;7.63246;
0.307642;7.63266;
0.307662;7.63286;
0.307682;7.63307;
0.307702;7.63327;
0.307722;7.63348;
0.307742;7.63368;
0.307762;7.63389;
0.307782;7.63409;
0.307802;7.63429;
0.307822;7.6345;
0.307842;7.6347;
0.307862;7.63491;
0.307882;7.63512;
0.307902;7.63532;
0.307922;7.63553;
0.307942;7.63573;
0.307962;7.63594;
0.307982;7.63614;
0.308;7.63632;
0.308;7.63633;
0.308;7.63633;
0.308001;7.63633;
0.308001;7.63634;
0.308001;7.63634;
0.308001;7.63634;
0.308002;7.63634;
0.308002;7.63635;
0.308003;7.63636;
0.308006;7.63639;
0.308011;7.63644;
0.308021;7.63655;
0.308041;7.63675;
0.308061;7.63696;
0.308081;7.63716;
0.308101;7.63737;
0.308121;7.63758;
0.308141;7.63779;
0.308161;7.63799;
0.308181;7.6382;
0.308201;7.63841;
0.308221;7.63861;
0.308241;7.63882;
0.308261;7.63903;
0.308281;7.63924;
0.308301;7.63945;
0.308321;7.63965;
0.308341;7.63986;
0.308361;7.64007;
0.308381;7.64028;
0.308401;7.64049;
0.308421;7.6407;
0.308441;7.64091;
0.308461;7.64112;
0.308481;7.64132;
0.308501;7.64153;
0.308521;7.64174;
0.308541;7.64195;
0.308561;7.64216;
0.308581;7.64237;
0.308601;7.64258;
0.308621;7.64279;
0.308641;7.643;
0.308661;7.64321;
0.308681;7.64342;
0.308701;7.64363;
0.308721;7.64385;
0.308741;7.64406;
0.308761;7.64427;
0.308781;7.64448;
0.308801;7.64469;
0.308821;7.6449;
0.308841;7.64511;
0.308861;7.64532;
0.308881;7.64554;
0.308901;7.64575;
0.308921;7.64596;
0.308941;7.64617;
0.308961;7.64638;
0.308981;7.6466;
0.309001;7.64681;
0.309001;7.64681;
0.309001;7.64681;
0.309002;7.64681;
0.309002;7.64682;
0.309002;7.64682;
0.309002;7.64682;
0.309003;7.64682;
0.309003;7.64683;
0.309004;7.64684;
0.309007;7.64687;
0.309012;7.64692;
0.309022;7.64703;
0.309042;7.64725;
0.309062;7.64746;
0.309082;7.64767;
0.309102;7.64788;
0.309122;7.6481;
0.309142;7.64831;
0.309162;7.64853;
0.309182;7.64874;
0.309202;7.64895;
0.309222;7.64917;
0.309242;7.64938;
0.309262;7.6496;
0.309282;7.64981;
0.309302;7.65002;
0.309322;7.65024;
0.309342;7.65045;
0.309362;7.65067;
0.309382;7.65088;
0.309402;7.6511;
0.309422;7.65131;
0.309442;7.65153;
0.309462;7.65174;
0.309482;7.65196;
0.309502;7.65218;
0.309522;7.65239;
0.309542;7.65261;
0.309562;7.65282;
0.309582;7.65304;
0.309602;7.65326;
0.309622;7.65347;
0.309642;7.65369;
0.309662;7.65391;
0.309682;7.65412;
0.309702;7.65434;
0.309722;7.65456;
0.309742;7.65477;
0.309762;7.65499;
0.309782;7.65521;
0.309802;7.65543;
0.309822;7.65564;
0.309842;7.65586;
0.309862;7.65608;
0.309882;7.6563;
0.309902;7.65652;
0.309922;7.65674;
0.309942;7.65695;
0.309962;7.65717;
0.309982;7.65739;
0.31;7.65758;
0.31;7.65758;
0.31;7.65759;
0.310001;7.65759;
0.310001;7.65759;
0.310001;7.6576;
0.310001;7.6576;
0.310002;7.6576;
0.310002;7.65761;
0.310003;7.65762;
0.310006;7.65765;
0.310011;7.65771;
0.310021;7.65782;
0.310041;7.65804;
0.310061;7.65825;
0.310081;7.65847;
0.310101;7.65869;
0.31012;7.6589;
0.31014;7.65912;
0.31016;7.65934;
0.31018;7.65956;
0.3102;7.65978;
0.31022;7.66;
0.31024;7.66022;
0.31026;7.66044;
0.31028;7.66066;
0.3103;7.66088;
0.31032;7.6611;
0.31034;7.66132;
0.31036;7.66154;
0.31038;7.66176;
0.3104;7.66198;
0.31042;7.6622;
0.31044;7.66243;
0.31046;7.66265;
0.31048;7.66287;
0.3105;7.66309;
0.31052;7.66331;
0.31054;7.66354;
0.31056;7.66376;
0.31058;7.66398;
0.3106;7.6642;
0.31062;7.66443;
0.31064;7.66465;
0.31066;7.66487;
0.31068;7.66509;
0.3107;7.66532;
0.31072;7.66554;
0.31074;7.66576;
0.31076;7.66599;
0.31078;7.66621;
0.3108;7.66643;
0.31082;7.66666;
0.31084;7.66688;
0.31086;7.66711;
0.31088;7.66733;
0.3109;7.66755;
0.31092;7.66778;
0.31094;7.668;
0.31096;7.66823;
0.31098;7.66845;
0.311;7.66868;
0.311001;7.66869;
0.311001;7.66869;
0.311001;7.6687;
0.311002;7.6687;
0.311002;7.6687;
0.311002;7.6687;
0.311002;7.66871;
0.311003;7.66871;
0.311003;7.66872;
0.311004;7.66873;
0.311007;7.66876;
0.311012;7.66882;
0.311022;7.66893;
0.311042;7.66916;
0.311062;7.66938;
0.311082;7.66961;
0.311102;7.66983;
0.311122;7.67006;
0.311142;7.67029;
0.311162;7.67051;
0.311182;7.67074;
0.311202;7.67096;
0.311222;7.67119;
0.311242;7.67142;
0.311262;7.67164;
0.311282;7.67187;
0.311302;7.6721;
0.311322;7.67232;
0.311342;7.67255;
0.311362;7.67278;
0.311382;7.673;
0.311402;7.67323;
0.311422;7.67346;
0.311442;7.67369;
0.311462;7.67391;
0.311482;7.67414;
0.311502;7.67437;
0.311522;7.6746;
0.311542;7.67483;
0.311562;7.67505;
0.311582;7.67528;
0.311602;7.67551;
0.311622;7.67574;
0.311642;7.67597;
0.311662;7.6762;
0.311682;7.67642;
0.311702;7.67665;
0.311722;7.67688;
0.311742;7.67711;
0.311762;7.67734;
0.311782;7.67757;
0.311802;7.6778;
0.311822;7.67803;
0.311842;7.67826;
0.311862;7.67849;
0.311882;7.67872;
0.311902;7.67895;
0.311922;7.67918;
0.311942;7.67941;
0.311962;7.67964;
0.311982;7.67987;
0.312;7.68007;
0.312;7.68008;
0.312;7.68008;
0.312001;7.68008;
0.312001;7.68009;
0.312001;7.68009;
0.312001;7.68009;
0.312002;7.68009;
0.312002;7.6801;
0.312003;7.68012;
0.312005;7.68013;
0.312006;7.68014;
0.312007;7.68015;
0.312008;7.68017;
0.312011;7.68019;
0.312013;7.68021;
0.312015;7.68023;
0.312018;7.68024;
0.312022;7.68027;
0.31203;7.68034;
0.312046;7.68045;
0.312062;7.68058;
0.312078;7.6807;
0.312094;7.68082;
0.312114;7.68097;
0.312134;7.68112;
0.312154;7.68127;
0.312174;7.68142;
0.312194;7.68157;
0.312214;7.68173;
0.312234;7.68188;
0.312254;7.68203;
0.312274;7.68218;
0.312294;7.68234;
0.312314;7.68249;
0.312334;7.68264;
0.312354;7.6828;
0.312374;7.68295;
0.312394;7.68311;
0.312414;7.68326;
0.312434;7.68341;
0.312454;7.68357;
0.312474;7.68372;
0.312494;7.68388;
0.312514;7.68403;
0.312534;7.68419;
0.312554;7.68434;
0.312574;7.6845;
0.312594;7.68465;
0.312614;7.68481;
0.312634;7.68496;
0.312654;7.68512;
0.312674;7.68528;
0.312694;7.68543;
0.312714;7.68559;
0.312734;7.68574;
0.312754;7.6859;
0.312774;7.68606;
0.312794;7.68621;
0.312814;7.68637;
0.312834;7.68653;
0.312854;7.68669;
0.312874;7.68684;
0.312894;7.687;
0.312914;7.68716;
0.312934;7.68732;
0.312954;7.68748;
0.312974;7.68763;
0.312994;7.68779;
0.313001;7.68785;
0.313001;7.68785;
0.313001;7.68785;
0.313002;7.68786;
0.313002;7.68786;
0.313002;7.68786;
0.313002;7.68786;
0.313003;7.68786;
0.313003;7.68787;
0.313004;7.68788;
0.313007;7.6879;
0.313012;7.68794;
0.313022;7.68802;
0.313042;7.68818;
0.313062;7.68834;
0.313082;7.6885;
0.313102;7.68866;
0.313122;7.68882;
0.313142;7.68898;
0.313162;7.68914;
0.313182;7.6893;
0.313202;7.68946;
0.313222;7.68962;
0.313242;7.68978;
0.313262;7.68994;
0.313282;7.6901;
0.313302;7.69026;
0.313322;7.69042;
0.313342;7.69058;
0.313362;7.69075;
0.313382;7.69091;
0.313402;7.69107;
0.313422;7.69123;
0.313442;7.69139;
0.313462;7.69155;
0.313482;7.69172;
0.313502;7.69188;
0.313522;7.69204;
0.313542;7.69221;
0.313562;7.69237;
0.313582;7.69253;
0.313602;7.69269;
0.313622;7.69286;
0.313642;7.69302;
0.313662;7.69319;
0.313682;7.69335;
0.313702;7.69351;
0.313722;7.69368;
0.313742;7.69384;
0.313762;7.69401;
0.313782;7.69417;
0.313802;7.69434;
0.313822;7.6945;
0.313842;7.69467;
0.313862;7.69483;
0.313882;7.695;
0.313902;7.69516;
0.313922;7.69533;
0.313942;7.69549;
0.313962;7.69566;
0.313982;7.69583;
0.314;7.69597;
0.314;7.69597;
0.314;7.69598;
0.314001;7.69598;
0.314001;7.69598;
0.314001;7.69598;
0.314001;7.69598;
0.314002;7.69599;
0.314002;7.69599;
0.314003;7.696;
0.314006;7.69602;
0.314011;7.69607;
0.314021;7.69615;
0.314041;7.69632;
0.314061;7.69648;
0.314081;7.69665;
0.314101;7.69682;
0.314121;7.69699;
0.314141;7.69715;
0.314161;7.69732;
0.314181;7.69749;
0.314201;7.69766;
0.314221;7.69782;
0.314241;7.69799;
0.314261;7.69816;
0.314281;7.69833;
0.314301;7.6985;
0.314321;7.69867;
0.314341;7.69883;
0.314361;7.699;
0.314381;7.69917;
0.314401;7.69934;
0.314421;7.69951;
0.314441;7.69968;
0.314461;7.69985;
0.314481;7.70002;
0.314501;7.70019;
0.314521;7.70036;
0.314541;7.70053;
0.314561;7.7007;
0.314581;7.70087;
0.314601;7.70104;
0.314621;7.70122;
0.314641;7.70139;
0.314661;7.70156;
0.314681;7.70173;
0.314701;7.7019;
0.314721;7.70207;
0.314741;7.70224;
0.314761;7.70242;
0.314781;7.70259;
0.314801;7.70276;
0.314821;7.70293;
0.314841;7.70311;
0.314861;7.70328;
0.314881;7.70345;
0.314901;7.70362;
0.314921;7.7038;
0.314941;7.70397;
0.314961;7.70414;
0.314981;7.70432;
0.315001;7.70449;
0.315001;7.70449;
0.315001;7.70449;
0.315002;7.70449;
0.315002;7.7045;
0.315002;7.7045;
0.315002;7.7045;
0.315003;7.7045;
0.315003;7.70451;
0.315004;7.70452;
0.315007;7.70454;
0.315012;7.70459;
0.315022;7.70467;
0.315042;7.70485;
0.315062;7.70502;
0.315082;7.7052;
0.315102;7.70537;
0.315122;7.70555;
0.315142;7.70572;
0.315162;7.7059;
0.315182;7.70607;
0.315202;7.70625;
0.315222;7.70642;
0.315242;7.7066;
0.315262;7.70677;
0.315282;7.70695;
0.315302;7.70712;
0.315322;7.7073;
0.315342;7.70748;
0.315362;7.70765;
0.315382;7.70783;
0.315402;7.70801;
0.315422;7.70818;
0.315442;7.70836;
0.315462;7.70854;
0.315482;7.70872;
0.315502;7.70889;
0.315522;7.70907;
0.315542;7.70925;
0.315562;7.70943;
0.315582;7.7096;
0.315602;7.70978;
0.315622;7.70996;
0.315642;7.71014;
0.315662;7.71032;
0.315682;7.7105;
0.315702;7.71067;
0.315722;7.71085;
0.315742;7.71103;
0.315762;7.71121;
0.315782;7.71139;
0.315802;7.71157;
0.315822;7.71175;
0.315842;7.71193;
0.315862;7.71211;
0.315882;7.71229;
0.315902;7.71247;
0.315922;7.71265;
0.315942;7.71283;
0.315962;7.71301;
0.315982;7.71319;
0.316;7.71335;
0.316;7.71335;
0.316;7.71336;
0.316001;7.71336;
0.316001;7.71336;
0.316001;7.71336;
0.316001;7.71336;
0.316002;7.71337;
0.316002;7.71337;
0.316003;7.71338;
0.316006;7.71341;
0.316011;7.71345;
0.316021;7.71355;
0.316041;7.71373;
0.31606;7.71389;
0.31608;7.71407;
0.3161;7.71426;
0.31612;7.71444;
0.31614;7.71462;
0.31616;7.7148;
0.31618;7.71498;
0.3162;7.71517;
0.31622;7.71535;
0.31624;7.71553;
0.31626;7.71571;
0.31628;7.7159;
0.3163;7.71608;
0.31632;7.71626;
0.31634;7.71645;
0.31636;7.71663;
0.31638;7.71681;
0.3164;7.717;
0.31642;7.71718;
0.31644;7.71737;
0.31646;7.71755;
0.31648;7.71773;
0.3165;7.71792;
0.31652;7.7181;
0.31654;7.71829;
0.31656;7.71847;
0.31658;7.71866;
0.3166;7.71884;
0.31662;7.71903;
0.31664;7.71921;
0.31666;7.7194;
0.31668;7.71958;
0.3167;7.71977;
0.31672;7.71996;
0.31674;7.72014;
0.31676;7.72033;
0.31678;7.72052;
0.3168;7.7207;
0.31682;7.72089;
0.31684;7.72108;
0.31686;7.72126;
0.31688;7.72145;
0.3169;7.72164;
0.31692;7.72182;
0.31694;7.72201;
0.31696;7.7222;
0.31698;7.72239;
0.317;7.72257;
0.317001;7.72259;
0.317001;7.72259;
0.317001;7.72259;
0.317002;7.7226;
0.317002;7.7226;
0.317002;7.7226;
0.317002;7.7226;
0.317003;7.7226;
0.317003;7.72261;
0.317004;7.72262;
0.317007;7.72265;
0.317012;7.72269;
0.317022;7.72279;
0.317042;7.72298;
0.317062;7.72317;
0.317082;7.72336;
0.317102;7.72354;
0.317122;7.72373;
0.317142;7.72392;
0.317162;7.72411;
0.317182;7.7243;
0.317202;7.72449;
0.317222;7.72468;
0.317242;7.72487;
0.317262;7.72506;
0.317282;7.72525;
0.317302;7.72544;
0.317322;7.72563;
0.317342;7.72582;
0.317362;7.72601;
0.317382;7.7262;
0.317402;7.72639;
0.317422;7.72658;
0.317442;7.72677;
0.317462;7.72696;
0.317482;7.72715;
0.317502;7.72734;
0.317522;7.72754;
0.317542;7.72773;
0.317562;7.72792;
0.317582;7.72811;
0.317602;7.7283;
0.317622;7.7285;
0.317642;7.72869;
0.317662;7.72888;
0.317682;7.72907;
0.317702;7.72927;
0.317722;7.72946;
0.317742;7.72965;
0.317762;7.72984;
0.317782;7.73004;
0.317802;7.73023;
0.317822;7.73042;
0.317842;7.73062;
0.317862;7.73081;
0.317882;7.731;
0.317902;7.7312;
0.317922;7.73139;
0.317942;7.73159;
0.317962;7.73178;
0.317982;7.73198;
0.318;7.73215;
0.318;7.73215;
0.318;7.73215;
0.318001;7.73215;
0.318001;7.73216;
0.318001;7.73216;
0.318001;7.73216;
0.318002;7.73216;
0.318002;7.73217;
0.318003;7.73218;
0.318006;7.73221;
0.318011;7.73226;
0.318021;7.73236;
0.318041;7.73255;
0.318061;7.73275;
0.318081;7.73294;
0.318101;7.73313;
0.318121;7.73333;
0.318141;7.73352;
0.318161;7.73372;
0.318181;7.73392;
0.318201;7.73411;
0.318221;7.73431;
0.318241;7.7345;
0.318261;7.7347;
0.318281;7.7349;
0.318301;7.73509;
0.318321;7.73529;
0.318341;7.73549;
0.318361;7.73568;
0.318381;7.73588;
0.318401;7.73608;
0.318421;7.73628;
0.318441;7.73647;
0.318461;7.73667;
0.318481;7.73687;
0.318501;7.73707;
0.318521;7.73726;
0.318541;7.73746;
0.318561;7.73766;
0.318581;7.73786;
0.318601;7.73806;
0.318621;7.73826;
0.318641;7.73846;
0.318661;7.73865;
0.318681;7.73885;
0.318701;7.73905;
0.318721;7.73925;
0.318741;7.73945;
0.318761;7.73965;
0.318781;7.73985;
0.318801;7.74005;
0.318821;7.74025;
0.318841;7.74045;
0.318861;7.74065;
0.318881;7.74085;
0.318901;7.74105;
0.318921;7.74125;
0.318941;7.74145;
0.318961;7.74165;
0.318981;7.74185;
0.319001;7.74205;
0.319001;7.74206;
0.319001;7.74206;
0.319002;7.74206;
0.319002;7.74206;
0.319002;7.74207;
0.319002;7.74207;
0.319003;7.74207;
0.319003;7.74208;
0.319004;7.74209;
0.319007;7.74212;
0.319012;7.74217;
0.319022;7.74227;
0.319042;7.74247;
0.319062;7.74267;
0.319082;7.74287;
0.319102;7.74308;
0.319122;7.74328;
0.319142;7.74348;
0.319162;7.74368;
0.319182;7.74388;
0.319202;7.74409;
0.319222;7.74429;
0.319242;7.74449;
0.319262;7.74469;
0.319282;7.7449;
0.319302;7.7451;
0.319322;7.7453;
0.319342;7.74551;
0.319362;7.74571;
0.319382;7.74591;
0.319402;7.74612;
0.319422;7.74632;
0.319442;7.74653;
0.319462;7.74673;
0.319482;7.74693;
0.319502;7.74714;
0.319522;7.74734;
0.319542;7.74755;
0.319562;7.74775;
0.319582;7.74796;
0.319602;7.74816;
0.319622;7.74837;
0.319642;7.74857;
0.319662;7.74878;
0.319682;7.74898;
0.319702;7.74919;
0.319722;7.74939;
0.319742;7.7496;
0.319762;7.7498;
0.319782;7.75001;
0.319802;7.75022;
0.319822;7.75042;
0.319842;7.75063;
0.319862;7.75084;
0.319882;7.75104;
0.319902;7.75125;
0.319922;7.75146;
0.319942;7.75166;
0.319962;7.75187;
0.319982;7.75208;
0.32;7.75226;
0.32;7.75226;
0.32;7.75226;
0.320001;7.75227;
0.320001;7.75227;
0.320001;7.75227;
0.320001;7.75227;
0.320002;7.75228;
0.320002;7.75228;
0.320003;7.7523;
0.320006;7.75232;
0.320011;7.75238;
0.320021;7.75248;
0.320027;7.75253;
0.320032;7.75258;
0.320037;7.75262;
0.320041;7.75266;
0.320049;7.75273;
0.320066;7.75288;
0.320081;7.75301;
0.320098;7.75316;
0.320118;7.75334;
0.320137;7.75352;
0.320157;7.75369;
0.320177;7.75387;
0.320197;7.75405;
0.320217;7.75423;
0.320237;7.75441;
0.320257;7.75459;
0.320277;7.75477;
0.320297;7.75495;
0.320317;7.75513;
0.320337;7.75531;
0.320357;7.75549;
0.320377;7.75567;
0.320397;7.75585;
0.320417;7.75603;
0.320437;7.75621;
0.320457;7.75639;
0.320477;7.75657;
0.320497;7.75675;
0.320517;7.75693;
0.320537;7.75711;
0.320557;7.75729;
0.320577;7.75747;
0.320597;7.75765;
0.320617;7.75784;
0.320637;7.75802;
0.320657;7.7582;
0.320677;7.75838;
0.320697;7.75856;
0.320717;7.75875;
0.320737;7.75893;
0.320757;7.75911;
0.320777;7.75929;
0.320797;7.75948;
0.320817;7.75966;
0.320837;7.75984;
0.320857;7.76003;
0.320877;7.76021;
0.320897;7.76039;
0.320917;7.76058;
0.320937;7.76076;
0.320957;7.76094;
0.320977;7.76113;
0.320997;7.76131;
0.321001;7.76135;
0.321001;7.76135;
0.321001;7.76135;
0.321002;7.76135;
0.321002;7.76135;
0.321002;7.76136;
0.321002;7.76136;
0.321003;7.76136;
0.321003;7.76137;
0.321004;7.76138;
0.321007;7.7614;
0.321012;7.76145;
0.321022;7.76154;
0.321042;7.76173;
0.321062;7.76191;
0.321082;7.7621;
0.321102;7.76228;
0.321122;7.76247;
0.321142;7.76265;
0.321162;7.76284;
0.321182;7.76302;
0.321202;7.76321;
0.321222;7.76339;
0.321242;7.76358;
0.321262;7.76377;
0.321282;7.76395;
0.321302;7.76414;
0.321322;7.76432;
0.321342;7.76451;
0.321362;7.7647;
0.321382;7.76488;
0.321402;7.76507;
0.321422;7.76526;
0.321442;7.76545;
0.321462;7.76563;
0.321482;7.76582;
0.321502;7.76601;
0.321522;7.7662;
0.321542;7.76638;
0.321562;7.76657;
0.321582;7.76676;
0.321602;7.76695;
0.321622;7.76714;
0.321642;7.76732;
0.321662;7.76751;
0.321682;7.7677;
0.321702;7.76789;
0.321722;7.76808;
0.321742;7.76827;
0.321762;7.76846;
0.321782;7.76865;
0.321802;7.76884;
0.321822;7.76903;
0.321842;7.76922;
0.321862;7.76941;
0.321882;7.7696;
0.321902;7.76979;
0.321922;7.76998;
0.321942;7.77017;
0.321962;7.77036;
0.321982;7.77055;
0.322;7.77072;
0.322;7.77072;
0.322;7.77072;
0.322001;7.77072;
0.322001;7.77073;
0.322001;7.77073;
0.322001;7.77073;
0.322002;7.77073;
0.322002;7.77074;
0.322003;7.77075;
0.322006;7.77078;
0.322011;7.77082;
0.322021;7.77092;
0.322041;7.77111;
0.322061;7.7713;
0.322081;7.7715;
0.322101;7.77169;
0.322121;7.77188;
0.322141;7.77207;
0.322161;7.77226;
0.322181;7.77246;
0.322201;7.77265;
0.322221;7.77284;
0.322241;7.77303;
0.322261;7.77322;
0.322281;7.77342;
0.322301;7.77361;
0.322321;7.7738;
0.322341;7.774;
0.322361;7.77419;
0.322381;7.77438;
0.322401;7.77458;
0.322421;7.77477;
0.322441;7.77496;
0.322461;7.77516;
0.322481;7.77535;
0.322501;7.77555;
0.322521;7.77574;
0.322541;7.77593;
0.322561;7.77613;
0.322581;7.77632;
0.322601;7.77652;
0.322621;7.77671;
0.322641;7.77691;
0.322661;7.7771;
0.322681;7.7773;
0.322701;7.77749;
0.322721;7.77769;
0.322741;7.77789;
0.322761;7.77808;
0.322781;7.77828;
0.322801;7.77847;
0.322821;7.77867;
0.322841;7.77887;
0.322861;7.77906;
0.322881;7.77926;
0.322901;7.77946;
0.322921;7.77965;
0.322941;7.77985;
0.322961;7.78005;
0.322981;7.78024;
0.323001;7.78044;
0.323001;7.78044;
0.323001;7.78044;
0.323002;7.78044;
0.323002;7.78045;
0.323002;7.78045;
0.323002;7.78045;
0.323003;7.78045;
0.323003;7.78046;
0.323004;7.78047;
0.323007;7.7805;
0.323012;7.78055;
0.323022;7.78065;
0.323042;7.78085;
0.323062;7.78104;
0.323082;7.78124;
0.323102;7.78144;
0.323122;7.78164;
0.323142;7.78183;
0.323162;7.78203;
0.323182;7.78223;
0.323202;7.78243;
0.323222;7.78263;
0.323242;7.78283;
0.323262;7.78303;
0.323282;7.78323;
0.323302;7.78343;
0.323322;7.78362;
0.323342;7.78382;
0.323362;7.78402;
0.323382;7.78422;
0.323402;7.78442;
0.323422;7.78462;
0.323442;7.78482;
0.323462;7.78502;
0.323482;7.78522;
0.323502;7.78542;
0.323522;7.78562;
0.323542;7.78583;
0.323562;7.78603;
0.323582;7.78623;
0.323602;7.78643;
0.323622;7.78663;
0.323642;7.78683;
0.323662;7.78703;
0.323682;7.78723;
0.323702;7.78744;
0.323722;7.78764;
0.323742;7.78784;
0.323762;7.78804;
0.323782;7.78824;
0.323802;7.78845;
0.323822;7.78865;
0.323842;7.78885;
0.323862;7.78905;
0.323882;7.78926;
0.323902;7.78946;
0.323922;7.78966;
0.323942;7.78987;
0.323962;7.79007;
0.323982;7.79027;
0.324;7.79045;
0.324;7.79045;
0.324;7.79045;
0.324001;7.79046;
0.324001;7.79046;
0.324001;7.79046;
0.324001;7.79046;
0.324002;7.79047;
0.324002;7.79047;
0.324003;7.79049;
0.324006;7.79051;
0.324011;7.79056;
0.324014;7.79059;
0.324017;7.79062;
0.32402;7.79064;
0.324024;7.79067;
0.324028;7.7907;
0.324036;7.79076;
0.324051;7.79086;
0.324062;7.79094;
0.324074;7.79103;
0.32409;7.79114;
0.32411;7.79129;
0.32413;7.79143;
0.32415;7.79157;
0.32417;7.79172;
0.32419;7.79186;
0.32421;7.79201;
0.32423;7.79215;
0.32425;7.7923;
0.32427;7.79244;
0.32429;7.79259;
0.32431;7.79273;
0.32433;7.79288;
0.32435;7.79302;
0.32437;7.79317;
0.32439;7.79332;
0.32441;7.79346;
0.32443;7.79361;
0.32445;7.79376;
0.32447;7.7939;
0.32449;7.79405;
0.32451;7.7942;
0.32453;7.79434;
0.32455;7.79449;
0.32457;7.79464;
0.32459;7.79479;
0.32461;7.79493;
0.32463;7.79508;
0.32465;7.79523;
0.32467;7.79538;
0.32469;7.79553;
0.32471;7.79567;
0.32473;7.79582;
0.32475;7.79597;
0.32477;7.79612;
0.32479;7.79627;
0.32481;7.79642;
0.32483;7.79657;
0.32485;7.79672;
0.32487;7.79687;
0.32489;7.79702;
0.32491;7.79717;
0.32493;7.79732;
0.32495;7.79747;
0.32497;7.79762;
0.32499;7.79777;
0.325001;7.79785;
0.325001;7.79786;
0.325001;7.79786;
0.325002;7.79786;
0.325002;7.79786;
0.325002;7.79786;
0.325002;7.79786;
0.325003;7.79787;
0.325003;7.79787;
0.325004;7.79788;
0.325007;7.7979;
0.325012;7.79794;
0.325022;7.79802;
0.325042;7.79817;
0.325062;7.79832;
0.325082;7.79847;
0.325102;7.79862;
0.325122;7.79877;
0.325142;7.79893;
0.325162;7.79908;
0.325182;7.79923;
0.325202;7.79938;
0.325222;7.79953;
0.325242;7.79969;
0.325262;7.79984;
0.325282;7.79999;
0.325302;7.80015;
0.325322;7.8003;
0.325342;7.80045;
0.325362;7.80061;
0.325382;7.80076;
0.325402;7.80091;
0.325422;7.80107;
0.325442;7.80122;
0.325462;7.80138;
0.325482;7.80153;
0.325502;7.80168;
0.325522;7.80184;
0.325542;7.80199;
0.325562;7.80215;
0.325582;7.8023;
0.325602;7.80246;
0.325622;7.80262;
0.325642;7.80277;
0.325662;7.80293;
0.325682;7.80308;
0.325702;7.80324;
0.325722;7.8034;
0.325742;7.80355;
0.325762;7.80371;
0.325782;7.80386;
0.325802;7.80402;
0.325822;7.80418;
0.325842;7.80434;
0.325862;7.80449;
0.325882;7.80465;
0.325902;7.80481;
0.325922;7.80497;
0.325942;7.80512;
0.325962;7.80528;
0.325982;7.80544;
0.326;7.80558;
0.326;7.80558;
0.326;7.80558;
0.326001;7.80558;
0.326001;7.80559;
0.326001;7.80559;
0.326001;7.80559;
0.326002;7.80559;
0.326002;7.8056;
0.326003;7.80561;
0.326006;7.80563;
0.326011;7.80567;
0.326021;7.80575;
0.326041;7.80591;
0.326061;7.80607;
0.326081;7.80622;
0.326101;7.80638;
0.326121;7.80654;
0.326141;7.8067;
0.326161;7.80686;
0.326181;7.80702;
0.326201;7.80718;
0.326221;7.80734;
0.326241;7.8075;
0.326261;7.80766;
0.326281;7.80782;
0.326301;7.80798;
0.326321;7.80814;
0.326341;7.8083;
0.326361;7.80846;
0.326381;7.80863;
0.326401;7.80879;
0.326421;7.80895;
0.326441;7.80911;
0.326461;7.80927;
0.326481;7.80943;
0.326501;7.8096;
0.326521;7.80976;
0.326541;7.80992;
0.326561;7.81008;
0.326581;7.81024;
0.326601;7.81041;
0.326621;7.81057;
0.326641;7.81073;
0.326661;7.8109;
0.326681;7.81106;
0.326701;7.81122;
0.326721;7.81139;
0.326741;7.81155;
0.326761;7.81171;
0.326781;7.81188;
0.326801;7.81204;
0.326821;7.81221;
0.326841;7.81237;
0.326861;7.81254;
0.326881;7.8127;
0.326901;7.81287;
0.326921;7.81303;
0.326941;7.8132;
0.326961;7.81336;
0.326981;7.81353;
0.327001;7.81369;
0.327001;7.81369;
0.327001;7.81369;
0.327002;7.81369;
0.327002;7.8137;
0.327002;7.8137;
0.327002;7.8137;
0.327003;7.8137;
0.327003;7.81371;
0.327004;7.81372;
0.327007;7.81374;
0.327012;7.81378;
0.327022;7.81387;
0.327042;7.81403;
0.327062;7.8142;
0.327082;7.81436;
0.327102;7.81453;
0.327122;7.8147;
0.327142;7.81486;
0.327162;7.81503;
0.327182;7.8152;
0.327202;7.81536;
0.327222;7.81553;
0.327242;7.8157;
0.327262;7.81587;
0.327282;7.81603;
0.327302;7.8162;
0.327322;7.81637;
0.327342;7.81654;
0.327362;7.8167;
0.327382;7.81687;
0.327402;7.81704;
0.327422;7.81721;
0.327442;7.81738;
0.327462;7.81755;
0.327482;7.81772;
0.327502;7.81789;
0.327522;7.81805;
0.327542;7.81822;
0.327562;7.81839;
0.327582;7.81856;
0.327602;7.81873;
0.327622;7.8189;
0.327642;7.81907;
0.327662;7.81924;
0.327682;7.81941;
0.327702;7.81958;
0.327722;7.81975;
0.327742;7.81993;
0.327762;7.8201;
0.327782;7.82027;
0.327802;7.82044;
0.327822;7.82061;
0.327842;7.82078;
0.327862;7.82095;
0.327882;7.82112;
0.327902;7.8213;
0.327922;7.82147;
0.327942;7.82164;
0.327962;7.82181;
0.327982;7.82199;
0.328;7.82214;
0.328;7.82214;
0.328;7.82214;
0.328001;7.82214;
0.328001;7.82215;
0.328001;7.82215;
0.328001;7.82215;
0.328002;7.82215;
0.328002;7.82216;
0.328003;7.82217;
0.328006;7.82219;
0.328011;7.82223;
0.328021;7.82232;
0.328041;7.82249;
0.328061;7.82267;
0.328081;7.82284;
0.328101;7.82301;
0.328121;7.82319;
0.328141;7.82336;
0.328161;7.82353;
0.328181;7.82371;
0.328201;7.82388;
0.328221;7.82406;
0.328241;7.82423;
0.328261;7.82441;
0.328281;7.82458;
0.328301;7.82475;
0.328321;7.82493;
0.328341;7.8251;
0.328361;7.82528;
0.328381;7.82545;
0.328401;7.82563;
0.328421;7.82581;
0.328441;7.82598;
0.328461;7.82616;
0.328481;7.82633;
0.328501;7.82651;
0.328521;7.82668;
0.328541;7.82686;
0.328561;7.82704;
0.328581;7.82721;
0.328601;7.82739;
0.328621;7.82757;
0.328641;7.82774;
0.328661;7.82792;
0.328681;7.8281;
0.328701;7.82828;
0.328721;7.82845;
0.328741;7.82863;
0.328761;7.82881;
0.328781;7.82899;
0.328801;7.82916;
0.328821;7.82934;
0.328841;7.82952;
0.328861;7.8297;
0.328881;7.82988;
0.328901;7.83006;
0.328921;7.83024;
0.328941;7.83041;
0.328961;7.83059;
0.328981;7.83077;
0.329001;7.83095;
0.329001;7.83095;
0.329001;7.83095;
0.329002;7.83095;
0.329002;7.83096;
0.329002;7.83096;
0.329002;7.83096;
0.329003;7.83096;
0.329003;7.83097;
0.329004;7.83098;
0.329007;7.831;
0.329012;7.83105;
0.329022;7.83114;
0.329042;7.83132;
0.329062;7.8315;
0.329082;7.83168;
0.329102;7.83186;
0.329122;7.83204;
0.329142;7.83222;
0.329162;7.8324;
0.329182;7.83258;
0.329202;7.83276;
0.329222;7.83294;
0.329242;7.83312;
0.329262;7.8333;
0.329282;7.83349;
0.329302;7.83367;
0.329322;7.83385;
0.329342;7.83403;
0.329362;7.83421;
0.329382;7.83439;
0.329402;7.83458;
0.329422;7.83476;
0.329442;7.83494;
0.329462;7.83512;
0.329482;7.8353;
0.329502;7.83549;
0.329522;7.83567;
0.329542;7.83585;
0.329562;7.83604;
0.329582;7.83622;
0.329602;7.8364;
0.329622;7.83659;
0.329642;7.83677;
0.329662;7.83695;
0.329682;7.83714;
0.329702;7.83732;
0.329722;7.83751;
0.329742;7.83769;
0.329762;7.83787;
0.329782;7.83806;
0.329802;7.83824;
0.329822;7.83843;
0.329842;7.83861;
0.329862;7.8388;
0.329882;7.83898;
0.329902;7.83917;
0.329922;7.83935;
0.329942;7.83954;
0.329962;7.83972;
0.329982;7.83991;
0.33;7.84007;
0.33;7.84007;
0.33;7.84008;
0.330001;7.84008;
0.330001;7.84008;
0.330001;7.84008;
0.330001;7.84009;
0.330002;7.84009;
0.330002;7.84009;
0.330003;7.84011;
0.330006;7.84013;
0.330011;7.84018;
0.330021;7.84027;
0.330037;7.84042;
0.33005;7.84054;
0.330062;7.84065;
0.330078;7.8408;
0.330097;7.84097;
0.330111;7.8411;
0.330125;7.84124;
0.330142;7.84139;
0.330162;7.84158;
0.330182;7.84177;
0.330202;7.84195;
0.330222;7.84214;
0.330242;7.84233;
0.330262;7.84252;
0.330282;7.8427;
0.330302;7.84289;
0.330322;7.84308;
0.330342;7.84327;
0.330362;7.84346;
0.330382;7.84365;
0.330402;7.84383;
0.330422;7.84402;
0.330442;7.84421;
0.330462;7.8444;
0.330482;7.84459;
0.330502;7.84478;
0.330522;7.84497;
0.330542;7.84516;
0.330562;7.84535;
0.330582;7.84553;
0.330602;7.84572;
0.330622;7.84591;
0.330642;7.8461;
0.330662;7.84629;
0.330682;7.84648;
0.330702;7.84668;
0.330722;7.84687;
0.330742;7.84706;
0.330762;7.84725;
0.330782;7.84744;
0.330802;7.84763;
0.330822;7.84782;
0.330842;7.84801;
0.330862;7.8482;
0.330882;7.84839;
0.330902;7.84859;
0.330922;7.84878;
0.330942;7.84897;
0.330962;7.84916;
0.330982;7.84935;
0.331001;7.84954;
0.331001;7.84954;
0.331001;7.84954;
0.331002;7.84955;
0.331002;7.84955;
0.331002;7.84955;
0.331002;7.84955;
0.331003;7.84955;
0.331003;7.84956;
0.331004;7.84957;
0.331007;7.8496;
0.331012;7.84965;
0.331022;7.84974;
0.331042;7.84994;
0.331062;7.85013;
0.331082;7.85032;
0.331102;7.85051;
0.331122;7.85071;
0.331142;7.8509;
0.331162;7.85109;
0.331182;7.85129;
0.331202;7.85148;
0.331222;7.85167;
0.331242;7.85187;
0.331262;7.85206;
0.331282;7.85226;
0.331302;7.85245;
0.331322;7.85264;
0.331342;7.85284;
0.331362;7.85303;
0.331382;7.85323;
0.331402;7.85342;
0.331422;7.85362;
0.331442;7.85381;
0.331462;7.85401;
0.331482;7.8542;
0.331502;7.8544;
0.331522;7.85459;
0.331542;7.85479;
0.331562;7.85498;
0.331582;7.85518;
0.331602;7.85537;
0.331622;7.85557;
0.331642;7.85577;
0.331662;7.85596;
0.331682;7.85616;
0.331702;7.85636;
0.331722;7.85655;
0.331742;7.85675;
0.331762;7.85695;
0.331782;7.85714;
0.331802;7.85734;
0.331822;7.85754;
0.331842;7.85773;
0.331862;7.85793;
0.331882;7.85813;
0.331902;7.85833;
0.331922;7.85852;
0.331942;7.85872;
0.331962;7.85892;
0.331982;7.85912;
0.332;7.85929;
0.332;7.85929;
0.332;7.8593;
0.332001;7.8593;
0.332001;7.8593;
0.332001;7.8593;
0.332001;7.8593;
0.332001;7.85931;
0.332002;7.85931;
0.332002;7.85931;
0.332003;7.85933;
0.332006;7.85935;
0.332009;7.85936;
0.332011;7.85937;
0.332014;7.85939;
0.332018;7.85941;
0.332025;7.85944;
0.332038;7.85951;
0.33205;7.85957;
0.332062;7.85963;
0.332076;7.8597;
0.332096;7.8598;
0.332116;7.85989;
0.332136;7.85999;
0.332156;7.86009;
0.332176;7.86019;
0.332196;7.86029;
0.332216;7.86039;
0.332236;7.86049;
0.332256;7.86059;
0.332276;7.86069;
0.332296;7.86079;
0.332316;7.8609;
0.332336;7.861;
0.332356;7.8611;
0.332376;7.8612;
0.332396;7.8613;
0.332416;7.8614;
0.332436;7.8615;
0.332456;7.86161;
0.332476;7.86171;
0.332496;7.86181;
0.332516;7.86191;
0.332536;7.86202;
0.332556;7.86212;
0.332576;7.86222;
0.332596;7.86233;
0.332616;7.86243;
0.332636;7.86253;
0.332656;7.86264;
0.332676;7.86274;
0.332696;7.86285;
0.332716;7.86295;
0.332736;7.86306;
0.332756;7.86316;
0.332776;7.86327;
0.332796;7.86337;
0.332816;7.86348;
0.332836;7.86358;
0.332856;7.86369;
0.332876;7.86379;
0.332896;7.8639;
0.332916;7.864;
0.332936;7.86411;
0.332956;7.86422;
0.332976;7.86432;
0.332996;7.86443;
0.333001;7.86446;
0.333001;7.86446;
0.333001;7.86446;
0.333002;7.86446;
0.333002;7.86446;
0.333002;7.86446;
0.333002;7.86446;
0.333003;7.86446;
0.333003;7.86447;
0.333004;7.86447;
0.333007;7.86449;
0.333012;7.86452;
0.333022;7.86457;
0.333042;7.86468;
0.333062;7.86479;
0.333082;7.86489;
0.333102;7.865;
0.333122;7.86511;
0.333142;7.86522;
0.333162;7.86532;
0.333182;7.86543;
0.333202;7.86554;
0.333222;7.86565;
0.333242;7.86576;
0.333262;7.86587;
0.333282;7.86598;
0.333302;7.86609;
0.333322;7.8662;
0.333342;7.86631;
0.333362;7.86642;
0.333382;7.86653;
0.333402;7.86664;
0.333422;7.86675;
0.333442;7.86686;
0.333462;7.86697;
0.333482;7.86708;
0.333502;7.86719;
0.333522;7.8673;
0.333542;7.86742;
0.333562;7.86753;
0.333582;7.86764;
0.333602;7.86775;
0.333622;7.86786;
0.333642;7.86798;
0.333662;7.86809;
0.333682;7.8682;
0.333702;7.86831;
0.333722;7.86843;
0.333742;7.86854;
0.333762;7.86865;
0.333782;7.86877;
0.333802;7.86888;
0.333822;7.869;
0.333842;7.86911;
0.333862;7.86922;
0.333882;7.86934;
0.333902;7.86945;
0.333922;7.86957;
0.333942;7.86968;
0.333962;7.8698;
0.333982;7.86991;
0.334;7.87002;
0.334;7.87002;
0.334;7.87002;
0.334001;7.87002;
0.334001;7.87002;
0.334001;7.87002;
0.334001;7.87002;
0.334002;7.87002;
0.334002;7.87003;
0.334003;7.87004;
0.334006;7.87005;
0.334011;7.87008;
0.334021;7.87014;
0.334041;7.87025;
0.334061;7.87037;
0.334081;7.87049;
0.334101;7.8706;
0.334121;7.87072;
0.334141;7.87084;
0.334161;7.87095;
0.334181;7.87107;
0.334201;7.87119;
0.334221;7.8713;
0.334241;7.87142;
0.334261;7.87154;
0.334281;7.87166;
0.334301;7.87178;
0.334321;7.87189;
0.334341;7.87201;
0.334361;7.87213;
0.334381;7.87225;
0.334401;7.87237;
0.334421;7.87249;
0.334441;7.87261;
0.334461;7.87273;
0.334481;7.87285;
0.334501;7.87296;
0.334521;7.87308;
0.334541;7.8732;
0.334561;7.87332;
0.334581;7.87345;
0.334601;7.87357;
0.334621;7.87369;
0.334641;7.87381;
0.334661;7.87393;
0.334681;7.87405;
0.334701;7.87417;
0.334721;7.87429;
0.334741;7.87441;
0.334761;7.87454;
0.334781;7.87466;
0.334801;7.87478;
0.334821;7.8749;
0.334841;7.87502;
0.334861;7.87515;
0.334881;7.87527;
0.334901;7.87539;
0.334921;7.87552;
0.334941;7.87564;
0.334961;7.87576;
0.334981;7.87589;
0.335001;7.87601;
0.335001;7.87601;
0.335001;7.87601;
0.335002;7.87601;
0.335002;7.87601;
0.335002;7.87601;
0.335002;7.87601;
0.335003;7.87602;
0.335003;7.87602;
0.335004;7.87603;
0.335007;7.87604;
0.335012;7.87608;
0.335022;7.87614;
0.335042;7.87626;
0.335062;7.87639;
0.335082;7.87651;
0.335102;7.87664;
0.335122;7.87676;
0.335142;7.87689;
0.335162;7.87701;
0.335182;7.87714;
0.335202;7.87726;
0.335222;7.87739;
0.335242;7.87751;
0.335262;7.87764;
0.335282;7.87777;
0.335302;7.87789;
0.335322;7.87802;
0.335342;7.87814;
0.335362;7.87827;
0.335382;7.8784;
0.335402;7.87852;
0.335422;7.87865;
0.335442;7.87878;
0.335462;7.87891;
0.335482;7.87903;
0.335502;7.87916;
0.335522;7.87929;
0.335542;7.87942;
0.335562;7.87955;
0.335582;7.87968;
0.335602;7.8798;
0.335622;7.87993;
0.335642;7.88006;
0.335662;7.88019;
0.335682;7.88032;
0.335702;7.88045;
0.335722;7.88058;
0.335742;7.88071;
0.335762;7.88084;
0.335782;7.88097;
0.335802;7.8811;
0.335822;7.88123;
0.335842;7.88136;
0.335862;7.88149;
0.335882;7.88162;
0.335902;7.88175;
0.335922;7.88188;
0.335942;7.88201;
0.335962;7.88215;
0.335982;7.88228;
0.336;7.88239;
0.336;7.88239;
0.336;7.8824;
0.336001;7.8824;
0.336001;7.8824;
0.336001;7.8824;
0.336001;7.8824;
0.336002;7.8824;
0.336002;7.88241;
0.336003;7.88242;
0.336006;7.88243;
0.336011;7.88247;
0.336021;7.88253;
0.336041;7.88267;
0.336061;7.8828;
0.336081;7.88293;
0.336101;7.88306;
0.336121;7.8832;
0.336141;7.88333;
0.336161;7.88346;
0.336181;7.8836;
0.336201;7.88373;
0.336221;7.88386;
0.336241;7.884;
0.336261;7.88413;
0.336281;7.88426;
0.336301;7.8844;
0.336321;7.88453;
0.336341;7.88467;
0.336361;7.8848;
0.336381;7.88494;
0.336401;7.88507;
0.336421;7.88521;
0.336441;7.88534;
0.336461;7.88548;
0.336481;7.88561;
0.336501;7.88575;
0.336521;7.88588;
0.336541;7.88602;
0.336561;7.88616;
0.336581;7.88629;
0.336601;7.88643;
0.336621;7.88656;
0.336641;7.8867;
0.336661;7.88684;
0.336681;7.88698;
0.336701;7.88711;
0.336721;7.88725;
0.336741;7.88739;
0.336761;7.88752;
0.336781;7.88766;
0.336801;7.8878;
0.336821;7.88794;
0.336841;7.88808;
0.336861;7.88822;
0.336881;7.88835;
0.336901;7.88849;
0.336921;7.88863;
0.336941;7.88877;
0.336961;7.88891;
0.336981;7.88905;
0.337001;7.88919;
0.337001;7.88919;
0.337001;7.88919;
0.337002;7.88919;
0.337002;7.88919;
0.337002;7.88919;
0.337002;7.88919;
0.337003;7.8892;
0.337003;7.8892;
0.337004;7.88921;
0.337007;7.88923;
0.337012;7.88926;
0.337022;7.88934;
0.337042;7.88948;
0.337062;7.88962;
0.337082;7.88976;
0.337102;7.8899;
0.337122;7.89004;
0.337142;7.89018;
0.337162;7.89032;
0.337182;7.89046;
0.337202;7.8906;
0.337222;7.89074;
0.337242;7.89088;
0.337262;7.89102;
0.337282;7.89116;
0.337302;7.89131;
0.337322;7.89145;
0.337342;7.89159;
0.337362;7.89173;
0.337382;7.89188;
0.337402;7.89202;
0.337422;7.89216;
0.337442;7.8923;
0.337462;7.89245;
0.337482;7.89259;
0.337502;7.89273;
0.337522;7.89288;
0.337542;7.89302;
0.337562;7.89316;
0.337582;7.89331;
0.337602;7.89345;
0.337622;7.8936;
0.337642;7.89374;
0.337662;7.89388;
0.337682;7.89403;
0.337702;7.89417;
0.337722;7.89432;
0.337742;7.89446;
0.337762;7.89461;
0.337782;7.89475;
0.337802;7.8949;
0.337822;7.89505;
0.337842;7.89519;
0.337862;7.89534;
0.337882;7.89548;
0.337902;7.89563;
0.337922;7.89578;
0.337942;7.89592;
0.337962;7.89607;
0.337982;7.89622;
0.338;7.89635;
0.338;7.89635;
0.338;7.89635;
0.338001;7.89635;
0.338001;7.89635;
0.338001;7.89635;
0.338001;7.89635;
0.338002;7.89636;
0.338002;7.89636;
0.338003;7.89637;
0.338006;7.89639;
0.338011;7.89643;
0.338021;7.8965;
0.338041;7.89665;
0.338061;7.8968;
0.338081;7.89695;
0.338101;7.89709;
0.338121;7.89724;
0.338141;7.89739;
0.338161;7.89754;
0.338181;7.89769;
0.338201;7.89783;
0.338221;7.89798;
0.338241;7.89813;
0.338261;7.89828;
0.338281;7.89843;
0.338301;7.89858;
0.338321;7.89873;
0.338341;7.89888;
0.338361;7.89903;
0.338381;7.89918;
0.338401;7.89933;
0.338421;7.89948;
0.338441;7.89963;
0.338461;7.89978;
0.338481;7.89993;
0.338501;7.90008;
0.338521;7.90023;
0.338541;7.90038;
0.338561;7.90053;
0.338581;7.90068;
0.338601;7.90083;
0.338621;7.90099;
0.338641;7.90114;
0.338661;7.90129;
0.338681;7.90144;
0.338701;7.90159;
0.338721;7.90174;
0.338741;7.9019;
0.338761;7.90205;
0.338781;7.9022;
0.338801;7.90236;
0.338821;7.90251;
0.338841;7.90266;
0.338861;7.90281;
0.338881;7.90297;
0.338901;7.90312;
0.338921;7.90327;
0.338941;7.90343;
0.338961;7.90358;
0.338981;7.90374;
0.339001;7.90389;
0.339001;7.90389;
0.339001;7.90389;
0.339002;7.90389;
0.339002;7.9039;
0.339002;7.9039;
0.339002;7.9039;
0.339003;7.9039;
0.339003;7.9039;
0.339004;7.90391;
0.339007;7.90393;
0.339012;7.90397;
0.339022;7.90405;
0.339042;7.90421;
0.339062;7.90436;
0.339082;7.90452;
0.339102;7.90467;
0.339122;7.90483;
0.339142;7.90498;
0.339162;7.90514;
0.339182;7.90529;
0.339202;7.90545;
0.339222;7.9056;
0.339242;7.90576;
0.339262;7.90592;
0.339282;7.90607;
0.339302;7.90623;
0.339322;7.90639;
0.339342;7.90654;
0.339362;7.9067;
0.339382;7.90686;
0.339402;7.90701;
0.339422;7.90717;
0.339442;7.90733;
0.339462;7.90748;
0.339482;7.90764;
0.339502;7.9078;
0.339522;7.90796;
0.339542;7.90812;
0.339562;7.90827;
0.339582;7.90843;
0.339602;7.90859;
0.339622;7.90875;
0.339642;7.90891;
0.339662;7.90907;
0.339682;7.90923;
0.339702;7.90939;
0.339722;7.90954;
0.339742;7.9097;
0.339762;7.90986;
0.339782;7.91002;
0.339802;7.91018;
0.339822;7.91034;
0.339842;7.9105;
0.339862;7.91066;
0.339882;7.91082;
0.339902;7.91098;
0.339922;7.91115;
0.339942;7.91131;
0.339962;7.91147;
0.339982;7.91163;
0.34;7.91177;
0.34;7.91177;
0.34;7.91177;
0.340001;7.91178;
0.340001;7.91178;
0.340001;7.91178;
0.340001;7.91178;
0.340002;7.91178;
0.340002;7.91179;
0.340003;7.9118;
0.340006;7.91182;
0.340011;7.91186;
0.340021;7.91194;
0.340041;7.9121;
0.340061;7.91227;
0.340081;7.91243;
0.340101;7.91259;
0.340121;7.91275;
0.340141;7.91291;
0.340161;7.91308;
0.340181;7.91324;
0.340201;7.9134;
0.340221;7.91356;
0.340241;7.91373;
0.340261;7.91389;
0.340281;7.91405;
0.340301;7.91422;
0.340321;7.91438;
0.340341;7.91454;
0.340361;7.91471;
0.340381;7.91487;
0.340401;7.91503;
0.340421;7.9152;
0.340441;7.91536;
0.340461;7.91553;
0.340481;7.91569;
0.340501;7.91586;
0.340521;7.91602;
0.340541;7.91619;
0.340561;7.91635;
0.340581;7.91652;
0.340601;7.91668;
0.340621;7.91685;
0.340641;7.91701;
0.340661;7.91718;
0.340681;7.91734;
0.340701;7.91751;
0.340721;7.91768;
0.340741;7.91784;
0.340761;7.91801;
0.340781;7.91818;
0.340801;7.91834;
0.340821;7.91851;
0.340841;7.91868;
0.340861;7.91884;
0.340881;7.91901;
0.340901;7.91918;
0.340921;7.91934;
0.340941;7.91951;
0.340961;7.91968;
0.340981;7.91985;
0.341001;7.92001;
0.341001;7.92001;
0.341001;7.92001;
0.341002;7.92002;
0.341002;7.92002;
0.341002;7.92002;
0.341002;7.92002;
0.341003;7.92003;
0.341003;7.92003;
0.341004;7.92004;
0.341007;7.92006;
0.341012;7.92011;
0.341022;7.92019;
0.341042;7.92036;
0.341062;7.92053;
0.341082;7.9207;
0.341102;7.92087;
0.341122;7.92103;
0.341142;7.9212;
0.341162;7.92137;
0.341182;7.92154;
0.341202;7.92171;
0.341222;7.92188;
0.341242;7.92205;
0.341262;7.92222;
0.341282;7.92239;
0.341302;7.92256;
0.341322;7.92273;
0.341342;7.9229;
0.341362;7.92307;
0.341382;7.92324;
0.341402;7.92341;
0.341422;7.92358;
0.341442;7.92375;
0.341462;7.92392;
0.341482;7.92409;
0.341502;7.92427;
0.341522;7.92444;
0.341542;7.92461;
0.341562;7.92478;
0.341582;7.92495;
0.341602;7.92512;
0.341622;7.9253;
0.341642;7.92547;
0.341662;7.92564;
0.341682;7.92581;
0.341702;7.92599;
0.341722;7.92616;
0.341742;7.92633;
0.341762;7.9265;
0.341782;7.92668;
0.341802;7.92685;
0.341822;7.92702;
0.341842;7.9272;
0.341862;7.92737;
0.341882;7.92754;
0.341902;7.92772;
0.341922;7.92789;
0.341942;7.92807;
0.341962;7.92824;
0.341982;7.92842;
0.342;7.92857;
0.342;7.92857;
0.342;7.92857;
0.342001;7.92858;
0.342001;7.92858;
0.342001;7.92858;
0.342001;7.92858;
0.342002;7.92858;
0.342002;7.92859;
0.342003;7.9286;
0.342006;7.92862;
0.342011;7.92867;
0.342016;7.9287;
0.34202;7.92874;
0.342025;7.92877;
0.342029;7.92879;
0.342033;7.92882;
0.342041;7.92887;
0.342056;7.92896;
0.342068;7.92903;
0.342081;7.92911;
0.342098;7.92922;
0.342118;7.92934;
0.342138;7.92947;
0.342158;7.92959;
0.342178;7.92972;
0.342198;7.92984;
0.342218;7.92997;
0.342238;7.93009;
0.342258;7.93022;
0.342278;7.93034;
0.342298;7.93047;
0.342318;7.93059;
0.342338;7.93072;
0.342358;7.93085;
0.342378;7.93097;
0.342398;7.9311;
0.342418;7.93123;
0.342438;7.93135;
0.342458;7.93148;
0.342478;7.93161;
0.342498;7.93173;
0.342518;7.93186;
0.342538;7.93199;
0.342558;7.93212;
0.342578;7.93224;
0.342598;7.93237;
0.342618;7.9325;
0.342638;7.93263;
0.342658;7.93276;
0.342678;7.93289;
0.342698;7.93301;
0.342718;7.93314;
0.342738;7.93327;
0.342758;7.9334;
0.342778;7.93353;
0.342798;7.93366;
0.342818;7.93379;
0.342838;7.93392;
0.342858;7.93405;
0.342878;7.93418;
0.342898;7.93431;
0.342918;7.93444;
0.342938;7.93457;
0.342958;7.9347;
0.342978;7.93483;
0.342998;7.93496;
0.343001;7.93499;
0.343001;7.93499;
0.343001;7.93499;
0.343002;7.93499;
0.343002;7.93499;
0.343002;7.93499;
0.343002;7.93499;
0.343003;7.935;
0.343003;7.935;
0.343004;7.93501;
0.343007;7.93503;
0.343012;7.93506;
0.343022;7.93513;
0.343042;7.93526;
0.343062;7.93539;
0.343082;7.93552;
0.343102;7.93565;
0.343122;7.93579;
0.343142;7.93592;
0.343162;7.93605;
0.343182;7.93618;
0.343202;7.93632;
0.343222;7.93645;
0.343242;7.93658;
0.343262;7.93671;
0.343282;7.93685;
0.343302;7.93698;
0.343322;7.93711;
0.343342;7.93725;
0.343362;7.93738;
0.343382;7.93752;
0.343402;7.93765;
0.343422;7.93778;
0.343442;7.93792;
0.343462;7.93805;
0.343482;7.93819;
0.343502;7.93832;
0.343522;7.93846;
0.343542;7.93859;
0.343562;7.93873;
0.343582;7.93886;
0.343602;7.939;
0.343622;7.93914;
0.343642;7.93927;
0.343662;7.93941;
0.343682;7.93954;
0.343702;7.93968;
0.343722;7.93982;
0.343742;7.93995;
0.343762;7.94009;
0.343782;7.94023;
0.343802;7.94037;
0.343822;7.9405;
0.343842;7.94064;
0.343862;7.94078;
0.343882;7.94092;
0.343902;7.94105;
0.343922;7.94119;
0.343942;7.94133;
0.343962;7.94147;
0.343982;7.94161;
0.344;7.94173;
0.344;7.94173;
0.344;7.94173;
0.344001;7.94173;
0.344001;7.94174;
0.344001;7.94174;
0.344001;7.94174;
0.344002;7.94174;
0.344002;7.94174;
0.344003;7.94175;
0.344006;7.94177;
0.344011;7.94181;
0.344021;7.94188;
0.344041;7.94202;
0.344061;7.94216;
0.344081;7.94229;
0.344101;7.94243;
0.344121;7.94257;
0.344141;7.94271;
0.344161;7.94285;
0.344181;7.94299;
0.344201;7.94313;
0.344221;7.94327;
0.344241;7.94341;
0.344261;7.94355;
0.344281;7.9437;
0.344301;7.94384;
0.344321;7.94398;
0.344341;7.94412;
0.344361;7.94426;
0.344381;7.9444;
0.344401;7.94454;
0.344421;7.94468;
0.344441;7.94483;
0.344461;7.94497;
0.344481;7.94511;
0.344501;7.94525;
0.344521;7.9454;
0.344541;7.94554;
0.344561;7.94568;
0.344581;7.94582;
0.344601;7.94597;
0.344621;7.94611;
0.344641;7.94625;
0.344661;7.9464;
0.344681;7.94654;
0.344701;7.94668;
0.344721;7.94683;
0.344741;7.94697;
0.344761;7.94712;
0.344781;7.94726;
0.344801;7.94741;
0.344821;7.94755;
0.344841;7.9477;
0.344861;7.94784;
0.344881;7.94799;
0.344901;7.94813;
0.344921;7.94828;
0.344941;7.94842;
0.344961;7.94857;
0.344981;7.94871;
0.345001;7.94886;
0.345001;7.94886;
0.345001;7.94886;
0.345002;7.94886;
0.345002;7.94886;
0.345002;7.94886;
0.345002;7.94886;
0.345003;7.94887;
0.345003;7.94887;
0.345004;7.94888;
0.345007;7.9489;
0.345012;7.94894;
0.345022;7.94901;
0.345042;7.94916;
0.345062;7.9493;
0.345082;7.94945;
0.345102;7.9496;
0.345122;7.94974;
0.345142;7.94989;
0.345162;7.95004;
0.345182;7.95019;
0.345202;7.95033;
0.345222;7.95048;
0.345242;7.95063;
0.345262;7.95078;
0.345282;7.95092;
0.345302;7.95107;
0.345322;7.95122;
0.345342;7.95137;
0.345362;7.95152;
0.345382;7.95167;
0.345402;7.95182;
0.345422;7.95196;
0.345442;7.95211;
0.345462;7.95226;
0.345482;7.95241;
0.345502;7.95256;
0.345522;7.95271;
0.345542;7.95286;
0.345562;7.95301;
0.345582;7.95316;
0.345602;7.95331;
0.345622;7.95346;
0.345642;7.95361;
0.345662;7.95376;
0.345682;7.95391;
0.345702;7.95407;
0.345722;7.95422;
0.345742;7.95437;
0.345762;7.95452;
0.345782;7.95467;
0.345802;7.95482;
0.345822;7.95497;
0.345842;7.95513;
0.345862;7.95528;
0.345882;7.95543;
0.345902;7.95558;
0.345922;7.95573;
0.345942;7.95589;
0.345962;7.95604;
0.345982;7.95619;
0.346;7.95633;
0.346;7.95633;
0.346;7.95633;
0.346001;7.95633;
0.346001;7.95634;
0.346001;7.95634;
0.346001;7.95634;
0.346002;7.95634;
0.346002;7.95634;
0.346003;7.95635;
0.346006;7.95637;
0.346011;7.95641;
0.346021;7.95649;
0.346041;7.95664;
0.346061;7.9568;
0.346081;7.95695;
0.346101;7.95711;
0.346121;7.95726;
0.346141;7.95741;
0.346161;7.95757;
0.346181;7.95772;
0.346201;7.95788;
0.346221;7.95803;
0.346241;7.95819;
0.346261;7.95834;
0.346281;7.9585;
0.346301;7.95865;
0.346321;7.95881;
0.346341;7.95896;
0.346361;7.95912;
0.346381;7.95927;
0.346401;7.95943;
0.346421;7.95958;
0.346441;7.95974;
0.346461;7.9599;
0.346481;7.96005;
0.346501;7.96021;
0.346521;7.96037;
0.346541;7.96052;
0.346561;7.96068;
0.346581;7.96084;
0.346601;7.96099;
0.346621;7.96115;
0.346641;7.96131;
0.346661;7.96147;
0.346681;7.96162;
0.346701;7.96178;
0.346721;7.96194;
0.346741;7.9621;
0.346761;7.96226;
0.346781;7.96241;
0.346801;7.96257;
0.346821;7.96273;
0.346841;7.96289;
0.346861;7.96305;
0.346881;7.96321;
0.346901;7.96337;
0.346921;7.96353;
0.346941;7.96369;
0.346961;7.96385;
0.346981;7.96401;
0.347001;7.96416;
0.347001;7.96416;
0.347001;7.96416;
0.347002;7.96417;
0.347002;7.96417;
0.347002;7.96417;
0.347002;7.96417;
0.347003;7.96417;
0.347003;7.96418;
0.347004;7.96419;
0.347007;7.96421;
0.347012;7.96425;
0.347022;7.96433;
0.347042;7.96449;
0.347062;7.96465;
0.347082;7.96481;
0.347102;7.96497;
0.347122;7.96513;
0.347142;7.9653;
0.347162;7.96546;
0.347182;7.96562;
0.347202;7.96578;
0.347222;7.96594;
0.347242;7.9661;
0.347262;7.96626;
0.347282;7.96642;
0.347302;7.96659;
0.347322;7.96675;
0.347342;7.96691;
0.347362;7.96707;
0.347382;7.96724;
0.347402;7.9674;
0.347422;7.96756;
0.347442;7.96772;
0.347462;7.96789;
0.347482;7.96805;
0.347502;7.96821;
0.347522;7.96838;
0.347542;7.96854;
0.347562;7.9687;
0.347582;7.96887;
0.347602;7.96903;
0.347622;7.96919;
0.347642;7.96936;
0.347662;7.96952;
0.347682;7.96969;
0.347702;7.96985;
0.347722;7.97002;
0.347742;7.97018;
0.347762;7.97035;
0.347782;7.97051;
0.347802;7.97068;
0.347822;7.97084;
0.347842;7.97101;
0.347862;7.97117;
0.347882;7.97134;
0.347902;7.9715;
0.347922;7.97167;
0.347942;7.97184;
0.347962;7.972;
0.347982;7.97217;
0.348;7.97231;
0.348;7.97232;
0.348;7.97232;
0.348001;7.97232;
0.348001;7.97232;
0.348001;7.97232;
0.348001;7.97233;
0.348002;7.97233;
0.348002;7.97233;
0.348003;7.97234;
0.348006;7.97237;
0.348011;7.97241;
0.348014;7.97243;
0.348017;7.97245;
0.348023;7.97249;
0.348028;7.97251;
0.348033;7.97254;
0.348043;7.97258;
0.348054;7.97264;
0.348067;7.9727;
0.34808;7.97277;
0.348095;7.97284;
0.348115;7.97294;
0.348135;7.97304;
0.348155;7.97314;
0.348175;7.97324;
0.348195;7.97334;
0.348215;7.97344;
0.348235;7.97354;
0.348255;7.97364;
0.348275;7.97374;
0.348295;7.97384;
0.348315;7.97394;
0.348335;7.97404;
0.348355;7.97414;
0.348375;7.97424;
0.348395;7.97434;
0.348415;7.97444;
0.348435;7.97455;
0.348455;7.97465;
0.348475;7.97475;
0.348495;7.97485;
0.348515;7.97495;
0.348535;7.97506;
0.348555;7.97516;
0.348575;7.97526;
0.348595;7.97537;
0.348615;7.97547;
0.348635;7.97557;
0.348655;7.97568;
0.348675;7.97578;
0.348695;7.97588;
0.348715;7.97599;
0.348735;7.97609;
0.348755;7.9762;
0.348775;7.9763;
0.348795;7.9764;
0.348815;7.97651;
0.348835;7.97661;
0.348855;7.97672;
0.348875;7.97683;
0.348895;7.97693;
0.348915;7.97704;
0.348935;7.97714;
0.348955;7.97725;
0.348975;7.97735;
0.348995;7.97746;
0.349001;7.97749;
0.349001;7.9775;
0.349001;7.9775;
0.349002;7.9775;
0.349002;7.9775;
0.349002;7.9775;
0.349002;7.9775;
0.349003;7.9775;
0.349003;7.97751;
0.349004;7.97751;
0.349007;7.97753;
0.349012;7.97755;
0.349022;7.97761;
0.349042;7.97772;
0.349062;7.97782;
0.349082;7.97793;
0.349102;7.97804;
0.349122;7.97814;
0.349142;7.97825;
0.349162;7.97836;
0.349182;7.97847;
0.349202;7.97858;
0.349222;7.97868;
0.349242;7.97879;
0.349262;7.9789;
0.349282;7.97901;
0.349302;7.97912;
0.349322;7.97923;
0.349342;7.97934;
0.349362;7.97945;
0.349382;7.97956;
0.349402;7.97967;
0.349422;7.97978;
0.349442;7.97989;
0.349462;7.98;
0.349482;7.98011;
0.349502;7.98022;
0.349522;7.98033;
0.349542;7.98044;
0.349562;7.98055;
0.349582;7.98066;
0.349602;7.98077;
0.349622;7.98088;
0.349642;7.98099;
0.349662;7.98111;
0.349682;7.98122;
0.349702;7.98133;
0.349722;7.98144;
0.349742;7.98155;
0.349762;7.98167;
0.349782;7.98178;
0.349802;7.98189;
0.349822;7.98201;
0.349842;7.98212;
0.349862;7.98223;
0.349882;7.98235;
0.349902;7.98246;
0.349922;7.98257;
0.349942;7.98269;
0.349962;7.9828;
0.349982;7.98292;
0.35;7.98302;
0.35;7.98302;
0.35;7.98302;
0.350001;7.98302;
0.350001;7.98302;
0.350001;7.98302;
0.350001;7.98302;
0.350002;7.98303;
0.350002;7.98303;
0.350003;7.98304;
0.350006;7.98305;
0.350011;7.98308;
0.350021;7.98314;
0.350041;7.98326;
0.350061;7.98337;
0.350081;7.98349;
0.350101;7.9836;
0.350121;7.98372;
0.350141;7.98383;
0.350161;7.98395;
0.350181;7.98406;
0.350201;7.98418;
0.350221;7.9843;
0.350241;7.98441;
0.350261;7.98453;
0.350281;7.98465;
0.350301;7.98476;
0.350321;7.98488;
0.350341;7.985;
0.350361;7.98511;
0.350381;7.98523;
0.350401;7.98535;
0.350421;7.98547;
0.350441;7.98559;
0.350461;7.9857;
0.350481;7.98582;
0.350501;7.98594;
0.350521;7.98606;
0.350541;7.98618;
0.350561;7.9863;
0.350581;7.98642;
0.350601;7.98654;
0.350621;7.98665;
0.350641;7.98677;
0.350661;7.98689;
0.350681;7.98701;
0.350701;7.98713;
0.350721;7.98725;
0.350741;7.98737;
0.350761;7.98749;
0.350781;7.98762;
0.350801;7.98774;
0.350821;7.98786;
0.350841;7.98798;
0.350861;7.9881;
0.350881;7.98822;
0.350901;7.98834;
0.350921;7.98846;
0.350941;7.98859;
0.350961;7.98871;
0.350981;7.98883;
0.351001;7.98895;
0.351001;7.98895;
0.351001;7.98895;
0.351002;7.98896;
0.351002;7.98896;
0.351002;7.98896;
0.351002;7.98896;
0.351003;7.98896;
0.351003;7.98896;
0.351004;7.98897;
0.351007;7.98899;
0.351012;7.98902;
0.351022;7.98908;
0.351042;7.9892;
0.351062;7.98933;
0.351082;7.98945;
0.351102;7.98957;
0.351122;7.9897;
0.351142;7.98982;
0.351162;7.98994;
0.351182;7.99007;
0.351202;7.99019;
0.351222;7.99032;
0.351242;7.99044;
0.351262;7.99056;
0.351282;7.99069;
0.351302;7.99081;
0.351322;7.99094;
0.351342;7.99106;
0.351362;7.99119;
0.351382;7.99131;
0.351402;7.99144;
0.351422;7.99157;
0.351442;7.99169;
0.351462;7.99182;
0.351482;7.99194;
0.351502;7.99207;
0.351522;7.9922;
0.351542;7.99232;
0.351562;7.99245;
0.351582;7.99258;
0.351602;7.9927;
0.351622;7.99283;
0.351642;7.99296;
0.351662;7.99308;
0.351682;7.99321;
0.351702;7.99334;
0.351722;7.99347;
0.351742;7.9936;
0.351762;7.99372;
0.351782;7.99385;
0.351802;7.99398;
0.351822;7.99411;
0.351842;7.99424;
0.351862;7.99437;
0.351882;7.9945;
0.351902;7.99463;
0.351922;7.99475;
0.351942;7.99488;
0.351962;7.99501;
0.351982;7.99514;
0.352;7.99526;
0.352;7.99526;
0.352;7.99526;
0.352001;7.99526;
0.352001;7.99526;
0.352001;7.99527;
0.352001;7.99527;
0.352002;7.99527;
0.352002;7.99527;
0.352003;7.99528;
0.352006;7.9953;
0.352011;7.99533;
0.352021;7.9954;
0.352041;7.99553;
0.352061;7.99566;
0.352081;7.99579;
0.352101;7.99592;
0.352121;7.99605;
0.352141;7.99618;
0.352161;7.99631;
0.352181;7.99644;
0.352201;7.99658;
0.352221;7.99671;
0.352241;7.99684;
0.352261;7.99697;
0.352281;7.9971;
0.352301;7.99723;
0.352321;7.99737;
0.352341;7.9975;
0.352361;7.99763;
0.352381;7.99777;
0.352401;7.9979;
0.352421;7.99803;
0.352441;7.99816;
0.352461;7.9983;
0.352481;7.99843;
0.352501;7.99857;
0.352521;7.9987;
0.352541;7.99883;
0.352561;7.99897;
0.352581;7.9991;
0.352601;7.99924;
0.352621;7.99937;
0.352641;7.99951;
0.352661;7.99964;
0.352681;7.99978;
0.352701;7.99991;
0.352721;8.00005;
0.352741;8.00018;
0.352761;8.00032;
0.352781;8.00045;
0.352801;8.00059;
0.352821;8.00072;
0.352841;8.00086;
0.352861;8.001;
0.352881;8.00113;
0.352901;8.00127;
0.352921;8.00141;
0.352941;8.00154;
0.352961;8.00168;
0.352981;8.00182;
0.353001;8.00195;
0.353001;8.00195;
0.353001;8.00195;
0.353002;8.00196;
0.353002;8.00196;
0.353002;8.00196;
0.353002;8.00196;
0.353003;8.00196;
0.353003;8.00197;
0.353004;8.00198;
0.353007;8.00199;
0.353012;8.00203;
0.353022;8.0021;
0.353042;8.00224;
0.353062;8.00237;
0.353082;8.00251;
0.353102;8.00265;
0.353122;8.00279;
0.353142;8.00293;
0.353162;8.00307;
0.353182;8.0032;
0.353202;8.00334;
0.353222;8.00348;
0.353242;8.00362;
0.353262;8.00376;
0.353282;8.0039;
0.353302;8.00404;
0.353322;8.00418;
0.353342;8.00432;
0.353362;8.00446;
0.353382;8.0046;
0.353402;8.00474;
0.353422;8.00488;
0.353442;8.00502;
0.353462;8.00516;
0.353482;8.0053;
0.353502;8.00544;
0.353522;8.00558;
0.353542;8.00572;
0.353562;8.00587;
0.353582;8.00601;
0.353602;8.00615;
0.353622;8.00629;
0.353642;8.00643;
0.353662;8.00657;
0.353682;8.00672;
0.353702;8.00686;
0.353722;8.007;
0.353742;8.00714;
0.353762;8.00729;
0.353782;8.00743;
0.353802;8.00757;
0.353822;8.00772;
0.353842;8.00786;
0.353862;8.008;
0.353882;8.00815;
0.353902;8.00829;
0.353922;8.00843;
0.353942;8.00858;
0.353962;8.00872;
0.353982;8.00887;
0.354;8.00899;
0.354;8.00899;
0.354;8.009;
0.354001;8.009;
0.354001;8.009;
0.354001;8.009;
0.354001;8.009;
0.354002;8.00901;
0.354002;8.00901;
0.354003;8.00902;
0.354006;8.00904;
0.354011;8.00907;
0.354021;8.00915;
0.354041;8.00929;
0.354061;8.00944;
0.354081;8.00958;
0.354101;8.00973;
0.354119;8.00986;
0.354139;8.01001;
0.354159;8.01015;
0.354179;8.0103;
0.354199;8.01044;
0.354219;8.01059;
0.354239;8.01073;
0.354259;8.01088;
0.354279;8.01103;
0.354299;8.01117;
0.354319;8.01132;
0.354339;8.01147;
0.354359;8.01161;
0.354379;8.01176;
0.354399;8.01191;
0.354419;8.01206;
0.354439;8.0122;
0.354459;8.01235;
0.354479;8.0125;
0.354499;8.01265;
0.354519;8.01279;
0.354539;8.01294;
0.354559;8.01309;
0.354579;8.01324;
0.354599;8.01339;
0.354619;8.01354;
0.354639;8.01369;
0.354659;8.01383;
0.354679;8.01398;
0.354699;8.01413;
0.354719;8.01428;
0.354739;8.01443;
0.354759;8.01458;
0.354779;8.01473;
0.354799;8.01488;
0.354819;8.01503;
0.354839;8.01518;
0.354859;8.01533;
0.354879;8.01548;
0.354899;8.01563;
0.354919;8.01578;
0.354939;8.01593;
0.354959;8.01609;
0.354979;8.01624;
0.354999;8.01639;
0.355001;8.0164;
0.355001;8.0164;
0.355001;8.0164;
0.355002;8.0164;
0.355002;8.01641;
0.355002;8.01641;
0.355002;8.01641;
0.355003;8.01641;
0.355003;8.01642;
0.355004;8.01643;
0.355007;8.01644;
0.355012;8.01648;
0.355022;8.01656;
0.355042;8.01671;
0.355062;8.01686;
0.355082;8.01702;
0.355102;8.01717;
0.355122;8.01732;
0.355142;8.01747;
0.355162;8.01763;
0.355182;8.01778;
0.355202;8.01793;
0.355222;8.01808;
0.355242;8.01824;
0.355262;8.01839;
0.355282;8.01854;
0.355302;8.0187;
0.355322;8.01885;
0.355342;8.019;
0.355362;8.01916;
0.355382;8.01931;
0.355402;8.01946;
0.355422;8.01962;
0.355442;8.01977;
0.355462;8.01993;
0.355482;8.02008;
0.355502;8.02024;
0.355522;8.02039;
0.355542;8.02055;
0.355562;8.0207;
0.355582;8.02086;
0.355602;8.02101;
0.355622;8.02117;
0.355642;8.02132;
0.355662;8.02148;
0.355682;8.02163;
0.355702;8.02179;
0.355722;8.02195;
0.355742;8.0221;
0.355762;8.02226;
0.355782;8.02242;
0.355802;8.02257;
0.355822;8.02273;
0.355842;8.02289;
0.355862;8.02304;
0.355882;8.0232;
0.355902;8.02336;
0.355922;8.02351;
0.355942;8.02367;
0.355962;8.02383;
0.355982;8.02399;
0.356;8.02413;
0.356;8.02413;
0.356;8.02413;
0.356001;8.02413;
0.356001;8.02413;
0.356001;8.02414;
0.356001;8.02414;
0.356002;8.02414;
0.356002;8.02414;
0.356003;8.02415;
0.356006;8.02417;
0.35601;8.0242;
0.356012;8.02422;
0.356014;8.02424;
0.356017;8.02425;
0.35602;8.02427;
0.356024;8.02429;
0.356028;8.0243;
0.356036;8.02434;
0.356053;8.02442;
0.356065;8.02448;
0.356078;8.02454;
0.356092;8.02461;
0.356112;8.02471;
0.356132;8.02481;
0.356152;8.0249;
0.356172;8.025;
0.356192;8.0251;
0.356212;8.0252;
0.356232;8.0253;
0.356252;8.02539;
0.356272;8.02549;
0.356292;8.02559;
0.356312;8.02569;
0.356332;8.02579;
0.356352;8.02589;
0.356372;8.02599;
0.356392;8.02609;
0.356412;8.02618;
0.356432;8.02628;
0.356452;8.02638;
0.356472;8.02648;
0.356492;8.02658;
0.356512;8.02668;
0.356532;8.02678;
0.356552;8.02689;
0.356572;8.02699;
0.356592;8.02709;
0.356612;8.02719;
0.356632;8.02729;
0.356652;8.02739;
0.356672;8.02749;
0.356692;8.02759;
0.356712;8.0277;
0.356732;8.0278;
0.356752;8.0279;
0.356772;8.028;
0.356792;8.02811;
0.356812;8.02821;
0.356832;8.02831;
0.356852;8.02841;
0.356872;8.02852;
0.356892;8.02862;
0.356912;8.02872;
0.356932;8.02883;
0.356952;8.02893;
0.356972;8.02904;
0.356992;8.02914;
0.357001;8.02919;
0.357001;8.02919;
0.357001;8.02919;
0.357002;8.02919;
0.357002;8.02919;
0.357002;8.02919;
0.357002;8.02919;
0.357003;8.02919;
0.357003;8.0292;
0.357004;8.0292;
0.357007;8.02922;
0.357012;8.02924;
0.357022;8.0293;
0.357042;8.0294;
0.357062;8.02951;
0.357082;8.02961;
0.357102;8.02972;
0.357122;8.02982;
0.357142;8.02993;
0.357162;8.03003;
0.357182;8.03014;
0.357202;8.03024;
0.357222;8.03035;
0.357242;8.03046;
0.357262;8.03056;
0.357282;8.03067;
0.357302;8.03078;
0.357322;8.03088;
0.357342;8.03099;
0.357362;8.0311;
0.357382;8.03121;
0.357402;8.03131;
0.357422;8.03142;
0.357442;8.03153;
0.357462;8.03164;
0.357482;8.03174;
0.357502;8.03185;
0.357522;8.03196;
0.357542;8.03207;
0.357562;8.03218;
0.357582;8.03229;
0.357602;8.0324;
0.357622;8.03251;
0.357642;8.03262;
0.357662;8.03272;
0.357682;8.03283;
0.357702;8.03294;
0.357722;8.03305;
0.357742;8.03316;
0.357762;8.03328;
0.357782;8.03339;
0.357802;8.0335;
0.357822;8.03361;
0.357842;8.03372;
0.357862;8.03383;
0.357882;8.03394;
0.357902;8.03405;
0.357922;8.03416;
0.357942;8.03428;
0.357962;8.03439;
0.357982;8.0345;
0.358;8.0346;
0.358;8.0346;
0.358;8.0346;
0.358001;8.0346;
0.358001;8.0346;
0.358001;8.0346;
0.358001;8.03461;
0.358002;8.03461;
0.358002;8.03461;
0.358003;8.03462;
0.358006;8.03463;
0.358011;8.03466;
0.358021;8.03472;
0.358041;8.03483;
0.358061;8.03494;
0.358081;8.03506;
0.358101;8.03517;
0.358121;8.03528;
0.358141;8.0354;
0.358161;8.03551;
0.358181;8.03562;
0.358201;8.03574;
0.358221;8.03585;
0.358241;8.03597;
0.358261;8.03608;
0.358281;8.03619;
0.358301;8.03631;
0.358321;8.03642;
0.358341;8.03654;
0.358361;8.03665;
0.358381;8.03677;
0.358401;8.03688;
0.358421;8.037;
0.358441;8.03712;
0.358461;8.03723;
0.358481;8.03735;
0.358501;8.03746;
0.358521;8.03758;
0.358541;8.0377;
0.358561;8.03781;
0.358581;8.03793;
0.358601;8.03805;
0.358621;8.03816;
0.358641;8.03828;
0.358661;8.0384;
0.358681;8.03852;
0.358701;8.03863;
0.358721;8.03875;
0.358741;8.03887;
0.358761;8.03899;
0.358781;8.03911;
0.358801;8.03922;
0.358821;8.03934;
0.358841;8.03946;
0.358861;8.03958;
0.358881;8.0397;
0.358901;8.03982;
0.358921;8.03994;
0.358941;8.04006;
0.358961;8.04018;
0.358981;8.0403;
0.359001;8.04041;
0.359001;8.04042;
0.359001;8.04042;
0.359002;8.04042;
0.359002;8.04042;
0.359002;8.04042;
0.359002;8.04042;
0.359003;8.04042;
0.359003;8.04043;
0.359004;8.04044;
0.359007;8.04045;
0.359012;8.04048;
0.359022;8.04054;
0.359042;8.04066;
0.359062;8.04078;
0.359082;8.0409;
0.359102;8.04103;
0.359122;8.04115;
0.359142;8.04127;
0.359162;8.04139;
0.359182;8.04151;
0.359202;8.04163;
0.359222;8.04175;
0.359242;8.04187;
0.359262;8.042;
0.359282;8.04212;
0.359302;8.04224;
0.359322;8.04236;
0.359342;8.04249;
0.359362;8.04261;
0.359382;8.04273;
0.359402;8.04285;
0.359422;8.04298;
0.359442;8.0431;
0.359462;8.04322;
0.359482;8.04335;
0.359502;8.04347;
0.359522;8.0436;
0.359542;8.04372;
0.359562;8.04384;
0.359582;8.04397;
0.359602;8.04409;
0.359622;8.04422;
0.359642;8.04434;
0.359662;8.04447;
0.359682;8.04459;
0.359702;8.04472;
0.359722;8.04484;
0.359742;8.04497;
0.359762;8.04509;
0.359782;8.04522;
0.359802;8.04535;
0.359822;8.04547;
0.359842;8.0456;
0.359862;8.04572;
0.359882;8.04585;
0.359902;8.04598;
0.359922;8.04611;
0.359942;8.04623;
0.359962;8.04636;
0.359982;8.04649;
0.36;8.0466;
0.36;8.0466;
0.36;8.0466;
0.360001;8.0466;
0.360001;8.04661;
0.360001;8.04661;
0.360001;8.04661;
0.360002;8.04661;
0.360002;8.04661;
0.360003;8.04662;
0.360006;8.04664;
0.360011;8.04667;
0.360021;8.04674;
0.360041;8.04686;
0.360061;8.04699;
0.360081;8.04712;
0.360101;8.04725;
0.360121;8.04738;
0.360141;8.0475;
0.360161;8.04763;
0.360181;8.04776;
0.360201;8.04789;
0.360221;8.04802;
0.360241;8.04815;
0.360261;8.04828;
0.360281;8.04841;
0.360301;8.04854;
0.360321;8.04867;
0.360341;8.0488;
0.360361;8.04893;
0.360381;8.04906;
0.360401;8.04919;
0.360421;8.04932;
0.360441;8.04945;
0.360461;8.04958;
0.360481;8.04971;
0.360501;8.04984;
0.360521;8.04997;
0.360541;8.0501;
0.360561;8.05024;
0.360581;8.05037;
0.360601;8.0505;
0.360621;8.05063;
0.360641;8.05076;
0.360661;8.0509;
0.360681;8.05103;
0.360701;8.05116;
0.360721;8.05129;
0.360741;8.05143;
0.360761;8.05156;
0.360781;8.05169;
0.360801;8.05183;
0.360821;8.05196;
0.360841;8.05209;
0.360861;8.05223;
0.360881;8.05236;
0.360901;8.05249;
0.360921;8.05263;
0.360941;8.05276;
0.360961;8.0529;
0.360981;8.05303;
0.361001;8.05316;
0.361001;8.05316;
0.361001;8.05316;
0.361002;8.05317;
0.361002;8.05317;
0.361002;8.05317;
0.361002;8.05317;
0.361003;8.05317;
0.361003;8.05318;
0.361004;8.05319;
0.361007;8.0532;
0.361012;8.05324;
0.361022;8.05331;
0.361042;8.05344;
0.361062;8.05358;
0.361082;8.05371;
0.361102;8.05385;
0.361122;8.05398;
0.361142;8.05412;
0.361162;8.05425;
0.361182;8.05439;
0.361202;8.05453;
0.361222;8.05466;
0.361242;8.0548;
0.361262;8.05494;
0.361282;8.05507;
0.361302;8.05521;
0.361322;8.05535;
0.361342;8.05548;
0.361362;8.05562;
0.361382;8.05576;
0.361402;8.0559;
0.361422;8.05603;
0.361442;8.05617;
0.361462;8.05631;
0.361482;8.05645;
0.361502;8.05659;
0.361522;8.05672;
0.361542;8.05686;
0.361562;8.057;
0.361582;8.05714;
0.361602;8.05728;
0.361622;8.05742;
0.361642;8.05756;
0.361662;8.0577;
0.361682;8.05784;
0.361702;8.05797;
0.361722;8.05811;
0.361742;8.05825;
0.361762;8.05839;
0.361782;8.05853;
0.361802;8.05867;
0.361822;8.05882;
0.361842;8.05896;
0.361862;8.0591;
0.361882;8.05924;
0.361902;8.05938;
0.361922;8.05952;
0.361942;8.05966;
0.361962;8.0598;
0.361982;8.05994;
0.362;8.06007;
0.362;8.06007;
0.362;8.06007;
0.362001;8.06007;
0.362001;8.06008;
0.362001;8.06008;
0.362001;8.06008;
0.362002;8.06008;
0.362002;8.06008;
0.362003;8.06009;
0.362006;8.06011;
0.362011;8.06015;
0.362021;8.06022;
0.362037;8.06033;
0.362051;8.06043;
0.362064;8.06052;
0.362081;8.06064;
0.362101;8.06078;
0.362121;8.06093;
0.36214;8.06106;
0.36216;8.0612;
0.36218;8.06135;
0.3622;8.06149;
0.36222;8.06163;
0.36224;8.06178;
0.36226;8.06192;
0.36228;8.06206;
0.3623;8.06221;
0.36232;8.06235;
0.36234;8.06249;
0.36236;8.06264;
0.36238;8.06278;
0.3624;8.06293;
0.36242;8.06307;
0.36244;8.06322;
0.36246;8.06336;
0.36248;8.06351;
0.3625;8.06365;
0.36252;8.0638;
0.36254;8.06394;
0.36256;8.06409;
0.36258;8.06423;
0.3626;8.06438;
0.36262;8.06452;
0.36264;8.06467;
0.36266;8.06482;
0.36268;8.06496;
0.3627;8.06511;
0.36272;8.06525;
0.36274;8.0654;
0.36276;8.06555;
0.36278;8.06569;
0.3628;8.06584;
0.36282;8.06599;
0.36284;8.06614;
0.36286;8.06628;
0.36288;8.06643;
0.3629;8.06658;
0.36292;8.06673;
0.36294;8.06688;
0.36296;8.06702;
0.36298;8.06717;
0.363;8.06732;
0.363001;8.06733;
0.363001;8.06733;
0.363001;8.06733;
0.363002;8.06734;
0.363002;8.06734;
0.363002;8.06734;
0.363002;8.06734;
0.363003;8.06734;
0.363003;8.06735;
0.363004;8.06736;
0.363007;8.06738;
0.363012;8.06741;
0.363022;8.06749;
0.363042;8.06764;
0.363062;8.06779;
0.363082;8.06794;
0.363102;8.06809;
0.363122;8.06823;
0.363142;8.06838;
0.363162;8.06853;
0.363182;8.06868;
0.363202;8.06883;
0.363222;8.06898;
0.363242;8.06913;
0.363262;8.06928;
0.363282;8.06943;
0.363302;8.06958;
0.363322;8.06973;
0.363342;8.06988;
0.363362;8.07004;
0.363382;8.07019;
0.363402;8.07034;
0.363422;8.07049;
0.363442;8.07064;
0.363462;8.07079;
0.363482;8.07094;
0.363502;8.07109;
0.363522;8.07125;
0.363542;8.0714;
0.363562;8.07155;
0.363582;8.0717;
0.363602;8.07186;
0.363622;8.07201;
0.363642;8.07216;
0.363662;8.07231;
0.363682;8.07247;
0.363702;8.07262;
0.363722;8.07277;
0.363742;8.07293;
0.363762;8.07308;
0.363782;8.07323;
0.363802;8.07339;
0.363822;8.07354;
0.363842;8.07369;
0.363862;8.07385;
0.363882;8.074;
0.363902;8.07416;
0.363922;8.07431;
0.363942;8.07446;
0.363962;8.07462;
0.363982;8.07477;
0.364;8.07491;
0.364;8.07491;
0.364;8.07491;
0.364001;8.07492;
0.364001;8.07492;
0.364001;8.07492;
0.364001;8.07492;
0.364002;8.07492;
0.364002;8.07493;
0.364003;8.07494;
0.364006;8.07495;
0.364008;8.07496;
0.364011;8.07497;
0.364013;8.07498;
0.364016;8.07498;
0.364021;8.075;
0.364031;8.07503;
0.364041;8.07505;
0.364051;8.07508;
0.364067;8.07513;
0.364083;8.07518;
0.364103;8.07523;
0.364123;8.07529;
0.364143;8.07535;
0.364163;8.07541;
0.364183;8.07547;
0.364203;8.07553;
0.364223;8.07558;
0.364243;8.07564;
0.364263;8.0757;
0.364283;8.07576;
0.364303;8.07582;
0.364323;8.07588;
0.364343;8.07594;
0.364363;8.076;
0.364383;8.07606;
0.364403;8.07613;
0.364423;8.07619;
0.364443;8.07625;
0.364463;8.07631;
0.364483;8.07637;
0.364503;8.07643;
0.364523;8.07649;
0.364543;8.07656;
0.364563;8.07662;
0.364583;8.07668;
0.364603;8.07674;
0.364623;8.07681;
0.364643;8.07687;
0.364663;8.07693;
0.364683;8.077;
0.364703;8.07706;
0.364723;8.07712;
0.364743;8.07719;
0.364763;8.07725;
0.364783;8.07731;
0.364803;8.07738;
0.364823;8.07744;
0.364843;8.07751;
0.364863;8.07757;
0.364883;8.07764;
0.364903;8.0777;
0.364923;8.07777;
0.364943;8.07784;
0.364963;8.0779;
0.364983;8.07797;
0.365001;8.07803;
0.365001;8.07803;
0.365001;8.07803;
0.365002;8.07803;
0.365002;8.07803;
0.365002;8.07803;
0.365002;8.07803;
0.365003;8.07803;
0.365003;8.07804;
0.365004;8.07804;
0.365007;8.07805;
0.365012;8.07807;
0.365022;8.0781;
0.365042;8.07817;
0.365062;8.07823;
0.365082;8.0783;
0.365102;8.07837;
0.365122;8.07843;
0.365142;8.0785;
0.365162;8.07857;
0.365182;8.07864;
0.365202;8.07871;
0.365222;8.07877;
0.365242;8.07884;
0.365262;8.07891;
0.365282;8.07898;
0.365302;8.07905;
0.365322;8.07912;
0.365342;8.07919;
0.365362;8.07926;
0.365382;8.07933;
0.365402;8.0794;
0.365422;8.07947;
0.365442;8.07954;
0.365462;8.07961;
0.365482;8.07968;
0.365502;8.07975;
0.365522;8.07982;
0.365542;8.07989;
0.365562;8.07996;
0.365582;8.08003;
0.365602;8.0801;
0.365622;8.08018;
0.365642;8.08025;
0.365662;8.08032;
0.365682;8.08039;
0.365702;8.08046;
0.365722;8.08054;
0.365742;8.08061;
0.365762;8.08068;
0.365782;8.08076;
0.365802;8.08083;
0.365822;8.0809;
0.365842;8.08098;
0.365862;8.08105;
0.365882;8.08113;
0.365902;8.0812;
0.365922;8.08127;
0.365942;8.08135;
0.365962;8.08142;
0.365982;8.0815;
0.366;8.08156;
0.366;8.08157;
0.366;8.08157;
0.366001;8.08157;
0.366001;8.08157;
0.366001;8.08157;
0.366001;8.08157;
0.366002;8.08157;
0.366002;8.08157;
0.366003;8.08158;
0.366006;8.08159;
0.366011;8.08161;
0.366021;8.08165;
0.366041;8.08172;
0.366061;8.0818;
0.366081;8.08187;
0.366101;8.08195;
0.366121;8.08202;
0.366141;8.0821;
0.366161;8.08218;
0.366181;8.08225;
0.366201;8.08233;
0.366221;8.08241;
0.366241;8.08249;
0.366261;8.08256;
0.366281;8.08264;
0.366301;8.08272;
0.366321;8.0828;
0.366341;8.08287;
0.366361;8.08295;
0.366381;8.08303;
0.366401;8.08311;
0.366421;8.08319;
0.366441;8.08327;
0.366461;8.08335;
0.366481;8.08343;
0.366501;8.08351;
0.366521;8.08359;
0.366541;8.08367;
0.366561;8.08375;
0.366581;8.08383;
0.366601;8.08391;
0.366621;8.08399;
0.366641;8.08407;
0.366661;8.08415;
0.366681;8.08423;
0.366701;8.08431;
0.366721;8.08439;
0.366741;8.08447;
0.366761;8.08456;
0.366781;8.08464;
0.366801;8.08472;
0.366821;8.0848;
0.366841;8.08488;
0.366861;8.08497;
0.366881;8.08505;
0.366901;8.08513;
0.366921;8.08522;
0.366941;8.0853;
0.366961;8.08538;
0.366981;8.08547;
0.367001;8.08555;
0.367001;8.08555;
0.367001;8.08555;
0.367002;8.08555;
0.367002;8.08555;
0.367002;8.08555;
0.367002;8.08555;
0.367003;8.08555;
0.367003;8.08556;
0.367004;8.08556;
0.367007;8.08557;
0.367012;8.08559;
0.367022;8.08564;
0.367042;8.08572;
0.367062;8.08581;
0.367082;8.08589;
0.367102;8.08598;
0.367122;8.08606;
0.367142;8.08615;
0.367162;8.08623;
0.367182;8.08632;
0.367202;8.0864;
0.367222;8.08649;
0.367242;8.08657;
0.367262;8.08666;
0.367282;8.08674;
0.367302;8.08683;
0.367322;8.08692;
0.367342;8.087;
0.367362;8.08709;
0.367382;8.08718;
0.367402;8.08727;
0.367422;8.08735;
0.367442;8.08744;
0.367462;8.08753;
0.367482;8.08762;
0.367502;8.0877;
0.367522;8.08779;
0.367542;8.08788;
0.367562;8.08797;
0.367582;8.08806;
0.367602;8.08815;
0.367622;8.08824;
0.367642;8.08832;
0.367662;8.08841;
0.367682;8.0885;
0.367702;8.08859;
0.367722;8.08868;
0.367742;8.08877;
0.367762;8.08886;
0.367782;8.08895;
0.367802;8.08904;
0.367822;8.08913;
0.367842;8.08923;
0.367862;8.08932;
0.367882;8.08941;
0.367902;8.0895;
0.367922;8.08959;
0.367942;8.08968;
0.367962;8.08977;
0.367982;8.08987;
0.368;8.08995;
0.368;8.08995;
0.368;8.08995;
0.368001;8.08995;
0.368001;8.08995;
0.368001;8.08995;
0.368001;8.08995;
0.368002;8.08995;
0.368002;8.08996;
0.368003;8.08996;
0.368006;8.08998;
0.368011;8.09;
0.368021;8.09005;
0.368041;8.09014;
0.368061;8.09023;
0.368081;8.09032;
0.368101;8.09042;
0.368121;8.09051;
0.368141;8.0906;
0.368161;8.0907;
0.368181;8.09079;
0.368201;8.09088;
0.368221;8.09098;
0.368241;8.09107;
0.368261;8.09117;
0.368281;8.09126;
0.368301;8.09136;
0.368321;8.09145;
0.368341;8.09155;
0.368361;8.09164;
0.368381;8.09174;
0.368401;8.09183;
0.368421;8.09193;
0.368441;8.09202;
0.368461;8.09212;
0.368481;8.09221;
0.368501;8.09231;
0.368521;8.09241;
0.368541;8.0925;
0.368561;8.0926;
0.368581;8.0927;
0.368601;8.09279;
0.368621;8.09289;
0.368641;8.09299;
0.368661;8.09309;
0.368681;8.09318;
0.368701;8.09328;
0.368721;8.09338;
0.368741;8.09348;
0.368761;8.09358;
0.368781;8.09368;
0.368801;8.09377;
0.368821;8.09387;
0.368841;8.09397;
0.368861;8.09407;
0.368881;8.09417;
0.368901;8.09427;
0.368921;8.09437;
0.368941;8.09447;
0.368961;8.09457;
0.368981;8.09467;
0.369001;8.09477;
0.369001;8.09477;
0.369001;8.09477;
0.369002;8.09477;
0.369002;8.09477;
0.369002;8.09477;
0.369002;8.09477;
0.369003;8.09478;
0.369003;8.09478;
0.369004;8.09478;
0.369007;8.0948;
0.369012;8.09482;
0.369022;8.09487;
0.369042;8.09498;
0.369062;8.09508;
0.369082;8.09518;
0.369102;8.09528;
0.369122;8.09538;
0.369142;8.09548;
0.369162;8.09558;
0.369182;8.09568;
0.369202;8.09579;
0.369222;8.09589;
0.369242;8.09599;
0.369262;8.09609;
0.369282;8.09619;
0.369302;8.0963;
0.369322;8.0964;
0.369342;8.0965;
0.369362;8.09661;
0.369382;8.09671;
0.369402;8.09681;
0.369422;8.09692;
0.369442;8.09702;
0.369462;8.09712;
0.369482;8.09723;
0.369502;8.09733;
0.369522;8.09744;
0.369542;8.09754;
0.369562;8.09765;
0.369582;8.09775;
0.369602;8.09786;
0.369622;8.09796;
0.369642;8.09807;
0.369662;8.09817;
0.369682;8.09828;
0.369702;8.09838;
0.369722;8.09849;
0.369742;8.0986;
0.369762;8.0987;
0.369782;8.09881;
0.369802;8.09891;
0.369822;8.09902;
0.369842;8.09913;
0.369862;8.09924;
0.369882;8.09934;
0.369902;8.09945;
0.369922;8.09956;
0.369942;8.09967;
0.369962;8.09977;
0.369982;8.09988;
0.37;8.09998;
0.37;8.09998;
0.37;8.09998;
0.370001;8.09998;
0.370001;8.09998;
0.370001;8.09998;
0.370001;8.09998;
0.370002;8.09998;
0.370002;8.09999;
0.370003;8.09999;
0.370006;8.10001;
0.370011;8.10004;
0.370021;8.10009;
0.370041;8.1002;
0.370061;8.10031;
0.370081;8.10042;
0.370101;8.10053;
0.370121;8.10064;
0.370141;8.10074;
0.370161;8.10085;
0.370181;8.10096;
0.370201;8.10107;
0.370221;8.10118;
0.370241;8.10129;
0.370261;8.1014;
0.370281;8.10151;
0.370301;8.10162;
0.370321;8.10173;
0.370341;8.10184;
0.370361;8.10196;
0.370381;8.10207;
0.370401;8.10218;
0.370421;8.10229;
0.370441;8.1024;
0.370461;8.10251;
0.370481;8.10262;
0.370501;8.10274;
0.370521;8.10285;
0.370541;8.10296;
0.370561;8.10307;
0.370581;8.10319;
0.370601;8.1033;
0.370621;8.10341;
0.370641;8.10352;
0.370661;8.10364;
0.370681;8.10375;
0.370701;8.10386;
0.370721;8.10398;
0.370741;8.10409;
0.370761;8.1042;
0.370781;8.10432;
0.370801;8.10443;
0.370821;8.10455;
0.370841;8.10466;
0.370861;8.10478;
0.370881;8.10489;
0.370901;8.10501;
0.370921;8.10512;
0.370941;8.10524;
0.370961;8.10535;
0.370981;8.10547;
0.371001;8.10558;
0.371001;8.10558;
0.371001;8.10558;
0.371002;8.10558;
0.371002;8.10559;
0.371002;8.10559;
0.371002;8.10559;
0.371003;8.10559;
0.371003;8.10559;
0.371004;8.1056;
0.371007;8.10562;
0.371012;8.10565;
0.371022;8.1057;
0.371042;8.10582;
0.371062;8.10594;
0.371082;8.10605;
0.371102;8.10617;
0.371122;8.10629;
0.371142;8.1064;
0.371162;8.10652;
0.371182;8.10664;
0.371202;8.10675;
0.371222;8.10687;
0.371242;8.10699;
0.371262;8.10711;
0.371282;8.10722;
0.371302;8.10734;
0.371322;8.10746;
0.371342;8.10758;
0.371362;8.1077;
0.371382;8.10782;
0.371402;8.10793;
0.371422;8.10805;
0.371442;8.10817;
0.371462;8.10829;
0.371482;8.10841;
0.371502;8.10853;
0.371522;8.10865;
0.371542;8.10877;
0.371562;8.10889;
0.371582;8.10901;
0.371602;8.10913;
0.371622;8.10925;
0.371642;8.10937;
0.371662;8.10949;
0.371682;8.10961;
0.371702;8.10973;
0.371722;8.10985;
0.371742;8.10997;
0.371762;8.11009;
0.371782;8.11022;
0.371802;8.11034;
0.371822;8.11046;
0.371842;8.11058;
0.371862;8.1107;
0.371882;8.11083;
0.371902;8.11095;
0.371922;8.11107;
0.371942;8.11119;
0.371962;8.11132;
0.371982;8.11144;
0.372;8.11155;
0.372;8.11155;
0.372;8.11155;
0.372001;8.11155;
0.372001;8.11155;
0.372001;8.11155;
0.372001;8.11155;
0.372002;8.11156;
0.372002;8.11156;
0.372003;8.11157;
0.372006;8.11158;
0.372011;8.11162;
0.372021;8.11168;
0.372041;8.1118;
0.372061;8.11193;
0.372081;8.11205;
0.372101;8.11217;
0.372121;8.1123;
0.372141;8.11242;
0.372161;8.11254;
0.372181;8.11267;
0.372201;8.11279;
0.372221;8.11292;
0.372241;8.11304;
0.372261;8.11317;
0.372281;8.11329;
0.372301;8.11342;
0.372321;8.11354;
0.372341;8.11367;
0.372361;8.11379;
0.372381;8.11392;
0.372401;8.11405;
0.372421;8.11417;
0.372441;8.1143;
0.372461;8.11442;
0.372481;8.11455;
0.372501;8.11468;
0.372521;8.1148;
0.372541;8.11493;
0.372561;8.11506;
0.372581;8.11519;
0.372601;8.11531;
0.372621;8.11544;
0.372641;8.11557;
0.372661;8.1157;
0.372681;8.11582;
0.372701;8.11595;
0.372721;8.11608;
0.372741;8.11621;
0.372761;8.11634;
0.372781;8.11647;
0.372801;8.11659;
0.372821;8.11672;
0.372841;8.11685;
0.372861;8.11698;
0.372881;8.11711;
0.372901;8.11724;
0.372921;8.11737;
0.372941;8.1175;
0.372961;8.11763;
0.372981;8.11776;
0.373001;8.11789;
0.373001;8.11789;
0.373001;8.11789;
0.373002;8.11789;
0.373002;8.11789;
0.373002;8.11789;
0.373002;8.11789;
0.373003;8.1179;
0.373003;8.1179;
0.373004;8.11791;
0.373007;8.11793;
0.373012;8.11796;
0.373022;8.11803;
0.373042;8.11816;
0.373062;8.11829;
0.373082;8.11842;
0.373102;8.11855;
0.373122;8.11868;
0.373142;8.11881;
0.373162;8.11894;
0.373182;8.11907;
0.373202;8.1192;
0.373222;8.11934;
0.373242;8.11947;
0.373262;8.1196;
0.373282;8.11973;
0.373302;8.11986;
0.373322;8.12;
0.373342;8.12013;
0.373362;8.12026;
0.373382;8.12039;
0.373402;8.12053;
0.373422;8.12066;
0.373442;8.12079;
0.373462;8.12093;
0.373482;8.12106;
0.373502;8.12119;
0.373522;8.12133;
0.373542;8.12146;
0.373562;8.1216;
0.373582;8.12173;
0.373602;8.12186;
0.373622;8.122;
0.373642;8.12213;
0.373662;8.12227;
0.373682;8.1224;
0.373702;8.12254;
0.373722;8.12267;
0.373742;8.12281;
0.373762;8.12294;
0.373782;8.12308;
0.373802;8.12321;
0.373822;8.12335;
0.373842;8.12349;
0.373862;8.12362;
0.373882;8.12376;
0.373902;8.12389;
0.373922;8.12403;
0.373942;8.12417;
0.373962;8.1243;
0.373982;8.12444;
0.374;8.12456;
0.374;8.12456;
0.374;8.12456;
0.374001;8.12457;
0.374001;8.12457;
0.374001;8.12457;
0.374001;8.12457;
0.374002;8.12457;
0.374002;8.12458;
0.374003;8.12459;
0.374006;8.1246;
0.374011;8.12464;
0.374014;8.12466;
0.374017;8.12467;
0.37402;8.12468;
0.374024;8.1247;
0.374028;8.12471;
0.374035;8.12474;
0.37405;8.1248;
0.374062;8.12485;
0.374076;8.1249;
0.374096;8.12498;
0.374116;8.12506;
0.374136;8.12514;
0.374156;8.12522;
0.374176;8.1253;
0.374196;8.12538;
0.374216;8.12546;
0.374236;8.12554;
0.374256;8.12562;
0.374276;8.1257;
0.374296;8.12579;
0.374316;8.12587;
0.374336;8.12595;
0.374356;8.12603;
0.374376;8.12611;
0.374396;8.12619;
0.374416;8.12627;
0.374436;8.12636;
0.374456;8.12644;
0.374476;8.12652;
0.374496;8.1266;
0.374516;8.12669;
0.374536;8.12677;
0.374556;8.12685;
0.374576;8.12694;
0.374596;8.12702;
0.374616;8.1271;
0.374636;8.12719;
0.374656;8.12727;
0.374676;8.12736;
0.374696;8.12744;
0.374716;8.12753;
0.374736;8.12761;
0.374756;8.12769;
0.374776;8.12778;
0.374796;8.12787;
0.374816;8.12795;
0.374836;8.12804;
0.374856;8.12812;
0.374876;8.12821;
0.374896;8.12829;
0.374916;8.12838;
0.374936;8.12847;
0.374956;8.12855;
0.374976;8.12864;
0.374996;8.12873;
0.375001;8.12875;
0.375001;8.12875;
0.375001;8.12875;
0.375002;8.12875;
0.375002;8.12875;
0.375002;8.12875;
0.375002;8.12875;
0.375003;8.12876;
0.375003;8.12876;
0.375004;8.12876;
0.375007;8.12878;
0.375012;8.1288;
0.375022;8.12884;
0.375042;8.12893;
0.375062;8.12902;
0.375082;8.1291;
0.375102;8.12919;
0.375122;8.12928;
0.375142;8.12937;
0.375162;8.12946;
0.375182;8.12954;
0.375202;8.12963;
0.375222;8.12972;
0.375242;8.12981;
0.375262;8.1299;
0.375282;8.12999;
0.375302;8.13008;
0.375322;8.13017;
0.375342;8.13026;
0.375362;8.13035;
0.375382;8.13044;
0.375402;8.13053;
0.375422;8.13062;
0.375442;8.13071;
0.375462;8.1308;
0.375482;8.13089;
0.375502;8.13098;
0.375522;8.13107;
0.375542;8.13116;
0.375562;8.13125;
0.375582;8.13135;
0.375602;8.13144;
0.375622;8.13153;
0.375642;8.13162;
0.375662;8.13171;
0.375682;8.13181;
0.375702;8.1319;
0.375722;8.13199;
0.375742;8.13209;
0.375762;8.13218;
0.375782;8.13227;
0.375802;8.13237;
0.375822;8.13246;
0.375842;8.13255;
0.375862;8.13265;
0.375882;8.13274;
0.375902;8.13283;
0.375922;8.13293;
0.375942;8.13302;
0.375962;8.13312;
0.375982;8.13321;
0.376;8.1333;
0.376;8.1333;
0.376;8.1333;
0.376001;8.1333;
0.376001;8.1333;
0.376001;8.1333;
0.376001;8.1333;
0.376002;8.1333;
0.376002;8.13331;
0.376003;8.13331;
0.376006;8.13333;
0.376011;8.13335;
0.376021;8.1334;
0.376038;8.13348;
0.376056;8.13356;
0.376076;8.13366;
0.376096;8.13375;
0.376116;8.13385;
0.376136;8.13394;
0.376156;8.13404;
0.376176;8.13414;
0.376196;8.13423;
0.376216;8.13433;
0.376236;8.13443;
0.376256;8.13452;
0.376276;8.13462;
0.376296;8.13472;
0.376316;8.13482;
0.376336;8.13491;
0.376356;8.13501;
0.376376;8.13511;
0.376396;8.13521;
0.376416;8.13531;
0.376436;8.1354;
0.376456;8.1355;
0.376476;8.1356;
0.376496;8.1357;
0.376516;8.1358;
0.376536;8.1359;
0.376556;8.136;
0.376576;8.1361;
0.376596;8.1362;
0.376616;8.1363;
0.376636;8.1364;
0.376656;8.1365;
0.376676;8.1366;
0.376696;8.1367;
0.376716;8.1368;
0.376736;8.1369;
0.376756;8.137;
0.376776;8.1371;
0.376796;8.1372;
0.376816;8.1373;
0.376836;8.13741;
0.376856;8.13751;
0.376876;8.13761;
0.376896;8.13771;
0.376916;8.13781;
0.376936;8.13792;
0.376956;8.13802;
0.376976;8.13812;
0.376996;8.13822;
0.377001;8.13825;
0.377001;8.13825;
0.377001;8.13825;
0.377002;8.13826;
0.377002;8.13826;
0.377002;8.13826;
0.377002;8.13826;
0.377003;8.13826;
0.377003;8.13826;
0.377004;8.13827;
0.377007;8.13828;
0.377012;8.13831;
0.377022;8.13836;
0.377042;8.13847;
0.377062;8.13857;
0.377082;8.13867;
0.377102;8.13878;
0.377122;8.13888;
0.377142;8.13898;
0.377162;8.13909;
0.377182;8.13919;
0.377202;8.1393;
0.377222;8.1394;
0.377242;8.13951;
0.377262;8.13961;
0.377282;8.13972;
0.377302;8.13982;
0.377322;8.13993;
0.377342;8.14003;
0.377362;8.14014;
0.377382;8.14024;
0.377402;8.14035;
0.377422;8.14045;
0.377442;8.14056;
0.377462;8.14067;
0.377482;8.14077;
0.377502;8.14088;
0.377522;8.14099;
0.377542;8.14109;
0.377562;8.1412;
0.377582;8.14131;
0.377602;8.14142;
0.377622;8.14152;
0.377642;8.14163;
0.377662;8.14174;
0.377682;8.14185;
0.377702;8.14196;
0.377722;8.14206;
0.377742;8.14217;
0.377762;8.14228;
0.377782;8.14239;
0.377802;8.1425;
0.377822;8.14261;
0.377842;8.14272;
0.377862;8.14283;
0.377882;8.14294;
0.377902;8.14305;
0.377922;8.14316;
0.377942;8.14327;
0.377962;8.14338;
0.377982;8.14349;
0.378;8.14358;
0.378;8.14358;
0.378;8.14358;
0.378001;8.14359;
0.378001;8.14359;
0.378001;8.14359;
0.378001;8.14359;
0.378002;8.14359;
0.378002;8.14359;
0.378003;8.1436;
0.378006;8.14362;
0.378011;8.14364;
0.378021;8.1437;
0.378041;8.14381;
0.378061;8.14392;
0.378079;8.14402;
0.378097;8.14412;
0.378117;8.14423;
0.378137;8.14434;
0.378157;8.14445;
0.378177;8.14456;
0.378197;8.14468;
0.378217;8.14479;
0.378237;8.1449;
0.378257;8.14501;
0.378277;8.14513;
0.378297;8.14524;
0.378317;8.14535;
0.378337;8.14546;
0.378357;8.14558;
0.378377;8.14569;
0.378397;8.1458;
0.378417;8.14592;
0.378437;8.14603;
0.378457;8.14614;
0.378477;8.14626;
0.378497;8.14637;
0.378517;8.14649;
0.378537;8.1466;
0.378557;8.14672;
0.378577;8.14683;
0.378597;8.14695;
0.378617;8.14706;
0.378637;8.14718;
0.378657;8.14729;
0.378677;8.14741;
0.378697;8.14752;
0.378717;8.14764;
0.378737;8.14775;
0.378757;8.14787;
0.378777;8.14799;
0.378797;8.1481;
0.378817;8.14822;
0.378837;8.14833;
0.378857;8.14845;
0.378877;8.14857;
0.378897;8.14869;
0.378917;8.1488;
0.378937;8.14892;
0.378957;8.14904;
0.378977;8.14915;
0.378997;8.14927;
0.379001;8.1493;
0.379001;8.1493;
0.379001;8.1493;
0.379002;8.1493;
0.379002;8.1493;
0.379002;8.1493;
0.379002;8.14931;
0.379003;8.14931;
0.379003;8.14931;
0.379004;8.14932;
0.379007;8.14933;
0.379012;8.14936;
0.379022;8.14942;
0.379042;8.14954;
0.379062;8.14966;
0.379082;8.14978;
0.379102;8.1499;
0.379122;8.15002;
0.379142;8.15013;
0.379162;8.15025;
0.379182;8.15037;
0.379202;8.15049;
0.379222;8.15061;
0.379242;8.15073;
0.379262;8.15085;
0.379282;8.15097;
0.379302;8.15109;
0.379322;8.15121;
0.379342;8.15133;
0.379362;8.15145;
0.379382;8.15157;
0.379402;8.15169;
0.379422;8.15181;
0.379442;8.15193;
0.379462;8.15205;
0.379482;8.15218;
0.379502;8.1523;
0.379522;8.15242;
0.379542;8.15254;
0.379562;8.15266;
0.379582;8.15278;
0.379602;8.15291;
0.379622;8.15303;
0.379642;8.15315;
0.379662;8.15327;
0.379682;8.1534;
0.379702;8.15352;
0.379722;8.15364;
0.379742;8.15376;
0.379762;8.15389;
0.379782;8.15401;
0.379802;8.15413;
0.379822;8.15426;
0.379842;8.15438;
0.379862;8.15451;
0.379882;8.15463;
0.379902;8.15475;
0.379922;8.15488;
0.379942;8.155;
0.379962;8.15513;
0.379982;8.15525;
0.38;8.15536;
0.38;8.15536;
0.38;8.15536;
0.380001;8.15537;
0.380001;8.15537;
0.380001;8.15537;
0.380001;8.15537;
0.380002;8.15537;
0.380002;8.15538;
0.380003;8.15538;
0.380006;8.1554;
0.380011;8.15543;
0.380021;8.1555;
0.380029;8.15554;
0.380036;8.15558;
0.380043;8.15561;
0.380049;8.15564;
0.380059;8.15569;
0.380077;8.15577;
0.380093;8.15585;
0.38011;8.15593;
0.380127;8.15602;
0.380147;8.15611;
0.380167;8.15621;
0.380187;8.1563;
0.380207;8.1564;
0.380227;8.1565;
0.380247;8.15659;
0.380267;8.15669;
0.380287;8.15679;
0.380307;8.15689;
0.380327;8.15698;
0.380347;8.15708;
0.380367;8.15718;
0.380387;8.15728;
0.380407;8.15738;
0.380427;8.15748;
0.380447;8.15757;
0.380467;8.15767;
0.380487;8.15777;
0.380507;8.15787;
0.380527;8.15797;
0.380547;8.15807;
0.380567;8.15817;
0.380587;8.15827;
0.380607;8.15837;
0.380627;8.15847;
0.380647;8.15857;
0.380667;8.15867;
0.380687;8.15877;
0.380707;8.15887;
0.380727;8.15897;
0.380747;8.15907;
0.380767;8.15917;
0.380787;8.15927;
0.380807;8.15938;
0.380827;8.15948;
0.380847;8.15958;
0.380867;8.15968;
0.380887;8.15978;
0.380907;8.15988;
0.380927;8.15999;
0.380947;8.16009;
0.380967;8.16019;
0.380987;8.16029;
0.381001;8.16037;
0.381001;8.16037;
0.381001;8.16037;
0.381002;8.16037;
0.381002;8.16037;
0.381002;8.16037;
0.381002;8.16037;
0.381003;8.16037;
0.381003;8.16038;
0.381004;8.16038;
0.381007;8.1604;
0.381012;8.16042;
0.381022;8.16048;
0.381042;8.16058;
0.381062;8.16068;
0.381082;8.16079;
0.381102;8.16089;
0.381122;8.16099;
0.381142;8.1611;
0.381162;8.1612;
0.381182;8.16131;
0.381202;8.16141;
0.381222;8.16151;
0.381242;8.16162;
0.381262;8.16172;
0.381282;8.16183;
0.381302;8.16193;
0.381322;8.16204;
0.381342;8.16215;
0.381362;8.16225;
0.381382;8.16236;
0.381402;8.16246;
0.381422;8.16257;
0.381442;8.16267;
0.381462;8.16278;
0.381482;8.16289;
0.381502;8.16299;
0.381522;8.1631;
0.381542;8.16321;
0.381562;8.16332;
0.381582;8.16342;
0.381602;8.16353;
0.381622;8.16364;
0.381642;8.16375;
0.381662;8.16385;
0.381682;8.16396;
0.381702;8.16407;
0.381722;8.16418;
0.381742;8.16429;
0.381762;8.16439;
0.381782;8.1645;
0.381802;8.16461;
0.381822;8.16472;
0.381842;8.16483;
0.381862;8.16494;
0.381882;8.16505;
0.381902;8.16516;
0.381922;8.16527;
0.381942;8.16538;
0.381962;8.16549;
0.381982;8.1656;
0.382;8.1657;
0.382;8.1657;
0.382;8.1657;
0.382001;8.1657;
0.382001;8.1657;
0.382001;8.1657;
0.382001;8.1657;
0.382002;8.1657;
0.382002;8.16571;
0.382003;8.16572;
0.382006;8.16573;
0.382011;8.16576;
0.382021;8.16581;
0.382041;8.16593;
0.382061;8.16604;
0.382081;8.16615;
0.382101;8.16626;
0.382121;8.16637;
0.382141;8.16648;
0.382161;8.16659;
0.382181;8.1667;
0.382201;8.16682;
0.382221;8.16693;
0.382241;8.16704;
0.382261;8.16715;
0.382281;8.16726;
0.382301;8.16738;
0.382321;8.16749;
0.382341;8.1676;
0.382361;8.16772;
0.382381;8.16783;
0.382401;8.16794;
0.382421;8.16806;
0.382441;8.16817;
0.382461;8.16828;
0.382481;8.1684;
0.382501;8.16851;
0.382521;8.16862;
0.382541;8.16874;
0.382561;8.16885;
0.382581;8.16897;
0.382601;8.16908;
0.382621;8.1692;
0.382641;8.16931;
0.382661;8.16943;
0.382681;8.16954;
0.382701;8.16966;
0.382721;8.16977;
0.382741;8.16989;
0.382761;8.17001;
0.382781;8.17012;
0.382801;8.17024;
0.382821;8.17035;
0.382841;8.17047;
0.382861;8.17059;
0.382881;8.1707;
0.382901;8.17082;
0.382921;8.17094;
0.382941;8.17106;
0.382961;8.17117;
0.382981;8.17129;
0.383001;8.17141;
0.383001;8.17141;
0.383001;8.17141;
0.383002;8.17141;
0.383002;8.17141;
0.383002;8.17141;
0.383002;8.17141;
0.383003;8.17142;
0.383003;8.17142;
0.383004;8.17143;
0.383007;8.17144;
0.383012;8.17147;
0.383022;8.17153;
0.383042;8.17165;
0.383062;8.17177;
0.383082;8.17189;
0.383102;8.172;
0.383122;8.17212;
0.383142;8.17224;
0.383162;8.17236;
0.383182;8.17248;
0.383202;8.1726;
0.383222;8.17272;
0.383242;8.17284;
0.383262;8.17296;
0.383282;8.17308;
0.383302;8.1732;
0.383322;8.17332;
0.383342;8.17344;
0.383362;8.17356;
0.383382;8.17368;
0.383402;8.1738;
0.383422;8.17392;
0.383442;8.17404;
0.383462;8.17416;
0.383482;8.17428;
0.383502;8.1744;
0.383522;8.17452;
0.383542;8.17464;
0.383562;8.17477;
0.383582;8.17489;
0.383602;8.17501;
0.383622;8.17513;
0.383642;8.17525;
0.383662;8.17538;
0.383682;8.1755;
0.383702;8.17562;
0.383722;8.17574;
0.383742;8.17587;
0.383762;8.17599;
0.383782;8.17611;
0.383802;8.17624;
0.383822;8.17636;
0.383842;8.17648;
0.383862;8.17661;
0.383882;8.17673;
0.383902;8.17685;
0.383922;8.17698;
0.383942;8.1771;
0.383962;8.17723;
0.383982;8.17735;
0.384;8.17746;
0.384;8.17746;
0.384;8.17746;
0.384001;8.17747;
0.384001;8.17747;
0.384001;8.17747;
0.384001;8.17747;
0.384002;8.17747;
0.384002;8.17748;
0.384003;8.17748;
0.384006;8.1775;
0.384011;8.17753;
0.384016;8.17756;
0.38402;8.17758;
0.384025;8.1776;
0.384028;8.17761;
0.384032;8.17763;
0.38404;8.17766;
0.384055;8.17771;
0.384067;8.17776;
0.384081;8.17781;
0.384101;8.17789;
0.384121;8.17796;
0.384141;8.17804;
0.384161;8.17811;
0.384181;8.17819;
0.384201;8.17826;
0.384221;8.17834;
0.384241;8.17842;
0.384261;8.17849;
0.384281;8.17857;
0.384301;8.17865;
0.384321;8.17872;
0.384341;8.1788;
0.384361;8.17888;
0.384381;8.17896;
0.384401;8.17904;
0.384421;8.17911;
0.384441;8.17919;
0.384461;8.17927;
0.384481;8.17935;
0.384501;8.17943;
0.384521;8.17951;
0.384541;8.17958;
0.384561;8.17966;
0.384581;8.17974;
0.384601;8.17982;
0.384621;8.1799;
0.384641;8.17998;
0.384661;8.18006;
0.384681;8.18014;
0.384701;8.18022;
0.384721;8.1803;
0.384741;8.18038;
0.384761;8.18046;
0.384781;8.18054;
0.384801;8.18063;
0.384821;8.18071;
0.384841;8.18079;
0.384861;8.18087;
0.384881;8.18095;
0.384901;8.18103;
0.384921;8.18112;
0.384941;8.1812;
0.384961;8.18128;
0.384981;8.18136;
0.385001;8.18145;
0.385001;8.18145;
0.385001;8.18145;
0.385002;8.18145;
0.385002;8.18145;
0.385002;8.18145;
0.385002;8.18145;
0.385003;8.18145;
0.385003;8.18145;
0.385004;8.18146;
0.385007;8.18147;
0.385012;8.18149;
0.385022;8.18153;
0.385042;8.18162;
0.385062;8.1817;
0.385082;8.18178;
0.385102;8.18187;
0.385122;8.18195;
0.385142;8.18204;
0.385162;8.18212;
0.385182;8.1822;
0.385202;8.18229;
0.385222;8.18237;
0.385242;8.18246;
0.385262;8.18254;
0.385282;8.18263;
0.385302;8.18271;
0.385322;8.1828;
0.385342;8.18288;
0.385362;8.18297;
0.385382;8.18305;
0.385402;8.18314;
0.385422;8.18323;
0.385442;8.18331;
0.385462;8.1834;
0.385482;8.18349;
0.385502;8.18357;
0.385522;8.18366;
0.385542;8.18375;
0.385562;8.18383;
0.385582;8.18392;
0.385602;8.18401;
0.385622;8.1841;
0.385642;8.18419;
0.385662;8.18427;
0.385682;8.18436;
0.385702;8.18445;
0.385722;8.18454;
0.385742;8.18463;
0.385762;8.18472;
0.385782;8.18481;
0.385802;8.18489;
0.385822;8.18498;
0.385842;8.18507;
0.385862;8.18516;
0.385882;8.18525;
0.385902;8.18534;
0.385922;8.18543;
0.385942;8.18552;
0.385962;8.18561;
0.385982;8.1857;
0.386;8.18578;
0.386;8.18578;
0.386;8.18579;
0.386001;8.18579;
0.386001;8.18579;
0.386001;8.18579;
0.386001;8.18579;
0.386002;8.18579;
0.386002;8.18579;
0.386003;8.1858;
0.386006;8.18581;
0.386011;8.18583;
0.386021;8.18588;
0.386041;8.18597;
0.386061;8.18606;
0.386081;8.18616;
0.386101;8.18625;
0.386121;8.18634;
0.386141;8.18643;
0.386161;8.18652;
0.386181;8.18661;
0.386201;8.18671;
0.386221;8.1868;
0.386241;8.18689;
0.386261;8.18698;
0.386281;8.18708;
0.386301;8.18717;
0.386321;8.18726;
0.386341;8.18736;
0.386361;8.18745;
0.386381;8.18754;
0.386401;8.18764;
0.386421;8.18773;
0.386441;8.18783;
0.386461;8.18792;
0.386481;8.18802;
0.386501;8.18811;
0.386521;8.18821;
0.386541;8.1883;
0.386561;8.1884;
0.386581;8.18849;
0.386601;8.18859;
0.386621;8.18868;
0.386641;8.18878;
0.386661;8.18887;
0.386681;8.18897;
0.386701;8.18907;
0.386721;8.18916;
0.386741;8.18926;
0.386761;8.18936;
0.386781;8.18945;
0.386801;8.18955;
0.386821;8.18965;
0.386841;8.18974;
0.386861;8.18984;
0.386881;8.18994;
0.386901;8.19004;
0.386921;8.19013;
0.386941;8.19023;
0.386961;8.19033;
0.386981;8.19043;
0.387001;8.19053;
0.387001;8.19053;
0.387001;8.19053;
0.387002;8.19053;
0.387002;8.19053;
0.387002;8.19053;
0.387002;8.19053;
0.387003;8.19053;
0.387003;8.19054;
0.387004;8.19054;
0.387007;8.19056;
0.387012;8.19058;
0.387022;8.19063;
0.387042;8.19073;
0.387062;8.19083;
0.387082;8.19093;
0.387102;8.19103;
0.387122;8.19113;
0.387142;8.19123;
0.387162;8.19133;
0.387182;8.19143;
0.387202;8.19153;
0.387222;8.19163;
0.387242;8.19173;
0.387262;8.19183;
0.387282;8.19193;
0.387302;8.19203;
0.387322;8.19213;
0.387342;8.19223;
0.387362;8.19233;
0.387382;8.19243;
0.387402;8.19254;
0.387422;8.19264;
0.387442;8.19274;
0.387462;8.19284;
0.387482;8.19294;
0.387502;8.19305;
0.387522;8.19315;
0.387542;8.19325;
0.387562;8.19335;
0.387582;8.19346;
0.387602;8.19356;
0.387622;8.19366;
0.387642;8.19377;
0.387662;8.19387;
0.387682;8.19397;
0.387702;8.19408;
0.387722;8.19418;
0.387742;8.19429;
0.387762;8.19439;
0.387782;8.19449;
0.387802;8.1946;
0.387822;8.1947;
0.387842;8.19481;
0.387862;8.19491;
0.387882;8.19502;
0.387902;8.19512;
0.387922;8.19523;
0.387942;8.19533;
0.387962;8.19544;
0.387982;8.19555;
0.388;8.19564;
0.388;8.19564;
0.388;8.19564;
0.388001;8.19564;
0.388001;8.19564;
0.388001;8.19565;
0.388001;8.19565;
0.388002;8.19565;
0.388002;8.19565;
0.388003;8.19566;
0.388006;8.19567;
0.388011;8.1957;
0.388021;8.19575;
0.388041;8.19586;
0.388061;8.19597;
0.388081;8.19607;
0.388101;8.19618;
0.388121;8.19629;
0.388141;8.19639;
0.388161;8.1965;
0.388181;8.19661;
0.388201;8.19672;
0.388221;8.19682;
0.388241;8.19693;
0.388261;8.19704;
0.388281;8.19715;
0.388301;8.19726;
0.388321;8.19736;
0.388341;8.19747;
0.388361;8.19758;
0.388381;8.19769;
0.388401;8.1978;
0.388421;8.19791;
0.388441;8.19802;
0.388461;8.19813;
0.388481;8.19824;
0.388501;8.19835;
0.388521;8.19846;
0.388541;8.19857;
0.388561;8.19868;
0.388581;8.19879;
0.388601;8.1989;
0.388621;8.19901;
0.388641;8.19912;
0.388661;8.19923;
0.388681;8.19934;
0.388701;8.19945;
0.388721;8.19956;
0.388741;8.19967;
0.388761;8.19979;
0.388781;8.1999;
0.388801;8.20001;
0.388821;8.20012;
0.388841;8.20023;
0.388861;8.20035;
0.388881;8.20046;
0.388901;8.20057;
0.388921;8.20068;
0.388941;8.2008;
0.388961;8.20091;
0.388981;8.20102;
0.389001;8.20113;
0.389001;8.20113;
0.389001;8.20113;
0.389002;8.20114;
0.389002;8.20114;
0.389002;8.20114;
0.389002;8.20114;
0.389003;8.20114;
0.389003;8.20115;
0.389004;8.20115;
0.389007;8.20117;
0.389012;8.2012;
0.389022;8.20125;
0.389042;8.20137;
0.389062;8.20148;
0.389082;8.2016;
0.389102;8.20171;
0.389122;8.20182;
0.389142;8.20194;
0.389162;8.20205;
0.389182;8.20217;
0.389202;8.20228;
0.389222;8.2024;
0.389242;8.20251;
0.389262;8.20263;
0.389282;8.20274;
0.389302;8.20286;
0.389322;8.20297;
0.389342;8.20309;
0.389362;8.20321;
0.389382;8.20332;
0.389402;8.20344;
0.389422;8.20355;
0.389442;8.20367;
0.389462;8.20379;
0.389482;8.2039;
0.389502;8.20402;
0.389522;8.20414;
0.389542;8.20425;
0.389562;8.20437;
0.389582;8.20449;
0.389602;8.20461;
0.389622;8.20472;
0.389642;8.20484;
0.389662;8.20496;
0.389682;8.20508;
0.389702;8.2052;
0.389722;8.20532;
0.389742;8.20543;
0.389762;8.20555;
0.389782;8.20567;
0.389802;8.20579;
0.389822;8.20591;
0.389842;8.20603;
0.389862;8.20615;
0.389882;8.20627;
0.389902;8.20639;
0.389922;8.20651;
0.389942;8.20663;
0.389962;8.20675;
0.389982;8.20687;
0.39;8.20697;
0.39;8.20697;
0.39;8.20697;
0.390001;8.20698;
0.390001;8.20698;
0.390001;8.20698;
0.390001;8.20698;
0.390002;8.20698;
0.390002;8.20699;
0.390003;8.20699;
0.390006;8.20701;
0.390011;8.20704;
0.390014;8.20706;
0.390017;8.20707;
0.39002;8.20708;
0.390024;8.20709;
0.390028;8.2071;
0.390036;8.20713;
0.390051;8.20717;
0.390062;8.20721;
0.390075;8.20725;
0.390093;8.2073;
0.390113;8.20736;
0.390133;8.20743;
0.390153;8.20749;
0.390173;8.20755;
0.390193;8.20761;
0.390213;8.20768;
0.390233;8.20774;
0.390253;8.2078;
0.390273;8.20787;
0.390293;8.20793;
0.390313;8.20799;
0.390333;8.20806;
0.390353;8.20812;
0.390373;8.20818;
0.390393;8.20825;
0.390413;8.20831;
0.390433;8.20838;
0.390453;8.20844;
0.390473;8.20851;
0.390493;8.20857;
0.390513;8.20864;
0.390533;8.2087;
0.390553;8.20877;
0.390573;8.20883;
0.390593;8.2089;
0.390613;8.20897;
0.390633;8.20903;
0.390653;8.2091;
0.390673;8.20917;
0.390693;8.20923;
0.390713;8.2093;
0.390733;8.20937;
0.390753;8.20943;
0.390773;8.2095;
0.390793;8.20957;
0.390813;8.20964;
0.390833;8.20971;
0.390853;8.20977;
0.390873;8.20984;
0.390893;8.20991;
0.390913;8.20998;
0.390933;8.21005;
0.390953;8.21012;
0.390973;8.21019;
0.390993;8.21026;
0.391001;8.21029;
0.391001;8.21029;
0.391001;8.21029;
0.391002;8.21029;
0.391002;8.21029;
0.391002;8.21029;
0.391002;8.21029;
0.391003;8.21029;
0.391003;8.21029;
0.391004;8.2103;
0.391007;8.21031;
0.391012;8.21032;
0.391022;8.21036;
0.391042;8.21043;
0.391062;8.2105;
0.391082;8.21057;
0.391102;8.21064;
0.391122;8.21071;
0.391142;8.21078;
0.391162;8.21085;
0.391182;8.21092;
0.391202;8.21099;
0.391222;8.21107;
0.391242;8.21114;
0.391262;8.21121;
0.391282;8.21128;
0.391302;8.21135;
0.391322;8.21142;
0.391342;8.2115;
0.391362;8.21157;
0.391382;8.21164;
0.391402;8.21171;
0.391422;8.21179;
0.391442;8.21186;
0.391462;8.21193;
0.391482;8.21201;
0.391502;8.21208;
0.391522;8.21216;
0.391542;8.21223;
0.391562;8.2123;
0.391582;8.21238;
0.391602;8.21245;
0.391622;8.21253;
0.391642;8.2126;
0.391662;8.21268;
0.391682;8.21275;
0.391702;8.21283;
0.391722;8.2129;
0.391742;8.21298;
0.391762;8.21305;
0.391782;8.21313;
0.391802;8.21321;
0.391822;8.21328;
0.391842;8.21336;
0.391862;8.21344;
0.391882;8.21351;
0.391902;8.21359;
0.391922;8.21367;
0.391942;8.21374;
0.391962;8.21382;
0.391982;8.2139;
0.392;8.21397;
0.392;8.21397;
0.392;8.21397;
0.392001;8.21397;
0.392001;8.21397;
0.392001;8.21397;
0.392001;8.21397;
0.392002;8.21397;
0.392002;8.21398;
0.392003;8.21398;
0.392006;8.21399;
0.392011;8.21401;
0.392021;8.21405;
0.392041;8.21413;
0.392061;8.21421;
0.392081;8.21429;
0.392101;8.21436;
0.392121;8.21444;
0.392141;8.21452;
0.392161;8.2146;
0.392181;8.21468;
0.392201;8.21476;
0.392221;8.21484;
0.392241;8.21492;
0.392261;8.215;
0.392281;8.21508;
0.392301;8.21516;
0.392321;8.21524;
0.392341;8.21532;
0.392361;8.2154;
0.392381;8.21548;
0.392401;8.21556;
0.392421;8.21564;
0.392441;8.21572;
0.392461;8.21581;
0.392481;8.21589;
0.392501;8.21597;
0.392521;8.21605;
0.392541;8.21613;
0.392561;8.21622;
0.392581;8.2163;
0.392601;8.21638;
0.392621;8.21646;
0.392641;8.21655;
0.392661;8.21663;
0.392681;8.21671;
0.392701;8.2168;
0.392721;8.21688;
0.392741;8.21696;
0.392761;8.21705;
0.392781;8.21713;
0.392801;8.21722;
0.392821;8.2173;
0.392841;8.21738;
0.392861;8.21747;
0.392881;8.21755;
0.392901;8.21764;
0.392921;8.21772;
0.392941;8.21781;
0.392961;8.2179;
0.392981;8.21798;
0.393001;8.21806;
0.393001;8.21807;
0.393001;8.21807;
0.393002;8.21807;
0.393002;8.21807;
0.393002;8.21807;
0.393002;8.21807;
0.393003;8.21807;
0.393003;8.21807;
0.393004;8.21808;
0.393007;8.21809;
0.393012;8.21811;
0.393022;8.21816;
0.393042;8.21824;
0.393062;8.21833;
0.393082;8.21842;
0.393102;8.2185;
0.393122;8.21859;
0.393142;8.21868;
0.393162;8.21876;
0.393182;8.21885;
0.393202;8.21894;
0.393222;8.21903;
0.393242;8.21911;
0.393262;8.2192;
0.393282;8.21929;
0.393302;8.21938;
0.393322;8.21947;
0.393342;8.21955;
0.393362;8.21964;
0.393382;8.21973;
0.393402;8.21982;
0.393422;8.21991;
0.393442;8.22;
0.393462;8.22009;
0.393482;8.22018;
0.393502;8.22027;
0.393522;8.22036;
0.393542;8.22045;
0.393562;8.22054;
0.393582;8.22063;
0.393602;8.22072;
0.393622;8.22081;
0.393642;8.2209;
0.393662;8.22099;
0.393682;8.22108;
0.393702;8.22117;
0.393722;8.22126;
0.393742;8.22136;
0.393762;8.22145;
0.393782;8.22154;
0.393802;8.22163;
0.393822;8.22172;
0.393842;8.22182;
0.393862;8.22191;
0.393882;8.222;
0.393902;8.22209;
0.393922;8.22219;
0.393942;8.22228;
0.393962;8.22237;
0.393982;8.22247;
0.394;8.22255;
0.394;8.22255;
0.394;8.22255;
0.394001;8.22255;
0.394001;8.22255;
0.394001;8.22255;
0.394001;8.22256;
0.394002;8.22256;
0.394002;8.22256;
0.394003;8.22257;
0.394006;8.22258;
0.394011;8.2226;
0.394021;8.22265;
0.394041;8.22274;
0.394061;8.22284;
0.394081;8.22293;
0.394101;8.22302;
0.394121;8.22312;
0.394141;8.22321;
0.394161;8.22331;
0.394181;8.2234;
0.394201;8.2235;
0.394221;8.22359;
0.394241;8.22369;
0.394261;8.22378;
0.394281;8.22388;
0.394301;8.22397;
0.394321;8.22407;
0.394341;8.22417;
0.394361;8.22426;
0.394381;8.22436;
0.394401;8.22446;
0.394421;8.22455;
0.394441;8.22465;
0.394461;8.22475;
0.394481;8.22484;
0.394501;8.22494;
0.394521;8.22504;
0.394541;8.22514;
0.394561;8.22523;
0.394581;8.22533;
0.394601;8.22543;
0.394621;8.22553;
0.394641;8.22563;
0.394661;8.22573;
0.394681;8.22582;
0.394701;8.22592;
0.394721;8.22602;
0.394741;8.22612;
0.394761;8.22622;
0.394781;8.22632;
0.394801;8.22642;
0.394821;8.22652;
0.394841;8.22662;
0.394861;8.22672;
0.394881;8.22682;
0.394901;8.22692;
0.394921;8.22702;
0.394941;8.22712;
0.394961;8.22722;
0.394981;8.22732;
0.395001;8.22742;
0.395001;8.22743;
0.395001;8.22743;
0.395001;8.22743;
0.395002;8.22743;
0.395002;8.22743;
0.395002;8.22743;
0.395002;8.22743;
0.395003;8.22743;
0.395003;8.22744;
0.395004;8.22744;
0.395007;8.22746;
0.395012;8.22748;
0.395022;8.22753;
0.395042;8.22764;
0.395062;8.22774;
0.395082;8.22784;
0.395102;8.22794;
0.395122;8.22804;
0.395142;8.22815;
0.395162;8.22825;
0.395182;8.22835;
0.395202;8.22845;
0.395222;8.22856;
0.395242;8.22866;
0.395262;8.22876;
0.395282;8.22886;
0.395302;8.22897;
0.395322;8.22907;
0.395342;8.22917;
0.395362;8.22928;
0.395382;8.22938;
0.395402;8.22949;
0.395422;8.22959;
0.395442;8.2297;
0.395462;8.2298;
0.395482;8.2299;
0.395502;8.23001;
0.395522;8.23011;
0.395542;8.23022;
0.395562;8.23032;
0.395582;8.23043;
0.395602;8.23054;
0.395622;8.23064;
0.395642;8.23075;
0.395662;8.23085;
0.395682;8.23096;
0.395702;8.23107;
0.395722;8.23117;
0.395742;8.23128;
0.395762;8.23138;
0.395782;8.23149;
0.395802;8.2316;
0.395822;8.23171;
0.395842;8.23181;
0.395862;8.23192;
0.395882;8.23203;
0.395902;8.23214;
0.395922;8.23224;
0.395942;8.23235;
0.395962;8.23246;
0.395982;8.23257;
0.396;8.23266;
0.396;8.23266;
0.396;8.23266;
0.396001;8.23267;
0.396001;8.23267;
0.396001;8.23267;
0.396001;8.23267;
0.396002;8.23267;
0.396002;8.23268;
0.396003;8.23268;
0.396006;8.2327;
0.396011;8.23272;
0.396021;8.23278;
0.396033;8.23284;
0.396044;8.2329;
0.396054;8.23294;
0.396064;8.23299;
0.39608;8.23307;
0.396095;8.23314;
0.396111;8.23322;
0.396131;8.23332;
0.396151;8.23342;
0.396171;8.23351;
0.396191;8.23361;
0.396211;8.23371;
0.396231;8.23381;
0.396251;8.2339;
0.396271;8.234;
0.396291;8.2341;
0.396311;8.2342;
0.396331;8.2343;
0.396351;8.2344;
0.396371;8.2345;
0.396391;8.23459;
0.396411;8.23469;
0.396431;8.23479;
0.396451;8.23489;
0.396471;8.23499;
0.396491;8.23509;
0.396511;8.23519;
0.396531;8.23529;
0.396551;8.23539;
0.396571;8.23549;
0.396591;8.23559;
0.396611;8.23569;
0.396631;8.23579;
0.396651;8.2359;
0.396671;8.236;
0.396691;8.2361;
0.396711;8.2362;
0.396731;8.2363;
0.396751;8.2364;
0.396771;8.2365;
0.396791;8.23661;
0.396811;8.23671;
0.396831;8.23681;
0.396851;8.23691;
0.396871;8.23702;
0.396891;8.23712;
0.396911;8.23722;
0.396931;8.23732;
0.396951;8.23743;
0.396971;8.23753;
0.396991;8.23763;
0.397001;8.23768;
0.397001;8.23768;
0.397001;8.23769;
0.397002;8.23769;
0.397002;8.23769;
0.397002;8.23769;
0.397002;8.23769;
0.397003;8.23769;
0.397003;8.23769;
0.397004;8.2377;
0.397007;8.23771;
0.397012;8.23774;
0.397022;8.23779;
0.397042;8.2379;
0.397062;8.238;
0.397082;8.23811;
0.397102;8.23821;
0.397122;8.23831;
0.397142;8.23842;
0.397162;8.23852;
0.397182;8.23863;
0.397202;8.23873;
0.397222;8.23884;
0.397242;8.23894;
0.397262;8.23905;
0.397282;8.23916;
0.397302;8.23926;
0.397322;8.23937;
0.397342;8.23947;
0.397362;8.23958;
0.397382;8.23969;
0.397402;8.23979;
0.397422;8.2399;
0.397442;8.24;
0.397462;8.24011;
0.397482;8.24022;
0.397502;8.24033;
0.397522;8.24043;
0.397542;8.24054;
0.397562;8.24065;
0.397582;8.24076;
0.397602;8.24086;
0.397622;8.24097;
0.397642;8.24108;
0.397662;8.24119;
0.397682;8.2413;
0.397702;8.24141;
0.397722;8.24151;
0.397742;8.24162;
0.397762;8.24173;
0.397782;8.24184;
0.397802;8.24195;
0.397822;8.24206;
0.397842;8.24217;
0.397862;8.24228;
0.397882;8.24239;
0.397902;8.2425;
0.397922;8.24261;
0.397942;8.24272;
0.397962;8.24283;
0.397982;8.24294;
0.398;8.24304;
0.398;8.24304;
0.398;8.24304;
0.398001;8.24304;
0.398001;8.24304;
0.398001;8.24304;
0.398001;8.24304;
0.398002;8.24305;
0.398002;8.24305;
0.398003;8.24306;
0.398006;8.24307;
0.398011;8.2431;
0.398017;8.24313;
0.398021;8.24315;
0.398024;8.24316;
0.398029;8.24318;
0.398033;8.24319;
0.398039;8.24321;
0.39805;8.24325;
0.398067;8.24331;
0.398083;8.24336;
0.398099;8.24342;
0.398116;8.24347;
0.398136;8.24354;
0.398156;8.24361;
0.398176;8.24368;
0.398196;8.24375;
0.398216;8.24382;
0.398236;8.24389;
0.398256;8.24396;
0.398276;8.24403;
0.398296;8.2441;
0.398316;8.24417;
0.398336;8.24424;
0.398356;8.24431;
0.398376;8.24438;
0.398396;8.24445;
0.398416;8.24452;
0.398436;8.24459;
0.398456;8.24466;
0.398476;8.24473;
0.398496;8.2448;
0.398516;8.24488;
0.398536;8.24495;
0.398556;8.24502;
0.398576;8.24509;
0.398596;8.24516;
0.398616;8.24524;
0.398636;8.24531;
0.398656;8.24538;
0.398676;8.24546;
0.398696;8.24553;
0.398716;8.2456;
0.398736;8.24568;
0.398756;8.24575;
0.398776;8.24582;
0.398796;8.2459;
0.398816;8.24597;
0.398836;8.24604;
0.398856;8.24612;
0.398876;8.24619;
0.398896;8.24627;
0.398916;8.24634;
0.398936;8.24642;
0.398956;8.24649;
0.398976;8.24657;
0.398996;8.24665;
0.399001;8.24666;
0.399001;8.24666;
0.399001;8.24667;
0.399002;8.24667;
0.399002;8.24667;
0.399002;8.24667;
0.399002;8.24667;
0.399003;8.24667;
0.399003;8.24667;
0.399004;8.24668;
0.399007;8.24669;
0.399012;8.24671;
0.399022;8.24675;
0.399042;8.24682;
0.399062;8.2469;
0.399082;8.24697;
0.399102;8.24705;
0.399122;8.24713;
0.399142;8.2472;
0.399162;8.24728;
0.399182;8.24736;
0.399202;8.24744;
0.399222;8.24751;
0.399242;8.24759;
0.399262;8.24767;
0.399282;8.24775;
0.399302;8.24782;
0.399322;8.2479;
0.399342;8.24798;
0.399362;8.24806;
0.399382;8.24814;
0.399402;8.24822;
0.399422;8.2483;
0.399442;8.24838;
0.399462;8.24845;
0.399482;8.24853;
0.399502;8.24861;
0.399522;8.24869;
0.399542;8.24877;
0.399562;8.24885;
0.399582;8.24893;
0.399602;8.24901;
0.399622;8.2491;
0.399642;8.24918;
0.399662;8.24926;
0.399682;8.24934;
0.399702;8.24942;
0.399722;8.2495;
0.399742;8.24958;
0.399762;8.24966;
0.399782;8.24975;
0.399802;8.24983;
0.399822;8.24991;
0.399842;8.24999;
0.399862;8.25008;
0.399882;8.25016;
0.399902;8.25024;
0.399922;8.25032;
0.399942;8.25041;
0.399962;8.25049;
0.399982;8.25057;
0.4;8.25065;
0.4;8.25065;
0.4;8.25065;
0.400001;8.25065;
0.400001;8.25065;
0.400001;8.25065;
0.400001;8.25065;
0.400002;8.25065;
0.400002;8.25066;
0.400003;8.25066;
0.400006;8.25067;
0.400011;8.25069;
0.400021;8.25074;
0.400041;8.25082;
0.400061;8.2509;
0.400081;8.25099;
0.400101;8.25107;
0.400121;8.25116;
0.400141;8.25124;
0.400161;8.25133;
0.400181;8.25141;
0.400201;8.2515;
0.400221;8.25158;
0.400241;8.25167;
0.400261;8.25175;
0.400281;8.25184;
0.400301;8.25193;
0.400321;8.25201;
0.400341;8.2521;
0.400361;8.25218;
0.400381;8.25227;
0.400401;8.25236;
0.400421;8.25245;
0.400441;8.25253;
0.400461;8.25262;
0.400481;8.25271;
0.400501;8.25279;
0.400521;8.25288;
0.400541;8.25297;
0.400561;8.25306;
0.400581;8.25315;
0.400601;8.25323;
0.400621;8.25332;
0.400641;8.25341;
0.400661;8.2535;
0.400681;8.25359;
0.400701;8.25368;
0.400721;8.25377;
0.400741;8.25386;
0.400761;8.25395;
0.400781;8.25404;
0.400801;8.25413;
0.400821;8.25422;
0.400841;8.25431;
0.400861;8.2544;
0.400881;8.25449;
0.400901;8.25458;
0.400921;8.25467;
0.400941;8.25476;
0.400961;8.25485;
0.400981;8.25494;
0.401001;8.25503;
0.401001;8.25503;
0.401001;8.25503;
0.401002;8.25503;
0.401002;8.25503;
0.401002;8.25504;
0.401002;8.25504;
0.401003;8.25504;
0.401003;8.25504;
0.401004;8.25505;
0.401007;8.25506;
0.401012;8.25508;
0.401022;8.25513;
0.401042;8.25522;
0.401062;8.25531;
0.401082;8.2554;
0.401102;8.2555;
0.401122;8.25559;
0.401142;8.25568;
0.401162;8.25577;
0.401182;8.25587;
0.401202;8.25596;
0.401222;8.25605;
0.401242;8.25614;
0.401262;8.25624;
0.401282;8.25633;
0.401302;8.25643;
0.401322;8.25652;
0.401342;8.25661;
0.401362;8.25671;
0.401382;8.2568;
0.401402;8.2569;
0.401422;8.25699;
0.401442;8.25708;
0.401462;8.25718;
0.401482;8.25727;
0.401502;8.25737;
0.401522;8.25746;
0.401542;8.25756;
0.401562;8.25766;
0.401582;8.25775;
0.401602;8.25785;
0.401622;8.25794;
0.401642;8.25804;
0.401662;8.25814;
0.401682;8.25823;
0.401702;8.25833;
0.401722;8.25843;
0.401742;8.25852;
0.401762;8.25862;
0.401782;8.25872;
0.401802;8.25881;
0.401822;8.25891;
0.401842;8.25901;
0.401862;8.25911;
0.401882;8.25921;
0.401902;8.2593;
0.401922;8.2594;
0.401942;8.2595;
0.401962;8.2596;
0.401982;8.2597;
0.402;8.25978;
0.402;8.25978;
0.402;8.25979;
0.402001;8.25979;
0.402001;8.25979;
0.402001;8.25979;
0.402001;8.25979;
0.402002;8.25979;
0.402002;8.25979;
0.402003;8.2598;
0.402006;8.25981;
0.402011;8.25984;
0.402021;8.25989;
0.402041;8.25999;
0.40206;8.26008;
0.40208;8.26018;
0.4021;8.26028;
0.40212;8.26038;
0.40214;8.26048;
0.40216;8.26058;
0.40218;8.26068;
0.4022;8.26078;
0.40222;8.26088;
0.40224;8.26098;
0.40226;8.26108;
0.40228;8.26118;
0.4023;8.26128;
0.40232;8.26138;
0.40234;8.26149;
0.40236;8.26159;
0.40238;8.26169;
0.4024;8.26179;
0.40242;8.26189;
0.40244;8.26199;
0.40246;8.2621;
0.40248;8.2622;
0.4025;8.2623;
0.40252;8.2624;
0.40254;8.26251;
0.40256;8.26261;
0.40258;8.26271;
0.4026;8.26282;
0.40262;8.26292;
0.40264;8.26302;
0.40266;8.26313;
0.40268;8.26323;
0.4027;8.26333;
0.40272;8.26344;
0.40274;8.26354;
0.40276;8.26365;
0.40278;8.26375;
0.4028;8.26386;
0.40282;8.26396;
0.40284;8.26407;
0.40286;8.26417;
0.40288;8.26428;
0.4029;8.26438;
0.40292;8.26449;
0.40294;8.26459;
0.40296;8.2647;
0.40298;8.2648;
0.403;8.26491;
0.403001;8.26492;
0.403001;8.26492;
0.403001;8.26492;
0.403002;8.26492;
0.403002;8.26492;
0.403002;8.26492;
0.403002;8.26492;
0.403003;8.26492;
0.403003;8.26493;
0.403004;8.26493;
0.403007;8.26495;
0.403012;8.26497;
0.403022;8.26503;
0.403042;8.26513;
0.403062;8.26524;
0.403082;8.26535;
0.403102;8.26545;
0.403122;8.26556;
0.403142;8.26567;
0.403162;8.26578;
0.403182;8.26588;
0.403202;8.26599;
0.403222;8.2661;
0.403242;8.26621;
0.403262;8.26631;
0.403282;8.26642;
0.403302;8.26653;
0.403322;8.26664;
0.403342;8.26675;
0.403362;8.26686;
0.403382;8.26696;
0.403402;8.26707;
0.403422;8.26718;
0.403442;8.26729;
0.403462;8.2674;
0.403482;8.26751;
0.403502;8.26762;
0.403522;8.26773;
0.403542;8.26784;
0.403562;8.26795;
0.403582;8.26806;
0.403602;8.26817;
0.403622;8.26828;
0.403642;8.26839;
0.403662;8.2685;
0.403682;8.26861;
0.403702;8.26872;
0.403722;8.26883;
0.403742;8.26895;
0.403762;8.26906;
0.403782;8.26917;
0.403802;8.26928;
0.403822;8.26939;
0.403842;8.2695;
0.403862;8.26962;
0.403882;8.26973;
0.403902;8.26984;
0.403922;8.26995;
0.403942;8.27007;
0.403962;8.27018;
0.403982;8.27029;
0.404;8.27039;
0.404;8.27039;
0.404;8.27039;
0.404001;8.2704;
0.404001;8.2704;
0.404001;8.2704;
0.404001;8.2704;
0.404002;8.2704;
0.404002;8.2704;
0.404003;8.27041;
0.404004;8.27042;
0.404005;8.27042;
0.404007;8.27043;
0.404009;8.27044;
0.404012;8.27044;
0.404016;8.27045;
0.404019;8.27045;
0.404025;8.27046;
0.404037;8.27047;
0.404047;8.27048;
0.404057;8.27049;
0.404069;8.2705;
0.404089;8.27052;
0.404109;8.27054;
0.404129;8.27056;
0.404149;8.27058;
0.404169;8.27061;
0.404189;8.27063;
0.404209;8.27065;
0.404229;8.27067;
0.404249;8.27069;
0.404269;8.27072;
0.404289;8.27074;
0.404309;8.27076;
0.404329;8.27078;
0.404349;8.27081;
0.404369;8.27083;
0.404389;8.27085;
0.404409;8.27088;
0.404429;8.2709;
0.404449;8.27093;
0.404469;8.27095;
0.404489;8.27097;
0.404509;8.271;
0.404529;8.27102;
0.404549;8.27105;
0.404569;8.27107;
0.404589;8.2711;
0.404609;8.27113;
0.404629;8.27115;
0.404649;8.27118;
0.404669;8.2712;
0.404689;8.27123;
0.404709;8.27126;
0.404729;8.27128;
0.404749;8.27131;
0.404769;8.27134;
0.404789;8.27136;
0.404809;8.27139;
0.404829;8.27142;
0.404849;8.27145;
0.404869;8.27148;
0.404889;8.2715;
0.404909;8.27153;
0.404929;8.27156;
0.404949;8.27159;
0.404969;8.27162;
0.404989;8.27165;
0.405001;8.27167;
0.405001;8.27167;
0.405001;8.27167;
0.405002;8.27167;
0.405002;8.27167;
0.405002;8.27167;
0.405002;8.27167;
0.405003;8.27167;
0.405003;8.27167;
0.405004;8.27167;
0.405007;8.27168;
0.405012;8.27168;
0.405022;8.2717;
0.405042;8.27173;
0.405062;8.27176;
0.405082;8.27179;
0.405102;8.27182;
0.405122;8.27185;
0.405142;8.27188;
0.405162;8.27191;
0.405182;8.27194;
0.405202;8.27197;
0.405222;8.272;
0.405242;8.27204;
0.405262;8.27207;
0.405282;8.2721;
0.405302;8.27213;
0.405322;8.27216;
0.405342;8.2722;
0.405362;8.27223;
0.405382;8.27226;
0.405402;8.2723;
0.405422;8.27233;
0.405442;8.27236;
0.405462;8.2724;
0.405482;8.27243;
0.405502;8.27246;
0.405522;8.2725;
0.405542;8.27253;
0.405562;8.27257;
0.405582;8.2726;
0.405602;8.27264;
0.405622;8.27267;
0.405642;8.27271;
0.405662;8.27274;
0.405682;8.27278;
0.405702;8.27281;
0.405722;8.27285;
0.405742;8.27289;
0.405762;8.27292;
0.405782;8.27296;
0.405802;8.273;
0.405822;8.27303;
0.405842;8.27307;
0.405862;8.27311;
0.405882;8.27314;
0.405902;8.27318;
0.405922;8.27322;
0.405942;8.27326;
0.405962;8.2733;
0.405982;8.27334;
0.406;8.27337;
0.406;8.27337;
0.406;8.27337;
0.406001;8.27337;
0.406001;8.27337;
0.406001;8.27337;
0.406001;8.27337;
0.406002;8.27337;
0.406002;8.27337;
0.406003;8.27338;
0.406006;8.27338;
0.406011;8.27339;
0.406021;8.27341;
0.406041;8.27345;
0.406061;8.27349;
0.406081;8.27353;
0.406101;8.27357;
0.406121;8.27361;
0.406141;8.27365;
0.406161;8.27369;
0.406181;8.27373;
0.406201;8.27377;
0.406221;8.27381;
0.406241;8.27385;
0.406261;8.27389;
0.406281;8.27393;
0.406301;8.27397;
0.406321;8.27401;
0.406341;8.27406;
0.406361;8.2741;
0.406381;8.27414;
0.406401;8.27418;
0.406421;8.27422;
0.406441;8.27427;
0.406461;8.27431;
0.406481;8.27435;
0.406501;8.2744;
0.406521;8.27444;
0.406541;8.27448;
0.406561;8.27453;
0.406581;8.27457;
0.406601;8.27461;
0.406621;8.27466;
0.406641;8.2747;
0.406661;8.27475;
0.406681;8.27479;
0.406701;8.27484;
0.406721;8.27488;
0.406741;8.27493;
0.406761;8.27497;
0.406781;8.27502;
0.406801;8.27506;
0.406821;8.27511;
0.406841;8.27516;
0.406861;8.2752;
0.406881;8.27525;
0.406901;8.2753;
0.406921;8.27534;
0.406941;8.27539;
0.406961;8.27544;
0.406981;8.27548;
0.407001;8.27553;
0.407001;8.27553;
0.407001;8.27553;
0.407002;8.27553;
0.407002;8.27553;
0.407002;8.27553;
0.407002;8.27553;
0.407003;8.27553;
0.407003;8.27554;
0.407004;8.27554;
0.407007;8.27554;
0.407012;8.27556;
0.407022;8.27558;
0.407042;8.27563;
0.407062;8.27568;
0.407082;8.27573;
0.407102;8.27577;
0.407122;8.27582;
0.407142;8.27587;
0.407162;8.27592;
0.407182;8.27597;
0.407202;8.27602;
0.407222;8.27607;
0.407242;8.27612;
0.407262;8.27617;
0.407282;8.27622;
0.407302;8.27627;
0.407322;8.27632;
0.407342;8.27637;
0.407362;8.27642;
0.407382;8.27647;
0.407402;8.27652;
0.407422;8.27657;
0.407442;8.27662;
0.407462;8.27668;
0.407482;8.27673;
0.407502;8.27678;
0.407522;8.27683;
0.407542;8.27688;
0.407562;8.27694;
0.407582;8.27699;
0.407602;8.27704;
0.407622;8.2771;
0.407642;8.27715;
0.407662;8.2772;
0.407682;8.27726;
0.407702;8.27731;
0.407722;8.27736;
0.407742;8.27742;
0.407762;8.27747;
0.407782;8.27753;
0.407802;8.27758;
0.407822;8.27763;
0.407842;8.27769;
0.407862;8.27774;
0.407882;8.2778;
0.407902;8.27786;
0.407922;8.27791;
0.407942;8.27797;
0.407962;8.27802;
0.407982;8.27808;
0.408;8.27813;
0.408;8.27813;
0.408;8.27813;
0.408001;8.27813;
0.408001;8.27813;
0.408001;8.27813;
0.408001;8.27813;
0.408002;8.27813;
0.408002;8.27813;
0.408003;8.27814;
0.408006;8.27815;
0.408011;8.27816;
0.408021;8.27819;
0.408041;8.27825;
0.408061;8.2783;
0.408081;8.27836;
0.408101;8.27842;
0.408121;8.27847;
0.408141;8.27853;
0.408161;8.27859;
0.408181;8.27865;
0.408201;8.2787;
0.408221;8.27876;
0.408241;8.27882;
0.408261;8.27888;
0.408281;8.27894;
0.408301;8.279;
0.408321;8.27906;
0.408341;8.27911;
0.408361;8.27917;
0.408381;8.27923;
0.408401;8.27929;
0.408421;8.27935;
0.408441;8.27941;
0.408461;8.27947;
0.408481;8.27953;
0.408501;8.27959;
0.408521;8.27965;
0.408541;8.27972;
0.408561;8.27978;
0.408581;8.27984;
0.408601;8.2799;
0.408621;8.27996;
0.408641;8.28002;
0.408661;8.28008;
0.408681;8.28015;
0.408701;8.28021;
0.408721;8.28027;
0.408741;8.28033;
0.408761;8.2804;
0.408781;8.28046;
0.408801;8.28052;
0.408821;8.28058;
0.408841;8.28065;
0.408861;8.28071;
0.408881;8.28077;
0.408901;8.28084;
0.408921;8.2809;
0.408941;8.28097;
0.408961;8.28103;
0.408981;8.2811;
0.409001;8.28116;
0.409001;8.28116;
0.409001;8.28116;
0.409002;8.28116;
0.409002;8.28116;
0.409002;8.28116;
0.409002;8.28116;
0.409003;8.28116;
0.409003;8.28117;
0.409004;8.28117;
0.409007;8.28118;
0.409012;8.2812;
0.409022;8.28123;
0.409042;8.28129;
0.409062;8.28136;
0.409082;8.28142;
0.409102;8.28149;
0.409122;8.28156;
0.409142;8.28162;
0.409162;8.28169;
0.409182;8.28175;
0.409202;8.28182;
0.409222;8.28189;
0.409242;8.28195;
0.409262;8.28202;
0.409282;8.28209;
0.409302;8.28215;
0.409322;8.28222;
0.409342;8.28229;
0.409362;8.28236;
0.409382;8.28242;
0.409402;8.28249;
0.409422;8.28256;
0.409442;8.28263;
0.409462;8.2827;
0.409482;8.28277;
0.409502;8.28283;
0.409522;8.2829;
0.409542;8.28297;
0.409562;8.28304;
0.409582;8.28311;
0.409602;8.28318;
0.409622;8.28325;
0.409642;8.28332;
0.409662;8.28339;
0.409682;8.28346;
0.409702;8.28353;
0.409722;8.2836;
0.409742;8.28367;
0.409762;8.28374;
0.409782;8.28381;
0.409802;8.28389;
0.409822;8.28396;
0.409842;8.28403;
0.409862;8.2841;
0.409882;8.28417;
0.409902;8.28424;
0.409922;8.28432;
0.409942;8.28439;
0.409962;8.28446;
0.409982;8.28453;
0.41;8.2846;
0.41;8.2846;
0.41;8.2846;
0.410001;8.2846;
0.410001;8.2846;
0.410001;8.2846;
0.410001;8.2846;
0.410002;8.2846;
0.410002;8.28461;
0.410003;8.28461;
0.410006;8.28462;
0.410011;8.28464;
0.410021;8.28468;
0.410041;8.28475;
0.410061;8.28482;
0.410081;8.2849;
0.410101;8.28497;
0.410121;8.28504;
0.410141;8.28512;
0.410161;8.28519;
0.410181;8.28527;
0.410201;8.28534;
0.410221;8.28541;
0.410241;8.28549;
0.410261;8.28556;
0.410281;8.28564;
0.410301;8.28571;
0.410321;8.28579;
0.410341;8.28587;
0.410361;8.28594;
0.410381;8.28602;
0.410401;8.28609;
0.410421;8.28617;
0.410441;8.28625;
0.410461;8.28632;
0.410481;8.2864;
0.410501;8.28648;
0.410521;8.28655;
0.410541;8.28663;
0.410561;8.28671;
0.410581;8.28678;
0.410601;8.28686;
0.410621;8.28694;
0.410641;8.28702;
0.410661;8.2871;
0.410681;8.28717;
0.410701;8.28725;
0.410721;8.28733;
0.410741;8.28741;
0.410761;8.28749;
0.410781;8.28757;
0.410801;8.28765;
0.410821;8.28773;
0.410841;8.28781;
0.410861;8.28789;
0.410881;8.28797;
0.410901;8.28805;
0.410921;8.28813;
0.410941;8.28821;
0.410961;8.28829;
0.410981;8.28837;
0.411001;8.28845;
0.411001;8.28845;
0.411001;8.28845;
0.411002;8.28845;
0.411002;8.28845;
0.411002;8.28845;
0.411002;8.28845;
0.411003;8.28845;
0.411003;8.28845;
0.411004;8.28846;
0.411007;8.28847;
0.411012;8.28849;
0.411022;8.28853;
0.411042;8.28861;
0.411062;8.28869;
0.411082;8.28878;
0.411102;8.28886;
0.411122;8.28894;
0.411142;8.28902;
0.411162;8.2891;
0.411182;8.28919;
0.411202;8.28927;
0.411222;8.28935;
0.411242;8.28943;
0.411262;8.28952;
0.411282;8.2896;
0.411302;8.28968;
0.411322;8.28976;
0.411342;8.28985;
0.411362;8.28993;
0.411382;8.29002;
0.411402;8.2901;
0.411422;8.29018;
0.411442;8.29027;
0.411462;8.29035;
0.411482;8.29044;
0.411502;8.29052;
0.411522;8.29061;
0.411542;8.29069;
0.411562;8.29078;
0.411582;8.29086;
0.411602;8.29095;
0.411622;8.29103;
0.411642;8.29112;
0.411662;8.2912;
0.411682;8.29129;
0.411702;8.29137;
0.411722;8.29146;
0.411742;8.29155;
0.411762;8.29163;
0.411782;8.29172;
0.411802;8.29181;
0.411822;8.29189;
0.411842;8.29198;
0.411862;8.29207;
0.411882;8.29216;
0.411902;8.29224;
0.411922;8.29233;
0.411942;8.29242;
0.411962;8.29251;
0.411982;8.2926;
0.412;8.29267;
0.412;8.29267;
0.412;8.29268;
0.412001;8.29268;
0.412001;8.29268;
0.412001;8.29268;
0.412001;8.29268;
0.412002;8.29268;
0.412002;8.29268;
0.412003;8.29269;
0.412006;8.2927;
0.412011;8.29272;
0.412021;8.29277;
0.412041;8.29286;
0.412061;8.29295;
0.412081;8.29304;
0.412098;8.29311;
0.412116;8.29319;
0.412135;8.29328;
0.412155;8.29337;
0.412175;8.29346;
0.412195;8.29355;
0.412215;8.29364;
0.412235;8.29373;
0.412255;8.29382;
0.412275;8.29391;
0.412295;8.294;
0.412315;8.29409;
0.412335;8.29418;
0.412355;8.29427;
0.412375;8.29436;
0.412395;8.29445;
0.412415;8.29454;
0.412435;8.29464;
0.412455;8.29473;
0.412475;8.29482;
0.412495;8.29491;
0.412515;8.295;
0.412535;8.2951;
0.412555;8.29519;
0.412575;8.29528;
0.412595;8.29537;
0.412615;8.29547;
0.412635;8.29556;
0.412655;8.29565;
0.412675;8.29575;
0.412695;8.29584;
0.412715;8.29593;
0.412735;8.29603;
0.412755;8.29612;
0.412775;8.29622;
0.412795;8.29631;
0.412815;8.2964;
0.412835;8.2965;
0.412855;8.29659;
0.412875;8.29669;
0.412895;8.29678;
0.412915;8.29688;
0.412935;8.29697;
0.412955;8.29707;
0.412975;8.29717;
0.412995;8.29726;
0.413001;8.29729;
0.413001;8.29729;
0.413001;8.29729;
0.413002;8.29729;
0.413002;8.29729;
0.413002;8.29729;
0.413002;8.29729;
0.413003;8.2973;
0.413003;8.2973;
0.413004;8.29731;
0.413007;8.29732;
0.413012;8.29734;
0.413022;8.29739;
0.413042;8.29749;
0.413062;8.29758;
0.413082;8.29768;
0.413102;8.29778;
0.413122;8.29787;
0.413142;8.29797;
0.413162;8.29807;
0.413182;8.29816;
0.413202;8.29826;
0.413222;8.29836;
0.413242;8.29846;
0.413262;8.29855;
0.413282;8.29865;
0.413302;8.29875;
0.413322;8.29885;
0.413342;8.29895;
0.413362;8.29904;
0.413382;8.29914;
0.413402;8.29924;
0.413422;8.29934;
0.413442;8.29944;
0.413462;8.29954;
0.413482;8.29964;
0.413502;8.29974;
0.413522;8.29984;
0.413542;8.29994;
0.413562;8.30004;
0.413582;8.30014;
0.413602;8.30024;
0.413622;8.30034;
0.413642;8.30044;
0.413662;8.30054;
0.413682;8.30064;
0.413702;8.30074;
0.413722;8.30084;
0.413742;8.30094;
0.413762;8.30104;
0.413782;8.30114;
0.413802;8.30125;
0.413822;8.30135;
0.413842;8.30145;
0.413862;8.30155;
0.413882;8.30165;
0.413902;8.30176;
0.413922;8.30186;
0.413942;8.30196;
0.413962;8.30206;
0.413982;8.30217;
0.414;8.30226;
0.414;8.30226;
0.414;8.30226;
0.414001;8.30226;
0.414001;8.30226;
0.414001;8.30226;
0.414001;8.30226;
0.414002;8.30227;
0.414002;8.30227;
0.414003;8.30228;
0.414006;8.30229;
0.414009;8.3023;
0.414011;8.30231;
0.414013;8.30232;
0.414015;8.30233;
0.414018;8.30233;
0.414021;8.30234;
0.414023;8.30234;
0.414028;8.30235;
0.414038;8.30237;
0.414053;8.3024;
0.414067;8.30243;
0.414082;8.30246;
0.414097;8.30249;
0.414117;8.30253;
0.414137;8.30256;
0.414157;8.3026;
0.414177;8.30264;
0.414197;8.30269;
0.414217;8.30273;
0.414237;8.30277;
0.414257;8.30281;
0.414277;8.30285;
0.414297;8.30289;
0.414317;8.30293;
0.414337;8.30297;
0.414357;8.30301;
0.414377;8.30306;
0.414397;8.3031;
0.414417;8.30314;
0.414437;8.30318;
0.414457;8.30323;
0.414477;8.30327;
0.414497;8.30331;
0.414517;8.30335;
0.414537;8.3034;
0.414557;8.30344;
0.414577;8.30348;
0.414597;8.30353;
0.414617;8.30357;
0.414637;8.30362;
0.414657;8.30366;
0.414677;8.30371;
0.414697;8.30375;
0.414717;8.30379;
0.414737;8.30384;
0.414757;8.30389;
0.414777;8.30393;
0.414797;8.30398;
0.414817;8.30402;
0.414837;8.30407;
0.414857;8.30411;
0.414877;8.30416;
0.414897;8.30421;
0.414917;8.30425;
0.414937;8.3043;
0.414957;8.30435;
0.414977;8.30439;
0.414997;8.30444;
0.415001;8.30445;
0.415001;8.30445;
0.415001;8.30445;
0.415002;8.30445;
0.415002;8.30445;
0.415002;8.30445;
0.415002;8.30445;
0.415003;8.30446;
0.415003;8.30446;
0.415004;8.30446;
0.415007;8.30447;
0.415012;8.30448;
0.415022;8.3045;
0.415042;8.30455;
0.415062;8.3046;
0.415082;8.30465;
0.415102;8.30469;
0.415122;8.30474;
0.415142;8.30479;
0.415162;8.30484;
0.415182;8.30489;
0.415202;8.30494;
0.415222;8.30499;
0.415242;8.30504;
0.415262;8.30509;
0.415282;8.30514;
0.415302;8.30519;
0.415322;8.30524;
0.415342;8.30529;
0.415362;8.30534;
0.415382;8.30539;
0.415402;8.30544;
0.415422;8.30549;
0.415442;8.30554;
0.415462;8.30559;
0.415482;8.30564;
0.415502;8.3057;
0.415522;8.30575;
0.415542;8.3058;
0.415562;8.30585;
0.415582;8.3059;
0.415602;8.30596;
0.415622;8.30601;
0.415642;8.30606;
0.415662;8.30612;
0.415682;8.30617;
0.415702;8.30622;
0.415722;8.30628;
0.415742;8.30633;
0.415762;8.30638;
0.415782;8.30644;
0.415802;8.30649;
0.415822;8.30655;
0.415842;8.3066;
0.415862;8.30666;
0.415882;8.30671;
0.415902;8.30677;
0.415922;8.30682;
0.415942;8.30688;
0.415962;8.30693;
0.415982;8.30699;
0.416;8.30704;
0.416;8.30704;
0.416;8.30704;
0.416001;8.30704;
0.416001;8.30704;
0.416001;8.30704;
0.416001;8.30704;
0.416002;8.30704;
0.416002;8.30704;
0.416003;8.30705;
0.416006;8.30705;
0.416011;8.30707;
0.416021;8.3071;
0.416039;8.30715;
0.416059;8.3072;
0.416079;8.30726;
0.416099;8.30732;
0.416119;8.30737;
0.416139;8.30743;
0.416159;8.30749;
0.416179;8.30755;
0.416199;8.3076;
0.416219;8.30766;
0.416239;8.30772;
0.416259;8.30778;
0.416279;8.30784;
0.416299;8.30789;
0.416319;8.30795;
0.416339;8.30801;
0.416359;8.30807;
0.416379;8.30813;
0.416399;8.30819;
0.416419;8.30825;
0.416439;8.30831;
0.416459;8.30837;
0.416479;8.30843;
0.416499;8.30849;
0.416519;8.30855;
0.416539;8.30861;
0.416559;8.30867;
0.416579;8.30873;
0.416599;8.30879;
0.416619;8.30885;
0.416639;8.30891;
0.416659;8.30898;
0.416679;8.30904;
0.416699;8.3091;
0.416719;8.30916;
0.416739;8.30922;
0.416759;8.30929;
0.416779;8.30935;
0.416799;8.30941;
0.416819;8.30947;
0.416839;8.30954;
0.416859;8.3096;
0.416879;8.30966;
0.416899;8.30973;
0.416919;8.30979;
0.416939;8.30985;
0.416959;8.30992;
0.416979;8.30998;
0.416999;8.31005;
0.417001;8.31005;
0.417001;8.31005;
0.417001;8.31005;
0.417002;8.31005;
0.417002;8.31006;
0.417002;8.31006;
0.417002;8.31006;
0.417003;8.31006;
0.417003;8.31006;
0.417004;8.31006;
0.417007;8.31007;
0.417012;8.31009;
0.417022;8.31012;
0.417042;8.31019;
0.417062;8.31025;
0.417082;8.31032;
0.417102;8.31038;
0.417122;8.31045;
0.417142;8.31051;
0.417162;8.31058;
0.417182;8.31064;
0.417202;8.31071;
0.417222;8.31077;
0.417242;8.31084;
0.417262;8.31091;
0.417282;8.31097;
0.417302;8.31104;
0.417322;8.31111;
0.417342;8.31117;
0.417362;8.31124;
0.417382;8.31131;
0.417402;8.31138;
0.417422;8.31144;
0.417442;8.31151;
0.417462;8.31158;
0.417482;8.31165;
0.417502;8.31172;
0.417522;8.31179;
0.417542;8.31185;
0.417562;8.31192;
0.417582;8.31199;
0.417602;8.31206;
0.417622;8.31213;
0.417642;8.3122;
0.417662;8.31227;
0.417682;8.31234;
0.417702;8.31241;
0.417722;8.31248;
0.417742;8.31255;
0.417762;8.31262;
0.417782;8.31269;
0.417802;8.31276;
0.417822;8.31283;
0.417842;8.3129;
0.417862;8.31297;
0.417882;8.31305;
0.417902;8.31312;
0.417922;8.31319;
0.417942;8.31326;
0.417962;8.31333;
0.417982;8.31341;
0.418;8.31347;
0.418;8.31347;
0.418;8.31347;
0.418001;8.31347;
0.418001;8.31347;
0.418001;8.31347;
0.418001;8.31347;
0.418002;8.31347;
0.418002;8.31348;
0.418003;8.31348;
0.418006;8.31349;
0.418011;8.31351;
0.418021;8.31355;
0.418041;8.31362;
0.418061;8.31369;
0.418081;8.31376;
0.418101;8.31384;
0.418121;8.31391;
0.418141;8.31398;
0.418161;8.31406;
0.418181;8.31413;
0.418201;8.31421;
0.418221;8.31428;
0.418241;8.31435;
0.418261;8.31443;
0.418281;8.3145;
0.418301;8.31458;
0.418321;8.31465;
0.418341;8.31473;
0.418361;8.3148;
0.418381;8.31488;
0.418401;8.31495;
0.418421;8.31503;
0.418441;8.31511;
0.418461;8.31518;
0.418481;8.31526;
0.418501;8.31533;
0.418521;8.31541;
0.418541;8.31549;
0.418561;8.31556;
0.418581;8.31564;
0.418601;8.31572;
0.418621;8.31579;
0.418641;8.31587;
0.418661;8.31595;
0.418681;8.31603;
0.418701;8.3161;
0.418721;8.31618;
0.418741;8.31626;
0.418761;8.31634;
0.418781;8.31642;
0.418801;8.3165;
0.418821;8.31658;
0.418841;8.31665;
0.418861;8.31673;
0.418881;8.31681;
0.418901;8.31689;
0.418921;8.31697;
0.418941;8.31705;
0.418961;8.31713;
0.418981;8.31721;
0.419001;8.31729;
0.419001;8.31729;
0.419001;8.31729;
0.419002;8.31729;
0.419002;8.31729;
0.419002;8.31729;
0.419002;8.31729;
0.419003;8.3173;
0.419003;8.3173;
0.419004;8.3173;
0.419007;8.31731;
0.419012;8.31733;
0.419022;8.31738;
0.419042;8.31746;
0.419062;8.31754;
0.419082;8.31762;
0.419102;8.3177;
0.419122;8.31778;
0.419142;8.31786;
0.419162;8.31794;
0.419182;8.31802;
0.419202;8.3181;
0.419222;8.31819;
0.419242;8.31827;
0.419262;8.31835;
0.419282;8.31843;
0.419302;8.31852;
0.419322;8.3186;
0.419342;8.31868;
0.419362;8.31876;
0.419382;8.31885;
0.419402;8.31893;
0.419422;8.31901;
0.419442;8.3191;
0.419462;8.31918;
0.419482;8.31926;
0.419502;8.31935;
0.419522;8.31943;
0.419542;8.31952;
0.419562;8.3196;
0.419582;8.31969;
0.419602;8.31977;
0.419622;8.31986;
0.419642;8.31994;
0.419662;8.32003;
0.419682;8.32011;
0.419702;8.3202;
0.419722;8.32028;
0.419742;8.32037;
0.419762;8.32045;
0.419782;8.32054;
0.419802;8.32063;
0.419822;8.32071;
0.419842;8.3208;
0.419862;8.32089;
0.419882;8.32097;
0.419902;8.32106;
0.419922;8.32115;
0.419942;8.32123;
0.419962;8.32132;
0.419982;8.32141;
0.42;8.32149;
0.42;8.32149;
0.42;8.32149;
0.420001;8.32149;
0.420001;8.32149;
0.420001;8.32149;
0.420001;8.32149;
0.420002;8.32149;
0.420002;8.3215;
0.420003;8.3215;
0.420006;8.32151;
0.420011;8.32153;
0.420021;8.32158;
0.420036;8.32165;
0.420054;8.32172;
0.420072;8.3218;
0.420092;8.32189;
0.420107;8.32196;
0.420123;8.32203;
0.420141;8.32211;
0.420161;8.3222;
0.420181;8.32229;
0.420201;8.32238;
0.420221;8.32247;
0.420241;8.32255;
0.420261;8.32264;
0.420281;8.32273;
0.420301;8.32282;
0.420321;8.32291;
0.420341;8.323;
0.420361;8.32309;
0.420381;8.32319;
0.420401;8.32328;
0.420421;8.32337;
0.420441;8.32346;
0.420461;8.32355;
0.420481;8.32364;
0.420501;8.32373;
0.420521;8.32382;
0.420541;8.32391;
0.420561;8.32401;
0.420581;8.3241;
0.420601;8.32419;
0.420621;8.32428;
0.420641;8.32438;
0.420661;8.32447;
0.420681;8.32456;
0.420701;8.32465;
0.420721;8.32475;
0.420741;8.32484;
0.420761;8.32493;
0.420781;8.32503;
0.420801;8.32512;
0.420821;8.32521;
0.420841;8.32531;
0.420861;8.3254;
0.420881;8.3255;
0.420901;8.32559;
0.420921;8.32568;
0.420941;8.32578;
0.420961;8.32587;
0.420981;8.32597;
0.421001;8.32606;
0.421001;8.32606;
0.421001;8.32606;
0.421002;8.32607;
0.421002;8.32607;
0.421002;8.32607;
0.421002;8.32607;
0.421003;8.32607;
0.421003;8.32607;
0.421004;8.32608;
0.421007;8.32609;
0.421012;8.32612;
0.421022;8.32616;
0.421042;8.32626;
0.421062;8.32636;
0.421082;8.32645;
0.421102;8.32655;
0.421122;8.32664;
0.421142;8.32674;
0.421162;8.32683;
0.421182;8.32693;
0.421202;8.32703;
0.421222;8.32712;
0.421242;8.32722;
0.421262;8.32732;
0.421282;8.32742;
0.421302;8.32751;
0.421322;8.32761;
0.421342;8.32771;
0.421362;8.3278;
0.421382;8.3279;
0.421402;8.328;
0.421422;8.3281;
0.421442;8.3282;
0.421462;8.32829;
0.421482;8.32839;
0.421502;8.32849;
0.421522;8.32859;
0.421542;8.32869;
0.421562;8.32879;
0.421582;8.32889;
0.421602;8.32899;
0.421622;8.32909;
0.421642;8.32919;
0.421662;8.32929;
0.421682;8.32939;
0.421702;8.32949;
0.421722;8.32959;
0.421742;8.32969;
0.421762;8.32979;
0.421782;8.32989;
0.421802;8.32999;
0.421822;8.33009;
0.421842;8.33019;
0.421862;8.33029;
0.421882;8.33039;
0.421902;8.33049;
0.421922;8.3306;
0.421942;8.3307;
0.421962;8.3308;
0.421982;8.3309;
0.422;8.33099;
0.422;8.33099;
0.422;8.33099;
0.422001;8.33099;
0.422001;8.331;
0.422001;8.331;
0.422001;8.331;
0.422002;8.331;
0.422002;8.331;
0.422003;8.331;
0.422003;8.33101;
0.422004;8.33101;
0.422006;8.33102;
0.422008;8.33102;
0.42201;8.33103;
0.422011;8.33103;
0.422014;8.33103;
0.422016;8.33103;
0.422021;8.33104;
0.42203;8.33104;
0.422042;8.33105;
0.422057;8.33106;
0.42207;8.33107;
0.422085;8.33108;
0.422105;8.3311;
0.422125;8.33111;
0.422145;8.33113;
0.422165;8.33114;
0.422185;8.33116;
0.422205;8.33118;
0.422225;8.33119;
0.422245;8.33121;
0.422265;8.33122;
0.422285;8.33124;
0.422305;8.33126;
0.422325;8.33128;
0.422345;8.33129;
0.422365;8.33131;
0.422385;8.33133;
0.422405;8.33135;
0.422425;8.33136;
0.422445;8.33138;
0.422465;8.3314;
0.422485;8.33142;
0.422505;8.33144;
0.422525;8.33146;
0.422545;8.33148;
0.422565;8.3315;
0.422585;8.33151;
0.422605;8.33153;
0.422625;8.33155;
0.422645;8.33157;
0.422665;8.3316;
0.422685;8.33162;
0.422705;8.33164;
0.422725;8.33166;
0.422745;8.33168;
0.422765;8.3317;
0.422785;8.33172;
0.422805;8.33174;
0.422825;8.33176;
0.422845;8.33179;
0.422865;8.33181;
0.422885;8.33183;
0.422905;8.33185;
0.422925;8.33188;
0.422945;8.3319;
0.422965;8.33192;
0.422985;8.33195;
0.423001;8.33197;
0.423001;8.33197;
0.423001;8.33197;
0.423002;8.33197;
0.423002;8.33197;
0.423002;8.33197;
0.423002;8.33197;
0.423003;8.33197;
0.423003;8.33197;
0.423004;8.33197;
0.423007;8.33197;
0.423012;8.33198;
0.423022;8.33199;
0.423042;8.33201;
0.423062;8.33204;
0.423082;8.33206;
0.423102;8.33209;
0.423122;8.33211;
0.423142;8.33214;
0.423162;8.33216;
0.423182;8.33219;
0.423202;8.33221;
0.423222;8.33224;
0.423242;8.33226;
0.423262;8.33229;
0.423282;8.33232;
0.423302;8.33234;
0.423322;8.33237;
0.423342;8.33239;
0.423362;8.33242;
0.423382;8.33245;
0.423402;8.33248;
0.423422;8.3325;
0.423442;8.33253;
0.423462;8.33256;
0.423482;8.33259;
0.423502;8.33261;
0.423522;8.33264;
0.423542;8.33267;
0.423562;8.3327;
0.423582;8.33273;
0.423602;8.33276;
0.423622;8.33279;
0.423642;8.33282;
0.423662;8.33285;
0.423682;8.33288;
0.423702;8.33291;
0.423722;8.33294;
0.423742;8.33297;
0.423762;8.333;
0.423782;8.33303;
0.423802;8.33306;
0.423822;8.33309;
0.423842;8.33312;
0.423862;8.33315;
0.423882;8.33318;
0.423902;8.33322;
0.423922;8.33325;
0.423942;8.33328;
0.423962;8.33331;
0.423982;8.33334;
0.424;8.33337;
0.424;8.33337;
0.424;8.33337;
0.424001;8.33337;
0.424001;8.33337;
0.424001;8.33337;
0.424001;8.33337;
0.424002;8.33338;
0.424002;8.33338;
0.424003;8.33338;
0.424006;8.33338;
0.424011;8.33339;
0.424021;8.33341;
0.424041;8.33344;
0.424061;8.33347;
0.424081;8.33351;
0.424101;8.33354;
0.424121;8.33357;
0.424141;8.33361;
0.424161;8.33364;
0.424181;8.33368;
0.424201;8.33371;
0.424221;8.33375;
0.424241;8.33378;
0.424261;8.33382;
0.424281;8.33385;
0.424301;8.33389;
0.424321;8.33392;
0.424341;8.33396;
0.424361;8.33399;
0.424381;8.33403;
0.424401;8.33407;
0.424421;8.3341;
0.424441;8.33414;
0.424461;8.33418;
0.424481;8.33421;
0.424501;8.33425;
0.424521;8.33429;
0.424541;8.33433;
0.424561;8.33436;
0.424581;8.3344;
0.424601;8.33444;
0.424621;8.33448;
0.424641;8.33452;
0.424661;8.33455;
0.424681;8.33459;
0.424701;8.33463;
0.424721;8.33467;
0.424741;8.33471;
0.424761;8.33475;
0.424781;8.33479;
0.424801;8.33483;
0.424821;8.33487;
0.424841;8.33491;
0.424861;8.33495;
0.424881;8.33499;
0.424901;8.33503;
0.424921;8.33507;
0.424941;8.33511;
0.424961;8.33515;
0.424981;8.3352;
0.425001;8.33524;
0.425001;8.33524;
0.425001;8.33524;
0.425002;8.33524;
0.425002;8.33524;
0.425002;8.33524;
0.425002;8.33524;
0.425003;8.33524;
0.425003;8.33524;
0.425004;8.33524;
0.425007;8.33525;
0.425012;8.33526;
0.425022;8.33528;
0.425042;8.33532;
0.425062;8.33536;
0.425082;8.33541;
0.425102;8.33545;
0.425122;8.33549;
0.425142;8.33553;
0.425162;8.33558;
0.425182;8.33562;
0.425202;8.33566;
0.425222;8.33571;
0.425242;8.33575;
0.425262;8.3358;
0.425282;8.33584;
0.425302;8.33588;
0.425322;8.33593;
0.425342;8.33597;
0.425362;8.33602;
0.425382;8.33606;
0.425402;8.33611;
0.425422;8.33615;
0.425442;8.3362;
0.425462;8.33624;
0.425482;8.33629;
0.425502;8.33634;
0.425522;8.33638;
0.425542;8.33643;
0.425562;8.33647;
0.425582;8.33652;
0.425602;8.33657;
0.425622;8.33661;
0.425642;8.33666;
0.425662;8.33671;
0.425682;8.33676;
0.425702;8.3368;
0.425722;8.33685;
0.425742;8.3369;
0.425762;8.33695;
0.425782;8.337;
0.425802;8.33704;
0.425822;8.33709;
0.425842;8.33714;
0.425862;8.33719;
0.425882;8.33724;
0.425902;8.33729;
0.425922;8.33734;
0.425942;8.33739;
0.425962;8.33744;
0.425982;8.33749;
0.426;8.33753;
0.426;8.33753;
0.426;8.33753;
0.426001;8.33753;
0.426001;8.33754;
0.426001;8.33754;
0.426001;8.33754;
0.426002;8.33754;
0.426002;8.33754;
0.426003;8.33754;
0.426006;8.33755;
0.426011;8.33756;
0.426021;8.33759;
0.426037;8.33763;
0.426057;8.33768;
0.426077;8.33773;
0.426097;8.33778;
0.426117;8.33783;
0.426137;8.33788;
0.426157;8.33793;
0.426177;8.33799;
0.426197;8.33804;
0.426217;8.33809;
0.426237;8.33814;
0.426257;8.33819;
0.426277;8.33825;
0.426297;8.3383;
0.426317;8.33835;
0.426337;8.33841;
0.426357;8.33846;
0.426377;8.33851;
0.426397;8.33857;
0.426417;8.33862;
0.426437;8.33867;
0.426457;8.33873;
0.426477;8.33878;
0.426497;8.33884;
0.426517;8.33889;
0.426537;8.33895;
0.426557;8.339;
0.426577;8.33906;
0.426597;8.33911;
0.426617;8.33917;
0.426637;8.33922;
0.426657;8.33928;
0.426677;8.33933;
0.426697;8.33939;
0.426717;8.33945;
0.426737;8.3395;
0.426757;8.33956;
0.426777;8.33962;
0.426797;8.33967;
0.426817;8.33973;
0.426837;8.33979;
0.426857;8.33984;
0.426877;8.3399;
0.426897;8.33996;
0.426917;8.34002;
0.426937;8.34007;
0.426957;8.34013;
0.426977;8.34019;
0.426997;8.34025;
0.427001;8.34026;
0.427001;8.34026;
0.427001;8.34026;
0.427002;8.34026;
0.427002;8.34026;
0.427002;8.34026;
0.427002;8.34026;
0.427003;8.34026;
0.427003;8.34027;
0.427004;8.34027;
0.427007;8.34028;
0.427012;8.34029;
0.427022;8.34032;
0.427042;8.34038;
0.427062;8.34044;
0.427082;8.3405;
0.427102;8.34056;
0.427122;8.34062;
0.427142;8.34068;
0.427162;8.34074;
0.427182;8.3408;
0.427202;8.34086;
0.427222;8.34092;
0.427242;8.34098;
0.427262;8.34104;
0.427282;8.3411;
0.427302;8.34116;
0.427322;8.34122;
0.427342;8.34129;
0.427362;8.34135;
0.427382;8.34141;
0.427402;8.34147;
0.427422;8.34153;
0.427442;8.34159;
0.427462;8.34166;
0.427482;8.34172;
0.427502;8.34178;
0.427522;8.34184;
0.427542;8.34191;
0.427562;8.34197;
0.427582;8.34203;
0.427602;8.3421;
0.427622;8.34216;
0.427642;8.34223;
0.427662;8.34229;
0.427682;8.34235;
0.427702;8.34242;
0.427722;8.34248;
0.427742;8.34255;
0.427762;8.34261;
0.427782;8.34268;
0.427802;8.34274;
0.427822;8.34281;
0.427842;8.34287;
0.427862;8.34294;
0.427882;8.343;
0.427902;8.34307;
0.427922;8.34314;
0.427942;8.3432;
0.427962;8.34327;
0.427982;8.34333;
0.428;8.34339;
0.428;8.34339;
0.428;8.34339;
0.428001;8.3434;
0.428001;8.3434;
0.428001;8.3434;
0.428001;8.3434;
0.428002;8.3434;
0.428002;8.3434;
0.428003;8.3434;
0.428006;8.34341;
0.428011;8.34343;
0.428021;8.34346;
0.428041;8.34353;
0.428061;8.3436;
0.428081;8.34367;
0.428101;8.34373;
0.428121;8.3438;
0.428141;8.34387;
0.428161;8.34394;
0.428181;8.34401;
0.428201;8.34407;
0.428221;8.34414;
0.428241;8.34421;
0.428261;8.34428;
0.428281;8.34435;
0.428301;8.34442;
0.428321;8.34449;
0.428341;8.34456;
0.428361;8.34463;
0.428381;8.3447;
0.428401;8.34476;
0.428421;8.34483;
0.428441;8.34491;
0.428461;8.34498;
0.428481;8.34505;
0.428501;8.34512;
0.428521;8.34519;
0.428541;8.34526;
0.428561;8.34533;
0.428581;8.3454;
0.428601;8.34547;
0.428621;8.34554;
0.428641;8.34562;
0.428661;8.34569;
0.428681;8.34576;
0.428701;8.34583;
0.428721;8.3459;
0.428741;8.34598;
0.428761;8.34605;
0.428781;8.34612;
0.428801;8.34619;
0.428821;8.34627;
0.428841;8.34634;
0.428861;8.34641;
0.428881;8.34649;
0.428901;8.34656;
0.428921;8.34664;
0.428941;8.34671;
0.428961;8.34678;
0.428981;8.34686;
0.429001;8.34693;
0.429001;8.34693;
0.429001;8.34693;
0.429002;8.34693;
0.429002;8.34694;
0.429002;8.34694;
0.429002;8.34694;
0.429003;8.34694;
0.429003;8.34694;
0.429004;8.34694;
0.429007;8.34695;
0.429012;8.34697;
0.429022;8.34701;
0.429042;8.34709;
0.429062;8.34716;
0.429082;8.34724;
0.429102;8.34731;
0.429122;8.34739;
0.429142;8.34746;
0.429162;8.34754;
0.429182;8.34761;
0.429202;8.34769;
0.429222;8.34777;
0.429242;8.34784;
0.429262;8.34792;
0.429282;8.348;
0.429302;8.34807;
0.429322;8.34815;
0.429342;8.34823;
0.429362;8.34831;
0.429382;8.34838;
0.429402;8.34846;
0.429422;8.34854;
0.429442;8.34862;
0.429462;8.34869;
0.429482;8.34877;
0.429502;8.34885;
0.429522;8.34893;
0.429542;8.34901;
0.429562;8.34909;
0.429582;8.34917;
0.429602;8.34924;
0.429622;8.34932;
0.429642;8.3494;
0.429662;8.34948;
0.429682;8.34956;
0.429702;8.34964;
0.429722;8.34972;
0.429742;8.3498;
0.429762;8.34988;
0.429782;8.34996;
0.429802;8.35004;
0.429822;8.35013;
0.429842;8.35021;
0.429862;8.35029;
0.429882;8.35037;
0.429902;8.35045;
0.429922;8.35053;
0.429942;8.35061;
0.429962;8.3507;
0.429982;8.35078;
0.43;8.35085;
0.43;8.35085;
0.43;8.35085;
0.430001;8.35085;
0.430001;8.35085;
0.430001;8.35085;
0.430001;8.35085;
0.430002;8.35086;
0.430002;8.35086;
0.430003;8.35086;
0.430006;8.35087;
0.430011;8.3509;
0.430021;8.35094;
0.430036;8.351;
0.430053;8.35107;
0.43007;8.35114;
0.43009;8.35122;
0.430105;8.35128;
0.430122;8.35135;
0.430142;8.35144;
0.430162;8.35152;
0.430182;8.3516;
0.430202;8.35169;
0.430222;8.35177;
0.430242;8.35185;
0.430262;8.35194;
0.430282;8.35202;
0.430302;8.35211;
0.430322;8.35219;
0.430342;8.35228;
0.430362;8.35236;
0.430382;8.35245;
0.430402;8.35253;
0.430422;8.35262;
0.430442;8.3527;
0.430462;8.35279;
0.430482;8.35287;
0.430502;8.35296;
0.430522;8.35304;
0.430542;8.35313;
0.430562;8.35322;
0.430582;8.3533;
0.430602;8.35339;
0.430622;8.35348;
0.430642;8.35356;
0.430662;8.35365;
0.430682;8.35374;
0.430702;8.35383;
0.430722;8.35391;
0.430742;8.354;
0.430762;8.35409;
0.430782;8.35418;
0.430802;8.35426;
0.430822;8.35435;
0.430842;8.35444;
0.430862;8.35453;
0.430882;8.35462;
0.430902;8.35471;
0.430922;8.3548;
0.430942;8.35488;
0.430962;8.35497;
0.430982;8.35506;
0.431001;8.35515;
0.431001;8.35515;
0.431001;8.35515;
0.431002;8.35515;
0.431002;8.35515;
0.431002;8.35515;
0.431002;8.35516;
0.431003;8.35516;
0.431003;8.35516;
0.431004;8.35517;
0.431007;8.35518;
0.431012;8.3552;
0.431022;8.35525;
0.431042;8.35534;
0.431062;8.35543;
0.431082;8.35552;
0.431102;8.35561;
0.431122;8.3557;
0.431142;8.35579;
0.431162;8.35588;
0.431182;8.35597;
0.431202;8.35606;
0.431222;8.35615;
0.431242;8.35624;
0.431262;8.35633;
0.431282;8.35642;
0.431302;8.35652;
0.431322;8.35661;
0.431342;8.3567;
0.431362;8.35679;
0.431382;8.35688;
0.431402;8.35698;
0.431422;8.35707;
0.431442;8.35716;
0.431462;8.35725;
0.431482;8.35735;
0.431502;8.35744;
0.431522;8.35753;
0.431542;8.35763;
0.431562;8.35772;
0.431582;8.35781;
0.431602;8.35791;
0.431622;8.358;
0.431642;8.3581;
0.431662;8.35819;
0.431682;8.35829;
0.431702;8.35838;
0.431722;8.35847;
0.431742;8.35857;
0.431762;8.35866;
0.431782;8.35876;
0.431802;8.35885;
0.431822;8.35895;
0.431842;8.35905;
0.431862;8.35914;
0.431882;8.35924;
0.431902;8.35933;
0.431922;8.35943;
0.431942;8.35953;
0.431962;8.35962;
0.431982;8.35972;
0.432;8.3598;
0.432;8.3598;
0.432;8.3598;
0.432001;8.35981;
0.432001;8.35981;
0.432001;8.35981;
0.432001;8.35981;
0.432002;8.35981;
0.432002;8.35981;
0.432003;8.35982;
0.432004;8.35982;
0.432005;8.35983;
0.432006;8.35983;
0.43201;8.35984;
0.432013;8.35984;
0.432016;8.35984;
0.432019;8.35984;
0.432026;8.35984;
0.432038;8.35984;
0.432051;8.35984;
0.432064;8.35984;
0.432077;8.35985;
0.432097;8.35985;
0.432117;8.35985;
0.432137;8.35986;
0.432157;8.35986;
0.432177;8.35987;
0.432197;8.35987;
0.432217;8.35987;
0.432237;8.35988;
0.432257;8.35988;
0.432277;8.35989;
0.432297;8.3599;
0.432317;8.3599;
0.432337;8.35991;
0.432357;8.35991;
0.432377;8.35992;
0.432397;8.35993;
0.432417;8.35993;
0.432437;8.35994;
0.432457;8.35995;
0.432477;8.35995;
0.432497;8.35996;
0.432517;8.35997;
0.432537;8.35997;
0.432557;8.35998;
0.432577;8.35999;
0.432597;8.36;
0.432617;8.36001;
0.432637;8.36002;
0.432657;8.36003;
0.432677;8.36003;
0.432697;8.36004;
0.432717;8.36005;
0.432737;8.36006;
0.432757;8.36007;
0.432777;8.36008;
0.432797;8.36009;
0.432817;8.3601;
0.432837;8.36011;
0.432857;8.36012;
0.432877;8.36014;
0.432897;8.36015;
0.432917;8.36016;
0.432937;8.36017;
0.432957;8.36018;
0.432977;8.36019;
0.432997;8.36021;
0.433001;8.36021;
0.433001;8.36021;
0.433001;8.36021;
0.433002;8.36021;
0.433002;8.36021;
0.433002;8.36021;
0.433002;8.36021;
0.433003;8.36021;
0.433003;8.36021;
0.433004;8.36021;
0.433007;8.36021;
0.433012;8.36021;
0.433022;8.36022;
0.433042;8.36023;
0.433062;8.36025;
0.433082;8.36026;
0.433102;8.36027;
0.433122;8.36029;
0.433142;8.3603;
0.433162;8.36031;
0.433182;8.36033;
0.433202;8.36034;
0.433222;8.36036;
0.433242;8.36037;
0.433262;8.36038;
0.433282;8.3604;
0.433302;8.36041;
0.433322;8.36043;
0.433342;8.36045;
0.433362;8.36046;
0.433382;8.36048;
0.433402;8.36049;
0.433422;8.36051;
0.433442;8.36053;
0.433462;8.36054;
0.433482;8.36056;
0.433502;8.36058;
0.433522;8.36059;
0.433542;8.36061;
0.433562;8.36063;
0.433582;8.36064;
0.433602;8.36066;
0.433622;8.36068;
0.433642;8.3607;
0.433662;8.36072;
0.433682;8.36074;
0.433702;8.36075;
0.433722;8.36077;
0.433742;8.36079;
0.433762;8.36081;
0.433782;8.36083;
0.433802;8.36085;
0.433822;8.36087;
0.433842;8.36089;
0.433862;8.36091;
0.433882;8.36093;
0.433902;8.36095;
0.433922;8.36097;
0.433942;8.361;
0.433962;8.36102;
0.433982;8.36104;
0.434;8.36106;
0.434;8.36106;
0.434;8.36106;
0.434001;8.36106;
0.434001;8.36106;
0.434001;8.36106;
0.434001;8.36106;
0.434002;8.36106;
0.434002;8.36106;
0.434003;8.36106;
0.434006;8.36106;
0.434011;8.36107;
0.434021;8.36108;
0.434041;8.3611;
0.434061;8.36112;
0.434081;8.36115;
0.434101;8.36117;
0.434121;8.36119;
0.434141;8.36121;
0.434161;8.36124;
0.434181;8.36126;
0.434201;8.36128;
0.434221;8.36131;
0.434241;8.36133;
0.434261;8.36136;
0.434281;8.36138;
0.434301;8.3614;
0.434321;8.36143;
0.434341;8.36145;
0.434361;8.36148;
0.434381;8.3615;
0.434401;8.36153;
0.434421;8.36155;
0.434441;8.36158;
0.434461;8.36161;
0.434481;8.36163;
0.434501;8.36166;
0.434521;8.36168;
0.434541;8.36171;
0.434561;8.36174;
0.434581;8.36176;
0.434601;8.36179;
0.434621;8.36182;
0.434641;8.36185;
0.434661;8.36187;
0.434681;8.3619;
0.434701;8.36193;
0.434721;8.36196;
0.434741;8.36199;
0.434761;8.36201;
0.434781;8.36204;
0.434801;8.36207;
0.434821;8.3621;
0.434841;8.36213;
0.434861;8.36216;
0.434881;8.36219;
0.434901;8.36222;
0.434921;8.36225;
0.434941;8.36228;
0.434961;8.36231;
0.434981;8.36234;
0.435001;8.36237;
0.435001;8.36237;
0.435001;8.36237;
0.435002;8.36237;
0.435002;8.36237;
0.435002;8.36237;
0.435002;8.36237;
0.435003;8.36237;
0.435003;8.36237;
0.435004;8.36238;
0.435007;8.36238;
0.435012;8.36239;
0.435022;8.3624;
0.435042;8.36243;
0.435062;8.36247;
0.435082;8.3625;
0.435102;8.36253;
0.435122;8.36256;
0.435142;8.36259;
0.435162;8.36262;
0.435182;8.36266;
0.435202;8.36269;
0.435222;8.36272;
0.435242;8.36276;
0.435262;8.36279;
0.435282;8.36282;
0.435302;8.36285;
0.435322;8.36289;
0.435342;8.36292;
0.435362;8.36296;
0.435382;8.36299;
0.435402;8.36302;
0.435422;8.36306;
0.435442;8.36309;
0.435462;8.36313;
0.435482;8.36316;
0.435502;8.3632;
0.435522;8.36323;
0.435542;8.36327;
0.435562;8.36331;
0.435582;8.36334;
0.435602;8.36338;
0.435622;8.36341;
0.435642;8.36345;
0.435662;8.36349;
0.435682;8.36352;
0.435702;8.36356;
0.435722;8.3636;
0.435742;8.36363;
0.435762;8.36367;
0.435782;8.36371;
0.435802;8.36375;
0.435822;8.36379;
0.435842;8.36382;
0.435862;8.36386;
0.435882;8.3639;
0.435902;8.36394;
0.435922;8.36398;
0.435942;8.36402;
0.435962;8.36406;
0.435982;8.3641;
0.436;8.36413;
0.436;8.36413;
0.436;8.36413;
0.436001;8.36413;
0.436001;8.36413;
0.436001;8.36413;
0.436001;8.36413;
0.436002;8.36413;
0.436002;8.36413;
0.436003;8.36414;
0.436006;8.36414;
0.436011;8.36415;
0.436021;8.36417;
0.436041;8.36421;
0.436061;8.36425;
0.436081;8.36429;
0.436101;8.36433;
0.436121;8.36437;
0.436141;8.36441;
0.436161;8.36446;
0.436181;8.3645;
0.436201;8.36454;
0.436221;8.36458;
0.436241;8.36462;
0.436261;8.36466;
0.436281;8.36471;
0.436301;8.36475;
0.436321;8.36479;
0.436341;8.36483;
0.436361;8.36487;
0.436381;8.36492;
0.436401;8.36496;
0.436421;8.365;
0.436441;8.36505;
0.436461;8.36509;
0.436481;8.36513;
0.436501;8.36518;
0.436521;8.36522;
0.436541;8.36527;
0.436561;8.36531;
0.436581;8.36536;
0.436601;8.3654;
0.436621;8.36545;
0.436641;8.36549;
0.436661;8.36554;
0.436681;8.36558;
0.436701;8.36563;
0.436721;8.36567;
0.436741;8.36572;
0.436761;8.36576;
0.436781;8.36581;
0.436801;8.36586;
0.436821;8.3659;
0.436841;8.36595;
0.436861;8.366;
0.436881;8.36604;
0.436901;8.36609;
0.436921;8.36614;
0.436941;8.36619;
0.436961;8.36623;
0.436981;8.36628;
0.437001;8.36633;
0.437001;8.36633;
0.437001;8.36633;
0.437002;8.36633;
0.437002;8.36633;
0.437002;8.36633;
0.437002;8.36633;
0.437003;8.36633;
0.437003;8.36634;
0.437004;8.36634;
0.437007;8.36634;
0.437012;8.36636;
0.437022;8.36638;
0.437042;8.36643;
0.437062;8.36648;
0.437082;8.36653;
0.437102;8.36658;
0.437122;8.36663;
0.437142;8.36667;
0.437162;8.36672;
0.437182;8.36677;
0.437202;8.36682;
0.437222;8.36687;
0.437242;8.36692;
0.437262;8.36697;
0.437282;8.36702;
0.437302;8.36708;
0.437322;8.36713;
0.437342;8.36718;
0.437362;8.36723;
0.437382;8.36728;
0.437402;8.36733;
0.437422;8.36738;
0.437442;8.36743;
0.437462;8.36749;
0.437482;8.36754;
0.437502;8.36759;
0.437522;8.36764;
0.437542;8.3677;
0.437562;8.36775;
0.437582;8.3678;
0.437602;8.36786;
0.437622;8.36791;
0.437642;8.36796;
0.437662;8.36802;
0.437682;8.36807;
0.437702;8.36812;
0.437722;8.36818;
0.437742;8.36823;
0.437762;8.36829;
0.437782;8.36834;
0.437802;8.3684;
0.437822;8.36845;
0.437842;8.36851;
0.437862;8.36856;
0.437882;8.36862;
0.437902;8.36867;
0.437922;8.36873;
0.437942;8.36878;
0.437962;8.36884;
0.437982;8.3689;
0.438;8.36895;
0.438;8.36895;
0.438;8.36895;
0.438001;8.36895;
0.438001;8.36895;
0.438001;8.36895;
0.438001;8.36895;
0.438002;8.36895;
0.438002;8.36895;
0.438003;8.36896;
0.438006;8.36896;
0.438011;8.36898;
0.438021;8.36901;
0.438041;8.36906;
0.438061;8.36912;
0.438081;8.36918;
0.438101;8.36924;
0.438121;8.36929;
0.438141;8.36935;
0.438161;8.36941;
0.438181;8.36947;
0.438201;8.36952;
0.438221;8.36958;
0.438241;8.36964;
0.438261;8.3697;
0.438281;8.36976;
0.438301;8.36982;
0.438321;8.36988;
0.438341;8.36994;
0.438361;8.36999;
0.438381;8.37005;
0.438401;8.37011;
0.438421;8.37017;
0.438441;8.37023;
0.438461;8.37029;
0.438481;8.37035;
0.438501;8.37041;
0.438521;8.37048;
0.438541;8.37054;
0.438561;8.3706;
0.438581;8.37066;
0.438601;8.37072;
0.438621;8.37078;
0.438641;8.37084;
0.438661;8.3709;
0.438681;8.37097;
0.438701;8.37103;
0.438721;8.37109;
0.438741;8.37115;
0.438761;8.37122;
0.438781;8.37128;
0.438801;8.37134;
0.438821;8.3714;
0.438841;8.37147;
0.438861;8.37153;
0.438881;8.37159;
0.438901;8.37166;
0.438921;8.37172;
0.438941;8.37179;
0.438961;8.37185;
0.438981;8.37191;
0.439001;8.37198;
0.439001;8.37198;
0.439001;8.37198;
0.439002;8.37198;
0.439002;8.37198;
0.439002;8.37198;
0.439002;8.37198;
0.439003;8.37198;
0.439003;8.37199;
0.439004;8.37199;
0.439007;8.372;
0.439012;8.37201;
0.439022;8.37205;
0.439042;8.37211;
0.439062;8.37218;
0.439082;8.37224;
0.439102;8.37231;
0.439122;8.37237;
0.439142;8.37244;
0.439162;8.3725;
0.439182;8.37257;
0.439202;8.37264;
0.439222;8.3727;
0.439242;8.37277;
0.439262;8.37284;
0.439282;8.3729;
0.439302;8.37297;
0.439322;8.37304;
0.439342;8.3731;
0.439362;8.37317;
0.439382;8.37324;
0.439402;8.37331;
0.439422;8.37337;
0.439442;8.37344;
0.439462;8.37351;
0.439482;8.37358;
0.439502;8.37365;
0.439522;8.37372;
0.439542;8.37378;
0.439562;8.37385;
0.439582;8.37392;
0.439602;8.37399;
0.439622;8.37406;
0.439642;8.37413;
0.439662;8.3742;
0.439682;8.37427;
0.439702;8.37434;
0.439722;8.37441;
0.439742;8.37448;
0.439762;8.37455;
0.439782;8.37462;
0.439802;8.37469;
0.439822;8.37476;
0.439842;8.37483;
0.439862;8.37491;
0.439882;8.37498;
0.439902;8.37505;
0.439922;8.37512;
0.439942;8.37519;
0.439962;8.37526;
0.439982;8.37534;
0.44;8.3754;
0.44;8.3754;
0.44;8.3754;
0.440001;8.3754;
0.440001;8.3754;
0.440001;8.3754;
0.440001;8.3754;
0.440002;8.37541;
0.440002;8.37541;
0.440003;8.37541;
0.440006;8.37542;
0.440011;8.37544;
0.440021;8.37548;
0.440041;8.37555;
0.440061;8.37562;
0.440081;8.3757;
0.440097;8.37575;
0.440114;8.37582;
0.440133;8.37589;
0.440153;8.37596;
0.440173;8.37603;
0.440193;8.37611;
0.440213;8.37618;
0.440233;8.37625;
0.440253;8.37633;
0.440273;8.3764;
0.440293;8.37648;
0.440313;8.37655;
0.440333;8.37663;
0.440353;8.3767;
0.440373;8.37678;
0.440393;8.37685;
0.440413;8.37693;
0.440433;8.377;
0.440453;8.37708;
0.440473;8.37716;
0.440493;8.37723;
0.440513;8.37731;
0.440533;8.37738;
0.440553;8.37746;
0.440573;8.37754;
0.440593;8.37761;
0.440613;8.37769;
0.440633;8.37777;
0.440653;8.37785;
0.440673;8.37792;
0.440693;8.378;
0.440713;8.37808;
0.440733;8.37816;
0.440753;8.37823;
0.440773;8.37831;
0.440793;8.37839;
0.440813;8.37847;
0.440833;8.37855;
0.440853;8.37863;
0.440873;8.37871;
0.440893;8.37878;
0.440913;8.37886;
0.440933;8.37894;
0.440953;8.37902;
0.440973;8.3791;
0.440993;8.37918;
0.441001;8.37921;
0.441001;8.37921;
0.441001;8.37921;
0.441002;8.37922;
0.441002;8.37922;
0.441002;8.37922;
0.441002;8.37922;
0.441003;8.37922;
0.441003;8.37922;
0.441004;8.37923;
0.441007;8.37924;
0.441012;8.37926;
0.441022;8.3793;
0.441042;8.37938;
0.441062;8.37946;
0.441082;8.37954;
0.441102;8.37962;
0.441122;8.3797;
0.441142;8.37978;
0.441162;8.37986;
0.441182;8.37994;
0.441202;8.38003;
0.441222;8.38011;
0.441242;8.38019;
0.441262;8.38027;
0.441282;8.38035;
0.441302;8.38043;
0.441322;8.38052;
0.441342;8.3806;
0.441362;8.38068;
0.441382;8.38076;
0.441402;8.38085;
0.441422;8.38093;
0.441442;8.38101;
0.441462;8.3811;
0.441482;8.38118;
0.441502;8.38126;
0.441522;8.38135;
0.441542;8.38143;
0.441562;8.38152;
0.441582;8.3816;
0.441602;8.38168;
0.441622;8.38177;
0.441642;8.38185;
0.441662;8.38194;
0.441682;8.38202;
0.441702;8.38211;
0.441722;8.38219;
0.441742;8.38228;
0.441762;8.38236;
0.441782;8.38245;
0.441802;8.38253;
0.441822;8.38262;
0.441842;8.38271;
0.441862;8.38279;
0.441882;8.38288;
0.441902;8.38297;
0.441922;8.38305;
0.441942;8.38314;
0.441962;8.38323;
0.441982;8.38331;
0.442;8.38339;
0.442;8.38339;
0.442;8.38339;
0.442001;8.38339;
0.442001;8.38339;
0.442001;8.38339;
0.442001;8.3834;
0.442002;8.3834;
0.442002;8.3834;
0.442003;8.38341;
0.442006;8.38342;
0.442009;8.38343;
0.442011;8.38344;
0.442013;8.38344;
0.442015;8.38344;
0.442018;8.38345;
0.442021;8.38345;
0.442024;8.38345;
0.44203;8.38346;
0.442041;8.38347;
0.442053;8.38348;
0.442068;8.3835;
0.442082;8.38351;
0.442098;8.38353;
0.442118;8.38355;
0.442138;8.38357;
0.442158;8.38359;
0.442178;8.38361;
0.442198;8.38363;
0.442218;8.38365;
0.442238;8.38367;
0.442258;8.38369;
0.442278;8.38371;
0.442298;8.38373;
0.442318;8.38376;
0.442338;8.38378;
0.442358;8.3838;
0.442378;8.38382;
0.442398;8.38384;
0.442418;8.38387;
0.442438;8.38389;
0.442458;8.38391;
0.442478;8.38394;
0.442498;8.38396;
0.442518;8.38398;
0.442538;8.38401;
0.442558;8.38403;
0.442578;8.38406;
0.442598;8.38408;
0.442618;8.3841;
0.442638;8.38413;
0.442658;8.38415;
0.442678;8.38418;
0.442698;8.38421;
0.442718;8.38423;
0.442738;8.38426;
0.442758;8.38428;
0.442778;8.38431;
0.442798;8.38433;
0.442818;8.38436;
0.442838;8.38439;
0.442858;8.38441;
0.442878;8.38444;
0.442898;8.38447;
0.442918;8.3845;
0.442938;8.38452;
0.442958;8.38455;
0.442978;8.38458;
0.442998;8.38461;
0.443001;8.38461;
0.443001;8.38461;
0.443001;8.38461;
0.443002;8.38461;
0.443002;8.38461;
0.443002;8.38461;
0.443002;8.38461;
0.443003;8.38461;
0.443003;8.38461;
0.443004;8.38461;
0.443007;8.38462;
0.443012;8.38463;
0.443022;8.38464;
0.443042;8.38467;
0.443062;8.3847;
0.443082;8.38473;
0.443102;8.38475;
0.443122;8.38478;
0.443142;8.38481;
0.443162;8.38484;
0.443182;8.38487;
0.443202;8.3849;
0.443222;8.38493;
0.443242;8.38496;
0.443262;8.38499;
0.443282;8.38502;
0.443302;8.38505;
0.443322;8.38508;
0.443342;8.38512;
0.443362;8.38515;
0.443382;8.38518;
0.443402;8.38521;
0.443422;8.38524;
0.443442;8.38527;
0.443462;8.38531;
0.443482;8.38534;
0.443502;8.38537;
0.443522;8.3854;
0.443542;8.38544;
0.443562;8.38547;
0.443582;8.3855;
0.443602;8.38554;
0.443622;8.38557;
0.443642;8.3856;
0.443662;8.38564;
0.443682;8.38567;
0.443702;8.38571;
0.443722;8.38574;
0.443742;8.38577;
0.443762;8.38581;
0.443782;8.38584;
0.443802;8.38588;
0.443822;8.38591;
0.443842;8.38595;
0.443862;8.38599;
0.443882;8.38602;
0.443902;8.38606;
0.443922;8.38609;
0.443942;8.38613;
0.443962;8.38617;
0.443982;8.3862;
0.444;8.38624;
0.444;8.38624;
0.444;8.38624;
0.444001;8.38624;
0.444001;8.38624;
0.444001;8.38624;
0.444001;8.38624;
0.444002;8.38624;
0.444002;8.38624;
0.444003;8.38624;
0.444006;8.38625;
0.444011;8.38626;
0.444021;8.38627;
0.444041;8.38631;
0.444061;8.38635;
0.444081;8.38639;
0.444101;8.38642;
0.444121;8.38646;
0.444141;8.3865;
0.444161;8.38654;
0.444181;8.38658;
0.444201;8.38662;
0.444221;8.38665;
0.444241;8.38669;
0.444261;8.38673;
0.444281;8.38677;
0.444301;8.38681;
0.444321;8.38685;
0.444341;8.38689;
0.444361;8.38693;
0.444381;8.38697;
0.444401;8.38701;
0.444421;8.38705;
0.444441;8.38709;
0.444461;8.38713;
0.444481;8.38717;
0.444501;8.38722;
0.444521;8.38726;
0.444541;8.3873;
0.444561;8.38734;
0.444581;8.38738;
0.444601;8.38742;
0.444621;8.38747;
0.444641;8.38751;
0.444661;8.38755;
0.444681;8.38759;
0.444701;8.38764;
0.444721;8.38768;
0.444741;8.38772;
0.444761;8.38777;
0.444781;8.38781;
0.444801;8.38785;
0.444821;8.3879;
0.444841;8.38794;
0.444861;8.38799;
0.444881;8.38803;
0.444901;8.38808;
0.444921;8.38812;
0.444941;8.38816;
0.444961;8.38821;
0.444981;8.38826;
0.445001;8.3883;
0.445001;8.3883;
0.445001;8.3883;
0.445002;8.3883;
0.445002;8.3883;
0.445002;8.3883;
0.445002;8.3883;
0.445003;8.3883;
0.445003;8.3883;
0.445004;8.38831;
0.445007;8.38831;
0.445012;8.38833;
0.445022;8.38835;
0.445042;8.38839;
0.445062;8.38844;
0.445082;8.38849;
0.445102;8.38853;
0.445122;8.38858;
0.445142;8.38863;
0.445162;8.38867;
0.445182;8.38872;
0.445202;8.38877;
0.445222;8.38881;
0.445242;8.38886;
0.445262;8.38891;
0.445282;8.38896;
0.445302;8.389;
0.445322;8.38905;
0.445342;8.3891;
0.445362;8.38915;
0.445382;8.3892;
0.445402;8.38925;
0.445422;8.3893;
0.445442;8.38934;
0.445462;8.38939;
0.445482;8.38944;
0.445502;8.38949;
0.445522;8.38954;
0.445542;8.38959;
0.445562;8.38964;
0.445582;8.38969;
0.445602;8.38974;
0.445622;8.38979;
0.445642;8.38985;
0.445662;8.3899;
0.445682;8.38995;
0.445702;8.39;
0.445722;8.39005;
0.445742;8.3901;
0.445762;8.39015;
0.445782;8.39021;
0.445802;8.39026;
0.445822;8.39031;
0.445842;8.39036;
0.445862;8.39041;
0.445882;8.39047;
0.445902;8.39052;
0.445922;8.39057;
0.445942;8.39063;
0.445962;8.39068;
0.445982;8.39073;
0.446;8.39078;
0.446;8.39078;
0.446;8.39078;
0.446001;8.39078;
0.446001;8.39078;
0.446001;8.39078;
0.446001;8.39078;
0.446002;8.39079;
0.446002;8.39079;
0.446003;8.39079;
0.446006;8.3908;
0.446011;8.39081;
0.446021;8.39084;
0.446041;8.39089;
0.446061;8.39095;
0.446081;8.391;
0.446101;8.39105;
0.446121;8.39111;
0.446141;8.39116;
0.446161;8.39122;
0.446181;8.39127;
0.446201;8.39133;
0.446221;8.39138;
0.446241;8.39144;
0.446261;8.3915;
0.446281;8.39155;
0.446301;8.39161;
0.446321;8.39166;
0.446341;8.39172;
0.446361;8.39178;
0.446381;8.39183;
0.446401;8.39189;
0.446421;8.39195;
0.446441;8.39201;
0.446461;8.39206;
0.446481;8.39212;
0.446501;8.39218;
0.446521;8.39224;
0.446541;8.39229;
0.446561;8.39235;
0.446581;8.39241;
0.446601;8.39247;
0.446621;8.39253;
0.446641;8.39259;
0.446661;8.39265;
0.446681;8.39271;
0.446701;8.39277;
0.446721;8.39283;
0.446741;8.39288;
0.446761;8.39294;
0.446781;8.393;
0.446801;8.39307;
0.446821;8.39313;
0.446841;8.39319;
0.446861;8.39325;
0.446881;8.39331;
0.446901;8.39337;
0.446921;8.39343;
0.446941;8.39349;
0.446961;8.39355;
0.446981;8.39361;
0.447001;8.39368;
0.447001;8.39368;
0.447001;8.39368;
0.447001;8.39368;
0.447002;8.39368;
0.447002;8.39368;
0.447002;8.39368;
0.447002;8.39368;
0.447003;8.39368;
0.447003;8.39368;
0.447004;8.39369;
0.447007;8.3937;
0.447012;8.39371;
0.447022;8.39374;
0.447042;8.39381;
0.447062;8.39387;
0.447082;8.39393;
0.447102;8.39399;
0.447122;8.39406;
0.447142;8.39412;
0.447162;8.39418;
0.447182;8.39424;
0.447202;8.39431;
0.447222;8.39437;
0.447242;8.39444;
0.447262;8.3945;
0.447282;8.39456;
0.447302;8.39463;
0.447322;8.39469;
0.447342;8.39476;
0.447362;8.39482;
0.447382;8.39489;
0.447402;8.39495;
0.447422;8.39502;
0.447442;8.39508;
0.447462;8.39515;
0.447482;8.39521;
0.447502;8.39528;
0.447522;8.39534;
0.447542;8.39541;
0.447562;8.39548;
0.447582;8.39554;
0.447602;8.39561;
0.447622;8.39568;
0.447642;8.39574;
0.447662;8.39581;
0.447682;8.39588;
0.447702;8.39594;
0.447722;8.39601;
0.447742;8.39608;
0.447762;8.39615;
0.447782;8.39621;
0.447802;8.39628;
0.447822;8.39635;
0.447842;8.39642;
0.447862;8.39649;
0.447882;8.39656;
0.447902;8.39663;
0.447922;8.39669;
0.447942;8.39676;
0.447962;8.39683;
0.447982;8.3969;
0.448;8.39696;
0.448;8.39696;
0.448;8.39696;
0.448001;8.39697;
0.448001;8.39697;
0.448001;8.39697;
0.448001;8.39697;
0.448002;8.39697;
0.448002;8.39697;
0.448003;8.39698;
0.448006;8.39698;
0.448011;8.397;
0.448021;8.39704;
0.448041;8.39711;
0.448061;8.39718;
0.448081;8.39725;
0.448098;8.39731;
0.448116;8.39737;
0.448136;8.39744;
0.448156;8.39751;
0.448176;8.39758;
0.448196;8.39765;
0.448216;8.39772;
0.448236;8.39779;
0.448256;8.39787;
0.448276;8.39794;
0.448296;8.39801;
0.448316;8.39808;
0.448336;8.39815;
0.448356;8.39823;
0.448376;8.3983;
0.448396;8.39837;
0.448416;8.39844;
0.448436;8.39852;
0.448456;8.39859;
0.448476;8.39866;
0.448496;8.39874;
0.448516;8.39881;
0.448536;8.39888;
0.448556;8.39896;
0.448576;8.39903;
0.448596;8.39911;
0.448616;8.39918;
0.448636;8.39925;
0.448656;8.39933;
0.448676;8.3994;
0.448696;8.39948;
0.448716;8.39955;
0.448736;8.39963;
0.448756;8.3997;
0.448776;8.39978;
0.448796;8.39986;
0.448816;8.39993;
0.448836;8.40001;
0.448856;8.40008;
0.448876;8.40016;
0.448896;8.40024;
0.448916;8.40031;
0.448936;8.40039;
0.448956;8.40047;
0.448976;8.40054;
0.448996;8.40062;
0.449001;8.40064;
0.449001;8.40064;
0.449001;8.40064;
0.449002;8.40064;
0.449002;8.40064;
0.449002;8.40064;
0.449002;8.40064;
0.449003;8.40065;
0.449003;8.40065;
0.449004;8.40065;
0.449007;8.40066;
0.449012;8.40068;
0.449022;8.40072;
0.449042;8.4008;
0.449062;8.40088;
0.449082;8.40096;
0.449102;8.40103;
0.449122;8.40111;
0.449142;8.40119;
0.449162;8.40127;
0.449182;8.40135;
0.449202;8.40143;
0.449222;8.4015;
0.449242;8.40158;
0.449262;8.40166;
0.449282;8.40174;
0.449302;8.40182;
0.449322;8.4019;
0.449342;8.40198;
0.449362;8.40206;
0.449382;8.40214;
0.449402;8.40222;
0.449422;8.4023;
0.449442;8.40238;
0.449462;8.40246;
0.449482;8.40254;
0.449502;8.40262;
0.449522;8.4027;
0.449542;8.40278;
0.449562;8.40287;
0.449582;8.40295;
0.449602;8.40303;
0.449622;8.40311;
0.449642;8.40319;
0.449662;8.40327;
0.449682;8.40336;
0.449702;8.40344;
0.449722;8.40352;
0.449742;8.4036;
0.449762;8.40369;
0.449782;8.40377;
0.449802;8.40385;
0.449822;8.40394;
0.449842;8.40402;
0.449862;8.4041;
0.449882;8.40419;
0.449902;8.40427;
0.449922;8.40435;
0.449942;8.40444;
0.449962;8.40452;
0.449982;8.40461;
0.45;8.40468;
0.45;8.40468;
0.45;8.40468;
0.450001;8.40468;
0.450001;8.40469;
0.450001;8.40469;
0.450001;8.40469;
0.450002;8.40469;
0.450002;8.40469;
0.450003;8.4047;
0.450006;8.40471;
0.450008;8.40471;
0.450009;8.40472;
0.450011;8.40472;
0.450013;8.40472;
0.450015;8.40473;
0.450018;8.40473;
0.45002;8.40473;
0.450025;8.40473;
0.450036;8.40474;
0.450048;8.40474;
0.450066;8.40475;
0.450081;8.40476;
0.450097;8.40477;
0.450117;8.40478;
0.450137;8.4048;
0.450157;8.40481;
0.450177;8.40482;
0.450197;8.40483;
0.450217;8.40484;
0.450237;8.40486;
0.450257;8.40487;
0.450277;8.40488;
0.450297;8.4049;
0.450317;8.40491;
0.450337;8.40493;
0.450357;8.40494;
0.450377;8.40495;
0.450397;8.40497;
0.450417;8.40498;
0.450437;8.405;
0.450457;8.40501;
0.450477;8.40503;
0.450497;8.40504;
0.450517;8.40506;
0.450537;8.40507;
0.450557;8.40509;
0.450577;8.40511;
0.450597;8.40512;
0.450617;8.40514;
0.450637;8.40515;
0.450657;8.40517;
0.450677;8.40519;
0.450697;8.40521;
0.450717;8.40522;
0.450737;8.40524;
0.450757;8.40526;
0.450777;8.40528;
0.450797;8.40529;
0.450817;8.40531;
0.450837;8.40533;
0.450857;8.40535;
0.450877;8.40537;
0.450897;8.40539;
0.450917;8.40541;
0.450937;8.40543;
0.450957;8.40545;
0.450977;8.40547;
0.450997;8.40549;
0.451001;8.40549;
0.451001;8.40549;
0.451001;8.40549;
0.451002;8.40549;
0.451002;8.40549;
0.451002;8.40549;
0.451002;8.40549;
0.451003;8.40549;
0.451003;8.40549;
0.451004;8.40549;
0.451007;8.4055;
0.451012;8.4055;
0.451022;8.40551;
0.451042;8.40553;
0.451062;8.40555;
0.451082;8.40557;
0.451102;8.40559;
0.451122;8.40562;
0.451142;8.40564;
0.451162;8.40566;
0.451182;8.40568;
0.451202;8.4057;
0.451222;8.40572;
0.451242;8.40575;
0.451262;8.40577;
0.451282;8.40579;
0.451302;8.40581;
0.451322;8.40584;
0.451342;8.40586;
0.451362;8.40588;
0.451382;8.40591;
0.451402;8.40593;
0.451422;8.40595;
0.451442;8.40598;
0.451462;8.406;
0.451482;8.40603;
0.451502;8.40605;
0.451522;8.40607;
0.451542;8.4061;
0.451562;8.40612;
0.451582;8.40615;
0.451602;8.40618;
0.451622;8.4062;
0.451642;8.40623;
0.451662;8.40625;
0.451682;8.40628;
0.451702;8.4063;
0.451722;8.40633;
0.451742;8.40636;
0.451762;8.40638;
0.451782;8.40641;
0.451802;8.40644;
0.451822;8.40647;
0.451842;8.40649;
0.451862;8.40652;
0.451882;8.40655;
0.451902;8.40658;
0.451922;8.40661;
0.451942;8.40663;
0.451962;8.40666;
0.451982;8.40669;
0.452;8.40672;
0.452;8.40672;
0.452;8.40672;
0.452001;8.40672;
0.452001;8.40672;
0.452001;8.40672;
0.452001;8.40672;
0.452002;8.40672;
0.452002;8.40672;
0.452003;8.40672;
0.452006;8.40673;
0.452011;8.40673;
0.452021;8.40675;
0.452041;8.40678;
0.452061;8.40681;
0.452081;8.40684;
0.452101;8.40687;
0.452121;8.4069;
0.452141;8.40693;
0.452161;8.40696;
0.452181;8.40699;
0.452201;8.40702;
0.452221;8.40705;
0.452241;8.40708;
0.452261;8.40711;
0.452281;8.40714;
0.452301;8.40718;
0.452321;8.40721;
0.452341;8.40724;
0.452361;8.40727;
0.452381;8.4073;
0.452401;8.40734;
0.452421;8.40737;
0.452441;8.4074;
0.452461;8.40743;
0.452481;8.40747;
0.452501;8.4075;
0.452521;8.40753;
0.452541;8.40757;
0.452561;8.4076;
0.452581;8.40764;
0.452601;8.40767;
0.452621;8.4077;
0.452641;8.40774;
0.452661;8.40777;
0.452681;8.40781;
0.452701;8.40784;
0.452721;8.40788;
0.452741;8.40791;
0.452761;8.40795;
0.452781;8.40799;
0.452801;8.40802;
0.452821;8.40806;
0.452841;8.40809;
0.452861;8.40813;
0.452881;8.40817;
0.452901;8.4082;
0.452921;8.40824;
0.452941;8.40828;
0.452961;8.40832;
0.452981;8.40835;
0.453001;8.40839;
0.453001;8.40839;
0.453001;8.40839;
0.453002;8.40839;
0.453002;8.40839;
0.453002;8.40839;
0.453002;8.40839;
0.453003;8.40839;
0.453003;8.40839;
0.453004;8.4084;
0.453007;8.4084;
0.453012;8.40841;
0.453022;8.40843;
0.453042;8.40847;
0.453062;8.40851;
0.453082;8.40855;
0.453102;8.40858;
0.453122;8.40862;
0.453142;8.40866;
0.453162;8.4087;
0.453182;8.40874;
0.453202;8.40878;
0.453222;8.40882;
0.453242;8.40886;
0.453262;8.4089;
0.453282;8.40894;
0.453302;8.40898;
0.453322;8.40902;
0.453342;8.40906;
0.453362;8.4091;
0.453382;8.40914;
0.453402;8.40918;
0.453422;8.40922;
0.453442;8.40927;
0.453462;8.40931;
0.453482;8.40935;
0.453502;8.40939;
0.453522;8.40943;
0.453542;8.40948;
0.453562;8.40952;
0.453582;8.40956;
0.453602;8.4096;
0.453622;8.40965;
0.453642;8.40969;
0.453662;8.40973;
0.453682;8.40978;
0.453702;8.40982;
0.453722;8.40986;
0.453742;8.40991;
0.453762;8.40995;
0.453782;8.41;
0.453802;8.41004;
0.453822;8.41009;
0.453842;8.41013;
0.453862;8.41018;
0.453882;8.41022;
0.453902;8.41027;
0.453922;8.41031;
0.453942;8.41036;
0.453962;8.4104;
0.453982;8.41045;
0.454;8.41049;
0.454;8.41049;
0.454;8.41049;
0.454001;8.41049;
0.454001;8.41049;
0.454001;8.41049;
0.454001;8.41049;
0.454002;8.41049;
0.454002;8.41049;
0.454003;8.4105;
0.454006;8.4105;
0.454011;8.41052;
0.454021;8.41054;
0.454041;8.41059;
0.454061;8.41063;
0.454081;8.41068;
0.454101;8.41073;
0.454121;8.41077;
0.454141;8.41082;
0.454161;8.41087;
0.454181;8.41092;
0.454201;8.41096;
0.454221;8.41101;
0.454241;8.41106;
0.454261;8.41111;
0.454281;8.41116;
0.454301;8.4112;
0.454321;8.41125;
0.454341;8.4113;
0.454361;8.41135;
0.454381;8.4114;
0.454401;8.41145;
0.454421;8.4115;
0.454441;8.41155;
0.454461;8.4116;
0.454481;8.41165;
0.454501;8.4117;
0.454521;8.41175;
0.454541;8.4118;
0.454561;8.41185;
0.454581;8.4119;
0.454601;8.41195;
0.454621;8.41201;
0.454641;8.41206;
0.454661;8.41211;
0.454681;8.41216;
0.454701;8.41221;
0.454721;8.41226;
0.454741;8.41232;
0.454761;8.41237;
0.454781;8.41242;
0.454801;8.41247;
0.454821;8.41253;
0.454841;8.41258;
0.454861;8.41263;
0.454881;8.41269;
0.454901;8.41274;
0.454921;8.41279;
0.454941;8.41285;
0.454961;8.4129;
0.454981;8.41296;
0.455001;8.41301;
0.455001;8.41301;
0.455001;8.41301;
0.455002;8.41301;
0.455002;8.41301;
0.455002;8.41301;
0.455002;8.41301;
0.455003;8.41301;
0.455003;8.41302;
0.455004;8.41302;
0.455007;8.41303;
0.455012;8.41304;
0.455022;8.41307;
0.455042;8.41312;
0.455062;8.41318;
0.455082;8.41323;
0.455102;8.41329;
0.455122;8.41334;
0.455142;8.4134;
0.455162;8.41345;
0.455182;8.41351;
0.455202;8.41357;
0.455222;8.41362;
0.455242;8.41368;
0.455262;8.41373;
0.455282;8.41379;
0.455302;8.41385;
0.455322;8.4139;
0.455342;8.41396;
0.455362;8.41402;
0.455382;8.41408;
0.455402;8.41413;
0.455422;8.41419;
0.455442;8.41425;
0.455462;8.41431;
0.455482;8.41437;
0.455502;8.41442;
0.455522;8.41448;
0.455542;8.41454;
0.455562;8.4146;
0.455582;8.41466;
0.455602;8.41472;
0.455622;8.41478;
0.455642;8.41484;
0.455662;8.4149;
0.455682;8.41496;
0.455702;8.41502;
0.455722;8.41508;
0.455742;8.41514;
0.455762;8.4152;
0.455782;8.41526;
0.455802;8.41532;
0.455822;8.41538;
0.455842;8.41544;
0.455862;8.4155;
0.455882;8.41556;
0.455902;8.41562;
0.455922;8.41569;
0.455942;8.41575;
0.455962;8.41581;
0.455982;8.41587;
0.456;8.41593;
0.456;8.41593;
0.456;8.41593;
0.456001;8.41593;
0.456001;8.41593;
0.456001;8.41593;
0.456001;8.41593;
0.456002;8.41593;
0.456002;8.41593;
0.456003;8.41594;
0.456006;8.41595;
0.456011;8.41596;
0.456021;8.41599;
0.456041;8.41606;
0.456061;8.41612;
0.456081;8.41618;
0.456101;8.41625;
0.456121;8.41631;
0.456141;8.41637;
0.456161;8.41643;
0.456181;8.4165;
0.456201;8.41656;
0.456221;8.41663;
0.456241;8.41669;
0.456261;8.41676;
0.456281;8.41682;
0.456301;8.41688;
0.456321;8.41695;
0.456341;8.41701;
0.456361;8.41708;
0.456381;8.41714;
0.456401;8.41721;
0.456421;8.41728;
0.456441;8.41734;
0.456461;8.41741;
0.456481;8.41747;
0.456501;8.41754;
0.456521;8.41761;
0.456541;8.41767;
0.456561;8.41774;
0.456581;8.41781;
0.456601;8.41787;
0.456621;8.41794;
0.456641;8.41801;
0.456661;8.41807;
0.456681;8.41814;
0.456701;8.41821;
0.456721;8.41828;
0.456741;8.41835;
0.456761;8.41841;
0.456781;8.41848;
0.456801;8.41855;
0.456821;8.41862;
0.456841;8.41869;
0.456861;8.41876;
0.456881;8.41883;
0.456901;8.41889;
0.456921;8.41896;
0.456941;8.41903;
0.456961;8.4191;
0.456981;8.41917;
0.457001;8.41924;
0.457001;8.41924;
0.457001;8.41924;
0.457002;8.41924;
0.457002;8.41925;
0.457002;8.41925;
0.457002;8.41925;
0.457003;8.41925;
0.457003;8.41925;
0.457004;8.41925;
0.457007;8.41926;
0.457012;8.41928;
0.457022;8.41932;
0.457042;8.41939;
0.457062;8.41946;
0.457082;8.41953;
0.457102;8.4196;
0.457122;8.41967;
0.457142;8.41974;
0.457162;8.41981;
0.457182;8.41988;
0.457202;8.41996;
0.457222;8.42003;
0.457242;8.4201;
0.457262;8.42017;
0.457282;8.42024;
0.457302;8.42032;
0.457322;8.42039;
0.457342;8.42046;
0.457362;8.42053;
0.457382;8.42061;
0.457402;8.42068;
0.457422;8.42075;
0.457442;8.42083;
0.457462;8.4209;
0.457482;8.42097;
0.457502;8.42105;
0.457522;8.42112;
0.457542;8.42119;
0.457562;8.42127;
0.457582;8.42134;
0.457602;8.42142;
0.457622;8.42149;
0.457642;8.42157;
0.457662;8.42164;
0.457682;8.42172;
0.457702;8.42179;
0.457722;8.42187;
0.457742;8.42194;
0.457762;8.42202;
0.457782;8.42209;
0.457802;8.42217;
0.457822;8.42225;
0.457842;8.42232;
0.457862;8.4224;
0.457882;8.42248;
0.457902;8.42255;
0.457922;8.42263;
0.457942;8.42271;
0.457962;8.42278;
0.457982;8.42286;
0.458;8.42293;
0.458;8.42293;
0.458;8.42293;
0.458001;8.42293;
0.458001;8.42293;
0.458001;8.42293;
0.458001;8.42293;
0.458002;8.42294;
0.458002;8.42294;
0.458003;8.42294;
0.458006;8.42295;
0.458011;8.42297;
0.458014;8.42298;
0.458017;8.42299;
0.45802;8.42299;
0.458024;8.42299;
0.458027;8.423;
0.458035;8.42301;
0.458049;8.42302;
0.458062;8.42303;
0.458076;8.42305;
0.458096;8.42307;
0.458114;8.42309;
0.458134;8.42311;
0.458154;8.42313;
0.458174;8.42315;
0.458194;8.42317;
0.458214;8.4232;
0.458234;8.42322;
0.458254;8.42324;
0.458274;8.42326;
0.458294;8.42329;
0.458314;8.42331;
0.458334;8.42333;
0.458354;8.42335;
0.458374;8.42338;
0.458394;8.4234;
0.458414;8.42342;
0.458434;8.42345;
0.458454;8.42347;
0.458474;8.4235;
0.458494;8.42352;
0.458514;8.42355;
0.458534;8.42357;
0.458554;8.4236;
0.458574;8.42362;
0.458594;8.42365;
0.458614;8.42367;
0.458634;8.4237;
0.458654;8.42372;
0.458674;8.42375;
0.458694;8.42378;
0.458714;8.4238;
0.458734;8.42383;
0.458754;8.42385;
0.458774;8.42388;
0.458794;8.42391;
0.458814;8.42394;
0.458834;8.42396;
0.458854;8.42399;
0.458874;8.42402;
0.458894;8.42405;
0.458914;8.42407;
0.458934;8.4241;
0.458954;8.42413;
0.458974;8.42416;
0.458994;8.42419;
0.459001;8.4242;
0.459001;8.4242;
0.459001;8.4242;
0.459002;8.4242;
0.459002;8.4242;
0.459002;8.4242;
0.459002;8.4242;
0.459003;8.4242;
0.459003;8.4242;
0.459004;8.4242;
0.459007;8.42421;
0.459012;8.42421;
0.459022;8.42423;
0.459042;8.42426;
0.459062;8.42429;
0.459082;8.42432;
0.459102;8.42435;
0.459122;8.42438;
0.459142;8.42441;
0.459162;8.42444;
0.459182;8.42447;
0.459202;8.4245;
0.459222;8.42453;
0.459242;8.42456;
0.459262;8.42459;
0.459282;8.42462;
0.459302;8.42465;
0.459322;8.42469;
0.459342;8.42472;
0.459362;8.42475;
0.459382;8.42478;
0.459402;8.42481;
0.459422;8.42485;
0.459442;8.42488;
0.459462;8.42491;
0.459482;8.42495;
0.459502;8.42498;
0.459522;8.42501;
0.459542;8.42505;
0.459562;8.42508;
0.459582;8.42511;
0.459602;8.42515;
0.459622;8.42518;
0.459642;8.42522;
0.459662;8.42525;
0.459682;8.42529;
0.459702;8.42532;
0.459722;8.42536;
0.459742;8.42539;
0.459762;8.42543;
0.459782;8.42546;
0.459802;8.4255;
0.459822;8.42554;
0.459842;8.42557;
0.459862;8.42561;
0.459882;8.42564;
0.459902;8.42568;
0.459922;8.42572;
0.459942;8.42575;
0.459962;8.42579;
0.459982;8.42583;
0.46;8.42586;
0.46;8.42586;
0.46;8.42586;
0.460001;8.42586;
0.460001;8.42586;
0.460001;8.42586;
0.460001;8.42586;
0.460002;8.42587;
0.460002;8.42587;
0.460003;8.42587;
0.460006;8.42587;
0.460011;8.42588;
0.460021;8.4259;
0.460039;8.42594;
0.460056;8.42597;
0.460076;8.42601;
0.460096;8.42604;
0.460116;8.42608;
0.460136;8.42612;
0.460156;8.42616;
0.460176;8.4262;
0.460196;8.42624;
0.460216;8.42628;
0.460236;8.42632;
0.460256;8.42636;
0.460276;8.4264;
0.460296;8.42644;
0.460316;8.42648;
0.460336;8.42652;
0.460356;8.42656;
0.460376;8.4266;
0.460396;8.42664;
0.460416;8.42668;
0.460436;8.42672;
0.460456;8.42676;
0.460476;8.42681;
0.460496;8.42685;
0.460516;8.42689;
0.460536;8.42693;
0.460556;8.42697;
0.460576;8.42702;
0.460596;8.42706;
0.460616;8.4271;
0.460636;8.42714;
0.460656;8.42719;
0.460676;8.42723;
0.460696;8.42727;
0.460716;8.42732;
0.460736;8.42736;
0.460756;8.42741;
0.460776;8.42745;
0.460796;8.42749;
0.460816;8.42754;
0.460836;8.42758;
0.460856;8.42763;
0.460876;8.42767;
0.460896;8.42772;
0.460916;8.42776;
0.460936;8.42781;
0.460956;8.42785;
0.460976;8.4279;
0.460996;8.42794;
0.461001;8.42796;
0.461001;8.42796;
0.461001;8.42796;
0.461002;8.42796;
0.461002;8.42796;
0.461002;8.42796;
0.461002;8.42796;
0.461003;8.42796;
0.461003;8.42796;
0.461004;8.42796;
0.461007;8.42797;
0.461012;8.42798;
0.461022;8.42801;
0.461042;8.42805;
0.461062;8.4281;
0.461082;8.42814;
0.461102;8.42819;
0.461122;8.42824;
0.461142;8.42829;
0.461162;8.42833;
0.461182;8.42838;
0.461202;8.42843;
0.461222;8.42848;
0.461242;8.42852;
0.461262;8.42857;
0.461282;8.42862;
0.461302;8.42867;
0.461322;8.42872;
0.461342;8.42877;
0.461362;8.42881;
0.461382;8.42886;
0.461402;8.42891;
0.461422;8.42896;
0.461442;8.42901;
0.461462;8.42906;
0.461482;8.42911;
0.461502;8.42916;
0.461522;8.42921;
0.461542;8.42926;
0.461562;8.42931;
0.461582;8.42936;
0.461602;8.42941;
0.461622;8.42947;
0.461642;8.42952;
0.461662;8.42957;
0.461682;8.42962;
0.461702;8.42967;
0.461722;8.42972;
0.461742;8.42977;
0.461762;8.42983;
0.461782;8.42988;
0.461802;8.42993;
0.461822;8.42998;
0.461842;8.43004;
0.461862;8.43009;
0.461882;8.43014;
0.461902;8.4302;
0.461922;8.43025;
0.461942;8.4303;
0.461962;8.43036;
0.461982;8.43041;
0.462;8.43046;
0.462;8.43046;
0.462;8.43046;
0.462001;8.43046;
0.462001;8.43046;
0.462001;8.43046;
0.462001;8.43046;
0.462002;8.43046;
0.462002;8.43046;
0.462003;8.43047;
0.462006;8.43048;
0.462011;8.43049;
0.462021;8.43052;
0.462041;8.43057;
0.462061;8.43063;
0.462081;8.43068;
0.4621;8.43073;
0.46212;8.43079;
0.46214;8.43084;
0.46216;8.4309;
0.46218;8.43095;
0.4622;8.43101;
0.46222;8.43106;
0.46224;8.43112;
0.46226;8.43118;
0.46228;8.43123;
0.4623;8.43129;
0.46232;8.43135;
0.46234;8.4314;
0.46236;8.43146;
0.46238;8.43152;
0.4624;8.43157;
0.46242;8.43163;
0.46244;8.43169;
0.46246;8.43175;
0.46248;8.4318;
0.4625;8.43186;
0.46252;8.43192;
0.46254;8.43198;
0.46256;8.43204;
0.46258;8.4321;
0.4626;8.43215;
0.46262;8.43221;
0.46264;8.43227;
0.46266;8.43233;
0.46268;8.43239;
0.4627;8.43245;
0.46272;8.43251;
0.46274;8.43257;
0.46276;8.43263;
0.46278;8.43269;
0.4628;8.43275;
0.46282;8.43281;
0.46284;8.43287;
0.46286;8.43293;
0.46288;8.43299;
0.4629;8.43306;
0.46292;8.43312;
0.46294;8.43318;
0.46296;8.43324;
0.46298;8.4333;
0.463;8.43336;
0.463001;8.43337;
0.463001;8.43337;
0.463001;8.43337;
0.463002;8.43337;
0.463002;8.43337;
0.463002;8.43337;
0.463002;8.43337;
0.463003;8.43337;
0.463003;8.43337;
0.463004;8.43338;
0.463007;8.43339;
0.463012;8.4334;
0.463022;8.43343;
0.463042;8.4335;
0.463062;8.43356;
0.463082;8.43362;
0.463102;8.43368;
0.463122;8.43375;
0.463142;8.43381;
0.463162;8.43387;
0.463182;8.43394;
0.463202;8.434;
0.463222;8.43406;
0.463242;8.43413;
0.463262;8.43419;
0.463282;8.43426;
0.463302;8.43432;
0.463322;8.43438;
0.463342;8.43445;
0.463362;8.43451;
0.463382;8.43458;
0.463402;8.43464;
0.463422;8.43471;
0.463442;8.43477;
0.463462;8.43484;
0.463482;8.43491;
0.463502;8.43497;
0.463522;8.43504;
0.463542;8.4351;
0.463562;8.43517;
0.463582;8.43524;
0.463602;8.4353;
0.463622;8.43537;
0.463642;8.43544;
0.463662;8.4355;
0.463682;8.43557;
0.463702;8.43564;
0.463722;8.43571;
0.463742;8.43577;
0.463762;8.43584;
0.463782;8.43591;
0.463802;8.43598;
0.463822;8.43604;
0.463842;8.43611;
0.463862;8.43618;
0.463882;8.43625;
0.463902;8.43632;
0.463922;8.43639;
0.463942;8.43646;
0.463962;8.43653;
0.463982;8.4366;
0.464;8.43666;
0.464;8.43666;
0.464;8.43666;
0.464001;8.43666;
0.464001;8.43666;
0.464001;8.43666;
0.464001;8.43666;
0.464002;8.43666;
0.464002;8.43667;
0.464003;8.43667;
0.464006;8.43668;
0.464011;8.4367;
0.464021;8.43673;
0.464027;8.43675;
0.464033;8.43676;
0.464038;8.43677;
0.464044;8.43678;
0.464053;8.43679;
0.46407;8.43682;
0.464084;8.43685;
0.464098;8.43687;
0.464114;8.4369;
0.464134;8.43693;
0.464154;8.43696;
0.464174;8.437;
0.464194;8.43703;
0.464214;8.43707;
0.464234;8.4371;
0.464254;8.43713;
0.464274;8.43717;
0.464294;8.4372;
0.464314;8.43724;
0.464334;8.43727;
0.464354;8.43731;
0.464374;8.43734;
0.464394;8.43738;
0.464414;8.43742;
0.464434;8.43745;
0.464454;8.43749;
0.464474;8.43753;
0.464494;8.43756;
0.464514;8.4376;
0.464534;8.43764;
0.464554;8.43767;
0.464574;8.43771;
0.464594;8.43775;
0.464614;8.43779;
0.464634;8.43782;
0.464654;8.43786;
0.464674;8.4379;
0.464694;8.43794;
0.464714;8.43798;
0.464734;8.43801;
0.464754;8.43805;
0.464774;8.43809;
0.464794;8.43813;
0.464814;8.43817;
0.464834;8.43821;
0.464854;8.43825;
0.464874;8.43829;
0.464894;8.43833;
0.464914;8.43837;
0.464934;8.43841;
0.464954;8.43845;
0.464974;8.43849;
0.464994;8.43853;
0.465001;8.43855;
0.465001;8.43855;
0.465001;8.43855;
0.465002;8.43855;
0.465002;8.43855;
0.465002;8.43855;
0.465002;8.43855;
0.465003;8.43855;
0.465003;8.43855;
0.465004;8.43855;
0.465007;8.43856;
0.465012;8.43857;
0.465022;8.43859;
0.465042;8.43863;
0.465062;8.43867;
0.465082;8.43871;
0.465102;8.43876;
0.465122;8.4388;
0.465142;8.43884;
0.465162;8.43888;
0.465182;8.43893;
0.465202;8.43897;
0.465222;8.43901;
0.465242;8.43905;
0.465262;8.4391;
0.465282;8.43914;
0.465302;8.43918;
0.465322;8.43923;
0.465342;8.43927;
0.465362;8.43931;
0.465382;8.43936;
0.465402;8.4394;
0.465422;8.43945;
0.465442;8.43949;
0.465462;8.43954;
0.465482;8.43958;
0.465502;8.43963;
0.465522;8.43967;
0.465542;8.43972;
0.465562;8.43976;
0.465582;8.43981;
0.465602;8.43985;
0.465622;8.4399;
0.465642;8.43995;
0.465662;8.43999;
0.465682;8.44004;
0.465702;8.44009;
0.465722;8.44013;
0.465742;8.44018;
0.465762;8.44023;
0.465782;8.44027;
0.465802;8.44032;
0.465822;8.44037;
0.465842;8.44042;
0.465862;8.44047;
0.465882;8.44051;
0.465902;8.44056;
0.465922;8.44061;
0.465942;8.44066;
0.465962;8.44071;
0.465982;8.44076;
0.466;8.4408;
0.466;8.4408;
0.466;8.4408;
0.466001;8.4408;
0.466001;8.4408;
0.466001;8.4408;
0.466001;8.4408;
0.466002;8.4408;
0.466002;8.44081;
0.466003;8.44081;
0.466006;8.44081;
0.466011;8.44083;
0.466021;8.44085;
0.466041;8.4409;
0.466061;8.44095;
0.466081;8.441;
0.466101;8.44105;
0.466121;8.4411;
0.466141;8.44115;
0.466161;8.4412;
0.466181;8.44125;
0.466201;8.4413;
0.466221;8.44135;
0.466241;8.44141;
0.466261;8.44146;
0.466281;8.44151;
0.466301;8.44156;
0.466321;8.44161;
0.466341;8.44166;
0.466361;8.44172;
0.466381;8.44177;
0.466401;8.44182;
0.466421;8.44187;
0.466441;8.44193;
0.466461;8.44198;
0.466481;8.44203;
0.466501;8.44208;
0.466521;8.44214;
0.466541;8.44219;
0.466561;8.44224;
0.466581;8.4423;
0.466601;8.44235;
0.466621;8.44241;
0.466641;8.44246;
0.466661;8.44252;
0.466681;8.44257;
0.466701;8.44262;
0.466721;8.44268;
0.466741;8.44273;
0.466761;8.44279;
0.466781;8.44285;
0.466801;8.4429;
0.466821;8.44296;
0.466841;8.44301;
0.466861;8.44307;
0.466881;8.44312;
0.466901;8.44318;
0.466921;8.44324;
0.466941;8.44329;
0.466961;8.44335;
0.466981;8.44341;
0.467001;8.44346;
0.467001;8.44346;
0.467001;8.44346;
0.467002;8.44347;
0.467002;8.44347;
0.467002;8.44347;
0.467002;8.44347;
0.467003;8.44347;
0.467003;8.44347;
0.467004;8.44347;
0.467007;8.44348;
0.467012;8.4435;
0.467022;8.44353;
0.467042;8.44358;
0.467062;8.44364;
0.467082;8.4437;
0.467102;8.44376;
0.467122;8.44381;
0.467142;8.44387;
0.467162;8.44393;
0.467182;8.44399;
0.467202;8.44405;
0.467222;8.44411;
0.467242;8.44417;
0.467262;8.44422;
0.467282;8.44428;
0.467302;8.44434;
0.467322;8.4444;
0.467342;8.44446;
0.467362;8.44452;
0.467382;8.44458;
0.467402;8.44464;
0.467422;8.4447;
0.467442;8.44476;
0.467462;8.44483;
0.467482;8.44489;
0.467502;8.44495;
0.467522;8.44501;
0.467542;8.44507;
0.467562;8.44513;
0.467582;8.44519;
0.467602;8.44525;
0.467622;8.44532;
0.467642;8.44538;
0.467662;8.44544;
0.467682;8.4455;
0.467702;8.44557;
0.467722;8.44563;
0.467742;8.44569;
0.467762;8.44575;
0.467782;8.44582;
0.467802;8.44588;
0.467822;8.44594;
0.467842;8.44601;
0.467862;8.44607;
0.467882;8.44614;
0.467902;8.4462;
0.467922;8.44626;
0.467942;8.44633;
0.467962;8.44639;
0.467982;8.44646;
0.468;8.44652;
0.468;8.44652;
0.468;8.44652;
0.468001;8.44652;
0.468001;8.44652;
0.468001;8.44652;
0.468001;8.44652;
0.468002;8.44652;
0.468002;8.44652;
0.468003;8.44653;
0.468006;8.44654;
0.468011;8.44655;
0.468021;8.44659;
0.468037;8.44663;
0.468049;8.44667;
0.468061;8.44671;
0.468075;8.44676;
0.468092;8.44681;
0.468106;8.44686;
0.468122;8.44691;
0.468142;8.44697;
0.468162;8.44704;
0.468182;8.4471;
0.468202;8.44717;
0.468222;8.44723;
0.468242;8.4473;
0.468262;8.44736;
0.468282;8.44743;
0.468302;8.44749;
0.468322;8.44756;
0.468342;8.44763;
0.468362;8.44769;
0.468382;8.44776;
0.468402;8.44782;
0.468422;8.44789;
0.468442;8.44796;
0.468462;8.44802;
0.468482;8.44809;
0.468502;8.44816;
0.468522;8.44823;
0.468542;8.44829;
0.468562;8.44836;
0.468582;8.44843;
0.468602;8.4485;
0.468622;8.44857;
0.468642;8.44863;
0.468662;8.4487;
0.468682;8.44877;
0.468702;8.44884;
0.468722;8.44891;
0.468742;8.44898;
0.468762;8.44905;
0.468782;8.44912;
0.468802;8.44919;
0.468822;8.44926;
0.468842;8.44932;
0.468862;8.44939;
0.468882;8.44946;
0.468902;8.44954;
0.468922;8.44961;
0.468942;8.44968;
0.468962;8.44975;
0.468982;8.44982;
0.469001;8.44989;
0.469001;8.44989;
0.469001;8.44989;
0.469002;8.44989;
0.469002;8.44989;
0.469002;8.44989;
0.469002;8.44989;
0.469003;8.44989;
0.469003;8.44989;
0.469004;8.4499;
0.469007;8.44991;
0.469012;8.44992;
0.469022;8.44996;
0.469042;8.45003;
0.469062;8.4501;
0.469082;8.45018;
0.469102;8.45025;
0.469122;8.45032;
0.469142;8.45039;
0.469162;8.45046;
0.469182;8.45054;
0.469202;8.45061;
0.469222;8.45068;
0.469242;8.45075;
0.469262;8.45083;
0.469282;8.4509;
0.469302;8.45097;
0.469322;8.45105;
0.469342;8.45112;
0.469362;8.45119;
0.469382;8.45127;
0.469402;8.45134;
0.469422;8.45141;
0.469442;8.45149;
0.469462;8.45156;
0.469482;8.45164;
0.469502;8.45171;
0.469522;8.45179;
0.469542;8.45186;
0.469562;8.45194;
0.469582;8.45201;
0.469602;8.45209;
0.469622;8.45216;
0.469642;8.45224;
0.469662;8.45231;
0.469682;8.45239;
0.469702;8.45247;
0.469722;8.45254;
0.469742;8.45262;
0.469762;8.4527;
0.469782;8.45277;
0.469802;8.45285;
0.469822;8.45293;
0.469842;8.453;
0.469862;8.45308;
0.469882;8.45316;
0.469902;8.45324;
0.469922;8.45331;
0.469942;8.45339;
0.469962;8.45347;
0.469982;8.45355;
0.47;8.45362;
0.47;8.45362;
0.47;8.45362;
0.470001;8.45362;
0.470001;8.45362;
0.470001;8.45362;
0.470001;8.45362;
0.470002;8.45362;
0.470002;8.45362;
0.470002;8.45363;
0.470003;8.45363;
0.470004;8.45363;
0.470006;8.45364;
0.470008;8.45364;
0.470011;8.45364;
0.470014;8.45364;
0.470016;8.45364;
0.470022;8.45363;
0.470032;8.45363;
0.470042;8.45362;
0.470055;8.45361;
0.470068;8.4536;
0.470083;8.4536;
0.470103;8.45358;
0.470123;8.45357;
0.470143;8.45356;
0.470163;8.45355;
0.470183;8.45354;
0.470203;8.45353;
0.470223;8.45352;
0.470243;8.45351;
0.470263;8.4535;
0.470283;8.45349;
0.470303;8.45348;
0.470323;8.45347;
0.470343;8.45346;
0.470363;8.45345;
0.470383;8.45344;
0.470403;8.45343;
0.470423;8.45343;
0.470443;8.45342;
0.470463;8.45341;
0.470483;8.4534;
0.470503;8.45339;
0.470523;8.45339;
0.470543;8.45338;
0.470563;8.45337;
0.470583;8.45336;
0.470603;8.45336;
0.470623;8.45335;
0.470643;8.45335;
0.470663;8.45334;
0.470683;8.45333;
0.470703;8.45333;
0.470723;8.45332;
0.470743;8.45332;
0.470763;8.45331;
0.470783;8.45331;
0.470803;8.4533;
0.470823;8.4533;
0.470843;8.45329;
0.470863;8.45329;
0.470883;8.45328;
0.470903;8.45328;
0.470923;8.45328;
0.470943;8.45327;
0.470963;8.45327;
0.470983;8.45327;
0.471001;8.45327;
0.471001;8.45327;
0.471001;8.45327;
0.471002;8.45327;
0.471002;8.45327;
0.471002;8.45327;
0.471002;8.45327;
0.471003;8.45327;
0.471003;8.45327;
0.471004;8.45327;
0.471007;8.45326;
0.471012;8.45326;
0.471022;8.45326;
0.471042;8.45326;
0.471062;8.45326;
0.471082;8.45326;
0.471102;8.45325;
0.471122;8.45325;
0.471142;8.45325;
0.471162;8.45325;
0.471182;8.45325;
0.471202;8.45325;
0.471222;8.45325;
0.471242;8.45325;
0.471262;8.45325;
0.471282;8.45325;
0.471302;8.45325;
0.471322;8.45325;
0.471342;8.45325;
0.471362;8.45325;
0.471382;8.45325;
0.471402;8.45325;
0.471422;8.45325;
0.471442;8.45325;
0.471462;8.45325;
0.471482;8.45326;
0.471502;8.45326;
0.471522;8.45326;
0.471542;8.45326;
0.471562;8.45326;
0.471582;8.45327;
0.471602;8.45327;
0.471622;8.45327;
0.471642;8.45328;
0.471662;8.45328;
0.471682;8.45328;
0.471702;8.45329;
0.471722;8.45329;
0.471742;8.4533;
0.471762;8.4533;
0.471782;8.4533;
0.471802;8.45331;
0.471822;8.45331;
0.471842;8.45332;
0.471862;8.45333;
0.471882;8.45333;
0.471902;8.45334;
0.471922;8.45334;
0.471942;8.45335;
0.471962;8.45335;
0.471982;8.45336;
0.472;8.45337;
0.472;8.45337;
0.472;8.45337;
0.472001;8.45337;
0.472001;8.45337;
0.472001;8.45337;
0.472001;8.45337;
0.472002;8.45337;
0.472002;8.45337;
0.472003;8.45337;
0.472006;8.45337;
0.472011;8.45337;
0.472021;8.45337;
0.472041;8.45338;
0.472061;8.45339;
0.472081;8.4534;
0.472101;8.4534;
0.472121;8.45341;
0.472141;8.45342;
0.472161;8.45343;
0.472181;8.45344;
0.472201;8.45344;
0.472221;8.45345;
0.472241;8.45346;
0.472261;8.45347;
0.472281;8.45348;
0.472301;8.45349;
0.472321;8.4535;
0.472341;8.45351;
0.472361;8.45352;
0.472381;8.45353;
0.472401;8.45354;
0.472421;8.45355;
0.472441;8.45356;
0.472461;8.45357;
0.472481;8.45358;
0.472501;8.45359;
0.472521;8.45361;
0.472541;8.45362;
0.472561;8.45363;
0.472581;8.45364;
0.472601;8.45365;
0.472621;8.45367;
0.472641;8.45368;
0.472661;8.45369;
0.472681;8.4537;
0.472701;8.45372;
0.472721;8.45373;
0.472741;8.45374;
0.472761;8.45376;
0.472781;8.45377;
0.472801;8.45379;
0.472821;8.4538;
0.472841;8.45381;
0.472861;8.45383;
0.472881;8.45384;
0.472901;8.45386;
0.472921;8.45387;
0.472941;8.45389;
0.472961;8.45391;
0.472981;8.45392;
0.473001;8.45394;
0.473001;8.45394;
0.473001;8.45394;
0.473002;8.45394;
0.473002;8.45394;
0.473002;8.45394;
0.473002;8.45394;
0.473003;8.45394;
0.473003;8.45394;
0.473004;8.45394;
0.473007;8.45394;
0.473012;8.45395;
0.473022;8.45395;
0.473042;8.45397;
0.473062;8.45399;
0.473082;8.454;
0.473102;8.45402;
0.473122;8.45404;
0.473142;8.45405;
0.473162;8.45407;
0.473182;8.45409;
0.473202;8.45411;
0.473222;8.45412;
0.473242;8.45414;
0.473262;8.45416;
0.473282;8.45418;
0.473302;8.4542;
0.473322;8.45422;
0.473342;8.45424;
0.473362;8.45425;
0.473382;8.45427;
0.473402;8.45429;
0.473422;8.45431;
0.473442;8.45433;
0.473462;8.45435;
0.473482;8.45437;
0.473502;8.45439;
0.473522;8.45441;
0.473542;8.45443;
0.473562;8.45446;
0.473582;8.45448;
0.473602;8.4545;
0.473622;8.45452;
0.473642;8.45454;
0.473662;8.45456;
0.473682;8.45458;
0.473702;8.45461;
0.473722;8.45463;
0.473742;8.45465;
0.473762;8.45467;
0.473782;8.4547;
0.473802;8.45472;
0.473822;8.45474;
0.473842;8.45477;
0.473862;8.45479;
0.473882;8.45481;
0.473902;8.45484;
0.473922;8.45486;
0.473942;8.45489;
0.473962;8.45491;
0.473982;8.45494;
0.474;8.45496;
0.474;8.45496;
0.474;8.45496;
0.474001;8.45496;
0.474001;8.45496;
0.474001;8.45496;
0.474001;8.45496;
0.474002;8.45496;
0.474002;8.45496;
0.474003;8.45496;
0.474006;8.45496;
0.474011;8.45497;
0.474021;8.45498;
0.474041;8.45501;
0.474061;8.45503;
0.474081;8.45506;
0.474101;8.45509;
0.474121;8.45511;
0.474141;8.45514;
0.474161;8.45516;
0.474181;8.45519;
0.474201;8.45522;
0.474221;8.45524;
0.474241;8.45527;
0.474261;8.4553;
0.474281;8.45532;
0.474301;8.45535;
0.474321;8.45538;
0.474341;8.45541;
0.474361;8.45544;
0.474381;8.45546;
0.474401;8.45549;
0.474421;8.45552;
0.474441;8.45555;
0.474461;8.45558;
0.474481;8.45561;
0.474501;8.45564;
0.474521;8.45567;
0.474541;8.45569;
0.474561;8.45572;
0.474581;8.45575;
0.474601;8.45578;
0.474621;8.45581;
0.474641;8.45584;
0.474661;8.45588;
0.474681;8.45591;
0.474701;8.45594;
0.474721;8.45597;
0.474741;8.456;
0.474761;8.45603;
0.474781;8.45606;
0.474801;8.45609;
0.474821;8.45613;
0.474841;8.45616;
0.474861;8.45619;
0.474881;8.45622;
0.474901;8.45626;
0.474921;8.45629;
0.474941;8.45632;
0.474961;8.45635;
0.474981;8.45639;
0.475001;8.45642;
0.475001;8.45642;
0.475001;8.45642;
0.475002;8.45642;
0.475002;8.45642;
0.475002;8.45642;
0.475002;8.45642;
0.475003;8.45642;
0.475003;8.45642;
0.475004;8.45643;
0.475007;8.45643;
0.475012;8.45644;
0.475022;8.45646;
0.475042;8.45649;
0.475062;8.45652;
0.475082;8.45656;
0.475102;8.45659;
0.475122;8.45663;
0.475142;8.45666;
0.475162;8.4567;
0.475182;8.45673;
0.475202;8.45677;
0.475222;8.4568;
0.475242;8.45684;
0.475262;8.45687;
0.475282;8.45691;
0.475302;8.45694;
0.475322;8.45698;
0.475342;8.45702;
0.475362;8.45705;
0.475382;8.45709;
0.475402;8.45713;
0.475422;8.45716;
0.475442;8.4572;
0.475462;8.45724;
0.475482;8.45728;
0.475502;8.45731;
0.475522;8.45735;
0.475542;8.45739;
0.475562;8.45743;
0.475582;8.45747;
0.475602;8.45751;
0.475622;8.45754;
0.475642;8.45758;
0.475662;8.45762;
0.475682;8.45766;
0.475702;8.4577;
0.475722;8.45774;
0.475742;8.45778;
0.475762;8.45782;
0.475782;8.45786;
0.475802;8.4579;
0.475822;8.45794;
0.475842;8.45798;
0.475862;8.45802;
0.475882;8.45806;
0.475902;8.4581;
0.475922;8.45814;
0.475942;8.45819;
0.475962;8.45823;
0.475982;8.45827;
0.476;8.45831;
0.476;8.45831;
0.476;8.45831;
0.476001;8.45831;
0.476001;8.45831;
0.476001;8.45831;
0.476001;8.45831;
0.476002;8.45831;
0.476002;8.45831;
0.476003;8.45831;
0.476006;8.45832;
0.476011;8.45833;
0.476021;8.45835;
0.476041;8.45839;
0.476061;8.45844;
0.476081;8.45848;
0.476101;8.45852;
0.476121;8.45856;
0.476141;8.45861;
0.476161;8.45865;
0.476181;8.45869;
0.476201;8.45874;
0.476221;8.45878;
0.476241;8.45882;
0.476261;8.45887;
0.476281;8.45891;
0.476301;8.45896;
0.476321;8.459;
0.476341;8.45905;
0.476361;8.45909;
0.476381;8.45914;
0.476401;8.45918;
0.476421;8.45923;
0.476441;8.45927;
0.476461;8.45932;
0.476481;8.45936;
0.476501;8.45941;
0.476521;8.45945;
0.476541;8.4595;
0.476561;8.45955;
0.476581;8.45959;
0.476601;8.45964;
0.476621;8.45969;
0.476641;8.45973;
0.476661;8.45978;
0.476681;8.45983;
0.476701;8.45988;
0.476721;8.45992;
0.476741;8.45997;
0.476761;8.46002;
0.476781;8.46007;
0.476801;8.46012;
0.476821;8.46017;
0.476841;8.46021;
0.476861;8.46026;
0.476881;8.46031;
0.476901;8.46036;
0.476921;8.46041;
0.476941;8.46046;
0.476961;8.46051;
0.476981;8.46056;
0.477001;8.46061;
0.477001;8.46061;
0.477001;8.46061;
0.477002;8.46061;
0.477002;8.46061;
0.477002;8.46061;
0.477002;8.46061;
0.477003;8.46061;
0.477003;8.46061;
0.477004;8.46062;
0.477007;8.46062;
0.477012;8.46064;
0.477022;8.46066;
0.477042;8.46071;
0.477062;8.46076;
0.477082;8.46081;
0.477102;8.46086;
0.477122;8.46092;
0.477142;8.46097;
0.477162;8.46102;
0.477182;8.46107;
0.477202;8.46112;
0.477222;8.46117;
0.477242;8.46122;
0.477262;8.46128;
0.477282;8.46133;
0.477302;8.46138;
0.477322;8.46143;
0.477342;8.46149;
0.477362;8.46154;
0.477382;8.46159;
0.477402;8.46165;
0.477422;8.4617;
0.477442;8.46175;
0.477462;8.46181;
0.477482;8.46186;
0.477502;8.46191;
0.477522;8.46197;
0.477542;8.46202;
0.477562;8.46208;
0.477582;8.46213;
0.477602;8.46219;
0.477622;8.46224;
0.477642;8.4623;
0.477662;8.46235;
0.477682;8.46241;
0.477702;8.46246;
0.477722;8.46252;
0.477742;8.46257;
0.477762;8.46263;
0.477782;8.46269;
0.477802;8.46274;
0.477822;8.4628;
0.477842;8.46286;
0.477862;8.46291;
0.477882;8.46297;
0.477902;8.46303;
0.477922;8.46308;
0.477942;8.46314;
0.477962;8.4632;
0.477982;8.46326;
0.478;8.46331;
0.478;8.46331;
0.478;8.46331;
0.478001;8.46331;
0.478001;8.46331;
0.478001;8.46331;
0.478001;8.46331;
0.478002;8.46331;
0.478002;8.46331;
0.478003;8.46332;
0.478006;8.46332;
0.478011;8.46334;
0.478021;8.46337;
0.478041;8.46343;
0.478061;8.46348;
0.478081;8.46354;
0.478101;8.4636;
0.47812;8.46366;
0.47814;8.46372;
0.47816;8.46378;
0.47818;8.46383;
0.4782;8.46389;
0.47822;8.46395;
0.47824;8.46401;
0.47826;8.46407;
0.47828;8.46413;
0.4783;8.46419;
0.47832;8.46425;
0.47834;8.46431;
0.47836;8.46437;
0.47838;8.46444;
0.4784;8.4645;
0.47842;8.46456;
0.47844;8.46462;
0.47846;8.46468;
0.47848;8.46474;
0.4785;8.4648;
0.47852;8.46487;
0.47854;8.46493;
0.47856;8.46499;
0.47858;8.46505;
0.4786;8.46511;
0.47862;8.46518;
0.47864;8.46524;
0.47866;8.4653;
0.47868;8.46537;
0.4787;8.46543;
0.47872;8.46549;
0.47874;8.46556;
0.47876;8.46562;
0.47878;8.46568;
0.4788;8.46575;
0.47882;8.46581;
0.47884;8.46588;
0.47886;8.46594;
0.47888;8.46601;
0.4789;8.46607;
0.47892;8.46613;
0.47894;8.4662;
0.47896;8.46627;
0.47898;8.46633;
0.479;8.4664;
0.479001;8.4664;
0.479001;8.4664;
0.479001;8.4664;
0.479002;8.4664;
0.479002;8.4664;
0.479002;8.4664;
0.479002;8.4664;
0.479003;8.46641;
0.479003;8.46641;
0.479004;8.46641;
0.479007;8.46642;
0.479012;8.46644;
0.479022;8.46647;
0.479042;8.46654;
0.479062;8.4666;
0.479082;8.46667;
0.479102;8.46673;
0.479122;8.4668;
0.479142;8.46687;
0.479162;8.46693;
0.479182;8.467;
0.479202;8.46707;
0.479222;8.46714;
0.479242;8.4672;
0.479262;8.46727;
0.479282;8.46734;
0.479302;8.46741;
0.479322;8.46747;
0.479342;8.46754;
0.479362;8.46761;
0.479382;8.46768;
0.479402;8.46775;
0.479422;8.46782;
0.479442;8.46788;
0.479462;8.46795;
0.479482;8.46802;
0.479502;8.46809;
0.479522;8.46816;
0.479542;8.46823;
0.479562;8.4683;
0.479582;8.46837;
0.479602;8.46844;
0.479622;8.46851;
0.479642;8.46858;
0.479662;8.46865;
0.479682;8.46872;
0.479702;8.46879;
0.479722;8.46886;
0.479742;8.46893;
0.479762;8.46901;
0.479782;8.46908;
0.479802;8.46915;
0.479822;8.46922;
0.479842;8.46929;
0.479862;8.46936;
0.479882;8.46944;
0.479902;8.46951;
0.479922;8.46958;
0.479942;8.46965;
0.479962;8.46973;
0.479982;8.4698;
0.48;8.46986;
0.48;8.46986;
0.48;8.46986;
0.480001;8.46986;
0.480001;8.46987;
0.480001;8.46987;
0.480001;8.46987;
0.480002;8.46987;
0.480002;8.46987;
0.480003;8.46987;
0.480005;8.46988;
0.480006;8.46988;
0.480007;8.46989;
0.480008;8.46989;
0.480011;8.46989;
0.480014;8.46989;
0.480017;8.46989;
0.48002;8.46989;
0.480026;8.46988;
0.480037;8.46987;
0.480047;8.46987;
0.480057;8.46986;
0.480071;8.46985;
0.480091;8.46984;
0.480111;8.46983;
0.480131;8.46981;
0.480151;8.4698;
0.480171;8.46979;
0.480191;8.46978;
0.480211;8.46977;
0.480231;8.46976;
0.480251;8.46974;
0.480271;8.46973;
0.480291;8.46972;
0.480311;8.46971;
0.480331;8.4697;
0.480351;8.46969;
0.480371;8.46968;
0.480391;8.46967;
0.480411;8.46966;
0.480431;8.46965;
0.480451;8.46964;
0.480471;8.46963;
0.480491;8.46962;
0.480511;8.46962;
0.480531;8.46961;
0.480551;8.4696;
0.480571;8.46959;
0.480591;8.46958;
0.480611;8.46958;
0.480631;8.46957;
0.480651;8.46956;
0.480671;8.46955;
0.480691;8.46955;
0.480711;8.46954;
0.480731;8.46953;
0.480751;8.46953;
0.480771;8.46952;
0.480791;8.46952;
0.480811;8.46951;
0.480831;8.4695;
0.480851;8.4695;
0.480871;8.46949;
0.480891;8.46949;
0.480911;8.46948;
0.480931;8.46948;
0.480951;8.46947;
0.480971;8.46947;
0.480991;8.46947;
0.481001;8.46946;
0.481001;8.46946;
0.481001;8.46946;
0.481002;8.46946;
0.481002;8.46946;
0.481002;8.46946;
0.481002;8.46946;
0.481003;8.46946;
0.481003;8.46946;
0.481004;8.46946;
0.481007;8.46946;
0.481012;8.46946;
0.481022;8.46946;
0.481042;8.46946;
0.481062;8.46945;
0.481082;8.46945;
0.481102;8.46945;
0.481122;8.46944;
0.481142;8.46944;
0.481162;8.46944;
0.481182;8.46944;
0.481202;8.46944;
0.481222;8.46943;
0.481242;8.46943;
0.481262;8.46943;
0.481282;8.46943;
0.481302;8.46943;
0.481322;8.46943;
0.481342;8.46943;
0.481362;8.46943;
0.481382;8.46943;
0.481402;8.46943;
0.481422;8.46943;
0.481442;8.46943;
0.481462;8.46943;
0.481482;8.46943;
0.481502;8.46943;
0.481522;8.46943;
0.481542;8.46943;
0.481562;8.46943;
0.481582;8.46943;
0.481602;8.46944;
0.481622;8.46944;
0.481642;8.46944;
0.481662;8.46944;
0.481682;8.46944;
0.481702;8.46945;
0.481722;8.46945;
0.481742;8.46945;
0.481762;8.46946;
0.481782;8.46946;
0.481802;8.46946;
0.481822;8.46947;
0.481842;8.46947;
0.481862;8.46948;
0.481882;8.46948;
0.481902;8.46948;
0.481922;8.46949;
0.481942;8.46949;
0.481962;8.4695;
0.481982;8.4695;
0.482;8.46951;
0.482;8.46951;
0.482;8.46951;
0.482001;8.46951;
0.482001;8.46951;
0.482001;8.46951;
0.482001;8.46951;
0.482002;8.46951;
0.482002;8.46951;
0.482003;8.46951;
0.482006;8.46951;
0.482011;8.46951;
0.482021;8.46952;
0.482041;8.46952;
0.482061;8.46953;
0.482081;8.46953;
0.482101;8.46954;
0.482121;8.46955;
0.482141;8.46955;
0.482161;8.46956;
0.482181;8.46957;
0.482201;8.46958;
0.482221;8.46958;
0.482241;8.46959;
0.482261;8.4696;
0.482281;8.46961;
0.482301;8.46962;
0.482321;8.46962;
0.482341;8.46963;
0.482361;8.46964;
0.482381;8.46965;
0.482401;8.46966;
0.482421;8.46967;
0.482441;8.46968;
0.482461;8.46969;
0.482481;8.4697;
0.482501;8.46971;
0.482521;8.46972;
0.482541;8.46973;
0.482561;8.46974;
0.482581;8.46975;
0.482601;8.46976;
0.482621;8.46977;
0.482641;8.46978;
0.482661;8.4698;
0.482681;8.46981;
0.482701;8.46982;
0.482721;8.46983;
0.482741;8.46984;
0.482761;8.46986;
0.482781;8.46987;
0.482801;8.46988;
0.482821;8.4699;
0.482841;8.46991;
0.482861;8.46992;
0.482881;8.46994;
0.482901;8.46995;
0.482921;8.46996;
0.482941;8.46998;
0.482961;8.46999;
0.482981;8.47001;
0.483001;8.47002;
0.483001;8.47002;
0.483001;8.47002;
0.483002;8.47002;
0.483002;8.47002;
0.483002;8.47002;
0.483002;8.47002;
0.483003;8.47002;
0.483003;8.47002;
0.483004;8.47002;
0.483007;8.47003;
0.483012;8.47003;
0.483022;8.47004;
0.483042;8.47005;
0.483062;8.47007;
0.483082;8.47008;
0.483102;8.4701;
0.483122;8.47011;
0.483142;8.47013;
0.483162;8.47015;
0.483182;8.47016;
0.483202;8.47018;
0.483222;8.4702;
0.483242;8.47021;
0.483262;8.47023;
0.483282;8.47025;
0.483302;8.47026;
0.483322;8.47028;
0.483342;8.4703;
0.483362;8.47032;
0.483382;8.47034;
0.483402;8.47035;
0.483422;8.47037;
0.483442;8.47039;
0.483462;8.47041;
0.483482;8.47043;
0.483502;8.47045;
0.483522;8.47047;
0.483542;8.47049;
0.483562;8.47051;
0.483582;8.47053;
0.483602;8.47055;
0.483622;8.47057;
0.483642;8.47059;
0.483662;8.47061;
0.483682;8.47063;
0.483702;8.47065;
0.483722;8.47067;
0.483742;8.47069;
0.483762;8.47071;
0.483782;8.47074;
0.483802;8.47076;
0.483822;8.47078;
0.483842;8.4708;
0.483862;8.47082;
0.483882;8.47085;
0.483902;8.47087;
0.483922;8.47089;
0.483942;8.47092;
0.483962;8.47094;
0.483982;8.47096;
0.484;8.47098;
0.484;8.47098;
0.484;8.47098;
0.484001;8.47098;
0.484001;8.47098;
0.484001;8.47098;
0.484001;8.47098;
0.484002;8.47098;
0.484002;8.47099;
0.484003;8.47099;
0.484006;8.47099;
0.484011;8.471;
0.484021;8.47101;
0.484038;8.47103;
0.484058;8.47105;
0.484078;8.47108;
0.484098;8.4711;
0.484118;8.47113;
0.484138;8.47115;
0.484158;8.47118;
0.484178;8.4712;
0.484198;8.47123;
0.484218;8.47125;
0.484238;8.47128;
0.484258;8.4713;
0.484278;8.47133;
0.484298;8.47135;
0.484318;8.47138;
0.484338;8.47141;
0.484358;8.47143;
0.484378;8.47146;
0.484398;8.47149;
0.484418;8.47152;
0.484438;8.47154;
0.484458;8.47157;
0.484478;8.4716;
0.484498;8.47163;
0.484518;8.47165;
0.484538;8.47168;
0.484558;8.47171;
0.484578;8.47174;
0.484598;8.47177;
0.484618;8.4718;
0.484638;8.47183;
0.484658;8.47186;
0.484678;8.47189;
0.484698;8.47191;
0.484718;8.47194;
0.484738;8.47197;
0.484758;8.472;
0.484778;8.47203;
0.484798;8.47207;
0.484818;8.4721;
0.484838;8.47213;
0.484858;8.47216;
0.484878;8.47219;
0.484898;8.47222;
0.484918;8.47225;
0.484938;8.47228;
0.484958;8.47232;
0.484978;8.47235;
0.484998;8.47238;
0.485001;8.47239;
0.485001;8.47239;
0.485001;8.47239;
0.485002;8.47239;
0.485002;8.47239;
0.485002;8.47239;
0.485002;8.47239;
0.485003;8.47239;
0.485003;8.47239;
0.485004;8.47239;
0.485007;8.47239;
0.485012;8.4724;
0.485022;8.47242;
0.485042;8.47245;
0.485062;8.47249;
0.485082;8.47252;
0.485102;8.47255;
0.485122;8.47258;
0.485142;8.47262;
0.485162;8.47265;
0.485182;8.47269;
0.485202;8.47272;
0.485222;8.47275;
0.485242;8.47279;
0.485262;8.47282;
0.485282;8.47286;
0.485302;8.47289;
0.485322;8.47293;
0.485342;8.47296;
0.485362;8.473;
0.485382;8.47303;
0.485402;8.47307;
0.485422;8.4731;
0.485442;8.47314;
0.485462;8.47318;
0.485482;8.47321;
0.485502;8.47325;
0.485522;8.47328;
0.485542;8.47332;
0.485562;8.47336;
0.485582;8.4734;
0.485602;8.47343;
0.485622;8.47347;
0.485642;8.47351;
0.485662;8.47355;
0.485682;8.47358;
0.485702;8.47362;
0.485722;8.47366;
0.485742;8.4737;
0.485762;8.47374;
0.485782;8.47378;
0.485802;8.47382;
0.485822;8.47385;
0.485842;8.47389;
0.485862;8.47393;
0.485882;8.47397;
0.485902;8.47401;
0.485922;8.47405;
0.485942;8.47409;
0.485962;8.47413;
0.485982;8.47417;
0.486;8.47421;
0.486;8.47421;
0.486;8.47421;
0.486001;8.47421;
0.486001;8.47421;
0.486001;8.47421;
0.486001;8.47421;
0.486002;8.47421;
0.486002;8.47421;
0.486003;8.47422;
0.486006;8.47422;
0.486011;8.47423;
0.486021;8.47425;
0.486041;8.47429;
0.486061;8.47433;
0.486081;8.47438;
0.486101;8.47442;
0.486121;8.47446;
0.486141;8.4745;
0.486161;8.47454;
0.486181;8.47458;
0.486201;8.47463;
0.486221;8.47467;
0.486241;8.47471;
0.486261;8.47475;
0.486281;8.4748;
0.486301;8.47484;
0.486321;8.47488;
0.486341;8.47493;
0.486361;8.47497;
0.486381;8.47501;
0.486401;8.47506;
0.486421;8.4751;
0.486441;8.47515;
0.486461;8.47519;
0.486481;8.47524;
0.486501;8.47528;
0.486521;8.47532;
0.486541;8.47537;
0.486561;8.47542;
0.486581;8.47546;
0.486601;8.47551;
0.486621;8.47555;
0.486641;8.4756;
0.486661;8.47564;
0.486681;8.47569;
0.486701;8.47574;
0.486721;8.47578;
0.486741;8.47583;
0.486761;8.47588;
0.486781;8.47592;
0.486801;8.47597;
0.486821;8.47602;
0.486841;8.47606;
0.486861;8.47611;
0.486881;8.47616;
0.486901;8.47621;
0.486921;8.47626;
0.486941;8.4763;
0.486961;8.47635;
0.486981;8.4764;
0.487001;8.47645;
0.487001;8.47645;
0.487001;8.47645;
0.487002;8.47645;
0.487002;8.47645;
0.487002;8.47645;
0.487002;8.47645;
0.487003;8.47645;
0.487003;8.47645;
0.487004;8.47646;
0.487007;8.47646;
0.487012;8.47648;
0.487022;8.4765;
0.487042;8.47655;
0.487062;8.4766;
0.487082;8.47665;
0.487102;8.4767;
0.487122;8.47675;
0.487142;8.4768;
0.487162;8.47685;
0.487182;8.4769;
0.487202;8.47695;
0.487222;8.477;
0.487242;8.47705;
0.487262;8.4771;
0.487282;8.47715;
0.487302;8.4772;
0.487322;8.47725;
0.487342;8.4773;
0.487362;8.47736;
0.487382;8.47741;
0.487402;8.47746;
0.487422;8.47751;
0.487442;8.47756;
0.487462;8.47762;
0.487482;8.47767;
0.487502;8.47772;
0.487522;8.47777;
0.487542;8.47783;
0.487562;8.47788;
0.487582;8.47793;
0.487602;8.47799;
0.487622;8.47804;
0.487642;8.47809;
0.487662;8.47815;
0.487682;8.4782;
0.487702;8.47826;
0.487722;8.47831;
0.487742;8.47837;
0.487762;8.47842;
0.487782;8.47848;
0.487802;8.47853;
0.487822;8.47859;
0.487842;8.47864;
0.487862;8.4787;
0.487882;8.47875;
0.487902;8.47881;
0.487922;8.47886;
0.487942;8.47892;
0.487962;8.47898;
0.487982;8.47903;
0.488;8.47908;
0.488;8.47908;
0.488;8.47908;
0.488001;8.47908;
0.488001;8.47909;
0.488001;8.47909;
0.488001;8.47909;
0.488002;8.47909;
0.488002;8.47909;
0.488003;8.47909;
0.488006;8.4791;
0.488011;8.47911;
0.488021;8.47914;
0.488036;8.47919;
0.488053;8.47923;
0.488069;8.47928;
0.488089;8.47934;
0.488105;8.47938;
0.488122;8.47943;
0.488142;8.47949;
0.488162;8.47955;
0.488182;8.4796;
0.488202;8.47966;
0.488222;8.47972;
0.488242;8.47978;
0.488262;8.47984;
0.488282;8.4799;
0.488302;8.47996;
0.488322;8.48001;
0.488342;8.48007;
0.488362;8.48013;
0.488382;8.48019;
0.488402;8.48025;
0.488422;8.48031;
0.488442;8.48037;
0.488462;8.48043;
0.488482;8.48049;
0.488502;8.48055;
0.488522;8.48061;
0.488542;8.48067;
0.488562;8.48073;
0.488582;8.4808;
0.488602;8.48086;
0.488622;8.48092;
0.488642;8.48098;
0.488662;8.48104;
0.488682;8.4811;
0.488702;8.48117;
0.488722;8.48123;
0.488742;8.48129;
0.488762;8.48135;
0.488782;8.48141;
0.488802;8.48148;
0.488822;8.48154;
0.488842;8.4816;
0.488862;8.48167;
0.488882;8.48173;
0.488902;8.48179;
0.488922;8.48186;
0.488942;8.48192;
0.488962;8.48198;
0.488982;8.48205;
0.489001;8.48211;
0.489001;8.48211;
0.489001;8.48211;
0.489002;8.48211;
0.489002;8.48211;
0.489002;8.48211;
0.489002;8.48211;
0.489003;8.48211;
0.489003;8.48212;
0.489004;8.48212;
0.489007;8.48213;
0.489012;8.48215;
0.489022;8.48218;
0.489042;8.48224;
0.489062;8.48231;
0.489082;8.48237;
0.489102;8.48244;
0.489122;8.4825;
0.489142;8.48257;
0.489162;8.48263;
0.489182;8.4827;
0.489202;8.48276;
0.489222;8.48283;
0.489242;8.4829;
0.489262;8.48296;
0.489282;8.48303;
0.489302;8.4831;
0.489322;8.48316;
0.489342;8.48323;
0.489362;8.4833;
0.489382;8.48336;
0.489402;8.48343;
0.489422;8.4835;
0.489442;8.48356;
0.489462;8.48363;
0.489482;8.4837;
0.489502;8.48377;
0.489522;8.48384;
0.489542;8.4839;
0.489562;8.48397;
0.489582;8.48404;
0.489602;8.48411;
0.489622;8.48418;
0.489642;8.48425;
0.489662;8.48432;
0.489682;8.48439;
0.489702;8.48446;
0.489722;8.48452;
0.489742;8.48459;
0.489762;8.48466;
0.489782;8.48473;
0.489802;8.4848;
0.489822;8.48487;
0.489842;8.48495;
0.489862;8.48502;
0.489882;8.48509;
0.489902;8.48516;
0.489922;8.48523;
0.489942;8.4853;
0.489962;8.48537;
0.489982;8.48544;
0.49;8.48551;
0.49;8.48551;
0.49;8.48551;
0.490001;8.48551;
0.490001;8.48551;
0.490001;8.48551;
0.490001;8.48551;
0.490002;8.48551;
0.490002;8.48551;
0.490003;8.48552;
0.490004;8.48552;
0.490004;8.48552;
0.490006;8.48552;
0.490009;8.48553;
0.490012;8.48552;
0.490015;8.48552;
0.490018;8.48552;
0.490024;8.48551;
0.490035;8.4855;
0.490044;8.48549;
0.490054;8.48548;
0.490066;8.48547;
0.490086;8.48545;
0.490106;8.48542;
0.490126;8.4854;
0.490146;8.48538;
0.490166;8.48536;
0.490186;8.48534;
0.490206;8.48532;
0.490226;8.4853;
0.490246;8.48529;
0.490266;8.48527;
0.490286;8.48525;
0.490306;8.48523;
0.490326;8.48521;
0.490346;8.48519;
0.490366;8.48517;
0.490386;8.48516;
0.490406;8.48514;
0.490426;8.48512;
0.490446;8.4851;
0.490466;8.48509;
0.490486;8.48507;
0.490506;8.48505;
0.490526;8.48504;
0.490546;8.48502;
0.490566;8.485;
0.490586;8.48499;
0.490606;8.48497;
0.490626;8.48496;
0.490646;8.48494;
0.490666;8.48493;
0.490686;8.48491;
0.490706;8.4849;
0.490726;8.48488;
0.490746;8.48487;
0.490766;8.48486;
0.490786;8.48484;
0.490806;8.48483;
0.490826;8.48481;
0.490846;8.4848;
0.490866;8.48479;
0.490886;8.48477;
0.490906;8.48476;
0.490926;8.48475;
0.490946;8.48474;
0.490966;8.48473;
0.490986;8.48471;
0.491001;8.4847;
0.491001;8.4847;
0.491001;8.4847;
0.491002;8.4847;
0.491002;8.4847;
0.491002;8.4847;
0.491002;8.4847;
0.491003;8.4847;
0.491003;8.4847;
0.491004;8.4847;
0.491007;8.4847;
0.491012;8.4847;
0.491022;8.48469;
0.491042;8.48468;
0.491062;8.48467;
0.491082;8.48466;
0.491102;8.48465;
0.491122;8.48464;
0.491142;8.48463;
0.491162;8.48462;
0.491182;8.48461;
0.491202;8.4846;
0.491222;8.48459;
0.491242;8.48458;
0.491262;8.48457;
0.491282;8.48456;
0.491302;8.48455;
0.491322;8.48454;
0.491342;8.48453;
0.491362;8.48453;
0.491382;8.48452;
0.491402;8.48451;
0.491422;8.4845;
0.491442;8.48449;
0.491462;8.48449;
0.491482;8.48448;
0.491502;8.48447;
0.491522;8.48447;
0.491542;8.48446;
0.491562;8.48445;
0.491582;8.48445;
0.491602;8.48444;
0.491622;8.48444;
0.491642;8.48443;
0.491662;8.48442;
0.491682;8.48442;
0.491702;8.48441;
0.491722;8.48441;
0.491742;8.4844;
0.491762;8.4844;
0.491782;8.4844;
0.491802;8.48439;
0.491822;8.48439;
0.491842;8.48438;
0.491862;8.48438;
0.491882;8.48438;
0.491902;8.48437;
0.491922;8.48437;
0.491942;8.48437;
0.491962;8.48437;
0.491982;8.48436;
0.492;8.48436;
0.492;8.48436;
0.492;8.48436;
0.492001;8.48436;
0.492001;8.48436;
0.492001;8.48436;
0.492001;8.48436;
0.492002;8.48436;
0.492002;8.48436;
0.492003;8.48436;
0.492006;8.48436;
0.492011;8.48436;
0.492021;8.48436;
0.492041;8.48436;
0.492061;8.48436;
0.492081;8.48436;
0.492101;8.48435;
0.492121;8.48435;
0.492141;8.48435;
0.492161;8.48435;
0.492181;8.48435;
0.492201;8.48435;
0.492221;8.48435;
0.492241;8.48435;
0.492261;8.48435;
0.492281;8.48435;
0.492301;8.48435;
0.492321;8.48435;
0.492341;8.48435;
0.492361;8.48436;
0.492381;8.48436;
0.492401;8.48436;
0.492421;8.48436;
0.492441;8.48436;
0.492461;8.48436;
0.492481;8.48437;
0.492501;8.48437;
0.492521;8.48437;
0.492541;8.48437;
0.492561;8.48438;
0.492581;8.48438;
0.492601;8.48438;
0.492621;8.48439;
0.492641;8.48439;
0.492661;8.4844;
0.492681;8.4844;
0.492701;8.4844;
0.492721;8.48441;
0.492741;8.48441;
0.492761;8.48442;
0.492781;8.48442;
0.492801;8.48443;
0.492821;8.48444;
0.492841;8.48444;
0.492861;8.48445;
0.492881;8.48445;
0.492901;8.48446;
0.492921;8.48447;
0.492941;8.48447;
0.492961;8.48448;
0.492981;8.48449;
0.493001;8.48449;
0.493001;8.48449;
0.493001;8.48449;
0.493002;8.48449;
0.493002;8.48449;
0.493002;8.48449;
0.493002;8.48449;
0.493003;8.48449;
0.493003;8.48449;
0.493004;8.48449;
0.493007;8.4845;
0.493012;8.4845;
0.493022;8.4845;
0.493042;8.48451;
0.493062;8.48452;
0.493082;8.48452;
0.493102;8.48453;
0.493122;8.48454;
0.493142;8.48455;
0.493162;8.48456;
0.493182;8.48457;
0.493202;8.48458;
0.493222;8.48458;
0.493242;8.48459;
0.493262;8.4846;
0.493282;8.48461;
0.493302;8.48462;
0.493322;8.48463;
0.493342;8.48464;
0.493362;8.48465;
0.493382;8.48467;
0.493402;8.48468;
0.493422;8.48469;
0.493442;8.4847;
0.493462;8.48471;
0.493482;8.48472;
0.493502;8.48473;
0.493522;8.48474;
0.493542;8.48476;
0.493562;8.48477;
0.493582;8.48478;
0.493602;8.48479;
0.493622;8.48481;
0.493642;8.48482;
0.493662;8.48483;
0.493682;8.48485;
0.493702;8.48486;
0.493722;8.48487;
0.493742;8.48489;
0.493762;8.4849;
0.493782;8.48492;
0.493802;8.48493;
0.493822;8.48495;
0.493842;8.48496;
0.493862;8.48498;
0.493882;8.48499;
0.493902;8.48501;
0.493922;8.48502;
0.493942;8.48504;
0.493962;8.48505;
0.493982;8.48507;
0.494;8.48508;
0.494;8.48508;
0.494;8.48508;
0.494001;8.48508;
0.494001;8.48508;
0.494001;8.48508;
0.494001;8.48508;
0.494002;8.48508;
0.494002;8.48509;
0.494003;8.48509;
0.494006;8.48509;
0.494011;8.48509;
0.494021;8.4851;
0.494041;8.48512;
0.494061;8.48513;
0.494081;8.48515;
0.494101;8.48517;
0.494121;8.48519;
0.494141;8.4852;
0.494161;8.48522;
0.494181;8.48524;
0.494201;8.48526;
0.494221;8.48528;
0.494241;8.48529;
0.494261;8.48531;
0.494281;8.48533;
0.494301;8.48535;
0.494321;8.48537;
0.494341;8.48539;
0.494361;8.48541;
0.494381;8.48543;
0.494401;8.48545;
0.494421;8.48547;
0.494441;8.48549;
0.494461;8.48551;
0.494481;8.48553;
0.494501;8.48555;
0.494521;8.48557;
0.494541;8.48559;
0.494561;8.48561;
0.494581;8.48563;
0.494601;8.48565;
0.494621;8.48568;
0.494641;8.4857;
0.494661;8.48572;
0.494681;8.48574;
0.494701;8.48577;
0.494721;8.48579;
0.494741;8.48581;
0.494761;8.48583;
0.494781;8.48586;
0.494801;8.48588;
0.494821;8.4859;
0.494841;8.48593;
0.494861;8.48595;
0.494881;8.48597;
0.494901;8.486;
0.494921;8.48602;
0.494941;8.48605;
0.494961;8.48607;
0.494981;8.4861;
0.495001;8.48612;
0.495001;8.48612;
0.495001;8.48612;
0.495002;8.48612;
0.495002;8.48612;
0.495002;8.48612;
0.495002;8.48612;
0.495003;8.48612;
0.495003;8.48612;
0.495004;8.48613;
0.495007;8.48613;
0.495012;8.48614;
0.495022;8.48615;
0.495042;8.48617;
0.495062;8.4862;
0.495082;8.48623;
0.495102;8.48625;
0.495122;8.48628;
0.495142;8.4863;
0.495162;8.48633;
0.495182;8.48636;
0.495202;8.48638;
0.495222;8.48641;
0.495242;8.48644;
0.495262;8.48647;
0.495282;8.48649;
0.495302;8.48652;
0.495322;8.48655;
0.495342;8.48658;
0.495362;8.4866;
0.495382;8.48663;
0.495402;8.48666;
0.495422;8.48669;
0.495442;8.48672;
0.495462;8.48675;
0.495482;8.48678;
0.495502;8.48681;
0.495522;8.48684;
0.495542;8.48687;
0.495562;8.4869;
0.495582;8.48693;
0.495602;8.48696;
0.495622;8.48699;
0.495642;8.48702;
0.495662;8.48705;
0.495682;8.48708;
0.495702;8.48711;
0.495722;8.48714;
0.495742;8.48717;
0.495762;8.4872;
0.495782;8.48723;
0.495802;8.48727;
0.495822;8.4873;
0.495842;8.48733;
0.495862;8.48736;
0.495882;8.4874;
0.495902;8.48743;
0.495922;8.48746;
0.495942;8.48749;
0.495962;8.48753;
0.495982;8.48756;
0.496;8.48759;
0.496;8.48759;
0.496;8.48759;
0.496001;8.48759;
0.496001;8.48759;
0.496001;8.48759;
0.496001;8.48759;
0.496002;8.48759;
0.496002;8.48759;
0.496003;8.4876;
0.496006;8.4876;
0.496011;8.48761;
0.496021;8.48763;
0.496041;8.48766;
0.496061;8.48769;
0.49608;8.48773;
0.4961;8.48776;
0.49612;8.4878;
0.49614;8.48783;
0.49616;8.48787;
0.49618;8.4879;
0.4962;8.48794;
0.49622;8.48797;
0.49624;8.48801;
0.49626;8.48804;
0.49628;8.48808;
0.4963;8.48811;
0.49632;8.48815;
0.49634;8.48819;
0.49636;8.48822;
0.49638;8.48826;
0.4964;8.4883;
0.49642;8.48833;
0.49644;8.48837;
0.49646;8.48841;
0.49648;8.48845;
0.4965;8.48848;
0.49652;8.48852;
0.49654;8.48856;
0.49656;8.4886;
0.49658;8.48864;
0.4966;8.48868;
0.49662;8.48871;
0.49664;8.48875;
0.49666;8.48879;
0.49668;8.48883;
0.4967;8.48887;
0.49672;8.48891;
0.49674;8.48895;
0.49676;8.48899;
0.49678;8.48903;
0.4968;8.48907;
0.49682;8.48911;
0.49684;8.48915;
0.49686;8.48919;
0.49688;8.48923;
0.4969;8.48927;
0.49692;8.48931;
0.49694;8.48936;
0.49696;8.4894;
0.49698;8.48944;
0.497;8.48948;
0.497001;8.48948;
0.497001;8.48948;
0.497001;8.48948;
0.497002;8.48948;
0.497002;8.48948;
0.497002;8.48949;
0.497002;8.48949;
0.497003;8.48949;
0.497003;8.48949;
0.497004;8.48949;
0.497007;8.4895;
0.497012;8.48951;
0.497022;8.48953;
0.497042;8.48957;
0.497062;8.48961;
0.497082;8.48965;
0.497102;8.4897;
0.497122;8.48974;
0.497142;8.48978;
0.497162;8.48983;
0.497182;8.48987;
0.497202;8.48991;
0.497222;8.48996;
0.497242;8.49;
0.497262;8.49004;
0.497282;8.49009;
0.497302;8.49013;
0.497322;8.49018;
0.497342;8.49022;
0.497362;8.49027;
0.497382;8.49031;
0.497402;8.49036;
0.497422;8.4904;
0.497442;8.49045;
0.497462;8.49049;
0.497482;8.49054;
0.497502;8.49058;
0.497522;8.49063;
0.497542;8.49068;
0.497562;8.49072;
0.497582;8.49077;
0.497602;8.49082;
0.497622;8.49086;
0.497642;8.49091;
0.497662;8.49096;
0.497682;8.491;
0.497702;8.49105;
0.497722;8.4911;
0.497742;8.49115;
0.497762;8.4912;
0.497782;8.49124;
0.497802;8.49129;
0.497822;8.49134;
0.497842;8.49139;
0.497862;8.49144;
0.497882;8.49149;
0.497902;8.49154;
0.497922;8.49159;
0.497942;8.49163;
0.497962;8.49168;
0.497982;8.49173;
0.498;8.49178;
0.498;8.49178;
0.498;8.49178;
0.498001;8.49178;
0.498001;8.49178;
0.498001;8.49178;
0.498001;8.49178;
0.498002;8.49178;
0.498002;8.49178;
0.498003;8.49179;
0.498006;8.49179;
0.498011;8.49181;
0.498021;8.49183;
0.498041;8.49188;
0.498061;8.49193;
0.498081;8.49198;
0.498097;8.49202;
0.498114;8.49207;
0.498134;8.49212;
0.498154;8.49217;
0.498174;8.49222;
0.498194;8.49227;
0.498214;8.49232;
0.498234;8.49237;
0.498254;8.49242;
0.498274;8.49248;
0.498294;8.49253;
0.498314;8.49258;
0.498334;8.49263;
0.498354;8.49269;
0.498374;8.49274;
0.498394;8.49279;
0.498414;8.49285;
0.498434;8.4929;
0.498454;8.49295;
0.498474;8.49301;
0.498494;8.49306;
0.498514;8.49311;
0.498534;8.49317;
0.498554;8.49322;
0.498574;8.49328;
0.498594;8.49333;
0.498614;8.49338;
0.498634;8.49344;
0.498654;8.49349;
0.498674;8.49355;
0.498694;8.4936;
0.498714;8.49366;
0.498734;8.49372;
0.498754;8.49377;
0.498774;8.49383;
0.498794;8.49388;
0.498814;8.49394;
0.498834;8.494;
0.498854;8.49405;
0.498874;8.49411;
0.498894;8.49417;
0.498914;8.49422;
0.498934;8.49428;
0.498954;8.49434;
0.498974;8.49439;
0.498994;8.49445;
0.499001;8.49447;
0.499001;8.49447;
0.499001;8.49447;
0.499002;8.49447;
0.499002;8.49447;
0.499002;8.49448;
0.499002;8.49448;
0.499003;8.49448;
0.499003;8.49448;
0.499004;8.49448;
0.499007;8.49449;
0.499012;8.4945;
0.499022;8.49453;
0.499042;8.49459;
0.499062;8.49465;
0.499082;8.49471;
0.499102;8.49477;
0.499122;8.49482;
0.499142;8.49488;
0.499162;8.49494;
0.499182;8.495;
0.499202;8.49506;
0.499222;8.49512;
0.499242;8.49518;
0.499262;8.49524;
0.499282;8.4953;
0.499302;8.49536;
0.499322;8.49542;
0.499342;8.49548;
0.499362;8.49554;
0.499382;8.4956;
0.499402;8.49566;
0.499422;8.49572;
0.499442;8.49578;
0.499462;8.49584;
0.499482;8.4959;
0.499502;8.49597;
0.499522;8.49603;
0.499542;8.49609;
0.499562;8.49615;
0.499582;8.49621;
0.499602;8.49628;
0.499622;8.49634;
0.499642;8.4964;
0.499662;8.49646;
0.499682;8.49653;
0.499702;8.49659;
0.499722;8.49665;
0.499742;8.49672;
0.499762;8.49678;
0.499782;8.49684;
0.499802;8.49691;
0.499822;8.49697;
0.499842;8.49703;
0.499862;8.4971;
0.499882;8.49716;
0.499902;8.49723;
0.499922;8.49729;
0.499942;8.49736;
0.499962;8.49742;
0.499982;8.49749;
0.5;8.49754;
