time;V(Net-_C3-Pad1_);
0;-5.98317;
1e-08;-5.98317;
2e-08;-5.98317;
4e-08;-5.98317;
8e-08;-5.98317;
1.6e-07;-5.98317;
3.2e-07;-5.98317;
6.4e-07;-5.98317;
1e-06;-5.98317;
1.064e-06;-5.98317;
1.192e-06;-5.98317;
1.448e-06;-5.98317;
1.96e-06;-5.98317;
2.984e-06;-5.98317;
5.032e-06;-5.98317;
9.128e-06;-5.98317;
1.732e-05;-5.98317;
3.3704e-05;-5.98317;
5.3704e-05;-5.98317;
7.3704e-05;-5.98317;
9.3704e-05;-5.98317;
0.000113704;-5.98317;
0.000133704;-5.98317;
0.000153704;-5.98317;
0.000173704;-5.98317;
0.000193704;-5.98317;
0.000213704;-5.98317;
0.000233704;-5.98317;
0.000253704;-5.98317;
0.000273704;-5.98317;
0.000293704;-5.98317;
0.000313704;-5.98317;
0.000333704;-5.98317;
0.000353704;-5.98317;
0.000373704;-5.98317;
0.000393704;-5.98317;
0.000413704;-5.98317;
0.000433704;-5.98317;
0.000453704;-5.98317;
0.000473704;-5.98317;
0.000493704;-5.98317;
0.000513704;-5.98317;
0.000533704;-5.98317;
0.000553704;-5.98317;
0.000573704;-5.98317;
0.000593704;-5.98316;
0.000610704;-5.98316;
0.000627962;-5.98315;
0.000644363;-5.98315;
0.000664363;-5.98314;
0.000667;-5.98314;
0.0006671;-5.98314;
0.0006673;-5.98314;
0.0006677;-5.98314;
0.000668;-5.98314;
0.00066808;-5.98314;
0.00066824;-5.98314;
0.00066856;-5.98314;
0.0006692;-5.98313;
0.00067048;-5.98313;
0.00067304;-5.98313;
0.00067816;-5.98313;
0.0006884;-5.98312;
0.0007084;-5.98311;
0.0007284;-5.9831;
0.0007484;-5.98309;
0.0007684;-5.98307;
0.0007884;-5.98305;
0.0008084;-5.98303;
0.0008284;-5.98301;
0.0008484;-5.98299;
0.0008684;-5.98297;
0.0008884;-5.98295;
0.0009084;-5.98292;
0.0009284;-5.9829;
0.0009484;-5.98287;
0.0009684;-5.98284;
0.0009884;-5.98281;
0.0010084;-5.98278;
0.00102371;-5.98275;
0.00103867;-5.98274;
0.00105101;-5.98273;
0.00106237;-5.98272;
0.00108237;-5.98272;
0.00110237;-5.98271;
0.00112237;-5.98271;
0.00114237;-5.9827;
0.00116237;-5.9827;
0.00118237;-5.9827;
0.00120237;-5.9827;
0.00122237;-5.98269;
0.00124237;-5.98269;
0.00126237;-5.98269;
0.00128237;-5.98269;
0.00130237;-5.98269;
0.00132237;-5.98269;
0.001333;-5.98269;
0.0013331;-5.98269;
0.0013333;-5.98269;
0.0013337;-5.98269;
0.001334;-5.98269;
0.00133408;-5.98269;
0.00133424;-5.98269;
0.00133456;-5.98269;
0.0013352;-5.98269;
0.00133648;-5.98269;
0.00133904;-5.98269;
0.00134416;-5.98269;
0.0013544;-5.98269;
0.0013744;-5.98269;
0.0013944;-5.98269;
0.0014144;-5.98269;
0.0014344;-5.98269;
0.0014544;-5.98269;
0.0014744;-5.98269;
0.0014944;-5.98269;
0.0015144;-5.98269;
0.0015344;-5.98269;
0.0015544;-5.98269;
0.0015744;-5.98268;
0.00159035;-5.98268;
0.00160673;-5.98267;
0.00162261;-5.98267;
0.00164261;-5.98266;
0.00166261;-5.98265;
0.00168261;-5.98264;
0.00170261;-5.98262;
0.00172261;-5.98261;
0.00174261;-5.9826;
0.00176261;-5.98258;
0.00178261;-5.98256;
0.00180261;-5.98254;
0.00182261;-5.98252;
0.00184261;-5.9825;
0.00186261;-5.98248;
0.00188261;-5.98245;
0.00190261;-5.98243;
0.00192261;-5.9824;
0.00194261;-5.98237;
0.00196261;-5.98234;
0.00198261;-5.98231;
0.002;-5.98228;
0.0020001;-5.98228;
0.0020003;-5.98228;
0.0020007;-5.98228;
0.002001;-5.98228;
0.00200108;-5.98228;
0.00200124;-5.98228;
0.00200156;-5.98228;
0.0020022;-5.98228;
0.00200348;-5.98227;
0.00200604;-5.98227;
0.00201116;-5.98226;
0.0020214;-5.98224;
0.0020414;-5.98221;
0.0020614;-5.98217;
0.0020814;-5.98213;
0.0021014;-5.9821;
0.0021214;-5.98206;
0.0021414;-5.98201;
0.0021614;-5.98197;
0.0021814;-5.98193;
0.0022014;-5.98188;
0.0022214;-5.98183;
0.0022414;-5.98178;
0.0022614;-5.98174;
0.0022814;-5.98168;
0.0023014;-5.98163;
0.0023214;-5.98158;
0.0023414;-5.98152;
0.0023614;-5.98147;
0.0023814;-5.98141;
0.0024014;-5.98135;
0.0024214;-5.98129;
0.0024414;-5.98123;
0.0024614;-5.98117;
0.0024814;-5.9811;
0.0025014;-5.98104;
0.0025214;-5.98097;
0.0025414;-5.9809;
0.0025614;-5.98083;
0.0025814;-5.98076;
0.0026014;-5.98069;
0.0026214;-5.98062;
0.0026414;-5.98054;
0.0026614;-5.98047;
0.002666;-5.98045;
0.0026661;-5.98045;
0.0026663;-5.98045;
0.0026667;-5.98045;
0.002667;-5.98045;
0.00266708;-5.98044;
0.00266724;-5.98044;
0.00266756;-5.98044;
0.0026682;-5.98044;
0.00266948;-5.98044;
0.00267204;-5.98043;
0.00267716;-5.98041;
0.0026874;-5.98037;
0.0027074;-5.98029;
0.0027274;-5.98021;
0.0027474;-5.98013;
0.0027674;-5.98004;
0.0027874;-5.97996;
0.0028074;-5.97987;
0.0028274;-5.97979;
0.0028474;-5.9797;
0.0028674;-5.97961;
0.0028874;-5.97952;
0.0029074;-5.97943;
0.0029274;-5.97934;
0.0029474;-5.97924;
0.0029674;-5.97915;
0.0029874;-5.97905;
0.0030074;-5.97895;
0.0030274;-5.97885;
0.0030474;-5.97875;
0.0030674;-5.97865;
0.0030874;-5.97854;
0.0031074;-5.97844;
0.0031274;-5.97833;
0.0031474;-5.97823;
0.0031674;-5.97812;
0.0031874;-5.97801;
0.0032074;-5.9779;
0.0032274;-5.97779;
0.0032474;-5.97767;
0.0032674;-5.97756;
0.0032874;-5.97744;
0.0033074;-5.97732;
0.0033274;-5.9772;
0.003333;-5.97717;
0.0033331;-5.97717;
0.0033333;-5.97717;
0.0033337;-5.97717;
0.003334;-5.97717;
0.00333408;-5.97716;
0.00333424;-5.97716;
0.00333456;-5.97716;
0.0033352;-5.97716;
0.00333648;-5.97715;
0.00333904;-5.97713;
0.00334416;-5.9771;
0.0033544;-5.97704;
0.0033744;-5.97692;
0.0033944;-5.9768;
0.0034144;-5.97667;
0.0034344;-5.97655;
0.0034544;-5.97642;
0.0034744;-5.97629;
0.0034944;-5.97616;
0.0035144;-5.97603;
0.0035344;-5.9759;
0.0035544;-5.97577;
0.0035744;-5.97563;
0.0035944;-5.9755;
0.0036144;-5.97536;
0.0036344;-5.97522;
0.0036544;-5.97508;
0.0036744;-5.97494;
0.0036944;-5.9748;
0.0037144;-5.97466;
0.0037344;-5.97451;
0.0037544;-5.97437;
0.0037744;-5.97422;
0.0037944;-5.97407;
0.0038144;-5.97392;
0.0038344;-5.97377;
0.0038544;-5.97362;
0.0038744;-5.97347;
0.0038944;-5.97331;
0.0039144;-5.97316;
0.0039344;-5.973;
0.0039544;-5.97284;
0.0039744;-5.97268;
0.0039944;-5.97252;
0.003999;-5.97248;
0.0039991;-5.97248;
0.0039993;-5.97248;
0.0039997;-5.97248;
0.004;-5.97248;
0.00400008;-5.97248;
0.00400024;-5.97247;
0.00400056;-5.97247;
0.0040012;-5.97247;
0.00400248;-5.97246;
0.00400504;-5.97244;
0.00401016;-5.97239;
0.0040204;-5.97231;
0.0040404;-5.97215;
0.0040604;-5.97198;
0.0040804;-5.97182;
0.0041004;-5.97165;
0.0041204;-5.97148;
0.0041404;-5.97131;
0.0041604;-5.97114;
0.0041804;-5.97097;
0.0042004;-5.97079;
0.0042204;-5.97062;
0.0042404;-5.97044;
0.0042604;-5.97027;
0.0042804;-5.97009;
0.0043004;-5.96991;
0.0043204;-5.96973;
0.0043404;-5.96954;
0.0043604;-5.96936;
0.0043804;-5.96918;
0.0044004;-5.96899;
0.0044204;-5.9688;
0.0044404;-5.96861;
0.0044604;-5.96842;
0.0044804;-5.96823;
0.0045004;-5.96804;
0.0045204;-5.96785;
0.0045404;-5.96765;
0.0045604;-5.96746;
0.0045804;-5.96726;
0.0046004;-5.96706;
0.0046204;-5.96686;
0.0046404;-5.96666;
0.0046604;-5.96646;
0.004666;-5.9664;
0.0046661;-5.9664;
0.0046663;-5.9664;
0.0046667;-5.9664;
0.004667;-5.96639;
0.00466708;-5.96639;
0.00466724;-5.96639;
0.00466756;-5.96639;
0.0046682;-5.96638;
0.00466948;-5.96637;
0.00467204;-5.96634;
0.00467716;-5.96629;
0.0046874;-5.96619;
0.0047074;-5.96598;
0.0047274;-5.96578;
0.0047474;-5.96557;
0.0047674;-5.96536;
0.0047874;-5.96515;
0.0048074;-5.96494;
0.0048274;-5.96473;
0.0048474;-5.96451;
0.0048674;-5.9643;
0.0048874;-5.96408;
0.0049074;-5.96387;
0.0049274;-5.96365;
0.0049474;-5.96343;
0.0049674;-5.96321;
0.0049874;-5.96299;
0.0050074;-5.96276;
0.0050274;-5.96254;
0.0050474;-5.96231;
0.0050674;-5.96209;
0.0050874;-5.96186;
0.0051074;-5.96163;
0.0051274;-5.9614;
0.0051474;-5.96117;
0.0051674;-5.96094;
0.0051874;-5.9607;
0.0052074;-5.96047;
0.0052274;-5.96023;
0.0052474;-5.95999;
0.0052674;-5.95976;
0.0052874;-5.95952;
0.0053074;-5.95927;
0.0053274;-5.95903;
0.005332;-5.95898;
0.0053321;-5.95898;
0.0053323;-5.95897;
0.0053327;-5.95897;
0.005333;-5.95896;
0.00533308;-5.95896;
0.00533324;-5.95896;
0.00533356;-5.95896;
0.0053342;-5.95895;
0.00533548;-5.95893;
0.00533804;-5.9589;
0.00534316;-5.95884;
0.0053534;-5.95872;
0.0053734;-5.95847;
0.0053934;-5.95822;
0.0054134;-5.95798;
0.0054334;-5.95773;
0.0054534;-5.95748;
0.0054734;-5.95723;
0.0054934;-5.95698;
0.0055134;-5.95672;
0.0055334;-5.95647;
0.0055534;-5.95621;
0.0055734;-5.95595;
0.0055934;-5.9557;
0.0056134;-5.95544;
0.0056334;-5.95518;
0.0056534;-5.95491;
0.0056734;-5.95465;
0.0056934;-5.95439;
0.0057134;-5.95412;
0.0057334;-5.95386;
0.0057534;-5.95359;
0.0057734;-5.95332;
0.0057934;-5.95305;
0.0058134;-5.95278;
0.0058334;-5.95251;
0.0058534;-5.95223;
0.0058734;-5.95196;
0.0058934;-5.95168;
0.0059134;-5.9514;
0.0059334;-5.95113;
0.0059534;-5.95085;
0.0059734;-5.95057;
0.0059934;-5.95028;
0.005999;-5.95021;
0.0059991;-5.9502;
0.0059993;-5.9502;
0.0059997;-5.9502;
0.006;-5.95019;
0.00600008;-5.95019;
0.00600024;-5.95019;
0.00600056;-5.95018;
0.0060012;-5.95017;
0.00600248;-5.95016;
0.00600504;-5.95012;
0.00601016;-5.95005;
0.0060204;-5.9499;
0.0060404;-5.94962;
0.0060604;-5.94933;
0.0060804;-5.94905;
0.0061004;-5.94876;
0.0061204;-5.94847;
0.0061404;-5.94818;
0.0061604;-5.94789;
0.0061804;-5.94759;
0.0062004;-5.9473;
0.0062204;-5.947;
0.0062404;-5.94671;
0.0062604;-5.94641;
0.0062804;-5.94611;
0.0063004;-5.94581;
0.0063204;-5.94551;
0.0063404;-5.94521;
0.0063604;-5.94491;
0.0063804;-5.9446;
0.0064004;-5.9443;
0.0064204;-5.94399;
0.0064404;-5.94368;
0.0064604;-5.94337;
0.0064804;-5.94306;
0.0065004;-5.94275;
0.0065204;-5.94244;
0.0065404;-5.94213;
0.0065604;-5.94181;
0.0065804;-5.94149;
0.0066004;-5.94118;
0.0066204;-5.94086;
0.0066404;-5.94054;
0.0066604;-5.94022;
0.006665;-5.94015;
0.0066651;-5.94014;
0.0066653;-5.94014;
0.0066657;-5.94013;
0.006666;-5.94013;
0.00666608;-5.94013;
0.00666624;-5.94013;
0.00666656;-5.94012;
0.0066672;-5.94011;
0.00666848;-5.94009;
0.00667104;-5.94005;
0.00667616;-5.93997;
0.0066864;-5.9398;
0.0067064;-5.93948;
0.0067264;-5.93915;
0.0067464;-5.93883;
0.0067664;-5.9385;
0.0067864;-5.93817;
0.0068064;-5.93784;
0.0068264;-5.93751;
0.0068464;-5.93718;
0.0068664;-5.93685;
0.0068864;-5.93652;
0.0069064;-5.93618;
0.0069264;-5.93585;
0.0069464;-5.93551;
0.0069664;-5.93517;
0.0069864;-5.93483;
0.0070064;-5.93449;
0.0070264;-5.93415;
0.0070464;-5.93381;
0.0070664;-5.93347;
0.0070864;-5.93312;
0.0071064;-5.93277;
0.0071264;-5.93243;
0.0071464;-5.93208;
0.0071664;-5.93173;
0.0071864;-5.93138;
0.0072064;-5.93103;
0.0072264;-5.93067;
0.0072464;-5.93032;
0.0072664;-5.92997;
0.0072864;-5.92961;
0.0073064;-5.92925;
0.0073264;-5.92889;
0.007332;-5.92879;
0.0073321;-5.92879;
0.0073323;-5.92879;
0.0073327;-5.92878;
0.007333;-5.92878;
0.00733308;-5.92877;
0.00733324;-5.92877;
0.00733356;-5.92877;
0.0073342;-5.92875;
0.00733548;-5.92873;
0.00733804;-5.92868;
0.00734316;-5.92859;
0.0073534;-5.92841;
0.0073734;-5.92805;
0.0073934;-5.92768;
0.0074134;-5.92732;
0.0074334;-5.92696;
0.0074534;-5.92659;
0.0074734;-5.92622;
0.0074934;-5.92586;
0.0075134;-5.92549;
0.0075334;-5.92512;
0.0075534;-5.92475;
0.0075734;-5.92437;
0.0075934;-5.924;
0.0076134;-5.92363;
0.0076334;-5.92325;
0.0076534;-5.92287;
0.0076734;-5.9225;
0.0076934;-5.92212;
0.0077134;-5.92174;
0.0077334;-5.92136;
0.0077534;-5.92097;
0.0077734;-5.92059;
0.0077934;-5.92021;
0.0078134;-5.91982;
0.0078334;-5.91943;
0.0078534;-5.91905;
0.0078734;-5.91866;
0.0078934;-5.91827;
0.0079134;-5.91788;
0.0079334;-5.91748;
0.0079534;-5.91709;
0.0079734;-5.9167;
0.0079934;-5.9163;
0.007998;-5.91621;
0.0079981;-5.91621;
0.0079983;-5.9162;
0.0079987;-5.91619;
0.007999;-5.91619;
0.00799908;-5.91619;
0.00799924;-5.91618;
0.00799956;-5.91618;
0.0080002;-5.91616;
0.00800148;-5.91614;
0.00800404;-5.91609;
0.00800916;-5.91599;
0.0080194;-5.91578;
0.0080394;-5.91539;
0.0080594;-5.91499;
0.0080794;-5.91459;
0.0080994;-5.91418;
0.0081194;-5.91378;
0.0081394;-5.91338;
0.0081594;-5.91297;
0.0081794;-5.91257;
0.0081994;-5.91216;
0.0082194;-5.91175;
0.0082394;-5.91134;
0.0082594;-5.91093;
0.0082794;-5.91052;
0.0082994;-5.91011;
0.0083194;-5.9097;
0.0083394;-5.90928;
0.0083594;-5.90887;
0.0083794;-5.90845;
0.0083994;-5.90803;
0.0084194;-5.90761;
0.0084394;-5.90719;
0.0084594;-5.90677;
0.0084794;-5.90635;
0.0084994;-5.90593;
0.0085194;-5.9055;
0.0085394;-5.90508;
0.0085594;-5.90465;
0.0085794;-5.90422;
0.0085994;-5.90379;
0.0086194;-5.90336;
0.0086394;-5.90293;
0.0086594;-5.9025;
0.008665;-5.90238;
0.0086651;-5.90238;
0.0086653;-5.90237;
0.0086657;-5.90236;
0.008666;-5.90236;
0.00866608;-5.90236;
0.00866624;-5.90235;
0.00866656;-5.90235;
0.0086672;-5.90233;
0.00866848;-5.9023;
0.00867104;-5.90225;
0.00867616;-5.90214;
0.0086864;-5.90192;
0.0087064;-5.90148;
0.0087264;-5.90105;
0.0087464;-5.90061;
0.0087664;-5.90017;
0.0087864;-5.89973;
0.0088064;-5.89929;
0.0088264;-5.89885;
0.0088464;-5.89841;
0.0088664;-5.89797;
0.0088864;-5.89752;
0.0089064;-5.89708;
0.0089264;-5.89663;
0.0089464;-5.89618;
0.0089664;-5.89573;
0.0089864;-5.89529;
0.0090064;-5.89483;
0.0090264;-5.89438;
0.0090464;-5.89393;
0.0090664;-5.89348;
0.0090864;-5.89302;
0.0091064;-5.89257;
0.0091264;-5.89211;
0.0091464;-5.89165;
0.0091664;-5.89119;
0.0091864;-5.89073;
0.0092064;-5.89027;
0.0092264;-5.88981;
0.0092464;-5.88934;
0.0092664;-5.88888;
0.0092864;-5.88841;
0.0093064;-5.88795;
0.0093264;-5.88748;
0.009331;-5.88737;
0.009333;-5.88733;
0.009337;-5.88723;
0.009345;-5.88704;
0.009361;-5.88667;
0.009381;-5.8862;
0.009401;-5.88573;
0.009421;-5.88525;
0.009441;-5.88478;
0.009461;-5.88431;
0.009481;-5.88383;
0.009501;-5.88335;
0.009521;-5.88288;
0.009541;-5.8824;
0.009561;-5.88192;
0.009581;-5.88144;
0.009601;-5.88095;
0.009621;-5.88047;
0.009641;-5.87999;
0.009661;-5.8795;
0.009681;-5.87901;
0.009701;-5.87853;
0.009721;-5.87804;
0.009741;-5.87755;
0.009761;-5.87706;
0.009781;-5.87657;
0.009801;-5.87608;
0.009821;-5.87558;
0.009841;-5.87509;
0.009861;-5.87459;
0.009881;-5.8741;
0.009901;-5.8736;
0.009921;-5.8731;
0.009941;-5.8726;
0.009961;-5.8721;
0.009981;-5.8716;
0.009998;-5.87117;
0.0099981;-5.87117;
0.0099983;-5.87116;
0.0099987;-5.87115;
0.009999;-5.87114;
0.00999908;-5.87114;
0.00999924;-5.87114;
0.00999956;-5.87113;
0.0100002;-5.87111;
0.0100015;-5.87108;
0.010004;-5.87102;
0.0100092;-5.87089;
0.0100194;-5.87063;
0.0100394;-5.87012;
0.0100594;-5.86962;
0.0100794;-5.86911;
0.0100994;-5.8686;
0.0101194;-5.86809;
0.0101394;-5.86758;
0.0101594;-5.86707;
0.0101794;-5.86656;
0.0101994;-5.86605;
0.0102194;-5.86553;
0.0102394;-5.86502;
0.0102594;-5.8645;
0.0102794;-5.86399;
0.0102994;-5.86347;
0.0103194;-5.86295;
0.0103394;-5.86243;
0.0103594;-5.86191;
0.0103794;-5.86138;
0.0103994;-5.86086;
0.0104194;-5.86034;
0.0104394;-5.85981;
0.0104594;-5.85928;
0.0104794;-5.85876;
0.0104994;-5.85823;
0.0105194;-5.8577;
0.0105394;-5.85717;
0.0105594;-5.85664;
0.0105794;-5.8561;
0.0105994;-5.85557;
0.0106194;-5.85504;
0.0106394;-5.8545;
0.0106594;-5.85396;
0.010664;-5.85384;
0.0106641;-5.85384;
0.0106643;-5.85383;
0.0106647;-5.85382;
0.010665;-5.85381;
0.0106651;-5.85381;
0.0106652;-5.85381;
0.0106656;-5.8538;
0.0106662;-5.85378;
0.0106675;-5.85375;
0.01067;-5.85368;
0.0106752;-5.85354;
0.0106854;-5.85327;
0.0107054;-5.85273;
0.0107254;-5.85219;
0.0107454;-5.85165;
0.0107654;-5.8511;
0.0107854;-5.85056;
0.0108054;-5.85002;
0.0108254;-5.84947;
0.0108454;-5.84893;
0.0108654;-5.84838;
0.0108854;-5.84783;
0.0109054;-5.84728;
0.0109254;-5.84673;
0.0109454;-5.84618;
0.0109654;-5.84563;
0.0109854;-5.84508;
0.0110054;-5.84452;
0.0110254;-5.84397;
0.0110454;-5.84341;
0.0110654;-5.84285;
0.0110854;-5.84229;
0.0111054;-5.84174;
0.0111254;-5.84118;
0.0111454;-5.84061;
0.0111654;-5.84005;
0.0111854;-5.83949;
0.0112054;-5.83893;
0.0112254;-5.83836;
0.0112454;-5.83779;
0.0112654;-5.83723;
0.0112854;-5.83666;
0.0113054;-5.83609;
0.0113254;-5.83552;
0.011331;-5.83536;
0.0113311;-5.83536;
0.0113313;-5.83535;
0.0113317;-5.83534;
0.011332;-5.83533;
0.0113321;-5.83533;
0.0113322;-5.83533;
0.0113326;-5.83532;
0.0113332;-5.8353;
0.0113345;-5.83526;
0.011337;-5.83519;
0.0113422;-5.83504;
0.0113524;-5.83475;
0.0113724;-5.83418;
0.0113924;-5.8336;
0.0114124;-5.83303;
0.0114324;-5.83245;
0.0114524;-5.83188;
0.0114724;-5.8313;
0.0114924;-5.83072;
0.0115124;-5.83014;
0.0115324;-5.82956;
0.0115524;-5.82898;
0.0115724;-5.8284;
0.0115924;-5.82782;
0.0116124;-5.82723;
0.0116324;-5.82665;
0.0116524;-5.82606;
0.0116724;-5.82547;
0.0116924;-5.82489;
0.0117124;-5.8243;
0.0117324;-5.82371;
0.0117524;-5.82312;
0.0117724;-5.82252;
0.0117924;-5.82193;
0.0118124;-5.82134;
0.0118324;-5.82074;
0.0118524;-5.82015;
0.0118724;-5.81955;
0.0118924;-5.81895;
0.0119124;-5.81835;
0.0119324;-5.81775;
0.0119524;-5.81715;
0.0119724;-5.81655;
0.0119924;-5.81595;
0.011997;-5.81581;
0.0119971;-5.81581;
0.0119973;-5.8158;
0.0119977;-5.81579;
0.011998;-5.81578;
0.0119981;-5.81578;
0.0119982;-5.81577;
0.0119986;-5.81576;
0.0119992;-5.81574;
0.0120005;-5.8157;
0.012003;-5.81563;
0.0120082;-5.81547;
0.0120184;-5.81516;
0.0120384;-5.81456;
0.0120584;-5.81395;
0.0120784;-5.81334;
0.0120984;-5.81274;
0.0121184;-5.81213;
0.0121384;-5.81152;
0.0121584;-5.81091;
0.0121784;-5.8103;
0.0121984;-5.80968;
0.0122184;-5.80907;
0.0122384;-5.80845;
0.0122584;-5.80784;
0.0122784;-5.80722;
0.0122984;-5.8066;
0.0123184;-5.80599;
0.0123384;-5.80537;
0.0123584;-5.80475;
0.0123784;-5.80412;
0.0123984;-5.8035;
0.0124184;-5.80288;
0.0124384;-5.80226;
0.0124584;-5.80163;
0.0124784;-5.801;
0.0124984;-5.80038;
0.0125184;-5.79975;
0.0125384;-5.79912;
0.0125584;-5.79849;
0.0125784;-5.79786;
0.0125984;-5.79723;
0.0126184;-5.79659;
0.0126384;-5.79596;
0.0126584;-5.79533;
0.012664;-5.79515;
0.0126641;-5.79514;
0.0126643;-5.79514;
0.0126647;-5.79513;
0.012665;-5.79512;
0.0126651;-5.79511;
0.0126652;-5.79511;
0.0126656;-5.7951;
0.0126662;-5.79508;
0.0126675;-5.79504;
0.01267;-5.79496;
0.0126752;-5.79479;
0.0126854;-5.79447;
0.0127054;-5.79383;
0.0127254;-5.79319;
0.0127454;-5.79255;
0.0127654;-5.79191;
0.0127854;-5.79127;
0.0128054;-5.79063;
0.0128254;-5.78999;
0.0128454;-5.78935;
0.0128654;-5.7887;
0.0128854;-5.78806;
0.0129054;-5.78741;
0.0129254;-5.78676;
0.0129454;-5.78611;
0.0129654;-5.78546;
0.0129854;-5.78481;
0.0130054;-5.78416;
0.0130254;-5.78351;
0.0130454;-5.78286;
0.0130654;-5.7822;
0.0130854;-5.78155;
0.0131054;-5.78089;
0.0131254;-5.78024;
0.0131454;-5.77958;
0.0131654;-5.77892;
0.0131854;-5.77826;
0.0132054;-5.7776;
0.0132254;-5.77694;
0.0132454;-5.77628;
0.0132654;-5.77561;
0.0132854;-5.77495;
0.0133054;-5.77428;
0.0133254;-5.77362;
0.01333;-5.77346;
0.0133301;-5.77346;
0.0133303;-5.77345;
0.0133307;-5.77344;
0.013331;-5.77343;
0.0133311;-5.77343;
0.0133312;-5.77342;
0.0133316;-5.77341;
0.0133322;-5.77339;
0.0133335;-5.77335;
0.013336;-5.77326;
0.0133412;-5.77309;
0.0133514;-5.77275;
0.0133714;-5.77208;
0.0133914;-5.77141;
0.0134114;-5.77074;
0.0134314;-5.77007;
0.0134514;-5.7694;
0.0134714;-5.76873;
0.0134914;-5.76805;
0.0135114;-5.76738;
0.0135314;-5.7667;
0.0135514;-5.76603;
0.0135714;-5.76535;
0.0135914;-5.76467;
0.0136114;-5.76399;
0.0136314;-5.76331;
0.0136514;-5.76263;
0.0136714;-5.76195;
0.0136914;-5.76127;
0.0137114;-5.76058;
0.0137314;-5.7599;
0.0137514;-5.75921;
0.0137714;-5.75853;
0.0137914;-5.75784;
0.0138114;-5.75715;
0.0138314;-5.75646;
0.0138514;-5.75577;
0.0138714;-5.75508;
0.0138914;-5.75439;
0.0139114;-5.75369;
0.0139314;-5.753;
0.0139514;-5.7523;
0.0139714;-5.75161;
0.0139914;-5.75091;
0.013997;-5.75072;
0.0139971;-5.75071;
0.0139973;-5.75071;
0.0139977;-5.75069;
0.013998;-5.75068;
0.0139981;-5.75068;
0.0139982;-5.75067;
0.0139986;-5.75066;
0.0139992;-5.75064;
0.0140005;-5.7506;
0.014003;-5.75051;
0.0140082;-5.75033;
0.0140184;-5.74997;
0.0140384;-5.74927;
0.0140584;-5.74857;
0.0140784;-5.74787;
0.0140984;-5.74717;
0.0141184;-5.74647;
0.0141384;-5.74576;
0.0141584;-5.74506;
0.0141784;-5.74435;
0.0141984;-5.74365;
0.0142184;-5.74294;
0.0142384;-5.74223;
0.0142584;-5.74153;
0.0142784;-5.74082;
0.0142984;-5.7401;
0.0143184;-5.73939;
0.0143384;-5.73868;
0.0143584;-5.73797;
0.0143784;-5.73725;
0.0143984;-5.73654;
0.0144184;-5.73582;
0.0144384;-5.73511;
0.0144584;-5.73439;
0.0144784;-5.73367;
0.0144984;-5.73295;
0.0145184;-5.73223;
0.0145384;-5.73151;
0.0145584;-5.73079;
0.0145784;-5.73006;
0.0145984;-5.72934;
0.0146184;-5.72861;
0.0146384;-5.72789;
0.0146584;-5.72716;
0.014663;-5.72699;
0.0146631;-5.72699;
0.0146633;-5.72698;
0.0146637;-5.72697;
0.014664;-5.72696;
0.0146641;-5.72696;
0.0146642;-5.72695;
0.0146646;-5.72694;
0.0146652;-5.72691;
0.0146665;-5.72687;
0.014669;-5.72677;
0.0146742;-5.72659;
0.0146844;-5.72622;
0.0147044;-5.72549;
0.0147244;-5.72476;
0.0147444;-5.72403;
0.0147644;-5.7233;
0.0147844;-5.72256;
0.0148044;-5.72183;
0.0148244;-5.7211;
0.0148444;-5.72036;
0.0148644;-5.71963;
0.0148844;-5.71889;
0.0149044;-5.71815;
0.0149244;-5.71741;
0.0149444;-5.71667;
0.0149644;-5.71593;
0.0149844;-5.71519;
0.0150044;-5.71445;
0.0150244;-5.71371;
0.0150444;-5.71296;
0.0150644;-5.71222;
0.0150844;-5.71147;
0.0151044;-5.71073;
0.0151244;-5.70998;
0.0151444;-5.70923;
0.0151644;-5.70848;
0.0151844;-5.70773;
0.0152044;-5.70698;
0.0152244;-5.70623;
0.0152444;-5.70548;
0.0152644;-5.70473;
0.0152844;-5.70397;
0.0153044;-5.70322;
0.0153244;-5.70246;
0.01533;-5.70225;
0.0153301;-5.70224;
0.0153303;-5.70224;
0.0153307;-5.70222;
0.015331;-5.70221;
0.0153311;-5.70221;
0.0153312;-5.7022;
0.0153316;-5.70219;
0.0153322;-5.70217;
0.0153335;-5.70212;
0.015336;-5.70202;
0.0153412;-5.70183;
0.0153514;-5.70144;
0.0153714;-5.70068;
0.0153914;-5.69992;
0.0154114;-5.69916;
0.0154314;-5.6984;
0.0154514;-5.69764;
0.0154714;-5.69688;
0.0154914;-5.69611;
0.0155114;-5.69535;
0.0155314;-5.69459;
0.0155514;-5.69382;
0.0155714;-5.69305;
0.0155914;-5.69229;
0.0156114;-5.69152;
0.0156314;-5.69075;
0.0156514;-5.68998;
0.0156714;-5.68921;
0.0156914;-5.68844;
0.0157114;-5.68766;
0.0157314;-5.68689;
0.0157514;-5.68611;
0.0157714;-5.68534;
0.0157914;-5.68456;
0.0158114;-5.68379;
0.0158314;-5.68301;
0.0158514;-5.68223;
0.0158714;-5.68145;
0.0158914;-5.68067;
0.0159114;-5.67989;
0.0159314;-5.67911;
0.0159514;-5.67832;
0.0159714;-5.67754;
0.0159914;-5.67676;
0.015996;-5.67658;
0.0159961;-5.67657;
0.0159963;-5.67656;
0.0159967;-5.67655;
0.015997;-5.67654;
0.0159971;-5.67653;
0.0159972;-5.67653;
0.0159976;-5.67651;
0.0159982;-5.67649;
0.0159995;-5.67644;
0.016002;-5.67634;
0.0160072;-5.67614;
0.0160174;-5.67573;
0.0160374;-5.67495;
0.0160574;-5.67416;
0.0160774;-5.67337;
0.0160974;-5.67258;
0.0161174;-5.67179;
0.0161374;-5.671;
0.0161574;-5.67021;
0.0161774;-5.66942;
0.0161974;-5.66862;
0.0162174;-5.66783;
0.0162374;-5.66704;
0.0162574;-5.66624;
0.0162774;-5.66544;
0.0162974;-5.66465;
0.0163174;-5.66385;
0.0163374;-5.66305;
0.0163574;-5.66225;
0.0163774;-5.66145;
0.0163974;-5.66064;
0.0164174;-5.65984;
0.0164374;-5.65904;
0.0164574;-5.65823;
0.0164774;-5.65743;
0.0164974;-5.65662;
0.0165174;-5.65582;
0.0165374;-5.65501;
0.0165574;-5.6542;
0.0165774;-5.65339;
0.0165974;-5.65258;
0.0166174;-5.65177;
0.0166374;-5.65096;
0.0166574;-5.65015;
0.016663;-5.64992;
0.0166631;-5.64991;
0.0166633;-5.64991;
0.0166637;-5.64989;
0.016664;-5.64988;
0.0166641;-5.64987;
0.0166642;-5.64987;
0.0166646;-5.64985;
0.0166652;-5.64983;
0.0166665;-5.64978;
0.016669;-5.64967;
0.0166742;-5.64946;
0.0166844;-5.64905;
0.0167044;-5.64823;
0.0167244;-5.64742;
0.0167444;-5.6466;
0.0167644;-5.64578;
0.0167844;-5.64497;
0.0168044;-5.64415;
0.0168244;-5.64333;
0.0168444;-5.64251;
0.0168644;-5.64169;
0.0168844;-5.64086;
0.0169044;-5.64004;
0.0169244;-5.63922;
0.0169444;-5.63839;
0.0169644;-5.63757;
0.0169844;-5.63674;
0.0170044;-5.63592;
0.0170244;-5.63509;
0.0170444;-5.63426;
0.0170644;-5.63343;
0.0170844;-5.6326;
0.0171044;-5.63177;
0.0171244;-5.63094;
0.0171444;-5.6301;
0.0171644;-5.62927;
0.0171844;-5.62844;
0.0172044;-5.6276;
0.0172244;-5.62676;
0.0172444;-5.62593;
0.0172644;-5.62509;
0.0172844;-5.62425;
0.0173044;-5.62341;
0.0173244;-5.62257;
0.017329;-5.62238;
0.0173291;-5.62237;
0.0173293;-5.62237;
0.0173297;-5.62235;
0.01733;-5.62234;
0.0173301;-5.62233;
0.0173302;-5.62233;
0.0173306;-5.62231;
0.0173312;-5.62229;
0.0173325;-5.62223;
0.017335;-5.62213;
0.0173402;-5.62191;
0.0173504;-5.62148;
0.0173704;-5.62064;
0.0173904;-5.61979;
0.0174104;-5.61895;
0.0174304;-5.61811;
0.0174504;-5.61726;
0.0174704;-5.61642;
0.0174904;-5.61557;
0.0175104;-5.61472;
0.0175304;-5.61387;
0.0175504;-5.61302;
0.0175704;-5.61217;
0.0175904;-5.61132;
0.0176104;-5.61047;
0.0176304;-5.60962;
0.0176504;-5.60877;
0.0176704;-5.60791;
0.0176904;-5.60706;
0.0177104;-5.6062;
0.0177304;-5.60534;
0.0177504;-5.60449;
0.0177704;-5.60363;
0.0177904;-5.60277;
0.0178104;-5.60191;
0.0178304;-5.60105;
0.0178504;-5.60019;
0.0178704;-5.59933;
0.0178904;-5.59846;
0.0179104;-5.5976;
0.0179304;-5.59674;
0.0179504;-5.59587;
0.0179704;-5.595;
0.0179904;-5.59414;
0.017996;-5.5939;
0.0179961;-5.59389;
0.0179963;-5.59388;
0.0179967;-5.59386;
0.017997;-5.59385;
0.0179971;-5.59385;
0.0179972;-5.59384;
0.0179976;-5.59383;
0.0179982;-5.5938;
0.0179995;-5.59374;
0.018002;-5.59363;
0.0180072;-5.59341;
0.0180174;-5.59297;
0.0180374;-5.5921;
0.0180574;-5.59123;
0.0180774;-5.59036;
0.0180974;-5.58949;
0.0181174;-5.58862;
0.0181374;-5.58774;
0.0181574;-5.58687;
0.0181774;-5.586;
0.0181974;-5.58512;
0.0182174;-5.58424;
0.0182374;-5.58337;
0.0182574;-5.58249;
0.0182774;-5.58161;
0.0182974;-5.58073;
0.0183174;-5.57985;
0.0183374;-5.57897;
0.0183574;-5.57809;
0.0183774;-5.57721;
0.0183974;-5.57633;
0.0184174;-5.57544;
0.0184374;-5.57456;
0.0184574;-5.57367;
0.0184774;-5.57279;
0.0184974;-5.5719;
0.0185174;-5.57101;
0.0185374;-5.57012;
0.0185574;-5.56924;
0.0185774;-5.56835;
0.0185974;-5.56746;
0.0186174;-5.56656;
0.0186374;-5.56567;
0.0186574;-5.56478;
0.018662;-5.56457;
0.0186621;-5.56457;
0.0186623;-5.56456;
0.0186627;-5.56454;
0.018663;-5.56453;
0.0186631;-5.56452;
0.0186632;-5.56452;
0.0186636;-5.5645;
0.0186642;-5.56447;
0.0186655;-5.56442;
0.018668;-5.5643;
0.0186732;-5.56407;
0.0186834;-5.56362;
0.0187034;-5.56272;
0.0187234;-5.56183;
0.0187434;-5.56093;
0.0187634;-5.56003;
0.0187834;-5.55913;
0.0188034;-5.55824;
0.0188234;-5.55734;
0.0188434;-5.55644;
0.0188634;-5.55554;
0.0188834;-5.55463;
0.0189034;-5.55373;
0.0189234;-5.55283;
0.0189434;-5.55192;
0.0189634;-5.55102;
0.0189834;-5.55011;
0.0190034;-5.54921;
0.0190234;-5.5483;
0.0190434;-5.54739;
0.0190634;-5.54648;
0.0190834;-5.54557;
0.0191034;-5.54466;
0.0191234;-5.54375;
0.0191434;-5.54284;
0.0191634;-5.54193;
0.0191834;-5.54102;
0.0192034;-5.5401;
0.0192234;-5.53919;
0.0192434;-5.53827;
0.0192634;-5.53735;
0.0192834;-5.53644;
0.0193034;-5.53552;
0.0193234;-5.5346;
0.019329;-5.53434;
0.0193291;-5.53434;
0.0193293;-5.53433;
0.0193297;-5.53431;
0.01933;-5.5343;
0.0193301;-5.53429;
0.0193302;-5.53429;
0.0193306;-5.53427;
0.0193312;-5.53424;
0.0193325;-5.53418;
0.019335;-5.53407;
0.0193402;-5.53383;
0.0193504;-5.53336;
0.0193704;-5.53244;
0.0193904;-5.53152;
0.0194104;-5.5306;
0.0194304;-5.52967;
0.0194504;-5.52875;
0.0194704;-5.52783;
0.0194904;-5.5269;
0.0195104;-5.52598;
0.0195304;-5.52505;
0.0195504;-5.52412;
0.0195704;-5.52319;
0.0195904;-5.52227;
0.0196104;-5.52134;
0.0196304;-5.52041;
0.0196504;-5.51948;
0.0196704;-5.51854;
0.0196904;-5.51761;
0.0197104;-5.51668;
0.0197304;-5.51574;
0.0197504;-5.51481;
0.0197704;-5.51387;
0.0197904;-5.51294;
0.0198104;-5.512;
0.0198304;-5.51106;
0.0198504;-5.51013;
0.0198704;-5.50919;
0.0198904;-5.50825;
0.0199104;-5.50731;
0.0199304;-5.50636;
0.0199504;-5.50542;
0.0199704;-5.50448;
0.0199904;-5.50354;
0.019995;-5.50332;
0.0199951;-5.50331;
0.0199953;-5.5033;
0.0199957;-5.50329;
0.019996;-5.50327;
0.0199961;-5.50327;
0.0199962;-5.50326;
0.0199966;-5.50325;
0.0199972;-5.50322;
0.0199985;-5.50315;
0.020001;-5.50303;
0.0200062;-5.50279;
0.0200164;-5.50231;
0.0200364;-5.50136;
0.0200564;-5.50042;
0.0200764;-5.49947;
0.0200964;-5.49852;
0.0201164;-5.49757;
0.0201364;-5.49663;
0.0201564;-5.49568;
0.0201764;-5.49473;
0.0201964;-5.49377;
0.0202164;-5.49282;
0.0202364;-5.49187;
0.0202564;-5.49092;
0.0202764;-5.48996;
0.0202964;-5.48901;
0.0203164;-5.48805;
0.0203364;-5.4871;
0.0203564;-5.48614;
0.0203764;-5.48518;
0.0203964;-5.48422;
0.0204164;-5.48326;
0.0204364;-5.4823;
0.0204564;-5.48134;
0.0204764;-5.48038;
0.0204964;-5.47942;
0.0205164;-5.47846;
0.0205364;-5.47749;
0.0205564;-5.47653;
0.0205764;-5.47556;
0.0205964;-5.4746;
0.0206164;-5.47363;
0.0206364;-5.47266;
0.0206564;-5.47169;
0.020662;-5.47142;
0.0206621;-5.47142;
0.0206623;-5.47141;
0.0206627;-5.47139;
0.020663;-5.47138;
0.0206631;-5.47137;
0.0206632;-5.47136;
0.0206636;-5.47135;
0.0206642;-5.47132;
0.0206655;-5.47126;
0.020668;-5.47113;
0.0206732;-5.47088;
0.0206834;-5.47039;
0.0207034;-5.46942;
0.0207234;-5.46845;
0.0207434;-5.46748;
0.0207634;-5.4665;
0.0207834;-5.46553;
0.0208034;-5.46456;
0.0208234;-5.46358;
0.0208434;-5.46261;
0.0208634;-5.46163;
0.0208834;-5.46066;
0.0209034;-5.45968;
0.0209234;-5.4587;
0.0209434;-5.45772;
0.0209634;-5.45675;
0.0209834;-5.45577;
0.0210034;-5.45479;
0.0210234;-5.4538;
0.0210434;-5.45282;
0.0210634;-5.45184;
0.0210834;-5.45086;
0.0211034;-5.44987;
0.0211234;-5.44889;
0.0211434;-5.4479;
0.0211634;-5.44692;
0.0211834;-5.44593;
0.0212034;-5.44494;
0.0212234;-5.44395;
0.0212434;-5.44296;
0.0212634;-5.44197;
0.0212834;-5.44098;
0.0213034;-5.43999;
0.0213234;-5.439;
0.021328;-5.43877;
0.0213281;-5.43877;
0.0213283;-5.43876;
0.0213287;-5.43874;
0.021329;-5.43872;
0.0213291;-5.43872;
0.0213292;-5.43871;
0.0213296;-5.4387;
0.0213302;-5.43866;
0.0213315;-5.4386;
0.021334;-5.43847;
0.0213392;-5.43822;
0.0213494;-5.43771;
0.0213694;-5.43672;
0.0213894;-5.43572;
0.0214094;-5.43473;
0.0214294;-5.43373;
0.0214494;-5.43274;
0.0214694;-5.43174;
0.0214894;-5.43074;
0.0215094;-5.42974;
0.0215294;-5.42874;
0.0215494;-5.42774;
0.0215694;-5.42674;
0.0215894;-5.42574;
0.0216094;-5.42474;
0.0216294;-5.42374;
0.0216494;-5.42273;
0.0216694;-5.42173;
0.0216894;-5.42073;
0.0217094;-5.41972;
0.0217294;-5.41871;
0.0217494;-5.41771;
0.0217694;-5.4167;
0.0217894;-5.41569;
0.0218094;-5.41468;
0.0218294;-5.41367;
0.0218494;-5.41266;
0.0218694;-5.41165;
0.0218894;-5.41064;
0.0219094;-5.40963;
0.0219294;-5.40862;
0.0219494;-5.4076;
0.0219694;-5.40659;
0.0219894;-5.40557;
0.021995;-5.40529;
0.0219951;-5.40528;
0.0219953;-5.40527;
0.0219957;-5.40525;
0.021996;-5.40524;
0.0219961;-5.40523;
0.0219962;-5.40523;
0.0219966;-5.40521;
0.0219972;-5.40518;
0.0219985;-5.40511;
0.022001;-5.40498;
0.0220062;-5.40472;
0.0220164;-5.4042;
0.0220364;-5.40318;
0.0220564;-5.40217;
0.0220764;-5.40115;
0.0220964;-5.40013;
0.0221164;-5.39911;
0.0221364;-5.39809;
0.0221564;-5.39707;
0.0221764;-5.39605;
0.0221964;-5.39503;
0.0222164;-5.394;
0.0222364;-5.39298;
0.0222564;-5.39195;
0.0222764;-5.39093;
0.0222964;-5.3899;
0.0223164;-5.38888;
0.0223364;-5.38785;
0.0223564;-5.38682;
0.0223764;-5.38579;
0.0223964;-5.38477;
0.0224164;-5.38374;
0.0224364;-5.38271;
0.0224564;-5.38167;
0.0224764;-5.38064;
0.0224964;-5.37961;
0.0225164;-5.37858;
0.0225364;-5.37754;
0.0225564;-5.37651;
0.0225764;-5.37547;
0.0225964;-5.37444;
0.0226164;-5.3734;
0.0226364;-5.37236;
0.0226564;-5.37133;
0.022661;-5.37109;
0.0226611;-5.37108;
0.0226613;-5.37107;
0.0226617;-5.37105;
0.022662;-5.37104;
0.0226621;-5.37103;
0.0226622;-5.37102;
0.0226626;-5.37101;
0.0226632;-5.37097;
0.0226645;-5.37091;
0.022667;-5.37077;
0.0226722;-5.37051;
0.0226824;-5.36998;
0.0227024;-5.36894;
0.0227224;-5.3679;
0.0227424;-5.36686;
0.0227624;-5.36581;
0.0227824;-5.36477;
0.0228024;-5.36373;
0.0228224;-5.36269;
0.0228424;-5.36164;
0.0228624;-5.3606;
0.0228824;-5.35955;
0.0229024;-5.35851;
0.0229224;-5.35746;
0.0229424;-5.35641;
0.0229624;-5.35536;
0.0229824;-5.35431;
0.0230024;-5.35326;
0.0230224;-5.35221;
0.0230424;-5.35116;
0.0230624;-5.35011;
0.0230824;-5.34906;
0.0231024;-5.34801;
0.0231224;-5.34695;
0.0231424;-5.3459;
0.0231624;-5.34485;
0.0231824;-5.34379;
0.0232024;-5.34273;
0.0232224;-5.34168;
0.0232424;-5.34062;
0.0232624;-5.33956;
0.0232824;-5.3385;
0.0233024;-5.33744;
0.0233224;-5.33638;
0.023328;-5.33609;
0.0233281;-5.33608;
0.0233283;-5.33607;
0.0233287;-5.33605;
0.023329;-5.33603;
0.0233291;-5.33603;
0.0233292;-5.33602;
0.0233296;-5.336;
0.0233302;-5.33597;
0.0233315;-5.3359;
0.023334;-5.33577;
0.0233392;-5.33549;
0.0233494;-5.33495;
0.0233694;-5.33389;
0.0233894;-5.33283;
0.0234094;-5.33176;
0.0234294;-5.3307;
0.0234494;-5.32964;
0.0234694;-5.32857;
0.0234894;-5.32751;
0.0235094;-5.32644;
0.0235294;-5.32537;
0.0235494;-5.32431;
0.0235694;-5.32324;
0.0235894;-5.32217;
0.0236094;-5.3211;
0.0236294;-5.32003;
0.0236494;-5.31896;
0.0236694;-5.31789;
0.0236894;-5.31681;
0.0237094;-5.31574;
0.0237294;-5.31467;
0.0237494;-5.31359;
0.0237694;-5.31252;
0.0237894;-5.31145;
0.0238094;-5.31037;
0.0238294;-5.30929;
0.0238494;-5.30822;
0.0238694;-5.30714;
0.0238894;-5.30606;
0.0239094;-5.30498;
0.0239294;-5.3039;
0.0239494;-5.30282;
0.0239694;-5.30174;
0.0239894;-5.30066;
0.023994;-5.30041;
0.0239941;-5.3004;
0.0239943;-5.30039;
0.0239947;-5.30037;
0.023995;-5.30035;
0.0239951;-5.30035;
0.0239952;-5.30034;
0.0239956;-5.30032;
0.0239962;-5.30029;
0.0239975;-5.30022;
0.024;-5.30008;
0.0240052;-5.2998;
0.0240154;-5.29925;
0.0240354;-5.29817;
0.0240554;-5.29708;
0.0240754;-5.296;
0.0240954;-5.29491;
0.0241154;-5.29383;
0.0241354;-5.29274;
0.0241554;-5.29165;
0.0241754;-5.29057;
0.0241954;-5.28948;
0.0242154;-5.28839;
0.0242354;-5.2873;
0.0242554;-5.28621;
0.0242754;-5.28512;
0.0242954;-5.28403;
0.0243154;-5.28293;
0.0243354;-5.28184;
0.0243554;-5.28075;
0.0243754;-5.27965;
0.0243954;-5.27856;
0.0244154;-5.27746;
0.0244354;-5.27637;
0.0244554;-5.27527;
0.0244754;-5.27417;
0.0244954;-5.27308;
0.0245154;-5.27198;
0.0245354;-5.27088;
0.0245554;-5.26978;
0.0245754;-5.26868;
0.0245954;-5.26758;
0.0246154;-5.26648;
0.0246354;-5.26537;
0.0246554;-5.26427;
0.024661;-5.26396;
0.0246611;-5.26396;
0.0246613;-5.26395;
0.0246617;-5.26392;
0.024662;-5.26391;
0.0246621;-5.2639;
0.0246622;-5.26389;
0.0246626;-5.26388;
0.0246632;-5.26384;
0.0246645;-5.26377;
0.024667;-5.26363;
0.0246722;-5.26335;
0.0246824;-5.26278;
0.0247024;-5.26168;
0.0247224;-5.26057;
0.0247424;-5.25947;
0.0247624;-5.25836;
0.0247824;-5.25725;
0.0248024;-5.25615;
0.0248224;-5.25504;
0.0248424;-5.25393;
0.0248624;-5.25282;
0.0248824;-5.25171;
0.0249024;-5.2506;
0.0249224;-5.24949;
0.0249424;-5.24838;
0.0249624;-5.24726;
0.0249824;-5.24615;
0.0250024;-5.24504;
0.0250224;-5.24392;
0.0250424;-5.24281;
0.0250624;-5.24169;
0.0250824;-5.24058;
0.0251024;-5.23946;
0.0251224;-5.23834;
0.0251424;-5.23722;
0.0251624;-5.23611;
0.0251824;-5.23499;
0.0252024;-5.23387;
0.0252224;-5.23275;
0.0252424;-5.23163;
0.0252624;-5.2305;
0.0252824;-5.22938;
0.0253024;-5.22826;
0.0253224;-5.22714;
0.025327;-5.22688;
0.0253271;-5.22687;
0.0253273;-5.22686;
0.0253277;-5.22684;
0.025328;-5.22682;
0.0253281;-5.22682;
0.0253282;-5.22681;
0.0253286;-5.22679;
0.0253292;-5.22675;
0.0253305;-5.22668;
0.025333;-5.22654;
0.0253382;-5.22625;
0.0253484;-5.22567;
0.0253684;-5.22455;
0.0253884;-5.22342;
0.0254084;-5.2223;
0.0254284;-5.22117;
0.0254484;-5.22004;
0.0254684;-5.21892;
0.0254884;-5.21779;
0.0255084;-5.21666;
0.0255284;-5.21553;
0.0255484;-5.2144;
0.0255684;-5.21327;
0.0255884;-5.21214;
0.0256084;-5.211;
0.0256284;-5.20987;
0.0256484;-5.20874;
0.0256684;-5.2076;
0.0256884;-5.20647;
0.0257084;-5.20533;
0.0257284;-5.2042;
0.0257484;-5.20306;
0.0257684;-5.20192;
0.0257884;-5.20079;
0.0258084;-5.19965;
0.0258284;-5.19851;
0.0258484;-5.19737;
0.0258684;-5.19623;
0.0258884;-5.19509;
0.0259084;-5.19395;
0.0259284;-5.19281;
0.0259484;-5.19166;
0.0259684;-5.19052;
0.0259884;-5.18938;
0.025994;-5.18906;
0.0259941;-5.18905;
0.0259943;-5.18904;
0.0259947;-5.18902;
0.025995;-5.189;
0.0259951;-5.18899;
0.0259952;-5.18899;
0.0259956;-5.18897;
0.0259962;-5.18893;
0.0259975;-5.18886;
0.026;-5.18871;
0.0260052;-5.18842;
0.0260154;-5.18783;
0.0260354;-5.18669;
0.0260554;-5.18554;
0.0260754;-5.1844;
0.0260954;-5.18325;
0.0261154;-5.1821;
0.0261354;-5.18095;
0.0261554;-5.1798;
0.0261754;-5.17866;
0.0261954;-5.17751;
0.0262154;-5.17636;
0.0262354;-5.1752;
0.0262554;-5.17405;
0.0262754;-5.1729;
0.0262954;-5.17175;
0.0263154;-5.1706;
0.0263354;-5.16944;
0.0263554;-5.16829;
0.0263754;-5.16713;
0.0263954;-5.16598;
0.0264154;-5.16482;
0.0264354;-5.16366;
0.0264554;-5.16251;
0.0264754;-5.16135;
0.0264954;-5.16019;
0.0265154;-5.15903;
0.0265354;-5.15787;
0.0265554;-5.15671;
0.0265754;-5.15555;
0.0265954;-5.15439;
0.0266154;-5.15323;
0.0266354;-5.15206;
0.0266554;-5.1509;
0.02666;-5.15063;
0.0266601;-5.15063;
0.0266603;-5.15061;
0.0266607;-5.15059;
0.026661;-5.15057;
0.0266611;-5.15057;
0.0266612;-5.15056;
0.0266616;-5.15054;
0.0266622;-5.1505;
0.0266635;-5.15043;
0.026666;-5.15028;
0.0266712;-5.14998;
0.0266814;-5.14939;
0.0267014;-5.14822;
0.0267214;-5.14706;
0.0267414;-5.14589;
0.0267614;-5.14472;
0.0267814;-5.14356;
0.0268014;-5.14239;
0.0268214;-5.14122;
0.0268414;-5.14005;
0.0268614;-5.13888;
0.0268814;-5.13771;
0.0269014;-5.13654;
0.0269214;-5.13537;
0.0269414;-5.1342;
0.0269614;-5.13303;
0.0269814;-5.13186;
0.0270014;-5.13068;
0.0270214;-5.12951;
0.0270414;-5.12834;
0.0270614;-5.12716;
0.0270814;-5.12599;
0.0271014;-5.12481;
0.0271214;-5.12363;
0.0271414;-5.12246;
0.0271614;-5.12128;
0.0271814;-5.1201;
0.0272014;-5.11892;
0.0272214;-5.11774;
0.0272414;-5.11656;
0.0272614;-5.11538;
0.0272814;-5.1142;
0.0273014;-5.11302;
0.0273214;-5.11184;
0.027327;-5.1115;
0.0273271;-5.1115;
0.0273273;-5.11149;
0.0273277;-5.11146;
0.027328;-5.11144;
0.0273281;-5.11144;
0.0273282;-5.11143;
0.0273286;-5.11141;
0.0273292;-5.11137;
0.0273305;-5.1113;
0.027333;-5.11115;
0.0273382;-5.11084;
0.0273484;-5.11024;
0.0273684;-5.10905;
0.0273884;-5.10787;
0.0274084;-5.10669;
0.0274284;-5.1055;
0.0274484;-5.10431;
0.0274684;-5.10313;
0.0274884;-5.10194;
0.0275084;-5.10075;
0.0275284;-5.09956;
0.0275484;-5.09838;
0.0275684;-5.09719;
0.0275884;-5.096;
0.0276084;-5.09481;
0.0276284;-5.09362;
0.0276484;-5.09242;
0.0276684;-5.09123;
0.0276884;-5.09004;
0.0277084;-5.08885;
0.0277284;-5.08765;
0.0277484;-5.08646;
0.0277684;-5.08526;
0.0277884;-5.08407;
0.0278084;-5.08287;
0.0278284;-5.08167;
0.0278484;-5.08048;
0.0278684;-5.07928;
0.0278884;-5.07808;
0.0279084;-5.07688;
0.0279284;-5.07568;
0.0279484;-5.07448;
0.0279684;-5.07328;
0.0279884;-5.07208;
0.027993;-5.07181;
0.0279931;-5.0718;
0.0279933;-5.07179;
0.0279937;-5.07176;
0.027994;-5.07175;
0.0279941;-5.07174;
0.0279942;-5.07173;
0.0279946;-5.07171;
0.0279952;-5.07167;
0.0279965;-5.0716;
0.027999;-5.07144;
0.0280042;-5.07114;
0.0280144;-5.07052;
0.0280344;-5.06932;
0.0280544;-5.06812;
0.0280744;-5.06691;
0.0280944;-5.06571;
0.0281144;-5.0645;
0.0281344;-5.0633;
0.0281544;-5.06209;
0.0281744;-5.06089;
0.0281944;-5.05968;
0.0282144;-5.05847;
0.0282344;-5.05726;
0.0282544;-5.05606;
0.0282744;-5.05485;
0.0282944;-5.05364;
0.0283144;-5.05243;
0.0283344;-5.05122;
0.0283544;-5.05001;
0.0283744;-5.0488;
0.0283944;-5.04758;
0.0284144;-5.04637;
0.0284344;-5.04516;
0.0284544;-5.04394;
0.0284744;-5.04273;
0.0284944;-5.04151;
0.0285144;-5.0403;
0.0285344;-5.03908;
0.0285544;-5.03787;
0.0285744;-5.03665;
0.0285944;-5.03543;
0.0286144;-5.03421;
0.0286344;-5.033;
0.0286544;-5.03178;
0.02866;-5.03143;
0.0286601;-5.03143;
0.0286603;-5.03142;
0.0286607;-5.03139;
0.028661;-5.03137;
0.0286611;-5.03137;
0.0286612;-5.03136;
0.0286616;-5.03134;
0.0286622;-5.0313;
0.0286635;-5.03122;
0.028666;-5.03107;
0.0286712;-5.03075;
0.0286814;-5.03013;
0.0287014;-5.02891;
0.0287214;-5.02769;
0.0287414;-5.02647;
0.0287614;-5.02524;
0.0287814;-5.02402;
0.0288014;-5.0228;
0.0288214;-5.02158;
0.0288414;-5.02035;
0.0288614;-5.01913;
0.0288814;-5.0179;
0.0289014;-5.01668;
0.0289214;-5.01545;
0.0289414;-5.01422;
0.0289614;-5.013;
0.0289814;-5.01177;
0.0290014;-5.01054;
0.0290214;-5.00931;
0.0290414;-5.00808;
0.0290614;-5.00685;
0.0290814;-5.00562;
0.0291014;-5.00439;
0.0291214;-5.00316;
0.0291414;-5.00192;
0.0291614;-5.00069;
0.0291814;-4.99946;
0.0292014;-4.99823;
0.0292214;-4.99699;
0.0292414;-4.99576;
0.0292614;-4.99452;
0.0292814;-4.99329;
0.0293014;-4.99205;
0.0293214;-4.99081;
0.029326;-4.99053;
0.0293261;-4.99052;
0.0293263;-4.99051;
0.0293267;-4.99048;
0.029327;-4.99047;
0.0293271;-4.99046;
0.0293272;-4.99045;
0.0293276;-4.99043;
0.0293282;-4.99039;
0.0293295;-4.99031;
0.029332;-4.99015;
0.0293372;-4.98984;
0.0293474;-4.9892;
0.0293674;-4.98797;
0.0293874;-4.98673;
0.0294074;-4.98549;
0.0294274;-4.98425;
0.0294474;-4.98301;
0.0294674;-4.98177;
0.0294874;-4.98053;
0.0295074;-4.97928;
0.0295274;-4.97804;
0.0295474;-4.9768;
0.0295674;-4.97556;
0.0295874;-4.97431;
0.0296074;-4.97307;
0.0296274;-4.97182;
0.0296474;-4.97058;
0.0296674;-4.96933;
0.0296874;-4.96809;
0.0297074;-4.96684;
0.0297274;-4.96559;
0.0297474;-4.96434;
0.0297674;-4.96309;
0.0297874;-4.96185;
0.0298074;-4.9606;
0.0298274;-4.95935;
0.0298474;-4.9581;
0.0298674;-4.95684;
0.0298874;-4.95559;
0.0299074;-4.95434;
0.0299274;-4.95309;
0.0299474;-4.95184;
0.0299674;-4.95058;
0.0299874;-4.94933;
0.029993;-4.94898;
0.0299931;-4.94897;
0.0299933;-4.94896;
0.0299937;-4.94893;
0.029994;-4.94891;
0.0299941;-4.94891;
0.0299942;-4.9489;
0.0299946;-4.94888;
0.0299952;-4.94884;
0.0299965;-4.94876;
0.029999;-4.9486;
0.0300042;-4.94828;
0.0300144;-4.94763;
0.0300344;-4.94638;
0.0300544;-4.94512;
0.0300744;-4.94387;
0.0300944;-4.94261;
0.0301144;-4.94135;
0.0301344;-4.94009;
0.0301544;-4.93884;
0.0301744;-4.93758;
0.0301944;-4.93632;
0.0302144;-4.93506;
0.0302344;-4.9338;
0.0302544;-4.93254;
0.0302744;-4.93128;
0.0302944;-4.93001;
0.0303144;-4.92875;
0.0303344;-4.92749;
0.0303544;-4.92622;
0.0303744;-4.92496;
0.0303944;-4.9237;
0.0304144;-4.92243;
0.0304344;-4.92117;
0.0304544;-4.9199;
0.0304744;-4.91863;
0.0304944;-4.91737;
0.0305144;-4.9161;
0.0305344;-4.91483;
0.0305544;-4.91356;
0.0305744;-4.91229;
0.0305944;-4.91102;
0.0306144;-4.90975;
0.0306344;-4.90848;
0.0306544;-4.90721;
0.030659;-4.90692;
0.0306591;-4.90691;
0.0306593;-4.9069;
0.0306597;-4.90688;
0.03066;-4.90686;
0.0306601;-4.90685;
0.0306602;-4.90684;
0.0306606;-4.90682;
0.0306612;-4.90678;
0.0306625;-4.9067;
0.030665;-4.90654;
0.0306702;-4.90621;
0.0306804;-4.90556;
0.0307004;-4.90429;
0.0307204;-4.90302;
0.0307404;-4.90174;
0.0307604;-4.90047;
0.0307804;-4.8992;
0.0308004;-4.89792;
0.0308204;-4.89665;
0.0308404;-4.89537;
0.0308604;-4.89409;
0.0308804;-4.89282;
0.0309004;-4.89154;
0.0309204;-4.89026;
0.0309404;-4.88899;
0.0309604;-4.88771;
0.0309804;-4.88643;
0.0310004;-4.88515;
0.0310204;-4.88387;
0.0310404;-4.88259;
0.0310604;-4.88131;
0.0310804;-4.88003;
0.0311004;-4.87874;
0.0311204;-4.87746;
0.0311404;-4.87618;
0.0311604;-4.8749;
0.0311804;-4.87361;
0.0312004;-4.87233;
0.0312204;-4.87104;
0.0312404;-4.86976;
0.0312604;-4.86847;
0.0312804;-4.86718;
0.0313004;-4.8659;
0.0313204;-4.86461;
0.031326;-4.86425;
0.0313261;-4.86424;
0.0313263;-4.86423;
0.0313267;-4.86421;
0.031327;-4.86419;
0.0313271;-4.86418;
0.0313272;-4.86417;
0.0313276;-4.86415;
0.0313282;-4.86411;
0.0313295;-4.86403;
0.031332;-4.86386;
0.0313372;-4.86353;
0.0313474;-4.86287;
0.0313674;-4.86158;
0.0313874;-4.86029;
0.0314074;-4.85901;
0.0314274;-4.85772;
0.0314474;-4.85643;
0.0314674;-4.85513;
0.0314874;-4.85384;
0.0315074;-4.85255;
0.0315274;-4.85126;
0.0315474;-4.84997;
0.0315674;-4.84867;
0.0315874;-4.84738;
0.0316074;-4.84609;
0.0316274;-4.84479;
0.0316474;-4.8435;
0.0316674;-4.8422;
0.0316874;-4.8409;
0.0317074;-4.83961;
0.0317274;-4.83831;
0.0317474;-4.83701;
0.0317674;-4.83572;
0.0317874;-4.83442;
0.0318074;-4.83312;
0.0318274;-4.83182;
0.0318474;-4.83052;
0.0318674;-4.82922;
0.0318874;-4.82792;
0.0319074;-4.82662;
0.0319274;-4.82531;
0.0319474;-4.82401;
0.0319674;-4.82271;
0.0319874;-4.82141;
0.031992;-4.82111;
0.0319921;-4.8211;
0.0319923;-4.82109;
0.0319927;-4.82106;
0.031993;-4.82104;
0.0319931;-4.82104;
0.0319932;-4.82103;
0.0319936;-4.821;
0.0319942;-4.82096;
0.0319955;-4.82088;
0.031998;-4.82071;
0.0320032;-4.82038;
0.0320134;-4.81971;
0.0320334;-4.81841;
0.0320534;-4.8171;
0.0320734;-4.8158;
0.0320934;-4.81449;
0.0321134;-4.81319;
0.0321334;-4.81188;
0.0321534;-4.81057;
0.0321734;-4.80926;
0.0321934;-4.80796;
0.0322134;-4.80665;
0.0322334;-4.80534;
0.0322534;-4.80403;
0.0322734;-4.80272;
0.0322934;-4.80141;
0.0323134;-4.8001;
0.0323334;-4.79879;
0.0323534;-4.79748;
0.0323734;-4.79616;
0.0323934;-4.79485;
0.0324134;-4.79354;
0.0324334;-4.79222;
0.0324534;-4.79091;
0.0324734;-4.7896;
0.0324934;-4.78828;
0.0325134;-4.78697;
0.0325334;-4.78565;
0.0325534;-4.78433;
0.0325734;-4.78302;
0.0325934;-4.7817;
0.0326134;-4.78038;
0.0326334;-4.77906;
0.0326534;-4.77774;
0.032659;-4.77738;
0.0326591;-4.77737;
0.0326593;-4.77736;
0.0326597;-4.77733;
0.03266;-4.77731;
0.0326601;-4.7773;
0.0326602;-4.77729;
0.0326606;-4.77727;
0.0326612;-4.77723;
0.0326625;-4.77715;
0.032665;-4.77698;
0.0326702;-4.77664;
0.0326804;-4.77596;
0.0327004;-4.77464;
0.0327204;-4.77332;
0.0327404;-4.772;
0.0327604;-4.77068;
0.0327804;-4.76936;
0.0328004;-4.76804;
0.0328204;-4.76672;
0.0328404;-4.76539;
0.0328604;-4.76407;
0.0328804;-4.76275;
0.0329004;-4.76142;
0.0329204;-4.7601;
0.0329404;-4.75877;
0.0329604;-4.75745;
0.0329804;-4.75612;
0.0330004;-4.75479;
0.0330204;-4.75347;
0.0330404;-4.75214;
0.0330604;-4.75081;
0.0330804;-4.74948;
0.0331004;-4.74815;
0.0331204;-4.74682;
0.0331404;-4.7455;
0.0331604;-4.74417;
0.0331804;-4.74283;
0.0332004;-4.7415;
0.0332204;-4.74017;
0.0332404;-4.73884;
0.0332604;-4.73751;
0.0332804;-4.73617;
0.0333004;-4.73484;
0.0333204;-4.73351;
0.033325;-4.7332;
0.0333251;-4.73319;
0.0333253;-4.73318;
0.0333257;-4.73315;
0.033326;-4.73313;
0.0333261;-4.73313;
0.0333262;-4.73312;
0.0333266;-4.7331;
0.0333272;-4.73305;
0.0333285;-4.73297;
0.033331;-4.7328;
0.0333362;-4.73246;
0.0333464;-4.73177;
0.0333664;-4.73044;
0.0333864;-4.7291;
0.0334064;-4.72777;
0.0334264;-4.72643;
0.0334464;-4.7251;
0.0334664;-4.72376;
0.0334864;-4.72242;
0.0335064;-4.72108;
0.0335264;-4.71974;
0.0335464;-4.71841;
0.0335664;-4.71707;
0.0335864;-4.71573;
0.0336064;-4.71439;
0.0336264;-4.71305;
0.0336464;-4.71171;
0.0336664;-4.71036;
0.0336864;-4.70902;
0.0337064;-4.70768;
0.0337264;-4.70634;
0.0337464;-4.70499;
0.0337664;-4.70365;
0.0337864;-4.70231;
0.0338064;-4.70096;
0.0338264;-4.69962;
0.0338464;-4.69827;
0.0338664;-4.69693;
0.0338864;-4.69558;
0.0339064;-4.69423;
0.0339264;-4.69289;
0.0339464;-4.69154;
0.0339664;-4.69019;
0.0339864;-4.68884;
0.033992;-4.68847;
0.0339921;-4.68846;
0.0339923;-4.68845;
0.0339927;-4.68842;
0.033993;-4.6884;
0.0339931;-4.68839;
0.0339932;-4.68838;
0.0339936;-4.68836;
0.0339942;-4.68832;
0.0339955;-4.68823;
0.033998;-4.68806;
0.0340032;-4.68771;
0.0340134;-4.68702;
0.0340334;-4.68567;
0.0340534;-4.68432;
0.0340734;-4.68297;
0.0340934;-4.68162;
0.0341134;-4.68027;
0.0341334;-4.67892;
0.0341534;-4.67757;
0.0341734;-4.67622;
0.0341934;-4.67486;
0.0342134;-4.67351;
0.0342334;-4.67216;
0.0342534;-4.6708;
0.0342734;-4.66945;
0.0342934;-4.66809;
0.0343134;-4.66674;
0.0343334;-4.66538;
0.0343534;-4.66402;
0.0343734;-4.66267;
0.0343934;-4.66131;
0.0344134;-4.65995;
0.0344334;-4.6586;
0.0344534;-4.65724;
0.0344734;-4.65588;
0.0344934;-4.65452;
0.0345134;-4.65316;
0.0345334;-4.6518;
0.0345534;-4.65044;
0.0345734;-4.64908;
0.0345934;-4.64772;
0.0346134;-4.64636;
0.0346334;-4.64499;
0.0346534;-4.64363;
0.034658;-4.64332;
0.0346581;-4.64331;
0.0346583;-4.6433;
0.0346587;-4.64327;
0.034659;-4.64325;
0.0346591;-4.64324;
0.0346592;-4.64323;
0.0346596;-4.64321;
0.0346602;-4.64317;
0.0346615;-4.64308;
0.034664;-4.64291;
0.0346692;-4.64256;
0.0346794;-4.64186;
0.0346994;-4.64049;
0.0347194;-4.63913;
0.0347394;-4.63777;
0.0347594;-4.6364;
0.0347794;-4.63504;
0.0347994;-4.63367;
0.0348194;-4.6323;
0.0348394;-4.63094;
0.0348594;-4.62957;
0.0348794;-4.6282;
0.0348994;-4.62684;
0.0349194;-4.62547;
0.0349394;-4.6241;
0.0349594;-4.62273;
0.0349794;-4.62136;
0.0349994;-4.61999;
0.0350194;-4.61862;
0.0350394;-4.61725;
0.0350594;-4.61588;
0.0350794;-4.61451;
0.0350994;-4.61314;
0.0351194;-4.61176;
0.0351394;-4.61039;
0.0351594;-4.60902;
0.0351794;-4.60764;
0.0351994;-4.60627;
0.0352194;-4.6049;
0.0352394;-4.60352;
0.0352594;-4.60215;
0.0352794;-4.60077;
0.0352994;-4.59939;
0.0353194;-4.59802;
0.035325;-4.59763;
0.0353251;-4.59763;
0.0353253;-4.59761;
0.0353257;-4.59758;
0.035326;-4.59756;
0.0353261;-4.59756;
0.0353262;-4.59755;
0.0353266;-4.59753;
0.0353272;-4.59748;
0.0353285;-4.59739;
0.035331;-4.59722;
0.0353362;-4.59686;
0.0353464;-4.59616;
0.0353664;-4.59478;
0.0353864;-4.5934;
0.0354064;-4.59203;
0.0354264;-4.59065;
0.0354464;-4.58927;
0.0354664;-4.58789;
0.0354864;-4.58651;
0.0355064;-4.58513;
0.0355264;-4.58375;
0.0355464;-4.58237;
0.0355664;-4.58099;
0.0355864;-4.5796;
0.0356064;-4.57822;
0.0356264;-4.57684;
0.0356464;-4.57546;
0.0356664;-4.57407;
0.0356864;-4.57269;
0.0357064;-4.5713;
0.0357264;-4.56992;
0.0357464;-4.56853;
0.0357664;-4.56715;
0.0357864;-4.56576;
0.0358064;-4.56438;
0.0358264;-4.56299;
0.0358464;-4.5616;
0.0358664;-4.56022;
0.0358864;-4.55883;
0.0359064;-4.55744;
0.0359264;-4.55605;
0.0359464;-4.55466;
0.0359664;-4.55327;
0.0359864;-4.55188;
0.035991;-4.55156;
0.0359911;-4.55156;
0.0359913;-4.55154;
0.0359917;-4.55151;
0.035992;-4.55149;
0.0359921;-4.55149;
0.0359922;-4.55148;
0.0359926;-4.55145;
0.0359932;-4.55141;
0.0359945;-4.55132;
0.035997;-4.55114;
0.0360022;-4.55079;
0.0360124;-4.55008;
0.0360324;-4.54868;
0.0360524;-4.54729;
0.0360724;-4.5459;
0.0360924;-4.54451;
0.0361124;-4.54312;
0.0361324;-4.54173;
0.0361524;-4.54033;
0.0361724;-4.53894;
0.0361924;-4.53754;
0.0362124;-4.53615;
0.0362324;-4.53476;
0.0362524;-4.53336;
0.0362724;-4.53196;
0.0362924;-4.53057;
0.0363124;-4.52917;
0.0363324;-4.52778;
0.0363524;-4.52638;
0.0363724;-4.52498;
0.0363924;-4.52358;
0.0364124;-4.52219;
0.0364324;-4.52079;
0.0364524;-4.51939;
0.0364724;-4.51799;
0.0364924;-4.51659;
0.0365124;-4.51519;
0.0365324;-4.51379;
0.0365524;-4.51239;
0.0365724;-4.51099;
0.0365924;-4.50958;
0.0366124;-4.50818;
0.0366324;-4.50678;
0.0366524;-4.50538;
0.036658;-4.50498;
0.0366581;-4.50498;
0.0366583;-4.50496;
0.0366587;-4.50493;
0.036659;-4.50491;
0.0366591;-4.50491;
0.0366592;-4.5049;
0.0366596;-4.50487;
0.0366602;-4.50483;
0.0366615;-4.50474;
0.036664;-4.50456;
0.0366692;-4.5042;
0.0366794;-4.50348;
0.0366994;-4.50208;
0.0367194;-4.50067;
0.0367394;-4.49927;
0.0367594;-4.49786;
0.0367794;-4.49646;
0.0367994;-4.49505;
0.0368194;-4.49365;
0.0368394;-4.49224;
0.0368594;-4.49083;
0.0368794;-4.48943;
0.0368994;-4.48802;
0.0369194;-4.48661;
0.0369394;-4.4852;
0.0369594;-4.48379;
0.0369794;-4.48238;
0.0369994;-4.48097;
0.0370194;-4.47956;
0.0370394;-4.47815;
0.0370594;-4.47674;
0.0370794;-4.47533;
0.0370994;-4.47392;
0.0371194;-4.47251;
0.0371394;-4.4711;
0.0371594;-4.46968;
0.0371794;-4.46827;
0.0371994;-4.46686;
0.0372194;-4.46544;
0.0372394;-4.46403;
0.0372594;-4.46262;
0.0372794;-4.4612;
0.0372994;-4.45979;
0.0373194;-4.45837;
0.037324;-4.45804;
0.0373241;-4.45804;
0.0373243;-4.45802;
0.0373247;-4.458;
0.037325;-4.45797;
0.0373251;-4.45797;
0.0373252;-4.45796;
0.0373256;-4.45793;
0.0373262;-4.45789;
0.0373275;-4.4578;
0.03733;-4.45762;
0.0373352;-4.45725;
0.0373454;-4.45653;
0.0373654;-4.45511;
0.0373854;-4.4537;
0.0374054;-4.45228;
0.0374254;-4.45086;
0.0374454;-4.44944;
0.0374654;-4.44803;
0.0374854;-4.44661;
0.0375054;-4.44519;
0.0375254;-4.44377;
0.0375454;-4.44235;
0.0375654;-4.44093;
0.0375854;-4.43951;
0.0376054;-4.43809;
0.0376254;-4.43667;
0.0376454;-4.43524;
0.0376654;-4.43382;
0.0376854;-4.4324;
0.0377054;-4.43098;
0.0377254;-4.42955;
0.0377454;-4.42813;
0.0377654;-4.42671;
0.0377854;-4.42528;
0.0378054;-4.42386;
0.0378254;-4.42243;
0.0378454;-4.42101;
0.0378654;-4.41958;
0.0378854;-4.41816;
0.0379054;-4.41673;
0.0379254;-4.4153;
0.0379454;-4.41388;
0.0379654;-4.41245;
0.0379854;-4.41102;
0.037991;-4.41062;
0.0379911;-4.41061;
0.0379913;-4.4106;
0.0379917;-4.41057;
0.037992;-4.41055;
0.0379921;-4.41054;
0.0379922;-4.41053;
0.0379926;-4.41051;
0.0379932;-4.41046;
0.0379945;-4.41037;
0.037997;-4.41019;
0.0380022;-4.40982;
0.0380124;-4.40909;
0.0380324;-4.40766;
0.0380524;-4.40623;
0.0380724;-4.4048;
0.0380924;-4.40338;
0.0381124;-4.40194;
0.0381324;-4.40051;
0.0381524;-4.39908;
0.0381724;-4.39765;
0.0381924;-4.39622;
0.0382124;-4.39479;
0.0382324;-4.39336;
0.0382524;-4.39192;
0.0382724;-4.39049;
0.0382924;-4.38906;
0.0383124;-4.38762;
0.0383324;-4.38619;
0.0383524;-4.38475;
0.0383724;-4.38332;
0.0383924;-4.38188;
0.0384124;-4.38045;
0.0384324;-4.37901;
0.0384524;-4.37758;
0.0384724;-4.37614;
0.0384924;-4.3747;
0.0385124;-4.37327;
0.0385324;-4.37183;
0.0385524;-4.37039;
0.0385724;-4.36895;
0.0385924;-4.36751;
0.0386124;-4.36607;
0.0386324;-4.36463;
0.0386524;-4.3632;
0.038657;-4.36286;
0.038659;-4.36272;
0.038663;-4.36243;
0.038671;-4.36186;
0.038687;-4.3607;
0.038707;-4.35926;
0.038727;-4.35782;
0.038747;-4.35638;
0.038767;-4.35494;
0.038787;-4.3535;
0.038807;-4.35205;
0.038827;-4.35061;
0.038847;-4.34917;
0.038867;-4.34772;
0.038887;-4.34628;
0.038907;-4.34484;
0.038927;-4.34339;
0.038947;-4.34195;
0.038967;-4.3405;
0.038987;-4.33906;
0.039007;-4.33761;
0.039027;-4.33616;
0.039047;-4.33472;
0.039067;-4.33327;
0.039087;-4.33182;
0.039107;-4.33037;
0.039127;-4.32893;
0.039147;-4.32748;
0.039167;-4.32603;
0.039187;-4.32458;
0.039207;-4.32313;
0.039227;-4.32168;
0.039247;-4.32023;
0.039267;-4.31878;
0.039287;-4.31733;
0.039307;-4.31588;
0.039324;-4.31464;
0.0393241;-4.31464;
0.0393243;-4.31462;
0.0393247;-4.31459;
0.039325;-4.31457;
0.0393251;-4.31457;
0.0393252;-4.31455;
0.0393256;-4.31453;
0.0393262;-4.31448;
0.0393275;-4.31439;
0.03933;-4.31421;
0.0393352;-4.31383;
0.0393454;-4.31309;
0.0393654;-4.31164;
0.0393854;-4.31019;
0.0394054;-4.30873;
0.0394254;-4.30728;
0.0394454;-4.30583;
0.0394654;-4.30437;
0.0394854;-4.30292;
0.0395054;-4.30146;
0.0395254;-4.30001;
0.0395454;-4.29855;
0.0395654;-4.2971;
0.0395854;-4.29564;
0.0396054;-4.29419;
0.0396254;-4.29273;
0.0396454;-4.29127;
0.0396654;-4.28982;
0.0396854;-4.28836;
0.0397054;-4.2869;
0.0397254;-4.28544;
0.0397454;-4.28398;
0.0397654;-4.28252;
0.0397854;-4.28107;
0.0398054;-4.27961;
0.0398254;-4.27815;
0.0398454;-4.27669;
0.0398654;-4.27523;
0.0398854;-4.27376;
0.0399054;-4.2723;
0.0399254;-4.27084;
0.0399454;-4.26938;
0.0399654;-4.26792;
0.0399854;-4.26645;
0.03999;-4.26612;
0.0399901;-4.26611;
0.0399903;-4.2661;
0.0399907;-4.26607;
0.039991;-4.26605;
0.0399911;-4.26604;
0.0399912;-4.26603;
0.0399916;-4.266;
0.0399922;-4.26596;
0.0399935;-4.26586;
0.039996;-4.26568;
0.0400012;-4.2653;
0.0400114;-4.26455;
0.0400314;-4.26309;
0.0400514;-4.26163;
0.0400714;-4.26016;
0.0400914;-4.2587;
0.0401114;-4.25723;
0.0401314;-4.25577;
0.0401514;-4.2543;
0.0401714;-4.25284;
0.0401914;-4.25137;
0.0402114;-4.24991;
0.0402314;-4.24844;
0.0402514;-4.24697;
0.0402714;-4.2455;
0.0402914;-4.24404;
0.0403114;-4.24257;
0.0403314;-4.2411;
0.0403514;-4.23963;
0.0403714;-4.23816;
0.0403914;-4.23669;
0.0404114;-4.23522;
0.0404314;-4.23375;
0.0404514;-4.23228;
0.0404714;-4.23081;
0.0404914;-4.22934;
0.0405114;-4.22787;
0.0405314;-4.2264;
0.0405514;-4.22493;
0.0405714;-4.22346;
0.0405914;-4.22198;
0.0406114;-4.22051;
0.0406314;-4.21904;
0.0406514;-4.21756;
0.040657;-4.21715;
0.0406571;-4.21714;
0.0406573;-4.21713;
0.0406577;-4.2171;
0.040658;-4.21708;
0.0406581;-4.21707;
0.0406582;-4.21706;
0.0406586;-4.21704;
0.0406592;-4.21699;
0.0406605;-4.2169;
0.040663;-4.21671;
0.0406682;-4.21633;
0.0406784;-4.21558;
0.0406984;-4.2141;
0.0407184;-4.21263;
0.0407384;-4.21115;
0.0407584;-4.20968;
0.0407784;-4.2082;
0.0407984;-4.20673;
0.0408184;-4.20525;
0.0408384;-4.20377;
0.0408584;-4.2023;
0.0408784;-4.20082;
0.0408984;-4.19934;
0.0409184;-4.19786;
0.0409384;-4.19639;
0.0409584;-4.19491;
0.0409784;-4.19343;
0.0409984;-4.19195;
0.0410184;-4.19047;
0.0410384;-4.18899;
0.0410584;-4.18751;
0.0410784;-4.18603;
0.0410984;-4.18455;
0.0411184;-4.18307;
0.0411384;-4.18159;
0.0411584;-4.18011;
0.0411784;-4.17863;
0.0411984;-4.17714;
0.0412184;-4.17566;
0.0412384;-4.17418;
0.0412584;-4.1727;
0.0412784;-4.17121;
0.0412984;-4.16973;
0.0413184;-4.16825;
0.041323;-4.1679;
0.0413231;-4.1679;
0.0413233;-4.16788;
0.0413237;-4.16785;
0.041324;-4.16783;
0.0413241;-4.16782;
0.0413242;-4.16781;
0.0413246;-4.16779;
0.0413252;-4.16774;
0.0413265;-4.16765;
0.041329;-4.16746;
0.0413342;-4.16708;
0.0413444;-4.16632;
0.0413644;-4.16483;
0.0413844;-4.16335;
0.0414044;-4.16186;
0.0414244;-4.16038;
0.0414444;-4.15889;
0.0414644;-4.1574;
0.0414844;-4.15592;
0.0415044;-4.15443;
0.0415244;-4.15294;
0.0415444;-4.15146;
0.0415644;-4.14997;
0.0415844;-4.14848;
0.0416044;-4.14699;
0.0416244;-4.1455;
0.0416444;-4.14401;
0.0416644;-4.14252;
0.0416844;-4.14103;
0.0417044;-4.13954;
0.0417244;-4.13805;
0.0417444;-4.13656;
0.0417644;-4.13507;
0.0417844;-4.13358;
0.0418044;-4.13209;
0.0418244;-4.1306;
0.0418444;-4.12911;
0.0418644;-4.12762;
0.0418844;-4.12612;
0.0419044;-4.12463;
0.0419244;-4.12314;
0.0419444;-4.12164;
0.0419644;-4.12015;
0.0419844;-4.11866;
0.04199;-4.11824;
0.0419901;-4.11823;
0.0419903;-4.11821;
0.0419907;-4.11818;
0.041991;-4.11816;
0.0419911;-4.11816;
0.0419912;-4.11814;
0.0419916;-4.11812;
0.0419922;-4.11807;
0.0419935;-4.11798;
0.041996;-4.11779;
0.0420012;-4.1174;
0.0420114;-4.11664;
0.0420314;-4.11514;
0.0420514;-4.11365;
0.0420714;-4.11215;
0.0420914;-4.11066;
0.0421114;-4.10916;
0.0421314;-4.10766;
0.0421514;-4.10617;
0.0421714;-4.10467;
0.0421914;-4.10317;
0.0422114;-4.10168;
0.0422314;-4.10018;
0.0422514;-4.09868;
0.0422714;-4.09718;
0.0422914;-4.09568;
0.0423114;-4.09418;
0.0423314;-4.09269;
0.0423514;-4.09119;
0.0423714;-4.08969;
0.0423914;-4.08819;
0.0424114;-4.08669;
0.0424314;-4.08518;
0.0424514;-4.08368;
0.0424714;-4.08218;
0.0424914;-4.08068;
0.0425114;-4.07918;
0.0425314;-4.07768;
0.0425514;-4.07617;
0.0425714;-4.07467;
0.0425914;-4.07317;
0.0426114;-4.07166;
0.0426314;-4.07016;
0.0426514;-4.06866;
0.042656;-4.06831;
0.0426561;-4.0683;
0.0426563;-4.06829;
0.0426567;-4.06826;
0.042657;-4.06824;
0.0426571;-4.06823;
0.0426572;-4.06822;
0.0426576;-4.06819;
0.0426582;-4.06815;
0.0426595;-4.06805;
0.042662;-4.06786;
0.0426672;-4.06747;
0.0426774;-4.0667;
0.0426974;-4.0652;
0.0427174;-4.06369;
0.0427374;-4.06219;
0.0427574;-4.06068;
0.0427774;-4.05918;
0.0427974;-4.05767;
0.0428174;-4.05616;
0.0428374;-4.05466;
0.0428574;-4.05315;
0.0428774;-4.05164;
0.0428974;-4.05014;
0.0429174;-4.04863;
0.0429374;-4.04712;
0.0429574;-4.04561;
0.0429774;-4.0441;
0.0429974;-4.04259;
0.0430174;-4.04108;
0.0430374;-4.03957;
0.0430574;-4.03807;
0.0430774;-4.03656;
0.0430974;-4.03504;
0.0431174;-4.03353;
0.0431374;-4.03202;
0.0431574;-4.03051;
0.0431774;-4.029;
0.0431974;-4.02749;
0.0432174;-4.02598;
0.0432374;-4.02446;
0.0432574;-4.02295;
0.0432774;-4.02144;
0.0432974;-4.01993;
0.0433174;-4.01841;
0.043323;-4.01799;
0.0433231;-4.01798;
0.0433233;-4.01797;
0.0433237;-4.01794;
0.043324;-4.01791;
0.0433241;-4.01791;
0.0433242;-4.01789;
0.0433246;-4.01787;
0.0433252;-4.01782;
0.0433265;-4.01773;
0.043329;-4.01753;
0.0433342;-4.01714;
0.0433444;-4.01637;
0.0433644;-4.01485;
0.0433844;-4.01334;
0.0434044;-4.01183;
0.0434244;-4.01031;
0.0434444;-4.0088;
0.0434644;-4.00728;
0.0434844;-4.00576;
0.0435044;-4.00425;
0.0435244;-4.00273;
0.0435444;-4.00122;
0.0435644;-3.9997;
0.0435844;-3.99818;
0.0436044;-3.99666;
0.0436244;-3.99515;
0.0436444;-3.99363;
0.0436644;-3.99211;
0.0436844;-3.99059;
0.0437044;-3.98907;
0.0437244;-3.98755;
0.0437444;-3.98603;
0.0437644;-3.98451;
0.0437844;-3.98299;
0.0438044;-3.98147;
0.0438244;-3.97995;
0.0438444;-3.97843;
0.0438644;-3.97691;
0.0438844;-3.97539;
0.0439044;-3.97387;
0.0439244;-3.97235;
0.0439444;-3.97083;
0.0439644;-3.9693;
0.0439844;-3.96778;
0.043989;-3.96743;
0.0439891;-3.96742;
0.0439893;-3.96741;
0.0439897;-3.96738;
0.04399;-3.96735;
0.0439901;-3.96735;
0.0439902;-3.96734;
0.0439906;-3.96731;
0.0439912;-3.96726;
0.0439925;-3.96717;
0.043995;-3.96697;
0.0440002;-3.96658;
0.0440104;-3.9658;
0.0440304;-3.96428;
0.0440504;-3.96275;
0.0440704;-3.96123;
0.0440904;-3.95971;
0.0441104;-3.95818;
0.0441304;-3.95666;
0.0441504;-3.95513;
0.0441704;-3.95361;
0.0441904;-3.95208;
0.0442104;-3.95056;
0.0442304;-3.94903;
0.0442504;-3.9475;
0.0442704;-3.94598;
0.0442904;-3.94445;
0.0443104;-3.94292;
0.0443304;-3.9414;
0.0443504;-3.93987;
0.0443704;-3.93834;
0.0443904;-3.93681;
0.0444104;-3.93528;
0.0444304;-3.93376;
0.0444504;-3.93223;
0.0444704;-3.9307;
0.0444904;-3.92917;
0.0445104;-3.92764;
0.0445304;-3.92611;
0.0445504;-3.92458;
0.0445704;-3.92305;
0.0445904;-3.92152;
0.0446104;-3.91999;
0.0446304;-3.91846;
0.0446504;-3.91692;
0.044656;-3.91649;
0.0446561;-3.91649;
0.0446563;-3.91647;
0.0446567;-3.91644;
0.044657;-3.91642;
0.0446571;-3.91641;
0.0446572;-3.9164;
0.0446576;-3.91638;
0.0446582;-3.91633;
0.0446595;-3.91623;
0.044662;-3.91603;
0.0446672;-3.91564;
0.0446774;-3.91486;
0.0446974;-3.91332;
0.0447174;-3.91179;
0.0447374;-3.91026;
0.0447574;-3.90873;
0.0447774;-3.90719;
0.0447974;-3.90566;
0.0448174;-3.90413;
0.0448374;-3.90259;
0.0448574;-3.90106;
0.0448774;-3.89952;
0.0448974;-3.89799;
0.0449174;-3.89645;
0.0449374;-3.89492;
0.0449574;-3.89338;
0.0449774;-3.89185;
0.0449974;-3.89031;
0.0450174;-3.88877;
0.0450374;-3.88724;
0.0450574;-3.8857;
0.0450774;-3.88416;
0.0450974;-3.88263;
0.0451174;-3.88109;
0.0451374;-3.87955;
0.0451574;-3.87801;
0.0451774;-3.87648;
0.0451974;-3.87494;
0.0452174;-3.8734;
0.0452374;-3.87186;
0.0452574;-3.87032;
0.0452774;-3.86878;
0.0452974;-3.86724;
0.0453174;-3.8657;
0.045322;-3.86535;
0.0453221;-3.86534;
0.0453223;-3.86532;
0.0453227;-3.86529;
0.045323;-3.86527;
0.0453231;-3.86526;
0.0453232;-3.86525;
0.0453236;-3.86523;
0.0453242;-3.86518;
0.0453255;-3.86508;
0.045328;-3.86488;
0.0453332;-3.86449;
0.0453434;-3.8637;
0.0453634;-3.86216;
0.0453834;-3.86062;
0.0454034;-3.85907;
0.0454234;-3.85753;
0.0454434;-3.85599;
0.0454634;-3.85445;
0.0454834;-3.85291;
0.0455034;-3.85137;
0.0455234;-3.84982;
0.0455434;-3.84828;
0.0455634;-3.84674;
0.0455834;-3.84519;
0.0456034;-3.84365;
0.0456234;-3.84211;
0.0456434;-3.84056;
0.0456634;-3.83902;
0.0456834;-3.83747;
0.0457034;-3.83593;
0.0457234;-3.83438;
0.0457434;-3.83284;
0.0457634;-3.83129;
0.0457834;-3.82975;
0.0458034;-3.8282;
0.0458234;-3.82665;
0.0458434;-3.82511;
0.0458634;-3.82356;
0.0458834;-3.82201;
0.0459034;-3.82047;
0.0459234;-3.81892;
0.0459434;-3.81737;
0.0459634;-3.81582;
0.0459834;-3.81427;
0.045989;-3.81384;
0.0459891;-3.81383;
0.0459893;-3.81382;
0.0459897;-3.81379;
0.04599;-3.81376;
0.0459901;-3.81376;
0.0459902;-3.81374;
0.0459906;-3.81372;
0.0459912;-3.81367;
0.0459925;-3.81357;
0.045995;-3.81337;
0.0460002;-3.81298;
0.0460104;-3.81218;
0.0460304;-3.81063;
0.0460504;-3.80908;
0.0460704;-3.80754;
0.0460904;-3.80599;
0.0461104;-3.80444;
0.0461304;-3.80289;
0.0461504;-3.80134;
0.0461704;-3.79978;
0.0461904;-3.79823;
0.0462104;-3.79668;
0.0462304;-3.79513;
0.0462504;-3.79358;
0.0462704;-3.79203;
0.0462904;-3.79048;
0.0463104;-3.78892;
0.0463304;-3.78737;
0.0463504;-3.78582;
0.0463704;-3.78427;
0.0463904;-3.78271;
0.0464104;-3.78116;
0.0464304;-3.77961;
0.0464504;-3.77805;
0.0464704;-3.7765;
0.0464904;-3.77494;
0.0465104;-3.77339;
0.0465304;-3.77183;
0.0465504;-3.77028;
0.0465704;-3.76872;
0.0465904;-3.76717;
0.0466104;-3.76561;
0.0466304;-3.76406;
0.0466504;-3.7625;
0.046655;-3.76214;
0.0466551;-3.76213;
0.0466553;-3.76212;
0.0466557;-3.76209;
0.046656;-3.76206;
0.0466561;-3.76206;
0.0466562;-3.76204;
0.0466566;-3.76202;
0.0466572;-3.76197;
0.0466585;-3.76187;
0.046661;-3.76167;
0.0466662;-3.76127;
0.0466764;-3.76048;
0.0466964;-3.75892;
0.0467164;-3.75736;
0.0467364;-3.7558;
0.0467564;-3.75425;
0.0467764;-3.75269;
0.0467964;-3.75113;
0.0468164;-3.74957;
0.0468364;-3.74801;
0.0468564;-3.74646;
0.0468764;-3.7449;
0.0468964;-3.74334;
0.0469164;-3.74178;
0.0469364;-3.74022;
0.0469564;-3.73866;
0.0469764;-3.7371;
0.0469964;-3.73554;
0.0470164;-3.73398;
0.0470364;-3.73242;
0.0470564;-3.73086;
0.0470764;-3.72929;
0.0470964;-3.72773;
0.0471164;-3.72617;
0.0471364;-3.72461;
0.0471564;-3.72305;
0.0471764;-3.72149;
0.0471964;-3.71992;
0.0472164;-3.71836;
0.0472364;-3.7168;
0.0472564;-3.71523;
0.0472764;-3.71367;
0.0472964;-3.71211;
0.0473164;-3.71054;
0.047322;-3.7101;
0.0473221;-3.7101;
0.0473223;-3.71008;
0.0473227;-3.71005;
0.047323;-3.71003;
0.0473231;-3.71002;
0.0473232;-3.71001;
0.0473236;-3.70998;
0.0473242;-3.70993;
0.0473255;-3.70983;
0.047328;-3.70963;
0.0473332;-3.70923;
0.0473434;-3.70843;
0.0473634;-3.70687;
0.0473834;-3.7053;
0.0474034;-3.70374;
0.0474234;-3.70217;
0.0474434;-3.70061;
0.0474634;-3.69904;
0.0474834;-3.69747;
0.0475034;-3.69591;
0.0475234;-3.69434;
0.0475434;-3.69278;
0.0475634;-3.69121;
0.0475834;-3.68964;
0.0476034;-3.68807;
0.0476234;-3.68651;
0.0476434;-3.68494;
0.0476634;-3.68337;
0.0476834;-3.6818;
0.0477034;-3.68024;
0.0477234;-3.67867;
0.0477434;-3.6771;
0.0477634;-3.67553;
0.0477834;-3.67396;
0.0478034;-3.67239;
0.0478234;-3.67082;
0.0478434;-3.66925;
0.0478634;-3.66768;
0.0478834;-3.66611;
0.0479034;-3.66454;
0.0479234;-3.66297;
0.0479434;-3.6614;
0.0479634;-3.65983;
0.0479834;-3.65826;
0.047988;-3.6579;
0.0479881;-3.65789;
0.0479883;-3.65787;
0.0479887;-3.65784;
0.047989;-3.65782;
0.0479891;-3.65781;
0.0479892;-3.6578;
0.0479896;-3.65777;
0.0479902;-3.65772;
0.0479915;-3.65762;
0.047994;-3.65742;
0.0479992;-3.65702;
0.0480094;-3.65621;
0.0480294;-3.65464;
0.0480494;-3.65307;
0.0480694;-3.6515;
0.0480894;-3.64993;
0.0481094;-3.64835;
0.0481294;-3.64678;
0.0481494;-3.64521;
0.0481694;-3.64363;
0.0481894;-3.64206;
0.0482094;-3.64049;
0.0482294;-3.63891;
0.0482494;-3.63734;
0.0482694;-3.63576;
0.0482894;-3.63419;
0.0483094;-3.63261;
0.0483294;-3.63104;
0.0483494;-3.62946;
0.0483694;-3.62789;
0.0483894;-3.62631;
0.0484094;-3.62474;
0.0484294;-3.62316;
0.0484494;-3.62158;
0.0484694;-3.62001;
0.0484894;-3.61843;
0.0485094;-3.61685;
0.0485294;-3.61528;
0.0485494;-3.6137;
0.0485694;-3.61212;
0.0485894;-3.61054;
0.0486094;-3.60897;
0.0486294;-3.60739;
0.0486494;-3.60581;
0.048655;-3.60537;
0.0486551;-3.60536;
0.0486553;-3.60534;
0.0486557;-3.60531;
0.048656;-3.60529;
0.0486561;-3.60528;
0.0486562;-3.60527;
0.0486566;-3.60524;
0.0486572;-3.60519;
0.0486585;-3.60509;
0.048661;-3.60489;
0.0486662;-3.60449;
0.0486764;-3.60368;
0.0486964;-3.6021;
0.0487164;-3.60052;
0.0487364;-3.59894;
0.0487564;-3.59736;
0.0487764;-3.59578;
0.0487964;-3.5942;
0.0488164;-3.59262;
0.0488364;-3.59104;
0.0488564;-3.58946;
0.0488764;-3.58788;
0.0488964;-3.5863;
0.0489164;-3.58472;
0.0489364;-3.58314;
0.0489564;-3.58155;
0.0489764;-3.57997;
0.0489964;-3.57839;
0.0490164;-3.57681;
0.0490364;-3.57523;
0.0490564;-3.57364;
0.0490764;-3.57206;
0.0490964;-3.57048;
0.0491164;-3.56889;
0.0491364;-3.56731;
0.0491564;-3.56573;
0.0491764;-3.56414;
0.0491964;-3.56256;
0.0492164;-3.56098;
0.0492364;-3.55939;
0.0492564;-3.55781;
0.0492764;-3.55622;
0.0492964;-3.55464;
0.0493164;-3.55305;
0.049321;-3.55269;
0.0493211;-3.55268;
0.0493213;-3.55266;
0.0493217;-3.55263;
0.049322;-3.55261;
0.0493221;-3.5526;
0.0493222;-3.55259;
0.0493226;-3.55256;
0.0493232;-3.55251;
0.0493245;-3.55241;
0.049327;-3.55221;
0.0493322;-3.5518;
0.0493424;-3.55099;
0.0493624;-3.5494;
0.0493824;-3.54782;
0.0494024;-3.54623;
0.0494224;-3.54465;
0.0494424;-3.54306;
0.0494624;-3.54147;
0.0494824;-3.53989;
0.0495024;-3.5383;
0.0495224;-3.53671;
0.0495424;-3.53512;
0.0495624;-3.53354;
0.0495824;-3.53195;
0.0496024;-3.53036;
0.0496224;-3.52877;
0.0496424;-3.52718;
0.0496624;-3.5256;
0.0496824;-3.52401;
0.0497024;-3.52242;
0.0497224;-3.52083;
0.0497424;-3.51924;
0.0497624;-3.51765;
0.0497824;-3.51606;
0.0498024;-3.51447;
0.0498224;-3.51288;
0.0498424;-3.51129;
0.0498624;-3.5097;
0.0498824;-3.50811;
0.0499024;-3.50652;
0.0499224;-3.50492;
0.0499424;-3.50333;
0.0499624;-3.50174;
0.0499824;-3.50015;
0.049988;-3.4997;
0.0499881;-3.4997;
0.0499883;-3.49968;
0.0499887;-3.49965;
0.049989;-3.49962;
0.0499891;-3.49962;
0.0499892;-3.49961;
0.0499896;-3.49958;
0.0499902;-3.49953;
0.0499915;-3.49943;
0.049994;-3.49922;
0.0499992;-3.49882;
0.0500094;-3.498;
0.0500294;-3.49641;
0.0500494;-3.49482;
0.0500694;-3.49322;
0.0500894;-3.49163;
0.0501094;-3.49004;
0.0501294;-3.48844;
0.0501494;-3.48685;
0.0501694;-3.48526;
0.0501894;-3.48366;
0.0502094;-3.48207;
0.0502294;-3.48048;
0.0502494;-3.47888;
0.0502694;-3.47729;
0.0502894;-3.47569;
0.0503094;-3.4741;
0.0503294;-3.4725;
0.0503494;-3.47091;
0.0503694;-3.46931;
0.0503894;-3.46772;
0.0504094;-3.46612;
0.0504294;-3.46452;
0.0504494;-3.46293;
0.0504694;-3.46133;
0.0504894;-3.45974;
0.0505094;-3.45814;
0.0505294;-3.45654;
0.0505494;-3.45494;
0.0505694;-3.45335;
0.0505894;-3.45175;
0.0506094;-3.45015;
0.0506294;-3.44855;
0.0506494;-3.44696;
0.050654;-3.44659;
0.0506541;-3.44658;
0.0506543;-3.44656;
0.0506547;-3.44653;
0.050655;-3.44651;
0.0506551;-3.4465;
0.0506552;-3.44649;
0.0506556;-3.44646;
0.0506562;-3.44641;
0.0506575;-3.44631;
0.05066;-3.44611;
0.0506652;-3.4457;
0.0506754;-3.44488;
0.0506954;-3.44328;
0.0507154;-3.44168;
0.0507354;-3.44008;
0.0507554;-3.43848;
0.0507754;-3.43688;
0.0507954;-3.43528;
0.0508154;-3.43369;
0.0508354;-3.43209;
0.0508554;-3.43049;
0.0508754;-3.42889;
0.0508954;-3.42729;
0.0509154;-3.42568;
0.0509354;-3.42408;
0.0509554;-3.42248;
0.0509754;-3.42088;
0.0509954;-3.41928;
0.0510154;-3.41768;
0.0510354;-3.41608;
0.0510554;-3.41448;
0.0510754;-3.41287;
0.0510954;-3.41127;
0.0511154;-3.40967;
0.0511354;-3.40807;
0.0511554;-3.40646;
0.0511754;-3.40486;
0.0511954;-3.40326;
0.0512154;-3.40166;
0.0512354;-3.40005;
0.0512554;-3.39845;
0.0512754;-3.39685;
0.0512954;-3.39524;
0.0513154;-3.39364;
0.051321;-3.39319;
0.0513211;-3.39318;
0.0513213;-3.39316;
0.0513217;-3.39313;
0.051322;-3.39311;
0.0513221;-3.3931;
0.0513222;-3.39309;
0.0513226;-3.39306;
0.0513232;-3.39301;
0.0513245;-3.39291;
0.051327;-3.3927;
0.0513322;-3.39229;
0.0513424;-3.39147;
0.0513624;-3.38987;
0.0513824;-3.38826;
0.0514024;-3.38666;
0.0514224;-3.38505;
0.0514424;-3.38345;
0.0514624;-3.38184;
0.0514824;-3.38024;
0.0515024;-3.37863;
0.0515224;-3.37703;
0.0515424;-3.37542;
0.0515624;-3.37381;
0.0515824;-3.37221;
0.0516024;-3.3706;
0.0516224;-3.36899;
0.0516424;-3.36739;
0.0516624;-3.36578;
0.0516824;-3.36417;
0.0517024;-3.36257;
0.0517224;-3.36096;
0.0517424;-3.35935;
0.0517624;-3.35774;
0.0517824;-3.35613;
0.0518024;-3.35453;
0.0518224;-3.35292;
0.0518424;-3.35131;
0.0518624;-3.3497;
0.0518824;-3.34809;
0.0519024;-3.34648;
0.0519224;-3.34487;
0.0519424;-3.34326;
0.0519624;-3.34165;
0.0519824;-3.34004;
0.051987;-3.33967;
0.0519871;-3.33967;
0.0519873;-3.33965;
0.0519877;-3.33962;
0.051988;-3.33959;
0.0519881;-3.33959;
0.0519882;-3.33957;
0.0519886;-3.33955;
0.0519892;-3.3395;
0.0519905;-3.33939;
0.051993;-3.33919;
0.0519982;-3.33877;
0.0520084;-3.33795;
0.0520284;-3.33634;
0.0520484;-3.33473;
0.0520684;-3.33312;
0.0520884;-3.33151;
0.0521084;-3.3299;
0.0521284;-3.32829;
0.0521484;-3.32668;
0.0521684;-3.32506;
0.0521884;-3.32345;
0.0522084;-3.32184;
0.0522284;-3.32023;
0.0522484;-3.31862;
0.0522684;-3.31701;
0.0522884;-3.31539;
0.0523084;-3.31378;
0.0523284;-3.31217;
0.0523484;-3.31055;
0.0523684;-3.30894;
0.0523884;-3.30733;
0.0524084;-3.30572;
0.0524284;-3.3041;
0.0524484;-3.30249;
0.0524684;-3.30087;
0.0524884;-3.29926;
0.0525084;-3.29765;
0.0525284;-3.29603;
0.0525484;-3.29442;
0.0525684;-3.2928;
0.0525884;-3.29119;
0.0526084;-3.28957;
0.0526284;-3.28796;
0.0526484;-3.28634;
0.052654;-3.28589;
0.0526541;-3.28588;
0.0526543;-3.28587;
0.0526547;-3.28583;
0.052655;-3.28581;
0.0526551;-3.2858;
0.0526552;-3.28579;
0.0526556;-3.28576;
0.0526562;-3.28571;
0.0526575;-3.28561;
0.05266;-3.2854;
0.0526652;-3.28499;
0.0526754;-3.28416;
0.0526954;-3.28255;
0.0527154;-3.28093;
0.0527354;-3.27931;
0.0527554;-3.2777;
0.0527754;-3.27608;
0.0527954;-3.27447;
0.0528154;-3.27285;
0.0528354;-3.27123;
0.0528554;-3.26962;
0.0528754;-3.268;
0.0528954;-3.26638;
0.0529154;-3.26476;
0.0529354;-3.26315;
0.0529554;-3.26153;
0.0529754;-3.25991;
0.0529954;-3.25829;
0.0530154;-3.25667;
0.0530354;-3.25506;
0.0530554;-3.25344;
0.0530754;-3.25182;
0.0530954;-3.2502;
0.0531154;-3.24858;
0.0531354;-3.24696;
0.0531554;-3.24534;
0.0531754;-3.24372;
0.0531954;-3.2421;
0.0532154;-3.24048;
0.0532354;-3.23886;
0.0532554;-3.23724;
0.0532754;-3.23562;
0.0532954;-3.234;
0.0533154;-3.23238;
0.05332;-3.23201;
0.0533201;-3.232;
0.0533203;-3.23199;
0.0533207;-3.23195;
0.053321;-3.23193;
0.0533211;-3.23192;
0.0533212;-3.23191;
0.0533216;-3.23188;
0.0533222;-3.23183;
0.0533235;-3.23173;
0.053326;-3.23152;
0.0533312;-3.23111;
0.0533414;-3.23028;
0.0533614;-3.22865;
0.0533814;-3.22703;
0.0534014;-3.22541;
0.0534214;-3.22379;
0.0534414;-3.22217;
0.0534614;-3.22055;
0.0534814;-3.21893;
0.0535014;-3.2173;
0.0535214;-3.21568;
0.0535414;-3.21406;
0.0535614;-3.21244;
0.0535814;-3.21082;
0.0536014;-3.20919;
0.0536214;-3.20757;
0.0536414;-3.20595;
0.0536614;-3.20432;
0.0536814;-3.2027;
0.0537014;-3.20108;
0.0537214;-3.19945;
0.0537414;-3.19783;
0.0537614;-3.19621;
0.0537814;-3.19458;
0.0538014;-3.19296;
0.0538214;-3.19133;
0.0538414;-3.18971;
0.0538614;-3.18808;
0.0538814;-3.18646;
0.0539014;-3.18483;
0.0539214;-3.18321;
0.0539414;-3.18158;
0.0539614;-3.17996;
0.0539814;-3.17833;
0.053987;-3.17788;
0.0539871;-3.17787;
0.0539873;-3.17785;
0.0539877;-3.17782;
0.053988;-3.1778;
0.0539881;-3.17779;
0.0539882;-3.17778;
0.0539886;-3.17775;
0.0539892;-3.1777;
0.0539905;-3.1776;
0.053993;-3.17739;
0.0539982;-3.17697;
0.0540084;-3.17614;
0.0540284;-3.17451;
0.0540484;-3.17289;
0.0540684;-3.17126;
0.0540884;-3.16963;
0.0541084;-3.16801;
0.0541284;-3.16638;
0.0541484;-3.16475;
0.0541684;-3.16313;
0.0541884;-3.1615;
0.0542084;-3.15987;
0.0542284;-3.15825;
0.0542484;-3.15662;
0.0542684;-3.15499;
0.0542884;-3.15336;
0.0543084;-3.15174;
0.0543284;-3.15011;
0.0543484;-3.14848;
0.0543684;-3.14685;
0.0543884;-3.14522;
0.0544084;-3.14359;
0.0544284;-3.14197;
0.0544484;-3.14034;
0.0544684;-3.13871;
0.0544884;-3.13708;
0.0545084;-3.13545;
0.0545284;-3.13382;
0.0545484;-3.13219;
0.0545684;-3.13056;
0.0545884;-3.12893;
0.0546084;-3.1273;
0.0546284;-3.12567;
0.0546484;-3.12404;
0.054653;-3.12367;
0.0546531;-3.12366;
0.0546533;-3.12364;
0.0546537;-3.12361;
0.054654;-3.12358;
0.0546541;-3.12358;
0.0546542;-3.12356;
0.0546546;-3.12354;
0.0546552;-3.12349;
0.0546565;-3.12338;
0.054659;-3.12317;
0.0546642;-3.12276;
0.0546744;-3.12192;
0.0546944;-3.12029;
0.0547144;-3.11866;
0.0547344;-3.11703;
0.0547544;-3.1154;
0.0547744;-3.11377;
0.0547944;-3.11214;
0.0548144;-3.1105;
0.0548344;-3.10887;
0.0548544;-3.10724;
0.0548744;-3.10561;
0.0548944;-3.10398;
0.0549144;-3.10234;
0.0549344;-3.10071;
0.0549544;-3.09908;
0.0549744;-3.09745;
0.0549944;-3.09582;
0.0550144;-3.09418;
0.0550344;-3.09255;
0.0550544;-3.09092;
0.0550744;-3.08928;
0.0550944;-3.08765;
0.0551144;-3.08602;
0.0551344;-3.08438;
0.0551544;-3.08275;
0.0551744;-3.08112;
0.0551944;-3.07948;
0.0552144;-3.07785;
0.0552344;-3.07621;
0.0552544;-3.07458;
0.0552744;-3.07294;
0.0552944;-3.07131;
0.0553144;-3.06968;
0.05532;-3.06922;
0.0553201;-3.06921;
0.0553203;-3.06919;
0.0553207;-3.06916;
0.055321;-3.06914;
0.0553211;-3.06913;
0.0553212;-3.06912;
0.0553216;-3.06909;
0.0553222;-3.06904;
0.0553235;-3.06893;
0.055326;-3.06872;
0.0553312;-3.0683;
0.0553414;-3.06747;
0.0553614;-3.06583;
0.0553814;-3.0642;
0.0554014;-3.06256;
0.0554214;-3.06093;
0.0554414;-3.05929;
0.0554614;-3.05766;
0.0554814;-3.05602;
0.0555014;-3.05438;
0.0555214;-3.05275;
0.0555414;-3.05111;
0.0555614;-3.04947;
0.0555814;-3.04784;
0.0556014;-3.0462;
0.0556214;-3.04456;
0.0556414;-3.04293;
0.0556614;-3.04129;
0.0556814;-3.03965;
0.0557014;-3.03802;
0.0557214;-3.03638;
0.0557414;-3.03474;
0.0557614;-3.0331;
0.0557814;-3.03147;
0.0558014;-3.02983;
0.0558214;-3.02819;
0.0558414;-3.02655;
0.0558614;-3.02491;
0.0558814;-3.02328;
0.0559014;-3.02164;
0.0559214;-3.02;
0.0559414;-3.01836;
0.0559614;-3.01672;
0.0559814;-3.01508;
0.055986;-3.0147;
0.0559861;-3.0147;
0.0559863;-3.01468;
0.0559867;-3.01465;
0.055987;-3.01462;
0.0559871;-3.01462;
0.0559872;-3.0146;
0.0559876;-3.01458;
0.0559882;-3.01452;
0.0559895;-3.01442;
0.055992;-3.01421;
0.0559972;-3.01379;
0.0560074;-3.01295;
0.0560274;-3.01131;
0.0560474;-3.00967;
0.0560674;-3.00803;
0.0560874;-3.00639;
0.0561074;-3.00475;
0.0561274;-3.00311;
0.0561474;-3.00147;
0.0561674;-2.99983;
0.0561874;-2.99819;
0.0562074;-2.99655;
0.0562274;-2.99491;
0.0562474;-2.99327;
0.0562674;-2.99163;
0.0562874;-2.98999;
0.0563074;-2.98835;
0.0563274;-2.98671;
0.0563474;-2.98507;
0.0563674;-2.98342;
0.0563874;-2.98178;
0.0564074;-2.98014;
0.0564274;-2.9785;
0.0564474;-2.97686;
0.0564674;-2.97521;
0.0564874;-2.97357;
0.0565074;-2.97193;
0.0565274;-2.97029;
0.0565474;-2.96865;
0.0565674;-2.967;
0.0565874;-2.96536;
0.0566074;-2.96372;
0.0566274;-2.96207;
0.0566474;-2.96043;
0.056653;-2.95997;
0.0566531;-2.95996;
0.0566533;-2.95995;
0.0566537;-2.95991;
0.056654;-2.95989;
0.0566541;-2.95988;
0.0566542;-2.95987;
0.0566546;-2.95984;
0.0566552;-2.95979;
0.0566565;-2.95969;
0.056659;-2.95947;
0.0566642;-2.95905;
0.0566744;-2.95821;
0.0566944;-2.95657;
0.0567144;-2.95493;
0.0567344;-2.95328;
0.0567544;-2.95164;
0.0567744;-2.94999;
0.0567944;-2.94835;
0.0568144;-2.94671;
0.0568344;-2.94506;
0.0568544;-2.94342;
0.0568744;-2.94177;
0.0568944;-2.94013;
0.0569144;-2.93848;
0.0569344;-2.93684;
0.0569544;-2.93519;
0.0569744;-2.93355;
0.0569944;-2.9319;
0.0570144;-2.93026;
0.0570344;-2.92861;
0.0570544;-2.92697;
0.0570744;-2.92532;
0.0570944;-2.92368;
0.0571144;-2.92203;
0.0571344;-2.92039;
0.0571544;-2.91874;
0.0571744;-2.91709;
0.0571944;-2.91545;
0.0572144;-2.9138;
0.0572344;-2.91215;
0.0572544;-2.91051;
0.0572744;-2.90886;
0.0572944;-2.90721;
0.0573144;-2.90557;
0.057319;-2.90519;
0.0573191;-2.90518;
0.0573193;-2.90516;
0.0573197;-2.90513;
0.05732;-2.90511;
0.0573201;-2.9051;
0.0573202;-2.90509;
0.0573206;-2.90506;
0.0573212;-2.90501;
0.0573225;-2.9049;
0.057325;-2.90469;
0.0573302;-2.90427;
0.0573404;-2.90343;
0.0573604;-2.90178;
0.0573804;-2.90013;
0.0574004;-2.89848;
0.0574204;-2.89684;
0.0574404;-2.89519;
0.0574604;-2.89354;
0.0574804;-2.89189;
0.0575004;-2.89025;
0.0575204;-2.8886;
0.0575404;-2.88695;
0.0575604;-2.8853;
0.0575804;-2.88365;
0.0576004;-2.882;
0.0576204;-2.88036;
0.0576404;-2.87871;
0.0576604;-2.87706;
0.0576804;-2.87541;
0.0577004;-2.87376;
0.0577204;-2.87211;
0.0577404;-2.87046;
0.0577604;-2.86881;
0.0577804;-2.86716;
0.0578004;-2.86551;
0.0578204;-2.86386;
0.0578404;-2.86221;
0.0578604;-2.86056;
0.0578804;-2.85891;
0.0579004;-2.85726;
0.0579204;-2.85561;
0.0579404;-2.85396;
0.0579604;-2.85231;
0.0579804;-2.85066;
0.057986;-2.8502;
0.0579861;-2.85019;
0.0579863;-2.85018;
0.0579867;-2.85014;
0.057987;-2.85012;
0.0579871;-2.85011;
0.0579872;-2.8501;
0.0579876;-2.85007;
0.0579882;-2.85002;
0.0579895;-2.84991;
0.057992;-2.8497;
0.0579972;-2.84928;
0.0580074;-2.84843;
0.0580274;-2.84678;
0.0580474;-2.84513;
0.0580674;-2.84348;
0.0580874;-2.84183;
0.0581074;-2.84018;
0.0581274;-2.83853;
0.0581474;-2.83688;
0.0581674;-2.83523;
0.0581874;-2.83357;
0.0582074;-2.83192;
0.0582274;-2.83027;
0.0582474;-2.82862;
0.0582674;-2.82697;
0.0582874;-2.82531;
0.0583074;-2.82366;
0.0583274;-2.82201;
0.0583474;-2.82036;
0.0583674;-2.8187;
0.0583874;-2.81705;
0.0584074;-2.8154;
0.0584274;-2.81375;
0.0584474;-2.81209;
0.0584674;-2.81044;
0.0584874;-2.80879;
0.0585074;-2.80713;
0.0585274;-2.80548;
0.0585474;-2.80383;
0.0585674;-2.80217;
0.0585874;-2.80052;
0.0586074;-2.79887;
0.0586274;-2.79721;
0.0586474;-2.79556;
0.058652;-2.79518;
0.0586521;-2.79517;
0.0586523;-2.79515;
0.0586527;-2.79512;
0.058653;-2.7951;
0.0586531;-2.79509;
0.0586532;-2.79508;
0.0586536;-2.79505;
0.0586542;-2.795;
0.0586555;-2.79489;
0.058658;-2.79468;
0.0586632;-2.79426;
0.0586734;-2.79341;
0.0586934;-2.79175;
0.0587134;-2.7901;
0.0587334;-2.78845;
0.0587534;-2.78679;
0.0587734;-2.78514;
0.0587934;-2.78348;
0.0588134;-2.78183;
0.0588334;-2.78017;
0.0588534;-2.77852;
0.0588734;-2.77686;
0.0588934;-2.77521;
0.0589134;-2.77355;
0.0589334;-2.7719;
0.0589534;-2.77024;
0.0589734;-2.76859;
0.0589934;-2.76693;
0.0590134;-2.76528;
0.0590334;-2.76362;
0.0590534;-2.76196;
0.0590734;-2.76031;
0.0590934;-2.75865;
0.0591134;-2.757;
0.0591334;-2.75534;
0.0591534;-2.75368;
0.0591734;-2.75203;
0.0591934;-2.75037;
0.0592134;-2.74871;
0.0592334;-2.74706;
0.0592534;-2.7454;
0.0592734;-2.74374;
0.0592934;-2.74209;
0.0593134;-2.74043;
0.059319;-2.73996;
0.0593191;-2.73996;
0.0593193;-2.73994;
0.0593197;-2.73991;
0.05932;-2.73988;
0.0593201;-2.73987;
0.0593202;-2.73986;
0.0593206;-2.73984;
0.0593212;-2.73978;
0.0593225;-2.73968;
0.059325;-2.73946;
0.0593302;-2.73904;
0.0593404;-2.73819;
0.0593604;-2.73653;
0.0593804;-2.73488;
0.0594004;-2.73322;
0.0594204;-2.73156;
0.0594404;-2.7299;
0.0594604;-2.72825;
0.0594804;-2.72659;
0.0595004;-2.72493;
0.0595204;-2.72327;
0.0595404;-2.72161;
0.0595604;-2.71996;
0.0595804;-2.7183;
0.0596004;-2.71664;
0.0596204;-2.71498;
0.0596404;-2.71332;
0.0596604;-2.71166;
0.0596804;-2.71;
0.0597004;-2.70835;
0.0597204;-2.70669;
0.0597404;-2.70503;
0.0597604;-2.70337;
0.0597804;-2.70171;
0.0598004;-2.70005;
0.0598204;-2.69839;
0.0598404;-2.69673;
0.0598604;-2.69507;
0.0598804;-2.69341;
0.0599004;-2.69175;
0.0599204;-2.69009;
0.0599404;-2.68843;
0.0599604;-2.68677;
0.0599804;-2.68511;
0.059985;-2.68473;
0.0599851;-2.68472;
0.0599853;-2.68471;
0.0599857;-2.68467;
0.059986;-2.68465;
0.0599861;-2.68464;
0.0599862;-2.68463;
0.0599866;-2.6846;
0.0599872;-2.68455;
0.0599885;-2.68444;
0.059991;-2.68423;
0.0599962;-2.6838;
0.0600064;-2.68295;
0.0600264;-2.68129;
0.0600464;-2.67963;
0.0600664;-2.67797;
0.0600864;-2.67631;
0.0601064;-2.67465;
0.0601264;-2.67299;
0.0601464;-2.67133;
0.0601664;-2.66967;
0.0601864;-2.66801;
0.0602064;-2.66635;
0.0602264;-2.66469;
0.0602464;-2.66303;
0.0602664;-2.66136;
0.0602864;-2.6597;
0.0603064;-2.65804;
0.0603264;-2.65638;
0.0603464;-2.65472;
0.0603664;-2.65306;
0.0603864;-2.6514;
0.0604064;-2.64973;
0.0604264;-2.64807;
0.0604464;-2.64641;
0.0604664;-2.64475;
0.0604864;-2.64309;
0.0605064;-2.64142;
0.0605264;-2.63976;
0.0605464;-2.6381;
0.0605664;-2.63644;
0.0605864;-2.63477;
0.0606064;-2.63311;
0.0606264;-2.63145;
0.0606464;-2.62979;
0.060652;-2.62932;
0.0606521;-2.62931;
0.0606523;-2.62929;
0.0606527;-2.62926;
0.060653;-2.62924;
0.0606531;-2.62923;
0.0606532;-2.62922;
0.0606536;-2.62919;
0.0606542;-2.62914;
0.0606555;-2.62903;
0.060658;-2.62882;
0.0606632;-2.62839;
0.0606734;-2.62754;
0.0606934;-2.62588;
0.0607134;-2.62421;
0.0607334;-2.62255;
0.0607534;-2.62089;
0.0607734;-2.61922;
0.0607934;-2.61756;
0.0608134;-2.6159;
0.0608334;-2.61423;
0.0608534;-2.61257;
0.0608734;-2.61091;
0.0608934;-2.60924;
0.0609134;-2.60758;
0.0609334;-2.60591;
0.0609534;-2.60425;
0.0609734;-2.60259;
0.0609934;-2.60092;
0.0610134;-2.59926;
0.0610334;-2.59759;
0.0610534;-2.59593;
0.0610734;-2.59427;
0.0610934;-2.5926;
0.0611134;-2.59094;
0.0611334;-2.58927;
0.0611534;-2.58761;
0.0611734;-2.58594;
0.0611934;-2.58428;
0.0612134;-2.58261;
0.0612334;-2.58095;
0.0612534;-2.57928;
0.0612734;-2.57762;
0.0612934;-2.57595;
0.0613134;-2.57429;
0.061318;-2.5739;
0.0613181;-2.57389;
0.0613183;-2.57388;
0.0613187;-2.57384;
0.061319;-2.57382;
0.0613191;-2.57381;
0.0613192;-2.5738;
0.0613196;-2.57377;
0.0613202;-2.57372;
0.0613215;-2.57361;
0.061324;-2.5734;
0.0613292;-2.57297;
0.0613394;-2.57212;
0.0613594;-2.57045;
0.0613794;-2.56879;
0.0613994;-2.56712;
0.0614194;-2.56546;
0.0614394;-2.56379;
0.0614594;-2.56213;
0.0614794;-2.56046;
0.0614994;-2.55879;
0.0615194;-2.55713;
0.0615394;-2.55546;
0.0615594;-2.5538;
0.0615794;-2.55213;
0.0615994;-2.55046;
0.0616194;-2.5488;
0.0616394;-2.54713;
0.0616594;-2.54546;
0.0616794;-2.5438;
0.0616994;-2.54213;
0.0617194;-2.54046;
0.0617394;-2.5388;
0.0617594;-2.53713;
0.0617794;-2.53546;
0.0617994;-2.53379;
0.0618194;-2.53213;
0.0618394;-2.53046;
0.0618594;-2.52879;
0.0618794;-2.52713;
0.0618994;-2.52546;
0.0619194;-2.52379;
0.0619394;-2.52212;
0.0619594;-2.52045;
0.0619794;-2.51879;
0.061985;-2.51832;
0.0619851;-2.51831;
0.0619853;-2.5183;
0.0619857;-2.51826;
0.061986;-2.51824;
0.0619861;-2.51823;
0.0619862;-2.51822;
0.0619866;-2.51819;
0.0619872;-2.51814;
0.0619885;-2.51803;
0.061991;-2.51782;
0.0619962;-2.51739;
0.0620064;-2.51654;
0.0620264;-2.51487;
0.0620464;-2.5132;
0.0620664;-2.51153;
0.0620864;-2.50986;
0.0621064;-2.5082;
0.0621264;-2.50653;
0.0621464;-2.50486;
0.0621664;-2.50319;
0.0621864;-2.50152;
0.0622064;-2.49985;
0.0622264;-2.49819;
0.0622464;-2.49652;
0.0622664;-2.49485;
0.0622864;-2.49318;
0.0623064;-2.49151;
0.0623264;-2.48984;
0.0623464;-2.48817;
0.0623664;-2.4865;
0.0623864;-2.48483;
0.0624064;-2.48316;
0.0624264;-2.4815;
0.0624464;-2.47983;
0.0624664;-2.47816;
0.0624864;-2.47649;
0.0625064;-2.47482;
0.0625264;-2.47315;
0.0625464;-2.47148;
0.0625664;-2.46981;
0.0625864;-2.46814;
0.0626064;-2.46647;
0.0626264;-2.4648;
0.0626464;-2.46313;
0.062651;-2.46275;
0.0626511;-2.46274;
0.0626513;-2.46272;
0.0626517;-2.46269;
0.062652;-2.46266;
0.0626521;-2.46266;
0.0626522;-2.46264;
0.0626526;-2.46262;
0.0626532;-2.46256;
0.0626545;-2.46246;
0.062657;-2.46224;
0.0626622;-2.46181;
0.0626724;-2.46096;
0.0626924;-2.45929;
0.0627124;-2.45762;
0.0627324;-2.45595;
0.0627524;-2.45428;
0.0627724;-2.45261;
0.0627924;-2.45094;
0.0628124;-2.44927;
0.0628324;-2.4476;
0.0628524;-2.44593;
0.0628724;-2.44426;
0.0628924;-2.44259;
0.0629124;-2.44091;
0.0629324;-2.43924;
0.0629524;-2.43757;
0.0629724;-2.4359;
0.0629924;-2.43423;
0.0630124;-2.43256;
0.0630324;-2.43089;
0.0630524;-2.42922;
0.0630724;-2.42755;
0.0630924;-2.42588;
0.0631124;-2.4242;
0.0631324;-2.42253;
0.0631524;-2.42086;
0.0631724;-2.41919;
0.0631924;-2.41752;
0.0632124;-2.41585;
0.0632324;-2.41417;
0.0632524;-2.4125;
0.0632724;-2.41083;
0.0632924;-2.40916;
0.0633124;-2.40749;
0.063318;-2.40702;
0.0633181;-2.40701;
0.0633183;-2.40699;
0.0633187;-2.40696;
0.063319;-2.40694;
0.0633191;-2.40693;
0.0633192;-2.40692;
0.0633196;-2.40689;
0.0633202;-2.40684;
0.0633215;-2.40673;
0.063324;-2.40651;
0.0633292;-2.40609;
0.0633394;-2.40523;
0.0633594;-2.40356;
0.0633794;-2.40189;
0.0633994;-2.40021;
0.0634194;-2.39854;
0.0634394;-2.39687;
0.0634594;-2.3952;
0.0634794;-2.39352;
0.0634994;-2.39185;
0.0635194;-2.39018;
0.0635394;-2.38851;
0.0635594;-2.38683;
0.0635794;-2.38516;
0.0635994;-2.38349;
0.0636194;-2.38182;
0.0636394;-2.38014;
0.0636594;-2.37847;
0.0636794;-2.3768;
0.0636994;-2.37513;
0.0637194;-2.37345;
0.0637394;-2.37178;
0.0637594;-2.37011;
0.0637794;-2.36843;
0.0637994;-2.36676;
0.0638194;-2.36509;
0.0638394;-2.36341;
0.0638594;-2.36174;
0.0638794;-2.36007;
0.0638994;-2.35839;
0.0639194;-2.35672;
0.0639394;-2.35505;
0.0639594;-2.35337;
0.0639794;-2.3517;
0.063984;-2.35131;
0.0639841;-2.3513;
0.0639843;-2.35129;
0.0639847;-2.35125;
0.063985;-2.35123;
0.0639851;-2.35122;
0.0639852;-2.35121;
0.0639856;-2.35118;
0.0639862;-2.35113;
0.0639875;-2.35102;
0.06399;-2.35081;
0.0639952;-2.35038;
0.0640054;-2.34952;
0.0640254;-2.34785;
0.0640454;-2.34617;
0.0640654;-2.3445;
0.0640854;-2.34283;
0.0641054;-2.34115;
0.0641254;-2.33948;
0.0641454;-2.3378;
0.0641654;-2.33613;
0.0641854;-2.33446;
0.0642054;-2.33278;
0.0642254;-2.33111;
0.0642454;-2.32943;
0.0642654;-2.32776;
0.0642854;-2.32608;
0.0643054;-2.32441;
0.0643254;-2.32274;
0.0643454;-2.32106;
0.0643654;-2.31939;
0.0643854;-2.31771;
0.0644054;-2.31604;
0.0644254;-2.31436;
0.0644454;-2.31269;
0.0644654;-2.31101;
0.0644854;-2.30934;
0.0645054;-2.30766;
0.0645254;-2.30599;
0.0645454;-2.30431;
0.0645654;-2.30264;
0.0645854;-2.30096;
0.0646054;-2.29929;
0.0646254;-2.29761;
0.0646454;-2.29594;
0.064651;-2.29547;
0.0646511;-2.29546;
0.0646513;-2.29544;
0.0646517;-2.29541;
0.064652;-2.29538;
0.0646521;-2.29538;
0.0646522;-2.29536;
0.0646526;-2.29534;
0.0646532;-2.29528;
0.0646545;-2.29518;
0.064657;-2.29496;
0.0646622;-2.29453;
0.0646724;-2.29367;
0.0646924;-2.292;
0.0647124;-2.29032;
0.0647324;-2.28865;
0.0647524;-2.28697;
0.0647724;-2.2853;
0.0647924;-2.28362;
0.0648124;-2.28195;
0.0648324;-2.28027;
0.0648524;-2.27859;
0.0648724;-2.27692;
0.0648924;-2.27524;
0.0649124;-2.27357;
0.0649324;-2.27189;
0.0649524;-2.27021;
0.0649724;-2.26854;
0.0649924;-2.26686;
0.0650124;-2.26519;
0.0650324;-2.26351;
0.0650524;-2.26183;
0.0650724;-2.26016;
0.0650924;-2.25848;
0.0651124;-2.25681;
0.0651324;-2.25513;
0.0651524;-2.25345;
0.0651724;-2.25178;
0.0651924;-2.2501;
0.0652124;-2.24842;
0.0652324;-2.24675;
0.0652524;-2.24507;
0.0652724;-2.24339;
0.0652924;-2.24172;
0.0653124;-2.24004;
0.065317;-2.23965;
0.0653171;-2.23965;
0.0653173;-2.23963;
0.0653177;-2.2396;
0.065318;-2.23957;
0.0653181;-2.23956;
0.0653182;-2.23955;
0.0653186;-2.23952;
0.0653192;-2.23947;
0.0653205;-2.23936;
0.065323;-2.23915;
0.0653282;-2.23872;
0.0653384;-2.23786;
0.0653584;-2.23618;
0.0653784;-2.23451;
0.0653984;-2.23283;
0.0654184;-2.23115;
0.0654384;-2.22948;
0.0654584;-2.2278;
0.0654784;-2.22612;
0.0654984;-2.22444;
0.0655184;-2.22277;
0.0655384;-2.22109;
0.0655584;-2.21941;
0.0655784;-2.21774;
0.0655984;-2.21606;
0.0656184;-2.21438;
0.0656384;-2.2127;
0.0656584;-2.21103;
0.0656784;-2.20935;
0.0656984;-2.20767;
0.0657184;-2.20599;
0.0657384;-2.20432;
0.0657584;-2.20264;
0.0657784;-2.20096;
0.0657984;-2.19928;
0.0658184;-2.19761;
0.0658384;-2.19593;
0.0658584;-2.19425;
0.0658784;-2.19257;
0.0658984;-2.19089;
0.0659184;-2.18922;
0.0659384;-2.18754;
0.0659584;-2.18586;
0.0659784;-2.18418;
0.065984;-2.18371;
0.0659841;-2.1837;
0.0659843;-2.18369;
0.0659847;-2.18365;
0.065985;-2.18363;
0.0659851;-2.18362;
0.0659852;-2.18361;
0.0659856;-2.18358;
0.0659862;-2.18353;
0.0659875;-2.18342;
0.06599;-2.18321;
0.0659952;-2.18278;
0.0660054;-2.18192;
0.0660254;-2.18024;
0.0660454;-2.17856;
0.0660654;-2.17688;
0.0660854;-2.1752;
0.0661054;-2.17353;
0.0661254;-2.17185;
0.0661454;-2.17017;
0.0661654;-2.16849;
0.0661854;-2.16681;
0.0662054;-2.16513;
0.0662254;-2.16346;
0.0662454;-2.16178;
0.0662654;-2.1601;
0.0662854;-2.15842;
0.0663054;-2.15674;
0.0663254;-2.15506;
0.0663454;-2.15339;
0.0663654;-2.15171;
0.0663854;-2.15003;
0.0664054;-2.14835;
0.0664254;-2.14667;
0.0664454;-2.14499;
0.0664654;-2.14331;
0.0664854;-2.14163;
0.0665054;-2.13996;
0.0665254;-2.13828;
0.0665454;-2.1366;
0.0665654;-2.13492;
0.0665854;-2.13324;
0.0666054;-2.13156;
0.0666254;-2.12988;
0.0666454;-2.1282;
0.06665;-2.12782;
0.0666501;-2.12781;
0.0666503;-2.12779;
0.0666507;-2.12776;
0.066651;-2.12773;
0.0666511;-2.12773;
0.0666512;-2.12771;
0.0666516;-2.12768;
0.0666522;-2.12763;
0.0666535;-2.12752;
0.066656;-2.12731;
0.0666612;-2.12688;
0.0666714;-2.12602;
0.0666914;-2.12434;
0.0667114;-2.12266;
0.0667314;-2.12098;
0.0667514;-2.1193;
0.0667714;-2.11762;
0.0667914;-2.11594;
0.0668114;-2.11426;
0.0668314;-2.11259;
0.0668514;-2.11091;
0.0668714;-2.10923;
0.0668914;-2.10755;
0.0669114;-2.10587;
0.0669314;-2.10419;
0.0669514;-2.10251;
0.0669714;-2.10083;
0.0669914;-2.09915;
0.0670114;-2.09747;
0.0670314;-2.09579;
0.0670514;-2.09411;
0.0670714;-2.09243;
0.0670914;-2.09075;
0.0671114;-2.08907;
0.0671314;-2.08739;
0.0671514;-2.08571;
0.0671714;-2.08403;
0.0671914;-2.08235;
0.0672114;-2.08067;
0.0672314;-2.07899;
0.0672514;-2.07731;
0.0672714;-2.07563;
0.0672914;-2.07395;
0.0673114;-2.07227;
0.067317;-2.0718;
0.0673171;-2.07179;
0.0673173;-2.07178;
0.0673177;-2.07174;
0.067318;-2.07172;
0.0673181;-2.07171;
0.0673182;-2.0717;
0.0673186;-2.07167;
0.0673192;-2.07162;
0.0673205;-2.07151;
0.067323;-2.07129;
0.0673282;-2.07086;
0.0673384;-2.07;
0.0673584;-2.06832;
0.0673784;-2.06664;
0.0673984;-2.06496;
0.0674184;-2.06328;
0.0674384;-2.0616;
0.0674584;-2.05992;
0.0674784;-2.05824;
0.0674984;-2.05656;
0.0675184;-2.05488;
0.0675384;-2.0532;
0.0675584;-2.05152;
0.0675784;-2.04984;
0.0675984;-2.04816;
0.0676184;-2.04648;
0.0676384;-2.0448;
0.0676584;-2.04312;
0.0676784;-2.04144;
0.0676984;-2.03976;
0.0677184;-2.03808;
0.0677384;-2.0364;
0.0677584;-2.03472;
0.0677784;-2.03304;
0.0677984;-2.03136;
0.0678184;-2.02968;
0.0678384;-2.028;
0.0678584;-2.02632;
0.0678784;-2.02464;
0.0678984;-2.02295;
0.0679184;-2.02127;
0.0679384;-2.01959;
0.0679584;-2.01791;
0.0679784;-2.01623;
0.067983;-2.01585;
0.0679831;-2.01584;
0.0679833;-2.01582;
0.0679837;-2.01579;
0.067984;-2.01576;
0.0679841;-2.01575;
0.0679842;-2.01574;
0.0679846;-2.01571;
0.0679852;-2.01566;
0.0679865;-2.01555;
0.067989;-2.01534;
0.0679942;-2.01491;
0.0680044;-2.01405;
0.0680244;-2.01237;
0.0680444;-2.01069;
0.0680644;-2.009;
0.0680844;-2.00732;
0.0681044;-2.00564;
0.0681244;-2.00396;
0.0681444;-2.00228;
0.0681644;-2.0006;
0.0681844;-1.99892;
0.0682044;-1.99724;
0.0682244;-1.99556;
0.0682444;-1.99388;
0.0682644;-1.99219;
0.0682844;-1.99051;
0.0683044;-1.98883;
0.0683244;-1.98715;
0.0683444;-1.98547;
0.0683644;-1.98379;
0.0683844;-1.98211;
0.0684044;-1.98043;
0.0684244;-1.97875;
0.0684444;-1.97706;
0.0684644;-1.97538;
0.0684844;-1.9737;
0.0685044;-1.97202;
0.0685244;-1.97034;
0.0685444;-1.96866;
0.0685644;-1.96698;
0.0685844;-1.9653;
0.0686044;-1.96362;
0.0686244;-1.96193;
0.0686444;-1.96025;
0.06865;-1.95978;
0.0686501;-1.95977;
0.0686503;-1.95976;
0.0686507;-1.95972;
0.068651;-1.9597;
0.0686511;-1.95969;
0.0686512;-1.95968;
0.0686516;-1.95965;
0.0686522;-1.9596;
0.0686535;-1.95949;
0.068656;-1.95927;
0.0686612;-1.95884;
0.0686714;-1.95798;
0.0686914;-1.9563;
0.0687114;-1.95462;
0.0687314;-1.95294;
0.0687514;-1.95126;
0.0687714;-1.94958;
0.0687914;-1.94789;
0.0688114;-1.94621;
0.0688314;-1.94453;
0.0688514;-1.94285;
0.0688714;-1.94117;
0.0688914;-1.93949;
0.0689114;-1.93781;
0.0689314;-1.93612;
0.0689514;-1.93444;
0.0689714;-1.93276;
0.0689914;-1.93108;
0.0690114;-1.9294;
0.0690314;-1.92772;
0.0690514;-1.92603;
0.0690714;-1.92435;
0.0690914;-1.92267;
0.0691114;-1.92099;
0.0691314;-1.91931;
0.0691514;-1.91763;
0.0691714;-1.91594;
0.0691914;-1.91426;
0.0692114;-1.91258;
0.0692314;-1.9109;
0.0692514;-1.90922;
0.0692714;-1.90754;
0.0692914;-1.90585;
0.0693114;-1.90417;
0.069316;-1.90379;
0.0693161;-1.90378;
0.0693163;-1.90376;
0.0693167;-1.90373;
0.069317;-1.9037;
0.0693171;-1.90369;
0.0693172;-1.90368;
0.0693176;-1.90365;
0.0693182;-1.9036;
0.0693195;-1.90349;
0.069322;-1.90328;
0.0693272;-1.90285;
0.0693374;-1.90199;
0.0693574;-1.9003;
0.0693774;-1.89862;
0.0693974;-1.89694;
0.0694174;-1.89526;
0.0694374;-1.89358;
0.0694574;-1.8919;
0.0694774;-1.89021;
0.0694974;-1.88853;
0.0695174;-1.88685;
0.0695374;-1.88517;
0.0695574;-1.88349;
0.0695774;-1.8818;
0.0695974;-1.88012;
0.0696174;-1.87844;
0.0696374;-1.87676;
0.0696574;-1.87508;
0.0696774;-1.87339;
0.0696974;-1.87171;
0.0697174;-1.87003;
0.0697374;-1.86835;
0.0697574;-1.86667;
0.0697774;-1.86498;
0.0697974;-1.8633;
0.0698174;-1.86162;
0.0698374;-1.85994;
0.0698574;-1.85826;
0.0698774;-1.85657;
0.0698974;-1.85489;
0.0699174;-1.85321;
0.0699374;-1.85153;
0.0699574;-1.84985;
0.0699774;-1.84816;
0.069983;-1.84769;
0.0699831;-1.84769;
0.0699833;-1.84767;
0.0699837;-1.84763;
0.069984;-1.84761;
0.0699841;-1.8476;
0.0699842;-1.84759;
0.0699846;-1.84756;
0.0699852;-1.84751;
0.0699865;-1.8474;
0.069989;-1.84719;
0.0699942;-1.84676;
0.0700044;-1.84589;
0.0700244;-1.84421;
0.0700444;-1.84253;
0.0700644;-1.84085;
0.0700844;-1.83917;
0.0701044;-1.83748;
0.0701244;-1.8358;
0.0701444;-1.83412;
0.0701644;-1.83244;
0.0701844;-1.83076;
0.0702044;-1.82907;
0.0702244;-1.82739;
0.0702444;-1.82571;
0.0702644;-1.82403;
0.0702844;-1.82234;
0.0703044;-1.82066;
0.0703244;-1.81898;
0.0703444;-1.8173;
0.0703644;-1.81562;
0.0703844;-1.81393;
0.0704044;-1.81225;
0.0704244;-1.81057;
0.0704444;-1.80889;
0.0704644;-1.80721;
0.0704844;-1.80552;
0.0705044;-1.80384;
0.0705244;-1.80216;
0.0705444;-1.80048;
0.0705644;-1.7988;
0.0705844;-1.79711;
0.0706044;-1.79543;
0.0706244;-1.79375;
0.0706444;-1.79207;
0.070649;-1.79168;
0.0706491;-1.79167;
0.0706493;-1.79165;
0.0706497;-1.79162;
0.07065;-1.7916;
0.0706501;-1.79159;
0.0706502;-1.79158;
0.0706506;-1.79155;
0.0706512;-1.79149;
0.0706525;-1.79139;
0.070655;-1.79117;
0.0706602;-1.79074;
0.0706704;-1.78988;
0.0706904;-1.7882;
0.0707104;-1.78652;
0.0707304;-1.78483;
0.0707504;-1.78315;
0.0707704;-1.78147;
0.0707904;-1.77979;
0.0708104;-1.7781;
0.0708304;-1.77642;
0.0708504;-1.77474;
0.0708704;-1.77306;
0.0708904;-1.77138;
0.0709104;-1.76969;
0.0709304;-1.76801;
0.0709504;-1.76633;
0.0709704;-1.76465;
0.0709904;-1.76297;
0.0710104;-1.76128;
0.0710304;-1.7596;
0.0710504;-1.75792;
0.0710704;-1.75624;
0.0710904;-1.75455;
0.0711104;-1.75287;
0.0711304;-1.75119;
0.0711504;-1.74951;
0.0711704;-1.74783;
0.0711904;-1.74614;
0.0712104;-1.74446;
0.0712304;-1.74278;
0.0712504;-1.7411;
0.0712704;-1.73942;
0.0712904;-1.73773;
0.0713104;-1.73605;
0.071316;-1.73558;
0.0713161;-1.73557;
0.0713163;-1.73556;
0.0713167;-1.73552;
0.071317;-1.7355;
0.0713171;-1.73549;
0.0713172;-1.73548;
0.0713176;-1.73545;
0.0713182;-1.7354;
0.0713195;-1.73529;
0.071322;-1.73507;
0.0713272;-1.73464;
0.0713374;-1.73378;
0.0713574;-1.7321;
0.0713774;-1.73042;
0.0713974;-1.72873;
0.0714174;-1.72705;
0.0714374;-1.72537;
0.0714574;-1.72369;
0.0714774;-1.72201;
0.0714974;-1.72032;
0.0715174;-1.71864;
0.0715374;-1.71696;
0.0715574;-1.71528;
0.0715774;-1.7136;
0.0715974;-1.71191;
0.0716174;-1.71023;
0.0716374;-1.70855;
0.0716574;-1.70687;
0.0716774;-1.70519;
0.0716974;-1.7035;
0.0717174;-1.70182;
0.0717374;-1.70014;
0.0717574;-1.69846;
0.0717774;-1.69678;
0.0717974;-1.69509;
0.0718174;-1.69341;
0.0718374;-1.69173;
0.0718574;-1.69005;
0.0718774;-1.68837;
0.0718974;-1.68668;
0.0719174;-1.685;
0.0719374;-1.68332;
0.0719574;-1.68164;
0.0719774;-1.67996;
0.071982;-1.67957;
0.0719821;-1.67956;
0.0719823;-1.67954;
0.0719827;-1.67951;
0.071983;-1.67948;
0.0719831;-1.67948;
0.0719832;-1.67946;
0.0719836;-1.67944;
0.0719842;-1.67938;
0.0719855;-1.67928;
0.071988;-1.67906;
0.0719932;-1.67863;
0.0720034;-1.67777;
0.0720234;-1.67609;
0.0720434;-1.67441;
0.0720634;-1.67272;
0.0720834;-1.67104;
0.0721034;-1.66936;
0.0721234;-1.66768;
0.0721434;-1.666;
0.0721634;-1.66431;
0.0721834;-1.66263;
0.0722034;-1.66095;
0.0722234;-1.65927;
0.0722434;-1.65759;
0.0722634;-1.65591;
0.0722834;-1.65422;
0.0723034;-1.65254;
0.0723234;-1.65086;
0.0723434;-1.64918;
0.0723634;-1.6475;
0.0723834;-1.64581;
0.0724034;-1.64413;
0.0724234;-1.64245;
0.0724434;-1.64077;
0.0724634;-1.63909;
0.0724834;-1.63741;
0.0725034;-1.63572;
0.0725234;-1.63404;
0.0725434;-1.63236;
0.0725634;-1.63068;
0.0725834;-1.629;
0.0726034;-1.62732;
0.0726234;-1.62563;
0.0726434;-1.62395;
0.072649;-1.62348;
0.0726491;-1.62347;
0.0726493;-1.62346;
0.0726497;-1.62342;
0.07265;-1.6234;
0.0726501;-1.62339;
0.0726502;-1.62338;
0.0726506;-1.62335;
0.0726512;-1.6233;
0.0726525;-1.62319;
0.072655;-1.62297;
0.0726602;-1.62254;
0.0726704;-1.62168;
0.0726904;-1.62;
0.0727104;-1.61832;
0.0727304;-1.61664;
0.0727504;-1.61496;
0.0727704;-1.61327;
0.0727904;-1.61159;
0.0728104;-1.60991;
0.0728304;-1.60823;
0.0728504;-1.60655;
0.0728704;-1.60487;
0.0728904;-1.60319;
0.0729104;-1.6015;
0.0729304;-1.59982;
0.0729504;-1.59814;
0.0729704;-1.59646;
0.0729904;-1.59478;
0.0730104;-1.5931;
0.0730304;-1.59142;
0.0730504;-1.58973;
0.0730704;-1.58805;
0.0730904;-1.58637;
0.0731104;-1.58469;
0.0731304;-1.58301;
0.0731504;-1.58133;
0.0731704;-1.57965;
0.0731904;-1.57797;
0.0732104;-1.57628;
0.0732304;-1.5746;
0.0732504;-1.57292;
0.0732704;-1.57124;
0.0732904;-1.56956;
0.0733104;-1.56788;
0.073315;-1.56749;
0.0733151;-1.56748;
0.0733153;-1.56747;
0.0733157;-1.56743;
0.073316;-1.56741;
0.0733161;-1.5674;
0.0733162;-1.56739;
0.0733166;-1.56736;
0.0733172;-1.56731;
0.0733185;-1.5672;
0.073321;-1.56698;
0.0733262;-1.56655;
0.0733364;-1.56569;
0.0733564;-1.56401;
0.0733764;-1.56233;
0.0733964;-1.56065;
0.0734164;-1.55897;
0.0734364;-1.55729;
0.0734564;-1.55561;
0.0734764;-1.55393;
0.0734964;-1.55224;
0.0735164;-1.55056;
0.0735364;-1.54888;
0.0735564;-1.5472;
0.0735764;-1.54552;
0.0735964;-1.54384;
0.0736164;-1.54216;
0.0736364;-1.54048;
0.0736564;-1.5388;
0.0736764;-1.53712;
0.0736964;-1.53544;
0.0737164;-1.53376;
0.0737364;-1.53207;
0.0737564;-1.53039;
0.0737764;-1.52871;
0.0737964;-1.52703;
0.0738164;-1.52535;
0.0738364;-1.52367;
0.0738564;-1.52199;
0.0738764;-1.52031;
0.0738964;-1.51863;
0.0739164;-1.51695;
0.0739364;-1.51527;
0.0739564;-1.51359;
0.0739764;-1.51191;
0.073982;-1.51144;
0.0739821;-1.51143;
0.0739823;-1.51141;
0.0739827;-1.51138;
0.073983;-1.51135;
0.0739831;-1.51135;
0.0739832;-1.51133;
0.0739836;-1.51131;
0.0739842;-1.51125;
0.0739855;-1.51114;
0.073988;-1.51093;
0.0739932;-1.5105;
0.0740034;-1.50964;
0.0740234;-1.50796;
0.0740434;-1.50628;
0.0740634;-1.5046;
0.0740834;-1.50292;
0.0741034;-1.50124;
0.0741234;-1.49956;
0.0741434;-1.49788;
0.0741634;-1.49619;
0.0741834;-1.49451;
0.0742034;-1.49283;
0.0742234;-1.49115;
0.0742434;-1.48947;
0.0742634;-1.48779;
0.0742834;-1.48611;
0.0743034;-1.48443;
0.0743234;-1.48275;
0.0743434;-1.48107;
0.0743634;-1.47939;
0.0743834;-1.47771;
0.0744034;-1.47603;
0.0744234;-1.47435;
0.0744434;-1.47267;
0.0744634;-1.47099;
0.0744834;-1.46931;
0.0745034;-1.46763;
0.0745234;-1.46595;
0.0745434;-1.46427;
0.0745634;-1.46259;
0.0745834;-1.46091;
0.0746034;-1.45923;
0.0746234;-1.45755;
0.0746434;-1.45587;
0.074648;-1.45549;
0.0746481;-1.45548;
0.0746483;-1.45546;
0.0746487;-1.45543;
0.074649;-1.4554;
0.0746491;-1.4554;
0.0746492;-1.45538;
0.0746496;-1.45536;
0.0746502;-1.4553;
0.0746515;-1.45519;
0.074654;-1.45498;
0.0746592;-1.45455;
0.0746694;-1.45369;
0.0746894;-1.45201;
0.0747094;-1.45033;
0.0747294;-1.44865;
0.0747494;-1.44697;
0.0747694;-1.44529;
0.0747894;-1.44361;
0.0748094;-1.44193;
0.0748294;-1.44025;
0.0748494;-1.43857;
0.0748694;-1.43689;
0.0748894;-1.43521;
0.0749094;-1.43353;
0.0749294;-1.43185;
0.0749494;-1.43018;
0.0749694;-1.4285;
0.0749894;-1.42682;
0.0750094;-1.42514;
0.0750294;-1.42346;
0.0750494;-1.42178;
0.0750694;-1.4201;
0.0750894;-1.41842;
0.0751094;-1.41674;
0.0751294;-1.41506;
0.0751494;-1.41338;
0.0751694;-1.4117;
0.0751894;-1.41002;
0.0752094;-1.40835;
0.0752294;-1.40667;
0.0752494;-1.40499;
0.0752694;-1.40331;
0.0752894;-1.40163;
0.0753094;-1.39995;
0.075315;-1.39948;
0.0753151;-1.39947;
0.0753153;-1.39946;
0.0753157;-1.39942;
0.075316;-1.3994;
0.0753161;-1.39939;
0.0753162;-1.39938;
0.0753166;-1.39935;
0.0753172;-1.3993;
0.0753185;-1.39919;
0.075321;-1.39897;
0.0753262;-1.39854;
0.0753364;-1.39768;
0.0753564;-1.39601;
0.0753764;-1.39433;
0.0753964;-1.39265;
0.0754164;-1.39097;
0.0754364;-1.38929;
0.0754564;-1.38761;
0.0754764;-1.38593;
0.0754964;-1.38425;
0.0755164;-1.38258;
0.0755364;-1.3809;
0.0755564;-1.37922;
0.0755764;-1.37754;
0.0755964;-1.37586;
0.0756164;-1.37418;
0.0756364;-1.3725;
0.0756564;-1.37083;
0.0756764;-1.36915;
0.0756964;-1.36747;
0.0757164;-1.36579;
0.0757364;-1.36411;
0.0757564;-1.36243;
0.0757764;-1.36076;
0.0757964;-1.35908;
0.0758164;-1.3574;
0.0758364;-1.35572;
0.0758564;-1.35404;
0.0758764;-1.35237;
0.0758964;-1.35069;
0.0759164;-1.34901;
0.0759364;-1.34733;
0.0759564;-1.34565;
0.0759764;-1.34398;
0.075981;-1.34359;
0.075983;-1.34342;
0.075987;-1.34309;
0.075995;-1.34242;
0.076011;-1.34107;
0.076031;-1.33939;
0.076051;-1.33772;
0.076071;-1.33604;
0.076091;-1.33436;
0.076111;-1.33268;
0.076131;-1.33101;
0.076151;-1.32933;
0.076171;-1.32765;
0.076191;-1.32597;
0.076211;-1.3243;
0.076231;-1.32262;
0.076251;-1.32094;
0.076271;-1.31926;
0.076291;-1.31759;
0.076311;-1.31591;
0.076331;-1.31423;
0.076351;-1.31255;
0.076371;-1.31088;
0.076391;-1.3092;
0.076411;-1.30752;
0.076431;-1.30585;
0.076451;-1.30417;
0.076471;-1.30249;
0.076491;-1.30081;
0.076511;-1.29914;
0.076531;-1.29746;
0.076551;-1.29578;
0.076571;-1.29411;
0.076591;-1.29243;
0.076611;-1.29075;
0.076631;-1.28908;
0.076648;-1.28765;
0.0766481;-1.28764;
0.0766483;-1.28763;
0.0766487;-1.28759;
0.076649;-1.28757;
0.0766491;-1.28756;
0.0766492;-1.28755;
0.0766496;-1.28752;
0.0766502;-1.28747;
0.0766515;-1.28736;
0.076654;-1.28714;
0.0766592;-1.28671;
0.0766694;-1.28586;
0.0766894;-1.28418;
0.0767094;-1.2825;
0.0767294;-1.28083;
0.0767494;-1.27915;
0.0767694;-1.27747;
0.0767894;-1.2758;
0.0768094;-1.27412;
0.0768294;-1.27244;
0.0768494;-1.27077;
0.0768694;-1.26909;
0.0768894;-1.26741;
0.0769094;-1.26574;
0.0769294;-1.26406;
0.0769494;-1.26239;
0.0769694;-1.26071;
0.0769894;-1.25903;
0.0770094;-1.25736;
0.0770294;-1.25568;
0.0770494;-1.25401;
0.0770694;-1.25233;
0.0770894;-1.25065;
0.0771094;-1.24898;
0.0771294;-1.2473;
0.0771494;-1.24563;
0.0771694;-1.24395;
0.0771894;-1.24227;
0.0772094;-1.2406;
0.0772294;-1.23892;
0.0772494;-1.23725;
0.0772694;-1.23557;
0.0772894;-1.2339;
0.0773094;-1.23222;
0.077314;-1.23183;
0.077316;-1.23167;
0.07732;-1.23133;
0.077328;-1.23066;
0.077344;-1.22932;
0.077364;-1.22765;
0.077384;-1.22597;
0.077404;-1.2243;
0.077424;-1.22262;
0.077444;-1.22095;
0.077464;-1.21927;
0.077484;-1.21759;
0.077504;-1.21592;
0.077524;-1.21424;
0.077544;-1.21257;
0.077564;-1.21089;
0.077584;-1.20922;
0.077604;-1.20754;
0.077624;-1.20587;
0.077644;-1.20419;
0.077664;-1.20252;
0.077684;-1.20085;
0.077704;-1.19917;
0.077724;-1.1975;
0.077744;-1.19582;
0.077764;-1.19415;
0.077784;-1.19247;
0.077804;-1.1908;
0.077824;-1.18912;
0.077844;-1.18745;
0.077864;-1.18577;
0.077884;-1.1841;
0.077904;-1.18243;
0.077924;-1.18075;
0.077944;-1.17908;
0.077964;-1.1774;
0.077981;-1.17598;
0.0779811;-1.17597;
0.0779813;-1.17595;
0.0779817;-1.17592;
0.077982;-1.1759;
0.0779821;-1.17589;
0.0779822;-1.17588;
0.0779826;-1.17585;
0.0779832;-1.1758;
0.0779845;-1.17569;
0.077987;-1.17547;
0.0779922;-1.17505;
0.0780024;-1.17419;
0.0780224;-1.17251;
0.0780424;-1.17084;
0.0780624;-1.16917;
0.0780824;-1.16749;
0.0781024;-1.16582;
0.0781224;-1.16414;
0.0781424;-1.16247;
0.0781624;-1.1608;
0.0781824;-1.15912;
0.0782024;-1.15745;
0.0782224;-1.15578;
0.0782424;-1.1541;
0.0782624;-1.15243;
0.0782824;-1.15076;
0.0783024;-1.14908;
0.0783224;-1.14741;
0.0783424;-1.14574;
0.0783624;-1.14406;
0.0783824;-1.14239;
0.0784024;-1.14072;
0.0784224;-1.13904;
0.0784424;-1.13737;
0.0784624;-1.1357;
0.0784824;-1.13402;
0.0785024;-1.13235;
0.0785224;-1.13068;
0.0785424;-1.129;
0.0785624;-1.12733;
0.0785824;-1.12566;
0.0786024;-1.12399;
0.0786224;-1.12231;
0.0786424;-1.12064;
0.078647;-1.12026;
0.0786471;-1.12025;
0.0786473;-1.12023;
0.0786477;-1.1202;
0.078648;-1.12017;
0.0786481;-1.12017;
0.0786482;-1.12015;
0.0786486;-1.12013;
0.0786492;-1.12007;
0.0786505;-1.11997;
0.078653;-1.11975;
0.0786582;-1.11932;
0.0786684;-1.11847;
0.0786884;-1.11679;
0.0787084;-1.11512;
0.0787284;-1.11345;
0.0787484;-1.11178;
0.0787684;-1.1101;
0.0787884;-1.10843;
0.0788084;-1.10676;
0.0788284;-1.10509;
0.0788484;-1.10342;
0.0788684;-1.10174;
0.0788884;-1.10007;
0.0789084;-1.0984;
0.0789284;-1.09673;
0.0789484;-1.09506;
0.0789684;-1.09338;
0.0789884;-1.09171;
0.0790084;-1.09004;
0.0790284;-1.08837;
0.0790484;-1.0867;
0.0790684;-1.08502;
0.0790884;-1.08335;
0.0791084;-1.08168;
0.0791284;-1.08001;
0.0791484;-1.07834;
0.0791684;-1.07667;
0.0791884;-1.075;
0.0792084;-1.07332;
0.0792284;-1.07165;
0.0792484;-1.06998;
0.0792684;-1.06831;
0.0792884;-1.06664;
0.0793084;-1.06497;
0.079314;-1.0645;
0.0793141;-1.06449;
0.0793143;-1.06448;
0.0793147;-1.06444;
0.079315;-1.06442;
0.0793151;-1.06441;
0.0793152;-1.0644;
0.0793156;-1.06437;
0.0793162;-1.06432;
0.0793175;-1.06421;
0.07932;-1.064;
0.0793252;-1.06357;
0.0793354;-1.06271;
0.0793554;-1.06104;
0.0793754;-1.05937;
0.0793954;-1.0577;
0.0794154;-1.05603;
0.0794354;-1.05436;
0.0794554;-1.05269;
0.0794754;-1.05102;
0.0794954;-1.04935;
0.0795154;-1.04768;
0.0795354;-1.04601;
0.0795554;-1.04434;
0.0795754;-1.04267;
0.0795954;-1.041;
0.0796154;-1.03933;
0.0796354;-1.03766;
0.0796554;-1.03598;
0.0796754;-1.03431;
0.0796954;-1.03264;
0.0797154;-1.03097;
0.0797354;-1.0293;
0.0797554;-1.02763;
0.0797754;-1.02597;
0.0797954;-1.0243;
0.0798154;-1.02263;
0.0798354;-1.02096;
0.0798554;-1.01929;
0.0798754;-1.01762;
0.0798954;-1.01595;
0.0799154;-1.01428;
0.0799354;-1.01261;
0.0799554;-1.01094;
0.0799754;-1.00927;
0.07998;-1.00889;
0.0799801;-1.00888;
0.0799803;-1.00886;
0.0799807;-1.00883;
0.079981;-1.0088;
0.0799811;-1.0088;
0.0799812;-1.00878;
0.0799816;-1.00876;
0.0799822;-1.0087;
0.0799835;-1.0086;
0.079986;-1.00838;
0.0799912;-1.00795;
0.0800014;-1.0071;
0.0800214;-1.00543;
0.0800414;-1.00376;
0.0800614;-1.00209;
0.0800814;-1.00042;
0.0801014;-0.998754;
0.0801214;-0.997085;
0.0801414;-0.995417;
0.0801614;-0.993748;
0.0801814;-0.992079;
0.0802014;-0.99041;
0.0802214;-0.988742;
0.0802414;-0.987073;
0.0802614;-0.985405;
0.0802814;-0.983736;
0.0803014;-0.982068;
0.0803214;-0.980399;
0.0803414;-0.978731;
0.0803614;-0.977063;
0.0803814;-0.975395;
0.0804014;-0.973727;
0.0804214;-0.972058;
0.0804414;-0.97039;
0.0804614;-0.968722;
0.0804814;-0.967055;
0.0805014;-0.965387;
0.0805214;-0.963719;
0.0805414;-0.962051;
0.0805614;-0.960383;
0.0805814;-0.958716;
0.0806014;-0.957048;
0.0806214;-0.955381;
0.0806414;-0.953713;
0.080647;-0.953246;
0.0806471;-0.953238;
0.0806473;-0.953221;
0.0806477;-0.953188;
0.080648;-0.953163;
0.0806481;-0.953156;
0.0806482;-0.953143;
0.0806486;-0.953116;
0.0806492;-0.953063;
0.0806505;-0.952956;
0.080653;-0.952743;
0.0806582;-0.952316;
0.0806684;-0.951462;
0.0806884;-0.949795;
0.0807084;-0.948128;
0.0807284;-0.946461;
0.0807484;-0.944793;
0.0807684;-0.943126;
0.0807884;-0.941459;
0.0808084;-0.939792;
0.0808284;-0.938125;
0.0808484;-0.936458;
0.0808684;-0.934792;
0.0808884;-0.933125;
0.0809084;-0.931458;
0.0809284;-0.929792;
0.0809484;-0.928125;
0.0809684;-0.926459;
0.0809884;-0.924792;
0.0810084;-0.923126;
0.0810284;-0.921459;
0.0810484;-0.919793;
0.0810684;-0.918127;
0.0810884;-0.916461;
0.0811084;-0.914795;
0.0811284;-0.913129;
0.0811484;-0.911463;
0.0811684;-0.909797;
0.0811884;-0.908131;
0.0812084;-0.906465;
0.0812284;-0.904799;
0.0812484;-0.903134;
0.0812684;-0.901468;
0.0812884;-0.899802;
0.0813084;-0.898137;
0.081313;-0.897754;
0.0813131;-0.897745;
0.0813133;-0.897729;
0.0813137;-0.897695;
0.081314;-0.897671;
0.0813141;-0.897664;
0.0813142;-0.897651;
0.0813146;-0.897624;
0.0813152;-0.897571;
0.0813165;-0.897464;
0.081319;-0.897251;
0.0813242;-0.896824;
0.0813344;-0.895972;
0.0813544;-0.894306;
0.0813744;-0.892641;
0.0813944;-0.890976;
0.0814144;-0.889311;
0.0814344;-0.887646;
0.0814544;-0.885981;
0.0814744;-0.884316;
0.0814944;-0.882651;
0.0815144;-0.880986;
0.0815344;-0.879321;
0.0815544;-0.877656;
0.0815744;-0.875991;
0.0815944;-0.874327;
0.0816144;-0.872662;
0.0816344;-0.870998;
0.0816544;-0.869333;
0.0816744;-0.867669;
0.0816944;-0.866005;
0.0817144;-0.86434;
0.0817344;-0.862676;
0.0817544;-0.861012;
0.0817744;-0.859348;
0.0817944;-0.857684;
0.0818144;-0.85602;
0.0818344;-0.854356;
0.0818544;-0.852692;
0.0818744;-0.851029;
0.0818944;-0.849365;
0.0819144;-0.847701;
0.0819344;-0.846038;
0.0819544;-0.844374;
0.0819744;-0.842711;
0.08198;-0.842245;
0.0819801;-0.842237;
0.0819803;-0.84222;
0.0819807;-0.842187;
0.081981;-0.842162;
0.0819811;-0.842155;
0.0819812;-0.842142;
0.0819816;-0.842115;
0.0819822;-0.842062;
0.0819835;-0.841955;
0.081986;-0.841743;
0.0819912;-0.841317;
0.0820014;-0.840465;
0.0820214;-0.838802;
0.0820414;-0.837139;
0.0820614;-0.835475;
0.0820814;-0.833812;
0.0821014;-0.832149;
0.0821214;-0.830486;
0.0821414;-0.828823;
0.0821614;-0.827161;
0.0821814;-0.825498;
0.0822014;-0.823835;
0.0822214;-0.822172;
0.0822414;-0.82051;
0.0822614;-0.818847;
0.0822814;-0.817185;
0.0823014;-0.815522;
0.0823214;-0.81386;
0.0823414;-0.812198;
0.0823614;-0.810536;
0.0823814;-0.808874;
0.0824014;-0.807212;
0.0824214;-0.80555;
0.0824414;-0.803888;
0.0824614;-0.802226;
0.0824814;-0.800564;
0.0825014;-0.798902;
0.0825214;-0.797241;
0.0825414;-0.795579;
0.0825614;-0.793917;
0.0825814;-0.792256;
0.0826014;-0.790594;
0.0826214;-0.788933;
0.0826414;-0.787272;
0.082646;-0.78689;
0.0826461;-0.786881;
0.0826463;-0.786865;
0.0826467;-0.786832;
0.082647;-0.786807;
0.0826471;-0.7868;
0.0826472;-0.786787;
0.0826476;-0.78676;
0.0826482;-0.786707;
0.0826495;-0.786601;
0.082652;-0.786388;
0.0826572;-0.785963;
0.0826674;-0.785112;
0.0826874;-0.783451;
0.0827074;-0.78179;
0.0827274;-0.780129;
0.0827474;-0.778468;
0.0827674;-0.776807;
0.0827874;-0.775147;
0.0828074;-0.773486;
0.0828274;-0.771825;
0.0828474;-0.770165;
0.0828674;-0.768504;
0.0828874;-0.766844;
0.0829074;-0.765183;
0.0829274;-0.763523;
0.0829474;-0.761863;
0.0829674;-0.760203;
0.0829874;-0.758542;
0.0830074;-0.756882;
0.0830274;-0.755222;
0.0830474;-0.753563;
0.0830674;-0.751903;
0.0830874;-0.750243;
0.0831074;-0.748583;
0.0831274;-0.746924;
0.0831474;-0.745264;
0.0831674;-0.743605;
0.0831874;-0.741945;
0.0832074;-0.740286;
0.0832274;-0.738627;
0.0832474;-0.736967;
0.0832674;-0.735308;
0.0832874;-0.733649;
0.0833074;-0.73199;
0.083313;-0.731526;
0.0833131;-0.731517;
0.0833133;-0.731501;
0.0833137;-0.731468;
0.083314;-0.731443;
0.0833141;-0.731436;
0.0833142;-0.731423;
0.0833146;-0.731396;
0.0833152;-0.731343;
0.0833165;-0.731237;
0.083319;-0.731025;
0.0833242;-0.7306;
0.0833344;-0.729751;
0.0833544;-0.728092;
0.0833744;-0.726433;
0.0833944;-0.724774;
0.0834144;-0.723116;
0.0834344;-0.721457;
0.0834544;-0.719799;
0.0834744;-0.71814;
0.0834944;-0.716482;
0.0835144;-0.714824;
0.0835344;-0.713165;
0.0835544;-0.711507;
0.0835744;-0.709849;
0.0835944;-0.708191;
0.0836144;-0.706533;
0.0836344;-0.704875;
0.0836544;-0.703218;
0.0836744;-0.70156;
0.0836944;-0.699902;
0.0837144;-0.698245;
0.0837344;-0.696587;
0.0837544;-0.69493;
0.0837744;-0.693272;
0.0837944;-0.691615;
0.0838144;-0.689958;
0.0838344;-0.688301;
0.0838544;-0.686644;
0.0838744;-0.684987;
0.0838944;-0.68333;
0.0839144;-0.681673;
0.0839344;-0.680016;
0.0839544;-0.67836;
0.0839744;-0.676703;
0.083979;-0.676322;
0.0839791;-0.676314;
0.0839793;-0.676297;
0.0839797;-0.676264;
0.08398;-0.676239;
0.0839801;-0.676232;
0.0839802;-0.676219;
0.0839806;-0.676193;
0.0839812;-0.67614;
0.0839825;-0.676034;
0.083985;-0.675822;
0.0839902;-0.675398;
0.0840004;-0.674549;
0.0840204;-0.672893;
0.0840404;-0.671237;
0.0840604;-0.66958;
0.0840804;-0.667924;
0.0841004;-0.666268;
0.0841204;-0.664612;
0.0841404;-0.662956;
0.0841604;-0.6613;
0.0841804;-0.659644;
0.0842004;-0.657988;
0.0842204;-0.656332;
0.0842404;-0.654677;
0.0842604;-0.653021;
0.0842804;-0.651366;
0.0843004;-0.64971;
0.0843204;-0.648055;
0.0843404;-0.6464;
0.0843604;-0.644744;
0.0843804;-0.643089;
0.0844004;-0.641434;
0.0844204;-0.639779;
0.0844404;-0.638124;
0.0844604;-0.636469;
0.0844804;-0.634815;
0.0845004;-0.63316;
0.0845204;-0.631505;
0.0845404;-0.629851;
0.0845604;-0.628196;
0.0845804;-0.626542;
0.0846004;-0.624888;
0.0846204;-0.623233;
0.0846404;-0.621579;
0.084646;-0.621116;
0.0846461;-0.621108;
0.0846463;-0.621091;
0.0846467;-0.621058;
0.084647;-0.621033;
0.0846471;-0.621027;
0.0846472;-0.621014;
0.0846476;-0.620987;
0.0846482;-0.620934;
0.0846495;-0.620828;
0.084652;-0.620617;
0.0846572;-0.620193;
0.0846674;-0.619346;
0.0846874;-0.617692;
0.0847074;-0.616038;
0.0847274;-0.614385;
0.0847474;-0.612731;
0.0847674;-0.611077;
0.0847874;-0.609423;
0.0848074;-0.60777;
0.0848274;-0.606116;
0.0848474;-0.604463;
0.0848674;-0.60281;
0.0848874;-0.601157;
0.0849074;-0.599503;
0.0849274;-0.59785;
0.0849474;-0.596197;
0.0849674;-0.594544;
0.0849874;-0.592892;
0.0850074;-0.591239;
0.0850274;-0.589586;
0.0850474;-0.587934;
0.0850674;-0.586281;
0.0850874;-0.584629;
0.0851074;-0.582976;
0.0851274;-0.581324;
0.0851474;-0.579672;
0.0851674;-0.57802;
0.0851874;-0.576368;
0.0852074;-0.574716;
0.0852274;-0.573064;
0.0852474;-0.571412;
0.0852674;-0.56976;
0.0852874;-0.568108;
0.0853074;-0.566457;
0.085312;-0.566077;
0.0853121;-0.566069;
0.0853123;-0.566052;
0.0853127;-0.566019;
0.085313;-0.565994;
0.0853131;-0.565988;
0.0853132;-0.565975;
0.0853136;-0.565948;
0.0853142;-0.565895;
0.0853155;-0.56579;
0.085318;-0.565578;
0.0853232;-0.565155;
0.0853334;-0.56431;
0.0853534;-0.562658;
0.0853734;-0.561007;
0.0853934;-0.559356;
0.0854134;-0.557705;
0.0854334;-0.556054;
0.0854534;-0.554403;
0.0854734;-0.552752;
0.0854934;-0.551101;
0.0855134;-0.54945;
0.0855334;-0.547799;
0.0855534;-0.546149;
0.0855734;-0.544498;
0.0855934;-0.542848;
0.0856134;-0.541197;
0.0856334;-0.539547;
0.0856534;-0.537897;
0.0856734;-0.536247;
0.0856934;-0.534597;
0.0857134;-0.532947;
0.0857334;-0.531297;
0.0857534;-0.529647;
0.0857734;-0.527997;
0.0857934;-0.526348;
0.0858134;-0.524698;
0.0858334;-0.523048;
0.0858534;-0.521399;
0.0858734;-0.51975;
0.0858934;-0.5181;
0.0859134;-0.516451;
0.0859334;-0.514802;
0.0859534;-0.513153;
0.0859734;-0.511504;
0.085979;-0.511043;
0.0859791;-0.511034;
0.0859793;-0.511018;
0.0859797;-0.510985;
0.08598;-0.51096;
0.0859801;-0.510953;
0.0859802;-0.51094;
0.0859806;-0.510914;
0.0859812;-0.510861;
0.0859825;-0.510756;
0.085985;-0.510545;
0.0859902;-0.510122;
0.0860004;-0.509278;
0.0860204;-0.50763;
0.0860404;-0.505981;
0.0860604;-0.504332;
0.0860804;-0.502684;
0.0861004;-0.501035;
0.0861204;-0.499387;
0.0861404;-0.497739;
0.0861604;-0.496091;
0.0861804;-0.494443;
0.0862004;-0.492795;
0.0862204;-0.491147;
0.0862404;-0.489499;
0.0862604;-0.487851;
0.0862804;-0.486203;
0.0863004;-0.484556;
0.0863204;-0.482908;
0.0863404;-0.481261;
0.0863604;-0.479614;
0.0863804;-0.477966;
0.0864004;-0.476319;
0.0864204;-0.474672;
0.0864404;-0.473025;
0.0864604;-0.471378;
0.0864804;-0.469731;
0.0865004;-0.468084;
0.0865204;-0.466438;
0.0865404;-0.464791;
0.0865604;-0.463145;
0.0865804;-0.461498;
0.0866004;-0.459852;
0.0866204;-0.458206;
0.0866404;-0.456559;
0.086645;-0.456181;
0.0866451;-0.456173;
0.0866453;-0.456156;
0.0866457;-0.456123;
0.086646;-0.456099;
0.0866461;-0.456092;
0.0866462;-0.456079;
0.0866466;-0.456052;
0.0866472;-0.456;
0.0866485;-0.455894;
0.086651;-0.455684;
0.0866562;-0.455262;
0.0866664;-0.45442;
0.0866864;-0.452774;
0.0867064;-0.451128;
0.0867264;-0.449482;
0.0867464;-0.447836;
0.0867664;-0.44619;
0.0867864;-0.444545;
0.0868064;-0.442899;
0.0868264;-0.441254;
0.0868464;-0.439609;
0.0868664;-0.437964;
0.0868864;-0.436318;
0.0869064;-0.434673;
0.0869264;-0.433028;
0.0869464;-0.431383;
0.0869664;-0.429739;
0.0869864;-0.428094;
0.0870064;-0.426449;
0.0870264;-0.424805;
0.0870464;-0.42316;
0.0870664;-0.421516;
0.0870864;-0.419872;
0.0871064;-0.418228;
0.0871264;-0.416583;
0.0871464;-0.414939;
0.0871664;-0.413295;
0.0871864;-0.411652;
0.0872064;-0.410008;
0.0872264;-0.408364;
0.0872464;-0.406721;
0.0872664;-0.405077;
0.0872864;-0.403434;
0.0873064;-0.40179;
0.087312;-0.40133;
0.0873121;-0.401322;
0.0873123;-0.401306;
0.0873127;-0.401273;
0.087313;-0.401248;
0.0873131;-0.401241;
0.0873132;-0.401228;
0.0873136;-0.401202;
0.0873142;-0.401149;
0.0873155;-0.401044;
0.087318;-0.400834;
0.0873232;-0.400413;
0.0873334;-0.399572;
0.0873534;-0.397929;
0.0873734;-0.396286;
0.0873934;-0.394643;
0.0874134;-0.393;
0.0874334;-0.391357;
0.0874534;-0.389714;
0.0874734;-0.388072;
0.0874934;-0.386429;
0.0875134;-0.384787;
0.0875334;-0.383145;
0.0875534;-0.381502;
0.0875734;-0.37986;
0.0875934;-0.378218;
0.0876134;-0.376576;
0.0876334;-0.374934;
0.0876534;-0.373292;
0.0876734;-0.371651;
0.0876934;-0.370009;
0.0877134;-0.368367;
0.0877334;-0.366726;
0.0877534;-0.365085;
0.0877734;-0.363443;
0.0877934;-0.361802;
0.0878134;-0.360161;
0.0878334;-0.35852;
0.0878534;-0.356879;
0.0878734;-0.355238;
0.0878934;-0.353597;
0.0879134;-0.351957;
0.0879334;-0.350316;
0.0879534;-0.348676;
0.0879734;-0.347035;
0.087978;-0.346658;
0.0879781;-0.34665;
0.0879783;-0.346633;
0.0879787;-0.346601;
0.087979;-0.346576;
0.0879791;-0.346569;
0.0879792;-0.346556;
0.0879796;-0.34653;
0.0879802;-0.346478;
0.0879815;-0.346373;
0.087984;-0.346163;
0.0879892;-0.345743;
0.0879994;-0.344903;
0.0880194;-0.343263;
0.0880394;-0.341623;
0.0880594;-0.339983;
0.0880794;-0.338343;
0.0880994;-0.336703;
0.0881194;-0.335063;
0.0881394;-0.333423;
0.0881594;-0.331784;
0.0881794;-0.330144;
0.0881994;-0.328505;
0.0882194;-0.326866;
0.0882394;-0.325227;
0.0882594;-0.323587;
0.0882794;-0.321948;
0.0882994;-0.320309;
0.0883194;-0.318671;
0.0883394;-0.317032;
0.0883594;-0.315393;
0.0883794;-0.313755;
0.0883994;-0.312116;
0.0884194;-0.310478;
0.0884394;-0.30884;
0.0884594;-0.307201;
0.0884794;-0.305563;
0.0884994;-0.303925;
0.0885194;-0.302287;
0.0885394;-0.300649;
0.0885594;-0.299012;
0.0885794;-0.297374;
0.0885994;-0.295736;
0.0886194;-0.294099;
0.0886394;-0.292462;
0.088645;-0.292003;
0.0886451;-0.291995;
0.0886453;-0.291979;
0.0886457;-0.291946;
0.088646;-0.291921;
0.0886461;-0.291915;
0.0886462;-0.291902;
0.0886466;-0.291875;
0.0886472;-0.291823;
0.0886485;-0.291718;
0.088651;-0.291509;
0.0886562;-0.29109;
0.0886664;-0.290251;
0.0886864;-0.288614;
0.0887064;-0.286977;
0.0887264;-0.28534;
0.0887464;-0.283703;
0.0887664;-0.282066;
0.0887864;-0.28043;
0.0888064;-0.278793;
0.0888264;-0.277157;
0.0888464;-0.27552;
0.0888664;-0.273884;
0.0888864;-0.272248;
0.0889064;-0.270611;
0.0889264;-0.268975;
0.0889464;-0.267339;
0.0889664;-0.265703;
0.0889864;-0.264068;
0.0890064;-0.262432;
0.0890264;-0.260796;
0.0890464;-0.259161;
0.0890664;-0.257526;
0.0890864;-0.25589;
0.0891064;-0.254255;
0.0891264;-0.25262;
0.0891464;-0.250985;
0.0891664;-0.24935;
0.0891864;-0.247715;
0.0892064;-0.24608;
0.0892264;-0.244446;
0.0892464;-0.242811;
0.0892664;-0.241177;
0.0892864;-0.239542;
0.0893064;-0.237908;
0.089311;-0.237532;
0.0893111;-0.237524;
0.0893113;-0.237508;
0.0893117;-0.237475;
0.089312;-0.23745;
0.0893121;-0.237444;
0.0893122;-0.237431;
0.0893126;-0.237405;
0.0893132;-0.237352;
0.0893145;-0.237248;
0.089317;-0.237039;
0.0893222;-0.23662;
0.0893324;-0.235784;
0.0893524;-0.23415;
0.0893724;-0.232516;
0.0893924;-0.230882;
0.0894124;-0.229248;
0.0894324;-0.227614;
0.0894524;-0.225981;
0.0894724;-0.224347;
0.0894924;-0.222714;
0.0895124;-0.22108;
0.0895324;-0.219447;
0.0895524;-0.217814;
0.0895724;-0.216181;
0.0895924;-0.214548;
0.0896124;-0.212915;
0.0896324;-0.211283;
0.0896524;-0.20965;
0.0896724;-0.208018;
0.0896924;-0.206385;
0.0897124;-0.204753;
0.0897324;-0.20312;
0.0897524;-0.201488;
0.0897724;-0.199856;
0.0897924;-0.198224;
0.0898124;-0.196592;
0.0898324;-0.194961;
0.0898524;-0.193329;
0.0898724;-0.191697;
0.0898924;-0.190066;
0.0899124;-0.188435;
0.0899324;-0.186803;
0.0899524;-0.185172;
0.0899724;-0.183541;
0.089978;-0.183084;
0.0899781;-0.183076;
0.0899783;-0.18306;
0.0899787;-0.183027;
0.089979;-0.183003;
0.0899791;-0.182996;
0.0899792;-0.182983;
0.0899796;-0.182957;
0.0899802;-0.182905;
0.0899815;-0.1828;
0.089984;-0.182592;
0.0899892;-0.182174;
0.0899994;-0.181339;
0.0900194;-0.179708;
0.0900394;-0.178078;
0.0900594;-0.176447;
0.0900794;-0.174816;
0.0900994;-0.173186;
0.0901194;-0.171555;
0.0901394;-0.169925;
0.0901594;-0.168295;
0.0901794;-0.166665;
0.0901994;-0.165035;
0.0902194;-0.163405;
0.0902394;-0.161775;
0.0902594;-0.160146;
0.0902794;-0.158516;
0.0902994;-0.156886;
0.0903194;-0.155257;
0.0903394;-0.153628;
0.0903594;-0.151998;
0.0903794;-0.150369;
0.0903994;-0.14874;
0.0904194;-0.147111;
0.0904394;-0.145483;
0.0904594;-0.143854;
0.0904794;-0.142225;
0.0904994;-0.140597;
0.0905194;-0.138968;
0.0905394;-0.13734;
0.0905594;-0.135712;
0.0905794;-0.134084;
0.0905994;-0.132456;
0.0906194;-0.130828;
0.0906394;-0.1292;
0.090644;-0.128826;
0.0906441;-0.128817;
0.0906443;-0.128801;
0.0906447;-0.128769;
0.090645;-0.128744;
0.0906451;-0.128738;
0.0906452;-0.128725;
0.0906456;-0.128699;
0.0906462;-0.128647;
0.0906475;-0.128542;
0.09065;-0.128334;
0.0906552;-0.127917;
0.0906654;-0.127084;
0.0906854;-0.125456;
0.0907054;-0.123829;
0.0907254;-0.122201;
0.0907454;-0.120574;
0.0907654;-0.118947;
0.0907854;-0.11732;
0.0908054;-0.115693;
0.0908254;-0.114066;
0.0908454;-0.112439;
0.0908654;-0.110812;
0.0908854;-0.109186;
0.0909054;-0.107559;
0.0909254;-0.105933;
0.0909454;-0.104307;
0.0909654;-0.10268;
0.0909854;-0.101054;
0.0910054;-0.0994283;
0.0910254;-0.0978025;
0.0910454;-0.0961767;
0.0910654;-0.094551;
0.0910854;-0.0929254;
0.0911054;-0.0912999;
0.0911254;-0.0896745;
0.0911454;-0.0880492;
0.0911654;-0.086424;
0.0911854;-0.0847989;
0.0912054;-0.0831739;
0.0912254;-0.081549;
0.0912454;-0.0799242;
0.0912654;-0.0782996;
0.0912854;-0.076675;
0.0913054;-0.0750505;
0.091311;-0.0745956;
0.0913111;-0.0745875;
0.0913113;-0.0745713;
0.0913117;-0.0745388;
0.091312;-0.0745144;
0.0913121;-0.0745079;
0.0913122;-0.0744949;
0.0913126;-0.0744689;
0.0913132;-0.074417;
0.0913145;-0.074313;
0.091317;-0.0741051;
0.0913222;-0.0736892;
0.0913324;-0.0728576;
0.0913524;-0.0712333;
0.0913724;-0.0696092;
0.0913924;-0.0679852;
0.0914124;-0.0663612;
0.0914324;-0.0647374;
0.0914524;-0.0631137;
0.0914724;-0.06149;
0.0914924;-0.0598665;
0.0915124;-0.0582431;
0.0915324;-0.0566197;
0.0915524;-0.0549965;
0.0915724;-0.0533734;
0.0915924;-0.0517504;
0.0916124;-0.0501275;
0.0916324;-0.0485046;
0.0916524;-0.0468819;
0.0916724;-0.0452593;
0.0916924;-0.0436368;
0.0917124;-0.0420144;
0.0917324;-0.0403921;
0.0917524;-0.0387699;
0.0917724;-0.0371478;
0.0917924;-0.0355258;
0.0918124;-0.0339039;
0.0918324;-0.0322822;
0.0918524;-0.0306605;
0.0918724;-0.0290389;
0.0918924;-0.0274174;
0.0919124;-0.0257961;
0.0919324;-0.0241748;
0.0919524;-0.0225536;
0.0919724;-0.0209326;
0.091977;-0.0205597;
0.0919771;-0.0205516;
0.0919773;-0.0205354;
0.0919777;-0.020503;
0.091978;-0.0204787;
0.0919781;-0.0204722;
0.0919782;-0.0204592;
0.0919786;-0.0204333;
0.0919792;-0.0203814;
0.0919805;-0.0202777;
0.091983;-0.0200702;
0.0919882;-0.0196553;
0.0919984;-0.0188254;
0.0920184;-0.0172045;
0.0920384;-0.0155838;
0.0920584;-0.0139632;
0.0920784;-0.0123427;
0.0920984;-0.0107223;
0.0921184;-0.00910199;
0.0921384;-0.0074818;
0.0921584;-0.00586171;
0.0921784;-0.00424172;
0.0921984;-0.00262184;
0.0922184;-0.00100206;
0.0922384;0.000617614;
0.0922584;0.00223718;
0.0922784;0.00385665;
0.0922984;0.005476;
0.0923184;0.00709526;
0.0923384;0.00871441;
0.0923584;0.0103334;
0.0923784;0.0119524;
0.0923984;0.0135712;
0.0924184;0.0151899;
0.0924384;0.0168086;
0.0924584;0.0184271;
0.0924784;0.0200455;
0.0924984;0.0216638;
0.0925184;0.023282;
0.0925384;0.0249001;
0.0925584;0.0265181;
0.0925784;0.028136;
0.0925984;0.0297538;
0.0926184;0.0313714;
0.0926384;0.032989;
0.092644;0.0334419;
0.0926441;0.03345;
0.0926443;0.0334662;
0.0926447;0.0334985;
0.092645;0.0335228;
0.0926451;0.0335292;
0.0926452;0.0335422;
0.0926456;0.0335681;
0.0926462;0.0336198;
0.0926475;0.0337233;
0.09265;0.0339304;
0.0926552;0.0343444;
0.0926654;0.0351725;
0.0926854;0.0367899;
0.0927054;0.0384071;
0.0927254;0.0400242;
0.0927454;0.0416412;
0.0927654;0.0432581;
0.0927854;0.0448748;
0.0928054;0.0464915;
0.0928254;0.0481081;
0.0928454;0.0497246;
0.0928654;0.0513409;
0.0928854;0.0529572;
0.0929054;0.0545733;
0.0929254;0.0561893;
0.0929454;0.0578053;
0.0929654;0.0594211;
0.0929854;0.0610368;
0.0930054;0.0626524;
0.0930254;0.0642679;
0.0930454;0.0658833;
0.0930654;0.0674986;
0.0930854;0.0691138;
0.0931054;0.0707289;
0.0931254;0.0723438;
0.0931454;0.0739587;
0.0931654;0.0755734;
0.0931854;0.0771881;
0.0932054;0.0788026;
0.0932254;0.080417;
0.0932454;0.0820314;
0.0932654;0.0836456;
0.0932854;0.0852597;
0.0933054;0.0868737;
0.09331;0.0872449;
0.0933101;0.0872529;
0.0933103;0.0872691;
0.0933107;0.0873014;
0.093311;0.0873256;
0.0933111;0.087332;
0.0933112;0.0873449;
0.0933116;0.0873708;
0.0933122;0.0874224;
0.0933135;0.0875257;
0.093316;0.0877323;
0.0933212;0.0881454;
0.0933314;0.0889717;
0.0933514;0.0905854;
0.0933714;0.0921991;
0.0933914;0.0938126;
0.0934114;0.095426;
0.0934314;0.0970393;
0.0934514;0.0986525;
0.0934714;0.100266;
0.0934914;0.101879;
0.0935114;0.103491;
0.0935314;0.105104;
0.0935514;0.106717;
0.0935714;0.108329;
0.0935914;0.109942;
0.0936114;0.111554;
0.0936314;0.113166;
0.0936514;0.114779;
0.0936714;0.116391;
0.0936914;0.118002;
0.0937114;0.119614;
0.0937314;0.121226;
0.0937514;0.122838;
0.0937714;0.124449;
0.0937914;0.12606;
0.0938114;0.127672;
0.0938314;0.129283;
0.0938514;0.130894;
0.0938714;0.132505;
0.0938914;0.134115;
0.0939114;0.135726;
0.0939314;0.137337;
0.0939514;0.138947;
0.0939714;0.140557;
0.093977;0.141008;
0.0939771;0.141016;
0.0939773;0.141033;
0.0939777;0.141065;
0.093978;0.141089;
0.0939781;0.141095;
0.0939782;0.141108;
0.0939786;0.141134;
0.0939792;0.141185;
0.0939805;0.141289;
0.093983;0.141495;
0.0939882;0.141907;
0.0939984;0.142731;
0.0940184;0.144341;
0.0940384;0.145951;
0.0940584;0.147561;
0.0940784;0.149171;
0.0940984;0.150781;
0.0941184;0.15239;
0.0941384;0.154;
0.0941584;0.155609;
0.0941784;0.157218;
0.0941984;0.158827;
0.0942184;0.160436;
0.0942384;0.162045;
0.0942584;0.163654;
0.0942784;0.165263;
0.0942984;0.166871;
0.0943184;0.16848;
0.0943384;0.170088;
0.0943584;0.171696;
0.0943784;0.173304;
0.0943984;0.174912;
0.0944184;0.17652;
0.0944384;0.178128;
0.0944584;0.179735;
0.0944784;0.181343;
0.0944984;0.18295;
0.0945184;0.184558;
0.0945384;0.186165;
0.0945584;0.187772;
0.0945784;0.189379;
0.0945984;0.190986;
0.0946184;0.192593;
0.0946384;0.194199;
0.094643;0.194569;
0.0946431;0.194577;
0.0946433;0.194593;
0.0946437;0.194625;
0.094644;0.194649;
0.0946441;0.194656;
0.0946442;0.194668;
0.0946446;0.194694;
0.0946452;0.194746;
0.0946465;0.194848;
0.094649;0.195054;
0.0946542;0.195465;
0.0946644;0.196288;
0.0946844;0.197894;
0.0947044;0.1995;
0.0947244;0.201107;
0.0947444;0.202713;
0.0947644;0.204319;
0.0947844;0.205924;
0.0948044;0.20753;
0.0948244;0.209136;
0.0948444;0.210741;
0.0948644;0.212347;
0.0948844;0.213952;
0.0949044;0.215557;
0.0949244;0.217162;
0.0949444;0.218767;
0.0949644;0.220372;
0.0949844;0.221976;
0.0950044;0.223581;
0.0950244;0.225185;
0.0950444;0.22679;
0.0950644;0.228394;
0.0950844;0.229998;
0.0951044;0.231602;
0.0951244;0.233206;
0.0951444;0.23481;
0.0951644;0.236414;
0.0951844;0.238017;
0.0952044;0.23962;
0.0952244;0.241224;
0.0952444;0.242827;
0.0952644;0.24443;
0.0952844;0.246033;
0.0953044;0.247636;
0.09531;0.248085;
0.0953101;0.248093;
0.0953103;0.248109;
0.0953107;0.248141;
0.095311;0.248165;
0.0953111;0.248171;
0.0953112;0.248184;
0.0953116;0.24821;
0.0953122;0.248261;
0.0953135;0.248364;
0.095316;0.248569;
0.0953212;0.248979;
0.0953314;0.2498;
0.0953514;0.251402;
0.0953714;0.253005;
0.0953914;0.254607;
0.0954114;0.256209;
0.0954314;0.257812;
0.0954514;0.259414;
0.0954714;0.261015;
0.0954914;0.262617;
0.0955114;0.264219;
0.0955314;0.265821;
0.0955514;0.267422;
0.0955714;0.269023;
0.0955914;0.270625;
0.0956114;0.272226;
0.0956314;0.273827;
0.0956514;0.275427;
0.0956714;0.277028;
0.0956914;0.278629;
0.0957114;0.280229;
0.0957314;0.28183;
0.0957514;0.28343;
0.0957714;0.28503;
0.0957914;0.28663;
0.0958114;0.28823;
0.0958314;0.28983;
0.0958514;0.29143;
0.0958714;0.29303;
0.0958914;0.294629;
0.0959114;0.296228;
0.0959314;0.297828;
0.0959514;0.299427;
0.0959714;0.301026;
0.095976;0.301394;
0.0959761;0.301402;
0.0959763;0.301418;
0.0959767;0.301449;
0.095977;0.301473;
0.0959771;0.30148;
0.0959772;0.301493;
0.0959776;0.301518;
0.0959782;0.301569;
0.0959795;0.301672;
0.095982;0.301876;
0.0959872;0.302286;
0.0959974;0.303104;
0.0960174;0.304703;
0.0960374;0.306302;
0.0960574;0.3079;
0.0960774;0.309499;
0.0960974;0.311097;
0.0961174;0.312695;
0.0961374;0.314293;
0.0961574;0.315891;
0.0961774;0.317489;
0.0961974;0.319087;
0.0962174;0.320684;
0.0962374;0.322282;
0.0962574;0.323879;
0.0962774;0.325476;
0.0962974;0.327073;
0.0963174;0.32867;
0.0963374;0.330267;
0.0963574;0.331864;
0.0963774;0.333461;
0.0963974;0.335057;
0.0964174;0.336654;
0.0964374;0.33825;
0.0964574;0.339846;
0.0964774;0.341442;
0.0964974;0.343038;
0.0965174;0.344634;
0.0965374;0.34623;
0.0965574;0.347825;
0.0965774;0.349421;
0.0965974;0.351016;
0.0966174;0.352611;
0.0966374;0.354206;
0.096643;0.354653;
0.0966431;0.354661;
0.0966433;0.354677;
0.0966437;0.354709;
0.096644;0.354733;
0.0966441;0.354739;
0.0966442;0.354752;
0.0966446;0.354777;
0.0966452;0.354828;
0.0966465;0.354931;
0.096649;0.355135;
0.0966542;0.355543;
0.0966644;0.35636;
0.0966844;0.357954;
0.0967044;0.359549;
0.0967244;0.361144;
0.0967444;0.362738;
0.0967644;0.364333;
0.0967844;0.365927;
0.0968044;0.367521;
0.0968244;0.369115;
0.0968444;0.370709;
0.0968644;0.372303;
0.0968844;0.373896;
0.0969044;0.37549;
0.0969244;0.377083;
0.0969444;0.378677;
0.0969644;0.38027;
0.0969844;0.381863;
0.0970044;0.383456;
0.0970244;0.385049;
0.0970444;0.386641;
0.0970644;0.388234;
0.0970844;0.389826;
0.0971044;0.391419;
0.0971244;0.393011;
0.0971444;0.394603;
0.0971644;0.396195;
0.0971844;0.397787;
0.0972044;0.399379;
0.0972244;0.40097;
0.0972444;0.402562;
0.0972644;0.404153;
0.0972844;0.405744;
0.0973044;0.407335;
0.097309;0.407701;
0.0973091;0.407709;
0.0973093;0.407725;
0.0973097;0.407757;
0.09731;0.407781;
0.0973101;0.407787;
0.0973102;0.4078;
0.0973106;0.407825;
0.0973112;0.407876;
0.0973125;0.407978;
0.097315;0.408182;
0.0973202;0.408589;
0.0973304;0.409404;
0.0973504;0.410995;
0.0973704;0.412585;
0.0973904;0.414176;
0.0974104;0.415766;
0.0974304;0.417357;
0.0974504;0.418947;
0.0974704;0.420537;
0.0974904;0.422127;
0.0975104;0.423717;
0.0975304;0.425307;
0.0975504;0.426897;
0.0975704;0.428486;
0.0975904;0.430076;
0.0976104;0.431665;
0.0976304;0.433254;
0.0976504;0.434843;
0.0976704;0.436432;
0.0976904;0.438021;
0.0977104;0.43961;
0.0977304;0.441198;
0.0977504;0.442787;
0.0977704;0.444375;
0.0977904;0.445963;
0.0978104;0.447551;
0.0978304;0.449139;
0.0978504;0.450727;
0.0978704;0.452315;
0.0978904;0.453902;
0.0979104;0.45549;
0.0979304;0.457077;
0.0979504;0.458664;
0.0979704;0.460252;
0.097976;0.460696;
0.0979761;0.460704;
0.0979763;0.46072;
0.0979767;0.460751;
0.097977;0.460775;
0.0979771;0.460782;
0.0979772;0.460794;
0.0979776;0.46082;
0.0979782;0.46087;
0.0979795;0.460972;
0.097982;0.461175;
0.0979872;0.461581;
0.0979974;0.462394;
0.0980174;0.463981;
0.0980374;0.465567;
0.0980574;0.467154;
0.0980774;0.468741;
0.0980974;0.470327;
0.0981174;0.471913;
0.0981374;0.473499;
0.0981574;0.475085;
0.0981774;0.476671;
0.0981974;0.478257;
0.0982174;0.479842;
0.0982374;0.481428;
0.0982574;0.483013;
0.0982774;0.484598;
0.0982974;0.486183;
0.0983174;0.487768;
0.0983374;0.489353;
0.0983574;0.490938;
0.0983774;0.492523;
0.0983974;0.494107;
0.0984174;0.495692;
0.0984374;0.497276;
0.0984574;0.49886;
0.0984774;0.500444;
0.0984974;0.502028;
0.0985174;0.503612;
0.0985374;0.505195;
0.0985574;0.506779;
0.0985774;0.508362;
0.0985974;0.509945;
0.0986174;0.511529;
0.0986374;0.513112;
0.098642;0.513476;
0.0986421;0.513484;
0.0986423;0.513499;
0.0986427;0.513531;
0.098643;0.513555;
0.0986431;0.513561;
0.0986432;0.513574;
0.0986436;0.513599;
0.0986442;0.51365;
0.0986455;0.513751;
0.098648;0.513954;
0.0986532;0.514359;
0.0986634;0.515169;
0.0986834;0.516752;
0.0987034;0.518335;
0.0987234;0.519917;
0.0987434;0.521499;
0.0987634;0.523082;
0.0987834;0.524664;
0.0988034;0.526246;
0.0988234;0.527828;
0.0988434;0.529409;
0.0988634;0.530991;
0.0988834;0.532573;
0.0989034;0.534154;
0.0989234;0.535735;
0.0989434;0.537316;
0.0989634;0.538897;
0.0989834;0.540478;
0.0990034;0.542059;
0.0990234;0.543639;
0.0990434;0.54522;
0.0990634;0.5468;
0.0990834;0.548381;
0.0991034;0.549961;
0.0991234;0.551541;
0.0991434;0.553121;
0.0991634;0.5547;
0.0991834;0.55628;
0.0992034;0.557859;
0.0992234;0.559439;
0.0992434;0.561018;
0.0992634;0.562597;
0.0992834;0.564176;
0.0993034;0.565755;
0.099309;0.566197;
0.0993091;0.566205;
0.0993093;0.566221;
0.0993097;0.566252;
0.09931;0.566276;
0.0993101;0.566282;
0.0993102;0.566295;
0.0993106;0.56632;
0.0993112;0.566371;
0.0993125;0.566472;
0.099315;0.566674;
0.0993202;0.567078;
0.0993304;0.567886;
0.0993504;0.569465;
0.0993704;0.571043;
0.0993904;0.572622;
0.0994104;0.5742;
0.0994304;0.575778;
0.0994504;0.577356;
0.0994704;0.578934;
0.0994904;0.580511;
0.0995104;0.582089;
0.0995304;0.583666;
0.0995504;0.585244;
0.0995704;0.586821;
0.0995904;0.588398;
0.0996104;0.589975;
0.0996304;0.591552;
0.0996504;0.593128;
0.0996704;0.594705;
0.0996904;0.596281;
0.0997104;0.597858;
0.0997304;0.599434;
0.0997504;0.60101;
0.0997704;0.602586;
0.0997904;0.604162;
0.0998104;0.605737;
0.0998304;0.607313;
0.0998504;0.608888;
0.0998704;0.610464;
0.0998904;0.612039;
0.0999104;0.613614;
0.0999304;0.615189;
0.0999504;0.616763;
0.0999704;0.618338;
0.099975;0.6187;
0.0999751;0.618708;
0.0999753;0.618724;
0.0999757;0.618755;
0.099976;0.618779;
0.0999761;0.618785;
0.0999762;0.618798;
0.0999766;0.618823;
0.0999772;0.618873;
0.0999785;0.618974;
0.099981;0.619176;
0.0999862;0.619579;
0.0999964;0.620385;
0.100016;0.621959;
0.100036;0.623534;
0.100056;0.625108;
0.100076;0.626682;
0.100096;0.628256;
0.100116;0.629829;
0.100136;0.631403;
0.100156;0.632976;
0.100176;0.63455;
0.100196;0.636123;
0.100216;0.637696;
0.100236;0.639269;
0.100256;0.640842;
0.100276;0.642415;
0.100296;0.643987;
0.100316;0.64556;
0.100336;0.647132;
0.100356;0.648704;
0.100376;0.650276;
0.100396;0.651848;
0.100416;0.65342;
0.100436;0.654992;
0.100456;0.656563;
0.100476;0.658135;
0.100496;0.659706;
0.100516;0.661277;
0.100536;0.662848;
0.100556;0.664419;
0.100576;0.66599;
0.100596;0.66756;
0.100616;0.669131;
0.100636;0.670701;
0.100642;0.671141;
0.100642;0.671149;
0.100642;0.671165;
0.100643;0.671196;
0.100643;0.67122;
0.100643;0.671226;
0.100643;0.671238;
0.100644;0.671264;
0.100644;0.671314;
0.100645;0.671414;
0.100648;0.671615;
0.100653;0.672017;
0.100663;0.672821;
0.100683;0.674391;
0.100703;0.675961;
0.100723;0.677531;
0.100743;0.679101;
0.100763;0.68067;
0.100783;0.68224;
0.100803;0.683809;
0.100823;0.685378;
0.100843;0.686947;
0.100863;0.688516;
0.100883;0.690085;
0.100903;0.691654;
0.100923;0.693222;
0.100943;0.694791;
0.100963;0.696359;
0.100983;0.697927;
0.101003;0.699495;
0.101023;0.701063;
0.101043;0.702631;
0.101063;0.704199;
0.101083;0.705766;
0.101103;0.707333;
0.101123;0.708901;
0.101143;0.710468;
0.101163;0.712035;
0.101183;0.713602;
0.101203;0.715168;
0.101223;0.716735;
0.101243;0.718301;
0.101263;0.719868;
0.101283;0.721434;
0.101303;0.723;
0.101308;0.72336;
0.101308;0.723368;
0.101308;0.723384;
0.101309;0.723415;
0.101309;0.723439;
0.101309;0.723445;
0.101309;0.723457;
0.10131;0.723482;
0.10131;0.723533;
0.101311;0.723633;
0.101314;0.723833;
0.101319;0.724234;
0.101329;0.725036;
0.101349;0.726602;
0.101369;0.728167;
0.101389;0.729733;
0.101409;0.731298;
0.101429;0.732863;
0.101449;0.734429;
0.101469;0.735994;
0.101489;0.737558;
0.101509;0.739123;
0.101529;0.740688;
0.101549;0.742252;
0.101569;0.743817;
0.101589;0.745381;
0.101609;0.746945;
0.101629;0.748509;
0.101649;0.750073;
0.101669;0.751636;
0.101689;0.7532;
0.101709;0.754763;
0.101729;0.756327;
0.101749;0.75789;
0.101769;0.759453;
0.101789;0.761016;
0.101809;0.762578;
0.101829;0.764141;
0.101849;0.765704;
0.101869;0.767266;
0.101889;0.768828;
0.101909;0.77039;
0.101929;0.771952;
0.101949;0.773514;
0.101969;0.775076;
0.101975;0.775513;
0.101975;0.775521;
0.101975;0.775536;
0.101976;0.775568;
0.101976;0.775591;
0.101976;0.775597;
0.101976;0.77561;
0.101977;0.775635;
0.101977;0.775685;
0.101978;0.775785;
0.101981;0.775985;
0.101986;0.776384;
0.101996;0.777184;
0.102016;0.778745;
0.102036;0.780307;
0.102056;0.781868;
0.102076;0.783429;
0.102096;0.78499;
0.102116;0.78655;
0.102136;0.788111;
0.102156;0.789671;
0.102176;0.791232;
0.102196;0.792792;
0.102216;0.794352;
0.102236;0.795912;
0.102256;0.797472;
0.102276;0.799032;
0.102296;0.800591;
0.102316;0.80215;
0.102336;0.80371;
0.102356;0.805269;
0.102376;0.806828;
0.102396;0.808387;
0.102416;0.809946;
0.102436;0.811504;
0.102456;0.813063;
0.102476;0.814621;
0.102496;0.816179;
0.102516;0.817737;
0.102536;0.819295;
0.102556;0.820853;
0.102576;0.822411;
0.102596;0.823968;
0.102616;0.825526;
0.102636;0.827083;
0.102641;0.827441;
0.102641;0.827449;
0.102641;0.827465;
0.102642;0.827496;
0.102642;0.827519;
0.102642;0.827525;
0.102642;0.827538;
0.102643;0.827563;
0.102643;0.827613;
0.102644;0.827712;
0.102647;0.827912;
0.102652;0.82831;
0.102662;0.829107;
0.102682;0.830664;
0.102702;0.832221;
0.102722;0.833778;
0.102742;0.835335;
0.102762;0.836891;
0.102782;0.838447;
0.102802;0.840003;
0.102822;0.84156;
0.102842;0.843115;
0.102862;0.844671;
0.102882;0.846227;
0.102902;0.847782;
0.102922;0.849338;
0.102942;0.850893;
0.102962;0.852448;
0.102982;0.854003;
0.103002;0.855558;
0.103022;0.857113;
0.103042;0.858667;
0.103062;0.860222;
0.103082;0.861776;
0.103102;0.86333;
0.103122;0.864884;
0.103142;0.866438;
0.103162;0.867992;
0.103182;0.869545;
0.103202;0.871099;
0.103222;0.872652;
0.103242;0.874206;
0.103262;0.875759;
0.103282;0.877312;
0.103302;0.878864;
0.103308;0.879299;
0.103308;0.879307;
0.103308;0.879322;
0.103309;0.879354;
0.103309;0.879377;
0.103309;0.879383;
0.103309;0.879395;
0.10331;0.87942;
0.10331;0.87947;
0.103311;0.879569;
0.103314;0.879768;
0.103319;0.880166;
0.103329;0.880961;
0.103349;0.882513;
0.103369;0.884065;
0.103389;0.885618;
0.103409;0.88717;
0.103429;0.888722;
0.103449;0.890274;
0.103469;0.891825;
0.103489;0.893377;
0.103509;0.894928;
0.103529;0.89648;
0.103549;0.898031;
0.103569;0.899582;
0.103589;0.901133;
0.103609;0.902683;
0.103629;0.904234;
0.103649;0.905784;
0.103669;0.907335;
0.103689;0.908885;
0.103709;0.910435;
0.103729;0.911985;
0.103749;0.913535;
0.103769;0.915084;
0.103789;0.916634;
0.103809;0.918183;
0.103829;0.919733;
0.103849;0.921282;
0.103869;0.922831;
0.103889;0.92438;
0.103909;0.925928;
0.103929;0.927477;
0.103949;0.929025;
0.103969;0.930574;
0.103974;0.93093;
0.103974;0.930937;
0.103974;0.930953;
0.103975;0.930984;
0.103975;0.931007;
0.103975;0.931013;
0.103975;0.931026;
0.103976;0.93105;
0.103976;0.9311;
0.103977;0.931199;
0.10398;0.931397;
0.103985;0.931794;
0.103995;0.932586;
0.104015;0.934134;
0.104035;0.935682;
0.104055;0.93723;
0.104075;0.938777;
0.104095;0.940325;
0.104115;0.941872;
0.104135;0.943419;
0.104155;0.944966;
0.104175;0.946513;
0.104195;0.94806;
0.104215;0.949607;
0.104235;0.951153;
0.104255;0.952699;
0.104275;0.954246;
0.104295;0.955792;
0.104315;0.957338;
0.104335;0.958883;
0.104355;0.960429;
0.104375;0.961975;
0.104395;0.96352;
0.104415;0.965065;
0.104435;0.96661;
0.104455;0.968155;
0.104475;0.9697;
0.104495;0.971245;
0.104515;0.97279;
0.104535;0.974334;
0.104555;0.975878;
0.104575;0.977422;
0.104595;0.978966;
0.104615;0.98051;
0.104635;0.982054;
0.104641;0.982486;
0.104641;0.982494;
0.104641;0.982509;
0.104642;0.98254;
0.104642;0.982563;
0.104642;0.98257;
0.104642;0.982582;
0.104643;0.982607;
0.104643;0.982656;
0.104644;0.982755;
0.104647;0.982952;
0.104652;0.983348;
0.104662;0.984138;
0.104682;0.985681;
0.104702;0.987225;
0.104722;0.988768;
0.104742;0.990311;
0.104762;0.991854;
0.104782;0.993396;
0.104802;0.994939;
0.104822;0.996481;
0.104842;0.998024;
0.104862;0.999566;
0.104882;1.00111;
0.104902;1.00265;
0.104922;1.00419;
0.104942;1.00573;
0.104962;1.00727;
0.104982;1.00882;
0.105002;1.01036;
0.105022;1.0119;
0.105042;1.01344;
0.105062;1.01498;
0.105082;1.01652;
0.105102;1.01806;
0.105122;1.0196;
0.105142;1.02114;
0.105162;1.02268;
0.105182;1.02422;
0.105202;1.02576;
0.105222;1.0273;
0.105242;1.02884;
0.105262;1.03038;
0.105282;1.03192;
0.105302;1.03346;
0.105307;1.03381;
0.105307;1.03382;
0.105307;1.03384;
0.105308;1.03387;
0.105308;1.03389;
0.105308;1.0339;
0.105308;1.03391;
0.105309;1.03393;
0.105309;1.03398;
0.10531;1.03408;
0.105313;1.03428;
0.105318;1.03467;
0.105328;1.03546;
0.105348;1.037;
0.105368;1.03854;
0.105388;1.04008;
0.105408;1.04161;
0.105428;1.04315;
0.105448;1.04469;
0.105468;1.04623;
0.105488;1.04777;
0.105508;1.0493;
0.105528;1.05084;
0.105548;1.05238;
0.105568;1.05392;
0.105588;1.05545;
0.105608;1.05699;
0.105628;1.05853;
0.105648;1.06006;
0.105668;1.0616;
0.105688;1.06314;
0.105708;1.06467;
0.105728;1.06621;
0.105748;1.06775;
0.105768;1.06928;
0.105788;1.07082;
0.105808;1.07235;
0.105828;1.07389;
0.105848;1.07542;
0.105868;1.07696;
0.105888;1.07849;
0.105908;1.08003;
0.105928;1.08156;
0.105948;1.0831;
0.105968;1.08463;
0.105974;1.08506;
0.105974;1.08507;
0.105974;1.08508;
0.105975;1.08512;
0.105975;1.08514;
0.105975;1.08514;
0.105975;1.08516;
0.105976;1.08518;
0.105976;1.08523;
0.105977;1.08533;
0.10598;1.08553;
0.105985;1.08592;
0.105995;1.0867;
0.106015;1.08824;
0.106035;1.08977;
0.106055;1.09131;
0.106075;1.09284;
0.106095;1.09437;
0.106115;1.09591;
0.106135;1.09744;
0.106155;1.09897;
0.106175;1.10051;
0.106195;1.10204;
0.106215;1.10357;
0.106235;1.1051;
0.106255;1.10664;
0.106275;1.10817;
0.106295;1.1097;
0.106315;1.11123;
0.106335;1.11276;
0.106355;1.1143;
0.106375;1.11583;
0.106395;1.11736;
0.106415;1.11889;
0.106435;1.12042;
0.106455;1.12195;
0.106475;1.12348;
0.106495;1.12502;
0.106515;1.12655;
0.106535;1.12808;
0.106555;1.12961;
0.106575;1.13114;
0.106595;1.13267;
0.106615;1.1342;
0.106635;1.13573;
0.10664;1.13608;
0.10664;1.13609;
0.10664;1.1361;
0.106641;1.13613;
0.106641;1.13615;
0.106641;1.13616;
0.106641;1.13617;
0.106642;1.1362;
0.106642;1.13625;
0.106643;1.13634;
0.106646;1.13654;
0.106651;1.13693;
0.106661;1.13772;
0.106681;1.13924;
0.106701;1.14077;
0.106721;1.1423;
0.106741;1.14383;
0.106761;1.14536;
0.106781;1.14689;
0.106801;1.14842;
0.106821;1.14995;
0.106841;1.15148;
0.106861;1.153;
0.106881;1.15453;
0.106901;1.15606;
0.106921;1.15759;
0.106941;1.15911;
0.106961;1.16064;
0.106981;1.16217;
0.107001;1.1637;
0.107021;1.16522;
0.107041;1.16675;
0.107061;1.16828;
0.107081;1.1698;
0.107101;1.17133;
0.107121;1.17286;
0.107141;1.17438;
0.107161;1.17591;
0.107181;1.17743;
0.107201;1.17896;
0.107221;1.18049;
0.107241;1.18201;
0.107261;1.18354;
0.107281;1.18506;
0.107301;1.18659;
0.107307;1.18701;
0.107307;1.18702;
0.107307;1.18704;
0.107308;1.18707;
0.107308;1.18709;
0.107308;1.1871;
0.107308;1.18711;
0.107309;1.18713;
0.107309;1.18718;
0.10731;1.18728;
0.107313;1.18747;
0.107318;1.18786;
0.107328;1.18865;
0.107348;1.19017;
0.107368;1.19169;
0.107388;1.19322;
0.107408;1.19474;
0.107428;1.19627;
0.107448;1.19779;
0.107468;1.19932;
0.107488;1.20084;
0.107508;1.20236;
0.107528;1.20389;
0.107548;1.20541;
0.107568;1.20693;
0.107588;1.20846;
0.107608;1.20998;
0.107628;1.2115;
0.107648;1.21302;
0.107668;1.21455;
0.107688;1.21607;
0.107708;1.21759;
0.107728;1.21911;
0.107748;1.22063;
0.107768;1.22216;
0.107788;1.22368;
0.107808;1.2252;
0.107828;1.22672;
0.107848;1.22824;
0.107868;1.22976;
0.107888;1.23128;
0.107908;1.2328;
0.107928;1.23432;
0.107948;1.23585;
0.107968;1.23737;
0.107973;1.23772;
0.107973;1.23772;
0.107973;1.23774;
0.107974;1.23777;
0.107974;1.23779;
0.107974;1.2378;
0.107974;1.23781;
0.107975;1.23783;
0.107975;1.23788;
0.107976;1.23798;
0.107979;1.23817;
0.107984;1.23856;
0.107994;1.23934;
0.108014;1.24086;
0.108034;1.24238;
0.108054;1.2439;
0.108074;1.24542;
0.108094;1.24694;
0.108114;1.24846;
0.108134;1.24998;
0.108154;1.2515;
0.108174;1.25302;
0.108194;1.25453;
0.108214;1.25605;
0.108234;1.25757;
0.108254;1.25909;
0.108274;1.26061;
0.108294;1.26213;
0.108314;1.26364;
0.108334;1.26516;
0.108354;1.26668;
0.108374;1.2682;
0.108394;1.26971;
0.108414;1.27123;
0.108434;1.27275;
0.108454;1.27426;
0.108474;1.27578;
0.108494;1.2773;
0.108514;1.27881;
0.108534;1.28033;
0.108554;1.28185;
0.108574;1.28336;
0.108594;1.28488;
0.108614;1.28639;
0.108634;1.28791;
0.10864;1.28833;
0.10864;1.28834;
0.10864;1.28835;
0.108641;1.28839;
0.108641;1.28841;
0.108641;1.28841;
0.108641;1.28843;
0.108642;1.28845;
0.108642;1.2885;
0.108643;1.2886;
0.108646;1.28879;
0.108651;1.28918;
0.108661;1.28995;
0.108681;1.29147;
0.108701;1.29298;
0.108721;1.2945;
0.108741;1.29601;
0.108761;1.29753;
0.108781;1.29904;
0.108801;1.30056;
0.108821;1.30207;
0.108841;1.30358;
0.108861;1.3051;
0.108881;1.30661;
0.108901;1.30813;
0.108921;1.30964;
0.108941;1.31115;
0.108961;1.31266;
0.108981;1.31418;
0.109001;1.31569;
0.109021;1.3172;
0.109041;1.31872;
0.109061;1.32023;
0.109081;1.32174;
0.109101;1.32325;
0.109121;1.32476;
0.109141;1.32628;
0.109161;1.32779;
0.109181;1.3293;
0.109201;1.33081;
0.109221;1.33232;
0.109241;1.33383;
0.109261;1.33534;
0.109281;1.33685;
0.109301;1.33836;
0.109306;1.33871;
0.109306;1.33872;
0.109306;1.33873;
0.109307;1.33876;
0.109307;1.33879;
0.109307;1.33879;
0.109307;1.33881;
0.109308;1.33883;
0.109308;1.33888;
0.109309;1.33897;
0.109312;1.33917;
0.109317;1.33955;
0.109327;1.34033;
0.109347;1.34184;
0.109367;1.34335;
0.109387;1.34486;
0.109407;1.34637;
0.109427;1.34788;
0.109447;1.34939;
0.109467;1.3509;
0.109487;1.35241;
0.109507;1.35392;
0.109527;1.35542;
0.109547;1.35693;
0.109567;1.35844;
0.109587;1.35995;
0.109607;1.36146;
0.109627;1.36297;
0.109647;1.36447;
0.109667;1.36598;
0.109687;1.36749;
0.109707;1.369;
0.109727;1.37051;
0.109747;1.37201;
0.109767;1.37352;
0.109787;1.37503;
0.109807;1.37653;
0.109827;1.37804;
0.109847;1.37955;
0.109867;1.38105;
0.109887;1.38256;
0.109907;1.38407;
0.109927;1.38557;
0.109947;1.38708;
0.109967;1.38858;
0.109973;1.38901;
0.109973;1.38901;
0.109973;1.38903;
0.109974;1.38906;
0.109974;1.38908;
0.109974;1.38909;
0.109974;1.3891;
0.109975;1.38912;
0.109975;1.38917;
0.109976;1.38927;
0.109979;1.38946;
0.109984;1.38985;
0.109994;1.39062;
0.110014;1.39212;
0.110034;1.39363;
0.110054;1.39513;
0.110074;1.39664;
0.110094;1.39814;
0.110114;1.39965;
0.110134;1.40115;
0.110154;1.40265;
0.110174;1.40416;
0.110194;1.40566;
0.110214;1.40717;
0.110234;1.40867;
0.110254;1.41017;
0.110274;1.41168;
0.110294;1.41318;
0.110314;1.41468;
0.110334;1.41619;
0.110354;1.41769;
0.110374;1.41919;
0.110394;1.4207;
0.110414;1.4222;
0.110434;1.4237;
0.110454;1.4252;
0.110474;1.4267;
0.110494;1.42821;
0.110514;1.42971;
0.110534;1.43121;
0.110554;1.43271;
0.110574;1.43421;
0.110594;1.43571;
0.110614;1.43721;
0.110634;1.43871;
0.110639;1.43906;
0.110639;1.43907;
0.110639;1.43908;
0.11064;1.43911;
0.11064;1.43913;
0.11064;1.43914;
0.11064;1.43915;
0.110641;1.43918;
0.110641;1.43922;
0.110642;1.43932;
0.110645;1.43951;
0.11065;1.4399;
0.11066;1.44066;
0.11068;1.44217;
0.1107;1.44367;
0.11072;1.44517;
0.11074;1.44667;
0.11076;1.44817;
0.11078;1.44967;
0.1108;1.45116;
0.11082;1.45266;
0.11084;1.45416;
0.11086;1.45566;
0.11088;1.45716;
0.1109;1.45866;
0.11092;1.46016;
0.11094;1.46166;
0.11096;1.46316;
0.11098;1.46465;
0.111;1.46615;
0.11102;1.46765;
0.11104;1.46915;
0.11106;1.47065;
0.11108;1.47214;
0.1111;1.47364;
0.11112;1.47514;
0.11114;1.47663;
0.11116;1.47813;
0.11118;1.47963;
0.1112;1.48112;
0.11122;1.48262;
0.11124;1.48412;
0.11126;1.48561;
0.11128;1.48711;
0.1113;1.4886;
0.111306;1.48902;
0.111306;1.48903;
0.111306;1.48905;
0.111307;1.48908;
0.111307;1.4891;
0.111307;1.4891;
0.111307;1.48912;
0.111308;1.48914;
0.111308;1.48919;
0.111309;1.48928;
0.111312;1.48948;
0.111317;1.48986;
0.111327;1.49062;
0.111347;1.49212;
0.111367;1.49361;
0.111387;1.49511;
0.111407;1.4966;
0.111427;1.4981;
0.111447;1.49959;
0.111467;1.50109;
0.111487;1.50258;
0.111507;1.50408;
0.111527;1.50557;
0.111547;1.50707;
0.111567;1.50856;
0.111587;1.51005;
0.111607;1.51155;
0.111627;1.51304;
0.111647;1.51453;
0.111667;1.51603;
0.111687;1.51752;
0.111707;1.51901;
0.111727;1.5205;
0.111747;1.522;
0.111767;1.52349;
0.111787;1.52498;
0.111807;1.52647;
0.111827;1.52797;
0.111847;1.52946;
0.111867;1.53095;
0.111887;1.53244;
0.111907;1.53393;
0.111927;1.53542;
0.111947;1.53691;
0.111967;1.5384;
0.111972;1.53875;
0.111972;1.53875;
0.111972;1.53877;
0.111973;1.5388;
0.111973;1.53882;
0.111973;1.53883;
0.111973;1.53884;
0.111974;1.53886;
0.111974;1.53891;
0.111975;1.53901;
0.111978;1.5392;
0.111983;1.53958;
0.111993;1.54034;
0.112013;1.54183;
0.112033;1.54332;
0.112053;1.54481;
0.112073;1.5463;
0.112093;1.54779;
0.112113;1.54928;
0.112133;1.55077;
0.112153;1.55226;
0.112173;1.55375;
0.112193;1.55524;
0.112213;1.55673;
0.112233;1.55822;
0.112253;1.55971;
0.112273;1.5612;
0.112293;1.56268;
0.112313;1.56417;
0.112333;1.56566;
0.112353;1.56715;
0.112373;1.56864;
0.112393;1.57012;
0.112413;1.57161;
0.112433;1.5731;
0.112453;1.57458;
0.112473;1.57607;
0.112493;1.57756;
0.112513;1.57905;
0.112533;1.58053;
0.112553;1.58202;
0.112573;1.5835;
0.112593;1.58499;
0.112613;1.58648;
0.112633;1.58796;
0.112639;1.58838;
0.112639;1.58839;
0.112639;1.5884;
0.11264;1.58843;
0.11264;1.58845;
0.11264;1.58846;
0.11264;1.58847;
0.112641;1.58849;
0.112641;1.58854;
0.112642;1.58864;
0.112645;1.58883;
0.11265;1.58921;
0.11266;1.58997;
0.11268;1.59145;
0.1127;1.59294;
0.11272;1.59442;
0.11274;1.59591;
0.11276;1.59739;
0.11278;1.59888;
0.1128;1.60036;
0.11282;1.60185;
0.11284;1.60333;
0.11286;1.60482;
0.11288;1.6063;
0.1129;1.60778;
0.11292;1.60927;
0.11294;1.61075;
0.11296;1.61223;
0.11298;1.61372;
0.113;1.6152;
0.11302;1.61668;
0.11304;1.61817;
0.11306;1.61965;
0.11308;1.62113;
0.1131;1.62261;
0.11312;1.62409;
0.11314;1.62558;
0.11316;1.62706;
0.11318;1.62854;
0.1132;1.63002;
0.11322;1.6315;
0.11324;1.63298;
0.11326;1.63446;
0.11328;1.63595;
0.1133;1.63743;
0.113305;1.63777;
0.113305;1.63777;
0.113305;1.63779;
0.113306;1.63782;
0.113306;1.63784;
0.113306;1.63785;
0.113306;1.63786;
0.113307;1.63788;
0.113307;1.63793;
0.113308;1.63802;
0.113311;1.63821;
0.113316;1.63859;
0.113326;1.63935;
0.113346;1.64083;
0.113366;1.64231;
0.113386;1.64379;
0.113406;1.64527;
0.113426;1.64675;
0.113446;1.64823;
0.113466;1.64971;
0.113486;1.65119;
0.113506;1.65267;
0.113526;1.65415;
0.113546;1.65563;
0.113566;1.65711;
0.113586;1.65858;
0.113606;1.66006;
0.113626;1.66154;
0.113646;1.66302;
0.113666;1.6645;
0.113686;1.66597;
0.113706;1.66745;
0.113726;1.66893;
0.113746;1.67041;
0.113766;1.67188;
0.113786;1.67336;
0.113806;1.67484;
0.113826;1.67631;
0.113846;1.67779;
0.113866;1.67927;
0.113886;1.68074;
0.113906;1.68222;
0.113926;1.6837;
0.113946;1.68517;
0.113966;1.68665;
0.113972;1.68706;
0.113972;1.68707;
0.113972;1.68708;
0.113973;1.68711;
0.113973;1.68713;
0.113973;1.68714;
0.113973;1.68715;
0.113974;1.68718;
0.113974;1.68722;
0.113975;1.68732;
0.113978;1.68751;
0.113983;1.68788;
0.113993;1.68864;
0.114013;1.69011;
0.114033;1.69159;
0.114053;1.69306;
0.114073;1.69454;
0.114093;1.69601;
0.114113;1.69749;
0.114133;1.69896;
0.114153;1.70044;
0.114173;1.70191;
0.114193;1.70339;
0.114213;1.70486;
0.114233;1.70633;
0.114253;1.70781;
0.114273;1.70928;
0.114293;1.71075;
0.114313;1.71223;
0.114333;1.7137;
0.114353;1.71517;
0.114373;1.71664;
0.114393;1.71812;
0.114413;1.71959;
0.114433;1.72106;
0.114453;1.72253;
0.114473;1.724;
0.114493;1.72548;
0.114513;1.72695;
0.114533;1.72842;
0.114553;1.72989;
0.114573;1.73136;
0.114593;1.73283;
0.114613;1.7343;
0.114633;1.73577;
0.114638;1.73611;
0.114638;1.73612;
0.114638;1.73613;
0.114639;1.73616;
0.114639;1.73618;
0.114639;1.73619;
0.114639;1.7362;
0.11464;1.73623;
0.11464;1.73627;
0.114641;1.73637;
0.114644;1.73655;
0.114649;1.73693;
0.114659;1.73768;
0.114679;1.73915;
0.114699;1.74062;
0.114719;1.74209;
0.114739;1.74356;
0.114759;1.74503;
0.114779;1.7465;
0.114799;1.74797;
0.114819;1.74944;
0.114839;1.75091;
0.114859;1.75238;
0.114879;1.75385;
0.114899;1.75532;
0.114919;1.75678;
0.114939;1.75825;
0.114959;1.75972;
0.114979;1.76119;
0.114999;1.76266;
0.115019;1.76412;
0.115039;1.76559;
0.115059;1.76706;
0.115079;1.76852;
0.115099;1.76999;
0.115119;1.77146;
0.115139;1.77293;
0.115159;1.77439;
0.115179;1.77586;
0.115199;1.77732;
0.115219;1.77879;
0.115239;1.78026;
0.115259;1.78172;
0.115279;1.78319;
0.115299;1.78465;
0.115305;1.78506;
0.115305;1.78507;
0.115305;1.78508;
0.115306;1.78511;
0.115306;1.78514;
0.115306;1.78514;
0.115306;1.78515;
0.115307;1.78518;
0.115307;1.78522;
0.115308;1.78532;
0.115311;1.78551;
0.115316;1.78588;
0.115326;1.78663;
0.115346;1.7881;
0.115366;1.78956;
0.115386;1.79103;
0.115406;1.79249;
0.115426;1.79395;
0.115446;1.79542;
0.115466;1.79688;
0.115486;1.79835;
0.115506;1.79981;
0.115526;1.80127;
0.115546;1.80274;
0.115566;1.8042;
0.115586;1.80566;
0.115606;1.80713;
0.115626;1.80859;
0.115646;1.81005;
0.115666;1.81151;
0.115686;1.81298;
0.115706;1.81444;
0.115726;1.8159;
0.115746;1.81736;
0.115766;1.81882;
0.115786;1.82029;
0.115806;1.82175;
0.115826;1.82321;
0.115846;1.82467;
0.115866;1.82613;
0.115886;1.82759;
0.115906;1.82905;
0.115926;1.83051;
0.115946;1.83197;
0.115966;1.83343;
0.115971;1.83377;
0.115971;1.83378;
0.115971;1.83379;
0.115972;1.83382;
0.115972;1.83384;
0.115972;1.83385;
0.115972;1.83386;
0.115973;1.83388;
0.115973;1.83393;
0.115974;1.83402;
0.115977;1.83421;
0.115982;1.83458;
0.115992;1.83533;
0.116012;1.83679;
0.116032;1.83825;
0.116052;1.83971;
0.116072;1.84117;
0.116092;1.84263;
0.116112;1.84409;
0.116132;1.84555;
0.116152;1.84701;
0.116172;1.84846;
0.116192;1.84992;
0.116212;1.85138;
0.116232;1.85284;
0.116252;1.8543;
0.116272;1.85576;
0.116292;1.85721;
0.116312;1.85867;
0.116332;1.86013;
0.116352;1.86159;
0.116372;1.86304;
0.116392;1.8645;
0.116412;1.86596;
0.116432;1.86741;
0.116452;1.86887;
0.116472;1.87033;
0.116492;1.87178;
0.116512;1.87324;
0.116532;1.87469;
0.116552;1.87615;
0.116572;1.8776;
0.116592;1.87906;
0.116612;1.88051;
0.116632;1.88197;
0.116638;1.88238;
0.116638;1.88238;
0.116638;1.8824;
0.116639;1.88243;
0.116639;1.88245;
0.116639;1.88246;
0.116639;1.88247;
0.11664;1.88249;
0.11664;1.88254;
0.116641;1.88263;
0.116644;1.88282;
0.116649;1.88319;
0.116659;1.88393;
0.116679;1.88539;
0.116699;1.88684;
0.116719;1.8883;
0.116739;1.88975;
0.116759;1.89121;
0.116779;1.89266;
0.116799;1.89411;
0.116819;1.89557;
0.116839;1.89702;
0.116859;1.89847;
0.116879;1.89993;
0.116899;1.90138;
0.116919;1.90283;
0.116939;1.90428;
0.116959;1.90574;
0.116979;1.90719;
0.116999;1.90864;
0.117019;1.91009;
0.117039;1.91154;
0.117059;1.913;
0.117079;1.91445;
0.117099;1.9159;
0.117119;1.91735;
0.117139;1.9188;
0.117159;1.92025;
0.117179;1.9217;
0.117199;1.92315;
0.117219;1.9246;
0.117239;1.92605;
0.117259;1.9275;
0.117279;1.92895;
0.117299;1.9304;
0.117304;1.93074;
0.117304;1.93074;
0.117304;1.93076;
0.117305;1.93079;
0.117305;1.93081;
0.117305;1.93082;
0.117305;1.93083;
0.117306;1.93085;
0.117306;1.9309;
0.117307;1.93099;
0.11731;1.93118;
0.117315;1.93155;
0.117325;1.93229;
0.117345;1.93374;
0.117365;1.93519;
0.117385;1.93664;
0.117405;1.93809;
0.117425;1.93953;
0.117445;1.94098;
0.117465;1.94243;
0.117485;1.94388;
0.117505;1.94533;
0.117525;1.94678;
0.117545;1.94822;
0.117565;1.94967;
0.117585;1.95112;
0.117605;1.95257;
0.117625;1.95401;
0.117645;1.95546;
0.117665;1.95691;
0.117685;1.95835;
0.117705;1.9598;
0.117725;1.96125;
0.117745;1.96269;
0.117765;1.96414;
0.117785;1.96559;
0.117805;1.96703;
0.117825;1.96848;
0.117845;1.96992;
0.117865;1.97137;
0.117885;1.97281;
0.117905;1.97426;
0.117925;1.9757;
0.117945;1.97715;
0.117965;1.97859;
0.117971;1.979;
0.117971;1.979;
0.117971;1.97902;
0.117972;1.97905;
0.117972;1.97907;
0.117972;1.97907;
0.117972;1.97909;
0.117973;1.97911;
0.117973;1.97916;
0.117974;1.97925;
0.117977;1.97943;
0.117982;1.9798;
0.117992;1.98054;
0.118012;1.98199;
0.118032;1.98343;
0.118052;1.98487;
0.118072;1.98632;
0.118092;1.98776;
0.118112;1.9892;
0.118132;1.99065;
0.118152;1.99209;
0.118172;1.99353;
0.118192;1.99498;
0.118212;1.99642;
0.118232;1.99786;
0.118252;1.9993;
0.118272;2.00075;
0.118292;2.00219;
0.118312;2.00363;
0.118332;2.00507;
0.118352;2.00651;
0.118372;2.00795;
0.118392;2.00939;
0.118412;2.01084;
0.118432;2.01228;
0.118452;2.01372;
0.118472;2.01516;
0.118492;2.0166;
0.118512;2.01804;
0.118532;2.01948;
0.118552;2.02092;
0.118572;2.02236;
0.118592;2.0238;
0.118612;2.02524;
0.118632;2.02668;
0.118637;2.02701;
0.118637;2.02701;
0.118637;2.02703;
0.118638;2.02706;
0.118638;2.02708;
0.118638;2.02709;
0.118638;2.0271;
0.118639;2.02712;
0.118639;2.02717;
0.11864;2.02726;
0.118643;2.02744;
0.118648;2.02781;
0.118658;2.02855;
0.118678;2.02999;
0.118698;2.03142;
0.118718;2.03286;
0.118738;2.0343;
0.118758;2.03574;
0.118778;2.03718;
0.118798;2.03862;
0.118818;2.04005;
0.118838;2.04149;
0.118858;2.04293;
0.118878;2.04437;
0.118898;2.0458;
0.118918;2.04724;
0.118938;2.04868;
0.118958;2.05011;
0.118978;2.05155;
0.118998;2.05299;
0.119018;2.05442;
0.119038;2.05586;
0.119058;2.05729;
0.119078;2.05873;
0.119098;2.06017;
0.119118;2.0616;
0.119138;2.06304;
0.119158;2.06447;
0.119178;2.06591;
0.119198;2.06734;
0.119218;2.06878;
0.119238;2.07021;
0.119258;2.07164;
0.119278;2.07308;
0.119298;2.07451;
0.119304;2.07491;
0.119304;2.07492;
0.119304;2.07494;
0.119305;2.07496;
0.119305;2.07499;
0.119305;2.07499;
0.119305;2.075;
0.119306;2.07503;
0.119306;2.07507;
0.119307;2.07516;
0.11931;2.07535;
0.119315;2.07571;
0.119325;2.07645;
0.119345;2.07788;
0.119365;2.07932;
0.119385;2.08075;
0.119405;2.08218;
0.119425;2.08362;
0.119445;2.08505;
0.119465;2.08648;
0.119485;2.08791;
0.119505;2.08935;
0.119525;2.09078;
0.119545;2.09221;
0.119565;2.09364;
0.119585;2.09507;
0.119605;2.0965;
0.119625;2.09794;
0.119645;2.09937;
0.119665;2.1008;
0.119685;2.10223;
0.119705;2.10366;
0.119725;2.10509;
0.119745;2.10652;
0.119765;2.10795;
0.119785;2.10938;
0.119805;2.11081;
0.119825;2.11224;
0.119845;2.11367;
0.119865;2.1151;
0.119885;2.11653;
0.119905;2.11796;
0.119925;2.11939;
0.119945;2.12082;
0.119965;2.12224;
0.11997;2.12257;
0.11997;2.12258;
0.11997;2.12259;
0.119971;2.12262;
0.119971;2.12264;
0.119971;2.12265;
0.119971;2.12266;
0.119972;2.12268;
0.119972;2.12273;
0.119973;2.12282;
0.119976;2.123;
0.119981;2.12337;
0.119991;2.1241;
0.120011;2.12553;
0.120031;2.12696;
0.120051;2.12839;
0.120071;2.12981;
0.120091;2.13124;
0.120111;2.13267;
0.120131;2.1341;
0.120151;2.13552;
0.120171;2.13695;
0.120191;2.13838;
0.120211;2.1398;
0.120231;2.14123;
0.120251;2.14266;
0.120271;2.14408;
0.120291;2.14551;
0.120311;2.14693;
0.120331;2.14836;
0.120351;2.14979;
0.120371;2.15121;
0.120391;2.15264;
0.120411;2.15406;
0.120431;2.15549;
0.120451;2.15691;
0.120471;2.15834;
0.120491;2.15976;
0.120511;2.16118;
0.120531;2.16261;
0.120551;2.16403;
0.120571;2.16546;
0.120591;2.16688;
0.120611;2.1683;
0.120631;2.16973;
0.120637;2.17013;
0.120637;2.17013;
0.120637;2.17015;
0.120638;2.17018;
0.120638;2.1702;
0.120638;2.1702;
0.120638;2.17021;
0.120639;2.17024;
0.120639;2.17028;
0.12064;2.17037;
0.120643;2.17056;
0.120648;2.17092;
0.120658;2.17165;
0.120678;2.17307;
0.120698;2.17449;
0.120718;2.17592;
0.120738;2.17734;
0.120758;2.17876;
0.120778;2.18018;
0.120798;2.18161;
0.120818;2.18303;
0.120838;2.18445;
0.120858;2.18587;
0.120878;2.18729;
0.120898;2.18871;
0.120918;2.19013;
0.120938;2.19155;
0.120958;2.19298;
0.120978;2.1944;
0.120998;2.19582;
0.121018;2.19724;
0.121038;2.19866;
0.121058;2.20008;
0.121078;2.2015;
0.121098;2.20292;
0.121118;2.20434;
0.121138;2.20575;
0.121158;2.20717;
0.121178;2.20859;
0.121198;2.21001;
0.121218;2.21143;
0.121238;2.21285;
0.121258;2.21427;
0.121278;2.21568;
0.121298;2.2171;
0.121303;2.21743;
0.121303;2.21744;
0.121303;2.21745;
0.121304;2.21748;
0.121304;2.2175;
0.121304;2.21751;
0.121304;2.21752;
0.121305;2.21754;
0.121305;2.21758;
0.121306;2.21768;
0.121309;2.21786;
0.121314;2.21822;
0.121324;2.21895;
0.121344;2.22036;
0.121364;2.22178;
0.121384;2.2232;
0.121404;2.22462;
0.121424;2.22603;
0.121444;2.22745;
0.121464;2.22887;
0.121484;2.23028;
0.121504;2.2317;
0.121524;2.23311;
0.121544;2.23453;
0.121564;2.23595;
0.121584;2.23736;
0.121604;2.23878;
0.121624;2.24019;
0.121644;2.24161;
0.121664;2.24302;
0.121684;2.24444;
0.121704;2.24585;
0.121724;2.24727;
0.121744;2.24868;
0.121764;2.2501;
0.121784;2.25151;
0.121804;2.25292;
0.121824;2.25434;
0.121844;2.25575;
0.121864;2.25716;
0.121884;2.25858;
0.121904;2.25999;
0.121924;2.2614;
0.121944;2.26282;
0.121964;2.26423;
0.12197;2.26462;
0.12197;2.26463;
0.12197;2.26465;
0.121971;2.26467;
0.121971;2.26469;
0.121971;2.2647;
0.121971;2.26471;
0.121972;2.26473;
0.121972;2.26478;
0.121973;2.26487;
0.121976;2.26505;
0.121981;2.26541;
0.121991;2.26614;
0.122011;2.26755;
0.122031;2.26896;
0.122051;2.27037;
0.122071;2.27178;
0.122091;2.27319;
0.122111;2.27461;
0.122131;2.27602;
0.122151;2.27743;
0.122171;2.27884;
0.122191;2.28025;
0.122211;2.28166;
0.122231;2.28307;
0.122251;2.28448;
0.122271;2.28589;
0.122291;2.2873;
0.122311;2.28871;
0.122331;2.29012;
0.122351;2.29153;
0.122371;2.29294;
0.122391;2.29435;
0.122411;2.29576;
0.122431;2.29717;
0.122451;2.29858;
0.122471;2.29998;
0.122491;2.30139;
0.122511;2.3028;
0.122531;2.30421;
0.122551;2.30562;
0.122571;2.30702;
0.122591;2.30843;
0.122611;2.30984;
0.122631;2.31125;
0.122636;2.31157;
0.122636;2.31158;
0.122636;2.31159;
0.122637;2.31162;
0.122637;2.31164;
0.122637;2.31165;
0.122637;2.31166;
0.122638;2.31168;
0.122638;2.31172;
0.122639;2.31181;
0.122642;2.31199;
0.122647;2.31235;
0.122657;2.31307;
0.122677;2.31448;
0.122697;2.31589;
0.122717;2.31729;
0.122737;2.3187;
0.122757;2.32011;
0.122777;2.32151;
0.122797;2.32292;
0.122817;2.32432;
0.122837;2.32573;
0.122857;2.32714;
0.122877;2.32854;
0.122897;2.32995;
0.122917;2.33135;
0.122937;2.33276;
0.122957;2.33416;
0.122977;2.33556;
0.122997;2.33697;
0.123017;2.33837;
0.123037;2.33978;
0.123057;2.34118;
0.123077;2.34258;
0.123097;2.34399;
0.123117;2.34539;
0.123137;2.34679;
0.123157;2.3482;
0.123177;2.3496;
0.123197;2.351;
0.123217;2.3524;
0.123237;2.35381;
0.123257;2.35521;
0.123277;2.35661;
0.123297;2.35801;
0.123303;2.3584;
0.123303;2.35841;
0.123303;2.35843;
0.123304;2.35845;
0.123304;2.35848;
0.123304;2.35848;
0.123304;2.35849;
0.123305;2.35851;
0.123305;2.35856;
0.123306;2.35865;
0.123309;2.35883;
0.123314;2.35919;
0.123324;2.3599;
0.123344;2.36131;
0.123364;2.36271;
0.123384;2.36411;
0.123404;2.36551;
0.123424;2.36691;
0.123444;2.36831;
0.123464;2.36971;
0.123484;2.37111;
0.123504;2.37251;
0.123524;2.37391;
0.123544;2.37531;
0.123564;2.37671;
0.123584;2.37811;
0.123604;2.37951;
0.123624;2.38091;
0.123644;2.38231;
0.123664;2.38371;
0.123684;2.38511;
0.123704;2.3865;
0.123724;2.3879;
0.123744;2.3893;
0.123764;2.3907;
0.123784;2.3921;
0.123804;2.39349;
0.123824;2.39489;
0.123844;2.39629;
0.123864;2.39769;
0.123884;2.39908;
0.123904;2.40048;
0.123924;2.40188;
0.123944;2.40327;
0.123964;2.40467;
0.123969;2.40499;
0.123969;2.405;
0.123969;2.40501;
0.12397;2.40504;
0.12397;2.40506;
0.12397;2.40507;
0.12397;2.40508;
0.123971;2.4051;
0.123971;2.40514;
0.123972;2.40523;
0.123975;2.40541;
0.12398;2.40577;
0.12399;2.40648;
0.12401;2.40788;
0.12403;2.40928;
0.12405;2.41067;
0.12407;2.41207;
0.12409;2.41346;
0.12411;2.41486;
0.12413;2.41625;
0.12415;2.41765;
0.12417;2.41904;
0.12419;2.42044;
0.12421;2.42183;
0.12423;2.42322;
0.12425;2.42462;
0.12427;2.42601;
0.12429;2.42741;
0.12431;2.4288;
0.12433;2.43019;
0.12435;2.43159;
0.12437;2.43298;
0.12439;2.43437;
0.12441;2.43577;
0.12443;2.43716;
0.12445;2.43855;
0.12447;2.43994;
0.12449;2.44133;
0.12451;2.44273;
0.12453;2.44412;
0.12455;2.44551;
0.12457;2.4469;
0.12459;2.44829;
0.12461;2.44968;
0.12463;2.45107;
0.124636;2.45146;
0.124636;2.45147;
0.124636;2.45148;
0.124637;2.45151;
0.124637;2.45153;
0.124637;2.45154;
0.124637;2.45155;
0.124638;2.45157;
0.124638;2.45162;
0.124639;2.45171;
0.124642;2.45188;
0.124647;2.45224;
0.124657;2.45295;
0.124677;2.45434;
0.124697;2.45573;
0.124717;2.45712;
0.124737;2.45851;
0.124757;2.4599;
0.124777;2.46129;
0.124797;2.46268;
0.124817;2.46407;
0.124837;2.46546;
0.124857;2.46685;
0.124877;2.46824;
0.124897;2.46963;
0.124917;2.47102;
0.124937;2.4724;
0.124957;2.47379;
0.124977;2.47518;
0.124997;2.47657;
0.125017;2.47796;
0.125037;2.47934;
0.125057;2.48073;
0.125077;2.48212;
0.125097;2.48351;
0.125117;2.48489;
0.125137;2.48628;
0.125157;2.48767;
0.125177;2.48905;
0.125197;2.49044;
0.125217;2.49182;
0.125237;2.49321;
0.125257;2.4946;
0.125277;2.49598;
0.125297;2.49737;
0.125302;2.49769;
0.125302;2.49769;
0.125302;2.49771;
0.125303;2.49773;
0.125303;2.49776;
0.125303;2.49776;
0.125303;2.49777;
0.125304;2.49779;
0.125304;2.49784;
0.125305;2.49793;
0.125308;2.4981;
0.125313;2.49846;
0.125323;2.49917;
0.125343;2.50055;
0.125363;2.50194;
0.125383;2.50332;
0.125403;2.50471;
0.125423;2.50609;
0.125443;2.50748;
0.125463;2.50886;
0.125483;2.51024;
0.125503;2.51163;
0.125523;2.51301;
0.125543;2.5144;
0.125563;2.51578;
0.125583;2.51716;
0.125603;2.51854;
0.125623;2.51993;
0.125643;2.52131;
0.125663;2.52269;
0.125683;2.52408;
0.125703;2.52546;
0.125723;2.52684;
0.125743;2.52822;
0.125763;2.5296;
0.125783;2.53098;
0.125803;2.53237;
0.125823;2.53375;
0.125843;2.53513;
0.125863;2.53651;
0.125883;2.53789;
0.125903;2.53927;
0.125923;2.54065;
0.125943;2.54203;
0.125963;2.54341;
0.125969;2.5438;
0.125969;2.5438;
0.125969;2.54382;
0.12597;2.54384;
0.12597;2.54387;
0.12597;2.54387;
0.12597;2.54388;
0.125971;2.5439;
0.125971;2.54395;
0.125972;2.54404;
0.125975;2.54421;
0.12598;2.54457;
0.12599;2.54527;
0.12601;2.54665;
0.12603;2.54803;
0.12605;2.54941;
0.12607;2.55079;
0.12609;2.55217;
0.12611;2.55355;
0.12613;2.55493;
0.12615;2.55631;
0.12617;2.55768;
0.12619;2.55906;
0.12621;2.56044;
0.12623;2.56182;
0.12625;2.56319;
0.12627;2.56457;
0.12629;2.56595;
0.12631;2.56733;
0.12633;2.5687;
0.12635;2.57008;
0.12637;2.57146;
0.12639;2.57283;
0.12641;2.57421;
0.12643;2.57559;
0.12645;2.57696;
0.12647;2.57834;
0.12649;2.57971;
0.12651;2.58109;
0.12653;2.58246;
0.12655;2.58384;
0.12657;2.58521;
0.12659;2.58659;
0.12661;2.58796;
0.12663;2.58934;
0.126635;2.58965;
0.126635;2.58966;
0.126635;2.58968;
0.126636;2.5897;
0.126636;2.58972;
0.126636;2.58973;
0.126636;2.58974;
0.126637;2.58976;
0.126637;2.58981;
0.126638;2.58989;
0.126641;2.59007;
0.126646;2.59042;
0.126656;2.59113;
0.126676;2.5925;
0.126696;2.59387;
0.126716;2.59525;
0.126736;2.59662;
0.126756;2.59799;
0.126776;2.59937;
0.126796;2.60074;
0.126816;2.60211;
0.126836;2.60349;
0.126856;2.60486;
0.126876;2.60623;
0.126896;2.6076;
0.126916;2.60898;
0.126936;2.61035;
0.126956;2.61172;
0.126976;2.61309;
0.126996;2.61446;
0.127016;2.61583;
0.127036;2.61721;
0.127056;2.61858;
0.127076;2.61995;
0.127096;2.62132;
0.127116;2.62269;
0.127136;2.62406;
0.127156;2.62543;
0.127176;2.6268;
0.127196;2.62817;
0.127216;2.62954;
0.127236;2.63091;
0.127256;2.63228;
0.127276;2.63365;
0.127296;2.63502;
0.127302;2.6354;
0.127302;2.63541;
0.127302;2.63542;
0.127303;2.63545;
0.127303;2.63547;
0.127303;2.63547;
0.127303;2.63548;
0.127304;2.63551;
0.127304;2.63555;
0.127305;2.63564;
0.127308;2.63581;
0.127313;2.63616;
0.127323;2.63686;
0.127343;2.63823;
0.127363;2.6396;
0.127383;2.64097;
0.127403;2.64234;
0.127423;2.64371;
0.127443;2.64507;
0.127463;2.64644;
0.127483;2.64781;
0.127503;2.64918;
0.127523;2.65054;
0.127543;2.65191;
0.127563;2.65328;
0.127583;2.65464;
0.127603;2.65601;
0.127623;2.65738;
0.127643;2.65874;
0.127663;2.66011;
0.127683;2.66147;
0.127703;2.66284;
0.127723;2.6642;
0.127743;2.66557;
0.127763;2.66694;
0.127783;2.6683;
0.127803;2.66967;
0.127823;2.67103;
0.127843;2.67239;
0.127863;2.67376;
0.127883;2.67512;
0.127903;2.67649;
0.127923;2.67785;
0.127943;2.67921;
0.127963;2.68058;
0.127968;2.68089;
0.127968;2.6809;
0.127968;2.68091;
0.127969;2.68094;
0.127969;2.68096;
0.127969;2.68097;
0.127969;2.68098;
0.12797;2.681;
0.12797;2.68104;
0.127971;2.68113;
0.127974;2.6813;
0.127979;2.68165;
0.127989;2.68235;
0.128009;2.68371;
0.128029;2.68508;
0.128047;2.6863;
0.128066;2.68755;
0.128086;2.68892;
0.128106;2.69028;
0.128126;2.69164;
0.128146;2.693;
0.128166;2.69437;
0.128186;2.69573;
0.128206;2.69709;
0.128226;2.69845;
0.128246;2.69981;
0.128266;2.70117;
0.128286;2.70253;
0.128306;2.70389;
0.128326;2.70525;
0.128346;2.70661;
0.128366;2.70797;
0.128386;2.70933;
0.128406;2.71069;
0.128426;2.71205;
0.128446;2.71341;
0.128466;2.71477;
0.128486;2.71613;
0.128506;2.71749;
0.128526;2.71885;
0.128546;2.72021;
0.128566;2.72157;
0.128586;2.72293;
0.128606;2.72428;
0.128626;2.72564;
0.128635;2.72627;
0.128635;2.72628;
0.128635;2.72629;
0.128636;2.72632;
0.128636;2.72634;
0.128636;2.72634;
0.128636;2.72635;
0.128637;2.72637;
0.128637;2.72642;
0.128638;2.7265;
0.128641;2.72668;
0.128646;2.72703;
0.128656;2.72772;
0.128676;2.72908;
0.128696;2.73044;
0.128716;2.73179;
0.128736;2.73315;
0.128756;2.73451;
0.128776;2.73586;
0.128796;2.73722;
0.128816;2.73858;
0.128836;2.73993;
0.128856;2.74129;
0.128876;2.74265;
0.128896;2.744;
0.128916;2.74536;
0.128936;2.74671;
0.128956;2.74807;
0.128976;2.74942;
0.128996;2.75078;
0.129016;2.75213;
0.129036;2.75349;
0.129056;2.75484;
0.129076;2.7562;
0.129096;2.75755;
0.129116;2.7589;
0.129136;2.76026;
0.129156;2.76161;
0.129176;2.76297;
0.129196;2.76432;
0.129216;2.76567;
0.129236;2.76702;
0.129256;2.76838;
0.129276;2.76973;
0.129296;2.77108;
0.129301;2.77139;
0.129301;2.7714;
0.129301;2.77141;
0.129302;2.77144;
0.129302;2.77146;
0.129302;2.77147;
0.129302;2.77148;
0.129303;2.7715;
0.129303;2.77154;
0.129304;2.77163;
0.129307;2.7718;
0.129312;2.77215;
0.129322;2.77284;
0.129342;2.77419;
0.129362;2.77554;
0.129382;2.7769;
0.129399;2.77801;
0.129416;2.77916;
0.129435;2.78048;
0.129455;2.78183;
0.129475;2.78318;
0.129495;2.78453;
0.129515;2.78588;
0.129535;2.78723;
0.129555;2.78858;
0.129575;2.78993;
0.129595;2.79128;
0.129615;2.79263;
0.129635;2.79398;
0.129655;2.79533;
0.129675;2.79668;
0.129695;2.79803;
0.129715;2.79938;
0.129735;2.80073;
0.129755;2.80208;
0.129775;2.80343;
0.129795;2.80478;
0.129815;2.80612;
0.129835;2.80747;
0.129855;2.80882;
0.129875;2.81017;
0.129895;2.81151;
0.129915;2.81286;
0.129935;2.81421;
0.129955;2.81556;
0.129968;2.8164;
0.129968;2.81641;
0.129968;2.81642;
0.129969;2.81645;
0.129969;2.81647;
0.129969;2.81647;
0.129969;2.81649;
0.12997;2.81651;
0.12997;2.81655;
0.129971;2.81664;
0.129974;2.81681;
0.129979;2.81715;
0.129989;2.81784;
0.130009;2.81919;
0.130029;2.82054;
0.130049;2.82188;
0.130069;2.82323;
0.130089;2.82457;
0.130109;2.82592;
0.130129;2.82727;
0.130149;2.82861;
0.130169;2.82996;
0.130189;2.8313;
0.130209;2.83265;
0.130229;2.83399;
0.130249;2.83533;
0.130269;2.83668;
0.130289;2.83802;
0.130309;2.83937;
0.130329;2.84071;
0.130349;2.84206;
0.130369;2.8434;
0.130389;2.84474;
0.130409;2.84609;
0.130429;2.84743;
0.130449;2.84877;
0.130469;2.85011;
0.130489;2.85146;
0.130509;2.8528;
0.130529;2.85414;
0.130549;2.85548;
0.130569;2.85683;
0.130589;2.85817;
0.130609;2.85951;
0.130629;2.86085;
0.130634;2.86116;
0.130634;2.86116;
0.130634;2.86118;
0.130635;2.86121;
0.130635;2.86123;
0.130635;2.86123;
0.130635;2.86124;
0.130636;2.86126;
0.130636;2.86131;
0.130637;2.86139;
0.13064;2.86156;
0.130645;2.86191;
0.130655;2.86259;
0.130669;2.86351;
0.13068;2.86425;
0.13069;2.86494;
0.130703;2.8658;
0.130718;2.86678;
0.130734;2.86784;
0.130751;2.86902;
0.130771;2.87035;
0.130791;2.87169;
0.130811;2.87302;
0.130831;2.87436;
0.130851;2.87569;
0.130871;2.87703;
0.130891;2.87836;
0.130911;2.8797;
0.130931;2.88103;
0.130951;2.88236;
0.130971;2.8837;
0.130991;2.88503;
0.131011;2.88637;
0.131031;2.8877;
0.131051;2.88903;
0.131071;2.89037;
0.131091;2.8917;
0.131111;2.89303;
0.131131;2.89436;
0.131151;2.8957;
0.131171;2.89703;
0.131191;2.89836;
0.131211;2.89969;
0.131231;2.90103;
0.131251;2.90236;
0.131271;2.90369;
0.131291;2.90502;
0.131301;2.90565;
0.131301;2.90566;
0.131301;2.90567;
0.131302;2.9057;
0.131302;2.90572;
0.131302;2.90573;
0.131302;2.90574;
0.131303;2.90576;
0.131303;2.9058;
0.131304;2.90589;
0.131307;2.90606;
0.131312;2.9064;
0.131322;2.90708;
0.131342;2.90841;
0.131362;2.90974;
0.131382;2.91107;
0.131402;2.9124;
0.131422;2.91373;
0.131442;2.91506;
0.131462;2.91639;
0.131482;2.91772;
0.131502;2.91905;
0.131522;2.92038;
0.131542;2.92171;
0.131562;2.92304;
0.131582;2.92437;
0.131602;2.9257;
0.131622;2.92703;
0.131642;2.92835;
0.131662;2.92968;
0.131682;2.93101;
0.131702;2.93234;
0.131722;2.93367;
0.131742;2.93499;
0.131762;2.93632;
0.131782;2.93765;
0.131802;2.93898;
0.131822;2.9403;
0.131842;2.94163;
0.131862;2.94296;
0.131882;2.94428;
0.131902;2.94561;
0.131922;2.94694;
0.131942;2.94826;
0.131962;2.94959;
0.131967;2.94989;
0.131967;2.9499;
0.131967;2.94991;
0.131968;2.94994;
0.131968;2.94996;
0.131968;2.94996;
0.131968;2.94997;
0.131969;2.95;
0.131969;2.95004;
0.13197;2.95012;
0.131973;2.95029;
0.131978;2.95063;
0.131988;2.95131;
0.131995;2.95172;
0.132001;2.95211;
0.132006;2.95245;
0.132011;2.95279;
0.132019;2.95333;
0.132036;2.9544;
0.132049;2.95526;
0.132063;2.95614;
0.132079;2.95713;
0.132099;2.95842;
0.132119;2.95971;
0.132139;2.96099;
0.132159;2.96228;
0.132179;2.96357;
0.132199;2.96486;
0.132219;2.96614;
0.132239;2.96743;
0.132259;2.96872;
0.132279;2.97001;
0.132299;2.97129;
0.132319;2.97258;
0.132339;2.97386;
0.132359;2.97515;
0.132379;2.97644;
0.132399;2.97772;
0.132419;2.97901;
0.132439;2.98029;
0.132459;2.98158;
0.132479;2.98286;
0.132499;2.98415;
0.132519;2.98543;
0.132539;2.98672;
0.132559;2.988;
0.132579;2.98929;
0.132599;2.99057;
0.132619;2.99186;
0.132634;2.99285;
0.132634;2.99286;
0.132634;2.99287;
0.132635;2.9929;
0.132635;2.99292;
0.132635;2.99292;
0.132635;2.99293;
0.132636;2.99295;
0.132636;2.99299;
0.132637;2.99307;
0.13264;2.99324;
0.132645;2.99357;
0.132655;2.99422;
0.132675;2.99551;
0.132695;2.99679;
0.132715;2.99808;
0.132735;2.99936;
0.132755;3.00064;
0.132775;3.00193;
0.132795;3.00321;
0.132815;3.00449;
0.132835;3.00577;
0.132855;3.00706;
0.132875;3.00834;
0.132895;3.00962;
0.132915;3.0109;
0.132935;3.01219;
0.132955;3.01347;
0.132975;3.01475;
0.132995;3.01603;
0.133015;3.01731;
0.133035;3.01859;
0.133055;3.01988;
0.133075;3.02116;
0.133095;3.02244;
0.133115;3.02372;
0.133135;3.025;
0.133155;3.02628;
0.133175;3.02756;
0.133195;3.02884;
0.133215;3.03012;
0.133235;3.0314;
0.133255;3.03268;
0.133275;3.03396;
0.133295;3.03524;
0.1333;3.03553;
0.1333;3.03554;
0.1333;3.03555;
0.133301;3.03558;
0.133301;3.0356;
0.133301;3.0356;
0.133301;3.03561;
0.133302;3.03563;
0.133302;3.03567;
0.133303;3.03576;
0.133306;3.03592;
0.133311;3.03625;
0.133321;3.0369;
0.133341;3.03818;
0.133361;3.03946;
0.133381;3.04074;
0.133401;3.04202;
0.133421;3.0433;
0.133441;3.04457;
0.133461;3.04585;
0.133481;3.04713;
0.133501;3.04841;
0.133521;3.04969;
0.133541;3.05096;
0.133561;3.05224;
0.133581;3.05352;
0.133601;3.0548;
0.133621;3.05607;
0.133641;3.05735;
0.133661;3.05863;
0.133681;3.0599;
0.133701;3.06118;
0.133721;3.06246;
0.133741;3.06373;
0.133761;3.06501;
0.133781;3.06629;
0.133801;3.06756;
0.133821;3.06884;
0.133841;3.07011;
0.133861;3.07139;
0.133881;3.07266;
0.133901;3.07394;
0.133921;3.07521;
0.133941;3.07649;
0.133961;3.07776;
0.133967;3.07812;
0.133967;3.07813;
0.133967;3.07814;
0.133968;3.07817;
0.133968;3.07818;
0.133968;3.07819;
0.133968;3.0782;
0.133969;3.07822;
0.133969;3.07826;
0.13397;3.07834;
0.133973;3.07851;
0.133978;3.07883;
0.133988;3.07948;
0.134008;3.08076;
0.134028;3.08203;
0.134048;3.08331;
0.134068;3.08458;
0.134088;3.08585;
0.134108;3.08713;
0.134128;3.0884;
0.134148;3.08967;
0.134168;3.09095;
0.134188;3.09222;
0.134208;3.09349;
0.134228;3.09477;
0.134248;3.09604;
0.134268;3.09731;
0.134288;3.09858;
0.134308;3.09986;
0.134328;3.10113;
0.134348;3.1024;
0.134368;3.10367;
0.134388;3.10494;
0.134408;3.10622;
0.134428;3.10749;
0.134448;3.10876;
0.134468;3.11003;
0.134488;3.1113;
0.134508;3.11257;
0.134528;3.11384;
0.134548;3.11511;
0.134568;3.11638;
0.134588;3.11765;
0.134608;3.11892;
0.134628;3.12019;
0.134633;3.12048;
0.134633;3.12049;
0.134633;3.1205;
0.134634;3.12053;
0.134634;3.12055;
0.134634;3.12055;
0.134634;3.12056;
0.134635;3.12058;
0.134635;3.12062;
0.134636;3.12071;
0.134639;3.12087;
0.134644;3.12119;
0.134654;3.12184;
0.134674;3.12311;
0.134694;3.12438;
0.134714;3.12565;
0.134734;3.12692;
0.134754;3.12819;
0.134774;3.12946;
0.134794;3.13073;
0.134814;3.132;
0.134834;3.13326;
0.134854;3.13453;
0.134874;3.1358;
0.134894;3.13707;
0.134914;3.13834;
0.134934;3.1396;
0.134954;3.14087;
0.134974;3.14214;
0.134994;3.14341;
0.135014;3.14467;
0.135034;3.14594;
0.135054;3.14721;
0.135074;3.14847;
0.135094;3.14974;
0.135114;3.15101;
0.135134;3.15227;
0.135154;3.15354;
0.135174;3.1548;
0.135194;3.15607;
0.135214;3.15734;
0.135234;3.1586;
0.135254;3.15987;
0.135274;3.16113;
0.135294;3.1624;
0.1353;3.16275;
0.1353;3.16276;
0.1353;3.16277;
0.135301;3.1628;
0.135301;3.16281;
0.135301;3.16282;
0.135301;3.16283;
0.135302;3.16285;
0.135302;3.16289;
0.135303;3.16297;
0.135306;3.16313;
0.135311;3.16346;
0.135321;3.1641;
0.135341;3.16537;
0.135361;3.16663;
0.135381;3.1679;
0.135401;3.16916;
0.135421;3.17043;
0.135441;3.17169;
0.135461;3.17295;
0.135481;3.17422;
0.135501;3.17548;
0.135521;3.17675;
0.135541;3.17801;
0.135561;3.17927;
0.135581;3.18053;
0.135601;3.1818;
0.135621;3.18306;
0.135641;3.18432;
0.135661;3.18558;
0.135681;3.18685;
0.135701;3.18811;
0.135721;3.18937;
0.135741;3.19063;
0.135761;3.19189;
0.135781;3.19316;
0.135801;3.19442;
0.135821;3.19568;
0.135841;3.19694;
0.135861;3.1982;
0.135881;3.19946;
0.135901;3.20072;
0.135921;3.20198;
0.135941;3.20324;
0.135961;3.2045;
0.135966;3.20479;
0.135966;3.2048;
0.135966;3.20481;
0.135967;3.20484;
0.135967;3.20486;
0.135967;3.20486;
0.135967;3.20487;
0.135968;3.20489;
0.135968;3.20493;
0.135969;3.20501;
0.135972;3.20517;
0.135977;3.2055;
0.135987;3.20614;
0.136007;3.2074;
0.136027;3.20866;
0.136047;3.20992;
0.136067;3.21118;
0.136087;3.21244;
0.136107;3.2137;
0.136127;3.21496;
0.136147;3.21622;
0.136167;3.21748;
0.136187;3.21873;
0.136207;3.21999;
0.136227;3.22125;
0.136247;3.22251;
0.136267;3.22377;
0.136287;3.22502;
0.136307;3.22628;
0.136327;3.22754;
0.136347;3.2288;
0.136367;3.23005;
0.136387;3.23131;
0.136407;3.23257;
0.136427;3.23383;
0.136447;3.23508;
0.136467;3.23634;
0.136487;3.2376;
0.136507;3.23885;
0.136527;3.24011;
0.136547;3.24136;
0.136567;3.24262;
0.136587;3.24388;
0.136607;3.24513;
0.136627;3.24639;
0.136633;3.24674;
0.136633;3.24674;
0.136633;3.24676;
0.136634;3.24678;
0.136634;3.2468;
0.136634;3.24681;
0.136634;3.24682;
0.136635;3.24684;
0.136635;3.24688;
0.136636;3.24696;
0.136639;3.24712;
0.136644;3.24744;
0.136654;3.24808;
0.136674;3.24934;
0.136694;3.25059;
0.136714;3.25185;
0.136734;3.2531;
0.136754;3.25435;
0.136774;3.25561;
0.136794;3.25686;
0.136814;3.25812;
0.136834;3.25937;
0.136854;3.26062;
0.136874;3.26188;
0.136894;3.26313;
0.136914;3.26438;
0.136934;3.26564;
0.136954;3.26689;
0.136974;3.26814;
0.136994;3.2694;
0.137014;3.27065;
0.137034;3.2719;
0.137054;3.27315;
0.137074;3.27441;
0.137094;3.27566;
0.137114;3.27691;
0.137134;3.27816;
0.137154;3.27941;
0.137174;3.28066;
0.137194;3.28192;
0.137214;3.28317;
0.137234;3.28442;
0.137254;3.28567;
0.137274;3.28692;
0.137294;3.28817;
0.137299;3.28846;
0.137299;3.28846;
0.137299;3.28848;
0.1373;3.2885;
0.1373;3.28852;
0.1373;3.28852;
0.1373;3.28853;
0.137301;3.28855;
0.137301;3.28859;
0.137302;3.28867;
0.137305;3.28883;
0.13731;3.28915;
0.13732;3.2898;
0.13734;3.29105;
0.13736;3.2923;
0.13738;3.29355;
0.137397;3.29458;
0.137414;3.29567;
0.137434;3.29692;
0.137454;3.29817;
0.137474;3.29942;
0.137494;3.30067;
0.137514;3.30192;
0.137534;3.30317;
0.137554;3.30442;
0.137574;3.30566;
0.137594;3.30691;
0.137614;3.30816;
0.137634;3.30941;
0.137654;3.31066;
0.137674;3.3119;
0.137694;3.31315;
0.137714;3.3144;
0.137734;3.31565;
0.137754;3.31689;
0.137774;3.31814;
0.137794;3.31939;
0.137814;3.32063;
0.137834;3.32188;
0.137854;3.32313;
0.137874;3.32437;
0.137894;3.32562;
0.137914;3.32687;
0.137934;3.32811;
0.137954;3.32936;
0.137966;3.33008;
0.137966;3.33008;
0.137966;3.3301;
0.137967;3.33012;
0.137967;3.33014;
0.137967;3.33014;
0.137967;3.33015;
0.137968;3.33017;
0.137968;3.33021;
0.137969;3.33029;
0.137972;3.33045;
0.137977;3.33077;
0.137987;3.33141;
0.138007;3.33265;
0.138027;3.3339;
0.138047;3.33514;
0.138067;3.33639;
0.138087;3.33763;
0.138107;3.33888;
0.138127;3.34012;
0.138147;3.34137;
0.138167;3.34261;
0.138187;3.34386;
0.138207;3.3451;
0.138227;3.34634;
0.138247;3.34759;
0.138267;3.34883;
0.138287;3.35007;
0.138307;3.35132;
0.138327;3.35256;
0.138347;3.3538;
0.138367;3.35505;
0.138387;3.35629;
0.138407;3.35753;
0.138427;3.35877;
0.138447;3.36001;
0.138467;3.36126;
0.138487;3.3625;
0.138507;3.36374;
0.138527;3.36498;
0.138547;3.36622;
0.138567;3.36746;
0.138587;3.3687;
0.138607;3.36995;
0.138627;3.37119;
0.138632;3.37147;
0.138632;3.37148;
0.138632;3.37149;
0.138633;3.37151;
0.138633;3.37153;
0.138633;3.37154;
0.138633;3.37155;
0.138634;3.37157;
0.138634;3.37161;
0.138635;3.37169;
0.138638;3.37185;
0.138643;3.37216;
0.138653;3.3728;
0.138662;3.37332;
0.13867;3.37384;
0.138678;3.37432;
0.138685;3.37476;
0.138699;3.37559;
0.138714;3.37647;
0.138731;3.37752;
0.138749;3.3786;
0.138767;3.37972;
0.138787;3.38093;
0.138807;3.38215;
0.138827;3.38336;
0.138847;3.38458;
0.138867;3.38579;
0.138887;3.38701;
0.138907;3.38822;
0.138927;3.38943;
0.138947;3.39065;
0.138967;3.39186;
0.138987;3.39308;
0.139007;3.39429;
0.139027;3.3955;
0.139047;3.39671;
0.139067;3.39793;
0.139087;3.39914;
0.139107;3.40035;
0.139127;3.40157;
0.139147;3.40278;
0.139167;3.40399;
0.139187;3.4052;
0.139207;3.40641;
0.139227;3.40763;
0.139247;3.40884;
0.139267;3.41005;
0.139287;3.41126;
0.139299;3.41198;
0.139299;3.41199;
0.139299;3.412;
0.1393;3.41203;
0.1393;3.41204;
0.1393;3.41205;
0.1393;3.41206;
0.139301;3.41208;
0.139301;3.41212;
0.139302;3.41219;
0.139305;3.41235;
0.13931;3.41266;
0.13932;3.41328;
0.13934;3.41449;
0.13936;3.4157;
0.13938;3.41691;
0.1394;3.41812;
0.13942;3.41933;
0.13944;3.42054;
0.13946;3.42175;
0.13948;3.42296;
0.1395;3.42417;
0.13952;3.42538;
0.13954;3.42659;
0.13956;3.4278;
0.13958;3.42901;
0.1396;3.43022;
0.13962;3.43143;
0.13964;3.43264;
0.13966;3.43385;
0.13968;3.43506;
0.1397;3.43627;
0.13972;3.43748;
0.13974;3.43869;
0.13976;3.43989;
0.13978;3.4411;
0.1398;3.44231;
0.13982;3.44352;
0.13984;3.44473;
0.13986;3.44593;
0.13988;3.44714;
0.1399;3.44835;
0.13992;3.44956;
0.13994;3.45076;
0.13996;3.45197;
0.139965;3.45225;
0.139965;3.45225;
0.139965;3.45227;
0.139966;3.45229;
0.139966;3.45231;
0.139966;3.45231;
0.139966;3.45232;
0.139967;3.45234;
0.139967;3.45238;
0.139968;3.45246;
0.139971;3.45261;
0.139976;3.45292;
0.139986;3.45354;
0.140006;3.45475;
0.140026;3.45595;
0.140046;3.45716;
0.140066;3.45837;
0.140086;3.45957;
0.140106;3.46078;
0.140126;3.46198;
0.140146;3.46319;
0.140166;3.46439;
0.140186;3.4656;
0.140206;3.46681;
0.140226;3.46801;
0.140246;3.46922;
0.140266;3.47042;
0.140286;3.47163;
0.140306;3.47283;
0.140326;3.47404;
0.140346;3.47524;
0.140366;3.47644;
0.140386;3.47765;
0.140406;3.47885;
0.140426;3.48006;
0.140446;3.48126;
0.140466;3.48246;
0.140486;3.48367;
0.140506;3.48487;
0.140526;3.48607;
0.140546;3.48728;
0.140566;3.48848;
0.140586;3.48968;
0.140606;3.49089;
0.140626;3.49209;
0.140632;3.49242;
0.140632;3.49243;
0.140632;3.49244;
0.140633;3.49247;
0.140633;3.49249;
0.140633;3.49249;
0.140633;3.4925;
0.140634;3.49252;
0.140634;3.49256;
0.140635;3.49263;
0.140638;3.49279;
0.140643;3.4931;
0.140653;3.49371;
0.140673;3.49491;
0.140693;3.49612;
0.140713;3.49732;
0.140733;3.49852;
0.140753;3.49972;
0.140773;3.50092;
0.140793;3.50212;
0.140813;3.50333;
0.140833;3.50453;
0.140853;3.50573;
0.140873;3.50693;
0.140893;3.50813;
0.140913;3.50933;
0.140933;3.51053;
0.140953;3.51173;
0.140973;3.51293;
0.140993;3.51413;
0.141013;3.51533;
0.141033;3.51653;
0.141053;3.51773;
0.141073;3.51893;
0.141093;3.52013;
0.141113;3.52133;
0.141133;3.52253;
0.141153;3.52373;
0.141173;3.52493;
0.141193;3.52613;
0.141213;3.52732;
0.141233;3.52852;
0.141253;3.52972;
0.141273;3.53092;
0.141293;3.53212;
0.141298;3.53239;
0.141298;3.5324;
0.141298;3.53241;
0.141299;3.53244;
0.141299;3.53245;
0.141299;3.53246;
0.141299;3.53247;
0.1413;3.53249;
0.1413;3.53253;
0.141301;3.5326;
0.141304;3.53276;
0.141309;3.53306;
0.141319;3.53368;
0.141339;3.53487;
0.141359;3.53607;
0.141379;3.53727;
0.141399;3.53847;
0.141419;3.53966;
0.141439;3.54086;
0.141459;3.54206;
0.141479;3.54325;
0.141499;3.54445;
0.141519;3.54565;
0.141539;3.54684;
0.141559;3.54804;
0.141579;3.54924;
0.141599;3.55043;
0.141619;3.55163;
0.141639;3.55282;
0.141659;3.55402;
0.141679;3.55522;
0.141699;3.55641;
0.141719;3.55761;
0.141739;3.5588;
0.141759;3.56;
0.141779;3.56119;
0.141799;3.56239;
0.141819;3.56358;
0.141839;3.56477;
0.141859;3.56597;
0.141879;3.56716;
0.141899;3.56836;
0.141919;3.56955;
0.141939;3.57074;
0.141959;3.57194;
0.141965;3.57227;
0.141965;3.57228;
0.141965;3.57229;
0.141966;3.57231;
0.141966;3.57233;
0.141966;3.57234;
0.141966;3.57235;
0.141967;3.57237;
0.141967;3.5724;
0.141968;3.57248;
0.141971;3.57263;
0.141976;3.57294;
0.141986;3.57355;
0.142006;3.57474;
0.142026;3.57594;
0.142046;3.57713;
0.142066;3.57832;
0.142086;3.57952;
0.142106;3.58071;
0.142126;3.5819;
0.142146;3.58309;
0.142166;3.58428;
0.142186;3.58548;
0.142206;3.58667;
0.142226;3.58786;
0.142246;3.58905;
0.142266;3.59024;
0.142286;3.59144;
0.142306;3.59263;
0.142326;3.59382;
0.142346;3.59501;
0.142366;3.5962;
0.142386;3.59739;
0.142406;3.59858;
0.142426;3.59977;
0.142446;3.60096;
0.142466;3.60215;
0.142486;3.60334;
0.142506;3.60453;
0.142526;3.60572;
0.142546;3.60691;
0.142566;3.6081;
0.142586;3.60929;
0.142606;3.61048;
0.142626;3.61167;
0.142631;3.61194;
0.142631;3.61195;
0.142631;3.61196;
0.142632;3.61198;
0.142632;3.612;
0.142632;3.61201;
0.142632;3.61202;
0.142633;3.61204;
0.142633;3.61207;
0.142634;3.61215;
0.142637;3.6123;
0.142642;3.61261;
0.142652;3.61321;
0.142667;3.61409;
0.142682;3.61498;
0.142697;3.61588;
0.142717;3.61707;
0.142734;3.61808;
0.142752;3.61916;
0.142772;3.62035;
0.142792;3.62153;
0.142812;3.62272;
0.142832;3.62391;
0.142852;3.6251;
0.142872;3.62629;
0.142892;3.62747;
0.142912;3.62866;
0.142932;3.62985;
0.142952;3.63103;
0.142972;3.63222;
0.142992;3.63341;
0.143012;3.63459;
0.143032;3.63578;
0.143052;3.63697;
0.143072;3.63815;
0.143092;3.63934;
0.143112;3.64052;
0.143132;3.64171;
0.143152;3.6429;
0.143172;3.64408;
0.143192;3.64527;
0.143212;3.64645;
0.143232;3.64764;
0.143252;3.64882;
0.143272;3.65001;
0.143292;3.65119;
0.143298;3.65152;
0.143298;3.65153;
0.143298;3.65154;
0.143299;3.65156;
0.143299;3.65158;
0.143299;3.65159;
0.143299;3.6516;
0.1433;3.65161;
0.1433;3.65165;
0.143301;3.65173;
0.143304;3.65188;
0.143309;3.65218;
0.143319;3.65279;
0.143339;3.65397;
0.143359;3.65516;
0.143379;3.65634;
0.143399;3.65753;
0.143419;3.65871;
0.143439;3.65989;
0.143459;3.66108;
0.143479;3.66226;
0.143499;3.66344;
0.143519;3.66463;
0.143539;3.66581;
0.143559;3.66699;
0.143579;3.66817;
0.143599;3.66936;
0.143619;3.67054;
0.143639;3.67172;
0.143659;3.6729;
0.143679;3.67409;
0.143699;3.67527;
0.143719;3.67645;
0.143739;3.67763;
0.143759;3.67881;
0.143779;3.67999;
0.143799;3.68118;
0.143819;3.68236;
0.143839;3.68354;
0.143859;3.68472;
0.143879;3.6859;
0.143899;3.68708;
0.143919;3.68826;
0.143939;3.68944;
0.143959;3.69062;
0.143964;3.69089;
0.143964;3.6909;
0.143964;3.69091;
0.143965;3.69093;
0.143965;3.69095;
0.143965;3.69095;
0.143965;3.69096;
0.143966;3.69098;
0.143966;3.69102;
0.143967;3.6911;
0.14397;3.69125;
0.143975;3.69155;
0.143982;3.69198;
0.143987;3.69223;
0.143991;3.69245;
0.143996;3.69276;
0.144001;3.69306;
0.144008;3.69341;
0.14402;3.69413;
0.144035;3.69496;
0.144053;3.69598;
0.14407;3.69696;
0.144088;3.69798;
0.144108;3.69912;
0.144128;3.70026;
0.144148;3.7014;
0.144168;3.70254;
0.144188;3.70368;
0.144208;3.70482;
0.144228;3.70596;
0.144248;3.7071;
0.144268;3.70824;
0.144288;3.70938;
0.144308;3.71052;
0.144328;3.71166;
0.144348;3.7128;
0.144368;3.71394;
0.144388;3.71508;
0.144408;3.71622;
0.144428;3.71736;
0.144448;3.71849;
0.144468;3.71963;
0.144488;3.72077;
0.144508;3.72191;
0.144528;3.72305;
0.144548;3.72419;
0.144568;3.72532;
0.144588;3.72646;
0.144608;3.7276;
0.144628;3.72874;
0.144631;3.72893;
0.144631;3.72894;
0.144631;3.72895;
0.144632;3.72897;
0.144632;3.72899;
0.144632;3.729;
0.144632;3.729;
0.144633;3.72902;
0.144633;3.72906;
0.144634;3.72913;
0.144637;3.72928;
0.144642;3.72957;
0.144652;3.73015;
0.144672;3.73129;
0.144692;3.73243;
0.144712;3.73356;
0.144732;3.7347;
0.144752;3.73584;
0.144772;3.73697;
0.144792;3.73811;
0.144812;3.73925;
0.144832;3.74038;
0.144852;3.74152;
0.144872;3.74266;
0.144892;3.74379;
0.144912;3.74493;
0.144932;3.74606;
0.144952;3.7472;
0.144972;3.74834;
0.144992;3.74947;
0.145012;3.75061;
0.145032;3.75174;
0.145052;3.75288;
0.145072;3.75401;
0.145092;3.75515;
0.145112;3.75628;
0.145132;3.75742;
0.145152;3.75855;
0.145172;3.75969;
0.145192;3.76082;
0.145212;3.76196;
0.145232;3.76309;
0.145252;3.76422;
0.145272;3.76536;
0.145292;3.76649;
0.145297;3.76675;
0.145297;3.76676;
0.145297;3.76677;
0.145298;3.76679;
0.145298;3.76681;
0.145298;3.76681;
0.145298;3.76682;
0.145299;3.76684;
0.145299;3.76688;
0.1453;3.76695;
0.145303;3.7671;
0.145308;3.76739;
0.145318;3.76797;
0.145338;3.7691;
0.145358;3.77023;
0.145378;3.77137;
0.145398;3.7725;
0.145418;3.77363;
0.145438;3.77477;
0.145458;3.7759;
0.145478;3.77703;
0.145498;3.77816;
0.145518;3.7793;
0.145538;3.78043;
0.145558;3.78156;
0.145578;3.78269;
0.145598;3.78383;
0.145618;3.78496;
0.145638;3.78609;
0.145658;3.78722;
0.145678;3.78835;
0.145698;3.78949;
0.145718;3.79062;
0.145738;3.79175;
0.145758;3.79288;
0.145778;3.79401;
0.145798;3.79514;
0.145818;3.79627;
0.145838;3.7974;
0.145858;3.79853;
0.145878;3.79966;
0.145898;3.80079;
0.145918;3.80192;
0.145938;3.80305;
0.145958;3.80418;
0.145964;3.8045;
0.145964;3.80451;
0.145964;3.80452;
0.145965;3.80454;
0.145965;3.80456;
0.145965;3.80456;
0.145965;3.80457;
0.145966;3.80459;
0.145966;3.80463;
0.145967;3.8047;
0.14597;3.80484;
0.145975;3.80513;
0.145985;3.80571;
0.146005;3.80684;
0.146025;3.80797;
0.146045;3.8091;
0.146065;3.81023;
0.146085;3.81136;
0.146105;3.81249;
0.146125;3.81362;
0.146145;3.81475;
0.146165;3.81587;
0.146185;3.817;
0.146205;3.81813;
0.146225;3.81926;
0.146245;3.82039;
0.146265;3.82152;
0.146285;3.82264;
0.146305;3.82377;
0.146325;3.8249;
0.146345;3.82603;
0.146365;3.82716;
0.146385;3.82828;
0.146405;3.82941;
0.146425;3.83054;
0.146445;3.83167;
0.146465;3.83279;
0.146485;3.83392;
0.146505;3.83505;
0.146525;3.83617;
0.146545;3.8373;
0.146565;3.83843;
0.146585;3.83955;
0.146605;3.84068;
0.146625;3.84181;
0.14663;3.84207;
0.14663;3.84207;
0.14663;3.84208;
0.146631;3.8421;
0.146631;3.84212;
0.146631;3.84213;
0.146631;3.84213;
0.146632;3.84215;
0.146632;3.84219;
0.146633;3.84226;
0.146636;3.84241;
0.146641;3.84269;
0.146651;3.84327;
0.146671;3.8444;
0.146691;3.84552;
0.146711;3.84665;
0.146731;3.84777;
0.146751;3.8489;
0.146771;3.85002;
0.146791;3.85115;
0.146811;3.85227;
0.146831;3.8534;
0.146851;3.85452;
0.146871;3.85565;
0.146891;3.85677;
0.146911;3.8579;
0.146931;3.85902;
0.146951;3.86015;
0.146971;3.86127;
0.146991;3.8624;
0.147011;3.86352;
0.147031;3.86464;
0.147051;3.86577;
0.147071;3.86689;
0.147091;3.86801;
0.147111;3.86914;
0.147131;3.87026;
0.147151;3.87138;
0.147171;3.87251;
0.147191;3.87363;
0.147211;3.87475;
0.147231;3.87587;
0.147251;3.877;
0.147271;3.87812;
0.147291;3.87924;
0.147297;3.87956;
0.147297;3.87956;
0.147297;3.87957;
0.147298;3.8796;
0.147298;3.87961;
0.147298;3.87962;
0.147298;3.87963;
0.147299;3.87964;
0.147299;3.87968;
0.1473;3.87975;
0.147303;3.8799;
0.147308;3.88018;
0.147318;3.88076;
0.147338;3.88188;
0.147358;3.883;
0.147378;3.88412;
0.147398;3.88524;
0.147418;3.88637;
0.147438;3.88749;
0.147458;3.88861;
0.147478;3.88973;
0.147498;3.89085;
0.147518;3.89197;
0.147538;3.89309;
0.147558;3.89421;
0.147578;3.89533;
0.147598;3.89646;
0.147618;3.89758;
0.147638;3.8987;
0.147658;3.89982;
0.147678;3.90094;
0.147698;3.90206;
0.147718;3.90318;
0.147738;3.9043;
0.147758;3.90542;
0.147778;3.90653;
0.147798;3.90765;
0.147818;3.90877;
0.147838;3.90989;
0.147858;3.91101;
0.147878;3.91213;
0.147898;3.91325;
0.147918;3.91437;
0.147938;3.91549;
0.147958;3.91661;
0.147963;3.91686;
0.147963;3.91687;
0.147963;3.91688;
0.147964;3.9169;
0.147964;3.91692;
0.147964;3.91692;
0.147964;3.91693;
0.147965;3.91695;
0.147965;3.91699;
0.147966;3.91706;
0.147969;3.9172;
0.147974;3.91749;
0.147984;3.91806;
0.148004;3.91918;
0.148024;3.9203;
0.148044;3.92141;
0.148064;3.92253;
0.148084;3.92365;
0.148104;3.92477;
0.148124;3.92588;
0.148144;3.927;
0.148164;3.92812;
0.148184;3.92924;
0.148204;3.93035;
0.148224;3.93147;
0.148244;3.93259;
0.148264;3.9337;
0.148284;3.93482;
0.148304;3.93594;
0.148324;3.93705;
0.148344;3.93817;
0.148364;3.93928;
0.148384;3.9404;
0.148404;3.94152;
0.148424;3.94263;
0.148444;3.94375;
0.148464;3.94486;
0.148484;3.94598;
0.148504;3.94709;
0.148524;3.94821;
0.148544;3.94932;
0.148564;3.95044;
0.148584;3.95155;
0.148604;3.95267;
0.148624;3.95378;
0.14863;3.95409;
0.14863;3.9541;
0.14863;3.95411;
0.148631;3.95413;
0.148631;3.95415;
0.148631;3.95415;
0.148631;3.95416;
0.148632;3.95418;
0.148632;3.95422;
0.148633;3.95429;
0.148636;3.95443;
0.148641;3.95472;
0.148651;3.95529;
0.148671;3.9564;
0.148691;3.95751;
0.148711;3.95863;
0.148731;3.95974;
0.148751;3.96086;
0.148771;3.96197;
0.148791;3.96308;
0.148811;3.9642;
0.148831;3.96531;
0.148851;3.96642;
0.148871;3.96754;
0.148891;3.96865;
0.148911;3.96976;
0.148931;3.97087;
0.148951;3.97199;
0.148971;3.9731;
0.148991;3.97421;
0.149011;3.97532;
0.149031;3.97644;
0.149051;3.97755;
0.149071;3.97866;
0.149091;3.97977;
0.149111;3.98088;
0.149131;3.982;
0.149151;3.98311;
0.149171;3.98422;
0.149191;3.98533;
0.149211;3.98644;
0.149231;3.98755;
0.149251;3.98866;
0.149271;3.98977;
0.149291;3.99088;
0.149296;3.99114;
0.149296;3.99114;
0.149296;3.99116;
0.149297;3.99118;
0.149297;3.99119;
0.149297;3.9912;
0.149297;3.99121;
0.149298;3.99123;
0.149298;3.99126;
0.149299;3.99133;
0.149302;3.99147;
0.149307;3.99176;
0.149317;3.99233;
0.149337;3.99344;
0.149357;3.99452;
0.149377;3.99563;
0.149395;3.99661;
0.149413;3.99762;
0.149433;3.99873;
0.149453;3.99984;
0.149473;4.00095;
0.149493;4.00206;
0.149513;4.00317;
0.149533;4.00428;
0.149553;4.00539;
0.149573;4.0065;
0.149593;4.00761;
0.149613;4.00872;
0.149633;4.00982;
0.149653;4.01093;
0.149673;4.01204;
0.149693;4.01315;
0.149713;4.01426;
0.149733;4.01536;
0.149753;4.01647;
0.149773;4.01758;
0.149793;4.01869;
0.149813;4.0198;
0.149833;4.0209;
0.149853;4.02201;
0.149873;4.02312;
0.149893;4.02422;
0.149913;4.02533;
0.149933;4.02644;
0.149953;4.02754;
0.149963;4.02811;
0.149963;4.02811;
0.149963;4.02812;
0.149964;4.02815;
0.149964;4.02816;
0.149964;4.02817;
0.149964;4.02818;
0.149965;4.02819;
0.149965;4.02823;
0.149966;4.0283;
0.149969;4.02844;
0.149974;4.02872;
0.149984;4.02929;
0.150004;4.0304;
0.150024;4.0315;
0.150044;4.03261;
0.150064;4.03372;
0.150084;4.03482;
0.150104;4.03593;
0.150124;4.03703;
0.150144;4.03814;
0.150164;4.03924;
0.150184;4.04035;
0.150204;4.04145;
0.150224;4.04256;
0.150244;4.04366;
0.150264;4.04477;
0.150284;4.04587;
0.150304;4.04698;
0.150324;4.04808;
0.150344;4.04919;
0.150364;4.05029;
0.150384;4.0514;
0.150404;4.0525;
0.150424;4.0536;
0.150444;4.05471;
0.150464;4.05581;
0.150484;4.05691;
0.150504;4.05802;
0.150524;4.05912;
0.150544;4.06022;
0.150564;4.06133;
0.150584;4.06243;
0.150604;4.06353;
0.150624;4.06464;
0.150629;4.06489;
0.150631;4.065;
0.150635;4.06522;
0.150643;4.06566;
0.150657;4.06643;
0.150666;4.0669;
0.150674;4.06734;
0.150682;4.06779;
0.150689;4.0682;
0.150705;4.06902;
0.150721;4.06993;
0.15074;4.07095;
0.15076;4.07204;
0.15078;4.07311;
0.1508;4.0742;
0.15082;4.07529;
0.15084;4.07638;
0.15086;4.07747;
0.15088;4.07856;
0.1509;4.07964;
0.15092;4.08073;
0.15094;4.08182;
0.15096;4.08291;
0.15098;4.084;
0.151;4.08509;
0.15102;4.08618;
0.15104;4.08726;
0.15106;4.08835;
0.15108;4.08944;
0.1511;4.09053;
0.15112;4.09161;
0.15114;4.0927;
0.15116;4.09379;
0.15118;4.09488;
0.1512;4.09596;
0.15122;4.09705;
0.15124;4.09814;
0.15126;4.09922;
0.15128;4.10031;
0.151296;4.10121;
0.151296;4.10121;
0.151296;4.10122;
0.151297;4.10124;
0.151297;4.10126;
0.151297;4.10126;
0.151297;4.10127;
0.151298;4.10129;
0.151298;4.10132;
0.151299;4.10139;
0.151302;4.10153;
0.151307;4.10181;
0.151317;4.10237;
0.151337;4.10345;
0.151357;4.10454;
0.151377;4.10563;
0.151397;4.10671;
0.151417;4.1078;
0.151437;4.10888;
0.151457;4.10997;
0.151477;4.11106;
0.151497;4.11214;
0.151517;4.11323;
0.151537;4.11431;
0.151557;4.1154;
0.151577;4.11648;
0.151597;4.11757;
0.151617;4.11865;
0.151637;4.11974;
0.151657;4.12082;
0.151677;4.12191;
0.151697;4.12299;
0.151717;4.12407;
0.151737;4.12516;
0.151757;4.12624;
0.151777;4.12733;
0.151797;4.12841;
0.151817;4.12949;
0.151837;4.13058;
0.151857;4.13166;
0.151877;4.13274;
0.151897;4.13383;
0.151917;4.13491;
0.151937;4.13599;
0.151957;4.13708;
0.151962;4.13733;
0.151964;4.13743;
0.151968;4.13765;
0.151976;4.13808;
0.151992;4.13895;
0.152012;4.14003;
0.152032;4.14111;
0.152052;4.1422;
0.152072;4.14328;
0.152091;4.1443;
0.152111;4.14538;
0.152131;4.14646;
0.152151;4.14754;
0.152171;4.14863;
0.152191;4.14971;
0.152211;4.15079;
0.152231;4.15187;
0.152251;4.15295;
0.152271;4.15403;
0.152291;4.15511;
0.152311;4.15619;
0.152331;4.15728;
0.152351;4.15836;
0.152371;4.15944;
0.152391;4.16052;
0.152411;4.1616;
0.152431;4.16268;
0.152451;4.16376;
0.152471;4.16484;
0.152491;4.16592;
0.152511;4.167;
0.152531;4.16808;
0.152551;4.16916;
0.152571;4.17024;
0.152591;4.17132;
0.152611;4.17239;
0.152629;4.17337;
0.152629;4.17338;
0.152629;4.17339;
0.15263;4.17341;
0.15263;4.17343;
0.15263;4.17343;
0.15263;4.17344;
0.152631;4.17346;
0.152631;4.17349;
0.152632;4.17356;
0.152635;4.1737;
0.15264;4.17398;
0.15265;4.17453;
0.15267;4.17561;
0.15269;4.17669;
0.15271;4.17776;
0.15273;4.17884;
0.15275;4.17992;
0.15277;4.181;
0.15279;4.18208;
0.15281;4.18316;
0.15283;4.18423;
0.15285;4.18531;
0.15287;4.18639;
0.15289;4.18747;
0.15291;4.18854;
0.15293;4.18962;
0.15295;4.1907;
0.15297;4.19178;
0.15299;4.19285;
0.15301;4.19393;
0.15303;4.19501;
0.15305;4.19608;
0.15307;4.19716;
0.15309;4.19824;
0.15311;4.19931;
0.15313;4.20039;
0.15315;4.20146;
0.15317;4.20254;
0.15319;4.20362;
0.15321;4.20469;
0.15323;4.20577;
0.15325;4.20684;
0.15327;4.20792;
0.15329;4.20899;
0.153295;4.20924;
0.153297;4.20935;
0.153301;4.20956;
0.153309;4.20999;
0.153323;4.21077;
0.153332;4.21125;
0.153341;4.2117;
0.15335;4.21219;
0.153359;4.21264;
0.153376;4.21354;
0.15339;4.2143;
0.153406;4.21514;
0.153426;4.2162;
0.153446;4.21727;
0.153466;4.21833;
0.153486;4.21939;
0.153506;4.22045;
0.153526;4.22151;
0.153546;4.22258;
0.153566;4.22364;
0.153586;4.2247;
0.153606;4.22576;
0.153626;4.22682;
0.153646;4.22788;
0.153666;4.22895;
0.153686;4.23001;
0.153706;4.23107;
0.153726;4.23213;
0.153746;4.23319;
0.153766;4.23425;
0.153786;4.23531;
0.153806;4.23637;
0.153826;4.23743;
0.153846;4.23849;
0.153866;4.23955;
0.153886;4.24061;
0.153906;4.24167;
0.153926;4.24273;
0.153946;4.24379;
0.153962;4.24466;
0.153962;4.24466;
0.153962;4.24467;
0.153963;4.24469;
0.153963;4.24471;
0.153963;4.24471;
0.153963;4.24472;
0.153964;4.24474;
0.153964;4.24477;
0.153965;4.24484;
0.153968;4.24498;
0.153973;4.24525;
0.153983;4.24579;
0.154003;4.24685;
0.154023;4.24791;
0.154043;4.24897;
0.154063;4.25003;
0.154083;4.25108;
0.154103;4.25214;
0.154123;4.2532;
0.154143;4.25426;
0.154163;4.25532;
0.154183;4.25638;
0.154203;4.25744;
0.154223;4.25849;
0.154243;4.25955;
0.154263;4.26061;
0.154283;4.26167;
0.154303;4.26273;
0.154323;4.26378;
0.154343;4.26484;
0.154363;4.2659;
0.154383;4.26696;
0.154403;4.26801;
0.154423;4.26907;
0.154443;4.27013;
0.154463;4.27119;
0.154483;4.27224;
0.154503;4.2733;
0.154523;4.27436;
0.154543;4.27541;
0.154563;4.27647;
0.154583;4.27752;
0.154603;4.27858;
0.154623;4.27964;
0.154628;4.27988;
0.15463;4.27999;
0.154634;4.2802;
0.154642;4.28062;
0.154658;4.28146;
0.154678;4.28252;
0.154698;4.28357;
0.154718;4.28463;
0.154738;4.28569;
0.154756;4.28664;
0.154776;4.28769;
0.154796;4.28875;
0.154816;4.28981;
0.154836;4.29086;
0.154856;4.29191;
0.154876;4.29297;
0.154896;4.29402;
0.154916;4.29508;
0.154936;4.29613;
0.154956;4.29719;
0.154976;4.29824;
0.154996;4.2993;
0.155016;4.30035;
0.155036;4.3014;
0.155056;4.30246;
0.155076;4.30351;
0.155096;4.30456;
0.155116;4.30562;
0.155136;4.30667;
0.155156;4.30772;
0.155176;4.30878;
0.155196;4.30983;
0.155216;4.31088;
0.155236;4.31194;
0.155256;4.31299;
0.155276;4.31404;
0.155295;4.31504;
0.155295;4.31504;
0.155295;4.31505;
0.155296;4.31507;
0.155296;4.31509;
0.155296;4.31509;
0.155296;4.3151;
0.155297;4.31512;
0.155297;4.31515;
0.155298;4.31522;
0.155301;4.31535;
0.155306;4.31562;
0.155316;4.31616;
0.155336;4.31721;
0.155356;4.31827;
0.155376;4.31932;
0.155396;4.32037;
0.155416;4.32142;
0.155436;4.32247;
0.155456;4.32352;
0.155476;4.32458;
0.155496;4.32563;
0.155516;4.32668;
0.155536;4.32773;
0.155556;4.32878;
0.155576;4.32983;
0.155596;4.33088;
0.155616;4.33193;
0.155636;4.33298;
0.155656;4.33403;
0.155676;4.33508;
0.155696;4.33613;
0.155716;4.33718;
0.155736;4.33823;
0.155756;4.33928;
0.155776;4.34033;
0.155796;4.34138;
0.155816;4.34243;
0.155836;4.34348;
0.155856;4.34453;
0.155876;4.34558;
0.155896;4.34663;
0.155916;4.34768;
0.155936;4.34873;
0.155956;4.34978;
0.155961;4.35002;
0.155963;4.35012;
0.155967;4.35033;
0.155975;4.35075;
0.155987;4.35139;
0.155994;4.35176;
0.156001;4.3521;
0.156006;4.35239;
0.156012;4.35267;
0.156023;4.35323;
0.156043;4.35426;
0.156057;4.35498;
0.156072;4.35574;
0.156089;4.35662;
0.156109;4.35765;
0.156129;4.35868;
0.156149;4.35971;
0.156169;4.36074;
0.156189;4.36177;
0.156209;4.3628;
0.156229;4.36383;
0.156249;4.36486;
0.156269;4.36589;
0.156289;4.36692;
0.156309;4.36795;
0.156329;4.36898;
0.156349;4.37001;
0.156369;4.37104;
0.156389;4.37207;
0.156409;4.3731;
0.156429;4.37413;
0.156449;4.37516;
0.156469;4.37618;
0.156489;4.37721;
0.156509;4.37824;
0.156529;4.37927;
0.156549;4.3803;
0.156569;4.38133;
0.156589;4.38235;
0.156609;4.38338;
0.156628;4.38437;
0.156628;4.38438;
0.156628;4.38439;
0.156629;4.38441;
0.156629;4.38443;
0.156629;4.38443;
0.156629;4.38444;
0.15663;4.38445;
0.15663;4.38449;
0.156631;4.38455;
0.156634;4.38468;
0.156639;4.38495;
0.156649;4.38547;
0.156669;4.3865;
0.156689;4.38753;
0.156709;4.38856;
0.156729;4.38958;
0.156749;4.39061;
0.156769;4.39164;
0.156789;4.39266;
0.156809;4.39369;
0.156829;4.39472;
0.156849;4.39574;
0.156869;4.39677;
0.156889;4.3978;
0.156909;4.39882;
0.156929;4.39985;
0.156949;4.40088;
0.156969;4.4019;
0.156989;4.40293;
0.157009;4.40395;
0.157029;4.40498;
0.157049;4.40601;
0.157069;4.40703;
0.157089;4.40806;
0.157109;4.40908;
0.157129;4.41011;
0.157149;4.41113;
0.157169;4.41216;
0.157189;4.41318;
0.157209;4.41421;
0.157229;4.41523;
0.157249;4.41626;
0.157269;4.41728;
0.157289;4.41831;
0.157294;4.41854;
0.157294;4.41855;
0.157294;4.41856;
0.157295;4.41858;
0.157295;4.41859;
0.157295;4.4186;
0.157295;4.41861;
0.157296;4.41862;
0.157296;4.41866;
0.157297;4.41872;
0.1573;4.41885;
0.157305;4.41911;
0.157315;4.41964;
0.157335;4.42066;
0.157355;4.42169;
0.157375;4.42271;
0.157395;4.42373;
0.157415;4.42476;
0.157435;4.42578;
0.157455;4.42681;
0.157475;4.42783;
0.157495;4.42885;
0.157515;4.42988;
0.157535;4.4309;
0.157555;4.43192;
0.157575;4.43295;
0.157595;4.43397;
0.157615;4.43499;
0.157635;4.43601;
0.157655;4.43704;
0.157675;4.43806;
0.157695;4.43908;
0.157715;4.4401;
0.157735;4.44113;
0.157755;4.44215;
0.157775;4.44317;
0.157795;4.44419;
0.157815;4.44521;
0.157835;4.44624;
0.157855;4.44726;
0.157875;4.44828;
0.157895;4.4493;
0.157915;4.45032;
0.157935;4.45134;
0.157955;4.45236;
0.157961;4.45265;
0.157961;4.45266;
0.157961;4.45267;
0.157962;4.45269;
0.157962;4.4527;
0.157962;4.45271;
0.157962;4.45271;
0.157963;4.45273;
0.157963;4.45276;
0.157964;4.45283;
0.157967;4.45296;
0.157972;4.45322;
0.157982;4.45374;
0.158002;4.45476;
0.158022;4.45578;
0.158042;4.45681;
0.158062;4.45783;
0.158082;4.45885;
0.158102;4.45987;
0.158122;4.46089;
0.158142;4.46191;
0.158162;4.46293;
0.158182;4.46395;
0.158202;4.46497;
0.158222;4.46599;
0.158242;4.46701;
0.158262;4.46803;
0.158282;4.46905;
0.158302;4.47006;
0.158322;4.47108;
0.158342;4.4721;
0.158362;4.47312;
0.158382;4.47414;
0.158402;4.47516;
0.158422;4.47618;
0.158442;4.4772;
0.158462;4.47822;
0.158482;4.47923;
0.158502;4.48025;
0.158522;4.48127;
0.158542;4.48229;
0.158562;4.48331;
0.158582;4.48432;
0.158602;4.48534;
0.158622;4.48636;
0.158627;4.48659;
0.158627;4.4866;
0.158627;4.48661;
0.158628;4.48663;
0.158628;4.48664;
0.158628;4.48665;
0.158628;4.48666;
0.158629;4.48667;
0.158629;4.48671;
0.15863;4.48677;
0.158633;4.4869;
0.158638;4.48716;
0.158648;4.48768;
0.158663;4.48843;
0.158679;4.48923;
0.158693;4.48995;
0.158713;4.49096;
0.158733;4.49197;
0.158751;4.4929;
0.158771;4.49391;
0.158791;4.49493;
0.158811;4.49595;
0.158831;4.49696;
0.158851;4.49798;
0.158871;4.499;
0.158891;4.50001;
0.158911;4.50103;
0.158931;4.50205;
0.158951;4.50306;
0.158971;4.50408;
0.158991;4.50509;
0.159011;4.50611;
0.159031;4.50712;
0.159051;4.50814;
0.159071;4.50916;
0.159091;4.51017;
0.159111;4.51119;
0.159131;4.5122;
0.159151;4.51322;
0.159171;4.51423;
0.159191;4.51525;
0.159211;4.51626;
0.159231;4.51727;
0.159251;4.51829;
0.159271;4.5193;
0.159291;4.52032;
0.159294;4.52048;
0.159294;4.52048;
0.159294;4.52049;
0.159295;4.52051;
0.159295;4.52053;
0.159295;4.52053;
0.159295;4.52054;
0.159296;4.52055;
0.159296;4.52059;
0.159297;4.52065;
0.1593;4.52078;
0.159305;4.52104;
0.159315;4.52156;
0.159335;4.52257;
0.159355;4.52359;
0.159375;4.5246;
0.159395;4.52562;
0.159415;4.52663;
0.159435;4.52764;
0.159455;4.52866;
0.159475;4.52967;
0.159495;4.53068;
0.159515;4.5317;
0.159535;4.53271;
0.159555;4.53372;
0.159575;4.53473;
0.159595;4.53575;
0.159615;4.53676;
0.159635;4.53777;
0.159655;4.53878;
0.159675;4.5398;
0.159695;4.54081;
0.159715;4.54182;
0.159735;4.54283;
0.159755;4.54385;
0.159775;4.54486;
0.159795;4.54587;
0.159815;4.54688;
0.159835;4.54789;
0.159855;4.5489;
0.159875;4.54991;
0.159895;4.55093;
0.159915;4.55194;
0.159935;4.55295;
0.159955;4.55396;
0.15996;4.55419;
0.15996;4.5542;
0.15996;4.55421;
0.159961;4.55423;
0.159961;4.55424;
0.159961;4.55425;
0.159961;4.55425;
0.159962;4.55427;
0.159962;4.5543;
0.159963;4.55437;
0.159966;4.5545;
0.159971;4.55475;
0.159977;4.55503;
0.15998;4.55522;
0.159984;4.5554;
0.159988;4.55557;
0.159991;4.55574;
0.159996;4.55599;
0.160007;4.55649;
0.160027;4.55746;
0.160045;4.55834;
0.160064;4.55928;
0.160083;4.56019;
0.160103;4.56116;
0.160123;4.56212;
0.160143;4.56309;
0.160163;4.56405;
0.160183;4.56502;
0.160203;4.56598;
0.160223;4.56695;
0.160243;4.56791;
0.160263;4.56888;
0.160283;4.56984;
0.160303;4.57081;
0.160323;4.57177;
0.160343;4.57274;
0.160363;4.5737;
0.160383;4.57467;
0.160403;4.57563;
0.160423;4.57659;
0.160443;4.57756;
0.160463;4.57852;
0.160483;4.57949;
0.160503;4.58045;
0.160523;4.58141;
0.160543;4.58238;
0.160563;4.58334;
0.160583;4.5843;
0.160603;4.58527;
0.160623;4.58623;
0.160627;4.5864;
0.160627;4.58641;
0.160627;4.58642;
0.160628;4.58644;
0.160628;4.58645;
0.160628;4.58645;
0.160628;4.58646;
0.160629;4.58648;
0.160629;4.58651;
0.16063;4.58657;
0.160633;4.58669;
0.160638;4.58694;
0.160648;4.58743;
0.160668;4.5884;
0.160688;4.58936;
0.160708;4.59032;
0.160728;4.59128;
0.160748;4.59225;
0.160768;4.59321;
0.160788;4.59417;
0.160808;4.59514;
0.160828;4.5961;
0.160848;4.59706;
0.160868;4.59802;
0.160888;4.59898;
0.160908;4.59995;
0.160928;4.60091;
0.160948;4.60187;
0.160968;4.60283;
0.160988;4.60379;
0.161008;4.60476;
0.161028;4.60572;
0.161048;4.60668;
0.161068;4.60764;
0.161088;4.6086;
0.161108;4.60956;
0.161128;4.61053;
0.161148;4.61149;
0.161168;4.61245;
0.161188;4.61341;
0.161208;4.61437;
0.161228;4.61533;
0.161248;4.61629;
0.161268;4.61725;
0.161288;4.61821;
0.161293;4.61843;
0.161293;4.61844;
0.161293;4.61845;
0.161294;4.61847;
0.161294;4.61848;
0.161294;4.61849;
0.161294;4.61849;
0.161295;4.61851;
0.161295;4.61854;
0.161296;4.6186;
0.161299;4.61873;
0.161304;4.61897;
0.161314;4.61946;
0.161331;4.62026;
0.161348;4.62108;
0.161368;4.62204;
0.161388;4.623;
0.161408;4.62396;
0.161428;4.62492;
0.161448;4.62588;
0.161468;4.62684;
0.161488;4.6278;
0.161508;4.62876;
0.161528;4.62972;
0.161548;4.63068;
0.161568;4.63164;
0.161588;4.6326;
0.161608;4.63356;
0.161628;4.63452;
0.161648;4.63548;
0.161668;4.63644;
0.161688;4.63739;
0.161708;4.63835;
0.161728;4.63931;
0.161748;4.64027;
0.161768;4.64123;
0.161788;4.64219;
0.161808;4.64315;
0.161828;4.64411;
0.161848;4.64507;
0.161868;4.64602;
0.161888;4.64698;
0.161908;4.64794;
0.161928;4.6489;
0.161948;4.64986;
0.16196;4.65043;
0.16196;4.65043;
0.16196;4.65044;
0.161961;4.65046;
0.161961;4.65048;
0.161961;4.65048;
0.161961;4.65049;
0.161962;4.6505;
0.161962;4.65053;
0.161963;4.6506;
0.161966;4.65072;
0.161971;4.65096;
0.161981;4.65145;
0.162001;4.65241;
0.162021;4.65337;
0.162041;4.65433;
0.162061;4.65529;
0.162081;4.65624;
0.162101;4.6572;
0.162121;4.65816;
0.162141;4.65912;
0.162161;4.66007;
0.162181;4.66103;
0.162201;4.66199;
0.162221;4.66294;
0.162241;4.6639;
0.162261;4.66486;
0.162281;4.66581;
0.162301;4.66677;
0.162321;4.66773;
0.162341;4.66868;
0.162361;4.66964;
0.162381;4.6706;
0.162401;4.67155;
0.162421;4.67251;
0.162441;4.67347;
0.162461;4.67442;
0.162481;4.67538;
0.162501;4.67633;
0.162521;4.67729;
0.162541;4.67824;
0.162561;4.6792;
0.162581;4.68016;
0.162601;4.68111;
0.162621;4.68207;
0.162626;4.68229;
0.162626;4.68229;
0.162626;4.6823;
0.162627;4.68232;
0.162627;4.68233;
0.162627;4.68234;
0.162627;4.68235;
0.162628;4.68236;
0.162628;4.68239;
0.162629;4.68245;
0.162632;4.68258;
0.162637;4.68282;
0.162647;4.68331;
0.162667;4.68426;
0.162687;4.68522;
0.162706;4.68613;
0.162726;4.68708;
0.162746;4.68804;
0.162766;4.68899;
0.162786;4.68995;
0.162806;4.6909;
0.162826;4.69186;
0.162846;4.69281;
0.162866;4.69377;
0.162886;4.69472;
0.162906;4.69568;
0.162926;4.69663;
0.162946;4.69758;
0.162966;4.69854;
0.162986;4.69949;
0.163006;4.70045;
0.163026;4.7014;
0.163046;4.70235;
0.163066;4.70331;
0.163086;4.70426;
0.163106;4.70521;
0.163126;4.70617;
0.163146;4.70712;
0.163166;4.70807;
0.163186;4.70903;
0.163206;4.70998;
0.163226;4.71093;
0.163246;4.71189;
0.163266;4.71284;
0.163286;4.71379;
0.163293;4.7141;
0.163293;4.71411;
0.163293;4.71412;
0.163294;4.71414;
0.163294;4.71415;
0.163294;4.71415;
0.163294;4.71416;
0.163295;4.71418;
0.163295;4.71421;
0.163296;4.71427;
0.163299;4.71439;
0.163304;4.71463;
0.163314;4.71512;
0.163334;4.71607;
0.163354;4.71703;
0.163374;4.71798;
0.163394;4.71893;
0.163414;4.71988;
0.163434;4.72084;
0.163454;4.72179;
0.163474;4.72274;
0.163494;4.72369;
0.163514;4.72464;
0.163534;4.7256;
0.163554;4.72655;
0.163574;4.7275;
0.163594;4.72845;
0.163614;4.7294;
0.163634;4.73035;
0.163654;4.7313;
0.163674;4.73225;
0.163694;4.73321;
0.163714;4.73416;
0.163734;4.73511;
0.163754;4.73606;
0.163774;4.73701;
0.163794;4.73796;
0.163814;4.73891;
0.163834;4.73986;
0.163854;4.74081;
0.163874;4.74176;
0.163894;4.74271;
0.163914;4.74366;
0.163934;4.74461;
0.163954;4.74556;
0.163959;4.74578;
0.163959;4.74579;
0.163959;4.74579;
0.16396;4.74581;
0.16396;4.74583;
0.16396;4.74583;
0.16396;4.74584;
0.163961;4.74585;
0.163961;4.74588;
0.163962;4.74595;
0.163965;4.74607;
0.16397;4.74631;
0.16398;4.7468;
0.164;4.74775;
0.16402;4.7487;
0.16404;4.74965;
0.16406;4.7506;
0.16408;4.75154;
0.1641;4.75249;
0.16412;4.75344;
0.16414;4.75439;
0.16416;4.75534;
0.16418;4.75629;
0.1642;4.75724;
0.16422;4.75819;
0.16424;4.75914;
0.16426;4.76009;
0.16428;4.76103;
0.1643;4.76198;
0.16432;4.76293;
0.16434;4.76388;
0.16436;4.76483;
0.16438;4.76578;
0.1644;4.76672;
0.16442;4.76767;
0.16444;4.76862;
0.16446;4.76957;
0.16448;4.77052;
0.1645;4.77146;
0.16452;4.77241;
0.16454;4.77336;
0.16456;4.77431;
0.16458;4.77525;
0.1646;4.7762;
0.16462;4.77715;
0.164626;4.77741;
0.164626;4.77742;
0.164626;4.77743;
0.164627;4.77745;
0.164627;4.77746;
0.164627;4.77746;
0.164627;4.77747;
0.164628;4.77749;
0.164628;4.77752;
0.164629;4.77758;
0.164632;4.7777;
0.164637;4.77794;
0.164647;4.77843;
0.164667;4.77937;
0.164687;4.78032;
0.164707;4.78127;
0.164727;4.78221;
0.164747;4.78316;
0.164767;4.78411;
0.164787;4.78505;
0.164807;4.786;
0.164827;4.78695;
0.164847;4.78789;
0.164867;4.78884;
0.164887;4.78979;
0.164907;4.79073;
0.164927;4.79168;
0.164947;4.79262;
0.164967;4.79357;
0.164987;4.79452;
0.165007;4.79546;
0.165027;4.79641;
0.165047;4.79735;
0.165067;4.7983;
0.165087;4.79924;
0.165107;4.80019;
0.165127;4.80113;
0.165147;4.80208;
0.165167;4.80302;
0.165187;4.80397;
0.165207;4.80491;
0.165227;4.80586;
0.165247;4.8068;
0.165267;4.80775;
0.165287;4.80869;
0.165292;4.80891;
0.165292;4.80891;
0.165292;4.80892;
0.165293;4.80894;
0.165293;4.80895;
0.165293;4.80896;
0.165293;4.80897;
0.165294;4.80898;
0.165294;4.80901;
0.165295;4.80907;
0.165298;4.80919;
0.165303;4.80943;
0.165313;4.80992;
0.165333;4.81086;
0.165353;4.81181;
0.165373;4.81275;
0.165393;4.81369;
0.165413;4.81464;
0.165433;4.81558;
0.165453;4.81653;
0.165473;4.81747;
0.165493;4.81841;
0.165513;4.81936;
0.165533;4.8203;
0.165553;4.82124;
0.165573;4.82219;
0.165593;4.82313;
0.165613;4.82407;
0.165633;4.82502;
0.165653;4.82596;
0.165673;4.8269;
0.165693;4.82784;
0.165713;4.82879;
0.165733;4.82973;
0.165753;4.83067;
0.165773;4.83161;
0.165793;4.83256;
0.165813;4.8335;
0.165833;4.83444;
0.165853;4.83538;
0.165873;4.83632;
0.165893;4.83727;
0.165913;4.83821;
0.165933;4.83915;
0.165953;4.84009;
0.165959;4.84035;
0.165959;4.84036;
0.165959;4.84037;
0.16596;4.84039;
0.16596;4.8404;
0.16596;4.84041;
0.16596;4.84041;
0.165961;4.84043;
0.165961;4.84046;
0.165962;4.84052;
0.165965;4.84064;
0.16597;4.84088;
0.16598;4.84136;
0.166;4.8423;
0.16602;4.84324;
0.16604;4.84419;
0.16606;4.84513;
0.16608;4.84607;
0.1661;4.84701;
0.16612;4.84795;
0.16614;4.84889;
0.16616;4.84983;
0.16618;4.85077;
0.1662;4.85171;
0.16622;4.85265;
0.16624;4.85359;
0.16626;4.85453;
0.16628;4.85547;
0.1663;4.85641;
0.16632;4.85735;
0.16634;4.85829;
0.16636;4.85923;
0.16638;4.86017;
0.1664;4.86111;
0.16642;4.86205;
0.16644;4.86299;
0.16646;4.86393;
0.16648;4.86487;
0.1665;4.86581;
0.16652;4.86675;
0.16654;4.86769;
0.16656;4.86863;
0.16658;4.86957;
0.1666;4.87051;
0.16662;4.87144;
0.166625;4.87166;
0.166625;4.87166;
0.166625;4.87167;
0.166626;4.87169;
0.166626;4.87171;
0.166626;4.87171;
0.166626;4.87172;
0.166627;4.87173;
0.166627;4.87176;
0.166628;4.87182;
0.166631;4.87194;
0.166636;4.87218;
0.166646;4.87266;
0.166661;4.87335;
0.166676;4.87407;
0.166691;4.87476;
0.166711;4.87569;
0.166729;4.87652;
0.166747;4.87739;
0.166767;4.87833;
0.166787;4.87927;
0.166807;4.8802;
0.166827;4.88114;
0.166847;4.88208;
0.166867;4.88302;
0.166887;4.88396;
0.166907;4.88489;
0.166927;4.88583;
0.166947;4.88677;
0.166967;4.88771;
0.166987;4.88864;
0.167007;4.88958;
0.167027;4.89052;
0.167047;4.89145;
0.167067;4.89239;
0.167087;4.89333;
0.167107;4.89426;
0.167127;4.8952;
0.167147;4.89614;
0.167167;4.89707;
0.167187;4.89801;
0.167207;4.89895;
0.167227;4.89988;
0.167247;4.90082;
0.167267;4.90175;
0.167287;4.90269;
0.167292;4.90292;
0.167292;4.90292;
0.167292;4.90293;
0.167293;4.90295;
0.167293;4.90296;
0.167293;4.90297;
0.167293;4.90298;
0.167294;4.90299;
0.167294;4.90302;
0.167295;4.90308;
0.167298;4.9032;
0.167303;4.90344;
0.167313;4.90392;
0.167333;4.90485;
0.167353;4.90579;
0.167373;4.90673;
0.167393;4.90766;
0.167413;4.9086;
0.167433;4.90953;
0.167453;4.91047;
0.167473;4.9114;
0.167493;4.91234;
0.167513;4.91327;
0.167533;4.91421;
0.167553;4.91514;
0.167573;4.91608;
0.167593;4.91701;
0.167613;4.91794;
0.167633;4.91888;
0.167653;4.91981;
0.167673;4.92075;
0.167693;4.92168;
0.167713;4.92262;
0.167733;4.92355;
0.167753;4.92448;
0.167773;4.92542;
0.167793;4.92635;
0.167813;4.92728;
0.167833;4.92822;
0.167853;4.92915;
0.167873;4.93008;
0.167893;4.93102;
0.167913;4.93195;
0.167933;4.93288;
0.167953;4.93382;
0.167958;4.93403;
0.167958;4.93404;
0.167958;4.93405;
0.167959;4.93406;
0.167959;4.93408;
0.167959;4.93408;
0.167959;4.93409;
0.16796;4.9341;
0.16796;4.93413;
0.167961;4.93419;
0.167964;4.93431;
0.167969;4.93455;
0.167975;4.93484;
0.167979;4.93501;
0.167983;4.93518;
0.167988;4.9354;
0.167993;4.93562;
0.167998;4.93586;
0.168009;4.93635;
0.168026;4.93709;
0.168042;4.93783;
0.168059;4.93857;
0.168076;4.93933;
0.168096;4.94023;
0.168116;4.94112;
0.168136;4.94201;
0.168156;4.9429;
0.168176;4.94379;
0.168196;4.94468;
0.168216;4.94557;
0.168236;4.94646;
0.168256;4.94736;
0.168276;4.94825;
0.168296;4.94914;
0.168316;4.95003;
0.168336;4.95092;
0.168356;4.95181;
0.168376;4.9527;
0.168396;4.95359;
0.168416;4.95448;
0.168436;4.95537;
0.168456;4.95626;
0.168476;4.95715;
0.168496;4.95804;
0.168516;4.95893;
0.168536;4.95982;
0.168556;4.96071;
0.168576;4.9616;
0.168596;4.96249;
0.168616;4.96338;
0.168625;4.96378;
0.168625;4.96379;
0.168625;4.96379;
0.168626;4.96381;
0.168626;4.96383;
0.168626;4.96383;
0.168626;4.96384;
0.168627;4.96385;
0.168627;4.96388;
0.168628;4.96394;
0.168631;4.96405;
0.168636;4.96428;
0.168646;4.96473;
0.168666;4.96562;
0.168686;4.96651;
0.168706;4.9674;
0.168726;4.96829;
0.168746;4.96918;
0.168766;4.97007;
0.168786;4.97096;
0.168806;4.97185;
0.168826;4.97274;
0.168846;4.97363;
0.168866;4.97452;
0.168886;4.9754;
0.168906;4.97629;
0.168926;4.97718;
0.168946;4.97807;
0.168966;4.97896;
0.168986;4.97985;
0.169006;4.98074;
0.169026;4.98163;
0.169046;4.98251;
0.169066;4.9834;
0.169086;4.98429;
0.169106;4.98518;
0.169126;4.98607;
0.169146;4.98696;
0.169166;4.98784;
0.169186;4.98873;
0.169206;4.98962;
0.169226;4.99051;
0.169246;4.99139;
0.169266;4.99228;
0.169286;4.99317;
0.169291;4.99337;
0.169291;4.99338;
0.169291;4.99339;
0.169292;4.99341;
0.169292;4.99342;
0.169292;4.99342;
0.169292;4.99343;
0.169293;4.99344;
0.169293;4.99347;
0.169294;4.99353;
0.169297;4.99364;
0.169302;4.99387;
0.169312;4.99432;
0.169332;4.99521;
0.169352;4.9961;
0.169372;4.99699;
0.169392;4.99787;
0.169412;4.99876;
0.169432;4.99965;
0.169452;5.00054;
0.169472;5.00142;
0.169492;5.00231;
0.169512;5.0032;
0.169532;5.00408;
0.169552;5.00497;
0.169572;5.00586;
0.169592;5.00674;
0.169612;5.00763;
0.169632;5.00852;
0.169652;5.0094;
0.169672;5.01029;
0.169692;5.01118;
0.169712;5.01206;
0.169732;5.01295;
0.169752;5.01383;
0.169772;5.01472;
0.169792;5.01561;
0.169812;5.01649;
0.169832;5.01738;
0.169852;5.01826;
0.169872;5.01915;
0.169892;5.02004;
0.169912;5.02092;
0.169932;5.02181;
0.169952;5.02269;
0.169958;5.02294;
0.169958;5.02294;
0.169958;5.02295;
0.169959;5.02297;
0.169959;5.02298;
0.169959;5.02299;
0.169959;5.02299;
0.16996;5.02301;
0.16996;5.02304;
0.169961;5.02309;
0.169964;5.02321;
0.169969;5.02343;
0.169979;5.02389;
0.169999;5.02477;
0.170019;5.02566;
0.170039;5.02654;
0.170059;5.02743;
0.170079;5.02831;
0.170099;5.0292;
0.170119;5.03008;
0.170139;5.03097;
0.170159;5.03185;
0.170179;5.03274;
0.170199;5.03362;
0.170219;5.03451;
0.170239;5.03539;
0.170259;5.03628;
0.170279;5.03716;
0.170299;5.03804;
0.170319;5.03893;
0.170339;5.03981;
0.170359;5.0407;
0.170379;5.04158;
0.170399;5.04247;
0.170419;5.04335;
0.170439;5.04423;
0.170459;5.04512;
0.170479;5.046;
0.170499;5.04688;
0.170519;5.04777;
0.170539;5.04865;
0.170559;5.04953;
0.170579;5.05042;
0.170599;5.0513;
0.170619;5.05218;
0.170624;5.05239;
0.170624;5.05239;
0.170624;5.0524;
0.170625;5.05242;
0.170625;5.05243;
0.170625;5.05244;
0.170625;5.05244;
0.170626;5.05246;
0.170626;5.05248;
0.170627;5.05254;
0.17063;5.05265;
0.170635;5.05288;
0.170645;5.05333;
0.170665;5.05422;
0.170685;5.0551;
0.170705;5.05598;
0.170725;5.05686;
0.170745;5.05775;
0.170765;5.05863;
0.170785;5.05951;
0.170805;5.0604;
0.170825;5.06128;
0.170845;5.06216;
0.170865;5.06304;
0.170885;5.06393;
0.170905;5.06481;
0.170925;5.06569;
0.170945;5.06657;
0.170965;5.06745;
0.170985;5.06834;
0.171005;5.06922;
0.171025;5.0701;
0.171045;5.07098;
0.171065;5.07186;
0.171085;5.07275;
0.171105;5.07363;
0.171125;5.07451;
0.171145;5.07539;
0.171165;5.07627;
0.171185;5.07715;
0.171205;5.07803;
0.171225;5.07892;
0.171245;5.0798;
0.171265;5.08068;
0.171285;5.08156;
0.171291;5.08181;
0.171291;5.08181;
0.171291;5.08182;
0.171292;5.08184;
0.171292;5.08185;
0.171292;5.08185;
0.171292;5.08186;
0.171293;5.08187;
0.171293;5.0819;
0.171294;5.08196;
0.171297;5.08207;
0.171302;5.0823;
0.171312;5.08275;
0.171332;5.08363;
0.171352;5.08451;
0.171372;5.08539;
0.171392;5.08627;
0.171412;5.08715;
0.171432;5.08803;
0.171452;5.08891;
0.171472;5.08979;
0.171492;5.09067;
0.171512;5.09155;
0.171532;5.09243;
0.171552;5.09331;
0.171572;5.09419;
0.171592;5.09507;
0.171612;5.09595;
0.171632;5.09683;
0.171652;5.09771;
0.171672;5.09859;
0.171692;5.09947;
0.171712;5.10035;
0.171732;5.10123;
0.171752;5.10211;
0.171772;5.10299;
0.171792;5.10387;
0.171812;5.10475;
0.171832;5.10563;
0.171852;5.10651;
0.171872;5.10739;
0.171892;5.10826;
0.171912;5.10914;
0.171932;5.11002;
0.171952;5.1109;
0.171957;5.1111;
0.171957;5.11111;
0.171957;5.11112;
0.171958;5.11113;
0.171958;5.11115;
0.171958;5.11115;
0.171958;5.11116;
0.171959;5.11117;
0.171959;5.1112;
0.17196;5.11126;
0.171963;5.11137;
0.171968;5.11159;
0.171978;5.11204;
0.171998;5.11292;
0.172018;5.1138;
0.172038;5.11468;
0.172057;5.1155;
0.172077;5.11638;
0.172097;5.11726;
0.172117;5.11813;
0.172137;5.11901;
0.172157;5.11989;
0.172177;5.12077;
0.172197;5.12165;
0.172217;5.12252;
0.172237;5.1234;
0.172257;5.12428;
0.172277;5.12516;
0.172297;5.12603;
0.172317;5.12691;
0.172337;5.12779;
0.172357;5.12867;
0.172377;5.12954;
0.172397;5.13042;
0.172417;5.1313;
0.172437;5.13218;
0.172457;5.13305;
0.172477;5.13393;
0.172497;5.13481;
0.172517;5.13568;
0.172537;5.13656;
0.172557;5.13744;
0.172577;5.13831;
0.172597;5.13919;
0.172617;5.14007;
0.172624;5.14037;
0.172624;5.14037;
0.172624;5.14038;
0.172625;5.1404;
0.172625;5.14041;
0.172625;5.14042;
0.172625;5.14042;
0.172626;5.14044;
0.172626;5.14047;
0.172627;5.14052;
0.17263;5.14063;
0.172635;5.14086;
0.172645;5.14131;
0.172665;5.14218;
0.172685;5.14306;
0.172705;5.14393;
0.172725;5.14481;
0.172745;5.14569;
0.172765;5.14656;
0.172785;5.14744;
0.172805;5.14831;
0.172825;5.14919;
0.172845;5.15007;
0.172865;5.15094;
0.172885;5.15182;
0.172905;5.15269;
0.172925;5.15357;
0.172945;5.15444;
0.172965;5.15532;
0.172985;5.15619;
0.173005;5.15707;
0.173025;5.15794;
0.173045;5.15882;
0.173065;5.15969;
0.173085;5.16057;
0.173105;5.16144;
0.173125;5.16232;
0.173145;5.16319;
0.173165;5.16407;
0.173185;5.16494;
0.173205;5.16581;
0.173225;5.16669;
0.173245;5.16756;
0.173265;5.16844;
0.173285;5.16931;
0.17329;5.16951;
0.17329;5.16952;
0.17329;5.16953;
0.173291;5.16954;
0.173291;5.16956;
0.173291;5.16956;
0.173291;5.16957;
0.173292;5.16958;
0.173292;5.16961;
0.173293;5.16966;
0.173296;5.16978;
0.173301;5.17;
0.173311;5.17045;
0.173331;5.17132;
0.173351;5.1722;
0.173371;5.17307;
0.173387;5.17376;
0.173404;5.17448;
0.173423;5.17532;
0.173443;5.1762;
0.173463;5.17707;
0.173483;5.17794;
0.173503;5.17882;
0.173523;5.17969;
0.173543;5.18056;
0.173563;5.18143;
0.173583;5.18231;
0.173603;5.18318;
0.173623;5.18405;
0.173643;5.18493;
0.173663;5.1858;
0.173683;5.18667;
0.173703;5.18754;
0.173723;5.18842;
0.173743;5.18929;
0.173763;5.19016;
0.173783;5.19103;
0.173803;5.19191;
0.173823;5.19278;
0.173843;5.19365;
0.173863;5.19452;
0.173883;5.19539;
0.173903;5.19627;
0.173923;5.19714;
0.173943;5.19801;
0.173957;5.19862;
0.173957;5.19863;
0.173957;5.19863;
0.173958;5.19865;
0.173958;5.19866;
0.173958;5.19867;
0.173958;5.19868;
0.173959;5.19869;
0.173959;5.19872;
0.17396;5.19877;
0.173963;5.19888;
0.173968;5.19911;
0.173978;5.19955;
0.173998;5.20043;
0.174018;5.2013;
0.174038;5.20217;
0.174058;5.20304;
0.174078;5.20391;
0.174098;5.20478;
0.174118;5.20565;
0.174138;5.20652;
0.174158;5.2074;
0.174178;5.20827;
0.174198;5.20914;
0.174218;5.21001;
0.174238;5.21088;
0.174258;5.21175;
0.174278;5.21262;
0.174298;5.21349;
0.174318;5.21436;
0.174338;5.21523;
0.174358;5.2161;
0.174378;5.21697;
0.174398;5.21784;
0.174418;5.21871;
0.174438;5.21958;
0.174458;5.22045;
0.174478;5.22132;
0.174498;5.22219;
0.174518;5.22306;
0.174538;5.22393;
0.174558;5.2248;
0.174578;5.22567;
0.174598;5.22654;
0.174618;5.22741;
0.174623;5.22761;
0.174623;5.22761;
0.174623;5.22762;
0.174624;5.22764;
0.174624;5.22765;
0.174624;5.22765;
0.174624;5.22766;
0.174625;5.22767;
0.174625;5.2277;
0.174626;5.22776;
0.174629;5.22787;
0.174634;5.22809;
0.174644;5.22854;
0.174656;5.22903;
0.174666;5.22947;
0.174676;5.22989;
0.174686;5.23031;
0.174702;5.23101;
0.174716;5.23161;
0.174732;5.23229;
0.174752;5.23315;
0.174772;5.234;
0.174792;5.23485;
0.174812;5.23571;
0.174832;5.23656;
0.174852;5.23742;
0.174872;5.23827;
0.174892;5.23913;
0.174912;5.23998;
0.174932;5.24084;
0.174952;5.24169;
0.174972;5.24255;
0.174992;5.2434;
0.175012;5.24425;
0.175032;5.24511;
0.175052;5.24596;
0.175072;5.24682;
0.175092;5.24767;
0.175112;5.24852;
0.175132;5.24938;
0.175152;5.25023;
0.175172;5.25108;
0.175192;5.25194;
0.175212;5.25279;
0.175232;5.25364;
0.175252;5.2545;
0.175272;5.25535;
0.17529;5.25612;
0.17529;5.25612;
0.17529;5.25613;
0.175291;5.25615;
0.175291;5.25616;
0.175291;5.25617;
0.175291;5.25617;
0.175292;5.25619;
0.175292;5.25621;
0.175293;5.25627;
0.175296;5.25638;
0.175301;5.2566;
0.175311;5.25703;
0.175331;5.25789;
0.175351;5.25874;
0.175371;5.25959;
0.175391;5.26044;
0.175411;5.2613;
0.175431;5.26215;
0.175451;5.263;
0.175471;5.26386;
0.175491;5.26471;
0.175511;5.26556;
0.175531;5.26641;
0.175551;5.26727;
0.175571;5.26812;
0.175591;5.26897;
0.175611;5.26982;
0.175631;5.27067;
0.175651;5.27153;
0.175671;5.27238;
0.175691;5.27323;
0.175711;5.27408;
0.175731;5.27493;
0.175751;5.27579;
0.175771;5.27664;
0.175791;5.27749;
0.175811;5.27834;
0.175831;5.27919;
0.175851;5.28004;
0.175871;5.28089;
0.175891;5.28175;
0.175911;5.2826;
0.175931;5.28345;
0.175951;5.2843;
0.175956;5.28449;
0.175956;5.2845;
0.175956;5.28451;
0.175957;5.28452;
0.175957;5.28454;
0.175957;5.28454;
0.175957;5.28455;
0.175958;5.28456;
0.175958;5.28459;
0.175959;5.28464;
0.175962;5.28475;
0.175967;5.28497;
0.175977;5.28541;
0.175997;5.28626;
0.176017;5.28711;
0.176037;5.28796;
0.176053;5.28863;
0.17607;5.28934;
0.17609;5.29019;
0.17611;5.29104;
0.17613;5.29189;
0.17615;5.29274;
0.17617;5.29359;
0.17619;5.29444;
0.17621;5.29529;
0.17623;5.29614;
0.17625;5.29699;
0.17627;5.29784;
0.17629;5.29869;
0.17631;5.29954;
0.17633;5.30039;
0.17635;5.30124;
0.17637;5.30209;
0.17639;5.30294;
0.17641;5.30379;
0.17643;5.30464;
0.17645;5.30549;
0.17647;5.30633;
0.17649;5.30718;
0.17651;5.30803;
0.17653;5.30888;
0.17655;5.30973;
0.17657;5.31058;
0.17659;5.31143;
0.17661;5.31228;
0.176623;5.31284;
0.176623;5.31284;
0.176623;5.31285;
0.176624;5.31287;
0.176624;5.31288;
0.176624;5.31288;
0.176624;5.31289;
0.176625;5.3129;
0.176625;5.31293;
0.176626;5.31299;
0.176629;5.31309;
0.176634;5.31331;
0.176644;5.31375;
0.176664;5.31459;
0.176684;5.31544;
0.176704;5.31629;
0.176724;5.31714;
0.176744;5.31799;
0.176764;5.31884;
0.176784;5.31969;
0.176804;5.32053;
0.176824;5.32138;
0.176844;5.32223;
0.176864;5.32308;
0.176884;5.32393;
0.176904;5.32477;
0.176924;5.32562;
0.176944;5.32647;
0.176964;5.32732;
0.176984;5.32816;
0.177004;5.32901;
0.177024;5.32986;
0.177044;5.33071;
0.177064;5.33155;
0.177084;5.3324;
0.177104;5.33325;
0.177124;5.3341;
0.177144;5.33494;
0.177164;5.33579;
0.177184;5.33664;
0.177204;5.33748;
0.177224;5.33833;
0.177244;5.33918;
0.177264;5.34002;
0.177284;5.34087;
0.177289;5.34106;
0.177289;5.34107;
0.177289;5.34108;
0.17729;5.34109;
0.17729;5.34111;
0.17729;5.34111;
0.17729;5.34112;
0.177291;5.34113;
0.177291;5.34116;
0.177292;5.34121;
0.177295;5.34132;
0.1773;5.34154;
0.17731;5.34197;
0.177322;5.34244;
0.177333;5.3429;
0.177343;5.34331;
0.177352;5.34372;
0.177371;5.34449;
0.177384;5.34502;
0.177397;5.34559;
0.177414;5.34626;
0.177434;5.34709;
0.177454;5.34792;
0.177474;5.34875;
0.177494;5.34958;
0.177514;5.35041;
0.177534;5.35124;
0.177554;5.35207;
0.177574;5.3529;
0.177594;5.35373;
0.177614;5.35456;
0.177634;5.35539;
0.177654;5.35622;
0.177674;5.35705;
0.177694;5.35788;
0.177714;5.35871;
0.177734;5.35954;
0.177754;5.36036;
0.177774;5.36119;
0.177794;5.36202;
0.177814;5.36285;
0.177834;5.36368;
0.177854;5.36451;
0.177874;5.36534;
0.177894;5.36617;
0.177914;5.36699;
0.177934;5.36782;
0.177954;5.36865;
0.177956;5.36875;
0.177956;5.36875;
0.177956;5.36876;
0.177957;5.36878;
0.177957;5.36879;
0.177957;5.3688;
0.177957;5.3688;
0.177958;5.36882;
0.177958;5.36884;
0.177959;5.36889;
0.177962;5.369;
0.177967;5.36921;
0.177977;5.36964;
0.177997;5.37047;
0.178017;5.37129;
0.178037;5.37212;
0.178057;5.37295;
0.178077;5.37378;
0.178097;5.37461;
0.178117;5.37543;
0.178137;5.37626;
0.178157;5.37709;
0.178177;5.37792;
0.178197;5.37874;
0.178217;5.37957;
0.178237;5.3804;
0.178257;5.38123;
0.178277;5.38205;
0.178297;5.38288;
0.178317;5.38371;
0.178337;5.38454;
0.178357;5.38536;
0.178377;5.38619;
0.178397;5.38702;
0.178417;5.38785;
0.178437;5.38867;
0.178457;5.3895;
0.178477;5.39033;
0.178497;5.39115;
0.178517;5.39198;
0.178537;5.39281;
0.178557;5.39363;
0.178577;5.39446;
0.178597;5.39529;
0.178617;5.39611;
0.178622;5.3963;
0.178622;5.39631;
0.178622;5.39631;
0.178623;5.39633;
0.178623;5.39634;
0.178623;5.39635;
0.178623;5.39635;
0.178624;5.39637;
0.178624;5.39639;
0.178625;5.39645;
0.178628;5.39655;
0.178633;5.39676;
0.178643;5.39719;
0.178663;5.39801;
0.178683;5.39884;
0.178703;5.39966;
0.178723;5.40049;
0.178743;5.40129;
0.178763;5.40212;
0.178783;5.40294;
0.178803;5.40377;
0.178823;5.40459;
0.178843;5.40542;
0.178863;5.40625;
0.178883;5.40707;
0.178903;5.4079;
0.178923;5.40872;
0.178943;5.40955;
0.178963;5.41037;
0.178983;5.4112;
0.179003;5.41202;
0.179023;5.41285;
0.179043;5.41367;
0.179063;5.4145;
0.179083;5.41532;
0.179103;5.41615;
0.179123;5.41697;
0.179143;5.4178;
0.179163;5.41862;
0.179183;5.41945;
0.179203;5.42027;
0.179223;5.4211;
0.179243;5.42192;
0.179263;5.42275;
0.179283;5.42357;
0.179289;5.42383;
0.179289;5.42383;
0.179289;5.42384;
0.17929;5.42386;
0.17929;5.42387;
0.17929;5.42387;
0.17929;5.42388;
0.179291;5.42389;
0.179291;5.42392;
0.179292;5.42397;
0.179295;5.42408;
0.1793;5.42429;
0.17931;5.42471;
0.17933;5.42553;
0.17935;5.42636;
0.17937;5.42718;
0.17939;5.42801;
0.17941;5.42883;
0.17943;5.42965;
0.17945;5.43048;
0.17947;5.4313;
0.17949;5.43213;
0.17951;5.43295;
0.17953;5.43377;
0.17955;5.4346;
0.17957;5.43542;
0.17959;5.43624;
0.17961;5.43707;
0.17963;5.43789;
0.17965;5.43871;
0.17967;5.43954;
0.17969;5.44036;
0.17971;5.44118;
0.17973;5.44201;
0.17975;5.44283;
0.17977;5.44365;
0.17979;5.44447;
0.17981;5.4453;
0.17983;5.44612;
0.17985;5.44694;
0.17987;5.44777;
0.17989;5.44859;
0.17991;5.44941;
0.17993;5.45023;
0.17995;5.45105;
0.179955;5.45124;
0.179955;5.45125;
0.179955;5.45126;
0.179956;5.45127;
0.179956;5.45129;
0.179956;5.45129;
0.179956;5.45129;
0.179957;5.45131;
0.179957;5.45133;
0.179958;5.45139;
0.179961;5.45149;
0.179966;5.4517;
0.179976;5.45212;
0.179991;5.45273;
0.180005;5.45331;
0.180019;5.45385;
0.180038;5.45465;
0.180058;5.45547;
0.180078;5.45629;
0.180098;5.45711;
0.180118;5.45793;
0.180138;5.45876;
0.180158;5.45958;
0.180178;5.4604;
0.180198;5.46122;
0.180218;5.46204;
0.180238;5.46286;
0.180258;5.46369;
0.180278;5.46451;
0.180298;5.46533;
0.180318;5.46615;
0.180338;5.46697;
0.180358;5.46779;
0.180378;5.46861;
0.180398;5.46943;
0.180418;5.47025;
0.180438;5.47107;
0.180458;5.4719;
0.180478;5.47272;
0.180498;5.47354;
0.180518;5.47436;
0.180538;5.47518;
0.180558;5.476;
0.180578;5.47682;
0.180598;5.47764;
0.180618;5.47846;
0.180622;5.47863;
0.180622;5.47864;
0.180622;5.47864;
0.180623;5.47866;
0.180623;5.47867;
0.180623;5.47868;
0.180623;5.47868;
0.180624;5.4787;
0.180624;5.47872;
0.180625;5.47877;
0.180628;5.47888;
0.180633;5.47909;
0.180643;5.47951;
0.180663;5.48033;
0.180683;5.48115;
0.180703;5.48197;
0.180723;5.48279;
0.180743;5.48361;
0.180763;5.48443;
0.180783;5.48525;
0.180803;5.48607;
0.180823;5.48689;
0.180843;5.48771;
0.180863;5.48853;
0.180883;5.48935;
0.180903;5.49017;
0.180923;5.49099;
0.180943;5.4918;
0.180963;5.49262;
0.180983;5.49344;
0.181003;5.49426;
0.181023;5.49508;
0.181043;5.4959;
0.181063;5.49672;
0.181083;5.49754;
0.181103;5.49836;
0.181123;5.49917;
0.181143;5.49999;
0.181163;5.50081;
0.181183;5.50163;
0.181203;5.50245;
0.181223;5.50327;
0.181243;5.50408;
0.181263;5.5049;
0.181283;5.50572;
0.181288;5.50591;
0.181288;5.50591;
0.181288;5.50592;
0.181289;5.50594;
0.181289;5.50595;
0.181289;5.50595;
0.181289;5.50596;
0.18129;5.50597;
0.18129;5.506;
0.181291;5.50605;
0.181294;5.50616;
0.181299;5.50637;
0.181305;5.5066;
0.181309;5.50674;
0.181312;5.50689;
0.181316;5.50705;
0.181321;5.50722;
0.181326;5.50743;
0.181337;5.50784;
0.181354;5.50849;
0.18137;5.50912;
0.181386;5.50975;
0.181403;5.51041;
0.181423;5.51119;
0.181443;5.51196;
0.181463;5.51274;
0.181483;5.51351;
0.181503;5.51428;
0.181523;5.51506;
0.181543;5.51583;
0.181563;5.51661;
0.181583;5.51738;
0.181603;5.51815;
0.181623;5.51893;
0.181643;5.5197;
0.181663;5.52047;
0.181683;5.52125;
0.181703;5.52202;
0.181723;5.5228;
0.181743;5.52357;
0.181763;5.52434;
0.181783;5.52512;
0.181803;5.52589;
0.181823;5.52666;
0.181843;5.52744;
0.181863;5.52821;
0.181883;5.52898;
0.181903;5.52976;
0.181923;5.53053;
0.181943;5.5313;
0.181955;5.53176;
0.181955;5.53176;
0.181955;5.53177;
0.181956;5.53178;
0.181956;5.53179;
0.181956;5.5318;
0.181956;5.5318;
0.181957;5.53182;
0.181957;5.53184;
0.181958;5.53189;
0.181961;5.53199;
0.181966;5.53219;
0.181976;5.53258;
0.181996;5.53336;
0.182016;5.53413;
0.182036;5.5349;
0.182056;5.53568;
0.182076;5.53645;
0.182096;5.53722;
0.182116;5.53799;
0.182136;5.53877;
0.182156;5.53954;
0.182176;5.54031;
0.182196;5.54108;
0.182216;5.54186;
0.182236;5.54263;
0.182256;5.5434;
0.182276;5.54418;
0.182296;5.54495;
0.182316;5.54572;
0.182336;5.54649;
0.182356;5.54726;
0.182376;5.54804;
0.182396;5.54881;
0.182416;5.54958;
0.182436;5.55035;
0.182456;5.55113;
0.182476;5.5519;
0.182496;5.55267;
0.182516;5.55344;
0.182536;5.55421;
0.182556;5.55499;
0.182576;5.55576;
0.182596;5.55653;
0.182616;5.5573;
0.182621;5.55748;
0.182621;5.55748;
0.182621;5.55749;
0.182622;5.55751;
0.182622;5.55752;
0.182622;5.55752;
0.182622;5.55753;
0.182623;5.55754;
0.182623;5.55756;
0.182624;5.55761;
0.182627;5.55771;
0.182632;5.55791;
0.182642;5.5583;
0.18266;5.55899;
0.182678;5.55968;
0.182698;5.56045;
0.182718;5.56122;
0.182738;5.562;
0.182758;5.56277;
0.182778;5.56354;
0.182798;5.56431;
0.182818;5.56508;
0.182838;5.56585;
0.182858;5.56662;
0.182878;5.5674;
0.182898;5.56817;
0.182918;5.56894;
0.182938;5.56971;
0.182958;5.57048;
0.182978;5.57125;
0.182998;5.57202;
0.183018;5.57279;
0.183038;5.57357;
0.183058;5.57434;
0.183078;5.57511;
0.183098;5.57588;
0.183118;5.57665;
0.183138;5.57742;
0.183158;5.57819;
0.183178;5.57896;
0.183198;5.57973;
0.183218;5.5805;
0.183238;5.58127;
0.183258;5.58204;
0.183278;5.58281;
0.183288;5.5832;
0.183288;5.5832;
0.183288;5.58321;
0.183289;5.58322;
0.183289;5.58323;
0.183289;5.58324;
0.183289;5.58324;
0.18329;5.58326;
0.18329;5.58328;
0.183291;5.58333;
0.183294;5.58343;
0.183299;5.58363;
0.183309;5.58402;
0.183329;5.58479;
0.183349;5.58556;
0.183369;5.58633;
0.183389;5.5871;
0.183409;5.58787;
0.183429;5.58864;
0.183449;5.58941;
0.183469;5.59018;
0.183489;5.59095;
0.183509;5.59172;
0.183529;5.59249;
0.183549;5.59326;
0.183569;5.59403;
0.183589;5.5948;
0.183609;5.59557;
0.183629;5.59634;
0.183649;5.59711;
0.183669;5.59788;
0.183689;5.59865;
0.183709;5.59942;
0.183729;5.60019;
0.183749;5.60096;
0.183769;5.60173;
0.183789;5.6025;
0.183809;5.60327;
0.183829;5.60404;
0.183849;5.6048;
0.183869;5.60557;
0.183889;5.60634;
0.183909;5.60711;
0.183929;5.60788;
0.183949;5.60865;
0.183954;5.60883;
0.183954;5.60883;
0.183954;5.60884;
0.183955;5.60885;
0.183955;5.60887;
0.183955;5.60887;
0.183955;5.60888;
0.183956;5.60889;
0.183956;5.60891;
0.183957;5.60896;
0.18396;5.60906;
0.183965;5.60926;
0.183975;5.60965;
0.183995;5.61042;
0.184015;5.61119;
0.184034;5.61191;
0.184054;5.61268;
0.184074;5.61345;
0.184094;5.61422;
0.184114;5.61498;
0.184134;5.61575;
0.184154;5.61652;
0.184174;5.61729;
0.184194;5.61806;
0.184214;5.61883;
0.184234;5.6196;
0.184254;5.62036;
0.184274;5.62113;
0.184294;5.6219;
0.184314;5.62267;
0.184334;5.62344;
0.184354;5.62421;
0.184374;5.62497;
0.184394;5.62574;
0.184414;5.62651;
0.184434;5.62728;
0.184454;5.62805;
0.184474;5.62881;
0.184494;5.62958;
0.184514;5.63035;
0.184534;5.63112;
0.184554;5.63188;
0.184574;5.63265;
0.184594;5.63342;
0.184614;5.63419;
0.184621;5.63445;
0.184621;5.63445;
0.184621;5.63446;
0.184622;5.63448;
0.184622;5.63449;
0.184622;5.63449;
0.184622;5.6345;
0.184623;5.63451;
0.184623;5.63453;
0.184624;5.63458;
0.184627;5.63468;
0.184632;5.63488;
0.184642;5.63527;
0.184662;5.63604;
0.184682;5.63681;
0.184702;5.63757;
0.184722;5.63834;
0.184742;5.63911;
0.184762;5.63988;
0.184782;5.64064;
0.184802;5.64141;
0.184822;5.64218;
0.184842;5.64294;
0.184862;5.64371;
0.184882;5.64448;
0.184902;5.64525;
0.184922;5.64601;
0.184942;5.64678;
0.184962;5.64755;
0.184982;5.64831;
0.185002;5.64908;
0.185022;5.64985;
0.185042;5.65061;
0.185062;5.65138;
0.185082;5.65215;
0.185102;5.65291;
0.185122;5.65368;
0.185142;5.65444;
0.185162;5.65521;
0.185182;5.65598;
0.185202;5.65674;
0.185222;5.65751;
0.185242;5.65828;
0.185262;5.65904;
0.185282;5.65981;
0.185287;5.65998;
0.185287;5.65999;
0.185287;5.66;
0.185288;5.66001;
0.185288;5.66002;
0.185288;5.66003;
0.185288;5.66003;
0.185289;5.66004;
0.185289;5.66007;
0.18529;5.66012;
0.185293;5.66022;
0.185298;5.66041;
0.185308;5.6608;
0.185328;5.66157;
0.185348;5.66234;
0.185368;5.6631;
0.185388;5.66387;
0.185408;5.66463;
0.185428;5.6654;
0.185448;5.66616;
0.185468;5.66693;
0.185488;5.6677;
0.185508;5.66846;
0.185528;5.66923;
0.185548;5.66999;
0.185568;5.67076;
0.185588;5.67152;
0.185608;5.67229;
0.185628;5.67305;
0.185648;5.67382;
0.185668;5.67458;
0.185688;5.67535;
0.185708;5.67612;
0.185728;5.67688;
0.185748;5.67765;
0.185768;5.67841;
0.185788;5.67918;
0.185808;5.67994;
0.185828;5.6807;
0.185848;5.68147;
0.185868;5.68223;
0.185888;5.683;
0.185908;5.68376;
0.185928;5.68453;
0.185948;5.68529;
0.185954;5.68551;
0.185954;5.68551;
0.185954;5.68552;
0.185955;5.68553;
0.185955;5.68555;
0.185955;5.68555;
0.185955;5.68556;
0.185956;5.68557;
0.185956;5.68559;
0.185957;5.68564;
0.18596;5.68574;
0.185965;5.68593;
0.185975;5.68633;
0.185995;5.68709;
0.186015;5.68785;
0.186035;5.68862;
0.186055;5.68938;
0.186075;5.69015;
0.186095;5.69091;
0.186115;5.69168;
0.186135;5.69244;
0.186155;5.6932;
0.186175;5.69397;
0.186195;5.69473;
0.186215;5.6955;
0.186235;5.69626;
0.186255;5.69702;
0.186275;5.69779;
0.186295;5.69855;
0.186315;5.69932;
0.186335;5.70008;
0.186355;5.70084;
0.186375;5.70161;
0.186395;5.70237;
0.186415;5.70313;
0.186435;5.7039;
0.186455;5.70466;
0.186475;5.70542;
0.186495;5.70619;
0.186515;5.70695;
0.186535;5.70771;
0.186555;5.70848;
0.186575;5.70924;
0.186595;5.71;
0.186615;5.71077;
0.18662;5.71094;
0.18662;5.71094;
0.18662;5.71095;
0.186621;5.71097;
0.186621;5.71098;
0.186621;5.71098;
0.186621;5.71099;
0.186622;5.711;
0.186622;5.71102;
0.186623;5.71107;
0.186626;5.71117;
0.186631;5.71137;
0.186641;5.71176;
0.186661;5.71252;
0.186681;5.71328;
0.186701;5.71405;
0.186721;5.71481;
0.186741;5.71557;
0.186761;5.71633;
0.186781;5.7171;
0.186801;5.71786;
0.186821;5.71862;
0.186841;5.71938;
0.186861;5.72015;
0.186881;5.72091;
0.186901;5.72167;
0.186921;5.72243;
0.186941;5.7232;
0.186961;5.72396;
0.186981;5.72472;
0.187001;5.72548;
0.187021;5.72624;
0.187041;5.72701;
0.187061;5.72777;
0.187081;5.72853;
0.187101;5.72929;
0.187121;5.73005;
0.187141;5.73082;
0.187161;5.73158;
0.187181;5.73234;
0.187201;5.7331;
0.187221;5.73386;
0.187241;5.73462;
0.187261;5.73538;
0.187281;5.73615;
0.187287;5.73636;
0.187287;5.73636;
0.187287;5.73637;
0.187288;5.73639;
0.187288;5.7364;
0.187288;5.7364;
0.187288;5.73641;
0.187289;5.73642;
0.187289;5.73644;
0.18729;5.73649;
0.187293;5.73659;
0.187298;5.73678;
0.187308;5.73717;
0.187328;5.73794;
0.187348;5.7387;
0.187368;5.73946;
0.187388;5.74022;
0.187408;5.74098;
0.187428;5.74174;
0.187448;5.7425;
0.187468;5.74326;
0.187488;5.74402;
0.187508;5.74478;
0.187528;5.74555;
0.187548;5.74631;
0.187568;5.74707;
0.187588;5.74783;
0.187608;5.74859;
0.187628;5.74935;
0.187648;5.75011;
0.187668;5.75087;
0.187688;5.75163;
0.187708;5.75239;
0.187728;5.75315;
0.187748;5.75391;
0.187768;5.75467;
0.187788;5.75543;
0.187808;5.75619;
0.187828;5.75695;
0.187848;5.75771;
0.187868;5.75847;
0.187888;5.75923;
0.187908;5.75999;
0.187928;5.76075;
0.187948;5.76151;
0.187953;5.76169;
0.187953;5.76169;
0.187953;5.7617;
0.187954;5.76171;
0.187954;5.76172;
0.187954;5.76173;
0.187954;5.76173;
0.187955;5.76174;
0.187955;5.76177;
0.187956;5.76182;
0.187959;5.76191;
0.187964;5.76211;
0.187974;5.7625;
0.187989;5.76306;
0.188005;5.76364;
0.188019;5.76419;
0.188039;5.76495;
0.188057;5.76563;
0.188076;5.76634;
0.188096;5.7671;
0.188116;5.76786;
0.188136;5.76862;
0.188156;5.76938;
0.188176;5.77014;
0.188196;5.7709;
0.188216;5.77166;
0.188236;5.77241;
0.188256;5.77317;
0.188276;5.77393;
0.188296;5.77469;
0.188316;5.77545;
0.188336;5.77621;
0.188356;5.77697;
0.188376;5.77773;
0.188396;5.77849;
0.188416;5.77924;
0.188436;5.78;
0.188456;5.78076;
0.188476;5.78152;
0.188496;5.78228;
0.188516;5.78304;
0.188536;5.78379;
0.188556;5.78455;
0.188576;5.78531;
0.188596;5.78607;
0.188616;5.78683;
0.18862;5.78699;
0.18862;5.787;
0.18862;5.78701;
0.188621;5.78702;
0.188621;5.78703;
0.188621;5.78704;
0.188621;5.78704;
0.188622;5.78705;
0.188622;5.78708;
0.188623;5.78713;
0.188626;5.78722;
0.188631;5.78742;
0.188641;5.78781;
0.188661;5.78856;
0.188681;5.78932;
0.188701;5.79008;
0.188721;5.79084;
0.188741;5.7916;
0.188761;5.79235;
0.188781;5.79311;
0.188801;5.79387;
0.188821;5.79463;
0.188841;5.79538;
0.188861;5.79614;
0.188881;5.7969;
0.188901;5.79766;
0.188921;5.79841;
0.188941;5.79917;
0.188961;5.79993;
0.188981;5.80068;
0.189001;5.80144;
0.189021;5.8022;
0.189041;5.80296;
0.189061;5.80371;
0.189081;5.80447;
0.189101;5.80523;
0.189121;5.80598;
0.189141;5.80674;
0.189161;5.8075;
0.189181;5.80825;
0.189201;5.80901;
0.189221;5.80977;
0.189241;5.81052;
0.189261;5.81128;
0.189281;5.81204;
0.189286;5.81221;
0.189286;5.81221;
0.189286;5.81222;
0.189287;5.81224;
0.189287;5.81225;
0.189287;5.81225;
0.189287;5.81226;
0.189288;5.81227;
0.189288;5.81229;
0.189289;5.81234;
0.189292;5.81244;
0.189297;5.81263;
0.189303;5.81286;
0.189307;5.813;
0.189311;5.81313;
0.189316;5.81331;
0.18932;5.81348;
0.189326;5.81367;
0.189337;5.81406;
0.189353;5.81465;
0.18937;5.81524;
0.189386;5.81584;
0.189403;5.81645;
0.189423;5.81716;
0.189443;5.81788;
0.189463;5.81859;
0.189483;5.8193;
0.189503;5.82002;
0.189523;5.82073;
0.189543;5.82145;
0.189563;5.82216;
0.189583;5.82288;
0.189603;5.82359;
0.189623;5.82431;
0.189643;5.82502;
0.189663;5.82574;
0.189683;5.82645;
0.189703;5.82716;
0.189723;5.82788;
0.189743;5.82859;
0.189763;5.82931;
0.189783;5.83002;
0.189803;5.83073;
0.189823;5.83145;
0.189843;5.83216;
0.189863;5.83288;
0.189883;5.83359;
0.189903;5.83431;
0.189923;5.83502;
0.189943;5.83573;
0.189953;5.83608;
0.189953;5.83608;
0.189953;5.83609;
0.189954;5.8361;
0.189954;5.83611;
0.189954;5.83611;
0.189954;5.83612;
0.189955;5.83613;
0.189955;5.83615;
0.189956;5.8362;
0.189959;5.83629;
0.189964;5.83647;
0.189974;5.83684;
0.189994;5.83755;
0.190014;5.83827;
0.190034;5.83898;
0.190054;5.8397;
0.190074;5.84041;
0.190094;5.84112;
0.190114;5.84184;
0.190134;5.84255;
0.190154;5.84326;
0.190174;5.84398;
0.190194;5.84469;
0.190214;5.84541;
0.190234;5.84612;
0.190254;5.84683;
0.190274;5.84755;
0.190294;5.84826;
0.190314;5.84897;
0.190334;5.84969;
0.190354;5.8504;
0.190374;5.85111;
0.190394;5.85183;
0.190414;5.85254;
0.190434;5.85325;
0.190454;5.85397;
0.190474;5.85468;
0.190494;5.85539;
0.190514;5.85611;
0.190534;5.85682;
0.190554;5.85753;
0.190574;5.85824;
0.190594;5.85896;
0.190614;5.85967;
0.190619;5.85983;
0.190619;5.85984;
0.190619;5.85985;
0.19062;5.85986;
0.19062;5.85987;
0.19062;5.85987;
0.19062;5.85988;
0.190621;5.85989;
0.190621;5.85991;
0.190622;5.85996;
0.190625;5.86005;
0.19063;5.86023;
0.19064;5.8606;
0.19066;5.86131;
0.19068;5.86202;
0.1907;5.86274;
0.19072;5.86345;
0.19074;5.86416;
0.19076;5.86488;
0.19078;5.86559;
0.1908;5.8663;
0.19082;5.86701;
0.19084;5.86773;
0.19086;5.86844;
0.19088;5.86915;
0.1909;5.86986;
0.19092;5.87058;
0.19094;5.87129;
0.19096;5.872;
0.19098;5.87271;
0.191;5.87343;
0.19102;5.87414;
0.19104;5.87485;
0.19106;5.87556;
0.19108;5.87628;
0.1911;5.87699;
0.19112;5.8777;
0.19114;5.87841;
0.19116;5.87912;
0.19118;5.87984;
0.1912;5.88055;
0.19122;5.88126;
0.19124;5.88197;
0.19126;5.88269;
0.19128;5.8834;
0.191286;5.8836;
0.191286;5.8836;
0.191286;5.88361;
0.191287;5.88362;
0.191287;5.88363;
0.191287;5.88363;
0.191287;5.88364;
0.191288;5.88365;
0.191288;5.88367;
0.191289;5.88372;
0.191292;5.88381;
0.191297;5.88399;
0.191307;5.88436;
0.191327;5.88507;
0.191347;5.88578;
0.191367;5.88649;
0.191387;5.88721;
0.191407;5.88792;
0.191427;5.88863;
0.191447;5.88934;
0.191467;5.89005;
0.191487;5.89076;
0.191507;5.89148;
0.191527;5.89219;
0.191547;5.8929;
0.191567;5.89361;
0.191587;5.89432;
0.191607;5.89503;
0.191627;5.89575;
0.191647;5.89646;
0.191667;5.89717;
0.191687;5.89788;
0.191707;5.89859;
0.191727;5.8993;
0.191747;5.90001;
0.191767;5.90073;
0.191787;5.90144;
0.191807;5.90215;
0.191827;5.90286;
0.191847;5.90357;
0.191867;5.90428;
0.191887;5.90499;
0.191907;5.9057;
0.191927;5.90641;
0.191947;5.90712;
0.191952;5.90729;
0.191952;5.90729;
0.191952;5.9073;
0.191953;5.90731;
0.191953;5.90732;
0.191953;5.90733;
0.191953;5.90733;
0.191954;5.90734;
0.191954;5.90737;
0.191955;5.90741;
0.191958;5.9075;
0.191963;5.90769;
0.191973;5.90805;
0.191993;5.90876;
0.192013;5.90947;
0.192033;5.91018;
0.192053;5.91089;
0.192073;5.9116;
0.192093;5.91231;
0.192113;5.91302;
0.192133;5.91374;
0.192153;5.91445;
0.192173;5.91516;
0.192193;5.91587;
0.192213;5.91658;
0.192233;5.91729;
0.192253;5.918;
0.192273;5.91871;
0.192293;5.91942;
0.192313;5.92013;
0.192333;5.92084;
0.192353;5.92155;
0.192373;5.92226;
0.192393;5.92297;
0.192413;5.92368;
0.192433;5.92439;
0.192453;5.9251;
0.192473;5.92581;
0.192493;5.92652;
0.192513;5.92723;
0.192533;5.92794;
0.192553;5.92865;
0.192573;5.92936;
0.192593;5.93007;
0.192613;5.93078;
0.192619;5.93098;
0.192619;5.93098;
0.192619;5.93099;
0.19262;5.931;
0.19262;5.93102;
0.19262;5.93102;
0.19262;5.93102;
0.192621;5.93104;
0.192621;5.93106;
0.192622;5.9311;
0.192625;5.93119;
0.19263;5.93138;
0.19264;5.93174;
0.19266;5.93245;
0.19268;5.93316;
0.1927;5.93387;
0.19272;5.93458;
0.19274;5.93529;
0.19276;5.936;
0.19278;5.93671;
0.1928;5.93742;
0.19282;5.93813;
0.19284;5.93884;
0.19286;5.93955;
0.19288;5.94026;
0.1929;5.94096;
0.19292;5.94167;
0.19294;5.94238;
0.19296;5.94309;
0.19298;5.9438;
0.193;5.94451;
0.19302;5.94522;
0.19304;5.94593;
0.19306;5.94664;
0.19308;5.94735;
0.1931;5.94806;
0.19312;5.94877;
0.19314;5.94947;
0.19316;5.95018;
0.19318;5.95089;
0.1932;5.9516;
0.19322;5.95231;
0.19324;5.95302;
0.19326;5.95373;
0.19328;5.95444;
0.193285;5.9546;
0.193285;5.9546;
0.193285;5.95461;
0.193286;5.95462;
0.193286;5.95463;
0.193286;5.95464;
0.193286;5.95464;
0.193287;5.95465;
0.193287;5.95468;
0.193288;5.95472;
0.193291;5.95481;
0.193296;5.95499;
0.193306;5.95536;
0.193326;5.95607;
0.193346;5.95678;
0.193364;5.95741;
0.193383;5.95806;
0.193403;5.95877;
0.193423;5.95948;
0.193443;5.96019;
0.193463;5.9609;
0.193483;5.9616;
0.193503;5.96231;
0.193523;5.96302;
0.193543;5.96373;
0.193563;5.96444;
0.193583;5.96515;
0.193603;5.96585;
0.193623;5.96656;
0.193643;5.96727;
0.193663;5.96798;
0.193683;5.96869;
0.193703;5.96939;
0.193723;5.9701;
0.193743;5.97081;
0.193763;5.97152;
0.193783;5.97223;
0.193803;5.97293;
0.193823;5.97364;
0.193843;5.97435;
0.193863;5.97506;
0.193883;5.97577;
0.193903;5.97647;
0.193923;5.97718;
0.193943;5.97789;
0.193952;5.97822;
0.193952;5.97822;
0.193952;5.97823;
0.193953;5.97824;
0.193953;5.97825;
0.193953;5.97825;
0.193953;5.97826;
0.193954;5.97827;
0.193954;5.97829;
0.193955;5.97834;
0.193958;5.97843;
0.193963;5.97861;
0.193973;5.97897;
0.193993;5.97968;
0.194013;5.98039;
0.194033;5.9811;
0.194053;5.9818;
0.194073;5.98251;
0.194093;5.98322;
0.194113;5.98392;
0.194133;5.98463;
0.194153;5.98534;
0.194173;5.98605;
0.194193;5.98675;
0.194213;5.98746;
0.194233;5.98817;
0.194253;5.98887;
0.194273;5.98958;
0.194293;5.99029;
0.194313;5.991;
0.194333;5.9917;
0.194353;5.99241;
0.194373;5.99312;
0.194393;5.99382;
0.194413;5.99453;
0.194433;5.99524;
0.194453;5.99594;
0.194473;5.99665;
0.194493;5.99736;
0.194513;5.99806;
0.194533;5.99877;
0.194553;5.99948;
0.194573;6.00018;
0.194593;6.00089;
0.194613;6.00159;
0.194618;6.00176;
0.194618;6.00176;
0.194618;6.00177;
0.194619;6.00178;
0.194619;6.00179;
0.194619;6.0018;
0.194619;6.0018;
0.19462;6.00181;
0.19462;6.00184;
0.194621;6.00188;
0.194624;6.00197;
0.194629;6.00215;
0.194639;6.00251;
0.194659;6.00322;
0.194679;6.00393;
0.194699;6.00463;
0.194716;6.00521;
0.194733;6.00582;
0.194752;6.00651;
0.194772;6.00721;
0.194792;6.00792;
0.194812;6.00862;
0.194832;6.00933;
0.194852;6.01004;
0.194872;6.01074;
0.194892;6.01145;
0.194912;6.01215;
0.194932;6.01286;
0.194952;6.01356;
0.194972;6.01427;
0.194992;6.01498;
0.195012;6.01568;
0.195032;6.01639;
0.195052;6.01709;
0.195072;6.0178;
0.195092;6.0185;
0.195112;6.01921;
0.195132;6.01991;
0.195152;6.02062;
0.195172;6.02133;
0.195192;6.02203;
0.195212;6.02274;
0.195232;6.02344;
0.195252;6.02415;
0.195272;6.02485;
0.195285;6.02529;
0.195285;6.0253;
0.195285;6.0253;
0.195286;6.02532;
0.195286;6.02533;
0.195286;6.02533;
0.195286;6.02534;
0.195287;6.02535;
0.195287;6.02537;
0.195288;6.02542;
0.195291;6.02551;
0.195296;6.02569;
0.195306;6.02605;
0.195326;6.02675;
0.195346;6.02746;
0.195366;6.02816;
0.195386;6.02887;
0.195406;6.02957;
0.195426;6.03028;
0.195446;6.03098;
0.195466;6.03169;
0.195486;6.03239;
0.195506;6.0331;
0.195526;6.0338;
0.195546;6.03451;
0.195566;6.03521;
0.195586;6.03591;
0.195606;6.03662;
0.195626;6.03732;
0.195646;6.03803;
0.195666;6.03873;
0.195686;6.03944;
0.195706;6.04014;
0.195726;6.04085;
0.195746;6.04155;
0.195766;6.04225;
0.195786;6.04296;
0.195806;6.04366;
0.195826;6.04437;
0.195846;6.04507;
0.195866;6.04577;
0.195886;6.04648;
0.195906;6.04718;
0.195926;6.04789;
0.195946;6.04859;
0.195951;6.04875;
0.195951;6.04876;
0.195951;6.04876;
0.195952;6.04878;
0.195952;6.04879;
0.195952;6.04879;
0.195952;6.0488;
0.195953;6.04881;
0.195953;6.04883;
0.195954;6.04887;
0.195957;6.04896;
0.195962;6.04914;
0.195972;6.0495;
0.195986;6.04999;
0.195997;6.05037;
0.196007;6.05073;
0.19602;6.05118;
0.196035;6.0517;
0.196051;6.05225;
0.196068;6.05287;
0.196088;6.05356;
0.196108;6.05426;
0.196128;6.05496;
0.196148;6.05566;
0.196168;6.05636;
0.196188;6.05706;
0.196208;6.05776;
0.196228;6.05846;
0.196248;6.05915;
0.196268;6.05985;
0.196288;6.06055;
0.196308;6.06125;
0.196328;6.06195;
0.196348;6.06265;
0.196368;6.06335;
0.196388;6.06404;
0.196408;6.06474;
0.196428;6.06544;
0.196448;6.06614;
0.196468;6.06684;
0.196488;6.06754;
0.196508;6.06823;
0.196528;6.06893;
0.196548;6.06963;
0.196568;6.07033;
0.196588;6.07103;
0.196608;6.07173;
0.196618;6.07206;
0.196618;6.07206;
0.196618;6.07207;
0.196619;6.07208;
0.196619;6.07209;
0.196619;6.0721;
0.196619;6.0721;
0.19662;6.07211;
0.19662;6.07213;
0.196621;6.07218;
0.196624;6.07227;
0.196629;6.07245;
0.196639;6.07281;
0.196659;6.0735;
0.196679;6.0742;
0.196699;6.0749;
0.196719;6.0756;
0.196739;6.07629;
0.196759;6.07699;
0.196779;6.07769;
0.196799;6.07839;
0.196819;6.07909;
0.196839;6.07978;
0.196859;6.08048;
0.196879;6.08118;
0.196899;6.08188;
0.196919;6.08257;
0.196939;6.08327;
0.196959;6.08397;
0.196979;6.08466;
0.196999;6.08536;
0.197019;6.08606;
0.197039;6.08676;
0.197059;6.08745;
0.197079;6.08815;
0.197099;6.08885;
0.197119;6.08954;
0.197139;6.09024;
0.197159;6.09094;
0.197179;6.09164;
0.197199;6.09233;
0.197219;6.09303;
0.197239;6.09373;
0.197259;6.09442;
0.197279;6.09512;
0.197284;6.09528;
0.197284;6.09528;
0.197284;6.09529;
0.197285;6.0953;
0.197285;6.09532;
0.197285;6.09532;
0.197285;6.09532;
0.197286;6.09533;
0.197286;6.09536;
0.197287;6.0954;
0.19729;6.09549;
0.197295;6.09567;
0.197305;6.09603;
0.197312;6.09624;
0.197318;6.09644;
0.197323;6.09662;
0.197328;6.09679;
0.197336;6.09706;
0.197353;6.09761;
0.197366;6.09804;
0.19738;6.09849;
0.197395;6.099;
0.197415;6.09966;
0.197435;6.10032;
0.197455;6.10098;
0.197475;6.10164;
0.197495;6.1023;
0.197515;6.10296;
0.197535;6.10362;
0.197555;6.10428;
0.197575;6.10494;
0.197595;6.1056;
0.197615;6.10626;
0.197635;6.10692;
0.197655;6.10758;
0.197675;6.10824;
0.197695;6.1089;
0.197715;6.10955;
0.197735;6.11021;
0.197755;6.11087;
0.197775;6.11153;
0.197795;6.11219;
0.197815;6.11285;
0.197835;6.11351;
0.197855;6.11417;
0.197875;6.11483;
0.197895;6.11549;
0.197915;6.11615;
0.197935;6.11681;
0.197951;6.11734;
0.197951;6.11734;
0.197951;6.11735;
0.197952;6.11736;
0.197952;6.11737;
0.197952;6.11737;
0.197952;6.11738;
0.197953;6.11739;
0.197953;6.11741;
0.197954;6.11745;
0.197957;6.11754;
0.197962;6.11771;
0.197972;6.11804;
0.197992;6.1187;
0.198012;6.11936;
0.198032;6.12002;
0.198052;6.12068;
0.198072;6.12134;
0.198092;6.122;
0.198112;6.12266;
0.198132;6.12332;
0.198152;6.12398;
0.198172;6.12464;
0.198192;6.1253;
0.198212;6.12596;
0.198232;6.12662;
0.198252;6.12728;
0.198272;6.12794;
0.198292;6.1286;
0.198312;6.12925;
0.198332;6.12991;
0.198352;6.13057;
0.198372;6.13123;
0.198392;6.13189;
0.198412;6.13255;
0.198432;6.13321;
0.198452;6.13387;
0.198472;6.13453;
0.198492;6.13519;
0.198512;6.13585;
0.198532;6.1365;
0.198552;6.13716;
0.198572;6.13782;
0.198592;6.13848;
0.198612;6.13914;
0.198617;6.13929;
0.198617;6.1393;
0.198617;6.1393;
0.198618;6.13932;
0.198618;6.13933;
0.198618;6.13933;
0.198618;6.13933;
0.198619;6.13934;
0.198619;6.13936;
0.19862;6.13941;
0.198623;6.13949;
0.198628;6.13966;
0.198638;6.14;
0.198658;6.14066;
0.198678;6.14132;
0.198698;6.14197;
0.198718;6.14263;
0.198738;6.14329;
0.198758;6.14395;
0.198778;6.14461;
0.198798;6.14527;
0.198818;6.14593;
0.198838;6.14659;
0.198858;6.14724;
0.198878;6.1479;
0.198898;6.14856;
0.198918;6.14922;
0.198938;6.14988;
0.198958;6.15054;
0.198978;6.1512;
0.198998;6.15185;
0.199018;6.15251;
0.199038;6.15317;
0.199058;6.15383;
0.199078;6.15449;
0.199098;6.15515;
0.199118;6.15581;
0.199138;6.15646;
0.199158;6.15712;
0.199178;6.15778;
0.199198;6.15844;
0.199218;6.1591;
0.199238;6.15976;
0.199258;6.16041;
0.199278;6.16107;
0.199284;6.16126;
0.199284;6.16126;
0.199284;6.16127;
0.199285;6.16128;
0.199285;6.16129;
0.199285;6.16129;
0.199285;6.1613;
0.199286;6.16131;
0.199286;6.16133;
0.199287;6.16137;
0.19929;6.16146;
0.199295;6.16162;
0.199305;6.16196;
0.199325;6.16262;
0.199345;6.16328;
0.199365;6.16394;
0.199385;6.16459;
0.199405;6.16525;
0.199425;6.16591;
0.199445;6.16657;
0.199465;6.16723;
0.199485;6.16788;
0.199505;6.16854;
0.199525;6.1692;
0.199545;6.16986;
0.199565;6.17052;
0.199585;6.17117;
0.199605;6.17183;
0.199625;6.17249;
0.199645;6.17315;
0.199665;6.17381;
0.199685;6.17446;
0.199705;6.17512;
0.199725;6.17578;
0.199745;6.17644;
0.199765;6.1771;
0.199785;6.17775;
0.199805;6.17841;
0.199825;6.17907;
0.199845;6.17973;
0.199865;6.18038;
0.199885;6.18104;
0.199905;6.1817;
0.199925;6.18236;
0.199945;6.18301;
0.19995;6.18317;
0.19995;6.18317;
0.19995;6.18318;
0.199951;6.18319;
0.199951;6.1832;
0.199951;6.1832;
0.199951;6.18321;
0.199952;6.18322;
0.199952;6.18324;
0.199953;6.18328;
0.199956;6.18336;
0.199961;6.18353;
0.199971;6.18387;
0.199991;6.18453;
0.200011;6.18518;
0.200031;6.18584;
0.200051;6.1865;
0.200071;6.18716;
0.200091;6.18781;
0.200111;6.18847;
0.200131;6.18913;
0.200151;6.18979;
0.200171;6.19044;
0.200191;6.1911;
0.200211;6.19176;
0.200231;6.19242;
0.200251;6.19307;
0.200271;6.19373;
0.200291;6.19439;
0.200311;6.19504;
0.200331;6.1957;
0.200351;6.19636;
0.200371;6.19702;
0.200391;6.19767;
0.200411;6.19833;
0.200431;6.19899;
0.200451;6.19964;
0.200471;6.2003;
0.200491;6.20096;
0.200511;6.20161;
0.200531;6.20227;
0.200551;6.20293;
0.200571;6.20359;
0.200591;6.20424;
0.200611;6.2049;
0.200617;6.20508;
0.200617;6.20509;
0.200617;6.20509;
0.200618;6.20511;
0.200618;6.20512;
0.200618;6.20512;
0.200618;6.20512;
0.200619;6.20513;
0.200619;6.20516;
0.20062;6.2052;
0.200623;6.20528;
0.200628;6.20545;
0.200638;6.20579;
0.200658;6.20644;
0.200678;6.2071;
0.200698;6.20776;
0.200718;6.20841;
0.200738;6.20907;
0.200758;6.20973;
0.200778;6.21038;
0.200798;6.21104;
0.200818;6.2117;
0.200838;6.21235;
0.200858;6.21301;
0.200878;6.21367;
0.200898;6.21432;
0.200918;6.21498;
0.200938;6.21563;
0.200958;6.21629;
0.200978;6.21695;
0.200998;6.2176;
0.201018;6.21826;
0.201038;6.21892;
0.201058;6.21957;
0.201078;6.22023;
0.201098;6.22089;
0.201118;6.22154;
0.201138;6.2222;
0.201158;6.22285;
0.201178;6.22351;
0.201198;6.22417;
0.201218;6.22482;
0.201238;6.22548;
0.201258;6.22613;
0.201278;6.22679;
0.201283;6.22694;
0.201283;6.22694;
0.201283;6.22695;
0.201284;6.22696;
0.201284;6.22697;
0.201284;6.22698;
0.201284;6.22698;
0.201285;6.22699;
0.201285;6.22701;
0.201286;6.22706;
0.201289;6.22714;
0.201294;6.22731;
0.201304;6.22764;
0.201324;6.2283;
0.201344;6.22895;
0.201364;6.22961;
0.201384;6.23027;
0.201404;6.23092;
0.201424;6.23158;
0.201444;6.23223;
0.201464;6.23289;
0.201484;6.23355;
0.201504;6.2342;
0.201524;6.23486;
0.201544;6.23551;
0.201564;6.23617;
0.201584;6.23682;
0.201604;6.23748;
0.201624;6.23814;
0.201644;6.23879;
0.201664;6.23945;
0.201684;6.2401;
0.201704;6.24076;
0.201724;6.24141;
0.201744;6.24207;
0.201764;6.24272;
0.201784;6.24338;
0.201804;6.24403;
0.201824;6.24469;
0.201844;6.24535;
0.201864;6.246;
0.201884;6.24666;
0.201904;6.24731;
0.201924;6.24797;
0.201944;6.24862;
0.20195;6.2488;
0.20195;6.24881;
0.20195;6.24881;
0.201951;6.24883;
0.201951;6.24884;
0.201951;6.24884;
0.201951;6.24885;
0.201952;6.24886;
0.201952;6.24888;
0.201953;6.24892;
0.201956;6.249;
0.201961;6.24917;
0.201971;6.24951;
0.201991;6.25016;
0.202011;6.25082;
0.202031;6.25147;
0.202051;6.25213;
0.202071;6.25278;
0.202091;6.25344;
0.202111;6.25409;
0.202131;6.25475;
0.202151;6.2554;
0.202171;6.25606;
0.202191;6.25671;
0.202211;6.25737;
0.202231;6.25802;
0.202251;6.25867;
0.202271;6.25933;
0.202291;6.25998;
0.202311;6.26064;
0.202331;6.26129;
0.202351;6.26195;
0.202371;6.2626;
0.202391;6.26326;
0.202411;6.26391;
0.202431;6.26457;
0.202451;6.26522;
0.202471;6.26588;
0.202491;6.26653;
0.202511;6.26718;
0.202531;6.26784;
0.202551;6.26849;
0.202571;6.26915;
0.202591;6.2698;
0.202611;6.27046;
0.202616;6.27061;
0.202616;6.27061;
0.202616;6.27062;
0.202617;6.27063;
0.202617;6.27064;
0.202617;6.27064;
0.202617;6.27065;
0.202618;6.27066;
0.202618;6.27068;
0.202619;6.27072;
0.202622;6.2708;
0.202627;6.27097;
0.202637;6.27131;
0.202657;6.27196;
0.202677;6.27262;
0.202697;6.27327;
0.202714;6.27382;
0.202732;6.2744;
0.202752;6.27506;
0.202772;6.27571;
0.202792;6.27636;
0.202812;6.27702;
0.202832;6.27767;
0.202852;6.27833;
0.202872;6.27898;
0.202892;6.27963;
0.202912;6.28029;
0.202932;6.28094;
0.202952;6.2816;
0.202972;6.28225;
0.202992;6.2829;
0.203012;6.28356;
0.203032;6.28421;
0.203052;6.28486;
0.203072;6.28552;
0.203092;6.28617;
0.203112;6.28683;
0.203132;6.28748;
0.203152;6.28813;
0.203172;6.28879;
0.203192;6.28944;
0.203212;6.29009;
0.203232;6.29075;
0.203252;6.2914;
0.203272;6.29205;
0.203283;6.29241;
0.203283;6.29241;
0.203283;6.29242;
0.203284;6.29243;
0.203284;6.29244;
0.203284;6.29245;
0.203284;6.29245;
0.203285;6.29246;
0.203285;6.29248;
0.203286;6.29253;
0.203289;6.29261;
0.203294;6.29278;
0.203304;6.29311;
0.203324;6.29376;
0.203344;6.29442;
0.203364;6.29507;
0.203384;6.29572;
0.203404;6.29638;
0.203424;6.29703;
0.203444;6.29768;
0.203464;6.29834;
0.203484;6.29899;
0.203504;6.29964;
0.203524;6.3003;
0.203544;6.30095;
0.203564;6.3016;
0.203584;6.30225;
0.203604;6.30291;
0.203624;6.30356;
0.203644;6.30421;
0.203664;6.30487;
0.203684;6.30552;
0.203704;6.30617;
0.203724;6.30682;
0.203744;6.30748;
0.203764;6.30813;
0.203784;6.30878;
0.203804;6.30943;
0.203824;6.31009;
0.203844;6.31074;
0.203864;6.31139;
0.203884;6.31204;
0.203904;6.3127;
0.203924;6.31335;
0.203944;6.314;
0.203949;6.31415;
0.203949;6.31416;
0.203949;6.31416;
0.20395;6.31418;
0.20395;6.31418;
0.20395;6.31419;
0.20395;6.31419;
0.203951;6.3142;
0.203951;6.31422;
0.203952;6.31427;
0.203955;6.31435;
0.20396;6.31452;
0.20397;6.31485;
0.203978;6.3151;
0.203986;6.31534;
0.203992;6.31553;
0.203998;6.31573;
0.204009;6.31607;
0.204026;6.31659;
0.204043;6.31712;
0.20406;6.31765;
0.204077;6.31819;
0.204097;6.31882;
0.204117;6.31944;
0.204137;6.32006;
0.204157;6.32069;
0.204177;6.32131;
0.204197;6.32193;
0.204217;6.32256;
0.204237;6.32318;
0.204257;6.3238;
0.204277;6.32443;
0.204297;6.32505;
0.204317;6.32568;
0.204337;6.3263;
0.204357;6.32692;
0.204377;6.32755;
0.204397;6.32817;
0.204417;6.32879;
0.204437;6.32942;
0.204457;6.33004;
0.204477;6.33066;
0.204497;6.33129;
0.204517;6.33191;
0.204537;6.33253;
0.204557;6.33316;
0.204577;6.33378;
0.204597;6.3344;
0.204616;6.33499;
0.204616;6.33499;
0.204616;6.335;
0.204617;6.33501;
0.204617;6.33502;
0.204617;6.33502;
0.204617;6.33503;
0.204618;6.33504;
0.204618;6.33506;
0.204619;6.3351;
0.204622;6.33518;
0.204627;6.33534;
0.204637;6.33566;
0.204657;6.33628;
0.204677;6.3369;
0.204697;6.33753;
0.204717;6.33815;
0.204737;6.33877;
0.204757;6.3394;
0.204777;6.34002;
0.204797;6.34064;
0.204817;6.34127;
0.204837;6.34189;
0.204857;6.34251;
0.204877;6.34314;
0.204897;6.34376;
0.204917;6.34438;
0.204937;6.34501;
0.204957;6.34563;
0.204977;6.34625;
0.204997;6.34688;
0.205017;6.3475;
0.205037;6.34812;
0.205057;6.34874;
0.205077;6.34937;
0.205097;6.34999;
0.205117;6.35061;
0.205137;6.35124;
0.205157;6.35186;
0.205177;6.35248;
0.205197;6.35311;
0.205217;6.35373;
0.205237;6.35435;
0.205257;6.35497;
0.205277;6.3556;
0.205282;6.35574;
0.205282;6.35574;
0.205282;6.35575;
0.205283;6.35576;
0.205283;6.35577;
0.205283;6.35577;
0.205283;6.35578;
0.205284;6.35579;
0.205284;6.35581;
0.205285;6.35585;
0.205288;6.35593;
0.205293;6.35609;
0.205303;6.35641;
0.205323;6.35703;
0.205343;6.35765;
0.205363;6.35828;
0.205383;6.3589;
0.205403;6.35952;
0.205423;6.36014;
0.205443;6.36077;
0.205463;6.36139;
0.205483;6.36201;
0.205503;6.36263;
0.205523;6.36326;
0.205543;6.36388;
0.205563;6.3645;
0.205583;6.36512;
0.205603;6.36575;
0.205623;6.36637;
0.205643;6.36699;
0.205663;6.36762;
0.205683;6.36824;
0.205703;6.36886;
0.205723;6.36948;
0.205743;6.37011;
0.205763;6.37073;
0.205783;6.37135;
0.205803;6.37197;
0.205823;6.3726;
0.205843;6.37322;
0.205863;6.37384;
0.205883;6.37446;
0.205903;6.37508;
0.205923;6.37571;
0.205943;6.37633;
0.205949;6.3765;
0.205949;6.37651;
0.205949;6.37651;
0.20595;6.37653;
0.20595;6.37653;
0.20595;6.37654;
0.20595;6.37654;
0.205951;6.37655;
0.205951;6.37657;
0.205952;6.37661;
0.205955;6.37669;
0.20596;6.37685;
0.20597;6.37717;
0.20599;6.37779;
0.20601;6.37841;
0.20603;6.37904;
0.20605;6.37966;
0.20607;6.38028;
0.20609;6.3809;
0.20611;6.38153;
0.20613;6.38215;
0.20615;6.38277;
0.20617;6.38339;
0.20619;6.38401;
0.20621;6.38464;
0.20623;6.38526;
0.20625;6.38588;
0.20627;6.3865;
0.20629;6.38712;
0.20631;6.38775;
0.20633;6.38837;
0.20635;6.38899;
0.20637;6.38961;
0.20639;6.39023;
0.20641;6.39086;
0.20643;6.39148;
0.20645;6.3921;
0.20647;6.39272;
0.20649;6.39334;
0.20651;6.39397;
0.20653;6.39459;
0.20655;6.39521;
0.20657;6.39583;
0.20659;6.39645;
0.20661;6.39707;
0.206615;6.39722;
0.206615;6.39722;
0.206615;6.39723;
0.206616;6.39724;
0.206616;6.39725;
0.206616;6.39725;
0.206616;6.39726;
0.206617;6.39727;
0.206617;6.39729;
0.206618;6.39733;
0.206621;6.39741;
0.206626;6.39756;
0.206636;6.39788;
0.206656;6.3985;
0.206676;6.39913;
0.206696;6.39975;
0.206716;6.40037;
0.206736;6.40099;
0.206756;6.40161;
0.206776;6.40223;
0.206796;6.40286;
0.206816;6.40348;
0.206836;6.4041;
0.206856;6.40472;
0.206876;6.40534;
0.206896;6.40596;
0.206916;6.40659;
0.206936;6.40721;
0.206956;6.40783;
0.206976;6.40845;
0.206996;6.40907;
0.207016;6.40969;
0.207036;6.41031;
0.207056;6.41094;
0.207076;6.41156;
0.207096;6.41218;
0.207116;6.4128;
0.207136;6.41342;
0.207156;6.41404;
0.207176;6.41466;
0.207196;6.41528;
0.207216;6.41591;
0.207236;6.41653;
0.207256;6.41715;
0.207276;6.41777;
0.207282;6.41794;
0.207282;6.41795;
0.207282;6.41795;
0.207283;6.41797;
0.207283;6.41797;
0.207283;6.41798;
0.207283;6.41798;
0.207284;6.41799;
0.207284;6.41801;
0.207285;6.41805;
0.207288;6.41813;
0.207293;6.41829;
0.207303;6.41861;
0.207323;6.41923;
0.207343;6.41985;
0.207363;6.42047;
0.207383;6.42109;
0.207403;6.42171;
0.207423;6.42233;
0.207443;6.42296;
0.207463;6.42358;
0.207483;6.4242;
0.207503;6.42482;
0.207523;6.42544;
0.207543;6.42606;
0.207563;6.42668;
0.207583;6.4273;
0.207603;6.42792;
0.207623;6.42854;
0.207643;6.42916;
0.207663;6.42979;
0.207683;6.43041;
0.207703;6.43103;
0.207723;6.43165;
0.207743;6.43227;
0.207763;6.43289;
0.207783;6.43351;
0.207803;6.43413;
0.207823;6.43475;
0.207843;6.43537;
0.207863;6.43599;
0.207883;6.43661;
0.207903;6.43723;
0.207923;6.43785;
0.207943;6.43847;
0.207948;6.43862;
0.207948;6.43862;
0.207948;6.43863;
0.207949;6.43864;
0.207949;6.43865;
0.207949;6.43865;
0.207949;6.43866;
0.20795;6.43867;
0.20795;6.43869;
0.207951;6.43872;
0.207954;6.4388;
0.207959;6.43896;
0.207969;6.43928;
0.207989;6.4399;
0.208009;6.44052;
0.208029;6.44114;
0.208046;6.44166;
0.208064;6.44221;
0.208084;6.44283;
0.208104;6.44345;
0.208124;6.44407;
0.208144;6.44469;
0.208164;6.44531;
0.208184;6.44593;
0.208204;6.44655;
0.208224;6.44717;
0.208244;6.44779;
0.208264;6.44841;
0.208284;6.44903;
0.208304;6.44965;
0.208324;6.45027;
0.208344;6.45089;
0.208364;6.45151;
0.208384;6.45213;
0.208404;6.45275;
0.208424;6.45337;
0.208444;6.45399;
0.208464;6.45461;
0.208484;6.45523;
0.208504;6.45585;
0.208524;6.45647;
0.208544;6.45709;
0.208564;6.45771;
0.208584;6.45833;
0.208604;6.45895;
0.208615;6.4593;
0.208615;6.4593;
0.208615;6.45931;
0.208616;6.45932;
0.208616;6.45933;
0.208616;6.45933;
0.208616;6.45934;
0.208617;6.45935;
0.208617;6.45937;
0.208618;6.45941;
0.208621;6.45949;
0.208626;6.45964;
0.208636;6.45996;
0.208656;6.46058;
0.208676;6.4612;
0.208696;6.46182;
0.208716;6.46244;
0.208736;6.46306;
0.208756;6.46368;
0.208776;6.4643;
0.208796;6.46492;
0.208816;6.46554;
0.208836;6.46616;
0.208856;6.46678;
0.208876;6.4674;
0.208896;6.46802;
0.208916;6.46864;
0.208936;6.46926;
0.208956;6.46988;
0.208976;6.4705;
0.208996;6.47111;
0.209016;6.47173;
0.209036;6.47235;
0.209056;6.47297;
0.209076;6.47359;
0.209096;6.47421;
0.209116;6.47483;
0.209136;6.47545;
0.209156;6.47607;
0.209176;6.47669;
0.209196;6.47731;
0.209216;6.47793;
0.209236;6.47855;
0.209256;6.47916;
0.209276;6.47978;
0.209281;6.47993;
0.209281;6.47993;
0.209281;6.47994;
0.209282;6.47995;
0.209282;6.47996;
0.209282;6.47996;
0.209282;6.47996;
0.209283;6.47997;
0.209283;6.47999;
0.209284;6.48003;
0.209287;6.48011;
0.209292;6.48027;
0.209302;6.48059;
0.20931;6.48084;
0.209319;6.48108;
0.209325;6.48128;
0.209332;6.48149;
0.209344;6.48184;
0.20936;6.48231;
0.209379;6.48288;
0.209398;6.48343;
0.209416;6.48397;
0.209436;6.48456;
0.209456;6.48515;
0.209476;6.48575;
0.209496;6.48634;
0.209516;6.48693;
0.209536;6.48753;
0.209556;6.48812;
0.209576;6.48871;
0.209596;6.4893;
0.209616;6.4899;
0.209636;6.49049;
0.209656;6.49108;
0.209676;6.49167;
0.209696;6.49227;
0.209716;6.49286;
0.209736;6.49345;
0.209756;6.49404;
0.209776;6.49464;
0.209796;6.49523;
0.209816;6.49582;
0.209836;6.49641;
0.209856;6.49701;
0.209876;6.4976;
0.209896;6.49819;
0.209916;6.49879;
0.209936;6.49938;
0.209948;6.49973;
0.209948;6.49974;
0.209948;6.49974;
0.209949;6.49975;
0.209949;6.49976;
0.209949;6.49976;
0.209949;6.49977;
0.20995;6.49978;
0.20995;6.4998;
0.209951;6.49984;
0.209954;6.49991;
0.209959;6.50006;
0.209969;6.50037;
0.209989;6.50096;
0.210009;6.50155;
0.210029;6.50214;
0.210049;6.50274;
0.210069;6.50333;
0.210089;6.50392;
0.210109;6.50451;
0.210129;6.50511;
0.210149;6.5057;
0.210169;6.50629;
0.210189;6.50688;
0.210209;6.50748;
0.210229;6.50807;
0.210249;6.50866;
0.210269;6.50925;
0.210289;6.50985;
0.210309;6.51044;
0.210329;6.51103;
0.210349;6.51162;
0.210369;6.51222;
0.210389;6.51281;
0.210409;6.5134;
0.210429;6.51399;
0.210449;6.51458;
0.210469;6.51518;
0.210489;6.51577;
0.210509;6.51636;
0.210529;6.51695;
0.210549;6.51755;
0.210569;6.51814;
0.210589;6.51873;
0.210609;6.51932;
0.210614;6.51946;
0.210614;6.51946;
0.210614;6.51947;
0.210615;6.51948;
0.210615;6.51949;
0.210615;6.51949;
0.210615;6.5195;
0.210616;6.51951;
0.210616;6.51952;
0.210617;6.51956;
0.21062;6.51964;
0.210625;6.51979;
0.210635;6.52009;
0.210655;6.52068;
0.210675;6.52128;
0.210695;6.52187;
0.210715;6.52246;
0.210735;6.52305;
0.210755;6.52365;
0.210775;6.52424;
0.210795;6.52483;
0.210815;6.52542;
0.210835;6.52601;
0.210855;6.52661;
0.210875;6.5272;
0.210895;6.52779;
0.210915;6.52838;
0.210935;6.52897;
0.210955;6.52957;
0.210975;6.53016;
0.210995;6.53075;
0.211015;6.53134;
0.211035;6.53194;
0.211055;6.53253;
0.211075;6.53312;
0.211095;6.53371;
0.211115;6.5343;
0.211135;6.5349;
0.211155;6.53549;
0.211175;6.53608;
0.211195;6.53667;
0.211215;6.53726;
0.211235;6.53785;
0.211255;6.53845;
0.211275;6.53904;
0.211281;6.5392;
0.211281;6.53921;
0.211281;6.53921;
0.211282;6.53923;
0.211282;6.53923;
0.211282;6.53924;
0.211282;6.53924;
0.211283;6.53925;
0.211283;6.53927;
0.211284;6.53931;
0.211287;6.53938;
0.211292;6.53953;
0.211302;6.53984;
0.211322;6.54043;
0.211342;6.54102;
0.211362;6.54161;
0.211382;6.54221;
0.211402;6.5428;
0.211422;6.54339;
0.211442;6.54398;
0.211462;6.54457;
0.211482;6.54516;
0.211502;6.54576;
0.211522;6.54635;
0.211542;6.54694;
0.211562;6.54753;
0.211582;6.54812;
0.211602;6.54871;
0.211622;6.54931;
0.211642;6.5499;
0.211662;6.55049;
0.211682;6.55108;
0.211702;6.55167;
0.211722;6.55226;
0.211742;6.55286;
0.211762;6.55345;
0.211782;6.55404;
0.211802;6.55463;
0.211822;6.55522;
0.211842;6.55581;
0.211862;6.55641;
0.211882;6.557;
0.211902;6.55759;
0.211922;6.55818;
0.211942;6.55877;
0.211947;6.55891;
0.211947;6.55891;
0.211947;6.55892;
0.211948;6.55893;
0.211948;6.55894;
0.211948;6.55894;
0.211948;6.55894;
0.211949;6.55895;
0.211949;6.55897;
0.21195;6.55901;
0.211953;6.55909;
0.211958;6.55924;
0.211968;6.55954;
0.211988;6.56013;
0.212008;6.56072;
0.212028;6.56132;
0.212048;6.56191;
0.212068;6.5625;
0.212088;6.56309;
0.212108;6.56368;
0.212128;6.56427;
0.212148;6.56486;
0.212168;6.56546;
0.212188;6.56605;
0.212208;6.56664;
0.212228;6.56723;
0.212248;6.56782;
0.212268;6.56841;
0.212288;6.569;
0.212308;6.56959;
0.212328;6.57019;
0.212348;6.57078;
0.212368;6.57137;
0.212388;6.57196;
0.212408;6.57255;
0.212428;6.57314;
0.212448;6.57373;
0.212468;6.57432;
0.212488;6.57492;
0.212508;6.57551;
0.212528;6.5761;
0.212548;6.57669;
0.212568;6.57728;
0.212588;6.57787;
0.212608;6.57846;
0.212614;6.57863;
0.212614;6.57863;
0.212614;6.57864;
0.212615;6.57865;
0.212615;6.57866;
0.212615;6.57866;
0.212615;6.57866;
0.212616;6.57867;
0.212616;6.57869;
0.212617;6.57873;
0.21262;6.57881;
0.212625;6.57896;
0.212635;6.57926;
0.212655;6.57985;
0.212675;6.58044;
0.212695;6.58103;
0.212715;6.58162;
0.212735;6.58221;
0.212755;6.58281;
0.212775;6.5834;
0.212795;6.58399;
0.212815;6.58458;
0.212835;6.58517;
0.212855;6.58576;
0.212875;6.58635;
0.212895;6.58694;
0.212915;6.58753;
0.212935;6.58812;
0.212955;6.58871;
0.212975;6.58931;
0.212995;6.5899;
0.213015;6.59049;
0.213035;6.59108;
0.213055;6.59167;
0.213075;6.59226;
0.213095;6.59285;
0.213115;6.59344;
0.213135;6.59403;
0.213155;6.59462;
0.213175;6.59521;
0.213195;6.5958;
0.213215;6.59639;
0.213235;6.59698;
0.213255;6.59758;
0.213275;6.59817;
0.21328;6.5983;
0.21328;6.5983;
0.21328;6.59831;
0.213281;6.59832;
0.213281;6.59833;
0.213281;6.59833;
0.213281;6.59834;
0.213282;6.59835;
0.213282;6.59837;
0.213283;6.5984;
0.213286;6.59848;
0.213291;6.59863;
0.213301;6.59893;
0.213317;6.59939;
0.213334;6.59991;
0.213354;6.6005;
0.213374;6.60109;
0.213394;6.60168;
0.213414;6.60226;
0.213434;6.60285;
0.213454;6.60344;
0.213474;6.60403;
0.213494;6.60462;
0.213514;6.60521;
0.213534;6.6058;
0.213554;6.60639;
0.213574;6.60698;
0.213594;6.60757;
0.213614;6.60817;
0.213634;6.60876;
0.213654;6.60935;
0.213674;6.60994;
0.213694;6.61053;
0.213714;6.61112;
0.213734;6.61171;
0.213754;6.6123;
0.213774;6.61289;
0.213794;6.61348;
0.213814;6.61407;
0.213834;6.61466;
0.213854;6.61525;
0.213874;6.61584;
0.213894;6.61643;
0.213914;6.61702;
0.213934;6.61761;
0.213947;6.61799;
0.213947;6.61799;
0.213947;6.618;
0.213948;6.61801;
0.213948;6.61802;
0.213948;6.61802;
0.213948;6.61803;
0.213949;6.61803;
0.213949;6.61805;
0.21395;6.61809;
0.213953;6.61817;
0.213958;6.61832;
0.213968;6.61862;
0.213988;6.61921;
0.214008;6.6198;
0.214028;6.62039;
0.214048;6.62098;
0.214068;6.62157;
0.214088;6.62216;
0.214108;6.62275;
0.214128;6.62334;
0.214148;6.62393;
0.214168;6.62452;
0.214188;6.62511;
0.214208;6.6257;
0.214228;6.62629;
0.214248;6.62688;
0.214268;6.62747;
0.214288;6.62806;
0.214308;6.62865;
0.214328;6.62924;
0.214348;6.62983;
0.214368;6.63042;
0.214388;6.63101;
0.214408;6.6316;
0.214428;6.63219;
0.214448;6.63278;
0.214468;6.63337;
0.214488;6.63396;
0.214508;6.63455;
0.214528;6.63513;
0.214548;6.63572;
0.214568;6.63631;
0.214588;6.6369;
0.214608;6.63749;
0.214613;6.63763;
0.214613;6.63763;
0.214613;6.63764;
0.214614;6.63765;
0.214614;6.63766;
0.214614;6.63766;
0.214614;6.63766;
0.214615;6.63767;
0.214615;6.63769;
0.214616;6.63773;
0.214619;6.63781;
0.214624;6.63796;
0.214634;6.63826;
0.21464;6.63842;
0.214645;6.63857;
0.21465;6.63871;
0.214655;6.63885;
0.214665;6.63911;
0.214683;6.63963;
0.214697;6.64;
0.214711;6.64038;
0.214727;6.64083;
0.214747;6.64139;
0.214767;6.64194;
0.214787;6.6425;
0.214807;6.64306;
0.214827;6.64361;
0.214847;6.64417;
0.214867;6.64472;
0.214887;6.64528;
0.214907;6.64584;
0.214927;6.64639;
0.214947;6.64695;
0.214967;6.64751;
0.214987;6.64806;
0.215007;6.64862;
0.215027;6.64917;
0.215047;6.64973;
0.215067;6.65029;
0.215087;6.65084;
0.215107;6.6514;
0.215127;6.65196;
0.215147;6.65251;
0.215167;6.65307;
0.215187;6.65362;
0.215207;6.65418;
0.215227;6.65474;
0.215247;6.65529;
0.215267;6.65585;
0.21528;6.65622;
0.21528;6.65622;
0.21528;6.65623;
0.215281;6.65624;
0.215281;6.65625;
0.215281;6.65625;
0.215281;6.65625;
0.215282;6.65626;
0.215282;6.65628;
0.215283;6.65632;
0.215286;6.65639;
0.215291;6.65653;
0.215301;6.65682;
0.215321;6.65737;
0.215341;6.65793;
0.215361;6.65848;
0.215381;6.65904;
0.215401;6.6596;
0.215421;6.66015;
0.215441;6.66071;
0.215461;6.66127;
0.215481;6.66182;
0.215501;6.66238;
0.215521;6.66293;
0.215541;6.66349;
0.215561;6.66405;
0.215581;6.6646;
0.215601;6.66516;
0.215621;6.66572;
0.215641;6.66627;
0.215661;6.66683;
0.215681;6.66738;
0.215701;6.66794;
0.215721;6.6685;
0.215741;6.66905;
0.215761;6.66961;
0.215781;6.67017;
0.215801;6.67072;
0.215821;6.67128;
0.215841;6.67183;
0.215861;6.67239;
0.215881;6.67295;
0.215901;6.6735;
0.215921;6.67406;
0.215941;6.67462;
0.215946;6.67474;
0.215946;6.67475;
0.215946;6.67475;
0.215947;6.67476;
0.215947;6.67477;
0.215947;6.67477;
0.215947;6.67478;
0.215948;6.67479;
0.215948;6.6748;
0.215949;6.67484;
0.215952;6.67491;
0.215957;6.67505;
0.215967;6.67534;
0.215987;6.67589;
0.216007;6.67645;
0.216027;6.67699;
0.216047;6.67755;
0.216067;6.67811;
0.216087;6.67866;
0.216107;6.67922;
0.216127;6.67977;
0.216147;6.68033;
0.216167;6.68089;
0.216187;6.68144;
0.216207;6.682;
0.216227;6.68256;
0.216247;6.68311;
0.216267;6.68367;
0.216287;6.68422;
0.216307;6.68478;
0.216327;6.68534;
0.216347;6.68589;
0.216367;6.68645;
0.216387;6.68701;
0.216407;6.68756;
0.216427;6.68812;
0.216447;6.68867;
0.216467;6.68923;
0.216487;6.68979;
0.216507;6.69034;
0.216527;6.6909;
0.216547;6.69145;
0.216567;6.69201;
0.216587;6.69257;
0.216607;6.69312;
0.216613;6.69329;
0.216613;6.6933;
0.216613;6.6933;
0.216614;6.69331;
0.216614;6.69332;
0.216614;6.69332;
0.216614;6.69333;
0.216615;6.69334;
0.216615;6.69335;
0.216616;6.69339;
0.216619;6.69346;
0.216624;6.6936;
0.216634;6.69389;
0.216654;6.69444;
0.216674;6.695;
0.216694;6.69556;
0.216714;6.69611;
0.216734;6.69667;
0.216754;6.69723;
0.216774;6.69778;
0.216794;6.69834;
0.216814;6.69889;
0.216834;6.69945;
0.216854;6.70001;
0.216874;6.70056;
0.216894;6.70112;
0.216914;6.70168;
0.216934;6.70223;
0.216954;6.70279;
0.216974;6.70334;
0.216994;6.7039;
0.217014;6.70446;
0.217034;6.70501;
0.217054;6.70557;
0.217074;6.70612;
0.217094;6.70668;
0.217114;6.70724;
0.217134;6.70779;
0.217154;6.70835;
0.217174;6.70891;
0.217194;6.70946;
0.217214;6.71002;
0.217234;6.71057;
0.217254;6.71113;
0.217274;6.71169;
0.217279;6.71181;
0.217279;6.71182;
0.217279;6.71182;
0.21728;6.71183;
0.21728;6.71184;
0.21728;6.71184;
0.21728;6.71185;
0.217281;6.71186;
0.217281;6.71188;
0.217282;6.71191;
0.217285;6.71198;
0.21729;6.71212;
0.2173;6.71241;
0.21732;6.71297;
0.21734;6.71352;
0.21736;6.71408;
0.217379;6.7146;
0.217399;6.71516;
0.217419;6.71572;
0.217439;6.71627;
0.217459;6.71683;
0.217479;6.71738;
0.217499;6.71794;
0.217519;6.7185;
0.217539;6.71905;
0.217559;6.71961;
0.217579;6.72016;
0.217599;6.72072;
0.217619;6.72128;
0.217639;6.72183;
0.217659;6.72239;
0.217679;6.72294;
0.217699;6.7235;
0.217719;6.72406;
0.217739;6.72461;
0.217759;6.72517;
0.217779;6.72573;
0.217799;6.72628;
0.217819;6.72684;
0.217839;6.72739;
0.217859;6.72795;
0.217879;6.72851;
0.217899;6.72906;
0.217919;6.72962;
0.217939;6.73017;
0.217946;6.73036;
0.217946;6.73036;
0.217946;6.73037;
0.217947;6.73038;
0.217947;6.73039;
0.217947;6.73039;
0.217947;6.73039;
0.217948;6.7304;
0.217948;6.73042;
0.217949;6.73045;
0.217952;6.73053;
0.217957;6.73067;
0.217967;6.73095;
0.217987;6.73151;
0.218007;6.73206;
0.218027;6.73262;
0.218047;6.73318;
0.218067;6.73373;
0.218087;6.73429;
0.218107;6.73484;
0.218127;6.7354;
0.218147;6.73596;
0.218167;6.73651;
0.218187;6.73707;
0.218207;6.73762;
0.218227;6.73818;
0.218247;6.73874;
0.218267;6.73929;
0.218287;6.73985;
0.218307;6.7404;
0.218327;6.74096;
0.218347;6.74152;
0.218367;6.74207;
0.218387;6.74263;
0.218407;6.74318;
0.218427;6.74374;
0.218447;6.74429;
0.218467;6.74485;
0.218487;6.74541;
0.218507;6.74596;
0.218527;6.74652;
0.218547;6.74707;
0.218567;6.74763;
0.218587;6.74819;
0.218607;6.74874;
0.218612;6.74887;
0.218612;6.74887;
0.218612;6.74888;
0.218613;6.74889;
0.218613;6.7489;
0.218613;6.7489;
0.218613;6.7489;
0.218614;6.74891;
0.218614;6.74893;
0.218615;6.74897;
0.218618;6.74904;
0.218623;6.74918;
0.218633;6.74946;
0.218653;6.75002;
0.218673;6.75058;
0.218693;6.75113;
0.218713;6.75169;
0.218732;6.7522;
0.218752;6.75276;
0.218772;6.75331;
0.218792;6.75387;
0.218812;6.75443;
0.218832;6.75498;
0.218852;6.75554;
0.218872;6.75609;
0.218892;6.75665;
0.218912;6.7572;
0.218932;6.75776;
0.218952;6.75832;
0.218972;6.75887;
0.218992;6.75943;
0.219012;6.75998;
0.219032;6.76054;
0.219052;6.76109;
0.219072;6.76165;
0.219092;6.76221;
0.219112;6.76276;
0.219132;6.76332;
0.219152;6.76387;
0.219172;6.76443;
0.219192;6.76498;
0.219212;6.76554;
0.219232;6.76609;
0.219252;6.76665;
0.219272;6.76721;
0.219279;6.7674;
0.219279;6.7674;
0.219279;6.76741;
0.21928;6.76742;
0.21928;6.76743;
0.21928;6.76743;
0.21928;6.76744;
0.219281;6.76744;
0.219281;6.76746;
0.219282;6.7675;
0.219285;6.76757;
0.21929;6.76771;
0.2193;6.768;
0.21932;6.76855;
0.21934;6.76911;
0.21936;6.76966;
0.21938;6.77022;
0.2194;6.77077;
0.21942;6.77133;
0.21944;6.77188;
0.21946;6.77244;
0.21948;6.773;
0.2195;6.77355;
0.21952;6.77411;
0.21954;6.77466;
0.21956;6.77522;
0.21958;6.77577;
0.2196;6.77633;
0.21962;6.77688;
0.21964;6.77744;
0.21966;6.77799;
0.21968;6.77855;
0.2197;6.7791;
0.21972;6.77966;
0.21974;6.78022;
0.21976;6.78077;
0.21978;6.78133;
0.2198;6.78188;
0.21982;6.78244;
0.21984;6.78299;
0.21986;6.78355;
0.21988;6.7841;
0.2199;6.78466;
0.21992;6.78521;
0.21994;6.78577;
0.219945;6.7859;
0.219945;6.7859;
0.219945;6.7859;
0.219946;6.78592;
0.219946;6.78592;
0.219946;6.78593;
0.219946;6.78593;
0.219947;6.78594;
0.219947;6.78596;
0.219948;6.78599;
0.219951;6.78606;
0.219956;6.78621;
0.219966;6.78649;
0.219981;6.78691;
0.219995;6.7873;
0.220008;6.78765;
0.220026;6.78814;
0.220046;6.78869;
0.220066;6.78925;
0.220086;6.7898;
0.220106;6.79036;
0.220126;6.79091;
0.220146;6.79147;
0.220166;6.79202;
0.220186;6.79258;
0.220206;6.79314;
0.220226;6.79369;
0.220246;6.79425;
0.220266;6.7948;
0.220286;6.79536;
0.220306;6.79591;
0.220326;6.79647;
0.220346;6.79702;
0.220366;6.79758;
0.220386;6.79813;
0.220406;6.79869;
0.220426;6.79924;
0.220446;6.7998;
0.220466;6.80035;
0.220486;6.80091;
0.220506;6.80146;
0.220526;6.80202;
0.220546;6.80257;
0.220566;6.80313;
0.220586;6.80368;
0.220606;6.80424;
0.220612;6.80441;
0.220612;6.80441;
0.220612;6.80442;
0.220613;6.80443;
0.220613;6.80444;
0.220613;6.80444;
0.220613;6.80444;
0.220614;6.80445;
0.220614;6.80447;
0.220615;6.80451;
0.220618;6.80458;
0.220623;6.80472;
0.220633;6.805;
0.220653;6.80556;
0.220673;6.80611;
0.220693;6.80667;
0.220713;6.80722;
0.220733;6.80778;
0.220753;6.80833;
0.220773;6.80889;
0.220793;6.80944;
0.220813;6.81;
0.220833;6.81055;
0.220853;6.81111;
0.220873;6.81166;
0.220893;6.81222;
0.220913;6.81277;
0.220933;6.81333;
0.220953;6.81388;
0.220973;6.81444;
0.220993;6.81499;
0.221013;6.81555;
0.221033;6.8161;
0.221053;6.81666;
0.221073;6.81721;
0.221093;6.81776;
0.221113;6.81832;
0.221133;6.81887;
0.221153;6.81943;
0.221173;6.81998;
0.221193;6.82054;
0.221213;6.82109;
0.221233;6.82165;
0.221253;6.8222;
0.221273;6.82276;
0.221278;6.82288;
0.221278;6.82289;
0.221278;6.82289;
0.221279;6.8229;
0.221279;6.82291;
0.221279;6.82291;
0.221279;6.82292;
0.22128;6.82293;
0.22128;6.82295;
0.221281;6.82298;
0.221284;6.82305;
0.221289;6.82319;
0.221294;6.82334;
0.221298;6.82344;
0.221302;6.82353;
0.221305;6.82362;
0.221309;6.82371;
0.221314;6.82385;
0.221325;6.82412;
0.221342;6.82456;
0.221359;6.82498;
0.221375;6.8254;
0.221392;6.82584;
0.221412;6.82634;
0.221432;6.82685;
0.221452;6.82736;
0.221472;6.82787;
0.221492;6.82838;
0.221512;6.82889;
0.221532;6.8294;
0.221552;6.82991;
0.221572;6.83042;
0.221592;6.83093;
0.221612;6.83143;
0.221632;6.83194;
0.221652;6.83245;
0.221672;6.83296;
0.221692;6.83347;
0.221712;6.83398;
0.221732;6.83449;
0.221752;6.835;
0.221772;6.83551;
0.221792;6.83602;
0.221812;6.83653;
0.221832;6.83704;
0.221852;6.83754;
0.221872;6.83805;
0.221892;6.83856;
0.221912;6.83907;
0.221932;6.83958;
0.221945;6.8399;
0.221945;6.83991;
0.221945;6.83991;
0.221946;6.83992;
0.221946;6.83993;
0.221946;6.83993;
0.221946;6.83994;
0.221947;6.83994;
0.221947;6.83996;
0.221948;6.83999;
0.221951;6.84006;
0.221956;6.84019;
0.221966;6.84045;
0.221986;6.84096;
0.222006;6.84147;
0.222026;6.84198;
0.222046;6.84249;
0.222066;6.843;
0.222086;6.84351;
0.222106;6.84401;
0.222126;6.84452;
0.222146;6.84503;
0.222166;6.84554;
0.222186;6.84605;
0.222206;6.84656;
0.222226;6.84707;
0.222246;6.84758;
0.222266;6.84809;
0.222286;6.8486;
0.222306;6.84911;
0.222326;6.84962;
0.222346;6.85013;
0.222366;6.85064;
0.222386;6.85115;
0.222406;6.85166;
0.222426;6.85217;
0.222446;6.85268;
0.222466;6.85319;
0.222486;6.8537;
0.222506;6.85421;
0.222526;6.85472;
0.222546;6.85523;
0.222566;6.85573;
0.222586;6.85624;
0.222606;6.85675;
0.222611;6.85687;
0.222611;6.85687;
0.222611;6.85688;
0.222612;6.85689;
0.222612;6.8569;
0.222612;6.8569;
0.222612;6.8569;
0.222613;6.85691;
0.222613;6.85693;
0.222614;6.85696;
0.222617;6.85703;
0.222622;6.85716;
0.222632;6.85742;
0.222652;6.85793;
0.222672;6.85844;
0.222692;6.85895;
0.222712;6.85946;
0.222732;6.85997;
0.222752;6.86048;
0.222772;6.86099;
0.222792;6.8615;
0.222812;6.86201;
0.222832;6.86252;
0.222852;6.86303;
0.222872;6.86354;
0.222892;6.86405;
0.222912;6.86455;
0.222932;6.86506;
0.222952;6.86557;
0.222972;6.86608;
0.222992;6.86659;
0.223012;6.8671;
0.223032;6.86761;
0.223052;6.86812;
0.223072;6.86863;
0.223092;6.86914;
0.223112;6.86965;
0.223132;6.87017;
0.223152;6.87068;
0.223172;6.87119;
0.223192;6.8717;
0.223212;6.87221;
0.223232;6.87272;
0.223252;6.87323;
0.223272;6.87374;
0.223278;6.87388;
0.223278;6.87388;
0.223278;6.87389;
0.223279;6.8739;
0.223279;6.8739;
0.223279;6.87391;
0.223279;6.87391;
0.22328;6.87392;
0.22328;6.87393;
0.223281;6.87397;
0.223284;6.87403;
0.223289;6.87416;
0.223299;6.87442;
0.223319;6.87493;
0.223339;6.87544;
0.223359;6.87596;
0.223379;6.87647;
0.223399;6.87698;
0.223419;6.87749;
0.223439;6.878;
0.223459;6.87851;
0.223479;6.87902;
0.223499;6.87953;
0.223519;6.88004;
0.223539;6.88055;
0.223559;6.88106;
0.223579;6.88157;
0.223599;6.88208;
0.223619;6.88259;
0.223639;6.8831;
0.223659;6.88361;
0.223679;6.88412;
0.223699;6.88463;
0.223719;6.88514;
0.223739;6.88565;
0.223759;6.88616;
0.223779;6.88667;
0.223799;6.88718;
0.223819;6.88769;
0.223839;6.8882;
0.223859;6.88871;
0.223879;6.88922;
0.223899;6.88973;
0.223919;6.89024;
0.223939;6.89076;
0.223944;6.89087;
0.223944;6.89088;
0.223944;6.89088;
0.223945;6.89089;
0.223945;6.8909;
0.223945;6.8909;
0.223945;6.8909;
0.223946;6.89091;
0.223946;6.89093;
0.223947;6.89096;
0.22395;6.89103;
0.223955;6.89116;
0.223965;6.89142;
0.223985;6.89193;
0.224005;6.89244;
0.224025;6.89295;
0.224045;6.89346;
0.224065;6.89397;
0.224085;6.89448;
0.224105;6.89499;
0.224125;6.8955;
0.224145;6.89601;
0.224165;6.89652;
0.224185;6.89703;
0.224205;6.89755;
0.224225;6.89806;
0.224245;6.89857;
0.224265;6.89908;
0.224285;6.89959;
0.224305;6.9001;
0.224325;6.90061;
0.224345;6.90112;
0.224365;6.90163;
0.224385;6.90214;
0.224405;6.90265;
0.224425;6.90316;
0.224445;6.90367;
0.224465;6.90418;
0.224485;6.9047;
0.224505;6.90521;
0.224525;6.90572;
0.224545;6.90623;
0.224565;6.90674;
0.224585;6.90725;
0.224605;6.90776;
0.224611;6.9079;
0.224611;6.90791;
0.224611;6.90791;
0.224612;6.90792;
0.224612;6.90793;
0.224612;6.90793;
0.224612;6.90793;
0.224613;6.90794;
0.224613;6.90796;
0.224614;6.90799;
0.224617;6.90806;
0.224622;6.90819;
0.224632;6.90845;
0.224652;6.90896;
0.224672;6.90947;
0.224692;6.90998;
0.224712;6.91049;
0.224732;6.911;
0.224752;6.91151;
0.224772;6.91202;
0.224792;6.91254;
0.224812;6.91305;
0.224832;6.91356;
0.224852;6.91407;
0.224872;6.91458;
0.224892;6.91509;
0.224912;6.9156;
0.224932;6.91611;
0.224952;6.91662;
0.224972;6.91713;
0.224992;6.91764;
0.225012;6.91816;
0.225032;6.91867;
0.225052;6.91918;
0.225072;6.91969;
0.225092;6.9202;
0.225112;6.92071;
0.225132;6.92122;
0.225152;6.92173;
0.225172;6.92224;
0.225192;6.92275;
0.225212;6.92327;
0.225232;6.92378;
0.225252;6.92429;
0.225272;6.9248;
0.225277;6.92492;
0.225277;6.92492;
0.225277;6.92492;
0.225278;6.92493;
0.225278;6.92494;
0.225278;6.92494;
0.225278;6.92495;
0.225279;6.92496;
0.225279;6.92497;
0.22528;6.925;
0.225283;6.92507;
0.225288;6.9252;
0.225298;6.92546;
0.225318;6.92597;
0.225338;6.92648;
0.225358;6.927;
0.225378;6.92751;
0.225398;6.92802;
0.225418;6.92853;
0.225438;6.92904;
0.225458;6.92955;
0.225478;6.93006;
0.225498;6.93057;
0.225518;6.93108;
0.225538;6.9316;
0.225558;6.93211;
0.225578;6.93262;
0.225598;6.93313;
0.225618;6.93364;
0.225638;6.93415;
0.225658;6.93466;
0.225678;6.93517;
0.225698;6.93568;
0.225718;6.9362;
0.225738;6.93671;
0.225758;6.93722;
0.225778;6.93773;
0.225798;6.93824;
0.225818;6.93875;
0.225838;6.93926;
0.225858;6.93977;
0.225878;6.94029;
0.225898;6.9408;
0.225918;6.94131;
0.225938;6.94182;
0.225944;6.94196;
0.225944;6.94196;
0.225944;6.94197;
0.225945;6.94198;
0.225945;6.94199;
0.225945;6.94199;
0.225945;6.94199;
0.225946;6.942;
0.225946;6.94202;
0.225947;6.94205;
0.22595;6.94212;
0.225955;6.94225;
0.225965;6.94251;
0.225985;6.94302;
0.226005;6.94353;
0.226025;6.94404;
0.226045;6.94455;
0.226065;6.94507;
0.226085;6.94558;
0.226105;6.94609;
0.226125;6.9466;
0.226145;6.94711;
0.226165;6.94762;
0.226185;6.94813;
0.226205;6.94864;
0.226225;6.94916;
0.226245;6.94967;
0.226265;6.95018;
0.226285;6.95069;
0.226305;6.9512;
0.226325;6.95171;
0.226345;6.95222;
0.226365;6.95273;
0.226385;6.95325;
0.226405;6.95376;
0.226425;6.95427;
0.226445;6.95478;
0.226465;6.95529;
0.226485;6.9558;
0.226505;6.95631;
0.226525;6.95683;
0.226545;6.95734;
0.226565;6.95785;
0.226585;6.95836;
0.226605;6.95887;
0.22661;6.95899;
0.22661;6.95899;
0.22661;6.959;
0.226611;6.95901;
0.226611;6.95901;
0.226611;6.95902;
0.226611;6.95902;
0.226612;6.95903;
0.226612;6.95904;
0.226613;6.95908;
0.226616;6.95914;
0.226621;6.95927;
0.226631;6.95954;
0.226651;6.96005;
0.226671;6.96056;
0.226691;6.96107;
0.226711;6.96158;
0.226731;6.96209;
0.226751;6.9626;
0.226771;6.96312;
0.226791;6.96363;
0.226811;6.96414;
0.226831;6.96465;
0.226851;6.96516;
0.226871;6.96567;
0.226891;6.96618;
0.226911;6.96669;
0.226931;6.96721;
0.226951;6.96772;
0.226971;6.96823;
0.226991;6.96874;
0.227011;6.96925;
0.227031;6.96976;
0.227051;6.97027;
0.227071;6.97079;
0.227091;6.9713;
0.227111;6.97181;
0.227131;6.97232;
0.227151;6.97283;
0.227171;6.97334;
0.227191;6.97386;
0.227211;6.97437;
0.227231;6.97488;
0.227251;6.97539;
0.227271;6.9759;
0.227277;6.97604;
0.227277;6.97605;
0.227277;6.97605;
0.227278;6.97606;
0.227278;6.97607;
0.227278;6.97607;
0.227278;6.97608;
0.227279;6.97608;
0.227279;6.9761;
0.22728;6.97613;
0.227283;6.9762;
0.227288;6.97633;
0.227298;6.97659;
0.227318;6.9771;
0.227338;6.97761;
0.227358;6.97813;
0.227378;6.97864;
0.227398;6.97915;
0.227418;6.97966;
0.227438;6.98017;
0.227458;6.98068;
0.227478;6.98119;
0.227498;6.98171;
0.227518;6.98222;
0.227538;6.98273;
0.227558;6.98324;
0.227578;6.98375;
0.227598;6.98426;
0.227618;6.98477;
0.227638;6.98529;
0.227658;6.9858;
0.227678;6.98631;
0.227698;6.98682;
0.227718;6.98733;
0.227738;6.98784;
0.227758;6.98836;
0.227778;6.98887;
0.227798;6.98938;
0.227818;6.98989;
0.227838;6.9904;
0.227858;6.99091;
0.227878;6.99142;
0.227898;6.99194;
0.227918;6.99245;
0.227938;6.99296;
0.227943;6.99308;
0.227943;6.99308;
0.227943;6.99308;
0.227944;6.99309;
0.227944;6.9931;
0.227944;6.9931;
0.227944;6.99311;
0.227945;6.99312;
0.227945;6.99313;
0.227946;6.99317;
0.227949;6.99323;
0.227954;6.99336;
0.227964;6.99362;
0.22798;6.99403;
0.227998;6.99448;
0.228018;6.99499;
0.228038;6.9955;
0.228058;6.99601;
0.228078;6.99652;
0.228098;6.99704;
0.228118;6.99755;
0.228138;6.99806;
0.228158;6.99857;
0.228178;6.99908;
0.228198;6.99959;
0.228218;7.00011;
0.228238;7.00062;
0.228258;7.00113;
0.228278;7.00164;
0.228298;7.00215;
0.228318;7.00266;
0.228338;7.00317;
0.228358;7.00369;
0.228378;7.0042;
0.228398;7.00471;
0.228418;7.00522;
0.228438;7.00573;
0.228458;7.00624;
0.228478;7.00676;
0.228498;7.00727;
0.228518;7.00778;
0.228538;7.00829;
0.228558;7.0088;
0.228578;7.00931;
0.228598;7.00982;
0.22861;7.01014;
0.22861;7.01014;
0.22861;7.01014;
0.228611;7.01015;
0.228611;7.01016;
0.228611;7.01016;
0.228611;7.01017;
0.228612;7.01018;
0.228612;7.01019;
0.228613;7.01022;
0.228616;7.01029;
0.228621;7.01042;
0.228631;7.01068;
0.228651;7.01119;
0.228671;7.01171;
0.228691;7.01222;
0.228711;7.01273;
0.228731;7.01324;
0.228751;7.01375;
0.228771;7.01426;
0.228791;7.01477;
0.228811;7.01529;
0.228831;7.0158;
0.228851;7.01631;
0.228871;7.01682;
0.228891;7.01733;
0.228911;7.01784;
0.228931;7.01836;
0.228951;7.01887;
0.228971;7.01938;
0.228991;7.01989;
0.229011;7.0204;
0.229031;7.02091;
0.229051;7.02142;
0.229071;7.02194;
0.229091;7.02245;
0.229111;7.02296;
0.229131;7.02347;
0.229151;7.02398;
0.229171;7.02449;
0.229191;7.025;
0.229211;7.02552;
0.229231;7.02603;
0.229251;7.02654;
0.229271;7.02705;
0.229276;7.02717;
0.229276;7.02717;
0.229276;7.02718;
0.229277;7.02719;
0.229277;7.02719;
0.229277;7.0272;
0.229277;7.0272;
0.229278;7.02721;
0.229278;7.02722;
0.229279;7.02726;
0.229282;7.02732;
0.229287;7.02745;
0.229297;7.02771;
0.229303;7.02786;
0.229308;7.02798;
0.229314;7.02811;
0.229319;7.02823;
0.229328;7.02845;
0.229346;7.02889;
0.22936;7.02921;
0.229374;7.02955;
0.22939;7.02994;
0.22941;7.03042;
0.22943;7.03089;
0.22945;7.03137;
0.22947;7.03185;
0.22949;7.03233;
0.22951;7.0328;
0.22953;7.03328;
0.22955;7.03376;
0.22957;7.03424;
0.22959;7.03471;
0.22961;7.03519;
0.22963;7.03567;
0.22965;7.03615;
0.22967;7.03663;
0.22969;7.0371;
0.22971;7.03758;
0.22973;7.03806;
0.22975;7.03854;
0.22977;7.03902;
0.22979;7.03949;
0.22981;7.03997;
0.22983;7.04045;
0.22985;7.04093;
0.22987;7.04141;
0.22989;7.04188;
0.22991;7.04236;
0.22993;7.04284;
0.229943;7.04315;
0.229943;7.04315;
0.229943;7.04315;
0.229944;7.04316;
0.229944;7.04317;
0.229944;7.04317;
0.229944;7.04318;
0.229945;7.04318;
0.229945;7.0432;
0.229946;7.04323;
0.229949;7.04329;
0.229954;7.04341;
0.229964;7.04366;
0.229984;7.04414;
0.230004;7.04461;
0.230024;7.04509;
0.230044;7.04557;
0.230064;7.04605;
0.230084;7.04653;
0.230104;7.047;
0.230124;7.04748;
0.230144;7.04796;
0.230164;7.04844;
0.230184;7.04892;
0.230204;7.0494;
0.230224;7.04987;
0.230244;7.05035;
0.230264;7.05083;
0.230284;7.05131;
0.230304;7.05179;
0.230324;7.05227;
0.230344;7.05274;
0.230364;7.05322;
0.230384;7.0537;
0.230404;7.05418;
0.230424;7.05466;
0.230444;7.05514;
0.230464;7.05561;
0.230484;7.05609;
0.230504;7.05657;
0.230524;7.05705;
0.230544;7.05753;
0.230564;7.05801;
0.230584;7.05849;
0.230604;7.05896;
0.230609;7.05907;
0.230609;7.05908;
0.230609;7.05908;
0.23061;7.05909;
0.23061;7.0591;
0.23061;7.0591;
0.23061;7.0591;
0.230611;7.05911;
0.230611;7.05913;
0.230612;7.05916;
0.230615;7.05922;
0.23062;7.05934;
0.23063;7.05959;
0.23065;7.06007;
0.23067;7.06054;
0.230689;7.06099;
0.230709;7.06147;
0.230729;7.06195;
0.230749;7.06243;
0.230769;7.06291;
0.230789;7.06338;
0.230809;7.06386;
0.230829;7.06434;
0.230849;7.06482;
0.230869;7.0653;
0.230889;7.06578;
0.230909;7.06626;
0.230929;7.06674;
0.230949;7.06721;
0.230969;7.06769;
0.230989;7.06817;
0.231009;7.06865;
0.231029;7.06913;
0.231049;7.06961;
0.231069;7.07009;
0.231089;7.07057;
0.231109;7.07105;
0.231129;7.07152;
0.231149;7.072;
0.231169;7.07248;
0.231189;7.07296;
0.231209;7.07344;
0.231229;7.07392;
0.231249;7.0744;
0.231269;7.07488;
0.231276;7.07505;
0.231276;7.07505;
0.231276;7.07505;
0.231277;7.07506;
0.231277;7.07507;
0.231277;7.07507;
0.231277;7.07507;
0.231278;7.07508;
0.231278;7.0751;
0.231279;7.07513;
0.231282;7.07519;
0.231287;7.07531;
0.231297;7.07556;
0.231317;7.07604;
0.231337;7.07652;
0.231357;7.077;
0.231377;7.07747;
0.231397;7.07795;
0.231417;7.07843;
0.231437;7.07891;
0.231457;7.07939;
0.231477;7.07987;
0.231497;7.08035;
0.231517;7.08083;
0.231537;7.08131;
0.231557;7.08179;
0.231577;7.08227;
0.231597;7.08275;
0.231617;7.08323;
0.231637;7.0837;
0.231657;7.08418;
0.231677;7.08466;
0.231697;7.08514;
0.231717;7.08562;
0.231737;7.0861;
0.231757;7.08658;
0.231777;7.08706;
0.231797;7.08754;
0.231817;7.08802;
0.231837;7.0885;
0.231857;7.08898;
0.231877;7.08946;
0.231897;7.08994;
0.231917;7.09042;
0.231937;7.0909;
0.231942;7.09101;
0.231942;7.09101;
0.231942;7.09101;
0.231943;7.09102;
0.231943;7.09103;
0.231943;7.09103;
0.231943;7.09104;
0.231944;7.09104;
0.231944;7.09106;
0.231945;7.09109;
0.231948;7.09115;
0.231953;7.09127;
0.231963;7.09152;
0.231983;7.092;
0.232003;7.09248;
0.232023;7.09296;
0.232043;7.09344;
0.232063;7.09392;
0.232083;7.0944;
0.232103;7.09488;
0.232123;7.09536;
0.232143;7.09584;
0.232163;7.09632;
0.232183;7.0968;
0.232203;7.09727;
0.232223;7.09775;
0.232243;7.09823;
0.232263;7.09871;
0.232283;7.09919;
0.232303;7.09967;
0.232323;7.10015;
0.232343;7.10063;
0.232363;7.10111;
0.232383;7.10159;
0.232403;7.10207;
0.232423;7.10255;
0.232443;7.10303;
0.232463;7.10351;
0.232483;7.10399;
0.232503;7.10447;
0.232523;7.10495;
0.232543;7.10543;
0.232563;7.10591;
0.232583;7.10639;
0.232603;7.10687;
0.232609;7.10701;
0.232609;7.10701;
0.232609;7.10701;
0.23261;7.10702;
0.23261;7.10703;
0.23261;7.10703;
0.23261;7.10703;
0.232611;7.10704;
0.232611;7.10706;
0.232612;7.10709;
0.232615;7.10715;
0.23262;7.10727;
0.23263;7.10752;
0.23265;7.108;
0.23267;7.10848;
0.23269;7.10896;
0.23271;7.10944;
0.23273;7.10992;
0.23275;7.1104;
0.23277;7.11088;
0.23279;7.11136;
0.23281;7.11184;
0.23283;7.11232;
0.23285;7.1128;
0.23287;7.11328;
0.23289;7.11376;
0.23291;7.11424;
0.23293;7.11472;
0.23295;7.1152;
0.23297;7.11568;
0.23299;7.11616;
0.23301;7.11664;
0.23303;7.11712;
0.23305;7.1176;
0.23307;7.11808;
0.23309;7.11856;
0.23311;7.11904;
0.23313;7.11952;
0.23315;7.12;
0.23317;7.12048;
0.23319;7.12096;
0.23321;7.12144;
0.23323;7.12192;
0.23325;7.1224;
0.23327;7.12288;
0.233275;7.12299;
0.233275;7.12299;
0.233275;7.123;
0.233276;7.12301;
0.233276;7.12302;
0.233276;7.12302;
0.233276;7.12302;
0.233277;7.12303;
0.233277;7.12304;
0.233278;7.12308;
0.233281;7.12314;
0.233286;7.12326;
0.233296;7.12351;
0.233316;7.12399;
0.233336;7.12447;
0.233356;7.12495;
0.233376;7.12543;
0.233396;7.12591;
0.233416;7.12639;
0.233436;7.12687;
0.233456;7.12735;
0.233476;7.12783;
0.233496;7.12831;
0.233516;7.12879;
0.233536;7.12927;
0.233556;7.12975;
0.233576;7.13023;
0.233596;7.13071;
0.233616;7.13119;
0.233636;7.13167;
0.233656;7.13215;
0.233676;7.13263;
0.233696;7.13311;
0.233716;7.13359;
0.233736;7.13407;
0.233756;7.13455;
0.233776;7.13503;
0.233796;7.13551;
0.233816;7.13599;
0.233836;7.13648;
0.233856;7.13696;
0.233876;7.13744;
0.233896;7.13792;
0.233916;7.1384;
0.233936;7.13888;
0.233942;7.13901;
0.233942;7.13901;
0.233942;7.13902;
0.233943;7.13903;
0.233943;7.13904;
0.233943;7.13904;
0.233943;7.13904;
0.233944;7.13905;
0.233944;7.13907;
0.233945;7.1391;
0.233948;7.13916;
0.233953;7.13928;
0.233963;7.13953;
0.233983;7.14001;
0.234003;7.14049;
0.234023;7.14097;
0.234043;7.14145;
0.234063;7.14193;
0.234083;7.14241;
0.234103;7.14289;
0.234123;7.14337;
0.234143;7.14385;
0.234163;7.14433;
0.234183;7.14481;
0.234203;7.14529;
0.234223;7.14577;
0.234243;7.14625;
0.234263;7.14674;
0.234283;7.14722;
0.234303;7.1477;
0.234323;7.14818;
0.234343;7.14866;
0.234363;7.14914;
0.234383;7.14962;
0.234403;7.1501;
0.234423;7.15058;
0.234443;7.15106;
0.234463;7.15154;
0.234483;7.15202;
0.234503;7.1525;
0.234523;7.15298;
0.234543;7.15346;
0.234563;7.15395;
0.234583;7.15443;
0.234603;7.15491;
0.234608;7.15502;
0.234608;7.15502;
0.234608;7.15502;
0.234609;7.15503;
0.234609;7.15504;
0.234609;7.15504;
0.234609;7.15505;
0.23461;7.15505;
0.23461;7.15507;
0.234611;7.1551;
0.234614;7.15516;
0.234619;7.15529;
0.234629;7.15553;
0.234644;7.15588;
0.234659;7.15625;
0.234674;7.1566;
0.234694;7.15708;
0.234712;7.15751;
0.23473;7.15795;
0.23475;7.15844;
0.23477;7.15892;
0.23479;7.1594;
0.23481;7.15988;
0.23483;7.16036;
0.23485;7.16084;
0.23487;7.16132;
0.23489;7.1618;
0.23491;7.16228;
0.23493;7.16276;
0.23495;7.16324;
0.23497;7.16372;
0.23499;7.16421;
0.23501;7.16469;
0.23503;7.16517;
0.23505;7.16565;
0.23507;7.16613;
0.23509;7.16661;
0.23511;7.16709;
0.23513;7.16757;
0.23515;7.16805;
0.23517;7.16853;
0.23519;7.16901;
0.23521;7.16949;
0.23523;7.16998;
0.23525;7.17046;
0.23527;7.17094;
0.235275;7.17105;
0.235275;7.17106;
0.235275;7.17106;
0.235276;7.17107;
0.235276;7.17108;
0.235276;7.17108;
0.235276;7.17108;
0.235277;7.17109;
0.235277;7.17111;
0.235278;7.17114;
0.235281;7.1712;
0.235286;7.17132;
0.235296;7.17157;
0.235316;7.17205;
0.235336;7.17253;
0.235356;7.17301;
0.235376;7.17349;
0.235396;7.17397;
0.235416;7.17445;
0.235436;7.17493;
0.235456;7.17542;
0.235476;7.1759;
0.235496;7.17638;
0.235516;7.17686;
0.235536;7.17734;
0.235556;7.17782;
0.235576;7.1783;
0.235596;7.17878;
0.235616;7.17926;
0.235636;7.17974;
0.235656;7.18023;
0.235676;7.18071;
0.235696;7.18119;
0.235716;7.18167;
0.235736;7.18215;
0.235756;7.18263;
0.235776;7.18311;
0.235796;7.18359;
0.235816;7.18407;
0.235836;7.18456;
0.235856;7.18504;
0.235876;7.18552;
0.235896;7.186;
0.235916;7.18648;
0.235936;7.18696;
0.235941;7.18707;
0.235941;7.18707;
0.235941;7.18708;
0.235942;7.18709;
0.235942;7.1871;
0.235942;7.1871;
0.235942;7.1871;
0.235943;7.18711;
0.235943;7.18712;
0.235944;7.18715;
0.235947;7.18722;
0.235952;7.18734;
0.235959;7.18749;
0.235962;7.18758;
0.235966;7.18767;
0.235971;7.18778;
0.235976;7.18789;
0.235982;7.18801;
0.235993;7.18826;
0.236009;7.18861;
0.236026;7.18899;
0.236043;7.18936;
0.23606;7.18974;
0.23608;7.19018;
0.2361;7.19062;
0.23612;7.19106;
0.23614;7.1915;
0.23616;7.19194;
0.23618;7.19238;
0.2362;7.19282;
0.23622;7.19326;
0.23624;7.19371;
0.23626;7.19415;
0.23628;7.19459;
0.2363;7.19503;
0.23632;7.19547;
0.23634;7.19591;
0.23636;7.19635;
0.23638;7.19679;
0.2364;7.19723;
0.23642;7.19768;
0.23644;7.19812;
0.23646;7.19856;
0.23648;7.199;
0.2365;7.19944;
0.23652;7.19988;
0.23654;7.20032;
0.23656;7.20077;
0.23658;7.20121;
0.2366;7.20165;
0.236608;7.20182;
0.236608;7.20183;
0.236608;7.20183;
0.236609;7.20184;
0.236609;7.20184;
0.236609;7.20185;
0.236609;7.20185;
0.23661;7.20186;
0.23661;7.20187;
0.236611;7.2019;
0.236614;7.20196;
0.236619;7.20207;
0.236629;7.2023;
0.236649;7.20274;
0.236669;7.20318;
0.236689;7.20362;
0.236709;7.20406;
0.236729;7.2045;
0.236749;7.20495;
0.236769;7.20539;
0.236789;7.20583;
0.236809;7.20627;
0.236829;7.20671;
0.236849;7.20715;
0.236869;7.2076;
0.236889;7.20804;
0.236909;7.20848;
0.236929;7.20892;
0.236949;7.20936;
0.236969;7.20981;
0.236989;7.21025;
0.237009;7.21069;
0.237029;7.21113;
0.237049;7.21157;
0.237069;7.21202;
0.237089;7.21246;
0.237109;7.2129;
0.237129;7.21334;
0.237149;7.21379;
0.237169;7.21423;
0.237189;7.21467;
0.237209;7.21511;
0.237229;7.21555;
0.237249;7.216;
0.237269;7.21644;
0.237274;7.21654;
0.237274;7.21654;
0.237274;7.21655;
0.237275;7.21656;
0.237275;7.21656;
0.237275;7.21656;
0.237275;7.21657;
0.237276;7.21658;
0.237276;7.21659;
0.237277;7.21662;
0.23728;7.21667;
0.237285;7.21679;
0.237295;7.21701;
0.237315;7.21746;
0.237335;7.2179;
0.237355;7.21834;
0.237375;7.21878;
0.237395;7.21923;
0.237415;7.21967;
0.237435;7.22011;
0.237455;7.22055;
0.237475;7.221;
0.237495;7.22144;
0.237515;7.22188;
0.237535;7.22232;
0.237555;7.22277;
0.237575;7.22321;
0.237595;7.22365;
0.237615;7.2241;
0.237635;7.22454;
0.237655;7.22498;
0.237675;7.22542;
0.237695;7.22587;
0.237715;7.22631;
0.237735;7.22675;
0.237755;7.2272;
0.237775;7.22764;
0.237795;7.22808;
0.237815;7.22853;
0.237835;7.22897;
0.237855;7.22941;
0.237875;7.22985;
0.237895;7.2303;
0.237915;7.23074;
0.237935;7.23118;
0.237941;7.23131;
0.237941;7.23131;
0.237941;7.23131;
0.237942;7.23132;
0.237942;7.23133;
0.237942;7.23133;
0.237942;7.23134;
0.237943;7.23134;
0.237943;7.23136;
0.237944;7.23138;
0.237947;7.23144;
0.237952;7.23156;
0.237962;7.23178;
0.237982;7.23223;
0.238002;7.23267;
0.238022;7.23311;
0.238042;7.23355;
0.238062;7.234;
0.238082;7.23444;
0.238102;7.23488;
0.238122;7.23533;
0.238142;7.23577;
0.238162;7.23622;
0.238182;7.23666;
0.238202;7.2371;
0.238222;7.23755;
0.238242;7.23799;
0.238262;7.23843;
0.238282;7.23888;
0.238302;7.23932;
0.238322;7.23976;
0.238342;7.24021;
0.238362;7.24065;
0.238382;7.24109;
0.238402;7.24154;
0.238422;7.24198;
0.238442;7.24243;
0.238462;7.24287;
0.238482;7.24331;
0.238502;7.24376;
0.238522;7.2442;
0.238542;7.24464;
0.238562;7.24509;
0.238582;7.24553;
0.238602;7.24598;
0.238607;7.24608;
0.238607;7.24608;
0.238607;7.24608;
0.238608;7.24609;
0.238608;7.2461;
0.238608;7.2461;
0.238608;7.24611;
0.238609;7.24611;
0.238609;7.24613;
0.23861;7.24616;
0.238613;7.24621;
0.238618;7.24633;
0.238628;7.24655;
0.238648;7.247;
0.238668;7.24744;
0.238688;7.24788;
0.238708;7.24833;
0.238728;7.24877;
0.238748;7.24922;
0.238768;7.24966;
0.238788;7.2501;
0.238808;7.25055;
0.238828;7.25099;
0.238848;7.25144;
0.238868;7.25188;
0.238888;7.25233;
0.238908;7.25277;
0.238928;7.25321;
0.238948;7.25366;
0.238968;7.2541;
0.238988;7.25455;
0.239008;7.25499;
0.239028;7.25544;
0.239048;7.25588;
0.239068;7.25632;
0.239088;7.25677;
0.239108;7.25721;
0.239128;7.25766;
0.239148;7.2581;
0.239168;7.25855;
0.239188;7.25899;
0.239208;7.25944;
0.239228;7.25988;
0.239248;7.26032;
0.239268;7.26077;
0.239274;7.26089;
0.239274;7.2609;
0.239274;7.2609;
0.239275;7.26091;
0.239275;7.26092;
0.239275;7.26092;
0.239275;7.26092;
0.239276;7.26093;
0.239276;7.26094;
0.239277;7.26097;
0.23928;7.26103;
0.239285;7.26114;
0.239295;7.26137;
0.239315;7.26181;
0.239335;7.26226;
0.239355;7.2627;
0.239375;7.26315;
0.239395;7.26359;
0.239415;7.26404;
0.239435;7.26448;
0.239455;7.26493;
0.239475;7.26537;
0.239495;7.26582;
0.239515;7.26626;
0.239535;7.26671;
0.239555;7.26715;
0.239575;7.2676;
0.239595;7.26804;
0.239615;7.26849;
0.239635;7.26893;
0.239655;7.26938;
0.239675;7.26982;
0.239695;7.27026;
0.239715;7.27071;
0.239735;7.27115;
0.239755;7.2716;
0.239775;7.27205;
0.239795;7.27249;
0.239815;7.27294;
0.239835;7.27338;
0.239855;7.27383;
0.239875;7.27427;
0.239895;7.27472;
0.239915;7.27516;
0.239935;7.27561;
0.23994;7.27571;
0.23994;7.27571;
0.23994;7.27572;
0.239941;7.27572;
0.239941;7.27573;
0.239941;7.27573;
0.239941;7.27574;
0.239942;7.27574;
0.239942;7.27576;
0.239943;7.27579;
0.239946;7.27584;
0.239951;7.27596;
0.239961;7.27618;
0.239981;7.27663;
0.240001;7.27708;
0.240021;7.27752;
0.24004;7.27794;
0.24006;7.27839;
0.24008;7.27883;
0.2401;7.27928;
0.24012;7.27972;
0.24014;7.28017;
0.24016;7.28061;
0.24018;7.28106;
0.2402;7.28151;
0.24022;7.28195;
0.24024;7.2824;
0.24026;7.28284;
0.24028;7.28329;
0.2403;7.28373;
0.24032;7.28418;
0.24034;7.28462;
0.24036;7.28507;
0.24038;7.28552;
0.2404;7.28596;
0.24042;7.28641;
0.24044;7.28685;
0.24046;7.2873;
0.24048;7.28774;
0.2405;7.28819;
0.24052;7.28863;
0.24054;7.28908;
0.24056;7.28953;
0.24058;7.28997;
0.2406;7.29042;
0.240607;7.29057;
0.240607;7.29057;
0.240607;7.29057;
0.240608;7.29058;
0.240608;7.29059;
0.240608;7.29059;
0.240608;7.29059;
0.240609;7.2906;
0.240609;7.29061;
0.24061;7.29064;
0.240613;7.2907;
0.240618;7.29081;
0.240628;7.29104;
0.240648;7.29149;
0.240668;7.29193;
0.240688;7.29238;
0.240708;7.29283;
0.240728;7.29327;
0.240748;7.29372;
0.240768;7.29416;
0.240788;7.29461;
0.240808;7.29506;
0.240828;7.2955;
0.240848;7.29595;
0.240868;7.29639;
0.240888;7.29684;
0.240908;7.29729;
0.240928;7.29773;
0.240948;7.29818;
0.240968;7.29862;
0.240988;7.29907;
0.241008;7.29952;
0.241028;7.29996;
0.241048;7.30041;
0.241068;7.30085;
0.241088;7.3013;
0.241108;7.30175;
0.241128;7.30219;
0.241148;7.30264;
0.241168;7.30308;
0.241188;7.30353;
0.241208;7.30398;
0.241228;7.30442;
0.241248;7.30487;
0.241268;7.30532;
0.241273;7.30542;
0.241273;7.30542;
0.241273;7.30543;
0.241274;7.30543;
0.241274;7.30544;
0.241274;7.30544;
0.241274;7.30545;
0.241275;7.30545;
0.241275;7.30547;
0.241276;7.3055;
0.241279;7.30555;
0.241284;7.30567;
0.241294;7.3059;
0.241314;7.30634;
0.241334;7.30679;
0.241354;7.30724;
0.24137;7.30759;
0.241387;7.30796;
0.241407;7.3084;
0.241427;7.30885;
0.241447;7.3093;
0.241467;7.30974;
0.241487;7.31019;
0.241507;7.31064;
0.241527;7.31108;
0.241547;7.31153;
0.241567;7.31198;
0.241587;7.31242;
0.241607;7.31287;
0.241627;7.31332;
0.241647;7.31376;
0.241667;7.31421;
0.241687;7.31466;
0.241707;7.3151;
0.241727;7.31555;
0.241747;7.316;
0.241767;7.31644;
0.241787;7.31689;
0.241807;7.31734;
0.241827;7.31778;
0.241847;7.31823;
0.241867;7.31868;
0.241887;7.31912;
0.241907;7.31957;
0.241927;7.32002;
0.24194;7.32031;
0.24194;7.32031;
0.24194;7.32032;
0.241941;7.32033;
0.241941;7.32033;
0.241941;7.32034;
0.241941;7.32034;
0.241942;7.32035;
0.241942;7.32036;
0.241943;7.32039;
0.241946;7.32045;
0.241951;7.32056;
0.241961;7.32079;
0.241981;7.32124;
0.242001;7.32168;
0.242021;7.32213;
0.242041;7.32258;
0.242061;7.32302;
0.242081;7.32347;
0.242101;7.32392;
0.242121;7.32436;
0.242141;7.32481;
0.242161;7.32526;
0.242181;7.3257;
0.242201;7.32615;
0.242221;7.3266;
0.242241;7.32705;
0.242261;7.32749;
0.242281;7.32794;
0.242301;7.32839;
0.242321;7.32883;
0.242341;7.32928;
0.242361;7.32973;
0.242381;7.33017;
0.242401;7.33062;
0.242421;7.33107;
0.242441;7.33152;
0.242461;7.33196;
0.242481;7.33241;
0.242501;7.33286;
0.242521;7.3333;
0.242541;7.33375;
0.242561;7.3342;
0.242581;7.33465;
0.242601;7.33509;
0.242606;7.3352;
0.242606;7.3352;
0.242606;7.3352;
0.242607;7.33521;
0.242607;7.33522;
0.242607;7.33522;
0.242607;7.33522;
0.242608;7.33523;
0.242608;7.33524;
0.242609;7.33527;
0.242612;7.33533;
0.242617;7.33544;
0.242627;7.33567;
0.242639;7.33593;
0.24265;7.33617;
0.24266;7.33639;
0.24267;7.3366;
0.242689;7.33701;
0.242702;7.33729;
0.242715;7.33759;
0.242732;7.33793;
0.242752;7.33836;
0.242772;7.3388;
0.242792;7.33923;
0.242812;7.33966;
0.242832;7.34009;
0.242852;7.34052;
0.242872;7.34096;
0.242892;7.34139;
0.242912;7.34182;
0.242932;7.34225;
0.242952;7.34268;
0.242972;7.34312;
0.242992;7.34355;
0.243012;7.34398;
0.243032;7.34441;
0.243052;7.34485;
0.243072;7.34528;
0.243092;7.34571;
0.243112;7.34614;
0.243132;7.34657;
0.243152;7.34701;
0.243172;7.34744;
0.243192;7.34787;
0.243212;7.3483;
0.243232;7.34874;
0.243252;7.34917;
0.243272;7.3496;
0.243273;7.34963;
0.243273;7.34963;
0.243273;7.34964;
0.243274;7.34965;
0.243274;7.34965;
0.243274;7.34966;
0.243274;7.34966;
0.243275;7.34967;
0.243275;7.34968;
0.243276;7.34971;
0.243279;7.34976;
0.243284;7.34987;
0.243294;7.3501;
0.243314;7.35053;
0.243334;7.35096;
0.243354;7.35139;
0.243374;7.35183;
0.243394;7.35226;
0.243414;7.35269;
0.243434;7.35312;
0.243454;7.35356;
0.243474;7.35399;
0.243494;7.35442;
0.243514;7.35485;
0.243534;7.35529;
0.243554;7.35572;
0.243574;7.35615;
0.243594;7.35658;
0.243614;7.35702;
0.243634;7.35745;
0.243654;7.35788;
0.243674;7.35832;
0.243694;7.35875;
0.243714;7.35918;
0.243734;7.35961;
0.243754;7.36005;
0.243774;7.36048;
0.243794;7.36091;
0.243814;7.36135;
0.243834;7.36178;
0.243854;7.36221;
0.243874;7.36265;
0.243894;7.36308;
0.243914;7.36351;
0.243934;7.36394;
0.243939;7.36404;
0.243939;7.36405;
0.243939;7.36405;
0.24394;7.36406;
0.24394;7.36407;
0.24394;7.36407;
0.24394;7.36407;
0.243941;7.36408;
0.243941;7.36409;
0.243942;7.36412;
0.243945;7.36417;
0.24395;7.36429;
0.24396;7.36451;
0.24398;7.36494;
0.244;7.36537;
0.24402;7.36581;
0.244038;7.36619;
0.244056;7.36659;
0.244076;7.36702;
0.244096;7.36745;
0.244116;7.36789;
0.244136;7.36832;
0.244156;7.36875;
0.244176;7.36919;
0.244196;7.36962;
0.244216;7.37005;
0.244236;7.37049;
0.244256;7.37092;
0.244276;7.37135;
0.244296;7.37179;
0.244316;7.37222;
0.244336;7.37265;
0.244356;7.37309;
0.244376;7.37352;
0.244396;7.37395;
0.244416;7.37439;
0.244436;7.37482;
0.244456;7.37525;
0.244476;7.37569;
0.244496;7.37612;
0.244516;7.37655;
0.244536;7.37699;
0.244556;7.37742;
0.244576;7.37785;
0.244596;7.37829;
0.244606;7.3785;
0.244606;7.3785;
0.244606;7.3785;
0.244607;7.37851;
0.244607;7.37852;
0.244607;7.37852;
0.244607;7.37852;
0.244608;7.37853;
0.244608;7.37854;
0.244609;7.37857;
0.244612;7.37863;
0.244617;7.37874;
0.244627;7.37896;
0.244647;7.37939;
0.244667;7.37983;
0.244687;7.38026;
0.244707;7.3807;
0.244727;7.38113;
0.244747;7.38156;
0.244767;7.382;
0.244787;7.38243;
0.244807;7.38286;
0.244827;7.3833;
0.244847;7.38373;
0.244867;7.38417;
0.244887;7.3846;
0.244907;7.38503;
0.244927;7.38547;
0.244947;7.3859;
0.244967;7.38634;
0.244987;7.38677;
0.245007;7.3872;
0.245027;7.38764;
0.245047;7.38807;
0.245067;7.38851;
0.245087;7.38894;
0.245107;7.38937;
0.245127;7.38981;
0.245147;7.39024;
0.245167;7.39068;
0.245187;7.39111;
0.245207;7.39154;
0.245227;7.39198;
0.245247;7.39241;
0.245267;7.39285;
0.245272;7.39295;
0.245272;7.39295;
0.245272;7.39295;
0.245273;7.39296;
0.245273;7.39297;
0.245273;7.39297;
0.245273;7.39297;
0.245274;7.39298;
0.245274;7.39299;
0.245275;7.39302;
0.245278;7.39308;
0.245283;7.39319;
0.245293;7.39341;
0.245309;7.39374;
0.245321;7.39402;
0.245333;7.39427;
0.245349;7.39463;
0.245367;7.39501;
0.245381;7.39531;
0.245396;7.39563;
0.245412;7.39598;
0.245432;7.39642;
0.245452;7.39685;
0.245472;7.39729;
0.245492;7.39772;
0.245512;7.39816;
0.245532;7.39859;
0.245552;7.39902;
0.245572;7.39946;
0.245592;7.39989;
0.245612;7.40033;
0.245632;7.40076;
0.245652;7.4012;
0.245672;7.40163;
0.245692;7.40207;
0.245712;7.4025;
0.245732;7.40293;
0.245752;7.40337;
0.245772;7.4038;
0.245792;7.40424;
0.245812;7.40467;
0.245832;7.40511;
0.245852;7.40554;
0.245872;7.40598;
0.245892;7.40641;
0.245912;7.40685;
0.245932;7.40728;
0.245939;7.40743;
0.245939;7.40744;
0.245939;7.40744;
0.24594;7.40745;
0.24594;7.40746;
0.24594;7.40746;
0.24594;7.40746;
0.245941;7.40747;
0.245941;7.40748;
0.245942;7.40751;
0.245945;7.40757;
0.24595;7.40768;
0.24596;7.4079;
0.24598;7.40833;
0.246;7.40877;
0.24602;7.4092;
0.24604;7.40964;
0.24606;7.41007;
0.24608;7.41051;
0.2461;7.41094;
0.24612;7.41138;
0.24614;7.41181;
0.24616;7.41225;
0.24618;7.41268;
0.2462;7.41312;
0.24622;7.41355;
0.24624;7.41399;
0.24626;7.41442;
0.24628;7.41486;
0.2463;7.41529;
0.24632;7.41573;
0.24634;7.41616;
0.24636;7.4166;
0.24638;7.41703;
0.2464;7.41747;
0.24642;7.4179;
0.24644;7.41834;
0.24646;7.41877;
0.24648;7.41921;
0.2465;7.41964;
0.24652;7.42008;
0.24654;7.42051;
0.24656;7.42095;
0.24658;7.42138;
0.2466;7.42182;
0.246605;7.42192;
0.246605;7.42192;
0.246605;7.42192;
0.246606;7.42193;
0.246606;7.42194;
0.246606;7.42194;
0.246606;7.42194;
0.246607;7.42195;
0.246607;7.42196;
0.246608;7.42199;
0.246611;7.42205;
0.246616;7.42216;
0.246621;7.42226;
0.246625;7.42234;
0.246629;7.42242;
0.246633;7.42249;
0.246636;7.42256;
0.246643;7.4227;
0.246656;7.42294;
0.246669;7.4232;
0.246685;7.42351;
0.246702;7.42383;
0.246719;7.42417;
0.246739;7.42456;
0.246759;7.42494;
0.246779;7.42533;
0.246799;7.42572;
0.246819;7.4261;
0.246839;7.42649;
0.246859;7.42688;
0.246879;7.42726;
0.246899;7.42765;
0.246919;7.42804;
0.246939;7.42842;
0.246959;7.42881;
0.246979;7.4292;
0.246999;7.42958;
0.247019;7.42997;
0.247039;7.43036;
0.247059;7.43075;
0.247079;7.43113;
0.247099;7.43152;
0.247119;7.43191;
0.247139;7.43229;
0.247159;7.43268;
0.247179;7.43307;
0.247199;7.43346;
0.247219;7.43384;
0.247239;7.43423;
0.247259;7.43462;
0.247272;7.43486;
0.247272;7.43486;
0.247272;7.43487;
0.247273;7.43487;
0.247273;7.43488;
0.247273;7.43488;
0.247273;7.43489;
0.247274;7.43489;
0.247274;7.4349;
0.247275;7.43493;
0.247278;7.43498;
0.247283;7.43508;
0.247293;7.43528;
0.247313;7.43566;
0.247333;7.43605;
0.247353;7.43644;
0.247373;7.43683;
0.247393;7.43721;
0.247413;7.4376;
0.247433;7.43799;
0.247453;7.43838;
0.247473;7.43877;
0.247493;7.43915;
0.247513;7.43954;
0.247533;7.43993;
0.247553;7.44032;
0.247573;7.44071;
0.247593;7.44109;
0.247613;7.44148;
0.247633;7.44187;
0.247653;7.44226;
0.247673;7.44265;
0.247693;7.44303;
0.247713;7.44342;
0.247733;7.44381;
0.247753;7.4442;
0.247773;7.44459;
0.247793;7.44498;
0.247813;7.44537;
0.247833;7.44575;
0.247853;7.44614;
0.247873;7.44653;
0.247893;7.44692;
0.247913;7.44731;
0.247933;7.4477;
0.247938;7.44779;
0.247938;7.44779;
0.247938;7.44779;
0.247939;7.4478;
0.247939;7.44781;
0.247939;7.44781;
0.247939;7.44781;
0.24794;7.44782;
0.24794;7.44783;
0.247941;7.44785;
0.247944;7.4479;
0.247949;7.448;
0.247959;7.4482;
0.247977;7.44854;
0.247997;7.44893;
0.248017;7.44932;
0.248037;7.44971;
0.248057;7.4501;
0.248077;7.45049;
0.248097;7.45088;
0.248117;7.45126;
0.248137;7.45165;
0.248157;7.45204;
0.248177;7.45243;
0.248197;7.45282;
0.248217;7.45321;
0.248237;7.4536;
0.248257;7.45399;
0.248277;7.45438;
0.248297;7.45477;
0.248317;7.45516;
0.248337;7.45555;
0.248357;7.45594;
0.248377;7.45633;
0.248397;7.45672;
0.248417;7.45711;
0.248437;7.4575;
0.248457;7.45788;
0.248477;7.45827;
0.248497;7.45866;
0.248517;7.45905;
0.248537;7.45944;
0.248557;7.45983;
0.248577;7.46022;
0.248597;7.46061;
0.248605;7.46077;
0.248605;7.46078;
0.248605;7.46078;
0.248606;7.46079;
0.248606;7.46079;
0.248606;7.46079;
0.248606;7.4608;
0.248607;7.4608;
0.248607;7.46082;
0.248608;7.46084;
0.248611;7.46089;
0.248616;7.46099;
0.248626;7.46119;
0.248646;7.46158;
0.248666;7.46197;
0.248686;7.46236;
0.248706;7.46275;
0.248726;7.46314;
0.248746;7.46353;
0.248766;7.46392;
0.248786;7.46431;
0.248806;7.4647;
0.248826;7.46509;
0.248846;7.46548;
0.248866;7.46587;
0.248886;7.46626;
0.248906;7.46665;
0.248926;7.46705;
0.248946;7.46744;
0.248966;7.46783;
0.248986;7.46822;
0.249006;7.46861;
0.249026;7.469;
0.249046;7.46939;
0.249066;7.46978;
0.249086;7.47017;
0.249106;7.47056;
0.249126;7.47095;
0.249146;7.47134;
0.249166;7.47174;
0.249186;7.47213;
0.249206;7.47252;
0.249226;7.47291;
0.249246;7.4733;
0.249266;7.47369;
0.249271;7.47378;
0.249271;7.47378;
0.249271;7.47379;
0.249272;7.47379;
0.249272;7.4738;
0.249272;7.4738;
0.249272;7.4738;
0.249273;7.47381;
0.249273;7.47382;
0.249274;7.47385;
0.249277;7.4739;
0.249282;7.474;
0.249292;7.4742;
0.249312;7.47459;
0.249332;7.47498;
0.249352;7.47537;
0.249372;7.47576;
0.249392;7.47616;
0.249412;7.47655;
0.249432;7.47694;
0.249452;7.47733;
0.249472;7.47772;
0.249492;7.47811;
0.249512;7.4785;
0.249532;7.4789;
0.249552;7.47929;
0.249572;7.47968;
0.249592;7.48007;
0.249612;7.48046;
0.249632;7.48086;
0.249652;7.48125;
0.249672;7.48164;
0.249692;7.48203;
0.249712;7.48242;
0.249732;7.48281;
0.249752;7.48321;
0.249772;7.4836;
0.249792;7.48399;
0.249812;7.48438;
0.249832;7.48477;
0.249852;7.48517;
0.249872;7.48556;
0.249892;7.48595;
0.249912;7.48634;
0.249932;7.48674;
0.249938;7.48685;
0.249938;7.48685;
0.249938;7.48685;
0.249939;7.48686;
0.249939;7.48687;
0.249939;7.48687;
0.249939;7.48687;
0.24994;7.48688;
0.24994;7.48689;
0.249941;7.48691;
0.249944;7.48696;
0.249949;7.48706;
0.249959;7.48727;
0.249979;7.48766;
0.249999;7.48805;
0.250019;7.48844;
0.250039;7.48884;
0.250059;7.48923;
0.250079;7.48962;
0.250099;7.49001;
0.250119;7.49041;
0.250139;7.4908;
0.250159;7.49119;
0.250179;7.49158;
0.250199;7.49198;
0.250219;7.49237;
0.250239;7.49276;
0.250259;7.49315;
0.250279;7.49355;
0.250299;7.49394;
0.250319;7.49433;
0.250339;7.49473;
0.250359;7.49512;
0.250379;7.49551;
0.250399;7.49591;
0.250419;7.4963;
0.250439;7.49669;
0.250459;7.49708;
0.250479;7.49748;
0.250499;7.49787;
0.250519;7.49826;
0.250539;7.49866;
0.250559;7.49905;
0.250579;7.49944;
0.250599;7.49984;
0.250604;7.49993;
0.250604;7.49993;
0.250604;7.49993;
0.250605;7.49994;
0.250605;7.49995;
0.250605;7.49995;
0.250605;7.49995;
0.250606;7.49996;
0.250606;7.49997;
0.250607;7.5;
0.25061;7.50005;
0.250615;7.50015;
0.250625;7.50035;
0.250645;7.50074;
0.250665;7.50114;
0.250685;7.50153;
0.250705;7.50192;
0.250725;7.50232;
0.250745;7.50271;
0.250765;7.5031;
0.250785;7.5035;
0.250805;7.50389;
0.250825;7.50428;
0.250845;7.50468;
0.250865;7.50507;
0.250885;7.50547;
0.250905;7.50586;
0.250925;7.50625;
0.250945;7.50665;
0.250965;7.50704;
0.250985;7.50744;
0.251005;7.50783;
0.251025;7.50822;
0.251045;7.50862;
0.251065;7.50901;
0.251085;7.50941;
0.251105;7.5098;
0.251125;7.51019;
0.251145;7.51059;
0.251165;7.51098;
0.251185;7.51138;
0.251205;7.51177;
0.251225;7.51217;
0.251245;7.51256;
0.251265;7.51295;
0.251271;7.51306;
0.251271;7.51307;
0.251271;7.51307;
0.251272;7.51308;
0.251272;7.51308;
0.251272;7.51309;
0.251272;7.51309;
0.251273;7.51309;
0.251273;7.51311;
0.251274;7.51313;
0.251277;7.51318;
0.251282;7.51328;
0.251292;7.51349;
0.251312;7.51388;
0.251332;7.51428;
0.251352;7.51467;
0.251372;7.51506;
0.251392;7.51546;
0.251412;7.51585;
0.251432;7.51625;
0.251452;7.51664;
0.251472;7.51704;
0.251492;7.51743;
0.251512;7.51783;
0.251532;7.51822;
0.251552;7.51862;
0.251572;7.51901;
0.251592;7.51941;
0.251612;7.5198;
0.251632;7.5202;
0.251652;7.52059;
0.251672;7.52099;
0.251692;7.52138;
0.251712;7.52178;
0.251732;7.52217;
0.251752;7.52257;
0.251772;7.52296;
0.251792;7.52336;
0.251812;7.52375;
0.251832;7.52415;
0.251852;7.52454;
0.251872;7.52494;
0.251892;7.52533;
0.251912;7.52573;
0.251932;7.52612;
0.251937;7.52621;
0.251939;7.52625;
0.251943;7.52633;
0.251951;7.52649;
0.251967;7.52681;
0.251987;7.5272;
0.252007;7.5276;
0.252027;7.52799;
0.252047;7.52839;
0.252067;7.52878;
0.252087;7.52918;
0.252107;7.52957;
0.252127;7.52997;
0.252147;7.53037;
0.252167;7.53076;
0.252187;7.53116;
0.252207;7.53155;
0.252227;7.53195;
0.252247;7.53234;
0.252267;7.53274;
0.252287;7.53314;
0.252307;7.53353;
0.252327;7.53393;
0.252347;7.53432;
0.252367;7.53472;
0.252387;7.53512;
0.252407;7.53551;
0.252427;7.53591;
0.252447;7.5363;
0.252467;7.5367;
0.252487;7.5371;
0.252507;7.53749;
0.252527;7.53789;
0.252547;7.53828;
0.252567;7.53868;
0.252587;7.53908;
0.252604;7.53941;
0.252604;7.53942;
0.252604;7.53942;
0.252605;7.53943;
0.252605;7.53943;
0.252605;7.53943;
0.252605;7.53944;
0.252606;7.53944;
0.252606;7.53946;
0.252607;7.53948;
0.25261;7.53953;
0.252615;7.53963;
0.252625;7.53984;
0.252645;7.54023;
0.252665;7.54063;
0.252685;7.54103;
0.252705;7.54142;
0.252725;7.54182;
0.252745;7.54222;
0.252765;7.54261;
0.252785;7.54301;
0.252805;7.5434;
0.252825;7.5438;
0.252845;7.5442;
0.252865;7.54459;
0.252885;7.54499;
0.252905;7.54539;
0.252925;7.54578;
0.252945;7.54618;
0.252965;7.54658;
0.252985;7.54697;
0.253005;7.54737;
0.253025;7.54777;
0.253045;7.54816;
0.253065;7.54856;
0.253085;7.54896;
0.253105;7.54936;
0.253125;7.54975;
0.253145;7.55015;
0.253165;7.55055;
0.253185;7.55094;
0.253205;7.55134;
0.253225;7.55174;
0.253245;7.55213;
0.253265;7.55253;
0.25327;7.55262;
0.25327;7.55262;
0.25327;7.55263;
0.253271;7.55264;
0.253271;7.55264;
0.253271;7.55264;
0.253271;7.55265;
0.253272;7.55265;
0.253272;7.55267;
0.253273;7.55269;
0.253276;7.55274;
0.253281;7.55284;
0.253291;7.55305;
0.253311;7.55344;
0.253331;7.55384;
0.253351;7.55424;
0.253368;7.55456;
0.253384;7.5549;
0.253404;7.55528;
0.253424;7.55568;
0.253444;7.55607;
0.253464;7.55647;
0.253484;7.55687;
0.253504;7.55727;
0.253524;7.55766;
0.253544;7.55806;
0.253564;7.55846;
0.253584;7.55886;
0.253604;7.55925;
0.253624;7.55965;
0.253644;7.56005;
0.253664;7.56045;
0.253684;7.56084;
0.253704;7.56124;
0.253724;7.56164;
0.253744;7.56204;
0.253764;7.56243;
0.253784;7.56283;
0.253804;7.56323;
0.253824;7.56363;
0.253844;7.56402;
0.253864;7.56442;
0.253884;7.56482;
0.253904;7.56522;
0.253924;7.56562;
0.253937;7.56588;
0.253937;7.56588;
0.253937;7.56588;
0.253938;7.56589;
0.253938;7.5659;
0.253938;7.5659;
0.253938;7.5659;
0.253939;7.56591;
0.253939;7.56592;
0.25394;7.56595;
0.253943;7.566;
0.253948;7.5661;
0.253958;7.5663;
0.253978;7.5667;
0.253998;7.5671;
0.254018;7.5675;
0.254038;7.5679;
0.254058;7.56829;
0.254078;7.56869;
0.254098;7.56909;
0.254118;7.56949;
0.254138;7.56989;
0.254158;7.57028;
0.254178;7.57068;
0.254198;7.57108;
0.254218;7.57148;
0.254238;7.57188;
0.254258;7.57228;
0.254278;7.57267;
0.254298;7.57307;
0.254318;7.57347;
0.254338;7.57387;
0.254358;7.57427;
0.254378;7.57467;
0.254398;7.57506;
0.254418;7.57546;
0.254438;7.57586;
0.254458;7.57626;
0.254478;7.57666;
0.254498;7.57706;
0.254518;7.57745;
0.254538;7.57785;
0.254558;7.57825;
0.254578;7.57865;
0.254598;7.57905;
0.254603;7.57914;
0.254605;7.57918;
0.254609;7.57926;
0.254617;7.57942;
0.254633;7.57974;
0.254645;7.57999;
0.254657;7.58021;
0.254667;7.58041;
0.254677;7.58061;
0.254697;7.58101;
0.25471;7.58128;
0.254725;7.58156;
0.254742;7.5819;
0.254762;7.58229;
0.254782;7.58269;
0.254802;7.58309;
0.254822;7.58349;
0.254842;7.58388;
0.254862;7.58428;
0.254882;7.58468;
0.254902;7.58508;
0.254922;7.58547;
0.254942;7.58587;
0.254962;7.58627;
0.254982;7.58667;
0.255002;7.58706;
0.255022;7.58746;
0.255042;7.58786;
0.255062;7.58826;
0.255082;7.58865;
0.255102;7.58905;
0.255122;7.58945;
0.255142;7.58985;
0.255162;7.59024;
0.255182;7.59064;
0.255202;7.59104;
0.255222;7.59144;
0.255242;7.59184;
0.255262;7.59223;
0.25527;7.5924;
0.25527;7.5924;
0.25527;7.59241;
0.255271;7.59241;
0.255271;7.59242;
0.255271;7.59242;
0.255271;7.59242;
0.255272;7.59243;
0.255272;7.59244;
0.255273;7.59247;
0.255276;7.59252;
0.255281;7.59262;
0.255291;7.59283;
0.255311;7.59322;
0.255331;7.59362;
0.255351;7.59402;
0.255371;7.59442;
0.255391;7.59482;
0.255411;7.59521;
0.255431;7.59561;
0.255451;7.59601;
0.255471;7.59641;
0.255491;7.59681;
0.255511;7.5972;
0.255531;7.5976;
0.255551;7.598;
0.255571;7.5984;
0.255591;7.5988;
0.255611;7.59919;
0.255631;7.59959;
0.255651;7.59999;
0.255671;7.60039;
0.255691;7.60079;
0.255711;7.60119;
0.255731;7.60158;
0.255751;7.60198;
0.255771;7.60238;
0.255791;7.60278;
0.255811;7.60318;
0.255831;7.60358;
0.255851;7.60397;
0.255871;7.60437;
0.255891;7.60477;
0.255911;7.60517;
0.255931;7.60557;
0.255936;7.60566;
0.255936;7.60566;
0.255936;7.60567;
0.255937;7.60567;
0.255937;7.60568;
0.255937;7.60568;
0.255937;7.60568;
0.255938;7.60569;
0.255938;7.6057;
0.255939;7.60573;
0.255942;7.60578;
0.255947;7.60588;
0.255955;7.60603;
0.255959;7.60611;
0.255963;7.60618;
0.255968;7.60628;
0.255973;7.60637;
0.25598;7.60649;
0.255992;7.60672;
0.256007;7.60698;
0.256024;7.60729;
0.256042;7.6076;
0.25606;7.60792;
0.25608;7.60828;
0.2561;7.60864;
0.25612;7.609;
0.25614;7.60937;
0.25616;7.60973;
0.25618;7.61009;
0.2562;7.61045;
0.25622;7.61081;
0.25624;7.61117;
0.25626;7.61153;
0.25628;7.61189;
0.2563;7.61225;
0.25632;7.61261;
0.25634;7.61297;
0.25636;7.61333;
0.25638;7.61369;
0.2564;7.61405;
0.25642;7.61442;
0.25644;7.61478;
0.25646;7.61514;
0.25648;7.6155;
0.2565;7.61586;
0.25652;7.61622;
0.25654;7.61658;
0.25656;7.61694;
0.25658;7.6173;
0.2566;7.61767;
0.256603;7.61773;
0.256603;7.61773;
0.256603;7.61773;
0.256604;7.61774;
0.256604;7.61775;
0.256604;7.61775;
0.256604;7.61775;
0.256605;7.61776;
0.256605;7.61777;
0.256606;7.61779;
0.256609;7.61784;
0.256614;7.61793;
0.256624;7.61812;
0.256644;7.61848;
0.256664;7.61884;
0.256684;7.6192;
0.256704;7.61956;
0.256724;7.61992;
0.256744;7.62028;
0.256764;7.62065;
0.256784;7.62101;
0.256804;7.62137;
0.256824;7.62173;
0.256844;7.62209;
0.256864;7.62246;
0.256884;7.62282;
0.256904;7.62318;
0.256924;7.62354;
0.256944;7.6239;
0.256964;7.62427;
0.256984;7.62463;
0.257004;7.62499;
0.257024;7.62535;
0.257044;7.62571;
0.257064;7.62608;
0.257084;7.62644;
0.257104;7.6268;
0.257124;7.62716;
0.257144;7.62753;
0.257164;7.62789;
0.257184;7.62825;
0.257204;7.62861;
0.257224;7.62898;
0.257244;7.62934;
0.257264;7.6297;
0.257269;7.62979;
0.257271;7.62982;
0.257275;7.62989;
0.257283;7.63004;
0.257299;7.63033;
0.257319;7.63069;
0.257339;7.63105;
0.257359;7.63141;
0.257379;7.63177;
0.257399;7.63214;
0.257419;7.6325;
0.257439;7.63286;
0.257459;7.63323;
0.257479;7.63359;
0.257499;7.63395;
0.257519;7.63431;
0.257539;7.63468;
0.257559;7.63504;
0.257579;7.6354;
0.257599;7.63577;
0.257619;7.63613;
0.257639;7.63649;
0.257659;7.63686;
0.257679;7.63722;
0.257699;7.63759;
0.257719;7.63795;
0.257739;7.63831;
0.257759;7.63868;
0.257779;7.63904;
0.257799;7.6394;
0.257819;7.63977;
0.257839;7.64013;
0.257859;7.64049;
0.257879;7.64086;
0.257899;7.64122;
0.257919;7.64159;
0.257936;7.6419;
0.257936;7.6419;
0.257936;7.64191;
0.257937;7.64192;
0.257937;7.64192;
0.257937;7.64192;
0.257937;7.64193;
0.257938;7.64193;
0.257938;7.64194;
0.257939;7.64197;
0.257942;7.64201;
0.257947;7.64211;
0.257957;7.64229;
0.257977;7.64266;
0.257997;7.64302;
0.258017;7.64338;
0.258037;7.64375;
0.258057;7.64411;
0.258077;7.64448;
0.258097;7.64484;
0.258117;7.64521;
0.258137;7.64557;
0.258157;7.64593;
0.258177;7.6463;
0.258197;7.64666;
0.258217;7.64703;
0.258237;7.64739;
0.258257;7.64776;
0.258277;7.64812;
0.258297;7.64849;
0.258317;7.64885;
0.258337;7.64922;
0.258357;7.64958;
0.258377;7.64995;
0.258397;7.65031;
0.258417;7.65067;
0.258437;7.65104;
0.258457;7.6514;
0.258477;7.65177;
0.258497;7.65213;
0.258517;7.6525;
0.258537;7.65286;
0.258557;7.65323;
0.258577;7.6536;
0.258597;7.65396;
0.258602;7.65404;
0.258604;7.65408;
0.258608;7.65415;
0.258616;7.6543;
0.258632;7.65459;
0.258652;7.65496;
0.258672;7.65532;
0.258692;7.65568;
0.258712;7.65604;
0.258732;7.65641;
0.258752;7.65678;
0.258772;7.65714;
0.258792;7.65751;
0.258812;7.65787;
0.258832;7.65824;
0.258852;7.6586;
0.258872;7.65897;
0.258892;7.65933;
0.258912;7.6597;
0.258932;7.66007;
0.258952;7.66043;
0.258972;7.6608;
0.258992;7.66116;
0.259012;7.66153;
0.259032;7.6619;
0.259052;7.66226;
0.259072;7.66263;
0.259092;7.66299;
0.259112;7.66336;
0.259132;7.66373;
0.259152;7.66409;
0.259172;7.66446;
0.259192;7.66482;
0.259212;7.66519;
0.259232;7.66556;
0.259252;7.66592;
0.259269;7.66624;
0.259269;7.66625;
0.259269;7.66625;
0.25927;7.66626;
0.25927;7.66626;
0.25927;7.66626;
0.25927;7.66627;
0.259271;7.66627;
0.259271;7.66628;
0.259272;7.66631;
0.259275;7.66635;
0.25928;7.66645;
0.25929;7.66664;
0.25931;7.667;
0.25933;7.66737;
0.25935;7.66773;
0.25937;7.6681;
0.25939;7.66847;
0.25941;7.66883;
0.25943;7.6692;
0.25945;7.66957;
0.25947;7.66993;
0.25949;7.6703;
0.25951;7.67067;
0.25953;7.67103;
0.25955;7.6714;
0.25957;7.67177;
0.25959;7.67214;
0.25961;7.6725;
0.25963;7.67287;
0.25965;7.67324;
0.25967;7.6736;
0.25969;7.67397;
0.25971;7.67434;
0.25973;7.6747;
0.25975;7.67507;
0.25977;7.67544;
0.25979;7.67581;
0.25981;7.67617;
0.25983;7.67654;
0.25985;7.67691;
0.25987;7.67727;
0.25989;7.67764;
0.25991;7.67801;
0.25993;7.67838;
0.259935;7.67846;
0.259937;7.6785;
0.259941;7.67857;
0.259949;7.67872;
0.259965;7.67901;
0.259985;7.67938;
0.260005;7.67975;
0.260025;7.68012;
0.260045;7.68048;
0.260065;7.68085;
0.260085;7.68122;
0.260105;7.68159;
0.260125;7.68195;
0.260145;7.68232;
0.260165;7.68269;
0.260185;7.68306;
0.260205;7.68343;
0.260225;7.68379;
0.260245;7.68416;
0.260265;7.68453;
0.260285;7.6849;
0.260305;7.68527;
0.260325;7.68563;
0.260345;7.686;
0.260365;7.68637;
0.260385;7.68674;
0.260405;7.68711;
0.260425;7.68747;
0.260445;7.68784;
0.260465;7.68821;
0.260485;7.68858;
0.260505;7.68895;
0.260525;7.68932;
0.260545;7.68968;
0.260565;7.69005;
0.260585;7.69042;
0.260602;7.69073;
0.260602;7.69074;
0.260602;7.69074;
0.260603;7.69075;
0.260603;7.69075;
0.260603;7.69075;
0.260603;7.69076;
0.260604;7.69076;
0.260604;7.69077;
0.260605;7.6908;
0.260608;7.69085;
0.260613;7.69094;
0.260623;7.69113;
0.260643;7.6915;
0.260663;7.69187;
0.260683;7.69223;
0.260703;7.6926;
0.260723;7.69297;
0.260743;7.69334;
0.260763;7.69371;
0.260783;7.69408;
0.260803;7.69445;
0.260823;7.69482;
0.260843;7.69518;
0.260863;7.69555;
0.260883;7.69592;
0.260903;7.69629;
0.260923;7.69666;
0.260943;7.69703;
0.260963;7.6974;
0.260983;7.69777;
0.261003;7.69814;
0.261023;7.69851;
0.261043;7.69888;
0.261063;7.69924;
0.261083;7.69961;
0.261103;7.69998;
0.261123;7.70035;
0.261143;7.70072;
0.261163;7.70109;
0.261183;7.70146;
0.261203;7.70183;
0.261223;7.7022;
0.261243;7.70257;
0.261263;7.70294;
0.261268;7.70302;
0.26127;7.70306;
0.261274;7.70313;
0.261282;7.70328;
0.261298;7.70358;
0.261318;7.70395;
0.261338;7.70432;
0.261358;7.70469;
0.261378;7.70506;
0.261398;7.70543;
0.261418;7.7058;
0.261438;7.70616;
0.261458;7.70653;
0.261478;7.7069;
0.261498;7.70727;
0.261518;7.70764;
0.261538;7.70801;
0.261558;7.70838;
0.261578;7.70875;
0.261598;7.70912;
0.261618;7.70949;
0.261638;7.70986;
0.261658;7.71023;
0.261678;7.7106;
0.261698;7.71097;
0.261718;7.71134;
0.261738;7.71171;
0.261758;7.71208;
0.261778;7.71245;
0.261798;7.71283;
0.261818;7.7132;
0.261838;7.71357;
0.261858;7.71394;
0.261878;7.71431;
0.261898;7.71468;
0.261918;7.71505;
0.261935;7.71536;
0.261935;7.71536;
0.261935;7.71537;
0.261936;7.71538;
0.261936;7.71538;
0.261936;7.71538;
0.261936;7.71539;
0.261937;7.71539;
0.261937;7.7154;
0.261938;7.71543;
0.261941;7.71547;
0.261946;7.71557;
0.261956;7.71576;
0.261976;7.71613;
0.261996;7.7165;
0.262016;7.71687;
0.262036;7.71724;
0.262056;7.71761;
0.262076;7.71798;
0.262096;7.71835;
0.262116;7.71872;
0.262136;7.71909;
0.262156;7.71946;
0.262176;7.71984;
0.262196;7.72021;
0.262216;7.72058;
0.262236;7.72095;
0.262256;7.72132;
0.262276;7.72169;
0.262296;7.72206;
0.262316;7.72243;
0.262336;7.7228;
0.262356;7.72317;
0.262376;7.72354;
0.262396;7.72392;
0.262416;7.72429;
0.262436;7.72466;
0.262456;7.72503;
0.262476;7.7254;
0.262496;7.72577;
0.262516;7.72614;
0.262536;7.72651;
0.262556;7.72689;
0.262576;7.72726;
0.262596;7.72763;
0.262601;7.72771;
0.262603;7.72775;
0.262607;7.72782;
0.262615;7.72797;
0.262631;7.72827;
0.262642;7.72848;
0.262654;7.7287;
0.262666;7.72892;
0.262677;7.72913;
0.262697;7.7295;
0.262712;7.72978;
0.262728;7.73007;
0.262746;7.7304;
0.262766;7.73078;
0.262786;7.73115;
0.262806;7.73152;
0.262826;7.73189;
0.262846;7.73226;
0.262866;7.73263;
0.262886;7.73301;
0.262906;7.73338;
0.262926;7.73375;
0.262946;7.73412;
0.262966;7.73449;
0.262986;7.73486;
0.263006;7.73524;
0.263026;7.73561;
0.263046;7.73598;
0.263066;7.73635;
0.263086;7.73672;
0.263106;7.7371;
0.263126;7.73747;
0.263146;7.73784;
0.263166;7.73821;
0.263186;7.73858;
0.263206;7.73896;
0.263226;7.73933;
0.263246;7.7397;
0.263266;7.74007;
0.263268;7.74011;
0.263268;7.74011;
0.263268;7.74012;
0.263269;7.74013;
0.263269;7.74013;
0.263269;7.74013;
0.263269;7.74014;
0.26327;7.74014;
0.26327;7.74015;
0.263271;7.74018;
0.263274;7.74022;
0.263279;7.74032;
0.263289;7.74051;
0.263309;7.74088;
0.263329;7.74126;
0.263349;7.74163;
0.263369;7.742;
0.263389;7.74237;
0.263409;7.74274;
0.263429;7.74312;
0.263449;7.74349;
0.263469;7.74386;
0.263489;7.74423;
0.263509;7.74461;
0.263529;7.74498;
0.263549;7.74535;
0.263569;7.74572;
0.263589;7.7461;
0.263609;7.74647;
0.263629;7.74684;
0.263649;7.74721;
0.263669;7.74759;
0.263689;7.74796;
0.263709;7.74833;
0.263729;7.74871;
0.263749;7.74908;
0.263769;7.74945;
0.263789;7.74982;
0.263809;7.7502;
0.263829;7.75057;
0.263849;7.75094;
0.263869;7.75132;
0.263889;7.75169;
0.263909;7.75206;
0.263929;7.75243;
0.263934;7.75252;
0.263936;7.75256;
0.26394;7.75263;
0.263948;7.75278;
0.263952;7.75286;
0.263957;7.75293;
0.263962;7.75301;
0.263967;7.75309;
0.263972;7.75318;
0.263983;7.75336;
0.263995;7.75356;
0.264011;7.75381;
0.264026;7.75405;
0.264043;7.75432;
0.264063;7.75464;
0.264083;7.75496;
0.264103;7.75528;
0.264123;7.75561;
0.264143;7.75593;
0.264163;7.75625;
0.264183;7.75657;
0.264203;7.7569;
0.264223;7.75722;
0.264243;7.75754;
0.264263;7.75786;
0.264283;7.75819;
0.264303;7.75851;
0.264323;7.75883;
0.264343;7.75915;
0.264363;7.75948;
0.264383;7.7598;
0.264403;7.76012;
0.264423;7.76045;
0.264443;7.76077;
0.264463;7.76109;
0.264483;7.76142;
0.264503;7.76174;
0.264523;7.76206;
0.264543;7.76239;
0.264563;7.76271;
0.264583;7.76303;
0.264601;7.76333;
0.264601;7.76333;
0.264601;7.76334;
0.264602;7.76334;
0.264602;7.76335;
0.264602;7.76335;
0.264602;7.76335;
0.264603;7.76336;
0.264603;7.76337;
0.264604;7.76339;
0.264607;7.76343;
0.264612;7.76351;
0.264622;7.76368;
0.264642;7.764;
0.264662;7.76433;
0.264682;7.76465;
0.264702;7.76497;
0.264722;7.7653;
0.264742;7.76562;
0.264762;7.76594;
0.264782;7.76627;
0.264802;7.76659;
0.264822;7.76692;
0.264842;7.76724;
0.264862;7.76757;
0.264882;7.76789;
0.264902;7.76821;
0.264922;7.76854;
0.264942;7.76886;
0.264962;7.76919;
0.264982;7.76951;
0.265002;7.76984;
0.265022;7.77016;
0.265042;7.77049;
0.265062;7.77081;
0.265082;7.77114;
0.265102;7.77146;
0.265122;7.77179;
0.265142;7.77211;
0.265162;7.77244;
0.265182;7.77276;
0.265202;7.77309;
0.265222;7.77341;
0.265242;7.77374;
0.265262;7.77406;
0.265267;7.77414;
0.265269;7.77417;
0.265273;7.77423;
0.265281;7.77436;
0.265297;7.77462;
0.265317;7.77495;
0.265337;7.77528;
0.265357;7.7756;
0.265377;7.77593;
0.265397;7.77625;
0.265417;7.77658;
0.265437;7.7769;
0.265457;7.77723;
0.265477;7.77755;
0.265497;7.77788;
0.265517;7.77821;
0.265537;7.77853;
0.265557;7.77886;
0.265577;7.77918;
0.265597;7.77951;
0.265617;7.77984;
0.265637;7.78016;
0.265657;7.78049;
0.265677;7.78082;
0.265697;7.78114;
0.265717;7.78147;
0.265737;7.78179;
0.265757;7.78212;
0.265777;7.78245;
0.265797;7.78277;
0.265817;7.7831;
0.265837;7.78343;
0.265857;7.78375;
0.265877;7.78408;
0.265897;7.78441;
0.265917;7.78473;
0.265934;7.78501;
0.265934;7.78501;
0.265934;7.78502;
0.265935;7.78502;
0.265935;7.78503;
0.265935;7.78503;
0.265935;7.78503;
0.265936;7.78504;
0.265936;7.78505;
0.265937;7.78507;
0.26594;7.78511;
0.265945;7.78519;
0.265955;7.78536;
0.265975;7.78569;
0.265995;7.78602;
0.266015;7.78634;
0.266035;7.78667;
0.266055;7.787;
0.266075;7.78733;
0.266095;7.78765;
0.266115;7.78798;
0.266135;7.78831;
0.266155;7.78863;
0.266175;7.78896;
0.266195;7.78929;
0.266215;7.78962;
0.266235;7.78994;
0.266255;7.79027;
0.266275;7.7906;
0.266295;7.79093;
0.266315;7.79126;
0.266335;7.79158;
0.266355;7.79191;
0.266375;7.79224;
0.266395;7.79257;
0.266415;7.7929;
0.266435;7.79322;
0.266455;7.79355;
0.266475;7.79388;
0.266495;7.79421;
0.266515;7.79454;
0.266535;7.79487;
0.266555;7.79519;
0.266575;7.79552;
0.266595;7.79585;
0.2666;7.79593;
0.266602;7.79596;
0.266606;7.79602;
0.266614;7.79616;
0.26663;7.79642;
0.26665;7.79675;
0.26667;7.79708;
0.26669;7.7974;
0.26671;7.79773;
0.26673;7.79806;
0.26675;7.79839;
0.26677;7.79872;
0.26679;7.79905;
0.26681;7.79938;
0.26683;7.79971;
0.26685;7.80004;
0.26687;7.80036;
0.26689;7.80069;
0.26691;7.80102;
0.26693;7.80135;
0.26695;7.80168;
0.26697;7.80201;
0.26699;7.80234;
0.26701;7.80267;
0.26703;7.803;
0.26705;7.80333;
0.26707;7.80366;
0.26709;7.80399;
0.26711;7.80432;
0.26713;7.80465;
0.26715;7.80498;
0.26717;7.80531;
0.26719;7.80564;
0.26721;7.80597;
0.26723;7.8063;
0.26725;7.80663;
0.267267;7.80691;
0.267267;7.80691;
0.267267;7.80691;
0.267268;7.80692;
0.267268;7.80692;
0.267268;7.80692;
0.267268;7.80693;
0.267269;7.80693;
0.267269;7.80694;
0.26727;7.80696;
0.267273;7.80701;
0.267278;7.80709;
0.267288;7.80726;
0.267308;7.80759;
0.267328;7.80792;
0.267348;7.80825;
0.267368;7.80858;
0.267388;7.80891;
0.267408;7.80924;
0.267428;7.80957;
0.267448;7.8099;
0.267468;7.81023;
0.267488;7.81056;
0.267508;7.81089;
0.267528;7.81122;
0.267548;7.81155;
0.267568;7.81189;
0.267588;7.81222;
0.267608;7.81255;
0.267628;7.81288;
0.267648;7.81321;
0.267668;7.81354;
0.267688;7.81387;
0.267708;7.8142;
0.267728;7.81453;
0.267748;7.81486;
0.267768;7.81519;
0.267788;7.81553;
0.267808;7.81586;
0.267828;7.81619;
0.267848;7.81652;
0.267868;7.81685;
0.267888;7.81718;
0.267908;7.81751;
0.267928;7.81785;
0.267933;7.81792;
0.267935;7.81795;
0.267939;7.81802;
0.267947;7.81815;
0.267963;7.81842;
0.267983;7.81875;
0.268003;7.81908;
0.268023;7.81941;
0.268043;7.81975;
0.268063;7.82008;
0.268083;7.82041;
0.268103;7.82074;
0.268123;7.82107;
0.268143;7.8214;
0.268163;7.82174;
0.268183;7.82207;
0.268203;7.8224;
0.268223;7.82273;
0.268243;7.82306;
0.268263;7.8234;
0.268283;7.82373;
0.268303;7.82406;
0.268323;7.82439;
0.268343;7.82473;
0.268363;7.82506;
0.268383;7.82539;
0.268403;7.82572;
0.268423;7.82606;
0.268443;7.82639;
0.268463;7.82672;
0.268483;7.82705;
0.268503;7.82739;
0.268523;7.82772;
0.268543;7.82805;
0.268563;7.82838;
0.268583;7.82872;
0.2686;7.829;
0.2686;7.829;
0.2686;7.829;
0.268601;7.82901;
0.268601;7.82902;
0.268601;7.82902;
0.268601;7.82902;
0.268602;7.82903;
0.268602;7.82904;
0.268603;7.82906;
0.268606;7.8291;
0.268611;7.82919;
0.268621;7.82936;
0.268641;7.82969;
0.268661;7.83002;
0.268681;7.83035;
0.268701;7.83069;
0.268721;7.83102;
0.268741;7.83135;
0.268761;7.83169;
0.268781;7.83202;
0.268801;7.83235;
0.268821;7.83269;
0.268841;7.83302;
0.268861;7.83335;
0.268881;7.83369;
0.268901;7.83402;
0.268921;7.83435;
0.268941;7.83469;
0.268961;7.83502;
0.268981;7.83536;
0.269001;7.83569;
0.269021;7.83602;
0.269041;7.83636;
0.269061;7.83669;
0.269081;7.83702;
0.269101;7.83736;
0.269121;7.83769;
0.269141;7.83803;
0.269161;7.83836;
0.269181;7.83869;
0.269201;7.83903;
0.269221;7.83936;
0.269241;7.8397;
0.269261;7.84003;
0.269266;7.84011;
0.269268;7.84014;
0.269272;7.84021;
0.26928;7.84034;
0.269296;7.84061;
0.269316;7.84094;
0.269336;7.84128;
0.269356;7.84161;
0.269376;7.84195;
0.269396;7.84228;
0.269416;7.84261;
0.269436;7.84295;
0.269456;7.84328;
0.269476;7.84362;
0.269496;7.84395;
0.269516;7.84429;
0.269536;7.84462;
0.269556;7.84496;
0.269576;7.84529;
0.269596;7.84563;
0.269616;7.84596;
0.269636;7.8463;
0.269656;7.84663;
0.269676;7.84697;
0.269696;7.8473;
0.269716;7.84764;
0.269736;7.84797;
0.269756;7.84831;
0.269776;7.84864;
0.269796;7.84898;
0.269816;7.84931;
0.269836;7.84965;
0.269856;7.84998;
0.269876;7.85032;
0.269896;7.85065;
0.269916;7.85099;
0.269933;7.85127;
0.269933;7.85128;
0.269933;7.85128;
0.269934;7.85129;
0.269934;7.85129;
0.269934;7.85129;
0.269934;7.8513;
0.269935;7.8513;
0.269935;7.85131;
0.269936;7.85133;
0.269939;7.85138;
0.269944;7.85146;
0.269954;7.85163;
0.269974;7.85197;
0.269994;7.8523;
0.270014;7.85264;
0.270034;7.85298;
0.270054;7.85331;
0.270074;7.85365;
0.270094;7.85398;
0.270114;7.85432;
0.270134;7.85466;
0.270154;7.85499;
0.270174;7.85533;
0.270194;7.85566;
0.270214;7.856;
0.270234;7.85633;
0.270254;7.85667;
0.270274;7.85701;
0.270294;7.85734;
0.270314;7.85768;
0.270334;7.85802;
0.270354;7.85835;
0.270374;7.85869;
0.270394;7.85902;
0.270414;7.85936;
0.270434;7.8597;
0.270454;7.86003;
0.270474;7.86037;
0.270494;7.86071;
0.270514;7.86104;
0.270534;7.86138;
0.270554;7.86172;
0.270574;7.86205;
0.270594;7.86239;
0.270599;7.86247;
0.270599;7.86247;
0.270599;7.86247;
0.2706;7.86248;
0.2706;7.86248;
0.2706;7.86249;
0.2706;7.86249;
0.270601;7.86249;
0.270601;7.8625;
0.270602;7.86253;
0.270605;7.86257;
0.27061;7.86266;
0.27062;7.86283;
0.27064;7.86316;
0.27066;7.8635;
0.27068;7.86384;
0.2707;7.86418;
0.27072;7.86451;
0.27074;7.86485;
0.27076;7.86519;
0.27078;7.86552;
0.2708;7.86586;
0.27082;7.8662;
0.27084;7.86653;
0.27086;7.86687;
0.27088;7.86721;
0.2709;7.86755;
0.27092;7.86788;
0.27094;7.86822;
0.27096;7.86856;
0.27098;7.8689;
0.271;7.86923;
0.27102;7.86957;
0.27104;7.86991;
0.27106;7.87025;
0.27108;7.87058;
0.2711;7.87092;
0.27112;7.87126;
0.27114;7.8716;
0.27116;7.87193;
0.27118;7.87227;
0.2712;7.87261;
0.27122;7.87295;
0.27124;7.87328;
0.27126;7.87362;
0.271266;7.87372;
0.271266;7.87372;
0.271266;7.87372;
0.271267;7.87373;
0.271267;7.87373;
0.271267;7.87374;
0.271267;7.87374;
0.271268;7.87374;
0.271268;7.87375;
0.271269;7.87378;
0.271272;7.87382;
0.271277;7.87391;
0.271287;7.87408;
0.271307;7.87442;
0.271327;7.87475;
0.271347;7.87509;
0.271367;7.87543;
0.271387;7.87577;
0.271407;7.87611;
0.271427;7.87645;
0.271447;7.87678;
0.271467;7.87712;
0.271487;7.87746;
0.271507;7.8778;
0.271527;7.87814;
0.271547;7.87847;
0.271567;7.87881;
0.271587;7.87915;
0.271607;7.87949;
0.271627;7.87983;
0.271647;7.88017;
0.271667;7.88051;
0.271687;7.88084;
0.271707;7.88118;
0.271727;7.88152;
0.271747;7.88186;
0.271767;7.8822;
0.271787;7.88254;
0.271807;7.88288;
0.271827;7.88322;
0.271847;7.88355;
0.271867;7.88389;
0.271887;7.88423;
0.271907;7.88457;
0.271927;7.88491;
0.271932;7.88499;
0.271934;7.88502;
0.271938;7.88509;
0.271946;7.88523;
0.271962;7.8855;
0.271975;7.88571;
0.271988;7.88593;
0.272008;7.88627;
0.272028;7.88661;
0.272048;7.88695;
0.272067;7.88728;
0.272087;7.88762;
0.272107;7.88796;
0.272127;7.8883;
0.272147;7.88864;
0.272167;7.88898;
0.272187;7.88932;
0.272207;7.88966;
0.272227;7.89;
0.272247;7.89034;
0.272267;7.89067;
0.272287;7.89101;
0.272307;7.89135;
0.272327;7.89169;
0.272347;7.89203;
0.272367;7.89237;
0.272387;7.89271;
0.272407;7.89305;
0.272427;7.89339;
0.272447;7.89373;
0.272467;7.89407;
0.272487;7.89441;
0.272507;7.89475;
0.272527;7.89509;
0.272547;7.89543;
0.272567;7.89577;
0.272587;7.89611;
0.272599;7.89631;
0.272599;7.89631;
0.272599;7.89632;
0.2726;7.89632;
0.2726;7.89633;
0.2726;7.89633;
0.2726;7.89633;
0.272601;7.89634;
0.272601;7.89635;
0.272602;7.89637;
0.272605;7.89642;
0.27261;7.8965;
0.27262;7.89668;
0.27264;7.89702;
0.27266;7.89736;
0.27268;7.8977;
0.2727;7.89804;
0.27272;7.89838;
0.27274;7.89872;
0.27276;7.89906;
0.27278;7.8994;
0.2728;7.89974;
0.27282;7.90008;
0.27284;7.90042;
0.27286;7.90076;
0.27288;7.9011;
0.2729;7.90144;
0.27292;7.90178;
0.27294;7.90212;
0.27296;7.90246;
0.27298;7.9028;
0.273;7.90314;
0.27302;7.90349;
0.27304;7.90383;
0.27306;7.90417;
0.27308;7.90451;
0.2731;7.90485;
0.27312;7.90519;
0.27314;7.90553;
0.27316;7.90587;
0.27318;7.90621;
0.2732;7.90655;
0.27322;7.90689;
0.27324;7.90724;
0.27326;7.90758;
0.273265;7.90766;
0.273265;7.90766;
0.273265;7.90766;
0.273266;7.90767;
0.273266;7.90767;
0.273266;7.90767;
0.273266;7.90768;
0.273267;7.90768;
0.273267;7.90769;
0.273268;7.90771;
0.273271;7.90776;
0.273276;7.90785;
0.273285;7.908;
0.27329;7.90808;
0.273295;7.90815;
0.2733;7.90822;
0.273304;7.90829;
0.273313;7.90842;
0.273329;7.90868;
0.273343;7.9089;
0.273359;7.90913;
0.273379;7.90944;
0.273399;7.90975;
0.273419;7.91006;
0.273439;7.91036;
0.273459;7.91067;
0.273479;7.91098;
0.273499;7.91129;
0.273519;7.91159;
0.273539;7.9119;
0.273559;7.91221;
0.273579;7.91252;
0.273599;7.91283;
0.273619;7.91313;
0.273639;7.91344;
0.273659;7.91375;
0.273679;7.91406;
0.273699;7.91437;
0.273719;7.91468;
0.273739;7.91498;
0.273759;7.91529;
0.273779;7.9156;
0.273799;7.91591;
0.273819;7.91622;
0.273839;7.91653;
0.273859;7.91683;
0.273879;7.91714;
0.273899;7.91745;
0.273919;7.91776;
0.273932;7.91797;
0.273932;7.91797;
0.273932;7.91797;
0.273933;7.91798;
0.273933;7.91798;
0.273933;7.91798;
0.273933;7.91799;
0.273934;7.91799;
0.273934;7.918;
0.273935;7.91802;
0.273938;7.91806;
0.273943;7.91814;
0.273953;7.9183;
0.273973;7.91861;
0.273993;7.91891;
0.274013;7.91922;
0.274033;7.91953;
0.274053;7.91984;
0.274073;7.92015;
0.274093;7.92046;
0.274113;7.92077;
0.274133;7.92108;
0.274153;7.92139;
0.274173;7.9217;
0.274193;7.92201;
0.274213;7.92232;
0.274233;7.92263;
0.274253;7.92294;
0.274273;7.92325;
0.274293;7.92356;
0.274313;7.92386;
0.274333;7.92417;
0.274353;7.92448;
0.274373;7.92479;
0.274393;7.9251;
0.274413;7.92541;
0.274433;7.92572;
0.274453;7.92603;
0.274473;7.92634;
0.274493;7.92665;
0.274513;7.92696;
0.274533;7.92728;
0.274553;7.92759;
0.274573;7.9279;
0.274593;7.92821;
0.274598;7.92828;
0.2746;7.92831;
0.274604;7.92837;
0.274612;7.92849;
0.274628;7.92874;
0.274648;7.92905;
0.274668;7.92936;
0.274688;7.92968;
0.274708;7.92999;
0.274728;7.9303;
0.274748;7.93061;
0.274768;7.93092;
0.274788;7.93123;
0.274808;7.93154;
0.274828;7.93185;
0.274848;7.93216;
0.274868;7.93247;
0.274888;7.93278;
0.274908;7.93309;
0.274928;7.93341;
0.274948;7.93372;
0.274968;7.93403;
0.274988;7.93434;
0.275008;7.93465;
0.275028;7.93496;
0.275048;7.93527;
0.275068;7.93559;
0.275088;7.9359;
0.275108;7.93621;
0.275128;7.93652;
0.275148;7.93683;
0.275168;7.93714;
0.275188;7.93746;
0.275208;7.93777;
0.275228;7.93808;
0.275248;7.93839;
0.275265;7.93866;
0.275265;7.93866;
0.275265;7.93866;
0.275266;7.93867;
0.275266;7.93867;
0.275266;7.93867;
0.275266;7.93868;
0.275267;7.93868;
0.275267;7.93869;
0.275268;7.93871;
0.275271;7.93875;
0.275276;7.93883;
0.275286;7.93899;
0.275306;7.9393;
0.275326;7.93961;
0.275346;7.93993;
0.275366;7.94024;
0.275386;7.94055;
0.275406;7.94086;
0.275426;7.94118;
0.275446;7.94149;
0.275466;7.9418;
0.275486;7.94211;
0.275506;7.94242;
0.275526;7.94274;
0.275546;7.94305;
0.275566;7.94336;
0.275586;7.94368;
0.275606;7.94399;
0.275626;7.9443;
0.275646;7.94461;
0.275666;7.94493;
0.275686;7.94524;
0.275706;7.94555;
0.275726;7.94587;
0.275746;7.94618;
0.275766;7.94649;
0.275786;7.9468;
0.275806;7.94712;
0.275826;7.94743;
0.275846;7.94774;
0.275866;7.94806;
0.275886;7.94837;
0.275906;7.94868;
0.275926;7.949;
0.275931;7.94907;
0.275931;7.94907;
0.275931;7.94907;
0.275932;7.94908;
0.275932;7.94908;
0.275932;7.94909;
0.275932;7.94909;
0.275933;7.94909;
0.275933;7.9491;
0.275934;7.94912;
0.275937;7.94916;
0.275942;7.94924;
0.275952;7.9494;
0.275972;7.94972;
0.275992;7.95003;
0.276012;7.95035;
0.276031;7.95064;
0.276051;7.95095;
0.276071;7.95127;
0.276091;7.95158;
0.276111;7.95189;
0.276131;7.95221;
0.276151;7.95252;
0.276171;7.95283;
0.276191;7.95315;
0.276211;7.95346;
0.276231;7.95378;
0.276251;7.95409;
0.276271;7.9544;
0.276291;7.95472;
0.276311;7.95503;
0.276331;7.95535;
0.276351;7.95566;
0.276371;7.95598;
0.276391;7.95629;
0.276411;7.95661;
0.276431;7.95692;
0.276451;7.95723;
0.276471;7.95755;
0.276491;7.95786;
0.276511;7.95818;
0.276531;7.95849;
0.276551;7.95881;
0.276571;7.95912;
0.276591;7.95944;
0.276598;7.95955;
0.276598;7.95955;
0.276598;7.95955;
0.276599;7.95956;
0.276599;7.95956;
0.276599;7.95956;
0.276599;7.95957;
0.2766;7.95957;
0.2766;7.95958;
0.276601;7.9596;
0.276604;7.95964;
0.276609;7.95972;
0.276619;7.95988;
0.276639;7.9602;
0.276659;7.96051;
0.276679;7.96083;
0.276699;7.96114;
0.276719;7.96146;
0.276739;7.96177;
0.276759;7.96209;
0.276779;7.9624;
0.276799;7.96272;
0.276819;7.96303;
0.276839;7.96335;
0.276859;7.96366;
0.276879;7.96398;
0.276899;7.96429;
0.276919;7.96461;
0.276939;7.96493;
0.276959;7.96524;
0.276979;7.96556;
0.276999;7.96587;
0.277019;7.96619;
0.277039;7.9665;
0.277059;7.96682;
0.277079;7.96714;
0.277099;7.96745;
0.277119;7.96777;
0.277139;7.96808;
0.277159;7.9684;
0.277179;7.96872;
0.277199;7.96903;
0.277219;7.96935;
0.277239;7.96966;
0.277259;7.96998;
0.277264;7.97005;
0.277266;7.97008;
0.27727;7.97015;
0.277278;7.97027;
0.277294;7.97053;
0.277314;7.97084;
0.277334;7.97116;
0.277354;7.97148;
0.277374;7.97179;
0.277394;7.97211;
0.277414;7.97242;
0.277434;7.97274;
0.277454;7.97306;
0.277474;7.97337;
0.277494;7.97369;
0.277514;7.97401;
0.277534;7.97432;
0.277554;7.97464;
0.277574;7.97496;
0.277594;7.97527;
0.277614;7.97559;
0.277634;7.97591;
0.277654;7.97623;
0.277674;7.97654;
0.277694;7.97686;
0.277714;7.97718;
0.277734;7.97749;
0.277754;7.97781;
0.277774;7.97813;
0.277794;7.97844;
0.277814;7.97876;
0.277834;7.97908;
0.277854;7.9794;
0.277874;7.97971;
0.277894;7.98003;
0.277914;7.98035;
0.277931;7.98062;
0.277931;7.98062;
0.277931;7.98062;
0.277932;7.98063;
0.277932;7.98063;
0.277932;7.98064;
0.277932;7.98064;
0.277933;7.98064;
0.277933;7.98065;
0.277934;7.98067;
0.277937;7.98071;
0.277942;7.9808;
0.277952;7.98096;
0.277972;7.98128;
0.277992;7.98159;
0.278012;7.98191;
0.278032;7.98223;
0.278052;7.98255;
0.278072;7.98286;
0.278092;7.98318;
0.278112;7.9835;
0.278132;7.98382;
0.278152;7.98414;
0.278172;7.98445;
0.278192;7.98477;
0.278212;7.98509;
0.278232;7.98541;
0.278252;7.98573;
0.278272;7.98604;
0.278292;7.98636;
0.278312;7.98668;
0.278332;7.987;
0.278352;7.98732;
0.278372;7.98763;
0.278392;7.98795;
0.278412;7.98827;
0.278432;7.98859;
0.278452;7.98891;
0.278472;7.98923;
0.278492;7.98955;
0.278512;7.98986;
0.278532;7.99018;
0.278552;7.9905;
0.278572;7.99082;
0.278592;7.99114;
0.278597;7.99121;
0.278597;7.99121;
0.278597;7.99122;
0.278598;7.99122;
0.278598;7.99123;
0.278598;7.99123;
0.278598;7.99123;
0.278599;7.99124;
0.278599;7.99125;
0.2786;7.99127;
0.278603;7.99131;
0.278608;7.99139;
0.278618;7.99155;
0.278634;7.99179;
0.278648;7.99202;
0.27866;7.99222;
0.278677;7.99248;
0.278697;7.9928;
0.278717;7.99312;
0.278735;7.99342;
0.278755;7.99373;
0.278775;7.99405;
0.278795;7.99437;
0.278815;7.99469;
0.278835;7.99501;
0.278855;7.99533;
0.278875;7.99565;
0.278895;7.99597;
0.278915;7.99629;
0.278935;7.99661;
0.278955;7.99693;
0.278975;7.99725;
0.278995;7.99756;
0.279015;7.99788;
0.279035;7.9982;
0.279055;7.99852;
0.279075;7.99884;
0.279095;7.99916;
0.279115;7.99948;
0.279135;7.9998;
0.279155;8.00012;
0.279175;8.00044;
0.279195;8.00076;
0.279215;8.00108;
0.279235;8.0014;
0.279255;8.00172;
0.279264;8.00186;
0.279264;8.00186;
0.279264;8.00187;
0.279265;8.00187;
0.279265;8.00188;
0.279265;8.00188;
0.279265;8.00188;
0.279266;8.00189;
0.279266;8.0019;
0.279267;8.00192;
0.27927;8.00196;
0.279275;8.00204;
0.279285;8.0022;
0.279305;8.00252;
0.279325;8.00284;
0.279345;8.00316;
0.279365;8.00348;
0.279385;8.0038;
0.279405;8.00412;
0.279425;8.00444;
0.279445;8.00476;
0.279465;8.00509;
0.279485;8.00541;
0.279505;8.00573;
0.279525;8.00605;
0.279545;8.00637;
0.279565;8.00669;
0.279585;8.00701;
0.279605;8.00733;
0.279625;8.00765;
0.279645;8.00797;
0.279665;8.00829;
0.279685;8.00861;
0.279705;8.00893;
0.279725;8.00925;
0.279745;8.00957;
0.279765;8.00989;
0.279785;8.01021;
0.279805;8.01053;
0.279825;8.01086;
0.279845;8.01118;
0.279865;8.0115;
0.279885;8.01182;
0.279905;8.01214;
0.279925;8.01246;
0.27993;8.01253;
0.279932;8.01257;
0.279936;8.01263;
0.279944;8.01276;
0.279948;8.01283;
0.279953;8.01289;
0.279958;8.01296;
0.279963;8.01302;
0.279968;8.0131;
0.279979;8.01325;
0.279992;8.01342;
0.280008;8.01364;
0.280023;8.01384;
0.28004;8.01407;
0.28006;8.01434;
0.28008;8.01461;
0.2801;8.01488;
0.28012;8.01515;
0.28014;8.01542;
0.28016;8.01569;
0.28018;8.01596;
0.2802;8.01624;
0.28022;8.01651;
0.28024;8.01678;
0.28026;8.01705;
0.28028;8.01732;
0.2803;8.01759;
0.28032;8.01787;
0.28034;8.01814;
0.28036;8.01841;
0.28038;8.01868;
0.2804;8.01895;
0.28042;8.01922;
0.28044;8.0195;
0.28046;8.01977;
0.28048;8.02004;
0.2805;8.02031;
0.28052;8.02059;
0.28054;8.02086;
0.28056;8.02113;
0.28058;8.0214;
0.280597;8.02164;
0.280597;8.02164;
0.280597;8.02164;
0.280598;8.02165;
0.280598;8.02165;
0.280598;8.02165;
0.280598;8.02166;
0.280599;8.02166;
0.280599;8.02167;
0.2806;8.02169;
0.280603;8.02172;
0.280608;8.02179;
0.280618;8.02193;
0.280638;8.0222;
0.280658;8.02248;
0.280678;8.02275;
0.280698;8.02302;
0.280718;8.0233;
0.280738;8.02357;
0.280758;8.02384;
0.280778;8.02412;
0.280798;8.02439;
0.280818;8.02466;
0.280838;8.02494;
0.280858;8.02521;
0.280878;8.02548;
0.280898;8.02576;
0.280918;8.02603;
0.280938;8.0263;
0.280958;8.02658;
0.280978;8.02685;
0.280998;8.02712;
0.281018;8.0274;
0.281038;8.02767;
0.281058;8.02795;
0.281078;8.02822;
0.281098;8.02849;
0.281118;8.02877;
0.281138;8.02904;
0.281158;8.02932;
0.281178;8.02959;
0.281198;8.02987;
0.281218;8.03014;
0.281238;8.03042;
0.281258;8.03069;
0.281263;8.03075;
0.281263;8.03075;
0.281263;8.03076;
0.281264;8.03076;
0.281264;8.03077;
0.281264;8.03077;
0.281264;8.03077;
0.281265;8.03077;
0.281265;8.03078;
0.281266;8.0308;
0.281269;8.03084;
0.281274;8.03091;
0.281284;8.03105;
0.281304;8.03132;
0.281324;8.0316;
0.281344;8.03187;
0.281364;8.03215;
0.281384;8.03242;
0.281404;8.0327;
0.281424;8.03297;
0.281444;8.03325;
0.281464;8.03352;
0.281484;8.0338;
0.281504;8.03407;
0.281524;8.03435;
0.281544;8.03462;
0.281564;8.0349;
0.281584;8.03518;
0.281604;8.03545;
0.281624;8.03573;
0.281644;8.036;
0.281664;8.03628;
0.281684;8.03655;
0.281704;8.03683;
0.281724;8.03711;
0.281744;8.03738;
0.281764;8.03766;
0.281784;8.03793;
0.281804;8.03821;
0.281824;8.03849;
0.281844;8.03876;
0.281864;8.03904;
0.281884;8.03932;
0.281904;8.03959;
0.281924;8.03987;
0.28193;8.03995;
0.28193;8.03995;
0.28193;8.03995;
0.281931;8.03996;
0.281931;8.03996;
0.281931;8.03996;
0.281931;8.03996;
0.281932;8.03997;
0.281932;8.03998;
0.281933;8.04;
0.281936;8.04003;
0.281941;8.0401;
0.281951;8.04024;
0.281971;8.04052;
0.281991;8.0408;
0.282011;8.04107;
0.282031;8.04135;
0.282051;8.04163;
0.282071;8.0419;
0.282091;8.04218;
0.282111;8.04246;
0.282131;8.04274;
0.282151;8.04301;
0.282171;8.04329;
0.282191;8.04357;
0.282211;8.04385;
0.282231;8.04412;
0.282251;8.0444;
0.282271;8.04468;
0.282291;8.04496;
0.282311;8.04523;
0.282331;8.04551;
0.282351;8.04579;
0.282371;8.04607;
0.282391;8.04635;
0.282411;8.04662;
0.282431;8.0469;
0.282451;8.04718;
0.282471;8.04746;
0.282491;8.04774;
0.282511;8.04801;
0.282531;8.04829;
0.282551;8.04857;
0.282571;8.04885;
0.282591;8.04913;
0.282596;8.04919;
0.282598;8.04922;
0.282602;8.04928;
0.28261;8.04939;
0.282626;8.04961;
0.282646;8.04989;
0.282666;8.05017;
0.282686;8.05045;
0.282706;8.05072;
0.282726;8.051;
0.282746;8.05128;
0.282766;8.05156;
0.282786;8.05184;
0.282806;8.05212;
0.282826;8.0524;
0.282846;8.05268;
0.282866;8.05296;
0.282886;8.05324;
0.282906;8.05352;
0.282926;8.0538;
0.282946;8.05408;
0.282966;8.05435;
0.282986;8.05463;
0.283006;8.05491;
0.283026;8.05519;
0.283046;8.05547;
0.283066;8.05575;
0.283086;8.05603;
0.283106;8.05631;
0.283126;8.05659;
0.283146;8.05687;
0.283166;8.05715;
0.283186;8.05743;
0.283206;8.05771;
0.283226;8.05799;
0.283246;8.05827;
0.283263;8.05851;
0.283263;8.05851;
0.283263;8.05852;
0.283264;8.05852;
0.283264;8.05853;
0.283264;8.05853;
0.283264;8.05853;
0.283265;8.05853;
0.283265;8.05854;
0.283266;8.05856;
0.283269;8.0586;
0.283274;8.05867;
0.283284;8.05881;
0.283304;8.05909;
0.283324;8.05937;
0.283344;8.05965;
0.283364;8.05993;
0.283384;8.06022;
0.283404;8.0605;
0.283424;8.06078;
0.283444;8.06106;
0.283464;8.06134;
0.283484;8.06162;
0.283504;8.0619;
0.283524;8.06218;
0.283544;8.06246;
0.283564;8.06274;
0.283584;8.06303;
0.283604;8.06331;
0.283624;8.06359;
0.283644;8.06387;
0.283664;8.06415;
0.283684;8.06443;
0.283704;8.06471;
0.283724;8.065;
0.283744;8.06528;
0.283764;8.06556;
0.283784;8.06584;
0.283804;8.06612;
0.283824;8.0664;
0.283844;8.06669;
0.283864;8.06697;
0.283884;8.06725;
0.283904;8.06753;
0.283924;8.06781;
0.283929;8.06788;
0.283929;8.06788;
0.283929;8.06788;
0.28393;8.06789;
0.28393;8.06789;
0.28393;8.06789;
0.28393;8.0679;
0.283931;8.0679;
0.283931;8.06791;
0.283932;8.06793;
0.283935;8.06796;
0.28394;8.06804;
0.28395;8.06818;
0.28397;8.06846;
0.28399;8.06875;
0.28401;8.06903;
0.28403;8.06931;
0.28405;8.06959;
0.28407;8.06988;
0.28409;8.07016;
0.28411;8.07044;
0.28413;8.07072;
0.28415;8.07101;
0.28417;8.07129;
0.28419;8.07157;
0.28421;8.07185;
0.28423;8.07214;
0.28425;8.07242;
0.28427;8.0727;
0.28429;8.07299;
0.28431;8.07327;
0.28433;8.07355;
0.28435;8.07384;
0.28437;8.07412;
0.28439;8.0744;
0.28441;8.07469;
0.28443;8.07497;
0.28445;8.07525;
0.28447;8.07554;
0.28449;8.07582;
0.28451;8.0761;
0.28453;8.07639;
0.28455;8.07667;
0.28457;8.07695;
0.28459;8.07724;
0.284596;8.07732;
0.284596;8.07732;
0.284596;8.07732;
0.284597;8.07733;
0.284597;8.07733;
0.284597;8.07733;
0.284597;8.07734;
0.284598;8.07734;
0.284598;8.07735;
0.284599;8.07737;
0.284602;8.0774;
0.284607;8.07748;
0.284617;8.07762;
0.284637;8.07791;
0.284657;8.07819;
0.284677;8.07847;
0.284697;8.07876;
0.284717;8.07904;
0.284737;8.07933;
0.284757;8.07961;
0.284777;8.0799;
0.284797;8.08018;
0.284817;8.08046;
0.284837;8.08075;
0.284857;8.08103;
0.284877;8.08132;
0.284897;8.0816;
0.284917;8.08189;
0.284937;8.08217;
0.284957;8.08246;
0.284977;8.08274;
0.284997;8.08303;
0.285017;8.08331;
0.285037;8.0836;
0.285057;8.08388;
0.285077;8.08417;
0.285097;8.08445;
0.285117;8.08474;
0.285137;8.08502;
0.285157;8.08531;
0.285177;8.08559;
0.285197;8.08588;
0.285217;8.08616;
0.285237;8.08645;
0.285257;8.08673;
0.285262;8.0868;
0.285264;8.08683;
0.285268;8.08688;
0.285276;8.087;
0.285292;8.08723;
0.285312;8.08751;
0.285332;8.0878;
0.285352;8.08808;
0.285372;8.08837;
0.285392;8.08866;
0.285412;8.08894;
0.285432;8.08923;
0.285452;8.08951;
0.285472;8.0898;
0.285492;8.09009;
0.285512;8.09037;
0.285532;8.09066;
0.285552;8.09094;
0.285572;8.09123;
0.285592;8.09152;
0.285612;8.0918;
0.285632;8.09209;
0.285652;8.09238;
0.285672;8.09266;
0.285692;8.09295;
0.285712;8.09324;
0.285732;8.09352;
0.285752;8.09381;
0.285772;8.0941;
0.285792;8.09438;
0.285812;8.09467;
0.285832;8.09496;
0.285852;8.09524;
0.285872;8.09553;
0.285892;8.09582;
0.285912;8.0961;
0.285929;8.09635;
0.285929;8.09635;
0.285929;8.09635;
0.28593;8.09636;
0.28593;8.09636;
0.28593;8.09636;
0.28593;8.09637;
0.285931;8.09637;
0.285931;8.09638;
0.285932;8.0964;
0.285935;8.09644;
0.28594;8.09651;
0.28595;8.09666;
0.28597;8.09694;
0.28599;8.09723;
0.28601;8.09752;
0.28603;8.09781;
0.28605;8.09809;
0.28607;8.09838;
0.28609;8.09867;
0.28611;8.09895;
0.28613;8.09924;
0.28615;8.09953;
0.28617;8.09982;
0.28619;8.10011;
0.28621;8.10039;
0.28623;8.10068;
0.28625;8.10097;
0.28627;8.10126;
0.28629;8.10154;
0.28631;8.10183;
0.28633;8.10212;
0.28635;8.10241;
0.28637;8.1027;
0.28639;8.10299;
0.28641;8.10327;
0.28643;8.10356;
0.28645;8.10385;
0.28647;8.10414;
0.28649;8.10443;
0.28651;8.10472;
0.28653;8.105;
0.28655;8.10529;
0.28657;8.10558;
0.28659;8.10587;
0.286595;8.10594;
0.286595;8.10594;
0.286595;8.10594;
0.286596;8.10595;
0.286596;8.10595;
0.286596;8.10595;
0.286596;8.10595;
0.286597;8.10596;
0.286597;8.10597;
0.286598;8.10599;
0.286601;8.10602;
0.286606;8.1061;
0.286616;8.10625;
0.286636;8.10653;
0.286656;8.10682;
0.286676;8.10711;
0.286694;8.10737;
0.286712;8.10763;
0.286732;8.10792;
0.286752;8.10821;
0.286772;8.1085;
0.286792;8.10879;
0.286812;8.10908;
0.286832;8.10936;
0.286852;8.10965;
0.286872;8.10994;
0.286892;8.11023;
0.286912;8.11052;
0.286932;8.11081;
0.286952;8.1111;
0.286972;8.11139;
0.286992;8.11168;
0.287012;8.11197;
0.287032;8.11226;
0.287052;8.11255;
0.287072;8.11284;
0.287092;8.11313;
0.287112;8.11342;
0.287132;8.11371;
0.287152;8.114;
0.287172;8.11429;
0.287192;8.11458;
0.287212;8.11487;
0.287232;8.11516;
0.287252;8.11545;
0.287262;8.11559;
0.287262;8.11559;
0.287262;8.11559;
0.287263;8.1156;
0.287263;8.1156;
0.287263;8.1156;
0.287263;8.11561;
0.287264;8.11561;
0.287264;8.11562;
0.287265;8.11564;
0.287268;8.11568;
0.287273;8.11575;
0.287283;8.1159;
0.287303;8.11619;
0.287323;8.11648;
0.287343;8.11677;
0.287363;8.11706;
0.287383;8.11735;
0.287403;8.11764;
0.287423;8.11793;
0.287443;8.11822;
0.287463;8.11851;
0.287483;8.1188;
0.287503;8.11909;
0.287523;8.11938;
0.287543;8.11968;
0.287563;8.11997;
0.287583;8.12026;
0.287603;8.12055;
0.287623;8.12084;
0.287643;8.12113;
0.287663;8.12142;
0.287683;8.12171;
0.287703;8.122;
0.287723;8.12229;
0.287743;8.12259;
0.287763;8.12288;
0.287783;8.12317;
0.287803;8.12346;
0.287823;8.12375;
0.287843;8.12404;
0.287863;8.12433;
0.287883;8.12462;
0.287903;8.12492;
0.287923;8.12521;
0.287928;8.12527;
0.28793;8.1253;
0.287934;8.12536;
0.287942;8.12548;
0.287958;8.12571;
0.287969;8.12588;
0.287981;8.12605;
0.287993;8.12623;
0.288006;8.12641;
0.288026;8.1267;
0.288042;8.12694;
0.288059;8.12719;
0.288078;8.12747;
0.288098;8.12776;
0.288118;8.12805;
0.288138;8.12834;
0.288158;8.12863;
0.288178;8.12893;
0.288198;8.12922;
0.288218;8.12951;
0.288238;8.1298;
0.288258;8.1301;
0.288278;8.13039;
0.288298;8.13068;
0.288318;8.13097;
0.288338;8.13126;
0.288358;8.13156;
0.288378;8.13185;
0.288398;8.13214;
0.288418;8.13243;
0.288438;8.13273;
0.288458;8.13302;
0.288478;8.13331;
0.288498;8.13361;
0.288518;8.1339;
0.288538;8.13419;
0.288558;8.13448;
0.288578;8.13478;
0.288595;8.13502;
0.288595;8.13502;
0.288595;8.13503;
0.288596;8.13503;
0.288596;8.13504;
0.288596;8.13504;
0.288596;8.13504;
0.288597;8.13505;
0.288597;8.13505;
0.288598;8.13507;
0.288601;8.13511;
0.288606;8.13519;
0.288616;8.13534;
0.288636;8.13563;
0.288656;8.13592;
0.288676;8.13622;
0.288696;8.13651;
0.288716;8.1368;
0.288736;8.1371;
0.288756;8.13739;
0.288776;8.13768;
0.288796;8.13798;
0.288816;8.13827;
0.288836;8.13856;
0.288856;8.13886;
0.288876;8.13915;
0.288896;8.13944;
0.288916;8.13974;
0.288936;8.14003;
0.288956;8.14032;
0.288976;8.14062;
0.288996;8.14091;
0.289016;8.1412;
0.289036;8.1415;
0.289056;8.14179;
0.289076;8.14209;
0.289096;8.14238;
0.289116;8.14267;
0.289136;8.14297;
0.289156;8.14326;
0.289176;8.14356;
0.289196;8.14385;
0.289216;8.14414;
0.289236;8.14444;
0.289256;8.14473;
0.289261;8.1448;
0.289261;8.1448;
0.289261;8.14481;
0.289262;8.14481;
0.289262;8.14482;
0.289262;8.14482;
0.289262;8.14482;
0.289263;8.14482;
0.289263;8.14483;
0.289264;8.14485;
0.289267;8.14489;
0.289272;8.14497;
0.289277;8.14504;
0.289281;8.14509;
0.289285;8.14514;
0.289289;8.14519;
0.289292;8.14523;
0.289299;8.14531;
0.289312;8.14547;
0.289325;8.14564;
0.289342;8.14584;
0.289359;8.14605;
0.289376;8.14626;
0.289396;8.14651;
0.289416;8.14676;
0.289436;8.147;
0.289456;8.14725;
0.289476;8.1475;
0.289496;8.14774;
0.289516;8.14799;
0.289536;8.14824;
0.289556;8.14849;
0.289576;8.14873;
0.289596;8.14898;
0.289616;8.14923;
0.289636;8.14947;
0.289656;8.14972;
0.289676;8.14997;
0.289696;8.15022;
0.289716;8.15046;
0.289736;8.15071;
0.289756;8.15096;
0.289776;8.15121;
0.289796;8.15146;
0.289816;8.1517;
0.289836;8.15195;
0.289856;8.1522;
0.289876;8.15245;
0.289896;8.1527;
0.289916;8.15294;
0.289928;8.15309;
0.289928;8.15309;
0.289928;8.1531;
0.289929;8.1531;
0.289929;8.1531;
0.289929;8.1531;
0.289929;8.15311;
0.28993;8.15311;
0.28993;8.15312;
0.289931;8.15313;
0.289934;8.15317;
0.289939;8.15323;
0.289949;8.15336;
0.289969;8.15361;
0.289989;8.15385;
0.290009;8.1541;
0.290029;8.15435;
0.290049;8.1546;
0.290069;8.15485;
0.290089;8.1551;
0.290109;8.15535;
0.290129;8.1556;
0.290149;8.15585;
0.290169;8.15609;
0.290189;8.15634;
0.290209;8.15659;
0.290229;8.15684;
0.290249;8.15709;
0.290269;8.15734;
0.290289;8.15759;
0.290309;8.15784;
0.290329;8.15809;
0.290349;8.15834;
0.290369;8.15859;
0.290389;8.15884;
0.290409;8.15909;
0.290429;8.15934;
0.290449;8.15959;
0.290469;8.15984;
0.290489;8.16009;
0.290509;8.16034;
0.290529;8.16059;
0.290549;8.16084;
0.290569;8.16109;
0.290589;8.16134;
0.290594;8.1614;
0.290596;8.16142;
0.2906;8.16147;
0.290608;8.16157;
0.290624;8.16177;
0.290644;8.16203;
0.290664;8.16228;
0.290684;8.16253;
0.290704;8.16278;
0.290724;8.16303;
0.290744;8.16328;
0.290764;8.16353;
0.290784;8.16378;
0.290804;8.16403;
0.290824;8.16428;
0.290844;8.16454;
0.290864;8.16479;
0.290884;8.16504;
0.290904;8.16529;
0.290924;8.16554;
0.290944;8.16579;
0.290964;8.16604;
0.290984;8.1663;
0.291004;8.16655;
0.291024;8.1668;
0.291044;8.16705;
0.291064;8.1673;
0.291084;8.16756;
0.291104;8.16781;
0.291124;8.16806;
0.291144;8.16831;
0.291164;8.16856;
0.291184;8.16882;
0.291204;8.16907;
0.291224;8.16932;
0.291244;8.16957;
0.291261;8.16979;
0.291261;8.16979;
0.291261;8.16979;
0.291262;8.1698;
0.291262;8.1698;
0.291262;8.1698;
0.291262;8.1698;
0.291263;8.16981;
0.291263;8.16982;
0.291264;8.16983;
0.291267;8.16987;
0.291272;8.16993;
0.291282;8.17006;
0.291302;8.17031;
0.291322;8.17057;
0.291342;8.17082;
0.291362;8.17107;
0.291382;8.17132;
0.291402;8.17158;
0.291422;8.17183;
0.291442;8.17208;
0.291462;8.17234;
0.291482;8.17259;
0.291502;8.17284;
0.291522;8.1731;
0.291542;8.17335;
0.291562;8.1736;
0.291582;8.17386;
0.291602;8.17411;
0.291622;8.17436;
0.291642;8.17462;
0.291662;8.17487;
0.291682;8.17513;
0.291702;8.17538;
0.291722;8.17563;
0.291742;8.17589;
0.291762;8.17614;
0.291782;8.1764;
0.291802;8.17665;
0.291822;8.1769;
0.291842;8.17716;
0.291862;8.17741;
0.291882;8.17767;
0.291902;8.17792;
0.291922;8.17818;
0.291927;8.17824;
0.291927;8.17824;
0.291927;8.17824;
0.291928;8.17824;
0.291928;8.17825;
0.291928;8.17825;
0.291928;8.17825;
0.291929;8.17826;
0.291929;8.17826;
0.29193;8.17828;
0.291933;8.17831;
0.291938;8.17838;
0.291948;8.17851;
0.291968;8.17876;
0.291988;8.17902;
0.292008;8.17927;
0.292028;8.17953;
0.292048;8.17978;
0.292068;8.18004;
0.292088;8.18029;
0.292108;8.18055;
0.292128;8.1808;
0.292148;8.18106;
0.292168;8.18131;
0.292188;8.18157;
0.292208;8.18183;
0.292228;8.18208;
0.292248;8.18234;
0.292268;8.18259;
0.292288;8.18285;
0.292308;8.1831;
0.292328;8.18336;
0.292348;8.18362;
0.292368;8.18387;
0.292388;8.18413;
0.292408;8.18438;
0.292428;8.18464;
0.292448;8.1849;
0.292468;8.18515;
0.292488;8.18541;
0.292508;8.18566;
0.292528;8.18592;
0.292548;8.18618;
0.292568;8.18643;
0.292588;8.18669;
0.292594;8.18676;
0.292594;8.18676;
0.292594;8.18677;
0.292595;8.18677;
0.292595;8.18678;
0.292595;8.18678;
0.292595;8.18678;
0.292596;8.18678;
0.292596;8.18679;
0.292597;8.18681;
0.2926;8.18684;
0.292605;8.18691;
0.292615;8.18704;
0.292635;8.18729;
0.292655;8.18755;
0.292675;8.18781;
0.292695;8.18806;
0.292715;8.18832;
0.292735;8.18858;
0.292755;8.18884;
0.292775;8.18909;
0.292795;8.18935;
0.292815;8.18961;
0.292835;8.18986;
0.292855;8.19012;
0.292875;8.19038;
0.292895;8.19064;
0.292915;8.19089;
0.292935;8.19115;
0.292955;8.19141;
0.292975;8.19167;
0.292995;8.19192;
0.293015;8.19218;
0.293035;8.19244;
0.293055;8.1927;
0.293075;8.19296;
0.293095;8.19321;
0.293115;8.19347;
0.293135;8.19373;
0.293155;8.19399;
0.293175;8.19425;
0.293195;8.19451;
0.293215;8.19476;
0.293235;8.19502;
0.293255;8.19528;
0.29326;8.19534;
0.293262;8.19537;
0.293266;8.19542;
0.293274;8.19552;
0.29329;8.19573;
0.29331;8.19599;
0.29333;8.19625;
0.293349;8.19649;
0.293369;8.19675;
0.293389;8.19701;
0.293409;8.19727;
0.293429;8.19753;
0.293449;8.19779;
0.293469;8.19805;
0.293489;8.19831;
0.293509;8.19857;
0.293529;8.19882;
0.293549;8.19908;
0.293569;8.19934;
0.293589;8.1996;
0.293609;8.19986;
0.293629;8.20012;
0.293649;8.20038;
0.293669;8.20064;
0.293689;8.2009;
0.293709;8.20116;
0.293729;8.20142;
0.293749;8.20168;
0.293769;8.20194;
0.293789;8.2022;
0.293809;8.20246;
0.293829;8.20272;
0.293849;8.20298;
0.293869;8.20324;
0.293889;8.2035;
0.293909;8.20376;
0.293927;8.20399;
0.293927;8.204;
0.293927;8.204;
0.293928;8.204;
0.293928;8.20401;
0.293928;8.20401;
0.293928;8.20401;
0.293929;8.20401;
0.293929;8.20402;
0.29393;8.20404;
0.293933;8.20407;
0.293938;8.20414;
0.293948;8.20427;
0.293968;8.20453;
0.293988;8.20479;
0.294008;8.20505;
0.294028;8.20531;
0.294048;8.20558;
0.294068;8.20584;
0.294088;8.2061;
0.294108;8.20636;
0.294128;8.20662;
0.294148;8.20688;
0.294168;8.20714;
0.294188;8.2074;
0.294208;8.20766;
0.294228;8.20792;
0.294248;8.20819;
0.294268;8.20845;
0.294288;8.20871;
0.294308;8.20897;
0.294328;8.20923;
0.294348;8.20949;
0.294368;8.20975;
0.294388;8.21002;
0.294408;8.21028;
0.294428;8.21054;
0.294448;8.2108;
0.294468;8.21106;
0.294488;8.21132;
0.294508;8.21159;
0.294528;8.21185;
0.294548;8.21211;
0.294568;8.21237;
0.294588;8.21263;
0.294593;8.21269;
0.294593;8.2127;
0.294593;8.2127;
0.294594;8.2127;
0.294594;8.21271;
0.294594;8.21271;
0.294594;8.21271;
0.294595;8.21272;
0.294595;8.21272;
0.294596;8.21274;
0.294599;8.21277;
0.294604;8.21284;
0.294614;8.21298;
0.294634;8.21324;
0.294654;8.2135;
0.294674;8.21376;
0.294694;8.21402;
0.294714;8.21429;
0.294734;8.21455;
0.294754;8.21481;
0.294774;8.21507;
0.294794;8.21534;
0.294814;8.2156;
0.294834;8.21586;
0.294854;8.21612;
0.294874;8.21639;
0.294894;8.21665;
0.294914;8.21691;
0.294934;8.21718;
0.294954;8.21744;
0.294974;8.2177;
0.294994;8.21797;
0.295014;8.21823;
0.295034;8.21849;
0.295054;8.21876;
0.295074;8.21902;
0.295094;8.21928;
0.295114;8.21955;
0.295134;8.21981;
0.295154;8.22007;
0.295174;8.22034;
0.295194;8.2206;
0.295214;8.22086;
0.295234;8.22113;
0.295254;8.22139;
0.29526;8.22147;
0.29526;8.22147;
0.29526;8.22147;
0.295261;8.22148;
0.295261;8.22148;
0.295261;8.22148;
0.295261;8.22148;
0.295262;8.22149;
0.295262;8.2215;
0.295263;8.22151;
0.295266;8.22155;
0.295271;8.22161;
0.295281;8.22175;
0.295301;8.22201;
0.295321;8.22228;
0.295341;8.22254;
0.295361;8.22281;
0.295381;8.22307;
0.295401;8.22333;
0.295421;8.2236;
0.295441;8.22386;
0.295461;8.22413;
0.295481;8.22439;
0.295501;8.22466;
0.295521;8.22492;
0.295541;8.22519;
0.295561;8.22545;
0.295581;8.22572;
0.295601;8.22598;
0.295621;8.22624;
0.295641;8.22651;
0.295661;8.22677;
0.295681;8.22704;
0.295701;8.2273;
0.295721;8.22757;
0.295741;8.22783;
0.295761;8.2281;
0.295781;8.22836;
0.295801;8.22863;
0.295821;8.2289;
0.295841;8.22916;
0.295861;8.22943;
0.295881;8.22969;
0.295901;8.22996;
0.295921;8.23022;
0.295926;8.23028;
0.295928;8.23031;
0.295932;8.23036;
0.29594;8.23047;
0.295956;8.23068;
0.295976;8.23095;
0.295996;8.23121;
0.296016;8.23148;
0.296036;8.23175;
0.296056;8.23201;
0.296076;8.23228;
0.296096;8.23254;
0.296116;8.23281;
0.296136;8.23308;
0.296156;8.23334;
0.296176;8.23361;
0.296196;8.23387;
0.296216;8.23414;
0.296236;8.23441;
0.296256;8.23467;
0.296276;8.23494;
0.296296;8.23521;
0.296316;8.23547;
0.296336;8.23574;
0.296356;8.23601;
0.296376;8.23627;
0.296396;8.23654;
0.296416;8.23681;
0.296436;8.23707;
0.296456;8.23734;
0.296476;8.23761;
0.296496;8.23787;
0.296516;8.23814;
0.296536;8.23841;
0.296556;8.23867;
0.296576;8.23894;
0.296593;8.23917;
0.296593;8.23917;
0.296593;8.23917;
0.296594;8.23918;
0.296594;8.23918;
0.296594;8.23918;
0.296594;8.23918;
0.296595;8.23919;
0.296595;8.2392;
0.296596;8.23921;
0.296599;8.23925;
0.296604;8.23932;
0.296614;8.23945;
0.296634;8.23972;
0.296654;8.23999;
0.296674;8.24026;
0.296694;8.24052;
0.296714;8.24079;
0.296734;8.24106;
0.296754;8.24133;
0.296774;8.24159;
0.296794;8.24186;
0.296814;8.24213;
0.296834;8.2424;
0.296854;8.24266;
0.296874;8.24293;
0.296894;8.2432;
0.296914;8.24347;
0.296934;8.24374;
0.296954;8.244;
0.296974;8.24427;
0.296994;8.24454;
0.297014;8.24481;
0.297034;8.24508;
0.297054;8.24535;
0.297074;8.24561;
0.297094;8.24588;
0.297114;8.24615;
0.297134;8.24642;
0.297154;8.24669;
0.297174;8.24696;
0.297194;8.24722;
0.297214;8.24749;
0.297234;8.24776;
0.297254;8.24803;
0.297259;8.24809;
0.297259;8.24809;
0.297259;8.2481;
0.29726;8.2481;
0.29726;8.24811;
0.29726;8.24811;
0.29726;8.24811;
0.297261;8.24811;
0.297261;8.24812;
0.297262;8.24814;
0.297265;8.24817;
0.29727;8.24824;
0.29728;8.24838;
0.29729;8.2485;
0.297299;8.24862;
0.297308;8.24873;
0.297316;8.24883;
0.297331;8.24901;
0.297345;8.24919;
0.297361;8.24939;
0.297381;8.24964;
0.2974;8.24987;
0.29742;8.25012;
0.29744;8.25037;
0.29746;8.25062;
0.29748;8.25087;
0.2975;8.25111;
0.29752;8.25136;
0.29754;8.25161;
0.29756;8.25186;
0.29758;8.25211;
0.2976;8.25236;
0.29762;8.25261;
0.29764;8.25285;
0.29766;8.2531;
0.29768;8.25335;
0.2977;8.2536;
0.29772;8.25385;
0.29774;8.2541;
0.29776;8.25435;
0.29778;8.2546;
0.2978;8.25484;
0.29782;8.25509;
0.29784;8.25534;
0.29786;8.25559;
0.29788;8.25584;
0.2979;8.25609;
0.29792;8.25634;
0.297926;8.25641;
0.297926;8.25641;
0.297926;8.25642;
0.297927;8.25642;
0.297927;8.25642;
0.297927;8.25643;
0.297927;8.25643;
0.297928;8.25643;
0.297928;8.25644;
0.297929;8.25646;
0.297932;8.25649;
0.297937;8.25655;
0.297947;8.25668;
0.297967;8.25693;
0.297987;8.25718;
0.298007;8.25743;
0.298027;8.25768;
0.298047;8.25793;
0.298067;8.25818;
0.298087;8.25843;
0.298107;8.25868;
0.298127;8.25893;
0.298147;8.25918;
0.298167;8.25943;
0.298187;8.25968;
0.298207;8.25993;
0.298227;8.26018;
0.298247;8.26043;
0.298267;8.26068;
0.298287;8.26093;
0.298307;8.26118;
0.298327;8.26143;
0.298347;8.26168;
0.298367;8.26193;
0.298387;8.26218;
0.298407;8.26243;
0.298427;8.26268;
0.298447;8.26293;
0.298467;8.26318;
0.298487;8.26344;
0.298507;8.26369;
0.298527;8.26394;
0.298547;8.26419;
0.298567;8.26444;
0.298587;8.26469;
0.298592;8.26475;
0.298594;8.26477;
0.298598;8.26482;
0.298606;8.26493;
0.298622;8.26513;
0.298642;8.26538;
0.298662;8.26563;
0.298682;8.26588;
0.298702;8.26613;
0.298722;8.26638;
0.298742;8.26664;
0.298762;8.26689;
0.298782;8.26714;
0.298802;8.26739;
0.298822;8.26764;
0.298842;8.26789;
0.298862;8.26815;
0.298882;8.2684;
0.298902;8.26865;
0.298922;8.2689;
0.298942;8.26916;
0.298962;8.26941;
0.298982;8.26966;
0.299002;8.26991;
0.299022;8.27016;
0.299042;8.27042;
0.299062;8.27067;
0.299082;8.27092;
0.299102;8.27117;
0.299122;8.27143;
0.299142;8.27168;
0.299162;8.27193;
0.299182;8.27219;
0.299202;8.27244;
0.299222;8.27269;
0.299242;8.27294;
0.299259;8.27316;
0.299259;8.27316;
0.299259;8.27316;
0.29926;8.27317;
0.29926;8.27317;
0.29926;8.27317;
0.29926;8.27318;
0.299261;8.27318;
0.299261;8.27319;
0.299262;8.2732;
0.299265;8.27324;
0.29927;8.2733;
0.29928;8.27343;
0.2993;8.27368;
0.29932;8.27394;
0.29934;8.27419;
0.29936;8.27444;
0.29938;8.2747;
0.2994;8.27495;
0.29942;8.2752;
0.29944;8.27546;
0.29946;8.27571;
0.29948;8.27596;
0.2995;8.27622;
0.29952;8.27647;
0.29954;8.27673;
0.29956;8.27698;
0.29958;8.27723;
0.2996;8.27749;
0.29962;8.27774;
0.29964;8.278;
0.29966;8.27825;
0.29968;8.2785;
0.2997;8.27876;
0.29972;8.27901;
0.29974;8.27927;
0.29976;8.27952;
0.29978;8.27978;
0.2998;8.28003;
0.29982;8.28029;
0.29984;8.28054;
0.29986;8.28079;
0.29988;8.28105;
0.2999;8.2813;
0.29992;8.28156;
0.299925;8.28162;
0.299927;8.28164;
0.299931;8.28169;
0.299939;8.2818;
0.299955;8.282;
0.299975;8.28225;
0.299995;8.28251;
0.300015;8.28276;
0.300035;8.28302;
0.300055;8.28327;
0.300075;8.28353;
0.300095;8.28379;
0.300115;8.28404;
0.300135;8.2843;
0.300155;8.28455;
0.300175;8.28481;
0.300195;8.28506;
0.300215;8.28532;
0.300235;8.28557;
0.300255;8.28583;
0.300275;8.28608;
0.300295;8.28634;
0.300315;8.2866;
0.300335;8.28685;
0.300355;8.28711;
0.300375;8.28736;
0.300395;8.28762;
0.300415;8.28788;
0.300435;8.28813;
0.300455;8.28839;
0.300475;8.28864;
0.300495;8.2889;
0.300515;8.28916;
0.300535;8.28941;
0.300555;8.28967;
0.300575;8.28993;
0.300592;8.29014;
0.300592;8.29015;
0.300592;8.29015;
0.300593;8.29015;
0.300593;8.29016;
0.300593;8.29016;
0.300593;8.29016;
0.300594;8.29016;
0.300594;8.29017;
0.300595;8.29019;
0.300598;8.29022;
0.300603;8.29029;
0.300613;8.29042;
0.300633;8.29068;
0.300653;8.29093;
0.300673;8.29119;
0.300693;8.29145;
0.300713;8.2917;
0.300733;8.29196;
0.300753;8.29222;
0.300773;8.29247;
0.300793;8.29273;
0.300813;8.29299;
0.300833;8.29324;
0.300853;8.2935;
0.300873;8.29376;
0.300893;8.29402;
0.300913;8.29427;
0.300933;8.29453;
0.300953;8.29479;
0.300973;8.29505;
0.300993;8.2953;
0.301013;8.29556;
0.301033;8.29582;
0.301053;8.29608;
0.301073;8.29633;
0.301093;8.29659;
0.301113;8.29685;
0.301133;8.29711;
0.301153;8.29737;
0.301173;8.29762;
0.301193;8.29788;
0.301213;8.29814;
0.301233;8.2984;
0.301253;8.29866;
0.301258;8.29872;
0.30126;8.29874;
0.301264;8.29879;
0.301272;8.2989;
0.301288;8.2991;
0.301299;8.29924;
0.301309;8.29937;
0.301318;8.29949;
0.301327;8.2996;
0.301345;8.29982;
0.301359;8.3;
0.301375;8.3002;
0.301395;8.30045;
0.301415;8.30071;
0.301435;8.30096;
0.301455;8.30121;
0.301475;8.30147;
0.301495;8.30172;
0.301515;8.30198;
0.301535;8.30223;
0.301555;8.30248;
0.301575;8.30274;
0.301595;8.30299;
0.301615;8.30324;
0.301635;8.3035;
0.301655;8.30375;
0.301675;8.30401;
0.301695;8.30426;
0.301715;8.30451;
0.301735;8.30477;
0.301755;8.30502;
0.301775;8.30528;
0.301795;8.30553;
0.301815;8.30579;
0.301835;8.30604;
0.301855;8.30629;
0.301875;8.30655;
0.301895;8.3068;
0.301915;8.30706;
0.301925;8.30719;
0.301925;8.30719;
0.301925;8.30719;
0.301926;8.3072;
0.301926;8.3072;
0.301926;8.3072;
0.301926;8.30721;
0.301927;8.30721;
0.301927;8.30722;
0.301928;8.30724;
0.301931;8.30727;
0.301936;8.30733;
0.301946;8.30746;
0.301966;8.30772;
0.301986;8.30797;
0.302006;8.30823;
0.302026;8.30848;
0.302046;8.30874;
0.302066;8.30899;
0.302086;8.30925;
0.302106;8.3095;
0.302126;8.30976;
0.302146;8.31001;
0.302166;8.31027;
0.302186;8.31052;
0.302206;8.31078;
0.302226;8.31103;
0.302246;8.31129;
0.302266;8.31155;
0.302286;8.3118;
0.302306;8.31206;
0.302326;8.31231;
0.302346;8.31257;
0.302366;8.31282;
0.302386;8.31308;
0.302406;8.31334;
0.302426;8.31359;
0.302446;8.31385;
0.302466;8.3141;
0.302486;8.31436;
0.302506;8.31462;
0.302526;8.31487;
0.302546;8.31513;
0.302566;8.31538;
0.302586;8.31564;
0.302591;8.3157;
0.302593;8.31572;
0.302597;8.31578;
0.302605;8.31588;
0.302621;8.31608;
0.302632;8.31622;
0.302642;8.31635;
0.302655;8.3165;
0.302667;8.31665;
0.302685;8.31687;
0.302704;8.3171;
0.302724;8.31735;
0.302744;8.31759;
0.302764;8.31784;
0.302784;8.31809;
0.302804;8.31834;
0.302824;8.31858;
0.302844;8.31883;
0.302864;8.31908;
0.302884;8.31932;
0.302904;8.31957;
0.302924;8.31982;
0.302944;8.32006;
0.302964;8.32031;
0.302984;8.32056;
0.303004;8.32081;
0.303024;8.32105;
0.303044;8.3213;
0.303064;8.32155;
0.303084;8.3218;
0.303104;8.32205;
0.303124;8.32229;
0.303144;8.32254;
0.303164;8.32279;
0.303184;8.32304;
0.303204;8.32328;
0.303224;8.32353;
0.303244;8.32378;
0.303258;8.32396;
0.303258;8.32396;
0.303258;8.32396;
0.303259;8.32397;
0.303259;8.32397;
0.303259;8.32397;
0.303259;8.32397;
0.30326;8.32398;
0.30326;8.32399;
0.303261;8.324;
0.303264;8.32403;
0.303269;8.3241;
0.303279;8.32422;
0.303299;8.32447;
0.303319;8.32472;
0.303339;8.32497;
0.303359;8.32522;
0.303379;8.32547;
0.303399;8.32571;
0.303419;8.32596;
0.303439;8.32621;
0.303459;8.32646;
0.303479;8.32671;
0.303499;8.32696;
0.303519;8.32721;
0.303539;8.32746;
0.303559;8.3277;
0.303579;8.32795;
0.303599;8.3282;
0.303619;8.32845;
0.303639;8.3287;
0.303659;8.32895;
0.303679;8.3292;
0.303699;8.32945;
0.303719;8.3297;
0.303739;8.32995;
0.303759;8.3302;
0.303779;8.33045;
0.303799;8.3307;
0.303819;8.33094;
0.303839;8.33119;
0.303859;8.33144;
0.303879;8.33169;
0.303899;8.33194;
0.303919;8.33219;
0.303924;8.33225;
0.303926;8.33228;
0.30393;8.33233;
0.303938;8.33243;
0.303954;8.33263;
0.303966;8.33278;
0.303978;8.33293;
0.303998;8.33318;
0.304018;8.33343;
0.304036;8.33365;
0.304054;8.33387;
0.304073;8.33411;
0.304093;8.33436;
0.304113;8.33462;
0.304133;8.33487;
0.304153;8.33512;
0.304173;8.33537;
0.304193;8.33562;
0.304213;8.33587;
0.304233;8.33612;
0.304253;8.33637;
0.304273;8.33662;
0.304293;8.33687;
0.304313;8.33712;
0.304333;8.33737;
0.304353;8.33762;
0.304373;8.33787;
0.304393;8.33812;
0.304413;8.33838;
0.304433;8.33863;
0.304453;8.33888;
0.304473;8.33913;
0.304493;8.33938;
0.304513;8.33963;
0.304533;8.33988;
0.304553;8.34013;
0.304573;8.34039;
0.304591;8.34061;
0.304591;8.34061;
0.304591;8.34061;
0.304592;8.34062;
0.304592;8.34062;
0.304592;8.34062;
0.304592;8.34063;
0.304593;8.34063;
0.304593;8.34064;
0.304594;8.34065;
0.304597;8.34069;
0.304602;8.34075;
0.304612;8.34088;
0.304632;8.34113;
0.304652;8.34138;
0.304672;8.34164;
0.304692;8.34189;
0.304712;8.34214;
0.304732;8.34239;
0.304752;8.34264;
0.304772;8.34289;
0.304792;8.34315;
0.304812;8.3434;
0.304832;8.34365;
0.304852;8.3439;
0.304872;8.34415;
0.304892;8.34441;
0.304912;8.34466;
0.304932;8.34491;
0.304952;8.34516;
0.304972;8.34542;
0.304992;8.34567;
0.305012;8.34592;
0.305032;8.34617;
0.305052;8.34643;
0.305072;8.34668;
0.305092;8.34693;
0.305112;8.34718;
0.305132;8.34744;
0.305152;8.34769;
0.305172;8.34794;
0.305192;8.3482;
0.305212;8.34845;
0.305232;8.3487;
0.305252;8.34896;
0.305257;8.34901;
0.305259;8.34904;
0.305263;8.34909;
0.305271;8.34919;
0.305279;8.34929;
0.305286;8.34937;
0.305292;8.34944;
0.305299;8.34951;
0.305307;8.3496;
0.305322;8.34977;
0.305334;8.34989;
0.305347;8.35003;
0.305363;8.35021;
0.305383;8.35043;
0.305403;8.35065;
0.305423;8.35086;
0.305443;8.35108;
0.305463;8.3513;
0.305483;8.35152;
0.305503;8.35173;
0.305523;8.35195;
0.305543;8.35217;
0.305563;8.35239;
0.305583;8.35261;
0.305603;8.35283;
0.305623;8.35304;
0.305643;8.35326;
0.305663;8.35348;
0.305683;8.3537;
0.305703;8.35392;
0.305723;8.35414;
0.305743;8.35435;
0.305763;8.35457;
0.305783;8.35479;
0.305803;8.35501;
0.305823;8.35523;
0.305843;8.35545;
0.305863;8.35567;
0.305883;8.35589;
0.305903;8.35611;
0.305923;8.35633;
0.305924;8.35633;
0.305924;8.35633;
0.305924;8.35633;
0.305925;8.35634;
0.305925;8.35634;
0.305925;8.35634;
0.305925;8.35635;
0.305926;8.35635;
0.305926;8.35636;
0.305927;8.35637;
0.30593;8.3564;
0.305935;8.35645;
0.305945;8.35657;
0.305965;8.35679;
0.305985;8.35701;
0.306005;8.35722;
0.306025;8.35744;
0.306045;8.35766;
0.306065;8.35788;
0.306085;8.3581;
0.306105;8.35832;
0.306125;8.35854;
0.306145;8.35876;
0.306165;8.35898;
0.306185;8.3592;
0.306205;8.35942;
0.306225;8.35964;
0.306245;8.35987;
0.306265;8.36009;
0.306285;8.36031;
0.306305;8.36053;
0.306325;8.36075;
0.306345;8.36097;
0.306365;8.36119;
0.306385;8.36141;
0.306405;8.36163;
0.306425;8.36185;
0.306445;8.36207;
0.306465;8.36229;
0.306485;8.36251;
0.306505;8.36274;
0.306525;8.36296;
0.306545;8.36318;
0.306565;8.3634;
0.306585;8.36362;
0.30659;8.36367;
0.306592;8.36369;
0.306596;8.36374;
0.306604;8.36383;
0.30662;8.36401;
0.30664;8.36423;
0.30666;8.36445;
0.30668;8.36467;
0.3067;8.36489;
0.30672;8.36511;
0.30674;8.36534;
0.30676;8.36556;
0.30678;8.36578;
0.3068;8.366;
0.30682;8.36622;
0.30684;8.36645;
0.30686;8.36667;
0.30688;8.36689;
0.3069;8.36711;
0.30692;8.36734;
0.30694;8.36756;
0.30696;8.36778;
0.30698;8.36801;
0.307;8.36823;
0.30702;8.36845;
0.30704;8.36867;
0.30706;8.3689;
0.30708;8.36912;
0.3071;8.36934;
0.30712;8.36957;
0.30714;8.36979;
0.30716;8.37001;
0.30718;8.37024;
0.3072;8.37046;
0.30722;8.37068;
0.30724;8.37091;
0.307257;8.3711;
0.307257;8.3711;
0.307257;8.3711;
0.307258;8.37111;
0.307258;8.37111;
0.307258;8.37111;
0.307258;8.37111;
0.307259;8.37111;
0.307259;8.37112;
0.30726;8.37114;
0.307263;8.37116;
0.307268;8.37122;
0.307278;8.37134;
0.307298;8.37156;
0.307318;8.37178;
0.307338;8.37201;
0.307358;8.37223;
0.307378;8.37246;
0.307398;8.37268;
0.307418;8.3729;
0.307438;8.37313;
0.307458;8.37335;
0.307478;8.37358;
0.307498;8.3738;
0.307518;8.37403;
0.307538;8.37425;
0.307558;8.37448;
0.307578;8.3747;
0.307598;8.37492;
0.307618;8.37515;
0.307638;8.37537;
0.307658;8.3756;
0.307678;8.37582;
0.307698;8.37605;
0.307718;8.37627;
0.307738;8.3765;
0.307758;8.37672;
0.307778;8.37695;
0.307798;8.37718;
0.307818;8.3774;
0.307838;8.37763;
0.307858;8.37785;
0.307878;8.37808;
0.307898;8.3783;
0.307918;8.37853;
0.307923;8.37858;
0.307925;8.3786;
0.307929;8.37865;
0.307937;8.37874;
0.307953;8.37892;
0.307973;8.37915;
0.307993;8.37937;
0.308013;8.37959;
0.308033;8.37982;
0.308053;8.38004;
0.308073;8.38027;
0.308093;8.3805;
0.308113;8.38072;
0.308133;8.38095;
0.308153;8.38118;
0.308173;8.3814;
0.308193;8.38163;
0.308213;8.38186;
0.308233;8.38208;
0.308253;8.38231;
0.308273;8.38254;
0.308293;8.38276;
0.308313;8.38299;
0.308333;8.38322;
0.308353;8.38344;
0.308373;8.38367;
0.308393;8.3839;
0.308413;8.38412;
0.308433;8.38435;
0.308453;8.38458;
0.308473;8.38481;
0.308493;8.38503;
0.308513;8.38526;
0.308533;8.38549;
0.308553;8.38572;
0.308573;8.38594;
0.30859;8.38614;
0.30859;8.38614;
0.30859;8.38615;
0.308591;8.38615;
0.308591;8.38615;
0.308591;8.38616;
0.308591;8.38616;
0.308592;8.38616;
0.308592;8.38617;
0.308593;8.38618;
0.308596;8.38621;
0.308601;8.38627;
0.308611;8.38639;
0.308631;8.38662;
0.308651;8.38684;
0.308671;8.38707;
0.308691;8.3873;
0.308711;8.38753;
0.308731;8.38776;
0.308751;8.38798;
0.308771;8.38821;
0.308791;8.38844;
0.308811;8.38867;
0.308831;8.3889;
0.308851;8.38913;
0.308871;8.38935;
0.308891;8.38958;
0.308911;8.38981;
0.308931;8.39004;
0.308951;8.39027;
0.308971;8.3905;
0.308991;8.39073;
0.309011;8.39096;
0.309031;8.39118;
0.309051;8.39141;
0.309071;8.39164;
0.309091;8.39187;
0.309111;8.3921;
0.309131;8.39233;
0.309151;8.39256;
0.309171;8.39279;
0.309191;8.39302;
0.309211;8.39325;
0.309231;8.39348;
0.309251;8.39371;
0.309256;8.39376;
0.309258;8.39378;
0.309262;8.39383;
0.30927;8.39392;
0.309286;8.39411;
0.309306;8.39434;
0.309326;8.39457;
0.309343;8.39476;
0.309361;8.39496;
0.309381;8.39519;
0.309401;8.39542;
0.309421;8.39565;
0.309441;8.39588;
0.309461;8.39611;
0.309481;8.39634;
0.309501;8.39657;
0.309521;8.39681;
0.309541;8.39704;
0.309561;8.39727;
0.309581;8.3975;
0.309601;8.39773;
0.309621;8.39796;
0.309641;8.39819;
0.309661;8.39842;
0.309681;8.39865;
0.309701;8.39888;
0.309721;8.39911;
0.309741;8.39934;
0.309761;8.39958;
0.309781;8.39981;
0.309801;8.40004;
0.309821;8.40027;
0.309841;8.4005;
0.309861;8.40073;
0.309881;8.40096;
0.309901;8.40119;
0.309921;8.40143;
0.309923;8.40145;
0.309923;8.40146;
0.309923;8.40146;
0.309924;8.40146;
0.309924;8.40147;
0.309924;8.40147;
0.309924;8.40147;
0.309925;8.40147;
0.309925;8.40148;
0.309926;8.40149;
0.309929;8.40152;
0.309934;8.40158;
0.309944;8.4017;
0.309964;8.40193;
0.309984;8.40217;
0.310004;8.4024;
0.310024;8.40263;
0.310044;8.40286;
0.310064;8.40309;
0.310084;8.40333;
0.310104;8.40356;
0.310124;8.40379;
0.310144;8.40402;
0.310164;8.40425;
0.310184;8.40449;
0.310204;8.40472;
0.310224;8.40495;
0.310244;8.40518;
0.310264;8.40542;
0.310284;8.40565;
0.310304;8.40588;
0.310324;8.40611;
0.310344;8.40635;
0.310364;8.40658;
0.310384;8.40681;
0.310404;8.40705;
0.310424;8.40728;
0.310444;8.40751;
0.310464;8.40774;
0.310484;8.40798;
0.310504;8.40821;
0.310524;8.40844;
0.310544;8.40868;
0.310564;8.40891;
0.310584;8.40914;
0.310589;8.4092;
0.310591;8.40922;
0.310595;8.40927;
0.310603;8.40936;
0.310619;8.40955;
0.310639;8.40978;
0.310659;8.41002;
0.310679;8.41025;
0.310699;8.41048;
0.310717;8.4107;
0.310737;8.41093;
0.310757;8.41117;
0.310777;8.4114;
0.310797;8.41163;
0.310817;8.41187;
0.310837;8.4121;
0.310857;8.41234;
0.310877;8.41257;
0.310897;8.4128;
0.310917;8.41304;
0.310937;8.41327;
0.310957;8.41351;
0.310977;8.41374;
0.310997;8.41398;
0.311017;8.41421;
0.311037;8.41445;
0.311057;8.41468;
0.311077;8.41492;
0.311097;8.41515;
0.311117;8.41538;
0.311137;8.41562;
0.311157;8.41585;
0.311177;8.41609;
0.311197;8.41632;
0.311217;8.41656;
0.311237;8.4168;
0.311256;8.41701;
0.311256;8.41702;
0.311256;8.41702;
0.311257;8.41702;
0.311257;8.41703;
0.311257;8.41703;
0.311257;8.41703;
0.311258;8.41703;
0.311258;8.41704;
0.311259;8.41705;
0.311262;8.41709;
0.311267;8.41715;
0.311277;8.41727;
0.311297;8.4175;
0.311317;8.41774;
0.311337;8.41797;
0.311357;8.41821;
0.311377;8.41844;
0.311397;8.41868;
0.311417;8.41891;
0.311437;8.41915;
0.311457;8.41939;
0.311477;8.41962;
0.311497;8.41986;
0.311517;8.42009;
0.311537;8.42033;
0.311557;8.42057;
0.311577;8.4208;
0.311597;8.42104;
0.311617;8.42127;
0.311637;8.42151;
0.311657;8.42175;
0.311677;8.42198;
0.311697;8.42222;
0.311717;8.42246;
0.311737;8.42269;
0.311757;8.42293;
0.311777;8.42316;
0.311797;8.4234;
0.311817;8.42364;
0.311837;8.42387;
0.311857;8.42411;
0.311877;8.42435;
0.311897;8.42459;
0.311917;8.42482;
0.311922;8.42488;
0.311924;8.4249;
0.311928;8.42495;
0.311936;8.42504;
0.311947;8.42518;
0.311954;8.42525;
0.31196;8.42532;
0.311966;8.42538;
0.311971;8.42544;
0.311981;8.42555;
0.312001;8.42576;
0.312015;8.42591;
0.312029;8.42606;
0.312046;8.42625;
0.312066;8.42646;
0.312086;8.42668;
0.312106;8.4269;
0.312126;8.42712;
0.312146;8.42734;
0.312166;8.42755;
0.312186;8.42777;
0.312206;8.42799;
0.312226;8.42821;
0.312246;8.42842;
0.312266;8.42864;
0.312286;8.42886;
0.312306;8.42908;
0.312326;8.4293;
0.312346;8.42952;
0.312366;8.42973;
0.312386;8.42995;
0.312406;8.43017;
0.312426;8.43039;
0.312446;8.43061;
0.312466;8.43083;
0.312486;8.43105;
0.312506;8.43126;
0.312526;8.43148;
0.312546;8.4317;
0.312566;8.43192;
0.312586;8.43214;
0.312589;8.43218;
0.312589;8.43218;
0.312589;8.43218;
0.31259;8.43218;
0.31259;8.43219;
0.31259;8.43219;
0.31259;8.43219;
0.312591;8.43219;
0.312591;8.4322;
0.312592;8.43221;
0.312595;8.43224;
0.3126;8.4323;
0.31261;8.43241;
0.31263;8.43263;
0.31265;8.43285;
0.31267;8.43307;
0.31269;8.43329;
0.31271;8.43351;
0.31273;8.43373;
0.31275;8.43395;
0.31277;8.43417;
0.31279;8.43439;
0.31281;8.43461;
0.31283;8.43483;
0.31285;8.43505;
0.31287;8.43527;
0.31289;8.43549;
0.31291;8.43571;
0.31293;8.43593;
0.31295;8.43615;
0.31297;8.43637;
0.31299;8.43659;
0.31301;8.43681;
0.31303;8.43703;
0.31305;8.43725;
0.31307;8.43747;
0.31309;8.43769;
0.31311;8.43791;
0.31313;8.43813;
0.31315;8.43835;
0.31317;8.43857;
0.31319;8.43879;
0.31321;8.43901;
0.31323;8.43923;
0.31325;8.43946;
0.313255;8.43951;
0.313257;8.43953;
0.313261;8.43957;
0.313269;8.43966;
0.313285;8.43984;
0.313305;8.44006;
0.313325;8.44028;
0.313342;8.44047;
0.313359;8.44066;
0.313379;8.44088;
0.313399;8.4411;
0.313419;8.44132;
0.313439;8.44155;
0.313459;8.44177;
0.313479;8.44199;
0.313499;8.44221;
0.313519;8.44243;
0.313539;8.44265;
0.313559;8.44288;
0.313579;8.4431;
0.313599;8.44332;
0.313619;8.44354;
0.313639;8.44376;
0.313659;8.44399;
0.313679;8.44421;
0.313699;8.44443;
0.313719;8.44465;
0.313739;8.44488;
0.313759;8.4451;
0.313779;8.44532;
0.313799;8.44554;
0.313819;8.44577;
0.313839;8.44599;
0.313859;8.44621;
0.313879;8.44644;
0.313899;8.44666;
0.313919;8.44688;
0.313922;8.44691;
0.313922;8.44691;
0.313922;8.44692;
0.313923;8.44692;
0.313923;8.44692;
0.313923;8.44693;
0.313923;8.44693;
0.313924;8.44693;
0.313924;8.44694;
0.313925;8.44695;
0.313928;8.44698;
0.313933;8.44704;
0.313943;8.44715;
0.313963;8.44737;
0.313983;8.4476;
0.314003;8.44782;
0.314023;8.44804;
0.314043;8.44827;
0.314063;8.44849;
0.314083;8.44871;
0.314103;8.44894;
0.314123;8.44916;
0.314143;8.44939;
0.314163;8.44961;
0.314183;8.44983;
0.314203;8.45006;
0.314223;8.45028;
0.314243;8.4505;
0.314263;8.45073;
0.314283;8.45095;
0.314303;8.45118;
0.314323;8.4514;
0.314343;8.45163;
0.314363;8.45185;
0.314383;8.45207;
0.314403;8.4523;
0.314423;8.45252;
0.314443;8.45275;
0.314463;8.45297;
0.314483;8.4532;
0.314503;8.45342;
0.314523;8.45365;
0.314543;8.45387;
0.314563;8.4541;
0.314583;8.45432;
0.314588;8.45437;
0.314588;8.45437;
0.314588;8.45438;
0.314589;8.45438;
0.314589;8.45438;
0.314589;8.45438;
0.314589;8.45439;
0.31459;8.45439;
0.31459;8.4544;
0.314591;8.45441;
0.314594;8.45444;
0.314599;8.4545;
0.314609;8.45461;
0.314626;8.4548;
0.314644;8.455;
0.314664;8.45523;
0.314684;8.45545;
0.314704;8.45568;
0.314724;8.4559;
0.314744;8.45613;
0.314764;8.45635;
0.314784;8.45658;
0.314804;8.45681;
0.314824;8.45703;
0.314844;8.45726;
0.314864;8.45748;
0.314884;8.45771;
0.314904;8.45793;
0.314924;8.45816;
0.314944;8.45839;
0.314964;8.45861;
0.314984;8.45884;
0.315004;8.45906;
0.315024;8.45929;
0.315044;8.45952;
0.315064;8.45974;
0.315084;8.45997;
0.315104;8.4602;
0.315124;8.46042;
0.315144;8.46065;
0.315164;8.46087;
0.315184;8.4611;
0.315204;8.46133;
0.315224;8.46155;
0.315244;8.46178;
0.315255;8.4619;
0.315255;8.46191;
0.315255;8.46191;
0.315256;8.46191;
0.315256;8.46192;
0.315256;8.46192;
0.315256;8.46192;
0.315257;8.46192;
0.315257;8.46193;
0.315258;8.46194;
0.315261;8.46197;
0.315266;8.46203;
0.315276;8.46215;
0.315296;8.46237;
0.315316;8.4626;
0.315336;8.46283;
0.315356;8.46306;
0.315376;8.46328;
0.315396;8.46351;
0.315416;8.46374;
0.315436;8.46396;
0.315456;8.46419;
0.315476;8.46442;
0.315496;8.46465;
0.315516;8.46487;
0.315536;8.4651;
0.315556;8.46533;
0.315576;8.46556;
0.315596;8.46578;
0.315616;8.46601;
0.315636;8.46624;
0.315656;8.46647;
0.315676;8.4667;
0.315696;8.46692;
0.315716;8.46715;
0.315736;8.46738;
0.315756;8.46761;
0.315776;8.46784;
0.315796;8.46806;
0.315816;8.46829;
0.315836;8.46852;
0.315856;8.46875;
0.315876;8.46898;
0.315896;8.46921;
0.315916;8.46943;
0.315921;8.46949;
0.315923;8.46951;
0.315927;8.46955;
0.315935;8.46965;
0.315944;8.46975;
0.31595;8.46981;
0.315955;8.46986;
0.315959;8.4699;
0.315963;8.46994;
0.315971;8.47002;
0.315986;8.47018;
0.316003;8.47035;
0.316022;8.47055;
0.316042;8.47076;
0.316062;8.47096;
0.316082;8.47116;
0.316102;8.47137;
0.316122;8.47157;
0.316142;8.47178;
0.316162;8.47198;
0.316182;8.47219;
0.316202;8.47239;
0.316222;8.4726;
0.316242;8.4728;
0.316262;8.47301;
0.316282;8.47321;
0.316302;8.47342;
0.316322;8.47362;
0.316342;8.47383;
0.316362;8.47403;
0.316382;8.47424;
0.316402;8.47444;
0.316422;8.47465;
0.316442;8.47486;
0.316462;8.47506;
0.316482;8.47527;
0.316502;8.47547;
0.316522;8.47568;
0.316542;8.47588;
0.316562;8.47609;
0.316582;8.4763;
0.316588;8.47636;
0.316588;8.47636;
0.316588;8.47636;
0.316589;8.47636;
0.316589;8.47637;
0.316589;8.47637;
0.316589;8.47637;
0.31659;8.47637;
0.31659;8.47638;
0.316591;8.47639;
0.316594;8.47642;
0.316599;8.47647;
0.316609;8.47658;
0.316629;8.47678;
0.316649;8.47699;
0.316669;8.4772;
0.316689;8.4774;
0.316709;8.47761;
0.316729;8.47782;
0.316749;8.47802;
0.316769;8.47823;
0.316789;8.47844;
0.316809;8.47864;
0.316829;8.47885;
0.316849;8.47906;
0.316869;8.47927;
0.316889;8.47947;
0.316909;8.47968;
0.316929;8.47989;
0.316949;8.48009;
0.316969;8.4803;
0.316989;8.48051;
0.317009;8.48072;
0.317029;8.48092;
0.317049;8.48113;
0.317069;8.48134;
0.317089;8.48155;
0.317109;8.48176;
0.317129;8.48196;
0.317149;8.48217;
0.317169;8.48238;
0.317189;8.48259;
0.317209;8.4828;
0.317229;8.483;
0.317249;8.48321;
0.317254;8.48326;
0.317254;8.48326;
0.317254;8.48326;
0.317255;8.48327;
0.317255;8.48327;
0.317255;8.48327;
0.317255;8.48327;
0.317256;8.48328;
0.317256;8.48328;
0.317257;8.4833;
0.31726;8.48332;
0.317265;8.48338;
0.317275;8.48348;
0.317295;8.48369;
0.317315;8.4839;
0.317333;8.48409;
0.317352;8.48428;
0.317372;8.48449;
0.317392;8.4847;
0.317412;8.48491;
0.317432;8.48512;
0.317452;8.48532;
0.317472;8.48553;
0.317492;8.48574;
0.317512;8.48595;
0.317532;8.48616;
0.317552;8.48637;
0.317572;8.48658;
0.317592;8.48679;
0.317612;8.487;
0.317632;8.48721;
0.317652;8.48742;
0.317672;8.48763;
0.317692;8.48784;
0.317712;8.48805;
0.317732;8.48826;
0.317752;8.48847;
0.317772;8.48868;
0.317792;8.48889;
0.317812;8.4891;
0.317832;8.48931;
0.317852;8.48952;
0.317872;8.48973;
0.317892;8.48994;
0.317912;8.49015;
0.317921;8.49025;
0.317921;8.49025;
0.317921;8.49025;
0.317922;8.49025;
0.317922;8.49026;
0.317922;8.49026;
0.317922;8.49026;
0.317923;8.49026;
0.317923;8.49027;
0.317924;8.49028;
0.317927;8.49031;
0.317932;8.49036;
0.317942;8.49047;
0.317962;8.49068;
0.317982;8.49089;
0.318002;8.4911;
0.318022;8.49131;
0.318042;8.49152;
0.318062;8.49173;
0.318082;8.49195;
0.318102;8.49216;
0.318122;8.49237;
0.318142;8.49258;
0.318162;8.49279;
0.318182;8.493;
0.318202;8.49321;
0.318222;8.49342;
0.318242;8.49364;
0.318262;8.49385;
0.318282;8.49406;
0.318302;8.49427;
0.318322;8.49448;
0.318342;8.49469;
0.318362;8.49491;
0.318382;8.49512;
0.318402;8.49533;
0.318422;8.49554;
0.318442;8.49575;
0.318462;8.49597;
0.318482;8.49618;
0.318502;8.49639;
0.318522;8.4966;
0.318542;8.49681;
0.318562;8.49703;
0.318582;8.49724;
0.318587;8.49729;
0.318589;8.49731;
0.318593;8.49735;
0.318601;8.49744;
0.318617;8.49761;
0.318637;8.49782;
0.318657;8.49803;
0.318677;8.49824;
0.318697;8.49846;
0.318717;8.49867;
0.318737;8.49888;
0.318757;8.4991;
0.318777;8.49931;
0.318797;8.49952;
0.318817;8.49974;
0.318837;8.49995;
0.318857;8.50016;
0.318877;8.50038;
0.318897;8.50059;
0.318917;8.5008;
0.318937;8.50102;
0.318957;8.50123;
0.318977;8.50144;
0.318997;8.50166;
0.319017;8.50187;
0.319037;8.50208;
0.319057;8.5023;
0.319077;8.50251;
0.319097;8.50273;
0.319117;8.50294;
0.319137;8.50315;
0.319157;8.50337;
0.319177;8.50358;
0.319197;8.5038;
0.319217;8.50401;
0.319237;8.50423;
0.319254;8.50441;
0.319254;8.50441;
0.319254;8.50441;
0.319255;8.50442;
0.319255;8.50442;
0.319255;8.50442;
0.319255;8.50442;
0.319256;8.50442;
0.319256;8.50443;
0.319257;8.50444;
0.31926;8.50447;
0.319265;8.50453;
0.319275;8.50464;
0.319295;8.50485;
0.319315;8.50507;
0.319335;8.50528;
0.319355;8.5055;
0.319375;8.50571;
0.319395;8.50593;
0.319415;8.50614;
0.319435;8.50636;
0.319455;8.50657;
0.319475;8.50679;
0.319495;8.507;
0.319515;8.50722;
0.319535;8.50743;
0.319555;8.50765;
0.319575;8.50786;
0.319595;8.50808;
0.319615;8.50829;
0.319635;8.50851;
0.319655;8.50872;
0.319675;8.50894;
0.319695;8.50915;
0.319715;8.50937;
0.319735;8.50959;
0.319755;8.5098;
0.319775;8.51002;
0.319795;8.51023;
0.319815;8.51045;
0.319835;8.51067;
0.319855;8.51088;
0.319875;8.5111;
0.319895;8.51131;
0.319915;8.51153;
0.31992;8.51158;
0.31992;8.51158;
0.31992;8.51158;
0.319921;8.51159;
0.319921;8.51159;
0.319921;8.51159;
0.319921;8.51159;
0.319922;8.5116;
0.319922;8.5116;
0.319923;8.51162;
0.319926;8.51165;
0.319931;8.5117;
0.319941;8.51181;
0.319954;8.51195;
0.319965;8.51206;
0.319975;8.51217;
0.319987;8.51229;
0.320001;8.51244;
0.320017;8.51261;
0.320036;8.51281;
0.320056;8.51302;
0.320076;8.51323;
0.320096;8.51344;
0.320116;8.51365;
0.320136;8.51386;
0.320156;8.51407;
0.320176;8.51428;
0.320196;8.51449;
0.320216;8.5147;
0.320236;8.51491;
0.320256;8.51512;
0.320276;8.51533;
0.320296;8.51554;
0.320316;8.51575;
0.320336;8.51596;
0.320356;8.51618;
0.320376;8.51639;
0.320396;8.5166;
0.320416;8.51681;
0.320436;8.51702;
0.320456;8.51723;
0.320476;8.51744;
0.320496;8.51765;
0.320516;8.51787;
0.320536;8.51808;
0.320556;8.51829;
0.320576;8.5185;
0.320587;8.51862;
0.320587;8.51862;
0.320587;8.51862;
0.320588;8.51863;
0.320588;8.51863;
0.320588;8.51863;
0.320588;8.51863;
0.320589;8.51864;
0.320589;8.51864;
0.32059;8.51866;
0.320593;8.51869;
0.320598;8.51874;
0.320608;8.51885;
0.320628;8.51906;
0.320648;8.51927;
0.320668;8.51948;
0.320688;8.5197;
0.320708;8.51991;
0.320728;8.52012;
0.320748;8.52033;
0.320768;8.52054;
0.320788;8.52076;
0.320808;8.52097;
0.320828;8.52118;
0.320848;8.52139;
0.320868;8.52161;
0.320888;8.52182;
0.320908;8.52203;
0.320928;8.52224;
0.320948;8.52246;
0.320968;8.52267;
0.320988;8.52288;
0.321008;8.5231;
0.321028;8.52331;
0.321048;8.52352;
0.321068;8.52373;
0.321088;8.52395;
0.321108;8.52416;
0.321128;8.52437;
0.321148;8.52459;
0.321168;8.5248;
0.321188;8.52501;
0.321208;8.52523;
0.321228;8.52544;
0.321248;8.52566;
0.321253;8.5257;
0.321255;8.52573;
0.321259;8.52577;
0.321267;8.52585;
0.321283;8.52602;
0.321293;8.52612;
0.321301;8.52621;
0.321309;8.52629;
0.321317;8.52637;
0.321332;8.52653;
0.321347;8.52668;
0.321365;8.52686;
0.321385;8.52706;
0.321404;8.52726;
0.321424;8.52746;
0.321444;8.52767;
0.321464;8.52787;
0.321484;8.52808;
0.321504;8.52828;
0.321524;8.52848;
0.321544;8.52869;
0.321564;8.52889;
0.321584;8.5291;
0.321604;8.5293;
0.321624;8.52951;
0.321644;8.52971;
0.321664;8.52992;
0.321684;8.53012;
0.321704;8.53033;
0.321724;8.53053;
0.321744;8.53074;
0.321764;8.53094;
0.321784;8.53114;
0.321804;8.53135;
0.321824;8.53156;
0.321844;8.53176;
0.321864;8.53197;
0.321884;8.53217;
0.321904;8.53238;
0.32192;8.53254;
0.32192;8.53254;
0.32192;8.53254;
0.321921;8.53255;
0.321921;8.53255;
0.321921;8.53255;
0.321921;8.53255;
0.321922;8.53256;
0.321922;8.53256;
0.321923;8.53258;
0.321926;8.5326;
0.321931;8.53266;
0.321941;8.53276;
0.321961;8.53297;
0.321981;8.53317;
0.322001;8.53338;
0.322021;8.53358;
0.322041;8.53379;
0.322061;8.53399;
0.322081;8.5342;
0.322101;8.53441;
0.322121;8.53461;
0.322141;8.53482;
0.322161;8.53502;
0.322181;8.53523;
0.322201;8.53544;
0.322221;8.53564;
0.322241;8.53585;
0.322261;8.53606;
0.322281;8.53626;
0.322301;8.53647;
0.322321;8.53668;
0.322341;8.53688;
0.322361;8.53709;
0.322381;8.5373;
0.322401;8.5375;
0.322421;8.53771;
0.322441;8.53792;
0.322461;8.53812;
0.322481;8.53833;
0.322501;8.53854;
0.322521;8.53875;
0.322541;8.53895;
0.322561;8.53916;
0.322581;8.53937;
0.322586;8.53942;
0.322586;8.53942;
0.322586;8.53942;
0.322587;8.53942;
0.322587;8.53943;
0.322587;8.53943;
0.322587;8.53943;
0.322588;8.53943;
0.322588;8.53944;
0.322589;8.53945;
0.322592;8.53948;
0.322597;8.53953;
0.322607;8.53964;
0.322622;8.53979;
0.322639;8.53997;
0.322658;8.54016;
0.322678;8.54037;
0.322694;8.54053;
0.32271;8.5407;
0.322729;8.5409;
0.322749;8.5411;
0.322769;8.54131;
0.322789;8.54152;
0.322809;8.54173;
0.322829;8.54194;
0.322849;8.54214;
0.322869;8.54235;
0.322889;8.54256;
0.322909;8.54277;
0.322929;8.54298;
0.322949;8.54319;
0.322969;8.54339;
0.322989;8.5436;
0.323009;8.54381;
0.323029;8.54402;
0.323049;8.54423;
0.323069;8.54444;
0.323089;8.54465;
0.323109;8.54486;
0.323129;8.54506;
0.323149;8.54527;
0.323169;8.54548;
0.323189;8.54569;
0.323209;8.5459;
0.323229;8.54611;
0.323249;8.54632;
0.323253;8.54637;
0.323253;8.54637;
0.323253;8.54637;
0.323254;8.54637;
0.323254;8.54638;
0.323254;8.54638;
0.323254;8.54638;
0.323255;8.54638;
0.323255;8.54639;
0.323256;8.5464;
0.323259;8.54643;
0.323264;8.54648;
0.323274;8.54659;
0.323294;8.5468;
0.323314;8.54701;
0.323334;8.54722;
0.323354;8.54743;
0.323374;8.54764;
0.323394;8.54785;
0.323414;8.54806;
0.323434;8.54827;
0.323454;8.54848;
0.323474;8.54869;
0.323494;8.5489;
0.323514;8.54911;
0.323534;8.54932;
0.323554;8.54953;
0.323574;8.54974;
0.323594;8.54995;
0.323614;8.55016;
0.323634;8.55037;
0.323654;8.55058;
0.323674;8.55079;
0.323694;8.551;
0.323714;8.55121;
0.323734;8.55142;
0.323754;8.55163;
0.323774;8.55184;
0.323794;8.55206;
0.323814;8.55227;
0.323834;8.55248;
0.323854;8.55269;
0.323874;8.5529;
0.323894;8.55311;
0.323914;8.55332;
0.323919;8.55337;
0.323921;8.55339;
0.323925;8.55343;
0.323933;8.55352;
0.323941;8.5536;
0.323948;8.55367;
0.323954;8.55372;
0.323962;8.55379;
0.323969;8.55385;
0.323984;8.55399;
0.323997;8.5541;
0.32401;8.55422;
0.32403;8.5544;
0.32405;8.55457;
0.32407;8.55475;
0.32409;8.55493;
0.32411;8.55511;
0.32413;8.55529;
0.32415;8.55546;
0.32417;8.55564;
0.32419;8.55582;
0.32421;8.556;
0.32423;8.55618;
0.32425;8.55636;
0.32427;8.55653;
0.32429;8.55671;
0.32431;8.55689;
0.32433;8.55707;
0.32435;8.55725;
0.32437;8.55743;
0.32439;8.55761;
0.32441;8.55779;
0.32443;8.55796;
0.32445;8.55814;
0.32447;8.55832;
0.32449;8.5585;
0.32451;8.55868;
0.32453;8.55886;
0.32455;8.55904;
0.32457;8.55922;
0.324586;8.55936;
0.324586;8.55936;
0.324586;8.55937;
0.324587;8.55937;
0.324587;8.55937;
0.324587;8.55937;
0.324587;8.55937;
0.324588;8.55938;
0.324588;8.55938;
0.324589;8.55939;
0.324592;8.55942;
0.324597;8.55946;
0.324607;8.55956;
0.324627;8.55974;
0.324647;8.55992;
0.324667;8.5601;
0.324687;8.56028;
0.324707;8.56046;
0.324727;8.56064;
0.324747;8.56082;
0.324767;8.561;
0.324787;8.56118;
0.324807;8.56136;
0.324827;8.56154;
0.324847;8.56172;
0.324867;8.5619;
0.324887;8.56208;
0.324907;8.56226;
0.324927;8.56244;
0.324947;8.56262;
0.324967;8.5628;
0.324987;8.56299;
0.325007;8.56317;
0.325027;8.56335;
0.325047;8.56353;
0.325067;8.56371;
0.325087;8.56389;
0.325107;8.56407;
0.325127;8.56426;
0.325147;8.56444;
0.325167;8.56462;
0.325187;8.5648;
0.325207;8.56498;
0.325227;8.56517;
0.325247;8.56535;
0.325252;8.56539;
0.325252;8.56539;
0.325252;8.56539;
0.325253;8.5654;
0.325253;8.5654;
0.325253;8.5654;
0.325253;8.5654;
0.325254;8.5654;
0.325254;8.56541;
0.325255;8.56542;
0.325258;8.56544;
0.325263;8.56549;
0.325273;8.56558;
0.325293;8.56577;
0.325313;8.56595;
0.325332;8.56612;
0.325352;8.56631;
0.325372;8.56649;
0.325392;8.56667;
0.325412;8.56685;
0.325432;8.56704;
0.325452;8.56722;
0.325472;8.5674;
0.325492;8.56759;
0.325512;8.56777;
0.325532;8.56795;
0.325552;8.56814;
0.325572;8.56832;
0.325592;8.5685;
0.325612;8.56869;
0.325632;8.56887;
0.325652;8.56905;
0.325672;8.56924;
0.325692;8.56942;
0.325712;8.5696;
0.325732;8.56979;
0.325752;8.56997;
0.325772;8.57016;
0.325792;8.57034;
0.325812;8.57052;
0.325832;8.57071;
0.325852;8.57089;
0.325872;8.57108;
0.325892;8.57126;
0.325912;8.57145;
0.325919;8.57151;
0.325919;8.57151;
0.325919;8.57151;
0.32592;8.57151;
0.32592;8.57152;
0.32592;8.57152;
0.32592;8.57152;
0.325921;8.57152;
0.325921;8.57153;
0.325922;8.57154;
0.325925;8.57156;
0.32593;8.57161;
0.32594;8.5717;
0.32596;8.57189;
0.32598;8.57207;
0.326;8.57226;
0.32602;8.57244;
0.32604;8.57263;
0.32606;8.57281;
0.32608;8.573;
0.3261;8.57318;
0.32612;8.57337;
0.32614;8.57355;
0.32616;8.57374;
0.32618;8.57393;
0.3262;8.57411;
0.32622;8.5743;
0.32624;8.57448;
0.32626;8.57467;
0.32628;8.57485;
0.3263;8.57504;
0.32632;8.57523;
0.32634;8.57541;
0.32636;8.5756;
0.32638;8.57578;
0.3264;8.57597;
0.32642;8.57616;
0.32644;8.57634;
0.32646;8.57653;
0.32648;8.57672;
0.3265;8.5769;
0.32652;8.57709;
0.32654;8.57728;
0.32656;8.57746;
0.32658;8.57765;
0.326585;8.57769;
0.326587;8.57771;
0.326591;8.57775;
0.326599;8.57782;
0.326615;8.57797;
0.326635;8.57816;
0.326655;8.57835;
0.326675;8.57853;
0.326695;8.57872;
0.326715;8.57891;
0.326735;8.5791;
0.326755;8.57928;
0.326775;8.57947;
0.326795;8.57966;
0.326815;8.57985;
0.326835;8.58003;
0.326855;8.58022;
0.326875;8.58041;
0.326895;8.5806;
0.326915;8.58079;
0.326935;8.58097;
0.326955;8.58116;
0.326975;8.58135;
0.326995;8.58154;
0.327015;8.58173;
0.327035;8.58192;
0.327055;8.5821;
0.327075;8.58229;
0.327095;8.58248;
0.327115;8.58267;
0.327135;8.58286;
0.327155;8.58305;
0.327175;8.58324;
0.327195;8.58343;
0.327215;8.58361;
0.327235;8.5838;
0.327252;8.58396;
0.327252;8.58396;
0.327252;8.58397;
0.327253;8.58397;
0.327253;8.58397;
0.327253;8.58397;
0.327253;8.58398;
0.327254;8.58398;
0.327254;8.58398;
0.327255;8.584;
0.327258;8.58402;
0.327263;8.58407;
0.327273;8.58417;
0.327293;8.58436;
0.327313;8.58455;
0.327333;8.58473;
0.327353;8.58492;
0.327373;8.58511;
0.327393;8.5853;
0.327413;8.58549;
0.327433;8.58568;
0.327453;8.58587;
0.327473;8.58606;
0.327493;8.58625;
0.327513;8.58644;
0.327533;8.58663;
0.327553;8.58682;
0.327573;8.58701;
0.327593;8.5872;
0.327613;8.58739;
0.327633;8.58758;
0.327653;8.58777;
0.327673;8.58796;
0.327693;8.58816;
0.327713;8.58835;
0.327733;8.58854;
0.327753;8.58873;
0.327773;8.58892;
0.327793;8.58911;
0.327813;8.5893;
0.327833;8.58949;
0.327853;8.58968;
0.327873;8.58987;
0.327893;8.59006;
0.327913;8.59026;
0.327918;8.5903;
0.327918;8.5903;
0.327918;8.5903;
0.327919;8.59031;
0.327919;8.59031;
0.327919;8.59031;
0.327919;8.59031;
0.32792;8.59032;
0.32792;8.59032;
0.327921;8.59033;
0.327924;8.59036;
0.327929;8.59041;
0.327939;8.59051;
0.327959;8.5907;
0.327979;8.59089;
0.327999;8.59108;
0.328019;8.59127;
0.328039;8.59146;
0.328059;8.59165;
0.328079;8.59184;
0.328099;8.59203;
0.328119;8.59223;
0.328139;8.59242;
0.328159;8.59261;
0.328179;8.5928;
0.328199;8.59299;
0.328219;8.59319;
0.328239;8.59338;
0.328259;8.59357;
0.328279;8.59376;
0.328299;8.59396;
0.328319;8.59415;
0.328339;8.59434;
0.328359;8.59454;
0.328379;8.59473;
0.328399;8.59492;
0.328419;8.59511;
0.328439;8.59531;
0.328459;8.5955;
0.328479;8.59569;
0.328499;8.59589;
0.328519;8.59608;
0.328539;8.59627;
0.328559;8.59647;
0.328579;8.59666;
0.328585;8.59672;
0.328585;8.59672;
0.328585;8.59672;
0.328586;8.59673;
0.328586;8.59673;
0.328586;8.59673;
0.328586;8.59673;
0.328587;8.59673;
0.328587;8.59674;
0.328588;8.59675;
0.328591;8.59678;
0.328596;8.59683;
0.328606;8.59693;
0.328626;8.59712;
0.328646;8.59731;
0.328666;8.59751;
0.328686;8.5977;
0.328706;8.59789;
0.328726;8.59809;
0.328746;8.59828;
0.328766;8.59848;
0.328786;8.59867;
0.328806;8.59886;
0.328826;8.59906;
0.328846;8.59925;
0.328866;8.59945;
0.328886;8.59964;
0.328906;8.59984;
0.328926;8.60003;
0.328946;8.60023;
0.328966;8.60042;
0.328986;8.60061;
0.329006;8.60081;
0.329026;8.601;
0.329046;8.6012;
0.329066;8.60139;
0.329086;8.60159;
0.329106;8.60178;
0.329126;8.60198;
0.329146;8.60218;
0.329166;8.60237;
0.329186;8.60257;
0.329206;8.60276;
0.329226;8.60296;
0.329246;8.60315;
0.329251;8.6032;
0.329253;8.60322;
0.329257;8.60326;
0.329265;8.60333;
0.329281;8.60349;
0.329292;8.6036;
0.329303;8.60371;
0.329321;8.60388;
0.329337;8.60403;
0.329353;8.6042;
0.329371;8.60438;
0.329391;8.60457;
0.329411;8.60477;
0.329431;8.60496;
0.329451;8.60516;
0.329471;8.60536;
0.329491;8.60555;
0.329511;8.60575;
0.329531;8.60595;
0.329551;8.60614;
0.329571;8.60634;
0.329591;8.60654;
0.329611;8.60673;
0.329631;8.60693;
0.329651;8.60713;
0.329671;8.60732;
0.329691;8.60752;
0.329711;8.60772;
0.329731;8.60791;
0.329751;8.60811;
0.329771;8.60831;
0.329791;8.6085;
0.329811;8.6087;
0.329831;8.6089;
0.329851;8.6091;
0.329871;8.60929;
0.329891;8.60949;
0.329911;8.60969;
0.329918;8.60975;
0.329918;8.60976;
0.329918;8.60976;
0.329919;8.60976;
0.329919;8.60976;
0.329919;8.60976;
0.329919;8.60977;
0.32992;8.60977;
0.32992;8.60978;
0.329921;8.60979;
0.329924;8.60981;
0.329929;8.60986;
0.329939;8.60997;
0.329959;8.61016;
0.329979;8.61036;
0.329999;8.61056;
0.330019;8.61076;
0.330039;8.61095;
0.330059;8.61115;
0.330079;8.61135;
0.330099;8.61155;
0.330119;8.61175;
0.330139;8.61195;
0.330159;8.61214;
0.330179;8.61234;
0.330199;8.61254;
0.330219;8.61274;
0.330239;8.61294;
0.330259;8.61314;
0.330279;8.61333;
0.330299;8.61353;
0.330319;8.61373;
0.330339;8.61393;
0.330359;8.61413;
0.330379;8.61433;
0.330399;8.61453;
0.330419;8.61473;
0.330439;8.61493;
0.330459;8.61513;
0.330479;8.61532;
0.330499;8.61552;
0.330519;8.61572;
0.330539;8.61592;
0.330559;8.61612;
0.330579;8.61632;
0.330584;8.61637;
0.330584;8.61637;
0.330584;8.61637;
0.330585;8.61637;
0.330585;8.61638;
0.330585;8.61638;
0.330585;8.61638;
0.330586;8.61638;
0.330586;8.61639;
0.330587;8.6164;
0.33059;8.61643;
0.330595;8.61648;
0.330601;8.61654;
0.330605;8.61657;
0.330608;8.6166;
0.330613;8.61664;
0.330618;8.61668;
0.330623;8.61672;
0.330634;8.6168;
0.330651;8.61693;
0.330667;8.61706;
0.330683;8.61719;
0.3307;8.61733;
0.33072;8.61748;
0.33074;8.61764;
0.33076;8.6178;
0.33078;8.61796;
0.3308;8.61812;
0.33082;8.61827;
0.33084;8.61843;
0.33086;8.61859;
0.33088;8.61875;
0.3309;8.61891;
0.33092;8.61907;
0.33094;8.61923;
0.33096;8.61939;
0.33098;8.61954;
0.331;8.6197;
0.33102;8.61986;
0.33104;8.62002;
0.33106;8.62018;
0.33108;8.62034;
0.3311;8.6205;
0.33112;8.62066;
0.33114;8.62082;
0.33116;8.62098;
0.33118;8.62114;
0.3312;8.6213;
0.33122;8.62146;
0.33124;8.62162;
0.331251;8.6217;
0.331251;8.6217;
0.331251;8.62171;
0.331252;8.62171;
0.331252;8.62171;
0.331252;8.62171;
0.331252;8.62171;
0.331253;8.62172;
0.331253;8.62172;
0.331254;8.62173;
0.331257;8.62175;
0.331262;8.62179;
0.331272;8.62187;
0.331292;8.62203;
0.331312;8.6222;
0.331332;8.62236;
0.331352;8.62252;
0.331372;8.62268;
0.331392;8.62284;
0.331412;8.623;
0.331432;8.62316;
0.331452;8.62332;
0.331472;8.62348;
0.331492;8.62364;
0.331512;8.6238;
0.331532;8.62396;
0.331552;8.62413;
0.331572;8.62429;
0.331592;8.62445;
0.331612;8.62461;
0.331632;8.62477;
0.331652;8.62493;
0.331672;8.62509;
0.331692;8.62526;
0.331712;8.62542;
0.331732;8.62558;
0.331752;8.62574;
0.331772;8.6259;
0.331792;8.62607;
0.331812;8.62623;
0.331832;8.62639;
0.331852;8.62655;
0.331872;8.62672;
0.331892;8.62688;
0.331912;8.62704;
0.331917;8.62708;
0.331919;8.6271;
0.331923;8.62713;
0.331931;8.62719;
0.331947;8.62732;
0.331967;8.62749;
0.331987;8.62765;
0.332007;8.62781;
0.332027;8.62798;
0.332047;8.62814;
0.332067;8.6283;
0.332087;8.62847;
0.332107;8.62863;
0.332127;8.62879;
0.332147;8.62896;
0.332167;8.62912;
0.332187;8.62928;
0.332207;8.62945;
0.332227;8.62961;
0.332247;8.62978;
0.332267;8.62994;
0.332287;8.63011;
0.332307;8.63027;
0.332327;8.63043;
0.332347;8.6306;
0.332367;8.63076;
0.332387;8.63093;
0.332407;8.63109;
0.332427;8.63126;
0.332447;8.63142;
0.332467;8.63159;
0.332487;8.63175;
0.332507;8.63192;
0.332527;8.63208;
0.332547;8.63225;
0.332567;8.63241;
0.332584;8.63255;
0.332584;8.63255;
0.332584;8.63256;
0.332585;8.63256;
0.332585;8.63256;
0.332585;8.63256;
0.332585;8.63256;
0.332586;8.63257;
0.332586;8.63257;
0.332587;8.63258;
0.33259;8.6326;
0.332595;8.63265;
0.332605;8.63273;
0.332625;8.6329;
0.332645;8.63306;
0.332665;8.63323;
0.332685;8.63339;
0.332705;8.63356;
0.332725;8.63372;
0.332745;8.63389;
0.332765;8.63406;
0.332785;8.63422;
0.332805;8.63439;
0.332825;8.63455;
0.332845;8.63472;
0.332865;8.63489;
0.332885;8.63505;
0.332905;8.63522;
0.332925;8.63539;
0.332945;8.63555;
0.332965;8.63572;
0.332985;8.63589;
0.333005;8.63606;
0.333025;8.63622;
0.333045;8.63639;
0.333065;8.63656;
0.333085;8.63672;
0.333105;8.63689;
0.333125;8.63706;
0.333145;8.63723;
0.333165;8.63739;
0.333185;8.63756;
0.333205;8.63773;
0.333225;8.6379;
0.333245;8.63806;
0.33325;8.6381;
0.33325;8.6381;
0.33325;8.63811;
0.333251;8.63811;
0.333251;8.63811;
0.333251;8.63811;
0.333251;8.63811;
0.333252;8.63812;
0.333252;8.63812;
0.333253;8.63813;
0.333256;8.63815;
0.333261;8.6382;
0.333271;8.63828;
0.333291;8.63845;
0.333311;8.63862;
0.333331;8.63879;
0.333351;8.63896;
0.333371;8.63912;
0.333391;8.63929;
0.333411;8.63946;
0.333431;8.63963;
0.333451;8.6398;
0.333471;8.63997;
0.333491;8.64014;
0.333511;8.6403;
0.333531;8.64047;
0.333551;8.64064;
0.333571;8.64081;
0.333591;8.64098;
0.333611;8.64115;
0.333631;8.64132;
0.333651;8.64149;
0.333671;8.64166;
0.333691;8.64183;
0.333711;8.642;
0.333731;8.64217;
0.333751;8.64234;
0.333771;8.64251;
0.333791;8.64268;
0.333811;8.64285;
0.333831;8.64302;
0.333851;8.64319;
0.333871;8.64336;
0.333891;8.64353;
0.333911;8.6437;
0.333917;8.64375;
0.333917;8.64375;
0.333917;8.64375;
0.333918;8.64375;
0.333918;8.64375;
0.333918;8.64376;
0.333918;8.64376;
0.333919;8.64376;
0.333919;8.64376;
0.33392;8.64378;
0.333923;8.6438;
0.333928;8.64384;
0.333938;8.64393;
0.333958;8.6441;
0.333978;8.64427;
0.333998;8.64444;
0.334018;8.64461;
0.334038;8.64478;
0.334058;8.64495;
0.334078;8.64512;
0.334098;8.64529;
0.334118;8.64547;
0.334138;8.64564;
0.334158;8.64581;
0.334178;8.64598;
0.334198;8.64615;
0.334218;8.64632;
0.334238;8.64649;
0.334258;8.64667;
0.334278;8.64684;
0.334298;8.64701;
0.334318;8.64718;
0.334338;8.64735;
0.334358;8.64752;
0.334378;8.6477;
0.334398;8.64787;
0.334418;8.64804;
0.334438;8.64821;
0.334458;8.64839;
0.334478;8.64856;
0.334498;8.64873;
0.334518;8.6489;
0.334538;8.64908;
0.334558;8.64925;
0.334578;8.64942;
0.334583;8.64946;
0.334585;8.64948;
0.334589;8.64951;
0.334597;8.64958;
0.334613;8.64972;
0.334633;8.64989;
0.334653;8.65007;
0.334673;8.65024;
0.334693;8.65041;
0.334713;8.65059;
0.334733;8.65076;
0.334753;8.65093;
0.334773;8.65111;
0.334793;8.65128;
0.334813;8.65145;
0.334833;8.65163;
0.334853;8.6518;
0.334873;8.65197;
0.334893;8.65215;
0.334913;8.65232;
0.334933;8.6525;
0.334953;8.65267;
0.334973;8.65285;
0.334993;8.65302;
0.335013;8.65319;
0.335033;8.65337;
0.335053;8.65354;
0.335073;8.65372;
0.335093;8.65389;
0.335113;8.65407;
0.335133;8.65424;
0.335153;8.65442;
0.335173;8.65459;
0.335193;8.65477;
0.335213;8.65494;
0.335233;8.65512;
0.33525;8.65526;
0.33525;8.65527;
0.33525;8.65527;
0.335251;8.65527;
0.335251;8.65527;
0.335251;8.65527;
0.335251;8.65528;
0.335252;8.65528;
0.335252;8.65528;
0.335253;8.6553;
0.335256;8.65532;
0.335261;8.65536;
0.335271;8.65545;
0.335291;8.65563;
0.335311;8.6558;
0.335331;8.65598;
0.335351;8.65615;
0.335371;8.65633;
0.335391;8.65651;
0.335411;8.65668;
0.335431;8.65686;
0.335451;8.65703;
0.335471;8.65721;
0.335491;8.65738;
0.335511;8.65756;
0.335531;8.65774;
0.335551;8.65791;
0.335571;8.65809;
0.335591;8.65827;
0.335611;8.65844;
0.335631;8.65862;
0.335651;8.65879;
0.335671;8.65897;
0.335691;8.65915;
0.335711;8.65932;
0.335731;8.6595;
0.335751;8.65968;
0.335771;8.65986;
0.335791;8.66003;
0.335811;8.66021;
0.335831;8.66039;
0.335851;8.66056;
0.335871;8.66074;
0.335891;8.66092;
0.335911;8.6611;
0.335916;8.66114;
0.335916;8.66114;
0.335916;8.66114;
0.335917;8.66114;
0.335917;8.66115;
0.335917;8.66115;
0.335917;8.66115;
0.335918;8.66115;
0.335918;8.66116;
0.335919;8.66117;
0.335922;8.66119;
0.335927;8.66124;
0.335937;8.66133;
0.335957;8.6615;
0.335977;8.66168;
0.335997;8.66186;
0.336017;8.66204;
0.336035;8.6622;
0.336055;8.66238;
0.336075;8.66255;
0.336095;8.66273;
0.336115;8.66291;
0.336135;8.66309;
0.336155;8.66327;
0.336175;8.66344;
0.336195;8.66362;
0.336215;8.6638;
0.336235;8.66398;
0.336255;8.66416;
0.336275;8.66434;
0.336295;8.66452;
0.336315;8.66469;
0.336335;8.66487;
0.336355;8.66505;
0.336375;8.66523;
0.336395;8.66541;
0.336415;8.66559;
0.336435;8.66577;
0.336455;8.66595;
0.336475;8.66613;
0.336495;8.66631;
0.336515;8.66649;
0.336535;8.66667;
0.336555;8.66684;
0.336575;8.66702;
0.336583;8.66709;
0.336583;8.66709;
0.336583;8.6671;
0.336584;8.6671;
0.336584;8.6671;
0.336584;8.6671;
0.336584;8.6671;
0.336585;8.66711;
0.336585;8.66711;
0.336586;8.66712;
0.336589;8.66715;
0.336594;8.66719;
0.336604;8.66729;
0.336624;8.66746;
0.336644;8.66764;
0.336664;8.66782;
0.336684;8.668;
0.336704;8.66818;
0.336724;8.66836;
0.336744;8.66855;
0.336764;8.66873;
0.336784;8.66891;
0.336804;8.66909;
0.336824;8.66927;
0.336844;8.66945;
0.336864;8.66963;
0.336884;8.66981;
0.336904;8.66999;
0.336924;8.67017;
0.336944;8.67035;
0.336964;8.67053;
0.336984;8.67071;
0.337004;8.67089;
0.337024;8.67107;
0.337044;8.67126;
0.337064;8.67144;
0.337084;8.67162;
0.337104;8.6718;
0.337124;8.67198;
0.337144;8.67216;
0.337164;8.67234;
0.337184;8.67253;
0.337204;8.67271;
0.337224;8.67289;
0.337244;8.67307;
0.337249;8.67311;
0.337251;8.67313;
0.337255;8.67317;
0.337263;8.67324;
0.337279;8.67339;
0.33729;8.67349;
0.337302;8.67359;
0.337315;8.67371;
0.337328;8.67383;
0.337348;8.67401;
0.337368;8.67419;
0.337386;8.67436;
0.337406;8.67454;
0.337426;8.67473;
0.337446;8.67491;
0.337466;8.67509;
0.337486;8.67527;
0.337506;8.67546;
0.337526;8.67564;
0.337546;8.67582;
0.337566;8.676;
0.337586;8.67619;
0.337606;8.67637;
0.337626;8.67655;
0.337646;8.67674;
0.337666;8.67692;
0.337686;8.6771;
0.337706;8.67729;
0.337726;8.67747;
0.337746;8.67765;
0.337766;8.67784;
0.337786;8.67802;
0.337806;8.6782;
0.337826;8.67839;
0.337846;8.67857;
0.337866;8.67875;
0.337886;8.67894;
0.337906;8.67912;
0.337916;8.67921;
0.337916;8.67921;
0.337916;8.67922;
0.337917;8.67922;
0.337917;8.67922;
0.337917;8.67922;
0.337917;8.67922;
0.337918;8.67923;
0.337918;8.67923;
0.337919;8.67925;
0.337922;8.67927;
0.337927;8.67932;
0.337937;8.67941;
0.337957;8.67959;
0.337977;8.67978;
0.337997;8.67996;
0.338017;8.68015;
0.338037;8.68033;
0.338057;8.68052;
0.338077;8.6807;
0.338097;8.68088;
0.338117;8.68107;
0.338137;8.68125;
0.338157;8.68144;
0.338177;8.68162;
0.338197;8.68181;
0.338217;8.68199;
0.338237;8.68218;
0.338257;8.68236;
0.338277;8.68255;
0.338297;8.68273;
0.338317;8.68292;
0.338337;8.6831;
0.338357;8.68329;
0.338377;8.68347;
0.338397;8.68366;
0.338417;8.68385;
0.338437;8.68403;
0.338457;8.68422;
0.338477;8.6844;
0.338497;8.68459;
0.338517;8.68477;
0.338537;8.68496;
0.338557;8.68515;
0.338577;8.68533;
0.338582;8.68537;
0.338582;8.68538;
0.338582;8.68538;
0.338583;8.68538;
0.338583;8.68538;
0.338583;8.68538;
0.338583;8.68539;
0.338584;8.68539;
0.338584;8.68539;
0.338585;8.68541;
0.338588;8.68543;
0.338593;8.68548;
0.338598;8.68552;
0.338602;8.68555;
0.338606;8.68558;
0.338609;8.68561;
0.338613;8.68563;
0.338619;8.68567;
0.338631;8.68576;
0.338646;8.68586;
0.338665;8.686;
0.338683;8.68612;
0.3387;8.68624;
0.33872;8.68638;
0.33874;8.68652;
0.33876;8.68666;
0.33878;8.6868;
0.3388;8.68694;
0.33882;8.68708;
0.33884;8.68722;
0.33886;8.68736;
0.33888;8.6875;
0.3389;8.68764;
0.33892;8.68778;
0.33894;8.68792;
0.33896;8.68806;
0.33898;8.6882;
0.339;8.68834;
0.33902;8.68849;
0.33904;8.68863;
0.33906;8.68877;
0.33908;8.68891;
0.3391;8.68905;
0.33912;8.68919;
0.33914;8.68933;
0.33916;8.68947;
0.33918;8.68962;
0.3392;8.68976;
0.33922;8.6899;
0.33924;8.69004;
0.339249;8.6901;
0.339249;8.6901;
0.339249;8.69011;
0.33925;8.69011;
0.33925;8.69011;
0.33925;8.69011;
0.33925;8.69011;
0.339251;8.69011;
0.339251;8.69012;
0.339252;8.69013;
0.339255;8.69015;
0.33926;8.69018;
0.33927;8.69025;
0.33929;8.6904;
0.33931;8.69054;
0.33933;8.69068;
0.33935;8.69082;
0.33937;8.69097;
0.33939;8.69111;
0.33941;8.69125;
0.33943;8.69139;
0.33945;8.69154;
0.33947;8.69168;
0.33949;8.69182;
0.33951;8.69197;
0.33953;8.69211;
0.33955;8.69225;
0.33957;8.6924;
0.33959;8.69254;
0.33961;8.69268;
0.33963;8.69283;
0.33965;8.69297;
0.33967;8.69311;
0.33969;8.69326;
0.33971;8.6934;
0.33973;8.69354;
0.33975;8.69369;
0.33977;8.69383;
0.33979;8.69398;
0.33981;8.69412;
0.33983;8.69427;
0.33985;8.69441;
0.33987;8.69455;
0.33989;8.6947;
0.33991;8.69484;
0.339915;8.69488;
0.339917;8.69489;
0.339921;8.69492;
0.339929;8.69498;
0.339945;8.69509;
0.339963;8.69522;
0.339983;8.69537;
0.340003;8.69551;
0.340023;8.69566;
0.340043;8.6958;
0.340063;8.69595;
0.340083;8.69609;
0.340103;8.69624;
0.340123;8.69639;
0.340143;8.69653;
0.340163;8.69668;
0.340183;8.69682;
0.340203;8.69697;
0.340223;8.69711;
0.340243;8.69726;
0.340263;8.69741;
0.340283;8.69755;
0.340303;8.6977;
0.340323;8.69785;
0.340343;8.69799;
0.340363;8.69814;
0.340383;8.69829;
0.340403;8.69843;
0.340423;8.69858;
0.340443;8.69873;
0.340463;8.69887;
0.340483;8.69902;
0.340503;8.69917;
0.340523;8.69932;
0.340543;8.69946;
0.340563;8.69961;
0.340582;8.69975;
0.340582;8.69975;
0.340582;8.69976;
0.340583;8.69976;
0.340583;8.69976;
0.340583;8.69976;
0.340583;8.69976;
0.340584;8.69976;
0.340584;8.69977;
0.340585;8.69978;
0.340588;8.6998;
0.340593;8.69984;
0.340603;8.69991;
0.340623;8.70006;
0.340643;8.70021;
0.340663;8.70035;
0.340683;8.7005;
0.340703;8.70065;
0.340723;8.7008;
0.340743;8.70095;
0.340763;8.7011;
0.340783;8.70124;
0.340803;8.70139;
0.340823;8.70154;
0.340843;8.70169;
0.340863;8.70184;
0.340883;8.70199;
0.340903;8.70214;
0.340923;8.70228;
0.340943;8.70243;
0.340963;8.70258;
0.340983;8.70273;
0.341003;8.70288;
0.341023;8.70303;
0.341043;8.70318;
0.341063;8.70333;
0.341083;8.70348;
0.341103;8.70363;
0.341123;8.70378;
0.341143;8.70393;
0.341163;8.70408;
0.341183;8.70423;
0.341203;8.70438;
0.341223;8.70453;
0.341243;8.70468;
0.341248;8.70471;
0.341248;8.70471;
0.341248;8.70472;
0.341249;8.70472;
0.341249;8.70472;
0.341249;8.70472;
0.341249;8.70472;
0.34125;8.70472;
0.34125;8.70473;
0.341251;8.70474;
0.341254;8.70476;
0.341259;8.7048;
0.341269;8.70487;
0.341289;8.70502;
0.341309;8.70518;
0.341329;8.70533;
0.341349;8.70548;
0.341369;8.70563;
0.341389;8.70578;
0.341409;8.70593;
0.341429;8.70608;
0.341449;8.70623;
0.341469;8.70638;
0.341489;8.70653;
0.341509;8.70668;
0.341529;8.70684;
0.341549;8.70699;
0.341569;8.70714;
0.341589;8.70729;
0.341609;8.70744;
0.341629;8.70759;
0.341649;8.70775;
0.341669;8.7079;
0.341689;8.70805;
0.341709;8.7082;
0.341729;8.70835;
0.341749;8.70851;
0.341769;8.70866;
0.341789;8.70881;
0.341809;8.70896;
0.341829;8.70912;
0.341849;8.70927;
0.341869;8.70942;
0.341889;8.70957;
0.341909;8.70973;
0.341915;8.70977;
0.341915;8.70977;
0.341915;8.70977;
0.341916;8.70978;
0.341916;8.70978;
0.341916;8.70978;
0.341916;8.70978;
0.341917;8.70978;
0.341917;8.70979;
0.341918;8.7098;
0.341921;8.70982;
0.341926;8.70986;
0.341936;8.70993;
0.341956;8.71009;
0.341976;8.71024;
0.341996;8.71039;
0.342016;8.71055;
0.342036;8.7107;
0.342056;8.71085;
0.342076;8.71101;
0.342096;8.71116;
0.342116;8.71131;
0.342136;8.71147;
0.342156;8.71162;
0.342176;8.71178;
0.342196;8.71193;
0.342216;8.71208;
0.342236;8.71224;
0.342256;8.71239;
0.342276;8.71255;
0.342296;8.7127;
0.342316;8.71286;
0.342336;8.71301;
0.342356;8.71317;
0.342376;8.71332;
0.342396;8.71347;
0.342416;8.71363;
0.342436;8.71378;
0.342456;8.71394;
0.342476;8.71409;
0.342496;8.71425;
0.342516;8.7144;
0.342536;8.71456;
0.342556;8.71472;
0.342576;8.71487;
0.342581;8.71491;
0.342581;8.71491;
0.342581;8.71491;
0.342582;8.71491;
0.342582;8.71491;
0.342582;8.71492;
0.342582;8.71492;
0.342583;8.71492;
0.342583;8.71492;
0.342584;8.71493;
0.342587;8.71495;
0.342592;8.71499;
0.342602;8.71507;
0.342622;8.71523;
0.342642;8.71538;
0.342662;8.71554;
0.342682;8.7157;
0.342702;8.71585;
0.342722;8.71601;
0.342742;8.71616;
0.342762;8.71632;
0.342782;8.71648;
0.342802;8.71663;
0.342822;8.71679;
0.342842;8.71695;
0.342862;8.7171;
0.342882;8.71726;
0.342902;8.71742;
0.342922;8.71757;
0.342942;8.71773;
0.342962;8.71789;
0.342982;8.71804;
0.343002;8.7182;
0.343022;8.71836;
0.343042;8.71852;
0.343062;8.71867;
0.343082;8.71883;
0.343102;8.71899;
0.343122;8.71915;
0.343142;8.7193;
0.343162;8.71946;
0.343182;8.71962;
0.343202;8.71978;
0.343222;8.71993;
0.343242;8.72009;
0.343248;8.72014;
0.343248;8.72014;
0.343248;8.72014;
0.343249;8.72014;
0.343249;8.72014;
0.343249;8.72014;
0.343249;8.72015;
0.34325;8.72015;
0.34325;8.72015;
0.343251;8.72016;
0.343254;8.72018;
0.343259;8.72022;
0.343269;8.72031;
0.343289;8.72046;
0.343309;8.72062;
0.343329;8.72078;
0.343349;8.72094;
0.343369;8.7211;
0.343389;8.72126;
0.343409;8.72141;
0.343429;8.72157;
0.343449;8.72173;
0.343469;8.72189;
0.343489;8.72205;
0.343509;8.72221;
0.343529;8.72237;
0.343549;8.72253;
0.343569;8.72269;
0.343589;8.72285;
0.343609;8.723;
0.343629;8.72316;
0.343649;8.72332;
0.343669;8.72348;
0.343689;8.72364;
0.343709;8.7238;
0.343729;8.72396;
0.343749;8.72412;
0.343769;8.72428;
0.343789;8.72444;
0.343809;8.7246;
0.343829;8.72476;
0.343849;8.72492;
0.343869;8.72508;
0.343889;8.72524;
0.343909;8.7254;
0.343914;8.72544;
0.343916;8.72546;
0.34392;8.72549;
0.343928;8.72555;
0.343944;8.72568;
0.343964;8.72584;
0.343984;8.726;
0.344001;8.72614;
0.344019;8.72629;
0.344039;8.72645;
0.344059;8.72661;
0.344079;8.72677;
0.344099;8.72693;
0.344119;8.72709;
0.344139;8.72725;
0.344159;8.72741;
0.344179;8.72758;
0.344199;8.72774;
0.344219;8.7279;
0.344239;8.72806;
0.344259;8.72822;
0.344279;8.72838;
0.344299;8.72855;
0.344319;8.72871;
0.344339;8.72887;
0.344359;8.72903;
0.344379;8.72919;
0.344399;8.72936;
0.344419;8.72952;
0.344439;8.72968;
0.344459;8.72984;
0.344479;8.73001;
0.344499;8.73017;
0.344519;8.73033;
0.344539;8.73049;
0.344559;8.73066;
0.344579;8.73082;
0.344581;8.73083;
0.344581;8.73083;
0.344581;8.73084;
0.344582;8.73084;
0.344582;8.73084;
0.344582;8.73084;
0.344582;8.73084;
0.344583;8.73085;
0.344583;8.73085;
0.344584;8.73086;
0.344587;8.73088;
0.344592;8.73093;
0.344602;8.73101;
0.344622;8.73117;
0.344642;8.73133;
0.344662;8.7315;
0.344682;8.73166;
0.344702;8.73182;
0.344722;8.73199;
0.344742;8.73215;
0.344762;8.73231;
0.344782;8.73248;
0.344802;8.73264;
0.344822;8.73281;
0.344842;8.73297;
0.344862;8.73313;
0.344882;8.7333;
0.344902;8.73346;
0.344922;8.73363;
0.344942;8.73379;
0.344962;8.73395;
0.344982;8.73412;
0.345002;8.73428;
0.345022;8.73445;
0.345042;8.73461;
0.345062;8.73478;
0.345082;8.73494;
0.345102;8.73511;
0.345122;8.73527;
0.345142;8.73543;
0.345162;8.7356;
0.345182;8.73576;
0.345202;8.73593;
0.345222;8.73609;
0.345242;8.73626;
0.345247;8.7363;
0.345247;8.7363;
0.345247;8.7363;
0.345248;8.7363;
0.345248;8.73631;
0.345248;8.73631;
0.345248;8.73631;
0.345249;8.73631;
0.345249;8.73632;
0.34525;8.73633;
0.345253;8.73635;
0.345258;8.73639;
0.345268;8.73647;
0.345288;8.73664;
0.345307;8.73679;
0.345327;8.73696;
0.345347;8.73712;
0.345366;8.73728;
0.345386;8.73744;
0.345406;8.73761;
0.345426;8.73778;
0.345446;8.73794;
0.345466;8.73811;
0.345486;8.73827;
0.345506;8.73844;
0.345526;8.73861;
0.345546;8.73877;
0.345566;8.73894;
0.345586;8.73911;
0.345606;8.73927;
0.345626;8.73944;
0.345646;8.7396;
0.345666;8.73977;
0.345686;8.73994;
0.345706;8.7401;
0.345726;8.74027;
0.345746;8.74044;
0.345766;8.74061;
0.345786;8.74077;
0.345806;8.74094;
0.345826;8.74111;
0.345846;8.74127;
0.345866;8.74144;
0.345886;8.74161;
0.345906;8.74178;
0.345914;8.74185;
0.345914;8.74185;
0.345914;8.74185;
0.345915;8.74185;
0.345915;8.74186;
0.345915;8.74186;
0.345915;8.74186;
0.345916;8.74186;
0.345916;8.74187;
0.345917;8.74188;
0.34592;8.7419;
0.345925;8.74194;
0.345935;8.74203;
0.345955;8.74219;
0.345975;8.74236;
0.345995;8.74253;
0.346015;8.7427;
0.346035;8.74286;
0.346055;8.74303;
0.346075;8.7432;
0.346095;8.74337;
0.346115;8.74354;
0.346135;8.74371;
0.346155;8.74387;
0.346175;8.74404;
0.346195;8.74421;
0.346215;8.74438;
0.346235;8.74455;
0.346255;8.74472;
0.346275;8.74488;
0.346295;8.74505;
0.346315;8.74522;
0.346335;8.74539;
0.346355;8.74556;
0.346375;8.74573;
0.346395;8.7459;
0.346415;8.74607;
0.346435;8.74624;
0.346455;8.74641;
0.346475;8.74658;
0.346495;8.74674;
0.346515;8.74691;
0.346535;8.74708;
0.346555;8.74725;
0.346575;8.74742;
0.34658;8.74746;
0.346582;8.74748;
0.346586;8.74751;
0.346594;8.74758;
0.346605;8.74767;
0.346611;8.74772;
0.346617;8.74777;
0.346623;8.74781;
0.346628;8.74785;
0.346638;8.74792;
0.346657;8.74807;
0.346671;8.74817;
0.346685;8.74827;
0.346703;8.74841;
0.346723;8.74856;
0.346743;8.7487;
0.346763;8.74885;
0.346783;8.749;
0.346803;8.74915;
0.346823;8.7493;
0.346843;8.74945;
0.346863;8.7496;
0.346883;8.74975;
0.346903;8.7499;
0.346923;8.75005;
0.346943;8.7502;
0.346963;8.75035;
0.346983;8.7505;
0.347003;8.75065;
0.347023;8.7508;
0.347043;8.75095;
0.347063;8.7511;
0.347083;8.75125;
0.347103;8.75141;
0.347123;8.75156;
0.347143;8.75171;
0.347163;8.75186;
0.347183;8.75201;
0.347203;8.75216;
0.347223;8.75231;
0.347243;8.75246;
0.347247;8.75249;
0.347247;8.75249;
0.347247;8.7525;
0.347248;8.7525;
0.347248;8.7525;
0.347248;8.7525;
0.347248;8.7525;
0.347249;8.75251;
0.347249;8.75251;
0.34725;8.75252;
0.347253;8.75254;
0.347258;8.75258;
0.347268;8.75266;
0.347288;8.75281;
0.347308;8.75296;
0.347328;8.75311;
0.347348;8.75326;
0.347368;8.75341;
0.347388;8.75356;
0.347408;8.75372;
0.347428;8.75387;
0.347448;8.75402;
0.347468;8.75417;
0.347488;8.75433;
0.347508;8.75448;
0.347528;8.75463;
0.347548;8.75478;
0.347568;8.75493;
0.347588;8.75509;
0.347608;8.75524;
0.347628;8.75539;
0.347648;8.75555;
0.347668;8.7557;
0.347688;8.75585;
0.347708;8.756;
0.347728;8.75616;
0.347748;8.75631;
0.347768;8.75646;
0.347788;8.75662;
0.347808;8.75677;
0.347828;8.75692;
0.347848;8.75708;
0.347868;8.75723;
0.347888;8.75738;
0.347908;8.75754;
0.347913;8.75757;
0.347913;8.75757;
0.347913;8.75758;
0.347914;8.75758;
0.347914;8.75758;
0.347914;8.75758;
0.347914;8.75758;
0.347915;8.75759;
0.347915;8.75759;
0.347916;8.7576;
0.347919;8.75762;
0.347924;8.75766;
0.347934;8.75774;
0.347954;8.75789;
0.347974;8.75805;
0.347994;8.7582;
0.348014;8.75835;
0.348034;8.75851;
0.348054;8.75866;
0.348074;8.75882;
0.348094;8.75897;
0.348114;8.75913;
0.348134;8.75928;
0.348154;8.75944;
0.348174;8.75959;
0.348194;8.75975;
0.348214;8.7599;
0.348234;8.76005;
0.348254;8.76021;
0.348274;8.76037;
0.348294;8.76052;
0.348314;8.76068;
0.348334;8.76083;
0.348354;8.76099;
0.348374;8.76114;
0.348394;8.7613;
0.348414;8.76145;
0.348434;8.76161;
0.348454;8.76176;
0.348474;8.76192;
0.348494;8.76208;
0.348514;8.76223;
0.348534;8.76239;
0.348554;8.76254;
0.348574;8.7627;
0.34858;8.76274;
0.34858;8.76274;
0.34858;8.76275;
0.348581;8.76275;
0.348581;8.76275;
0.348581;8.76275;
0.348581;8.76275;
0.348582;8.76276;
0.348582;8.76276;
0.348583;8.76277;
0.348586;8.76279;
0.348591;8.76283;
0.348601;8.76291;
0.348621;8.76307;
0.348641;8.76322;
0.348661;8.76338;
0.348681;8.76354;
0.348701;8.76369;
0.348721;8.76385;
0.348741;8.76401;
0.348761;8.76416;
0.348781;8.76432;
0.348801;8.76448;
0.348821;8.76464;
0.348841;8.76479;
0.348861;8.76495;
0.348881;8.76511;
0.348901;8.76526;
0.348921;8.76542;
0.348941;8.76558;
0.348961;8.76574;
0.348981;8.76589;
0.349001;8.76605;
0.349021;8.76621;
0.349041;8.76637;
0.349061;8.76653;
0.349081;8.76668;
0.349101;8.76684;
0.349121;8.767;
0.349141;8.76716;
0.349161;8.76732;
0.349181;8.76748;
0.349201;8.76763;
0.349221;8.76779;
0.349241;8.76795;
0.349246;8.76799;
0.349248;8.768;
0.349252;8.76803;
0.34926;8.7681;
0.349276;8.76823;
0.349296;8.76838;
0.349316;8.76854;
0.349336;8.7687;
0.349356;8.76886;
0.349375;8.76901;
0.349395;8.76917;
0.349415;8.76933;
0.349435;8.76949;
0.349455;8.76965;
0.349475;8.76981;
0.349495;8.76997;
0.349515;8.77013;
0.349535;8.77029;
0.349555;8.77045;
0.349575;8.77061;
0.349595;8.77077;
0.349615;8.77093;
0.349635;8.77109;
0.349655;8.77125;
0.349675;8.77141;
0.349695;8.77157;
0.349715;8.77173;
0.349735;8.77189;
0.349755;8.77205;
0.349775;8.77221;
0.349795;8.77237;
0.349815;8.77253;
0.349835;8.77269;
0.349855;8.77285;
0.349875;8.77301;
0.349895;8.77317;
0.349913;8.77332;
0.349913;8.77332;
0.349913;8.77332;
0.349914;8.77332;
0.349914;8.77332;
0.349914;8.77332;
0.349914;8.77333;
0.349915;8.77333;
0.349915;8.77333;
0.349916;8.77334;
0.349919;8.77336;
0.349924;8.77341;
0.349934;8.77349;
0.349954;8.77365;
0.349974;8.77381;
0.349994;8.77397;
0.350014;8.77413;
0.350034;8.77429;
0.350054;8.77446;
0.350074;8.77462;
0.350094;8.77478;
0.350114;8.77494;
0.350134;8.7751;
0.350154;8.77526;
0.350174;8.77543;
0.350194;8.77559;
0.350214;8.77575;
0.350234;8.77591;
0.350254;8.77607;
0.350274;8.77624;
0.350294;8.7764;
0.350314;8.77656;
0.350334;8.77672;
0.350354;8.77689;
0.350374;8.77705;
0.350394;8.77721;
0.350414;8.77737;
0.350434;8.77754;
0.350454;8.7777;
0.350474;8.77786;
0.350494;8.77802;
0.350514;8.77819;
0.350534;8.77835;
0.350554;8.77851;
0.350574;8.77868;
0.350579;8.77871;
0.350579;8.77871;
0.350579;8.77872;
0.35058;8.77872;
0.35058;8.77872;
0.35058;8.77872;
0.35058;8.77872;
0.350581;8.77873;
0.350581;8.77873;
0.350582;8.77874;
0.350585;8.77876;
0.35059;8.7788;
0.3506;8.77889;
0.350607;8.77894;
0.350614;8.77899;
0.350619;8.77902;
0.350625;8.77906;
0.350634;8.77912;
0.350652;8.77924;
0.350667;8.77934;
0.350683;8.77944;
0.3507;8.77955;
0.35072;8.77968;
0.35074;8.77981;
0.35076;8.77994;
0.35078;8.78008;
0.3508;8.78021;
0.35082;8.78034;
0.35084;8.78047;
0.35086;8.7806;
0.35088;8.78073;
0.3509;8.78086;
0.35092;8.78099;
0.35094;8.78112;
0.35096;8.78126;
0.35098;8.78139;
0.351;8.78152;
0.35102;8.78165;
0.35104;8.78178;
0.35106;8.78192;
0.35108;8.78205;
0.3511;8.78218;
0.35112;8.78231;
0.35114;8.78244;
0.35116;8.78258;
0.35118;8.78271;
0.3512;8.78284;
0.35122;8.78297;
0.35124;8.78311;
0.351246;8.78314;
0.351246;8.78314;
0.351246;8.78315;
0.351247;8.78315;
0.351247;8.78315;
0.351247;8.78315;
0.351247;8.78315;
0.351248;8.78315;
0.351248;8.78316;
0.351249;8.78317;
0.351252;8.78318;
0.351257;8.78322;
0.351267;8.78329;
0.351287;8.78342;
0.351307;8.78355;
0.351327;8.78369;
0.351347;8.78382;
0.351367;8.78395;
0.351387;8.78409;
0.351407;8.78422;
0.351427;8.78435;
0.351447;8.78449;
0.351467;8.78462;
0.351487;8.78475;
0.351507;8.78489;
0.351527;8.78502;
0.351547;8.78516;
0.351567;8.78529;
0.351587;8.78542;
0.351607;8.78556;
0.351627;8.78569;
0.351647;8.78583;
0.351667;8.78596;
0.351687;8.7861;
0.351707;8.78623;
0.351727;8.78637;
0.351747;8.7865;
0.351767;8.78663;
0.351787;8.78677;
0.351807;8.78691;
0.351827;8.78704;
0.351847;8.78718;
0.351867;8.78731;
0.351887;8.78745;
0.351907;8.78758;
0.351912;8.78761;
0.351914;8.78763;
0.351918;8.78765;
0.351926;8.78771;
0.351942;8.78782;
0.351962;8.78795;
0.351982;8.78809;
0.352002;8.78822;
0.352022;8.78836;
0.352042;8.7885;
0.352062;8.78863;
0.352082;8.78877;
0.352102;8.78891;
0.352122;8.78904;
0.352142;8.78918;
0.352162;8.78931;
0.352182;8.78945;
0.352202;8.78959;
0.352222;8.78972;
0.352242;8.78986;
0.352262;8.79;
0.352282;8.79014;
0.352302;8.79027;
0.352322;8.79041;
0.352342;8.79055;
0.352362;8.79068;
0.352382;8.79082;
0.352402;8.79096;
0.352422;8.7911;
0.352442;8.79124;
0.352462;8.79137;
0.352482;8.79151;
0.352502;8.79165;
0.352522;8.79179;
0.352542;8.79193;
0.352562;8.79206;
0.352579;8.79218;
0.352579;8.79218;
0.352579;8.79218;
0.35258;8.79219;
0.35258;8.79219;
0.35258;8.79219;
0.35258;8.79219;
0.352581;8.79219;
0.352581;8.7922;
0.352582;8.79221;
0.352585;8.79222;
0.35259;8.79226;
0.3526;8.79233;
0.35262;8.79247;
0.35264;8.79261;
0.35266;8.79274;
0.35268;8.79288;
0.3527;8.79302;
0.35272;8.79316;
0.35274;8.7933;
0.35276;8.79344;
0.35278;8.79358;
0.3528;8.79372;
0.35282;8.79386;
0.35284;8.794;
0.35286;8.79414;
0.35288;8.79427;
0.3529;8.79441;
0.35292;8.79455;
0.35294;8.79469;
0.35296;8.79483;
0.35298;8.79497;
0.353;8.79511;
0.35302;8.79525;
0.35304;8.79539;
0.35306;8.79553;
0.35308;8.79567;
0.3531;8.79581;
0.35312;8.79595;
0.35314;8.7961;
0.35316;8.79624;
0.35318;8.79638;
0.3532;8.79652;
0.35322;8.79666;
0.35324;8.7968;
0.353245;8.79683;
0.353245;8.79683;
0.353245;8.79683;
0.353246;8.79684;
0.353246;8.79684;
0.353246;8.79684;
0.353246;8.79684;
0.353247;8.79684;
0.353247;8.79685;
0.353248;8.79686;
0.353251;8.79687;
0.353256;8.79691;
0.353266;8.79698;
0.353286;8.79712;
0.353306;8.79726;
0.353326;8.79741;
0.353346;8.79755;
0.353366;8.79769;
0.353386;8.79783;
0.353406;8.79797;
0.353426;8.79811;
0.353446;8.79826;
0.353466;8.7984;
0.353486;8.79854;
0.353506;8.79868;
0.353526;8.79882;
0.353546;8.79896;
0.353566;8.79911;
0.353586;8.79925;
0.353606;8.79939;
0.353626;8.79953;
0.353646;8.79968;
0.353666;8.79982;
0.353686;8.79996;
0.353706;8.8001;
0.353726;8.80025;
0.353746;8.80039;
0.353766;8.80053;
0.353786;8.80068;
0.353806;8.80082;
0.353826;8.80096;
0.353846;8.80111;
0.353866;8.80125;
0.353886;8.80139;
0.353906;8.80154;
0.353912;8.80158;
0.353912;8.80158;
0.353912;8.80158;
0.353913;8.80158;
0.353913;8.80158;
0.353913;8.80158;
0.353913;8.80159;
0.353914;8.80159;
0.353914;8.80159;
0.353915;8.8016;
0.353918;8.80162;
0.353923;8.80166;
0.353933;8.80173;
0.353953;8.80187;
0.353973;8.80202;
0.353993;8.80216;
0.354013;8.80231;
0.354033;8.80245;
0.354053;8.80259;
0.354073;8.80274;
0.354093;8.80288;
0.354113;8.80303;
0.354133;8.80317;
0.354153;8.80332;
0.354173;8.80346;
0.354193;8.8036;
0.354213;8.80375;
0.354233;8.80389;
0.354253;8.80404;
0.354273;8.80418;
0.354293;8.80433;
0.354313;8.80447;
0.354333;8.80462;
0.354353;8.80476;
0.354373;8.80491;
0.354393;8.80505;
0.354413;8.8052;
0.354433;8.80535;
0.354453;8.80549;
0.354473;8.80564;
0.354493;8.80578;
0.354513;8.80593;
0.354533;8.80607;
0.354553;8.80622;
0.354573;8.80637;
0.354578;8.8064;
0.35458;8.80641;
0.354584;8.80644;
0.354592;8.8065;
0.354608;8.80662;
0.354628;8.80677;
0.354648;8.80691;
0.354666;8.80704;
0.354684;8.80718;
0.354704;8.80732;
0.354724;8.80747;
0.354744;8.80762;
0.354764;8.80776;
0.354784;8.80791;
0.354804;8.80806;
0.354824;8.8082;
0.354844;8.80835;
0.354864;8.8085;
0.354884;8.80865;
0.354904;8.80879;
0.354924;8.80894;
0.354944;8.80909;
0.354964;8.80924;
0.354984;8.80938;
0.355004;8.80953;
0.355024;8.80968;
0.355044;8.80983;
0.355064;8.80997;
0.355084;8.81012;
0.355104;8.81027;
0.355124;8.81042;
0.355144;8.81057;
0.355164;8.81071;
0.355184;8.81086;
0.355204;8.81101;
0.355224;8.81116;
0.355244;8.81131;
0.355245;8.81131;
0.355245;8.81131;
0.355245;8.81132;
0.355246;8.81132;
0.355246;8.81132;
0.355246;8.81132;
0.355246;8.81132;
0.355247;8.81133;
0.355247;8.81133;
0.355248;8.81134;
0.355251;8.81136;
0.355256;8.8114;
0.355266;8.81147;
0.355286;8.81162;
0.355306;8.81177;
0.355326;8.81192;
0.355346;8.81207;
0.355366;8.81222;
0.355386;8.81237;
0.355406;8.81251;
0.355426;8.81266;
0.355446;8.81281;
0.355466;8.81296;
0.355486;8.81311;
0.355506;8.81326;
0.355526;8.81341;
0.355546;8.81356;
0.355566;8.81371;
0.355586;8.81386;
0.355606;8.81401;
0.355626;8.81416;
0.355646;8.81431;
0.355666;8.81446;
0.355686;8.81461;
0.355706;8.81476;
0.355726;8.81491;
0.355746;8.81506;
0.355766;8.81521;
0.355786;8.81536;
0.355806;8.81551;
0.355826;8.81566;
0.355846;8.81581;
0.355866;8.81596;
0.355886;8.81612;
0.355906;8.81627;
0.355911;8.8163;
0.355911;8.8163;
0.355911;8.8163;
0.355912;8.81631;
0.355912;8.81631;
0.355912;8.81631;
0.355912;8.81631;
0.355913;8.81631;
0.355913;8.81632;
0.355914;8.81633;
0.355917;8.81635;
0.355922;8.81639;
0.355932;8.81646;
0.355947;8.81657;
0.355964;8.8167;
0.355982;8.81684;
0.356002;8.81699;
0.356017;8.81711;
0.356034;8.81723;
0.356052;8.81736;
0.356072;8.81752;
0.356092;8.81767;
0.356112;8.81782;
0.356132;8.81797;
0.356152;8.81812;
0.356172;8.81827;
0.356192;8.81843;
0.356212;8.81858;
0.356232;8.81873;
0.356252;8.81888;
0.356272;8.81903;
0.356292;8.81919;
0.356312;8.81934;
0.356332;8.81949;
0.356352;8.81964;
0.356372;8.8198;
0.356392;8.81995;
0.356412;8.8201;
0.356432;8.82026;
0.356452;8.82041;
0.356472;8.82056;
0.356492;8.82071;
0.356512;8.82087;
0.356532;8.82102;
0.356552;8.82117;
0.356572;8.82133;
0.356578;8.82138;
0.356578;8.82138;
0.356578;8.82138;
0.356579;8.82138;
0.356579;8.82138;
0.356579;8.82138;
0.356579;8.82138;
0.35658;8.82139;
0.35658;8.82139;
0.356581;8.8214;
0.356584;8.82142;
0.356589;8.82146;
0.356599;8.82154;
0.356619;8.82169;
0.356639;8.82185;
0.356659;8.822;
0.356679;8.82215;
0.356699;8.82231;
0.356719;8.82246;
0.356739;8.82261;
0.356759;8.82277;
0.356779;8.82292;
0.356799;8.82308;
0.356819;8.82323;
0.356839;8.82338;
0.356859;8.82354;
0.356879;8.82369;
0.356899;8.82385;
0.356919;8.824;
0.356939;8.82416;
0.356959;8.82431;
0.356979;8.82447;
0.356999;8.82462;
0.357019;8.82478;
0.357039;8.82493;
0.357059;8.82509;
0.357079;8.82524;
0.357099;8.8254;
0.357119;8.82555;
0.357139;8.82571;
0.357159;8.82586;
0.357179;8.82602;
0.357199;8.82617;
0.357219;8.82633;
0.357239;8.82648;
0.357244;8.82652;
0.357246;8.82653;
0.35725;8.82657;
0.357258;8.82663;
0.357266;8.82669;
0.357273;8.82674;
0.35728;8.82677;
0.357287;8.82682;
0.357294;8.82686;
0.357309;8.82696;
0.357322;8.82703;
0.357336;8.82712;
0.357356;8.82724;
0.357376;8.82736;
0.357396;8.82749;
0.357416;8.82761;
0.357436;8.82773;
0.357456;8.82786;
0.357476;8.82798;
0.357496;8.8281;
0.357516;8.82823;
0.357536;8.82835;
0.357556;8.82847;
0.357576;8.8286;
0.357596;8.82872;
0.357616;8.82884;
0.357636;8.82897;
0.357656;8.82909;
0.357676;8.82922;
0.357696;8.82934;
0.357716;8.82946;
0.357736;8.82959;
0.357756;8.82971;
0.357776;8.82984;
0.357796;8.82996;
0.357816;8.83009;
0.357836;8.83021;
0.357856;8.83034;
0.357876;8.83046;
0.357896;8.83059;
0.357911;8.83068;
0.357911;8.83068;
0.357911;8.83068;
0.357912;8.83069;
0.357912;8.83069;
0.357912;8.83069;
0.357912;8.83069;
0.357913;8.83069;
0.357913;8.8307;
0.357914;8.8307;
0.357917;8.83072;
0.357922;8.83075;
0.357932;8.83082;
0.357952;8.83094;
0.357972;8.83107;
0.357992;8.83119;
0.358012;8.83132;
0.358032;8.83144;
0.358052;8.83157;
0.358072;8.8317;
0.358092;8.83182;
0.358112;8.83195;
0.358132;8.83207;
0.358152;8.8322;
0.358172;8.83233;
0.358192;8.83245;
0.358212;8.83258;
0.358232;8.83271;
0.358252;8.83283;
0.358272;8.83296;
0.358292;8.83309;
0.358312;8.83321;
0.358332;8.83334;
0.358352;8.83347;
0.358372;8.83359;
0.358392;8.83372;
0.358412;8.83385;
0.358432;8.83398;
0.358452;8.8341;
0.358472;8.83423;
0.358492;8.83436;
0.358512;8.83449;
0.358532;8.83461;
0.358552;8.83474;
0.358572;8.83487;
0.358577;8.8349;
0.358577;8.8349;
0.358577;8.8349;
0.358578;8.8349;
0.358578;8.8349;
0.358578;8.83491;
0.358578;8.83491;
0.358579;8.83491;
0.358579;8.83491;
0.35858;8.83492;
0.358583;8.83494;
0.358588;8.83497;
0.358598;8.83504;
0.358618;8.83516;
0.358638;8.83529;
0.358658;8.83542;
0.358678;8.83555;
0.358698;8.83568;
0.358718;8.8358;
0.358738;8.83593;
0.358758;8.83606;
0.358778;8.83619;
0.358798;8.83632;
0.358818;8.83645;
0.358838;8.83658;
0.358858;8.83671;
0.358878;8.83683;
0.358898;8.83696;
0.358918;8.83709;
0.358938;8.83722;
0.358958;8.83735;
0.358978;8.83748;
0.358998;8.83761;
0.359018;8.83774;
0.359038;8.83787;
0.359058;8.838;
0.359078;8.83813;
0.359098;8.83826;
0.359118;8.83839;
0.359138;8.83852;
0.359158;8.83865;
0.359178;8.83878;
0.359198;8.83891;
0.359218;8.83904;
0.359238;8.83917;
0.359244;8.83921;
0.359244;8.83921;
0.359244;8.83921;
0.359245;8.83922;
0.359245;8.83922;
0.359245;8.83922;
0.359245;8.83922;
0.359246;8.83922;
0.359246;8.83923;
0.359247;8.83924;
0.35925;8.83925;
0.359255;8.83929;
0.359265;8.83935;
0.359285;8.83948;
0.359305;8.83961;
0.359325;8.83975;
0.359345;8.83988;
0.359365;8.84001;
0.359385;8.84014;
0.359405;8.84027;
0.359425;8.8404;
0.359445;8.84053;
0.359465;8.84066;
0.359485;8.8408;
0.359505;8.84093;
0.359525;8.84106;
0.359545;8.84119;
0.359565;8.84132;
0.359585;8.84146;
0.359605;8.84159;
0.359625;8.84172;
0.359645;8.84185;
0.359665;8.84199;
0.359685;8.84212;
0.359705;8.84225;
0.359725;8.84238;
0.359745;8.84252;
0.359765;8.84265;
0.359785;8.84278;
0.359805;8.84291;
0.359825;8.84305;
0.359845;8.84318;
0.359865;8.84331;
0.359885;8.84345;
0.359905;8.84358;
0.35991;8.84361;
0.359912;8.84362;
0.359916;8.84365;
0.359924;8.8437;
0.35994;8.84381;
0.35996;8.84394;
0.35998;8.84408;
0.36;8.84421;
0.36002;8.84435;
0.36004;8.84448;
0.36006;8.84461;
0.36008;8.84475;
0.3601;8.84488;
0.36012;8.84502;
0.36014;8.84515;
0.36016;8.84528;
0.36018;8.84542;
0.3602;8.84555;
0.36022;8.84569;
0.36024;8.84582;
0.36026;8.84596;
0.36028;8.84609;
0.3603;8.84623;
0.36032;8.84636;
0.36034;8.8465;
0.36036;8.84663;
0.36038;8.84677;
0.3604;8.8469;
0.36042;8.84704;
0.36044;8.84717;
0.36046;8.84731;
0.36048;8.84745;
0.3605;8.84758;
0.36052;8.84772;
0.36054;8.84785;
0.36056;8.84799;
0.360577;8.8481;
0.360577;8.8481;
0.360577;8.84811;
0.360578;8.84811;
0.360578;8.84811;
0.360578;8.84811;
0.360578;8.84811;
0.360579;8.84811;
0.360579;8.84812;
0.36058;8.84813;
0.360583;8.84815;
0.360588;8.84818;
0.360598;8.84825;
0.360618;8.84839;
0.360638;8.84852;
0.360658;8.84866;
0.360678;8.84879;
0.360698;8.84893;
0.360718;8.84907;
0.360738;8.8492;
0.360758;8.84934;
0.360778;8.84948;
0.360798;8.84961;
0.360818;8.84975;
0.360838;8.84989;
0.360858;8.85003;
0.360878;8.85016;
0.360898;8.8503;
0.360918;8.85044;
0.360938;8.85058;
0.360958;8.85071;
0.360978;8.85085;
0.360998;8.85099;
0.361018;8.85113;
0.361038;8.85126;
0.361058;8.8514;
0.361078;8.85154;
0.361098;8.85168;
0.361118;8.85182;
0.361138;8.85195;
0.361158;8.85209;
0.361178;8.85223;
0.361198;8.85237;
0.361218;8.85251;
0.361238;8.85265;
0.361243;8.85268;
0.361243;8.85268;
0.361243;8.85268;
0.361244;8.85268;
0.361244;8.85268;
0.361244;8.85268;
0.361244;8.85269;
0.361245;8.85269;
0.361245;8.85269;
0.361246;8.8527;
0.361249;8.85272;
0.361254;8.85275;
0.361264;8.85283;
0.361284;8.85296;
0.361304;8.8531;
0.361324;8.85324;
0.361344;8.85338;
0.361363;8.85351;
0.361383;8.85365;
0.361403;8.85379;
0.361423;8.85393;
0.361443;8.85407;
0.361463;8.85421;
0.361483;8.85435;
0.361503;8.85448;
0.361523;8.85462;
0.361543;8.85476;
0.361563;8.8549;
0.361583;8.85504;
0.361603;8.85518;
0.361623;8.85532;
0.361643;8.85546;
0.361663;8.8556;
0.361683;8.85574;
0.361703;8.85588;
0.361723;8.85602;
0.361743;8.85616;
0.361763;8.85631;
0.361783;8.85645;
0.361803;8.85659;
0.361823;8.85673;
0.361843;8.85687;
0.361863;8.85701;
0.361883;8.85715;
0.361903;8.85729;
0.36191;8.85734;
0.36191;8.85734;
0.36191;8.85734;
0.361911;8.85735;
0.361911;8.85735;
0.361911;8.85735;
0.361911;8.85735;
0.361912;8.85735;
0.361912;8.85736;
0.361913;8.85737;
0.361916;8.85738;
0.361921;8.85742;
0.361931;8.85749;
0.361951;8.85763;
0.361971;8.85777;
0.361991;8.85792;
0.362011;8.85806;
0.362031;8.8582;
0.362051;8.85834;
0.362071;8.85848;
0.362091;8.85862;
0.362111;8.85877;
0.362131;8.85891;
0.362151;8.85905;
0.362171;8.85919;
0.362191;8.85933;
0.362211;8.85948;
0.362231;8.85962;
0.362251;8.85976;
0.362271;8.8599;
0.362291;8.86004;
0.362311;8.86019;
0.362331;8.86033;
0.362351;8.86047;
0.362371;8.86062;
0.362391;8.86076;
0.362411;8.8609;
0.362431;8.86104;
0.362451;8.86119;
0.362471;8.86133;
0.362491;8.86147;
0.362511;8.86162;
0.362531;8.86176;
0.362551;8.8619;
0.362571;8.86205;
0.362576;8.86208;
0.362578;8.86209;
0.362582;8.86212;
0.36259;8.86218;
0.362606;8.86229;
0.362617;8.86238;
0.362629;8.86246;
0.362644;8.86257;
0.362659;8.86267;
0.362679;8.86282;
0.362698;8.86295;
0.362718;8.8631;
0.362738;8.86324;
0.362758;8.86339;
0.362778;8.86353;
0.362798;8.86367;
0.362818;8.86382;
0.362838;8.86396;
0.362858;8.86411;
0.362878;8.86425;
0.362898;8.8644;
0.362918;8.86454;
0.362938;8.86469;
0.362958;8.86483;
0.362978;8.86498;
0.362998;8.86512;
0.363018;8.86527;
0.363038;8.86541;
0.363058;8.86556;
0.363078;8.8657;
0.363098;8.86585;
0.363118;8.86599;
0.363138;8.86614;
0.363158;8.86628;
0.363178;8.86643;
0.363198;8.86657;
0.363218;8.86672;
0.363238;8.86687;
0.363243;8.86691;
0.363243;8.86691;
0.363243;8.86691;
0.363244;8.86691;
0.363244;8.86691;
0.363244;8.86691;
0.363244;8.86691;
0.363245;8.86692;
0.363245;8.86692;
0.363246;8.86693;
0.363249;8.86695;
0.363254;8.86699;
0.363264;8.86706;
0.363284;8.86721;
0.363304;8.86735;
0.363324;8.8675;
0.363344;8.86765;
0.363364;8.86779;
0.363384;8.86794;
0.363404;8.86809;
0.363424;8.86823;
0.363444;8.86838;
0.363464;8.86852;
0.363484;8.86867;
0.363504;8.86882;
0.363524;8.86897;
0.363544;8.86911;
0.363564;8.86926;
0.363584;8.86941;
0.363604;8.86955;
0.363624;8.8697;
0.363644;8.86985;
0.363664;8.86999;
0.363684;8.87014;
0.363704;8.87029;
0.363724;8.87044;
0.363744;8.87058;
0.363764;8.87073;
0.363784;8.87088;
0.363804;8.87103;
0.363824;8.87118;
0.363844;8.87132;
0.363864;8.87147;
0.363884;8.87162;
0.363904;8.87177;
0.363909;8.8718;
0.363909;8.8718;
0.363909;8.8718;
0.36391;8.87181;
0.36391;8.87181;
0.36391;8.87181;
0.36391;8.87181;
0.363911;8.87181;
0.363911;8.87182;
0.363912;8.87183;
0.363915;8.87185;
0.36392;8.87188;
0.363926;8.87193;
0.36393;8.87195;
0.363933;8.87197;
0.363937;8.87199;
0.363941;8.87201;
0.363946;8.87204;
0.363957;8.87209;
0.363975;8.87219;
0.363991;8.87227;
0.364008;8.87236;
0.364026;8.87245;
0.364046;8.87256;
0.364066;8.87266;
0.364086;8.87277;
0.364106;8.87287;
0.364126;8.87298;
0.364146;8.87308;
0.364166;8.87319;
0.364186;8.87329;
0.364206;8.8734;
0.364226;8.87351;
0.364246;8.87361;
0.364266;8.87372;
0.364286;8.87382;
0.364306;8.87393;
0.364326;8.87404;
0.364346;8.87414;
0.364366;8.87425;
0.364386;8.87435;
0.364406;8.87446;
0.364426;8.87457;
0.364446;8.87467;
0.364466;8.87478;
0.364486;8.87489;
0.364506;8.87499;
0.364526;8.8751;
0.364546;8.87521;
0.364566;8.87532;
0.364576;8.87537;
0.364576;8.87537;
0.364576;8.87537;
0.364577;8.87538;
0.364577;8.87538;
0.364577;8.87538;
0.364577;8.87538;
0.364578;8.87538;
0.364578;8.87538;
0.364579;8.87539;
0.364582;8.8754;
0.364587;8.87543;
0.364597;8.87549;
0.364617;8.87559;
0.364637;8.8757;
0.364657;8.87581;
0.364677;8.87592;
0.364697;8.87603;
0.364717;8.87613;
0.364737;8.87624;
0.364757;8.87635;
0.364777;8.87646;
0.364797;8.87657;
0.364817;8.87667;
0.364837;8.87678;
0.364857;8.87689;
0.364877;8.877;
0.364897;8.87711;
0.364917;8.87722;
0.364937;8.87733;
0.364957;8.87744;
0.364977;8.87754;
0.364997;8.87765;
0.365017;8.87776;
0.365037;8.87787;
0.365057;8.87798;
0.365077;8.87809;
0.365097;8.8782;
0.365117;8.87831;
0.365137;8.87842;
0.365157;8.87853;
0.365177;8.87864;
0.365197;8.87875;
0.365217;8.87886;
0.365237;8.87897;
0.365242;8.879;
0.365244;8.87901;
0.365248;8.87903;
0.365256;8.87907;
0.365272;8.87916;
0.365292;8.87927;
0.365312;8.87938;
0.365332;8.8795;
0.365352;8.87961;
0.365372;8.87972;
0.365392;8.87983;
0.365412;8.87994;
0.365432;8.88005;
0.365452;8.88016;
0.365472;8.88027;
0.365492;8.88038;
0.365512;8.8805;
0.365532;8.88061;
0.365552;8.88072;
0.365572;8.88083;
0.365592;8.88094;
0.365612;8.88106;
0.365632;8.88117;
0.365652;8.88128;
0.365672;8.88139;
0.365692;8.8815;
0.365712;8.88162;
0.365732;8.88173;
0.365752;8.88184;
0.365772;8.88195;
0.365792;8.88207;
0.365812;8.88218;
0.365832;8.88229;
0.365852;8.88241;
0.365872;8.88252;
0.365892;8.88263;
0.365909;8.88273;
0.365909;8.88273;
0.365909;8.88273;
0.36591;8.88273;
0.36591;8.88273;
0.36591;8.88274;
0.36591;8.88274;
0.365911;8.88274;
0.365911;8.88274;
0.365912;8.88275;
0.365915;8.88276;
0.36592;8.88279;
0.36593;8.88285;
0.36595;8.88296;
0.36597;8.88308;
0.36599;8.88319;
0.36601;8.8833;
0.36603;8.88342;
0.36605;8.88353;
0.36607;8.88365;
0.36609;8.88376;
0.36611;8.88388;
0.36613;8.88399;
0.36615;8.8841;
0.36617;8.88422;
0.36619;8.88433;
0.36621;8.88445;
0.36623;8.88456;
0.36625;8.88468;
0.36627;8.88479;
0.36629;8.88491;
0.36631;8.88502;
0.36633;8.88514;
0.36635;8.88525;
0.36637;8.88537;
0.36639;8.88548;
0.36641;8.8856;
0.36643;8.88571;
0.36645;8.88583;
0.36647;8.88595;
0.36649;8.88606;
0.36651;8.88618;
0.36653;8.88629;
0.36655;8.88641;
0.36657;8.88653;
0.366575;8.88655;
0.366575;8.88655;
0.366575;8.88655;
0.366576;8.88656;
0.366576;8.88656;
0.366576;8.88656;
0.366576;8.88656;
0.366577;8.88656;
0.366577;8.88657;
0.366578;8.88657;
0.366581;8.88659;
0.366586;8.88662;
0.366596;8.88668;
0.366616;8.88679;
0.366636;8.88691;
0.366655;8.88702;
0.366675;8.88714;
0.366695;8.88725;
0.366715;8.88737;
0.366735;8.88749;
0.366755;8.8876;
0.366775;8.88772;
0.366795;8.88784;
0.366815;8.88796;
0.366835;8.88807;
0.366855;8.88819;
0.366875;8.88831;
0.366895;8.88843;
0.366915;8.88854;
0.366935;8.88866;
0.366955;8.88878;
0.366975;8.8889;
0.366995;8.88902;
0.367015;8.88913;
0.367035;8.88925;
0.367055;8.88937;
0.367075;8.88949;
0.367095;8.88961;
0.367115;8.88973;
0.367135;8.88984;
0.367155;8.88996;
0.367175;8.89008;
0.367195;8.8902;
0.367215;8.89032;
0.367235;8.89044;
0.367242;8.89048;
0.367242;8.89048;
0.367242;8.89048;
0.367243;8.89048;
0.367243;8.89048;
0.367243;8.89049;
0.367243;8.89049;
0.367244;8.89049;
0.367244;8.89049;
0.367245;8.8905;
0.367248;8.89051;
0.367253;8.89055;
0.367263;8.89061;
0.367283;8.89073;
0.367303;8.89085;
0.367323;8.89096;
0.367343;8.89108;
0.367363;8.8912;
0.367383;8.89132;
0.367403;8.89144;
0.367423;8.89156;
0.367443;8.89168;
0.367463;8.8918;
0.367483;8.89192;
0.367503;8.89204;
0.367523;8.89216;
0.367543;8.89228;
0.367563;8.8924;
0.367583;8.89252;
0.367603;8.89265;
0.367623;8.89277;
0.367643;8.89289;
0.367663;8.89301;
0.367683;8.89313;
0.367703;8.89325;
0.367723;8.89337;
0.367743;8.89349;
0.367763;8.89361;
0.367783;8.89373;
0.367803;8.89386;
0.367823;8.89398;
0.367843;8.8941;
0.367863;8.89422;
0.367883;8.89434;
0.367903;8.89446;
0.367908;8.89449;
0.36791;8.8945;
0.367914;8.89453;
0.367922;8.89458;
0.367938;8.89468;
0.367958;8.8948;
0.367978;8.89492;
0.367998;8.89504;
0.368018;8.89516;
0.368038;8.89529;
0.368058;8.89541;
0.368078;8.89553;
0.368098;8.89565;
0.368118;8.89578;
0.368138;8.8959;
0.368158;8.89602;
0.368178;8.89615;
0.368198;8.89627;
0.368218;8.89639;
0.368238;8.89652;
0.368258;8.89664;
0.368278;8.89676;
0.368298;8.89689;
0.368318;8.89701;
0.368338;8.89713;
0.368358;8.89726;
0.368378;8.89738;
0.368398;8.8975;
0.368418;8.89763;
0.368438;8.89775;
0.368458;8.89788;
0.368478;8.898;
0.368498;8.89812;
0.368518;8.89825;
0.368538;8.89837;
0.368558;8.8985;
0.368575;8.8986;
0.368575;8.8986;
0.368575;8.89861;
0.368576;8.89861;
0.368576;8.89861;
0.368576;8.89861;
0.368576;8.89861;
0.368577;8.89861;
0.368577;8.89862;
0.368578;8.89863;
0.368581;8.89864;
0.368586;8.89867;
0.368596;8.89874;
0.368616;8.89886;
0.368636;8.89899;
0.368656;8.89911;
0.368676;8.89924;
0.368696;8.89936;
0.368716;8.89949;
0.368736;8.89961;
0.368756;8.89974;
0.368776;8.89986;
0.368796;8.89999;
0.368816;8.90011;
0.368836;8.90024;
0.368856;8.90037;
0.368876;8.90049;
0.368896;8.90062;
0.368916;8.90074;
0.368936;8.90087;
0.368956;8.90099;
0.368976;8.90112;
0.368996;8.90125;
0.369016;8.90137;
0.369036;8.9015;
0.369056;8.90163;
0.369076;8.90175;
0.369096;8.90188;
0.369116;8.90201;
0.369136;8.90213;
0.369156;8.90226;
0.369176;8.90239;
0.369196;8.90251;
0.369216;8.90264;
0.369236;8.90277;
0.369241;8.9028;
0.369241;8.9028;
0.369241;8.9028;
0.369242;8.9028;
0.369242;8.9028;
0.369242;8.9028;
0.369242;8.90281;
0.369243;8.90281;
0.369243;8.90281;
0.369244;8.90282;
0.369247;8.90284;
0.369252;8.90287;
0.369262;8.90293;
0.369282;8.90306;
0.369302;8.90319;
0.369322;8.90332;
0.369342;8.90344;
0.369362;8.90357;
0.369382;8.9037;
0.369402;8.90383;
0.369422;8.90396;
0.369442;8.90408;
0.369462;8.90421;
0.369482;8.90434;
0.369502;8.90447;
0.369522;8.9046;
0.369542;8.90473;
0.369562;8.90485;
0.369582;8.90498;
0.369602;8.90511;
0.369622;8.90524;
0.369642;8.90537;
0.369662;8.9055;
0.369682;8.90563;
0.369702;8.90576;
0.369722;8.90588;
0.369742;8.90601;
0.369762;8.90614;
0.369782;8.90627;
0.369802;8.9064;
0.369822;8.90653;
0.369842;8.90666;
0.369862;8.90679;
0.369882;8.90692;
0.369902;8.90705;
0.369908;8.90709;
0.369908;8.90709;
0.369908;8.90709;
0.369909;8.90709;
0.369909;8.90709;
0.369909;8.90709;
0.369909;8.90709;
0.36991;8.9071;
0.36991;8.9071;
0.369911;8.90711;
0.369914;8.90713;
0.369919;8.90716;
0.369929;8.90722;
0.369949;8.90735;
0.369969;8.90749;
0.369989;8.90762;
0.370009;8.90775;
0.370029;8.90788;
0.370049;8.90801;
0.370069;8.90814;
0.370089;8.90827;
0.370109;8.9084;
0.370129;8.90853;
0.370149;8.90866;
0.370169;8.90879;
0.370189;8.90892;
0.370209;8.90905;
0.370229;8.90918;
0.370249;8.90931;
0.370269;8.90945;
0.370289;8.90958;
0.370309;8.90971;
0.370329;8.90984;
0.370349;8.90997;
0.370369;8.9101;
0.370389;8.91023;
0.370409;8.91037;
0.370429;8.9105;
0.370449;8.91063;
0.370469;8.91076;
0.370489;8.91089;
0.370509;8.91103;
0.370529;8.91116;
0.370549;8.91129;
0.370569;8.91142;
0.370574;8.91145;
0.370574;8.91145;
0.370574;8.91145;
0.370575;8.91146;
0.370575;8.91146;
0.370575;8.91146;
0.370575;8.91146;
0.370576;8.91146;
0.370576;8.91147;
0.370577;8.91148;
0.37058;8.91149;
0.370585;8.91153;
0.370595;8.91159;
0.37061;8.91169;
0.370625;8.91179;
0.37064;8.91189;
0.37066;8.91202;
0.370677;8.91214;
0.370696;8.91226;
0.370716;8.91239;
0.370736;8.91253;
0.370756;8.91266;
0.370776;8.91279;
0.370796;8.91292;
0.370816;8.91306;
0.370836;8.91319;
0.370856;8.91332;
0.370876;8.91346;
0.370896;8.91359;
0.370916;8.91372;
0.370936;8.91386;
0.370956;8.91399;
0.370976;8.91413;
0.370996;8.91426;
0.371016;8.91439;
0.371036;8.91453;
0.371056;8.91466;
0.371076;8.9148;
0.371096;8.91493;
0.371116;8.91507;
0.371136;8.9152;
0.371156;8.91533;
0.371176;8.91547;
0.371196;8.9156;
0.371216;8.91574;
0.371236;8.91587;
0.371241;8.91591;
0.371241;8.91591;
0.371241;8.91591;
0.371242;8.91591;
0.371242;8.91592;
0.371242;8.91592;
0.371242;8.91592;
0.371243;8.91592;
0.371243;8.91592;
0.371244;8.91593;
0.371247;8.91595;
0.371252;8.91598;
0.371262;8.91605;
0.371282;8.91619;
0.371302;8.91632;
0.371322;8.91646;
0.371342;8.91659;
0.371362;8.91673;
0.371382;8.91686;
0.371402;8.917;
0.371422;8.91713;
0.371442;8.91727;
0.371462;8.91741;
0.371482;8.91754;
0.371502;8.91768;
0.371522;8.91781;
0.371542;8.91795;
0.371562;8.91808;
0.371582;8.91822;
0.371602;8.91836;
0.371622;8.91849;
0.371642;8.91863;
0.371662;8.91877;
0.371682;8.9189;
0.371702;8.91904;
0.371722;8.91918;
0.371742;8.91931;
0.371762;8.91945;
0.371782;8.91959;
0.371802;8.91972;
0.371822;8.91986;
0.371842;8.92;
0.371862;8.92013;
0.371882;8.92027;
0.371902;8.92041;
0.371907;8.92044;
0.371907;8.92044;
0.371907;8.92044;
0.371908;8.92044;
0.371908;8.92045;
0.371908;8.92045;
0.371908;8.92045;
0.371909;8.92045;
0.371909;8.92045;
0.37191;8.92046;
0.371913;8.92048;
0.371918;8.92052;
0.371924;8.92056;
0.371928;8.92058;
0.371932;8.9206;
0.371937;8.92062;
0.371942;8.92065;
0.371947;8.92067;
0.371958;8.92073;
0.371975;8.92081;
0.371991;8.92089;
0.372008;8.92097;
0.372025;8.92105;
0.372045;8.92115;
0.372065;8.92124;
0.372085;8.92134;
0.372105;8.92144;
0.372125;8.92153;
0.372145;8.92163;
0.372165;8.92173;
0.372185;8.92183;
0.372205;8.92192;
0.372225;8.92202;
0.372245;8.92212;
0.372265;8.92222;
0.372285;8.92231;
0.372305;8.92241;
0.372325;8.92251;
0.372345;8.92261;
0.372365;8.92271;
0.372385;8.92281;
0.372405;8.9229;
0.372425;8.923;
0.372445;8.9231;
0.372465;8.9232;
0.372485;8.9233;
0.372505;8.9234;
0.372525;8.9235;
0.372545;8.9236;
0.372565;8.9237;
0.372574;8.92374;
0.372574;8.92374;
0.372574;8.92374;
0.372575;8.92374;
0.372575;8.92375;
0.372575;8.92375;
0.372575;8.92375;
0.372576;8.92375;
0.372576;8.92375;
0.372577;8.92376;
0.37258;8.92377;
0.372585;8.9238;
0.372595;8.92385;
0.372615;8.92395;
0.372635;8.92405;
0.372655;8.92415;
0.372675;8.92425;
0.372695;8.92435;
0.372715;8.92445;
0.372735;8.92455;
0.372755;8.92465;
0.372775;8.92475;
0.372795;8.92485;
0.372815;8.92495;
0.372835;8.92505;
0.372855;8.92515;
0.372875;8.92525;
0.372895;8.92535;
0.372915;8.92545;
0.372935;8.92555;
0.372955;8.92565;
0.372975;8.92575;
0.372995;8.92585;
0.373015;8.92596;
0.373035;8.92606;
0.373055;8.92616;
0.373075;8.92626;
0.373095;8.92636;
0.373115;8.92646;
0.373135;8.92657;
0.373155;8.92667;
0.373175;8.92677;
0.373195;8.92687;
0.373215;8.92697;
0.373235;8.92708;
0.37324;8.9271;
0.37324;8.9271;
0.37324;8.9271;
0.373241;8.9271;
0.373241;8.92711;
0.373241;8.92711;
0.373241;8.92711;
0.373242;8.92711;
0.373242;8.92711;
0.373243;8.92712;
0.373246;8.92713;
0.373251;8.92716;
0.373261;8.92721;
0.373281;8.92731;
0.373301;8.92741;
0.373321;8.92752;
0.373341;8.92762;
0.373361;8.92772;
0.373381;8.92783;
0.373401;8.92793;
0.373421;8.92803;
0.373441;8.92814;
0.373461;8.92824;
0.373481;8.92834;
0.373501;8.92845;
0.373521;8.92855;
0.373541;8.92865;
0.373561;8.92876;
0.373581;8.92886;
0.373601;8.92897;
0.373621;8.92907;
0.373641;8.92917;
0.373661;8.92928;
0.373681;8.92938;
0.373701;8.92949;
0.373721;8.92959;
0.373741;8.9297;
0.373761;8.9298;
0.373781;8.92991;
0.373801;8.93001;
0.373821;8.93012;
0.373841;8.93022;
0.373861;8.93033;
0.373881;8.93043;
0.373901;8.93054;
0.373907;8.93057;
0.373907;8.93057;
0.373907;8.93057;
0.373908;8.93057;
0.373908;8.93057;
0.373908;8.93057;
0.373908;8.93057;
0.373909;8.93057;
0.373909;8.93058;
0.37391;8.93058;
0.373913;8.9306;
0.373918;8.93063;
0.373928;8.93068;
0.373948;8.93078;
0.373968;8.93089;
0.373988;8.931;
0.374008;8.9311;
0.374028;8.93121;
0.374048;8.93131;
0.374068;8.93142;
0.374088;8.93153;
0.374108;8.93163;
0.374128;8.93174;
0.374148;8.93185;
0.374168;8.93195;
0.374188;8.93206;
0.374208;8.93217;
0.374228;8.93227;
0.374248;8.93238;
0.374268;8.93249;
0.374288;8.93259;
0.374308;8.9327;
0.374328;8.93281;
0.374348;8.93292;
0.374368;8.93302;
0.374388;8.93313;
0.374408;8.93324;
0.374428;8.93335;
0.374448;8.93345;
0.374468;8.93356;
0.374488;8.93367;
0.374508;8.93378;
0.374528;8.93389;
0.374548;8.93399;
0.374568;8.9341;
0.374573;8.93413;
0.374573;8.93413;
0.374573;8.93413;
0.374574;8.93413;
0.374574;8.93413;
0.374574;8.93413;
0.374574;8.93413;
0.374575;8.93414;
0.374575;8.93414;
0.374576;8.93415;
0.374579;8.93416;
0.374584;8.93419;
0.374594;8.93424;
0.374614;8.93435;
0.374634;8.93446;
0.374654;8.93457;
0.374674;8.93468;
0.374694;8.93479;
0.374714;8.9349;
0.374734;8.935;
0.374754;8.93511;
0.374774;8.93522;
0.374794;8.93533;
0.374814;8.93544;
0.374834;8.93555;
0.374854;8.93566;
0.374874;8.93577;
0.374894;8.93588;
0.374914;8.93599;
0.374934;8.9361;
0.374954;8.93621;
0.374974;8.93632;
0.374994;8.93643;
0.375014;8.93654;
0.375034;8.93665;
0.375054;8.93676;
0.375074;8.93687;
0.375094;8.93698;
0.375114;8.93709;
0.375134;8.9372;
0.375154;8.93731;
0.375174;8.93742;
0.375194;8.93754;
0.375214;8.93765;
0.375234;8.93776;
0.37524;8.93779;
0.37524;8.93779;
0.37524;8.93779;
0.375241;8.93779;
0.375241;8.93779;
0.375241;8.9378;
0.375241;8.9378;
0.375242;8.9378;
0.375242;8.9378;
0.375243;8.93781;
0.375246;8.93782;
0.375251;8.93785;
0.375261;8.93791;
0.375281;8.93802;
0.375301;8.93813;
0.375321;8.93824;
0.375341;8.93835;
0.375361;8.93847;
0.375381;8.93858;
0.375401;8.93869;
0.375421;8.9388;
0.375441;8.93891;
0.375461;8.93903;
0.375481;8.93914;
0.375501;8.93925;
0.375521;8.93936;
0.375541;8.93948;
0.375561;8.93959;
0.375581;8.9397;
0.375601;8.93981;
0.375621;8.93993;
0.375641;8.94004;
0.375661;8.94015;
0.375681;8.94027;
0.375701;8.94038;
0.375721;8.94049;
0.375741;8.94061;
0.375761;8.94072;
0.375781;8.94083;
0.375801;8.94095;
0.375821;8.94106;
0.375841;8.94117;
0.375861;8.94129;
0.375881;8.9414;
0.375901;8.94152;
0.375906;8.94154;
0.375906;8.94154;
0.375906;8.94154;
0.375907;8.94155;
0.375907;8.94155;
0.375907;8.94155;
0.375907;8.94155;
0.375908;8.94155;
0.375908;8.94155;
0.375909;8.94156;
0.375912;8.94158;
0.375917;8.9416;
0.375927;8.94166;
0.375947;8.94178;
0.375967;8.94189;
0.375987;8.94201;
0.376007;8.94212;
0.376027;8.94223;
0.376047;8.94235;
0.376067;8.94246;
0.376087;8.94257;
0.376107;8.94269;
0.376127;8.9428;
0.376147;8.94292;
0.376167;8.94303;
0.376187;8.94315;
0.376207;8.94327;
0.376227;8.94338;
0.376247;8.9435;
0.376267;8.94361;
0.376287;8.94373;
0.376307;8.94384;
0.376327;8.94396;
0.376347;8.94407;
0.376367;8.94419;
0.376387;8.94431;
0.376407;8.94442;
0.376427;8.94454;
0.376447;8.94466;
0.376467;8.94477;
0.376487;8.94489;
0.376507;8.945;
0.376527;8.94512;
0.376547;8.94524;
0.376567;8.94535;
0.376573;8.94539;
0.376573;8.94539;
0.376573;8.94539;
0.376574;8.9454;
0.376574;8.9454;
0.376574;8.9454;
0.376574;8.9454;
0.376575;8.9454;
0.376575;8.9454;
0.376576;8.94541;
0.376579;8.94543;
0.376584;8.94546;
0.376594;8.94552;
0.376614;8.94563;
0.376634;8.94575;
0.376654;8.94587;
0.376674;8.94598;
0.376694;8.9461;
0.376714;8.94622;
0.376734;8.94634;
0.376754;8.94645;
0.376774;8.94657;
0.376794;8.94669;
0.376814;8.94681;
0.376834;8.94693;
0.376854;8.94704;
0.376874;8.94716;
0.376894;8.94728;
0.376914;8.9474;
0.376934;8.94752;
0.376954;8.94763;
0.376974;8.94775;
0.376994;8.94787;
0.377014;8.94799;
0.377034;8.94811;
0.377054;8.94823;
0.377074;8.94835;
0.377094;8.94846;
0.377114;8.94858;
0.377134;8.9487;
0.377154;8.94882;
0.377174;8.94894;
0.377194;8.94906;
0.377214;8.94918;
0.377234;8.9493;
0.377239;8.94933;
0.377239;8.94933;
0.377239;8.94933;
0.37724;8.94933;
0.37724;8.94933;
0.37724;8.94933;
0.37724;8.94933;
0.377241;8.94934;
0.377241;8.94934;
0.377242;8.94935;
0.377245;8.94936;
0.37725;8.94939;
0.37726;8.94945;
0.37728;8.94957;
0.3773;8.94969;
0.37732;8.94981;
0.377337;8.94991;
0.377354;8.95001;
0.377374;8.95013;
0.377394;8.95025;
0.377414;8.95037;
0.377434;8.95049;
0.377454;8.95061;
0.377474;8.95073;
0.377494;8.95085;
0.377514;8.95097;
0.377534;8.9511;
0.377554;8.95122;
0.377574;8.95134;
0.377594;8.95146;
0.377614;8.95158;
0.377634;8.9517;
0.377654;8.95182;
0.377674;8.95194;
0.377694;8.95206;
0.377714;8.95218;
0.377734;8.95231;
0.377754;8.95243;
0.377774;8.95255;
0.377794;8.95267;
0.377814;8.95279;
0.377834;8.95291;
0.377854;8.95304;
0.377874;8.95316;
0.377894;8.95328;
0.377906;8.95336;
0.377906;8.95336;
0.377906;8.95336;
0.377907;8.95336;
0.377907;8.95336;
0.377907;8.95336;
0.377907;8.95336;
0.377908;8.95336;
0.377908;8.95337;
0.377909;8.95338;
0.377912;8.95339;
0.377917;8.95342;
0.377927;8.95349;
0.377947;8.95361;
0.377967;8.95373;
0.377987;8.95385;
0.378007;8.95398;
0.378027;8.9541;
0.378047;8.95422;
0.378067;8.95434;
0.378087;8.95447;
0.378107;8.95459;
0.378127;8.95471;
0.378147;8.95483;
0.378167;8.95496;
0.378187;8.95508;
0.378207;8.9552;
0.378227;8.95533;
0.378247;8.95545;
0.378267;8.95557;
0.378287;8.9557;
0.378307;8.95582;
0.378327;8.95595;
0.378347;8.95607;
0.378367;8.95619;
0.378387;8.95632;
0.378407;8.95644;
0.378427;8.95656;
0.378447;8.95669;
0.378467;8.95681;
0.378487;8.95694;
0.378507;8.95706;
0.378527;8.95719;
0.378547;8.95731;
0.378567;8.95744;
0.378572;8.95746;
0.378572;8.95746;
0.378572;8.95747;
0.378573;8.95747;
0.378573;8.95747;
0.378573;8.95747;
0.378573;8.95747;
0.378574;8.95747;
0.378574;8.95748;
0.378575;8.95749;
0.378578;8.9575;
0.378583;8.95753;
0.378593;8.9576;
0.378602;8.95765;
0.378611;8.9577;
0.37862;8.95774;
0.378628;8.95778;
0.378642;8.95786;
0.378656;8.95793;
0.378673;8.95802;
0.378693;8.95812;
0.378712;8.95822;
0.378732;8.95832;
0.378752;8.95842;
0.378772;8.95852;
0.378792;8.95863;
0.378812;8.95873;
0.378832;8.95883;
0.378852;8.95894;
0.378872;8.95904;
0.378892;8.95914;
0.378912;8.95925;
0.378932;8.95935;
0.378952;8.95946;
0.378972;8.95956;
0.378992;8.95966;
0.379012;8.95977;
0.379032;8.95987;
0.379052;8.95998;
0.379072;8.96008;
0.379092;8.96019;
0.379112;8.96029;
0.379132;8.9604;
0.379152;8.9605;
0.379172;8.96061;
0.379192;8.96071;
0.379212;8.96082;
0.379232;8.96092;
0.379239;8.96096;
0.379239;8.96096;
0.379239;8.96096;
0.37924;8.96096;
0.37924;8.96096;
0.37924;8.96097;
0.37924;8.96097;
0.379241;8.96097;
0.379241;8.96097;
0.379242;8.96098;
0.379245;8.96099;
0.37925;8.96102;
0.37926;8.96107;
0.37928;8.96118;
0.3793;8.96128;
0.37932;8.96139;
0.37934;8.96149;
0.37936;8.9616;
0.37938;8.96171;
0.3794;8.96181;
0.37942;8.96192;
0.37944;8.96202;
0.37946;8.96213;
0.37948;8.96224;
0.3795;8.96234;
0.37952;8.96245;
0.37954;8.96255;
0.37956;8.96266;
0.37958;8.96277;
0.3796;8.96287;
0.37962;8.96298;
0.37964;8.96309;
0.37966;8.9632;
0.37968;8.9633;
0.3797;8.96341;
0.37972;8.96352;
0.37974;8.96362;
0.37976;8.96373;
0.37978;8.96384;
0.3798;8.96395;
0.37982;8.96405;
0.37984;8.96416;
0.37986;8.96427;
0.37988;8.96438;
0.3799;8.96449;
0.379905;8.96451;
0.379905;8.96451;
0.379905;8.96451;
0.379906;8.96451;
0.379906;8.96452;
0.379906;8.96452;
0.379906;8.96452;
0.379907;8.96452;
0.379907;8.96452;
0.379908;8.96453;
0.379911;8.96454;
0.379916;8.96457;
0.379926;8.96463;
0.379946;8.96473;
0.379966;8.96484;
0.379986;8.96495;
0.380005;8.96505;
0.380025;8.96516;
0.380045;8.96527;
0.380065;8.96538;
0.380085;8.96548;
0.380105;8.96559;
0.380125;8.9657;
0.380145;8.96581;
0.380165;8.96592;
0.380185;8.96603;
0.380205;8.96614;
0.380225;8.96625;
0.380245;8.96636;
0.380265;8.96647;
0.380285;8.96658;
0.380305;8.96669;
0.380325;8.9668;
0.380345;8.96691;
0.380365;8.96702;
0.380385;8.96713;
0.380405;8.96724;
0.380425;8.96735;
0.380445;8.96746;
0.380465;8.96757;
0.380485;8.96768;
0.380505;8.96779;
0.380525;8.9679;
0.380545;8.96801;
0.380565;8.96812;
0.380572;8.96816;
0.380572;8.96816;
0.380572;8.96816;
0.380573;8.96817;
0.380573;8.96817;
0.380573;8.96817;
0.380573;8.96817;
0.380574;8.96817;
0.380574;8.96817;
0.380575;8.96818;
0.380578;8.9682;
0.380583;8.96822;
0.380593;8.96828;
0.380613;8.96839;
0.380633;8.9685;
0.380653;8.96861;
0.380673;8.96873;
0.380693;8.96884;
0.380713;8.96895;
0.380733;8.96906;
0.380753;8.96917;
0.380773;8.96928;
0.380793;8.96939;
0.380813;8.96951;
0.380833;8.96962;
0.380853;8.96973;
0.380873;8.96984;
0.380893;8.96995;
0.380913;8.97007;
0.380933;8.97018;
0.380953;8.97029;
0.380973;8.9704;
0.380993;8.97052;
0.381013;8.97063;
0.381033;8.97074;
0.381053;8.97086;
0.381073;8.97097;
0.381093;8.97108;
0.381113;8.97119;
0.381133;8.97131;
0.381153;8.97142;
0.381173;8.97153;
0.381193;8.97165;
0.381213;8.97176;
0.381233;8.97187;
0.381238;8.9719;
0.381238;8.9719;
0.381238;8.9719;
0.381239;8.9719;
0.381239;8.97191;
0.381239;8.97191;
0.381239;8.97191;
0.38124;8.97191;
0.38124;8.97191;
0.381241;8.97192;
0.381244;8.97193;
0.381249;8.97196;
0.381259;8.97202;
0.381279;8.97214;
0.381299;8.97225;
0.381319;8.97236;
0.381335;8.97245;
0.381352;8.97255;
0.381371;8.97266;
0.381391;8.97277;
0.381411;8.97289;
0.381431;8.973;
0.381451;8.97312;
0.381471;8.97323;
0.381491;8.97334;
0.381511;8.97346;
0.381531;8.97357;
0.381551;8.97369;
0.381571;8.9738;
0.381591;8.97392;
0.381611;8.97403;
0.381631;8.97415;
0.381651;8.97426;
0.381671;8.97438;
0.381691;8.9745;
0.381711;8.97461;
0.381731;8.97473;
0.381751;8.97484;
0.381771;8.97496;
0.381791;8.97507;
0.381811;8.97519;
0.381831;8.97531;
0.381851;8.97542;
0.381871;8.97554;
0.381891;8.97565;
0.381905;8.97573;
0.381905;8.97573;
0.381905;8.97574;
0.381906;8.97574;
0.381906;8.97574;
0.381906;8.97574;
0.381906;8.97574;
0.381907;8.97574;
0.381907;8.97575;
0.381908;8.97575;
0.381911;8.97577;
0.381916;8.9758;
0.381926;8.97586;
0.381946;8.97598;
0.381966;8.97609;
0.381986;8.97621;
0.382006;8.97633;
0.382026;8.97644;
0.382046;8.97656;
0.382066;8.97668;
0.382086;8.97679;
0.382106;8.97691;
0.382126;8.97703;
0.382146;8.97714;
0.382166;8.97726;
0.382186;8.97738;
0.382206;8.9775;
0.382226;8.97761;
0.382246;8.97773;
0.382266;8.97785;
0.382286;8.97797;
0.382306;8.97808;
0.382326;8.9782;
0.382346;8.97832;
0.382366;8.97844;
0.382386;8.97856;
0.382406;8.97867;
0.382426;8.97879;
0.382446;8.97891;
0.382466;8.97903;
0.382486;8.97915;
0.382506;8.97927;
0.382526;8.97939;
0.382546;8.9795;
0.382566;8.97962;
0.382571;8.97965;
0.382571;8.97965;
0.382571;8.97965;
0.382572;8.97965;
0.382572;8.97966;
0.382572;8.97966;
0.382572;8.97966;
0.382573;8.97966;
0.382573;8.97966;
0.382574;8.97967;
0.382577;8.97969;
0.382582;8.97972;
0.382592;8.97978;
0.382605;8.97985;
0.382616;8.97991;
0.382626;8.97997;
0.382637;8.98003;
0.382653;8.98011;
0.382667;8.98019;
0.382684;8.98028;
0.382704;8.98039;
0.382724;8.9805;
0.382744;8.98061;
0.382764;8.98072;
0.382784;8.98083;
0.382804;8.98094;
0.382824;8.98105;
0.382844;8.98116;
0.382864;8.98127;
0.382884;8.98138;
0.382904;8.98149;
0.382924;8.9816;
0.382944;8.98171;
0.382964;8.98182;
0.382984;8.98193;
0.383004;8.98204;
0.383024;8.98216;
0.383044;8.98227;
0.383064;8.98238;
0.383084;8.98249;
0.383104;8.9826;
0.383124;8.98271;
0.383144;8.98282;
0.383164;8.98293;
0.383184;8.98305;
0.383204;8.98316;
0.383224;8.98327;
0.383238;8.98335;
0.383238;8.98335;
0.383238;8.98335;
0.383239;8.98335;
0.383239;8.98335;
0.383239;8.98335;
0.383239;8.98336;
0.38324;8.98336;
0.38324;8.98336;
0.383241;8.98337;
0.383244;8.98338;
0.383249;8.98341;
0.383259;8.98347;
0.383279;8.98358;
0.383299;8.98369;
0.383319;8.9838;
0.383339;8.98392;
0.383359;8.98403;
0.383379;8.98414;
0.383399;8.98425;
0.383419;8.98437;
0.383439;8.98448;
0.383459;8.98459;
0.383479;8.9847;
0.383499;8.98482;
0.383519;8.98493;
0.383539;8.98504;
0.383559;8.98516;
0.383579;8.98527;
0.383599;8.98538;
0.383619;8.98549;
0.383639;8.98561;
0.383659;8.98572;
0.383679;8.98584;
0.383699;8.98595;
0.383719;8.98606;
0.383739;8.98618;
0.383759;8.98629;
0.383779;8.9864;
0.383799;8.98652;
0.383819;8.98663;
0.383839;8.98675;
0.383859;8.98686;
0.383879;8.98697;
0.383899;8.98709;
0.383904;8.98712;
0.383904;8.98712;
0.383904;8.98712;
0.383905;8.98712;
0.383905;8.98712;
0.383905;8.98712;
0.383905;8.98712;
0.383906;8.98712;
0.383906;8.98713;
0.383907;8.98713;
0.38391;8.98715;
0.383915;8.98718;
0.383925;8.98724;
0.38394;8.98732;
0.383956;8.98741;
0.383973;8.98751;
0.383993;8.98762;
0.384008;8.98771;
0.384025;8.98781;
0.384045;8.98792;
0.384065;8.98804;
0.384085;8.98815;
0.384105;8.98827;
0.384125;8.98838;
0.384145;8.9885;
0.384165;8.98861;
0.384185;8.98873;
0.384205;8.98884;
0.384225;8.98896;
0.384245;8.98908;
0.384265;8.98919;
0.384285;8.98931;
0.384305;8.98942;
0.384325;8.98954;
0.384345;8.98966;
0.384365;8.98977;
0.384385;8.98989;
0.384405;8.99;
0.384425;8.99012;
0.384445;8.99024;
0.384465;8.99035;
0.384485;8.99047;
0.384505;8.99059;
0.384525;8.9907;
0.384545;8.99082;
0.384565;8.99094;
0.384571;8.99098;
0.384571;8.99098;
0.384571;8.99098;
0.384572;8.99098;
0.384572;8.99098;
0.384572;8.99098;
0.384572;8.99098;
0.384573;8.99098;
0.384573;8.99099;
0.384574;8.991;
0.384577;8.99101;
0.384582;8.99104;
0.384592;8.9911;
0.384612;8.99122;
0.384632;8.99133;
0.384652;8.99145;
0.384672;8.99157;
0.384692;8.99169;
0.384712;8.9918;
0.384732;8.99192;
0.384752;8.99204;
0.384772;8.99216;
0.384792;8.99228;
0.384812;8.99239;
0.384832;8.99251;
0.384852;8.99263;
0.384872;8.99275;
0.384892;8.99287;
0.384912;8.99298;
0.384932;8.9931;
0.384952;8.99322;
0.384972;8.99334;
0.384992;8.99346;
0.385012;8.99358;
0.385032;8.9937;
0.385052;8.99381;
0.385072;8.99393;
0.385092;8.99405;
0.385112;8.99417;
0.385132;8.99429;
0.385152;8.99441;
0.385172;8.99453;
0.385192;8.99465;
0.385212;8.99477;
0.385232;8.99489;
0.385237;8.99492;
0.385237;8.99492;
0.385237;8.99492;
0.385238;8.99492;
0.385238;8.99492;
0.385238;8.99492;
0.385238;8.99492;
0.385239;8.99493;
0.385239;8.99493;
0.38524;8.99494;
0.385243;8.99495;
0.385248;8.99498;
0.385257;8.99503;
0.385261;8.99506;
0.385266;8.99508;
0.385271;8.9951;
0.385275;8.99512;
0.385283;8.99515;
0.385297;8.99521;
0.385312;8.99527;
0.385328;8.99534;
0.385348;8.99542;
0.385366;8.9955;
0.385386;8.99558;
0.385406;8.99567;
0.385426;8.99575;
0.385446;8.99584;
0.385466;8.99592;
0.385486;8.99601;
0.385506;8.99609;
0.385526;8.99618;
0.385546;8.99626;
0.385566;8.99635;
0.385586;8.99643;
0.385606;8.99652;
0.385626;8.9966;
0.385646;8.99669;
0.385666;8.99677;
0.385686;8.99686;
0.385706;8.99694;
0.385726;8.99703;
0.385746;8.99712;
0.385766;8.9972;
0.385786;8.99729;
0.385806;8.99738;
0.385826;8.99746;
0.385846;8.99755;
0.385866;8.99764;
0.385886;8.99772;
0.385904;8.9978;
0.385904;8.9978;
0.385904;8.9978;
0.385905;8.9978;
0.385905;8.9978;
0.385905;8.9978;
0.385905;8.9978;
0.385906;8.99781;
0.385906;8.99781;
0.385907;8.99781;
0.38591;8.99782;
0.385915;8.99785;
0.385925;8.99789;
0.385945;8.99798;
0.385965;8.99807;
0.385985;8.99815;
0.386005;8.99824;
0.386025;8.99833;
0.386045;8.99841;
0.386065;8.9985;
0.386085;8.99859;
0.386105;8.99868;
0.386125;8.99877;
0.386145;8.99885;
0.386165;8.99894;
0.386185;8.99903;
0.386205;8.99912;
0.386225;8.99921;
0.386245;8.99929;
0.386265;8.99938;
0.386285;8.99947;
0.386305;8.99956;
0.386325;8.99965;
0.386345;8.99974;
0.386365;8.99983;
0.386385;8.99992;
0.386405;9.00001;
0.386425;9.00009;
0.386445;9.00018;
0.386465;9.00027;
0.386485;9.00036;
0.386505;9.00045;
0.386525;9.00054;
0.386545;9.00063;
0.386565;9.00072;
0.38657;9.00074;
0.38657;9.00074;
0.38657;9.00074;
0.386571;9.00075;
0.386571;9.00075;
0.386571;9.00075;
0.386571;9.00075;
0.386572;9.00075;
0.386572;9.00075;
0.386573;9.00076;
0.386576;9.00077;
0.386581;9.00079;
0.386591;9.00084;
0.386611;9.00093;
0.386631;9.00102;
0.386651;9.00111;
0.386671;9.0012;
0.386691;9.00129;
0.386711;9.00138;
0.386731;9.00147;
0.386751;9.00156;
0.386771;9.00165;
0.386791;9.00174;
0.386811;9.00183;
0.386831;9.00193;
0.386851;9.00202;
0.386871;9.00211;
0.386891;9.0022;
0.386911;9.00229;
0.386931;9.00238;
0.386951;9.00247;
0.386971;9.00257;
0.386991;9.00266;
0.387011;9.00275;
0.387031;9.00284;
0.387051;9.00293;
0.387071;9.00303;
0.387091;9.00312;
0.387111;9.00321;
0.387131;9.0033;
0.387151;9.0034;
0.387171;9.00349;
0.387191;9.00358;
0.387211;9.00367;
0.387231;9.00377;
0.387237;9.0038;
0.387237;9.0038;
0.387237;9.0038;
0.387238;9.0038;
0.387238;9.0038;
0.387238;9.0038;
0.387238;9.0038;
0.387239;9.0038;
0.387239;9.00381;
0.38724;9.00381;
0.387243;9.00382;
0.387248;9.00385;
0.387258;9.00389;
0.387278;9.00399;
0.387298;9.00408;
0.387318;9.00417;
0.387338;9.00427;
0.387358;9.00436;
0.387378;9.00446;
0.387398;9.00455;
0.387418;9.00464;
0.387438;9.00474;
0.387458;9.00483;
0.387478;9.00493;
0.387498;9.00502;
0.387518;9.00511;
0.387538;9.00521;
0.387558;9.0053;
0.387578;9.0054;
0.387598;9.00549;
0.387618;9.00559;
0.387638;9.00568;
0.387658;9.00578;
0.387678;9.00587;
0.387698;9.00597;
0.387718;9.00606;
0.387738;9.00616;
0.387758;9.00625;
0.387778;9.00635;
0.387798;9.00644;
0.387818;9.00654;
0.387838;9.00663;
0.387858;9.00673;
0.387878;9.00683;
0.387898;9.00692;
0.387903;9.00694;
0.387905;9.00695;
0.387909;9.00697;
0.387917;9.00701;
0.387933;9.00709;
0.387953;9.00718;
0.387973;9.00728;
0.387993;9.00738;
0.388013;9.00747;
0.388033;9.00757;
0.388053;9.00767;
0.388073;9.00776;
0.388093;9.00786;
0.388113;9.00796;
0.388133;9.00805;
0.388153;9.00815;
0.388173;9.00825;
0.388193;9.00835;
0.388213;9.00844;
0.388233;9.00854;
0.388253;9.00864;
0.388273;9.00874;
0.388293;9.00883;
0.388313;9.00893;
0.388333;9.00903;
0.388353;9.00913;
0.388373;9.00923;
0.388393;9.00932;
0.388413;9.00942;
0.388433;9.00952;
0.388453;9.00962;
0.388473;9.00972;
0.388493;9.00982;
0.388513;9.00991;
0.388533;9.01001;
0.388553;9.01011;
0.38857;9.0102;
0.38857;9.0102;
0.38857;9.0102;
0.388571;9.0102;
0.388571;9.0102;
0.388571;9.0102;
0.388571;9.0102;
0.388572;9.0102;
0.388572;9.01021;
0.388573;9.01021;
0.388576;9.01023;
0.388581;9.01025;
0.388591;9.0103;
0.388611;9.0104;
0.388631;9.0105;
0.388651;9.0106;
0.388671;9.0107;
0.388691;9.0108;
0.388711;9.0109;
0.388731;9.011;
0.388751;9.0111;
0.388771;9.0112;
0.388791;9.0113;
0.388811;9.0114;
0.388831;9.0115;
0.388851;9.0116;
0.388871;9.0117;
0.388891;9.0118;
0.388911;9.0119;
0.388931;9.012;
0.388951;9.0121;
0.388971;9.0122;
0.388991;9.0123;
0.389011;9.0124;
0.389031;9.0125;
0.389051;9.0126;
0.389071;9.0127;
0.389091;9.01281;
0.389111;9.01291;
0.389131;9.01301;
0.389151;9.01311;
0.389171;9.01321;
0.389191;9.01331;
0.389211;9.01341;
0.389231;9.01352;
0.389236;9.01354;
0.389236;9.01354;
0.389236;9.01354;
0.389237;9.01354;
0.389237;9.01355;
0.389237;9.01355;
0.389237;9.01355;
0.389238;9.01355;
0.389238;9.01355;
0.389239;9.01356;
0.389242;9.01357;
0.389247;9.0136;
0.389257;9.01365;
0.389277;9.01375;
0.389297;9.01385;
0.389317;9.01396;
0.389337;9.01406;
0.389357;9.01416;
0.389377;9.01426;
0.389397;9.01436;
0.389417;9.01447;
0.389437;9.01457;
0.389457;9.01467;
0.389477;9.01478;
0.389497;9.01488;
0.389517;9.01498;
0.389537;9.01508;
0.389557;9.01519;
0.389577;9.01529;
0.389597;9.01539;
0.389617;9.0155;
0.389637;9.0156;
0.389657;9.0157;
0.389677;9.01581;
0.389697;9.01591;
0.389717;9.01602;
0.389737;9.01612;
0.389757;9.01622;
0.389777;9.01633;
0.389797;9.01643;
0.389817;9.01654;
0.389837;9.01664;
0.389857;9.01674;
0.389877;9.01685;
0.389897;9.01695;
0.389903;9.01698;
0.389903;9.01698;
0.389903;9.01698;
0.389904;9.01699;
0.389904;9.01699;
0.389904;9.01699;
0.389904;9.01699;
0.389905;9.01699;
0.389905;9.01699;
0.389906;9.017;
0.389909;9.01701;
0.389914;9.01704;
0.389924;9.0171;
0.389944;9.0172;
0.389964;9.0173;
0.389984;9.01741;
0.390004;9.01751;
0.390024;9.01762;
0.390044;9.01772;
0.390064;9.01783;
0.390084;9.01794;
0.390104;9.01804;
0.390124;9.01815;
0.390144;9.01825;
0.390164;9.01836;
0.390184;9.01846;
0.390204;9.01857;
0.390224;9.01868;
0.390244;9.01878;
0.390264;9.01889;
0.390284;9.01899;
0.390304;9.0191;
0.390324;9.01921;
0.390344;9.01931;
0.390364;9.01942;
0.390384;9.01953;
0.390404;9.01963;
0.390424;9.01974;
0.390444;9.01985;
0.390464;9.01995;
0.390484;9.02006;
0.390504;9.02017;
0.390524;9.02027;
0.390544;9.02038;
0.390564;9.02049;
0.390569;9.02051;
0.390571;9.02052;
0.390575;9.02055;
0.390583;9.02059;
0.390599;9.02067;
0.390617;9.02077;
0.390634;9.02086;
0.390654;9.02097;
0.39067;9.02106;
0.390687;9.02115;
0.390707;9.02126;
0.390727;9.02136;
0.390747;9.02147;
0.390767;9.02158;
0.390787;9.02169;
0.390807;9.0218;
0.390827;9.0219;
0.390847;9.02201;
0.390867;9.02212;
0.390887;9.02223;
0.390907;9.02234;
0.390927;9.02245;
0.390947;9.02256;
0.390967;9.02266;
0.390987;9.02277;
0.391007;9.02288;
0.391027;9.02299;
0.391047;9.0231;
0.391067;9.02321;
0.391087;9.02332;
0.391107;9.02343;
0.391127;9.02354;
0.391147;9.02365;
0.391167;9.02376;
0.391187;9.02387;
0.391207;9.02398;
0.391227;9.02409;
0.391236;9.02414;
0.391236;9.02414;
0.391236;9.02414;
0.391237;9.02414;
0.391237;9.02414;
0.391237;9.02414;
0.391237;9.02415;
0.391238;9.02415;
0.391238;9.02415;
0.391239;9.02416;
0.391242;9.02417;
0.391247;9.0242;
0.391257;9.02426;
0.391277;9.02437;
0.391297;9.02448;
0.391317;9.02459;
0.391337;9.0247;
0.391357;9.02481;
0.391377;9.02492;
0.391397;9.02503;
0.391417;9.02514;
0.391437;9.02525;
0.391457;9.02536;
0.391477;9.02547;
0.391497;9.02558;
0.391517;9.02569;
0.391537;9.02581;
0.391557;9.02592;
0.391577;9.02603;
0.391597;9.02614;
0.391617;9.02625;
0.391637;9.02636;
0.391657;9.02647;
0.391677;9.02659;
0.391697;9.0267;
0.391717;9.02681;
0.391737;9.02692;
0.391757;9.02703;
0.391777;9.02715;
0.391797;9.02726;
0.391817;9.02737;
0.391837;9.02748;
0.391857;9.0276;
0.391877;9.02771;
0.391897;9.02782;
0.391902;9.02785;
0.391902;9.02785;
0.391902;9.02785;
0.391903;9.02785;
0.391903;9.02785;
0.391903;9.02785;
0.391903;9.02785;
0.391904;9.02786;
0.391904;9.02786;
0.391905;9.02787;
0.391908;9.02788;
0.391913;9.02791;
0.391923;9.02797;
0.391929;9.028;
0.391935;9.02802;
0.39194;9.02804;
0.391946;9.02806;
0.391955;9.0281;
0.391972;9.02816;
0.391988;9.02822;
0.392004;9.02828;
0.392021;9.02835;
0.392041;9.02842;
0.392061;9.0285;
0.392081;9.02857;
0.392101;9.02865;
0.392121;9.02873;
0.392141;9.0288;
0.392161;9.02888;
0.392181;9.02895;
0.392201;9.02903;
0.392221;9.02911;
0.392241;9.02918;
0.392261;9.02926;
0.392281;9.02934;
0.392301;9.02942;
0.392321;9.02949;
0.392341;9.02957;
0.392361;9.02965;
0.392381;9.02972;
0.392401;9.0298;
0.392421;9.02988;
0.392441;9.02996;
0.392461;9.03004;
0.392481;9.03011;
0.392501;9.03019;
0.392521;9.03027;
0.392541;9.03035;
0.392561;9.03043;
0.392569;9.03046;
0.392569;9.03046;
0.392569;9.03046;
0.39257;9.03046;
0.39257;9.03046;
0.39257;9.03046;
0.39257;9.03046;
0.392571;9.03047;
0.392571;9.03047;
0.392572;9.03047;
0.392575;9.03048;
0.39258;9.0305;
0.39259;9.03054;
0.39261;9.03062;
0.39263;9.0307;
0.39265;9.03078;
0.39267;9.03086;
0.39269;9.03094;
0.39271;9.03102;
0.39273;9.0311;
0.39275;9.03118;
0.39277;9.03125;
0.39279;9.03133;
0.39281;9.03141;
0.39283;9.03149;
0.39285;9.03157;
0.39287;9.03165;
0.39289;9.03173;
0.39291;9.03181;
0.39293;9.03189;
0.39295;9.03197;
0.39297;9.03205;
0.39299;9.03213;
0.39301;9.03221;
0.39303;9.0323;
0.39305;9.03238;
0.39307;9.03246;
0.39309;9.03254;
0.39311;9.03262;
0.39313;9.0327;
0.39315;9.03278;
0.39317;9.03286;
0.39319;9.03294;
0.39321;9.03303;
0.39323;9.03311;
0.393235;9.03313;
0.393237;9.03313;
0.393241;9.03315;
0.393249;9.03318;
0.393265;9.03325;
0.393285;9.03333;
0.393304;9.03341;
0.393324;9.03349;
0.393344;9.03357;
0.393364;9.03365;
0.393384;9.03374;
0.393404;9.03382;
0.393424;9.0339;
0.393444;9.03398;
0.393464;9.03407;
0.393484;9.03415;
0.393504;9.03423;
0.393524;9.03432;
0.393544;9.0344;
0.393564;9.03448;
0.393584;9.03456;
0.393604;9.03465;
0.393624;9.03473;
0.393644;9.03482;
0.393664;9.0349;
0.393684;9.03498;
0.393704;9.03507;
0.393724;9.03515;
0.393744;9.03523;
0.393764;9.03532;
0.393784;9.0354;
0.393804;9.03549;
0.393824;9.03557;
0.393844;9.03566;
0.393864;9.03574;
0.393884;9.03583;
0.393902;9.0359;
0.393902;9.0359;
0.393902;9.0359;
0.393903;9.03591;
0.393903;9.03591;
0.393903;9.03591;
0.393903;9.03591;
0.393904;9.03591;
0.393904;9.03591;
0.393905;9.03592;
0.393908;9.03593;
0.393913;9.03595;
0.393923;9.03599;
0.393943;9.03608;
0.393963;9.03616;
0.393983;9.03625;
0.394003;9.03633;
0.394023;9.03642;
0.394043;9.0365;
0.394063;9.03659;
0.394083;9.03668;
0.394103;9.03676;
0.394123;9.03685;
0.394143;9.03693;
0.394163;9.03702;
0.394183;9.03711;
0.394203;9.03719;
0.394223;9.03728;
0.394243;9.03736;
0.394263;9.03745;
0.394283;9.03754;
0.394303;9.03762;
0.394323;9.03771;
0.394343;9.0378;
0.394363;9.03788;
0.394383;9.03797;
0.394403;9.03806;
0.394423;9.03815;
0.394443;9.03823;
0.394463;9.03832;
0.394483;9.03841;
0.394503;9.0385;
0.394523;9.03858;
0.394543;9.03867;
0.394563;9.03876;
0.394568;9.03878;
0.394568;9.03878;
0.394568;9.03878;
0.394569;9.03878;
0.394569;9.03878;
0.394569;9.03878;
0.394569;9.03878;
0.39457;9.03879;
0.39457;9.03879;
0.394571;9.03879;
0.394574;9.03881;
0.394579;9.03883;
0.394589;9.03887;
0.394609;9.03896;
0.394629;9.03905;
0.394649;9.03914;
0.394669;9.03923;
0.394689;9.03931;
0.394709;9.0394;
0.394729;9.03949;
0.394749;9.03958;
0.394769;9.03967;
0.394789;9.03976;
0.394809;9.03985;
0.394829;9.03994;
0.394849;9.04002;
0.394869;9.04011;
0.394889;9.0402;
0.394909;9.04029;
0.394929;9.04038;
0.394949;9.04047;
0.394969;9.04056;
0.394989;9.04065;
0.395009;9.04074;
0.395029;9.04083;
0.395049;9.04092;
0.395069;9.04101;
0.395089;9.0411;
0.395109;9.04119;
0.395129;9.04128;
0.395149;9.04137;
0.395169;9.04146;
0.395189;9.04155;
0.395209;9.04164;
0.395229;9.04173;
0.395235;9.04176;
0.395235;9.04176;
0.395235;9.04176;
0.395236;9.04176;
0.395236;9.04176;
0.395236;9.04177;
0.395236;9.04177;
0.395237;9.04177;
0.395237;9.04177;
0.395238;9.04178;
0.395241;9.04179;
0.395246;9.04181;
0.395256;9.04186;
0.395276;9.04195;
0.395296;9.04204;
0.395316;9.04213;
0.395336;9.04222;
0.395356;9.04231;
0.395376;9.04241;
0.395396;9.0425;
0.395416;9.04259;
0.395436;9.04268;
0.395456;9.04277;
0.395476;9.04286;
0.395496;9.04296;
0.395516;9.04305;
0.395536;9.04314;
0.395556;9.04323;
0.395576;9.04333;
0.395596;9.04342;
0.395616;9.04351;
0.395636;9.0436;
0.395656;9.0437;
0.395676;9.04379;
0.395696;9.04388;
0.395716;9.04397;
0.395736;9.04407;
0.395756;9.04416;
0.395776;9.04425;
0.395796;9.04435;
0.395816;9.04444;
0.395836;9.04453;
0.395856;9.04463;
0.395876;9.04472;
0.395896;9.04482;
0.395901;9.04484;
0.395903;9.04485;
0.395907;9.04486;
0.395915;9.0449;
0.395931;9.04498;
0.395951;9.04507;
0.395971;9.04517;
0.395991;9.04526;
0.396011;9.04535;
0.396031;9.04545;
0.396051;9.04554;
0.396071;9.04564;
0.396091;9.04573;
0.396111;9.04583;
0.396131;9.04592;
0.396151;9.04602;
0.396171;9.04611;
0.396191;9.04621;
0.396211;9.0463;
0.396231;9.0464;
0.396251;9.04649;
0.396271;9.04659;
0.396291;9.04668;
0.396311;9.04678;
0.396331;9.04687;
0.396351;9.04697;
0.396371;9.04707;
0.396391;9.04716;
0.396411;9.04726;
0.396431;9.04735;
0.396451;9.04745;
0.396471;9.04755;
0.396491;9.04764;
0.396511;9.04774;
0.396531;9.04784;
0.396551;9.04793;
0.396568;9.04801;
0.396568;9.04801;
0.396568;9.04802;
0.396569;9.04802;
0.396569;9.04802;
0.396569;9.04802;
0.396569;9.04802;
0.39657;9.04802;
0.39657;9.04803;
0.396571;9.04803;
0.396574;9.04804;
0.396579;9.04807;
0.396589;9.04812;
0.396609;9.04821;
0.396629;9.04831;
0.396649;9.04841;
0.396669;9.04851;
0.396689;9.0486;
0.396709;9.0487;
0.396729;9.0488;
0.396749;9.0489;
0.396769;9.04899;
0.396789;9.04909;
0.396809;9.04919;
0.396829;9.04929;
0.396849;9.04938;
0.396869;9.04948;
0.396889;9.04958;
0.396909;9.04968;
0.396929;9.04978;
0.396949;9.04987;
0.396969;9.04997;
0.396989;9.05007;
0.397009;9.05017;
0.397029;9.05027;
0.397049;9.05037;
0.397069;9.05047;
0.397089;9.05056;
0.397109;9.05066;
0.397129;9.05076;
0.397149;9.05086;
0.397169;9.05096;
0.397189;9.05106;
0.397209;9.05116;
0.397229;9.05126;
0.397234;9.05128;
0.397234;9.05128;
0.397234;9.05128;
0.397235;9.05129;
0.397235;9.05129;
0.397235;9.05129;
0.397235;9.05129;
0.397236;9.05129;
0.397236;9.05129;
0.397237;9.0513;
0.39724;9.05131;
0.397245;9.05134;
0.397255;9.05139;
0.397275;9.05149;
0.397295;9.05159;
0.397315;9.05169;
0.397331;9.05177;
0.397348;9.05185;
0.397367;9.05194;
0.397387;9.05204;
0.397407;9.05214;
0.397427;9.05224;
0.397447;9.05235;
0.397467;9.05245;
0.397487;9.05255;
0.397507;9.05265;
0.397527;9.05275;
0.397547;9.05285;
0.397567;9.05295;
0.397587;9.05305;
0.397607;9.05315;
0.397627;9.05325;
0.397647;9.05335;
0.397667;9.05345;
0.397687;9.05356;
0.397707;9.05366;
0.397727;9.05376;
0.397747;9.05386;
0.397767;9.05396;
0.397787;9.05406;
0.397807;9.05417;
0.397827;9.05427;
0.397847;9.05437;
0.397867;9.05447;
0.397887;9.05457;
0.397901;9.05465;
0.397901;9.05465;
0.397901;9.05465;
0.397902;9.05465;
0.397902;9.05465;
0.397902;9.05465;
0.397902;9.05465;
0.397903;9.05466;
0.397903;9.05466;
0.397904;9.05467;
0.397907;9.05468;
0.397912;9.0547;
0.397922;9.05476;
0.397942;9.05486;
0.397962;9.05496;
0.397982;9.05506;
0.398002;9.05517;
0.398022;9.05527;
0.398042;9.05537;
0.398062;9.05548;
0.398082;9.05558;
0.398102;9.05568;
0.398122;9.05578;
0.398142;9.05589;
0.398162;9.05599;
0.398182;9.05609;
0.398202;9.0562;
0.398222;9.0563;
0.398242;9.0564;
0.398262;9.05651;
0.398282;9.05661;
0.398302;9.05672;
0.398322;9.05682;
0.398342;9.05692;
0.398362;9.05703;
0.398382;9.05713;
0.398402;9.05724;
0.398422;9.05734;
0.398442;9.05745;
0.398462;9.05755;
0.398482;9.05765;
0.398502;9.05776;
0.398522;9.05786;
0.398542;9.05797;
0.398562;9.05807;
0.398567;9.0581;
0.398569;9.05811;
0.398573;9.05813;
0.398581;9.05817;
0.398597;9.05825;
0.398607;9.0583;
0.398615;9.05835;
0.398623;9.05838;
0.398631;9.05842;
0.398646;9.05849;
0.398661;9.05856;
0.398678;9.05864;
0.398698;9.05874;
0.398717;9.05883;
0.398737;9.05892;
0.398757;9.05902;
0.398777;9.05911;
0.398797;9.05921;
0.398817;9.0593;
0.398837;9.0594;
0.398857;9.05949;
0.398877;9.05959;
0.398897;9.05968;
0.398917;9.05978;
0.398937;9.05988;
0.398957;9.05997;
0.398977;9.06007;
0.398997;9.06016;
0.399017;9.06026;
0.399037;9.06035;
0.399057;9.06045;
0.399077;9.06055;
0.399097;9.06064;
0.399117;9.06074;
0.399137;9.06084;
0.399157;9.06093;
0.399177;9.06103;
0.399197;9.06113;
0.399217;9.06122;
0.399234;9.0613;
0.399234;9.0613;
0.399234;9.0613;
0.399235;9.06131;
0.399235;9.06131;
0.399235;9.06131;
0.399235;9.06131;
0.399236;9.06131;
0.399236;9.06131;
0.399237;9.06132;
0.39924;9.06133;
0.399245;9.06136;
0.399255;9.06141;
0.399275;9.0615;
0.399295;9.0616;
0.399315;9.0617;
0.399335;9.0618;
0.399355;9.06189;
0.399375;9.06199;
0.399395;9.06209;
0.399415;9.06219;
0.399435;9.06228;
0.399455;9.06238;
0.399475;9.06248;
0.399495;9.06258;
0.399515;9.06267;
0.399535;9.06277;
0.399555;9.06287;
0.399575;9.06297;
0.399595;9.06307;
0.399615;9.06317;
0.399635;9.06326;
0.399655;9.06336;
0.399675;9.06346;
0.399695;9.06356;
0.399715;9.06366;
0.399735;9.06376;
0.399755;9.06386;
0.399775;9.06396;
0.399795;9.06406;
0.399815;9.06415;
0.399835;9.06425;
0.399855;9.06435;
0.399875;9.06445;
0.399895;9.06455;
0.3999;9.06458;
0.3999;9.06458;
0.3999;9.06458;
0.399901;9.06458;
0.399901;9.06458;
0.399901;9.06458;
0.399901;9.06458;
0.399902;9.06458;
0.399902;9.06459;
0.399903;9.06459;
0.399906;9.06461;
0.399911;9.06463;
0.399921;9.06468;
0.399938;9.06477;
0.399956;9.06486;
0.399976;9.06496;
0.399996;9.06506;
0.400016;9.06516;
0.400036;9.06526;
0.400056;9.06536;
0.400076;9.06546;
0.400096;9.06556;
0.400116;9.06566;
0.400136;9.06576;
0.400156;9.06586;
0.400176;9.06596;
0.400196;9.06606;
0.400216;9.06616;
0.400236;9.06626;
0.400256;9.06636;
0.400276;9.06646;
0.400296;9.06657;
0.400316;9.06667;
0.400336;9.06677;
0.400356;9.06687;
0.400376;9.06697;
0.400396;9.06707;
0.400416;9.06717;
0.400436;9.06728;
0.400456;9.06738;
0.400476;9.06748;
0.400496;9.06758;
0.400516;9.06768;
0.400536;9.06779;
0.400556;9.06789;
0.400567;9.06794;
0.400567;9.06794;
0.400567;9.06795;
0.400568;9.06795;
0.400568;9.06795;
0.400568;9.06795;
0.400568;9.06795;
0.400569;9.06795;
0.400569;9.06796;
0.40057;9.06796;
0.400573;9.06798;
0.400578;9.068;
0.400588;9.06805;
0.400608;9.06816;
0.400628;9.06826;
0.400648;9.06836;
0.400668;9.06846;
0.400688;9.06857;
0.400708;9.06867;
0.400728;9.06877;
0.400748;9.06888;
0.400768;9.06898;
0.400788;9.06908;
0.400808;9.06919;
0.400828;9.06929;
0.400848;9.06939;
0.400868;9.0695;
0.400888;9.0696;
0.400908;9.0697;
0.400928;9.06981;
0.400948;9.06991;
0.400968;9.07002;
0.400988;9.07012;
0.401008;9.07022;
0.401028;9.07033;
0.401048;9.07043;
0.401068;9.07054;
0.401088;9.07064;
0.401108;9.07074;
0.401128;9.07085;
0.401148;9.07095;
0.401168;9.07106;
0.401188;9.07116;
0.401208;9.07127;
0.401228;9.07137;
0.401233;9.0714;
0.401235;9.07141;
0.401239;9.07143;
0.401247;9.07147;
0.401257;9.07152;
0.401263;9.07155;
0.401268;9.07157;
0.401272;9.07159;
0.401276;9.0716;
0.401285;9.07164;
0.401302;9.07171;
0.401317;9.07177;
0.401335;9.07184;
0.401355;9.07192;
0.401375;9.07201;
0.401395;9.07209;
0.401415;9.07217;
0.401435;9.07225;
0.401455;9.07234;
0.401475;9.07242;
0.401495;9.0725;
0.401515;9.07258;
0.401535;9.07267;
0.401555;9.07275;
0.401575;9.07283;
0.401595;9.07292;
0.401615;9.073;
0.401635;9.07308;
0.401655;9.07317;
0.401675;9.07325;
0.401695;9.07333;
0.401715;9.07342;
0.401735;9.0735;
0.401755;9.07358;
0.401775;9.07367;
0.401795;9.07375;
0.401815;9.07384;
0.401835;9.07392;
0.401855;9.074;
0.401875;9.07409;
0.401895;9.07417;
0.4019;9.07419;
0.4019;9.07419;
0.4019;9.0742;
0.401901;9.0742;
0.401901;9.0742;
0.401901;9.0742;
0.401901;9.0742;
0.401902;9.0742;
0.401902;9.0742;
0.401903;9.07421;
0.401906;9.07422;
0.401911;9.07424;
0.401921;9.07428;
0.401941;9.07437;
0.401961;9.07445;
0.401981;9.07454;
0.402001;9.07462;
0.402021;9.07471;
0.402041;9.07479;
0.402061;9.07488;
0.402081;9.07496;
0.402101;9.07505;
0.402121;9.07514;
0.402141;9.07522;
0.402161;9.07531;
0.402181;9.07539;
0.402201;9.07548;
0.402221;9.07556;
0.402241;9.07565;
0.402261;9.07574;
0.402281;9.07582;
0.402301;9.07591;
0.402321;9.07599;
0.402341;9.07608;
0.402361;9.07617;
0.402381;9.07625;
0.402401;9.07634;
0.402421;9.07643;
0.402441;9.07651;
0.402461;9.0766;
0.402481;9.07669;
0.402501;9.07678;
0.402521;9.07686;
0.402541;9.07695;
0.402561;9.07704;
0.402566;9.07706;
0.402566;9.07706;
0.402566;9.07706;
0.402567;9.07706;
0.402567;9.07706;
0.402567;9.07706;
0.402567;9.07706;
0.402568;9.07707;
0.402568;9.07707;
0.402569;9.07707;
0.402572;9.07708;
0.402577;9.07711;
0.402587;9.07715;
0.402607;9.07724;
0.402627;9.07733;
0.402647;9.07742;
0.402666;9.0775;
0.402686;9.07758;
0.402706;9.07767;
0.402726;9.07776;
0.402746;9.07785;
0.402766;9.07794;
0.402786;9.07802;
0.402806;9.07811;
0.402826;9.0782;
0.402846;9.07829;
0.402866;9.07838;
0.402886;9.07847;
0.402906;9.07856;
0.402926;9.07865;
0.402946;9.07874;
0.402966;9.07882;
0.402986;9.07891;
0.403006;9.079;
0.403026;9.07909;
0.403046;9.07918;
0.403066;9.07927;
0.403086;9.07936;
0.403106;9.07945;
0.403126;9.07954;
0.403146;9.07963;
0.403166;9.07972;
0.403186;9.07981;
0.403206;9.0799;
0.403226;9.07999;
0.403233;9.08002;
0.403233;9.08003;
0.403233;9.08003;
0.403234;9.08003;
0.403234;9.08003;
0.403234;9.08003;
0.403234;9.08003;
0.403235;9.08003;
0.403235;9.08003;
0.403236;9.08004;
0.403239;9.08005;
0.403244;9.08008;
0.403254;9.08012;
0.403274;9.08021;
0.403294;9.0803;
0.403314;9.08039;
0.403334;9.08048;
0.403354;9.08058;
0.403374;9.08067;
0.403394;9.08076;
0.403414;9.08085;
0.403434;9.08094;
0.403454;9.08103;
0.403474;9.08112;
0.403494;9.08121;
0.403514;9.08131;
0.403534;9.0814;
0.403554;9.08149;
0.403574;9.08158;
0.403594;9.08167;
0.403614;9.08176;
0.403634;9.08186;
0.403654;9.08195;
0.403674;9.08204;
0.403694;9.08213;
0.403714;9.08223;
0.403734;9.08232;
0.403754;9.08241;
0.403774;9.0825;
0.403794;9.0826;
0.403814;9.08269;
0.403834;9.08278;
0.403854;9.08288;
0.403874;9.08297;
0.403894;9.08306;
0.403899;9.08308;
0.403901;9.08309;
0.403905;9.08311;
0.403913;9.08315;
0.403929;9.08322;
0.403949;9.08332;
0.403969;9.08341;
0.403989;9.0835;
0.404009;9.0836;
0.404029;9.08369;
0.404049;9.08378;
0.404069;9.08388;
0.404089;9.08397;
0.404109;9.08407;
0.404129;9.08416;
0.404149;9.08426;
0.404169;9.08435;
0.404189;9.08444;
0.404209;9.08454;
0.404229;9.08463;
0.404249;9.08473;
0.404269;9.08482;
0.404289;9.08492;
0.404309;9.08501;
0.404329;9.08511;
0.404349;9.0852;
0.404369;9.0853;
0.404389;9.08539;
0.404409;9.08549;
0.404429;9.08558;
0.404449;9.08568;
0.404469;9.08577;
0.404489;9.08587;
0.404509;9.08597;
0.404529;9.08606;
0.404549;9.08616;
0.404566;9.08624;
0.404566;9.08624;
0.404566;9.08624;
0.404567;9.08624;
0.404567;9.08624;
0.404567;9.08624;
0.404567;9.08625;
0.404568;9.08625;
0.404568;9.08625;
0.404569;9.08626;
0.404572;9.08627;
0.404577;9.08629;
0.404587;9.08634;
0.404607;9.08644;
0.404627;9.08653;
0.404647;9.08663;
0.404667;9.08673;
0.404687;9.08682;
0.404707;9.08692;
0.404727;9.08702;
0.404747;9.08711;
0.404767;9.08721;
0.404787;9.08731;
0.404807;9.0874;
0.404827;9.0875;
0.404847;9.0876;
0.404867;9.0877;
0.404887;9.08779;
0.404907;9.08789;
0.404927;9.08799;
0.404947;9.08809;
0.404967;9.08818;
0.404987;9.08828;
0.405007;9.08838;
0.405027;9.08848;
0.405047;9.08857;
0.405067;9.08867;
0.405087;9.08877;
0.405107;9.08887;
0.405127;9.08897;
0.405147;9.08907;
0.405167;9.08916;
0.405187;9.08926;
0.405207;9.08936;
0.405227;9.08946;
0.405232;9.08948;
0.405232;9.08948;
0.405232;9.08948;
0.405233;9.08949;
0.405233;9.08949;
0.405233;9.08949;
0.405233;9.08949;
0.405234;9.08949;
0.405234;9.08949;
0.405235;9.0895;
0.405238;9.08951;
0.405243;9.08954;
0.405253;9.08959;
0.405267;9.08965;
0.405278;9.08971;
0.405288;9.08976;
0.405301;9.08981;
0.405315;9.08988;
0.405331;9.08996;
0.405349;9.09004;
0.405369;9.09014;
0.405389;9.09023;
0.405409;9.09033;
0.405429;9.09042;
0.405449;9.09052;
0.405469;9.09061;
0.405489;9.0907;
0.405509;9.0908;
0.405529;9.09089;
0.405549;9.09099;
0.405569;9.09109;
0.405589;9.09118;
0.405609;9.09128;
0.405629;9.09137;
0.405649;9.09147;
0.405669;9.09156;
0.405689;9.09166;
0.405709;9.09175;
0.405729;9.09185;
0.405749;9.09195;
0.405769;9.09204;
0.405789;9.09214;
0.405809;9.09223;
0.405829;9.09233;
0.405849;9.09243;
0.405869;9.09252;
0.405889;9.09262;
0.405899;9.09267;
0.405899;9.09267;
0.405899;9.09267;
0.4059;9.09267;
0.4059;9.09267;
0.4059;9.09267;
0.4059;9.09267;
0.405901;9.09267;
0.405901;9.09268;
0.405902;9.09268;
0.405905;9.0927;
0.40591;9.09272;
0.40592;9.09277;
0.40594;9.09287;
0.40596;9.09296;
0.40598;9.09306;
0.406;9.09316;
0.40602;9.09325;
0.40604;9.09335;
0.40606;9.09345;
0.40608;9.09355;
0.4061;9.09364;
0.40612;9.09374;
0.40614;9.09384;
0.40616;9.09394;
0.40618;9.09403;
0.4062;9.09413;
0.40622;9.09423;
0.40624;9.09433;
0.40626;9.09443;
0.40628;9.09452;
0.4063;9.09462;
0.40632;9.09472;
0.40634;9.09482;
0.40636;9.09492;
0.40638;9.09502;
0.4064;9.09511;
0.40642;9.09521;
0.40644;9.09531;
0.40646;9.09541;
0.40648;9.09551;
0.4065;9.09561;
0.40652;9.09571;
0.40654;9.09581;
0.40656;9.09591;
0.406565;9.09593;
0.406567;9.09594;
0.406571;9.09596;
0.406579;9.096;
0.406592;9.09606;
0.4066;9.09609;
0.406607;9.09612;
0.406613;9.09615;
0.406619;9.09618;
0.406631;9.09623;
0.406651;9.09631;
0.406667;9.09638;
0.406684;9.09645;
0.406702;9.09653;
0.406722;9.09661;
0.406742;9.0967;
0.406762;9.09678;
0.406782;9.09687;
0.406802;9.09695;
0.406822;9.09704;
0.406842;9.09712;
0.406862;9.09721;
0.406882;9.09729;
0.406902;9.09738;
0.406922;9.09747;
0.406942;9.09755;
0.406962;9.09764;
0.406982;9.09772;
0.407002;9.09781;
0.407022;9.09789;
0.407042;9.09798;
0.407062;9.09807;
0.407082;9.09815;
0.407102;9.09824;
0.407122;9.09833;
0.407142;9.09841;
0.407162;9.0985;
0.407182;9.09859;
0.407202;9.09867;
0.407222;9.09876;
0.407232;9.0988;
0.407232;9.0988;
0.407232;9.0988;
0.407233;9.0988;
0.407233;9.09881;
0.407233;9.09881;
0.407233;9.09881;
0.407234;9.09881;
0.407234;9.09881;
0.407235;9.09882;
0.407238;9.09883;
0.407243;9.09885;
0.407253;9.09889;
0.407273;9.09898;
0.407293;9.09907;
0.407313;9.09916;
0.407333;9.09924;
0.407353;9.09933;
0.407373;9.09942;
0.407393;9.09951;
0.407413;9.09959;
0.407433;9.09968;
0.407453;9.09977;
0.407473;9.09986;
0.407493;9.09995;
0.407513;9.10003;
0.407533;9.10012;
0.407553;9.10021;
0.407573;9.1003;
0.407593;9.10039;
0.407613;9.10048;
0.407633;9.10056;
0.407653;9.10065;
0.407673;9.10074;
0.407693;9.10083;
0.407713;9.10092;
0.407733;9.10101;
0.407753;9.1011;
0.407773;9.10119;
0.407793;9.10128;
0.407813;9.10137;
0.407833;9.10146;
0.407853;9.10155;
0.407873;9.10163;
0.407893;9.10172;
0.407898;9.10175;
0.407898;9.10175;
0.407898;9.10175;
0.407899;9.10175;
0.407899;9.10175;
0.407899;9.10175;
0.407899;9.10175;
0.4079;9.10175;
0.4079;9.10176;
0.407901;9.10176;
0.407904;9.10177;
0.407909;9.1018;
0.407919;9.10184;
0.407939;9.10193;
0.407959;9.10202;
0.407979;9.10211;
0.407995;9.10218;
0.408012;9.10226;
0.408031;9.10234;
0.408051;9.10244;
0.408071;9.10253;
0.408091;9.10262;
0.408111;9.10271;
0.408131;9.1028;
0.408151;9.10289;
0.408171;9.10298;
0.408191;9.10307;
0.408211;9.10316;
0.408231;9.10325;
0.408251;9.10334;
0.408271;9.10344;
0.408291;9.10353;
0.408311;9.10362;
0.408331;9.10371;
0.408351;9.1038;
0.408371;9.10389;
0.408391;9.10399;
0.408411;9.10408;
0.408431;9.10417;
0.408451;9.10426;
0.408471;9.10435;
0.408491;9.10445;
0.408511;9.10454;
0.408531;9.10463;
0.408551;9.10472;
0.408565;9.10479;
0.408565;9.10479;
0.408565;9.10479;
0.408566;9.10479;
0.408566;9.10479;
0.408566;9.10479;
0.408566;9.10479;
0.408567;9.1048;
0.408567;9.1048;
0.408568;9.1048;
0.408571;9.10482;
0.408576;9.10484;
0.408586;9.10489;
0.408606;9.10498;
0.408626;9.10507;
0.408646;9.10517;
0.408666;9.10526;
0.408686;9.10535;
0.408706;9.10544;
0.408726;9.10554;
0.408746;9.10563;
0.408766;9.10572;
0.408786;9.10582;
0.408806;9.10591;
0.408826;9.10601;
0.408846;9.1061;
0.408866;9.10619;
0.408886;9.10629;
0.408906;9.10638;
0.408926;9.10648;
0.408946;9.10657;
0.408966;9.10666;
0.408986;9.10676;
0.409006;9.10685;
0.409026;9.10695;
0.409046;9.10704;
0.409066;9.10714;
0.409086;9.10723;
0.409106;9.10733;
0.409126;9.10742;
0.409146;9.10752;
0.409166;9.10761;
0.409186;9.10771;
0.409206;9.1078;
0.409226;9.1079;
0.409231;9.10792;
0.409233;9.10793;
0.409237;9.10795;
0.409245;9.10799;
0.409261;9.10806;
0.409271;9.10811;
0.40928;9.10815;
0.409288;9.10818;
0.409296;9.10821;
0.409311;9.10828;
0.409326;9.10834;
0.409342;9.10841;
0.409362;9.1085;
0.409382;9.10858;
0.409402;9.10867;
0.409422;9.10875;
0.409442;9.10884;
0.409462;9.10892;
0.409482;9.10901;
0.409502;9.1091;
0.409522;9.10918;
0.409542;9.10927;
0.409562;9.10935;
0.409582;9.10944;
0.409602;9.10953;
0.409622;9.10961;
0.409642;9.1097;
0.409662;9.10979;
0.409682;9.10987;
0.409702;9.10996;
0.409722;9.11005;
0.409742;9.11013;
0.409762;9.11022;
0.409782;9.11031;
0.409802;9.11039;
0.409822;9.11048;
0.409842;9.11057;
0.409862;9.11066;
0.409882;9.11074;
0.409898;9.11081;
0.409898;9.11081;
0.409898;9.11081;
0.409899;9.11082;
0.409899;9.11082;
0.409899;9.11082;
0.409899;9.11082;
0.4099;9.11082;
0.4099;9.11082;
0.409901;9.11083;
0.409904;9.11084;
0.409909;9.11086;
0.409919;9.11091;
0.409939;9.11099;
0.409959;9.11108;
0.409979;9.11117;
0.409999;9.11126;
0.410019;9.11135;
0.410039;9.11143;
0.410059;9.11152;
0.410079;9.11161;
0.410099;9.1117;
0.410119;9.11179;
0.410139;9.11188;
0.410159;9.11197;
0.410179;9.11205;
0.410199;9.11214;
0.410219;9.11223;
0.410239;9.11232;
0.410259;9.11241;
0.410279;9.1125;
0.410299;9.11259;
0.410319;9.11268;
0.410339;9.11277;
0.410359;9.11286;
0.410379;9.11295;
0.410399;9.11304;
0.410419;9.11313;
0.410439;9.11322;
0.410459;9.11331;
0.410479;9.1134;
0.410499;9.11349;
0.410519;9.11358;
0.410539;9.11367;
0.410559;9.11376;
0.410564;9.11378;
0.410564;9.11378;
0.410564;9.11378;
0.410565;9.11378;
0.410565;9.11378;
0.410565;9.11378;
0.410565;9.11378;
0.410566;9.11378;
0.410566;9.11379;
0.410567;9.11379;
0.41057;9.1138;
0.410575;9.11383;
0.410585;9.11387;
0.410602;9.11395;
0.41062;9.11403;
0.41064;9.11412;
0.41066;9.11421;
0.41068;9.1143;
0.4107;9.11439;
0.41072;9.11448;
0.41074;9.11458;
0.41076;9.11467;
0.41078;9.11476;
0.4108;9.11485;
0.41082;9.11494;
0.41084;9.11503;
0.41086;9.11512;
0.41088;9.11522;
0.4109;9.11531;
0.41092;9.1154;
0.41094;9.11549;
0.41096;9.11558;
0.41098;9.11568;
0.411;9.11577;
0.41102;9.11586;
0.41104;9.11595;
0.41106;9.11604;
0.41108;9.11614;
0.4111;9.11623;
0.41112;9.11632;
0.41114;9.11641;
0.41116;9.11651;
0.41118;9.1166;
0.4112;9.11669;
0.41122;9.11679;
0.411231;9.11684;
0.411231;9.11684;
0.411231;9.11684;
0.411232;9.11684;
0.411232;9.11684;
0.411232;9.11684;
0.411232;9.11684;
0.411233;9.11685;
0.411233;9.11685;
0.411234;9.11685;
0.411237;9.11687;
0.411242;9.11689;
0.411252;9.11694;
0.411272;9.11703;
0.411292;9.11712;
0.411312;9.11722;
0.411332;9.11731;
0.411352;9.11741;
0.411372;9.1175;
0.411392;9.11759;
0.411412;9.11769;
0.411432;9.11778;
0.411452;9.11787;
0.411472;9.11797;
0.411492;9.11806;
0.411512;9.11816;
0.411532;9.11825;
0.411552;9.11835;
0.411572;9.11844;
0.411592;9.11854;
0.411612;9.11863;
0.411632;9.11872;
0.411652;9.11882;
0.411672;9.11891;
0.411692;9.11901;
0.411712;9.1191;
0.411732;9.1192;
0.411752;9.1193;
0.411772;9.11939;
0.411792;9.11949;
0.411812;9.11958;
0.411832;9.11968;
0.411852;9.11977;
0.411872;9.11987;
0.411892;9.11996;
0.411897;9.11999;
0.411897;9.11999;
0.411897;9.11999;
0.411898;9.11999;
0.411898;9.11999;
0.411898;9.11999;
0.411898;9.11999;
0.411899;9.11999;
0.411899;9.12;
0.4119;9.12;
0.411903;9.12002;
0.411908;9.12004;
0.411918;9.12009;
0.411924;9.12011;
0.411929;9.12013;
0.411934;9.12015;
0.411939;9.12016;
0.411949;9.12019;
0.411967;9.12025;
0.411981;9.12029;
0.411995;9.12033;
0.412011;9.12038;
0.412031;9.12045;
0.412051;9.12051;
0.412071;9.12057;
0.412091;9.12064;
0.412111;9.1207;
0.412131;9.12076;
0.412151;9.12083;
0.412171;9.12089;
0.412191;9.12096;
0.412211;9.12102;
0.412231;9.12108;
0.412251;9.12115;
0.412271;9.12121;
0.412291;9.12128;
0.412311;9.12134;
0.412331;9.1214;
0.412351;9.12147;
0.412371;9.12153;
0.412391;9.1216;
0.412411;9.12166;
0.412431;9.12173;
0.412451;9.12179;
0.412471;9.12186;
0.412491;9.12192;
0.412511;9.12199;
0.412531;9.12205;
0.412551;9.12212;
0.412564;9.12216;
0.412564;9.12216;
0.412564;9.12216;
0.412565;9.12217;
0.412565;9.12217;
0.412565;9.12217;
0.412565;9.12217;
0.412566;9.12217;
0.412566;9.12217;
0.412567;9.12217;
0.41257;9.12218;
0.412575;9.1222;
0.412585;9.12223;
0.412605;9.1223;
0.412625;9.12237;
0.412645;9.12243;
0.412665;9.1225;
0.412685;9.12256;
0.412705;9.12263;
0.412725;9.1227;
0.412745;9.12276;
0.412765;9.12283;
0.412785;9.1229;
0.412805;9.12296;
0.412825;9.12303;
0.412845;9.1231;
0.412865;9.12316;
0.412885;9.12323;
0.412905;9.1233;
0.412925;9.12337;
0.412945;9.12343;
0.412965;9.1235;
0.412985;9.12357;
0.413005;9.12364;
0.413025;9.1237;
0.413045;9.12377;
0.413065;9.12384;
0.413085;9.12391;
0.413105;9.12398;
0.413125;9.12405;
0.413145;9.12411;
0.413165;9.12418;
0.413185;9.12425;
0.413205;9.12432;
0.413225;9.12439;
0.41323;9.1244;
0.41323;9.1244;
0.41323;9.12441;
0.413231;9.12441;
0.413231;9.12441;
0.413231;9.12441;
0.413231;9.12441;
0.413232;9.12441;
0.413232;9.12441;
0.413233;9.12442;
0.413236;9.12442;
0.413241;9.12444;
0.413251;9.12448;
0.413271;9.12455;
0.413291;9.12462;
0.413311;9.12468;
0.413331;9.12475;
0.413351;9.12482;
0.413371;9.12489;
0.413391;9.12496;
0.413411;9.12503;
0.413431;9.1251;
0.413451;9.12517;
0.413471;9.12524;
0.413491;9.12531;
0.413511;9.12538;
0.413531;9.12545;
0.413551;9.12552;
0.413571;9.12559;
0.413591;9.12566;
0.413611;9.12573;
0.413631;9.1258;
0.413651;9.12588;
0.413671;9.12595;
0.413691;9.12602;
0.413711;9.12609;
0.413731;9.12616;
0.413751;9.12623;
0.413771;9.1263;
0.413791;9.12637;
0.413811;9.12645;
0.413831;9.12652;
0.413851;9.12659;
0.413871;9.12666;
0.413891;9.12673;
0.413897;9.12675;
0.413897;9.12675;
0.413897;9.12676;
0.413898;9.12676;
0.413898;9.12676;
0.413898;9.12676;
0.413898;9.12676;
0.413899;9.12676;
0.413899;9.12676;
0.4139;9.12677;
0.413903;9.12678;
0.413908;9.12679;
0.413918;9.12683;
0.413938;9.1269;
0.413958;9.12698;
0.413978;9.12705;
0.413998;9.12712;
0.414018;9.12719;
0.414038;9.12727;
0.414058;9.12734;
0.414078;9.12741;
0.414098;9.12748;
0.414118;9.12756;
0.414138;9.12763;
0.414158;9.1277;
0.414178;9.12778;
0.414198;9.12785;
0.414218;9.12792;
0.414238;9.128;
0.414258;9.12807;
0.414278;9.12815;
0.414298;9.12822;
0.414318;9.12829;
0.414338;9.12837;
0.414358;9.12844;
0.414378;9.12852;
0.414398;9.12859;
0.414418;9.12866;
0.414438;9.12874;
0.414458;9.12881;
0.414478;9.12889;
0.414498;9.12896;
0.414518;9.12904;
0.414538;9.12911;
0.414558;9.12919;
0.414563;9.12921;
0.414563;9.12921;
0.414563;9.12921;
0.414564;9.12921;
0.414564;9.12921;
0.414564;9.12921;
0.414564;9.12921;
0.414565;9.12921;
0.414565;9.12921;
0.414566;9.12922;
0.414569;9.12923;
0.414574;9.12925;
0.414584;9.12929;
0.414604;9.12936;
0.414624;9.12944;
0.414644;9.12951;
0.414663;9.12958;
0.414683;9.12966;
0.414703;9.12973;
0.414723;9.12981;
0.414743;9.12988;
0.414763;9.12996;
0.414783;9.13004;
0.414803;9.13011;
0.414823;9.13019;
0.414843;9.13027;
0.414863;9.13034;
0.414883;9.13042;
0.414903;9.1305;
0.414923;9.13057;
0.414943;9.13065;
0.414963;9.13073;
0.414983;9.1308;
0.415003;9.13088;
0.415023;9.13096;
0.415043;9.13103;
0.415063;9.13111;
0.415083;9.13119;
0.415103;9.13127;
0.415123;9.13134;
0.415143;9.13142;
0.415163;9.1315;
0.415183;9.13158;
0.415203;9.13166;
0.415223;9.13173;
0.41523;9.13176;
0.41523;9.13176;
0.41523;9.13176;
0.415231;9.13176;
0.415231;9.13177;
0.415231;9.13177;
0.415231;9.13177;
0.415232;9.13177;
0.415232;9.13177;
0.415233;9.13178;
0.415236;9.13179;
0.415241;9.13181;
0.415251;9.13185;
0.415271;9.13192;
0.415291;9.132;
0.415311;9.13208;
0.415331;9.13216;
0.415351;9.13224;
0.415371;9.13232;
0.415391;9.1324;
0.415411;9.13247;
0.415431;9.13255;
0.415451;9.13263;
0.415471;9.13271;
0.415491;9.13279;
0.415511;9.13287;
0.415531;9.13295;
0.415551;9.13303;
0.415571;9.13311;
0.415591;9.13319;
0.415611;9.13327;
0.415631;9.13335;
0.415651;9.13343;
0.415671;9.13351;
0.415691;9.13359;
0.415711;9.13367;
0.415731;9.13375;
0.415751;9.13383;
0.415771;9.13391;
0.415791;9.13399;
0.415811;9.13407;
0.415831;9.13415;
0.415851;9.13423;
0.415871;9.13431;
0.415891;9.1344;
0.415896;9.13441;
0.415896;9.13441;
0.415896;9.13442;
0.415897;9.13442;
0.415897;9.13442;
0.415897;9.13442;
0.415897;9.13442;
0.415898;9.13442;
0.415898;9.13442;
0.415899;9.13443;
0.415902;9.13444;
0.415907;9.13446;
0.415917;9.1345;
0.415937;9.13458;
0.415957;9.13466;
0.415977;9.13475;
0.415995;9.13482;
0.416013;9.13489;
0.416033;9.13497;
0.416053;9.13505;
0.416073;9.13513;
0.416093;9.13522;
0.416113;9.1353;
0.416133;9.13538;
0.416153;9.13546;
0.416173;9.13555;
0.416193;9.13563;
0.416213;9.13571;
0.416233;9.13579;
0.416253;9.13588;
0.416273;9.13596;
0.416293;9.13604;
0.416313;9.13612;
0.416333;9.13621;
0.416353;9.13629;
0.416373;9.13637;
0.416393;9.13646;
0.416413;9.13654;
0.416433;9.13662;
0.416453;9.13671;
0.416473;9.13679;
0.416493;9.13687;
0.416513;9.13696;
0.416533;9.13704;
0.416553;9.13713;
0.416563;9.13717;
0.416563;9.13717;
0.416563;9.13717;
0.416564;9.13717;
0.416564;9.13717;
0.416564;9.13717;
0.416564;9.13717;
0.416565;9.13717;
0.416565;9.13718;
0.416566;9.13718;
0.416569;9.13719;
0.416574;9.13721;
0.416584;9.13726;
0.416604;9.13734;
0.416624;9.13743;
0.416644;9.13751;
0.416664;9.1376;
0.416684;9.13768;
0.416704;9.13776;
0.416724;9.13785;
0.416744;9.13793;
0.416764;9.13802;
0.416784;9.1381;
0.416804;9.13819;
0.416824;9.13827;
0.416844;9.13836;
0.416864;9.13844;
0.416884;9.13853;
0.416904;9.13861;
0.416924;9.1387;
0.416944;9.13879;
0.416964;9.13887;
0.416984;9.13896;
0.417004;9.13904;
0.417024;9.13913;
0.417044;9.13921;
0.417064;9.1393;
0.417084;9.13939;
0.417104;9.13947;
0.417124;9.13956;
0.417144;9.13965;
0.417164;9.13973;
0.417184;9.13982;
0.417204;9.13991;
0.417224;9.13999;
0.417229;9.14001;
0.417229;9.14001;
0.417229;9.14001;
0.41723;9.14002;
0.41723;9.14002;
0.41723;9.14002;
0.41723;9.14002;
0.417231;9.14002;
0.417231;9.14002;
0.417232;9.14003;
0.417235;9.14004;
0.41724;9.14006;
0.41725;9.14011;
0.417266;9.14017;
0.417278;9.14023;
0.41729;9.14028;
0.417305;9.14034;
0.417322;9.14041;
0.417335;9.14047;
0.417351;9.14054;
0.41737;9.14062;
0.41739;9.14071;
0.41741;9.1408;
0.41743;9.14088;
0.41745;9.14097;
0.41747;9.14106;
0.41749;9.14114;
0.41751;9.14123;
0.41753;9.14132;
0.41755;9.1414;
0.41757;9.14149;
0.41759;9.14158;
0.41761;9.14167;
0.41763;9.14175;
0.41765;9.14184;
0.41767;9.14193;
0.41769;9.14202;
0.41771;9.14211;
0.41773;9.14219;
0.41775;9.14228;
0.41777;9.14237;
0.41779;9.14246;
0.41781;9.14255;
0.41783;9.14263;
0.41785;9.14272;
0.41787;9.14281;
0.41789;9.1429;
0.417896;9.14293;
0.417896;9.14293;
0.417896;9.14293;
0.417897;9.14293;
0.417897;9.14293;
0.417897;9.14293;
0.417897;9.14293;
0.417898;9.14293;
0.417898;9.14294;
0.417899;9.14294;
0.417902;9.14295;
0.417907;9.14298;
0.417917;9.14302;
0.417937;9.14311;
0.417957;9.1432;
0.417977;9.14329;
0.417997;9.14338;
0.418017;9.14347;
0.418037;9.14355;
0.418057;9.14364;
0.418077;9.14373;
0.418097;9.14382;
0.418117;9.14391;
0.418137;9.144;
0.418157;9.14409;
0.418177;9.14418;
0.418197;9.14427;
0.418217;9.14436;
0.418237;9.14445;
0.418257;9.14454;
0.418277;9.14463;
0.418297;9.14472;
0.418317;9.14481;
0.418337;9.1449;
0.418357;9.14499;
0.418377;9.14508;
0.418397;9.14517;
0.418417;9.14527;
0.418437;9.14536;
0.418457;9.14545;
0.418477;9.14554;
0.418497;9.14563;
0.418517;9.14572;
0.418537;9.14581;
0.418557;9.1459;
0.418562;9.14592;
0.418562;9.14592;
0.418562;9.14593;
0.418563;9.14593;
0.418563;9.14593;
0.418563;9.14593;
0.418563;9.14593;
0.418564;9.14593;
0.418564;9.14593;
0.418565;9.14594;
0.418568;9.14595;
0.418573;9.14598;
0.418579;9.146;
0.418582;9.14601;
0.418586;9.14602;
0.41859;9.14603;
0.418593;9.14604;
0.418598;9.14605;
0.418609;9.14608;
0.418629;9.14612;
0.418647;9.14617;
0.418667;9.14621;
0.418685;9.14626;
0.418705;9.1463;
0.418725;9.14635;
0.418745;9.1464;
0.418765;9.14645;
0.418785;9.14649;
0.418805;9.14654;
0.418825;9.14659;
0.418845;9.14664;
0.418865;9.14668;
0.418885;9.14673;
0.418905;9.14678;
0.418925;9.14683;
0.418945;9.14688;
0.418965;9.14693;
0.418985;9.14698;
0.419005;9.14702;
0.419025;9.14707;
0.419045;9.14712;
0.419065;9.14717;
0.419085;9.14722;
0.419105;9.14727;
0.419125;9.14732;
0.419145;9.14737;
0.419165;9.14742;
0.419185;9.14747;
0.419205;9.14752;
0.419225;9.14757;
0.419229;9.14758;
0.419229;9.14758;
0.419229;9.14758;
0.41923;9.14758;
0.41923;9.14758;
0.41923;9.14758;
0.41923;9.14758;
0.419231;9.14758;
0.419231;9.14758;
0.419232;9.14759;
0.419235;9.14759;
0.41924;9.14761;
0.41925;9.14763;
0.41927;9.14768;
0.41929;9.14773;
0.41931;9.14778;
0.41933;9.14783;
0.41935;9.14788;
0.41937;9.14793;
0.41939;9.14798;
0.41941;9.14804;
0.41943;9.14809;
0.41945;9.14814;
0.41947;9.14819;
0.41949;9.14824;
0.41951;9.14829;
0.41953;9.14834;
0.41955;9.1484;
0.41957;9.14845;
0.41959;9.1485;
0.41961;9.14855;
0.41963;9.1486;
0.41965;9.14866;
0.41967;9.14871;
0.41969;9.14876;
0.41971;9.14881;
0.41973;9.14887;
0.41975;9.14892;
0.41977;9.14897;
0.41979;9.14902;
0.41981;9.14908;
0.41983;9.14913;
0.41985;9.14918;
0.41987;9.14924;
0.41989;9.14929;
0.419895;9.1493;
0.419895;9.1493;
0.419895;9.1493;
0.419896;9.1493;
0.419896;9.14931;
0.419896;9.14931;
0.419896;9.14931;
0.419897;9.14931;
0.419897;9.14931;
0.419898;9.14931;
0.419901;9.14932;
0.419906;9.14933;
0.419916;9.14936;
0.419933;9.1494;
0.41995;9.14945;
0.41997;9.1495;
0.41999;9.14956;
0.42001;9.14961;
0.42003;9.14967;
0.42005;9.14972;
0.42007;9.14977;
0.42009;9.14983;
0.42011;9.14988;
0.42013;9.14994;
0.42015;9.14999;
0.42017;9.15005;
0.42019;9.1501;
0.42021;9.15016;
0.42023;9.15021;
0.42025;9.15027;
0.42027;9.15032;
0.42029;9.15038;
0.42031;9.15044;
0.42033;9.15049;
0.42035;9.15055;
0.42037;9.1506;
0.42039;9.15066;
0.42041;9.15072;
0.42043;9.15077;
0.42045;9.15083;
0.42047;9.15088;
0.42049;9.15094;
0.42051;9.151;
0.42053;9.15105;
0.42055;9.15111;
0.420562;9.15114;
0.420562;9.15114;
0.420562;9.15115;
0.420563;9.15115;
0.420563;9.15115;
0.420563;9.15115;
0.420563;9.15115;
0.420564;9.15115;
0.420564;9.15115;
0.420565;9.15115;
0.420568;9.15116;
0.420573;9.15118;
0.420583;9.15121;
0.420603;9.15126;
0.420623;9.15132;
0.420643;9.15138;
0.420663;9.15143;
0.420683;9.15149;
0.420703;9.15155;
0.420723;9.15161;
0.420743;9.15167;
0.420763;9.15172;
0.420783;9.15178;
0.420803;9.15184;
0.420823;9.1519;
0.420843;9.15196;
0.420863;9.15201;
0.420883;9.15207;
0.420903;9.15213;
0.420923;9.15219;
0.420943;9.15225;
0.420963;9.15231;
0.420983;9.15237;
0.421003;9.15243;
0.421023;9.15248;
0.421043;9.15254;
0.421063;9.1526;
0.421083;9.15266;
0.421103;9.15272;
0.421123;9.15278;
0.421143;9.15284;
0.421163;9.1529;
0.421183;9.15296;
0.421203;9.15302;
0.421223;9.15308;
0.421228;9.1531;
0.421228;9.1531;
0.421228;9.1531;
0.421229;9.1531;
0.421229;9.1531;
0.421229;9.1531;
0.421229;9.1531;
0.42123;9.1531;
0.42123;9.1531;
0.421231;9.15311;
0.421234;9.15311;
0.421239;9.15313;
0.421249;9.15316;
0.421269;9.15322;
0.421289;9.15328;
0.421309;9.15334;
0.421329;9.1534;
0.421349;9.15346;
0.421369;9.15352;
0.421389;9.15358;
0.421409;9.15364;
0.421429;9.15371;
0.421449;9.15377;
0.421469;9.15383;
0.421489;9.15389;
0.421509;9.15395;
0.421529;9.15401;
0.421549;9.15407;
0.421569;9.15414;
0.421589;9.1542;
0.421609;9.15426;
0.421629;9.15432;
0.421649;9.15439;
0.421669;9.15445;
0.421689;9.15451;
0.421709;9.15457;
0.421729;9.15464;
0.421749;9.1547;
0.421769;9.15476;
0.421789;9.15482;
0.421809;9.15489;
0.421829;9.15495;
0.421849;9.15501;
0.421869;9.15508;
0.421889;9.15514;
0.421895;9.15516;
0.421895;9.15516;
0.421895;9.15516;
0.421896;9.15516;
0.421896;9.15516;
0.421896;9.15516;
0.421896;9.15516;
0.421897;9.15516;
0.421897;9.15517;
0.421898;9.15517;
0.421901;9.15518;
0.421906;9.1552;
0.421916;9.15523;
0.421936;9.15529;
0.421956;9.15536;
0.421976;9.15542;
0.421996;9.15548;
0.422016;9.15555;
0.422036;9.15561;
0.422056;9.15568;
0.422076;9.15574;
0.422096;9.1558;
0.422116;9.15587;
0.422136;9.15593;
0.422156;9.156;
0.422176;9.15606;
0.422196;9.15613;
0.422216;9.15619;
0.422236;9.15626;
0.422256;9.15632;
0.422276;9.15639;
0.422296;9.15645;
0.422316;9.15652;
0.422336;9.15659;
0.422356;9.15665;
0.422376;9.15672;
0.422396;9.15678;
0.422416;9.15685;
0.422436;9.15691;
0.422456;9.15698;
0.422476;9.15705;
0.422496;9.15711;
0.422516;9.15718;
0.422536;9.15725;
0.422556;9.15731;
0.422561;9.15733;
0.422561;9.15733;
0.422561;9.15733;
0.422562;9.15733;
0.422562;9.15733;
0.422562;9.15733;
0.422562;9.15733;
0.422563;9.15733;
0.422563;9.15734;
0.422564;9.15734;
0.422567;9.15735;
0.422572;9.15737;
0.422582;9.1574;
0.422602;9.15747;
0.422622;9.15753;
0.422642;9.1576;
0.422662;9.15767;
0.422682;9.15773;
0.422702;9.1578;
0.422722;9.15787;
0.422742;9.15794;
0.422762;9.158;
0.422782;9.15807;
0.422802;9.15814;
0.422822;9.15821;
0.422842;9.15828;
0.422862;9.15834;
0.422882;9.15841;
0.422902;9.15848;
0.422922;9.15855;
0.422942;9.15862;
0.422962;9.15869;
0.422982;9.15875;
0.423002;9.15882;
0.423022;9.15889;
0.423042;9.15896;
0.423062;9.15903;
0.423082;9.1591;
0.423102;9.15917;
0.423122;9.15924;
0.423142;9.15931;
0.423162;9.15938;
0.423182;9.15945;
0.423202;9.15952;
0.423222;9.15958;
0.423228;9.1596;
0.423228;9.1596;
0.423228;9.15961;
0.423229;9.15961;
0.423229;9.15961;
0.423229;9.15961;
0.423229;9.15961;
0.42323;9.15961;
0.42323;9.15961;
0.423231;9.15962;
0.423234;9.15963;
0.423239;9.15964;
0.423249;9.15968;
0.423269;9.15975;
0.423289;9.15982;
0.423309;9.15989;
0.423329;9.15996;
0.423349;9.16003;
0.423369;9.1601;
0.423389;9.16017;
0.423409;9.16024;
0.423429;9.16031;
0.423449;9.16038;
0.423469;9.16045;
0.423489;9.16052;
0.423509;9.1606;
0.423529;9.16067;
0.423549;9.16074;
0.423569;9.16081;
0.423589;9.16088;
0.423609;9.16095;
0.423629;9.16102;
0.423649;9.1611;
0.423669;9.16117;
0.423689;9.16124;
0.423709;9.16131;
0.423729;9.16138;
0.423749;9.16146;
0.423769;9.16153;
0.423789;9.1616;
0.423809;9.16167;
0.423829;9.16175;
0.423849;9.16182;
0.423869;9.16189;
0.423889;9.16196;
0.423894;9.16198;
0.423894;9.16198;
0.423894;9.16198;
0.423895;9.16198;
0.423895;9.16198;
0.423895;9.16198;
0.423895;9.16198;
0.423896;9.16199;
0.423896;9.16199;
0.423897;9.16199;
0.4239;9.162;
0.423905;9.16202;
0.423915;9.16206;
0.423935;9.16213;
0.423955;9.1622;
0.423975;9.16228;
0.423995;9.16235;
0.424015;9.16242;
0.424035;9.1625;
0.424055;9.16257;
0.424075;9.16264;
0.424095;9.16272;
0.424115;9.16279;
0.424135;9.16287;
0.424155;9.16294;
0.424175;9.16301;
0.424195;9.16309;
0.424215;9.16316;
0.424235;9.16324;
0.424255;9.16331;
0.424275;9.16339;
0.424295;9.16346;
0.424315;9.16354;
0.424335;9.16361;
0.424355;9.16368;
0.424375;9.16376;
0.424395;9.16383;
0.424415;9.16391;
0.424435;9.16399;
0.424455;9.16406;
0.424475;9.16414;
0.424495;9.16421;
0.424515;9.16429;
0.424535;9.16436;
0.424555;9.16444;
0.424561;9.16446;
0.424561;9.16446;
0.424561;9.16446;
0.424562;9.16446;
0.424562;9.16446;
0.424562;9.16446;
0.424562;9.16446;
0.424563;9.16447;
0.424563;9.16447;
0.424564;9.16447;
0.424567;9.16448;
0.424572;9.1645;
0.424582;9.16454;
0.424602;9.16462;
0.424622;9.16469;
0.424642;9.16477;
0.424662;9.16485;
0.424682;9.16492;
0.424702;9.165;
0.424722;9.16507;
0.424742;9.16515;
0.424762;9.16523;
0.424782;9.1653;
0.424802;9.16538;
0.424822;9.16546;
0.424842;9.16554;
0.424862;9.16561;
0.424882;9.16569;
0.424902;9.16577;
0.424922;9.16584;
0.424942;9.16592;
0.424962;9.166;
0.424982;9.16608;
0.425002;9.16615;
0.425022;9.16623;
0.425042;9.16631;
0.425062;9.16639;
0.425082;9.16647;
0.425102;9.16654;
0.425122;9.16662;
0.425142;9.1667;
0.425162;9.16678;
0.425182;9.16686;
0.425202;9.16694;
0.425222;9.16702;
0.425227;9.16703;
0.425227;9.16703;
0.425227;9.16704;
0.425228;9.16704;
0.425228;9.16704;
0.425228;9.16704;
0.425228;9.16704;
0.425229;9.16704;
0.425229;9.16704;
0.42523;9.16705;
0.425233;9.16706;
0.425238;9.16708;
0.425248;9.16712;
0.425263;9.16718;
0.425278;9.16724;
0.425293;9.1673;
0.425313;9.16737;
0.42533;9.16744;
0.425348;9.16751;
0.425368;9.16759;
0.425388;9.16767;
0.425408;9.16775;
0.425428;9.16783;
0.425448;9.16791;
0.425468;9.16799;
0.425488;9.16807;
0.425508;9.16815;
0.425528;9.16823;
0.425548;9.16831;
0.425568;9.16839;
0.425588;9.16847;
0.425608;9.16855;
0.425628;9.16863;
0.425648;9.16871;
0.425668;9.16879;
0.425688;9.16887;
0.425708;9.16895;
0.425728;9.16903;
0.425748;9.16912;
0.425768;9.1692;
0.425788;9.16928;
0.425808;9.16936;
0.425828;9.16944;
0.425848;9.16952;
0.425868;9.1696;
0.425888;9.16968;
0.425894;9.16971;
0.425894;9.16971;
0.425894;9.16971;
0.425895;9.16971;
0.425895;9.16971;
0.425895;9.16971;
0.425895;9.16971;
0.425896;9.16971;
0.425896;9.16972;
0.425897;9.16972;
0.4259;9.16973;
0.425905;9.16975;
0.425915;9.1698;
0.425935;9.16988;
0.425955;9.16996;
0.425975;9.17004;
0.425995;9.17012;
0.426015;9.1702;
0.426035;9.17029;
0.426055;9.17037;
0.426075;9.17045;
0.426095;9.17053;
0.426115;9.17062;
0.426135;9.1707;
0.426155;9.17078;
0.426175;9.17086;
0.426195;9.17095;
0.426215;9.17103;
0.426235;9.17111;
0.426255;9.1712;
0.426275;9.17128;
0.426295;9.17136;
0.426315;9.17145;
0.426335;9.17153;
0.426355;9.17161;
0.426375;9.1717;
0.426395;9.17178;
0.426415;9.17186;
0.426435;9.17195;
0.426455;9.17203;
0.426475;9.17212;
0.426495;9.1722;
0.426515;9.17228;
0.426535;9.17237;
0.426555;9.17245;
0.42656;9.17247;
0.42656;9.17247;
0.42656;9.17247;
0.426561;9.17247;
0.426561;9.17248;
0.426561;9.17248;
0.426561;9.17248;
0.426562;9.17248;
0.426562;9.17248;
0.426563;9.17249;
0.426566;9.1725;
0.426571;9.17252;
0.426578;9.17255;
0.426583;9.17256;
0.426586;9.17257;
0.426592;9.17259;
0.426597;9.1726;
0.426603;9.17261;
0.426615;9.17264;
0.42663;9.17267;
0.426649;9.17272;
0.426668;9.17276;
0.426685;9.1728;
0.426705;9.17285;
0.426725;9.17289;
0.426745;9.17294;
0.426765;9.17299;
0.426785;9.17303;
0.426805;9.17308;
0.426825;9.17313;
0.426845;9.17317;
0.426865;9.17322;
0.426885;9.17327;
0.426905;9.17331;
0.426925;9.17336;
0.426945;9.17341;
0.426965;9.17346;
0.426985;9.17351;
0.427005;9.17355;
0.427025;9.1736;
0.427045;9.17365;
0.427065;9.1737;
0.427085;9.17375;
0.427105;9.17379;
0.427125;9.17384;
0.427145;9.17389;
0.427165;9.17394;
0.427185;9.17399;
0.427205;9.17404;
0.427225;9.17409;
0.427227;9.17409;
0.427227;9.17409;
0.427227;9.17409;
0.427228;9.17409;
0.427228;9.17409;
0.427228;9.17409;
0.427228;9.17409;
0.427229;9.17409;
0.427229;9.1741;
0.42723;9.1741;
0.427233;9.17411;
0.427238;9.17412;
0.427248;9.17414;
0.427268;9.17419;
0.427288;9.17424;
0.427308;9.17429;
0.427328;9.17434;
0.427348;9.17439;
0.427368;9.17444;
0.427388;9.17449;
0.427408;9.17454;
0.427428;9.17459;
0.427448;9.17464;
0.427468;9.17469;
0.427488;9.17474;
0.427508;9.17479;
0.427528;9.17484;
0.427548;9.17489;
0.427568;9.17494;
0.427588;9.17499;
0.427608;9.17505;
0.427628;9.1751;
0.427648;9.17515;
0.427668;9.1752;
0.427688;9.17525;
0.427708;9.1753;
0.427728;9.17535;
0.427748;9.17541;
0.427768;9.17546;
0.427788;9.17551;
0.427808;9.17556;
0.427828;9.17561;
0.427848;9.17567;
0.427868;9.17572;
0.427888;9.17577;
0.427893;9.17578;
0.427893;9.17578;
0.427893;9.17578;
0.427894;9.17578;
0.427894;9.17578;
0.427894;9.17578;
0.427894;9.17579;
0.427895;9.17579;
0.427895;9.17579;
0.427896;9.17579;
0.427899;9.1758;
0.427904;9.17581;
0.427914;9.17584;
0.427934;9.17589;
0.427954;9.17594;
0.427974;9.176;
0.427994;9.17605;
0.428014;9.1761;
0.428034;9.17616;
0.428054;9.17621;
0.428074;9.17626;
0.428094;9.17632;
0.428114;9.17637;
0.428134;9.17642;
0.428154;9.17648;
0.428174;9.17653;
0.428194;9.17658;
0.428214;9.17664;
0.428234;9.17669;
0.428254;9.17675;
0.428274;9.1768;
0.428294;9.17686;
0.428314;9.17691;
0.428334;9.17697;
0.428354;9.17702;
0.428374;9.17707;
0.428394;9.17713;
0.428414;9.17718;
0.428434;9.17724;
0.428454;9.1773;
0.428474;9.17735;
0.428494;9.17741;
0.428514;9.17746;
0.428534;9.17752;
0.428554;9.17757;
0.42856;9.17759;
0.42856;9.17759;
0.42856;9.17759;
0.428561;9.17759;
0.428561;9.17759;
0.428561;9.17759;
0.428561;9.17759;
0.428562;9.17759;
0.428562;9.17759;
0.428563;9.1776;
0.428566;9.17761;
0.428571;9.17762;
0.428581;9.17765;
0.428601;9.1777;
0.428621;9.17776;
0.428641;9.17782;
0.428661;9.17787;
0.428681;9.17793;
0.428701;9.17799;
0.428721;9.17804;
0.428741;9.1781;
0.428761;9.17816;
0.428781;9.17821;
0.428801;9.17827;
0.428821;9.17833;
0.428841;9.17838;
0.428861;9.17844;
0.428881;9.1785;
0.428901;9.17856;
0.428921;9.17861;
0.428941;9.17867;
0.428961;9.17873;
0.428981;9.17879;
0.429001;9.17885;
0.429021;9.1789;
0.429041;9.17896;
0.429061;9.17902;
0.429081;9.17908;
0.429101;9.17914;
0.429121;9.17919;
0.429141;9.17925;
0.429161;9.17931;
0.429181;9.17937;
0.429201;9.17943;
0.429221;9.17949;
0.429226;9.1795;
0.429228;9.17951;
0.429232;9.17952;
0.42924;9.17954;
0.429256;9.17959;
0.429276;9.17965;
0.429296;9.17971;
0.429315;9.17977;
0.429335;9.17983;
0.429355;9.17989;
0.429375;9.17995;
0.429395;9.18001;
0.429415;9.18007;
0.429435;9.18013;
0.429455;9.18019;
0.429475;9.18025;
0.429495;9.18031;
0.429515;9.18037;
0.429535;9.18043;
0.429555;9.18049;
0.429575;9.18055;
0.429595;9.18061;
0.429615;9.18067;
0.429635;9.18073;
0.429655;9.18079;
0.429675;9.18085;
0.429695;9.18091;
0.429715;9.18098;
0.429735;9.18104;
0.429755;9.1811;
0.429775;9.18116;
0.429795;9.18122;
0.429815;9.18128;
0.429835;9.18135;
0.429855;9.18141;
0.429875;9.18147;
0.429893;9.18153;
0.429893;9.18153;
0.429893;9.18153;
0.429894;9.18153;
0.429894;9.18153;
0.429894;9.18153;
0.429894;9.18153;
0.429895;9.18153;
0.429895;9.18153;
0.429896;9.18154;
0.429899;9.18155;
0.429904;9.18156;
0.429914;9.18159;
0.429934;9.18166;
0.429954;9.18172;
0.429974;9.18178;
0.429994;9.18184;
0.430014;9.18191;
0.430034;9.18197;
0.430054;9.18203;
0.430074;9.1821;
0.430094;9.18216;
0.430114;9.18222;
0.430134;9.18229;
0.430154;9.18235;
0.430174;9.18241;
0.430194;9.18248;
0.430214;9.18254;
0.430234;9.18261;
0.430254;9.18267;
0.430274;9.18273;
0.430294;9.1828;
0.430314;9.18286;
0.430334;9.18293;
0.430354;9.18299;
0.430374;9.18306;
0.430394;9.18312;
0.430414;9.18318;
0.430434;9.18325;
0.430454;9.18331;
0.430474;9.18338;
0.430494;9.18344;
0.430514;9.18351;
0.430534;9.18358;
0.430554;9.18364;
0.430559;9.18366;
0.430559;9.18366;
0.430559;9.18366;
0.43056;9.18366;
0.43056;9.18366;
0.43056;9.18366;
0.43056;9.18366;
0.430561;9.18366;
0.430561;9.18366;
0.430562;9.18367;
0.430565;9.18368;
0.43057;9.18369;
0.43058;9.18373;
0.4306;9.18379;
0.43062;9.18386;
0.43064;9.18392;
0.43066;9.18399;
0.43068;9.18405;
0.4307;9.18412;
0.43072;9.18419;
0.43074;9.18425;
0.43076;9.18432;
0.43078;9.18438;
0.4308;9.18445;
0.43082;9.18452;
0.43084;9.18458;
0.43086;9.18465;
0.43088;9.18472;
0.4309;9.18479;
0.43092;9.18485;
0.43094;9.18492;
0.43096;9.18499;
0.43098;9.18505;
0.431;9.18512;
0.43102;9.18519;
0.43104;9.18526;
0.43106;9.18532;
0.43108;9.18539;
0.4311;9.18546;
0.43112;9.18553;
0.43114;9.1856;
0.43116;9.18566;
0.43118;9.18573;
0.4312;9.1858;
0.43122;9.18587;
0.431226;9.18589;
0.431226;9.18589;
0.431226;9.18589;
0.431227;9.18589;
0.431227;9.18589;
0.431227;9.18589;
0.431227;9.18589;
0.431228;9.1859;
0.431228;9.1859;
0.431229;9.1859;
0.431232;9.18591;
0.431237;9.18593;
0.431247;9.18596;
0.431267;9.18603;
0.431287;9.1861;
0.431307;9.18617;
0.431327;9.18624;
0.431347;9.18631;
0.431367;9.18638;
0.431387;9.18645;
0.431407;9.18652;
0.431427;9.18658;
0.431447;9.18665;
0.431467;9.18672;
0.431487;9.18679;
0.431507;9.18686;
0.431527;9.18693;
0.431547;9.187;
0.431567;9.18707;
0.431587;9.18714;
0.431607;9.18721;
0.431627;9.18728;
0.431647;9.18735;
0.431667;9.18742;
0.431687;9.18749;
0.431707;9.18757;
0.431727;9.18764;
0.431747;9.18771;
0.431767;9.18778;
0.431787;9.18785;
0.431807;9.18792;
0.431827;9.18799;
0.431847;9.18806;
0.431867;9.18813;
0.431887;9.18821;
0.431892;9.18822;
0.431894;9.18823;
0.431898;9.18824;
0.431906;9.18827;
0.431922;9.18833;
0.431942;9.1884;
0.431962;9.18847;
0.431982;9.18854;
0.432002;9.18862;
0.432022;9.18869;
0.432042;9.18876;
0.432062;9.18883;
0.432082;9.18891;
0.432102;9.18898;
0.432122;9.18905;
0.432142;9.18912;
0.432162;9.1892;
0.432182;9.18927;
0.432202;9.18934;
0.432222;9.18941;
0.432242;9.18949;
0.432262;9.18956;
0.432282;9.18963;
0.432302;9.18971;
0.432322;9.18978;
0.432342;9.18985;
0.432362;9.18993;
0.432382;9.19;
0.432402;9.19007;
0.432422;9.19015;
0.432442;9.19022;
0.432462;9.1903;
0.432482;9.19037;
0.432502;9.19044;
0.432522;9.19052;
0.432542;9.19059;
0.432559;9.19066;
0.432559;9.19066;
0.432559;9.19066;
0.43256;9.19066;
0.43256;9.19066;
0.43256;9.19066;
0.43256;9.19066;
0.432561;9.19066;
0.432561;9.19066;
0.432562;9.19067;
0.432565;9.19068;
0.43257;9.1907;
0.43258;9.19074;
0.4326;9.19081;
0.43262;9.19089;
0.43264;9.19096;
0.43266;9.19104;
0.43268;9.19111;
0.4327;9.19119;
0.43272;9.19126;
0.43274;9.19134;
0.43276;9.19141;
0.43278;9.19149;
0.4328;9.19156;
0.43282;9.19164;
0.43284;9.19171;
0.43286;9.19179;
0.43288;9.19186;
0.4329;9.19194;
0.43292;9.19202;
0.43294;9.19209;
0.43296;9.19217;
0.43298;9.19225;
0.433;9.19232;
0.43302;9.1924;
0.43304;9.19247;
0.43306;9.19255;
0.43308;9.19263;
0.4331;9.1927;
0.43312;9.19278;
0.43314;9.19286;
0.43316;9.19294;
0.43318;9.19301;
0.4332;9.19309;
0.43322;9.19317;
0.433225;9.19318;
0.433225;9.19318;
0.433225;9.19319;
0.433226;9.19319;
0.433226;9.19319;
0.433226;9.19319;
0.433226;9.19319;
0.433227;9.19319;
0.433227;9.19319;
0.433228;9.1932;
0.433231;9.19321;
0.433236;9.19323;
0.433246;9.19327;
0.433258;9.19331;
0.433268;9.19335;
0.433278;9.19338;
0.433288;9.19341;
0.433304;9.19346;
0.433318;9.19351;
0.433334;9.19356;
0.433354;9.19362;
0.433374;9.19369;
0.433394;9.19375;
0.433414;9.19382;
0.433434;9.19388;
0.433454;9.19394;
0.433474;9.19401;
0.433494;9.19407;
0.433514;9.19414;
0.433534;9.19421;
0.433554;9.19427;
0.433574;9.19434;
0.433594;9.1944;
0.433614;9.19447;
0.433634;9.19453;
0.433654;9.1946;
0.433674;9.19466;
0.433694;9.19473;
0.433714;9.1948;
0.433734;9.19486;
0.433754;9.19493;
0.433774;9.19499;
0.433794;9.19506;
0.433814;9.19513;
0.433834;9.19519;
0.433854;9.19526;
0.433874;9.19533;
0.433892;9.19539;
0.433892;9.19539;
0.433892;9.19539;
0.433893;9.19539;
0.433893;9.19539;
0.433893;9.19539;
0.433893;9.19539;
0.433894;9.19539;
0.433894;9.19539;
0.433895;9.1954;
0.433898;9.19541;
0.433903;9.19542;
0.433913;9.19546;
0.433933;9.19553;
0.433953;9.19559;
0.433973;9.19566;
0.433993;9.19573;
0.434013;9.19579;
0.434033;9.19586;
0.434053;9.19593;
0.434073;9.196;
0.434093;9.19606;
0.434113;9.19613;
0.434133;9.1962;
0.434153;9.19627;
0.434173;9.19634;
0.434193;9.19641;
0.434213;9.19647;
0.434233;9.19654;
0.434253;9.19661;
0.434273;9.19668;
0.434293;9.19675;
0.434313;9.19682;
0.434333;9.19689;
0.434353;9.19695;
0.434373;9.19702;
0.434393;9.19709;
0.434413;9.19716;
0.434433;9.19723;
0.434453;9.1973;
0.434473;9.19737;
0.434493;9.19744;
0.434513;9.19751;
0.434533;9.19758;
0.434553;9.19765;
0.434558;9.19766;
0.43456;9.19767;
0.434564;9.19769;
0.434572;9.19771;
0.434588;9.19777;
0.434608;9.19784;
0.434628;9.19791;
0.434648;9.19798;
0.434668;9.19805;
0.434688;9.19812;
0.434708;9.19819;
0.434728;9.19826;
0.434748;9.19833;
0.434768;9.1984;
0.434788;9.19847;
0.434808;9.19855;
0.434828;9.19862;
0.434848;9.19869;
0.434868;9.19876;
0.434888;9.19883;
0.434908;9.1989;
0.434928;9.19897;
0.434948;9.19904;
0.434968;9.19912;
0.434988;9.19919;
0.435008;9.19926;
0.435028;9.19933;
0.435048;9.1994;
0.435068;9.19948;
0.435088;9.19955;
0.435108;9.19962;
0.435128;9.19969;
0.435148;9.19977;
0.435168;9.19984;
0.435188;9.19991;
0.435208;9.19998;
0.435225;9.20004;
0.435225;9.20005;
0.435225;9.20005;
0.435226;9.20005;
0.435226;9.20005;
0.435226;9.20005;
0.435226;9.20005;
0.435227;9.20005;
0.435227;9.20005;
0.435228;9.20006;
0.435231;9.20007;
0.435236;9.20009;
0.435246;9.20012;
0.435266;9.2002;
0.435286;9.20027;
0.435306;9.20034;
0.435326;9.20042;
0.435346;9.20049;
0.435366;9.20056;
0.435386;9.20064;
0.435406;9.20071;
0.435426;9.20078;
0.435446;9.20086;
0.435466;9.20093;
0.435486;9.201;
0.435506;9.20108;
0.435526;9.20115;
0.435546;9.20123;
0.435566;9.2013;
0.435586;9.20138;
0.435606;9.20145;
0.435626;9.20152;
0.435646;9.2016;
0.435666;9.20167;
0.435686;9.20175;
0.435706;9.20182;
0.435726;9.2019;
0.435746;9.20197;
0.435766;9.20205;
0.435786;9.20212;
0.435806;9.2022;
0.435826;9.20227;
0.435846;9.20235;
0.435866;9.20243;
0.435886;9.2025;
0.435891;9.20252;
0.435891;9.20252;
0.435891;9.20252;
0.435892;9.20252;
0.435892;9.20252;
0.435892;9.20252;
0.435892;9.20252;
0.435893;9.20252;
0.435893;9.20253;
0.435894;9.20253;
0.435897;9.20254;
0.435902;9.20256;
0.435912;9.2026;
0.435924;9.20264;
0.435935;9.20268;
0.435945;9.20271;
0.435956;9.20275;
0.435972;9.2028;
0.435986;9.20285;
0.436002;9.2029;
0.436022;9.20296;
0.436042;9.20303;
0.436062;9.20309;
0.436082;9.20316;
0.436102;9.20322;
0.436122;9.20329;
0.436142;9.20336;
0.436162;9.20342;
0.436182;9.20349;
0.436202;9.20355;
0.436222;9.20362;
0.436242;9.20369;
0.436262;9.20375;
0.436282;9.20382;
0.436302;9.20388;
0.436322;9.20395;
0.436342;9.20402;
0.436362;9.20408;
0.436382;9.20415;
0.436402;9.20422;
0.436422;9.20428;
0.436442;9.20435;
0.436462;9.20442;
0.436482;9.20449;
0.436502;9.20455;
0.436522;9.20462;
0.436542;9.20469;
0.436558;9.20474;
0.436558;9.20474;
0.436558;9.20474;
0.436559;9.20474;
0.436559;9.20474;
0.436559;9.20474;
0.436559;9.20474;
0.43656;9.20475;
0.43656;9.20475;
0.436561;9.20475;
0.436564;9.20476;
0.436569;9.20478;
0.436579;9.20481;
0.436599;9.20488;
0.436619;9.20495;
0.436639;9.20502;
0.436659;9.20508;
0.436679;9.20515;
0.436699;9.20522;
0.436719;9.20529;
0.436739;9.20536;
0.436759;9.20542;
0.436779;9.20549;
0.436799;9.20556;
0.436819;9.20563;
0.436839;9.2057;
0.436859;9.20577;
0.436879;9.20584;
0.436899;9.20591;
0.436919;9.20598;
0.436939;9.20604;
0.436959;9.20611;
0.436979;9.20618;
0.436999;9.20625;
0.437019;9.20632;
0.437039;9.20639;
0.437059;9.20646;
0.437079;9.20653;
0.437099;9.2066;
0.437119;9.20667;
0.437139;9.20674;
0.437159;9.20681;
0.437179;9.20688;
0.437199;9.20695;
0.437219;9.20702;
0.437224;9.20704;
0.437226;9.20705;
0.43723;9.20706;
0.437238;9.20709;
0.437254;9.20714;
0.437274;9.20722;
0.437293;9.20728;
0.437313;9.20735;
0.43733;9.20741;
0.437347;9.20748;
0.437367;9.20754;
0.437387;9.20762;
0.437407;9.20769;
0.437427;9.20776;
0.437447;9.20783;
0.437467;9.2079;
0.437487;9.20797;
0.437507;9.20804;
0.437527;9.20812;
0.437547;9.20819;
0.437567;9.20826;
0.437587;9.20833;
0.437607;9.2084;
0.437627;9.20848;
0.437647;9.20855;
0.437667;9.20862;
0.437687;9.20869;
0.437707;9.20877;
0.437727;9.20884;
0.437747;9.20891;
0.437767;9.20898;
0.437787;9.20906;
0.437807;9.20913;
0.437827;9.2092;
0.437847;9.20928;
0.437867;9.20935;
0.437887;9.20942;
0.437891;9.20944;
0.437891;9.20944;
0.437891;9.20944;
0.437892;9.20944;
0.437892;9.20944;
0.437892;9.20944;
0.437892;9.20944;
0.437893;9.20945;
0.437893;9.20945;
0.437894;9.20945;
0.437897;9.20946;
0.437902;9.20948;
0.437912;9.20952;
0.437932;9.20959;
0.437952;9.20967;
0.437972;9.20974;
0.437992;9.20981;
0.438012;9.20989;
0.438032;9.20996;
0.438052;9.21003;
0.438072;9.21011;
0.438092;9.21018;
0.438112;9.21026;
0.438132;9.21033;
0.438152;9.21041;
0.438172;9.21048;
0.438192;9.21056;
0.438212;9.21063;
0.438232;9.21071;
0.438252;9.21078;
0.438272;9.21086;
0.438292;9.21093;
0.438312;9.21101;
0.438332;9.21108;
0.438352;9.21116;
0.438372;9.21123;
0.438392;9.21131;
0.438412;9.21138;
0.438432;9.21146;
0.438452;9.21153;
0.438472;9.21161;
0.438492;9.21169;
0.438512;9.21176;
0.438532;9.21184;
0.438552;9.21191;
0.438557;9.21193;
0.438557;9.21193;
0.438557;9.21193;
0.438558;9.21193;
0.438558;9.21194;
0.438558;9.21194;
0.438558;9.21194;
0.438559;9.21194;
0.438559;9.21194;
0.43856;9.21195;
0.438563;9.21196;
0.438568;9.21197;
0.438578;9.21201;
0.438584;9.21203;
0.43859;9.21205;
0.438595;9.21206;
0.438601;9.21207;
0.43861;9.21209;
0.438627;9.21212;
0.438642;9.21215;
0.438658;9.21218;
0.438675;9.21221;
0.438695;9.21225;
0.438715;9.21229;
0.438735;9.21232;
0.438755;9.21236;
0.438775;9.2124;
0.438795;9.21244;
0.438815;9.21248;
0.438835;9.21252;
0.438855;9.21256;
0.438875;9.2126;
0.438895;9.21264;
0.438915;9.21268;
0.438935;9.21272;
0.438955;9.21276;
0.438975;9.2128;
0.438995;9.21284;
0.439015;9.21288;
0.439035;9.21292;
0.439055;9.21296;
0.439075;9.213;
0.439095;9.21304;
0.439115;9.21308;
0.439135;9.21312;
0.439155;9.21316;
0.439175;9.2132;
0.439195;9.21324;
0.439215;9.21328;
0.439224;9.2133;
0.439224;9.2133;
0.439224;9.2133;
0.439225;9.2133;
0.439225;9.2133;
0.439225;9.2133;
0.439225;9.2133;
0.439226;9.2133;
0.439226;9.21331;
0.439227;9.21331;
0.43923;9.21331;
0.439235;9.21332;
0.439245;9.21334;
0.439265;9.21339;
0.439285;9.21343;
0.439305;9.21347;
0.439325;9.21351;
0.439345;9.21355;
0.439365;9.21359;
0.439385;9.21364;
0.439405;9.21368;
0.439425;9.21372;
0.439445;9.21376;
0.439465;9.21381;
0.439485;9.21385;
0.439505;9.21389;
0.439525;9.21393;
0.439545;9.21398;
0.439565;9.21402;
0.439585;9.21406;
0.439605;9.21411;
0.439625;9.21415;
0.439645;9.21419;
0.439665;9.21424;
0.439685;9.21428;
0.439705;9.21432;
0.439725;9.21437;
0.439745;9.21441;
0.439765;9.21445;
0.439785;9.2145;
0.439805;9.21454;
0.439825;9.21459;
0.439845;9.21463;
0.439865;9.21468;
0.439885;9.21472;
0.43989;9.21473;
0.439892;9.21473;
0.439896;9.21474;
0.439904;9.21476;
0.43992;9.2148;
0.43994;9.21484;
0.43996;9.21489;
0.43998;9.21493;
0.44;9.21498;
0.44002;9.21502;
0.44004;9.21507;
0.44006;9.21511;
0.44008;9.21516;
0.4401;9.2152;
0.44012;9.21525;
0.44014;9.2153;
0.44016;9.21534;
0.44018;9.21539;
0.4402;9.21543;
0.44022;9.21548;
0.44024;9.21553;
0.44026;9.21557;
0.44028;9.21562;
0.4403;9.21567;
0.44032;9.21571;
0.44034;9.21576;
0.44036;9.21581;
0.44038;9.21585;
0.4404;9.2159;
0.44042;9.21595;
0.44044;9.216;
0.44046;9.21604;
0.44048;9.21609;
0.4405;9.21614;
0.44052;9.21619;
0.44054;9.21623;
0.440557;9.21628;
0.440557;9.21628;
0.440557;9.21628;
0.440558;9.21628;
0.440558;9.21628;
0.440558;9.21628;
0.440558;9.21628;
0.440559;9.21628;
0.440559;9.21628;
0.44056;9.21628;
0.440563;9.21629;
0.440568;9.2163;
0.440578;9.21633;
0.440598;9.21638;
0.440618;9.21642;
0.440638;9.21647;
0.440658;9.21652;
0.440678;9.21657;
0.440698;9.21662;
0.440718;9.21667;
0.440738;9.21672;
0.440758;9.21677;
0.440778;9.21681;
0.440798;9.21686;
0.440818;9.21691;
0.440838;9.21696;
0.440858;9.21701;
0.440878;9.21706;
0.440898;9.21711;
0.440918;9.21716;
0.440938;9.21721;
0.440958;9.21726;
0.440978;9.21731;
0.440998;9.21736;
0.441018;9.21741;
0.441038;9.21746;
0.441058;9.21751;
0.441078;9.21756;
0.441098;9.21761;
0.441118;9.21767;
0.441138;9.21772;
0.441158;9.21777;
0.441178;9.21782;
0.441198;9.21787;
0.441218;9.21792;
0.441223;9.21793;
0.441223;9.21793;
0.441223;9.21793;
0.441224;9.21793;
0.441224;9.21794;
0.441224;9.21794;
0.441224;9.21794;
0.441225;9.21794;
0.441225;9.21794;
0.441226;9.21794;
0.441229;9.21795;
0.441234;9.21796;
0.441244;9.21799;
0.441264;9.21804;
0.441284;9.21809;
0.441304;9.21814;
0.441324;9.21819;
0.441344;9.21825;
0.441364;9.2183;
0.441384;9.21835;
0.441404;9.2184;
0.441424;9.21846;
0.441444;9.21851;
0.441464;9.21856;
0.441484;9.21861;
0.441504;9.21867;
0.441524;9.21872;
0.441544;9.21877;
0.441564;9.21882;
0.441584;9.21888;
0.441604;9.21893;
0.441624;9.21898;
0.441644;9.21904;
0.441664;9.21909;
0.441684;9.21914;
0.441704;9.2192;
0.441724;9.21925;
0.441744;9.21931;
0.441764;9.21936;
0.441784;9.21941;
0.441804;9.21947;
0.441824;9.21952;
0.441844;9.21958;
0.441864;9.21963;
0.441884;9.21969;
0.44189;9.2197;
0.44189;9.2197;
0.44189;9.2197;
0.441891;9.2197;
0.441891;9.2197;
0.441891;9.2197;
0.441891;9.2197;
0.441892;9.21971;
0.441892;9.21971;
0.441893;9.21971;
0.441896;9.21972;
0.441901;9.21973;
0.441911;9.21976;
0.441931;9.21981;
0.441951;9.21987;
0.441971;9.21992;
0.441991;9.21998;
0.442011;9.22003;
0.442031;9.22009;
0.442051;9.22015;
0.442071;9.2202;
0.442091;9.22026;
0.442111;9.22031;
0.442131;9.22037;
0.442151;9.22042;
0.442171;9.22048;
0.442191;9.22054;
0.442211;9.22059;
0.442231;9.22065;
0.442251;9.2207;
0.442271;9.22076;
0.442291;9.22082;
0.442311;9.22087;
0.442331;9.22093;
0.442351;9.22099;
0.442371;9.22104;
0.442391;9.2211;
0.442411;9.22116;
0.442431;9.22122;
0.442451;9.22127;
0.442471;9.22133;
0.442491;9.22139;
0.442511;9.22145;
0.442531;9.2215;
0.442551;9.22156;
0.442556;9.22157;
0.442558;9.22158;
0.442562;9.22159;
0.44257;9.22161;
0.442586;9.22166;
0.442606;9.22172;
0.442626;9.22178;
0.442646;9.22184;
0.442666;9.22189;
0.442686;9.22195;
0.442706;9.22201;
0.442726;9.22207;
0.442746;9.22213;
0.442766;9.22219;
0.442786;9.22225;
0.442806;9.2223;
0.442826;9.22236;
0.442846;9.22242;
0.442866;9.22248;
0.442886;9.22254;
0.442906;9.2226;
0.442926;9.22266;
0.442946;9.22272;
0.442966;9.22278;
0.442986;9.22284;
0.443006;9.2229;
0.443026;9.22296;
0.443046;9.22302;
0.443066;9.22308;
0.443086;9.22314;
0.443106;9.2232;
0.443126;9.22326;
0.443146;9.22332;
0.443166;9.22338;
0.443186;9.22344;
0.443206;9.2235;
0.443223;9.22356;
0.443223;9.22356;
0.443223;9.22356;
0.443224;9.22356;
0.443224;9.22356;
0.443224;9.22356;
0.443224;9.22356;
0.443225;9.22356;
0.443225;9.22356;
0.443226;9.22357;
0.443229;9.22357;
0.443234;9.22359;
0.443244;9.22362;
0.443264;9.22368;
0.443284;9.22374;
0.443304;9.2238;
0.443324;9.22387;
0.443344;9.22393;
0.443364;9.22399;
0.443384;9.22405;
0.443404;9.22411;
0.443424;9.22417;
0.443444;9.22424;
0.443464;9.2243;
0.443484;9.22436;
0.443504;9.22442;
0.443524;9.22448;
0.443544;9.22455;
0.443564;9.22461;
0.443584;9.22467;
0.443604;9.22473;
0.443624;9.2248;
0.443644;9.22486;
0.443664;9.22492;
0.443684;9.22499;
0.443704;9.22505;
0.443724;9.22511;
0.443744;9.22518;
0.443764;9.22524;
0.443784;9.2253;
0.443804;9.22537;
0.443824;9.22543;
0.443844;9.22549;
0.443864;9.22556;
0.443884;9.22562;
0.443889;9.22564;
0.443889;9.22564;
0.443889;9.22564;
0.44389;9.22564;
0.44389;9.22564;
0.44389;9.22564;
0.44389;9.22564;
0.443891;9.22564;
0.443891;9.22564;
0.443892;9.22565;
0.443895;9.22566;
0.4439;9.22567;
0.44391;9.2257;
0.44393;9.22577;
0.44395;9.22583;
0.44397;9.2259;
0.443988;9.22595;
0.444005;9.22601;
0.444025;9.22608;
0.444045;9.22614;
0.444065;9.2262;
0.444085;9.22627;
0.444105;9.22633;
0.444125;9.2264;
0.444145;9.22646;
0.444165;9.22653;
0.444185;9.22659;
0.444205;9.22666;
0.444225;9.22673;
0.444245;9.22679;
0.444265;9.22686;
0.444285;9.22692;
0.444305;9.22699;
0.444325;9.22705;
0.444345;9.22712;
0.444365;9.22719;
0.444385;9.22725;
0.444405;9.22732;
0.444425;9.22739;
0.444445;9.22745;
0.444465;9.22752;
0.444485;9.22759;
0.444505;9.22765;
0.444525;9.22772;
0.444545;9.22779;
0.444556;9.22782;
0.444556;9.22782;
0.444556;9.22782;
0.444557;9.22782;
0.444557;9.22782;
0.444557;9.22782;
0.444557;9.22783;
0.444558;9.22783;
0.444558;9.22783;
0.444559;9.22783;
0.444562;9.22784;
0.444567;9.22786;
0.444577;9.22789;
0.444597;9.22796;
0.444617;9.22803;
0.444637;9.22809;
0.444657;9.22816;
0.444677;9.22823;
0.444697;9.2283;
0.444717;9.22836;
0.444737;9.22843;
0.444757;9.2285;
0.444777;9.22857;
0.444797;9.22864;
0.444817;9.2287;
0.444837;9.22877;
0.444857;9.22884;
0.444877;9.22891;
0.444897;9.22898;
0.444917;9.22905;
0.444937;9.22911;
0.444957;9.22918;
0.444977;9.22925;
0.444997;9.22932;
0.445017;9.22939;
0.445037;9.22946;
0.445057;9.22953;
0.445077;9.2296;
0.445097;9.22967;
0.445117;9.22974;
0.445137;9.22981;
0.445157;9.22988;
0.445177;9.22995;
0.445197;9.23002;
0.445217;9.23008;
0.445222;9.2301;
0.445224;9.23011;
0.445228;9.23012;
0.445236;9.23015;
0.445252;9.23021;
0.445263;9.23025;
0.445275;9.23029;
0.445287;9.23033;
0.445299;9.23037;
0.445319;9.23044;
0.445334;9.23049;
0.44535;9.23055;
0.445368;9.23061;
0.445388;9.23068;
0.445408;9.23075;
0.445428;9.23082;
0.445448;9.2309;
0.445468;9.23097;
0.445488;9.23104;
0.445508;9.23111;
0.445528;9.23118;
0.445548;9.23125;
0.445568;9.23132;
0.445588;9.23139;
0.445608;9.23147;
0.445628;9.23154;
0.445648;9.23161;
0.445668;9.23168;
0.445688;9.23175;
0.445708;9.23182;
0.445728;9.2319;
0.445748;9.23197;
0.445768;9.23204;
0.445788;9.23211;
0.445808;9.23219;
0.445828;9.23226;
0.445848;9.23233;
0.445868;9.2324;
0.445888;9.23248;
0.445889;9.23248;
0.445889;9.23248;
0.445889;9.23248;
0.44589;9.23248;
0.44589;9.23248;
0.44589;9.23248;
0.44589;9.23249;
0.445891;9.23249;
0.445891;9.23249;
0.445892;9.23249;
0.445895;9.2325;
0.4459;9.23252;
0.44591;9.23256;
0.44593;9.23263;
0.44595;9.2327;
0.44597;9.23278;
0.44599;9.23285;
0.44601;9.23292;
0.44603;9.233;
0.44605;9.23307;
0.44607;9.23314;
0.44609;9.23322;
0.44611;9.23329;
0.44613;9.23337;
0.44615;9.23344;
0.44617;9.23351;
0.44619;9.23359;
0.44621;9.23366;
0.44623;9.23374;
0.44625;9.23381;
0.44627;9.23388;
0.44629;9.23396;
0.44631;9.23403;
0.44633;9.23411;
0.44635;9.23418;
0.44637;9.23426;
0.44639;9.23433;
0.44641;9.23441;
0.44643;9.23448;
0.44645;9.23456;
0.44647;9.23463;
0.44649;9.23471;
0.44651;9.23478;
0.44653;9.23486;
0.44655;9.23493;
0.446555;9.23495;
0.446555;9.23495;
0.446555;9.23495;
0.446556;9.23495;
0.446556;9.23495;
0.446556;9.23496;
0.446556;9.23496;
0.446557;9.23496;
0.446557;9.23496;
0.446558;9.23496;
0.446561;9.23497;
0.446566;9.23499;
0.446571;9.23501;
0.446575;9.23502;
0.446579;9.23503;
0.446582;9.23503;
0.446586;9.23504;
0.446593;9.23505;
0.446605;9.23506;
0.446619;9.23508;
0.446636;9.23511;
0.446652;9.23513;
0.44667;9.23515;
0.44669;9.23518;
0.44671;9.23521;
0.44673;9.23524;
0.44675;9.23526;
0.44677;9.23529;
0.44679;9.23532;
0.44681;9.23535;
0.44683;9.23538;
0.44685;9.23541;
0.44687;9.23543;
0.44689;9.23546;
0.44691;9.23549;
0.44693;9.23552;
0.44695;9.23555;
0.44697;9.23558;
0.44699;9.23561;
0.44701;9.23564;
0.44703;9.23567;
0.44705;9.2357;
0.44707;9.23573;
0.44709;9.23576;
0.44711;9.23579;
0.44713;9.23582;
0.44715;9.23585;
0.44717;9.23588;
0.44719;9.23591;
0.44721;9.23594;
0.447222;9.23596;
0.447222;9.23596;
0.447222;9.23596;
0.447223;9.23596;
0.447223;9.23596;
0.447223;9.23596;
0.447223;9.23596;
0.447224;9.23596;
0.447224;9.23596;
0.447225;9.23596;
0.447228;9.23597;
0.447233;9.23598;
0.447243;9.23599;
0.447263;9.23602;
0.447283;9.23605;
0.447303;9.23609;
0.447323;9.23612;
0.447343;9.23615;
0.447363;9.23618;
0.447383;9.23621;
0.447403;9.23624;
0.447423;9.23627;
0.447443;9.23631;
0.447463;9.23634;
0.447483;9.23637;
0.447503;9.2364;
0.447523;9.23643;
0.447543;9.23647;
0.447563;9.2365;
0.447583;9.23653;
0.447603;9.23657;
0.447623;9.2366;
0.447643;9.23663;
0.447663;9.23666;
0.447683;9.2367;
0.447703;9.23673;
0.447723;9.23676;
0.447743;9.2368;
0.447763;9.23683;
0.447783;9.23686;
0.447803;9.2369;
0.447823;9.23693;
0.447843;9.23697;
0.447863;9.237;
0.447883;9.23704;
0.447888;9.23704;
0.44789;9.23705;
0.447894;9.23705;
0.447902;9.23707;
0.447918;9.23709;
0.447938;9.23713;
0.447958;9.23716;
0.447978;9.2372;
0.447998;9.23723;
0.448018;9.23727;
0.448038;9.2373;
0.448058;9.23734;
0.448078;9.23737;
0.448098;9.23741;
0.448118;9.23745;
0.448138;9.23748;
0.448158;9.23752;
0.448178;9.23755;
0.448198;9.23759;
0.448218;9.23762;
0.448238;9.23766;
0.448258;9.2377;
0.448278;9.23773;
0.448298;9.23777;
0.448318;9.23781;
0.448338;9.23784;
0.448358;9.23788;
0.448378;9.23792;
0.448398;9.23795;
0.448418;9.23799;
0.448438;9.23803;
0.448458;9.23807;
0.448478;9.2381;
0.448498;9.23814;
0.448518;9.23818;
0.448538;9.23822;
0.448555;9.23825;
0.448555;9.23825;
0.448555;9.23825;
0.448556;9.23825;
0.448556;9.23825;
0.448556;9.23825;
0.448556;9.23825;
0.448557;9.23825;
0.448557;9.23825;
0.448558;9.23825;
0.448561;9.23826;
0.448566;9.23827;
0.448576;9.23829;
0.448596;9.23833;
0.448616;9.23836;
0.448636;9.2384;
0.448656;9.23844;
0.448676;9.23848;
0.448696;9.23852;
0.448716;9.23856;
0.448736;9.2386;
0.448756;9.23863;
0.448776;9.23867;
0.448796;9.23871;
0.448816;9.23875;
0.448836;9.23879;
0.448856;9.23883;
0.448876;9.23887;
0.448896;9.23891;
0.448916;9.23895;
0.448936;9.23899;
0.448956;9.23903;
0.448976;9.23907;
0.448996;9.23911;
0.449016;9.23915;
0.449036;9.23919;
0.449056;9.23923;
0.449076;9.23927;
0.449096;9.23931;
0.449116;9.23935;
0.449136;9.23939;
0.449156;9.23943;
0.449176;9.23948;
0.449196;9.23952;
0.449216;9.23956;
0.449221;9.23957;
0.449221;9.23957;
0.449221;9.23957;
0.449222;9.23957;
0.449222;9.23957;
0.449222;9.23957;
0.449222;9.23957;
0.449223;9.23957;
0.449223;9.23957;
0.449224;9.23958;
0.449227;9.23958;
0.449232;9.23959;
0.449242;9.23961;
0.449262;9.23965;
0.449282;9.2397;
0.449302;9.23974;
0.449322;9.23978;
0.449342;9.23982;
0.449362;9.23986;
0.449382;9.23991;
0.449402;9.23995;
0.449422;9.23999;
0.449442;9.24003;
0.449462;9.24007;
0.449482;9.24012;
0.449502;9.24016;
0.449522;9.2402;
0.449542;9.24025;
0.449562;9.24029;
0.449582;9.24033;
0.449602;9.24038;
0.449622;9.24042;
0.449642;9.24046;
0.449662;9.24051;
0.449682;9.24055;
0.449702;9.24059;
0.449722;9.24064;
0.449742;9.24068;
0.449762;9.24073;
0.449782;9.24077;
0.449802;9.24081;
0.449822;9.24086;
0.449842;9.2409;
0.449862;9.24095;
0.449882;9.24099;
0.449888;9.241;
0.449888;9.241;
0.449888;9.24101;
0.449889;9.24101;
0.449889;9.24101;
0.449889;9.24101;
0.449889;9.24101;
0.44989;9.24101;
0.44989;9.24101;
0.449891;9.24101;
0.449894;9.24102;
0.449899;9.24103;
0.449909;9.24105;
0.449929;9.2411;
0.449949;9.24114;
0.449969;9.24119;
0.449989;9.24123;
0.450009;9.24128;
0.450029;9.24132;
0.450049;9.24137;
0.450069;9.24141;
0.450089;9.24146;
0.450109;9.24151;
0.450129;9.24155;
0.450149;9.2416;
0.450169;9.24164;
0.450189;9.24169;
0.450209;9.24174;
0.450229;9.24178;
0.450249;9.24183;
0.450269;9.24188;
0.450289;9.24192;
0.450309;9.24197;
0.450329;9.24202;
0.450349;9.24206;
0.450369;9.24211;
0.450389;9.24216;
0.450409;9.24221;
0.450429;9.24225;
0.450449;9.2423;
0.450469;9.24235;
0.450489;9.2424;
0.450509;9.24244;
0.450529;9.24249;
0.450549;9.24254;
0.450554;9.24255;
0.450556;9.24256;
0.45056;9.24257;
0.450568;9.24258;
0.450584;9.24262;
0.450604;9.24267;
0.450624;9.24272;
0.450644;9.24277;
0.450664;9.24282;
0.450684;9.24287;
0.450704;9.24291;
0.450724;9.24296;
0.450744;9.24301;
0.450764;9.24306;
0.450784;9.24311;
0.450804;9.24316;
0.450824;9.24321;
0.450844;9.24326;
0.450864;9.24331;
0.450884;9.24336;
0.450904;9.24341;
0.450924;9.24346;
0.450944;9.24351;
0.450964;9.24356;
0.450984;9.24361;
0.451004;9.24366;
0.451024;9.24371;
0.451044;9.24376;
0.451064;9.24381;
0.451084;9.24386;
0.451104;9.24391;
0.451124;9.24396;
0.451144;9.24401;
0.451164;9.24406;
0.451184;9.24411;
0.451204;9.24417;
0.451221;9.24421;
0.451221;9.24421;
0.451221;9.24421;
0.451222;9.24421;
0.451222;9.24421;
0.451222;9.24421;
0.451222;9.24421;
0.451223;9.24421;
0.451223;9.24422;
0.451224;9.24422;
0.451227;9.24423;
0.451232;9.24424;
0.451242;9.24426;
0.451262;9.24432;
0.451282;9.24437;
0.451302;9.24442;
0.451322;9.24447;
0.451342;9.24452;
0.451362;9.24458;
0.451382;9.24463;
0.451402;9.24468;
0.451422;9.24473;
0.451442;9.24478;
0.451462;9.24484;
0.451482;9.24489;
0.451502;9.24494;
0.451522;9.24499;
0.451542;9.24505;
0.451562;9.2451;
0.451582;9.24515;
0.451602;9.24521;
0.451622;9.24526;
0.451642;9.24531;
0.451662;9.24537;
0.451682;9.24542;
0.451702;9.24547;
0.451722;9.24553;
0.451742;9.24558;
0.451762;9.24564;
0.451782;9.24569;
0.451802;9.24574;
0.451822;9.2458;
0.451842;9.24585;
0.451862;9.24591;
0.451882;9.24596;
0.451887;9.24597;
0.451887;9.24597;
0.451887;9.24597;
0.451888;9.24598;
0.451888;9.24598;
0.451888;9.24598;
0.451888;9.24598;
0.451889;9.24598;
0.451889;9.24598;
0.45189;9.24598;
0.451893;9.24599;
0.451898;9.246;
0.451908;9.24603;
0.451928;9.24609;
0.451948;9.24614;
0.451968;9.2462;
0.451987;9.24625;
0.452007;9.2463;
0.452027;9.24636;
0.452047;9.24641;
0.452067;9.24647;
0.452087;9.24652;
0.452107;9.24658;
0.452127;9.24664;
0.452147;9.24669;
0.452167;9.24675;
0.452187;9.2468;
0.452207;9.24686;
0.452227;9.24692;
0.452247;9.24697;
0.452267;9.24703;
0.452287;9.24708;
0.452307;9.24714;
0.452327;9.2472;
0.452347;9.24725;
0.452367;9.24731;
0.452387;9.24737;
0.452407;9.24742;
0.452427;9.24748;
0.452447;9.24754;
0.452467;9.2476;
0.452487;9.24765;
0.452507;9.24771;
0.452527;9.24777;
0.452547;9.24783;
0.452554;9.24784;
0.452554;9.24785;
0.452554;9.24785;
0.452555;9.24785;
0.452555;9.24785;
0.452555;9.24785;
0.452555;9.24785;
0.452556;9.24785;
0.452556;9.24785;
0.452557;9.24786;
0.45256;9.24786;
0.452565;9.24788;
0.452575;9.24791;
0.452595;9.24796;
0.452615;9.24802;
0.452635;9.24808;
0.452655;9.24814;
0.452675;9.2482;
0.452695;9.24826;
0.452715;9.24831;
0.452735;9.24837;
0.452755;9.24843;
0.452775;9.24849;
0.452795;9.24855;
0.452815;9.24861;
0.452835;9.24867;
0.452855;9.24872;
0.452875;9.24878;
0.452895;9.24884;
0.452915;9.2489;
0.452935;9.24896;
0.452955;9.24902;
0.452975;9.24908;
0.452995;9.24914;
0.453015;9.2492;
0.453035;9.24926;
0.453055;9.24932;
0.453075;9.24938;
0.453095;9.24944;
0.453115;9.2495;
0.453135;9.24956;
0.453155;9.24962;
0.453175;9.24968;
0.453195;9.24974;
0.453215;9.2498;
0.45322;9.24982;
0.453222;9.24982;
0.453226;9.24983;
0.453234;9.24986;
0.45325;9.24991;
0.45327;9.24997;
0.45329;9.25003;
0.45331;9.25009;
0.45333;9.25015;
0.45335;9.25021;
0.45337;9.25027;
0.45339;9.25034;
0.45341;9.2504;
0.45343;9.25046;
0.45345;9.25052;
0.45347;9.25058;
0.45349;9.25064;
0.45351;9.25071;
0.45353;9.25077;
0.45355;9.25083;
0.45357;9.25089;
0.45359;9.25096;
0.45361;9.25102;
0.45363;9.25108;
0.45365;9.25114;
0.45367;9.25121;
0.45369;9.25127;
0.45371;9.25133;
0.45373;9.25139;
0.45375;9.25146;
0.45377;9.25152;
0.45379;9.25158;
0.45381;9.25165;
0.45383;9.25171;
0.45385;9.25177;
0.45387;9.25184;
0.453887;9.25189;
0.453887;9.25189;
0.453887;9.25189;
0.453888;9.25189;
0.453888;9.25189;
0.453888;9.2519;
0.453888;9.2519;
0.453889;9.2519;
0.453889;9.2519;
0.45389;9.2519;
0.453893;9.25191;
0.453898;9.25193;
0.453908;9.25196;
0.453928;9.25202;
0.453948;9.25209;
0.453968;9.25215;
0.453988;9.25222;
0.454008;9.25228;
0.454028;9.25234;
0.454048;9.25241;
0.454068;9.25247;
0.454088;9.25254;
0.454108;9.2526;
0.454128;9.25267;
0.454148;9.25273;
0.454168;9.2528;
0.454188;9.25286;
0.454208;9.25293;
0.454228;9.25299;
0.454248;9.25306;
0.454268;9.25312;
0.454288;9.25319;
0.454308;9.25325;
0.454328;9.25332;
0.454348;9.25339;
0.454368;9.25345;
0.454388;9.25352;
0.454408;9.25358;
0.454428;9.25365;
0.454448;9.25372;
0.454468;9.25378;
0.454488;9.25385;
0.454508;9.25391;
0.454528;9.25398;
0.454548;9.25405;
0.454553;9.25406;
0.454553;9.25406;
0.454553;9.25406;
0.454554;9.25406;
0.454554;9.25407;
0.454554;9.25407;
0.454554;9.25407;
0.454555;9.25407;
0.454555;9.25407;
0.454556;9.25407;
0.454559;9.25408;
0.454564;9.2541;
0.454574;9.25413;
0.454586;9.25417;
0.454597;9.2542;
0.454606;9.25423;
0.454617;9.25426;
0.454633;9.2543;
0.454647;9.25434;
0.454663;9.25438;
0.454683;9.25444;
0.454703;9.25449;
0.454723;9.25455;
0.454743;9.2546;
0.454763;9.25466;
0.454783;9.25471;
0.454803;9.25477;
0.454823;9.25482;
0.454843;9.25488;
0.454863;9.25494;
0.454883;9.25499;
0.454903;9.25505;
0.454923;9.2551;
0.454943;9.25516;
0.454963;9.25522;
0.454983;9.25527;
0.455003;9.25533;
0.455023;9.25538;
0.455043;9.25544;
0.455063;9.2555;
0.455083;9.25555;
0.455103;9.25561;
0.455123;9.25567;
0.455143;9.25572;
0.455163;9.25578;
0.455183;9.25584;
0.455203;9.2559;
0.45522;9.25594;
0.45522;9.25594;
0.45522;9.25594;
0.455221;9.25595;
0.455221;9.25595;
0.455221;9.25595;
0.455221;9.25595;
0.455222;9.25595;
0.455222;9.25595;
0.455223;9.25595;
0.455226;9.25596;
0.455231;9.25598;
0.455241;9.256;
0.455261;9.25606;
0.455281;9.25612;
0.455301;9.25618;
0.455321;9.25624;
0.455341;9.25629;
0.455361;9.25635;
0.455381;9.25641;
0.455401;9.25647;
0.455421;9.25653;
0.455441;9.25658;
0.455461;9.25664;
0.455481;9.2567;
0.455501;9.25676;
0.455521;9.25682;
0.455541;9.25688;
0.455561;9.25694;
0.455581;9.25699;
0.455601;9.25705;
0.455621;9.25711;
0.455641;9.25717;
0.455661;9.25723;
0.455681;9.25729;
0.455701;9.25735;
0.455721;9.25741;
0.455741;9.25747;
0.455761;9.25753;
0.455781;9.25759;
0.455801;9.25765;
0.455821;9.25771;
0.455841;9.25777;
0.455861;9.25783;
0.455881;9.25789;
0.455886;9.2579;
0.455886;9.2579;
0.455886;9.2579;
0.455887;9.2579;
0.455887;9.25791;
0.455887;9.25791;
0.455887;9.25791;
0.455888;9.25791;
0.455888;9.25791;
0.455889;9.25791;
0.455892;9.25792;
0.455897;9.25794;
0.455907;9.25797;
0.455927;9.25803;
0.455946;9.25808;
0.455966;9.25815;
0.455986;9.25821;
0.456005;9.25826;
0.456025;9.25832;
0.456045;9.25838;
0.456065;9.25845;
0.456085;9.25851;
0.456105;9.25857;
0.456125;9.25863;
0.456145;9.25869;
0.456165;9.25875;
0.456185;9.25881;
0.456205;9.25888;
0.456225;9.25894;
0.456245;9.259;
0.456265;9.25906;
0.456285;9.25912;
0.456305;9.25919;
0.456325;9.25925;
0.456345;9.25931;
0.456365;9.25937;
0.456385;9.25944;
0.456405;9.2595;
0.456425;9.25956;
0.456445;9.25962;
0.456465;9.25969;
0.456485;9.25975;
0.456505;9.25981;
0.456525;9.25988;
0.456545;9.25994;
0.456553;9.25997;
0.456553;9.25997;
0.456553;9.25997;
0.456554;9.25997;
0.456554;9.25997;
0.456554;9.25997;
0.456554;9.25997;
0.456555;9.25997;
0.456555;9.25997;
0.456556;9.25998;
0.456559;9.25998;
0.456564;9.26;
0.456574;9.26003;
0.456594;9.2601;
0.456614;9.26016;
0.456634;9.26022;
0.456654;9.26029;
0.456674;9.26035;
0.456694;9.26042;
0.456714;9.26048;
0.456734;9.26054;
0.456754;9.26061;
0.456774;9.26067;
0.456794;9.26074;
0.456814;9.2608;
0.456834;9.26087;
0.456854;9.26093;
0.456874;9.26099;
0.456894;9.26106;
0.456914;9.26112;
0.456934;9.26119;
0.456954;9.26125;
0.456974;9.26132;
0.456994;9.26138;
0.457014;9.26145;
0.457034;9.26152;
0.457054;9.26158;
0.457074;9.26165;
0.457094;9.26171;
0.457114;9.26178;
0.457134;9.26184;
0.457154;9.26191;
0.457174;9.26198;
0.457194;9.26204;
0.457214;9.26211;
0.457219;9.26212;
0.457219;9.26212;
0.457219;9.26212;
0.45722;9.26213;
0.45722;9.26213;
0.45722;9.26213;
0.45722;9.26213;
0.457221;9.26213;
0.457221;9.26213;
0.457222;9.26213;
0.457225;9.26214;
0.45723;9.26216;
0.45724;9.26219;
0.457246;9.26221;
0.457252;9.26222;
0.457257;9.26223;
0.457263;9.26224;
0.457272;9.26225;
0.457289;9.26227;
0.457304;9.2623;
0.45732;9.26232;
0.457337;9.26234;
0.457357;9.26237;
0.457377;9.2624;
0.457397;9.26243;
0.457417;9.26246;
0.457437;9.26248;
0.457457;9.26251;
0.457477;9.26254;
0.457497;9.26257;
0.457517;9.2626;
0.457537;9.26263;
0.457557;9.26266;
0.457577;9.26269;
0.457597;9.26272;
0.457617;9.26275;
0.457637;9.26278;
0.457657;9.26281;
0.457677;9.26284;
0.457697;9.26287;
0.457717;9.2629;
0.457737;9.26293;
0.457757;9.26296;
0.457777;9.26299;
0.457797;9.26302;
0.457817;9.26305;
0.457837;9.26308;
0.457857;9.26311;
0.457877;9.26314;
0.457886;9.26316;
0.457886;9.26316;
0.457886;9.26316;
0.457887;9.26316;
0.457887;9.26316;
0.457887;9.26316;
0.457887;9.26316;
0.457888;9.26316;
0.457888;9.26316;
0.457889;9.26316;
0.457892;9.26317;
0.457897;9.26317;
0.457907;9.26319;
0.457927;9.26322;
0.457947;9.26325;
0.457967;9.26328;
0.457987;9.26332;
0.458007;9.26335;
0.458027;9.26338;
0.458047;9.26341;
0.458067;9.26344;
0.458087;9.26348;
0.458107;9.26351;
0.458127;9.26354;
0.458147;9.26357;
0.458167;9.26361;
0.458187;9.26364;
0.458207;9.26367;
0.458227;9.2637;
0.458247;9.26374;
0.458267;9.26377;
0.458287;9.2638;
0.458307;9.26384;
0.458327;9.26387;
0.458347;9.2639;
0.458367;9.26394;
0.458387;9.26397;
0.458407;9.264;
0.458427;9.26404;
0.458447;9.26407;
0.458467;9.26411;
0.458487;9.26414;
0.458507;9.26418;
0.458527;9.26421;
0.458547;9.26425;
0.458552;9.26425;
0.458552;9.26425;
0.458552;9.26425;
0.458553;9.26425;
0.458553;9.26425;
0.458553;9.26425;
0.458553;9.26426;
0.458554;9.26426;
0.458554;9.26426;
0.458555;9.26426;
0.458558;9.26426;
0.458563;9.26427;
0.458573;9.26429;
0.458593;9.26433;
0.458613;9.26436;
0.458633;9.2644;
0.458653;9.26443;
0.458673;9.26447;
0.458693;9.2645;
0.458713;9.26454;
0.458733;9.26457;
0.458753;9.26461;
0.458773;9.26464;
0.458793;9.26468;
0.458813;9.26472;
0.458833;9.26475;
0.458853;9.26479;
0.458873;9.26482;
0.458893;9.26486;
0.458913;9.2649;
0.458933;9.26493;
0.458953;9.26497;
0.458973;9.26501;
0.458993;9.26504;
0.459013;9.26508;
0.459033;9.26512;
0.459053;9.26516;
0.459073;9.26519;
0.459093;9.26523;
0.459113;9.26527;
0.459133;9.26531;
0.459153;9.26534;
0.459173;9.26538;
0.459193;9.26542;
0.459213;9.26546;
0.459219;9.26547;
0.459219;9.26547;
0.459219;9.26547;
0.45922;9.26547;
0.45922;9.26547;
0.45922;9.26547;
0.45922;9.26547;
0.459221;9.26547;
0.459221;9.26547;
0.459222;9.26547;
0.459225;9.26548;
0.45923;9.26549;
0.45924;9.26551;
0.45926;9.26555;
0.45928;9.26559;
0.4593;9.26562;
0.45932;9.26566;
0.45934;9.2657;
0.45936;9.26574;
0.45938;9.26578;
0.4594;9.26582;
0.45942;9.26586;
0.45944;9.2659;
0.45946;9.26594;
0.45948;9.26598;
0.4595;9.26602;
0.45952;9.26606;
0.45954;9.26609;
0.45956;9.26613;
0.45958;9.26617;
0.4596;9.26621;
0.45962;9.26626;
0.45964;9.2663;
0.45966;9.26634;
0.45968;9.26638;
0.4597;9.26642;
0.45972;9.26646;
0.45974;9.2665;
0.45976;9.26654;
0.45978;9.26658;
0.4598;9.26662;
0.45982;9.26666;
0.45984;9.2667;
0.45986;9.26674;
0.45988;9.26679;
0.459885;9.2668;
0.459885;9.2668;
0.459885;9.2668;
0.459886;9.2668;
0.459886;9.2668;
0.459886;9.2668;
0.459886;9.2668;
0.459887;9.2668;
0.459887;9.2668;
0.459888;9.2668;
0.459891;9.26681;
0.459896;9.26682;
0.459906;9.26684;
0.459926;9.26688;
0.459946;9.26692;
0.459966;9.26697;
0.459986;9.26701;
0.460006;9.26705;
0.460026;9.26709;
0.460046;9.26713;
0.460066;9.26718;
0.460086;9.26722;
0.460106;9.26726;
0.460126;9.2673;
0.460146;9.26735;
0.460166;9.26739;
0.460186;9.26743;
0.460206;9.26748;
0.460226;9.26752;
0.460246;9.26756;
0.460266;9.26761;
0.460286;9.26765;
0.460306;9.26769;
0.460326;9.26774;
0.460346;9.26778;
0.460366;9.26783;
0.460386;9.26787;
0.460406;9.26791;
0.460426;9.26796;
0.460446;9.268;
0.460466;9.26805;
0.460486;9.26809;
0.460506;9.26814;
0.460526;9.26818;
0.460546;9.26823;
0.460552;9.26824;
0.460552;9.26824;
0.460552;9.26824;
0.460553;9.26824;
0.460553;9.26824;
0.460553;9.26824;
0.460553;9.26824;
0.460554;9.26824;
0.460554;9.26824;
0.460555;9.26825;
0.460558;9.26825;
0.460563;9.26826;
0.460573;9.26829;
0.460593;9.26833;
0.460613;9.26838;
0.460633;9.26842;
0.460653;9.26847;
0.460673;9.26851;
0.460693;9.26856;
0.460713;9.2686;
0.460733;9.26865;
0.460753;9.26869;
0.460773;9.26874;
0.460793;9.26879;
0.460813;9.26883;
0.460833;9.26888;
0.460853;9.26893;
0.460873;9.26897;
0.460893;9.26902;
0.460913;9.26906;
0.460933;9.26911;
0.460953;9.26916;
0.460973;9.26921;
0.460993;9.26925;
0.461013;9.2693;
0.461033;9.26935;
0.461053;9.26939;
0.461073;9.26944;
0.461093;9.26949;
0.461113;9.26954;
0.461133;9.26958;
0.461153;9.26963;
0.461173;9.26968;
0.461193;9.26973;
0.461213;9.26978;
0.461218;9.26979;
0.461218;9.26979;
0.461218;9.26979;
0.461219;9.26979;
0.461219;9.26979;
0.461219;9.26979;
0.461219;9.26979;
0.46122;9.26979;
0.46122;9.26979;
0.461221;9.2698;
0.461224;9.2698;
0.461229;9.26981;
0.461239;9.26984;
0.461259;9.26989;
0.461279;9.26994;
0.461299;9.26998;
0.461318;9.27003;
0.461338;9.27008;
0.461358;9.27013;
0.461378;9.27018;
0.461398;9.27022;
0.461418;9.27027;
0.461438;9.27032;
0.461458;9.27037;
0.461478;9.27042;
0.461498;9.27047;
0.461518;9.27052;
0.461538;9.27057;
0.461558;9.27062;
0.461578;9.27067;
0.461598;9.27072;
0.461618;9.27077;
0.461638;9.27082;
0.461658;9.27087;
0.461678;9.27092;
0.461698;9.27097;
0.461718;9.27102;
0.461738;9.27107;
0.461758;9.27112;
0.461778;9.27117;
0.461798;9.27122;
0.461818;9.27128;
0.461838;9.27133;
0.461858;9.27138;
0.461878;9.27143;
0.461885;9.27145;
0.461885;9.27145;
0.461885;9.27145;
0.461886;9.27145;
0.461886;9.27145;
0.461886;9.27145;
0.461886;9.27145;
0.461887;9.27145;
0.461887;9.27145;
0.461888;9.27145;
0.461891;9.27146;
0.461896;9.27147;
0.461906;9.2715;
0.461926;9.27155;
0.461946;9.2716;
0.461966;9.27166;
0.461986;9.27171;
0.462006;9.27176;
0.462026;9.27181;
0.462046;9.27186;
0.462066;9.27192;
0.462086;9.27197;
0.462106;9.27202;
0.462126;9.27207;
0.462146;9.27212;
0.462166;9.27218;
0.462186;9.27223;
0.462206;9.27228;
0.462226;9.27234;
0.462246;9.27239;
0.462266;9.27244;
0.462286;9.27249;
0.462306;9.27255;
0.462326;9.2726;
0.462346;9.27265;
0.462366;9.27271;
0.462386;9.27276;
0.462406;9.27282;
0.462426;9.27287;
0.462446;9.27292;
0.462466;9.27298;
0.462486;9.27303;
0.462506;9.27309;
0.462526;9.27314;
0.462546;9.27319;
0.462551;9.27321;
0.462551;9.27321;
0.462551;9.27321;
0.462552;9.27321;
0.462552;9.27321;
0.462552;9.27321;
0.462552;9.27321;
0.462553;9.27321;
0.462553;9.27321;
0.462554;9.27322;
0.462557;9.27322;
0.462562;9.27324;
0.462572;9.27327;
0.462592;9.27332;
0.462612;9.27337;
0.462632;9.27343;
0.462648;9.27347;
0.462665;9.27352;
0.462685;9.27357;
0.462705;9.27363;
0.462725;9.27369;
0.462745;9.27374;
0.462765;9.2738;
0.462785;9.27385;
0.462805;9.27391;
0.462825;9.27396;
0.462845;9.27402;
0.462865;9.27407;
0.462885;9.27413;
0.462905;9.27419;
0.462925;9.27424;
0.462945;9.2743;
0.462965;9.27435;
0.462985;9.27441;
0.463005;9.27447;
0.463025;9.27452;
0.463045;9.27458;
0.463065;9.27464;
0.463085;9.27469;
0.463105;9.27475;
0.463125;9.27481;
0.463145;9.27487;
0.463165;9.27492;
0.463185;9.27498;
0.463205;9.27504;
0.463218;9.27507;
0.463218;9.27507;
0.463218;9.27507;
0.463219;9.27508;
0.463219;9.27508;
0.463219;9.27508;
0.463219;9.27508;
0.46322;9.27508;
0.46322;9.27508;
0.463221;9.27508;
0.463224;9.27509;
0.463229;9.27511;
0.463239;9.27514;
0.463259;9.27519;
0.463279;9.27525;
0.463299;9.27531;
0.463319;9.27537;
0.463339;9.27542;
0.463359;9.27548;
0.463379;9.27554;
0.463399;9.2756;
0.463419;9.27566;
0.463439;9.27572;
0.463459;9.27577;
0.463479;9.27583;
0.463499;9.27589;
0.463519;9.27595;
0.463539;9.27601;
0.463559;9.27607;
0.463579;9.27613;
0.463599;9.27619;
0.463619;9.27625;
0.463639;9.27631;
0.463659;9.27636;
0.463679;9.27642;
0.463699;9.27648;
0.463719;9.27654;
0.463739;9.2766;
0.463759;9.27666;
0.463779;9.27672;
0.463799;9.27678;
0.463819;9.27684;
0.463839;9.2769;
0.463859;9.27696;
0.463879;9.27702;
0.463884;9.27704;
0.463884;9.27704;
0.463884;9.27704;
0.463885;9.27704;
0.463885;9.27704;
0.463885;9.27704;
0.463885;9.27704;
0.463886;9.27704;
0.463886;9.27705;
0.463887;9.27705;
0.46389;9.27706;
0.463895;9.27707;
0.463905;9.2771;
0.463916;9.27713;
0.463926;9.27716;
0.463935;9.27718;
0.463944;9.27719;
0.463961;9.27723;
0.463974;9.27725;
0.463988;9.27728;
0.464007;9.27732;
0.464027;9.27736;
0.464047;9.2774;
0.464067;9.27745;
0.464087;9.27749;
0.464107;9.27753;
0.464127;9.27757;
0.464147;9.27761;
0.464167;9.27765;
0.464187;9.27769;
0.464207;9.27774;
0.464227;9.27778;
0.464247;9.27782;
0.464267;9.27786;
0.464287;9.27791;
0.464307;9.27795;
0.464327;9.27799;
0.464347;9.27803;
0.464367;9.27808;
0.464387;9.27812;
0.464407;9.27816;
0.464427;9.2782;
0.464447;9.27825;
0.464467;9.27829;
0.464487;9.27833;
0.464507;9.27838;
0.464527;9.27842;
0.464547;9.27846;
0.464551;9.27847;
0.464551;9.27847;
0.464551;9.27847;
0.464552;9.27847;
0.464552;9.27847;
0.464552;9.27847;
0.464552;9.27848;
0.464553;9.27848;
0.464553;9.27848;
0.464554;9.27848;
0.464557;9.27849;
0.464562;9.2785;
0.464572;9.27852;
0.464592;9.27856;
0.464612;9.27861;
0.464632;9.27865;
0.464652;9.2787;
0.464672;9.27874;
0.464692;9.27878;
0.464712;9.27883;
0.464732;9.27887;
0.464752;9.27892;
0.464772;9.27896;
0.464792;9.27901;
0.464812;9.27905;
0.464832;9.2791;
0.464852;9.27914;
0.464872;9.27919;
0.464892;9.27923;
0.464912;9.27928;
0.464932;9.27932;
0.464952;9.27937;
0.464972;9.27941;
0.464992;9.27946;
0.465012;9.27951;
0.465032;9.27955;
0.465052;9.2796;
0.465072;9.27964;
0.465092;9.27969;
0.465112;9.27974;
0.465132;9.27978;
0.465152;9.27983;
0.465172;9.27988;
0.465192;9.27992;
0.465212;9.27997;
0.465217;9.27998;
0.465217;9.27998;
0.465217;9.27998;
0.465218;9.27998;
0.465218;9.27998;
0.465218;9.27998;
0.465218;9.27998;
0.465219;9.27998;
0.465219;9.27999;
0.46522;9.27999;
0.465223;9.27999;
0.465228;9.28001;
0.465238;9.28003;
0.465258;9.28008;
0.465278;9.28013;
0.465298;9.28017;
0.465318;9.28022;
0.465338;9.28027;
0.465358;9.28031;
0.465378;9.28036;
0.465398;9.28041;
0.465418;9.28046;
0.465438;9.28051;
0.465458;9.28055;
0.465478;9.2806;
0.465498;9.28065;
0.465518;9.2807;
0.465538;9.28075;
0.465558;9.2808;
0.465578;9.28084;
0.465598;9.28089;
0.465618;9.28094;
0.465638;9.28099;
0.465658;9.28104;
0.465678;9.28109;
0.465698;9.28114;
0.465718;9.28119;
0.465738;9.28124;
0.465758;9.28129;
0.465778;9.28134;
0.465798;9.28139;
0.465818;9.28143;
0.465838;9.28148;
0.465858;9.28153;
0.465878;9.28158;
0.465884;9.2816;
0.465884;9.2816;
0.465884;9.2816;
0.465885;9.2816;
0.465885;9.2816;
0.465885;9.2816;
0.465885;9.2816;
0.465886;9.2816;
0.465886;9.2816;
0.465887;9.28161;
0.46589;9.28161;
0.465895;9.28163;
0.465905;9.28165;
0.465925;9.2817;
0.465945;9.28175;
0.465965;9.2818;
0.465985;9.28185;
0.466005;9.2819;
0.466025;9.28196;
0.466045;9.28201;
0.466065;9.28206;
0.466085;9.28211;
0.466105;9.28216;
0.466125;9.28221;
0.466145;9.28226;
0.466165;9.28231;
0.466185;9.28236;
0.466205;9.28242;
0.466225;9.28247;
0.466245;9.28252;
0.466265;9.28257;
0.466285;9.28262;
0.466305;9.28268;
0.466325;9.28273;
0.466345;9.28278;
0.466365;9.28283;
0.466385;9.28288;
0.466405;9.28294;
0.466425;9.28299;
0.466445;9.28304;
0.466465;9.28309;
0.466485;9.28315;
0.466505;9.2832;
0.466525;9.28325;
0.466545;9.28331;
0.46655;9.28332;
0.46655;9.28332;
0.46655;9.28332;
0.466551;9.28332;
0.466551;9.28332;
0.466551;9.28332;
0.466551;9.28332;
0.466552;9.28332;
0.466552;9.28332;
0.466553;9.28333;
0.466556;9.28334;
0.466561;9.28335;
0.466571;9.28338;
0.466591;9.28343;
0.466611;9.28348;
0.466631;9.28353;
0.466649;9.28358;
0.466667;9.28363;
0.466687;9.28369;
0.466707;9.28374;
0.466727;9.28379;
0.466747;9.28385;
0.466767;9.2839;
0.466787;9.28396;
0.466807;9.28401;
0.466827;9.28407;
0.466847;9.28412;
0.466867;9.28417;
0.466887;9.28423;
0.466907;9.28428;
0.466927;9.28434;
0.466947;9.28439;
0.466967;9.28445;
0.466987;9.2845;
0.467007;9.28456;
0.467027;9.28461;
0.467047;9.28467;
0.467067;9.28473;
0.467087;9.28478;
0.467107;9.28484;
0.467127;9.28489;
0.467147;9.28495;
0.467167;9.285;
0.467187;9.28506;
0.467207;9.28512;
0.467217;9.28514;
0.467217;9.28515;
0.467217;9.28515;
0.467218;9.28515;
0.467218;9.28515;
0.467218;9.28515;
0.467218;9.28515;
0.467219;9.28515;
0.467219;9.28515;
0.46722;9.28515;
0.467223;9.28516;
0.467228;9.28518;
0.467238;9.28521;
0.467258;9.28526;
0.467278;9.28532;
0.467298;9.28537;
0.467318;9.28543;
0.467338;9.28549;
0.467358;9.28554;
0.467378;9.2856;
0.467398;9.28566;
0.467418;9.28572;
0.467438;9.28577;
0.467458;9.28583;
0.467478;9.28589;
0.467498;9.28595;
0.467518;9.286;
0.467538;9.28606;
0.467558;9.28612;
0.467578;9.28618;
0.467598;9.28623;
0.467618;9.28629;
0.467638;9.28635;
0.467658;9.28641;
0.467678;9.28647;
0.467698;9.28653;
0.467718;9.28658;
0.467738;9.28664;
0.467758;9.2867;
0.467778;9.28676;
0.467798;9.28682;
0.467818;9.28688;
0.467838;9.28694;
0.467858;9.287;
0.467878;9.28705;
0.467883;9.28707;
0.467883;9.28707;
0.467883;9.28707;
0.467884;9.28707;
0.467884;9.28707;
0.467884;9.28707;
0.467884;9.28707;
0.467885;9.28707;
0.467885;9.28707;
0.467886;9.28708;
0.467889;9.28709;
0.467894;9.2871;
0.467904;9.28713;
0.467911;9.28715;
0.467916;9.28716;
0.467922;9.28716;
0.467927;9.28717;
0.467936;9.28718;
0.467952;9.2872;
0.467966;9.28721;
0.46798;9.28723;
0.467996;9.28725;
0.468016;9.28727;
0.468036;9.28729;
0.468056;9.28731;
0.468076;9.28734;
0.468096;9.28736;
0.468116;9.28738;
0.468136;9.28741;
0.468156;9.28743;
0.468176;9.28745;
0.468196;9.28748;
0.468216;9.2875;
0.468236;9.28753;
0.468256;9.28755;
0.468276;9.28757;
0.468296;9.2876;
0.468316;9.28762;
0.468336;9.28765;
0.468356;9.28767;
0.468376;9.28769;
0.468396;9.28772;
0.468416;9.28774;
0.468436;9.28777;
0.468456;9.28779;
0.468476;9.28782;
0.468496;9.28784;
0.468516;9.28787;
0.468536;9.2879;
0.46855;9.28791;
0.46855;9.28791;
0.46855;9.28791;
0.468551;9.28791;
0.468551;9.28791;
0.468551;9.28791;
0.468551;9.28792;
0.468552;9.28792;
0.468552;9.28792;
0.468553;9.28792;
0.468556;9.28792;
0.468561;9.28793;
0.468571;9.28794;
0.468591;9.28797;
0.468611;9.28799;
0.468631;9.28802;
0.468651;9.28804;
0.468671;9.28807;
0.468691;9.2881;
0.468711;9.28812;
0.468731;9.28815;
0.468751;9.28818;
0.468771;9.2882;
0.468791;9.28823;
0.468811;9.28826;
0.468831;9.28828;
0.468851;9.28831;
0.468871;9.28834;
0.468891;9.28837;
0.468911;9.28839;
0.468931;9.28842;
0.468951;9.28845;
0.468971;9.28848;
0.468991;9.2885;
0.469011;9.28853;
0.469031;9.28856;
0.469051;9.28859;
0.469071;9.28862;
0.469091;9.28865;
0.469111;9.28867;
0.469131;9.2887;
0.469151;9.28873;
0.469171;9.28876;
0.469191;9.28879;
0.469211;9.28882;
0.469216;9.28882;
0.469216;9.28882;
0.469216;9.28882;
0.469217;9.28883;
0.469217;9.28883;
0.469217;9.28883;
0.469217;9.28883;
0.469218;9.28883;
0.469218;9.28883;
0.469219;9.28883;
0.469222;9.28883;
0.469227;9.28884;
0.469237;9.28886;
0.469257;9.28889;
0.469277;9.28891;
0.469297;9.28894;
0.469317;9.28897;
0.469337;9.289;
0.469357;9.28903;
0.469377;9.28906;
0.469397;9.28909;
0.469417;9.28912;
0.469437;9.28915;
0.469457;9.28918;
0.469477;9.28921;
0.469497;9.28925;
0.469517;9.28928;
0.469537;9.28931;
0.469557;9.28934;
0.469577;9.28937;
0.469597;9.2894;
0.469617;9.28943;
0.469637;9.28946;
0.469657;9.28949;
0.469677;9.28953;
0.469697;9.28956;
0.469717;9.28959;
0.469737;9.28962;
0.469757;9.28965;
0.469777;9.28968;
0.469797;9.28972;
0.469817;9.28975;
0.469837;9.28978;
0.469857;9.28981;
0.469877;9.28985;
0.469883;9.28986;
0.469883;9.28986;
0.469883;9.28986;
0.469884;9.28986;
0.469884;9.28986;
0.469884;9.28986;
0.469884;9.28986;
0.469885;9.28986;
0.469885;9.28986;
0.469886;9.28986;
0.469889;9.28987;
0.469894;9.28987;
0.469904;9.28989;
0.469924;9.28992;
0.469944;9.28996;
0.469964;9.28999;
0.469984;9.29002;
0.470004;9.29006;
0.470024;9.29009;
0.470044;9.29012;
0.470064;9.29016;
0.470084;9.29019;
0.470104;9.29022;
0.470124;9.29026;
0.470144;9.29029;
0.470164;9.29033;
0.470184;9.29036;
0.470204;9.29039;
0.470224;9.29043;
0.470244;9.29046;
0.470264;9.2905;
0.470284;9.29053;
0.470304;9.29057;
0.470324;9.2906;
0.470344;9.29064;
0.470364;9.29067;
0.470384;9.29071;
0.470404;9.29074;
0.470424;9.29078;
0.470444;9.29081;
0.470464;9.29085;
0.470484;9.29088;
0.470504;9.29092;
0.470524;9.29096;
0.470544;9.29099;
0.470549;9.291;
0.470551;9.291;
0.470555;9.29101;
0.470563;9.29103;
0.470579;9.29105;
0.470599;9.29109;
0.470619;9.29113;
0.470639;9.29116;
0.470659;9.2912;
0.470679;9.29124;
0.470699;9.29127;
0.470719;9.29131;
0.470739;9.29135;
0.470759;9.29139;
0.470779;9.29142;
0.470799;9.29146;
0.470819;9.2915;
0.470839;9.29153;
0.470859;9.29157;
0.470879;9.29161;
0.470899;9.29165;
0.470919;9.29169;
0.470939;9.29172;
0.470959;9.29176;
0.470979;9.2918;
0.470999;9.29184;
0.471019;9.29188;
0.471039;9.29192;
0.471059;9.29195;
0.471079;9.29199;
0.471099;9.29203;
0.471119;9.29207;
0.471139;9.29211;
0.471159;9.29215;
0.471179;9.29219;
0.471199;9.29223;
0.471216;9.29226;
0.471216;9.29226;
0.471216;9.29226;
0.471217;9.29226;
0.471217;9.29226;
0.471217;9.29226;
0.471217;9.29226;
0.471218;9.29226;
0.471218;9.29227;
0.471219;9.29227;
0.471222;9.29227;
0.471227;9.29228;
0.471237;9.2923;
0.471257;9.29234;
0.471277;9.29238;
0.471297;9.29242;
0.471317;9.29246;
0.471337;9.2925;
0.471357;9.29254;
0.471377;9.29258;
0.471397;9.29262;
0.471417;9.29266;
0.471437;9.2927;
0.471457;9.29274;
0.471477;9.29279;
0.471497;9.29283;
0.471517;9.29287;
0.471537;9.29291;
0.471557;9.29295;
0.471577;9.29299;
0.471597;9.29303;
0.471617;9.29307;
0.471637;9.29311;
0.471657;9.29316;
0.471677;9.2932;
0.471697;9.29324;
0.471717;9.29328;
0.471737;9.29332;
0.471757;9.29337;
0.471777;9.29341;
0.471797;9.29345;
0.471817;9.29349;
0.471837;9.29354;
0.471857;9.29358;
0.471877;9.29362;
0.471882;9.29363;
0.471882;9.29363;
0.471882;9.29363;
0.471883;9.29363;
0.471883;9.29363;
0.471883;9.29363;
0.471883;9.29363;
0.471884;9.29363;
0.471884;9.29363;
0.471885;9.29364;
0.471888;9.29364;
0.471893;9.29365;
0.471903;9.29368;
0.471923;9.29372;
0.471943;9.29376;
0.471963;9.29381;
0.471982;9.29385;
0.472002;9.29389;
0.472022;9.29393;
0.472042;9.29398;
0.472062;9.29402;
0.472082;9.29406;
0.472102;9.29411;
0.472122;9.29415;
0.472142;9.29419;
0.472162;9.29424;
0.472182;9.29428;
0.472202;9.29433;
0.472222;9.29437;
0.472242;9.29442;
0.472262;9.29446;
0.472282;9.29451;
0.472302;9.29455;
0.472322;9.29459;
0.472342;9.29464;
0.472362;9.29468;
0.472382;9.29473;
0.472402;9.29478;
0.472422;9.29482;
0.472442;9.29487;
0.472462;9.29491;
0.472482;9.29496;
0.472502;9.295;
0.472522;9.29505;
0.472542;9.29509;
0.472549;9.29511;
0.472549;9.29511;
0.472549;9.29511;
0.47255;9.29511;
0.47255;9.29511;
0.47255;9.29511;
0.47255;9.29511;
0.472551;9.29511;
0.472551;9.29512;
0.472552;9.29512;
0.472555;9.29512;
0.47256;9.29514;
0.47257;9.29516;
0.47259;9.29521;
0.47261;9.29525;
0.47263;9.2953;
0.47265;9.29535;
0.47267;9.29539;
0.47269;9.29544;
0.47271;9.29548;
0.47273;9.29553;
0.47275;9.29558;
0.47277;9.29563;
0.47279;9.29567;
0.47281;9.29572;
0.47283;9.29577;
0.47285;9.29581;
0.47287;9.29586;
0.47289;9.29591;
0.47291;9.29596;
0.47293;9.29601;
0.47295;9.29605;
0.47297;9.2961;
0.47299;9.29615;
0.47301;9.2962;
0.47303;9.29625;
0.47305;9.29629;
0.47307;9.29634;
0.47309;9.29639;
0.47311;9.29644;
0.47313;9.29649;
0.47315;9.29654;
0.47317;9.29659;
0.47319;9.29663;
0.47321;9.29668;
0.473215;9.2967;
0.473217;9.2967;
0.473221;9.29671;
0.473229;9.29673;
0.473245;9.29677;
0.473265;9.29682;
0.473285;9.29687;
0.473305;9.29692;
0.473325;9.29697;
0.473345;9.29702;
0.473365;9.29707;
0.473385;9.29712;
0.473405;9.29717;
0.473425;9.29722;
0.473445;9.29727;
0.473465;9.29732;
0.473485;9.29737;
0.473505;9.29742;
0.473525;9.29747;
0.473545;9.29752;
0.473565;9.29757;
0.473585;9.29762;
0.473605;9.29767;
0.473625;9.29772;
0.473645;9.29777;
0.473665;9.29782;
0.473685;9.29788;
0.473705;9.29793;
0.473725;9.29798;
0.473745;9.29803;
0.473765;9.29808;
0.473785;9.29813;
0.473805;9.29819;
0.473825;9.29824;
0.473845;9.29829;
0.473865;9.29834;
0.473882;9.29839;
0.473882;9.29839;
0.473882;9.29839;
0.473883;9.29839;
0.473883;9.29839;
0.473883;9.29839;
0.473883;9.29839;
0.473884;9.29839;
0.473884;9.29839;
0.473885;9.2984;
0.473888;9.2984;
0.473893;9.29842;
0.473903;9.29844;
0.473923;9.29849;
0.473943;9.29855;
0.473963;9.2986;
0.473983;9.29865;
0.474003;9.29871;
0.474023;9.29876;
0.474043;9.29881;
0.474063;9.29886;
0.474083;9.29892;
0.474103;9.29897;
0.474123;9.29902;
0.474143;9.29908;
0.474163;9.29913;
0.474183;9.29918;
0.474203;9.29924;
0.474223;9.29929;
0.474243;9.29935;
0.474263;9.2994;
0.474283;9.29945;
0.474303;9.29951;
0.474323;9.29956;
0.474343;9.29962;
0.474363;9.29967;
0.474383;9.29973;
0.474403;9.29978;
0.474423;9.29983;
0.474443;9.29989;
0.474463;9.29994;
0.474483;9.3;
0.474503;9.30005;
0.474523;9.30011;
0.474543;9.30016;
0.474548;9.30018;
0.474548;9.30018;
0.474548;9.30018;
0.474549;9.30018;
0.474549;9.30018;
0.474549;9.30018;
0.474549;9.30018;
0.47455;9.30018;
0.47455;9.30018;
0.474551;9.30019;
0.474554;9.30019;
0.474559;9.30021;
0.474569;9.30024;
0.474584;9.30028;
0.474595;9.30031;
0.474606;9.30033;
0.474619;9.30037;
0.474634;9.30041;
0.47465;9.30045;
0.474667;9.30049;
0.474687;9.30055;
0.474707;9.3006;
0.474727;9.30065;
0.474747;9.3007;
0.474767;9.30076;
0.474787;9.30081;
0.474807;9.30086;
0.474827;9.30092;
0.474847;9.30097;
0.474867;9.30102;
0.474887;9.30108;
0.474907;9.30113;
0.474927;9.30118;
0.474947;9.30124;
0.474967;9.30129;
0.474987;9.30134;
0.475007;9.3014;
0.475027;9.30145;
0.475047;9.30151;
0.475067;9.30156;
0.475087;9.30162;
0.475107;9.30167;
0.475127;9.30172;
0.475147;9.30178;
0.475167;9.30183;
0.475187;9.30189;
0.475207;9.30194;
0.475215;9.30197;
0.475215;9.30197;
0.475215;9.30197;
0.475216;9.30197;
0.475216;9.30197;
0.475216;9.30197;
0.475216;9.30197;
0.475217;9.30197;
0.475217;9.30197;
0.475218;9.30198;
0.475221;9.30198;
0.475226;9.302;
0.475236;9.30203;
0.475256;9.30208;
0.475276;9.30214;
0.475296;9.30219;
0.475316;9.30225;
0.475336;9.3023;
0.475356;9.30236;
0.475376;9.30241;
0.475396;9.30247;
0.475416;9.30252;
0.475436;9.30258;
0.475456;9.30264;
0.475476;9.30269;
0.475496;9.30275;
0.475516;9.3028;
0.475536;9.30286;
0.475556;9.30292;
0.475576;9.30297;
0.475596;9.30303;
0.475616;9.30309;
0.475636;9.30314;
0.475656;9.3032;
0.475676;9.30326;
0.475696;9.30332;
0.475716;9.30337;
0.475736;9.30343;
0.475756;9.30349;
0.475776;9.30354;
0.475796;9.3036;
0.475816;9.30366;
0.475836;9.30372;
0.475856;9.30378;
0.475876;9.30383;
0.475881;9.30385;
0.475883;9.30385;
0.475887;9.30386;
0.475895;9.30389;
0.475904;9.30391;
0.47591;9.30392;
0.475915;9.30393;
0.475919;9.30394;
0.475923;9.30395;
0.475931;9.30396;
0.475947;9.30399;
0.475964;9.30402;
0.475983;9.30405;
0.476003;9.30408;
0.476022;9.30412;
0.476042;9.30415;
0.476062;9.30419;
0.476082;9.30422;
0.476102;9.30426;
0.476122;9.30429;
0.476142;9.30433;
0.476162;9.30436;
0.476182;9.3044;
0.476202;9.30443;
0.476222;9.30447;
0.476242;9.3045;
0.476262;9.30454;
0.476282;9.30458;
0.476302;9.30461;
0.476322;9.30465;
0.476342;9.30468;
0.476362;9.30472;
0.476382;9.30476;
0.476402;9.30479;
0.476422;9.30483;
0.476442;9.30487;
0.476462;9.3049;
0.476482;9.30494;
0.476502;9.30498;
0.476522;9.30501;
0.476542;9.30505;
0.476548;9.30506;
0.476548;9.30506;
0.476548;9.30506;
0.476549;9.30506;
0.476549;9.30506;
0.476549;9.30506;
0.476549;9.30506;
0.47655;9.30506;
0.47655;9.30507;
0.476551;9.30507;
0.476554;9.30507;
0.476559;9.30508;
0.476569;9.3051;
0.476589;9.30514;
0.476609;9.30518;
0.476629;9.30521;
0.476649;9.30525;
0.476669;9.30529;
0.476689;9.30533;
0.476709;9.30536;
0.476729;9.3054;
0.476749;9.30544;
0.476769;9.30548;
0.476789;9.30552;
0.476809;9.30556;
0.476829;9.30559;
0.476849;9.30563;
0.476869;9.30567;
0.476889;9.30571;
0.476909;9.30575;
0.476929;9.30579;
0.476949;9.30583;
0.476969;9.30587;
0.476989;9.30591;
0.477009;9.30595;
0.477029;9.30599;
0.477049;9.30603;
0.477069;9.30607;
0.477089;9.30611;
0.477109;9.30615;
0.477129;9.30619;
0.477149;9.30623;
0.477169;9.30627;
0.477189;9.30631;
0.477209;9.30635;
0.477214;9.30636;
0.477214;9.30636;
0.477214;9.30636;
0.477215;9.30636;
0.477215;9.30636;
0.477215;9.30636;
0.477215;9.30636;
0.477216;9.30636;
0.477216;9.30636;
0.477217;9.30636;
0.47722;9.30637;
0.477225;9.30638;
0.477235;9.3064;
0.477255;9.30644;
0.477275;9.30648;
0.477293;9.30652;
0.477312;9.30655;
0.477332;9.3066;
0.477352;9.30664;
0.477372;9.30668;
0.477392;9.30672;
0.477412;9.30676;
0.477432;9.3068;
0.477452;9.30684;
0.477472;9.30689;
0.477492;9.30693;
0.477512;9.30697;
0.477532;9.30701;
0.477552;9.30705;
0.477572;9.3071;
0.477592;9.30714;
0.477612;9.30718;
0.477632;9.30722;
0.477652;9.30727;
0.477672;9.30731;
0.477692;9.30735;
0.477712;9.30739;
0.477732;9.30744;
0.477752;9.30748;
0.477772;9.30752;
0.477792;9.30757;
0.477812;9.30761;
0.477832;9.30765;
0.477852;9.3077;
0.477872;9.30774;
0.477881;9.30776;
0.477881;9.30776;
0.477881;9.30776;
0.477882;9.30776;
0.477882;9.30776;
0.477882;9.30776;
0.477882;9.30777;
0.477883;9.30777;
0.477883;9.30777;
0.477884;9.30777;
0.477887;9.30778;
0.477892;9.30779;
0.477902;9.30781;
0.477922;9.30785;
0.477942;9.3079;
0.477962;9.30794;
0.477982;9.30799;
0.478002;9.30803;
0.478022;9.30807;
0.478042;9.30812;
0.478062;9.30816;
0.478082;9.30821;
0.478102;9.30825;
0.478122;9.3083;
0.478142;9.30834;
0.478162;9.30839;
0.478182;9.30843;
0.478202;9.30848;
0.478222;9.30852;
0.478242;9.30857;
0.478262;9.30861;
0.478282;9.30866;
0.478302;9.30871;
0.478322;9.30875;
0.478342;9.3088;
0.478362;9.30884;
0.478382;9.30889;
0.478402;9.30894;
0.478422;9.30898;
0.478442;9.30903;
0.478462;9.30908;
0.478482;9.30912;
0.478502;9.30917;
0.478522;9.30922;
0.478542;9.30926;
0.478547;9.30927;
0.478549;9.30928;
0.478553;9.30929;
0.478561;9.30931;
0.478577;9.30934;
0.478597;9.30939;
0.478617;9.30944;
0.478637;9.30949;
0.478657;9.30953;
0.478677;9.30958;
0.478697;9.30963;
0.478717;9.30968;
0.478737;9.30972;
0.478757;9.30977;
0.478777;9.30982;
0.478797;9.30987;
0.478817;9.30992;
0.478837;9.30996;
0.478857;9.31001;
0.478877;9.31006;
0.478897;9.31011;
0.478917;9.31016;
0.478937;9.31021;
0.478957;9.31026;
0.478977;9.3103;
0.478997;9.31035;
0.479017;9.3104;
0.479037;9.31045;
0.479057;9.3105;
0.479077;9.31055;
0.479097;9.3106;
0.479117;9.31065;
0.479137;9.3107;
0.479157;9.31075;
0.479177;9.3108;
0.479197;9.31085;
0.479214;9.31089;
0.479214;9.31089;
0.479214;9.31089;
0.479215;9.31089;
0.479215;9.31089;
0.479215;9.31089;
0.479215;9.31089;
0.479216;9.3109;
0.479216;9.3109;
0.479217;9.3109;
0.47922;9.31091;
0.479225;9.31092;
0.479235;9.31094;
0.479255;9.31099;
0.479275;9.31105;
0.479295;9.3111;
0.479315;9.31115;
0.479335;9.3112;
0.479355;9.31125;
0.479375;9.3113;
0.479395;9.31135;
0.479415;9.3114;
0.479435;9.31145;
0.479455;9.3115;
0.479475;9.31155;
0.479495;9.3116;
0.479515;9.31166;
0.479535;9.31171;
0.479555;9.31176;
0.479575;9.31181;
0.479595;9.31186;
0.479615;9.31191;
0.479635;9.31197;
0.479655;9.31202;
0.479675;9.31207;
0.479695;9.31212;
0.479715;9.31217;
0.479735;9.31223;
0.479755;9.31228;
0.479775;9.31233;
0.479795;9.31239;
0.479815;9.31244;
0.479835;9.31249;
0.479855;9.31254;
0.479875;9.3126;
0.47988;9.31261;
0.47988;9.31261;
0.47988;9.31261;
0.479881;9.31261;
0.479881;9.31261;
0.479881;9.31261;
0.479881;9.31261;
0.479882;9.31261;
0.479882;9.31261;
0.479883;9.31262;
0.479886;9.31262;
0.479891;9.31264;
0.479901;9.31267;
0.479917;9.31271;
0.47993;9.31274;
0.479942;9.31277;
0.479957;9.31281;
0.479975;9.31286;
0.479988;9.3129;
0.480003;9.31294;
0.480019;9.31298;
0.480039;9.31303;
0.480059;9.31309;
0.480079;9.31314;
0.480099;9.31319;
0.480119;9.31325;
0.480139;9.3133;
0.480159;9.31336;
0.480179;9.31341;
0.480199;9.31347;
0.480219;9.31352;
0.480239;9.31357;
0.480259;9.31363;
0.480279;9.31368;
0.480299;9.31374;
0.480319;9.31379;
0.480339;9.31385;
0.480359;9.3139;
0.480379;9.31396;
0.480399;9.31401;
0.480419;9.31407;
0.480439;9.31412;
0.480459;9.31418;
0.480479;9.31424;
0.480499;9.31429;
0.480519;9.31435;
0.480539;9.3144;
0.480547;9.31443;
0.480547;9.31443;
0.480547;9.31443;
0.480548;9.31443;
0.480548;9.31443;
0.480548;9.31443;
0.480548;9.31443;
0.480549;9.31443;
0.480549;9.31443;
0.48055;9.31444;
0.480553;9.31444;
0.480558;9.31446;
0.480568;9.31449;
0.480588;9.31454;
0.480608;9.3146;
0.480628;9.31465;
0.480648;9.31471;
0.480668;9.31477;
0.480688;9.31482;
0.480708;9.31488;
0.480728;9.31494;
0.480748;9.31499;
0.480768;9.31505;
0.480788;9.31511;
0.480808;9.31516;
0.480828;9.31522;
0.480848;9.31528;
0.480868;9.31534;
0.480888;9.31539;
0.480908;9.31545;
0.480928;9.31551;
0.480948;9.31557;
0.480968;9.31562;
0.480988;9.31568;
0.481008;9.31574;
0.481028;9.3158;
0.481048;9.31586;
0.481068;9.31591;
0.481088;9.31597;
0.481108;9.31603;
0.481128;9.31609;
0.481148;9.31615;
0.481168;9.31621;
0.481188;9.31626;
0.481208;9.31632;
0.481213;9.31634;
0.481215;9.31634;
0.481219;9.31635;
0.481227;9.31638;
0.481231;9.31639;
0.481235;9.31639;
0.481241;9.3164;
0.481245;9.3164;
0.481251;9.3164;
0.481262;9.3164;
0.481275;9.31641;
0.481291;9.31642;
0.481307;9.31643;
0.481323;9.31643;
0.481343;9.31644;
0.481363;9.31645;
0.481383;9.31646;
0.481403;9.31647;
0.481423;9.31648;
0.481443;9.31649;
0.481463;9.3165;
0.481483;9.31651;
0.481503;9.31652;
0.481523;9.31653;
0.481543;9.31654;
0.481563;9.31655;
0.481583;9.31656;
0.481603;9.31658;
0.481623;9.31659;
0.481643;9.3166;
0.481663;9.31661;
0.481683;9.31662;
0.481703;9.31663;
0.481723;9.31664;
0.481743;9.31666;
0.481763;9.31667;
0.481783;9.31668;
0.481803;9.31669;
0.481823;9.3167;
0.481843;9.31672;
0.481863;9.31673;
0.48188;9.31674;
0.48188;9.31674;
0.48188;9.31674;
0.481881;9.31674;
0.481881;9.31674;
0.481881;9.31674;
0.481881;9.31674;
0.481882;9.31674;
0.481882;9.31674;
0.481883;9.31674;
0.481886;9.31674;
0.481891;9.31675;
0.481901;9.31675;
0.481921;9.31677;
0.481941;9.31678;
0.481961;9.31679;
0.481981;9.3168;
0.482001;9.31682;
0.482021;9.31683;
0.482041;9.31684;
0.482061;9.31686;
0.482081;9.31687;
0.482101;9.31689;
0.482121;9.3169;
0.482141;9.31691;
0.482161;9.31693;
0.482181;9.31694;
0.482201;9.31696;
0.482221;9.31697;
0.482241;9.31698;
0.482261;9.317;
0.482281;9.31701;
0.482301;9.31703;
0.482321;9.31704;
0.482341;9.31706;
0.482361;9.31707;
0.482381;9.31709;
0.482401;9.31711;
0.482421;9.31712;
0.482441;9.31714;
0.482461;9.31715;
0.482481;9.31717;
0.482501;9.31718;
0.482521;9.3172;
0.482541;9.31722;
0.482546;9.31722;
0.482546;9.31722;
0.482546;9.31722;
0.482547;9.31722;
0.482547;9.31722;
0.482547;9.31722;
0.482547;9.31722;
0.482548;9.31722;
0.482548;9.31722;
0.482549;9.31722;
0.482552;9.31723;
0.482557;9.31723;
0.482567;9.31724;
0.482587;9.31725;
0.482607;9.31727;
0.482627;9.31729;
0.482647;9.31731;
0.482667;9.31732;
0.482687;9.31734;
0.482707;9.31736;
0.482727;9.31737;
0.482747;9.31739;
0.482767;9.31741;
0.482787;9.31743;
0.482807;9.31744;
0.482827;9.31746;
0.482847;9.31748;
0.482867;9.3175;
0.482887;9.31752;
0.482907;9.31753;
0.482927;9.31755;
0.482947;9.31757;
0.482967;9.31759;
0.482987;9.31761;
0.483007;9.31763;
0.483027;9.31765;
0.483047;9.31767;
0.483067;9.31768;
0.483087;9.3177;
0.483107;9.31772;
0.483127;9.31774;
0.483147;9.31776;
0.483167;9.31778;
0.483187;9.3178;
0.483207;9.31782;
0.483213;9.31783;
0.483213;9.31783;
0.483213;9.31783;
0.483214;9.31783;
0.483214;9.31783;
0.483214;9.31783;
0.483214;9.31783;
0.483215;9.31783;
0.483215;9.31783;
0.483216;9.31783;
0.483219;9.31783;
0.483224;9.31784;
0.483234;9.31785;
0.483254;9.31787;
0.483274;9.31789;
0.483294;9.31791;
0.483314;9.31793;
0.483334;9.31795;
0.483354;9.31797;
0.483374;9.31799;
0.483394;9.31801;
0.483414;9.31804;
0.483434;9.31806;
0.483454;9.31808;
0.483474;9.3181;
0.483494;9.31812;
0.483514;9.31814;
0.483534;9.31816;
0.483554;9.31819;
0.483574;9.31821;
0.483594;9.31823;
0.483614;9.31825;
0.483634;9.31827;
0.483654;9.3183;
0.483674;9.31832;
0.483694;9.31834;
0.483714;9.31836;
0.483734;9.31839;
0.483754;9.31841;
0.483774;9.31843;
0.483794;9.31846;
0.483814;9.31848;
0.483834;9.3185;
0.483854;9.31853;
0.483874;9.31855;
0.483879;9.31856;
0.483881;9.31856;
0.483885;9.31856;
0.483893;9.31857;
0.483909;9.31859;
0.483929;9.31862;
0.483949;9.31864;
0.483969;9.31866;
0.483989;9.31869;
0.484009;9.31871;
0.484029;9.31874;
0.484049;9.31876;
0.484069;9.31879;
0.484089;9.31881;
0.484109;9.31883;
0.484129;9.31886;
0.484149;9.31888;
0.484169;9.31891;
0.484189;9.31894;
0.484209;9.31896;
0.484229;9.31899;
0.484249;9.31901;
0.484269;9.31904;
0.484289;9.31906;
0.484309;9.31909;
0.484329;9.31912;
0.484349;9.31914;
0.484369;9.31917;
0.484389;9.31919;
0.484409;9.31922;
0.484429;9.31925;
0.484449;9.31927;
0.484469;9.3193;
0.484489;9.31933;
0.484509;9.31935;
0.484529;9.31938;
0.484546;9.3194;
0.484546;9.3194;
0.484546;9.3194;
0.484547;9.31941;
0.484547;9.31941;
0.484547;9.31941;
0.484547;9.31941;
0.484548;9.31941;
0.484548;9.31941;
0.484549;9.31941;
0.484552;9.31941;
0.484557;9.31942;
0.484567;9.31943;
0.484587;9.31946;
0.484607;9.31949;
0.484627;9.31952;
0.484647;9.31954;
0.484667;9.31957;
0.484687;9.3196;
0.484707;9.31963;
0.484727;9.31966;
0.484747;9.31968;
0.484767;9.31971;
0.484787;9.31974;
0.484807;9.31977;
0.484827;9.3198;
0.484847;9.31983;
0.484867;9.31985;
0.484887;9.31988;
0.484907;9.31991;
0.484927;9.31994;
0.484947;9.31997;
0.484967;9.32;
0.484987;9.32003;
0.485007;9.32006;
0.485027;9.32009;
0.485047;9.32012;
0.485067;9.32015;
0.485087;9.32018;
0.485107;9.32021;
0.485127;9.32024;
0.485147;9.32027;
0.485167;9.3203;
0.485187;9.32033;
0.485207;9.32036;
0.485212;9.32037;
0.485212;9.32037;
0.485212;9.32037;
0.485213;9.32037;
0.485213;9.32037;
0.485213;9.32037;
0.485213;9.32037;
0.485214;9.32037;
0.485214;9.32037;
0.485215;9.32037;
0.485218;9.32038;
0.485223;9.32039;
0.485233;9.3204;
0.485253;9.32043;
0.485273;9.32046;
0.485293;9.32049;
0.485313;9.32052;
0.485333;9.32056;
0.485353;9.32059;
0.485373;9.32062;
0.485393;9.32065;
0.485413;9.32068;
0.485433;9.32071;
0.485453;9.32075;
0.485473;9.32078;
0.485493;9.32081;
0.485513;9.32084;
0.485533;9.32087;
0.485553;9.32091;
0.485573;9.32094;
0.485593;9.32097;
0.485613;9.321;
0.485633;9.32104;
0.485653;9.32107;
0.485673;9.3211;
0.485693;9.32114;
0.485713;9.32117;
0.485733;9.3212;
0.485753;9.32124;
0.485773;9.32127;
0.485793;9.3213;
0.485813;9.32134;
0.485833;9.32137;
0.485853;9.3214;
0.485873;9.32144;
0.485879;9.32145;
0.485879;9.32145;
0.485879;9.32145;
0.48588;9.32145;
0.48588;9.32145;
0.48588;9.32145;
0.48588;9.32145;
0.485881;9.32145;
0.485881;9.32145;
0.485882;9.32145;
0.485885;9.32146;
0.48589;9.32147;
0.4859;9.32148;
0.48592;9.32152;
0.48594;9.32155;
0.48596;9.32159;
0.48598;9.32162;
0.486;9.32166;
0.48602;9.32169;
0.48604;9.32173;
0.48606;9.32176;
0.48608;9.3218;
0.4861;9.32183;
0.48612;9.32187;
0.48614;9.3219;
0.48616;9.32194;
0.48618;9.32197;
0.4862;9.32201;
0.48622;9.32204;
0.48624;9.32208;
0.48626;9.32212;
0.48628;9.32215;
0.4863;9.32219;
0.48632;9.32222;
0.48634;9.32226;
0.48636;9.3223;
0.48638;9.32233;
0.4864;9.32237;
0.48642;9.32241;
0.48644;9.32244;
0.48646;9.32248;
0.48648;9.32252;
0.4865;9.32255;
0.48652;9.32259;
0.48654;9.32263;
0.486545;9.32264;
0.486547;9.32264;
0.486551;9.32265;
0.486559;9.32266;
0.486575;9.32269;
0.486595;9.32273;
0.486615;9.32277;
0.486635;9.32281;
0.486655;9.32285;
0.486675;9.32288;
0.486695;9.32292;
0.486715;9.32296;
0.486735;9.323;
0.486755;9.32304;
0.486775;9.32307;
0.486795;9.32311;
0.486815;9.32315;
0.486835;9.32319;
0.486855;9.32323;
0.486875;9.32327;
0.486895;9.32331;
0.486915;9.32335;
0.486935;9.32339;
0.486955;9.32343;
0.486975;9.32346;
0.486995;9.3235;
0.487015;9.32354;
0.487035;9.32358;
0.487055;9.32362;
0.487075;9.32366;
0.487095;9.3237;
0.487115;9.32374;
0.487135;9.32378;
0.487155;9.32382;
0.487175;9.32386;
0.487195;9.32391;
0.487212;9.32394;
0.487212;9.32394;
0.487212;9.32394;
0.487213;9.32394;
0.487213;9.32394;
0.487213;9.32394;
0.487213;9.32394;
0.487214;9.32394;
0.487214;9.32394;
0.487215;9.32395;
0.487218;9.32395;
0.487223;9.32396;
0.487233;9.32398;
0.487253;9.32402;
0.487273;9.32407;
0.487293;9.32411;
0.487313;9.32415;
0.487333;9.32419;
0.487353;9.32423;
0.487373;9.32427;
0.487393;9.32431;
0.487413;9.32435;
0.487433;9.3244;
0.487453;9.32444;
0.487473;9.32448;
0.487493;9.32452;
0.487513;9.32456;
0.487533;9.32461;
0.487553;9.32465;
0.487573;9.32469;
0.487593;9.32473;
0.487613;9.32478;
0.487633;9.32482;
0.487653;9.32486;
0.487673;9.3249;
0.487693;9.32495;
0.487713;9.32499;
0.487733;9.32503;
0.487753;9.32508;
0.487773;9.32512;
0.487793;9.32516;
0.487813;9.32521;
0.487833;9.32525;
0.487853;9.32529;
0.487873;9.32534;
0.487878;9.32535;
0.487878;9.32535;
0.487878;9.32535;
0.487879;9.32535;
0.487879;9.32535;
0.487879;9.32535;
0.487879;9.32535;
0.48788;9.32535;
0.48788;9.32535;
0.487881;9.32536;
0.487884;9.32536;
0.487889;9.32537;
0.487899;9.32539;
0.487919;9.32544;
0.487939;9.32548;
0.487959;9.32553;
0.487979;9.32557;
0.487998;9.32561;
0.488018;9.32566;
0.488038;9.3257;
0.488058;9.32574;
0.488078;9.32579;
0.488098;9.32583;
0.488118;9.32588;
0.488138;9.32592;
0.488158;9.32597;
0.488178;9.32601;
0.488198;9.32606;
0.488218;9.32611;
0.488238;9.32615;
0.488258;9.3262;
0.488278;9.32624;
0.488298;9.32629;
0.488318;9.32633;
0.488338;9.32638;
0.488358;9.32643;
0.488378;9.32647;
0.488398;9.32652;
0.488418;9.32656;
0.488438;9.32661;
0.488458;9.32666;
0.488478;9.3267;
0.488498;9.32675;
0.488518;9.3268;
0.488538;9.32684;
0.488545;9.32686;
0.488545;9.32686;
0.488545;9.32686;
0.488546;9.32686;
0.488546;9.32686;
0.488546;9.32686;
0.488546;9.32687;
0.488547;9.32687;
0.488547;9.32687;
0.488548;9.32687;
0.488551;9.32688;
0.488556;9.32689;
0.488566;9.32691;
0.488586;9.32696;
0.488606;9.32701;
0.488626;9.32705;
0.488646;9.3271;
0.488666;9.32715;
0.488686;9.3272;
0.488706;9.32724;
0.488726;9.32729;
0.488746;9.32734;
0.488766;9.32739;
0.488786;9.32744;
0.488806;9.32748;
0.488826;9.32753;
0.488846;9.32758;
0.488866;9.32763;
0.488886;9.32768;
0.488906;9.32773;
0.488926;9.32777;
0.488946;9.32782;
0.488966;9.32787;
0.488986;9.32792;
0.489006;9.32797;
0.489026;9.32802;
0.489046;9.32807;
0.489066;9.32812;
0.489086;9.32817;
0.489106;9.32822;
0.489126;9.32827;
0.489146;9.32832;
0.489166;9.32837;
0.489186;9.32842;
0.489206;9.32847;
0.489211;9.32848;
0.489213;9.32848;
0.489217;9.32849;
0.489225;9.32851;
0.489241;9.32855;
0.489252;9.32858;
0.489264;9.32861;
0.489277;9.32864;
0.489291;9.32868;
0.489311;9.32873;
0.489331;9.32878;
0.489351;9.32883;
0.489371;9.32888;
0.489391;9.32893;
0.489411;9.32898;
0.489431;9.32903;
0.489451;9.32908;
0.489471;9.32914;
0.489491;9.32919;
0.489511;9.32924;
0.489531;9.32929;
0.489551;9.32934;
0.489571;9.32939;
0.489591;9.32944;
0.489611;9.3295;
0.489631;9.32955;
0.489651;9.3296;
0.489671;9.32965;
0.489691;9.3297;
0.489711;9.32976;
0.489731;9.32981;
0.489751;9.32986;
0.489771;9.32991;
0.489791;9.32997;
0.489811;9.33002;
0.489831;9.33007;
0.489851;9.33013;
0.489871;9.33018;
0.489878;9.3302;
0.489878;9.3302;
0.489878;9.3302;
0.489879;9.3302;
0.489879;9.3302;
0.489879;9.3302;
0.489879;9.3302;
0.48988;9.3302;
0.48988;9.3302;
0.489881;9.33021;
0.489884;9.33021;
0.489889;9.33023;
0.489899;9.33025;
0.489919;9.33031;
0.489939;9.33036;
0.489959;9.33041;
0.489979;9.33047;
0.489999;9.33052;
0.490019;9.33057;
0.490039;9.33063;
0.490059;9.33068;
0.490079;9.33074;
0.490099;9.33079;
0.490119;9.33084;
0.490139;9.3309;
0.490159;9.33095;
0.490179;9.33101;
0.490199;9.33106;
0.490219;9.33111;
0.490239;9.33117;
0.490259;9.33122;
0.490279;9.33128;
0.490299;9.33133;
0.490319;9.33139;
0.490339;9.33144;
0.490359;9.3315;
0.490379;9.33155;
0.490399;9.33161;
0.490419;9.33166;
0.490439;9.33172;
0.490459;9.33178;
0.490479;9.33183;
0.490499;9.33189;
0.490519;9.33194;
0.490539;9.332;
0.490544;9.33201;
0.490544;9.33201;
0.490544;9.33201;
0.490545;9.33201;
0.490545;9.33201;
0.490545;9.33201;
0.490545;9.33201;
0.490546;9.33202;
0.490546;9.33202;
0.490547;9.33202;
0.49055;9.33203;
0.490555;9.33204;
0.490561;9.33206;
0.490564;9.33206;
0.490568;9.33207;
0.490572;9.33207;
0.490575;9.33207;
0.49058;9.33207;
0.490591;9.33208;
0.490611;9.33209;
0.490629;9.3321;
0.490648;9.33211;
0.490667;9.33212;
0.490687;9.33214;
0.490707;9.33215;
0.490727;9.33216;
0.490747;9.33217;
0.490767;9.33218;
0.490787;9.3322;
0.490807;9.33221;
0.490827;9.33222;
0.490847;9.33223;
0.490867;9.33225;
0.490887;9.33226;
0.490907;9.33227;
0.490927;9.33228;
0.490947;9.3323;
0.490967;9.33231;
0.490987;9.33232;
0.491007;9.33234;
0.491027;9.33235;
0.491047;9.33236;
0.491067;9.33238;
0.491087;9.33239;
0.491107;9.33241;
0.491127;9.33242;
0.491147;9.33243;
0.491167;9.33245;
0.491187;9.33246;
0.491207;9.33248;
0.491211;9.33248;
0.491211;9.33248;
0.491211;9.33248;
0.491212;9.33248;
0.491212;9.33248;
0.491212;9.33248;
0.491212;9.33248;
0.491213;9.33248;
0.491213;9.33248;
0.491214;9.33248;
0.491217;9.33249;
0.491222;9.33249;
0.491232;9.3325;
0.491252;9.33251;
0.491272;9.33253;
0.491292;9.33254;
0.491312;9.33256;
0.491332;9.33257;
0.491352;9.33259;
0.491372;9.3326;
0.491392;9.33262;
0.491412;9.33263;
0.491432;9.33265;
0.491452;9.33267;
0.491472;9.33268;
0.491492;9.3327;
0.491512;9.33272;
0.491532;9.33273;
0.491552;9.33275;
0.491572;9.33276;
0.491592;9.33278;
0.491612;9.3328;
0.491632;9.33282;
0.491652;9.33283;
0.491672;9.33285;
0.491692;9.33287;
0.491712;9.33288;
0.491732;9.3329;
0.491752;9.33292;
0.491772;9.33294;
0.491792;9.33296;
0.491812;9.33297;
0.491832;9.33299;
0.491852;9.33301;
0.491872;9.33303;
0.491877;9.33303;
0.491879;9.33303;
0.491883;9.33304;
0.491891;9.33304;
0.491907;9.33306;
0.491927;9.33308;
0.491947;9.3331;
0.491967;9.33312;
0.491987;9.33313;
0.492007;9.33315;
0.492027;9.33317;
0.492047;9.33319;
0.492067;9.33321;
0.492087;9.33323;
0.492107;9.33325;
0.492127;9.33327;
0.492147;9.33329;
0.492167;9.33331;
0.492187;9.33333;
0.492207;9.33335;
0.492227;9.33337;
0.492247;9.33339;
0.492267;9.33341;
0.492287;9.33343;
0.492307;9.33345;
0.492327;9.33347;
0.492347;9.33349;
0.492367;9.33351;
0.492387;9.33354;
0.492407;9.33356;
0.492427;9.33358;
0.492447;9.3336;
0.492467;9.33362;
0.492487;9.33364;
0.492507;9.33366;
0.492527;9.33369;
0.492544;9.3337;
0.492544;9.3337;
0.492544;9.33371;
0.492545;9.33371;
0.492545;9.33371;
0.492545;9.33371;
0.492545;9.33371;
0.492546;9.33371;
0.492546;9.33371;
0.492547;9.33371;
0.49255;9.33371;
0.492555;9.33372;
0.492565;9.33373;
0.492585;9.33375;
0.492605;9.33377;
0.492625;9.3338;
0.492645;9.33382;
0.492665;9.33384;
0.492685;9.33386;
0.492705;9.33389;
0.492725;9.33391;
0.492745;9.33393;
0.492765;9.33395;
0.492785;9.33398;
0.492805;9.334;
0.492825;9.33402;
0.492845;9.33405;
0.492865;9.33407;
0.492885;9.3341;
0.492905;9.33412;
0.492925;9.33414;
0.492945;9.33417;
0.492965;9.33419;
0.492985;9.33422;
0.493005;9.33424;
0.493025;9.33426;
0.493045;9.33429;
0.493065;9.33431;
0.493085;9.33434;
0.493105;9.33436;
0.493125;9.33439;
0.493145;9.33441;
0.493165;9.33444;
0.493185;9.33446;
0.493205;9.33449;
0.49321;9.3345;
0.49321;9.3345;
0.49321;9.3345;
0.493211;9.3345;
0.493211;9.3345;
0.493211;9.3345;
0.493211;9.3345;
0.493212;9.3345;
0.493212;9.3345;
0.493213;9.3345;
0.493216;9.3345;
0.493221;9.33451;
0.493231;9.33452;
0.493251;9.33455;
0.493271;9.33457;
0.493291;9.3346;
0.493311;9.33463;
0.493331;9.33465;
0.493351;9.33468;
0.493371;9.33471;
0.493391;9.33473;
0.493411;9.33476;
0.493431;9.33478;
0.493451;9.33481;
0.493471;9.33484;
0.493491;9.33487;
0.493511;9.33489;
0.493531;9.33492;
0.493551;9.33495;
0.493571;9.33497;
0.493591;9.335;
0.493611;9.33503;
0.493631;9.33506;
0.493651;9.33508;
0.493671;9.33511;
0.493691;9.33514;
0.493711;9.33517;
0.493731;9.3352;
0.493751;9.33522;
0.493771;9.33525;
0.493791;9.33528;
0.493811;9.33531;
0.493831;9.33534;
0.493851;9.33537;
0.493871;9.3354;
0.493877;9.3354;
0.493877;9.3354;
0.493877;9.33541;
0.493878;9.33541;
0.493878;9.33541;
0.493878;9.33541;
0.493878;9.33541;
0.493879;9.33541;
0.493879;9.33541;
0.49388;9.33541;
0.493883;9.33541;
0.493888;9.33542;
0.493898;9.33544;
0.493918;9.33546;
0.493938;9.33549;
0.493958;9.33552;
0.493978;9.33555;
0.493998;9.33558;
0.494018;9.33561;
0.494038;9.33564;
0.494058;9.33567;
0.494078;9.3357;
0.494098;9.33573;
0.494118;9.33576;
0.494138;9.33579;
0.494158;9.33582;
0.494178;9.33585;
0.494198;9.33588;
0.494218;9.33591;
0.494238;9.33595;
0.494258;9.33598;
0.494278;9.33601;
0.494298;9.33604;
0.494318;9.33607;
0.494338;9.3361;
0.494358;9.33613;
0.494378;9.33616;
0.494398;9.3362;
0.494418;9.33623;
0.494438;9.33626;
0.494458;9.33629;
0.494478;9.33632;
0.494498;9.33635;
0.494518;9.33639;
0.494538;9.33642;
0.494543;9.33643;
0.494545;9.33643;
0.494549;9.33644;
0.494557;9.33645;
0.494573;9.33648;
0.494593;9.33651;
0.494613;9.33654;
0.494633;9.33657;
0.494653;9.33661;
0.494673;9.33664;
0.494693;9.33667;
0.494713;9.33671;
0.494733;9.33674;
0.494753;9.33677;
0.494773;9.33681;
0.494793;9.33684;
0.494813;9.33687;
0.494833;9.33691;
0.494853;9.33694;
0.494873;9.33697;
0.494893;9.33701;
0.494913;9.33704;
0.494933;9.33708;
0.494953;9.33711;
0.494973;9.33715;
0.494993;9.33718;
0.495013;9.33721;
0.495033;9.33725;
0.495053;9.33728;
0.495073;9.33732;
0.495093;9.33735;
0.495113;9.33739;
0.495133;9.33743;
0.495153;9.33746;
0.495173;9.3375;
0.495193;9.33753;
0.49521;9.33756;
0.49521;9.33756;
0.49521;9.33756;
0.495211;9.33756;
0.495211;9.33756;
0.495211;9.33756;
0.495211;9.33756;
0.495212;9.33756;
0.495212;9.33757;
0.495213;9.33757;
0.495216;9.33757;
0.495221;9.33758;
0.495231;9.3376;
0.495251;9.33764;
0.495271;9.33767;
0.495291;9.33771;
0.495311;9.33774;
0.495331;9.33778;
0.495351;9.33782;
0.495371;9.33785;
0.495391;9.33789;
0.495411;9.33793;
0.495431;9.33796;
0.495451;9.338;
0.495471;9.33804;
0.495491;9.33807;
0.495511;9.33811;
0.495531;9.33815;
0.495551;9.33819;
0.495571;9.33822;
0.495591;9.33826;
0.495611;9.3383;
0.495631;9.33834;
0.495651;9.33837;
0.495671;9.33841;
0.495691;9.33845;
0.495711;9.33849;
0.495731;9.33853;
0.495751;9.33856;
0.495771;9.3386;
0.495791;9.33864;
0.495811;9.33868;
0.495831;9.33872;
0.495851;9.33876;
0.495871;9.3388;
0.495876;9.3388;
0.495876;9.33881;
0.495876;9.33881;
0.495877;9.33881;
0.495877;9.33881;
0.495877;9.33881;
0.495877;9.33881;
0.495878;9.33881;
0.495878;9.33881;
0.495879;9.33881;
0.495882;9.33882;
0.495887;9.33883;
0.495897;9.33885;
0.495917;9.33889;
0.495937;9.33892;
0.495957;9.33896;
0.495977;9.339;
0.495997;9.33904;
0.496017;9.33908;
0.496037;9.33912;
0.496057;9.33916;
0.496077;9.3392;
0.496097;9.33924;
0.496117;9.33928;
0.496137;9.33932;
0.496157;9.33936;
0.496177;9.3394;
0.496197;9.33944;
0.496217;9.33948;
0.496237;9.33952;
0.496257;9.33957;
0.496277;9.33961;
0.496297;9.33965;
0.496317;9.33969;
0.496337;9.33973;
0.496357;9.33977;
0.496377;9.33981;
0.496397;9.33985;
0.496417;9.33989;
0.496437;9.33994;
0.496457;9.33998;
0.496477;9.34002;
0.496497;9.34006;
0.496517;9.3401;
0.496537;9.34015;
0.496543;9.34016;
0.496543;9.34016;
0.496543;9.34016;
0.496544;9.34016;
0.496544;9.34016;
0.496544;9.34016;
0.496544;9.34016;
0.496545;9.34016;
0.496545;9.34016;
0.496546;9.34016;
0.496549;9.34017;
0.496554;9.34018;
0.496564;9.3402;
0.496584;9.34024;
0.496604;9.34029;
0.496624;9.34033;
0.496644;9.34037;
0.496664;9.34041;
0.496684;9.34046;
0.496704;9.3405;
0.496724;9.34054;
0.496744;9.34059;
0.496764;9.34063;
0.496784;9.34067;
0.496804;9.34072;
0.496824;9.34076;
0.496844;9.3408;
0.496864;9.34085;
0.496884;9.34089;
0.496904;9.34093;
0.496924;9.34098;
0.496944;9.34102;
0.496964;9.34107;
0.496984;9.34111;
0.497004;9.34115;
0.497024;9.3412;
0.497044;9.34124;
0.497064;9.34129;
0.497084;9.34133;
0.497104;9.34138;
0.497124;9.34142;
0.497144;9.34147;
0.497164;9.34151;
0.497184;9.34156;
0.497204;9.3416;
0.497209;9.34161;
0.497209;9.34161;
0.497209;9.34161;
0.49721;9.34161;
0.49721;9.34161;
0.49721;9.34162;
0.49721;9.34162;
0.497211;9.34162;
0.497211;9.34162;
0.497212;9.34162;
0.497215;9.34163;
0.49722;9.34164;
0.49723;9.34166;
0.497245;9.34169;
0.497262;9.34173;
0.497281;9.34178;
0.497301;9.34182;
0.497317;9.34186;
0.497334;9.3419;
0.497353;9.34194;
0.497373;9.34199;
0.497393;9.34203;
0.497413;9.34208;
0.497433;9.34212;
0.497453;9.34217;
0.497473;9.34222;
0.497493;9.34226;
0.497513;9.34231;
0.497533;9.34236;
0.497553;9.3424;
0.497573;9.34245;
0.497593;9.3425;
0.497613;9.34254;
0.497633;9.34259;
0.497653;9.34264;
0.497673;9.34269;
0.497693;9.34273;
0.497713;9.34278;
0.497733;9.34283;
0.497753;9.34288;
0.497773;9.34292;
0.497793;9.34297;
0.497813;9.34302;
0.497833;9.34307;
0.497853;9.34312;
0.497873;9.34316;
0.497876;9.34317;
0.497876;9.34317;
0.497876;9.34317;
0.497877;9.34317;
0.497877;9.34318;
0.497877;9.34318;
0.497877;9.34318;
0.497878;9.34318;
0.497878;9.34318;
0.497879;9.34318;
0.497882;9.34319;
0.497887;9.3432;
0.497897;9.34322;
0.497917;9.34327;
0.497937;9.34332;
0.497957;9.34337;
0.497977;9.34342;
0.497997;9.34347;
0.498017;9.34352;
0.498037;9.34357;
0.498057;9.34361;
0.498077;9.34366;
0.498097;9.34371;
0.498117;9.34376;
0.498137;9.34381;
0.498157;9.34386;
0.498177;9.34391;
0.498197;9.34396;
0.498217;9.34401;
0.498237;9.34406;
0.498257;9.34411;
0.498277;9.34416;
0.498297;9.34421;
0.498317;9.34426;
0.498337;9.34431;
0.498357;9.34436;
0.498377;9.34441;
0.498397;9.34446;
0.498417;9.34451;
0.498437;9.34456;
0.498457;9.34462;
0.498477;9.34467;
0.498497;9.34472;
0.498517;9.34477;
0.498537;9.34482;
0.498542;9.34483;
0.498542;9.34483;
0.498542;9.34483;
0.498543;9.34483;
0.498543;9.34483;
0.498543;9.34483;
0.498543;9.34483;
0.498544;9.34484;
0.498544;9.34484;
0.498545;9.34484;
0.498548;9.34485;
0.498553;9.34486;
0.498563;9.34488;
0.498569;9.34489;
0.498574;9.3449;
0.498578;9.3449;
0.498582;9.34491;
0.49859;9.34492;
0.498605;9.34493;
0.498622;9.34495;
0.49864;9.34497;
0.49866;9.345;
0.498679;9.34502;
0.498699;9.34504;
0.498719;9.34506;
0.498739;9.34509;
0.498759;9.34511;
0.498779;9.34513;
0.498799;9.34516;
0.498819;9.34518;
0.498839;9.3452;
0.498859;9.34523;
0.498879;9.34525;
0.498899;9.34527;
0.498919;9.3453;
0.498939;9.34532;
0.498959;9.34535;
0.498979;9.34537;
0.498999;9.3454;
0.499019;9.34542;
0.499039;9.34544;
0.499059;9.34547;
0.499079;9.34549;
0.499099;9.34552;
0.499119;9.34554;
0.499139;9.34557;
0.499159;9.34559;
0.499179;9.34562;
0.499199;9.34564;
0.499209;9.34566;
0.499209;9.34566;
0.499209;9.34566;
0.49921;9.34566;
0.49921;9.34566;
0.49921;9.34566;
0.49921;9.34566;
0.499211;9.34566;
0.499211;9.34566;
0.499212;9.34566;
0.499215;9.34566;
0.49922;9.34567;
0.49923;9.34568;
0.49925;9.34571;
0.49927;9.34574;
0.49929;9.34576;
0.49931;9.34579;
0.49933;9.34581;
0.49935;9.34584;
0.49937;9.34587;
0.49939;9.34589;
0.49941;9.34592;
0.49943;9.34595;
0.49945;9.34597;
0.49947;9.346;
0.49949;9.34603;
0.49951;9.34605;
0.49953;9.34608;
0.49955;9.34611;
0.49957;9.34614;
0.49959;9.34616;
0.49961;9.34619;
0.49963;9.34622;
0.49965;9.34625;
0.49967;9.34627;
0.49969;9.3463;
0.49971;9.34633;
0.49973;9.34636;
0.49975;9.34639;
0.49977;9.34641;
0.49979;9.34644;
0.49981;9.34647;
0.49983;9.3465;
0.49985;9.34653;
0.49987;9.34656;
0.499875;9.34656;
0.499875;9.34656;
0.499875;9.34656;
0.499876;9.34657;
0.499876;9.34657;
0.499876;9.34657;
0.499876;9.34657;
0.499877;9.34657;
0.499877;9.34657;
0.499878;9.34657;
0.499881;9.34657;
0.499886;9.34658;
0.499896;9.3466;
0.499916;9.34662;
0.499936;9.34665;
0.499956;9.34668;
0.499976;9.34671;
0.499996;9.34674;
0.5;9.34675;
