time;V(Net-_D1-K_);V(Net-_U2-+_);
0;14.3801;15.0044;
1e-08;14.3801;15.0045;
2e-08;14.3801;15.0046;
4e-08;14.3801;15.0048;
8e-08;14.3801;15.0051;
1.6e-07;14.3801;15.0058;
3.2e-07;14.3801;15.0071;
6.4e-07;14.3801;15.0098;
1e-06;14.3801;15.0128;
1.064e-06;14.3801;15.0128;
1.192e-06;14.3801;15.0128;
1.448e-06;14.3801;15.0128;
1.96e-06;14.3801;15.0128;
2.984e-06;14.3801;15.0127;
5.032e-06;14.3801;15.0127;
9.128e-06;14.3801;15.0127;
1.732e-05;14.3801;15.0126;
3.3704e-05;14.3801;15.0125;
5.3704e-05;14.3801;15.0124;
7.3704e-05;14.3801;15.0122;
9.3704e-05;14.3801;15.0121;
0.000113704;14.3801;15.0119;
0.000133704;14.3801;15.0118;
0.000153704;14.3801;15.0116;
0.000173704;14.3801;15.0115;
0.000193704;14.3801;15.0114;
0.000213704;14.3801;15.0112;
0.000233704;14.3801;15.0111;
0.000253704;14.3801;15.0109;
0.000273704;14.3801;15.0108;
0.000293704;14.3801;15.0106;
0.000313704;14.3801;15.0105;
0.000333704;14.3801;15.0103;
0.000353704;14.3801;15.0101;
0.000373704;14.3801;15.0099;
0.000393704;14.3801;15.0096;
0.000413704;14.3801;14.9955;
0.000433704;14.38;14.8854;
0.000453704;14.38;14.7693;
0.000473704;14.38;14.6591;
0.000493704;14.38;14.5439;
0.000513704;14.3799;14.4338;
0.000533704;14.3769;14.3193;
0.000553704;14.3712;14.2093;
0.000573704;14.3654;14.0957;
0.000593704;14.3596;13.9858;
0.000610704;14.3547;13.8896;
0.000627962;14.3498;13.7951;
0.000644363;14.3451;13.7028;
0.000664363;14.3393;13.5932;
0.000684363;14.3336;13.4815;
0.000704363;14.3279;13.3722;
0.000724363;14.3221;13.2611;
0.000744363;14.3164;13.1521;
0.000764363;14.3107;13.0416;
0.000784363;14.305;12.9329;
0.000804363;14.2992;12.8229;
0.000824363;14.2935;12.7146;
0.000844363;14.2878;12.6052;
0.000864363;14.2821;12.4971;
0.000884363;14.2764;12.3882;
0.000904363;14.2707;12.2805;
0.000924363;14.265;12.1722;
0.000944363;14.2593;12.0648;
0.000964363;14.2536;11.957;
0.000984363;14.2479;11.85;
0.001001;14.2431;11.7606;
0.0010011;14.2431;11.7594;
0.0010013;14.243;11.7574;
0.0010017;14.2429;11.7551;
0.001002;14.2428;11.7544;
0.00100208;14.2428;11.755;
0.00100224;14.2428;11.756;
0.00100256;14.2427;11.7575;
0.0010032;14.2425;11.7598;
0.00100448;14.2421;11.7637;
0.00100704;14.2414;11.7713;
0.00101216;14.2399;11.7865;
0.0010224;14.237;11.817;
0.0010424;14.2313;11.8764;
0.0010624;14.2256;11.9357;
0.0010824;14.22;11.9949;
0.0011024;14.2143;12.054;
0.0011224;14.2086;12.1129;
0.0011424;14.2029;12.1717;
0.0011624;14.1972;12.2305;
0.0011824;14.1915;12.2891;
0.0012024;14.1859;12.3475;
0.0012224;14.1802;12.4059;
0.0012424;14.1745;12.4641;
0.0012624;14.1689;12.5223;
0.0012824;14.1632;12.5803;
0.0013024;14.1575;12.6382;
0.0013224;14.1519;12.6959;
0.0013424;14.1462;12.7536;
0.0013624;14.1405;12.8112;
0.0013824;14.1349;12.8686;
0.0014024;14.1292;12.9259;
0.0014224;14.1236;12.9831;
0.0014424;14.1179;13.0402;
0.0014624;14.1123;13.0972;
0.0014824;14.1066;13.154;
0.0015024;14.101;13.2108;
0.0015224;14.0954;13.2674;
0.0015424;14.0897;13.3239;
0.0015624;14.0841;13.3803;
0.0015824;14.0785;13.4366;
0.0016024;14.0728;13.4928;
0.0016224;14.0672;13.5489;
0.0016424;14.0616;13.6049;
0.0016624;14.056;13.6607;
0.0016824;14.0503;13.7164;
0.0017024;14.0447;13.7721;
0.0017224;14.0391;13.8276;
0.0017424;14.0335;13.883;
0.0017624;14.0279;13.9383;
0.0017824;14.0223;13.9935;
0.0018024;14.0167;14.0485;
0.0018224;14.0111;14.1035;
0.0018424;14.0055;14.1583;
0.0018624;13.9999;14.2131;
0.0018824;13.9943;14.2677;
0.0018966;14.1093;14.3064;
0.0019097;14.2153;14.3421;
0.00191584;14.2339;14.3588;
0.00192103;14.262;14.3729;
0.00192582;14.2747;14.3859;
0.00193125;14.2853;14.4007;
0.00194211;14.3114;14.4302;
0.00195934;14.334;14.4769;
0.00197934;14.3481;14.531;
0.00199934;14.3566;14.585;
0.002;14.3568;14.5867;
0.0020001;14.3568;14.5877;
0.0020003;14.3569;14.5892;
0.0020007;14.357;14.5905;
0.002001;14.3571;14.5904;
0.00200108;14.3571;14.5896;
0.00200124;14.3572;14.5882;
0.00200156;14.3573;14.5858;
0.0020022;14.3575;14.5818;
0.00200348;14.3579;14.5746;
0.00200604;14.3587;14.5602;
0.00201116;14.3601;14.5313;
0.0020214;14.3626;14.4737;
0.00203496;14.3653;14.3976;
0.00204891;14.3645;14.3193;
0.00206213;14.3607;14.2452;
0.00208213;14.3549;14.1333;
0.00210213;14.3491;14.0217;
0.00211637;14.345;13.9423;
0.0021312;14.3408;13.8598;
0.0021512;14.335;13.7487;
0.0021712;14.3293;13.6379;
0.0021912;14.3236;13.5272;
0.0022112;14.3178;13.4168;
0.0022312;14.3121;13.3066;
0.0022512;14.3064;13.1966;
0.0022712;14.3007;13.0868;
0.0022912;14.2949;12.9772;
0.0023112;14.2892;12.8679;
0.0023312;14.2835;12.7588;
0.0023512;14.2778;12.6499;
0.0023712;14.2721;12.5412;
0.0023912;14.2664;12.4327;
0.0024112;14.2607;12.3245;
0.0024312;14.255;12.2165;
0.0024512;14.2493;12.1086;
0.0024712;14.2436;12.001;
0.0024912;14.2379;11.8937;
0.0025112;14.2322;11.7865;
0.0025312;14.2265;11.6795;
0.0025512;14.2208;11.5728;
0.0025712;14.2151;11.4663;
0.0025912;14.2094;11.3599;
0.0026112;14.2037;11.2538;
0.0026312;14.1981;11.1479;
0.0026512;14.1924;11.0423;
0.0026712;14.1867;10.9368;
0.0026912;14.181;10.8315;
0.0027112;14.1754;10.7265;
0.0027312;14.1697;10.6217;
0.0027512;14.164;10.517;
0.0027712;14.1584;10.4126;
0.0027912;14.1527;10.3084;
0.0028112;14.147;10.2044;
0.0028312;14.1414;10.1006;
0.0028512;14.1357;9.99701;
0.0028712;14.1301;9.89363;
0.0028912;14.1244;9.79045;
0.0029112;14.1188;9.68748;
0.0029312;14.1131;9.58472;
0.0029512;14.1075;9.48217;
0.0029712;14.1018;9.37981;
0.0029912;14.0962;9.27767;
0.003001;14.0934;9.22769;
0.0030011;14.0934;9.22653;
0.0030013;14.0934;9.22454;
0.0030017;14.0933;9.22221;
0.003002;14.0932;9.22163;
0.00300208;14.0931;9.2222;
0.00300224;14.0931;9.22323;
0.00300256;14.093;9.22486;
0.0030032;14.0928;9.22732;
0.00300448;14.0925;9.23151;
0.00300704;14.0917;9.23977;
0.00301216;14.0903;9.25632;
0.0030224;14.0874;9.28937;
0.0030424;14.0818;9.35385;
0.0030624;14.0762;9.41819;
0.0030824;14.0705;9.4824;
0.0031024;14.0649;9.54648;
0.0031224;14.0593;9.61044;
0.0031424;14.0536;9.67427;
0.0031624;14.048;9.73797;
0.0031824;14.0424;9.80154;
0.0032024;14.0368;9.86499;
0.0032224;14.0312;9.92831;
0.0032424;14.0256;9.99151;
0.0032624;14.02;10.0546;
0.0032824;14.0144;10.1175;
0.0033024;14.0087;10.1803;
0.0033224;14.0031;10.243;
0.0033424;13.9975;10.3056;
0.0033624;13.9919;10.368;
0.0033824;13.9864;10.4303;
0.0034024;13.9808;10.4925;
0.0034224;13.9752;10.5546;
0.0034424;13.9696;10.6165;
0.0034624;13.964;10.6784;
0.0034824;13.9584;10.74;
0.0035024;13.9528;10.8016;
0.0035224;13.9472;10.8631;
0.0035424;13.9417;10.9244;
0.0035624;13.9361;10.9856;
0.0035824;13.9305;11.0467;
0.0036024;13.9249;11.1076;
0.0036224;13.9194;11.1685;
0.0036424;13.9138;11.2292;
0.0036624;13.9082;11.2898;
0.0036824;13.9027;11.3503;
0.0037024;13.8971;11.4106;
0.0037224;13.8916;11.4708;
0.0037424;13.886;11.531;
0.0037624;13.8805;11.5909;
0.0037824;13.8749;11.6508;
0.0038024;13.8694;11.7106;
0.0038224;13.8638;11.7702;
0.0038424;13.8583;11.8297;
0.0038624;13.8527;11.8891;
0.0038824;13.8472;11.9484;
0.0039024;13.8416;12.0075;
0.0039224;13.8361;12.0666;
0.0039424;13.8306;12.1255;
0.0039624;13.825;12.1843;
0.0039824;13.8195;12.243;
0.004;13.8147;12.2945;
0.0040001;13.8146;12.2955;
0.0040003;13.8146;12.297;
0.0040007;13.8145;12.2985;
0.004001;13.8144;12.2984;
0.00400108;13.8144;12.2977;
0.00400124;13.8143;12.2963;
0.00400156;13.8142;12.294;
0.0040022;13.814;12.2901;
0.00400348;13.8137;12.2832;
0.00400604;13.813;12.2693;
0.00401116;13.8116;12.2417;
0.0040214;13.8087;12.1864;
0.0040414;13.8032;12.0787;
0.0040614;13.7977;11.9711;
0.0040814;13.7922;11.8638;
0.0041014;13.7867;11.7567;
0.0041214;13.7812;11.6498;
0.0041414;13.7756;11.5431;
0.0041614;13.7701;11.4367;
0.0041814;13.7646;11.3304;
0.0042014;13.7591;11.2244;
0.0042214;13.7536;11.1185;
0.0042414;13.7481;11.0129;
0.0042614;13.7426;10.9075;
0.0042814;13.7371;10.8023;
0.0043014;13.7316;10.6973;
0.0043214;13.7261;10.5925;
0.0043414;13.7207;10.488;
0.0043614;13.7152;10.3836;
0.0043814;13.7097;10.2794;
0.0044014;13.7042;10.1755;
0.0044214;13.6987;10.0718;
0.0044414;13.6932;9.96822;
0.0044614;13.6878;9.8649;
0.0044814;13.6823;9.76178;
0.0045014;13.6768;9.65887;
0.0045214;13.6713;9.55617;
0.0045414;13.6659;9.45367;
0.0045614;13.6604;9.35137;
0.0045814;13.6549;9.24928;
0.0046014;13.6495;9.1474;
0.0046214;13.644;9.04572;
0.0046414;13.6386;8.94424;
0.0046614;13.6331;8.84296;
0.0046814;13.6277;8.74188;
0.0047014;13.6222;8.64101;
0.0047214;13.6168;8.54034;
0.0047414;13.6113;8.43987;
0.0047614;13.6059;8.3396;
0.0047814;13.6004;8.23953;
0.0048014;13.595;8.13966;
0.0048214;13.5896;8.04;
0.0048414;13.5841;7.94053;
0.0048614;13.5787;7.84125;
0.0048814;13.5733;7.74218;
0.0049014;13.5678;7.64331;
0.0049214;13.5624;7.54463;
0.0049414;13.557;7.44615;
0.0049614;13.5516;7.34787;
0.0049814;13.5461;7.24978;
0.005001;13.5408;7.15384;
0.0050011;13.5408;7.15271;
0.0050013;13.5408;7.15076;
0.0050017;13.5406;7.1485;
0.005002;13.5406;7.14799;
0.00500208;13.5405;7.14858;
0.00500224;13.5405;7.14964;
0.00500256;13.5404;7.15133;
0.0050032;13.5402;7.15392;
0.00500448;13.5399;7.15839;
0.00500704;13.5392;7.16717;
0.00501216;13.5378;7.18479;
0.0050224;13.535;7.21996;
0.0050424;13.5296;7.28857;
0.0050624;13.5242;7.35703;
0.0050824;13.5188;7.42537;
0.0051024;13.5134;7.49356;
0.0051224;13.508;7.56162;
0.0051424;13.5026;7.62954;
0.0051624;13.4972;7.69733;
0.0051824;13.4918;7.76498;
0.0052024;13.4864;7.8325;
0.0052224;13.481;7.89988;
0.0052424;13.4756;7.96712;
0.0052624;13.4702;8.03423;
0.0052824;13.4648;8.10121;
0.0053024;13.4595;8.16806;
0.0053224;13.4541;8.23477;
0.0053424;13.4487;8.30135;
0.0053624;13.4433;8.36779;
0.0053824;13.4379;8.4341;
0.0054024;13.4326;8.50028;
0.0054224;13.4272;8.56633;
0.0054424;13.4218;8.63224;
0.0054624;13.4165;8.69803;
0.0054824;13.4111;8.76368;
0.0055024;13.4057;8.8292;
0.0055224;13.4004;8.89459;
0.0055424;13.395;8.95985;
0.0055624;13.3897;9.02498;
0.0055824;13.3843;9.08997;
0.0056024;13.3789;9.15484;
0.0056224;13.3736;9.21958;
0.0056424;13.3682;9.28419;
0.0056624;13.3629;9.34867;
0.0056824;13.3576;9.41302;
0.0057024;13.3522;9.47725;
0.0057224;13.3469;9.54134;
0.0057424;13.3415;9.60531;
0.0057624;13.3362;9.66915;
0.0057824;13.3309;9.73286;
0.0058024;13.3255;9.79644;
0.0058224;13.3202;9.8599;
0.0058424;13.3149;9.92323;
0.0058624;13.3096;9.98643;
0.0058824;13.3042;10.0495;
0.0059024;13.2989;10.1125;
0.0059224;13.2936;10.1753;
0.0059424;13.2883;10.238;
0.0059624;13.283;10.3006;
0.0059824;13.2776;10.363;
0.006;13.273;10.4179;
0.0060001;13.2729;10.4188;
0.0060003;13.2729;10.4204;
0.0060007;13.2728;10.422;
0.006001;13.2727;10.4219;
0.00600108;13.2727;10.4212;
0.00600124;13.2726;10.4199;
0.00600156;13.2726;10.4176;
0.0060022;13.2724;10.4139;
0.00600348;13.2721;10.4071;
0.00600604;13.2714;10.3938;
0.00601116;13.27;10.3671;
0.0060214;13.2673;10.3138;
0.0060414;13.262;10.2098;
0.0060614;13.2567;10.106;
0.0060814;13.2514;10.0024;
0.0061014;13.2461;9.89897;
0.0061214;13.2408;9.79578;
0.0061414;13.2355;9.69281;
0.0061614;13.2302;9.59003;
0.0061814;13.2249;9.48747;
0.0062014;13.2196;9.3851;
0.0062214;13.2143;9.28295;
0.0062414;13.209;9.18099;
0.0062614;13.2038;9.07925;
0.0062814;13.1985;8.9777;
0.0063014;13.1932;8.87636;
0.0063214;13.1879;8.77521;
0.0063414;13.1827;8.67428;
0.0063614;13.1774;8.57354;
0.0063814;13.1721;8.473;
0.0064014;13.1668;8.37267;
0.0064214;13.1616;8.27253;
0.0064414;13.1563;8.1726;
0.0064614;13.1511;8.07286;
0.0064814;13.1458;7.97333;
0.0065014;13.1405;7.87399;
0.0065214;13.1353;7.77485;
0.0065414;13.13;7.67591;
0.0065614;13.1248;7.57717;
0.0065814;13.1195;7.47862;
0.0066014;13.1143;7.38027;
0.0066214;13.109;7.28212;
0.0066414;13.1038;7.18417;
0.0066614;13.0986;7.08641;
0.0066814;13.0933;6.98884;
0.0067014;13.0881;6.89147;
0.0067214;13.0828;6.7943;
0.0067414;13.0776;6.69732;
0.0067614;13.0724;6.60053;
0.0067814;13.0672;6.50394;
0.0068014;13.0619;6.40754;
0.0068214;13.0567;6.31133;
0.0068414;13.0515;6.21531;
0.0068614;13.0463;6.11949;
0.0068814;13.0411;6.02386;
0.0069014;13.0358;5.92841;
0.0069214;13.0306;5.83316;
0.0069414;13.0254;5.7381;
0.0069614;13.0202;5.64323;
0.0069814;13.015;5.54855;
0.007001;13.0099;5.45595;
0.0070011;13.0099;5.45483;
0.0070013;13.0098;5.45291;
0.0070017;13.0097;5.45073;
0.007002;13.0096;5.45027;
0.00700208;13.0096;5.45086;
0.00700224;13.0096;5.45196;
0.00700256;13.0095;5.4537;
0.0070032;13.0093;5.4564;
0.00700448;13.009;5.46108;
0.00700704;13.0083;5.4703;
0.00701216;13.007;5.48878;
0.0070224;13.0043;5.52569;
0.0070424;12.9991;5.59769;
0.0070624;12.9939;5.66953;
0.0070824;12.9887;5.74124;
0.0071024;12.9835;5.81279;
0.0071224;12.9783;5.88422;
0.0071424;12.9732;5.95548;
0.0071624;12.968;6.02662;
0.0071824;12.9628;6.09761;
0.0072024;12.9576;6.16846;
0.0072224;12.9524;6.23916;
0.0072424;12.9472;6.30973;
0.0072624;12.9421;6.38015;
0.0072824;12.9369;6.45044;
0.0073024;12.9317;6.52058;
0.0073224;12.9265;6.59058;
0.0073424;12.9214;6.66044;
0.0073624;12.9162;6.73017;
0.0073824;12.911;6.79975;
0.0074024;12.9059;6.8692;
0.0074224;12.9007;6.9385;
0.0074424;12.8955;7.00767;
0.0074624;12.8904;7.0767;
0.0074824;12.8852;7.14559;
0.0075024;12.8801;7.21434;
0.0075224;12.8749;7.28296;
0.0075424;12.8698;7.35144;
0.0075624;12.8646;7.41978;
0.0075824;12.8595;7.48799;
0.0076024;12.8543;7.55606;
0.0076224;12.8492;7.62399;
0.0076424;12.8441;7.69179;
0.0076624;12.8389;7.75945;
0.0076824;12.8338;7.82698;
0.0077024;12.8287;7.89437;
0.0077224;12.8235;7.96163;
0.0077424;12.8184;8.02875;
0.0077624;12.8133;8.09574;
0.0077824;12.8082;8.16259;
0.0078024;12.803;8.22932;
0.0078224;12.7979;8.2959;
0.0078424;12.7928;8.36236;
0.0078624;12.7877;8.42868;
0.0078824;12.7826;8.49487;
0.0079024;12.7775;8.56093;
0.0079224;12.7723;8.62686;
0.0079424;12.7672;8.69265;
0.0079624;12.7621;8.75831;
0.0079824;12.757;8.82384;
0.008;12.7525;8.8814;
0.0080001;12.7525;8.88238;
0.0080003;12.7525;8.884;
0.0080007;12.7524;8.88561;
0.008001;12.7523;8.88563;
0.00800108;12.7523;8.88492;
0.00800124;12.7522;8.88359;
0.00800156;12.7521;8.88138;
0.0080022;12.752;8.87775;
0.00800348;12.7516;8.87122;
0.00800604;12.751;8.85828;
0.00801116;12.7497;8.83237;
0.0080214;12.7471;8.78061;
0.0080414;12.742;8.67965;
0.0080614;12.7369;8.57891;
0.0080814;12.7318;8.47836;
0.0081014;12.7267;8.37802;
0.0081214;12.7216;8.27787;
0.0081414;12.7165;8.17793;
0.0081614;12.7114;8.07818;
0.0081814;12.7064;7.97863;
0.0082014;12.7013;7.87928;
0.0082214;12.6962;7.78014;
0.0082414;12.6911;7.68118;
0.0082614;12.686;7.58243;
0.0082814;12.681;7.48387;
0.0083014;12.6759;7.38552;
0.0083214;12.6708;7.28735;
0.0083414;12.6658;7.18939;
0.0083614;12.6607;7.09162;
0.0083814;12.6556;6.99404;
0.0084014;12.6506;6.89666;
0.0084214;12.6455;6.79948;
0.0084414;12.6405;6.70249;
0.0084614;12.6354;6.60569;
0.0084814;12.6303;6.50908;
0.0085014;12.6253;6.41267;
0.0085214;12.6202;6.31646;
0.0085414;12.6152;6.22043;
0.0085614;12.6102;6.12459;
0.0085814;12.6051;6.02895;
0.0086014;12.6001;5.9335;
0.0086214;12.595;5.83824;
0.0086414;12.59;5.74317;
0.0086614;12.585;5.64829;
0.0086814;12.5799;5.5536;
0.0087014;12.5749;5.4591;
0.0087214;12.5699;5.36478;
0.0087414;12.5648;5.27066;
0.0087614;12.5598;5.17672;
0.0087814;12.5548;5.08297;
0.0088014;12.5498;4.98941;
0.0088214;12.5447;4.89604;
0.0088414;12.5397;4.80285;
0.0088614;12.5347;4.70985;
0.0088814;12.5297;4.61703;
0.0089014;12.5247;4.5244;
0.0089214;12.5197;4.43196;
0.0089414;12.5147;4.3397;
0.0089614;12.5097;4.24762;
0.0089814;12.5047;4.15573;
0.009001;12.4998;4.06585;
0.0090011;12.4997;4.06475;
0.0090013;12.4997;4.06286;
0.0090017;12.4996;4.06073;
0.009002;12.4995;4.06031;
0.00900208;12.4995;4.06092;
0.00900224;12.4995;4.06203;
0.00900256;12.4994;4.06382;
0.0090032;12.4992;4.06661;
0.00900448;12.4989;4.07147;
0.00900704;12.4983;4.08105;
0.00901216;12.497;4.10024;
0.0090224;12.4944;4.13857;
0.0090424;12.4894;4.21334;
0.0090624;12.4844;4.28794;
0.0090824;12.4794;4.36241;
0.0091024;12.4744;4.43672;
0.0091224;12.4695;4.51089;
0.0091424;12.4645;4.58491;
0.0091624;12.4595;4.65878;
0.0091824;12.4545;4.7325;
0.0092024;12.4495;4.80608;
0.0092224;12.4445;4.87951;
0.0092424;12.4396;4.95279;
0.0092624;12.4346;5.02592;
0.0092824;12.4296;5.09892;
0.0093024;12.4246;5.17176;
0.0093224;12.4197;5.24446;
0.0093424;12.4147;5.31701;
0.0093624;12.4097;5.38942;
0.0093824;12.4048;5.46168;
0.0094024;12.3998;5.5338;
0.0094224;12.3949;5.60577;
0.0094424;12.3899;5.6776;
0.0094624;12.385;5.74929;
0.0094824;12.38;5.82083;
0.0095024;12.375;5.89223;
0.0095224;12.3701;5.96349;
0.0095424;12.3652;6.03461;
0.0095624;12.3602;6.10558;
0.0095824;12.3553;6.17641;
0.0096024;12.3503;6.2471;
0.0096224;12.3454;6.31765;
0.0096424;12.3404;6.38806;
0.0096624;12.3355;6.45833;
0.0096824;12.3306;6.52846;
0.0097024;12.3256;6.59844;
0.0097224;12.3207;6.66829;
0.0097424;12.3158;6.738;
0.0097624;12.3109;6.80757;
0.0097824;12.3059;6.87699;
0.0098024;12.301;6.94629;
0.0098224;12.2961;7.01544;
0.0098424;12.2912;7.08445;
0.0098624;12.2863;7.15333;
0.0098824;12.2814;7.22207;
0.0099024;12.2764;7.29067;
0.0099224;12.2715;7.35913;
0.0099424;12.2666;7.42746;
0.0099624;12.2617;7.49565;
0.0099824;12.2568;7.5637;
0.01;12.2525;7.62348;
0.0100001;12.2525;7.62447;
0.0100003;12.2524;7.62611;
0.0100007;12.2523;7.62777;
0.010001;12.2523;7.62783;
0.0100011;12.2522;7.62713;
0.0100012;12.2522;7.62582;
0.0100016;12.2521;7.62366;
0.0100022;12.252;7.62011;
0.0100035;12.2517;7.61373;
0.010006;12.251;7.60111;
0.0100112;12.2498;7.57584;
0.0100214;12.2473;7.52537;
0.0100414;12.2424;7.42692;
0.0100614;12.2375;7.32868;
0.0100814;12.2326;7.23063;
0.0101014;12.2277;7.13278;
0.0101214;12.2228;7.03512;
0.0101414;12.2179;6.93766;
0.0101614;12.213;6.84039;
0.0101814;12.2081;6.74332;
0.0102014;12.2032;6.64644;
0.0102214;12.1984;6.54976;
0.0102414;12.1935;6.45326;
0.0102614;12.1886;6.35697;
0.0102814;12.1837;6.26086;
0.0103014;12.1789;6.16494;
0.0103214;12.174;6.06922;
0.0103414;12.1691;5.97369;
0.0103614;12.1643;5.87835;
0.0103814;12.1594;5.7832;
0.0104014;12.1545;5.68823;
0.0104214;12.1497;5.59346;
0.0104414;12.1448;5.49888;
0.0104614;12.14;5.40449;
0.0104814;12.1351;5.31029;
0.0105014;12.1302;5.21627;
0.0105214;12.1254;5.12244;
0.0105414;12.1205;5.0288;
0.0105614;12.1157;4.93535;
0.0105814;12.1109;4.84208;
0.0106014;12.106;4.749;
0.0106214;12.1012;4.65611;
0.0106414;12.0963;4.5634;
0.0106614;12.0915;4.47088;
0.0106814;12.0867;4.37854;
0.0107014;12.0818;4.28639;
0.0107214;12.077;4.19442;
0.0107414;12.0722;4.10263;
0.0107614;12.0673;4.01103;
0.0107814;12.0625;3.91961;
0.0108014;12.0577;3.82837;
0.0108214;12.0529;3.73732;
0.0108414;12.048;3.64644;
0.0108614;12.0432;3.55575;
0.0108814;12.0384;3.46524;
0.0109014;12.0336;3.37492;
0.0109214;12.0288;3.28477;
0.0109414;12.024;3.1948;
0.0109614;12.0192;3.10501;
0.0109814;12.0144;3.0154;
0.011001;12.0096;2.92776;
0.0110011;12.0096;2.92666;
0.0110013;12.0096;2.9248;
0.0110017;12.0095;2.92271;
0.011002;12.0094;2.92233;
0.0110021;12.0094;2.92295;
0.0110022;12.0093;2.92408;
0.0110026;12.0093;2.9259;
0.0110032;12.0091;2.92877;
0.0110045;12.0088;2.93377;
0.011007;12.0082;2.94364;
0.0110122;12.007;2.96341;
0.0110224;12.0045;3.00291;
0.0110424;11.9997;3.07995;
0.0110624;11.9949;3.15682;
0.0110824;11.9901;3.23355;
0.0111024;11.9853;3.31011;
0.0111224;11.9805;3.38653;
0.0111424;11.9757;3.46279;
0.0111624;11.9709;3.53891;
0.0111824;11.9662;3.61487;
0.0112024;11.9614;3.69068;
0.0112224;11.9566;3.76633;
0.0112424;11.9518;3.84184;
0.0112624;11.947;3.9172;
0.0112824;11.9422;3.9924;
0.0113024;11.9375;4.06746;
0.0113224;11.9327;4.14236;
0.0113424;11.9279;4.21711;
0.0113624;11.9232;4.29172;
0.0113824;11.9184;4.36618;
0.0114024;11.9136;4.44049;
0.0114224;11.9089;4.51464;
0.0114424;11.9041;4.58866;
0.0114624;11.8993;4.66252;
0.0114824;11.8946;4.73623;
0.0115024;11.8898;4.8098;
0.0115224;11.8851;4.88322;
0.0115424;11.8803;4.9565;
0.0115624;11.8756;5.02963;
0.0115824;11.8708;5.10261;
0.0116024;11.8661;5.17544;
0.0116224;11.8613;5.24813;
0.0116424;11.8566;5.32068;
0.0116624;11.8518;5.39308;
0.0116824;11.8471;5.46533;
0.0117024;11.8424;5.53745;
0.0117224;11.8376;5.60941;
0.0117424;11.8329;5.68124;
0.0117624;11.8282;5.75292;
0.0117824;11.8234;5.82445;
0.0118024;11.8187;5.89585;
0.0118224;11.814;5.9671;
0.0118424;11.8092;6.03821;
0.0118624;11.8045;6.10917;
0.0118824;11.7998;6.18;
0.0119024;11.7951;6.25068;
0.0119224;11.7904;6.32122;
0.0119424;11.7856;6.39162;
0.0119624;11.7809;6.46188;
0.0119824;11.7762;6.532;
0.012;11.7721;6.59359;
0.0120001;11.7721;6.59459;
0.0120003;11.772;6.59626;
0.0120007;11.7719;6.59796;
0.012001;11.7718;6.59805;
0.0120011;11.7718;6.59736;
0.0120012;11.7718;6.59607;
0.0120016;11.7717;6.59393;
0.0120022;11.7716;6.59045;
0.0120035;11.7713;6.5842;
0.012006;11.7707;6.57185;
0.0120112;11.7694;6.54711;
0.0120214;11.767;6.49769;
0.0120414;11.7623;6.40129;
0.0120614;11.7576;6.3051;
0.0120814;11.7529;6.2091;
0.0121014;11.7482;6.11329;
0.0121214;11.7435;6.01766;
0.0121414;11.7388;5.92224;
0.0121614;11.7341;5.827;
0.0121814;11.7294;5.73195;
0.0122014;11.7248;5.63709;
0.0122214;11.7201;5.54243;
0.0122414;11.7154;5.44794;
0.0122614;11.7107;5.35366;
0.0122814;11.706;5.25955;
0.0123014;11.7013;5.16564;
0.0123214;11.6966;5.07191;
0.0123414;11.692;4.97837;
0.0123614;11.6873;4.88502;
0.0123814;11.6826;4.79185;
0.0124014;11.6779;4.69887;
0.0124214;11.6733;4.60608;
0.0124414;11.6686;4.51347;
0.0124614;11.6639;4.42105;
0.0124814;11.6593;4.32881;
0.0125014;11.6546;4.23676;
0.0125214;11.65;4.14488;
0.0125414;11.6453;4.0532;
0.0125614;11.6406;3.96169;
0.0125814;11.636;3.87037;
0.0126014;11.6313;3.77923;
0.0126214;11.6267;3.68828;
0.0126414;11.622;3.5975;
0.0126614;11.6174;3.50691;
0.0126814;11.6127;3.4165;
0.0127014;11.6081;3.32627;
0.0127214;11.6034;3.23622;
0.0127414;11.5988;3.14635;
0.0127614;11.5942;3.05665;
0.0127814;11.5895;2.96714;
0.0128014;11.5849;2.87781;
0.0128214;11.5803;2.78865;
0.0128414;11.5756;2.69968;
0.0128614;11.571;2.61088;
0.0128814;11.5664;2.52225;
0.0129014;11.5618;2.43381;
0.0129214;11.5571;2.34554;
0.0129414;11.5525;2.25745;
0.0129614;11.5479;2.16954;
0.0129814;11.5433;2.0818;
0.013001;11.5387;1.99598;
0.0130011;11.5387;1.99489;
0.0130013;11.5387;1.99305;
0.0130017;11.5386;1.991;
0.013002;11.5385;1.99064;
0.0130021;11.5385;1.99127;
0.0130022;11.5385;1.99242;
0.0130026;11.5384;1.99427;
0.0130032;11.5382;1.9972;
0.0130045;11.5379;2.00232;
0.013007;11.5373;2.01243;
0.0130122;11.5362;2.03268;
0.0130224;11.5338;2.07312;
0.0130424;11.5292;2.15202;
0.0130624;11.5246;2.23074;
0.0130824;11.52;2.30932;
0.0131024;11.5154;2.38774;
0.0131224;11.5108;2.466;
0.0131424;11.5062;2.5441;
0.0131624;11.5016;2.62205;
0.0131824;11.497;2.69984;
0.0132024;11.4924;2.77748;
0.0132224;11.4878;2.85496;
0.0132424;11.4832;2.93229;
0.0132624;11.4786;3.00946;
0.0132824;11.474;3.08648;
0.0133024;11.4694;3.16335;
0.0133224;11.4648;3.24006;
0.0133424;11.4602;3.31661;
0.0133624;11.4556;3.39302;
0.0133824;11.4511;3.46927;
0.0134024;11.4465;3.54537;
0.0134224;11.4419;3.62132;
0.0134424;11.4373;3.69712;
0.0134624;11.4328;3.77276;
0.0134824;11.4282;3.84825;
0.0135024;11.4236;3.92359;
0.0135224;11.419;3.99879;
0.0135424;11.4145;4.07383;
0.0135624;11.4099;4.14872;
0.0135824;11.4053;4.22346;
0.0136024;11.4008;4.29806;
0.0136224;11.3962;4.3725;
0.0136424;11.3917;4.44679;
0.0136624;11.3871;4.52094;
0.0136824;11.3826;4.59494;
0.0137024;11.378;4.66879;
0.0137224;11.3735;4.74249;
0.0137424;11.3689;4.81605;
0.0137624;11.3644;4.88946;
0.0137824;11.3598;4.96272;
0.0138024;11.3553;5.03583;
0.0138224;11.3507;5.1088;
0.0138424;11.3462;5.18163;
0.0138624;11.3417;5.2543;
0.0138824;11.3371;5.32684;
0.0139024;11.3326;5.39923;
0.0139224;11.3281;5.47147;
0.0139424;11.3235;5.54357;
0.0139624;11.319;5.61552;
0.0139824;11.3145;5.68733;
0.014;11.3105;5.75041;
0.0140001;11.3105;5.75142;
0.0140003;11.3104;5.7531;
0.0140007;11.3103;5.75483;
0.014001;11.3103;5.75495;
0.0140011;11.3102;5.75426;
0.0140012;11.3102;5.75299;
0.0140016;11.3101;5.75088;
0.0140022;11.31;5.74745;
0.0140035;11.3097;5.74131;
0.014006;11.3091;5.72917;
0.0140112;11.308;5.70486;
0.0140214;11.3056;5.65631;
0.0140414;11.3011;5.56159;
0.0140614;11.2966;5.46708;
0.0140814;11.2921;5.37275;
0.0141014;11.2876;5.27861;
0.0141214;11.2831;5.18466;
0.0141414;11.2785;5.0909;
0.0141614;11.274;4.99731;
0.0141814;11.2695;4.90393;
0.0142014;11.265;4.81072;
0.0142214;11.2605;4.71771;
0.0142414;11.256;4.62487;
0.0142614;11.2515;4.53223;
0.0142814;11.247;4.43977;
0.0143014;11.2425;4.34749;
0.0143214;11.238;4.2554;
0.0143414;11.2335;4.16349;
0.0143614;11.229;4.07177;
0.0143814;11.2245;3.98023;
0.0144014;11.2201;3.88887;
0.0144214;11.2156;3.79769;
0.0144414;11.2111;3.7067;
0.0144614;11.2066;3.61589;
0.0144814;11.2021;3.52526;
0.0145014;11.1976;3.43481;
0.0145214;11.1932;3.34454;
0.0145414;11.1887;3.25445;
0.0145614;11.1842;3.16455;
0.0145814;11.1797;3.07482;
0.0146014;11.1753;2.98527;
0.0146214;11.1708;2.8959;
0.0146414;11.1663;2.80671;
0.0146614;11.1619;2.7177;
0.0146814;11.1574;2.62886;
0.0147014;11.1529;2.5402;
0.0147214;11.1485;2.45172;
0.0147414;11.144;2.36342;
0.0147614;11.1396;2.27529;
0.0147814;11.1351;2.18734;
0.0148014;11.1306;2.09956;
0.0148214;11.1262;2.01197;
0.0148414;11.1217;1.92454;
0.0148614;11.1173;1.83729;
0.0148814;11.1129;1.75021;
0.0149014;11.1084;1.66331;
0.0149214;11.104;1.57658;
0.0149414;11.0995;1.49003;
0.0149614;11.0951;1.40365;
0.0149814;11.0907;1.31744;
0.015001;11.0863;1.23312;
0.0150011;11.0863;1.23204;
0.0150013;11.0862;1.23021;
0.0150017;11.0861;1.22819;
0.015002;11.0861;1.22786;
0.0150021;11.0861;1.22849;
0.0150022;11.086;1.22965;
0.0150026;11.086;1.23153;
0.0150032;11.0858;1.2345;
0.0150045;11.0855;1.23972;
0.015007;11.085;1.25002;
0.0150122;11.0838;1.27067;
0.0150224;11.0816;1.31189;
0.0150424;11.0771;1.39231;
0.0150624;11.0727;1.47255;
0.0150824;11.0683;1.55265;
0.0151024;11.0638;1.63257;
0.0151224;11.0594;1.71235;
0.0151424;11.055;1.79195;
0.0151624;11.0506;1.87141;
0.0151824;11.0462;1.9507;
0.0152024;11.0417;2.02983;
0.0152224;11.0373;2.10881;
0.0152424;11.0329;2.18763;
0.0152624;11.0285;2.26629;
0.0152824;11.0241;2.34479;
0.0153024;11.0197;2.42314;
0.0153224;11.0153;2.50133;
0.0153424;11.0109;2.57936;
0.0153624;11.0065;2.65724;
0.0153824;11.0021;2.73496;
0.0154024;10.9977;2.81253;
0.0154224;10.9933;2.88994;
0.0154424;10.9889;2.9672;
0.0154624;10.9845;3.0443;
0.0154824;10.9801;3.12125;
0.0155024;10.9757;3.19804;
0.0155224;10.9713;3.27469;
0.0155424;10.9669;3.35117;
0.0155624;10.9625;3.42751;
0.0155824;10.9581;3.50369;
0.0156024;10.9538;3.57972;
0.0156224;10.9494;3.6556;
0.0156424;10.945;3.73133;
0.0156624;10.9406;3.80691;
0.0156824;10.9362;3.88233;
0.0157024;10.9319;3.95761;
0.0157224;10.9275;4.03273;
0.0157424;10.9231;4.1077;
0.0157624;10.9188;4.18253;
0.0157824;10.9144;4.2572;
0.0158024;10.91;4.33173;
0.0158224;10.9057;4.4061;
0.0158424;10.9013;4.48033;
0.0158624;10.8969;4.55441;
0.0158824;10.8926;4.62834;
0.0159024;10.8882;4.70213;
0.0159224;10.8839;4.77576;
0.0159424;10.8795;4.84925;
0.0159624;10.8752;4.92259;
0.0159824;10.8708;4.99579;
0.016;10.867;5.06008;
0.0160001;10.867;5.06109;
0.0160003;10.8669;5.06279;
0.0160007;10.8668;5.06455;
0.016001;10.8668;5.06469;
0.0160011;10.8668;5.06401;
0.0160012;10.8667;5.06274;
0.0160016;10.8667;5.06066;
0.0160022;10.8665;5.05727;
0.0160035;10.8662;5.05122;
0.016006;10.8657;5.03926;
0.0160112;10.8646;5.0153;
0.0160214;10.8623;4.96746;
0.0160414;10.858;4.87412;
0.0160614;10.8537;4.78098;
0.0160814;10.8493;4.68802;
0.0161014;10.845;4.59525;
0.0161214;10.8406;4.50266;
0.0161414;10.8363;4.41026;
0.0161614;10.832;4.31804;
0.0161814;10.8276;4.22601;
0.0162014;10.8233;4.13416;
0.0162214;10.819;4.0425;
0.0162414;10.8147;3.95101;
0.0162614;10.8103;3.85971;
0.0162814;10.806;3.76859;
0.0163014;10.8017;3.67766;
0.0163214;10.7974;3.58691;
0.0163414;10.7931;3.49634;
0.0163614;10.7887;3.40594;
0.0163814;10.7844;3.31573;
0.0164014;10.7801;3.2257;
0.0164214;10.7758;3.13585;
0.0164414;10.7715;3.04618;
0.0164614;10.7672;2.95669;
0.0164814;10.7629;2.86738;
0.0165014;10.7586;2.77824;
0.0165214;10.7543;2.68929;
0.0165414;10.75;2.60051;
0.0165614;10.7457;2.51191;
0.0165814;10.7414;2.42348;
0.0166014;10.7371;2.33524;
0.0166214;10.7328;2.24717;
0.0166414;10.7285;2.15927;
0.0166614;10.7242;2.07155;
0.0166814;10.7199;1.98401;
0.0167014;10.7156;1.89664;
0.0167214;10.7113;1.80944;
0.0167414;10.7071;1.72242;
0.0167614;10.7028;1.63558;
0.0167814;10.6985;1.5489;
0.0168014;10.6942;1.4624;
0.0168214;10.6899;1.37608;
0.0168414;10.6857;1.28992;
0.0168614;10.6814;1.20394;
0.0168814;10.6771;1.11813;
0.0169014;10.6728;1.03249;
0.0169214;10.6686;0.947024;
0.0169414;10.6643;0.861727;
0.0169614;10.66;0.776601;
0.0169814;10.6558;0.691644;
0.017001;10.6516;0.608551;
0.0170011;10.6516;0.607479;
0.0170013;10.6515;0.605662;
0.0170017;10.6515;0.603668;
0.017002;10.6514;0.603354;
0.0170021;10.6514;0.603991;
0.0170022;10.6513;0.605162;
0.0170026;10.6513;0.60706;
0.0170032;10.6511;0.610071;
0.0170045;10.6509;0.615371;
0.017007;10.6503;0.625834;
0.0170122;10.6492;0.646796;
0.0170224;10.647;0.688659;
0.0170424;10.6428;0.770322;
0.0170624;10.6385;0.851808;
0.0170824;10.6343;0.933144;
0.0171024;10.63;1.01431;
0.0171224;10.6258;1.09532;
0.0171424;10.6215;1.17615;
0.0171624;10.6173;1.25684;
0.0171824;10.613;1.33736;
0.0172024;10.6088;1.41772;
0.0172224;10.6045;1.49792;
0.0172424;10.6003;1.57796;
0.0172624;10.5961;1.65783;
0.0172824;10.5918;1.73756;
0.0173024;10.5876;1.81711;
0.0173224;10.5834;1.89652;
0.0173424;10.5791;1.97576;
0.0173624;10.5749;2.05484;
0.0173824;10.5707;2.13377;
0.0174024;10.5664;2.21254;
0.0174224;10.5622;2.29115;
0.0174424;10.558;2.3696;
0.0174624;10.5538;2.4479;
0.0174824;10.5495;2.52604;
0.0175024;10.5453;2.60402;
0.0175224;10.5411;2.68185;
0.0175424;10.5369;2.75952;
0.0175624;10.5327;2.83704;
0.0175824;10.5285;2.9144;
0.0176024;10.5243;2.99161;
0.0176224;10.52;3.06867;
0.0176424;10.5158;3.14557;
0.0176624;10.5116;3.22231;
0.0176824;10.5074;3.29891;
0.0177024;10.5032;3.37535;
0.0177224;10.499;3.45164;
0.0177424;10.4948;3.52777;
0.0177624;10.4906;3.60375;
0.0177824;10.4864;3.67958;
0.0178024;10.4822;3.75526;
0.0178224;10.478;3.83079;
0.0178424;10.4739;3.90617;
0.0178624;10.4697;3.9814;
0.0178824;10.4655;4.05647;
0.0179024;10.4613;4.1314;
0.0179224;10.4571;4.20617;
0.0179424;10.4529;4.2808;
0.0179624;10.4488;4.35528;
0.0179824;10.4446;4.42961;
0.018;10.4409;4.4949;
0.0180001;10.4409;4.49592;
0.0180003;10.4408;4.49763;
0.0180007;10.4408;4.49941;
0.018001;10.4407;4.49957;
0.0180011;10.4407;4.49889;
0.0180012;10.4406;4.49763;
0.0180016;10.4406;4.49556;
0.0180022;10.4404;4.49221;
0.0180035;10.4402;4.48624;
0.018006;10.4396;4.47442;
0.0180112;10.4386;4.45075;
0.0180214;10.4364;4.40348;
0.0180414;10.4323;4.31127;
0.0180614;10.4281;4.21926;
0.0180814;10.4239;4.12741;
0.0181014;10.4197;4.03577;
0.0181214;10.4156;3.94429;
0.0181414;10.4114;3.85301;
0.0181614;10.4072;3.7619;
0.0181814;10.4031;3.67099;
0.0182014;10.3989;3.58024;
0.0182214;10.3948;3.48969;
0.0182414;10.3906;3.39931;
0.0182614;10.3865;3.30911;
0.0182814;10.3823;3.21909;
0.0183014;10.3781;3.12926;
0.0183214;10.374;3.0396;
0.0183414;10.3698;2.95012;
0.0183614;10.3657;2.86082;
0.0183814;10.3616;2.7717;
0.0184014;10.3574;2.68276;
0.0184214;10.3533;2.59399;
0.0184414;10.3491;2.5054;
0.0184614;10.345;2.41699;
0.0184814;10.3409;2.32876;
0.0185014;10.3367;2.2407;
0.0185214;10.3326;2.15282;
0.0185414;10.3285;2.06511;
0.0185614;10.3243;1.97758;
0.0185814;10.3202;1.89023;
0.0186014;10.3161;1.80304;
0.0186214;10.3119;1.71604;
0.0186414;10.3078;1.6292;
0.0186614;10.3037;1.54254;
0.0186814;10.2996;1.45606;
0.0187014;10.2955;1.36974;
0.0187214;10.2913;1.2836;
0.0187414;10.2872;1.19763;
0.0187614;10.2831;1.11183;
0.0187814;10.279;1.02621;
0.0188014;10.2749;0.940751;
0.0188214;10.2708;0.855467;
0.0188414;10.2667;0.770352;
0.0188614;10.2626;0.685409;
0.0188814;10.2585;0.600634;
0.0189014;10.2544;0.516029;
0.0189214;10.2503;0.431593;
0.0189414;10.2462;0.347326;
0.0189614;10.2421;0.263228;
0.0189814;10.238;0.179297;
0.019001;10.2339;0.0972075;
0.0190011;10.2339;0.0961403;
0.0190013;10.2339;0.0943332;
0.0190017;10.2338;0.0923603;
0.019002;10.2337;0.0920609;
0.0190021;10.2337;0.0927023;
0.0190022;10.2337;0.0938814;
0.0190026;10.2336;0.0957963;
0.0190032;10.2335;0.0988399;
0.0190045;10.2332;0.104205;
0.019007;10.2327;0.114799;
0.0190122;10.2317;0.136022;
0.0190224;10.2296;0.178408;
0.0190424;10.2255;0.26109;
0.0190624;10.2214;0.343594;
0.0190824;10.2173;0.425945;
0.0191024;10.2132;0.508121;
0.0191224;10.2091;0.590142;
0.0191424;10.205;0.67199;
0.0191624;10.201;0.753684;
0.0191824;10.1969;0.835206;
0.0192024;10.1928;0.916572;
0.0192224;10.1887;0.997769;
0.0192424;10.1847;1.07881;
0.0192624;10.1806;1.15968;
0.0192824;10.1765;1.2404;
0.0193024;10.1724;1.32095;
0.0193224;10.1684;1.40135;
0.0193424;10.1643;1.48158;
0.0193624;10.1602;1.56165;
0.0193824;10.1562;1.64156;
0.0194024;10.1521;1.72131;
0.0194224;10.1481;1.8009;
0.0194424;10.144;1.88034;
0.0194624;10.1399;1.95961;
0.0194824;10.1359;2.03873;
0.0195024;10.1318;2.11769;
0.0195224;10.1278;2.19649;
0.0195424;10.1237;2.27513;
0.0195624;10.1197;2.35362;
0.0195824;10.1156;2.43194;
0.0196024;10.1116;2.51012;
0.0196224;10.1075;2.58813;
0.0196424;10.1035;2.66599;
0.0196624;10.0995;2.7437;
0.0196824;10.0954;2.82125;
0.0197024;10.0914;2.89864;
0.0197224;10.0874;2.97588;
0.0197424;10.0833;3.05297;
0.0197624;10.0793;3.1299;
0.0197824;10.0753;3.20668;
0.0198024;10.0712;3.2833;
0.0198224;10.0672;3.35977;
0.0198424;10.0632;3.43609;
0.0198624;10.0591;3.51226;
0.0198824;10.0551;3.58827;
0.0199024;10.0511;3.66413;
0.0199224;10.0471;3.73984;
0.0199424;10.0431;3.8154;
0.0199624;10.0391;3.89081;
0.0199824;10.035;3.96607;
0.02;10.0315;4.03217;
0.0200001;10.0315;4.03319;
0.0200003;10.0314;4.03492;
0.0200007;10.0314;4.03672;
0.020001;10.0313;4.03689;
0.0200011;10.0313;4.03621;
0.0200012;10.0313;4.03496;
0.0200016;10.0312;4.03291;
0.0200022;10.0311;4.02959;
0.0200035;10.0308;4.02367;
0.020006;10.0303;4.01197;
0.0200112;10.0293;3.98854;
0.0200214;10.0272;3.94174;
0.0200414;10.0232;3.85046;
0.0200614;10.0192;3.75936;
0.0200814;10.0152;3.66844;
0.0201014;10.0112;3.57771;
0.0201214;10.0072;3.48715;
0.0201414;10.0032;3.39678;
0.0201614;9.99918;3.30659;
0.0201814;9.99518;3.21658;
0.0202014;9.99118;3.12674;
0.0202214;9.98718;3.0371;
0.0202414;9.98319;2.94762;
0.0202614;9.9792;2.85833;
0.0202814;9.97521;2.76921;
0.0203014;9.97122;2.68027;
0.0203214;9.96723;2.59151;
0.0203414;9.96324;2.50293;
0.0203614;9.95926;2.41452;
0.0203814;9.95528;2.32629;
0.0204014;9.95129;2.23824;
0.0204214;9.94731;2.15036;
0.0204414;9.94334;2.06266;
0.0204614;9.93936;1.97514;
0.0204814;9.93538;1.88778;
0.0205014;9.93141;1.80061;
0.0205214;9.92744;1.7136;
0.0205414;9.92347;1.62678;
0.0205614;9.9195;1.54012;
0.0205814;9.91553;1.45364;
0.0206014;9.91157;1.36733;
0.0206214;9.9076;1.28119;
0.0206414;9.90364;1.19523;
0.0206614;9.89968;1.10943;
0.0206814;9.89572;1.02381;
0.0207014;9.89177;0.938363;
0.0207214;9.88781;0.853082;
0.0207414;9.88386;0.767974;
0.0207614;9.8799;0.683034;
0.0207814;9.87595;0.598265;
0.0208014;9.872;0.513664;
0.0208214;9.86805;0.429233;
0.0208414;9.86411;0.344971;
0.0208614;9.86016;0.260877;
0.0208814;9.85622;0.176951;
0.0209014;9.85228;0.0931927;
0.0209214;9.84834;0.00960156;
0.0209414;9.8444;-0.0738221;
0.0209614;9.84046;-0.15708;
0.0209814;9.83653;-0.24017;
0.021001;9.83267;-0.321438;
0.0210011;9.83265;-0.322501;
0.0210013;9.83261;-0.3243;
0.0210017;9.83253;-0.326256;
0.021002;9.83247;-0.326543;
0.0210021;9.83246;-0.325898;
0.0210022;9.83243;-0.324713;
0.0210026;9.83236;-0.322784;
0.0210032;9.83224;-0.319714;
0.0210045;9.83199;-0.314295;
0.021007;9.83148;-0.303594;
0.0210122;9.83048;-0.282157;
0.0210224;9.82846;-0.239343;
0.0210424;9.82453;-0.155826;
0.0210624;9.8206;-0.0724889;
0.0210824;9.81668;0.0106939;
0.0211024;9.81275;0.0936989;
0.0211224;9.80883;0.176549;
0.0211424;9.8049;0.259223;
0.0211624;9.80098;0.341741;
0.0211824;9.79706;0.424086;
0.0212024;9.79314;0.506275;
0.0212224;9.78923;0.588291;
0.0212424;9.78531;0.670151;
0.0212624;9.7814;0.751841;
0.0212824;9.77749;0.833373;
0.0213024;9.77358;0.914737;
0.0213224;9.76967;0.995944;
0.0213424;9.76576;1.07698;
0.0213624;9.76186;1.15787;
0.0213824;9.75795;1.23858;
0.0214024;9.75405;1.31914;
0.0214224;9.75015;1.39953;
0.0214424;9.74625;1.47977;
0.0214624;9.74235;1.55985;
0.0214824;9.73846;1.63976;
0.0215024;9.73456;1.71952;
0.0215224;9.73067;1.79911;
0.0215424;9.72678;1.87855;
0.0215624;9.72289;1.95783;
0.0215824;9.719;2.03695;
0.0216024;9.71511;2.11591;
0.0216224;9.71123;2.19471;
0.0216424;9.70734;2.27336;
0.0216624;9.70346;2.35185;
0.0216824;9.69958;2.43018;
0.0217024;9.6957;2.50836;
0.0217224;9.69182;2.58638;
0.0217424;9.68795;2.66424;
0.0217624;9.68407;2.74195;
0.0217824;9.6802;2.8195;
0.0218024;9.67633;2.8969;
0.0218224;9.67246;2.97414;
0.0218424;9.66859;3.05123;
0.0218624;9.66473;3.12817;
0.0218824;9.66086;3.20495;
0.0219024;9.657;3.28158;
0.0219224;9.65313;3.35805;
0.0219424;9.64927;3.43437;
0.0219624;9.64542;3.51054;
0.0219824;9.64156;3.58656;
0.022;9.63816;3.65333;
0.0220001;9.63815;3.65436;
0.0220003;9.63811;3.65609;
0.0220007;9.63803;3.6579;
0.022001;9.63797;3.65808;
0.0220011;9.63796;3.65741;
0.0220012;9.63793;3.65617;
0.0220016;9.63786;3.65413;
0.0220022;9.63774;3.65083;
0.0220035;9.63749;3.64496;
0.022006;9.637;3.63336;
0.0220112;9.63601;3.61012;
0.0220214;9.63404;3.56371;
0.0220414;9.63019;3.47318;
0.0220614;9.62634;3.38284;
0.0220814;9.62249;3.29267;
0.0221014;9.61864;3.20269;
0.0221214;9.61479;3.11288;
0.0221414;9.61095;3.02326;
0.0221614;9.6071;2.93381;
0.0221814;9.60326;2.84455;
0.0222014;9.59942;2.75546;
0.0222214;9.59558;2.66655;
0.0222414;9.59174;2.57781;
0.0222614;9.58791;2.48926;
0.0222814;9.58407;2.40088;
0.0223014;9.58024;2.31268;
0.0223214;9.57641;2.22465;
0.0223414;9.57258;2.1368;
0.0223614;9.56875;2.04913;
0.0223814;9.56492;1.96163;
0.0224014;9.5611;1.87431;
0.0224214;9.55728;1.78716;
0.0224414;9.55345;1.70018;
0.0224614;9.54963;1.61338;
0.0224814;9.54581;1.52675;
0.0225014;9.542;1.44029;
0.0225214;9.53818;1.35401;
0.0225414;9.53437;1.2679;
0.0225614;9.53055;1.18196;
0.0225814;9.52674;1.0962;
0.0226014;9.52293;1.0106;
0.0226214;9.51912;0.925178;
0.0226414;9.51532;0.839924;
0.0226614;9.51151;0.754841;
0.0226814;9.50771;0.669928;
0.0227014;9.5039;0.585185;
0.0227214;9.5001;0.500611;
0.0227414;9.4963;0.416206;
0.0227614;9.49251;0.331969;
0.0227814;9.48871;0.247902;
0.0228014;9.48492;0.164001;
0.0228214;9.48112;0.0802691;
0.0228414;9.47733;-0.0032963;
0.0228614;9.47354;-0.0866942;
0.0228814;9.46975;-0.169926;
0.0229014;9.46596;-0.252991;
0.0229214;9.46218;-0.33589;
0.0229414;9.4584;-0.418624;
0.0229614;9.45461;-0.501192;
0.0229814;9.45083;-0.583595;
0.023001;9.44713;-0.664191;
0.0230011;9.44711;-0.66525;
0.0230013;9.44707;-0.667042;
0.0230017;9.447;-0.668985;
0.023002;9.44694;-0.669261;
0.0230021;9.44692;-0.668614;
0.0230022;9.44689;-0.667422;
0.0230026;9.44683;-0.665483;
0.0230032;9.44671;-0.662391;
0.0230045;9.44647;-0.656928;
0.023007;9.44599;-0.64614;
0.0230122;9.44502;-0.624527;
0.0230224;9.44308;-0.581362;
0.0230424;9.43931;-0.497162;
0.0230624;9.43553;-0.413143;
0.0230824;9.43176;-0.32928;
0.0231024;9.42799;-0.245595;
0.0231224;9.42422;-0.162068;
0.0231424;9.42045;-0.0787165;
0.0231624;9.41668;0.00447703;
0.0231824;9.41292;0.087496;
0.0232024;9.40915;0.170357;
0.0232224;9.40539;0.253045;
0.0232424;9.40163;0.335574;
0.0232624;9.39787;0.417933;
0.0232824;9.39411;0.500132;
0.0233024;9.39035;0.582162;
0.0233224;9.3866;0.664033;
0.0233424;9.38284;0.745736;
0.0233624;9.37909;0.82728;
0.0233824;9.37534;0.908657;
0.0234024;9.37159;0.989875;
0.0234224;9.36784;1.07093;
0.0234424;9.3641;1.15182;
0.0234624;9.36035;1.23255;
0.0234824;9.35661;1.31312;
0.0235024;9.35287;1.39353;
0.0235224;9.34912;1.47378;
0.0235424;9.34539;1.55386;
0.0235624;9.34165;1.63379;
0.0235824;9.33791;1.71356;
0.0236024;9.33418;1.79316;
0.0236224;9.33045;1.87261;
0.0236424;9.32671;1.9519;
0.0236624;9.32298;2.03103;
0.0236824;9.31926;2.11001;
0.0237024;9.31553;2.18882;
0.0237224;9.3118;2.26748;
0.0237424;9.30808;2.34598;
0.0237624;9.30436;2.42433;
0.0237824;9.30064;2.50251;
0.0238024;9.29692;2.58055;
0.0238224;9.2932;2.65842;
0.0238424;9.28948;2.73614;
0.0238624;9.28577;2.81371;
0.0238824;9.28205;2.89112;
0.0239024;9.27834;2.96837;
0.0239224;9.27463;3.04547;
0.0239424;9.27092;3.12242;
0.0239624;9.26721;3.19921;
0.0239824;9.26351;3.27585;
0.024;9.26025;3.34317;
0.0240001;9.26023;3.3442;
0.0240003;9.26019;3.34593;
0.0240007;9.26012;3.34776;
0.024001;9.26006;3.34795;
0.0240011;9.26005;3.34728;
0.0240012;9.26002;3.34604;
0.0240016;9.25996;3.34401;
0.0240022;9.25984;3.34074;
0.0240035;9.2596;3.33491;
0.024006;9.25913;3.32338;
0.0240112;9.25818;3.30031;
0.0240214;9.25628;3.25421;
0.0240414;9.25258;3.1643;
0.0240614;9.24888;3.07458;
0.0240814;9.24518;2.98502;
0.0241014;9.24149;2.89566;
0.0241214;9.23779;2.80646;
0.0241414;9.2341;2.71745;
0.0241614;9.2304;2.62862;
0.0241814;9.22671;2.53996;
0.0242014;9.22302;2.45148;
0.0242214;9.21933;2.36318;
0.0242414;9.21565;2.27505;
0.0242614;9.21196;2.1871;
0.0242814;9.20828;2.09932;
0.0243014;9.20459;2.01173;
0.0243214;9.20091;1.9243;
0.0243414;9.19723;1.83705;
0.0243614;9.19356;1.74998;
0.0243814;9.18988;1.66308;
0.0244014;9.1862;1.57635;
0.0244214;9.18253;1.48979;
0.0244414;9.17886;1.40341;
0.0244614;9.17519;1.3172;
0.0244814;9.17152;1.23116;
0.0245014;9.16785;1.1453;
0.0245214;9.16418;1.05961;
0.0245414;9.16052;0.974086;
0.0245614;9.15685;0.888734;
0.0245814;9.15319;0.803554;
0.0246014;9.14953;0.718543;
0.0246214;9.14587;0.633703;
0.0246414;9.14222;0.549031;
0.0246614;9.13856;0.46453;
0.0246814;9.1349;0.380197;
0.0247014;9.13125;0.296033;
0.0247214;9.1276;0.212036;
0.0247414;9.12395;0.128208;
0.0247614;9.1203;0.0445468;
0.0247814;9.11665;-0.0389466;
0.0248014;9.11301;-0.122274;
0.0248214;9.10936;-0.205434;
0.0248414;9.10572;-0.288428;
0.0248614;9.10208;-0.371257;
0.0248814;9.09844;-0.45392;
0.0249014;9.0948;-0.536417;
0.0249214;9.09116;-0.61875;
0.0249414;9.08753;-0.700918;
0.0249614;9.08389;-0.782923;
0.0249814;9.08026;-0.864763;
0.025001;9.0767;-0.944808;
0.0250011;9.07668;-0.945865;
0.0250013;9.07665;-0.947651;
0.0250017;9.07657;-0.949582;
0.025002;9.07652;-0.94985;
0.0250021;9.0765;-0.949201;
0.0250022;9.07648;-0.948005;
0.0250026;9.07642;-0.946056;
0.0250032;9.0763;-0.942946;
0.0250045;9.07607;-0.937448;
0.025007;9.0756;-0.926587;
0.0250122;9.07468;-0.904831;
0.0250224;9.07282;-0.86138;
0.0250424;9.06919;-0.776619;
0.0250624;9.06556;-0.692042;
0.0250824;9.06194;-0.607622;
0.0251024;9.05831;-0.523381;
0.0251224;9.05469;-0.439298;
0.0251424;9.05107;-0.355393;
0.0251624;9.04745;-0.271647;
0.0251824;9.04383;-0.188076;
0.0252024;9.04021;-0.104665;
0.0252224;9.0366;-0.0214272;
0.0252424;9.03298;0.0616507;
0.0252624;9.02937;0.144556;
0.0252824;9.02576;0.227302;
0.0253024;9.02215;0.309877;
0.0253224;9.01854;0.392292;
0.0253424;9.01494;0.474538;
0.0253624;9.01133;0.556624;
0.0253824;9.00773;0.638542;
0.0254024;9.00412;0.720299;
0.0254224;9.00052;0.801891;
0.0254424;8.99692;0.883322;
0.0254624;8.99333;0.964587;
0.0254824;8.98973;1.04569;
0.0255024;8.98613;1.12663;
0.0255224;8.98254;1.20742;
0.0255424;8.97895;1.28803;
0.0255624;8.97536;1.36849;
0.0255824;8.97177;1.44879;
0.0256024;8.96818;1.52893;
0.0256224;8.96459;1.6089;
0.0256424;8.96101;1.68872;
0.0256624;8.95743;1.76838;
0.0256824;8.95384;1.84788;
0.0257024;8.95026;1.92722;
0.0257224;8.94668;2.0064;
0.0257424;8.9431;2.08542;
0.0257624;8.93953;2.16429;
0.0257824;8.93595;2.24299;
0.0258024;8.93238;2.32154;
0.0258224;8.92881;2.39994;
0.0258424;8.92524;2.47817;
0.0258624;8.92167;2.55625;
0.0258824;8.9181;2.63418;
0.0259024;8.91453;2.71194;
0.0259224;8.91097;2.78956;
0.0259424;8.9074;2.86702;
0.0259624;8.90384;2.94432;
0.0259824;8.90028;3.02147;
0.026;8.89715;3.08923;
0.0260001;8.89713;3.09026;
0.0260003;8.8971;3.092;
0.0260007;8.89702;3.09384;
0.026001;8.89697;3.09404;
0.0260011;8.89696;3.09337;
0.0260012;8.89693;3.09214;
0.0260016;8.89687;3.09012;
0.0260022;8.89676;3.08686;
0.0260035;8.89653;3.08106;
0.026006;8.89607;3.0696;
0.0260112;8.89516;3.04665;
0.0260214;8.89334;3.00082;
0.0260414;8.88978;2.91141;
0.0260614;8.88623;2.82219;
0.0260814;8.88268;2.73315;
0.0261014;8.87912;2.64428;
0.0261214;8.87557;2.55559;
0.0261414;8.87202;2.46708;
0.0261614;8.86847;2.37875;
0.0261814;8.86493;2.29059;
0.0262014;8.86138;2.20261;
0.0262214;8.85784;2.1148;
0.0262414;8.8543;2.02717;
0.0262614;8.85076;1.93972;
0.0262814;8.84722;1.85243;
0.0263014;8.84368;1.76533;
0.0263214;8.84014;1.6784;
0.0263414;8.83661;1.59164;
0.0263614;8.83307;1.50505;
0.0263814;8.82954;1.41864;
0.0264014;8.82601;1.3324;
0.0264214;8.82248;1.24634;
0.0264414;8.81895;1.16044;
0.0264614;8.81542;1.07472;
0.0264814;8.8119;0.989164;
0.0265014;8.80837;0.903784;
0.0265214;8.80485;0.818573;
0.0265414;8.80133;0.733533;
0.0265614;8.79781;0.648662;
0.0265814;8.79429;0.563962;
0.0266014;8.79077;0.479429;
0.0266214;8.78726;0.395067;
0.0266414;8.78374;0.310873;
0.0266614;8.78023;0.226847;
0.0266814;8.77672;0.142989;
0.0267014;8.77321;0.0592989;
0.0267214;8.7697;-0.0242248;
0.0267414;8.7662;-0.107581;
0.0267614;8.76269;-0.190771;
0.0267814;8.75918;-0.273794;
0.0268014;8.75568;-0.356652;
0.0268214;8.75218;-0.439344;
0.0268414;8.74868;-0.521871;
0.0268614;8.74518;-0.604232;
0.0268814;8.74168;-0.68643;
0.0269014;8.73819;-0.768463;
0.0269214;8.73469;-0.850332;
0.0269414;8.7312;-0.932038;
0.0269614;8.72771;-1.01358;
0.0269814;8.72422;-1.09496;
0.027001;8.7208;-1.17455;
0.0270011;8.72078;-1.17561;
0.0270013;8.72075;-1.17739;
0.0270017;8.72068;-1.17931;
0.027002;8.72062;-1.17957;
0.0270021;8.72061;-1.17892;
0.0270022;8.72058;-1.17772;
0.0270026;8.72053;-1.17577;
0.0270032;8.72042;-1.17264;
0.0270045;8.72019;-1.16711;
0.027007;8.71975;-1.15619;
0.0270122;8.71885;-1.13432;
0.0270224;8.71707;-1.09063;
0.0270424;8.71358;-1.00542;
0.0270624;8.7101;-0.920382;
0.0270824;8.70661;-0.835505;
0.0271024;8.70313;-0.750809;
0.0271224;8.69965;-0.666272;
0.0271424;8.69617;-0.581913;
0.0271624;8.69269;-0.497714;
0.0271824;8.68922;-0.413692;
0.0272024;8.68574;-0.32983;
0.0272224;8.68227;-0.246142;
0.0272424;8.6788;-0.162615;
0.0272624;8.67533;-0.0792612;
0.0272824;8.67186;0.00393173;
0.0273024;8.66839;0.0869533;
0.0273224;8.66492;0.169814;
0.0273424;8.66146;0.252504;
0.0273624;8.65799;0.335033;
0.0273824;8.65453;0.417394;
0.0274024;8.65107;0.499594;
0.0274224;8.64761;0.581626;
0.0274424;8.64415;0.663497;
0.0274624;8.64069;0.745202;
0.0274824;8.63724;0.826746;
0.0275024;8.63378;0.908125;
0.0275224;8.63033;0.989343;
0.0275424;8.62688;1.0704;
0.0275624;8.62343;1.15129;
0.0275824;8.61998;1.23202;
0.0276024;8.61653;1.31259;
0.0276224;8.61309;1.393;
0.0276424;8.60964;1.47325;
0.0276624;8.6062;1.55334;
0.0276824;8.60276;1.63327;
0.0277024;8.59932;1.71303;
0.0277224;8.59588;1.79264;
0.0277424;8.59244;1.87209;
0.0277624;8.589;1.95138;
0.0277824;8.58557;2.03052;
0.0278024;8.58214;2.10949;
0.0278224;8.5787;2.18831;
0.0278424;8.57527;2.26697;
0.0278624;8.57184;2.34547;
0.0278824;8.56842;2.42381;
0.0279024;8.56499;2.502;
0.0279224;8.56156;2.58004;
0.0279424;8.55814;2.65791;
0.0279624;8.55472;2.73563;
0.0279824;8.5513;2.8132;
0.028;8.54829;2.88133;
0.0280001;8.54827;2.88236;
0.0280003;8.54824;2.88411;
0.0280007;8.54817;2.88595;
0.028001;8.54812;2.88616;
0.0280011;8.5481;2.88549;
0.0280012;8.54807;2.88426;
0.0280016;8.54802;2.88225;
0.0280022;8.54791;2.879;
0.0280035;8.54769;2.87323;
0.028006;8.54725;2.86183;
0.0280112;8.54638;2.83898;
0.0280214;8.54463;2.79336;
0.0280414;8.54121;2.70437;
0.0280614;8.5378;2.61557;
0.0280814;8.53438;2.52693;
0.0281014;8.53097;2.43848;
0.0281214;8.52756;2.3502;
0.0281414;8.52415;2.2621;
0.0281614;8.52074;2.17417;
0.0281814;8.51733;2.08643;
0.0282014;8.51392;1.99885;
0.0282214;8.51052;1.91146;
0.0282414;8.50712;1.82423;
0.0282614;8.50371;1.73718;
0.0282814;8.50031;1.6503;
0.0283014;8.49691;1.5636;
0.0283214;8.49351;1.47707;
0.0283414;8.49012;1.39072;
0.0283614;8.48672;1.30453;
0.0283814;8.48333;1.21852;
0.0284014;8.47994;1.13268;
0.0284214;8.47654;1.04701;
0.0284414;8.47315;0.961516;
0.0284614;8.46977;0.876191;
0.0284814;8.46638;0.791035;
0.0285014;8.46299;0.70605;
0.0285214;8.45961;0.621234;
0.0285414;8.45623;0.536589;
0.0285614;8.45284;0.452111;
0.0285814;8.44946;0.367804;
0.0286014;8.44608;0.283663;
0.0286214;8.44271;0.199693;
0.0286414;8.43933;0.115888;
0.0286614;8.43595;0.0322524;
0.0286814;8.43258;-0.0512173;
0.0287014;8.42921;-0.134519;
0.0287214;8.42584;-0.217656;
0.0287414;8.42247;-0.300625;
0.0287614;8.4191;-0.383429;
0.0287814;8.41573;-0.466067;
0.0288014;8.41237;-0.548541;
0.0288214;8.409;-0.63085;
0.0288414;8.40564;-0.712994;
0.0288614;8.40228;-0.794974;
0.0288814;8.39892;-0.87679;
0.0289014;8.39556;-0.958443;
0.0289214;8.3922;-1.03993;
0.0289414;8.38885;-1.12126;
0.0289614;8.38549;-1.20242;
0.0289814;8.38214;-1.28343;
0.029001;8.37885;-1.36265;
0.0290011;8.37884;-1.3637;
0.0290013;8.3788;-1.36548;
0.0290017;8.37873;-1.3674;
0.029002;8.37868;-1.36765;
0.0290021;8.37867;-1.367;
0.0290022;8.37864;-1.3658;
0.0290026;8.37859;-1.36383;
0.0290032;8.37848;-1.3607;
0.0290045;8.37827;-1.35515;
0.029007;8.37784;-1.34418;
0.0290122;8.37698;-1.32221;
0.0290224;8.37527;-1.27833;
0.0290424;8.37192;-1.19274;
0.0290624;8.36857;-1.10733;
0.0290824;8.36522;-1.02208;
0.0291024;8.36188;-0.937008;
0.0291224;8.35853;-0.852099;
0.0291424;8.35519;-0.767369;
0.0291624;8.35185;-0.682799;
0.0291824;8.34851;-0.598407;
0.0292024;8.34517;-0.514176;
0.0292224;8.34183;-0.43012;
0.0292424;8.3385;-0.346225;
0.0292624;8.33516;-0.262505;
0.0292824;8.33183;-0.178945;
0.0293024;8.3285;-0.0955584;
0.0293224;8.32517;-0.0123333;
0.0293424;8.32184;0.0707211;
0.0293624;8.31851;0.153614;
0.0293824;8.31518;0.236337;
0.0294024;8.31186;0.318898;
0.0294224;8.30853;0.401291;
0.0294424;8.30521;0.483523;
0.0294624;8.30189;0.565587;
0.0294824;8.29857;0.64749;
0.0295024;8.29525;0.729227;
0.0295224;8.29193;0.810803;
0.0295424;8.28862;0.892214;
0.0295624;8.2853;0.973464;
0.0295824;8.28199;1.05455;
0.0296024;8.27868;1.13548;
0.0296224;8.27536;1.21624;
0.0296424;8.27205;1.29684;
0.0296624;8.26875;1.37728;
0.0296824;8.26544;1.45756;
0.0297024;8.26213;1.53768;
0.0297224;8.25883;1.61764;
0.0297424;8.25553;1.69744;
0.0297624;8.25223;1.77708;
0.0297824;8.24893;1.85656;
0.0298024;8.24563;1.93588;
0.0298224;8.24233;2.01504;
0.0298424;8.23903;2.09405;
0.0298624;8.23574;2.1729;
0.0298824;8.23244;2.25159;
0.0299024;8.22915;2.33012;
0.0299224;8.22586;2.4085;
0.0299424;8.22257;2.48672;
0.0299624;8.21928;2.56478;
0.0299824;8.216;2.64269;
0.03;8.2131;2.71112;
0.0300001;8.21309;2.71215;
0.0300003;8.21306;2.7139;
0.0300007;8.21299;2.71575;
0.030001;8.21294;2.71596;
0.0300011;8.21293;2.7153;
0.0300012;8.2129;2.71407;
0.0300016;8.21285;2.71206;
0.0300022;8.21274;2.70882;
0.0300035;8.21253;2.70308;
0.030006;8.21211;2.69172;
0.0300112;8.21127;2.66896;
0.0300214;8.20959;2.62351;
0.0300414;8.20631;2.53486;
0.0300614;8.20302;2.4464;
0.0300814;8.19974;2.3581;
0.0301014;8.19647;2.26999;
0.0301214;8.19319;2.18204;
0.0301414;8.18991;2.09428;
0.0301614;8.18664;2.00669;
0.0301814;8.18336;1.91928;
0.0302014;8.18009;1.83203;
0.0302214;8.17682;1.74497;
0.0302414;8.17355;1.65808;
0.0302614;8.17028;1.57136;
0.0302814;8.16701;1.48481;
0.0303014;8.16374;1.39844;
0.0303214;8.16048;1.31224;
0.0303414;8.15722;1.22622;
0.0303614;8.15395;1.14036;
0.0303814;8.15069;1.05468;
0.0304014;8.14743;0.969166;
0.0304214;8.14418;0.883826;
0.0304414;8.14092;0.798654;
0.0304614;8.13766;0.713655;
0.0304814;8.13441;0.628823;
0.0305014;8.13116;0.544163;
0.0305214;8.1279;0.459669;
0.0305414;8.12465;0.375347;
0.0305614;8.1214;0.291192;
0.0305814;8.11816;0.207206;
0.0306014;8.11491;0.123386;
0.0306214;8.11166;0.0397358;
0.0306414;8.10842;-0.043749;
0.0306614;8.10518;-0.127066;
0.0306814;8.10194;-0.210217;
0.0307014;8.0987;-0.293201;
0.0307214;8.09546;-0.37602;
0.0307414;8.09222;-0.458673;
0.0307614;8.08898;-0.541162;
0.0307814;8.08575;-0.623485;
0.0308014;8.08251;-0.705644;
0.0308214;8.07928;-0.787639;
0.0308414;8.07605;-0.86947;
0.0308614;8.07282;-0.951137;
0.0308814;8.06959;-1.03264;
0.0309014;8.06637;-1.11398;
0.0309214;8.06314;-1.19516;
0.0309414;8.05992;-1.27618;
0.0309614;8.05669;-1.35703;
0.0309814;8.05347;-1.43773;
0.031001;8.05031;-1.51665;
0.0310011;8.0503;-1.5177;
0.0310013;8.05027;-1.51947;
0.0310017;8.0502;-1.52138;
0.031002;8.05015;-1.52163;
0.0310021;8.05014;-1.52098;
0.0310022;8.05011;-1.51977;
0.0310026;8.05006;-1.51781;
0.0310032;8.04996;-1.51466;
0.0310045;8.04975;-1.50909;
0.031007;8.04934;-1.49808;
0.0310122;8.04852;-1.47603;
0.0310224;8.04687;-1.432;
0.0310424;8.04365;-1.3461;
0.0310624;8.04043;-1.26038;
0.0310824;8.03722;-1.17483;
0.0311024;8.034;-1.08945;
0.0311224;8.03079;-1.00424;
0.0311424;8.02758;-0.919204;
0.0311624;8.02437;-0.834332;
0.0311824;8.02116;-0.749637;
0.0312024;8.01795;-0.665103;
0.0312224;8.01475;-0.580746;
0.0312424;8.01154;-0.49655;
0.0312624;8.00834;-0.412529;
0.0312824;8.00513;-0.32867;
0.0313024;8.00193;-0.244984;
0.0313224;7.99873;-0.16146;
0.0313424;7.99553;-0.0781077;
0.0313624;7.99234;0.00508218;
0.0313824;7.98914;0.0881021;
0.0314024;7.98594;0.17096;
0.0314224;7.98275;0.253648;
0.0314424;7.97956;0.336175;
0.0314624;7.97637;0.418534;
0.0314824;7.97318;0.500731;
0.0315024;7.96999;0.582761;
0.0315224;7.9668;0.664629;
0.0315424;7.96361;0.746332;
0.0315624;7.96043;0.827874;
0.0315824;7.95725;0.90925;
0.0316024;7.95406;0.990466;
0.0316224;7.95088;1.07152;
0.0316424;7.9477;1.15241;
0.0316624;7.94453;1.23314;
0.0316824;7.94135;1.31371;
0.0317024;7.93817;1.39411;
0.0317224;7.935;1.47436;
0.0317424;7.93182;1.55445;
0.0317624;7.92865;1.63437;
0.0317824;7.92548;1.71414;
0.0318024;7.92231;1.79374;
0.0318224;7.91914;1.87319;
0.0318424;7.91598;1.95248;
0.0318624;7.91281;2.03161;
0.0318824;7.90965;2.11058;
0.0319024;7.90648;2.1894;
0.0319224;7.90332;2.26806;
0.0319424;7.90016;2.34656;
0.0319624;7.897;2.4249;
0.0319824;7.89384;2.50308;
0.032;7.89106;2.57176;
0.0320001;7.89105;2.5728;
0.0320003;7.89102;2.57455;
0.0320007;7.89095;2.57641;
0.032001;7.89091;2.57662;
0.0320011;7.89089;2.57596;
0.0320012;7.89087;2.57473;
0.0320016;7.89082;2.57273;
0.0320022;7.89072;2.5695;
0.0320035;7.89052;2.56377;
0.032006;7.89011;2.55244;
0.0320112;7.8893;2.52976;
0.0320214;7.88769;2.48445;
0.0320414;7.88453;2.39608;
0.0320614;7.88138;2.30789;
0.0320814;7.87823;2.21987;
0.0321014;7.87508;2.13204;
0.0321214;7.87193;2.04437;
0.0321414;7.86878;1.95688;
0.0321614;7.86563;1.86956;
0.0321814;7.86249;1.78242;
0.0322014;7.85934;1.69545;
0.0322214;7.8562;1.60867;
0.0322414;7.85306;1.52204;
0.0322614;7.84992;1.4356;
0.0322814;7.84678;1.34932;
0.0323014;7.84364;1.26323;
0.0323214;7.8405;1.17729;
0.0323414;7.83737;1.09154;
0.0323614;7.83423;1.00595;
0.0323814;7.8311;0.920539;
0.0324014;7.82797;0.835293;
0.0324214;7.82484;0.750221;
0.0324414;7.82171;0.665316;
0.0324614;7.81858;0.580583;
0.0324814;7.81545;0.496017;
0.0325014;7.81233;0.411622;
0.0325214;7.8092;0.327394;
0.0325414;7.80608;0.243336;
0.0325614;7.80296;0.159444;
0.0325814;7.79984;0.0757217;
0.0326014;7.79672;-0.00783507;
0.0326214;7.7936;-0.0912234;
0.0326414;7.79048;-0.174447;
0.0326614;7.78737;-0.257502;
0.0326814;7.78425;-0.340393;
0.0327014;7.78114;-0.423117;
0.0327214;7.77803;-0.505677;
0.0327414;7.77492;-0.58807;
0.0327614;7.77181;-0.6703;
0.0327814;7.7687;-0.752365;
0.0328014;7.7656;-0.834267;
0.0328214;7.76249;-0.916004;
0.0328414;7.75939;-0.997579;
0.0328614;7.75628;-1.07899;
0.0328814;7.75318;-1.16024;
0.0329014;7.75008;-1.24133;
0.0329214;7.74698;-1.32225;
0.0329414;7.74388;-1.40301;
0.0329614;7.74078;-1.48361;
0.0329814;7.73769;-1.56405;
0.033001;7.73466;-1.64273;
0.0330011;7.73464;-1.64378;
0.0330013;7.73461;-1.64555;
0.0330017;7.73455;-1.64745;
0.033002;7.7345;-1.6477;
0.0330021;7.73449;-1.64705;
0.0330022;7.73446;-1.64584;
0.0330026;7.73442;-1.64387;
0.0330032;7.73432;-1.64071;
0.0330045;7.73412;-1.63513;
0.033007;7.73372;-1.62409;
0.0330122;7.73293;-1.60197;
0.0330224;7.73135;-1.55781;
0.0330424;7.72825;-1.47166;
0.0330624;7.72516;-1.38569;
0.0330824;7.72207;-1.29988;
0.0331024;7.71899;-1.21426;
0.0331224;7.7159;-1.1288;
0.0331424;7.71281;-1.04351;
0.0331624;7.70973;-0.958394;
0.0331824;7.70665;-0.873451;
0.0332024;7.70356;-0.78867;
0.0332224;7.70048;-0.704065;
0.0332424;7.6974;-0.619623;
0.0332624;7.69433;-0.535356;
0.0332824;7.69125;-0.451252;
0.0333024;7.68817;-0.367321;
0.0333224;7.6851;-0.283553;
0.0333424;7.68202;-0.199956;
0.0333624;7.67895;-0.116523;
0.0333824;7.67588;-0.0332601;
0.0334024;7.67281;0.0498399;
0.0334224;7.66974;0.132771;
0.0334424;7.66668;0.215539;
0.0334624;7.66361;0.298139;
0.0334824;7.66054;0.380576;
0.0335024;7.65748;0.462846;
0.0335224;7.65442;0.544954;
0.0335424;7.65136;0.626896;
0.0335624;7.6483;0.708677;
0.0335824;7.64524;0.790292;
0.0336024;7.64218;0.871745;
0.0336224;7.63913;0.953034;
0.0336424;7.63607;1.03416;
0.0336624;7.63302;1.11513;
0.0336824;7.62996;1.19593;
0.0337024;7.62691;1.27657;
0.0337224;7.62386;1.35705;
0.0337424;7.62081;1.43737;
0.0337624;7.61777;1.51753;
0.0337824;7.61472;1.59753;
0.0338024;7.61167;1.67737;
0.0338224;7.60863;1.75705;
0.0338424;7.60559;1.83658;
0.0338624;7.60255;1.91594;
0.0338824;7.59951;1.99514;
0.0339024;7.59647;2.07419;
0.0339224;7.59343;2.15307;
0.0339424;7.59039;2.2318;
0.0339624;7.58736;2.31038;
0.0339824;7.58432;2.38879;
0.034;7.58165;2.45767;
0.0340001;7.58164;2.45871;
0.0340003;7.58161;2.46046;
0.0340007;7.58155;2.46232;
0.034001;7.5815;2.46254;
0.0340011;7.58149;2.46188;
0.0340012;7.58146;2.46065;
0.0340016;7.58142;2.45865;
0.0340022;7.58132;2.45543;
0.0340035;7.58112;2.44972;
0.034006;7.58074;2.43842;
0.0340112;7.57996;2.41579;
0.0340214;7.57841;2.37061;
0.0340414;7.57538;2.28246;
0.0340614;7.57235;2.1945;
0.0340814;7.56932;2.1067;
0.0341014;7.56629;2.01909;
0.0341214;7.56327;1.93165;
0.0341414;7.56024;1.84439;
0.0341614;7.55722;1.75729;
0.0341814;7.5542;1.67038;
0.0342014;7.55117;1.58364;
0.0342214;7.54815;1.49707;
0.0342414;7.54514;1.41067;
0.0342614;7.54212;1.32445;
0.0342814;7.5391;1.2384;
0.0343014;7.53609;1.15252;
0.0343214;7.53307;1.06681;
0.0343414;7.53006;0.981276;
0.0343614;7.52705;0.895909;
0.0343814;7.52404;0.810716;
0.0344014;7.52103;0.72569;
0.0344214;7.51802;0.640836;
0.0344414;7.51502;0.55615;
0.0344614;7.51201;0.471635;
0.0344814;7.50901;0.387287;
0.0345014;7.506;0.303109;
0.0345214;7.503;0.219098;
0.0345414;7.5;0.135256;
0.0345614;7.497;0.0515804;
0.0345814;7.494;-0.0319266;
0.0346014;7.49101;-0.115268;
0.0346214;7.48801;-0.198442;
0.0346414;7.48502;-0.281451;
0.0346614;7.48202;-0.364293;
0.0346814;7.47903;-0.44697;
0.0347014;7.47604;-0.529481;
0.0347214;7.47305;-0.611828;
0.0347414;7.47006;-0.69401;
0.0347614;7.46707;-0.776028;
0.0347814;7.46409;-0.857882;
0.0348014;7.4611;-0.939573;
0.0348214;7.45812;-1.0211;
0.0348414;7.45514;-1.10246;
0.0348614;7.45215;-1.18367;
0.0348814;7.44917;-1.26471;
0.0349014;7.44619;-1.34558;
0.0349214;7.44322;-1.4263;
0.0349414;7.44024;-1.50685;
0.0349614;7.43726;-1.58725;
0.0349814;7.43429;-1.66748;
0.035001;7.43138;-1.74595;
0.0350011;7.43136;-1.747;
0.0350013;7.43133;-1.74877;
0.0350017;7.43127;-1.75067;
0.035002;7.43123;-1.75092;
0.0350021;7.43122;-1.75026;
0.0350022;7.43119;-1.74905;
0.0350026;7.43115;-1.74708;
0.0350032;7.43105;-1.74392;
0.0350045;7.43086;-1.73831;
0.035007;7.43048;-1.72725;
0.0350122;7.42972;-1.70508;
0.0350224;7.4282;-1.66081;
0.0350424;7.42523;-1.57446;
0.0350624;7.42226;-1.48828;
0.0350824;7.41929;-1.40227;
0.0351024;7.41632;-1.31644;
0.0351224;7.41336;-1.23078;
0.0351424;7.41039;-1.14529;
0.0351624;7.40743;-1.05997;
0.0351824;7.40446;-0.974819;
0.0352024;7.4015;-0.889836;
0.0352224;7.39854;-0.805029;
0.0352424;7.39558;-0.720386;
0.0352624;7.39263;-0.635917;
0.0352824;7.38967;-0.551612;
0.0353024;7.38672;-0.46748;
0.0353224;7.38376;-0.383512;
0.0353424;7.38081;-0.299716;
0.0353624;7.37786;-0.216083;
0.0353824;7.37491;-0.132621;
0.0354024;7.37196;-0.0493228;
0.0354224;7.36901;0.0338061;
0.0354424;7.36606;0.116772;
0.0354624;7.36312;0.199569;
0.0354824;7.36017;0.282203;
0.0355024;7.35723;0.36467;
0.0355224;7.35429;0.446975;
0.0355424;7.35134;0.529112;
0.0355624;7.3484;0.611088;
0.0355824;7.34547;0.692898;
0.0356024;7.34253;0.774546;
0.0356224;7.33959;0.85603;
0.0356424;7.33666;0.937352;
0.0356624;7.33372;1.01851;
0.0356824;7.33079;1.09951;
0.0357024;7.32786;1.18034;
0.0357224;7.32493;1.26102;
0.0357424;7.322;1.34153;
0.0357624;7.31907;1.42188;
0.0357824;7.31614;1.50207;
0.0358024;7.31322;1.5821;
0.0358224;7.31029;1.66197;
0.0358424;7.30737;1.74168;
0.0358624;7.30445;1.82123;
0.0358824;7.30152;1.90063;
0.0359024;7.2986;1.97986;
0.0359224;7.29569;2.05894;
0.0359424;7.29277;2.13785;
0.0359624;7.28985;2.21661;
0.0359824;7.28694;2.29522;
0.036;7.28437;2.36426;
0.0360001;7.28436;2.3653;
0.0360003;7.28433;2.36705;
0.0360007;7.28427;2.36892;
0.036001;7.28423;2.36914;
0.0360011;7.28421;2.36848;
0.0360012;7.28419;2.36725;
0.0360016;7.28414;2.36526;
0.0360022;7.28405;2.36204;
0.0360035;7.28386;2.35634;
0.036006;7.28349;2.34507;
0.0360112;7.28275;2.32249;
0.0360214;7.28125;2.2774;
0.0360414;7.27834;2.18943;
0.0360614;7.27543;2.10166;
0.0360814;7.27252;2.01405;
0.0361014;7.26961;1.92663;
0.0361214;7.26671;1.83937;
0.0361414;7.2638;1.75229;
0.0361614;7.2609;1.66538;
0.0361814;7.25799;1.57865;
0.0362014;7.25509;1.49209;
0.0362214;7.25219;1.40571;
0.0362414;7.24929;1.31949;
0.0362614;7.24639;1.23345;
0.0362814;7.24349;1.14758;
0.0363014;7.24059;1.06188;
0.0363214;7.2377;0.976355;
0.0363414;7.2348;0.891002;
0.0363614;7.23191;0.805815;
0.0363814;7.22902;0.720802;
0.0364014;7.22613;0.635955;
0.0364214;7.22324;0.551281;
0.0364414;7.22035;0.466774;
0.0364614;7.21746;0.382437;
0.0364814;7.21457;0.298267;
0.0365014;7.21169;0.214268;
0.0365214;7.20881;0.130434;
0.0365414;7.20592;0.0467695;
0.0365614;7.20304;-0.0367295;
0.0365814;7.20016;-0.12006;
0.0366014;7.19728;-0.203226;
0.0366214;7.1944;-0.286224;
0.0366414;7.19152;-0.369057;
0.0366614;7.18865;-0.451724;
0.0366814;7.18577;-0.534226;
0.0367014;7.1829;-0.616563;
0.0367214;7.18003;-0.698736;
0.0367414;7.17716;-0.780744;
0.0367614;7.17429;-0.862589;
0.0367814;7.17142;-0.94427;
0.0368014;7.16855;-1.02579;
0.0368214;7.16568;-1.10714;
0.0368414;7.16282;-1.18834;
0.0368614;7.15995;-1.26937;
0.0368814;7.15709;-1.35023;
0.0369014;7.15423;-1.43094;
0.0369214;7.15136;-1.51149;
0.0369414;7.1485;-1.59187;
0.0369614;7.14565;-1.67209;
0.0369814;7.14279;-1.75216;
0.037001;7.13999;-1.83047;
0.0370011;7.13997;-1.83151;
0.0370013;7.13995;-1.83328;
0.0370017;7.13989;-1.83518;
0.037002;7.13985;-1.83542;
0.0370021;7.13983;-1.83476;
0.0370022;7.13981;-1.83355;
0.0370026;7.13977;-1.83158;
0.0370032;7.13967;-1.82841;
0.0370045;7.13949;-1.8228;
0.037007;7.13913;-1.81171;
0.0370122;7.1384;-1.7895;
0.0370224;7.13693;-1.74514;
0.0370424;7.13408;-1.65862;
0.0370624;7.13123;-1.57228;
0.0370824;7.12837;-1.4861;
0.0371024;7.12552;-1.4001;
0.0371224;7.12267;-1.31427;
0.0371424;7.11983;-1.22861;
0.0371624;7.11698;-1.14312;
0.0371824;7.11413;-1.05781;
0.0372024;7.11129;-0.972662;
0.0372224;7.10844;-0.88769;
0.0372424;7.1056;-0.802881;
0.0372624;7.10276;-0.718248;
0.0372824;7.09992;-0.633778;
0.0373024;7.09708;-0.549483;
0.0373224;7.09424;-0.46535;
0.0373424;7.0914;-0.381391;
0.0373624;7.08857;-0.297595;
0.0373824;7.08573;-0.21397;
0.0374024;7.0829;-0.130509;
0.0374224;7.08007;-0.0472179;
0.0374424;7.07723;0.0359098;
0.0374624;7.0744;0.118869;
0.0374824;7.07158;0.201664;
0.0375024;7.06875;0.284292;
0.0375224;7.06592;0.366757;
0.0375424;7.06309;0.449055;
0.0375624;7.06027;0.53119;
0.0375824;7.05745;0.61316;
0.0376024;7.05462;0.694968;
0.0376224;7.0518;0.77661;
0.0376424;7.04898;0.858091;
0.0376624;7.04616;0.939408;
0.0376824;7.04335;1.02056;
0.0377024;7.04053;1.10156;
0.0377224;7.03771;1.18239;
0.0377424;7.0349;1.26306;
0.0377624;7.03209;1.34356;
0.0377824;7.02927;1.42391;
0.0378024;7.02646;1.5041;
0.0378224;7.02365;1.58412;
0.0378424;7.02084;1.66399;
0.0378624;7.01804;1.7437;
0.0378824;7.01523;1.82325;
0.0379024;7.01242;1.90263;
0.0379224;7.00962;1.98186;
0.0379424;7.00682;2.06094;
0.0379624;7.00401;2.13985;
0.0379824;7.00121;2.21861;
0.038;6.99875;2.28778;
0.0380001;6.99873;2.28882;
0.0380003;6.99871;2.29058;
0.0380007;6.99865;2.29245;
0.038001;6.99861;2.29267;
0.0380011;6.9986;2.29201;
0.0380012;6.99857;2.29079;
0.0380016;6.99853;2.28879;
0.0380022;6.99844;2.28558;
0.0380035;6.99826;2.27989;
0.038006;6.9979;2.26864;
0.0380112;6.99719;2.2461;
0.0380214;6.99575;2.20108;
0.0380414;6.99296;2.11327;
0.0380614;6.99016;2.02565;
0.0380814;6.98736;1.93819;
0.0381014;6.98457;1.85092;
0.0381214;6.98178;1.76381;
0.0381414;6.97898;1.67689;
0.0381614;6.97619;1.59013;
0.0381814;6.9734;1.50355;
0.0382014;6.97061;1.41714;
0.0382214;6.96783;1.33091;
0.0382414;6.96504;1.24484;
0.0382614;6.96225;1.15895;
0.0382814;6.95947;1.07323;
0.0383014;6.95669;0.987679;
0.0383214;6.9539;0.902298;
0.0383414;6.95112;0.817093;
0.0383614;6.94834;0.732053;
0.0383814;6.94556;0.647188;
0.0384014;6.94279;0.562488;
0.0384214;6.94001;0.477961;
0.0384414;6.93724;0.3936;
0.0384614;6.93446;0.30941;
0.0384814;6.93169;0.225386;
0.0385014;6.92892;0.141532;
0.0385214;6.92614;0.0578433;
0.0385414;6.92337;-0.0256761;
0.0385614;6.92061;-0.10903;
0.0385814;6.91784;-0.192216;
0.0386014;6.91507;-0.275238;
0.0386214;6.91231;-0.358092;
0.0386414;6.90954;-0.440782;
0.0386614;6.90678;-0.523305;
0.0386814;6.90402;-0.605665;
0.0387014;6.90126;-0.687859;
0.0387214;6.8985;-0.769889;
0.0387414;6.89574;-0.851755;
0.0387614;6.89298;-0.933458;
0.0387814;6.89022;-1.015;
0.0388014;6.88747;-1.09637;
0.0388214;6.88471;-1.17759;
0.0388414;6.88196;-1.25864;
0.0388614;6.87921;-1.33953;
0.0388814;6.87646;-1.42026;
0.0389014;6.87371;-1.50082;
0.0389214;6.87096;-1.58123;
0.0389414;6.86821;-1.66148;
0.0389614;6.86546;-1.74156;
0.0389814;6.86272;-1.82148;
0.039001;6.86003;-1.89966;
0.0390011;6.86001;-1.9007;
0.0390013;6.85999;-1.90247;
0.0390017;6.85993;-1.90436;
0.039002;6.85989;-1.9046;
0.0390021;6.85988;-1.90395;
0.0390022;6.85986;-1.90273;
0.0390026;6.85981;-1.90076;
0.0390032;6.85972;-1.89758;
0.0390045;6.85955;-1.89196;
0.039007;6.8592;-1.88086;
0.0390122;6.8585;-1.85861;
0.0390224;6.85709;-1.81419;
0.0390424;6.85435;-1.72752;
0.0390624;6.85161;-1.64105;
0.0390824;6.84887;-1.55473;
0.0391024;6.84613;-1.4686;
0.0391224;6.84339;-1.38262;
0.0391424;6.84065;-1.29683;
0.0391624;6.83792;-1.21121;
0.0391824;6.83518;-1.12576;
0.0392024;6.83245;-1.04047;
0.0392224;6.82972;-0.955366;
0.0392424;6.82699;-0.870422;
0.0392624;6.82426;-0.785654;
0.0392824;6.82153;-0.701049;
0.0393024;6.8188;-0.616619;
0.0393224;6.81607;-0.532353;
0.0393424;6.81335;-0.448259;
0.0393624;6.81062;-0.36433;
0.0393824;6.8079;-0.280572;
0.0394024;6.80517;-0.196978;
0.0394224;6.80245;-0.113554;
0.0394424;6.79973;-0.0302934;
0.0394624;6.79701;0.0527978;
0.0394824;6.7943;0.135725;
0.0395024;6.79158;0.218485;
0.0395224;6.78886;0.301081;
0.0395424;6.78615;0.383511;
0.0395624;6.78343;0.465777;
0.0395824;6.78072;0.547877;
0.0396024;6.77801;0.629815;
0.0396224;6.7753;0.711588;
0.0396424;6.77259;0.793199;
0.0396624;6.76988;0.874645;
0.0396824;6.76717;0.95593;
0.0397024;6.76447;1.03705;
0.0397224;6.76176;1.11801;
0.0397424;6.75906;1.19881;
0.0397624;6.75635;1.27945;
0.0397824;6.75365;1.35992;
0.0398024;6.75095;1.44024;
0.0398224;6.74825;1.52039;
0.0398424;6.74555;1.60038;
0.0398624;6.74285;1.68022;
0.0398824;6.74016;1.75989;
0.0399024;6.73746;1.83941;
0.0399224;6.73477;1.91876;
0.0399424;6.73207;1.99796;
0.0399624;6.72938;2.077;
0.0399824;6.72669;2.15588;
0.04;6.72432;2.22517;
0.0400001;6.72431;2.22621;
0.0400003;6.72428;2.22797;
0.0400007;6.72423;2.22984;
0.040001;6.72419;2.23006;
0.0400011;6.72418;2.2294;
0.0400012;6.72416;2.22818;
0.0400016;6.72411;2.22619;
0.0400022;6.72403;2.22298;
0.0400035;6.72386;2.2173;
0.040006;6.72351;2.20606;
0.0400112;6.72282;2.18356;
0.0400214;6.72145;2.1386;
0.0400414;6.71876;2.05092;
0.0400614;6.71607;1.96342;
0.0400814;6.71339;1.87609;
0.0401014;6.7107;1.78894;
0.0401214;6.70802;1.70196;
0.0401414;6.70533;1.61516;
0.0401614;6.70265;1.52852;
0.0401814;6.69997;1.44206;
0.0402014;6.69729;1.35577;
0.0402214;6.69461;1.26966;
0.0402414;6.69194;1.18372;
0.0402614;6.68926;1.09795;
0.0402814;6.68659;1.01235;
0.0403014;6.68391;0.926926;
0.0403214;6.68124;0.841666;
0.0403414;6.67857;0.756582;
0.0403614;6.6759;0.671664;
0.0403814;6.67323;0.586919;
0.0404014;6.67056;0.502339;
0.0404214;6.66789;0.417933;
0.0404414;6.66522;0.333691;
0.0404614;6.66256;0.249621;
0.0404814;6.65989;0.165716;
0.0405014;6.65723;0.0819817;
0.0405214;6.65457;-0.00158789;
0.0405414;6.65191;-0.0849885;
0.0405614;6.64925;-0.168224;
0.0405814;6.64659;-0.251292;
0.0406014;6.64393;-0.334195;
0.0406214;6.64127;-0.416932;
0.0406414;6.63862;-0.499504;
0.0406614;6.63596;-0.58191;
0.0406814;6.63331;-0.664152;
0.0407014;6.63065;-0.746229;
0.0407214;6.628;-0.828144;
0.0407414;6.62535;-0.909893;
0.0407614;6.6227;-0.99148;
0.0407814;6.62005;-1.0729;
0.0408014;6.61741;-1.15416;
0.0408214;6.61476;-1.23526;
0.0408414;6.61211;-1.3162;
0.0408614;6.60947;-1.39697;
0.0408814;6.60683;-1.47759;
0.0409014;6.60418;-1.55804;
0.0409214;6.60154;-1.63833;
0.0409414;6.5989;-1.71846;
0.0409614;6.59626;-1.79843;
0.0409814;6.59363;-1.87824;
0.041001;6.59104;-1.9563;
0.0410011;6.59103;-1.95735;
0.0410013;6.591;-1.95912;
0.0410017;6.59095;-1.96101;
0.041002;6.59091;-1.96125;
0.0410021;6.5909;-1.96059;
0.0410022;6.59088;-1.95938;
0.0410026;6.59084;-1.9574;
0.0410032;6.59075;-1.95422;
0.0410045;6.59058;-1.94859;
0.041007;6.59025;-1.93747;
0.0410122;6.58957;-1.9152;
0.0410224;6.58822;-1.87071;
0.0410424;6.58559;-1.78394;
0.0410624;6.58295;-1.69735;
0.0410824;6.58032;-1.61092;
0.0411024;6.57769;-1.52467;
0.0411224;6.57506;-1.43859;
0.0411424;6.57243;-1.35269;
0.0411624;6.5698;-1.26695;
0.0411824;6.56717;-1.18139;
0.0412024;6.56455;-1.09599;
0.0412224;6.56192;-1.01077;
0.0412424;6.5593;-0.925719;
0.0412624;6.55667;-0.84084;
0.0412824;6.55405;-0.756125;
0.0413024;6.55143;-0.671585;
0.0413224;6.54881;-0.587209;
0.0413424;6.54619;-0.503006;
0.0413624;6.54357;-0.418967;
0.0413824;6.54096;-0.3351;
0.0414024;6.53834;-0.251396;
0.0414224;6.53573;-0.167864;
0.0414424;6.53311;-0.084495;
0.0414624;6.5305;-0.00129556;
0.0414824;6.52789;0.0817401;
0.0415024;6.52528;0.164608;
0.0415224;6.52267;0.247312;
0.0415424;6.52006;0.329848;
0.0415624;6.51745;0.412222;
0.0415824;6.51484;0.494429;
0.0416024;6.51224;0.576474;
0.0416224;6.50964;0.658353;
0.0416424;6.50703;0.74007;
0.0416624;6.50443;0.821623;
0.0416824;6.50183;0.903014;
0.0417024;6.49923;0.984241;
0.0417224;6.49663;1.06531;
0.0417424;6.49403;1.14621;
0.0417624;6.49143;1.22695;
0.0417824;6.48884;1.30753;
0.0418024;6.48624;1.38795;
0.0418224;6.48365;1.46821;
0.0418424;6.48106;1.54831;
0.0418624;6.47846;1.62825;
0.0418824;6.47587;1.70802;
0.0419024;6.47328;1.78764;
0.0419224;6.47069;1.8671;
0.0419424;6.46811;1.9464;
0.0419624;6.46552;2.02555;
0.0419824;6.46293;2.10453;
0.042;6.46066;2.17391;
0.0420001;6.46065;2.17495;
0.0420003;6.46062;2.17671;
0.0420007;6.46057;2.17858;
0.042001;6.46053;2.17881;
0.0420011;6.46052;2.17815;
0.0420012;6.4605;2.17693;
0.0420016;6.46046;2.17493;
0.0420022;6.46038;2.17173;
0.0420035;6.46021;2.16605;
0.042006;6.45988;2.15483;
0.0420112;6.45922;2.13235;
0.0420214;6.4579;2.08745;
0.0420414;6.45531;1.99987;
0.0420614;6.45273;1.91247;
0.0420814;6.45015;1.82524;
0.0421014;6.44757;1.7382;
0.0421214;6.44499;1.65131;
0.0421414;6.44241;1.56461;
0.0421614;6.43984;1.47808;
0.0421814;6.43726;1.39172;
0.0422014;6.43469;1.30553;
0.0422214;6.43212;1.21952;
0.0422414;6.42954;1.13368;
0.0422614;6.42697;1.04801;
0.0422814;6.4244;0.962511;
0.0423014;6.42183;0.877186;
0.0423214;6.41926;0.792026;
0.0423414;6.4167;0.707041;
0.0423614;6.41413;0.622221;
0.0423814;6.41157;0.537575;
0.0424014;6.409;0.453095;
0.0424214;6.40644;0.368786;
0.0424414;6.40388;0.284643;
0.0424614;6.40132;0.200671;
0.0424814;6.39876;0.116864;
0.0425014;6.3962;0.033227;
0.0425214;6.39364;-0.0502452;
0.0425414;6.39108;-0.133549;
0.0425614;6.38853;-0.216687;
0.0425814;6.38597;-0.299658;
0.0426014;6.38342;-0.382465;
0.0426214;6.38086;-0.465105;
0.0426414;6.37831;-0.547581;
0.0426614;6.37576;-0.629891;
0.0426814;6.37321;-0.712037;
0.0427014;6.37066;-0.794019;
0.0427214;6.36811;-0.875837;
0.0427414;6.36557;-0.957491;
0.0427614;6.36302;-1.03898;
0.0427814;6.36048;-1.12031;
0.0428014;6.35793;-1.20148;
0.0428214;6.35539;-1.28248;
0.0428414;6.35285;-1.36332;
0.0428614;6.35031;-1.444;
0.0428814;6.34777;-1.52452;
0.0429014;6.34523;-1.60488;
0.0429214;6.34269;-1.68508;
0.0429414;6.34016;-1.76512;
0.0429614;6.33762;-1.845;
0.0429814;6.33509;-1.92471;
0.043001;6.3326;-2.00268;
0.0430011;6.33259;-2.00373;
0.0430013;6.33257;-2.00549;
0.0430017;6.33252;-2.00738;
0.043002;6.33248;-2.00762;
0.0430021;6.33247;-2.00696;
0.0430022;6.33245;-2.00575;
0.0430026;6.33241;-2.00377;
0.0430032;6.33233;-2.00059;
0.0430045;6.33216;-1.99495;
0.043007;6.33184;-1.98382;
0.0430122;6.33119;-1.96153;
0.0430224;6.32989;-1.91699;
0.0430424;6.32736;-1.83012;
0.0430624;6.32483;-1.74344;
0.0430824;6.3223;-1.65692;
0.0431024;6.31977;-1.57058;
0.0431224;6.31725;-1.48441;
0.0431424;6.31472;-1.39841;
0.0431624;6.3122;-1.31258;
0.0431824;6.30967;-1.22693;
0.0432024;6.30715;-1.14145;
0.0432224;6.30462;-1.05614;
0.0432424;6.3021;-0.970991;
0.0432624;6.29958;-0.886022;
0.0432824;6.29706;-0.801217;
0.0433024;6.29455;-0.716586;
0.0433224;6.29203;-0.63212;
0.0433424;6.28951;-0.547828;
0.0433624;6.287;-0.463699;
0.0433824;6.28448;-0.379742;
0.0434024;6.28197;-0.29595;
0.0434224;6.27946;-0.212328;
0.0434424;6.27695;-0.128871;
0.0434624;6.27444;-0.0455827;
0.0434824;6.27193;0.0375415;
0.0435024;6.26942;0.120497;
0.0435224;6.26691;0.203289;
0.0435424;6.2644;0.285914;
0.0435624;6.2619;0.368376;
0.0435824;6.25939;0.450671;
0.0436024;6.25689;0.532803;
0.0436224;6.25439;0.614769;
0.0436424;6.25189;0.696573;
0.0436624;6.24939;0.778213;
0.0436824;6.24689;0.85969;
0.0437024;6.24439;0.941004;
0.0437224;6.24189;1.02216;
0.0437424;6.2394;1.10315;
0.0437624;6.2369;1.18397;
0.0437824;6.23441;1.26464;
0.0438024;6.23191;1.34514;
0.0438224;6.22942;1.42549;
0.0438424;6.22693;1.50567;
0.0438624;6.22444;1.58569;
0.0438824;6.22195;1.66556;
0.0439024;6.21946;1.74526;
0.0439224;6.21698;1.82481;
0.0439424;6.21449;1.90419;
0.0439624;6.212;1.98342;
0.0439824;6.20952;2.06249;
0.044;6.20733;2.13194;
0.0440001;6.20732;2.13298;
0.0440003;6.2073;2.13474;
0.0440007;6.20725;2.13662;
0.044001;6.20721;2.13684;
0.0440011;6.2072;2.13618;
0.0440012;6.20718;2.13496;
0.0440016;6.20714;2.13297;
0.0440022;6.20706;2.12977;
0.0440035;6.2069;2.1241;
0.044006;6.20658;2.11289;
0.0440112;6.20595;2.09043;
0.0440214;6.20468;2.04557;
0.0440414;6.2022;1.95807;
0.0440614;6.19972;1.87076;
0.0440814;6.19724;1.78361;
0.0441014;6.19476;1.69665;
0.0441214;6.19228;1.60985;
0.0441414;6.1898;1.52323;
0.0441614;6.18733;1.43678;
0.0441814;6.18485;1.35051;
0.0442014;6.18238;1.2644;
0.0442214;6.17991;1.17847;
0.0442414;6.17744;1.09271;
0.0442614;6.17497;1.00713;
0.0442814;6.1725;0.921707;
0.0443014;6.17003;0.836463;
0.0443214;6.16756;0.751385;
0.0443414;6.16509;0.666481;
0.0443614;6.16263;0.581742;
0.0443814;6.16016;0.497177;
0.0444014;6.1577;0.412777;
0.0444214;6.15524;0.328549;
0.0444414;6.15278;0.244487;
0.0444614;6.15032;0.160595;
0.0444814;6.14786;0.0768679;
0.0445014;6.1454;-0.00668933;
0.0445214;6.14294;-0.0900817;
0.0445414;6.14048;-0.173305;
0.0445614;6.13803;-0.256365;
0.0445814;6.13557;-0.339256;
0.0446014;6.13312;-0.421984;
0.0446214;6.13067;-0.504545;
0.0446414;6.12822;-0.586942;
0.0446614;6.12576;-0.669173;
0.0446814;6.12331;-0.751241;
0.0447014;6.12087;-0.833145;
0.0447214;6.11842;-0.914885;
0.0447414;6.11597;-0.996461;
0.0447614;6.11353;-1.07788;
0.0447814;6.11108;-1.15913;
0.0448014;6.10864;-1.24021;
0.0448214;6.10619;-1.32114;
0.0448414;6.10375;-1.40191;
0.0448614;6.10131;-1.48251;
0.0448814;6.09887;-1.56295;
0.0449014;6.09643;-1.64323;
0.0449214;6.09399;-1.72335;
0.0449414;6.09156;-1.80332;
0.0449614;6.08912;-1.88312;
0.0449814;6.08668;-1.96276;
0.045001;6.0843;-2.04065;
0.0450011;6.08429;-2.0417;
0.0450013;6.08426;-2.04346;
0.0450017;6.08421;-2.04535;
0.045002;6.08418;-2.04559;
0.0450021;6.08417;-2.04493;
0.0450022;6.08415;-2.04371;
0.0450026;6.08411;-2.04173;
0.0450032;6.08403;-2.03855;
0.0450045;6.08388;-2.03291;
0.045007;6.08356;-2.02177;
0.0450122;6.08294;-1.99945;
0.0450224;6.0817;-1.95488;
0.0450424;6.07926;-1.86794;
0.0450624;6.07683;-1.78118;
0.0450824;6.0744;-1.69458;
0.0451024;6.07197;-1.60817;
0.0451224;6.06954;-1.52192;
0.0451424;6.06712;-1.43585;
0.0451624;6.06469;-1.34995;
0.0451824;6.06227;-1.26422;
0.0452024;6.05984;-1.17866;
0.0452224;6.05742;-1.09328;
0.0452424;6.055;-1.00806;
0.0452624;6.05257;-0.923013;
0.0452824;6.05015;-0.838134;
0.0453024;6.04773;-0.75343;
0.0453224;6.04531;-0.66889;
0.0453424;6.0429;-0.584524;
0.0453624;6.04048;-0.500322;
0.0453824;6.03806;-0.416292;
0.0454024;6.03565;-0.332427;
0.0454224;6.03324;-0.248732;
0.0454424;6.03082;-0.165202;
0.0454624;6.02841;-0.0818413;
0.0454824;6.026;0.00135538;
0.0455024;6.02359;0.0843834;
0.0455224;6.02118;0.167248;
0.0455424;6.01877;0.249945;
0.0455624;6.01637;0.332478;
0.0455824;6.01396;0.414845;
0.0456024;6.01156;0.497048;
0.0456224;6.00915;0.579086;
0.0456424;6.00675;0.660962;
0.0456624;6.00435;0.742672;
0.0456824;6.00194;0.824221;
0.0457024;5.99954;0.905605;
0.0457224;5.99715;0.986828;
0.0457424;5.99475;1.06789;
0.0457624;5.99235;1.14879;
0.0457824;5.98995;1.22952;
0.0458024;5.98756;1.3101;
0.0458224;5.98516;1.39051;
0.0458424;5.98277;1.47077;
0.0458624;5.98038;1.55086;
0.0458824;5.97799;1.63079;
0.0459024;5.97559;1.71056;
0.0459224;5.9732;1.79018;
0.0459424;5.97082;1.86963;
0.0459624;5.96843;1.94893;
0.0459824;5.96604;2.02807;
0.046;5.96394;2.09758;
0.0460001;5.96393;2.09862;
0.0460003;5.96391;2.10038;
0.0460007;5.96386;2.10226;
0.046001;5.96382;2.10249;
0.0460011;5.96381;2.10183;
0.0460012;5.96379;2.10061;
0.0460016;5.96376;2.09862;
0.0460022;5.96368;2.09542;
0.0460035;5.96353;2.08975;
0.046006;5.96322;2.07855;
0.0460112;5.96261;2.05611;
0.0460214;5.96139;2.01129;
0.0460414;5.95901;1.92385;
0.0460614;5.95662;1.83661;
0.0460814;5.95424;1.74953;
0.0461014;5.95186;1.66264;
0.0461214;5.94948;1.5759;
0.0461414;5.9471;1.48936;
0.0461614;5.94472;1.40297;
0.0461814;5.94234;1.31677;
0.0462014;5.93997;1.23073;
0.0462214;5.93759;1.14487;
0.0462414;5.93522;1.05917;
0.0462614;5.93284;0.973653;
0.0462814;5.93047;0.8883;
0.0463014;5.9281;0.803123;
0.0463214;5.92573;0.718111;
0.0463414;5.92336;0.633273;
0.0463614;5.92099;0.548601;
0.0463814;5.91862;0.464102;
0.0464014;5.91625;0.379769;
0.0464214;5.91389;0.295607;
0.0464414;5.91152;0.21161;
0.0464614;5.90916;0.127784;
0.0464814;5.9068;0.0441223;
0.0465014;5.90443;-0.0393695;
0.0465214;5.90207;-0.122697;
0.0465414;5.89971;-0.205855;
0.0465614;5.89735;-0.288849;
0.0465814;5.89499;-0.371676;
0.0466014;5.89264;-0.454339;
0.0466214;5.89028;-0.536835;
0.0466414;5.88792;-0.619168;
0.0466614;5.88557;-0.701335;
0.0466814;5.88322;-0.783339;
0.0467014;5.88086;-0.865178;
0.0467214;5.87851;-0.946854;
0.0467414;5.87616;-1.02837;
0.0467614;5.87381;-1.10972;
0.0467814;5.87146;-1.1909;
0.0468014;5.86911;-1.27193;
0.0468214;5.86677;-1.35279;
0.0468414;5.86442;-1.43349;
0.0468614;5.86207;-1.51403;
0.0468814;5.85973;-1.59441;
0.0469014;5.85739;-1.67463;
0.0469214;5.85504;-1.75469;
0.0469414;5.8527;-1.83459;
0.0469614;5.85036;-1.91433;
0.0469814;5.84802;-1.99391;
0.047001;5.84573;-2.07174;
0.0470011;5.84572;-2.07279;
0.0470013;5.8457;-2.07455;
0.0470017;5.84565;-2.07644;
0.047002;5.84561;-2.07667;
0.0470021;5.8456;-2.07601;
0.0470022;5.84559;-2.0748;
0.0470026;5.84555;-2.07281;
0.0470032;5.84547;-2.06963;
0.0470045;5.84532;-2.06399;
0.047007;5.84502;-2.05284;
0.0470122;5.84443;-2.03051;
0.0470224;5.84323;-1.9859;
0.0470424;5.84089;-1.8989;
0.0470624;5.83856;-1.81208;
0.0470824;5.83622;-1.72542;
0.0471024;5.83389;-1.63894;
0.0471224;5.83155;-1.55263;
0.0471424;5.82922;-1.4665;
0.0471624;5.82689;-1.38054;
0.0471824;5.82456;-1.29475;
0.0472024;5.82223;-1.20913;
0.0472224;5.8199;-1.12368;
0.0472424;5.81758;-1.0384;
0.0472624;5.81525;-0.953298;
0.0472824;5.81292;-0.868359;
0.0473024;5.8106;-0.783594;
0.0473224;5.80828;-0.698994;
0.0473424;5.80595;-0.614568;
0.0473624;5.80363;-0.530306;
0.0473824;5.80131;-0.446216;
0.0474024;5.79899;-0.362291;
0.0474224;5.79667;-0.278537;
0.0474424;5.79435;-0.194947;
0.0474624;5.79203;-0.111527;
0.0474824;5.78972;-0.0282708;
0.0475024;5.7874;0.0548164;
0.0475224;5.78509;0.13774;
0.0475424;5.78277;0.220496;
0.0475624;5.78046;0.303088;
0.0475824;5.77815;0.385513;
0.0476024;5.77584;0.467776;
0.0476224;5.77353;0.549872;
0.0476424;5.77122;0.631806;
0.0476624;5.76891;0.713575;
0.0476824;5.76661;0.795181;
0.0477024;5.7643;0.876624;
0.0477224;5.76199;0.957904;
0.0477424;5.75969;1.03902;
0.0477624;5.75739;1.11998;
0.0477824;5.75508;1.20077;
0.0478024;5.75278;1.2814;
0.0478224;5.75048;1.36188;
0.0478424;5.74818;1.44219;
0.0478624;5.74588;1.52234;
0.0478824;5.74359;1.60233;
0.0479024;5.74129;1.68216;
0.0479224;5.73899;1.76183;
0.0479424;5.7367;1.84134;
0.0479624;5.7344;1.92069;
0.0479824;5.73211;1.99989;
0.048;5.73009;2.06945;
0.0480001;5.73008;2.07049;
0.0480003;5.73006;2.07225;
0.0480007;5.73001;2.07413;
0.048001;5.72998;2.07436;
0.0480011;5.72997;2.0737;
0.0480012;5.72995;2.07248;
0.0480016;5.72991;2.07049;
0.0480022;5.72984;2.0673;
0.0480035;5.72969;2.06163;
0.048006;5.7294;2.05043;
0.0480112;5.72881;2.02801;
0.0480214;5.72764;1.98321;
0.0480414;5.72535;1.89584;
0.0480614;5.72306;1.80865;
0.0480814;5.72077;1.72163;
0.0481014;5.71848;1.63479;
0.0481214;5.7162;1.54811;
0.0481414;5.71391;1.46162;
0.0481614;5.71163;1.37529;
0.0481814;5.70934;1.28914;
0.0482014;5.70706;1.20316;
0.0482214;5.70478;1.11735;
0.0482414;5.70249;1.03171;
0.0482614;5.70021;0.946247;
0.0482814;5.69793;0.860949;
0.0483014;5.69566;0.775826;
0.0483214;5.69338;0.690869;
0.0483414;5.6911;0.606086;
0.0483614;5.68882;0.521468;
0.0483814;5.68655;0.437024;
0.0484014;5.68428;0.352744;
0.0484214;5.682;0.268636;
0.0484414;5.67973;0.184693;
0.0484614;5.67746;0.100921;
0.0484814;5.67519;0.0173129;
0.0485014;5.67292;-0.0661253;
0.0485214;5.67065;-0.149399;
0.0485414;5.66838;-0.232504;
0.0485614;5.66611;-0.315445;
0.0485814;5.66385;-0.398219;
0.0486014;5.66158;-0.480828;
0.0486214;5.65932;-0.563272;
0.0486414;5.65706;-0.645552;
0.0486614;5.65479;-0.727666;
0.0486814;5.65253;-0.809617;
0.0487014;5.65027;-0.891403;
0.0487214;5.64801;-0.973027;
0.0487414;5.64575;-1.05449;
0.0487614;5.6435;-1.13579;
0.0487814;5.64124;-1.21692;
0.0488014;5.63898;-1.29789;
0.0488214;5.63673;-1.3787;
0.0488414;5.63447;-1.45935;
0.0488614;5.63222;-1.53984;
0.0488814;5.62997;-1.62017;
0.0489014;5.62772;-1.70034;
0.0489214;5.62547;-1.78035;
0.0489414;5.62322;-1.86019;
0.0489614;5.62097;-1.93988;
0.0489814;5.61872;-2.01941;
0.049001;5.61652;-2.09719;
0.0490011;5.61651;-2.09824;
0.0490013;5.61648;-2.1;
0.0490017;5.61644;-2.10189;
0.049002;5.6164;-2.10212;
0.0490021;5.6164;-2.10146;
0.0490022;5.61638;-2.10025;
0.0490026;5.61634;-2.09826;
0.0490032;5.61627;-2.09508;
0.0490045;5.61613;-2.08943;
0.049007;5.61584;-2.07828;
0.0490122;5.61526;-2.05593;
0.0490224;5.61411;-2.0113;
0.0490424;5.61187;-1.92424;
0.0490624;5.60962;-1.83737;
0.0490824;5.60738;-1.75066;
0.0491024;5.60514;-1.66414;
0.0491224;5.6029;-1.57778;
0.0491424;5.60066;-1.4916;
0.0491624;5.59842;-1.40558;
0.0491824;5.59618;-1.31974;
0.0492024;5.59394;-1.23407;
0.0492224;5.5917;-1.14858;
0.0492424;5.58947;-1.06325;
0.0492624;5.58723;-0.978093;
0.0492824;5.585;-0.893104;
0.0493024;5.58276;-0.80829;
0.0493224;5.58053;-0.723641;
0.0493424;5.5783;-0.639165;
0.0493624;5.57607;-0.554854;
0.0493824;5.57384;-0.470715;
0.0494024;5.57161;-0.386741;
0.0494224;5.56938;-0.302938;
0.0494424;5.56715;-0.2193;
0.0494624;5.56493;-0.135831;
0.0494824;5.5627;-0.0525263;
0.0495024;5.56048;0.0306094;
0.0495224;5.55825;0.113581;
0.0495424;5.55603;0.196385;
0.0495624;5.55381;0.279026;
0.0495824;5.55159;0.361499;
0.0496024;5.54937;0.443809;
0.0496224;5.54715;0.525954;
0.0496424;5.54493;0.607935;
0.0496624;5.54271;0.689752;
0.0496824;5.54049;0.771406;
0.0497024;5.53828;0.852896;
0.0497224;5.53606;0.934224;
0.0497424;5.53385;1.01539;
0.0497624;5.53164;1.09639;
0.0497824;5.52942;1.17723;
0.0498024;5.52721;1.25791;
0.0498224;5.525;1.33843;
0.0498424;5.52279;1.41879;
0.0498624;5.52058;1.49899;
0.0498824;5.51838;1.57902;
0.0499024;5.51617;1.6589;
0.0499224;5.51396;1.73862;
0.0499424;5.51176;1.81817;
0.0499624;5.50955;1.89757;
0.0499824;5.50735;1.97681;
0.05;5.50541;2.04641;
0.0500001;5.5054;2.04746;
0.0500003;5.50538;2.04922;
0.0500007;5.50534;2.0511;
0.050001;5.5053;2.05133;
0.0500011;5.50529;2.05067;
0.0500012;5.50528;2.04945;
0.0500016;5.50524;2.04746;
0.0500022;5.50517;2.04427;
0.0500035;5.50503;2.03861;
0.050006;5.50475;2.02742;
0.0500112;5.50418;2.005;
0.0500214;5.50306;1.96023;
0.0500414;5.50086;1.8729;
0.0500614;5.49866;1.78576;
0.0500814;5.49646;1.69878;
0.0501014;5.49426;1.61199;
0.0501214;5.49206;1.52536;
0.0501414;5.48987;1.43891;
0.0501614;5.48767;1.35263;
0.0501814;5.48548;1.26652;
0.0502014;5.48328;1.18058;
0.0502214;5.48109;1.09482;
0.0502414;5.4789;1.00923;
0.0502614;5.47671;0.92381;
0.0502814;5.47452;0.838556;
0.0503014;5.47233;0.753478;
0.0503214;5.47014;0.668566;
0.0503414;5.46795;0.583827;
0.0503614;5.46576;0.499254;
0.0503814;5.46358;0.414854;
0.0504014;5.46139;0.330618;
0.0504214;5.45921;0.246555;
0.0504414;5.45702;0.162656;
0.0504614;5.45484;0.0789273;
0.0504814;5.45266;-0.00463633;
0.0505014;5.45048;-0.0880307;
0.0505214;5.4483;-0.171261;
0.0505414;5.44612;-0.254322;
0.0505614;5.44394;-0.337219;
0.0505814;5.44177;-0.41995;
0.0506014;5.43959;-0.502516;
0.0506214;5.43742;-0.584916;
0.0506414;5.43524;-0.667152;
0.0506614;5.43307;-0.749223;
0.0506814;5.43089;-0.831132;
0.0507014;5.42872;-0.912875;
0.0507214;5.42655;-0.994456;
0.0507414;5.42438;-1.07587;
0.0507614;5.42221;-1.15713;
0.0507814;5.42004;-1.23822;
0.0508014;5.41788;-1.31915;
0.0508214;5.41571;-1.39992;
0.0508414;5.41354;-1.48053;
0.0508614;5.41138;-1.56097;
0.0508814;5.40921;-1.64126;
0.0509014;5.40705;-1.72138;
0.0509214;5.40489;-1.80135;
0.0509414;5.40273;-1.88116;
0.0509614;5.40057;-1.9608;
0.0509814;5.39841;-2.04029;
0.051001;5.39629;-2.11803;
0.0510011;5.39628;-2.11908;
0.0510013;5.39626;-2.12084;
0.0510017;5.39622;-2.12272;
0.051002;5.39618;-2.12296;
0.0510021;5.39617;-2.1223;
0.0510022;5.39616;-2.12108;
0.0510026;5.39612;-2.1191;
0.0510032;5.39605;-2.11591;
0.0510045;5.39591;-2.11026;
0.051007;5.39564;-2.0991;
0.0510122;5.39509;-2.07675;
0.0510224;5.39398;-2.03209;
0.0510424;5.39182;-1.945;
0.0510624;5.38967;-1.85808;
0.0510824;5.38751;-1.77133;
0.0511024;5.38536;-1.68477;
0.0511224;5.3832;-1.59836;
0.0511424;5.38105;-1.51214;
0.0511624;5.3789;-1.42608;
0.0511824;5.37675;-1.34021;
0.0512024;5.3746;-1.25449;
0.0512224;5.37245;-1.16896;
0.0512424;5.3703;-1.08359;
0.0512624;5.36815;-0.998393;
0.0512824;5.36601;-0.913364;
0.0513024;5.36386;-0.828509;
0.0513224;5.36171;-0.74382;
0.0513424;5.35957;-0.659304;
0.0513624;5.35743;-0.574952;
0.0513824;5.35528;-0.490773;
0.0514024;5.35314;-0.406759;
0.0514224;5.351;-0.322916;
0.0514424;5.34886;-0.239238;
0.0514624;5.34672;-0.155729;
0.0514824;5.34458;-0.0723846;
0.0515024;5.34245;0.0107908;
0.0515224;5.34031;0.0938021;
0.0515424;5.33817;0.176646;
0.0515624;5.33604;0.259325;
0.0515824;5.33391;0.341838;
0.0516024;5.33177;0.424188;
0.0516224;5.32964;0.506372;
0.0516424;5.32751;0.588392;
0.0516624;5.32538;0.670248;
0.0516824;5.32325;0.751941;
0.0517024;5.32112;0.83347;
0.0517224;5.31899;0.914837;
0.0517424;5.31686;0.99604;
0.0517624;5.31474;1.07708;
0.0517824;5.31261;1.15796;
0.0518024;5.31049;1.23868;
0.0518224;5.30836;1.31924;
0.0518424;5.30624;1.39963;
0.0518624;5.30412;1.47987;
0.0518824;5.302;1.55994;
0.0519024;5.29988;1.63986;
0.0519224;5.29776;1.71961;
0.0519424;5.29564;1.79921;
0.0519624;5.29352;1.87865;
0.0519824;5.29141;1.95792;
0.052;5.28954;2.02756;
0.0520001;5.28953;2.0286;
0.0520003;5.28951;2.03036;
0.0520007;5.28947;2.03224;
0.052001;5.28944;2.03247;
0.0520011;5.28943;2.03181;
0.0520012;5.28941;2.0306;
0.0520016;5.28938;2.02861;
0.0520022;5.28931;2.02542;
0.0520035;5.28917;2.01976;
0.052006;5.2889;2.00857;
0.0520112;5.28836;1.98616;
0.0520214;5.28728;1.94142;
0.0520414;5.28516;1.85412;
0.0520614;5.28305;1.76702;
0.0520814;5.28094;1.68008;
0.0521014;5.27883;1.59332;
0.0521214;5.27672;1.50673;
0.0521414;5.27461;1.42032;
0.0521614;5.2725;1.33407;
0.0521814;5.27039;1.24801;
0.0522014;5.26828;1.1621;
0.0522214;5.26617;1.07638;
0.0522414;5.26407;0.990821;
0.0522614;5.26196;0.90544;
0.0522814;5.25986;0.820223;
0.0523014;5.25775;0.735182;
0.0523214;5.25565;0.650306;
0.0523414;5.25355;0.565604;
0.0523614;5.25145;0.481067;
0.0523814;5.24935;0.396703;
0.0524014;5.24725;0.312504;
0.0524214;5.24515;0.228476;
0.0524414;5.24305;0.144613;
0.0524614;5.24096;0.0609211;
0.0524814;5.23886;-0.0226066;
0.0525014;5.23676;-0.105965;
0.0525214;5.23467;-0.189159;
0.0525414;5.23258;-0.272185;
0.0525614;5.23048;-0.355046;
0.0525814;5.22839;-0.437741;
0.0526014;5.2263;-0.520272;
0.0526214;5.22421;-0.602636;
0.0526414;5.22212;-0.684837;
0.0526614;5.22003;-0.766873;
0.0526814;5.21795;-0.848746;
0.0527014;5.21586;-0.930454;
0.0527214;5.21377;-1.012;
0.0527414;5.21169;-1.09338;
0.0527614;5.2096;-1.1746;
0.0527814;5.20752;-1.25566;
0.0528014;5.20544;-1.33656;
0.0528214;5.20336;-1.41729;
0.0528414;5.20128;-1.49786;
0.0528614;5.1992;-1.57827;
0.0528814;5.19712;-1.65853;
0.0529014;5.19504;-1.73862;
0.0529214;5.19296;-1.81855;
0.0529414;5.19088;-1.89832;
0.0529614;5.18881;-1.97793;
0.0529814;5.18673;-2.05738;
0.053001;5.1847;-2.13509;
0.0530011;5.18469;-2.13614;
0.0530013;5.18467;-2.1379;
0.0530017;5.18463;-2.13978;
0.053002;5.1846;-2.14001;
0.0530021;5.18459;-2.13936;
0.0530022;5.18457;-2.13814;
0.0530026;5.18454;-2.13615;
0.0530032;5.18447;-2.13297;
0.0530045;5.18434;-2.12732;
0.053007;5.18407;-2.11615;
0.0530122;5.18354;-2.09379;
0.0530224;5.18248;-2.04912;
0.0530424;5.18041;-1.96198;
0.0530624;5.17834;-1.87504;
0.0530824;5.17627;-1.78825;
0.0531024;5.1742;-1.70165;
0.0531224;5.17213;-1.61522;
0.0531424;5.17006;-1.52896;
0.0531624;5.16799;-1.44287;
0.0531824;5.16592;-1.35696;
0.0532024;5.16386;-1.27121;
0.0532224;5.16179;-1.18565;
0.0532424;5.15973;-1.10024;
0.0532624;5.15766;-1.01501;
0.0532824;5.1556;-0.929951;
0.0533024;5.15354;-0.845063;
0.0533224;5.15148;-0.76034;
0.0533424;5.14942;-0.675791;
0.0533624;5.14736;-0.591407;
0.0533824;5.1453;-0.507195;
0.0534024;5.14324;-0.423148;
0.0534224;5.14119;-0.339272;
0.0534424;5.13913;-0.255561;
0.0534624;5.13708;-0.17202;
0.0534824;5.13502;-0.088643;
0.0535024;5.13297;-0.00543512;
0.0535224;5.13091;0.0776087;
0.0535424;5.12886;0.160485;
0.0535624;5.12681;0.243197;
0.0535824;5.12476;0.325742;
0.0536024;5.12271;0.408124;
0.0536224;5.12066;0.490339;
0.0536424;5.11861;0.572392;
0.0536624;5.11657;0.65428;
0.0536824;5.11452;0.736005;
0.0537024;5.11248;0.817565;
0.0537224;5.11043;0.898964;
0.0537424;5.10839;0.980199;
0.0537624;5.10635;1.06127;
0.0537824;5.1043;1.14218;
0.0538024;5.10226;1.22293;
0.0538224;5.10022;1.30352;
0.0538424;5.09818;1.38395;
0.0538624;5.09614;1.46422;
0.0538824;5.0941;1.54432;
0.0539024;5.09207;1.62427;
0.0539224;5.09003;1.70405;
0.0539424;5.088;1.78368;
0.0539624;5.08596;1.86315;
0.0539824;5.08393;1.94246;
0.054;5.08214;2.01212;
0.0540001;5.08213;2.01316;
0.0540003;5.08211;2.01492;
0.0540007;5.08207;2.01681;
0.054001;5.08204;2.01704;
0.0540011;5.08203;2.01638;
0.0540012;5.08201;2.01516;
0.0540016;5.08198;2.01317;
0.0540022;5.08191;2.00998;
0.0540035;5.08178;2.00432;
0.054006;5.08152;1.99314;
0.0540112;5.081;1.97074;
0.0540214;5.07996;1.92601;
0.0540414;5.07793;1.83875;
0.0540614;5.0759;1.75168;
0.0540814;5.07387;1.66477;
0.0541014;5.07184;1.57804;
0.0541214;5.06981;1.49148;
0.0541414;5.06779;1.4051;
0.0541614;5.06576;1.31888;
0.0541814;5.06373;1.23284;
0.0542014;5.06171;1.14697;
0.0542214;5.05968;1.06128;
0.0542414;5.05766;0.975751;
0.0542614;5.05564;0.8904;
0.0542814;5.05362;0.805213;
0.0543014;5.05159;0.720202;
0.0543214;5.04957;0.635356;
0.0543414;5.04755;0.550684;
0.0543614;5.04554;0.466177;
0.0543814;5.04352;0.381842;
0.0544014;5.0415;0.297673;
0.0544214;5.03949;0.213675;
0.0544414;5.03747;0.129842;
0.0544614;5.03546;0.0461791;
0.0544814;5.03344;-0.0373191;
0.0545014;5.03143;-0.120648;
0.0545214;5.02942;-0.203813;
0.0545414;5.0274;-0.286809;
0.0545614;5.02539;-0.369642;
0.0545814;5.02338;-0.452307;
0.0546014;5.02138;-0.534809;
0.0546214;5.01937;-0.617144;
0.0546414;5.01736;-0.699316;
0.0546614;5.01535;-0.781323;
0.0546814;5.01335;-0.863167;
0.0547014;5.01134;-0.944847;
0.0547214;5.00934;-1.02636;
0.0547414;5.00734;-1.10772;
0.0547614;5.00533;-1.18891;
0.0547814;5.00333;-1.26994;
0.0548014;5.00133;-1.35081;
0.0548214;4.99933;-1.43151;
0.0548414;4.99733;-1.51205;
0.0548614;4.99533;-1.59244;
0.0548814;4.99333;-1.67266;
0.0549014;4.99134;-1.75272;
0.0549214;4.98934;-1.83263;
0.0549414;4.98735;-1.91237;
0.0549614;4.98535;-1.99195;
0.0549814;4.98336;-2.07138;
0.055001;4.9814;-2.14906;
0.0550011;4.98139;-2.1501;
0.0550013;4.98137;-2.15187;
0.0550017;4.98134;-2.15375;
0.055002;4.98131;-2.15398;
0.0550021;4.9813;-2.15332;
0.0550022;4.98128;-2.15211;
0.0550026;4.98125;-2.15012;
0.0550032;4.98119;-2.14693;
0.0550045;4.98106;-2.14128;
0.055007;4.9808;-2.13011;
0.0550122;4.98029;-2.10774;
0.0550224;4.97927;-2.06306;
0.0550424;4.97728;-1.97589;
0.0550624;4.97529;-1.88892;
0.0550824;4.9733;-1.80211;
0.0551024;4.97131;-1.71548;
0.0551224;4.96932;-1.62902;
0.0551424;4.96734;-1.54273;
0.0551624;4.96535;-1.45662;
0.0551824;4.96337;-1.37068;
0.0552024;4.96138;-1.2849;
0.0552224;4.9594;-1.19931;
0.0552424;4.95741;-1.11388;
0.0552624;4.95543;-1.02862;
0.0552824;4.95345;-0.943531;
0.0553024;4.95147;-0.858616;
0.0553224;4.94949;-0.773866;
0.0553424;4.94751;-0.68929;
0.0553624;4.94553;-0.604879;
0.0553824;4.94355;-0.52064;
0.0554024;4.94157;-0.436566;
0.0554224;4.9396;-0.352663;
0.0554424;4.93762;-0.268925;
0.0554624;4.93565;-0.185358;
0.0554824;4.93367;-0.101954;
0.0555024;4.9317;-0.0187195;
0.0555224;4.92973;0.0643508;
0.0555424;4.92776;0.147253;
0.0555624;4.92579;0.229992;
0.0555824;4.92382;0.312563;
0.0556024;4.92185;0.394971;
0.0556224;4.91988;0.477213;
0.0556424;4.91791;0.559292;
0.0556624;4.91594;0.641206;
0.0556824;4.91398;0.722957;
0.0557024;4.91201;0.804544;
0.0557224;4.91005;0.885969;
0.0557424;4.90809;0.96723;
0.0557624;4.90612;1.04833;
0.0557824;4.90416;1.12927;
0.0558024;4.9022;1.21004;
0.0558224;4.90024;1.29066;
0.0558424;4.89828;1.37111;
0.0558624;4.89632;1.4514;
0.0558824;4.89436;1.53153;
0.0559024;4.8924;1.6115;
0.0559224;4.89045;1.69132;
0.0559424;4.88849;1.77097;
0.0559624;4.88654;1.85046;
0.0559824;4.88458;1.9298;
0.056;4.88286;1.99948;
0.0560001;4.88285;2.00052;
0.0560003;4.88283;2.00229;
0.0560007;4.8828;2.00417;
0.056001;4.88277;2.0044;
0.0560011;4.88276;2.00374;
0.0560012;4.88274;2.00252;
0.0560016;4.88271;2.00053;
0.0560022;4.88265;1.99734;
0.0560035;4.88252;1.99169;
0.056006;4.88227;1.98051;
0.0560112;4.88177;1.95812;
0.0560214;4.88077;1.9134;
0.0560414;4.87882;1.82616;
0.0560614;4.87687;1.73912;
0.0560814;4.87492;1.65223;
0.0561014;4.87297;1.56553;
0.0561214;4.87102;1.47899;
0.0561414;4.86908;1.39264;
0.0561614;4.86713;1.30644;
0.0561814;4.86518;1.22043;
0.0562014;4.86324;1.13459;
0.0562214;4.86129;1.04892;
0.0562414;4.85935;0.963413;
0.0562614;4.8574;0.878086;
0.0562814;4.85546;0.792924;
0.0563014;4.85352;0.707938;
0.0563214;4.85158;0.623116;
0.0563414;4.84964;0.538469;
0.0563614;4.8477;0.453986;
0.0563814;4.84576;0.369676;
0.0564014;4.84382;0.285531;
0.0564214;4.84188;0.201557;
0.0564414;4.83995;0.117748;
0.0564614;4.83801;0.0341096;
0.0564814;4.83608;-0.0493645;
0.0565014;4.83414;-0.132669;
0.0565214;4.83221;-0.21581;
0.0565414;4.83028;-0.298783;
0.0565614;4.82835;-0.381591;
0.0565814;4.82642;-0.464233;
0.0566014;4.82449;-0.54671;
0.0566214;4.82256;-0.629022;
0.0566414;4.82063;-0.711171;
0.0566614;4.8187;-0.793154;
0.0566814;4.81677;-0.874974;
0.0567014;4.81485;-0.95663;
0.0567214;4.81292;-1.03812;
0.0567414;4.811;-1.11945;
0.0567614;4.80907;-1.20062;
0.0567814;4.80715;-1.28163;
0.0568014;4.80523;-1.36247;
0.0568214;4.8033;-1.44315;
0.0568414;4.80138;-1.52367;
0.0568614;4.79946;-1.60403;
0.0568814;4.79754;-1.68423;
0.0569014;4.79562;-1.76427;
0.0569214;4.79371;-1.84415;
0.0569414;4.79179;-1.92387;
0.0569614;4.78987;-2.00343;
0.0569814;4.78796;-2.08283;
0.057001;4.78608;-2.16049;
0.0570011;4.78607;-2.16154;
0.0570013;4.78605;-2.1633;
0.0570017;4.78601;-2.16518;
0.057002;4.78599;-2.16542;
0.0570021;4.78598;-2.16476;
0.0570022;4.78596;-2.16354;
0.0570026;4.78593;-2.16155;
0.0570032;4.78587;-2.15837;
0.0570045;4.78575;-2.15271;
0.057007;4.7855;-2.14154;
0.0570122;4.78501;-2.11916;
0.0570224;4.78403;-2.07447;
0.0570424;4.78212;-1.98728;
0.0570624;4.78021;-1.90029;
0.0570824;4.7783;-1.81345;
0.0571024;4.77639;-1.7268;
0.0571224;4.77448;-1.64031;
0.0571424;4.77257;-1.55401;
0.0571624;4.77066;-1.46787;
0.0571824;4.76875;-1.38191;
0.0572024;4.76684;-1.29611;
0.0572224;4.76494;-1.21049;
0.0572424;4.76303;-1.12504;
0.0572624;4.76113;-1.03976;
0.0572824;4.75922;-0.954649;
0.0573024;4.75732;-0.869712;
0.0573224;4.75542;-0.78494;
0.0573424;4.75351;-0.700342;
0.0573624;4.75161;-0.615908;
0.0573824;4.74971;-0.531647;
0.0574024;4.74781;-0.447552;
0.0574224;4.74591;-0.363627;
0.0574424;4.74402;-0.279867;
0.0574624;4.74212;-0.196277;
0.0574824;4.74022;-0.112852;
0.0575024;4.73833;-0.0295957;
0.0575224;4.73643;0.0534964;
0.0575424;4.73454;0.13642;
0.0575624;4.73264;0.219181;
0.0575824;4.73075;0.301774;
0.0576024;4.72886;0.384203;
0.0576224;4.72697;0.466467;
0.0576424;4.72508;0.548567;
0.0576624;4.72319;0.630502;
0.0576824;4.7213;0.712275;
0.0577024;4.71941;0.793883;
0.0577224;4.71752;0.875329;
0.0577424;4.71564;0.956612;
0.0577624;4.71375;1.03773;
0.0577824;4.71187;1.11869;
0.0578024;4.70998;1.19949;
0.0578224;4.7081;1.28012;
0.0578424;4.70622;1.3606;
0.0578624;4.70433;1.44091;
0.0578824;4.70245;1.52106;
0.0579024;4.70057;1.60105;
0.0579224;4.69869;1.68089;
0.0579424;4.69681;1.76056;
0.0579624;4.69493;1.84007;
0.0579824;4.69306;1.91943;
0.058;4.6914;1.98913;
0.0580001;4.6914;1.99018;
0.0580003;4.69138;1.99194;
0.0580007;4.69134;1.99382;
0.058001;4.69131;1.99405;
0.0580011;4.6913;1.99339;
0.0580012;4.69129;1.99218;
0.0580016;4.69126;1.99019;
0.0580022;4.6912;1.987;
0.0580035;4.69108;1.98134;
0.058006;4.69084;1.97017;
0.0580112;4.69036;1.94778;
0.0580214;4.6894;1.90307;
0.0580414;4.68752;1.81586;
0.0580614;4.68565;1.72883;
0.0580814;4.68377;1.64197;
0.0581014;4.6819;1.55529;
0.0581214;4.68003;1.46877;
0.0581414;4.67816;1.38243;
0.0581614;4.67629;1.29626;
0.0581814;4.67442;1.21027;
0.0582014;4.67255;1.12444;
0.0582214;4.67068;1.0388;
0.0582414;4.66881;0.953312;
0.0582614;4.66694;0.868005;
0.0582814;4.66508;0.782863;
0.0583014;4.66321;0.697897;
0.0583214;4.66135;0.613095;
0.0583414;4.65948;0.528468;
0.0583614;4.65762;0.444005;
0.0583814;4.65575;0.359715;
0.0584014;4.65389;0.27559;
0.0584214;4.65203;0.191636;
0.0584414;4.65017;0.107847;
0.0584614;4.64831;0.0242281;
0.0584814;4.64645;-0.0592262;
0.0585014;4.64459;-0.142511;
0.0585214;4.64274;-0.225632;
0.0585414;4.64088;-0.308585;
0.0585614;4.63902;-0.391374;
0.0585814;4.63717;-0.473996;
0.0586014;4.63531;-0.556455;
0.0586214;4.63346;-0.638747;
0.0586414;4.63161;-0.720876;
0.0586614;4.62976;-0.802839;
0.0586814;4.6279;-0.88464;
0.0587014;4.62605;-0.966277;
0.0587214;4.6242;-1.04775;
0.0587414;4.62235;-1.12906;
0.0587614;4.62051;-1.21021;
0.0587814;4.61866;-1.2912;
0.0588014;4.61681;-1.37202;
0.0588214;4.61496;-1.45269;
0.0588414;4.61312;-1.53319;
0.0588614;4.61127;-1.61353;
0.0588814;4.60943;-1.69371;
0.0589014;4.60759;-1.77373;
0.0589214;4.60574;-1.85359;
0.0589414;4.6039;-1.93329;
0.0589614;4.60206;-2.01283;
0.0589814;4.60022;-2.09222;
0.059001;4.59842;-2.16986;
0.0590011;4.59841;-2.1709;
0.0590013;4.59839;-2.17266;
0.0590017;4.59835;-2.17455;
0.059002;4.59832;-2.17478;
0.0590021;4.59832;-2.17412;
0.0590022;4.5983;-2.1729;
0.0590026;4.59827;-2.17091;
0.0590032;4.59821;-2.16773;
0.0590045;4.5981;-2.16207;
0.059007;4.59786;-2.1509;
0.0590122;4.59739;-2.12851;
0.0590224;4.59645;-2.08381;
0.0590424;4.59461;-1.99661;
0.0590624;4.59277;-1.90959;
0.0590824;4.59094;-1.82274;
0.0591024;4.5891;-1.73607;
0.0591224;4.58727;-1.64956;
0.0591424;4.58543;-1.56324;
0.0591624;4.5836;-1.47708;
0.0591824;4.58176;-1.3911;
0.0592024;4.57993;-1.30529;
0.0592224;4.5781;-1.21965;
0.0592424;4.57627;-1.13418;
0.0592624;4.57444;-1.04888;
0.0592824;4.57261;-0.963751;
0.0593024;4.57078;-0.878796;
0.0593224;4.56895;-0.794006;
0.0593424;4.56713;-0.70939;
0.0593624;4.5653;-0.624938;
0.0593824;4.56347;-0.54066;
0.0594024;4.56165;-0.456546;
0.0594224;4.55982;-0.372603;
0.0594424;4.558;-0.288825;
0.0594624;4.55618;-0.205217;
0.0594824;4.55436;-0.121774;
0.0595024;4.55253;-0.0385002;
0.0595224;4.55071;0.0446097;
0.0595424;4.54889;0.127551;
0.0595624;4.54707;0.210329;
0.0595824;4.54526;0.29294;
0.0596024;4.54344;0.375387;
0.0596224;4.54162;0.457669;
0.0596424;4.53981;0.539787;
0.0596624;4.53799;0.621739;
0.0596824;4.53617;0.703529;
0.0597024;4.53436;0.785155;
0.0597224;4.53255;0.866619;
0.0597424;4.53073;0.947918;
0.0597624;4.52892;1.02906;
0.0597824;4.52711;1.11003;
0.0598024;4.5253;1.19085;
0.0598224;4.52349;1.2715;
0.0598424;4.52168;1.35199;
0.0598624;4.51987;1.43232;
0.0598824;4.51807;1.51249;
0.0599024;4.51626;1.5925;
0.0599224;4.51445;1.67235;
0.0599424;4.51265;1.75204;
0.0599624;4.51084;1.83157;
0.0599824;4.50904;1.91094;
0.06;4.50745;1.98066;
0.0600001;4.50744;1.9817;
0.0600003;4.50743;1.98347;
0.0600007;4.50739;1.98535;
0.060001;4.50736;1.98558;
0.0600011;4.50736;1.98492;
0.0600012;4.50734;1.9837;
0.0600016;4.50731;1.98172;
0.0600022;4.50725;1.97853;
0.0600035;4.50714;1.97287;
0.060006;4.50691;1.9617;
0.0600112;4.50645;1.93932;
0.0600214;4.50552;1.89462;
0.0600414;4.50372;1.80742;
0.0600614;4.50192;1.72041;
0.0600814;4.50012;1.63356;
0.0601014;4.49832;1.5469;
0.0601214;4.49652;1.4604;
0.0601414;4.49472;1.37408;
0.0601614;4.49293;1.28792;
0.0601814;4.49113;1.20195;
0.0602014;4.48933;1.11614;
0.0602214;4.48754;1.03051;
0.0602414;4.48574;0.945042;
0.0602614;4.48395;0.859752;
0.0602814;4.48216;0.774626;
0.0603014;4.48036;0.689676;
0.0603214;4.47857;0.604891;
0.0603414;4.47678;0.52028;
0.0603614;4.47499;0.435834;
0.0603814;4.4732;0.35156;
0.0604014;4.47141;0.267451;
0.0604214;4.46962;0.183513;
0.0604414;4.46784;0.0997406;
0.0604614;4.46605;0.0161379;
0.0604814;4.46426;-0.0673002;
0.0605014;4.46248;-0.150569;
0.0605214;4.46069;-0.233674;
0.0605414;4.45891;-0.316611;
0.0605614;4.45713;-0.399384;
0.0605814;4.45534;-0.48199;
0.0606014;4.45356;-0.564432;
0.0606214;4.45178;-0.646708;
0.0606414;4.45;-0.728822;
0.0606614;4.44822;-0.810769;
0.0606814;4.44644;-0.892555;
0.0607014;4.44466;-0.974175;
0.0607214;4.44289;-1.05563;
0.0607414;4.44111;-1.13693;
0.0607614;4.43933;-1.21806;
0.0607814;4.43756;-1.29903;
0.0608014;4.43578;-1.37984;
0.0608214;4.43401;-1.46049;
0.0608414;4.43224;-1.54098;
0.0608614;4.43046;-1.6213;
0.0608814;4.42869;-1.70147;
0.0609014;4.42692;-1.78147;
0.0609214;4.42515;-1.86132;
0.0609414;4.42338;-1.941;
0.0609614;4.42161;-2.02053;
0.0609814;4.41984;-2.0999;
0.061001;4.41811;-2.17752;
0.0610011;4.4181;-2.17857;
0.0610013;4.41808;-2.18033;
0.0610017;4.41805;-2.18221;
0.061002;4.41802;-2.18244;
0.0610021;4.41802;-2.18178;
0.0610022;4.418;-2.18057;
0.0610026;4.41797;-2.17858;
0.0610032;4.41792;-2.17539;
0.0610045;4.4178;-2.16973;
0.061007;4.41758;-2.15856;
0.0610122;4.41712;-2.13617;
0.0610224;4.41622;-2.09146;
0.0610424;4.41445;-2.00424;
0.0610624;4.41269;-1.91721;
0.0610824;4.41092;-1.83034;
0.0611024;4.40916;-1.74366;
0.0611224;4.4074;-1.65714;
0.0611424;4.40563;-1.5708;
0.0611624;4.40387;-1.48462;
0.0611824;4.40211;-1.39863;
0.0612024;4.40035;-1.3128;
0.0612224;4.39859;-1.22715;
0.0612424;4.39683;-1.14166;
0.0612624;4.39507;-1.05635;
0.0612824;4.39332;-0.971204;
0.0613024;4.39156;-0.886234;
0.0613224;4.3898;-0.801429;
0.0613424;4.38805;-0.716798;
0.0613624;4.38629;-0.632331;
0.0613824;4.38454;-0.548038;
0.0614024;4.38278;-0.463909;
0.0614224;4.38103;-0.379952;
0.0614424;4.37928;-0.296159;
0.0614624;4.37753;-0.212537;
0.0614824;4.37578;-0.129079;
0.0615024;4.37403;-0.0457904;
0.0615224;4.37228;0.037334;
0.0615424;4.37053;0.12029;
0.0615624;4.36878;0.203083;
0.0615824;4.36703;0.285708;
0.0616024;4.36529;0.36817;
0.0616224;4.36354;0.450465;
0.0616424;4.3618;0.532598;
0.0616624;4.36005;0.614565;
0.0616824;4.35831;0.696369;
0.0617024;4.35657;0.778009;
0.0617224;4.35482;0.859487;
0.0617424;4.35308;0.940801;
0.0617624;4.35134;1.02195;
0.0617824;4.3496;1.10294;
0.0618024;4.34786;1.18377;
0.0618224;4.34612;1.26444;
0.0618424;4.34439;1.34494;
0.0618624;4.34265;1.42529;
0.0618824;4.34091;1.50547;
0.0619024;4.33917;1.58549;
0.0619224;4.33744;1.66536;
0.0619424;4.3357;1.74506;
0.0619624;4.33397;1.82461;
0.0619824;4.33224;1.90399;
0.062;4.33071;1.97372;
0.0620001;4.3307;1.97477;
0.0620003;4.33069;1.97653;
0.0620007;4.33065;1.97841;
0.062001;4.33063;1.97864;
0.0620011;4.33062;1.97798;
0.0620012;4.33061;1.97677;
0.0620016;4.33058;1.97478;
0.0620022;4.33052;1.97159;
0.0620035;4.33041;1.96594;
0.062006;4.33019;1.95477;
0.0620112;4.32975;1.93239;
0.0620214;4.32886;1.8877;
0.0620414;4.32713;1.80051;
0.0620614;4.3254;1.71352;
0.0620814;4.32367;1.62668;
0.0621014;4.32194;1.54003;
0.0621214;4.32021;1.45354;
0.0621414;4.31848;1.36724;
0.0621614;4.31676;1.2811;
0.0621814;4.31503;1.19514;
0.0622014;4.3133;1.10934;
0.0622214;4.31158;1.02372;
0.0622414;4.30985;0.938271;
0.0622614;4.30813;0.852994;
0.0622814;4.30641;0.767883;
0.0623014;4.30469;0.682946;
0.0623214;4.30296;0.598174;
0.0623414;4.30124;0.513576;
0.0623614;4.29952;0.429144;
0.0623814;4.2978;0.344883;
0.0624014;4.29609;0.260788;
0.0624214;4.29437;0.176863;
0.0624414;4.29265;0.0931038;
0.0624614;4.29093;0.00951438;
0.0624814;4.28922;-0.0739106;
0.0625014;4.2875;-0.157166;
0.0625214;4.28579;-0.240258;
0.0625414;4.28407;-0.323182;
0.0625614;4.28236;-0.405942;
0.0625814;4.28065;-0.488534;
0.0626014;4.27894;-0.570964;
0.0626214;4.27722;-0.653227;
0.0626414;4.27551;-0.735327;
0.0626614;4.2738;-0.817262;
0.0626814;4.27209;-0.899034;
0.0627014;4.27039;-0.980642;
0.0627214;4.26868;-1.06209;
0.0627414;4.26697;-1.14337;
0.0627614;4.26526;-1.22449;
0.0627814;4.26356;-1.30545;
0.0628014;4.26185;-1.38624;
0.0628214;4.26015;-1.46688;
0.0628414;4.25845;-1.54735;
0.0628614;4.25674;-1.62767;
0.0628814;4.25504;-1.70782;
0.0629014;4.25334;-1.78781;
0.0629214;4.25164;-1.86764;
0.0629414;4.24994;-1.94731;
0.0629614;4.24824;-2.02683;
0.0629814;4.24654;-2.10618;
0.063001;4.24487;-2.1838;
0.0630011;4.24487;-2.18484;
0.0630013;4.24485;-2.1866;
0.0630017;4.24482;-2.18848;
0.063002;4.24479;-2.18872;
0.0630021;4.24478;-2.18806;
0.0630022;4.24477;-2.18684;
0.0630026;4.24474;-2.18485;
0.0630032;4.24469;-2.18166;
0.0630045;4.24458;-2.17601;
0.063007;4.24436;-2.16483;
0.0630122;4.24393;-2.14244;
0.0630224;4.24306;-2.09772;
0.0630424;4.24136;-2.01049;
0.0630624;4.23967;-1.92345;
0.0630824;4.23797;-1.83657;
0.0631024;4.23627;-1.74987;
0.0631224;4.23458;-1.66334;
0.0631424;4.23289;-1.57699;
0.0631624;4.23119;-1.4908;
0.0631824;4.2295;-1.40479;
0.0632024;4.22781;-1.31895;
0.0632224;4.22612;-1.23328;
0.0632424;4.22443;-1.14779;
0.0632624;4.22274;-1.06246;
0.0632824;4.22105;-0.977305;
0.0633024;4.21936;-0.892323;
0.0633224;4.21768;-0.807506;
0.0633424;4.21599;-0.722862;
0.0633624;4.2143;-0.638384;
0.0633824;4.21262;-0.554079;
0.0634024;4.21093;-0.469938;
0.0634224;4.20925;-0.385968;
0.0634424;4.20757;-0.302164;
0.0634624;4.20588;-0.21853;
0.0634824;4.2042;-0.13506;
0.0635024;4.20252;-0.0517591;
0.0635224;4.20084;0.0313772;
0.0635424;4.19916;0.114345;
0.0635624;4.19748;0.19715;
0.0635824;4.1958;0.279787;
0.0636024;4.19412;0.362261;
0.0636224;4.19245;0.444568;
0.0636424;4.19077;0.526712;
0.0636624;4.18909;0.608691;
0.0636824;4.18742;0.690507;
0.0637024;4.18574;0.772159;
0.0637224;4.18407;0.853648;
0.0637424;4.1824;0.934974;
0.0637624;4.18072;1.01614;
0.0637824;4.17905;1.09714;
0.0638024;4.17738;1.17798;
0.0638224;4.17571;1.25866;
0.0638424;4.17404;1.33917;
0.0638624;4.17237;1.41953;
0.0638824;4.1707;1.49973;
0.0639024;4.16903;1.57976;
0.0639224;4.16737;1.65964;
0.0639424;4.1657;1.73935;
0.0639624;4.16403;1.81891;
0.0639824;4.16237;1.89831;
0.064;4.1609;1.96804;
0.0640001;4.1609;1.96909;
0.0640003;4.16088;1.97085;
0.0640007;4.16085;1.97273;
0.064001;4.16082;1.97297;
0.0640011;4.16081;1.97231;
0.0640012;4.1608;1.97109;
0.0640016;4.16077;1.9691;
0.0640022;4.16072;1.96592;
0.0640035;4.16061;1.96026;
0.064006;4.1604;1.94909;
0.0640112;4.15998;1.92672;
0.0640214;4.15912;1.88203;
0.0640414;4.15746;1.79486;
0.0640614;4.1558;1.70787;
0.0640814;4.15414;1.62105;
0.0641014;4.15247;1.53441;
0.0641214;4.15081;1.44793;
0.0641414;4.14915;1.36164;
0.0641614;4.14749;1.27551;
0.0641814;4.14584;1.18956;
0.0642014;4.14418;1.10378;
0.0642214;4.14252;1.01817;
0.0642414;4.14086;0.932728;
0.0642614;4.13921;0.847462;
0.0642814;4.13755;0.762361;
0.0643014;4.1359;0.677436;
0.0643214;4.13424;0.592675;
0.0643414;4.13259;0.508088;
0.0643614;4.13094;0.423666;
0.0643814;4.12929;0.339417;
0.0644014;4.12763;0.255332;
0.0644214;4.12598;0.171419;
0.0644414;4.12433;0.0876701;
0.0644614;4.12268;0.00409157;
0.0644814;4.12103;-0.0793225;
0.0645014;4.11939;-0.162568;
0.0645214;4.11774;-0.245649;
0.0645414;4.11609;-0.328561;
0.0645614;4.11445;-0.411311;
0.0645814;4.1128;-0.493893;
0.0646014;4.11116;-0.576311;
0.0646214;4.10951;-0.658564;
0.0646414;4.10787;-0.740653;
0.0646614;4.10623;-0.822577;
0.0646814;4.10458;-0.904339;
0.0647014;4.10294;-0.985936;
0.0647214;4.1013;-1.06737;
0.0647414;4.09966;-1.14864;
0.0647614;4.09802;-1.22975;
0.0647814;4.09638;-1.3107;
0.0648014;4.09474;-1.39149;
0.0648214;4.09311;-1.47211;
0.0648414;4.09147;-1.55257;
0.0648614;4.08983;-1.63288;
0.0648814;4.0882;-1.71302;
0.0649014;4.08656;-1.793;
0.0649214;4.08493;-1.87282;
0.0649414;4.0833;-1.95248;
0.0649614;4.08166;-2.03199;
0.0649814;4.08003;-2.11133;
0.065001;4.07843;-2.18894;
0.0650011;4.07842;-2.18998;
0.0650013;4.07841;-2.19174;
0.0650017;4.07837;-2.19362;
0.065002;4.07835;-2.19385;
0.0650021;4.07834;-2.19319;
0.0650022;4.07833;-2.19198;
0.0650026;4.0783;-2.18999;
0.0650032;4.07825;-2.1868;
0.0650045;4.07815;-2.18114;
0.065007;4.07794;-2.16996;
0.0650122;4.07752;-2.14757;
0.0650224;4.07669;-2.10285;
0.0650424;4.07506;-2.01561;
0.0650624;4.07343;-1.92855;
0.0650824;4.0718;-1.84166;
0.0651024;4.07017;-1.75496;
0.0651224;4.06854;-1.66841;
0.0651424;4.06691;-1.58205;
0.0651624;4.06529;-1.49585;
0.0651824;4.06366;-1.40984;
0.0652024;4.06204;-1.32398;
0.0652224;4.06041;-1.23831;
0.0652424;4.05879;-1.1528;
0.0652624;4.05716;-1.06747;
0.0652824;4.05554;-0.982301;
0.0653024;4.05392;-0.897308;
0.0653224;4.0523;-0.812481;
0.0653424;4.05068;-0.727828;
0.0653624;4.04906;-0.64334;
0.0653824;4.04744;-0.559024;
0.0654024;4.04582;-0.474874;
0.0654224;4.0442;-0.390894;
0.0654424;4.04259;-0.30708;
0.0654624;4.04097;-0.223436;
0.0654824;4.03935;-0.139956;
0.0655024;4.03774;-0.0566458;
0.0655224;4.03612;0.0265004;
0.0655424;4.03451;0.109478;
0.0655624;4.03289;0.192292;
0.0655824;4.03128;0.274939;
0.0656024;4.02967;0.357422;
0.0656224;4.02806;0.439739;
0.0656424;4.02645;0.521893;
0.0656624;4.02484;0.603882;
0.0656824;4.02323;0.685708;
0.0657024;4.02162;0.767369;
0.0657224;4.02001;0.848868;
0.0657424;4.0184;0.930203;
0.0657624;4.0168;1.01138;
0.0657824;4.01519;1.09239;
0.0658024;4.01358;1.17324;
0.0658224;4.01198;1.25392;
0.0658424;4.01037;1.33445;
0.0658624;4.00877;1.41482;
0.0658824;4.00717;1.49502;
0.0659024;4.00556;1.57507;
0.0659224;4.00396;1.65495;
0.0659424;4.00236;1.73467;
0.0659624;4.00076;1.81424;
0.0659824;3.99916;1.89365;
0.066;3.99775;1.96339;
0.0660001;3.99774;1.96444;
0.0660003;3.99773;1.9662;
0.0660007;3.9977;1.96808;
0.066001;3.99767;1.96832;
0.0660011;3.99767;1.96766;
0.0660012;3.99765;1.96644;
0.0660016;3.99763;1.96445;
0.0660022;3.99758;1.96127;
0.0660035;3.99747;1.95561;
0.066006;3.99727;1.94445;
0.0660112;3.99686;1.92207;
0.0660214;3.99604;1.87739;
0.0660414;3.99444;1.79023;
0.0660614;3.99285;1.70325;
0.0660814;3.99125;1.61644;
0.0661014;3.98965;1.52981;
0.0661214;3.98806;1.44334;
0.0661414;3.98646;1.35706;
0.0661614;3.98487;1.27094;
0.0661814;3.98328;1.185;
0.0662014;3.98168;1.09922;
0.0662214;3.98009;1.01362;
0.0662414;3.9785;0.928189;
0.0662614;3.97691;0.842933;
0.0662814;3.97532;0.757841;
0.0663014;3.97373;0.672924;
0.0663214;3.97214;0.588173;
0.0663414;3.97055;0.503595;
0.0663614;3.96896;0.419182;
0.0663814;3.96737;0.334941;
0.0664014;3.96579;0.250866;
0.0664214;3.9642;0.166961;
0.0664414;3.96262;0.0832215;
0.0664614;3.96103;-0.000348174;
0.0664814;3.95945;-0.0837534;
0.0665014;3.95786;-0.16699;
0.0665214;3.95628;-0.250062;
0.0665414;3.9547;-0.332966;
0.0665614;3.95312;-0.415706;
0.0665814;3.95154;-0.498279;
0.0666014;3.94996;-0.580689;
0.0666214;3.94838;-0.662933;
0.0666414;3.9468;-0.745014;
0.0666614;3.94522;-0.826929;
0.0666814;3.94364;-0.908682;
0.0667014;3.94206;-0.99027;
0.0667214;3.94049;-1.0717;
0.0667414;3.93891;-1.15296;
0.0667614;3.93734;-1.23406;
0.0667814;3.93576;-1.315;
0.0668014;3.93419;-1.39578;
0.0668214;3.93261;-1.47639;
0.0668414;3.93104;-1.55685;
0.0668614;3.92947;-1.63714;
0.0668814;3.9279;-1.71727;
0.0669014;3.92633;-1.79725;
0.0669214;3.92476;-1.87706;
0.0669414;3.92319;-1.95672;
0.0669614;3.92162;-2.03621;
0.0669814;3.92005;-2.11555;
0.067001;3.91851;-2.19314;
0.0670011;3.91851;-2.19419;
0.0670013;3.91849;-2.19595;
0.0670017;3.91846;-2.19783;
0.067002;3.91844;-2.19806;
0.0670021;3.91843;-2.1974;
0.0670022;3.91842;-2.19618;
0.0670026;3.91839;-2.1942;
0.0670032;3.91834;-2.19101;
0.0670045;3.91824;-2.18535;
0.067007;3.91804;-2.17417;
0.0670122;3.91764;-2.15177;
0.0670224;3.91684;-2.10704;
0.0670424;3.91527;-2.0198;
0.0670624;3.9137;-1.93273;
0.0670824;3.91214;-1.84583;
0.0671024;3.91057;-1.75912;
0.0671224;3.90901;-1.67257;
0.0671424;3.90745;-1.5862;
0.0671624;3.90589;-1.49999;
0.0671824;3.90432;-1.41397;
0.0672024;3.90276;-1.32811;
0.0672224;3.9012;-1.24242;
0.0672424;3.89964;-1.15691;
0.0672624;3.89808;-1.07157;
0.0672824;3.89652;-0.98639;
0.0673024;3.89496;-0.90139;
0.0673224;3.89341;-0.816555;
0.0673424;3.89185;-0.731893;
0.0673624;3.89029;-0.647397;
0.0673824;3.88874;-0.563073;
0.0674024;3.88718;-0.478915;
0.0674224;3.88563;-0.394927;
0.0674424;3.88407;-0.311105;
0.0674624;3.88252;-0.227453;
0.0674824;3.88097;-0.143965;
0.0675024;3.87942;-0.0606465;
0.0675224;3.87786;0.0225076;
0.0675424;3.87631;0.105494;
0.0675624;3.87476;0.188316;
0.0675824;3.87321;0.27097;
0.0676024;3.87166;0.353462;
0.0676224;3.87012;0.435786;
0.0676424;3.86857;0.517948;
0.0676624;3.86702;0.599945;
0.0676824;3.86547;0.681778;
0.0677024;3.86393;0.763447;
0.0677224;3.86238;0.844954;
0.0677424;3.86084;0.926297;
0.0677624;3.85929;1.00748;
0.0677824;3.85775;1.0885;
0.0678024;3.85621;1.16935;
0.0678224;3.85467;1.25005;
0.0678424;3.85312;1.33058;
0.0678624;3.85158;1.41096;
0.0678824;3.85004;1.49117;
0.0679024;3.8485;1.57122;
0.0679224;3.84696;1.65111;
0.0679424;3.84543;1.73085;
0.0679624;3.84389;1.81042;
0.0679824;3.84235;1.88983;
0.068;3.841;1.95959;
0.0680001;3.84099;1.96063;
0.0680003;3.84098;1.96239;
0.0680007;3.84095;1.96428;
0.068001;3.84092;1.96451;
0.0680011;3.84092;1.96385;
0.0680012;3.8409;1.96264;
0.0680016;3.84088;1.96065;
0.0680022;3.84083;1.95746;
0.0680035;3.84073;1.95181;
0.068006;3.84053;1.94064;
0.0680112;3.84014;1.91827;
0.0680214;3.83936;1.87359;
0.0680414;3.83782;1.78644;
0.0680614;3.83629;1.69947;
0.0680814;3.83475;1.61266;
0.0681014;3.83322;1.52604;
0.0681214;3.83168;1.43958;
0.0681414;3.83015;1.3533;
0.0681614;3.82862;1.26719;
0.0681814;3.82709;1.18126;
0.0682014;3.82556;1.09549;
0.0682214;3.82403;1.0099;
0.0682414;3.8225;0.924473;
0.0682614;3.82097;0.839224;
0.0682814;3.81944;0.75414;
0.0683014;3.81792;0.669231;
0.0683214;3.81639;0.584487;
0.0683414;3.81486;0.499916;
0.0683614;3.81334;0.41551;
0.0683814;3.81181;0.331277;
0.0684014;3.81029;0.247209;
0.0684214;3.80876;0.163312;
0.0684414;3.80724;0.0795793;
0.0684614;3.80572;-0.00398307;
0.0684814;3.8042;-0.087381;
0.0685014;3.80267;-0.17061;
0.0685214;3.80115;-0.253675;
0.0685414;3.79963;-0.336572;
0.0685614;3.79811;-0.419305;
0.0685814;3.79659;-0.501871;
0.0686014;3.79508;-0.584273;
0.0686214;3.79356;-0.66651;
0.0686414;3.79204;-0.748584;
0.0686614;3.79052;-0.830492;
0.0686814;3.78901;-0.912238;
0.0687014;3.78749;-0.993819;
0.0687214;3.78598;-1.07524;
0.0687414;3.78446;-1.15649;
0.0687614;3.78295;-1.23759;
0.0687814;3.78144;-1.31852;
0.0688014;3.77993;-1.39929;
0.0688214;3.77841;-1.4799;
0.0688414;3.7769;-1.56035;
0.0688614;3.77539;-1.64063;
0.0688814;3.77388;-1.72076;
0.0689014;3.77237;-1.80073;
0.0689214;3.77087;-1.88053;
0.0689414;3.76936;-1.96018;
0.0689614;3.76785;-2.03967;
0.0689814;3.76634;-2.119;
0.069001;3.76487;-2.19659;
0.0690011;3.76486;-2.19763;
0.0690013;3.76484;-2.19939;
0.0690017;3.76481;-2.20127;
0.069002;3.76479;-2.2015;
0.0690021;3.76479;-2.20084;
0.0690022;3.76477;-2.19963;
0.0690026;3.76475;-2.19764;
0.0690032;3.7647;-2.19445;
0.0690045;3.7646;-2.18879;
0.069007;3.76441;-2.17761;
0.0690122;3.76403;-2.15521;
0.0690224;3.76326;-2.11048;
0.0690424;3.76175;-2.02323;
0.0690624;3.76025;-1.93616;
0.0690824;3.75874;-1.84925;
0.0691024;3.75724;-1.76253;
0.0691224;3.75574;-1.67597;
0.0691424;3.75423;-1.58959;
0.0691624;3.75273;-1.50338;
0.0691824;3.75123;-1.41735;
0.0692024;3.74973;-1.33148;
0.0692224;3.74823;-1.24579;
0.0692424;3.74673;-1.16027;
0.0692624;3.74524;-1.07492;
0.0692824;3.74374;-0.989739;
0.0693024;3.74224;-0.904732;
0.0693224;3.74074;-0.81989;
0.0693424;3.73925;-0.735222;
0.0693624;3.73775;-0.650719;
0.0693824;3.73626;-0.566388;
0.0694024;3.73476;-0.482223;
0.0694224;3.73327;-0.398229;
0.0694424;3.73178;-0.3144;
0.0694624;3.73028;-0.230741;
0.0694824;3.72879;-0.147247;
0.0695024;3.7273;-0.063922;
0.0695224;3.72581;0.0192386;
0.0695424;3.72432;0.102231;
0.0695624;3.72283;0.18506;
0.0695824;3.72134;0.267721;
0.0696024;3.71985;0.350219;
0.0696224;3.71837;0.43255;
0.0696424;3.71688;0.514718;
0.0696624;3.71539;0.596721;
0.0696824;3.71391;0.678561;
0.0697024;3.71242;0.760237;
0.0697224;3.71094;0.84175;
0.0697424;3.70945;0.923099;
0.0697624;3.70797;1.00429;
0.0697824;3.70649;1.08531;
0.0698024;3.705;1.16618;
0.0698224;3.70352;1.24688;
0.0698424;3.70204;1.32742;
0.0698624;3.70056;1.4078;
0.0698824;3.69908;1.48802;
0.0699024;3.6976;1.56807;
0.0699224;3.69612;1.64797;
0.0699424;3.69465;1.72771;
0.0699624;3.69317;1.80729;
0.0699824;3.69169;1.88671;
0.07;3.69039;1.95647;
0.0700001;3.69038;1.95752;
0.0700003;3.69037;1.95928;
0.0700007;3.69034;1.96116;
0.070001;3.69032;1.96139;
0.0700011;3.69031;1.96073;
0.0700012;3.6903;1.95952;
0.0700016;3.69028;1.95753;
0.0700022;3.69023;1.95435;
0.0700035;3.69013;1.94869;
0.070006;3.68995;1.93753;
0.0700112;3.68957;1.91516;
0.0700214;3.68881;1.87048;
0.0700414;3.68734;1.78333;
0.0700614;3.68586;1.69637;
0.0700814;3.68439;1.60957;
0.0701014;3.68291;1.52295;
0.0701214;3.68144;1.4365;
0.0701414;3.67997;1.35023;
0.0701614;3.6785;1.26412;
0.0701814;3.67703;1.1782;
0.0702014;3.67556;1.09244;
0.0702214;3.67409;1.00685;
0.0702414;3.67262;0.921431;
0.0702614;3.67115;0.836188;
0.0702814;3.66968;0.75111;
0.0703014;3.66821;0.666207;
0.0703214;3.66675;0.581469;
0.0703414;3.66528;0.496904;
0.0703614;3.66381;0.412505;
0.0703814;3.66235;0.328277;
0.0704014;3.66088;0.244215;
0.0704214;3.65942;0.160324;
0.0704414;3.65796;0.0765974;
0.0704614;3.65649;-0.00695902;
0.0704814;3.65503;-0.090351;
0.0705014;3.65357;-0.173574;
0.0705214;3.65211;-0.256633;
0.0705414;3.65065;-0.339524;
0.0705614;3.64919;-0.422251;
0.0705814;3.64773;-0.504811;
0.0706014;3.64627;-0.587208;
0.0706214;3.64481;-0.669439;
0.0706414;3.64335;-0.751506;
0.0706614;3.6419;-0.833409;
0.0706814;3.64044;-0.915149;
0.0707014;3.63898;-0.996724;
0.0707214;3.63753;-1.07814;
0.0707414;3.63607;-1.15939;
0.0707614;3.63462;-1.24048;
0.0707814;3.63317;-1.3214;
0.0708014;3.63171;-1.40217;
0.0708214;3.63026;-1.48277;
0.0708414;3.62881;-1.56321;
0.0708614;3.62736;-1.64349;
0.0708814;3.62591;-1.72361;
0.0709014;3.62446;-1.80357;
0.0709214;3.62301;-1.88337;
0.0709414;3.62156;-1.96302;
0.0709614;3.62011;-2.0425;
0.0709814;3.61866;-2.12182;
0.071001;3.61724;-2.19941;
0.0710011;3.61724;-2.20045;
0.0710013;3.61722;-2.20221;
0.0710017;3.61719;-2.20409;
0.071002;3.61717;-2.20432;
0.0710021;3.61717;-2.20366;
0.0710022;3.61715;-2.20245;
0.0710026;3.61713;-2.20046;
0.0710032;3.61709;-2.19727;
0.0710045;3.61699;-2.19161;
0.071007;3.61681;-2.18043;
0.0710122;3.61644;-2.15803;
0.0710224;3.6157;-2.11329;
0.0710424;3.61425;-2.02603;
0.0710624;3.61281;-1.93896;
0.0710824;3.61136;-1.85205;
0.0711024;3.60992;-1.76532;
0.0711224;3.60847;-1.67876;
0.0711424;3.60703;-1.59237;
0.0711624;3.60559;-1.50616;
0.0711824;3.60415;-1.42012;
0.0712024;3.6027;-1.33425;
0.0712224;3.60126;-1.24855;
0.0712424;3.59982;-1.16302;
0.0712624;3.59838;-1.07767;
0.0712824;3.59694;-0.99248;
0.0713024;3.59551;-0.907467;
0.0713224;3.59407;-0.82262;
0.0713424;3.59263;-0.737947;
0.0713624;3.59119;-0.653438;
0.0713824;3.58976;-0.569102;
0.0714024;3.58832;-0.484932;
0.0714224;3.58689;-0.400932;
0.0714424;3.58545;-0.317098;
0.0714624;3.58402;-0.233434;
0.0714824;3.58258;-0.149934;
0.0715024;3.58115;-0.0666037;
0.0715224;3.57972;0.0165623;
0.0715424;3.57829;0.0995601;
0.0715624;3.57686;0.182394;
0.0715824;3.57543;0.265061;
0.0716024;3.574;0.347564;
0.0716224;3.57257;0.4299;
0.0716424;3.57114;0.512074;
0.0716624;3.56971;0.594082;
0.0716824;3.56828;0.675927;
0.0717024;3.56686;0.757608;
0.0717224;3.56543;0.839127;
0.0717424;3.564;0.920481;
0.0717624;3.56258;1.00167;
0.0717824;3.56115;1.0827;
0.0718024;3.55973;1.16357;
0.0718224;3.55831;1.24428;
0.0718424;3.55688;1.32483;
0.0718624;3.55546;1.40521;
0.0718824;3.55404;1.48543;
0.0719024;3.55262;1.5655;
0.0719224;3.5512;1.6454;
0.0719424;3.54978;1.72515;
0.0719624;3.54836;1.80473;
0.0719824;3.54694;1.88416;
0.072;3.54569;1.95392;
0.0720001;3.54568;1.95496;
0.0720003;3.54567;1.95673;
0.0720007;3.54564;1.95861;
0.072001;3.54562;1.95884;
0.0720011;3.54561;1.95818;
0.0720012;3.5456;1.95697;
0.0720016;3.54558;1.95498;
0.0720022;3.54553;1.9518;
0.0720035;3.54544;1.94614;
0.072006;3.54526;1.93498;
0.0720112;3.5449;1.91261;
0.0720214;3.54417;1.86794;
0.0720414;3.54275;1.78079;
0.0720614;3.54134;1.69383;
0.0720814;3.53992;1.60704;
0.0721014;3.53851;1.52043;
0.0721214;3.53709;1.43398;
0.0721414;3.53568;1.34772;
0.0721614;3.53426;1.26161;
0.0721814;3.53285;1.17569;
0.0722014;3.53144;1.08993;
0.0722214;3.53002;1.00436;
0.0722414;3.52861;0.91894;
0.0722614;3.5272;0.833702;
0.0722814;3.52579;0.748629;
0.0723014;3.52438;0.663731;
0.0723214;3.52297;0.578998;
0.0723414;3.52156;0.494438;
0.0723614;3.52015;0.410044;
0.0723814;3.51875;0.325821;
0.0724014;3.51734;0.241764;
0.0724214;3.51593;0.157878;
0.0724414;3.51453;0.0741561;
0.0724614;3.51312;-0.00939548;
0.0724814;3.51172;-0.0927826;
0.0725014;3.51031;-0.176001;
0.0725214;3.50891;-0.259055;
0.0725414;3.5075;-0.341941;
0.0725614;3.5061;-0.424663;
0.0725814;3.5047;-0.507219;
0.0726014;3.5033;-0.589611;
0.0726214;3.5019;-0.671837;
0.0726414;3.5005;-0.753899;
0.0726614;3.4991;-0.835797;
0.0726814;3.4977;-0.917532;
0.0727014;3.4963;-0.999103;
0.0727214;3.4949;-1.08051;
0.0727414;3.4935;-1.16176;
0.0727614;3.4921;-1.24284;
0.0727814;3.49071;-1.32376;
0.0728014;3.48931;-1.40452;
0.0728214;3.48792;-1.48512;
0.0728414;3.48652;-1.56556;
0.0728614;3.48513;-1.64583;
0.0728814;3.48373;-1.72595;
0.0729014;3.48234;-1.80591;
0.0729214;3.48095;-1.8857;
0.0729414;3.47956;-1.96534;
0.0729614;3.47816;-2.04482;
0.0729814;3.47677;-2.12413;
0.073001;3.47541;-2.20171;
0.0730011;3.4754;-2.20276;
0.0730013;3.47539;-2.20452;
0.0730017;3.47536;-2.2064;
0.073002;3.47534;-2.20663;
0.0730021;3.47534;-2.20597;
0.0730022;3.47532;-2.20475;
0.0730026;3.4753;-2.20277;
0.0730032;3.47526;-2.19958;
0.0730045;3.47517;-2.19392;
0.073007;3.47499;-2.18273;
0.0730122;3.47464;-2.16033;
0.0730224;3.47392;-2.1156;
0.0730424;3.47253;-2.02833;
0.0730624;3.47115;-1.94125;
0.0730824;3.46976;-1.85434;
0.0731024;3.46837;-1.76761;
0.0731224;3.46698;-1.68104;
0.0731424;3.4656;-1.59465;
0.0731624;3.46421;-1.50843;
0.0731824;3.46282;-1.42239;
0.0732024;3.46144;-1.33651;
0.0732224;3.46006;-1.25081;
0.0732424;3.45867;-1.16527;
0.0732624;3.45729;-1.07992;
0.0732824;3.45591;-0.994724;
0.0733024;3.45452;-0.909707;
0.0733224;3.45314;-0.824855;
0.0733424;3.45176;-0.740177;
0.0733624;3.45038;-0.655665;
0.0733824;3.449;-0.571324;
0.0734024;3.44762;-0.487149;
0.0734224;3.44624;-0.403145;
0.0734424;3.44486;-0.319307;
0.0734624;3.44349;-0.235638;
0.0734824;3.44211;-0.152134;
0.0735024;3.44073;-0.0687993;
0.0735224;3.43936;0.0143711;
0.0735424;3.43798;0.0973733;
0.0735624;3.43661;0.180212;
0.0735824;3.43523;0.262883;
0.0736024;3.43386;0.34539;
0.0736224;3.43249;0.427731;
0.0736424;3.43111;0.509909;
0.0736624;3.42974;0.591921;
0.0736824;3.42837;0.673771;
0.0737024;3.427;0.755456;
0.0737224;3.42563;0.836979;
0.0737424;3.42426;0.918338;
0.0737624;3.42289;0.999535;
0.0737824;3.42152;1.08057;
0.0738024;3.42015;1.16144;
0.0738224;3.41878;1.24215;
0.0738424;3.41742;1.3227;
0.0738624;3.41605;1.40309;
0.0738824;3.41468;1.48332;
0.0739024;3.41332;1.56339;
0.0739224;3.41195;1.6433;
0.0739424;3.41059;1.72304;
0.0739624;3.40922;1.80263;
0.0739824;3.40786;1.88206;
0.074;3.40666;1.95183;
0.0740001;3.40665;1.95288;
0.0740003;3.40664;1.95464;
0.0740007;3.40661;1.95652;
0.074001;3.40659;1.95675;
0.0740011;3.40659;1.95609;
0.0740012;3.40658;1.95488;
0.0740016;3.40655;1.95289;
0.0740022;3.40651;1.94971;
0.0740035;3.40642;1.94406;
0.074006;3.40625;1.93289;
0.0740112;3.4059;1.91052;
0.0740214;3.4052;1.86585;
0.0740414;3.40384;1.77871;
0.0740614;3.40248;1.69176;
0.0740814;3.40112;1.60497;
0.0741014;3.39976;1.51836;
0.0741214;3.3984;1.43192;
0.0741414;3.39704;1.34566;
0.0741614;3.39568;1.25956;
0.0741814;3.39432;1.17364;
0.0742014;3.39297;1.08789;
0.0742214;3.39161;1.00231;
0.0742414;3.39025;0.916901;
0.0742614;3.3889;0.831667;
0.0742814;3.38754;0.746598;
0.0743014;3.38619;0.661704;
0.0743214;3.38483;0.576975;
0.0743414;3.38348;0.492419;
0.0743614;3.38213;0.408029;
0.0743814;3.38077;0.323811;
0.0744014;3.37942;0.239757;
0.0744214;3.37807;0.155875;
0.0744414;3.37672;0.0721573;
0.0744614;3.37537;-0.0113902;
0.0744814;3.37402;-0.0947734;
0.0745014;3.37267;-0.177988;
0.0745214;3.37132;-0.261038;
0.0745414;3.36997;-0.34392;
0.0745614;3.36863;-0.426638;
0.0745814;3.36728;-0.50919;
0.0746014;3.36593;-0.591578;
0.0746214;3.36459;-0.6738;
0.0746414;3.36324;-0.755859;
0.0746614;3.36189;-0.837752;
0.0746814;3.36055;-0.919484;
0.0747014;3.35921;-1.00105;
0.0747214;3.35786;-1.08246;
0.0747414;3.35652;-1.1637;
0.0747614;3.35518;-1.24478;
0.0747814;3.35384;-1.32569;
0.0748014;3.35249;-1.40645;
0.0748214;3.35115;-1.48704;
0.0748414;3.34981;-1.56748;
0.0748614;3.34847;-1.64775;
0.0748814;3.34713;-1.72786;
0.0749014;3.3458;-1.80781;
0.0749214;3.34446;-1.88761;
0.0749414;3.34312;-1.96724;
0.0749614;3.34178;-2.04671;
0.0749814;3.34045;-2.12603;
0.075001;3.33914;-2.2036;
0.0750011;3.33913;-2.20465;
0.0750013;3.33912;-2.20641;
0.0750017;3.33909;-2.20829;
0.075002;3.33907;-2.20852;
0.0750021;3.33907;-2.20786;
0.0750022;3.33906;-2.20664;
0.0750026;3.33903;-2.20466;
0.0750032;3.33899;-2.20147;
0.0750045;3.33891;-2.19581;
0.075007;3.33873;-2.18462;
0.0750122;3.33839;-2.16222;
0.0750224;3.33771;-2.11748;
0.0750424;3.33637;-2.03021;
0.0750624;3.33504;-1.94313;
0.0750824;3.33371;-1.85621;
0.0751024;3.33237;-1.76948;
0.0751224;3.33104;-1.6829;
0.0751424;3.32971;-1.59651;
0.0751624;3.32838;-1.51029;
0.0751824;3.32705;-1.42424;
0.0752024;3.32572;-1.33836;
0.0752224;3.32439;-1.25266;
0.0752424;3.32306;-1.16712;
0.0752624;3.32173;-1.08176;
0.0752824;3.3204;-0.996562;
0.0753024;3.31907;-0.911541;
0.0753224;3.31774;-0.826686;
0.0753424;3.31642;-0.742004;
0.0753624;3.31509;-0.657488;
0.0753824;3.31376;-0.573144;
0.0754024;3.31244;-0.488965;
0.0754224;3.31111;-0.404957;
0.0754424;3.30979;-0.321115;
0.0754624;3.30847;-0.237443;
0.0754824;3.30714;-0.153935;
0.0755024;3.30582;-0.0705968;
0.0755224;3.3045;0.0125772;
0.0755424;3.30318;0.095583;
0.0755624;3.30186;0.178425;
0.0755824;3.30054;0.261099;
0.0756024;3.29922;0.34361;
0.0756224;3.2979;0.425955;
0.0756424;3.29658;0.508136;
0.0756624;3.29526;0.590152;
0.0756824;3.29394;0.672005;
0.0757024;3.29262;0.753694;
0.0757224;3.29131;0.83522;
0.0757424;3.28999;0.916583;
0.0757624;3.28868;0.997784;
0.0757824;3.28736;1.07882;
0.0758024;3.28605;1.1597;
0.0758224;3.28473;1.24041;
0.0758424;3.28342;1.32097;
0.0758624;3.2821;1.40136;
0.0758824;3.28079;1.48159;
0.0759024;3.27948;1.56166;
0.0759224;3.27817;1.64157;
0.0759424;3.27686;1.72132;
0.0759624;3.27555;1.80092;
0.0759824;3.27424;1.88035;
0.076;3.27308;1.95012;
0.0760001;3.27308;1.95117;
0.0760003;3.27306;1.95293;
0.0760007;3.27304;1.95481;
0.076001;3.27302;1.95504;
0.0760011;3.27301;1.95438;
0.0760012;3.273;1.95317;
0.0760016;3.27298;1.95118;
0.0760022;3.27294;1.948;
0.0760035;3.27286;1.94235;
0.076006;3.27269;1.93118;
0.0760112;3.27235;1.90881;
0.0760214;3.27168;1.86414;
0.0760414;3.27038;1.77701;
0.0760614;3.26907;1.69006;
0.0760814;3.26776;1.60327;
0.0761014;3.26645;1.51667;
0.0761214;3.26515;1.43023;
0.0761414;3.26384;1.34397;
0.0761614;3.26254;1.25788;
0.0761814;3.26123;1.17196;
0.0762014;3.25993;1.08621;
0.0762214;3.25862;1.00064;
0.0762414;3.25732;0.915232;
0.0762614;3.25602;0.830001;
0.0762814;3.25472;0.744935;
0.0763014;3.25341;0.660045;
0.0763214;3.25211;0.575319;
0.0763414;3.25081;0.490767;
0.0763614;3.24951;0.406379;
0.0763814;3.24821;0.322164;
0.0764014;3.24691;0.238114;
0.0764214;3.24561;0.154235;
0.0764414;3.24432;0.0705209;
0.0764614;3.24302;-0.0130234;
0.0764814;3.24172;-0.0964033;
0.0765014;3.24043;-0.179614;
0.0765214;3.23913;-0.262661;
0.0765414;3.23783;-0.34554;
0.0765614;3.23654;-0.428255;
0.0765814;3.23525;-0.510803;
0.0766014;3.23395;-0.593188;
0.0766214;3.23266;-0.675407;
0.0766414;3.23137;-0.757463;
0.0766614;3.23007;-0.839353;
0.0766814;3.22878;-0.921081;
0.0767014;3.22749;-1.00265;
0.0767214;3.2262;-1.08405;
0.0767414;3.22491;-1.16528;
0.0767614;3.22362;-1.24636;
0.0767814;3.22233;-1.32728;
0.0768014;3.22104;-1.40803;
0.0768214;3.21975;-1.48862;
0.0768414;3.21847;-1.56905;
0.0768614;3.21718;-1.64932;
0.0768814;3.21589;-1.72943;
0.0769014;3.21461;-1.80938;
0.0769214;3.21332;-1.88917;
0.0769414;3.21204;-1.9688;
0.0769614;3.21075;-2.04827;
0.0769814;3.20947;-2.12758;
0.077001;3.20821;-2.20515;
0.0770011;3.2082;-2.2062;
0.0770013;3.20819;-2.20796;
0.0770017;3.20816;-2.20984;
0.077002;3.20814;-2.21007;
0.0770021;3.20814;-2.20941;
0.0770022;3.20813;-2.20819;
0.0770026;3.20811;-2.2062;
0.0770032;3.20807;-2.20301;
0.0770045;3.20799;-2.19735;
0.077007;3.20782;-2.18617;
0.0770122;3.20749;-2.16377;
0.0770224;3.20684;-2.11903;
0.0770424;3.20555;-2.03176;
0.0770624;3.20427;-1.94467;
0.0770824;3.20299;-1.85775;
0.0771024;3.20171;-1.77101;
0.0771224;3.20043;-1.68443;
0.0771424;3.19915;-1.59804;
0.0771624;3.19787;-1.51181;
0.0771824;3.19659;-1.42576;
0.0772024;3.19531;-1.33988;
0.0772224;3.19403;-1.25417;
0.0772424;3.19276;-1.16863;
0.0772624;3.19148;-1.08327;
0.0772824;3.1902;-0.998066;
0.0773024;3.18893;-0.913043;
0.0773224;3.18765;-0.828184;
0.0773424;3.18638;-0.743499;
0.0773624;3.1851;-0.65898;
0.0773824;3.18383;-0.574633;
0.0774024;3.18256;-0.490451;
0.0774224;3.18128;-0.406441;
0.0774424;3.18001;-0.322596;
0.0774624;3.17874;-0.23892;
0.0774824;3.17747;-0.15541;
0.0775024;3.1762;-0.0720685;
0.0775224;3.17493;0.0111084;
0.0775424;3.17366;0.0941172;
0.0775624;3.17239;0.176962;
0.0775824;3.17112;0.259639;
0.0776024;3.16985;0.342153;
0.0776224;3.16858;0.424501;
0.0776424;3.16732;0.506685;
0.0776624;3.16605;0.588704;
0.0776824;3.16478;0.67056;
0.0777024;3.16352;0.752251;
0.0777224;3.16225;0.833781;
0.0777424;3.16099;0.915146;
0.0777624;3.15972;0.99635;
0.0777824;3.15846;1.07739;
0.0778024;3.1572;1.15827;
0.0778224;3.15594;1.23899;
0.0778424;3.15467;1.31954;
0.0778624;3.15341;1.39994;
0.0778824;3.15215;1.48017;
0.0779024;3.15089;1.56025;
0.0779224;3.14963;1.64016;
0.0779424;3.14837;1.71992;
0.0779624;3.14711;1.79951;
0.0779824;3.14585;1.87895;
0.078;3.14475;1.94872;
0.0780001;3.14474;1.94977;
0.0780003;3.14473;1.95153;
0.0780007;3.1447;1.95341;
0.078001;3.14468;1.95364;
0.0780011;3.14468;1.95298;
0.0780012;3.14467;1.95177;
0.0780016;3.14465;1.94978;
0.0780022;3.14461;1.9466;
0.0780035;3.14453;1.94095;
0.078006;3.14437;1.92978;
0.0780112;3.14404;1.90742;
0.0780214;3.1434;1.86275;
0.0780414;3.14214;1.77561;
0.0780614;3.14089;1.68867;
0.0780814;3.13963;1.60188;
0.0781014;3.13837;1.51528;
0.0781214;3.13712;1.42884;
0.0781414;3.13586;1.34259;
0.0781614;3.13461;1.2565;
0.0781814;3.13336;1.17059;
0.0782014;3.1321;1.08484;
0.0782214;3.13085;0.99927;
0.0782414;3.1296;0.913865;
0.0782614;3.12835;0.828637;
0.0782814;3.1271;0.743574;
0.0783014;3.12585;0.658686;
0.0783214;3.1246;0.573963;
0.0783414;3.12335;0.489413;
0.0783614;3.1221;0.405029;
0.0783814;3.12085;0.320816;
0.0784014;3.1196;0.236769;
0.0784214;3.11835;0.152893;
0.0784414;3.11711;0.0691811;
0.0784614;3.11586;-0.0143605;
0.0784814;3.11461;-0.0977377;
0.0785014;3.11337;-0.180946;
0.0785214;3.11212;-0.26399;
0.0785414;3.11088;-0.346866;
0.0785614;3.10963;-0.429579;
0.0785814;3.10839;-0.512124;
0.0786014;3.10715;-0.594507;
0.0786214;3.1059;-0.676723;
0.0786414;3.10466;-0.758776;
0.0786614;3.10342;-0.840664;
0.0786814;3.10218;-0.922389;
0.0787014;3.10094;-1.00395;
0.0787214;3.0997;-1.08535;
0.0787414;3.09846;-1.16659;
0.0787614;3.09722;-1.24766;
0.0787814;3.09598;-1.32857;
0.0788014;3.09474;-1.40932;
0.0788214;3.09351;-1.48991;
0.0788414;3.09227;-1.57034;
0.0788614;3.09103;-1.6506;
0.0788814;3.0898;-1.73071;
0.0789014;3.08856;-1.81066;
0.0789214;3.08732;-1.89044;
0.0789414;3.08609;-1.97007;
0.0789614;3.08486;-2.04954;
0.0789814;3.08362;-2.12885;
0.079001;3.08241;-2.20642;
0.0790011;3.08241;-2.20746;
0.0790013;3.0824;-2.20922;
0.0790017;3.08237;-2.2111;
0.079002;3.08235;-2.21133;
0.0790021;3.08235;-2.21067;
0.0790022;3.08234;-2.20946;
0.0790026;3.08232;-2.20747;
0.0790032;3.08228;-2.20428;
0.0790045;3.0822;-2.19862;
0.079007;3.08204;-2.18744;
0.0790122;3.08173;-2.16503;
0.0790224;3.08109;-2.12029;
0.0790424;3.07986;-2.03302;
0.0790624;3.07863;-1.94593;
0.0790824;3.0774;-1.859;
0.0791024;3.07617;-1.77226;
0.0791224;3.07494;-1.68568;
0.0791424;3.07371;-1.59929;
0.0791624;3.07248;-1.51306;
0.0791824;3.07125;-1.42701;
0.0792024;3.07002;-1.34112;
0.0792224;3.06879;-1.25541;
0.0792424;3.06757;-1.16987;
0.0792624;3.06634;-1.0845;
0.0792824;3.06511;-0.999298;
0.0793024;3.06389;-0.914272;
0.0793224;3.06266;-0.829411;
0.0793424;3.06144;-0.744724;
0.0793624;3.06021;-0.660202;
0.0793824;3.05899;-0.575853;
0.0794024;3.05777;-0.491668;
0.0794224;3.05654;-0.407656;
0.0794424;3.05532;-0.323808;
0.0794624;3.0541;-0.24013;
0.0794824;3.05288;-0.156617;
0.0795024;3.05166;-0.0732734;
0.0795224;3.05044;0.00990594;
0.0795424;3.04922;0.0929171;
0.0795624;3.048;0.175764;
0.0795824;3.04678;0.258444;
0.0796024;3.04556;0.34096;
0.0796224;3.04434;0.42331;
0.0796424;3.04312;0.505497;
0.0796624;3.04191;0.587518;
0.0796824;3.04069;0.669377;
0.0797024;3.03948;0.75107;
0.0797224;3.03826;0.832602;
0.0797424;3.03704;0.91397;
0.0797624;3.03583;0.995176;
0.0797824;3.03462;1.07622;
0.0798024;3.0334;1.1571;
0.0798224;3.03219;1.23782;
0.0798424;3.03098;1.31838;
0.0798624;3.02976;1.39878;
0.0798824;3.02855;1.47901;
0.0799024;3.02734;1.55909;
0.0799224;3.02613;1.63901;
0.0799424;3.02492;1.71876;
0.0799624;3.02371;1.79836;
0.0799824;3.0225;1.8778;
0.08;3.02144;1.94757;
0.0800001;3.02143;1.94862;
0.0800003;3.02142;1.95038;
0.0800007;3.0214;1.95226;
0.080001;3.02138;1.9525;
0.0800011;3.02137;1.95184;
0.0800012;3.02136;1.95062;
0.0800016;3.02134;1.94864;
0.0800022;3.02131;1.94545;
0.0800035;3.02123;1.9398;
0.080006;3.02107;1.92864;
0.0800112;3.02076;1.90627;
0.0800214;3.02015;1.8616;
0.0800414;3.01894;1.77447;
0.0800614;3.01773;1.68753;
0.0800814;3.01652;1.60074;
0.0801014;3.01532;1.51415;
0.0801214;3.01411;1.42771;
0.0801414;3.01291;1.34146;
0.0801614;3.0117;1.25537;
0.0801814;3.0105;1.16946;
0.0802014;3.00929;1.08372;
0.0802214;3.00809;0.998148;
0.0802414;3.00689;0.912746;
0.0802614;3.00568;0.82752;
0.0802814;3.00448;0.742459;
0.0803014;3.00328;0.657574;
0.0803214;3.00208;0.572853;
0.0803414;3.00088;0.488305;
0.0803614;2.99968;0.403923;
0.0803814;2.99848;0.319713;
0.0804014;2.99728;0.235668;
0.0804214;2.99608;0.151794;
0.0804414;2.99488;0.0680843;
0.0804614;2.99368;-0.0154552;
0.0804814;2.99249;-0.0988302;
0.0805014;2.99129;-0.182036;
0.0805214;2.99009;-0.265078;
0.0805414;2.9889;-0.347952;
0.0805614;2.9877;-0.430663;
0.0805814;2.98651;-0.513206;
0.0806014;2.98531;-0.595586;
0.0806214;2.98412;-0.6778;
0.0806414;2.98293;-0.759851;
0.0806614;2.98173;-0.841737;
0.0806814;2.98054;-0.92346;
0.0807014;2.97935;-1.00502;
0.0807214;2.97816;-1.08642;
0.0807414;2.97697;-1.16765;
0.0807614;2.97578;-1.24872;
0.0807814;2.97459;-1.32963;
0.0808014;2.9734;-1.41038;
0.0808214;2.97221;-1.49097;
0.0808414;2.97102;-1.57139;
0.0808614;2.96983;-1.65166;
0.0808814;2.96864;-1.73176;
0.0809014;2.96746;-1.8117;
0.0809214;2.96627;-1.89149;
0.0809414;2.96508;-1.97111;
0.0809614;2.9639;-2.05058;
0.0809814;2.96271;-2.12989;
0.081001;2.96155;-2.20746;
0.0810011;2.96154;-2.2085;
0.0810013;2.96153;-2.21026;
0.0810017;2.96151;-2.21214;
0.081002;2.96149;-2.21237;
0.0810021;2.96149;-2.21171;
0.0810022;2.96148;-2.2105;
0.0810026;2.96146;-2.20851;
0.0810032;2.96142;-2.20532;
0.0810045;2.96134;-2.19966;
0.081007;2.96119;-2.18847;
0.0810122;2.96089;-2.16607;
0.0810224;2.96028;-2.12133;
0.0810424;2.9591;-2.03405;
0.0810624;2.95792;-1.94696;
0.0810824;2.95673;-1.86003;
0.0811024;2.95555;-1.77329;
0.0811224;2.95437;-1.68671;
0.0811424;2.95319;-1.60031;
0.0811624;2.95201;-1.51408;
0.0811824;2.95083;-1.42802;
0.0812024;2.94965;-1.34213;
0.0812224;2.94847;-1.25642;
0.0812424;2.94729;-1.17088;
0.0812624;2.94611;-1.08551;
0.0812824;2.94493;-1.00031;
0.0813024;2.94375;-0.915278;
0.0813224;2.94257;-0.830415;
0.0813424;2.9414;-0.745726;
0.0813624;2.94022;-0.661202;
0.0813824;2.93905;-0.576851;
0.0814024;2.93787;-0.492665;
0.0814224;2.9367;-0.40865;
0.0814424;2.93552;-0.3248;
0.0814624;2.93435;-0.24112;
0.0814824;2.93317;-0.157606;
0.0815024;2.932;-0.0742599;
0.0815224;2.93083;0.00892145;
0.0815424;2.92966;0.0919346;
0.0815624;2.92848;0.174784;
0.0815824;2.92731;0.257465;
0.0816024;2.92614;0.339984;
0.0816224;2.92497;0.422336;
0.0816424;2.9238;0.504524;
0.0816624;2.92263;0.586547;
0.0816824;2.92146;0.668408;
0.0817024;2.9203;0.750104;
0.0817224;2.91913;0.831637;
0.0817424;2.91796;0.913007;
0.0817624;2.91679;0.994215;
0.0817824;2.91563;1.07526;
0.0818024;2.91446;1.15614;
0.0818224;2.9133;1.23686;
0.0818424;2.91213;1.31743;
0.0818624;2.91097;1.39782;
0.0818824;2.9098;1.47806;
0.0819024;2.90864;1.55814;
0.0819224;2.90748;1.63806;
0.0819424;2.90631;1.71782;
0.0819624;2.90515;1.79742;
0.0819824;2.90399;1.87686;
0.082;2.90297;1.94664;
0.0820001;2.90296;1.94768;
0.0820003;2.90295;1.94944;
0.0820007;2.90293;1.95133;
0.082001;2.90291;1.95156;
0.0820011;2.9029;1.9509;
0.0820012;2.90289;1.94968;
0.0820016;2.90288;1.9477;
0.0820022;2.90284;1.94451;
0.0820035;2.90276;1.93886;
0.082006;2.90262;1.9277;
0.0820112;2.90232;1.90533;
0.0820214;2.90172;1.86067;
0.0820414;2.90056;1.77354;
0.0820614;2.8994;1.68659;
0.0820814;2.89824;1.59981;
0.0821014;2.89708;1.51322;
0.0821214;2.89593;1.42678;
0.0821414;2.89477;1.34053;
0.0821614;2.89361;1.25445;
0.0821814;2.89245;1.16854;
0.0822014;2.8913;1.0828;
0.0822214;2.89014;0.99723;
0.0822414;2.88898;0.91183;
0.0822614;2.88783;0.826606;
0.0822814;2.88667;0.741547;
0.0823014;2.88552;0.656663;
0.0823214;2.88437;0.571944;
0.0823414;2.88321;0.487398;
0.0823614;2.88206;0.403018;
0.0823814;2.88091;0.31881;
0.0824014;2.87975;0.234766;
0.0824214;2.8786;0.150894;
0.0824414;2.87745;0.0671862;
0.0824614;2.8763;-0.0163514;
0.0824814;2.87515;-0.0997247;
0.0825014;2.874;-0.182929;
0.0825214;2.87285;-0.265969;
0.0825414;2.8717;-0.348842;
0.0825614;2.87055;-0.43155;
0.0825814;2.86941;-0.514092;
0.0826014;2.86826;-0.59647;
0.0826214;2.86711;-0.678682;
0.0826414;2.86596;-0.760731;
0.0826614;2.86482;-0.842615;
0.0826814;2.86367;-0.924337;
0.0827014;2.86253;-1.00589;
0.0827214;2.86138;-1.08729;
0.0827414;2.86024;-1.16852;
0.0827614;2.85909;-1.24959;
0.0827814;2.85795;-1.3305;
0.0828014;2.85681;-1.41125;
0.0828214;2.85567;-1.49183;
0.0828414;2.85452;-1.57225;
0.0828614;2.85338;-1.65252;
0.0828814;2.85224;-1.73262;
0.0829014;2.8511;-1.81256;
0.0829214;2.84996;-1.89235;
0.0829414;2.84882;-1.97197;
0.0829614;2.84768;-2.05143;
0.0829814;2.84654;-2.13074;
0.083001;2.84543;-2.2083;
0.0830011;2.84542;-2.20935;
0.0830013;2.84541;-2.21111;
0.0830017;2.84539;-2.21299;
0.083002;2.84537;-2.21322;
0.0830021;2.84537;-2.21256;
0.0830022;2.84536;-2.21134;
0.0830026;2.84534;-2.20936;
0.0830032;2.8453;-2.20616;
0.0830045;2.84523;-2.2005;
0.083007;2.84508;-2.18932;
0.0830122;2.84479;-2.16692;
0.0830224;2.84421;-2.12217;
0.0830424;2.84307;-2.0349;
0.0830624;2.84193;-1.9478;
0.0830824;2.8408;-1.86087;
0.0831024;2.83966;-1.77413;
0.0831224;2.83853;-1.68755;
0.0831424;2.83739;-1.60115;
0.0831624;2.83626;-1.51491;
0.0831824;2.83512;-1.42886;
0.0832024;2.83399;-1.34297;
0.0832224;2.83286;-1.25725;
0.0832424;2.83172;-1.17171;
0.0832624;2.83059;-1.08634;
0.0832824;2.82946;-1.00113;
0.0833024;2.82833;-0.916102;
0.0833224;2.8272;-0.831238;
0.0833424;2.82606;-0.746547;
0.0833624;2.82493;-0.662021;
0.0833824;2.8238;-0.577668;
0.0834024;2.82268;-0.49348;
0.0834224;2.82155;-0.409464;
0.0834424;2.82042;-0.325613;
0.0834624;2.81929;-0.241931;
0.0834824;2.81816;-0.158415;
0.0835024;2.81704;-0.0750675;
0.0835224;2.81591;0.00811543;
0.0835424;2.81478;0.0911302;
0.0835624;2.81366;0.173981;
0.0835824;2.81253;0.256664;
0.0836024;2.81141;0.339184;
0.0836224;2.81028;0.421538;
0.0836424;2.80916;0.503728;
0.0836624;2.80804;0.585753;
0.0836824;2.80691;0.667615;
0.0837024;2.80579;0.749312;
0.0837224;2.80467;0.830847;
0.0837424;2.80355;0.912218;
0.0837624;2.80242;0.993428;
0.0837824;2.8013;1.07447;
0.0838024;2.80018;1.15536;
0.0838224;2.79906;1.23608;
0.0838424;2.79794;1.31664;
0.0838624;2.79683;1.39705;
0.0838824;2.79571;1.47729;
0.0839024;2.79459;1.55737;
0.0839224;2.79347;1.63729;
0.0839424;2.79235;1.71705;
0.0839624;2.79124;1.79665;
0.0839824;2.79012;1.87609;
0.084;2.78914;1.94587;
0.0840001;2.78913;1.94691;
0.0840003;2.78912;1.94867;
0.0840007;2.7891;1.95056;
0.084001;2.78908;1.95079;
0.0840011;2.78908;1.95013;
0.0840012;2.78907;1.94892;
0.0840016;2.78905;1.94693;
0.0840022;2.78902;1.94374;
0.0840035;2.78895;1.93809;
0.084006;2.7888;1.92693;
0.0840112;2.78852;1.90457;
0.0840214;2.78795;1.8599;
0.0840414;2.78683;1.77277;
0.0840614;2.78572;1.68583;
0.0840814;2.7846;1.59905;
0.0841014;2.78349;1.51246;
0.0841214;2.78238;1.42603;
0.0841414;2.78126;1.33978;
0.0841614;2.78015;1.25369;
0.0841814;2.77904;1.16778;
0.0842014;2.77793;1.08204;
0.0842214;2.77682;0.996479;
0.0842414;2.77571;0.91108;
0.0842614;2.7746;0.825857;
0.0842814;2.77349;0.7408;
0.0843014;2.77238;0.655917;
0.0843214;2.77127;0.5712;
0.0843414;2.77016;0.486656;
0.0843614;2.76905;0.402277;
0.0843814;2.76794;0.31807;
0.0844014;2.76684;0.234028;
0.0844214;2.76573;0.150157;
0.0844414;2.76463;0.066451;
0.0844614;2.76352;-0.0170852;
0.0844814;2.76241;-0.100457;
0.0845014;2.76131;-0.18366;
0.0845214;2.76021;-0.266699;
0.0845414;2.7591;-0.349569;
0.0845614;2.758;-0.432277;
0.0845814;2.7569;-0.514817;
0.0846014;2.75579;-0.597193;
0.0846214;2.75469;-0.679404;
0.0846414;2.75359;-0.761452;
0.0846614;2.75249;-0.843335;
0.0846814;2.75139;-0.925055;
0.0847014;2.75029;-1.00661;
0.0847214;2.74919;-1.088;
0.0847414;2.74809;-1.16923;
0.0847614;2.74699;-1.2503;
0.0847814;2.74589;-1.33121;
0.0848014;2.74479;-1.41195;
0.0848214;2.74369;-1.49254;
0.0848414;2.7426;-1.57296;
0.0848614;2.7415;-1.65322;
0.0848814;2.7404;-1.73332;
0.0849014;2.73931;-1.81326;
0.0849214;2.73821;-1.89305;
0.0849414;2.73712;-1.97267;
0.0849614;2.73602;-2.05213;
0.0849814;2.73493;-2.13143;
0.085001;2.73386;-2.209;
0.0850011;2.73385;-2.21004;
0.0850013;2.73384;-2.2118;
0.0850017;2.73382;-2.21369;
0.085002;2.7338;-2.21392;
0.0850021;2.7338;-2.21326;
0.0850022;2.73379;-2.21204;
0.0850026;2.73377;-2.21005;
0.0850032;2.73374;-2.20686;
0.0850045;2.73367;-2.2012;
0.085007;2.73353;-2.19002;
0.0850122;2.73325;-2.16761;
0.0850224;2.73269;-2.12287;
0.0850424;2.73159;-2.03559;
0.0850624;2.7305;-1.94849;
0.0850824;2.72941;-1.86156;
0.0851024;2.72832;-1.77482;
0.0851224;2.72723;-1.68823;
0.0851424;2.72614;-1.60183;
0.0851624;2.72505;-1.5156;
0.0851824;2.72396;-1.42954;
0.0852024;2.72287;-1.34365;
0.0852224;2.72178;-1.25793;
0.0852424;2.72069;-1.17239;
0.0852624;2.7196;-1.08701;
0.0852824;2.71851;-1.00181;
0.0853024;2.71743;-0.916777;
0.0853224;2.71634;-0.831911;
0.0853424;2.71525;-0.747219;
0.0853624;2.71417;-0.662692;
0.0853824;2.71308;-0.578338;
0.0854024;2.712;-0.494148;
0.0854224;2.71091;-0.410131;
0.0854424;2.70983;-0.326278;
0.0854624;2.70874;-0.242595;
0.0854824;2.70766;-0.159077;
0.0855024;2.70658;-0.0757287;
0.0855224;2.7055;0.00745553;
0.0855424;2.70441;0.0904716;
0.0855624;2.70333;0.173324;
0.0855824;2.70225;0.256008;
0.0856024;2.70117;0.338529;
0.0856224;2.70009;0.420884;
0.0856424;2.69901;0.503076;
0.0856624;2.69793;0.585102;
0.0856824;2.69685;0.666965;
0.0857024;2.69577;0.748664;
0.0857224;2.6947;0.8302;
0.0857424;2.69362;0.911573;
0.0857624;2.69254;0.992784;
0.0857824;2.69146;1.07383;
0.0858024;2.69039;1.15472;
0.0858224;2.68931;1.23544;
0.0858424;2.68824;1.31601;
0.0858624;2.68716;1.39641;
0.0858824;2.68609;1.47665;
0.0859024;2.68501;1.55673;
0.0859224;2.68394;1.63665;
0.0859424;2.68286;1.71641;
0.0859624;2.68179;1.79602;
0.0859824;2.68072;1.87546;
0.086;2.67978;1.94524;
0.0860001;2.67977;1.94628;
0.0860003;2.67976;1.94805;
0.0860007;2.67974;1.94993;
0.086001;2.67972;1.95016;
0.0860011;2.67972;1.9495;
0.0860012;2.67971;1.94829;
0.0860016;2.67969;1.9463;
0.0860022;2.67966;1.94311;
0.0860035;2.67959;1.93746;
0.086006;2.67945;1.9263;
0.0860112;2.67918;1.90394;
0.0860214;2.67863;1.85927;
0.0860414;2.67756;1.77214;
0.0860614;2.67649;1.68521;
0.0860814;2.67542;1.59843;
0.0861014;2.67435;1.51183;
0.0861214;2.67328;1.4254;
0.0861414;2.67221;1.33916;
0.0861614;2.67114;1.25307;
0.0861814;2.67007;1.16717;
0.0862014;2.669;1.08143;
0.0862214;2.66794;0.995863;
0.0862414;2.66687;0.910466;
0.0862614;2.6658;0.825244;
0.0862814;2.66474;0.740188;
0.0863014;2.66367;0.655307;
0.0863214;2.66261;0.57059;
0.0863414;2.66154;0.486048;
0.0863614;2.66048;0.40167;
0.0863814;2.65941;0.317464;
0.0864014;2.65835;0.233424;
0.0864214;2.65729;0.149554;
0.0864414;2.65622;0.065849;
0.0864614;2.65516;-0.017686;
0.0864814;2.6541;-0.101057;
0.0865014;2.65304;-0.184258;
0.0865214;2.65198;-0.267296;
0.0865414;2.65092;-0.350165;
0.0865614;2.64986;-0.432871;
0.0865814;2.6488;-0.51541;
0.0866014;2.64774;-0.597786;
0.0866214;2.64668;-0.679995;
0.0866414;2.64562;-0.762042;
0.0866614;2.64456;-0.843923;
0.0866814;2.6435;-0.925642;
0.0867014;2.64245;-1.0072;
0.0867214;2.64139;-1.08859;
0.0867414;2.64033;-1.16982;
0.0867614;2.63928;-1.25089;
0.0867814;2.63822;-1.33179;
0.0868014;2.63717;-1.41254;
0.0868214;2.63611;-1.49312;
0.0868414;2.63506;-1.57354;
0.0868614;2.634;-1.6538;
0.0868814;2.63295;-1.7339;
0.0869014;2.6319;-1.81384;
0.0869214;2.63085;-1.89362;
0.0869414;2.62979;-1.97324;
0.0869614;2.62874;-2.0527;
0.0869814;2.62769;-2.13201;
0.087001;2.62666;-2.20957;
0.0870011;2.62666;-2.21061;
0.0870013;2.62664;-2.21237;
0.0870017;2.62662;-2.21425;
0.087002;2.62661;-2.21448;
0.0870021;2.6266;-2.21382;
0.0870022;2.6266;-2.21261;
0.0870026;2.62658;-2.21062;
0.0870032;2.62654;-2.20743;
0.0870045;2.62648;-2.20177;
0.087007;2.62634;-2.19058;
0.0870122;2.62607;-2.16818;
0.0870224;2.62554;-2.12344;
0.0870424;2.62449;-2.03615;
0.0870624;2.62344;-1.94906;
0.0870824;2.62239;-1.86213;
0.0871024;2.62134;-1.77538;
0.0871224;2.62029;-1.6888;
0.0871424;2.61924;-1.60239;
0.0871624;2.6182;-1.51616;
0.0871824;2.61715;-1.4301;
0.0872024;2.6161;-1.34421;
0.0872224;2.61506;-1.25849;
0.0872424;2.61401;-1.17294;
0.0872624;2.61296;-1.08757;
0.0872824;2.61192;-1.00236;
0.0873024;2.61087;-0.917329;
0.0873224;2.60983;-0.832462;
0.0873424;2.60879;-0.747769;
0.0873624;2.60774;-0.663241;
0.0873824;2.6067;-0.578885;
0.0874024;2.60566;-0.494695;
0.0874224;2.60462;-0.410676;
0.0874424;2.60357;-0.326822;
0.0874624;2.60253;-0.243139;
0.0874824;2.60149;-0.15962;
0.0875024;2.60045;-0.0762701;
0.0875224;2.59941;0.00691526;
0.0875424;2.59837;0.0899324;
0.0875624;2.59733;0.172785;
0.0875824;2.59629;0.255471;
0.0876024;2.59526;0.337993;
0.0876224;2.59422;0.420349;
0.0876424;2.59318;0.502542;
0.0876624;2.59214;0.584569;
0.0876824;2.59111;0.666433;
0.0877024;2.59007;0.748133;
0.0877224;2.58904;0.829671;
0.0877424;2.588;0.911044;
0.0877624;2.58696;0.992256;
0.0877824;2.58593;1.0733;
0.0878024;2.5849;1.15419;
0.0878224;2.58386;1.23492;
0.0878424;2.58283;1.31548;
0.0878624;2.5818;1.39589;
0.0878824;2.58076;1.47613;
0.0879024;2.57973;1.55621;
0.0879224;2.5787;1.63613;
0.0879424;2.57767;1.7159;
0.0879624;2.57664;1.7955;
0.0879824;2.57561;1.87494;
0.088;2.5747;1.94472;
0.0880001;2.5747;1.94577;
0.0880003;2.57469;1.94753;
0.0880007;2.57466;1.94941;
0.088001;2.57465;1.94965;
0.0880011;2.57464;1.94899;
0.0880012;2.57464;1.94777;
0.0880016;2.57462;1.94579;
0.0880022;2.57459;1.9426;
0.0880035;2.57452;1.93695;
0.088006;2.57439;1.92579;
0.0880112;2.57413;1.90342;
0.0880214;2.5736;1.85876;
0.0880414;2.57257;1.77163;
0.0880614;2.57154;1.68469;
0.0880814;2.57051;1.59792;
0.0881014;2.56948;1.51132;
0.0881214;2.56846;1.42489;
0.0881414;2.56743;1.33865;
0.0881614;2.5664;1.25256;
0.0881814;2.56538;1.16666;
0.0882014;2.56435;1.08092;
0.0882214;2.56333;0.99536;
0.0882414;2.5623;0.909963;
0.0882614;2.56128;0.824743;
0.0882814;2.56025;0.739687;
0.0883014;2.55923;0.654807;
0.0883214;2.5582;0.570092;
0.0883414;2.55718;0.48555;
0.0883614;2.55616;0.401173;
0.0883814;2.55514;0.316969;
0.0884014;2.55411;0.232929;
0.0884214;2.55309;0.14906;
0.0884414;2.55207;0.0653562;
0.0884614;2.55105;-0.0181778;
0.0884814;2.55003;-0.101547;
0.0885014;2.54901;-0.184748;
0.0885214;2.54799;-0.267785;
0.0885414;2.54697;-0.350653;
0.0885614;2.54595;-0.433358;
0.0885814;2.54494;-0.515896;
0.0886014;2.54392;-0.598271;
0.0886214;2.5429;-0.680479;
0.0886414;2.54188;-0.762525;
0.0886614;2.54087;-0.844406;
0.0886814;2.53985;-0.926124;
0.0887014;2.53883;-1.00768;
0.0887214;2.53782;-1.08907;
0.0887414;2.5368;-1.1703;
0.0887614;2.53579;-1.25136;
0.0887814;2.53478;-1.33227;
0.0888014;2.53376;-1.41301;
0.0888214;2.53275;-1.49359;
0.0888414;2.53174;-1.57401;
0.0888614;2.53072;-1.65427;
0.0888814;2.52971;-1.73437;
0.0889014;2.5287;-1.81431;
0.0889214;2.52769;-1.89409;
0.0889414;2.52668;-1.97371;
0.0889614;2.52567;-2.05317;
0.0889814;2.52466;-2.13247;
0.089001;2.52367;-2.21003;
0.0890011;2.52366;-2.21108;
0.0890013;2.52365;-2.21284;
0.0890017;2.52363;-2.21472;
0.089002;2.52362;-2.21495;
0.0890021;2.52361;-2.21429;
0.0890022;2.52361;-2.21307;
0.0890026;2.52359;-2.21109;
0.0890032;2.52356;-2.20789;
0.0890045;2.52349;-2.20223;
0.089007;2.52336;-2.19105;
0.0890122;2.5231;-2.16865;
0.0890224;2.52259;-2.1239;
0.0890424;2.52158;-2.03662;
0.0890624;2.52057;-1.94952;
0.0890824;2.51956;-1.86259;
0.0891024;2.51855;-1.77584;
0.0891224;2.51755;-1.68926;
0.0891424;2.51654;-1.60285;
0.0891624;2.51553;-1.51662;
0.0891824;2.51453;-1.43056;
0.0892024;2.51352;-1.34466;
0.0892224;2.51252;-1.25895;
0.0892424;2.51151;-1.1734;
0.0892624;2.51051;-1.08802;
0.0892824;2.5095;-1.00281;
0.0893024;2.5085;-0.917781;
0.0893224;2.5075;-0.832913;
0.0893424;2.50649;-0.748219;
0.0893624;2.50549;-0.66369;
0.0893824;2.50449;-0.579334;
0.0894024;2.50349;-0.495143;
0.0894224;2.50249;-0.411123;
0.0894424;2.50149;-0.327268;
0.0894624;2.50049;-0.243584;
0.0894824;2.49949;-0.160064;
0.0895024;2.49849;-0.0767133;
0.0895224;2.49749;0.00647293;
0.0895424;2.49649;0.0894909;
0.0895624;2.49549;0.172345;
0.0895824;2.49449;0.255032;
0.0896024;2.49349;0.337555;
0.0896224;2.4925;0.419911;
0.0896424;2.4915;0.502105;
0.0896624;2.4905;0.584133;
0.0896824;2.48951;0.665998;
0.0897024;2.48851;0.747699;
0.0897224;2.48752;0.829237;
0.0897424;2.48652;0.910612;
0.0897624;2.48553;0.991824;
0.0897824;2.48453;1.07287;
0.0898024;2.48354;1.15376;
0.0898224;2.48255;1.23449;
0.0898424;2.48155;1.31505;
0.0898624;2.48056;1.39546;
0.0898824;2.47957;1.4757;
0.0899024;2.47858;1.55578;
0.0899224;2.47759;1.63571;
0.0899424;2.4766;1.71547;
0.0899624;2.47561;1.79508;
0.0899824;2.47462;1.87452;
0.09;2.47375;1.9443;
0.0900001;2.47374;1.94535;
0.0900003;2.47373;1.94711;
0.0900007;2.47371;1.94899;
0.090001;2.4737;1.94922;
0.0900011;2.47369;1.94857;
0.0900012;2.47368;1.94735;
0.0900016;2.47367;1.94536;
0.0900022;2.47364;1.94218;
0.0900035;2.47357;1.93653;
0.090006;2.47345;1.92536;
0.0900112;2.47319;1.903;
0.0900214;2.47269;1.85834;
0.0900414;2.4717;1.77121;
0.0900614;2.47071;1.68427;
0.0900814;2.46972;1.5975;
0.0901014;2.46873;1.51091;
0.0901214;2.46775;1.42448;
0.0901414;2.46676;1.33823;
0.0901614;2.46577;1.25215;
0.0901814;2.46479;1.16625;
0.0902014;2.4638;1.08051;
0.0902214;2.46282;0.994947;
0.0902414;2.46183;0.909551;
0.0902614;2.46085;0.824332;
0.0902814;2.45986;0.739277;
0.0903014;2.45888;0.654398;
0.0903214;2.4579;0.569683;
0.0903414;2.45691;0.485142;
0.0903614;2.45593;0.400766;
0.0903814;2.45495;0.316563;
0.0904014;2.45397;0.232524;
0.0904214;2.45298;0.148656;
0.0904414;2.452;0.0649527;
0.0904614;2.45102;-0.0185805;
0.0904814;2.45004;-0.101949;
0.0905014;2.44906;-0.185149;
0.0905214;2.44808;-0.268185;
0.0905414;2.4471;-0.351053;
0.0905614;2.44613;-0.433757;
0.0905814;2.44515;-0.516294;
0.0906014;2.44417;-0.598668;
0.0906214;2.44319;-0.680876;
0.0906414;2.44221;-0.762921;
0.0906614;2.44124;-0.8448;
0.0906814;2.44026;-0.926517;
0.0907014;2.43929;-1.00807;
0.0907214;2.43831;-1.08946;
0.0907414;2.43734;-1.17069;
0.0907614;2.43636;-1.25175;
0.0907814;2.43539;-1.33266;
0.0908014;2.43441;-1.4134;
0.0908214;2.43344;-1.49398;
0.0908414;2.43247;-1.5744;
0.0908614;2.43149;-1.65466;
0.0908814;2.43052;-1.73476;
0.0909014;2.42955;-1.8147;
0.0909214;2.42858;-1.89447;
0.0909414;2.42761;-1.97409;
0.0909614;2.42663;-2.05355;
0.0909814;2.42566;-2.13285;
0.091001;2.42471;-2.21042;
0.0910011;2.42471;-2.21146;
0.0910013;2.4247;-2.21322;
0.0910017;2.42468;-2.2151;
0.091002;2.42466;-2.21533;
0.0910021;2.42466;-2.21467;
0.0910022;2.42465;-2.21346;
0.0910026;2.42464;-2.21147;
0.0910032;2.42461;-2.20828;
0.0910045;2.42454;-2.20262;
0.091007;2.42442;-2.19143;
0.0910122;2.42417;-2.16903;
0.0910224;2.42368;-2.12428;
0.0910424;2.42271;-2.037;
0.0910624;2.42174;-1.9499;
0.0910824;2.42077;-1.86297;
0.0911024;2.4198;-1.77622;
0.0911224;2.41883;-1.68963;
0.0911424;2.41787;-1.60323;
0.0911624;2.4169;-1.51699;
0.0911824;2.41593;-1.43093;
0.0912024;2.41497;-1.34504;
0.0912224;2.414;-1.25932;
0.0912424;2.41304;-1.17377;
0.0912624;2.41207;-1.08839;
0.0912824;2.41111;-1.00319;
0.0913024;2.41014;-0.918151;
0.0913224;2.40918;-0.833283;
0.0913424;2.40821;-0.748588;
0.0913624;2.40725;-0.664058;
0.0913824;2.40629;-0.579701;
0.0914024;2.40533;-0.495509;
0.0914224;2.40436;-0.411489;
0.0914424;2.4034;-0.327633;
0.0914624;2.40244;-0.243948;
0.0914824;2.40148;-0.160427;
0.0915024;2.40052;-0.0770762;
0.0915224;2.39956;0.00611079;
0.0915424;2.3986;0.0891295;
0.0915624;2.39764;0.171984;
0.0915824;2.39668;0.254672;
0.0916024;2.39572;0.337195;
0.0916224;2.39477;0.419553;
0.0916424;2.39381;0.501747;
0.0916624;2.39285;0.583776;
0.0916824;2.39189;0.665642;
0.0917024;2.39094;0.747343;
0.0917224;2.38998;0.828882;
0.0917424;2.38903;0.910257;
0.0917624;2.38807;0.991471;
0.0917824;2.38711;1.07252;
0.0918024;2.38616;1.15341;
0.0918224;2.38521;1.23414;
0.0918424;2.38425;1.3147;
0.0918624;2.3833;1.39511;
0.0918824;2.38235;1.47535;
0.0919024;2.38139;1.55544;
0.0919224;2.38044;1.63536;
0.0919424;2.37949;1.71512;
0.0919624;2.37854;1.79473;
0.0919824;2.37759;1.87417;
0.092;2.37675;1.94396;
0.0920001;2.37674;1.945;
0.0920003;2.37673;1.94676;
0.0920007;2.37672;1.94865;
0.092001;2.3767;1.94888;
0.0920011;2.3767;1.94822;
0.0920012;2.37669;1.94701;
0.0920016;2.37667;1.94502;
0.0920022;2.37664;1.94183;
0.0920035;2.37658;1.93618;
0.092006;2.37646;1.92502;
0.0920112;2.37622;1.90266;
0.0920214;2.37573;1.85799;
0.0920414;2.37478;1.77087;
0.0920614;2.37383;1.68393;
0.0920814;2.37288;1.59716;
0.0921014;2.37193;1.51057;
0.0921214;2.37098;1.42414;
0.0921414;2.37004;1.33789;
0.0921614;2.36909;1.25181;
0.0921814;2.36814;1.16591;
0.0922014;2.36719;1.08017;
0.0922214;2.36625;0.994609;
0.0922414;2.3653;0.909214;
0.0922614;2.36436;0.823996;
0.0922814;2.36341;0.738942;
0.0923014;2.36246;0.654063;
0.0923214;2.36152;0.569349;
0.0923414;2.36058;0.484809;
0.0923614;2.35963;0.400433;
0.0923814;2.35869;0.31623;
0.0924014;2.35774;0.232192;
0.0924214;2.3568;0.148325;
0.0924414;2.35586;0.0646224;
0.0924614;2.35492;-0.0189102;
0.0924814;2.35398;-0.102278;
0.0925014;2.35303;-0.185478;
0.0925214;2.35209;-0.268513;
0.0925414;2.35115;-0.35138;
0.0925614;2.35021;-0.434083;
0.0925814;2.34927;-0.51662;
0.0926014;2.34833;-0.598993;
0.0926214;2.34739;-0.6812;
0.0926414;2.34645;-0.763244;
0.0926614;2.34552;-0.845123;
0.0926814;2.34458;-0.92684;
0.0927014;2.34364;-1.00839;
0.0927214;2.3427;-1.08978;
0.0927414;2.34177;-1.17101;
0.0927614;2.34083;-1.25207;
0.0927814;2.33989;-1.33298;
0.0928014;2.33896;-1.41372;
0.0928214;2.33802;-1.4943;
0.0928414;2.33709;-1.57472;
0.0928614;2.33615;-1.65497;
0.0928814;2.33522;-1.73507;
0.0929014;2.33428;-1.81501;
0.0929214;2.33335;-1.89479;
0.0929414;2.33242;-1.97441;
0.0929614;2.33149;-2.05387;
0.0929814;2.33055;-2.13317;
0.093001;2.32964;-2.21073;
0.0930011;2.32963;-2.21177;
0.0930013;2.32963;-2.21353;
0.0930017;2.32961;-2.21541;
0.093002;2.32959;-2.21564;
0.0930021;2.32959;-2.21498;
0.0930022;2.32958;-2.21377;
0.0930026;2.32957;-2.21178;
0.0930032;2.32954;-2.20859;
0.0930045;2.32948;-2.20293;
0.093007;2.32936;-2.19174;
0.0930122;2.32912;-2.16934;
0.0930224;2.32864;-2.12459;
0.0930424;2.32771;-2.03731;
0.0930624;2.32678;-1.95021;
0.0930824;2.32585;-1.86328;
0.0931024;2.32492;-1.77653;
0.0931224;2.32399;-1.68994;
0.0931424;2.32306;-1.60354;
0.0931624;2.32213;-1.5173;
0.0931824;2.3212;-1.43124;
0.0932024;2.32027;-1.34534;
0.0932224;2.31935;-1.25963;
0.0932424;2.31842;-1.17407;
0.0932624;2.31749;-1.0887;
0.0932824;2.31656;-1.00349;
0.0933024;2.31564;-0.918455;
0.0933224;2.31471;-0.833585;
0.0933424;2.31379;-0.74889;
0.0933624;2.31286;-0.664359;
0.0933824;2.31194;-0.580002;
0.0934024;2.31101;-0.495809;
0.0934224;2.31009;-0.411788;
0.0934424;2.30916;-0.327932;
0.0934624;2.30824;-0.244246;
0.0934824;2.30732;-0.160725;
0.0935024;2.30639;-0.0773732;
0.0935224;2.30547;0.00581429;
0.0935424;2.30455;0.0888336;
0.0935624;2.30363;0.171689;
0.0935824;2.30271;0.254377;
0.0936024;2.30179;0.336901;
0.0936224;2.30087;0.419259;
0.0936424;2.29995;0.501454;
0.0936624;2.29903;0.583483;
0.0936824;2.29811;0.66535;
0.0937024;2.29719;0.747052;
0.0937224;2.29627;0.828591;
0.0937424;2.29535;0.909967;
0.0937624;2.29443;0.991181;
0.0937824;2.29351;1.07223;
0.0938024;2.2926;1.15312;
0.0938224;2.29168;1.23385;
0.0938424;2.29076;1.31442;
0.0938624;2.28985;1.39482;
0.0938824;2.28893;1.47507;
0.0939024;2.28802;1.55515;
0.0939224;2.2871;1.63508;
0.0939424;2.28619;1.71484;
0.0939624;2.28527;1.79445;
0.0939824;2.28436;1.87389;
0.094;2.28356;1.94367;
0.0940001;2.28355;1.94472;
0.0940003;2.28354;1.94648;
0.0940007;2.28352;1.94836;
0.094001;2.28351;1.9486;
0.0940011;2.28351;1.94794;
0.0940012;2.2835;1.94672;
0.0940016;2.28348;1.94474;
0.0940022;2.28345;1.94155;
0.0940035;2.2834;1.9359;
0.094006;2.28328;1.92474;
0.0940112;2.28305;1.90237;
0.0940214;2.28258;1.85771;
0.0940414;2.28167;1.77059;
0.0940614;2.28075;1.68365;
0.0940814;2.27984;1.59688;
0.0941014;2.27893;1.51029;
0.0941214;2.27802;1.42386;
0.0941414;2.27711;1.33761;
0.0941614;2.2762;1.25153;
0.0941814;2.27529;1.16563;
0.0942014;2.27438;1.07989;
0.0942214;2.27347;0.994333;
0.0942414;2.27256;0.908938;
0.0942614;2.27165;0.82372;
0.0942814;2.27074;0.738667;
0.0943014;2.26983;0.653789;
0.0943214;2.26892;0.569075;
0.0943414;2.26802;0.484536;
0.0943614;2.26711;0.400161;
0.0943814;2.2662;0.315958;
0.0944014;2.2653;0.23192;
0.0944214;2.26439;0.148054;
0.0944414;2.26348;0.0643519;
0.0944614;2.26258;-0.0191801;
0.0944814;2.26167;-0.102548;
0.0945014;2.26077;-0.185746;
0.0945214;2.25987;-0.268781;
0.0945414;2.25896;-0.351648;
0.0945614;2.25806;-0.434351;
0.0945814;2.25716;-0.516887;
0.0946014;2.25625;-0.599259;
0.0946214;2.25535;-0.681466;
0.0946414;2.25445;-0.763509;
0.0946614;2.25355;-0.845388;
0.0946814;2.25265;-0.927104;
0.0947014;2.25175;-1.00866;
0.0947214;2.25084;-1.09005;
0.0947414;2.24994;-1.17127;
0.0947614;2.24904;-1.25234;
0.0947814;2.24815;-1.33324;
0.0948014;2.24725;-1.41398;
0.0948214;2.24635;-1.49456;
0.0948414;2.24545;-1.57498;
0.0948614;2.24455;-1.65523;
0.0948814;2.24365;-1.73533;
0.0949014;2.24276;-1.81527;
0.0949214;2.24186;-1.89505;
0.0949414;2.24096;-1.97466;
0.0949614;2.24007;-2.05412;
0.0949814;2.23917;-2.13342;
0.095001;2.23829;-2.21098;
0.0950011;2.23829;-2.21203;
0.0950013;2.23828;-2.21379;
0.0950017;2.23826;-2.21567;
0.095002;2.23825;-2.2159;
0.0950021;2.23824;-2.21524;
0.0950022;2.23824;-2.21402;
0.0950026;2.23822;-2.21204;
0.0950032;2.23819;-2.20884;
0.0950045;2.23814;-2.20318;
0.095007;2.23802;-2.192;
0.0950122;2.23779;-2.16959;
0.0950224;2.23734;-2.12485;
0.0950424;2.23644;-2.03756;
0.0950624;2.23555;-1.95047;
0.0950824;2.23465;-1.86353;
0.0951024;2.23376;-1.77678;
0.0951224;2.23287;-1.69019;
0.0951424;2.23197;-1.60379;
0.0951624;2.23108;-1.51755;
0.0951824;2.23019;-1.43149;
0.0952024;2.2293;-1.34559;
0.0952224;2.2284;-1.25988;
0.0952424;2.22751;-1.17432;
0.0952624;2.22662;-1.08895;
0.0952824;2.22573;-1.00374;
0.0953024;2.22484;-0.918703;
0.0953224;2.22395;-0.833833;
0.0953424;2.22306;-0.749137;
0.0953624;2.22217;-0.664606;
0.0953824;2.22128;-0.580248;
0.0954024;2.2204;-0.496055;
0.0954224;2.21951;-0.412033;
0.0954424;2.21862;-0.328177;
0.0954624;2.21773;-0.244491;
0.0954824;2.21685;-0.160969;
0.0955024;2.21596;-0.0776165;
0.0955224;2.21507;0.00557155;
0.0955424;2.21419;0.0885914;
0.0955624;2.2133;0.171447;
0.0955824;2.21242;0.254136;
0.0956024;2.21153;0.33666;
0.0956224;2.21065;0.419019;
0.0956424;2.20976;0.501214;
0.0956624;2.20888;0.583244;
0.0956824;2.208;0.665111;
0.0957024;2.20711;0.746813;
0.0957224;2.20623;0.828353;
0.0957424;2.20535;0.90973;
0.0957624;2.20447;0.990944;
0.0957824;2.20358;1.072;
0.0958024;2.2027;1.15289;
0.0958224;2.20182;1.23361;
0.0958424;2.20094;1.31418;
0.0958624;2.20006;1.39459;
0.0958824;2.19918;1.47483;
0.0959024;2.1983;1.55492;
0.0959224;2.19742;1.63484;
0.0959424;2.19654;1.71461;
0.0959624;2.19567;1.79421;
0.0959824;2.19479;1.87366;
0.096;2.19402;1.94344;
0.0960001;2.19401;1.94449;
0.0960003;2.194;1.94625;
0.0960007;2.19399;1.94813;
0.096001;2.19397;1.94837;
0.0960011;2.19397;1.94771;
0.0960012;2.19396;1.94649;
0.0960016;2.19395;1.94451;
0.0960022;2.19392;1.94132;
0.0960035;2.19386;1.93567;
0.096006;2.19375;1.92451;
0.0960112;2.19353;1.90214;
0.0960214;2.19308;1.85748;
0.0960414;2.1922;1.77036;
0.0960614;2.19132;1.68342;
0.0960814;2.19045;1.59665;
0.0961014;2.18957;1.51006;
0.0961214;2.1887;1.42363;
0.0961414;2.18782;1.33738;
0.0961614;2.18694;1.2513;
0.0961814;2.18607;1.1654;
0.0962014;2.1852;1.07967;
0.0962214;2.18432;0.994107;
0.0962414;2.18345;0.908712;
0.0962614;2.18258;0.823495;
0.0962814;2.1817;0.738442;
0.0963014;2.18083;0.653564;
0.0963214;2.17996;0.568851;
0.0963414;2.17909;0.484312;
0.0963614;2.17821;0.399937;
0.0963814;2.17734;0.315735;
0.0964014;2.17647;0.231698;
0.0964214;2.1756;0.147832;
0.0964414;2.17473;0.0641305;
0.0964614;2.17386;-0.0194011;
0.0964814;2.17299;-0.102768;
0.0965014;2.17212;-0.185966;
0.0965214;2.17126;-0.269001;
0.0965414;2.17039;-0.351867;
0.0965614;2.16952;-0.434569;
0.0965814;2.16865;-0.517105;
0.0966014;2.16778;-0.599477;
0.0966214;2.16692;-0.681683;
0.0966414;2.16605;-0.763727;
0.0966614;2.16518;-0.845605;
0.0966814;2.16432;-0.92732;
0.0967014;2.16345;-1.00887;
0.0967214;2.16259;-1.09026;
0.0967414;2.16172;-1.17149;
0.0967614;2.16086;-1.25255;
0.0967814;2.15999;-1.33345;
0.0968014;2.15913;-1.41419;
0.0968214;2.15827;-1.49477;
0.0968414;2.1574;-1.57519;
0.0968614;2.15654;-1.65545;
0.0968814;2.15568;-1.73554;
0.0969014;2.15482;-1.81548;
0.0969214;2.15395;-1.89526;
0.0969414;2.15309;-1.97488;
0.0969614;2.15223;-2.05433;
0.0969814;2.15137;-2.13363;
0.097001;2.15053;-2.21119;
0.0970011;2.15052;-2.21224;
0.0970013;2.15052;-2.214;
0.0970017;2.1505;-2.21588;
0.097002;2.15049;-2.21611;
0.0970021;2.15048;-2.21545;
0.0970022;2.15048;-2.21423;
0.0970026;2.15046;-2.21224;
0.0970032;2.15043;-2.20905;
0.0970045;2.15038;-2.20339;
0.097007;2.15027;-2.19221;
0.0970122;2.15005;-2.1698;
0.0970224;2.14961;-2.12506;
0.0970424;2.14875;-2.03777;
0.0970624;2.14789;-1.95068;
0.0970824;2.14703;-1.86374;
0.0971024;2.14617;-1.77699;
0.0971224;2.14531;-1.6904;
0.0971424;2.14446;-1.604;
0.0971624;2.1436;-1.51776;
0.0971824;2.14274;-1.4317;
0.0972024;2.14188;-1.3458;
0.0972224;2.14103;-1.26008;
0.0972424;2.14017;-1.17453;
0.0972624;2.13931;-1.08915;
0.0972824;2.13846;-1.00394;
0.0973024;2.1376;-0.918906;
0.0973224;2.13675;-0.834036;
0.0973424;2.13589;-0.749339;
0.0973624;2.13504;-0.664808;
0.0973824;2.13419;-0.58045;
0.0974024;2.13333;-0.496256;
0.0974224;2.13248;-0.412234;
0.0974424;2.13163;-0.328377;
0.0974624;2.13077;-0.24469;
0.0974824;2.12992;-0.161168;
0.0975024;2.12907;-0.0778156;
0.0975224;2.12822;0.00537281;
0.0975424;2.12737;0.088393;
0.0975624;2.12652;0.171249;
0.0975824;2.12567;0.253938;
0.0976024;2.12482;0.336463;
0.0976224;2.12397;0.418822;
0.0976424;2.12312;0.501018;
0.0976624;2.12227;0.583048;
0.0976824;2.12142;0.664915;
0.0977024;2.12057;0.746618;
0.0977224;2.11972;0.828159;
0.0977424;2.11888;0.909535;
0.0977624;2.11803;0.99075;
0.0977824;2.11718;1.0718;
0.0978024;2.11633;1.15269;
0.0978224;2.11549;1.23342;
0.0978424;2.11464;1.31399;
0.0978624;2.1138;1.39439;
0.0978824;2.11295;1.47464;
0.0979024;2.11211;1.55473;
0.0979224;2.11126;1.63465;
0.0979424;2.11042;1.71442;
0.0979624;2.10957;1.79402;
0.0979824;2.10873;1.87347;
0.098;2.10799;1.94325;
0.0980001;2.10798;1.9443;
0.0980003;2.10797;1.94606;
0.0980007;2.10796;1.94794;
0.098001;2.10795;1.94818;
0.0980011;2.10794;1.94752;
0.0980012;2.10794;1.9463;
0.0980016;2.10792;1.94432;
0.0980022;2.10789;1.94113;
0.0980035;2.10784;1.93548;
0.098006;2.10773;1.92432;
0.0980112;2.10752;1.90195;
0.0980214;2.10709;1.85729;
0.0980414;2.10624;1.77017;
0.0980614;2.1054;1.68323;
0.0980814;2.10456;1.59646;
0.0981014;2.10372;1.50987;
0.0981214;2.10288;1.42344;
0.0981414;2.10203;1.3372;
0.0981614;2.10119;1.25112;
0.0981814;2.10035;1.16522;
0.0982014;2.09951;1.07948;
0.0982214;2.09867;0.993921;
0.0982414;2.09783;0.908527;
0.0982614;2.097;0.82331;
0.0982814;2.09616;0.738258;
0.0983014;2.09532;0.65338;
0.0983214;2.09448;0.568668;
0.0983414;2.09364;0.484129;
0.0983614;2.09281;0.399755;
0.0983814;2.09197;0.315553;
0.0984014;2.09113;0.231516;
0.0984214;2.0903;0.14765;
0.0984414;2.08946;0.0639492;
0.0984614;2.08862;-0.019582;
0.0984814;2.08779;-0.102949;
0.0985014;2.08695;-0.186147;
0.0985214;2.08612;-0.26918;
0.0985414;2.08529;-0.352046;
0.0985614;2.08445;-0.434748;
0.0985814;2.08362;-0.517284;
0.0986014;2.08278;-0.599656;
0.0986214;2.08195;-0.681861;
0.0986414;2.08112;-0.763904;
0.0986614;2.08029;-0.845782;
0.0986814;2.07945;-0.927497;
0.0987014;2.07862;-1.00905;
0.0987214;2.07779;-1.09044;
0.0987414;2.07696;-1.17166;
0.0987614;2.07613;-1.25273;
0.0987814;2.0753;-1.33363;
0.0988014;2.07447;-1.41437;
0.0988214;2.07364;-1.49495;
0.0988414;2.07281;-1.57536;
0.0988614;2.07198;-1.65562;
0.0988814;2.07115;-1.73572;
0.0989014;2.07033;-1.81565;
0.0989214;2.0695;-1.89543;
0.0989414;2.06867;-1.97505;
0.0989614;2.06784;-2.05451;
0.0989814;2.06702;-2.13381;
0.099001;2.06621;-2.21137;
0.0990011;2.0662;-2.21241;
0.0990013;2.06619;-2.21417;
0.0990017;2.06618;-2.21605;
0.099002;2.06616;-2.21628;
0.0990021;2.06616;-2.21562;
0.0990022;2.06615;-2.2144;
0.0990026;2.06614;-2.21242;
0.0990032;2.06611;-2.20922;
0.0990045;2.06606;-2.20356;
0.099007;2.06596;-2.19238;
0.0990122;2.06574;-2.16998;
0.0990224;2.06532;-2.12523;
0.0990424;2.0645;-2.03794;
0.0990624;2.06367;-1.95085;
0.0990824;2.06284;-1.86391;
0.0991024;2.06202;-1.77716;
0.0991224;2.06119;-1.69057;
0.0991424;2.06037;-1.60417;
0.0991624;2.05955;-1.51792;
0.0991824;2.05872;-1.43186;
0.0992024;2.0579;-1.34597;
0.0992224;2.05708;-1.26025;
0.0992424;2.05625;-1.1747;
0.0992624;2.05543;-1.08932;
0.0992824;2.05461;-1.00411;
0.0993024;2.05379;-0.919072;
0.0993224;2.05297;-0.834202;
0.0993424;2.05215;-0.749505;
0.0993624;2.05132;-0.664973;
0.0993824;2.0505;-0.580615;
0.0994024;2.04968;-0.496421;
0.0994224;2.04886;-0.412399;
0.0994424;2.04805;-0.328541;
0.0994624;2.04723;-0.244854;
0.0994824;2.04641;-0.161332;
0.0995024;2.04559;-0.0779786;
0.0995224;2.04477;0.0052101;
0.0995424;2.04395;0.0882306;
0.0995624;2.04314;0.171087;
0.0995824;2.04232;0.253776;
0.0996024;2.0415;0.336302;
0.0996224;2.04069;0.418661;
0.0996424;2.03987;0.500857;
0.0996624;2.03905;0.582888;
0.0996824;2.03824;0.664755;
0.0997024;2.03742;0.746458;
0.0997224;2.03661;0.827999;
0.0997424;2.03579;0.909376;
0.0997624;2.03498;0.990591;
0.0997824;2.03417;1.07164;
0.0998024;2.03335;1.15253;
0.0998224;2.03254;1.23326;
0.0998424;2.03173;1.31383;
0.0998624;2.03091;1.39424;
0.0998824;2.0301;1.47448;
0.0999024;2.02929;1.55457;
0.0999224;2.02848;1.63449;
0.0999424;2.02767;1.71426;
0.0999624;2.02686;1.79387;
0.0999824;2.02605;1.87331;
0.1;2.02533;1.9431;
0.1;2.02533;1.94414;
0.1;2.02532;1.9459;
0.100001;2.0253;1.94779;
0.100001;2.02529;1.94802;
0.100001;2.02529;1.94736;
0.100001;2.02528;1.94615;
0.100002;2.02527;1.94416;
0.100002;2.02524;1.94097;
0.100003;2.02519;1.93532;
0.100006;2.02509;1.92416;
0.100011;2.02488;1.9018;
0.100021;2.02447;1.85714;
0.100041;2.02366;1.77001;
0.100061;2.02285;1.68308;
0.100081;2.02204;1.5963;
0.100101;2.02123;1.50972;
0.100121;2.02042;1.42329;
0.100141;2.01961;1.33704;
0.100161;2.0188;1.25096;
0.100181;2.018;1.16506;
0.100201;2.01719;1.07933;
0.100221;2.01638;0.99377;
0.100241;2.01558;0.908376;
0.100261;2.01477;0.823159;
0.100281;2.01397;0.738107;
0.100301;2.01316;0.65323;
0.100321;2.01236;0.568517;
0.100341;2.01155;0.483979;
0.100361;2.01075;0.399605;
0.100381;2.00994;0.315404;
0.100401;2.00914;0.231367;
0.100421;2.00833;0.147502;
0.100441;2.00753;0.0638008;
0.100461;2.00673;-0.0197301;
0.100481;2.00593;-0.103097;
0.100501;2.00512;-0.186294;
0.100521;2.00432;-0.269328;
0.100541;2.00352;-0.352193;
0.100561;2.00272;-0.434895;
0.100581;2.00192;-0.51743;
0.100601;2.00112;-0.599802;
0.100621;2.00032;-0.682007;
0.100641;1.99952;-0.76405;
0.100661;1.99872;-0.845927;
0.100681;1.99792;-0.927642;
0.100701;1.99712;-1.00919;
0.100721;1.99632;-1.09058;
0.100741;1.99552;-1.17181;
0.100761;1.99472;-1.25287;
0.100781;1.99393;-1.33377;
0.100801;1.99313;-1.41451;
0.100821;1.99233;-1.49509;
0.100841;1.99154;-1.57551;
0.100861;1.99074;-1.65576;
0.100881;1.98994;-1.73586;
0.100901;1.98915;-1.8158;
0.100921;1.98835;-1.89557;
0.100941;1.98756;-1.97519;
0.100961;1.98676;-2.05465;
0.100981;1.98597;-2.13395;
0.101001;1.98519;-2.21151;
0.101001;1.98518;-2.21255;
0.101001;1.98518;-2.21431;
0.101002;1.98516;-2.21619;
0.101002;1.98515;-2.21642;
0.101002;1.98515;-2.21576;
0.101002;1.98514;-2.21455;
0.101003;1.98513;-2.21256;
0.101003;1.9851;-2.20937;
0.101004;1.98505;-2.2037;
0.101007;1.98495;-2.19252;
0.101012;1.98475;-2.17012;
0.101022;1.98434;-2.12537;
0.101042;1.98355;-2.03808;
0.101062;1.98275;-1.95099;
0.101082;1.98196;-1.86405;
0.101102;1.98117;-1.7773;
0.101122;1.98037;-1.69071;
0.101142;1.97958;-1.6043;
0.101162;1.97879;-1.51806;
0.101182;1.978;-1.432;
0.101202;1.97721;-1.3461;
0.101222;1.97642;-1.26039;
0.101242;1.97563;-1.17483;
0.101262;1.97484;-1.08946;
0.101282;1.97405;-1.00424;
0.101302;1.97326;-0.919208;
0.101322;1.97247;-0.834337;
0.101342;1.97168;-0.749641;
0.101362;1.97089;-0.665109;
0.101382;1.9701;-0.58075;
0.101402;1.96932;-0.496556;
0.101422;1.96853;-0.412533;
0.101442;1.96774;-0.328675;
0.101462;1.96695;-0.244988;
0.101482;1.96617;-0.161466;
0.101502;1.96538;-0.0781121;
0.101522;1.96459;0.00507689;
0.101542;1.96381;0.0880977;
0.101562;1.96302;0.170954;
0.101582;1.96224;0.253644;
0.101602;1.96145;0.33617;
0.101622;1.96067;0.418529;
0.101642;1.95988;0.500725;
0.101662;1.9591;0.582756;
0.101682;1.95832;0.664624;
0.101702;1.95753;0.746328;
0.101722;1.95675;0.827869;
0.101742;1.95597;0.909246;
0.101762;1.95519;0.990461;
0.101782;1.9544;1.07151;
0.101802;1.95362;1.1524;
0.101822;1.95284;1.23313;
0.101842;1.95206;1.3137;
0.101862;1.95128;1.39411;
0.101882;1.9505;1.47436;
0.101902;1.94972;1.55444;
0.101922;1.94894;1.63437;
0.101942;1.94816;1.71413;
0.101962;1.94738;1.79374;
0.101982;1.9466;1.87319;
0.102;1.94592;1.94297;
0.102;1.94591;1.94401;
0.102;1.94591;1.94578;
0.102001;1.94589;1.94766;
0.102001;1.94588;1.94789;
0.102001;1.94588;1.94723;
0.102001;1.94587;1.94602;
0.102002;1.94586;1.94403;
0.102002;1.94583;1.94085;
0.102003;1.94578;1.9352;
0.102006;1.94568;1.92403;
0.102011;1.94548;1.90167;
0.102021;1.94509;1.85701;
0.102041;1.94431;1.76989;
0.102061;1.94353;1.68295;
0.102081;1.94275;1.59618;
0.102101;1.94198;1.50959;
0.102121;1.9412;1.42316;
0.102141;1.94042;1.33692;
0.102161;1.93965;1.25084;
0.102181;1.93887;1.16494;
0.102201;1.9381;1.0792;
0.102221;1.93732;0.993645;
0.102241;1.93655;0.908252;
0.102261;1.93577;0.823035;
0.102281;1.935;0.737983;
0.102301;1.93422;0.653106;
0.102321;1.93345;0.568394;
0.102341;1.93268;0.483856;
0.102361;1.9319;0.399483;
0.102381;1.93113;0.315281;
0.102401;1.93036;0.231245;
0.102421;1.92959;0.14738;
0.102441;1.92881;0.0636792;
0.102461;1.92804;-0.0198514;
0.102481;1.92727;-0.103218;
0.102501;1.9265;-0.186415;
0.102521;1.92573;-0.269448;
0.102541;1.92496;-0.352314;
0.102561;1.92419;-0.435015;
0.102581;1.92342;-0.51755;
0.102601;1.92265;-0.599921;
0.102621;1.92188;-0.682126;
0.102641;1.92112;-0.764169;
0.102661;1.92035;-0.846046;
0.102681;1.91958;-0.927761;
0.102701;1.91881;-1.00931;
0.102721;1.91804;-1.0907;
0.102741;1.91728;-1.17192;
0.102761;1.91651;-1.25299;
0.102781;1.91574;-1.33389;
0.102801;1.91498;-1.41463;
0.102821;1.91421;-1.49521;
0.102841;1.91345;-1.57562;
0.102861;1.91268;-1.65588;
0.102881;1.91192;-1.73598;
0.102901;1.91115;-1.81591;
0.102921;1.91039;-1.89569;
0.102941;1.90962;-1.9753;
0.102961;1.90886;-2.05476;
0.102981;1.9081;-2.13406;
0.103001;1.90735;-2.21162;
0.103001;1.90734;-2.21266;
0.103001;1.90734;-2.21443;
0.103002;1.90732;-2.21631;
0.103002;1.90731;-2.21654;
0.103002;1.90731;-2.21588;
0.103002;1.9073;-2.21466;
0.103003;1.90729;-2.21267;
0.103003;1.90726;-2.20948;
0.103004;1.90722;-2.20382;
0.103007;1.90712;-2.19263;
0.103012;1.90692;-2.17023;
0.103022;1.90653;-2.12548;
0.103042;1.90577;-2.0382;
0.103062;1.90501;-1.9511;
0.103082;1.90425;-1.86416;
0.103102;1.90348;-1.77741;
0.103122;1.90272;-1.69082;
0.103142;1.90196;-1.60442;
0.103162;1.9012;-1.51818;
0.103182;1.90044;-1.43211;
0.103202;1.89968;-1.34622;
0.103222;1.89892;-1.2605;
0.103242;1.89816;-1.17494;
0.103262;1.8974;-1.08957;
0.103282;1.89664;-1.00436;
0.103302;1.89589;-0.91932;
0.103322;1.89513;-0.834449;
0.103342;1.89437;-0.749752;
0.103362;1.89361;-0.66522;
0.103382;1.89285;-0.58086;
0.103402;1.8921;-0.496666;
0.103422;1.89134;-0.412643;
0.103442;1.89058;-0.328785;
0.103462;1.88983;-0.245098;
0.103482;1.88907;-0.161575;
0.103502;1.88832;-0.0782214;
0.103522;1.88756;0.00496783;
0.103542;1.88681;0.0879888;
0.103562;1.88605;0.170846;
0.103582;1.8853;0.253535;
0.103602;1.88454;0.336062;
0.103622;1.88379;0.418421;
0.103642;1.88304;0.500618;
0.103662;1.88228;0.582649;
0.103682;1.88153;0.664517;
0.103702;1.88078;0.74622;
0.103722;1.88003;0.827762;
0.103742;1.87927;0.909139;
0.103762;1.87852;0.990355;
0.103782;1.87777;1.07141;
0.103802;1.87702;1.1523;
0.103822;1.87627;1.23303;
0.103842;1.87552;1.3136;
0.103862;1.87477;1.394;
0.103882;1.87402;1.47425;
0.103902;1.87327;1.55434;
0.103922;1.87252;1.63426;
0.103942;1.87177;1.71403;
0.103962;1.87102;1.79364;
0.103982;1.87028;1.87308;
0.104;1.86962;1.94287;
0.104;1.86962;1.94391;
0.104;1.86961;1.94567;
0.104001;1.8696;1.94756;
0.104001;1.86958;1.94779;
0.104001;1.86958;1.94713;
0.104001;1.86958;1.94592;
0.104002;1.86956;1.94393;
0.104002;1.86954;1.94074;
0.104003;1.86949;1.93509;
0.104006;1.8694;1.92393;
0.104011;1.86921;1.90157;
0.104021;1.86882;1.85691;
0.104041;1.86807;1.76978;
0.104061;1.86732;1.68285;
0.104081;1.86658;1.59688;
0.104101;1.86584;1.51029;
0.104121;1.86509;1.42387;
0.104141;1.86434;1.33762;
0.104161;1.8636;1.25154;
0.104181;1.86285;1.16564;
0.104201;1.86211;1.0799;
0.104221;1.86136;0.994342;
0.104241;1.86062;0.908947;
0.104261;1.85988;0.823729;
0.104281;1.85913;0.738676;
0.104301;1.85839;0.653798;
0.104321;1.85765;0.569084;
0.104341;1.8569;0.484545;
0.104361;1.85616;0.40017;
0.104381;1.85542;0.315967;
0.104401;1.85468;0.231929;
0.104421;1.85393;0.148063;
0.104441;1.85319;0.0643608;
0.104461;1.85245;-0.0191712;
0.104481;1.85171;-0.102539;
0.104501;1.85097;-0.185738;
0.104521;1.85023;-0.268772;
0.104541;1.84949;-0.351639;
0.104561;1.84875;-0.434342;
0.104581;1.84801;-0.516878;
0.104601;1.84727;-0.59925;
0.104621;1.84653;-0.681457;
0.104641;1.84579;-0.763501;
0.104661;1.84506;-0.845379;
0.104681;1.84432;-0.927095;
0.104701;1.84358;-1.00865;
0.104721;1.84284;-1.09004;
0.104741;1.84211;-1.17126;
0.104761;1.84137;-1.25233;
0.104781;1.84063;-1.33323;
0.104801;1.8399;-1.41397;
0.104821;1.83916;-1.49455;
0.104841;1.83843;-1.57497;
0.104861;1.83769;-1.65523;
0.104881;1.83696;-1.73532;
0.104901;1.83622;-1.81526;
0.104921;1.83549;-1.89504;
0.104941;1.83475;-1.97466;
0.104961;1.83402;-2.05412;
0.104981;1.83329;-2.13342;
0.105001;1.83256;-2.21171;
0.105001;1.83256;-2.21276;
0.105001;1.83255;-2.21452;
0.105002;1.83253;-2.2164;
0.105002;1.83252;-2.21663;
0.105002;1.83252;-2.21597;
0.105002;1.83251;-2.21475;
0.105003;1.8325;-2.21277;
0.105003;1.83248;-2.20957;
0.105004;1.83243;-2.20391;
0.105007;1.83234;-2.19273;
0.105012;1.83215;-2.17032;
0.105022;1.83178;-2.12558;
0.105042;1.83104;-2.03829;
0.105062;1.83031;-1.95119;
0.105082;1.82958;-1.86426;
0.105102;1.82885;-1.77751;
0.105122;1.82812;-1.69092;
0.105142;1.82738;-1.60451;
0.105162;1.82665;-1.51827;
0.105182;1.82592;-1.43221;
0.105202;1.82519;-1.34631;
0.105222;1.82446;-1.26059;
0.105242;1.82373;-1.17504;
0.105262;1.823;-1.08966;
0.105282;1.82228;-1.00445;
0.105302;1.82155;-0.919411;
0.105322;1.82082;-0.83454;
0.105342;1.82009;-0.749842;
0.105362;1.81936;-0.66531;
0.105382;1.81863;-0.580951;
0.105402;1.81791;-0.496756;
0.105422;1.81718;-0.412733;
0.105442;1.81645;-0.328875;
0.105462;1.81573;-0.245188;
0.105482;1.815;-0.161665;
0.105502;1.81427;-0.0783109;
0.105522;1.81355;0.00487853;
0.105542;1.81282;0.0878997;
0.105562;1.8121;0.170757;
0.105582;1.81137;0.253447;
0.105602;1.81065;0.335973;
0.105622;1.80993;0.418333;
0.105642;1.8092;0.500529;
0.105662;1.80848;0.582561;
0.105682;1.80776;0.664429;
0.105702;1.80703;0.746133;
0.105722;1.80631;0.827674;
0.105742;1.80559;0.909052;
0.105762;1.80487;0.990268;
0.105782;1.80414;1.07132;
0.105802;1.80342;1.15221;
0.105822;1.8027;1.23294;
0.105842;1.80198;1.31351;
0.105862;1.80126;1.39392;
0.105882;1.80054;1.47416;
0.105902;1.79982;1.55425;
0.105922;1.7991;1.63418;
0.105942;1.79838;1.71394;
0.105962;1.79766;1.79355;
0.105982;1.79695;1.873;
0.106;1.79633;1.94278;
0.106;1.79632;1.94383;
0.106;1.79631;1.94559;
0.106001;1.7963;1.94747;
0.106001;1.79629;1.9477;
0.106001;1.79629;1.94705;
0.106001;1.79628;1.94583;
0.106002;1.79627;1.94384;
0.106002;1.79625;1.94066;
0.106003;1.7962;1.93501;
0.106006;1.79611;1.92385;
0.106011;1.79593;1.90148;
0.106021;1.79557;1.85682;
0.106041;1.79486;1.7697;
0.106061;1.79413;1.68276;
0.106081;1.79339;1.59599;
0.106097;1.79282;1.52705;
0.106114;1.79222;1.45521;
0.106133;1.79154;1.37316;
0.106153;1.79082;1.28701;
0.106173;1.79011;1.20103;
0.106193;1.78939;1.11523;
0.106213;1.78867;1.0296;
0.106233;1.78796;0.94413;
0.106253;1.78724;0.858842;
0.106273;1.78653;0.773718;
0.106293;1.78582;0.68877;
0.106313;1.7851;0.603987;
0.106333;1.78439;0.519377;
0.106353;1.78367;0.434933;
0.106373;1.78296;0.350661;
0.106393;1.78225;0.266554;
0.106413;1.78153;0.182618;
0.106433;1.78082;0.0988471;
0.106453;1.78011;0.0152461;
0.106473;1.7794;-0.0681903;
0.106493;1.77869;-0.151458;
0.106513;1.77797;-0.234561;
0.106533;1.77726;-0.317496;
0.106553;1.77655;-0.400267;
0.106573;1.77584;-0.482871;
0.106593;1.77513;-0.565312;
0.106613;1.77442;-0.647586;
0.106633;1.77371;-0.729697;
0.106653;1.773;-0.811644;
0.106673;1.77229;-0.893427;
0.106693;1.77159;-0.975046;
0.106713;1.77088;-1.0565;
0.106733;1.77017;-1.1378;
0.106753;1.76946;-1.21893;
0.106773;1.76875;-1.2999;
0.106793;1.76805;-1.3807;
0.106813;1.76734;-1.46135;
0.106833;1.76663;-1.54183;
0.106853;1.76593;-1.62216;
0.106873;1.76522;-1.70232;
0.106893;1.76451;-1.78232;
0.106913;1.76381;-1.86217;
0.106933;1.7631;-1.94185;
0.106953;1.7624;-2.02138;
0.106973;1.76169;-2.10074;
0.106993;1.76099;-2.17995;
0.107001;1.7607;-2.21179;
0.107001;1.7607;-2.21284;
0.107001;1.76069;-2.2146;
0.107002;1.76068;-2.21648;
0.107002;1.76067;-2.21671;
0.107002;1.76067;-2.21605;
0.107002;1.76066;-2.21483;
0.107003;1.76065;-2.21284;
0.107003;1.76063;-2.20965;
0.107004;1.76058;-2.20399;
0.107007;1.76049;-2.19281;
0.107012;1.76031;-2.1704;
0.107022;1.75995;-2.12565;
0.107042;1.75925;-2.03837;
0.107062;1.75854;-1.95127;
0.107082;1.75784;-1.86433;
0.107102;1.75714;-1.77758;
0.107122;1.75643;-1.69099;
0.107142;1.75573;-1.60459;
0.107162;1.75503;-1.51834;
0.107182;1.75433;-1.43228;
0.107202;1.75363;-1.34638;
0.107222;1.75293;-1.26067;
0.107242;1.75222;-1.17511;
0.107262;1.75152;-1.08973;
0.107282;1.75082;-1.00452;
0.107302;1.75012;-0.919486;
0.107322;1.74942;-0.834614;
0.107342;1.74872;-0.749917;
0.107362;1.74802;-0.665385;
0.107382;1.74732;-0.581025;
0.107402;1.74663;-0.49683;
0.107422;1.74593;-0.412807;
0.107442;1.74523;-0.328949;
0.107462;1.74453;-0.245261;
0.107482;1.74383;-0.161738;
0.107502;1.74314;-0.0783841;
0.107522;1.74244;0.00480545;
0.107542;1.74174;0.0878268;
0.107562;1.74105;0.170684;
0.107582;1.74035;0.253374;
0.107602;1.73965;0.3359;
0.107622;1.73896;0.41826;
0.107642;1.73826;0.500457;
0.107662;1.73757;0.582489;
0.107682;1.73687;0.664357;
0.107702;1.73618;0.746061;
0.107722;1.73548;0.827603;
0.107742;1.73479;0.90898;
0.107762;1.7341;0.990196;
0.107782;1.7334;1.07125;
0.107802;1.73271;1.15214;
0.107822;1.73202;1.23287;
0.107842;1.73132;1.31344;
0.107862;1.73063;1.39385;
0.107882;1.72994;1.47409;
0.107902;1.72925;1.55418;
0.107922;1.72856;1.63411;
0.107942;1.72786;1.71387;
0.107962;1.72718;1.79348;
0.107982;1.7265;1.87293;
0.108;1.72592;1.94271;
0.108;1.72592;1.94376;
0.108;1.72591;1.94552;
0.108001;1.7259;1.9474;
0.108001;1.72589;1.94764;
0.108001;1.72589;1.94698;
0.108001;1.72588;1.94576;
0.108002;1.72587;1.94378;
0.108002;1.72585;1.94059;
0.108003;1.72581;1.93494;
0.108006;1.72573;1.92378;
0.108008;1.77086;1.91336;
0.108011;1.89328;1.90287;
0.108013;1.98973;1.89377;
0.108015;2.02124;1.88416;
0.108018;2.02112;1.87305;
0.10802;2.02101;1.86101;
0.108024;2.02087;1.84673;
0.10803;2.02059;1.81819;
0.108043;2.02005;1.76263;
0.108054;2.01959;1.71355;
0.108067;2.01906;1.65681;
0.108084;2.01839;1.58513;
0.108101;2.01769;1.50957;
0.108121;2.01688;1.42314;
0.108141;2.01607;1.3369;
0.108161;2.01527;1.25082;
0.108181;2.01446;1.16492;
0.108201;2.01365;1.07918;
0.108221;2.01285;0.993623;
0.108241;2.01204;0.908232;
0.108261;2.01124;0.823013;
0.108281;2.01044;0.737964;
0.108301;2.00963;0.653084;
0.108321;2.00883;0.568375;
0.108341;2.00802;0.483834;
0.108361;2.00722;0.399463;
0.108381;2.00642;0.31526;
0.108401;2.00562;0.231225;
0.108421;2.00481;0.147358;
0.108441;2.00401;0.0636593;
0.108461;2.00321;-0.0198726;
0.108481;2.00241;-0.103238;
0.108501;2.00161;-0.186436;
0.108521;2.00081;-0.269468;
0.108541;2.00001;-0.352335;
0.108561;1.99921;-0.435035;
0.108581;1.99841;-0.517571;
0.108601;1.99761;-0.599941;
0.108621;1.99681;-0.682147;
0.108641;1.99601;-0.764189;
0.108661;1.99521;-0.846066;
0.108681;1.99442;-0.927781;
0.108701;1.99362;-1.00933;
0.108721;1.99282;-1.09072;
0.108741;1.99202;-1.17194;
0.108761;1.99123;-1.25301;
0.108781;1.99043;-1.33391;
0.108801;1.98963;-1.41465;
0.108821;1.98884;-1.49523;
0.108841;1.98804;-1.57564;
0.108861;1.98725;-1.6559;
0.108881;1.98645;-1.736;
0.108901;1.98566;-1.81593;
0.108921;1.98487;-1.89571;
0.108941;1.98407;-1.97532;
0.108961;1.98328;-2.05478;
0.108981;1.98249;-2.13408;
0.109001;1.98171;-2.21185;
0.109001;1.9817;-2.2129;
0.109001;1.98169;-2.21466;
0.109002;1.98168;-2.21654;
0.109002;1.98167;-2.21677;
0.109002;1.98166;-2.21611;
0.109002;1.98166;-2.21489;
0.109003;1.98164;-2.21291;
0.109003;1.98162;-2.20971;
0.109004;1.98157;-2.20405;
0.109007;1.98147;-2.19287;
0.109012;1.98126;-2.17046;
0.109022;1.98086;-2.12572;
0.109042;1.98007;-2.03843;
0.109062;1.97927;-1.95133;
0.109082;1.97848;-1.8644;
0.109102;1.97769;-1.77764;
0.109122;1.9769;-1.69105;
0.109142;1.97611;-1.60465;
0.109162;1.97532;-1.51841;
0.109182;1.97453;-1.43234;
0.109202;1.97374;-1.34645;
0.109222;1.97295;-1.26073;
0.109242;1.97216;-1.17517;
0.109262;1.97137;-1.0898;
0.109282;1.97058;-1.00458;
0.109302;1.9698;-0.919547;
0.109322;1.96901;-0.834675;
0.109342;1.96822;-0.749978;
0.109362;1.96743;-0.665445;
0.109382;1.96665;-0.581086;
0.109402;1.96586;-0.496891;
0.109422;1.96507;-0.412868;
0.109442;1.96429;-0.329009;
0.109462;1.9635;-0.245321;
0.109482;1.96272;-0.161798;
0.109502;1.96193;-0.078444;
0.109522;1.96115;0.00474565;
0.109542;1.96036;0.0877671;
0.109562;1.95958;0.170625;
0.109582;1.9588;0.253315;
0.109602;1.95801;0.335841;
0.109622;1.95723;0.418201;
0.109642;1.95645;0.500398;
0.109662;1.95566;0.58243;
0.109682;1.95488;0.664298;
0.109702;1.9541;0.746002;
0.109722;1.95332;0.827544;
0.109742;1.95254;0.908922;
0.109762;1.95176;0.990138;
0.109782;1.95098;1.07119;
0.109802;1.9502;1.15208;
0.109822;1.94942;1.23281;
0.109842;1.94864;1.31338;
0.109862;1.94786;1.39379;
0.109882;1.94708;1.47404;
0.109902;1.9463;1.55412;
0.109922;1.94552;1.63405;
0.109942;1.94474;1.71382;
0.109962;1.94397;1.79342;
0.109982;1.94319;1.87287;
0.11;1.9425;1.94265;
0.11;1.9425;1.9437;
0.11;1.94249;1.94546;
0.110001;1.94248;1.94735;
0.110001;1.94247;1.94758;
0.110001;1.94246;1.94692;
0.110001;1.94246;1.9457;
0.110002;1.94244;1.94372;
0.110002;1.94242;1.94053;
0.110003;1.94237;1.93488;
0.110006;1.94227;1.92372;
0.110011;1.94207;1.90136;
0.110021;1.94167;1.85669;
0.110041;1.9409;1.76957;
0.110061;1.94012;1.68264;
0.110081;1.93934;1.59587;
0.110101;1.93857;1.50928;
0.110121;1.93779;1.42285;
0.110141;1.93702;1.33661;
0.110161;1.93624;1.25053;
0.110181;1.93547;1.16463;
0.110201;1.9347;1.07889;
0.110221;1.93392;0.993336;
0.110241;1.93315;0.907944;
0.110261;1.93238;0.822728;
0.110281;1.9316;0.737676;
0.110301;1.93083;0.6528;
0.110321;1.93006;0.568089;
0.110341;1.92929;0.483551;
0.110361;1.92851;0.399178;
0.110381;1.92774;0.314978;
0.110401;1.92697;0.230942;
0.110421;1.9262;0.147077;
0.110441;1.92543;0.0633771;
0.110461;1.92466;-0.0201529;
0.110481;1.92389;-0.103519;
0.110501;1.92312;-0.186715;
0.110521;1.92235;-0.269748;
0.110541;1.92158;-0.352613;
0.110561;1.92082;-0.435314;
0.110581;1.92005;-0.517848;
0.110601;1.91928;-0.600219;
0.110621;1.91851;-0.682423;
0.110641;1.91775;-0.764465;
0.110661;1.91698;-0.846342;
0.110681;1.91621;-0.928056;
0.110701;1.91545;-1.00961;
0.110721;1.91468;-1.09099;
0.110741;1.91391;-1.17222;
0.110761;1.91315;-1.25328;
0.110781;1.91238;-1.33418;
0.110801;1.91162;-1.41492;
0.110821;1.91085;-1.4955;
0.110841;1.91009;-1.57591;
0.110861;1.90933;-1.65617;
0.110881;1.90856;-1.73626;
0.110901;1.9078;-1.8162;
0.110921;1.90704;-1.89598;
0.110941;1.90627;-1.97559;
0.110961;1.90551;-2.05505;
0.110981;1.90475;-2.13435;
0.111001;1.904;-2.21191;
0.111001;1.904;-2.21295;
0.111001;1.90399;-2.21471;
0.111002;1.90398;-2.21659;
0.111002;1.90396;-2.21682;
0.111002;1.90396;-2.21616;
0.111002;1.90396;-2.21495;
0.111003;1.90394;-2.21296;
0.111003;1.90392;-2.20977;
0.111004;1.90387;-2.2041;
0.111007;1.90377;-2.19292;
0.111012;1.90358;-2.17052;
0.111022;1.90319;-2.12577;
0.111042;1.90243;-2.03848;
0.111062;1.90167;-1.95138;
0.111082;1.90091;-1.86445;
0.111102;1.90014;-1.77769;
0.111122;1.89939;-1.69111;
0.111142;1.89863;-1.6047;
0.111162;1.89787;-1.51846;
0.111182;1.89711;-1.43239;
0.111202;1.89635;-1.3465;
0.111222;1.89559;-1.26078;
0.111242;1.89483;-1.17522;
0.111262;1.89407;-1.08985;
0.111282;1.89332;-1.00463;
0.111302;1.89256;-0.919597;
0.111322;1.8918;-0.834725;
0.111342;1.89105;-0.750028;
0.111362;1.89029;-0.665495;
0.111382;1.88953;-0.581135;
0.111402;1.88878;-0.496941;
0.111422;1.88802;-0.412917;
0.111442;1.88727;-0.329059;
0.111462;1.88651;-0.245371;
0.111482;1.88576;-0.161847;
0.111502;1.885;-0.0784931;
0.111522;1.88425;0.00469663;
0.111542;1.8835;0.0877182;
0.111562;1.88274;0.170576;
0.111582;1.88199;0.253266;
0.111602;1.88124;0.335793;
0.111622;1.88049;0.418153;
0.111642;1.87973;0.50035;
0.111662;1.87898;0.582381;
0.111682;1.87823;0.66425;
0.111702;1.87748;0.745954;
0.111722;1.87673;0.827496;
0.111742;1.87598;0.908874;
0.111762;1.87523;0.99009;
0.111782;1.87448;1.07114;
0.111802;1.87373;1.15204;
0.111822;1.87298;1.23276;
0.111842;1.87223;1.31333;
0.111862;1.87148;1.39374;
0.111882;1.87073;1.47399;
0.111902;1.86998;1.55407;
0.111922;1.86924;1.634;
0.111942;1.86849;1.71377;
0.111962;1.86774;1.79338;
0.111982;1.867;1.87282;
0.112;1.86634;1.94261;
0.112;1.86634;1.94365;
0.112;1.86633;1.94542;
0.112001;1.86632;1.9473;
0.112001;1.8663;1.94753;
0.112001;1.8663;1.94687;
0.112001;1.8663;1.94566;
0.112002;1.86628;1.94367;
0.112002;1.86626;1.94049;
0.112003;1.86621;1.93484;
0.112006;1.86612;1.92367;
0.112011;1.86593;1.90131;
0.112021;1.86555;1.85665;
0.112041;1.86479;1.76953;
0.112061;1.86405;1.68259;
0.11208;1.86335;1.60111;
0.1121;1.8626;1.51451;
0.11212;1.86186;1.42807;
0.11214;1.86111;1.34182;
0.11216;1.86037;1.25573;
0.11218;1.85962;1.16982;
0.1122;1.85888;1.08407;
0.11222;1.85814;0.998505;
0.11224;1.85739;0.913102;
0.11226;1.85665;0.827875;
0.11228;1.85591;0.742814;
0.1123;1.85517;0.657927;
0.11232;1.85442;0.573206;
0.11234;1.85368;0.488658;
0.11236;1.85294;0.404275;
0.11238;1.8522;0.320064;
0.1124;1.85146;0.236018;
0.11242;1.85072;0.152143;
0.11244;1.84998;0.068433;
0.11246;1.84924;-0.0151072;
0.11248;1.8485;-0.0984829;
0.1125;1.84776;-0.18169;
0.11252;1.84702;-0.264732;
0.11254;1.84628;-0.347607;
0.11256;1.84554;-0.430318;
0.11258;1.84481;-0.512862;
0.1126;1.84407;-0.595243;
0.11262;1.84333;-0.677458;
0.11264;1.84259;-0.759509;
0.11266;1.84186;-0.841396;
0.11268;1.84112;-0.92312;
0.1127;1.84038;-1.00468;
0.11272;1.83965;-1.08608;
0.11274;1.83891;-1.16731;
0.11276;1.83818;-1.24838;
0.11278;1.83744;-1.32929;
0.1128;1.83671;-1.41004;
0.11282;1.83597;-1.49063;
0.11284;1.83524;-1.57106;
0.11286;1.8345;-1.65132;
0.11288;1.83377;-1.73143;
0.1129;1.83304;-1.81137;
0.11292;1.8323;-1.89116;
0.11294;1.83157;-1.97078;
0.11296;1.83084;-2.05025;
0.11298;1.83011;-2.12956;
0.113;1.82938;-2.20871;
0.113001;1.82935;-2.21195;
0.113001;1.82934;-2.21299;
0.113001;1.82933;-2.21475;
0.113002;1.82932;-2.21663;
0.113002;1.82931;-2.21686;
0.113002;1.82931;-2.2162;
0.113002;1.8293;-2.21499;
0.113003;1.82929;-2.213;
0.113003;1.82926;-2.20981;
0.113004;1.82922;-2.20415;
0.113007;1.82912;-2.19296;
0.113012;1.82894;-2.17056;
0.113022;1.82856;-2.12581;
0.113042;1.82783;-2.03852;
0.113062;1.8271;-1.95143;
0.113082;1.82637;-1.86449;
0.113102;1.82564;-1.77774;
0.113122;1.82491;-1.69115;
0.113142;1.82418;-1.60474;
0.113162;1.82345;-1.5185;
0.113182;1.82272;-1.43244;
0.113202;1.82199;-1.34654;
0.113222;1.82126;-1.26082;
0.113242;1.82053;-1.17526;
0.113262;1.81981;-1.08989;
0.113282;1.81908;-1.00468;
0.113302;1.81835;-0.919638;
0.113322;1.81762;-0.834766;
0.113342;1.8169;-0.750069;
0.113362;1.81617;-0.665536;
0.113382;1.81544;-0.581176;
0.113402;1.81472;-0.496981;
0.113422;1.81399;-0.412958;
0.113442;1.81327;-0.329099;
0.113462;1.81254;-0.245411;
0.113482;1.81182;-0.161888;
0.113502;1.81109;-0.0785333;
0.113522;1.81037;0.0046565;
0.113542;1.80964;0.0876781;
0.113562;1.80892;0.170536;
0.113582;1.8082;0.253226;
0.113602;1.80747;0.335753;
0.113622;1.80675;0.418113;
0.113642;1.80603;0.50031;
0.113662;1.80531;0.582342;
0.113682;1.80458;0.66421;
0.113702;1.80386;0.745915;
0.113722;1.80314;0.827457;
0.113742;1.80242;0.908835;
0.113762;1.8017;0.990051;
0.113782;1.80098;1.0711;
0.113802;1.80026;1.152;
0.113822;1.79954;1.23273;
0.113842;1.79882;1.31329;
0.113862;1.7981;1.3937;
0.113882;1.79738;1.47395;
0.113902;1.79666;1.55404;
0.113922;1.79594;1.63396;
0.113942;1.79522;1.71373;
0.113962;1.79451;1.79334;
0.113982;1.79379;1.87279;
0.114;1.79317;1.94257;
0.114;1.79317;1.94361;
0.114;1.79316;1.94538;
0.114001;1.79315;1.94726;
0.114001;1.79314;1.94749;
0.114001;1.79314;1.94683;
0.114001;1.79313;1.94562;
0.114002;1.79312;1.94363;
0.114002;1.7931;1.94045;
0.114003;1.79305;1.9348;
0.114006;1.79296;1.92363;
0.114011;1.79279;1.90127;
0.114021;1.79243;1.85661;
0.114041;1.79171;1.76949;
0.114061;1.79098;1.68255;
0.114081;1.79024;1.59578;
0.114097;1.78967;1.52674;
0.114114;1.78907;1.45432;
0.114134;1.78836;1.36802;
0.114154;1.78764;1.28187;
0.114174;1.78693;1.19591;
0.114194;1.78621;1.11011;
0.114214;1.7855;1.02449;
0.114234;1.78478;0.939039;
0.114254;1.78407;0.853761;
0.114274;1.78335;0.768648;
0.114294;1.78264;0.68371;
0.114314;1.78193;0.598937;
0.114334;1.78122;0.514337;
0.114354;1.7805;0.429903;
0.114374;1.77979;0.345641;
0.114394;1.77908;0.261544;
0.114414;1.77837;0.177618;
0.114434;1.77766;0.0938569;
0.114454;1.77695;0.010266;
0.114474;1.77624;-0.0731604;
0.114494;1.77553;-0.156418;
0.114514;1.77482;-0.239511;
0.114534;1.77411;-0.322436;
0.114554;1.7734;-0.405198;
0.114574;1.77269;-0.487792;
0.114594;1.77198;-0.570223;
0.114614;1.77127;-0.652487;
0.114634;1.77056;-0.734589;
0.114654;1.76985;-0.816525;
0.114674;1.76915;-0.898299;
0.114694;1.76844;-0.979908;
0.114714;1.76773;-1.06136;
0.114734;1.76702;-1.14264;
0.114754;1.76632;-1.22376;
0.114774;1.76561;-1.30472;
0.114794;1.7649;-1.38552;
0.114814;1.7642;-1.46615;
0.114834;1.76349;-1.54663;
0.114854;1.76279;-1.62694;
0.114874;1.76208;-1.7071;
0.114894;1.76138;-1.78709;
0.114914;1.76067;-1.86692;
0.114934;1.75997;-1.9466;
0.114954;1.75927;-2.02611;
0.114974;1.75856;-2.10547;
0.114994;1.75786;-2.18467;
0.115001;1.75762;-2.21198;
0.115001;1.75761;-2.21303;
0.115001;1.75761;-2.21479;
0.115002;1.75759;-2.21667;
0.115002;1.75758;-2.2169;
0.115002;1.75758;-2.21624;
0.115002;1.75757;-2.21502;
0.115003;1.75756;-2.21303;
0.115003;1.75754;-2.20984;
0.115004;1.75749;-2.20418;
0.115007;1.7574;-2.193;
0.115012;1.75722;-2.17059;
0.115022;1.75686;-2.12585;
0.115042;1.75616;-2.03856;
0.115062;1.75546;-1.95146;
0.115082;1.75476;-1.86452;
0.115102;1.75406;-1.77777;
0.115122;1.75335;-1.69118;
0.115142;1.75265;-1.60478;
0.115162;1.75195;-1.51853;
0.115182;1.75125;-1.43247;
0.115202;1.75055;-1.34657;
0.115222;1.74985;-1.26085;
0.115242;1.74915;-1.1753;
0.115262;1.74845;-1.08992;
0.115282;1.74775;-1.00471;
0.115302;1.74705;-0.919672;
0.115322;1.74635;-0.8348;
0.115342;1.74566;-0.750102;
0.115362;1.74496;-0.665569;
0.115382;1.74426;-0.581209;
0.115402;1.74356;-0.497014;
0.115422;1.74286;-0.412991;
0.115442;1.74217;-0.329132;
0.115462;1.74147;-0.245444;
0.115482;1.74077;-0.161921;
0.115502;1.74008;-0.0785662;
0.115522;1.73938;0.00462367;
0.115542;1.73869;0.0876454;
0.115562;1.73799;0.170503;
0.115582;1.7373;0.253193;
0.115602;1.7366;0.33572;
0.115622;1.73591;0.41808;
0.115642;1.73521;0.500278;
0.115662;1.73452;0.582309;
0.115682;1.73383;0.664178;
0.115702;1.73313;0.745882;
0.115722;1.73244;0.827424;
0.115742;1.73175;0.908803;
0.115762;1.73105;0.990019;
0.115782;1.73036;1.07107;
0.115802;1.72967;1.15196;
0.115822;1.72898;1.23269;
0.115842;1.72829;1.31326;
0.115862;1.7276;1.39367;
0.115882;1.7269;1.47392;
0.115902;1.72621;1.554;
0.115922;1.72552;1.63393;
0.115942;1.72483;1.7137;
0.115962;1.72415;1.79331;
0.115982;1.72347;1.87275;
0.116;1.72289;1.94254;
0.116;1.72289;1.94358;
0.116;1.72288;1.94535;
0.116001;1.72287;1.94723;
0.116001;1.72286;1.94746;
0.116001;1.72286;1.9468;
0.116001;1.72286;1.94559;
0.116002;1.72285;1.9436;
0.116002;1.72283;1.94042;
0.116003;1.72279;1.93477;
0.116006;1.72287;1.9236;
0.116008;1.76045;1.9167;
0.116009;1.85379;1.90999;
0.116011;1.98317;1.90088;
0.116013;2.03921;1.8911;
0.116016;2.0391;1.88013;
0.116019;2.03897;1.86738;
0.116022;2.03885;1.8555;
0.116027;2.03862;1.83175;
0.116038;2.03816;1.78429;
0.116049;2.03768;1.73454;
0.116064;2.03709;1.67142;
0.116078;2.03653;1.61183;
0.116093;2.0359;1.5451;
0.116113;2.03508;1.4586;
0.116133;2.03427;1.37228;
0.116153;2.03346;1.28614;
0.116173;2.03264;1.20016;
0.116193;2.03183;1.11436;
0.116213;2.03102;1.02873;
0.116233;2.03021;0.943268;
0.116253;2.02939;0.857979;
0.116273;2.02858;0.77286;
0.116293;2.02777;0.68791;
0.116313;2.02696;0.603131;
0.116333;2.02615;0.518521;
0.116353;2.02534;0.434081;
0.116373;2.02453;0.349808;
0.116393;2.02372;0.265705;
0.116413;2.02291;0.181769;
0.116433;2.0221;0.0980012;
0.116453;2.02129;0.0144007;
0.116473;2.02048;-0.0690328;
0.116493;2.01968;-0.1523;
0.116513;2.01887;-0.2354;
0.116533;2.01806;-0.318334;
0.116553;2.01725;-0.401103;
0.116573;2.01645;-0.483706;
0.116593;2.01564;-0.566144;
0.116613;2.01484;-0.648418;
0.116633;2.01403;-0.730527;
0.116653;2.01322;-0.812472;
0.116673;2.01242;-0.894253;
0.116693;2.01161;-0.975871;
0.116713;2.01081;-1.05733;
0.116733;2.01001;-1.13862;
0.116753;2.0092;-1.21975;
0.116773;2.0084;-1.30071;
0.116793;2.00759;-1.38152;
0.116813;2.00679;-1.46216;
0.116833;2.00599;-1.54265;
0.116853;2.00519;-1.62297;
0.116873;2.00439;-1.70313;
0.116893;2.00358;-1.78313;
0.116913;2.00278;-1.86297;
0.116933;2.00198;-1.94266;
0.116953;2.00118;-2.02218;
0.116973;2.00038;-2.10154;
0.116993;1.99958;-2.18075;
0.117001;1.99926;-2.21201;
0.117001;1.99926;-2.21306;
0.117001;1.99925;-2.21482;
0.117002;1.99924;-2.2167;
0.117002;1.99922;-2.21693;
0.117002;1.99922;-2.21627;
0.117002;1.99921;-2.21505;
0.117003;1.9992;-2.21306;
0.117003;1.99918;-2.20987;
0.117004;1.99913;-2.20421;
0.117007;1.99902;-2.19303;
0.117012;1.99882;-2.17062;
0.117022;1.99841;-2.12587;
0.117042;1.99761;-2.03859;
0.117062;1.99681;-1.95149;
0.117082;1.99601;-1.86455;
0.117102;1.99521;-1.7778;
0.117122;1.99442;-1.69121;
0.117142;1.99362;-1.6048;
0.117162;1.99282;-1.51856;
0.117182;1.99202;-1.4325;
0.117202;1.99123;-1.3466;
0.117222;1.99043;-1.26088;
0.117242;1.98964;-1.17533;
0.117262;1.98884;-1.08995;
0.117282;1.98804;-1.00474;
0.117302;1.98725;-0.919699;
0.117322;1.98645;-0.834827;
0.117342;1.98566;-0.750129;
0.117362;1.98487;-0.665597;
0.117382;1.98407;-0.581237;
0.117402;1.98328;-0.497042;
0.117422;1.98249;-0.413018;
0.117442;1.98169;-0.329159;
0.117462;1.9809;-0.245471;
0.117482;1.98011;-0.161948;
0.117502;1.97932;-0.0785931;
0.117522;1.97852;0.00459683;
0.117542;1.97773;0.0876186;
0.117562;1.97694;0.170476;
0.117582;1.97615;0.253167;
0.117602;1.97536;0.335693;
0.117622;1.97457;0.418054;
0.117642;1.97378;0.500251;
0.117662;1.97299;0.582283;
0.117682;1.9722;0.664152;
0.117702;1.97141;0.745856;
0.117722;1.97063;0.827398;
0.117742;1.96984;0.908776;
0.117762;1.96905;0.989993;
0.117782;1.96826;1.07105;
0.117802;1.96748;1.15194;
0.117822;1.96669;1.23267;
0.117842;1.9659;1.31324;
0.117862;1.96512;1.39364;
0.117882;1.96433;1.47389;
0.117902;1.96354;1.55398;
0.117922;1.96276;1.63391;
0.117942;1.96197;1.71367;
0.117962;1.96119;1.79328;
0.117982;1.96041;1.87273;
0.118;1.95972;1.94251;
0.118;1.95971;1.94356;
0.118;1.9597;1.94532;
0.118001;1.95969;1.9472;
0.118001;1.95968;1.94744;
0.118001;1.95967;1.94678;
0.118001;1.95967;1.94556;
0.118002;1.95965;1.94358;
0.118002;1.95963;1.94039;
0.118003;1.95958;1.93474;
0.118006;1.95948;1.92358;
0.118011;1.95928;1.90121;
0.118021;1.95888;1.85655;
0.118041;1.95809;1.76943;
0.118061;1.95731;1.6825;
0.118081;1.95653;1.59572;
0.118101;1.95575;1.50914;
0.118121;1.95496;1.42271;
0.118141;1.95418;1.33647;
0.118161;1.9534;1.25039;
0.118181;1.95262;1.16449;
0.118201;1.95184;1.07875;
0.118221;1.95106;0.993198;
0.118241;1.95028;0.907805;
0.118261;1.9495;0.822589;
0.118281;1.94872;0.737538;
0.118301;1.94794;0.652662;
0.118321;1.94716;0.567951;
0.118341;1.94638;0.483414;
0.118361;1.9456;0.399041;
0.118381;1.94482;0.314841;
0.118401;1.94405;0.230805;
0.118421;1.94327;0.146941;
0.118441;1.94249;0.0632413;
0.118461;1.94171;-0.0202884;
0.118481;1.94094;-0.103654;
0.118501;1.94016;-0.18685;
0.118521;1.93939;-0.269883;
0.118541;1.93861;-0.352747;
0.118561;1.93784;-0.435448;
0.118581;1.93706;-0.517982;
0.118601;1.93629;-0.600352;
0.118621;1.93551;-0.682557;
0.118641;1.93474;-0.764598;
0.118661;1.93396;-0.846474;
0.118681;1.93319;-0.928188;
0.118701;1.93242;-1.00974;
0.118721;1.93164;-1.09113;
0.118741;1.93087;-1.17235;
0.118761;1.9301;-1.25341;
0.118781;1.92933;-1.33431;
0.118801;1.92856;-1.41505;
0.118821;1.92778;-1.49563;
0.118841;1.92701;-1.57604;
0.118861;1.92624;-1.6563;
0.118881;1.92547;-1.73639;
0.118901;1.9247;-1.81633;
0.118921;1.92393;-1.89611;
0.118941;1.92316;-1.97572;
0.118961;1.92239;-2.05518;
0.118981;1.92163;-2.13448;
0.119001;1.92087;-2.21203;
0.119001;1.92087;-2.21308;
0.119001;1.92086;-2.21484;
0.119002;1.92085;-2.21672;
0.119002;1.92083;-2.21695;
0.119002;1.92083;-2.21629;
0.119002;1.92082;-2.21507;
0.119003;1.92081;-2.21309;
0.119003;1.92079;-2.20989;
0.119004;1.92074;-2.20423;
0.119007;1.92064;-2.19305;
0.119012;1.92044;-2.17064;
0.119022;1.92005;-2.1259;
0.119042;1.91928;-2.03861;
0.119062;1.91852;-1.95151;
0.119082;1.91775;-1.86457;
0.119102;1.91698;-1.77782;
0.119122;1.91621;-1.69123;
0.119142;1.91545;-1.60483;
0.119162;1.91468;-1.51858;
0.119182;1.91392;-1.43252;
0.119202;1.91315;-1.34662;
0.119222;1.91239;-1.2609;
0.119242;1.91162;-1.17535;
0.119262;1.91086;-1.08997;
0.119282;1.91009;-1.00476;
0.119302;1.90933;-0.919722;
0.119322;1.90856;-0.83485;
0.119342;1.9078;-0.750152;
0.119362;1.90704;-0.665619;
0.119382;1.90628;-0.581259;
0.119402;1.90551;-0.497064;
0.119422;1.90475;-0.41304;
0.119442;1.90399;-0.329182;
0.119462;1.90323;-0.245493;
0.119482;1.90247;-0.16197;
0.119502;1.90171;-0.0786152;
0.119522;1.90095;0.00457479;
0.119542;1.90019;0.0875966;
0.119562;1.89943;0.170454;
0.119582;1.89867;0.253145;
0.119602;1.89791;0.335672;
0.119622;1.89715;0.418032;
0.119642;1.89639;0.500229;
0.119662;1.89563;0.582261;
0.119682;1.89487;0.66413;
0.119702;1.89411;0.745834;
0.119722;1.89336;0.827376;
0.119742;1.8926;0.908755;
0.119762;1.89184;0.989971;
0.119782;1.89109;1.07102;
0.119802;1.89033;1.15192;
0.119822;1.88957;1.23265;
0.119842;1.88882;1.31322;
0.119862;1.88806;1.39362;
0.119882;1.88731;1.47387;
0.119902;1.88655;1.55396;
0.119922;1.8858;1.63388;
0.119942;1.88504;1.71365;
0.119962;1.88429;1.79326;
0.119982;1.88354;1.87271;
0.12;1.88288;1.94249;
0.12;1.88287;1.94354;
0.12;1.88287;1.9453;
0.120001;1.88285;1.94718;
0.120001;1.88284;1.94742;
0.120001;1.88284;1.94676;
0.120001;1.88283;1.94554;
0.120002;1.88282;1.94356;
0.120002;1.88279;1.94037;
0.120003;1.88275;1.93472;
0.120006;1.88265;1.92356;
0.120011;1.88246;1.90119;
0.120021;1.88207;1.85653;
0.120041;1.88132;1.76941;
0.120061;1.88056;1.68248;
0.120081;1.87981;1.5957;
0.120101;1.87906;1.50912;
0.120121;1.87831;1.42269;
0.120141;1.87756;1.33645;
0.120161;1.87681;1.25037;
0.120181;1.87606;1.16447;
0.120201;1.87531;1.07873;
0.120221;1.87456;0.993177;
0.120241;1.87381;0.907785;
0.120261;1.87306;0.822569;
0.120281;1.87231;0.737518;
0.120301;1.87156;0.652642;
0.120321;1.87081;0.567931;
0.120341;1.87006;0.483394;
0.120361;1.86931;0.399021;
0.120381;1.86857;0.314821;
0.120401;1.86782;0.230785;
0.120421;1.86707;0.146921;
0.120441;1.86633;0.0632212;
0.120461;1.86558;-0.0203085;
0.120481;1.86483;-0.103674;
0.120501;1.86409;-0.18687;
0.120521;1.86334;-0.269903;
0.120541;1.8626;-0.352767;
0.120561;1.86185;-0.435468;
0.120581;1.86111;-0.518002;
0.120601;1.86036;-0.600372;
0.120621;1.85962;-0.682576;
0.120641;1.85888;-0.764618;
0.120661;1.85813;-0.846494;
0.120681;1.85739;-0.928208;
0.120701;1.85665;-1.00976;
0.120721;1.8559;-1.09114;
0.120741;1.85516;-1.17237;
0.120761;1.85442;-1.25343;
0.120781;1.85368;-1.33433;
0.120801;1.85294;-1.41507;
0.120821;1.8522;-1.49565;
0.120841;1.85145;-1.57606;
0.120861;1.85071;-1.65632;
0.120881;1.84997;-1.73641;
0.120901;1.84923;-1.81635;
0.120921;1.84849;-1.89612;
0.120941;1.84776;-1.97574;
0.120961;1.84702;-2.0552;
0.120981;1.84628;-2.13449;
0.121001;1.84555;-2.21205;
0.121001;1.84555;-2.2131;
0.121001;1.84554;-2.21486;
0.121002;1.84553;-2.21674;
0.121002;1.84552;-2.21697;
0.121002;1.84551;-2.21631;
0.121002;1.84551;-2.21509;
0.121003;1.8455;-2.2131;
0.121003;1.84547;-2.20991;
0.121004;1.84543;-2.20425;
0.121007;1.84533;-2.19307;
0.121012;1.84514;-2.17066;
0.121022;1.84476;-2.12592;
0.121042;1.84403;-2.03863;
0.121062;1.84329;-1.95153;
0.121082;1.84255;-1.86459;
0.121102;1.84182;-1.77784;
0.121122;1.84108;-1.69125;
0.121142;1.84034;-1.60484;
0.121162;1.83961;-1.5186;
0.121182;1.83887;-1.43254;
0.121202;1.83814;-1.34664;
0.121222;1.8374;-1.26092;
0.121242;1.83667;-1.17537;
0.121262;1.83593;-1.08999;
0.121282;1.8352;-1.00478;
0.121302;1.83446;-0.91974;
0.121322;1.83373;-0.834868;
0.121342;1.833;-0.75017;
0.121362;1.83226;-0.665637;
0.121382;1.83153;-0.581277;
0.121402;1.8308;-0.497082;
0.121422;1.83007;-0.413058;
0.121442;1.82933;-0.3292;
0.121462;1.8286;-0.245511;
0.121482;1.82787;-0.161988;
0.121502;1.82714;-0.0786333;
0.121522;1.82641;0.00455675;
0.121542;1.82568;0.0875786;
0.121562;1.82495;0.170436;
0.121582;1.82422;0.253127;
0.121602;1.82349;0.335654;
0.121622;1.82276;0.418014;
0.121642;1.82203;0.500212;
0.121662;1.8213;0.582243;
0.121682;1.82057;0.664112;
0.121702;1.81985;0.745817;
0.121722;1.81912;0.827359;
0.121742;1.81839;0.908737;
0.121762;1.81766;0.989954;
0.121782;1.81694;1.07101;
0.121802;1.81621;1.1519;
0.121822;1.81548;1.23263;
0.121842;1.81476;1.3132;
0.121862;1.81403;1.39361;
0.121882;1.81331;1.47385;
0.121902;1.81258;1.55394;
0.121922;1.81186;1.63387;
0.121942;1.81113;1.71363;
0.121962;1.81041;1.79324;
0.121982;1.80969;1.87269;
0.122;1.80906;1.94247;
0.122;1.80906;1.94352;
0.122;1.80905;1.94528;
0.122001;1.80903;1.94717;
0.122001;1.80902;1.9474;
0.122001;1.80902;1.94674;
0.122001;1.80902;1.94552;
0.122002;1.809;1.94354;
0.122002;1.80898;1.94035;
0.122003;1.80894;1.9347;
0.122006;1.80885;1.92354;
0.122011;1.80866;1.90118;
0.122021;1.8083;1.85651;
0.122041;1.80758;1.76939;
0.122061;1.80684;1.68246;
0.122081;1.8061;1.59569;
0.122101;1.80538;1.5091;
0.122121;1.80466;1.42267;
0.122141;1.80394;1.33643;
0.122161;1.80322;1.25035;
0.122181;1.80249;1.16445;
0.122201;1.80177;1.07872;
0.122221;1.80105;0.99316;
0.122241;1.80033;0.907768;
0.122261;1.79961;0.822552;
0.122281;1.79889;0.737501;
0.122301;1.79817;0.652625;
0.122321;1.79745;0.567914;
0.122341;1.79674;0.483377;
0.122361;1.79602;0.399004;
0.122381;1.7953;0.314804;
0.122401;1.79458;0.230769;
0.122421;1.79386;0.146904;
0.122441;1.79315;0.0632048;
0.122461;1.79243;-0.0203249;
0.122481;1.79171;-0.10369;
0.122501;1.791;-0.186887;
0.122521;1.79028;-0.269919;
0.122541;1.78956;-0.352783;
0.122561;1.78885;-0.435484;
0.122581;1.78813;-0.518018;
0.122601;1.78742;-0.600388;
0.122621;1.7867;-0.682592;
0.122641;1.78599;-0.764634;
0.122661;1.78527;-0.84651;
0.122681;1.78456;-0.928224;
0.122701;1.78385;-1.00977;
0.122721;1.78313;-1.09116;
0.122741;1.78242;-1.17238;
0.122761;1.78171;-1.25345;
0.122781;1.78099;-1.33435;
0.122801;1.78028;-1.41509;
0.122821;1.77957;-1.49566;
0.122841;1.77886;-1.57608;
0.122861;1.77815;-1.65633;
0.122881;1.77744;-1.73643;
0.122901;1.77672;-1.81636;
0.122921;1.77601;-1.89614;
0.122941;1.7753;-1.97576;
0.122961;1.77459;-2.05521;
0.122981;1.77388;-2.13451;
0.123001;1.77319;-2.21207;
0.123001;1.77319;-2.21311;
0.123001;1.77318;-2.21487;
0.123002;1.77316;-2.21675;
0.123002;1.77315;-2.21698;
0.123002;1.77315;-2.21632;
0.123002;1.77314;-2.21511;
0.123003;1.77313;-2.21312;
0.123003;1.77311;-2.20993;
0.123004;1.77307;-2.20427;
0.123007;1.77297;-2.19308;
0.123012;1.77279;-2.17068;
0.123022;1.77243;-2.12593;
0.123042;1.77172;-2.03864;
0.123062;1.77101;-1.95155;
0.123082;1.7703;-1.86461;
0.123102;1.7696;-1.77786;
0.123122;1.76889;-1.69127;
0.123142;1.76818;-1.60486;
0.123162;1.76747;-1.51862;
0.123182;1.76677;-1.43255;
0.123202;1.76606;-1.34666;
0.123222;1.76535;-1.26094;
0.123242;1.76465;-1.17538;
0.123262;1.76394;-1.09;
0.123282;1.76324;-1.00479;
0.123302;1.76253;-0.919755;
0.123322;1.76183;-0.834883;
0.123342;1.76112;-0.750185;
0.123362;1.76042;-0.665652;
0.123382;1.75971;-0.581292;
0.123402;1.75901;-0.497097;
0.123422;1.75831;-0.413073;
0.123442;1.7576;-0.329215;
0.123462;1.7569;-0.245526;
0.123482;1.7562;-0.162003;
0.123502;1.7555;-0.0786481;
0.123522;1.75479;0.00454198;
0.123542;1.75409;0.0875638;
0.123562;1.75339;0.170422;
0.123582;1.75269;0.253112;
0.123602;1.75199;0.335639;
0.123622;1.75129;0.418;
0.123642;1.75059;0.500197;
0.123662;1.74989;0.582229;
0.123682;1.74919;0.664098;
0.123702;1.74849;0.745802;
0.123722;1.74779;0.827344;
0.123742;1.74709;0.908723;
0.123762;1.74639;0.989939;
0.123782;1.74569;1.07099;
0.123802;1.74499;1.15188;
0.123822;1.7443;1.23261;
0.123842;1.7436;1.31318;
0.123862;1.7429;1.39359;
0.123882;1.74221;1.47384;
0.123902;1.74151;1.55393;
0.123922;1.74081;1.63385;
0.123942;1.74012;1.71362;
0.123962;1.73942;1.79323;
0.123982;1.73874;1.87268;
0.124;1.73815;1.94246;
0.124;1.73815;1.9435;
0.124;1.73814;1.94527;
0.124001;1.73813;1.94715;
0.124001;1.73812;1.94738;
0.124001;1.73812;1.94672;
0.124001;1.73811;1.94551;
0.124002;1.7381;1.94352;
0.124002;1.73808;1.94034;
0.124003;1.73804;1.93469;
0.124006;1.73796;1.92352;
0.124011;1.73879;1.90116;
0.124014;1.82186;1.88831;
0.124017;1.95049;1.8759;
0.124021;2.01461;1.85963;
0.124025;2.01444;1.84198;
0.124029;2.01427;1.82479;
0.124036;2.01398;1.79477;
0.124049;2.01341;1.73615;
0.124059;2.01299;1.69097;
0.124071;2.01253;1.64201;
0.124085;2.01198;1.58192;
0.124105;2.01117;1.49536;
0.124125;2.01037;1.40897;
0.124145;2.00956;1.32275;
0.124165;2.00876;1.2367;
0.124185;2.00796;1.15082;
0.124205;2.00715;1.06512;
0.124225;2.00635;0.979585;
0.124245;2.00555;0.894223;
0.124265;2.00475;0.809031;
0.124285;2.00394;0.72401;
0.124305;2.00314;0.639158;
0.124325;2.00234;0.554476;
0.124345;2.00154;0.469964;
0.124365;2.00074;0.38562;
0.124385;1.99994;0.301445;
0.124405;1.99914;0.217438;
0.124425;1.99834;0.133599;
0.124445;1.99754;0.0499269;
0.124465;1.99674;-0.0335775;
0.124485;1.99594;-0.116915;
0.124505;1.99515;-0.200086;
0.124525;1.99435;-0.283091;
0.124545;1.99355;-0.36593;
0.124565;1.99275;-0.448604;
0.124585;1.99196;-0.531112;
0.124605;1.99116;-0.613455;
0.124625;1.99036;-0.695634;
0.124645;1.98957;-0.777649;
0.124665;1.98877;-0.8595;
0.124685;1.98798;-0.941187;
0.124705;1.98718;-1.02271;
0.124725;1.98639;-1.10407;
0.124745;1.98559;-1.18527;
0.124765;1.9848;-1.26631;
0.124785;1.98401;-1.34718;
0.124805;1.98321;-1.42789;
0.124825;1.98242;-1.50845;
0.124845;1.98163;-1.58884;
0.124865;1.98083;-1.66907;
0.124885;1.98004;-1.74914;
0.124905;1.97925;-1.82905;
0.124925;1.97846;-1.9088;
0.124945;1.97767;-1.98839;
0.124965;1.97688;-2.06782;
0.124985;1.97609;-2.14709;
0.125001;1.97544;-2.21208;
0.125001;1.97543;-2.21313;
0.125001;1.97542;-2.21489;
0.125002;1.97541;-2.21677;
0.125002;1.9754;-2.217;
0.125002;1.97539;-2.21634;
0.125002;1.97539;-2.21512;
0.125003;1.97537;-2.21313;
0.125003;1.97535;-2.20994;
0.125004;1.9753;-2.20428;
0.125007;1.9752;-2.1931;
0.125012;1.975;-2.17069;
0.125022;1.97459;-2.12594;
0.125042;1.9738;-2.03866;
0.125062;1.97301;-1.95156;
0.125082;1.97222;-1.86462;
0.125102;1.97143;-1.77787;
0.125122;1.97065;-1.69128;
0.125142;1.96986;-1.60487;
0.125162;1.96907;-1.51863;
0.125182;1.96828;-1.43257;
0.125202;1.96749;-1.34667;
0.125222;1.96671;-1.26095;
0.125242;1.96592;-1.17539;
0.125262;1.96514;-1.09002;
0.125282;1.96435;-1.0048;
0.125302;1.96356;-0.919767;
0.125322;1.96278;-0.834895;
0.125342;1.96199;-0.750197;
0.125362;1.96121;-0.665665;
0.125382;1.96042;-0.581304;
0.125402;1.95964;-0.497109;
0.125422;1.95886;-0.413086;
0.125442;1.95807;-0.329227;
0.125462;1.95729;-0.245538;
0.125482;1.95651;-0.162015;
0.125502;1.95573;-0.0786602;
0.125522;1.95494;0.00452995;
0.125542;1.95416;0.0875518;
0.125562;1.95338;0.17041;
0.125582;1.9526;0.2531;
0.125602;1.95182;0.335627;
0.125622;1.95104;0.417988;
0.125642;1.95026;0.500185;
0.125662;1.94948;0.582217;
0.125682;1.9487;0.664086;
0.125702;1.94792;0.74579;
0.125722;1.94714;0.827333;
0.125742;1.94636;0.908711;
0.125762;1.94558;0.989927;
0.125782;1.9448;1.07098;
0.125802;1.94403;1.15187;
0.125822;1.94325;1.2326;
0.125842;1.94247;1.31317;
0.125862;1.94169;1.39358;
0.125882;1.94092;1.47383;
0.125902;1.94014;1.55391;
0.125922;1.93937;1.63384;
0.125942;1.93859;1.71361;
0.125962;1.93782;1.79322;
0.125982;1.93704;1.87266;
0.126;1.93636;1.94245;
0.126;1.93635;1.94349;
0.126;1.93635;1.94526;
0.126001;1.93633;1.94714;
0.126001;1.93632;1.94737;
0.126001;1.93632;1.94671;
0.126001;1.93631;1.9455;
0.126002;1.9363;1.94351;
0.126002;1.93627;1.94033;
0.126003;1.93622;1.93468;
0.126006;1.93612;1.92351;
0.126011;1.93593;1.90115;
0.126021;1.93553;1.85649;
0.126041;1.93476;1.76937;
0.126061;1.93398;1.68243;
0.126081;1.93321;1.59566;
0.126101;1.93244;1.50907;
0.126121;1.93166;1.42265;
0.126141;1.93089;1.33641;
0.126161;1.93012;1.25033;
0.126181;1.92935;1.16443;
0.126201;1.92857;1.07869;
0.126221;1.9278;0.993135;
0.126241;1.92703;0.907743;
0.126261;1.92626;0.822527;
0.126281;1.92549;0.737476;
0.126301;1.92472;0.652601;
0.126321;1.92395;0.56789;
0.126341;1.92318;0.483352;
0.126361;1.92241;0.39898;
0.126381;1.92164;0.31478;
0.126401;1.92088;0.230744;
0.126421;1.92011;0.14688;
0.126441;1.91934;0.0631803;
0.126461;1.91857;-0.0203493;
0.126481;1.9178;-0.103715;
0.126501;1.91704;-0.186911;
0.126521;1.91627;-0.269943;
0.126541;1.9155;-0.352808;
0.126561;1.91474;-0.435508;
0.126581;1.91397;-0.518042;
0.126601;1.91321;-0.600412;
0.126621;1.91244;-0.682616;
0.126641;1.91168;-0.764658;
0.126661;1.91091;-0.846534;
0.126681;1.91015;-0.928248;
0.126701;1.90938;-1.0098;
0.126721;1.90862;-1.09118;
0.126741;1.90786;-1.17241;
0.126761;1.9071;-1.25347;
0.126781;1.90633;-1.33437;
0.126801;1.90557;-1.41511;
0.126821;1.90481;-1.49569;
0.126841;1.90405;-1.5761;
0.126861;1.90328;-1.65636;
0.126881;1.90252;-1.73645;
0.126901;1.90176;-1.81639;
0.126921;1.901;-1.89616;
0.126941;1.90024;-1.97578;
0.126961;1.89948;-2.05524;
0.126981;1.89872;-2.13453;
0.127001;1.89798;-2.21209;
0.127001;1.89797;-2.21314;
0.127001;1.89797;-2.2149;
0.127002;1.89795;-2.21678;
0.127002;1.89794;-2.21701;
0.127002;1.89794;-2.21635;
0.127002;1.89793;-2.21513;
0.127003;1.89792;-2.21314;
0.127003;1.89789;-2.20995;
0.127004;1.89785;-2.20429;
0.127007;1.89775;-2.19311;
0.127012;1.89755;-2.1707;
0.127022;1.89717;-2.12595;
0.127042;1.89641;-2.03867;
0.127062;1.89565;-1.95157;
0.127082;1.89489;-1.86463;
0.127102;1.89413;-1.77788;
0.127122;1.89338;-1.69129;
0.127142;1.89262;-1.60488;
0.127162;1.89186;-1.51864;
0.127182;1.8911;-1.43258;
0.127202;1.89035;-1.34668;
0.127222;1.88959;-1.26096;
0.127242;1.88884;-1.17541;
0.127262;1.88808;-1.09003;
0.127282;1.88733;-1.00481;
0.127302;1.88657;-0.919778;
0.127322;1.88582;-0.834906;
0.127342;1.88506;-0.750208;
0.127362;1.88431;-0.665675;
0.127382;1.88356;-0.581314;
0.127402;1.8828;-0.497119;
0.127422;1.88205;-0.413096;
0.127442;1.8813;-0.329237;
0.127462;1.88054;-0.245548;
0.127482;1.87979;-0.162025;
0.127502;1.87904;-0.0786701;
0.127522;1.87829;0.00452003;
0.127542;1.87754;0.0875419;
0.127562;1.87679;0.1704;
0.127582;1.87604;0.25309;
0.127602;1.87529;0.335617;
0.127622;1.87454;0.417978;
0.127642;1.87379;0.500175;
0.127662;1.87304;0.582207;
0.127682;1.87229;0.664076;
0.127702;1.87154;0.745781;
0.127722;1.87079;0.827323;
0.127742;1.87004;0.908701;
0.127762;1.86929;0.989918;
0.127782;1.86855;1.07097;
0.127802;1.8678;1.15186;
0.127822;1.86705;1.23259;
0.127842;1.86631;1.31316;
0.127862;1.86556;1.39357;
0.127882;1.86481;1.47382;
0.127902;1.86407;1.5539;
0.127922;1.86332;1.63383;
0.127942;1.86258;1.7136;
0.127962;1.86183;1.79321;
0.127982;1.86109;1.87266;
0.128;1.86044;1.94244;
0.128;1.86043;1.94348;
0.128;1.86043;1.94525;
0.128001;1.86041;1.94713;
0.128001;1.8604;1.94736;
0.128001;1.8604;1.9467;
0.128001;1.86039;1.94549;
0.128002;1.86038;1.9435;
0.128002;1.86036;1.94032;
0.128003;1.86031;1.93467;
0.128006;1.86021;1.9235;
0.128011;1.86003;1.90114;
0.128021;1.85965;1.85648;
0.128041;1.85889;1.76936;
0.128061;1.85815;1.68242;
0.128081;1.85741;1.59617;
0.128101;1.85667;1.50958;
0.128121;1.85593;1.42315;
0.128141;1.85518;1.33691;
0.128161;1.85444;1.25083;
0.128181;1.8537;1.16493;
0.128201;1.85296;1.07919;
0.128221;1.85222;0.993633;
0.128241;1.85148;0.908239;
0.128261;1.85074;0.823023;
0.128281;1.85;0.737971;
0.128301;1.84926;0.653094;
0.128321;1.84852;0.568382;
0.128341;1.84778;0.483844;
0.128361;1.84704;0.39947;
0.128381;1.8463;0.315269;
0.128401;1.84556;0.231233;
0.128421;1.84482;0.147367;
0.128441;1.84409;0.0636668;
0.128461;1.84335;-0.0198639;
0.128481;1.84261;-0.10323;
0.128501;1.84187;-0.186427;
0.128521;1.84114;-0.269461;
0.128541;1.8404;-0.352326;
0.128561;1.83967;-0.435028;
0.128581;1.83893;-0.517562;
0.128601;1.83819;-0.599933;
0.128621;1.83746;-0.682139;
0.128641;1.83672;-0.764181;
0.128661;1.83599;-0.846058;
0.128681;1.83526;-0.927773;
0.128701;1.83452;-1.00932;
0.128721;1.83379;-1.09071;
0.128741;1.83305;-1.17194;
0.128761;1.83232;-1.253;
0.128781;1.83159;-1.3339;
0.128801;1.83086;-1.41464;
0.128821;1.83012;-1.49522;
0.128841;1.82939;-1.57564;
0.128861;1.82866;-1.65589;
0.128881;1.82793;-1.73599;
0.128901;1.8272;-1.81592;
0.128921;1.82647;-1.8957;
0.128941;1.82574;-1.97532;
0.128961;1.82501;-2.05477;
0.128981;1.82428;-2.13407;
0.129001;1.82356;-2.2121;
0.129001;1.82355;-2.21314;
0.129001;1.82355;-2.21491;
0.129002;1.82353;-2.21679;
0.129002;1.82352;-2.21702;
0.129002;1.82352;-2.21636;
0.129002;1.82351;-2.21514;
0.129003;1.8235;-2.21315;
0.129003;1.82348;-2.20996;
0.129004;1.82343;-2.2043;
0.129007;1.82334;-2.19311;
0.129012;1.82315;-2.17071;
0.129022;1.82278;-2.12596;
0.129042;1.82205;-2.03868;
0.129062;1.82132;-1.95158;
0.129082;1.82059;-1.86464;
0.129102;1.81986;-1.77789;
0.129122;1.81914;-1.6913;
0.129142;1.81841;-1.60489;
0.129162;1.81768;-1.51865;
0.129182;1.81695;-1.43259;
0.129202;1.81623;-1.34669;
0.129222;1.8155;-1.26097;
0.129242;1.81477;-1.17541;
0.129262;1.81405;-1.09004;
0.129282;1.81332;-1.00482;
0.129302;1.8126;-0.919786;
0.129322;1.81187;-0.834914;
0.129342;1.81115;-0.750216;
0.129362;1.81042;-0.665683;
0.129382;1.8097;-0.581323;
0.129402;1.80898;-0.497127;
0.129422;1.80825;-0.413104;
0.129442;1.80753;-0.329245;
0.129462;1.80681;-0.245557;
0.129482;1.80608;-0.162033;
0.129502;1.80536;-0.0786782;
0.129522;1.80464;0.00451192;
0.129542;1.80392;0.0875338;
0.129562;1.8032;0.170392;
0.129582;1.80248;0.253082;
0.129602;1.80176;0.335609;
0.129622;1.80103;0.41797;
0.129642;1.80031;0.500167;
0.129662;1.79959;0.582199;
0.129682;1.79887;0.664068;
0.129702;1.79816;0.745773;
0.129722;1.79744;0.827315;
0.129742;1.79672;0.908693;
0.129762;1.796;0.98991;
0.129782;1.79528;1.07096;
0.129802;1.79456;1.15186;
0.129822;1.79384;1.23259;
0.129842;1.79313;1.31315;
0.129862;1.79241;1.39356;
0.129882;1.79169;1.47381;
0.129902;1.79098;1.5539;
0.129922;1.79026;1.63382;
0.129942;1.78954;1.71359;
0.129962;1.78883;1.7932;
0.129982;1.78812;1.87265;
0.13;1.7875;1.94243;
0.13;1.7875;1.94348;
0.13;1.78749;1.94524;
0.130001;1.78748;1.94712;
0.130001;1.78747;1.94736;
0.130001;1.78746;1.9467;
0.130001;1.78746;1.94548;
0.130002;1.78745;1.9435;
0.130002;1.78743;1.94031;
0.130003;1.78738;1.93466;
0.130006;1.78729;1.9235;
0.130011;1.78712;1.90113;
0.130021;1.78676;1.85647;
0.130041;1.78605;1.76935;
0.130061;1.78532;1.68242;
0.130081;1.78458;1.59564;
0.130099;1.78396;1.52079;
0.130117;1.78331;1.44257;
0.130137;1.7826;1.35629;
0.130157;1.78189;1.27017;
0.130177;1.78118;1.18423;
0.130197;1.78046;1.09846;
0.130217;1.77975;1.01286;
0.130237;1.77904;0.927428;
0.130257;1.77833;0.842173;
0.130277;1.77762;0.757083;
0.130297;1.77691;0.672168;
0.130317;1.7762;0.587418;
0.130337;1.77548;0.502842;
0.130357;1.77477;0.41843;
0.130377;1.77407;0.334191;
0.130397;1.77336;0.250117;
0.130417;1.77265;0.166214;
0.130437;1.77194;0.0824759;
0.130457;1.77123;-0.00109233;
0.130477;1.77052;-0.0844961;
0.130497;1.76981;-0.167731;
0.130517;1.7691;-0.250801;
0.130537;1.7684;-0.333704;
0.130557;1.76769;-0.416443;
0.130577;1.76698;-0.499015;
0.130597;1.76628;-0.581423;
0.130617;1.76557;-0.663665;
0.130637;1.76486;-0.745744;
0.130657;1.76416;-0.827658;
0.130677;1.76345;-0.90941;
0.130697;1.76275;-0.990997;
0.130717;1.76204;-1.07242;
0.130737;1.76134;-1.15368;
0.130757;1.76063;-1.23478;
0.130777;1.75993;-1.31572;
0.130797;1.75923;-1.3965;
0.130817;1.75852;-1.47711;
0.130837;1.75782;-1.55756;
0.130857;1.75712;-1.63786;
0.130877;1.75641;-1.71799;
0.130897;1.75571;-1.79796;
0.130917;1.75501;-1.87777;
0.130937;1.75431;-1.95742;
0.130957;1.7536;-2.03692;
0.130977;1.7529;-2.11625;
0.130997;1.7522;-2.19543;
0.131001;1.75205;-2.21211;
0.131001;1.75205;-2.21315;
0.131001;1.75204;-2.21491;
0.131002;1.75203;-2.21679;
0.131002;1.75202;-2.21702;
0.131002;1.75202;-2.21636;
0.131002;1.75201;-2.21515;
0.131003;1.752;-2.21316;
0.131003;1.75198;-2.20997;
0.131004;1.75193;-2.20431;
0.131007;1.75184;-2.19312;
0.131012;1.75166;-2.17072;
0.131022;1.75131;-2.12597;
0.131042;1.7506;-2.03868;
0.131062;1.7499;-1.95158;
0.131082;1.7492;-1.86465;
0.131102;1.74851;-1.77789;
0.131122;1.74781;-1.6913;
0.131142;1.74711;-1.6049;
0.131162;1.74641;-1.51865;
0.131182;1.74571;-1.43259;
0.131202;1.74501;-1.34669;
0.131222;1.74431;-1.26097;
0.131242;1.74362;-1.17542;
0.131262;1.74292;-1.09004;
0.131282;1.74222;-1.00483;
0.131302;1.74153;-0.919793;
0.131322;1.74083;-0.834921;
0.131342;1.74013;-0.750223;
0.131362;1.73944;-0.66569;
0.131382;1.73874;-0.581329;
0.131402;1.73805;-0.497134;
0.131422;1.73735;-0.41311;
0.131442;1.73666;-0.329252;
0.131462;1.73596;-0.245563;
0.131482;1.73527;-0.162039;
0.131502;1.73457;-0.0786849;
0.131522;1.73388;0.00450529;
0.131542;1.73319;0.0875272;
0.131562;1.73249;0.170385;
0.131582;1.7318;0.253076;
0.131602;1.73111;0.335603;
0.131622;1.73042;0.417963;
0.131642;1.72972;0.500161;
0.131662;1.72903;0.582193;
0.131682;1.72834;0.664062;
0.131702;1.72765;0.745766;
0.131722;1.72696;0.827308;
0.131742;1.72627;0.908687;
0.131762;1.72558;0.989903;
0.131782;1.72489;1.07096;
0.131802;1.7242;1.15185;
0.131822;1.72351;1.23258;
0.131842;1.72282;1.31315;
0.131862;1.72213;1.39356;
0.131882;1.72144;1.4738;
0.131902;1.72075;1.55389;
0.131922;1.72006;1.63382;
0.131942;1.71938;1.71358;
0.131962;1.71869;1.79319;
0.131982;1.71802;1.87264;
0.132;1.71745;1.94243;
0.132;1.71744;1.94347;
0.132;1.71744;1.94523;
0.132001;1.71742;1.94712;
0.132001;1.71742;1.94735;
0.132001;1.71741;1.94669;
0.132001;1.71741;1.94548;
0.132002;1.7174;1.94349;
0.132002;1.71738;1.9403;
0.132003;1.71734;1.93465;
0.132005;1.73329;1.92672;
0.132007;1.79144;1.9204;
0.132008;1.88278;1.91468;
0.13201;1.98249;1.90808;
0.132012;2.04219;1.89871;
0.132015;2.04234;1.88598;
0.132018;2.04221;1.87265;
0.132021;2.04208;1.85979;
0.132027;2.04183;1.83407;
0.132038;2.04132;1.7827;
0.13205;2.04086;1.73402;
0.132063;2.04031;1.67576;
0.132078;2.03971;1.61171;
0.132094;2.03905;1.54177;
0.132114;2.03823;1.45529;
0.132134;2.03742;1.36898;
0.132154;2.0366;1.28284;
0.132174;2.03579;1.19687;
0.132194;2.03498;1.11107;
0.132214;2.03416;1.02545;
0.132234;2.03335;0.939993;
0.132254;2.03253;0.85471;
0.132274;2.03172;0.769598;
0.132294;2.03091;0.684655;
0.132314;2.0301;0.599882;
0.132334;2.02929;0.515279;
0.132354;2.02847;0.430845;
0.132374;2.02766;0.346579;
0.132394;2.02685;0.262482;
0.132414;2.02604;0.178553;
0.132434;2.02523;0.0947911;
0.132454;2.02442;0.011197;
0.132474;2.02361;-0.0722301;
0.132494;2.0228;-0.15549;
0.132514;2.02199;-0.238585;
0.132534;2.02118;-0.321512;
0.132554;2.02038;-0.404275;
0.132574;2.01957;-0.486872;
0.132594;2.01876;-0.569304;
0.132614;2.01795;-0.651571;
0.132634;2.01715;-0.733673;
0.132654;2.01634;-0.815612;
0.132674;2.01553;-0.897387;
0.132694;2.01473;-0.978999;
0.132714;2.01392;-1.06045;
0.132734;2.01312;-1.14173;
0.132754;2.01231;-1.22286;
0.132774;2.01151;-1.30382;
0.132794;2.0107;-1.38462;
0.132814;2.0099;-1.46525;
0.132834;2.00909;-1.54573;
0.132854;2.00829;-1.62605;
0.132874;2.00749;-1.7062;
0.132894;2.00668;-1.7862;
0.132914;2.00588;-1.86603;
0.132934;2.00508;-1.94571;
0.132954;2.00428;-2.02523;
0.132974;2.00348;-2.10459;
0.132994;2.00267;-2.18378;
0.133001;2.00239;-2.21211;
0.133001;2.00238;-2.21316;
0.133001;2.00238;-2.21492;
0.133002;2.00236;-2.2168;
0.133002;2.00235;-2.21703;
0.133002;2.00234;-2.21637;
0.133002;2.00234;-2.21515;
0.133003;2.00233;-2.21316;
0.133003;2.0023;-2.20997;
0.133004;2.00225;-2.20431;
0.133007;2.00215;-2.19313;
0.133012;2.00194;-2.17072;
0.133022;2.00153;-2.12598;
0.133042;2.00073;-2.03869;
0.133062;1.99993;-1.95159;
0.133082;1.99913;-1.86465;
0.133102;1.99833;-1.7779;
0.133122;1.99753;-1.69131;
0.133142;1.99673;-1.6049;
0.133162;1.99593;-1.51866;
0.133182;1.99514;-1.4326;
0.133202;1.99434;-1.3467;
0.133222;1.99354;-1.26098;
0.133242;1.99274;-1.17543;
0.133262;1.99195;-1.09005;
0.133282;1.99115;-1.00484;
0.133302;1.99035;-0.919798;
0.133322;1.98956;-0.834926;
0.133342;1.98876;-0.750228;
0.133362;1.98797;-0.665695;
0.133382;1.98717;-0.581335;
0.133402;1.98638;-0.49714;
0.133422;1.98558;-0.413116;
0.133442;1.98479;-0.329257;
0.133462;1.98399;-0.245569;
0.133482;1.9832;-0.162045;
0.133502;1.98241;-0.0786903;
0.133522;1.98162;0.00449991;
0.133542;1.98082;0.0875219;
0.133562;1.98003;0.17038;
0.133582;1.97924;0.25307;
0.133602;1.97845;0.335597;
0.133622;1.97766;0.417958;
0.133642;1.97687;0.500155;
0.133662;1.97607;0.582187;
0.133682;1.97528;0.664056;
0.133702;1.97449;0.745761;
0.133722;1.9737;0.827303;
0.133742;1.97292;0.908681;
0.133762;1.97213;0.989898;
0.133782;1.97134;1.07095;
0.133802;1.97055;1.15184;
0.133822;1.96976;1.23257;
0.133842;1.96897;1.31314;
0.133862;1.96819;1.39355;
0.133882;1.9674;1.4738;
0.133902;1.96661;1.55389;
0.133922;1.96583;1.63381;
0.133942;1.96504;1.71358;
0.133962;1.96425;1.79319;
0.133982;1.96347;1.87264;
0.134;1.96278;1.94242;
0.134;1.96277;1.94346;
0.134;1.96277;1.94523;
0.134001;1.96275;1.94711;
0.134001;1.96274;1.94734;
0.134001;1.96273;1.94668;
0.134001;1.96273;1.94547;
0.134002;1.96272;1.94348;
0.134002;1.96269;1.9403;
0.134003;1.96264;1.93465;
0.134006;1.96254;1.92348;
0.134011;1.96234;1.90112;
0.134021;1.96194;1.85646;
0.134041;1.96115;1.76934;
0.134061;1.96037;1.68241;
0.134081;1.95958;1.59563;
0.134101;1.9588;1.50905;
0.134121;1.95802;1.42262;
0.134141;1.95723;1.33638;
0.134161;1.95645;1.2503;
0.134181;1.95567;1.1644;
0.134201;1.95489;1.07866;
0.134221;1.95411;0.993107;
0.134241;1.95332;0.907715;
0.134261;1.95254;0.822499;
0.134281;1.95176;0.737449;
0.134301;1.95098;0.652573;
0.134321;1.9502;0.567862;
0.134341;1.94942;0.483325;
0.134361;1.94864;0.398952;
0.134381;1.94786;0.314752;
0.134401;1.94708;0.230717;
0.134421;1.9463;0.146853;
0.134441;1.94553;0.0631529;
0.134461;1.94475;-0.0203767;
0.134481;1.94397;-0.103742;
0.134501;1.94319;-0.186938;
0.134521;1.94242;-0.26997;
0.134541;1.94164;-0.352835;
0.134561;1.94086;-0.435535;
0.134581;1.94009;-0.518069;
0.134601;1.93931;-0.600439;
0.134621;1.93853;-0.682643;
0.134641;1.93776;-0.764685;
0.134661;1.93698;-0.846561;
0.134681;1.93621;-0.928275;
0.134701;1.93544;-1.00982;
0.134721;1.93466;-1.09121;
0.134741;1.93389;-1.17244;
0.134761;1.93311;-1.2535;
0.134781;1.93234;-1.3344;
0.134801;1.93157;-1.41514;
0.134821;1.9308;-1.49571;
0.134841;1.93002;-1.57613;
0.134861;1.92925;-1.65638;
0.134881;1.92848;-1.73648;
0.134901;1.92771;-1.81641;
0.134921;1.92694;-1.89619;
0.134941;1.92617;-1.9758;
0.134961;1.9254;-2.05526;
0.134981;1.92463;-2.13456;
0.135001;1.92387;-2.21212;
0.135001;1.92387;-2.21316;
0.135001;1.92386;-2.21492;
0.135002;1.92385;-2.2168;
0.135002;1.92383;-2.21703;
0.135002;1.92383;-2.21637;
0.135002;1.92383;-2.21516;
0.135003;1.92381;-2.21317;
0.135003;1.92379;-2.20998;
0.135004;1.92374;-2.20432;
0.135007;1.92364;-2.19313;
0.135012;1.92344;-2.17073;
0.135022;1.92305;-2.12598;
0.135042;1.92228;-2.03869;
0.135062;1.92151;-1.95159;
0.135082;1.92074;-1.86466;
0.135102;1.91998;-1.7779;
0.135122;1.91921;-1.69132;
0.135142;1.91844;-1.60491;
0.135162;1.91767;-1.51867;
0.135182;1.91691;-1.4326;
0.135202;1.91614;-1.3467;
0.135222;1.91537;-1.26099;
0.135242;1.91461;-1.17543;
0.135262;1.91384;-1.09005;
0.135282;1.91308;-1.00484;
0.135302;1.91231;-0.919803;
0.135322;1.91155;-0.834931;
0.135342;1.91078;-0.750233;
0.135362;1.91002;-0.6657;
0.135382;1.90925;-0.581339;
0.135402;1.90849;-0.497144;
0.135422;1.90773;-0.41312;
0.135442;1.90696;-0.329262;
0.135462;1.9062;-0.245573;
0.135482;1.90544;-0.162049;
0.135502;1.90468;-0.0786947;
0.135522;1.90392;0.00449544;
0.135542;1.90315;0.0875174;
0.135562;1.90239;0.170375;
0.135582;1.90163;0.253066;
0.135602;1.90087;0.335593;
0.135622;1.90011;0.417954;
0.135642;1.89935;0.500151;
0.135662;1.89859;0.582183;
0.135682;1.89783;0.664052;
0.135702;1.89707;0.745756;
0.135722;1.89632;0.827299;
0.135742;1.89556;0.908677;
0.135762;1.8948;0.989894;
0.135782;1.89404;1.07095;
0.135802;1.89328;1.15184;
0.135822;1.89253;1.23257;
0.135842;1.89177;1.31314;
0.135862;1.89101;1.39355;
0.135882;1.89026;1.47379;
0.135902;1.8895;1.55388;
0.135922;1.88874;1.63381;
0.135942;1.88799;1.71358;
0.135962;1.88723;1.79318;
0.135982;1.88648;1.87263;
0.136;1.88582;1.94242;
0.136;1.88581;1.94346;
0.136;1.88581;1.94522;
0.136001;1.88579;1.94711;
0.136001;1.88578;1.94734;
0.136001;1.88578;1.94668;
0.136001;1.88577;1.94547;
0.136002;1.88576;1.94348;
0.136002;1.88574;1.94029;
0.136003;1.88569;1.93464;
0.136006;1.88559;1.92348;
0.136011;1.8854;1.90112;
0.136021;1.88501;1.85646;
0.136041;1.88426;1.76933;
0.136061;1.8835;1.6824;
0.136081;1.88275;1.59563;
0.136101;1.882;1.50904;
0.136121;1.88124;1.42262;
0.136141;1.88049;1.33637;
0.136161;1.87974;1.25029;
0.136181;1.87899;1.16439;
0.136201;1.87824;1.07866;
0.136221;1.87748;0.993103;
0.136241;1.87673;0.907711;
0.136261;1.87598;0.822495;
0.136281;1.87523;0.737444;
0.136301;1.87448;0.652569;
0.136321;1.87373;0.567858;
0.136341;1.87298;0.48332;
0.136361;1.87223;0.398948;
0.136381;1.87149;0.314748;
0.136401;1.87074;0.230713;
0.136421;1.86999;0.146848;
0.136441;1.86924;0.0631489;
0.136461;1.86849;-0.0203807;
0.136481;1.86775;-0.103746;
0.136501;1.867;-0.186942;
0.136521;1.86625;-0.269974;
0.136541;1.86551;-0.352839;
0.136561;1.86476;-0.435539;
0.136581;1.86401;-0.518073;
0.136601;1.86327;-0.600443;
0.136621;1.86252;-0.682647;
0.136641;1.86178;-0.764689;
0.136661;1.86103;-0.846565;
0.136681;1.86029;-0.928279;
0.136701;1.85955;-1.00983;
0.136721;1.8588;-1.09122;
0.136741;1.85806;-1.17244;
0.136761;1.85732;-1.2535;
0.136781;1.85657;-1.3344;
0.136801;1.85583;-1.41514;
0.136821;1.85509;-1.49572;
0.136841;1.85435;-1.57613;
0.136861;1.85361;-1.65639;
0.136881;1.85286;-1.73648;
0.136901;1.85212;-1.81642;
0.136921;1.85138;-1.89619;
0.136941;1.85064;-1.97581;
0.136961;1.8499;-2.05527;
0.136981;1.84916;-2.13456;
0.137001;1.84844;-2.21212;
0.137001;1.84843;-2.21317;
0.137001;1.84843;-2.21493;
0.137002;1.84841;-2.21681;
0.137002;1.8484;-2.21704;
0.137002;1.8484;-2.21638;
0.137002;1.84839;-2.21516;
0.137003;1.84838;-2.21317;
0.137003;1.84836;-2.20998;
0.137004;1.84831;-2.20432;
0.137007;1.84821;-2.19314;
0.137012;1.84802;-2.17073;
0.137022;1.84765;-2.12598;
0.137042;1.84691;-2.0387;
0.137062;1.84617;-1.9516;
0.137082;1.84543;-1.86466;
0.137102;1.84469;-1.77791;
0.137122;1.84395;-1.69132;
0.137142;1.84322;-1.60491;
0.137162;1.84248;-1.51867;
0.137182;1.84174;-1.43261;
0.137202;1.84101;-1.34671;
0.137222;1.84027;-1.26099;
0.137242;1.83953;-1.17543;
0.137262;1.8388;-1.09006;
0.137282;1.83806;-1.00484;
0.137302;1.83733;-0.919807;
0.137322;1.83659;-0.834934;
0.137342;1.83586;-0.750236;
0.137362;1.83512;-0.665703;
0.137382;1.83439;-0.581343;
0.137402;1.83366;-0.497148;
0.137422;1.83292;-0.413124;
0.137442;1.83219;-0.329265;
0.137462;1.83146;-0.245577;
0.137482;1.83073;-0.162053;
0.137502;1.82999;-0.0786984;
0.137522;1.82926;0.00449178;
0.137542;1.82853;0.0875137;
0.137562;1.8278;0.170372;
0.137582;1.82707;0.253062;
0.137602;1.82634;0.335589;
0.137622;1.82561;0.41795;
0.137642;1.82488;0.500147;
0.137662;1.82415;0.582179;
0.137682;1.82342;0.664048;
0.137702;1.82269;0.745753;
0.137722;1.82196;0.827295;
0.137742;1.82123;0.908673;
0.137762;1.8205;0.98989;
0.137782;1.81977;1.07094;
0.137802;1.81905;1.15184;
0.137822;1.81832;1.23257;
0.137842;1.81759;1.31314;
0.137862;1.81687;1.39354;
0.137882;1.81614;1.47379;
0.137902;1.81541;1.55388;
0.137922;1.81469;1.6338;
0.137942;1.81396;1.71357;
0.137962;1.81324;1.79318;
0.137982;1.81251;1.87263;
0.138;1.81189;1.94241;
0.138;1.81188;1.94346;
0.138;1.81187;1.94522;
0.138001;1.81186;1.9471;
0.138001;1.81185;1.94734;
0.138001;1.81185;1.94668;
0.138001;1.81184;1.94546;
0.138002;1.81183;1.94348;
0.138002;1.81181;1.94029;
0.138003;1.81176;1.93464;
0.138006;1.81167;1.92348;
0.138011;1.81149;1.90111;
0.138021;1.81112;1.85645;
0.138041;1.8104;1.76933;
0.138061;1.80966;1.6824;
0.138081;1.80892;1.59563;
0.138101;1.8082;1.50904;
0.138121;1.80748;1.42261;
0.138141;1.80676;1.33637;
0.138161;1.80603;1.25029;
0.138181;1.80531;1.16439;
0.138201;1.80459;1.07866;
0.138221;1.80387;0.9931;
0.138241;1.80315;0.907707;
0.138261;1.80242;0.822492;
0.138281;1.8017;0.737441;
0.138301;1.80098;0.652565;
0.138321;1.80026;0.567854;
0.138341;1.79954;0.483317;
0.138361;1.79882;0.398945;
0.138381;1.7981;0.314745;
0.138401;1.79738;0.230709;
0.138421;1.79667;0.146845;
0.138441;1.79595;0.0631455;
0.138461;1.79523;-0.0203841;
0.138481;1.79451;-0.103749;
0.138501;1.79379;-0.186946;
0.138521;1.79308;-0.269978;
0.138541;1.79236;-0.352842;
0.138561;1.79164;-0.435543;
0.138581;1.79093;-0.518076;
0.138601;1.79021;-0.600446;
0.138621;1.78949;-0.682651;
0.138641;1.78878;-0.764692;
0.138661;1.78806;-0.846568;
0.138681;1.78735;-0.928282;
0.138701;1.78663;-1.00983;
0.138721;1.78592;-1.09122;
0.138741;1.7852;-1.17244;
0.138761;1.78449;-1.2535;
0.138781;1.78378;-1.3344;
0.138801;1.78306;-1.41514;
0.138821;1.78235;-1.49572;
0.138841;1.78164;-1.57614;
0.138861;1.78092;-1.65639;
0.138881;1.78021;-1.73649;
0.138901;1.7795;-1.81642;
0.138921;1.77879;-1.8962;
0.138941;1.77808;-1.97581;
0.138961;1.77737;-2.05527;
0.138981;1.77666;-2.13457;
0.139001;1.77596;-2.21212;
0.139001;1.77596;-2.21317;
0.139001;1.77595;-2.21493;
0.139002;1.77593;-2.21681;
0.139002;1.77592;-2.21704;
0.139002;1.77592;-2.21638;
0.139002;1.77592;-2.21516;
0.139003;1.7759;-2.21318;
0.139003;1.77588;-2.20998;
0.139004;1.77584;-2.20432;
0.139007;1.77574;-2.19314;
0.139012;1.77556;-2.17073;
0.139022;1.7752;-2.12599;
0.139042;1.77449;-2.0387;
0.139062;1.77378;-1.9516;
0.139082;1.77307;-1.86466;
0.139102;1.77236;-1.77791;
0.139122;1.77165;-1.69132;
0.139142;1.77094;-1.60492;
0.139162;1.77024;-1.51867;
0.139182;1.76953;-1.43261;
0.139202;1.76882;-1.34671;
0.139222;1.76811;-1.26099;
0.139242;1.76741;-1.17544;
0.139262;1.7667;-1.09006;
0.139282;1.76599;-1.00485;
0.139302;1.76529;-0.91981;
0.139322;1.76458;-0.834937;
0.139342;1.76387;-0.750239;
0.139362;1.76317;-0.665706;
0.139382;1.76246;-0.581346;
0.139402;1.76176;-0.497151;
0.139422;1.76105;-0.413127;
0.139442;1.76035;-0.329268;
0.139462;1.75965;-0.24558;
0.139482;1.75894;-0.162056;
0.139502;1.75824;-0.0787014;
0.139522;1.75754;0.00448879;
0.139542;1.75683;0.0875108;
0.139562;1.75613;0.170369;
0.139582;1.75543;0.253059;
0.139602;1.75473;0.335586;
0.139622;1.75402;0.417947;
0.139642;1.75332;0.500144;
0.139662;1.75262;0.582176;
0.139682;1.75192;0.664045;
0.139702;1.75122;0.74575;
0.139722;1.75052;0.827292;
0.139742;1.74982;0.908671;
0.139762;1.74912;0.989887;
0.139782;1.74842;1.07094;
0.139802;1.74772;1.15183;
0.139822;1.74702;1.23256;
0.139842;1.74632;1.31313;
0.139862;1.74563;1.39354;
0.139882;1.74493;1.47379;
0.139902;1.74423;1.55387;
0.139922;1.74353;1.6338;
0.139942;1.74283;1.71357;
0.139962;1.74214;1.79318;
0.139982;1.74145;1.87263;
0.14;1.74086;1.94241;
0.14;1.74086;1.94345;
0.14;1.74085;1.94522;
0.140001;1.74084;1.9471;
0.140001;1.74083;1.94733;
0.140001;1.74083;1.94667;
0.140001;1.74082;1.94546;
0.140002;1.74081;1.94347;
0.140002;1.74079;1.94029;
0.140003;1.74075;1.93464;
0.140006;1.74067;1.92347;
0.140011;1.74051;1.90111;
0.140015;1.82851;1.88276;
0.140019;1.93872;1.86571;
0.140025;1.98161;1.83994;
0.14003;1.98139;1.81798;
0.140035;1.9812;1.79742;
0.140044;1.98081;1.75632;
0.140058;1.98024;1.69663;
0.140073;1.97967;1.63332;
0.140087;1.97909;1.57037;
0.140102;1.97851;1.50707;
0.140122;1.97772;1.42066;
0.140142;1.97693;1.33441;
0.140162;1.97614;1.24834;
0.140182;1.97535;1.16244;
0.140202;1.97456;1.07671;
0.140222;1.97377;0.991157;
0.140242;1.97298;0.905773;
0.140262;1.97219;0.820558;
0.140282;1.9714;0.735514;
0.140302;1.97062;0.650639;
0.140322;1.96983;0.565935;
0.140342;1.96904;0.481399;
0.140362;1.96825;0.397032;
0.140382;1.96746;0.312834;
0.140402;1.96668;0.228804;
0.140422;1.96589;0.144942;
0.140442;1.96511;0.0612482;
0.140462;1.96432;-0.0222791;
0.140482;1.96353;-0.105639;
0.140502;1.96275;-0.188833;
0.140522;1.96196;-0.27186;
0.140542;1.96118;-0.354722;
0.140562;1.96039;-0.437418;
0.140582;1.95961;-0.519948;
0.140602;1.95883;-0.602314;
0.140622;1.95804;-0.684515;
0.140642;1.95726;-0.766552;
0.140662;1.95648;-0.848425;
0.140682;1.9557;-0.930135;
0.140702;1.95491;-1.01168;
0.140722;1.95413;-1.09306;
0.140742;1.95335;-1.17428;
0.140762;1.95257;-1.25534;
0.140782;1.95179;-1.33624;
0.140802;1.95101;-1.41697;
0.140822;1.95023;-1.49755;
0.140842;1.94945;-1.57796;
0.140862;1.94867;-1.65821;
0.140882;1.94789;-1.7383;
0.140902;1.94711;-1.81823;
0.140922;1.94633;-1.89801;
0.140942;1.94555;-1.97762;
0.140962;1.94477;-2.05707;
0.140982;1.944;-2.13636;
0.141001;1.94325;-2.21213;
0.141001;1.94325;-2.21317;
0.141001;1.94324;-2.21493;
0.141002;1.94322;-2.21681;
0.141002;1.94321;-2.21704;
0.141002;1.94321;-2.21638;
0.141002;1.9432;-2.21517;
0.141003;1.94319;-2.21318;
0.141003;1.94317;-2.20999;
0.141004;1.94312;-2.20433;
0.141007;1.94302;-2.19314;
0.141012;1.94282;-2.17074;
0.141022;1.94242;-2.12599;
0.141042;1.94164;-2.0387;
0.141062;1.94087;-1.9516;
0.141082;1.94009;-1.86467;
0.141102;1.93931;-1.77791;
0.141122;1.93854;-1.69132;
0.141142;1.93776;-1.60492;
0.141162;1.93699;-1.51867;
0.141182;1.93621;-1.43261;
0.141202;1.93544;-1.34671;
0.141222;1.93467;-1.26099;
0.141242;1.93389;-1.17544;
0.141262;1.93312;-1.09006;
0.141282;1.93235;-1.00485;
0.141302;1.93157;-0.919812;
0.141322;1.9308;-0.83494;
0.141342;1.93003;-0.750242;
0.141362;1.92926;-0.665709;
0.141382;1.92849;-0.581348;
0.141402;1.92771;-0.497153;
0.141422;1.92694;-0.41313;
0.141442;1.92617;-0.329271;
0.141462;1.9254;-0.245582;
0.141482;1.92463;-0.162058;
0.141502;1.92386;-0.0787038;
0.141522;1.92309;0.0044864;
0.141542;1.92232;0.0875084;
0.141562;1.92156;0.170366;
0.141582;1.92079;0.253057;
0.141602;1.92002;0.335584;
0.141622;1.91925;0.417945;
0.141642;1.91848;0.500142;
0.141662;1.91772;0.582174;
0.141682;1.91695;0.664043;
0.141702;1.91618;0.745748;
0.141722;1.91542;0.82729;
0.141742;1.91465;0.908668;
0.141762;1.91388;0.989885;
0.141782;1.91312;1.07094;
0.141802;1.91235;1.15183;
0.141822;1.91159;1.23256;
0.141842;1.91082;1.31313;
0.141862;1.91006;1.39354;
0.141882;1.9093;1.47379;
0.141902;1.90853;1.55387;
0.141922;1.90777;1.6338;
0.141942;1.90701;1.71357;
0.141962;1.90624;1.79317;
0.141982;1.90548;1.87262;
0.142;1.90481;1.94241;
0.142;1.90481;1.94345;
0.142;1.9048;1.94521;
0.142001;1.90479;1.9471;
0.142001;1.90477;1.94733;
0.142001;1.90477;1.94667;
0.142001;1.90477;1.94546;
0.142002;1.90475;1.94347;
0.142002;1.90473;1.94028;
0.142003;1.90468;1.93463;
0.142006;1.90458;1.92347;
0.142011;1.90439;1.90111;
0.142021;1.904;1.85645;
0.142038;1.90337;1.7847;
0.142055;1.90273;1.71135;
0.142075;1.90197;1.62452;
0.142095;1.90121;1.53787;
0.142115;1.90045;1.45139;
0.142135;1.89969;1.36509;
0.142155;1.89893;1.27895;
0.142175;1.89817;1.193;
0.142195;1.89741;1.10721;
0.142215;1.89665;1.02159;
0.142235;1.89589;0.936143;
0.142255;1.89513;0.850871;
0.142275;1.89437;0.765763;
0.142295;1.89362;0.680831;
0.142315;1.89286;0.596063;
0.142335;1.8921;0.51147;
0.142355;1.89134;0.427041;
0.142375;1.89059;0.342785;
0.142395;1.88983;0.258694;
0.142415;1.88908;0.174773;
0.142435;1.88832;0.0910181;
0.142455;1.88757;0.00743277;
0.142475;1.88681;-0.075988;
0.142495;1.88606;-0.15924;
0.142515;1.8853;-0.242327;
0.142535;1.88455;-0.325247;
0.142555;1.88379;-0.408003;
0.142575;1.88304;-0.490591;
0.142595;1.88229;-0.573016;
0.142615;1.88154;-0.655275;
0.142635;1.88078;-0.737371;
0.142655;1.88003;-0.819302;
0.142675;1.87928;-0.90107;
0.142695;1.87853;-0.982674;
0.142715;1.87778;-1.06412;
0.142735;1.87703;-1.14539;
0.142755;1.87627;-1.22651;
0.142775;1.87552;-1.30746;
0.142795;1.87477;-1.38826;
0.142815;1.87402;-1.46889;
0.142835;1.87327;-1.54936;
0.142855;1.87253;-1.62967;
0.142875;1.87178;-1.70981;
0.142895;1.87103;-1.7898;
0.142915;1.87028;-1.86963;
0.142935;1.86953;-1.9493;
0.142955;1.86878;-2.02881;
0.142975;1.86804;-2.10816;
0.142995;1.86729;-2.18735;
0.143001;1.86706;-2.21213;
0.143001;1.86705;-2.21317;
0.143001;1.86704;-2.21493;
0.143002;1.86703;-2.21682;
0.143002;1.86702;-2.21705;
0.143002;1.86702;-2.21639;
0.143002;1.86701;-2.21517;
0.143003;1.867;-2.21318;
0.143003;1.86697;-2.20999;
0.143004;1.86693;-2.20433;
0.143007;1.86683;-2.19314;
0.143012;1.86664;-2.17074;
0.143022;1.86626;-2.12599;
0.143042;1.86551;-2.0387;
0.143062;1.86476;-1.95161;
0.143082;1.86402;-1.86467;
0.143102;1.86327;-1.77792;
0.143122;1.86253;-1.69133;
0.143142;1.86178;-1.60492;
0.143162;1.86104;-1.51868;
0.143182;1.86029;-1.43261;
0.143202;1.85955;-1.34672;
0.143222;1.85881;-1.261;
0.143242;1.85806;-1.17544;
0.143262;1.85732;-1.09006;
0.143282;1.85658;-1.00485;
0.143302;1.85584;-0.919814;
0.143322;1.85509;-0.834942;
0.143342;1.85435;-0.750244;
0.143362;1.85361;-0.665711;
0.143382;1.85287;-0.581351;
0.143402;1.85213;-0.497155;
0.143422;1.85139;-0.413132;
0.143442;1.85065;-0.329273;
0.143462;1.84991;-0.245584;
0.143482;1.84917;-0.16206;
0.143502;1.84843;-0.0787058;
0.143522;1.84769;0.0044844;
0.143542;1.84695;0.0875064;
0.143562;1.84621;0.170364;
0.143582;1.84547;0.253055;
0.143602;1.84473;0.335582;
0.143622;1.844;0.417943;
0.143642;1.84326;0.50014;
0.143662;1.84252;0.582172;
0.143682;1.84178;0.664041;
0.143702;1.84105;0.745746;
0.143722;1.84031;0.827288;
0.143742;1.83958;0.908666;
0.143762;1.83884;0.989883;
0.143782;1.8381;1.07094;
0.143802;1.83737;1.15183;
0.143822;1.83663;1.23256;
0.143842;1.8359;1.31313;
0.143862;1.83517;1.39354;
0.143882;1.83443;1.47378;
0.143902;1.8337;1.55387;
0.143922;1.83297;1.6338;
0.143942;1.83223;1.71356;
0.143962;1.8315;1.79317;
0.143982;1.83077;1.87262;
0.144;1.83013;1.94241;
0.144;1.83013;1.94345;
0.144;1.83012;1.94521;
0.144001;1.83011;1.9471;
0.144001;1.8301;1.94733;
0.144001;1.83009;1.94667;
0.144001;1.83009;1.94546;
0.144002;1.83008;1.94347;
0.144002;1.83005;1.94028;
0.144003;1.83001;1.93463;
0.144006;1.82992;1.92347;
0.144011;1.82973;1.90111;
0.144021;1.82936;1.85645;
0.144041;1.82862;1.76932;
0.144061;1.82788;1.68239;
0.144079;1.82723;1.6054;
0.144097;1.82656;1.52648;
0.144117;1.82583;1.44002;
0.144137;1.8251;1.35374;
0.144157;1.82437;1.26763;
0.144177;1.82364;1.18169;
0.144197;1.82291;1.09592;
0.144217;1.82218;1.01033;
0.144237;1.82145;0.924905;
0.144257;1.82073;0.839655;
0.144277;1.82;0.75457;
0.144297;1.81927;0.66966;
0.144317;1.81854;0.584915;
0.144337;1.81782;0.500343;
0.144357;1.81709;0.415937;
0.144377;1.81636;0.331703;
0.144397;1.81564;0.247634;
0.144417;1.81491;0.163736;
0.144437;1.81418;0.0800023;
0.144457;1.81346;-0.00356093;
0.144477;1.81273;-0.0869597;
0.144497;1.81201;-0.17019;
0.144517;1.81128;-0.253255;
0.144537;1.81056;-0.336153;
0.144557;1.80983;-0.418887;
0.144577;1.80911;-0.501454;
0.144597;1.80839;-0.583857;
0.144617;1.80766;-0.666095;
0.144637;1.80694;-0.748169;
0.144657;1.80622;-0.830078;
0.144677;1.8055;-0.911825;
0.144697;1.80477;-0.993407;
0.144717;1.80405;-1.07483;
0.144737;1.80333;-1.15608;
0.144757;1.80261;-1.23718;
0.144777;1.80189;-1.31811;
0.144797;1.80117;-1.39888;
0.144817;1.80045;-1.47949;
0.144837;1.79973;-1.55994;
0.144857;1.79901;-1.64023;
0.144877;1.79829;-1.72036;
0.144897;1.79757;-1.80032;
0.144917;1.79685;-1.88013;
0.144937;1.79613;-1.95978;
0.144957;1.79541;-2.03927;
0.144977;1.7947;-2.1186;
0.144997;1.79398;-2.19777;
0.145001;1.79385;-2.21213;
0.145001;1.79384;-2.21318;
0.145001;1.79384;-2.21494;
0.145002;1.79382;-2.21682;
0.145002;1.79381;-2.21705;
0.145002;1.79381;-2.21639;
0.145002;1.7938;-2.21517;
0.145003;1.79379;-2.21318;
0.145003;1.79377;-2.20999;
0.145004;1.79372;-2.20433;
0.145007;1.79363;-2.19315;
0.145012;1.79345;-2.17074;
0.145022;1.79308;-2.12599;
0.145042;1.79236;-2.03871;
0.145062;1.79165;-1.95161;
0.145082;1.79093;-1.86467;
0.145102;1.79021;-1.77792;
0.145122;1.7895;-1.69133;
0.145142;1.78878;-1.60492;
0.145162;1.78807;-1.51868;
0.145182;1.78735;-1.43262;
0.145202;1.78664;-1.34672;
0.145222;1.78592;-1.261;
0.145242;1.78521;-1.17544;
0.145262;1.78449;-1.09007;
0.145282;1.78378;-1.00485;
0.145302;1.78307;-0.919816;
0.145322;1.78235;-0.834944;
0.145342;1.78164;-0.750245;
0.145362;1.78093;-0.665712;
0.145382;1.78022;-0.581352;
0.145402;1.7795;-0.497157;
0.145422;1.77879;-0.413133;
0.145442;1.77808;-0.329274;
0.145462;1.77737;-0.245586;
0.145482;1.77666;-0.162062;
0.145502;1.77595;-0.0787074;
0.145522;1.77524;0.00448276;
0.145542;1.77453;0.0875047;
0.145562;1.77382;0.170363;
0.145582;1.77311;0.253053;
0.145602;1.7724;0.33558;
0.145622;1.77169;0.417941;
0.145642;1.77098;0.500138;
0.145662;1.77028;0.58217;
0.145682;1.76957;0.66404;
0.145702;1.76886;0.745744;
0.145722;1.76815;0.827286;
0.145742;1.76744;0.908665;
0.145762;1.76674;0.989881;
0.145782;1.76603;1.07093;
0.145802;1.76533;1.15183;
0.145822;1.76462;1.23256;
0.145842;1.76391;1.31313;
0.145862;1.76321;1.39353;
0.145882;1.7625;1.47378;
0.145902;1.7618;1.55387;
0.145922;1.76109;1.6338;
0.145942;1.76039;1.71356;
0.145962;1.75969;1.79317;
0.145982;1.75899;1.87262;
0.146;1.75839;1.9424;
0.146;1.75839;1.94345;
0.146;1.75838;1.94521;
0.146001;1.75837;1.94709;
0.146001;1.75836;1.94733;
0.146001;1.75835;1.94667;
0.146001;1.75835;1.94545;
0.146002;1.75834;1.94347;
0.146002;1.75832;1.94028;
0.146003;1.75827;1.93463;
0.146006;1.75819;1.92347;
0.146011;1.75802;1.90111;
0.146021;1.75769;1.85644;
0.146028;1.83574;1.82851;
0.146034;1.91116;1.80153;
0.146039;1.91095;1.77894;
0.146045;1.91073;1.75581;
0.146053;1.9104;1.71956;
0.14607;1.90974;1.64717;
0.146082;1.90927;1.59373;
0.146095;1.90877;1.53749;
0.146109;1.90821;1.47411;
0.146129;1.90745;1.38776;
0.146149;1.90669;1.30158;
0.146169;1.90592;1.21557;
0.146189;1.90516;1.12974;
0.146209;1.9044;1.04408;
0.146229;1.90364;0.958586;
0.146249;1.90288;0.873266;
0.146269;1.90212;0.788116;
0.146289;1.90135;0.703137;
0.146309;1.90059;0.618327;
0.146329;1.89983;0.533687;
0.146349;1.89907;0.449215;
0.146369;1.89831;0.364914;
0.146389;1.89756;0.280779;
0.146409;1.8968;0.196814;
0.146429;1.89604;0.113016;
0.146449;1.89528;0.0293854;
0.146469;1.89452;-0.0540784;
0.146489;1.89376;-0.137375;
0.146509;1.89301;-0.220505;
0.146529;1.89225;-0.303469;
0.146549;1.89149;-0.386268;
0.146569;1.89074;-0.4689;
0.146589;1.88998;-0.551368;
0.146609;1.88922;-0.633671;
0.146629;1.88847;-0.71581;
0.146649;1.88771;-0.797784;
0.146669;1.88696;-0.879595;
0.146689;1.8862;-0.961242;
0.146709;1.88545;-1.04273;
0.146729;1.8847;-1.12405;
0.146749;1.88394;-1.20521;
0.146769;1.88319;-1.2862;
0.146789;1.88244;-1.36704;
0.146809;1.88168;-1.44771;
0.146829;1.88093;-1.52822;
0.146849;1.88018;-1.60857;
0.146869;1.87943;-1.68876;
0.146889;1.87867;-1.76879;
0.146909;1.87792;-1.84866;
0.146929;1.87717;-1.92837;
0.146949;1.87642;-2.00793;
0.146969;1.87567;-2.08732;
0.146989;1.87492;-2.16655;
0.147001;1.87449;-2.21213;
0.147001;1.87449;-2.21318;
0.147001;1.87448;-2.21494;
0.147002;1.87446;-2.21682;
0.147002;1.87445;-2.21705;
0.147002;1.87445;-2.21639;
0.147002;1.87444;-2.21517;
0.147003;1.87443;-2.21318;
0.147003;1.87441;-2.20999;
0.147004;1.87436;-2.20433;
0.147007;1.87426;-2.19315;
0.147012;1.87407;-2.17074;
0.147022;1.87369;-2.126;
0.147042;1.87294;-2.03871;
0.147062;1.87219;-1.95161;
0.147082;1.87144;-1.86467;
0.147102;1.87069;-1.77792;
0.147122;1.86994;-1.69133;
0.147142;1.8692;-1.60492;
0.147162;1.86845;-1.51868;
0.147182;1.8677;-1.43262;
0.147202;1.86695;-1.34672;
0.147222;1.86621;-1.261;
0.147242;1.86546;-1.17544;
0.147262;1.86471;-1.09007;
0.147282;1.86397;-1.00485;
0.147302;1.86322;-0.919817;
0.147322;1.86248;-0.834945;
0.147342;1.86173;-0.750247;
0.147362;1.86099;-0.665714;
0.147382;1.86024;-0.581353;
0.147402;1.8595;-0.497158;
0.147422;1.85876;-0.413135;
0.147442;1.85801;-0.329276;
0.147462;1.85727;-0.245587;
0.147482;1.85653;-0.162063;
0.147502;1.85579;-0.0787087;
0.147522;1.85504;0.00448148;
0.147542;1.8543;0.0875035;
0.147562;1.85356;0.170361;
0.147582;1.85282;0.253052;
0.147602;1.85208;0.335579;
0.147622;1.85134;0.41794;
0.147642;1.8506;0.500137;
0.147662;1.84986;0.582169;
0.147682;1.84912;0.664038;
0.147702;1.84838;0.745743;
0.147722;1.84764;0.827285;
0.147742;1.8469;0.908663;
0.147762;1.84616;0.98988;
0.147782;1.84542;1.07093;
0.147802;1.84468;1.15183;
0.147822;1.84395;1.23256;
0.147842;1.84321;1.31313;
0.147862;1.84247;1.39353;
0.147882;1.84174;1.47378;
0.147902;1.841;1.55387;
0.147922;1.84026;1.63379;
0.147942;1.83953;1.71356;
0.147962;1.83879;1.79317;
0.147982;1.83806;1.87262;
0.148;1.83742;1.9424;
0.148;1.83741;1.94345;
0.148;1.83741;1.94521;
0.148001;1.83739;1.94709;
0.148001;1.83738;1.94733;
0.148001;1.83738;1.94667;
0.148001;1.83737;1.94545;
0.148002;1.83736;1.94347;
0.148002;1.83734;1.94028;
0.148003;1.83729;1.93463;
0.148006;1.8372;1.92347;
0.148011;1.83701;1.9011;
0.148021;1.83664;1.85644;
0.148041;1.8359;1.76932;
0.148061;1.83515;1.68239;
0.148081;1.83442;1.59562;
0.148101;1.83369;1.50996;
0.148121;1.83296;1.42353;
0.148141;1.83223;1.33728;
0.148161;1.83149;1.2512;
0.148181;1.83076;1.1653;
0.148201;1.83003;1.07957;
0.148221;1.8293;0.994007;
0.148241;1.82857;0.908613;
0.148261;1.82784;0.823396;
0.148281;1.8271;0.738343;
0.148301;1.82637;0.653465;
0.148321;1.82564;0.568753;
0.148341;1.82491;0.484214;
0.148361;1.82418;0.399839;
0.148381;1.82345;0.315638;
0.148401;1.82272;0.2316;
0.148421;1.822;0.147735;
0.148441;1.82127;0.0640332;
0.148461;1.82054;-0.0194982;
0.148481;1.81981;-0.102865;
0.148501;1.81908;-0.186063;
0.148521;1.81836;-0.269097;
0.148541;1.81763;-0.351963;
0.148561;1.8169;-0.434666;
0.148581;1.81617;-0.517201;
0.148601;1.81545;-0.599573;
0.148621;1.81472;-0.681779;
0.148641;1.814;-0.763822;
0.148661;1.81327;-0.8457;
0.148681;1.81255;-0.927415;
0.148701;1.81182;-1.00897;
0.148721;1.8111;-1.09036;
0.148741;1.81037;-1.17158;
0.148761;1.80965;-1.25264;
0.148781;1.80892;-1.33355;
0.148801;1.8082;-1.41429;
0.148821;1.80748;-1.49487;
0.148841;1.80676;-1.57528;
0.148861;1.80603;-1.65554;
0.148881;1.80531;-1.73564;
0.148901;1.80459;-1.81557;
0.148921;1.80387;-1.89535;
0.148941;1.80315;-1.97497;
0.148961;1.80242;-2.05443;
0.148981;1.8017;-2.13373;
0.149001;1.80099;-2.21213;
0.149001;1.80099;-2.21318;
0.149001;1.80098;-2.21494;
0.149002;1.80096;-2.21682;
0.149002;1.80095;-2.21705;
0.149002;1.80095;-2.21639;
0.149002;1.80094;-2.21517;
0.149003;1.80093;-2.21318;
0.149003;1.80091;-2.20999;
0.149004;1.80086;-2.20433;
0.149007;1.80077;-2.19315;
0.149012;1.80059;-2.17074;
0.149022;1.80022;-2.126;
0.149042;1.7995;-2.03871;
0.149062;1.79878;-1.95161;
0.149082;1.79806;-1.86467;
0.149102;1.79734;-1.77792;
0.149122;1.79662;-1.69133;
0.149142;1.7959;-1.60492;
0.149162;1.79519;-1.51868;
0.149182;1.79447;-1.43262;
0.149202;1.79375;-1.34672;
0.149222;1.79303;-1.261;
0.149242;1.79232;-1.17545;
0.149262;1.7916;-1.09007;
0.149282;1.79088;-1.00486;
0.149302;1.79017;-0.919818;
0.149322;1.78945;-0.834946;
0.149342;1.78873;-0.750248;
0.149362;1.78802;-0.665715;
0.149382;1.7873;-0.581355;
0.149402;1.78659;-0.497159;
0.149422;1.78587;-0.413136;
0.149442;1.78516;-0.329277;
0.149462;1.78445;-0.245588;
0.149482;1.78373;-0.162064;
0.149502;1.78302;-0.0787099;
0.149522;1.78231;0.00448035;
0.149542;1.78159;0.0875023;
0.149562;1.78088;0.17036;
0.149582;1.78017;0.253051;
0.149602;1.77946;0.335578;
0.149622;1.77875;0.417939;
0.149642;1.77803;0.500136;
0.149662;1.77732;0.582168;
0.149682;1.77661;0.664037;
0.149702;1.7759;0.745742;
0.149722;1.77519;0.827284;
0.149742;1.77448;0.908662;
0.149762;1.77377;0.989879;
0.149782;1.77306;1.07093;
0.149802;1.77235;1.15182;
0.149822;1.77164;1.23255;
0.149842;1.77094;1.31312;
0.149862;1.77023;1.39353;
0.149882;1.76952;1.47378;
0.149902;1.76881;1.55387;
0.149922;1.7681;1.63379;
0.149942;1.7674;1.71356;
0.149962;1.76669;1.79317;
0.149982;1.76599;1.87262;
0.15;1.76539;1.9424;
0.15;1.76539;1.94345;
0.15;1.76538;1.94521;
0.150001;1.76536;1.94709;
0.150001;1.76535;1.94733;
0.150001;1.76535;1.94667;
0.150001;1.76535;1.94545;
0.150002;1.76534;1.94347;
0.150002;1.76531;1.94028;
0.150003;1.76527;1.93463;
0.150006;1.76518;1.92347;
0.150011;1.76501;1.9011;
0.150021;1.76467;1.85644;
0.150034;1.78207;1.80026;
0.150045;1.79611;1.75493;
0.150055;1.79574;1.71234;
0.150066;1.79531;1.66169;
0.15008;1.79478;1.60052;
0.150097;1.79416;1.52719;
0.150116;1.79348;1.44553;
0.150136;1.79277;1.35924;
0.150156;1.79206;1.27461;
0.150176;1.79134;1.18866;
0.150196;1.79063;1.10288;
0.150216;1.78991;1.01728;
0.150236;1.7892;0.931837;
0.150256;1.78848;0.846572;
0.150276;1.78777;0.761474;
0.150296;1.78705;0.67655;
0.150316;1.78634;0.591792;
0.150336;1.78562;0.507206;
0.150356;1.78491;0.422786;
0.150376;1.78419;0.338538;
0.150396;1.78348;0.254456;
0.150416;1.78277;0.170543;
0.150436;1.78205;0.0867971;
0.150456;1.78134;0.00321973;
0.150476;1.78063;-0.0801922;
0.150496;1.77992;-0.163436;
0.150516;1.7792;-0.246515;
0.150536;1.77849;-0.329426;
0.150556;1.77778;-0.412173;
0.150576;1.77707;-0.494754;
0.150596;1.77636;-0.57717;
0.150616;1.77565;-0.659421;
0.150636;1.77494;-0.741509;
0.150656;1.77423;-0.823432;
0.150676;1.77352;-0.905191;
0.150696;1.77281;-0.986787;
0.150716;1.7721;-1.06822;
0.150736;1.77139;-1.14949;
0.150756;1.77068;-1.2306;
0.150776;1.76998;-1.31154;
0.150796;1.76927;-1.39233;
0.150816;1.76856;-1.47295;
0.150836;1.76785;-1.55341;
0.150856;1.76715;-1.63371;
0.150876;1.76644;-1.71385;
0.150896;1.76573;-1.79383;
0.150916;1.76503;-1.87365;
0.150936;1.76432;-1.95331;
0.150956;1.76362;-2.03282;
0.150976;1.76291;-2.11216;
0.150996;1.76221;-2.19134;
0.151001;1.76202;-2.21213;
0.151001;1.76202;-2.21318;
0.151001;1.76201;-2.21494;
0.151002;1.762;-2.21682;
0.151002;1.76199;-2.21705;
0.151002;1.76198;-2.21639;
0.151002;1.76198;-2.21517;
0.151003;1.76197;-2.21319;
0.151003;1.76194;-2.20999;
0.151004;1.7619;-2.20433;
0.151007;1.76181;-2.19315;
0.151012;1.76163;-2.17074;
0.151022;1.76127;-2.126;
0.151042;1.76056;-2.03871;
0.151062;1.75986;-1.95161;
0.151082;1.75915;-1.86467;
0.151102;1.75845;-1.77792;
0.151122;1.75775;-1.69133;
0.151142;1.75704;-1.60492;
0.151162;1.75634;-1.51868;
0.151182;1.75564;-1.43262;
0.151202;1.75494;-1.34672;
0.151222;1.75424;-1.261;
0.151242;1.75353;-1.17545;
0.151262;1.75283;-1.09007;
0.151282;1.75213;-1.00486;
0.151302;1.75143;-0.919819;
0.151322;1.75073;-0.834947;
0.151342;1.75003;-0.750249;
0.151362;1.74933;-0.665716;
0.151382;1.74863;-0.581356;
0.151402;1.74793;-0.49716;
0.151422;1.74723;-0.413137;
0.151442;1.74653;-0.329278;
0.151462;1.74584;-0.245589;
0.151482;1.74514;-0.162065;
0.151502;1.74444;-0.0787107;
0.151522;1.74374;0.00447949;
0.151542;1.74304;0.0875015;
0.151562;1.74235;0.170359;
0.151582;1.74165;0.25305;
0.151602;1.74095;0.335577;
0.151622;1.74026;0.417938;
0.151642;1.73956;0.500135;
0.151662;1.73887;0.582167;
0.151682;1.73817;0.664036;
0.151702;1.73748;0.745741;
0.151722;1.73678;0.827283;
0.151742;1.73609;0.908661;
0.151762;1.73539;0.989878;
0.151782;1.7347;1.07093;
0.151802;1.734;1.15182;
0.151822;1.73331;1.23255;
0.151842;1.73262;1.31312;
0.151862;1.73192;1.39353;
0.151882;1.73123;1.47378;
0.151902;1.73054;1.55387;
0.151922;1.72985;1.63379;
0.151942;1.72916;1.71356;
0.151962;1.72847;1.79317;
0.151982;1.72779;1.87262;
0.152;1.72721;1.9424;
0.152;1.72721;1.94345;
0.152;1.7272;1.94521;
0.152001;1.72719;1.94709;
0.152001;1.72718;1.94732;
0.152001;1.72717;1.94667;
0.152001;1.72717;1.94545;
0.152002;1.72716;1.94346;
0.152002;1.72714;1.94028;
0.152003;1.7271;1.93463;
0.152006;1.72702;1.92346;
0.152009;1.76867;1.91155;
0.152011;1.86283;1.90259;
0.152013;1.96805;1.89324;
0.152015;2.00598;1.8843;
0.152018;2.00586;1.87117;
0.15202;2.00576;1.86096;
0.152023;2.00566;1.85083;
0.152027;2.00547;1.83059;
0.152037;2.00508;1.79012;
0.152053;2.00441;1.7194;
0.152068;2.00379;1.65266;
0.152084;2.00317;1.58573;
0.1521;2.00254;1.51707;
0.15212;2.00173;1.43063;
0.15214;2.00093;1.34437;
0.15216;2.00013;1.25828;
0.15218;1.99933;1.17236;
0.1522;1.99853;1.08661;
0.15222;1.99774;1.00103;
0.15224;1.99694;0.915629;
0.15226;1.99614;0.830395;
0.15228;1.99534;0.745331;
0.1523;1.99454;0.660437;
0.15232;1.99374;0.575712;
0.15234;1.99295;0.491157;
0.15236;1.99215;0.406771;
0.15238;1.99135;0.322553;
0.1524;1.99056;0.238504;
0.15242;1.98976;0.154623;
0.15244;1.98896;0.0709093;
0.15246;1.98817;-0.0126371;
0.15248;1.98737;-0.0960166;
0.1525;1.98658;-0.179229;
0.15252;1.98578;-0.262276;
0.15254;1.98499;-0.345157;
0.15256;1.9842;-0.427872;
0.15258;1.9834;-0.510421;
0.1526;1.98261;-0.592806;
0.15262;1.98182;-0.675026;
0.15264;1.98102;-0.757082;
0.15266;1.98023;-0.838974;
0.15268;1.97944;-0.920703;
0.1527;1.97865;-1.00227;
0.15272;1.97786;-1.08367;
0.15274;1.97707;-1.16491;
0.15276;1.97628;-1.24599;
0.15278;1.97549;-1.3269;
0.1528;1.9747;-1.40765;
0.15282;1.97391;-1.48825;
0.15284;1.97312;-1.56868;
0.15286;1.97233;-1.64895;
0.15288;1.97154;-1.72906;
0.1529;1.97075;-1.80901;
0.15292;1.96996;-1.8888;
0.15294;1.96917;-1.96843;
0.15296;1.96839;-2.0479;
0.15298;1.9676;-2.12721;
0.153;1.96681;-2.20637;
0.153001;1.96676;-2.21214;
0.153001;1.96675;-2.21318;
0.153001;1.96674;-2.21494;
0.153002;1.96673;-2.21682;
0.153002;1.96672;-2.21705;
0.153002;1.96671;-2.21639;
0.153002;1.96671;-2.21518;
0.153003;1.96669;-2.21319;
0.153003;1.96667;-2.21;
0.153004;1.96662;-2.20433;
0.153007;1.96652;-2.19315;
0.153012;1.96632;-2.17074;
0.153022;1.96591;-2.126;
0.153042;1.96513;-2.03871;
0.153062;1.96434;-1.95161;
0.153082;1.96356;-1.86467;
0.153102;1.96277;-1.77792;
0.153122;1.96199;-1.69133;
0.153142;1.9612;-1.60493;
0.153162;1.96042;-1.51868;
0.153182;1.95963;-1.43262;
0.153202;1.95885;-1.34672;
0.153222;1.95807;-1.261;
0.153242;1.95728;-1.17545;
0.153262;1.9565;-1.09007;
0.153282;1.95572;-1.00486;
0.153302;1.95494;-0.91982;
0.153322;1.95415;-0.834948;
0.153342;1.95337;-0.75025;
0.153362;1.95259;-0.665717;
0.153382;1.95181;-0.581356;
0.153402;1.95103;-0.497161;
0.153422;1.95025;-0.413137;
0.153442;1.94947;-0.329278;
0.153462;1.94869;-0.24559;
0.153482;1.94791;-0.162066;
0.153502;1.94713;-0.0787114;
0.153522;1.94635;0.00447878;
0.153542;1.94557;0.0875008;
0.153562;1.9448;0.170359;
0.153582;1.94402;0.253049;
0.153602;1.94324;0.335576;
0.153622;1.94246;0.417937;
0.153642;1.94169;0.500134;
0.153662;1.94091;0.582166;
0.153682;1.94013;0.664036;
0.153702;1.93936;0.74574;
0.153722;1.93858;0.827282;
0.153742;1.93781;0.908661;
0.153762;1.93703;0.989877;
0.153782;1.93626;1.07093;
0.153802;1.93548;1.15182;
0.153822;1.93471;1.23255;
0.153842;1.93394;1.31312;
0.153862;1.93316;1.39353;
0.153882;1.93239;1.47378;
0.153902;1.93162;1.55386;
0.153922;1.93084;1.63379;
0.153942;1.93007;1.71356;
0.153962;1.9293;1.79317;
0.153982;1.92853;1.87262;
0.154;1.92785;1.9424;
0.154;1.92785;1.94344;
0.154;1.92784;1.94521;
0.154001;1.92782;1.94709;
0.154001;1.92781;1.94732;
0.154001;1.92781;1.94666;
0.154001;1.9278;1.94545;
0.154002;1.92779;1.94346;
0.154002;1.92776;1.94028;
0.154003;1.92772;1.93463;
0.154006;1.92762;1.92346;
0.154011;1.92742;1.9011;
0.154021;1.92702;1.85644;
0.154041;1.92625;1.76932;
0.154061;1.92548;1.68239;
0.154081;1.92471;1.59561;
0.154101;1.92394;1.50903;
0.154121;1.92317;1.4226;
0.154141;1.92241;1.33636;
0.154161;1.92164;1.25028;
0.154181;1.92087;1.16438;
0.154201;1.9201;1.07864;
0.154221;1.91933;0.993088;
0.154241;1.91856;0.907695;
0.154261;1.9178;0.82248;
0.154281;1.91703;0.737429;
0.154301;1.91626;0.652553;
0.154321;1.9155;0.567842;
0.154341;1.91473;0.483305;
0.154361;1.91397;0.398933;
0.154381;1.9132;0.314733;
0.154401;1.91243;0.230697;
0.154421;1.91167;0.146833;
0.154441;1.91091;0.0631337;
0.154461;1.91014;-0.0203959;
0.154481;1.90938;-0.103761;
0.154501;1.90861;-0.186957;
0.154521;1.90785;-0.269989;
0.154541;1.90709;-0.352854;
0.154561;1.90632;-0.435554;
0.154581;1.90556;-0.518088;
0.154601;1.9048;-0.600458;
0.154621;1.90404;-0.682662;
0.154641;1.90328;-0.764704;
0.154661;1.90252;-0.84658;
0.154681;1.90175;-0.928293;
0.154701;1.90099;-1.00984;
0.154721;1.90023;-1.09123;
0.154741;1.89947;-1.17245;
0.154761;1.89871;-1.25352;
0.154781;1.89796;-1.33442;
0.154801;1.8972;-1.41515;
0.154821;1.89644;-1.49573;
0.154841;1.89568;-1.57615;
0.154861;1.89492;-1.6564;
0.154881;1.89416;-1.7365;
0.154901;1.89341;-1.81643;
0.154921;1.89265;-1.89621;
0.154941;1.89189;-1.97582;
0.154961;1.89113;-2.05528;
0.154981;1.89038;-2.13458;
0.155001;1.88964;-2.21214;
0.155001;1.88963;-2.21318;
0.155001;1.88963;-2.21494;
0.155002;1.88961;-2.21682;
0.155002;1.8896;-2.21705;
0.155002;1.8896;-2.21639;
0.155002;1.88959;-2.21518;
0.155003;1.88958;-2.21319;
0.155003;1.88955;-2.21;
0.155004;1.88951;-2.20434;
0.155007;1.88941;-2.19315;
0.155012;1.88922;-2.17075;
0.155022;1.88883;-2.126;
0.155042;1.88807;-2.03871;
0.155062;1.88732;-1.95161;
0.155082;1.88656;-1.86467;
0.155102;1.88581;-1.77792;
0.155122;1.88506;-1.69133;
0.155142;1.8843;-1.60493;
0.155162;1.88355;-1.51868;
0.155182;1.88279;-1.43262;
0.155202;1.88204;-1.34672;
0.155222;1.88129;-1.261;
0.155242;1.88054;-1.17545;
0.155262;1.87978;-1.09007;
0.155282;1.87903;-1.00486;
0.155302;1.87828;-0.91982;
0.155322;1.87753;-0.834948;
0.155342;1.87678;-0.75025;
0.155362;1.87603;-0.665717;
0.155382;1.87528;-0.581357;
0.155402;1.87453;-0.497162;
0.155422;1.87378;-0.413138;
0.155442;1.87303;-0.329279;
0.155462;1.87228;-0.245591;
0.155482;1.87153;-0.162067;
0.155502;1.87078;-0.0787121;
0.155522;1.87003;0.00447814;
0.155542;1.86929;0.0875001;
0.155562;1.86854;0.170358;
0.155582;1.86779;0.253049;
0.155602;1.86705;0.335576;
0.155622;1.8663;0.417936;
0.155642;1.86555;0.500134;
0.155662;1.86481;0.582166;
0.155682;1.86406;0.664035;
0.155702;1.86331;0.745739;
0.155722;1.86257;0.827282;
0.155742;1.86182;0.90866;
0.155762;1.86108;0.989877;
0.155782;1.86034;1.07093;
0.155802;1.85959;1.15182;
0.155822;1.85885;1.23255;
0.155842;1.85811;1.31312;
0.155862;1.85736;1.39353;
0.155882;1.85662;1.47378;
0.155902;1.85588;1.55386;
0.155922;1.85513;1.63379;
0.155942;1.85439;1.71356;
0.155962;1.85365;1.79317;
0.155982;1.85291;1.87262;
0.156;1.85226;1.9424;
0.156;1.85226;1.94344;
0.156;1.85225;1.94521;
0.156001;1.85224;1.94709;
0.156001;1.85223;1.94732;
0.156001;1.85222;1.94666;
0.156001;1.85222;1.94545;
0.156002;1.85221;1.94346;
0.156002;1.85218;1.94028;
0.156003;1.85214;1.93463;
0.156006;1.85204;1.92346;
0.156011;1.85185;1.9011;
0.156021;1.85148;1.85644;
0.156041;1.85073;1.76932;
0.156061;1.84998;1.68238;
0.156081;1.84924;1.59561;
0.156101;1.8485;1.50902;
0.156121;1.84777;1.4226;
0.156141;1.84703;1.33636;
0.156161;1.84629;1.25028;
0.156181;1.84555;1.16438;
0.156201;1.84481;1.07864;
0.156221;1.84407;0.993087;
0.156241;1.84334;0.907695;
0.156261;1.8426;0.822479;
0.156281;1.84186;0.737428;
0.156301;1.84113;0.652553;
0.156321;1.84039;0.567842;
0.156341;1.83965;0.483304;
0.156361;1.83892;0.398932;
0.156381;1.83818;0.314732;
0.156401;1.83745;0.230697;
0.156421;1.83671;0.146833;
0.156441;1.83598;0.0631331;
0.156461;1.83524;-0.0203965;
0.156481;1.83451;-0.103762;
0.156501;1.83378;-0.186958;
0.156521;1.83304;-0.26999;
0.156541;1.83231;-0.352854;
0.156561;1.83158;-0.435555;
0.156581;1.83084;-0.518088;
0.156601;1.83011;-0.600459;
0.156621;1.82938;-0.682663;
0.156641;1.82865;-0.764704;
0.156661;1.82792;-0.84658;
0.156681;1.82719;-0.928294;
0.156701;1.82646;-1.00984;
0.156721;1.82573;-1.09123;
0.156741;1.82499;-1.17245;
0.156761;1.82427;-1.25352;
0.156781;1.82354;-1.33442;
0.156801;1.82281;-1.41515;
0.156821;1.82208;-1.49573;
0.156841;1.82135;-1.57615;
0.156861;1.82062;-1.6564;
0.156881;1.81989;-1.7365;
0.156901;1.81916;-1.81643;
0.156921;1.81844;-1.89621;
0.156941;1.81771;-1.97582;
0.156961;1.81698;-2.05528;
0.156981;1.81626;-2.13458;
0.157001;1.81554;-2.21214;
0.157001;1.81554;-2.21318;
0.157001;1.81553;-2.21494;
0.157002;1.81552;-2.21682;
0.157002;1.81551;-2.21705;
0.157002;1.8155;-2.21639;
0.157002;1.8155;-2.21518;
0.157003;1.81549;-2.21319;
0.157003;1.81546;-2.21;
0.157004;1.81542;-2.20434;
0.157007;1.81532;-2.19315;
0.157012;1.81514;-2.17075;
0.157022;1.81477;-2.126;
0.157042;1.81404;-2.03871;
0.157062;1.81332;-1.95161;
0.157082;1.81259;-1.86468;
0.157102;1.81187;-1.77792;
0.157122;1.81114;-1.69133;
0.157142;1.81042;-1.60493;
0.157162;1.80969;-1.51868;
0.157182;1.80897;-1.43262;
0.157202;1.80825;-1.34672;
0.157222;1.80752;-1.261;
0.157242;1.8068;-1.17545;
0.157262;1.80608;-1.09007;
0.157282;1.80535;-1.00486;
0.157302;1.80463;-0.919821;
0.157322;1.80391;-0.834949;
0.157342;1.80319;-0.750251;
0.157362;1.80247;-0.665718;
0.157382;1.80175;-0.581357;
0.157402;1.80103;-0.497162;
0.157422;1.80031;-0.413138;
0.157442;1.79959;-0.32928;
0.157462;1.79887;-0.245591;
0.157482;1.79815;-0.162067;
0.157502;1.79743;-0.0787126;
0.157522;1.79671;0.00447762;
0.157542;1.79599;0.0874996;
0.157562;1.79527;0.170358;
0.157582;1.79456;0.253048;
0.157602;1.79384;0.335575;
0.157622;1.79312;0.417936;
0.157642;1.7924;0.500133;
0.157662;1.79169;0.582165;
0.157682;1.79097;0.664034;
0.157702;1.79025;0.745739;
0.157722;1.78954;0.827281;
0.157742;1.78882;0.90866;
0.157762;1.78811;0.989876;
0.157782;1.78739;1.07093;
0.157802;1.78668;1.15182;
0.157822;1.78596;1.23255;
0.157842;1.78525;1.31312;
0.157862;1.78453;1.39353;
0.157882;1.78382;1.47378;
0.157902;1.78311;1.55386;
0.157922;1.78239;1.63379;
0.157942;1.78168;1.71356;
0.157962;1.78097;1.79317;
0.157982;1.78026;1.87261;
0.158;1.77965;1.9424;
0.158;1.77965;1.94344;
0.158;1.77964;1.94521;
0.158001;1.77963;1.94709;
0.158001;1.77962;1.94732;
0.158001;1.77961;1.94666;
0.158001;1.77961;1.94545;
0.158002;1.7796;1.94346;
0.158002;1.77957;1.94028;
0.158003;1.77953;1.93463;
0.158006;1.77944;1.92346;
0.158011;1.77927;1.9011;
0.158021;1.77891;1.85644;
0.158038;1.77832;1.78274;
0.158057;1.77765;1.70294;
0.158077;1.77692;1.61613;
0.158097;1.77619;1.5295;
0.158117;1.77548;1.44303;
0.158137;1.77477;1.35675;
0.158157;1.77406;1.27063;
0.158177;1.77335;1.18469;
0.158197;1.77264;1.09891;
0.158217;1.77193;1.01332;
0.158237;1.77123;0.927883;
0.158257;1.77052;0.842627;
0.158277;1.76981;0.757536;
0.158297;1.7691;0.67262;
0.158317;1.76839;0.587869;
0.158337;1.76769;0.503291;
0.158357;1.76698;0.418879;
0.158377;1.76627;0.334639;
0.158397;1.76557;0.250564;
0.158417;1.76486;0.16666;
0.158437;1.76416;0.0829211;
0.158457;1.76345;-0.000648026;
0.158477;1.76274;-0.0840526;
0.158497;1.76204;-0.167288;
0.158517;1.76133;-0.25036;
0.158537;1.76063;-0.333263;
0.158557;1.75993;-0.416003;
0.158577;1.75922;-0.498576;
0.158597;1.75852;-0.580985;
0.158617;1.75782;-0.663228;
0.158637;1.75711;-0.745308;
0.158657;1.75641;-0.827223;
0.158677;1.75571;-0.908975;
0.158697;1.75501;-0.990563;
0.158717;1.7543;-1.07199;
0.158737;1.7536;-1.15325;
0.158757;1.7529;-1.23435;
0.158777;1.7522;-1.31529;
0.158797;1.7515;-1.39607;
0.158817;1.7508;-1.47668;
0.158837;1.7501;-1.55714;
0.158857;1.7494;-1.63743;
0.158877;1.7487;-1.71756;
0.158897;1.748;-1.79753;
0.158917;1.7473;-1.87735;
0.158937;1.7466;-1.957;
0.158957;1.7459;-2.0365;
0.158977;1.7452;-2.11583;
0.158997;1.74451;-2.19501;
0.159001;1.74436;-2.21214;
0.159001;1.74435;-2.21318;
0.159001;1.74435;-2.21494;
0.159002;1.74433;-2.21682;
0.159002;1.74432;-2.21705;
0.159002;1.74432;-2.21639;
0.159002;1.74431;-2.21518;
0.159003;1.7443;-2.21319;
0.159003;1.74428;-2.21;
0.159004;1.74423;-2.20434;
0.159007;1.74414;-2.19315;
0.159012;1.74397;-2.17075;
0.159022;1.74361;-2.126;
0.159042;1.74291;-2.03871;
0.159062;1.74221;-1.95161;
0.159082;1.74152;-1.86468;
0.159102;1.74082;-1.77792;
0.159122;1.74013;-1.69133;
0.159142;1.73943;-1.60493;
0.159162;1.73873;-1.51868;
0.159182;1.73804;-1.43262;
0.159202;1.73734;-1.34672;
0.159222;1.73665;-1.261;
0.159242;1.73595;-1.17545;
0.159262;1.73526;-1.09007;
0.159282;1.73457;-1.00486;
0.159302;1.73387;-0.919821;
0.159322;1.73318;-0.834949;
0.159342;1.73249;-0.750251;
0.159362;1.73179;-0.665718;
0.159382;1.7311;-0.581358;
0.159402;1.73041;-0.497163;
0.159422;1.72972;-0.413139;
0.159442;1.72902;-0.32928;
0.159462;1.72833;-0.245591;
0.159482;1.72764;-0.162068;
0.159502;1.72695;-0.078713;
0.159522;1.72626;0.00447721;
0.159542;1.72557;0.0874992;
0.159562;1.72488;0.170357;
0.159582;1.72419;0.253048;
0.159602;1.7235;0.335575;
0.159622;1.72281;0.417935;
0.159642;1.72212;0.500133;
0.159662;1.72143;0.582165;
0.159682;1.72074;0.664034;
0.159702;1.72006;0.745739;
0.159722;1.71937;0.827281;
0.159742;1.71868;0.908659;
0.159762;1.71799;0.989876;
0.159782;1.71731;1.07093;
0.159802;1.71662;1.15182;
0.159822;1.71593;1.23255;
0.159842;1.71525;1.31312;
0.159862;1.71456;1.39353;
0.159882;1.71388;1.47378;
0.159902;1.71319;1.55386;
0.159922;1.71251;1.63379;
0.159942;1.71182;1.71356;
0.159962;1.71114;1.79317;
0.159982;1.71047;1.87261;
0.16;1.70991;1.9424;
0.16;1.7099;1.94344;
0.16;1.7099;1.94521;
0.160001;1.70988;1.94709;
0.160001;1.70988;1.94732;
0.160001;1.70987;1.94666;
0.160001;1.70987;1.94545;
0.160002;1.70986;1.94346;
0.160002;1.70984;1.94028;
0.160003;1.7169;1.93563;
0.160004;1.7483;1.93147;
0.160005;1.81184;1.92724;
0.160006;1.89884;1.92261;
0.160008;2.03465;1.91336;
0.160012;2.1049;1.89896;
0.160015;2.10476;1.88521;
0.160018;2.1046;1.87021;
0.160024;2.10433;1.84363;
0.160036;2.10383;1.79424;
0.160045;2.10343;1.75294;
0.160055;2.10302;1.71058;
0.160067;2.10253;1.65969;
0.160087;2.10169;1.57297;
0.160107;2.10084;1.48642;
0.160127;2.1;1.40005;
0.160147;2.09916;1.31385;
0.160167;2.09833;1.22782;
0.160187;2.09749;1.14196;
0.160207;2.09665;1.05627;
0.160227;2.09581;0.970757;
0.160247;2.09497;0.885412;
0.160267;2.09413;0.800239;
0.160287;2.0933;0.715235;
0.160307;2.09246;0.630401;
0.160327;2.09162;0.545737;
0.160347;2.09079;0.461241;
0.160367;2.08995;0.376915;
0.160387;2.08911;0.292757;
0.160407;2.08828;0.208768;
0.160427;2.08744;0.124946;
0.160447;2.08661;0.0412913;
0.160467;2.08577;-0.042196;
0.160487;2.08494;-0.125516;
0.160507;2.08411;-0.20867;
0.160527;2.08327;-0.291658;
0.160547;2.08244;-0.37448;
0.160567;2.08161;-0.457136;
0.160587;2.08077;-0.539628;
0.160607;2.07994;-0.621954;
0.160627;2.07911;-0.704116;
0.160647;2.07828;-0.786114;
0.160667;2.07745;-0.867948;
0.160687;2.07662;-0.949618;
0.160707;2.07579;-1.03113;
0.160727;2.07496;-1.11247;
0.160747;2.07413;-1.19365;
0.160767;2.0733;-1.27467;
0.160787;2.07247;-1.35553;
0.160807;2.07164;-1.43622;
0.160827;2.07081;-1.51676;
0.160847;2.06998;-1.59713;
0.160867;2.06915;-1.67735;
0.160887;2.06833;-1.7574;
0.160907;2.0675;-1.83729;
0.160927;2.06667;-1.91703;
0.160947;2.06585;-1.9966;
0.160967;2.06502;-2.07602;
0.160987;2.06419;-2.15527;
0.161001;2.0636;-2.21214;
0.161001;2.0636;-2.21318;
0.161001;2.06359;-2.21494;
0.161002;2.06357;-2.21682;
0.161002;2.06356;-2.21705;
0.161002;2.06356;-2.21639;
0.161002;2.06355;-2.21518;
0.161003;2.06354;-2.21319;
0.161003;2.06351;-2.21;
0.161004;2.06346;-2.20434;
0.161007;2.06335;-2.19315;
0.161012;2.06314;-2.17075;
0.161022;2.06272;-2.126;
0.161042;2.06189;-2.03871;
0.161062;2.06107;-1.95161;
0.161082;2.06024;-1.86468;
0.161102;2.05942;-1.77792;
0.161122;2.0586;-1.69133;
0.161142;2.05777;-1.60493;
0.161162;2.05695;-1.51868;
0.161182;2.05613;-1.43262;
0.161202;2.0553;-1.34672;
0.161222;2.05448;-1.261;
0.161242;2.05366;-1.17545;
0.161262;2.05284;-1.09007;
0.161282;2.05202;-1.00486;
0.161302;2.0512;-0.919822;
0.161322;2.05038;-0.83495;
0.161342;2.04956;-0.750251;
0.161362;2.04874;-0.665718;
0.161382;2.04792;-0.581358;
0.161402;2.0471;-0.497163;
0.161422;2.04628;-0.413139;
0.161442;2.04546;-0.32928;
0.161462;2.04465;-0.245592;
0.161482;2.04383;-0.162068;
0.161502;2.04301;-0.0787133;
0.161522;2.04219;0.00447691;
0.161542;2.04138;0.0874989;
0.161562;2.04056;0.170357;
0.161582;2.03974;0.253048;
0.161602;2.03893;0.335575;
0.161622;2.03811;0.417935;
0.161642;2.0373;0.500133;
0.161662;2.03648;0.582165;
0.161682;2.03567;0.664034;
0.161702;2.03485;0.745738;
0.161722;2.03404;0.827281;
0.161742;2.03323;0.908659;
0.161762;2.03241;0.989876;
0.161782;2.0316;1.07093;
0.161802;2.03079;1.15182;
0.161822;2.02998;1.23255;
0.161842;2.02916;1.31312;
0.161862;2.02835;1.39353;
0.161882;2.02754;1.47378;
0.161902;2.02673;1.55386;
0.161922;2.02592;1.63379;
0.161942;2.02511;1.71356;
0.161962;2.0243;1.79317;
0.161982;2.02349;1.87261;
0.162;2.02278;1.9424;
0.162;2.02277;1.94344;
0.162;2.02277;1.94521;
0.162001;2.02275;1.94709;
0.162001;2.02274;1.94732;
0.162001;2.02274;1.94666;
0.162001;2.02273;1.94545;
0.162002;2.02272;1.94346;
0.162002;2.02269;1.94028;
0.162003;2.02264;1.93463;
0.162006;2.02253;1.92346;
0.162011;2.02233;1.9011;
0.162021;2.02191;1.85644;
0.162041;2.0211;1.76932;
0.162061;2.0203;1.68238;
0.162081;2.01949;1.59561;
0.162101;2.01868;1.50902;
0.162121;2.01787;1.4226;
0.162141;2.01707;1.33636;
0.162161;2.01626;1.25028;
0.162181;2.01545;1.16438;
0.162201;2.01465;1.07864;
0.162221;2.01384;0.993086;
0.162241;2.01304;0.907694;
0.162261;2.01223;0.822478;
0.162281;2.01143;0.737427;
0.162301;2.01062;0.652551;
0.162321;2.00982;0.567841;
0.162341;2.00901;0.483303;
0.162361;2.00821;0.398931;
0.162381;2.00741;0.314731;
0.162401;2.00661;0.230696;
0.162421;2.0058;0.146831;
0.162441;2.005;0.063132;
0.162461;2.0042;-0.0203976;
0.162481;2.0034;-0.103763;
0.162501;2.0026;-0.186959;
0.162521;2.00179;-0.269991;
0.162541;2.00099;-0.352855;
0.162561;2.00019;-0.435556;
0.162581;1.99939;-0.51809;
0.162601;1.99859;-0.60046;
0.162621;1.9978;-0.682664;
0.162641;1.997;-0.764705;
0.162661;1.9962;-0.846581;
0.162681;1.9954;-0.928295;
0.162701;1.9946;-1.00984;
0.162721;1.9938;-1.09123;
0.162741;1.99301;-1.17246;
0.162761;1.99221;-1.25352;
0.162781;1.99141;-1.33442;
0.162801;1.99062;-1.41516;
0.162821;1.98982;-1.49573;
0.162841;1.98902;-1.57615;
0.162861;1.98823;-1.6564;
0.162881;1.98743;-1.7365;
0.162901;1.98664;-1.81643;
0.162921;1.98584;-1.89621;
0.162941;1.98505;-1.97582;
0.162961;1.98426;-2.05528;
0.162981;1.98346;-2.13458;
0.163001;1.98269;-2.21214;
0.163001;1.98268;-2.21318;
0.163001;1.98267;-2.21494;
0.163002;1.98266;-2.21682;
0.163002;1.98265;-2.21705;
0.163002;1.98264;-2.21639;
0.163002;1.98264;-2.21518;
0.163003;1.98262;-2.21319;
0.163003;1.9826;-2.21;
0.163004;1.98255;-2.20434;
0.163007;1.98245;-2.19315;
0.163012;1.98224;-2.17075;
0.163022;1.98184;-2.126;
0.163042;1.98104;-2.03871;
0.163062;1.98025;-1.95161;
0.163082;1.97946;-1.86468;
0.163102;1.97867;-1.77792;
0.163122;1.97788;-1.69133;
0.163142;1.97709;-1.60493;
0.163162;1.9763;-1.51868;
0.163182;1.97551;-1.43262;
0.163202;1.97472;-1.34672;
0.163222;1.97393;-1.261;
0.163242;1.97314;-1.17545;
0.163262;1.97235;-1.09007;
0.163282;1.97156;-1.00486;
0.163302;1.97077;-0.919822;
0.163322;1.96998;-0.83495;
0.163342;1.96919;-0.750252;
0.163362;1.96841;-0.665719;
0.163382;1.96762;-0.581358;
0.163402;1.96683;-0.497163;
0.163422;1.96605;-0.413139;
0.163442;1.96526;-0.329281;
0.163462;1.96447;-0.245592;
0.163482;1.96369;-0.162068;
0.163502;1.9629;-0.0787136;
0.163522;1.96212;0.00447661;
0.163542;1.96133;0.0874986;
0.163562;1.96055;0.170357;
0.163582;1.95976;0.253047;
0.163602;1.95898;0.335574;
0.163622;1.9582;0.417935;
0.163642;1.95741;0.500132;
0.163662;1.95663;0.582164;
0.163682;1.95585;0.664033;
0.163702;1.95507;0.745738;
0.163722;1.95428;0.82728;
0.163742;1.9535;0.908659;
0.163762;1.95272;0.989875;
0.163782;1.95194;1.07093;
0.163802;1.95116;1.15182;
0.163822;1.95038;1.23255;
0.163842;1.9496;1.31312;
0.163862;1.94882;1.39353;
0.163882;1.94804;1.47378;
0.163902;1.94726;1.55386;
0.163922;1.94648;1.63379;
0.163942;1.9457;1.71356;
0.163962;1.94493;1.79317;
0.163982;1.94415;1.87261;
0.164;1.94346;1.9424;
0.164;1.94346;1.94344;
0.164;1.94345;1.94521;
0.164001;1.94344;1.94709;
0.164001;1.94343;1.94732;
0.164001;1.94342;1.94666;
0.164001;1.94342;1.94545;
0.164002;1.9434;1.94346;
0.164002;1.94338;1.94028;
0.164003;1.94333;1.93463;
0.164006;1.94323;1.92346;
0.164011;1.94303;1.9011;
0.164021;1.94263;1.85644;
0.164041;1.94186;1.76932;
0.164061;1.94108;1.68238;
0.164081;1.9403;1.59561;
0.164101;1.93953;1.50902;
0.164121;1.93875;1.4226;
0.164141;1.93798;1.33636;
0.164161;1.9372;1.25028;
0.164181;1.93643;1.16438;
0.164201;1.93565;1.07864;
0.164221;1.93488;0.993086;
0.164241;1.9341;0.907693;
0.164261;1.93333;0.822478;
0.164281;1.93256;0.737427;
0.164301;1.93178;0.652551;
0.164321;1.93101;0.56784;
0.164341;1.93024;0.483303;
0.164361;1.92947;0.398931;
0.164381;1.9287;0.314731;
0.164401;1.92793;0.230695;
0.164421;1.92715;0.146831;
0.164441;1.92638;0.0631317;
0.164461;1.92561;-0.0203979;
0.164481;1.92484;-0.103763;
0.164501;1.92407;-0.186959;
0.164521;1.9233;-0.269991;
0.164541;1.92253;-0.352856;
0.164561;1.92177;-0.435556;
0.164581;1.921;-0.51809;
0.164601;1.92023;-0.60046;
0.164621;1.91946;-0.682664;
0.164641;1.91869;-0.764706;
0.164661;1.91793;-0.846582;
0.164681;1.91716;-0.928295;
0.164701;1.91639;-1.00984;
0.164721;1.91563;-1.09123;
0.164741;1.91486;-1.17246;
0.164761;1.91409;-1.25352;
0.164781;1.91333;-1.33442;
0.164801;1.91256;-1.41516;
0.164821;1.9118;-1.49573;
0.164841;1.91103;-1.57615;
0.164861;1.91027;-1.6564;
0.164881;1.90951;-1.7365;
0.164901;1.90874;-1.81643;
0.164921;1.90798;-1.89621;
0.164941;1.90722;-1.97583;
0.164961;1.90645;-2.05528;
0.164981;1.90569;-2.13458;
0.165001;1.90494;-2.21214;
0.165001;1.90494;-2.21318;
0.165001;1.90493;-2.21494;
0.165002;1.90492;-2.21682;
0.165002;1.90491;-2.21705;
0.165002;1.9049;-2.21639;
0.165002;1.9049;-2.21518;
0.165003;1.90488;-2.21319;
0.165003;1.90486;-2.21;
0.165004;1.90481;-2.20434;
0.165007;1.90471;-2.19315;
0.165012;1.90452;-2.17075;
0.165022;1.90413;-2.126;
0.165042;1.90337;-2.03871;
0.165062;1.90261;-1.95161;
0.165082;1.90184;-1.86468;
0.165102;1.90108;-1.77792;
0.165122;1.90032;-1.69133;
0.165142;1.89956;-1.60493;
0.165162;1.8988;-1.51868;
0.165182;1.89804;-1.43262;
0.165202;1.89729;-1.34672;
0.165222;1.89653;-1.261;
0.165242;1.89577;-1.17545;
0.165262;1.89501;-1.09007;
0.165282;1.89425;-1.00486;
0.165302;1.8935;-0.919822;
0.165322;1.89274;-0.83495;
0.165342;1.89198;-0.750252;
0.165362;1.89122;-0.665719;
0.165382;1.89047;-0.581359;
0.165402;1.88971;-0.497163;
0.165422;1.88896;-0.41314;
0.165442;1.8882;-0.329281;
0.165462;1.88745;-0.245592;
0.165482;1.88669;-0.162068;
0.165502;1.88594;-0.0787138;
0.165522;1.88518;0.00447637;
0.165542;1.88443;0.0874984;
0.165562;1.88367;0.170356;
0.165582;1.88292;0.253047;
0.165602;1.88217;0.335574;
0.165622;1.88142;0.417935;
0.165642;1.88066;0.500132;
0.165662;1.87991;0.582164;
0.165682;1.87916;0.664033;
0.165702;1.87841;0.745738;
0.165722;1.87766;0.82728;
0.165742;1.87691;0.908658;
0.165762;1.87615;0.989875;
0.165782;1.8754;1.07093;
0.165802;1.87465;1.15182;
0.165822;1.8739;1.23255;
0.165842;1.87316;1.31312;
0.165862;1.87241;1.39353;
0.165882;1.87166;1.47378;
0.165902;1.87091;1.55386;
0.165922;1.87016;1.63379;
0.165942;1.86941;1.71356;
0.165962;1.86867;1.79317;
0.165982;1.86792;1.87261;
0.166;1.86726;1.9424;
0.166;1.86726;1.94344;
0.166;1.86725;1.94521;
0.166001;1.86724;1.94709;
0.166001;1.86723;1.94732;
0.166001;1.86722;1.94666;
0.166001;1.86722;1.94545;
0.166002;1.86721;1.94346;
0.166002;1.86718;1.94028;
0.166003;1.86714;1.93463;
0.166006;1.86704;1.92346;
0.166011;1.86685;1.9011;
0.166021;1.86647;1.85644;
0.166041;1.86572;1.76932;
0.166061;1.86497;1.68238;
0.166081;1.86425;1.5993;
0.166101;1.86351;1.51271;
0.166121;1.86276;1.42627;
0.166141;1.86202;1.34002;
0.166161;1.86127;1.25394;
0.166181;1.86053;1.16803;
0.166201;1.85979;1.08229;
0.166221;1.85904;0.996725;
0.166241;1.8583;0.911326;
0.166261;1.85756;0.826103;
0.166281;1.85681;0.741045;
0.166301;1.85607;0.656162;
0.166321;1.85533;0.571444;
0.166341;1.85459;0.486899;
0.166361;1.85384;0.40252;
0.166381;1.8531;0.318312;
0.166401;1.85236;0.23427;
0.166421;1.85162;0.150399;
0.166441;1.85088;0.066692;
0.166461;1.85014;-0.0168447;
0.166481;1.8494;-0.100217;
0.166501;1.84866;-0.18342;
0.166521;1.84792;-0.26646;
0.166541;1.84718;-0.349331;
0.166561;1.84644;-0.432038;
0.166581;1.84571;-0.514579;
0.166601;1.84497;-0.596956;
0.166621;1.84423;-0.679167;
0.166641;1.84349;-0.761216;
0.166661;1.84275;-0.843099;
0.166681;1.84202;-0.924819;
0.166701;1.84128;-1.00638;
0.166721;1.84054;-1.08777;
0.166741;1.83981;-1.169;
0.166761;1.83907;-1.25007;
0.166781;1.83834;-1.33098;
0.166801;1.8376;-1.41172;
0.166821;1.83687;-1.49231;
0.166841;1.83613;-1.57273;
0.166861;1.8354;-1.65299;
0.166881;1.83466;-1.73309;
0.166901;1.83393;-1.81303;
0.166921;1.8332;-1.89282;
0.166941;1.83246;-1.97244;
0.166961;1.83173;-2.0519;
0.166981;1.831;-2.13121;
0.167001;1.83027;-2.21035;
0.167001;1.83025;-2.21214;
0.167001;1.83025;-2.21318;
0.167001;1.83024;-2.21494;
0.167002;1.83022;-2.21682;
0.167002;1.83021;-2.21705;
0.167002;1.83021;-2.21639;
0.167002;1.8302;-2.21518;
0.167003;1.83019;-2.21319;
0.167003;1.83017;-2.21;
0.167004;1.83012;-2.20434;
0.167007;1.83003;-2.19315;
0.167012;1.82984;-2.17075;
0.167022;1.82947;-2.126;
0.167042;1.82873;-2.03871;
0.167062;1.828;-1.95161;
0.167082;1.82727;-1.86468;
0.167102;1.82654;-1.77792;
0.167122;1.82581;-1.69134;
0.167142;1.82508;-1.60493;
0.167162;1.82435;-1.51869;
0.167182;1.82362;-1.43262;
0.167202;1.82289;-1.34672;
0.167222;1.82216;-1.261;
0.167242;1.82143;-1.17545;
0.167262;1.82071;-1.09007;
0.167282;1.81998;-1.00486;
0.167302;1.81925;-0.919822;
0.167322;1.81852;-0.83495;
0.167342;1.8178;-0.750252;
0.167362;1.81707;-0.665719;
0.167382;1.81634;-0.581359;
0.167402;1.81562;-0.497164;
0.167422;1.81489;-0.41314;
0.167442;1.81416;-0.329281;
0.167462;1.81344;-0.245593;
0.167482;1.81271;-0.162069;
0.167502;1.81199;-0.078714;
0.167522;1.81126;0.00447617;
0.167542;1.81054;0.0874982;
0.167562;1.80981;0.170356;
0.167582;1.80909;0.253047;
0.167602;1.80837;0.335574;
0.167622;1.80764;0.417934;
0.167642;1.80692;0.500132;
0.167662;1.8062;0.582164;
0.167682;1.80548;0.664033;
0.167702;1.80475;0.745738;
0.167722;1.80403;0.82728;
0.167742;1.80331;0.908658;
0.167762;1.80259;0.989875;
0.167782;1.80187;1.07093;
0.167802;1.80115;1.15182;
0.167822;1.80043;1.23255;
0.167842;1.79971;1.31312;
0.167862;1.79899;1.39353;
0.167882;1.79827;1.47378;
0.167902;1.79755;1.55386;
0.167922;1.79683;1.63379;
0.167942;1.79611;1.71356;
0.167962;1.79539;1.79316;
0.167982;1.79468;1.87261;
0.168;1.79406;1.9424;
0.168;1.79406;1.94344;
0.168;1.79405;1.9452;
0.168001;1.79404;1.94709;
0.168001;1.79403;1.94732;
0.168001;1.79402;1.94666;
0.168001;1.79402;1.94545;
0.168002;1.79401;1.94346;
0.168002;1.79398;1.94028;
0.168003;1.79394;1.93463;
0.168006;1.79385;1.92346;
0.168011;1.79367;1.9011;
0.168021;1.79331;1.85644;
0.168041;1.7926;1.76932;
0.168061;1.79187;1.68238;
0.168081;1.79113;1.59561;
0.168097;1.79056;1.52753;
0.168114;1.78997;1.45618;
0.168133;1.78928;1.37247;
0.168153;1.78856;1.28632;
0.168173;1.78785;1.20035;
0.168193;1.78713;1.11454;
0.168213;1.78642;1.02891;
0.168233;1.7857;0.943447;
0.168253;1.78499;0.85816;
0.168273;1.78427;0.773038;
0.168293;1.78356;0.688091;
0.168313;1.78285;0.603309;
0.168333;1.78213;0.5187;
0.168353;1.78142;0.434257;
0.168373;1.78071;0.349987;
0.168393;1.78;0.265881;
0.168413;1.77929;0.181947;
0.168433;1.77857;0.0981769;
0.168453;1.77786;0.0145773;
0.168473;1.77715;-0.0688577;
0.168493;1.77644;-0.152124;
0.168513;1.77573;-0.235225;
0.168533;1.77502;-0.318159;
0.168553;1.77431;-0.400929;
0.168573;1.7736;-0.483532;
0.168593;1.77289;-0.565971;
0.168613;1.77218;-0.648244;
0.168633;1.77147;-0.730354;
0.168653;1.77077;-0.812299;
0.168673;1.77006;-0.894081;
0.168693;1.76935;-0.975699;
0.168713;1.76864;-1.05715;
0.168733;1.76793;-1.13845;
0.168753;1.76723;-1.21958;
0.168773;1.76652;-1.30054;
0.168793;1.76581;-1.38135;
0.168813;1.76511;-1.46199;
0.168833;1.7644;-1.54248;
0.168853;1.7637;-1.6228;
0.168873;1.76299;-1.70296;
0.168893;1.76229;-1.78296;
0.168913;1.76158;-1.86281;
0.168933;1.76088;-1.94249;
0.168953;1.76017;-2.02201;
0.168973;1.75947;-2.10138;
0.168993;1.75877;-2.18058;
0.169001;1.75848;-2.21214;
0.169001;1.75848;-2.21318;
0.169001;1.75847;-2.21494;
0.169002;1.75846;-2.21682;
0.169002;1.75845;-2.21705;
0.169002;1.75845;-2.21639;
0.169002;1.75844;-2.21518;
0.169003;1.75843;-2.21319;
0.169003;1.75841;-2.21;
0.169004;1.75836;-2.20434;
0.169007;1.75827;-2.19315;
0.169012;1.75809;-2.17075;
0.169022;1.75773;-2.126;
0.169042;1.75703;-2.03871;
0.169062;1.75633;-1.95161;
0.169082;1.75562;-1.86468;
0.169102;1.75492;-1.77792;
0.169122;1.75422;-1.69134;
0.169142;1.75352;-1.60493;
0.169162;1.75282;-1.51869;
0.169182;1.75212;-1.43262;
0.169202;1.75142;-1.34672;
0.169222;1.75072;-1.26101;
0.169242;1.75002;-1.17545;
0.169262;1.74932;-1.09007;
0.169282;1.74862;-1.00486;
0.169302;1.74792;-0.919823;
0.169322;1.74722;-0.83495;
0.169342;1.74652;-0.750252;
0.169362;1.74582;-0.665719;
0.169382;1.74512;-0.581359;
0.169402;1.74442;-0.497164;
0.169422;1.74373;-0.41314;
0.169442;1.74303;-0.329281;
0.169462;1.74233;-0.245593;
0.169482;1.74164;-0.162069;
0.169502;1.74094;-0.0787142;
0.169522;1.74024;0.00447603;
0.169542;1.73955;0.087498;
0.169562;1.73885;0.170356;
0.169582;1.73816;0.253047;
0.169602;1.73746;0.335574;
0.169622;1.73677;0.417934;
0.169642;1.73607;0.500132;
0.169662;1.73538;0.582164;
0.169682;1.73468;0.664033;
0.169702;1.73399;0.745737;
0.169722;1.7333;0.82728;
0.169742;1.7326;0.908658;
0.169762;1.73191;0.989875;
0.169782;1.73122;1.07093;
0.169802;1.73052;1.15182;
0.169822;1.72983;1.23255;
0.169842;1.72914;1.31312;
0.169862;1.72845;1.39353;
0.169882;1.72776;1.47378;
0.169902;1.72707;1.55386;
0.169922;1.72638;1.63379;
0.169942;1.72569;1.71356;
0.169962;1.725;1.79316;
0.169982;1.72432;1.87261;
0.17;1.72375;1.9424;
0.17;1.72374;1.94344;
0.17;1.72374;1.9452;
0.170001;1.72372;1.94709;
0.170001;1.72371;1.94732;
0.170001;1.72371;1.94666;
0.170001;1.72371;1.94545;
0.170002;1.7237;1.94346;
0.170002;1.72368;1.94028;
0.170003;1.72364;1.93463;
0.170006;1.72356;1.92346;
0.170008;1.76249;1.91556;
0.17001;1.86537;1.90769;
0.170011;1.96972;1.90024;
0.170013;2.02454;1.89096;
0.170017;2.02481;1.87641;
0.17002;2.02469;1.86451;
0.170022;2.02458;1.85322;
0.170027;2.02436;1.83065;
0.170038;2.02392;1.78555;
0.17005;2.02341;1.73168;
0.170067;2.02272;1.65819;
0.170083;2.02207;1.58798;
0.170098;2.02146;1.52318;
0.170118;2.02065;1.43673;
0.170138;2.01985;1.35046;
0.170158;2.01904;1.26435;
0.170178;2.01823;1.17842;
0.170198;2.01742;1.09266;
0.170218;2.01662;1.00707;
0.170238;2.01581;0.921656;
0.170258;2.015;0.83641;
0.170278;2.0142;0.751334;
0.170298;2.01339;0.666428;
0.170318;2.01259;0.581692;
0.170338;2.01178;0.497125;
0.170358;2.01098;0.412727;
0.170378;2.01017;0.328497;
0.170398;2.00937;0.244436;
0.170418;2.00857;0.160543;
0.170438;2.00776;0.0768175;
0.170458;2.00696;-0.00674068;
0.170478;2.00616;-0.0901319;
0.170498;2.00536;-0.173357;
0.170518;2.00455;-0.256415;
0.170538;2.00375;-0.339307;
0.170558;2.00295;-0.422034;
0.170578;2.00215;-0.504595;
0.170598;2.00135;-0.586992;
0.170618;2.00055;-0.669224;
0.170638;1.99975;-0.751291;
0.170658;1.99895;-0.833195;
0.170678;1.99815;-0.914934;
0.170698;1.99735;-0.996511;
0.170718;1.99655;-1.07792;
0.170738;1.99575;-1.15918;
0.170758;1.99496;-1.24026;
0.170778;1.99416;-1.32119;
0.170798;1.99336;-1.40195;
0.170818;1.99256;-1.48256;
0.170838;1.99177;-1.563;
0.170858;1.99097;-1.64328;
0.170878;1.99017;-1.7234;
0.170898;1.98938;-1.80336;
0.170918;1.98858;-1.88317;
0.170938;1.98779;-1.96281;
0.170958;1.98699;-2.04229;
0.170978;1.9862;-2.12161;
0.170998;1.9854;-2.20078;
0.171001;1.98529;-2.21214;
0.171001;1.98528;-2.21318;
0.171001;1.98528;-2.21494;
0.171002;1.98526;-2.21682;
0.171002;1.98525;-2.21705;
0.171002;1.98525;-2.21639;
0.171002;1.98524;-2.21518;
0.171003;1.98523;-2.21319;
0.171003;1.9852;-2.21;
0.171004;1.98515;-2.20434;
0.171007;1.98505;-2.19315;
0.171012;1.98485;-2.17075;
0.171022;1.98444;-2.126;
0.171042;1.98365;-2.03871;
0.171062;1.98285;-1.95161;
0.171082;1.98206;-1.86468;
0.171102;1.98127;-1.77792;
0.171122;1.98047;-1.69134;
0.171142;1.97968;-1.60493;
0.171162;1.97889;-1.51869;
0.171182;1.9781;-1.43262;
0.171202;1.97731;-1.34672;
0.171222;1.97652;-1.26101;
0.171242;1.97573;-1.17545;
0.171262;1.97494;-1.09007;
0.171282;1.97415;-1.00486;
0.171302;1.97336;-0.919823;
0.171322;1.97257;-0.834951;
0.171342;1.97178;-0.750252;
0.171362;1.97099;-0.665719;
0.171382;1.9702;-0.581359;
0.171402;1.96941;-0.497164;
0.171422;1.96863;-0.41314;
0.171442;1.96784;-0.329281;
0.171462;1.96705;-0.245593;
0.171482;1.96627;-0.162069;
0.171502;1.96548;-0.0787143;
0.171522;1.96469;0.00447594;
0.171542;1.96391;0.0874979;
0.171562;1.96312;0.170356;
0.171582;1.96234;0.253047;
0.171602;1.96155;0.335574;
0.171622;1.96077;0.417934;
0.171642;1.95998;0.500132;
0.171662;1.9592;0.582164;
0.171682;1.95842;0.664033;
0.171702;1.95763;0.745737;
0.171722;1.95685;0.82728;
0.171742;1.95607;0.908658;
0.171762;1.95529;0.989875;
0.171782;1.9545;1.07093;
0.171802;1.95372;1.15182;
0.171822;1.95294;1.23255;
0.171842;1.95216;1.31312;
0.171862;1.95138;1.39353;
0.171882;1.9506;1.47378;
0.171902;1.94982;1.55386;
0.171922;1.94904;1.63379;
0.171942;1.94826;1.71356;
0.171962;1.94748;1.79316;
0.171982;1.9467;1.87261;
0.172;1.94602;1.9424;
0.172;1.94601;1.94344;
0.172;1.946;1.9452;
0.172001;1.94599;1.94709;
0.172001;1.94598;1.94732;
0.172001;1.94597;1.94666;
0.172001;1.94597;1.94545;
0.172002;1.94596;1.94346;
0.172002;1.94593;1.94028;
0.172003;1.94588;1.93462;
0.172006;1.94578;1.92346;
0.172011;1.94558;1.9011;
0.172021;1.94518;1.85644;
0.172041;1.94441;1.76932;
0.172061;1.94363;1.68238;
0.172081;1.94285;1.59561;
0.172101;1.94207;1.50902;
0.172121;1.9413;1.4226;
0.172141;1.94052;1.33635;
0.172161;1.93974;1.25028;
0.172181;1.93897;1.16438;
0.172201;1.93819;1.07864;
0.172221;1.93742;0.993085;
0.172241;1.93664;0.907693;
0.172261;1.93587;0.822477;
0.172281;1.93509;0.737426;
0.172301;1.93432;0.652551;
0.172321;1.93355;0.56784;
0.172341;1.93277;0.483302;
0.172361;1.932;0.39893;
0.172381;1.93123;0.31473;
0.172401;1.93046;0.230695;
0.172421;1.92968;0.146831;
0.172441;1.92891;0.0631311;
0.172461;1.92814;-0.0203985;
0.172481;1.92737;-0.103764;
0.172501;1.9266;-0.18696;
0.172521;1.92583;-0.269992;
0.172541;1.92506;-0.352856;
0.172561;1.92429;-0.435557;
0.172581;1.92352;-0.51809;
0.172601;1.92275;-0.600461;
0.172621;1.92198;-0.682665;
0.172641;1.92121;-0.764706;
0.172661;1.92044;-0.846582;
0.172681;1.91968;-0.928296;
0.172701;1.91891;-1.00985;
0.172721;1.91814;-1.09123;
0.172741;1.91737;-1.17246;
0.172761;1.91661;-1.25352;
0.172781;1.91584;-1.33442;
0.172801;1.91507;-1.41516;
0.172821;1.91431;-1.49573;
0.172841;1.91354;-1.57615;
0.172861;1.91278;-1.6564;
0.172881;1.91201;-1.7365;
0.172901;1.91125;-1.81643;
0.172921;1.91048;-1.89621;
0.172941;1.90972;-1.97583;
0.172961;1.90896;-2.05528;
0.172981;1.90819;-2.13458;
0.173001;1.90744;-2.21214;
0.173001;1.90744;-2.21318;
0.173001;1.90743;-2.21494;
0.173002;1.90742;-2.21682;
0.173002;1.90741;-2.21705;
0.173002;1.9074;-2.21639;
0.173002;1.9074;-2.21518;
0.173003;1.90738;-2.21319;
0.173003;1.90736;-2.21;
0.173004;1.90731;-2.20434;
0.173007;1.90721;-2.19315;
0.173012;1.90702;-2.17075;
0.173022;1.90663;-2.126;
0.173042;1.90587;-2.03871;
0.173062;1.9051;-1.95161;
0.173082;1.90434;-1.86468;
0.173102;1.90358;-1.77793;
0.173122;1.90282;-1.69134;
0.173142;1.90206;-1.60493;
0.173162;1.9013;-1.51869;
0.173182;1.90054;-1.43262;
0.173202;1.89978;-1.34672;
0.173222;1.89902;-1.26101;
0.173242;1.89826;-1.17545;
0.173262;1.8975;-1.09007;
0.173282;1.89674;-1.00486;
0.173302;1.89598;-0.919823;
0.173322;1.89522;-0.834951;
0.173342;1.89446;-0.750253;
0.173362;1.89371;-0.66572;
0.173382;1.89295;-0.581359;
0.173402;1.89219;-0.497164;
0.173422;1.89144;-0.41314;
0.173442;1.89068;-0.329281;
0.173462;1.88992;-0.245593;
0.173482;1.88917;-0.162069;
0.173502;1.88841;-0.0787144;
0.173522;1.88766;0.00447582;
0.173542;1.8869;0.0874978;
0.173562;1.88615;0.170356;
0.173582;1.88539;0.253046;
0.173602;1.88464;0.335573;
0.173622;1.88389;0.417934;
0.173642;1.88313;0.500132;
0.173662;1.88238;0.582164;
0.173682;1.88163;0.664033;
0.173702;1.88087;0.745737;
0.173722;1.88012;0.827279;
0.173742;1.87937;0.908658;
0.173762;1.87862;0.989875;
0.173782;1.87787;1.07093;
0.173802;1.87712;1.15182;
0.173822;1.87636;1.23255;
0.173842;1.87561;1.31312;
0.173862;1.87486;1.39353;
0.173882;1.87411;1.47378;
0.173902;1.87337;1.55386;
0.173922;1.87262;1.63379;
0.173942;1.87187;1.71356;
0.173962;1.87112;1.79316;
0.173982;1.87037;1.87261;
0.174;1.86972;1.9424;
0.174;1.86971;1.94344;
0.174;1.8697;1.9452;
0.174001;1.86969;1.94709;
0.174001;1.86968;1.94732;
0.174001;1.86968;1.94666;
0.174001;1.86967;1.94545;
0.174002;1.86966;1.94346;
0.174002;1.86963;1.94027;
0.174003;1.86959;1.93462;
0.174006;1.86949;1.92346;
0.174011;1.8693;1.9011;
0.174021;1.86892;1.85644;
0.174041;1.86816;1.76932;
0.174061;1.86742;1.68238;
0.174081;1.86667;1.59561;
0.174101;1.86592;1.50902;
0.174121;1.86518;1.4226;
0.174141;1.86443;1.33635;
0.174161;1.86369;1.25028;
0.174181;1.86294;1.16438;
0.174201;1.8622;1.07864;
0.174221;1.86145;0.993085;
0.174241;1.86071;0.907693;
0.174261;1.85996;0.822477;
0.174281;1.85922;0.737426;
0.174301;1.85848;0.65255;
0.174321;1.85773;0.56784;
0.174341;1.85699;0.483302;
0.174361;1.85625;0.39893;
0.174381;1.8555;0.31473;
0.174401;1.85476;0.230695;
0.174421;1.85402;0.14683;
0.174441;1.85328;0.063131;
0.174461;1.85254;-0.0203986;
0.174481;1.8518;-0.103764;
0.174501;1.85106;-0.18696;
0.174521;1.85032;-0.269992;
0.174541;1.84958;-0.352856;
0.174561;1.84884;-0.435557;
0.174581;1.8481;-0.518091;
0.174601;1.84736;-0.600461;
0.174621;1.84662;-0.682665;
0.174641;1.84588;-0.764706;
0.174661;1.84514;-0.846582;
0.174681;1.8444;-0.928296;
0.174701;1.84367;-1.00985;
0.174721;1.84293;-1.09123;
0.174741;1.84219;-1.17246;
0.174761;1.84146;-1.25352;
0.174781;1.84072;-1.33442;
0.174801;1.83998;-1.41516;
0.174821;1.83925;-1.49573;
0.174841;1.83851;-1.57615;
0.174861;1.83778;-1.65641;
0.174881;1.83704;-1.7365;
0.174901;1.83631;-1.81643;
0.174921;1.83557;-1.89621;
0.174941;1.83484;-1.97583;
0.174961;1.8341;-2.05528;
0.174981;1.83337;-2.13458;
0.175001;1.83265;-2.21214;
0.175001;1.83265;-2.21318;
0.175001;1.83264;-2.21494;
0.175002;1.83263;-2.21682;
0.175002;1.83262;-2.21705;
0.175002;1.83261;-2.21639;
0.175002;1.83261;-2.21518;
0.175003;1.8326;-2.21319;
0.175003;1.83257;-2.21;
0.175004;1.83252;-2.20434;
0.175007;1.83243;-2.19315;
0.175012;1.83224;-2.17075;
0.175022;1.83187;-2.126;
0.175042;1.83114;-2.03871;
0.175062;1.8304;-1.95161;
0.175082;1.82967;-1.86468;
0.175102;1.82894;-1.77793;
0.175122;1.82821;-1.69134;
0.175142;1.82748;-1.60493;
0.175162;1.82675;-1.51869;
0.175182;1.82602;-1.43262;
0.175202;1.82529;-1.34672;
0.175222;1.82456;-1.26101;
0.175242;1.82383;-1.17545;
0.175262;1.8231;-1.09007;
0.175282;1.82237;-1.00486;
0.175302;1.82164;-0.919823;
0.175322;1.82091;-0.834951;
0.175342;1.82018;-0.750253;
0.175362;1.81945;-0.66572;
0.175382;1.81873;-0.581359;
0.175402;1.818;-0.497164;
0.175422;1.81727;-0.41314;
0.175442;1.81655;-0.329281;
0.175462;1.81582;-0.245593;
0.175482;1.81509;-0.162069;
0.175502;1.81437;-0.0787145;
0.175522;1.81364;0.00447572;
0.175542;1.81292;0.0874977;
0.175562;1.81219;0.170356;
0.175582;1.81147;0.253046;
0.175602;1.81074;0.335573;
0.175622;1.81002;0.417934;
0.175642;1.80929;0.500131;
0.175662;1.80857;0.582163;
0.175682;1.80785;0.664033;
0.175702;1.80712;0.745737;
0.175722;1.8064;0.827279;
0.175742;1.80568;0.908658;
0.175762;1.80496;0.989874;
0.175782;1.80423;1.07093;
0.175802;1.80351;1.15182;
0.175822;1.80279;1.23255;
0.175842;1.80207;1.31312;
0.175862;1.80135;1.39353;
0.175882;1.80063;1.47378;
0.175902;1.79991;1.55386;
0.175922;1.79919;1.63379;
0.175942;1.79847;1.71356;
0.175962;1.79775;1.79316;
0.175982;1.79704;1.87261;
0.176;1.79642;1.9424;
0.176;1.79641;1.94344;
0.176;1.79641;1.9452;
0.176001;1.79639;1.94709;
0.176001;1.79638;1.94732;
0.176001;1.79638;1.94666;
0.176001;1.79637;1.94545;
0.176002;1.79636;1.94346;
0.176002;1.79634;1.94027;
0.176003;1.79629;1.93462;
0.176006;1.7962;1.92346;
0.176011;1.79603;1.9011;
0.176021;1.79566;1.85644;
0.176041;1.79495;1.76932;
0.176061;1.79422;1.68238;
0.176081;1.79348;1.59561;
0.176097;1.7929;1.52598;
0.176114;1.7923;1.4536;
0.176133;1.79161;1.37091;
0.176153;1.7909;1.28476;
0.176173;1.79018;1.19879;
0.176193;1.78947;1.11299;
0.176213;1.78875;1.02736;
0.176233;1.78803;0.9419;
0.176253;1.78732;0.856616;
0.176273;1.7866;0.771497;
0.176293;1.78589;0.686553;
0.176313;1.78518;0.601774;
0.176333;1.78446;0.517169;
0.176353;1.78375;0.432729;
0.176373;1.78303;0.348461;
0.176393;1.78232;0.264359;
0.176413;1.78161;0.180427;
0.176433;1.7809;0.0966607;
0.176453;1.78018;0.0130641;
0.176473;1.77947;-0.0703679;
0.176493;1.77876;-0.153631;
0.176513;1.77805;-0.23673;
0.176533;1.77734;-0.31966;
0.176553;1.77663;-0.402427;
0.176573;1.77592;-0.485027;
0.176593;1.77521;-0.567463;
0.176613;1.7745;-0.649733;
0.176633;1.77379;-0.731841;
0.176653;1.77308;-0.813782;
0.176673;1.77237;-0.895561;
0.176693;1.77166;-0.977176;
0.176713;1.77095;-1.05863;
0.176733;1.77024;-1.13992;
0.176753;1.76953;-1.22105;
0.176773;1.76883;-1.30201;
0.176793;1.76812;-1.38281;
0.176813;1.76741;-1.46345;
0.176833;1.76671;-1.54394;
0.176853;1.766;-1.62425;
0.176873;1.76529;-1.70441;
0.176893;1.76459;-1.78441;
0.176913;1.76388;-1.86425;
0.176933;1.76318;-1.94393;
0.176953;1.76247;-2.02345;
0.176973;1.76177;-2.10281;
0.176993;1.76106;-2.18202;
0.177001;1.76079;-2.21214;
0.177001;1.76079;-2.21318;
0.177001;1.76078;-2.21494;
0.177002;1.76077;-2.21682;
0.177002;1.76076;-2.21705;
0.177002;1.76076;-2.21639;
0.177002;1.76075;-2.21518;
0.177003;1.76074;-2.21319;
0.177003;1.76072;-2.21;
0.177004;1.76067;-2.20434;
0.177007;1.76058;-2.19315;
0.177012;1.7604;-2.17075;
0.177022;1.76004;-2.126;
0.177042;1.75934;-2.03871;
0.177062;1.75863;-1.95162;
0.177082;1.75793;-1.86468;
0.177102;1.75723;-1.77793;
0.177122;1.75652;-1.69134;
0.177142;1.75582;-1.60493;
0.177162;1.75512;-1.51869;
0.177182;1.75442;-1.43262;
0.177202;1.75372;-1.34672;
0.177222;1.75301;-1.26101;
0.177242;1.75231;-1.17545;
0.177262;1.75161;-1.09007;
0.177282;1.75091;-1.00486;
0.177302;1.75021;-0.919823;
0.177322;1.74951;-0.834951;
0.177342;1.74881;-0.750253;
0.177362;1.74811;-0.66572;
0.177382;1.74741;-0.581359;
0.177402;1.74671;-0.497164;
0.177422;1.74602;-0.41314;
0.177442;1.74532;-0.329282;
0.177462;1.74462;-0.245593;
0.177482;1.74392;-0.162069;
0.177502;1.74322;-0.0787146;
0.177522;1.74253;0.00447566;
0.177542;1.74183;0.0874977;
0.177562;1.74113;0.170356;
0.177582;1.74044;0.253046;
0.177602;1.73974;0.335573;
0.177622;1.73905;0.417934;
0.177642;1.73835;0.500131;
0.177662;1.73765;0.582163;
0.177682;1.73696;0.664033;
0.177702;1.73627;0.745737;
0.177722;1.73557;0.827279;
0.177742;1.73488;0.908658;
0.177762;1.73418;0.989874;
0.177782;1.73349;1.07093;
0.177802;1.7328;1.15182;
0.177822;1.7321;1.23255;
0.177842;1.73141;1.31312;
0.177862;1.73072;1.39353;
0.177882;1.73003;1.47378;
0.177902;1.72933;1.55386;
0.177922;1.72864;1.63379;
0.177942;1.72795;1.71356;
0.177962;1.72726;1.79316;
0.177982;1.72659;1.87261;
0.178;1.72601;1.9424;
0.178;1.726;1.94344;
0.178;1.726;1.9452;
0.178001;1.72598;1.94709;
0.178001;1.72597;1.94732;
0.178001;1.72597;1.94666;
0.178001;1.72597;1.94545;
0.178002;1.72596;1.94346;
0.178002;1.72594;1.94027;
0.178003;1.7259;1.93462;
0.178006;1.72582;1.92346;
0.178009;1.77006;1.91269;
0.178011;1.8967;1.90148;
0.178013;1.99414;1.89137;
0.178016;2.01753;1.88188;
0.178018;2.01741;1.87003;
0.178021;2.0173;1.85848;
0.178026;2.01709;1.83645;
0.178034;2.01674;1.80063;
0.17805;2.01608;1.73207;
0.178063;2.01555;1.67482;
0.178077;2.015;1.61629;
0.178091;2.01442;1.55324;
0.178111;2.01361;1.46673;
0.178131;2.01281;1.3804;
0.178151;2.012;1.29424;
0.178171;2.0112;1.20824;
0.178191;2.01039;1.12243;
0.178211;2.00959;1.03678;
0.178231;2.00878;0.951301;
0.178251;2.00798;0.865996;
0.178271;2.00718;0.780861;
0.178291;2.00638;0.695896;
0.178311;2.00557;0.6111;
0.178331;2.00477;0.526475;
0.178351;2.00397;0.442018;
0.178371;2.00317;0.35773;
0.178391;2.00237;0.27361;
0.178411;2.00157;0.189659;
0.178431;2.00077;0.105875;
0.178451;1.99997;0.0222591;
0.178471;1.99917;-0.0611901;
0.178491;1.99837;-0.144473;
0.178511;1.99757;-0.227589;
0.178531;1.99677;-0.310538;
0.178551;1.99597;-0.393323;
0.178571;1.99517;-0.475941;
0.178591;1.99437;-0.558395;
0.178611;1.99358;-0.640684;
0.178631;1.99278;-0.722809;
0.178651;1.99198;-0.804769;
0.178671;1.99119;-0.886566;
0.178691;1.99039;-0.968199;
0.178711;1.98959;-1.04967;
0.178731;1.9888;-1.13098;
0.178751;1.988;-1.21212;
0.178771;1.98721;-1.2931;
0.178791;1.98641;-1.37392;
0.178811;1.98562;-1.45458;
0.178831;1.98482;-1.53508;
0.178851;1.98403;-1.61542;
0.178871;1.98324;-1.6956;
0.178891;1.98244;-1.77561;
0.178911;1.98165;-1.85547;
0.178931;1.98086;-1.93517;
0.178951;1.98007;-2.0147;
0.178971;1.97927;-2.09408;
0.178991;1.97848;-2.1733;
0.179001;1.97809;-2.21214;
0.179001;1.97809;-2.21318;
0.179001;1.97808;-2.21494;
0.179002;1.97807;-2.21682;
0.179002;1.97805;-2.21705;
0.179002;1.97805;-2.21639;
0.179002;1.97804;-2.21518;
0.179003;1.97803;-2.21319;
0.179003;1.97801;-2.21;
0.179004;1.97796;-2.20434;
0.179007;1.97785;-2.19315;
0.179012;1.97765;-2.17075;
0.179022;1.97725;-2.126;
0.179042;1.97646;-2.03871;
0.179062;1.97567;-1.95162;
0.179082;1.97488;-1.86468;
0.179102;1.97409;-1.77793;
0.179122;1.9733;-1.69134;
0.179142;1.97251;-1.60493;
0.179162;1.97172;-1.51869;
0.179182;1.97093;-1.43262;
0.179202;1.97014;-1.34672;
0.179222;1.96935;-1.26101;
0.179242;1.96857;-1.17545;
0.179262;1.96778;-1.09007;
0.179282;1.96699;-1.00486;
0.179302;1.96621;-0.919823;
0.179322;1.96542;-0.834951;
0.179342;1.96463;-0.750253;
0.179362;1.96385;-0.66572;
0.179382;1.96306;-0.581359;
0.179402;1.96228;-0.497164;
0.179422;1.96149;-0.41314;
0.179442;1.96071;-0.329282;
0.179462;1.95992;-0.245593;
0.179482;1.95914;-0.162069;
0.179502;1.95836;-0.0787146;
0.179522;1.95757;0.00447565;
0.179542;1.95679;0.0874976;
0.179562;1.95601;0.170356;
0.179582;1.95523;0.253046;
0.179602;1.95444;0.335573;
0.179622;1.95366;0.417934;
0.179642;1.95288;0.500131;
0.179662;1.9521;0.582163;
0.179682;1.95132;0.664033;
0.179702;1.95054;0.745737;
0.179722;1.94976;0.827279;
0.179742;1.94898;0.908658;
0.179762;1.9482;0.989874;
0.179782;1.94742;1.07093;
0.179802;1.94664;1.15182;
0.179822;1.94586;1.23255;
0.179842;1.94508;1.31312;
0.179862;1.94431;1.39353;
0.179882;1.94353;1.47378;
0.179902;1.94275;1.55386;
0.179922;1.94198;1.63379;
0.179942;1.9412;1.71356;
0.179962;1.94042;1.79316;
0.179982;1.93965;1.87261;
0.18;1.93896;1.9424;
0.18;1.93896;1.94344;
0.18;1.93895;1.9452;
0.180001;1.93894;1.94709;
0.180001;1.93892;1.94732;
0.180001;1.93892;1.94666;
0.180001;1.93892;1.94545;
0.180002;1.9389;1.94346;
0.180002;1.93888;1.94027;
0.180003;1.93883;1.93462;
0.180006;1.93873;1.92346;
0.180011;1.93853;1.9011;
0.180021;1.93813;1.85644;
0.180041;1.93736;1.76932;
0.180061;1.93658;1.68238;
0.180081;1.93581;1.59561;
0.180101;1.93504;1.50902;
0.180121;1.93426;1.4226;
0.180141;1.93349;1.33635;
0.180161;1.93271;1.25028;
0.180181;1.93194;1.16438;
0.180201;1.93117;1.07864;
0.180221;1.9304;0.993085;
0.180241;1.92962;0.907692;
0.180261;1.92885;0.822477;
0.180281;1.92808;0.737426;
0.180301;1.92731;0.65255;
0.180321;1.92654;0.567839;
0.180341;1.92577;0.483302;
0.180361;1.925;0.39893;
0.180381;1.92423;0.31473;
0.180401;1.92346;0.230694;
0.180421;1.92269;0.14683;
0.180441;1.92192;0.0631308;
0.180461;1.92115;-0.0203987;
0.180481;1.92038;-0.103764;
0.180501;1.91962;-0.18696;
0.180521;1.91885;-0.269992;
0.180541;1.91808;-0.352857;
0.180561;1.91731;-0.435557;
0.180581;1.91655;-0.518091;
0.180601;1.91578;-0.600461;
0.180621;1.91502;-0.682665;
0.180641;1.91425;-0.764706;
0.180661;1.91348;-0.846582;
0.180681;1.91272;-0.928296;
0.180701;1.91195;-1.00985;
0.180721;1.91119;-1.09123;
0.180741;1.91042;-1.17246;
0.180761;1.90966;-1.25352;
0.180781;1.9089;-1.33442;
0.180801;1.90813;-1.41516;
0.180821;1.90737;-1.49573;
0.180841;1.90661;-1.57615;
0.180861;1.90585;-1.65641;
0.180881;1.90508;-1.7365;
0.180901;1.90432;-1.81643;
0.180921;1.90356;-1.89621;
0.180941;1.9028;-1.97583;
0.180961;1.90204;-2.05528;
0.180981;1.90128;-2.13458;
0.181001;1.90053;-2.21214;
0.181001;1.90053;-2.21318;
0.181001;1.90052;-2.21494;
0.181002;1.90051;-2.21682;
0.181002;1.90049;-2.21705;
0.181002;1.90049;-2.21639;
0.181002;1.90048;-2.21518;
0.181003;1.90047;-2.21319;
0.181003;1.90045;-2.21;
0.181004;1.9004;-2.20434;
0.181007;1.9003;-2.19315;
0.181012;1.90011;-2.17075;
0.181022;1.89972;-2.126;
0.181042;1.89896;-2.03871;
0.181062;1.8982;-1.95162;
0.181082;1.89744;-1.86468;
0.181102;1.89668;-1.77793;
0.181122;1.89592;-1.69134;
0.181142;1.89516;-1.60493;
0.181162;1.89441;-1.51869;
0.181182;1.89365;-1.43262;
0.181202;1.89289;-1.34673;
0.181222;1.89213;-1.26101;
0.181242;1.89138;-1.17545;
0.181262;1.89062;-1.09007;
0.181282;1.88987;-1.00486;
0.181302;1.88911;-0.919823;
0.181322;1.88835;-0.834951;
0.181342;1.8876;-0.750253;
0.181362;1.88684;-0.66572;
0.181382;1.88609;-0.581359;
0.181402;1.88534;-0.497164;
0.181422;1.88458;-0.41314;
0.181442;1.88383;-0.329282;
0.181462;1.88307;-0.245593;
0.181482;1.88232;-0.162069;
0.181502;1.88157;-0.0787146;
0.181522;1.88082;0.00447558;
0.181542;1.88006;0.0874976;
0.181562;1.87931;0.170356;
0.181582;1.87856;0.253046;
0.181602;1.87781;0.335573;
0.181622;1.87706;0.417934;
0.181642;1.87631;0.500131;
0.181662;1.87556;0.582163;
0.181682;1.87481;0.664032;
0.181702;1.87406;0.745737;
0.181722;1.87331;0.827279;
0.181742;1.87256;0.908658;
0.181762;1.87181;0.989874;
0.181782;1.87106;1.07093;
0.181802;1.87031;1.15182;
0.181822;1.86956;1.23255;
0.181842;1.86882;1.31312;
0.181862;1.86807;1.39353;
0.181882;1.86732;1.47378;
0.181902;1.86658;1.55386;
0.181922;1.86583;1.63379;
0.181942;1.86508;1.71356;
0.181962;1.86434;1.79316;
0.181982;1.86359;1.87261;
0.182;1.86294;1.9424;
0.182;1.86294;1.94344;
0.182;1.86293;1.9452;
0.182001;1.86291;1.94709;
0.182001;1.8629;1.94732;
0.182001;1.8629;1.94666;
0.182001;1.86289;1.94545;
0.182002;1.86288;1.94346;
0.182002;1.86286;1.94027;
0.182003;1.86281;1.93462;
0.182006;1.86272;1.92346;
0.182011;1.86253;1.9011;
0.182021;1.86215;1.85644;
0.182041;1.86139;1.76932;
0.182061;1.86065;1.68238;
0.18208;1.85994;1.59961;
0.1821;1.8592;1.51302;
0.18212;1.85845;1.42658;
0.18214;1.85771;1.34033;
0.18216;1.85697;1.25425;
0.18218;1.85622;1.16834;
0.1822;1.85548;1.0826;
0.18222;1.85474;0.997032;
0.18224;1.854;0.911632;
0.18226;1.85326;0.826408;
0.18228;1.85252;0.74135;
0.1823;1.85177;0.656466;
0.18232;1.85103;0.571747;
0.18234;1.85029;0.487202;
0.18236;1.84955;0.402822;
0.18238;1.84881;0.318614;
0.1824;1.84807;0.234571;
0.18242;1.84734;0.150699;
0.18244;1.8466;0.0669922;
0.18246;1.84586;-0.0165451;
0.18248;1.84512;-0.0999179;
0.1825;1.84438;-0.183122;
0.18252;1.84364;-0.266162;
0.18254;1.84291;-0.349034;
0.18256;1.84217;-0.431742;
0.18258;1.84143;-0.514283;
0.1826;1.8407;-0.596661;
0.18262;1.83996;-0.678873;
0.18264;1.83922;-0.760921;
0.18266;1.83849;-0.842805;
0.18268;1.83775;-0.924526;
0.1827;1.83702;-1.00608;
0.18272;1.83628;-1.08748;
0.18274;1.83555;-1.16871;
0.18276;1.83482;-1.24978;
0.18278;1.83408;-1.33069;
0.1828;1.83335;-1.41143;
0.18282;1.83262;-1.49202;
0.18284;1.83188;-1.57244;
0.18286;1.83115;-1.6527;
0.18288;1.83042;-1.73281;
0.1829;1.82969;-1.81275;
0.18292;1.82895;-1.89253;
0.18294;1.82822;-1.97215;
0.18296;1.82749;-2.05162;
0.18298;1.82676;-2.13092;
0.183;1.82603;-2.21007;
0.183001;1.82601;-2.21214;
0.183001;1.82601;-2.21318;
0.183001;1.826;-2.21494;
0.183002;1.82599;-2.21682;
0.183002;1.82597;-2.21705;
0.183002;1.82597;-2.21639;
0.183002;1.82597;-2.21518;
0.183003;1.82595;-2.21319;
0.183003;1.82593;-2.21;
0.183004;1.82588;-2.20434;
0.183007;1.82579;-2.19315;
0.183012;1.8256;-2.17075;
0.183022;1.82523;-2.126;
0.183042;1.8245;-2.03871;
0.183062;1.82377;-1.95162;
0.183082;1.82304;-1.86468;
0.183102;1.82231;-1.77793;
0.183122;1.82158;-1.69134;
0.183142;1.82085;-1.60493;
0.183162;1.82013;-1.51869;
0.183182;1.8194;-1.43262;
0.183202;1.81867;-1.34673;
0.183222;1.81794;-1.26101;
0.183242;1.81722;-1.17545;
0.183262;1.81649;-1.09007;
0.183282;1.81576;-1.00486;
0.183302;1.81504;-0.919823;
0.183322;1.81431;-0.834951;
0.183342;1.81359;-0.750253;
0.183362;1.81286;-0.66572;
0.183382;1.81214;-0.58136;
0.183402;1.81141;-0.497164;
0.183422;1.81069;-0.413141;
0.183442;1.80996;-0.329282;
0.183462;1.80924;-0.245593;
0.183482;1.80851;-0.162069;
0.183502;1.80779;-0.0787147;
0.183522;1.80707;0.00447552;
0.183542;1.80635;0.0874975;
0.183562;1.80562;0.170355;
0.183582;1.8049;0.253046;
0.183602;1.80418;0.335573;
0.183622;1.80346;0.417934;
0.183642;1.80274;0.500131;
0.183662;1.80202;0.582163;
0.183682;1.80129;0.664032;
0.183702;1.80057;0.745737;
0.183722;1.79985;0.827279;
0.183742;1.79913;0.908658;
0.183762;1.79842;0.989874;
0.183782;1.7977;1.07093;
0.183802;1.79698;1.15182;
0.183822;1.79626;1.23255;
0.183842;1.79554;1.31312;
0.183862;1.79482;1.39353;
0.183882;1.7941;1.47377;
0.183902;1.79339;1.55386;
0.183922;1.79267;1.63379;
0.183942;1.79195;1.71356;
0.183962;1.79124;1.79316;
0.183982;1.79052;1.87261;
0.184;1.78991;1.9424;
0.184;1.7899;1.94344;
0.184;1.7899;1.9452;
0.184001;1.78988;1.94709;
0.184001;1.78987;1.94732;
0.184001;1.78987;1.94666;
0.184001;1.78986;1.94545;
0.184002;1.78985;1.94346;
0.184002;1.78983;1.94027;
0.184003;1.78979;1.93462;
0.184006;1.7897;1.92346;
0.184011;1.78952;1.9011;
0.184021;1.78916;1.85644;
0.184041;1.78845;1.76932;
0.184061;1.78772;1.68238;
0.184081;1.78698;1.59561;
0.184098;1.78638;1.52349;
0.184116;1.78576;1.44787;
0.184136;1.78504;1.36158;
0.184156;1.78433;1.27545;
0.184176;1.78362;1.1895;
0.184196;1.7829;1.10372;
0.184216;1.78219;1.01811;
0.184236;1.78148;0.932667;
0.184256;1.78076;0.847402;
0.184276;1.78005;0.762301;
0.184296;1.77934;0.677376;
0.184316;1.77863;0.592615;
0.184336;1.77792;0.508029;
0.184356;1.77721;0.423607;
0.184376;1.7765;0.339357;
0.184396;1.77579;0.255273;
0.184416;1.77508;0.17136;
0.184436;1.77437;0.0876112;
0.184456;1.77366;0.00403269;
0.184476;1.77295;-0.0793813;
0.184496;1.77224;-0.162626;
0.184516;1.77153;-0.245707;
0.184536;1.77082;-0.32862;
0.184556;1.77011;-0.411369;
0.184576;1.7694;-0.493951;
0.184596;1.7687;-0.576369;
0.184616;1.76799;-0.658622;
0.184636;1.76728;-0.740711;
0.184656;1.76658;-0.822635;
0.184676;1.76587;-0.904396;
0.184696;1.76516;-0.985993;
0.184716;1.76446;-1.06743;
0.184736;1.76375;-1.1487;
0.184756;1.76305;-1.22981;
0.184776;1.76234;-1.31076;
0.184796;1.76164;-1.39154;
0.184816;1.76093;-1.47217;
0.184836;1.76023;-1.55263;
0.184856;1.75952;-1.63293;
0.184876;1.75882;-1.71307;
0.184896;1.75812;-1.79306;
0.184916;1.75741;-1.87288;
0.184936;1.75671;-1.95254;
0.184956;1.75601;-2.03204;
0.184976;1.75531;-2.11139;
0.184996;1.7546;-2.19057;
0.185001;1.75441;-2.21214;
0.185001;1.75441;-2.21318;
0.185001;1.7544;-2.21494;
0.185002;1.75439;-2.21682;
0.185002;1.75438;-2.21705;
0.185002;1.75437;-2.21639;
0.185002;1.75437;-2.21518;
0.185003;1.75436;-2.21319;
0.185003;1.75433;-2.21;
0.185004;1.75429;-2.20434;
0.185007;1.7542;-2.19315;
0.185012;1.75402;-2.17075;
0.185022;1.75366;-2.126;
0.185042;1.75296;-2.03871;
0.185062;1.75226;-1.95162;
0.185082;1.75156;-1.86468;
0.185102;1.75086;-1.77793;
0.185122;1.75016;-1.69134;
0.185142;1.74946;-1.60493;
0.185162;1.74876;-1.51869;
0.185182;1.74806;-1.43262;
0.185202;1.74736;-1.34673;
0.185222;1.74666;-1.26101;
0.185242;1.74596;-1.17545;
0.185262;1.74526;-1.09007;
0.185282;1.74457;-1.00486;
0.185302;1.74387;-0.919823;
0.185322;1.74317;-0.834951;
0.185342;1.74247;-0.750253;
0.185362;1.74178;-0.66572;
0.185382;1.74108;-0.58136;
0.185402;1.74038;-0.497164;
0.185422;1.73969;-0.413141;
0.185442;1.73899;-0.329282;
0.185462;1.7383;-0.245593;
0.185482;1.7376;-0.162069;
0.185502;1.73691;-0.0787147;
0.185522;1.73621;0.00447549;
0.185542;1.73552;0.0874975;
0.185562;1.73482;0.170355;
0.185582;1.73413;0.253046;
0.185602;1.73344;0.335573;
0.185622;1.73274;0.417934;
0.185642;1.73205;0.500131;
0.185662;1.73136;0.582163;
0.185682;1.73067;0.664032;
0.185702;1.72997;0.745737;
0.185722;1.72928;0.827279;
0.185742;1.72859;0.908658;
0.185762;1.7279;0.989874;
0.185782;1.72721;1.07093;
0.185802;1.72652;1.15182;
0.185822;1.72583;1.23255;
0.185842;1.72514;1.31312;
0.185862;1.72445;1.39353;
0.185882;1.72376;1.47377;
0.185902;1.72307;1.55386;
0.185922;1.72238;1.63379;
0.185942;1.72169;1.71356;
0.185962;1.721;1.79316;
0.185982;1.72033;1.87261;
0.186;1.71976;1.9424;
0.186;1.71975;1.94344;
0.186;1.71975;1.9452;
0.186001;1.71973;1.94709;
0.186001;1.71972;1.94732;
0.186001;1.71972;1.94666;
0.186001;1.71972;1.94545;
0.186002;1.71971;1.94346;
0.186002;1.71969;1.94027;
0.186003;1.71965;1.93462;
0.186006;1.7427;1.92346;
0.186008;1.80122;1.91695;
0.186009;1.90383;1.91008;
0.186011;1.99908;1.90234;
0.186013;2.03539;1.89388;
0.186015;2.0353;1.88482;
0.186018;2.03517;1.87194;
0.186021;2.03506;1.86025;
0.186026;2.03483;1.83688;
0.186037;2.03437;1.79018;
0.186049;2.03386;1.73745;
0.186065;2.03321;1.66746;
0.186079;2.03262;1.60482;
0.186095;2.03199;1.53818;
0.186115;2.03118;1.4517;
0.186135;2.03037;1.36539;
0.186155;2.02956;1.27926;
0.186175;2.02875;1.1933;
0.186195;2.02793;1.10751;
0.186215;2.02712;1.02189;
0.186235;2.02631;0.936444;
0.186255;2.0255;0.851168;
0.186275;2.02469;0.766063;
0.186295;2.02388;0.681127;
0.186315;2.02307;0.596362;
0.186335;2.02226;0.511765;
0.186355;2.02146;0.427338;
0.186375;2.02065;0.343079;
0.186395;2.01984;0.258989;
0.186415;2.01903;0.175067;
0.186435;2.01822;0.0913123;
0.186455;2.01742;0.00772515;
0.186475;2.01661;-0.075695;
0.186495;2.0158;-0.158948;
0.186515;2.015;-0.242036;
0.186535;2.01419;-0.324957;
0.186555;2.01339;-0.407712;
0.186575;2.01258;-0.490302;
0.186595;2.01178;-0.572727;
0.186615;2.01097;-0.654987;
0.186635;2.01017;-0.737083;
0.186655;2.00936;-0.819015;
0.186675;2.00856;-0.900783;
0.186695;2.00776;-0.982388;
0.186715;2.00695;-1.06383;
0.186735;2.00615;-1.14511;
0.186755;2.00535;-1.22623;
0.186775;2.00455;-1.30718;
0.186795;2.00375;-1.38797;
0.186815;2.00294;-1.4686;
0.186835;2.00214;-1.54907;
0.186855;2.00134;-1.62938;
0.186875;2.00054;-1.70953;
0.186895;1.99974;-1.78952;
0.186915;1.99894;-1.86935;
0.186935;1.99814;-1.94902;
0.186955;1.99734;-2.02853;
0.186975;1.99654;-2.10788;
0.186995;1.99575;-2.18707;
0.187001;1.99549;-2.21214;
0.187001;1.99549;-2.21318;
0.187001;1.99548;-2.21494;
0.187002;1.99547;-2.21682;
0.187002;1.99545;-2.21705;
0.187002;1.99545;-2.21639;
0.187002;1.99544;-2.21518;
0.187003;1.99543;-2.21319;
0.187003;1.99541;-2.21;
0.187004;1.99535;-2.20434;
0.187007;1.99525;-2.19315;
0.187012;1.99505;-2.17075;
0.187022;1.99464;-2.126;
0.187042;1.99384;-2.03871;
0.187062;1.99304;-1.95162;
0.187082;1.99225;-1.86468;
0.187102;1.99145;-1.77793;
0.187122;1.99065;-1.69134;
0.187142;1.98986;-1.60493;
0.187162;1.98906;-1.51869;
0.187182;1.98827;-1.43262;
0.187202;1.98747;-1.34673;
0.187222;1.98668;-1.26101;
0.187242;1.98588;-1.17545;
0.187262;1.98509;-1.09007;
0.187282;1.98429;-1.00486;
0.187302;1.9835;-0.919823;
0.187322;1.98271;-0.834951;
0.187342;1.98191;-0.750253;
0.187362;1.98112;-0.66572;
0.187382;1.98033;-0.58136;
0.187402;1.97954;-0.497164;
0.187422;1.97875;-0.413141;
0.187442;1.97795;-0.329282;
0.187462;1.97716;-0.245593;
0.187482;1.97637;-0.162069;
0.187502;1.97558;-0.0787147;
0.187522;1.97479;0.00447551;
0.187542;1.974;0.0874975;
0.187562;1.97321;0.170355;
0.187582;1.97242;0.253046;
0.187602;1.97164;0.335573;
0.187622;1.97085;0.417934;
0.187642;1.97006;0.500131;
0.187662;1.96927;0.582163;
0.187682;1.96848;0.664032;
0.187702;1.9677;0.745737;
0.187722;1.96691;0.827279;
0.187742;1.96612;0.908658;
0.187762;1.96534;0.989874;
0.187782;1.96455;1.07093;
0.187802;1.96376;1.15182;
0.187822;1.96298;1.23255;
0.187842;1.96219;1.31312;
0.187862;1.96141;1.39353;
0.187882;1.96062;1.47377;
0.187902;1.95984;1.55386;
0.187922;1.95906;1.63379;
0.187942;1.95827;1.71356;
0.187962;1.95749;1.79316;
0.187982;1.95671;1.87261;
0.188;1.95602;1.9424;
0.188;1.95601;1.94344;
0.188;1.95601;1.9452;
0.188001;1.95599;1.94709;
0.188001;1.95598;1.94732;
0.188001;1.95598;1.94666;
0.188001;1.95597;1.94545;
0.188002;1.95596;1.94346;
0.188002;1.95593;1.94027;
0.188003;1.95588;1.93462;
0.188006;1.95578;1.92346;
0.188011;1.95558;1.9011;
0.188021;1.95518;1.85644;
0.188041;1.9544;1.76932;
0.188061;1.95362;1.68238;
0.188081;1.95284;1.59561;
0.188101;1.95206;1.50902;
0.188121;1.95128;1.4226;
0.188141;1.9505;1.33635;
0.188161;1.94972;1.25028;
0.188181;1.94894;1.16438;
0.188201;1.94816;1.07864;
0.188221;1.94738;0.993085;
0.188241;1.9466;0.907692;
0.188261;1.94582;0.822477;
0.188281;1.94504;0.737426;
0.188301;1.94426;0.65255;
0.188321;1.94349;0.567839;
0.188341;1.94271;0.483302;
0.188361;1.94193;0.39893;
0.188381;1.94116;0.31473;
0.188401;1.94038;0.230694;
0.188421;1.9396;0.14683;
0.188441;1.93883;0.0631307;
0.188461;1.93805;-0.0203989;
0.188481;1.93728;-0.103764;
0.188501;1.9365;-0.18696;
0.188521;1.93573;-0.269992;
0.188541;1.93495;-0.352857;
0.188561;1.93418;-0.435557;
0.188581;1.93341;-0.518091;
0.188601;1.93263;-0.600461;
0.188621;1.93186;-0.682665;
0.188641;1.93109;-0.764707;
0.188661;1.93032;-0.846583;
0.188681;1.92954;-0.928296;
0.188701;1.92877;-1.00985;
0.188721;1.928;-1.09123;
0.188741;1.92723;-1.17246;
0.188761;1.92646;-1.25352;
0.188781;1.92569;-1.33442;
0.188801;1.92492;-1.41516;
0.188821;1.92415;-1.49573;
0.188841;1.92338;-1.57615;
0.188861;1.92261;-1.65641;
0.188881;1.92184;-1.7365;
0.188901;1.92107;-1.81644;
0.188921;1.9203;-1.89621;
0.188941;1.91954;-1.97583;
0.188961;1.91877;-2.05528;
0.188981;1.918;-2.13458;
0.189001;1.91725;-2.21214;
0.189001;1.91725;-2.21318;
0.189001;1.91724;-2.21494;
0.189002;1.91722;-2.21682;
0.189002;1.91721;-2.21705;
0.189002;1.91721;-2.21639;
0.189002;1.9172;-2.21518;
0.189003;1.91719;-2.21319;
0.189003;1.91716;-2.21;
0.189004;1.91712;-2.20434;
0.189007;1.91702;-2.19315;
0.189012;1.91682;-2.17075;
0.189022;1.91643;-2.126;
0.189042;1.91566;-2.03871;
0.189062;1.9149;-1.95162;
0.189082;1.91413;-1.86468;
0.189102;1.91336;-1.77793;
0.189122;1.9126;-1.69134;
0.189142;1.91183;-1.60493;
0.189162;1.91107;-1.51869;
0.189182;1.91031;-1.43262;
0.189202;1.90954;-1.34673;
0.189222;1.90878;-1.26101;
0.189242;1.90801;-1.17545;
0.189262;1.90725;-1.09007;
0.189282;1.90649;-1.00486;
0.189302;1.90573;-0.919823;
0.189322;1.90496;-0.834951;
0.189342;1.9042;-0.750253;
0.189362;1.90344;-0.66572;
0.189382;1.90268;-0.58136;
0.189402;1.90192;-0.497164;
0.189422;1.90116;-0.413141;
0.189442;1.9004;-0.329282;
0.189462;1.89964;-0.245593;
0.189482;1.89888;-0.162069;
0.189502;1.89812;-0.0787147;
0.189522;1.89736;0.00447547;
0.189542;1.8966;0.0874975;
0.189562;1.89584;0.170355;
0.189582;1.89508;0.253046;
0.189602;1.89433;0.335573;
0.189622;1.89357;0.417934;
0.189642;1.89281;0.500131;
0.189662;1.89205;0.582163;
0.189682;1.8913;0.664032;
0.189702;1.89054;0.745737;
0.189722;1.88979;0.827279;
0.189742;1.88903;0.908658;
0.189762;1.88827;0.989874;
0.189782;1.88752;1.07093;
0.189802;1.88676;1.15182;
0.189822;1.88601;1.23255;
0.189842;1.88526;1.31312;
0.189862;1.8845;1.39353;
0.189882;1.88375;1.47377;
0.189902;1.88299;1.55386;
0.189922;1.88224;1.63379;
0.189942;1.88149;1.71356;
0.189962;1.88074;1.79316;
0.189982;1.87998;1.87261;
0.19;1.87933;1.9424;
0.19;1.87932;1.94344;
0.19;1.87931;1.9452;
0.190001;1.8793;1.94709;
0.190001;1.87929;1.94732;
0.190001;1.87929;1.94666;
0.190001;1.87928;1.94545;
0.190002;1.87927;1.94346;
0.190002;1.87924;1.94027;
0.190003;1.8792;1.93462;
0.190006;1.8791;1.92346;
0.190011;1.87891;1.9011;
0.190021;1.87852;1.85644;
0.190041;1.87777;1.76932;
0.190061;1.87702;1.68238;
0.190081;1.87627;1.59561;
0.190101;1.87552;1.50902;
0.190121;1.87476;1.4226;
0.190141;1.87402;1.33635;
0.190161;1.87327;1.25028;
0.190181;1.87252;1.16438;
0.190201;1.87177;1.07864;
0.190221;1.87102;0.993084;
0.190241;1.87027;0.907692;
0.190261;1.86952;0.822477;
0.190281;1.86878;0.737426;
0.190301;1.86803;0.65255;
0.190321;1.86728;0.567839;
0.190341;1.86653;0.483302;
0.190361;1.86579;0.39893;
0.190381;1.86504;0.31473;
0.190401;1.8643;0.230694;
0.190421;1.86355;0.14683;
0.190441;1.8628;0.0631306;
0.190461;1.86206;-0.0203989;
0.190481;1.86132;-0.103764;
0.190501;1.86057;-0.18696;
0.190521;1.85983;-0.269992;
0.190541;1.85908;-0.352857;
0.190561;1.85834;-0.435557;
0.190581;1.8576;-0.518091;
0.190601;1.85685;-0.600461;
0.190621;1.85611;-0.682665;
0.190641;1.85537;-0.764707;
0.190661;1.85463;-0.846583;
0.190681;1.85388;-0.928296;
0.190701;1.85314;-1.00985;
0.190721;1.8524;-1.09123;
0.190741;1.85166;-1.17246;
0.190761;1.85092;-1.25352;
0.190781;1.85018;-1.33442;
0.190801;1.84944;-1.41516;
0.190821;1.8487;-1.49573;
0.190841;1.84796;-1.57615;
0.190861;1.84722;-1.65641;
0.190881;1.84648;-1.7365;
0.190901;1.84575;-1.81644;
0.190921;1.84501;-1.89621;
0.190941;1.84427;-1.97583;
0.190961;1.84353;-2.05528;
0.190981;1.84279;-2.13458;
0.191001;1.84207;-2.21214;
0.191001;1.84207;-2.21318;
0.191001;1.84206;-2.21494;
0.191002;1.84205;-2.21682;
0.191002;1.84204;-2.21705;
0.191002;1.84203;-2.21639;
0.191002;1.84203;-2.21518;
0.191003;1.84202;-2.21319;
0.191003;1.84199;-2.21;
0.191004;1.84194;-2.20434;
0.191007;1.84185;-2.19315;
0.191012;1.84166;-2.17075;
0.191022;1.84128;-2.126;
0.191042;1.84055;-2.03871;
0.191062;1.83981;-1.95162;
0.191082;1.83908;-1.86468;
0.191102;1.83834;-1.77793;
0.191122;1.83761;-1.69134;
0.191142;1.83687;-1.60493;
0.191162;1.83614;-1.51869;
0.191182;1.8354;-1.43262;
0.191202;1.83467;-1.34673;
0.191222;1.83393;-1.26101;
0.191242;1.8332;-1.17545;
0.191262;1.83247;-1.09007;
0.191282;1.83173;-1.00486;
0.191302;1.831;-0.919823;
0.191322;1.83027;-0.834951;
0.191342;1.82954;-0.750253;
0.191362;1.82881;-0.66572;
0.191382;1.82807;-0.58136;
0.191402;1.82734;-0.497164;
0.191422;1.82661;-0.413141;
0.191442;1.82588;-0.329282;
0.191462;1.82515;-0.245593;
0.191482;1.82442;-0.162069;
0.191502;1.82369;-0.0787148;
0.191522;1.82296;0.00447543;
0.191542;1.82223;0.0874974;
0.191562;1.82151;0.170355;
0.191582;1.82078;0.253046;
0.191602;1.82005;0.335573;
0.191622;1.81932;0.417934;
0.191642;1.81859;0.500131;
0.191662;1.81787;0.582163;
0.191682;1.81714;0.664032;
0.191702;1.81641;0.745737;
0.191722;1.81569;0.827279;
0.191742;1.81496;0.908658;
0.191762;1.81423;0.989874;
0.191782;1.81351;1.07093;
0.191802;1.81278;1.15182;
0.191822;1.81206;1.23255;
0.191842;1.81133;1.31312;
0.191862;1.81061;1.39353;
0.191882;1.80989;1.47377;
0.191902;1.80916;1.55386;
0.191922;1.80844;1.63379;
0.191942;1.80771;1.71356;
0.191962;1.80699;1.79316;
0.191982;1.80627;1.87261;
0.192;1.80565;1.9424;
0.192;1.80564;1.94344;
0.192;1.80564;1.9452;
0.192001;1.80562;1.94709;
0.192001;1.80561;1.94732;
0.192001;1.80561;1.94666;
0.192001;1.8056;1.94545;
0.192002;1.80559;1.94346;
0.192002;1.80557;1.94027;
0.192003;1.80553;1.93462;
0.192006;1.80543;1.92346;
0.192011;1.80525;1.9011;
0.192021;1.80489;1.85644;
0.192041;1.80417;1.76932;
0.192061;1.80343;1.68238;
0.192081;1.8027;1.59561;
0.192101;1.80198;1.50902;
0.192121;1.80125;1.4226;
0.192141;1.80053;1.33635;
0.192161;1.79981;1.25028;
0.192181;1.79909;1.16438;
0.192201;1.79837;1.07864;
0.192221;1.79766;0.993084;
0.192241;1.79694;0.907692;
0.192261;1.79622;0.822477;
0.192281;1.7955;0.737426;
0.192301;1.79478;0.65255;
0.192321;1.79406;0.567839;
0.192341;1.79335;0.483302;
0.192361;1.79263;0.39893;
0.192381;1.79191;0.31473;
0.192401;1.7912;0.230694;
0.192421;1.79048;0.14683;
0.192441;1.78976;0.0631306;
0.192461;1.78905;-0.0203989;
0.192481;1.78833;-0.103764;
0.192501;1.78762;-0.18696;
0.192521;1.7869;-0.269993;
0.192541;1.78619;-0.352857;
0.192561;1.78547;-0.435557;
0.192581;1.78476;-0.518091;
0.192601;1.78405;-0.600461;
0.192621;1.78333;-0.682665;
0.192641;1.78262;-0.764707;
0.192661;1.78191;-0.846583;
0.192681;1.78119;-0.928296;
0.192701;1.78048;-1.00985;
0.192721;1.77977;-1.09123;
0.192741;1.77906;-1.17246;
0.192761;1.77835;-1.25352;
0.192781;1.77763;-1.33442;
0.192801;1.77692;-1.41516;
0.192821;1.77621;-1.49573;
0.192841;1.7755;-1.57615;
0.192861;1.77479;-1.65641;
0.192881;1.77408;-1.7365;
0.192901;1.77337;-1.81644;
0.192921;1.77266;-1.89621;
0.192941;1.77195;-1.97583;
0.192961;1.77125;-2.05528;
0.192981;1.77054;-2.13458;
0.193001;1.76984;-2.21214;
0.193001;1.76984;-2.21318;
0.193001;1.76983;-2.21494;
0.193002;1.76982;-2.21682;
0.193002;1.76981;-2.21705;
0.193002;1.76981;-2.21639;
0.193002;1.7698;-2.21518;
0.193003;1.76979;-2.21319;
0.193003;1.76977;-2.21;
0.193004;1.76972;-2.20434;
0.193007;1.76963;-2.19315;
0.193012;1.76945;-2.17075;
0.193022;1.76909;-2.126;
0.193042;1.76838;-2.03871;
0.193062;1.76767;-1.95162;
0.193082;1.76697;-1.86468;
0.193102;1.76626;-1.77793;
0.193122;1.76555;-1.69134;
0.193142;1.76485;-1.60493;
0.193162;1.76414;-1.51869;
0.193182;1.76343;-1.43262;
0.193202;1.76273;-1.34673;
0.193222;1.76202;-1.26101;
0.193242;1.76132;-1.17545;
0.193262;1.76062;-1.09007;
0.193282;1.75991;-1.00486;
0.193302;1.75921;-0.919823;
0.193322;1.7585;-0.834951;
0.193342;1.7578;-0.750253;
0.193362;1.7571;-0.66572;
0.193382;1.7564;-0.58136;
0.193402;1.75569;-0.497164;
0.193422;1.75499;-0.413141;
0.193442;1.75429;-0.329282;
0.193462;1.75359;-0.245593;
0.193482;1.75289;-0.162069;
0.193502;1.75218;-0.0787148;
0.193522;1.75148;0.0044754;
0.193542;1.75078;0.0874974;
0.193562;1.75008;0.170355;
0.193582;1.74938;0.253046;
0.193602;1.74868;0.335573;
0.193622;1.74798;0.417934;
0.193642;1.74729;0.500131;
0.193662;1.74659;0.582163;
0.193682;1.74589;0.664032;
0.193702;1.74519;0.745737;
0.193722;1.74449;0.827279;
0.193742;1.74379;0.908657;
0.193762;1.7431;0.989874;
0.193782;1.7424;1.07093;
0.193802;1.7417;1.15182;
0.193822;1.74101;1.23255;
0.193842;1.74031;1.31312;
0.193862;1.73961;1.39353;
0.193882;1.73892;1.47377;
0.193902;1.73822;1.55386;
0.193922;1.73753;1.63379;
0.193942;1.73683;1.71356;
0.193962;1.73614;1.79316;
0.193982;1.73546;1.87261;
0.194;1.73487;1.9424;
0.194;1.73487;1.94344;
0.194;1.73486;1.9452;
0.194001;1.73485;1.94709;
0.194001;1.73484;1.94732;
0.194001;1.73484;1.94666;
0.194001;1.73483;1.94545;
0.194002;1.73482;1.94346;
0.194002;1.7348;1.94027;
0.194003;1.73476;1.93462;
0.194006;1.73468;1.92346;
0.194011;1.76934;1.9011;
0.194014;1.86243;1.88846;
0.194017;1.9557;1.87688;
0.19402;1.98634;1.86323;
0.194024;1.98617;1.84585;
0.194028;1.98601;1.82911;
0.194035;1.98569;1.79564;
0.194051;1.98506;1.72902;
0.194062;1.98459;1.67804;
0.194075;1.98407;1.62153;
0.194094;1.98333;1.54084;
0.194114;1.98254;1.45436;
0.194134;1.98175;1.36805;
0.194154;1.98095;1.28191;
0.194174;1.98016;1.19594;
0.194194;1.97937;1.11015;
0.194214;1.97858;1.02452;
0.194234;1.97779;0.939072;
0.194254;1.977;0.853791;
0.194274;1.97621;0.76868;
0.194294;1.97542;0.683739;
0.194314;1.97463;0.598969;
0.194334;1.97384;0.514367;
0.194354;1.97305;0.429935;
0.194374;1.97226;0.345671;
0.194394;1.97147;0.261575;
0.194414;1.97068;0.177648;
0.194434;1.96989;0.0938883;
0.194454;1.9691;0.0102959;
0.194474;1.96832;-0.0731293;
0.194494;1.96753;-0.156388;
0.194514;1.96674;-0.23948;
0.194534;1.96596;-0.322406;
0.194554;1.96517;-0.405167;
0.194574;1.96438;-0.487762;
0.194594;1.9636;-0.570192;
0.194614;1.96281;-0.652457;
0.194634;1.96203;-0.734558;
0.194654;1.96124;-0.816495;
0.194674;1.96046;-0.898269;
0.194694;1.95968;-0.979878;
0.194714;1.95889;-1.06133;
0.194734;1.95811;-1.14261;
0.194754;1.95733;-1.22373;
0.194774;1.95654;-1.30469;
0.194794;1.95576;-1.38549;
0.194814;1.95498;-1.46612;
0.194834;1.9542;-1.5466;
0.194854;1.95341;-1.62691;
0.194874;1.95263;-1.70707;
0.194894;1.95185;-1.78706;
0.194914;1.95107;-1.8669;
0.194934;1.95029;-1.94657;
0.194954;1.94951;-2.02608;
0.194974;1.94873;-2.10544;
0.194994;1.94795;-2.18464;
0.195001;1.94768;-2.21214;
0.195001;1.94768;-2.21318;
0.195001;1.94767;-2.21494;
0.195002;1.94765;-2.21682;
0.195002;1.94764;-2.21705;
0.195002;1.94764;-2.21639;
0.195002;1.94763;-2.21518;
0.195003;1.94762;-2.21319;
0.195003;1.9476;-2.21;
0.195004;1.94755;-2.20434;
0.195007;1.94745;-2.19315;
0.195012;1.94725;-2.17075;
0.195022;1.94685;-2.126;
0.195042;1.94607;-2.03871;
0.195062;1.94529;-1.95162;
0.195082;1.94451;-1.86468;
0.195102;1.94374;-1.77793;
0.195122;1.94296;-1.69134;
0.195142;1.94218;-1.60493;
0.195162;1.94141;-1.51869;
0.195182;1.94063;-1.43262;
0.195202;1.93985;-1.34673;
0.195222;1.93908;-1.26101;
0.195242;1.9383;-1.17545;
0.195262;1.93753;-1.09007;
0.195282;1.93675;-1.00486;
0.195302;1.93598;-0.919823;
0.195322;1.9352;-0.834951;
0.195342;1.93443;-0.750253;
0.195362;1.93365;-0.66572;
0.195382;1.93288;-0.58136;
0.195402;1.93211;-0.497164;
0.195422;1.93134;-0.413141;
0.195442;1.93056;-0.329282;
0.195462;1.92979;-0.245593;
0.195482;1.92902;-0.162069;
0.195502;1.92825;-0.0787148;
0.195522;1.92748;0.00447543;
0.195542;1.92671;0.0874974;
0.195562;1.92594;0.170355;
0.195582;1.92517;0.253046;
0.195602;1.9244;0.335573;
0.195622;1.92363;0.417934;
0.195642;1.92286;0.500131;
0.195662;1.92209;0.582163;
0.195682;1.92132;0.664032;
0.195702;1.92055;0.745737;
0.195722;1.91978;0.827279;
0.195742;1.91901;0.908658;
0.195762;1.91825;0.989874;
0.195782;1.91748;1.07093;
0.195802;1.91671;1.15182;
0.195822;1.91595;1.23255;
0.195842;1.91518;1.31312;
0.195862;1.91441;1.39353;
0.195882;1.91365;1.47377;
0.195902;1.91288;1.55386;
0.195922;1.91212;1.63379;
0.195942;1.91135;1.71356;
0.195962;1.91059;1.79316;
0.195982;1.90983;1.87261;
0.196;1.90915;1.9424;
0.196;1.90915;1.94344;
0.196;1.90914;1.9452;
0.196001;1.90913;1.94709;
0.196001;1.90912;1.94732;
0.196001;1.90911;1.94666;
0.196001;1.90911;1.94545;
0.196002;1.9091;1.94346;
0.196002;1.90907;1.94027;
0.196003;1.90902;1.93462;
0.196006;1.90892;1.92346;
0.196011;1.90873;1.9011;
0.196021;1.90834;1.85644;
0.196041;1.90757;1.76932;
0.196061;1.90684;1.68583;
0.196081;1.90608;1.59905;
0.196101;1.90532;1.51246;
0.196121;1.90455;1.42602;
0.196141;1.90379;1.33978;
0.196161;1.90303;1.25369;
0.196181;1.90227;1.16778;
0.196201;1.90151;1.08204;
0.196221;1.90075;0.996478;
0.196241;1.89999;0.911079;
0.196261;1.89923;0.825857;
0.196281;1.89847;0.740799;
0.196301;1.89771;0.655917;
0.196321;1.89695;0.571199;
0.196341;1.89619;0.486655;
0.196361;1.89543;0.402276;
0.196381;1.89468;0.318069;
0.196401;1.89392;0.234028;
0.196421;1.89316;0.150157;
0.196441;1.8924;0.0664506;
0.196461;1.89165;-0.0170856;
0.196481;1.89089;-0.100457;
0.196501;1.89013;-0.18366;
0.196521;1.88938;-0.266699;
0.196541;1.88862;-0.34957;
0.196561;1.88787;-0.432277;
0.196581;1.88711;-0.514817;
0.196601;1.88636;-0.597194;
0.196621;1.8856;-0.679405;
0.196641;1.88485;-0.761452;
0.196661;1.8841;-0.843335;
0.196681;1.88334;-0.925055;
0.196701;1.88259;-1.00661;
0.196721;1.88184;-1.088;
0.196741;1.88108;-1.16923;
0.196761;1.88033;-1.2503;
0.196781;1.87958;-1.33121;
0.196801;1.87883;-1.41195;
0.196821;1.87808;-1.49254;
0.196841;1.87733;-1.57296;
0.196861;1.87657;-1.65322;
0.196881;1.87582;-1.73332;
0.196901;1.87507;-1.81326;
0.196921;1.87432;-1.89305;
0.196941;1.87357;-1.97267;
0.196961;1.87282;-2.05213;
0.196981;1.87208;-2.13144;
0.197001;1.87133;-2.21058;
0.197001;1.87131;-2.21214;
0.197001;1.87131;-2.21318;
0.197001;1.8713;-2.21494;
0.197002;1.87129;-2.21682;
0.197002;1.87128;-2.21705;
0.197002;1.87127;-2.21639;
0.197002;1.87127;-2.21518;
0.197003;1.87125;-2.21319;
0.197003;1.87123;-2.21;
0.197004;1.87118;-2.20434;
0.197007;1.87109;-2.19315;
0.197012;1.87089;-2.17075;
0.197022;1.87051;-2.126;
0.197042;1.86976;-2.03871;
0.197062;1.86902;-1.95162;
0.197082;1.86827;-1.86468;
0.197102;1.86752;-1.77793;
0.197122;1.86677;-1.69134;
0.197142;1.86603;-1.60493;
0.197162;1.86528;-1.51869;
0.197182;1.86454;-1.43262;
0.197202;1.86379;-1.34673;
0.197222;1.86304;-1.26101;
0.197242;1.8623;-1.17545;
0.197262;1.86155;-1.09007;
0.197282;1.86081;-1.00486;
0.197302;1.86007;-0.919823;
0.197322;1.85932;-0.834951;
0.197342;1.85858;-0.750253;
0.197362;1.85784;-0.66572;
0.197382;1.85709;-0.58136;
0.197402;1.85635;-0.497164;
0.197422;1.85561;-0.413141;
0.197442;1.85487;-0.329282;
0.197462;1.85412;-0.245593;
0.197482;1.85338;-0.162069;
0.197502;1.85264;-0.0787148;
0.197522;1.8519;0.0044754;
0.197542;1.85116;0.0874974;
0.197562;1.85042;0.170355;
0.197582;1.84968;0.253046;
0.197602;1.84894;0.335573;
0.197622;1.8482;0.417934;
0.197642;1.84746;0.500131;
0.197662;1.84672;0.582163;
0.197682;1.84598;0.664032;
0.197702;1.84524;0.745737;
0.197722;1.84451;0.827279;
0.197742;1.84377;0.908657;
0.197762;1.84303;0.989874;
0.197782;1.84229;1.07093;
0.197802;1.84156;1.15182;
0.197822;1.84082;1.23255;
0.197842;1.84009;1.31312;
0.197862;1.83935;1.39353;
0.197882;1.83861;1.47377;
0.197902;1.83788;1.55386;
0.197922;1.83714;1.63379;
0.197942;1.83641;1.71356;
0.197962;1.83567;1.79316;
0.197982;1.83494;1.87261;
0.198;1.8343;1.9424;
0.198;1.8343;1.94344;
0.198;1.83429;1.9452;
0.198001;1.83428;1.94709;
0.198001;1.83427;1.94732;
0.198001;1.83426;1.94666;
0.198001;1.83426;1.94545;
0.198002;1.83425;1.94346;
0.198002;1.83422;1.94027;
0.198003;1.83418;1.93462;
0.198006;1.83409;1.92346;
0.198011;1.8339;1.9011;
0.198021;1.83353;1.85644;
0.198041;1.83279;1.76932;
0.198061;1.83204;1.68238;
0.198081;1.83131;1.59561;
0.1981;1.83064;1.51603;
0.19812;1.82991;1.42959;
0.19814;1.82917;1.34334;
0.19816;1.82844;1.25724;
0.19818;1.82771;1.17133;
0.1982;1.82698;1.08558;
0.19822;1.82625;1.00001;
0.19824;1.82552;0.914604;
0.19826;1.82479;0.829375;
0.19828;1.82406;0.74431;
0.1983;1.82333;0.65942;
0.19832;1.8226;0.574696;
0.19834;1.82187;0.490145;
0.19836;1.82114;0.405759;
0.19838;1.82041;0.321545;
0.1984;1.81969;0.237496;
0.19842;1.81896;0.153619;
0.19844;1.81823;0.0699055;
0.19846;1.8175;-0.0136376;
0.19848;1.81678;-0.0970163;
0.1985;1.81605;-0.180226;
0.19852;1.81532;-0.263272;
0.19854;1.8146;-0.346149;
0.19856;1.81387;-0.428863;
0.19858;1.81315;-0.51141;
0.1986;1.81242;-0.593794;
0.19862;1.8117;-0.676011;
0.19864;1.81097;-0.758066;
0.19866;1.81025;-0.839955;
0.19868;1.80953;-0.921682;
0.1987;1.8088;-1.00324;
0.19872;1.80808;-1.08465;
0.19874;1.80736;-1.16588;
0.19876;1.80663;-1.24696;
0.19878;1.80591;-1.32787;
0.1988;1.80519;-1.40862;
0.19882;1.80447;-1.48921;
0.19884;1.80374;-1.56964;
0.19886;1.80302;-1.64991;
0.19888;1.8023;-1.73002;
0.1989;1.80158;-1.80996;
0.19892;1.80086;-1.88975;
0.19894;1.80014;-1.96938;
0.19896;1.79942;-2.04885;
0.19898;1.7987;-2.12816;
0.199;1.79798;-2.20731;
0.199001;1.79794;-2.21214;
0.199001;1.79793;-2.21318;
0.199001;1.79793;-2.21494;
0.199002;1.79791;-2.21682;
0.199002;1.7979;-2.21705;
0.199002;1.7979;-2.21639;
0.199002;1.79789;-2.21518;
0.199003;1.79788;-2.21319;
0.199003;1.79786;-2.21;
0.199004;1.79781;-2.20434;
0.199007;1.79772;-2.19315;
0.199012;1.79754;-2.17075;
0.199022;1.79717;-2.126;
0.199042;1.79645;-2.03871;
0.199062;1.79573;-1.95162;
0.199082;1.79501;-1.86468;
0.199102;1.79429;-1.77793;
0.199122;1.79358;-1.69134;
0.199142;1.79286;-1.60493;
0.199162;1.79214;-1.51869;
0.199182;1.79143;-1.43262;
0.199202;1.79071;-1.34673;
0.199222;1.78999;-1.26101;
0.199242;1.78928;-1.17545;
0.199262;1.78856;-1.09007;
0.199282;1.78785;-1.00486;
0.199302;1.78713;-0.919823;
0.199322;1.78642;-0.834951;
0.199342;1.7857;-0.750253;
0.199362;1.78499;-0.66572;
0.199382;1.78427;-0.58136;
0.199402;1.78356;-0.497164;
0.199422;1.78285;-0.413141;
0.199442;1.78214;-0.329282;
0.199462;1.78142;-0.245593;
0.199482;1.78071;-0.162069;
0.199502;1.78;-0.0787148;
0.199522;1.77929;0.00447538;
0.199542;1.77857;0.0874974;
0.199562;1.77786;0.170355;
0.199582;1.77715;0.253046;
0.199602;1.77644;0.335573;
0.199622;1.77573;0.417934;
0.199642;1.77502;0.500131;
0.199662;1.77431;0.582163;
0.199682;1.7736;0.664032;
0.199702;1.77289;0.745737;
0.199722;1.77218;0.827279;
0.199742;1.77147;0.908657;
0.199762;1.77077;0.989874;
0.199782;1.77006;1.07093;
0.199802;1.76935;1.15182;
0.199822;1.76864;1.23255;
0.199842;1.76793;1.31312;
0.199862;1.76723;1.39353;
0.199882;1.76652;1.47377;
0.199902;1.76581;1.55386;
0.199922;1.76511;1.63379;
0.199942;1.7644;1.71356;
0.199962;1.7637;1.79316;
0.199982;1.763;1.87261;
0.2;1.7624;1.9424;
