time;V(Net-_R1-Pad1_);V(Net-_U2-+_);
0;-5;15.0044;
1e-08;-4.9;15.0045;
2e-08;-4.8;15.0046;
4e-08;-4.6;15.0048;
8e-08;-4.2;15.0051;
1.6e-07;-3.4;15.0058;
3.2e-07;-1.8;15.0071;
6.4e-07;1.4;15.0098;
1e-06;5;15.0128;
1.064e-06;5;15.0128;
1.192e-06;5;15.0128;
1.448e-06;5;15.0128;
1.96e-06;5;15.0128;
2.984e-06;5;15.0127;
5.032e-06;5;15.0127;
9.128e-06;5;15.0127;
1.4128e-05;5;15.0127;
1.9128e-05;5;15.0126;
2.4128e-05;5;15.0126;
2.9128e-05;5;15.0125;
3.4128e-05;5;15.0125;
3.9128e-05;5;15.0125;
4.4128e-05;5;15.0124;
4.9128e-05;5;15.0124;
5.4128e-05;5;15.0124;
5.9128e-05;5;15.0123;
6.4128e-05;5;15.0123;
6.9128e-05;5;15.0122;
7.4128e-05;5;15.0122;
7.9128e-05;5;15.0122;
8.4128e-05;5;15.0121;
8.9128e-05;5;15.0121;
9.4128e-05;5;15.0121;
9.9128e-05;5;15.012;
0.000104128;5;15.012;
0.000109128;5;15.012;
0.000114128;5;15.0119;
0.000119128;5;15.0119;
0.000124128;5;15.0118;
0.000129128;5;15.0118;
0.000134128;5;15.0118;
0.000139128;5;15.0117;
0.000144128;5;15.0117;
0.000149128;5;15.0117;
0.000154128;5;15.0116;
0.000159128;5;15.0116;
0.000164128;5;15.0116;
0.000169128;5;15.0115;
0.000174128;5;15.0115;
0.000179128;5;15.0115;
0.000184128;5;15.0114;
0.000189128;5;15.0114;
0.000194128;5;15.0113;
0.000199128;5;15.0113;
0.000204128;5;15.0113;
0.000209128;5;15.0112;
0.000214128;5;15.0112;
0.000219128;5;15.0112;
0.000224128;5;15.0111;
0.000229128;5;15.0111;
0.000234128;5;15.0111;
0.000239128;5;15.011;
0.000244128;5;15.011;
0.000249128;5;15.011;
0.000254128;5;15.0109;
0.000259128;5;15.0109;
0.000264128;5;15.0108;
0.000269128;5;15.0108;
0.000274128;5;15.0108;
0.000279128;5;15.0107;
0.000284128;5;15.0107;
0.000289128;5;15.0107;
0.000294128;5;15.0106;
0.000299128;5;15.0106;
0.000304128;5;15.0105;
0.000309128;5;15.0105;
0.000314128;5;15.0105;
0.000319128;5;15.0104;
0.000324128;5;15.0104;
0.000329128;5;15.0103;
0.000334128;5;15.0103;
0.000339128;5;15.0103;
0.000344128;5;15.0102;
0.000349128;5;15.0102;
0.000354128;5;15.0101;
0.000359128;5;15.0101;
0.000364128;5;15.01;
0.000369128;5;15.01;
0.000374128;5;15.0099;
0.000379128;5;15.0098;
0.000384128;5;15.0098;
0.000389128;5;15.0097;
0.000394128;5;15.0096;
0.000399128;5;15.0095;
0.000404128;5;15.0093;
0.000409128;5;15.009;
0.000414128;5;14.9949;
0.000419128;5;14.9667;
0.000424128;5;14.9382;
0.000429128;5;14.9099;
0.000434128;5;14.8816;
0.000439128;5;14.8533;
0.000444128;5;14.825;
0.000449128;5;14.7967;
0.000454128;5;14.7685;
0.000459128;5;14.7402;
0.000464128;5;14.712;
0.000469128;5;14.6838;
0.000474128;5;14.6556;
0.000479128;5;14.6274;
0.000484128;5;14.5992;
0.000489128;5;14.571;
0.000494128;5;14.5429;
0.000499128;5;14.5147;
0.000504128;5;14.4866;
0.000509128;5;14.4585;
0.000514128;5;14.4304;
0.000519128;5;14.4023;
0.000524128;5;14.3743;
0.000529128;5;14.3462;
0.000534128;5;14.3182;
0.000539128;5;14.2901;
0.000544128;5;14.2621;
0.000549128;5;14.2341;
0.000554128;5;14.2061;
0.000559128;5;14.1782;
0.000564128;5;14.1502;
0.000569128;5;14.1223;
0.000574128;5;14.0944;
0.000579128;5;14.0664;
0.000584128;5;14.0385;
0.000589128;5;14.0107;
0.000594128;5;13.9828;
0.000599128;5;13.9549;
0.000604128;5;13.9271;
0.000609128;5;13.8993;
0.000614128;5;13.8714;
0.000619128;5;13.8436;
0.000624128;5;13.8159;
0.000629128;5;13.7881;
0.000634128;5;13.7603;
0.000639128;5;13.7326;
0.000644128;5;13.7048;
0.000649128;5;13.6771;
0.000654128;5;13.6494;
0.000659128;5;13.6217;
0.000664128;5;13.5941;
0.000669128;5;13.5664;
0.000674128;5;13.5387;
0.000679128;5;13.5111;
0.000684128;5;13.4835;
0.000689128;5;13.4559;
0.000694128;5;13.4283;
0.000699128;5;13.4007;
0.000704128;5;13.3731;
0.000709128;5;13.3456;
0.000714128;5;13.318;
0.000719128;5;13.2905;
0.000724128;5;13.263;
0.000729128;5;13.2355;
0.000734128;5;13.208;
0.000739128;5;13.1806;
0.000744128;5;13.1531;
0.000749128;5;13.1257;
0.000754128;5;13.0982;
0.000759128;5;13.0708;
0.000764128;5;13.0434;
0.000769128;5;13.016;
0.000774128;5;12.9887;
0.000779128;5;12.9613;
0.000784128;5;12.934;
0.000789128;5;12.9066;
0.000794128;5;12.8793;
0.000799128;5;12.852;
0.000804128;5;12.8247;
0.000809128;5;12.7974;
0.000814128;5;12.7702;
0.000819128;5;12.7429;
0.000824128;5;12.7157;
0.000829128;5;12.6884;
0.000834128;5;12.6612;
0.000839128;5;12.634;
0.000844128;5;12.6069;
0.000849128;5;12.5797;
0.000854128;5;12.5525;
0.000859128;5;12.5254;
0.000864128;5;12.4983;
0.000869128;5;12.4711;
0.000874128;5;12.444;
0.000879128;5;12.417;
0.000884128;5;12.3899;
0.000889128;5;12.3628;
0.000894128;5;12.3358;
0.000899128;5;12.3087;
0.000904128;5;12.2817;
0.000909128;5;12.2547;
0.000914128;5;12.2277;
0.000919128;5;12.2007;
0.000924128;5;12.1738;
0.000929128;5;12.1468;
0.000934128;5;12.1199;
0.000939128;5;12.093;
0.000944128;5;12.066;
0.000949128;5;12.0391;
0.000954128;5;12.0123;
0.000959128;5;11.9854;
0.000964128;5;11.9585;
0.000969128;5;11.9317;
0.000974128;5;11.9049;
0.000979128;5;11.878;
0.000984128;5;11.8512;
0.000989128;5;11.8244;
0.000994128;5;11.7977;
0.000999128;5;11.7709;
0.001001;5;11.7609;
0.0010011;4;11.7597;
0.0010013;2;11.7577;
0.0010017;-2;11.7552;
0.001002;-5;11.7546;
0.00100208;-5;11.7551;
0.00100224;-5;11.7561;
0.00100256;-5;11.7577;
0.0010032;-5;11.7599;
0.00100448;-5;11.7638;
0.00100704;-5;11.7714;
0.00101204;-5;11.7863;
0.00101704;-5;11.8012;
0.00102204;-5;11.8161;
0.00102704;-5;11.8309;
0.00103204;-5;11.8458;
0.00103704;-5;11.8607;
0.00104204;-5;11.8755;
0.00104704;-5;11.8903;
0.00105204;-5;11.9052;
0.00105704;-5;11.92;
0.00106204;-5;11.9348;
0.00106704;-5;11.9496;
0.00107204;-5;11.9644;
0.00107704;-5;11.9792;
0.00108204;-5;11.994;
0.00108704;-5;12.0088;
0.00109204;-5;12.0235;
0.00109704;-5;12.0383;
0.00110204;-5;12.0531;
0.00110704;-5;12.0678;
0.00111204;-5;12.0825;
0.00111704;-5;12.0973;
0.00112204;-5;12.112;
0.00112704;-5;12.1267;
0.00113204;-5;12.1414;
0.00113704;-5;12.1561;
0.00114204;-5;12.1708;
0.00114704;-5;12.1855;
0.00115204;-5;12.2002;
0.00115704;-5;12.2149;
0.00116204;-5;12.2295;
0.00116704;-5;12.2442;
0.00117204;-5;12.2589;
0.00117704;-5;12.2735;
0.00118204;-5;12.2881;
0.00118704;-5;12.3028;
0.00119204;-5;12.3174;
0.00119704;-5;12.332;
0.00120204;-5;12.3466;
0.00120704;-5;12.3612;
0.00121204;-5;12.3758;
0.00121704;-5;12.3904;
0.00122204;-5;12.405;
0.00122704;-5;12.4196;
0.00123204;-5;12.4341;
0.00123704;-5;12.4487;
0.00124204;-5;12.4632;
0.00124704;-5;12.4778;
0.00125204;-5;12.4923;
0.00125704;-5;12.5068;
0.00126204;-5;12.5214;
0.00126704;-5;12.5359;
0.00127204;-5;12.5504;
0.00127704;-5;12.5649;
0.00128204;-5;12.5794;
0.00128704;-5;12.5938;
0.00129204;-5;12.6083;
0.00129704;-5;12.6228;
0.00130204;-5;12.6373;
0.00130704;-5;12.6517;
0.00131204;-5;12.6662;
0.00131704;-5;12.6806;
0.00132204;-5;12.695;
0.00132704;-5;12.7095;
0.00133204;-5;12.7239;
0.00133704;-5;12.7383;
0.00134204;-5;12.7527;
0.00134704;-5;12.7671;
0.00135204;-5;12.7815;
0.00135704;-5;12.7959;
0.00136204;-5;12.8103;
0.00136704;-5;12.8246;
0.00137204;-5;12.839;
0.00137704;-5;12.8533;
0.00138204;-5;12.8677;
0.00138704;-5;12.882;
0.00139204;-5;12.8964;
0.00139704;-5;12.9107;
0.00140204;-5;12.925;
0.00140704;-5;12.9393;
0.00141204;-5;12.9536;
0.00141704;-5;12.9679;
0.00142204;-5;12.9822;
0.00142704;-5;12.9965;
0.00143204;-5;13.0108;
0.00143704;-5;13.025;
0.00144204;-5;13.0393;
0.00144704;-5;13.0536;
0.00145204;-5;13.0678;
0.00145704;-5;13.082;
0.00146204;-5;13.0963;
0.00146704;-5;13.1105;
0.00147204;-5;13.1247;
0.00147704;-5;13.1389;
0.00148204;-5;13.1531;
0.00148704;-5;13.1673;
0.00149204;-5;13.1815;
0.00149704;-5;13.1957;
0.00150204;-5;13.2099;
0.00150704;-5;13.2241;
0.00151204;-5;13.2382;
0.00151704;-5;13.2524;
0.00152204;-5;13.2665;
0.00152704;-5;13.2807;
0.00153204;-5;13.2948;
0.00153704;-5;13.3089;
0.00154204;-5;13.3231;
0.00154704;-5;13.3372;
0.00155204;-5;13.3513;
0.00155704;-5;13.3654;
0.00156204;-5;13.3795;
0.00156704;-5;13.3936;
0.00157204;-5;13.4076;
0.00157704;-5;13.4217;
0.00158204;-5;13.4358;
0.00158704;-5;13.4498;
0.00159204;-5;13.4639;
0.00159704;-5;13.4779;
0.00160204;-5;13.4919;
0.00160704;-5;13.506;
0.00161204;-5;13.52;
0.00161704;-5;13.534;
0.00162204;-5;13.548;
0.00162704;-5;13.562;
0.00163204;-5;13.576;
0.00163704;-5;13.59;
0.00164204;-5;13.604;
0.00164704;-5;13.618;
0.00165204;-5;13.6319;
0.00165704;-5;13.6459;
0.00166204;-5;13.6598;
0.00166704;-5;13.6738;
0.00167204;-5;13.6877;
0.00167704;-5;13.7016;
0.00168204;-5;13.7156;
0.00168704;-5;13.7295;
0.00169204;-5;13.7434;
0.00169704;-5;13.7573;
0.00170204;-5;13.7712;
0.00170704;-5;13.7851;
0.00171204;-5;13.799;
0.00171704;-5;13.8128;
0.00172204;-5;13.8267;
0.00172704;-5;13.8406;
0.00173204;-5;13.8544;
0.00173704;-5;13.8683;
0.00174204;-5;13.8821;
0.00174704;-5;13.8959;
0.00175204;-5;13.9098;
0.00175704;-5;13.9236;
0.00176204;-5;13.9374;
0.00176704;-5;13.9512;
0.00177204;-5;13.965;
0.00177704;-5;13.9788;
0.00178204;-5;13.9926;
0.00178704;-5;14.0064;
0.00179204;-5;14.0201;
0.00179704;-5;14.0339;
0.00180204;-5;14.0477;
0.00180704;-5;14.0614;
0.00181204;-5;14.0752;
0.00181704;-5;14.0889;
0.00182204;-5;14.1026;
0.00182704;-5;14.1163;
0.00183204;-5;14.1301;
0.00183704;-5;14.1438;
0.00184204;-5;14.1575;
0.00184704;-5;14.1712;
0.00185204;-5;14.1849;
0.00185704;-5;14.1985;
0.00186204;-5;14.2122;
0.00186704;-5;14.2259;
0.00187204;-5;14.2395;
0.00187704;-5;14.2532;
0.00188204;-5;14.2668;
0.00188638;-5;14.2787;
0.00189077;-5;14.2907;
0.00189357;-5;14.2983;
0.00189693;-5;14.3075;
0.00190193;-5;14.3211;
0.00190693;-5;14.3347;
0.00191193;-5;14.3483;
0.00191693;-5;14.3619;
0.00192193;-5;14.3755;
0.00192693;-5;14.3891;
0.00193193;-5;14.4027;
0.00193693;-5;14.4162;
0.00194193;-5;14.4298;
0.00194693;-5;14.4434;
0.00195193;-5;14.4569;
0.00195693;-5;14.4705;
0.00196193;-5;14.484;
0.00196693;-5;14.4975;
0.00197193;-5;14.5111;
0.00197693;-5;14.5246;
0.00198193;-5;14.5381;
0.00198693;-5;14.5516;
0.00199193;-5;14.5651;
0.00199693;-5;14.5786;
0.002;-5;14.5869;
0.0020001;-4;14.5878;
0.0020003;-2;14.5893;
0.0020007;2;14.5907;
0.002001;5;14.5905;
0.00200108;5;14.5898;
0.00200124;5;14.5883;
0.00200156;5;14.586;
0.0020022;5;14.582;
0.00200348;5;14.5747;
0.00200604;5;14.5603;
0.00201104;5;14.5321;
0.00201604;5;14.504;
0.00202104;5;14.4759;
0.00202604;5;14.4478;
0.00203104;5;14.4197;
0.00203604;5;14.3916;
0.00204104;5;14.3636;
0.00204604;5;14.3355;
0.00205104;5;14.3075;
0.00205604;5;14.2795;
0.00206104;5;14.2515;
0.00206604;5;14.2235;
0.00207104;5;14.1955;
0.00207604;5;14.1675;
0.00208104;5;14.1396;
0.00208604;5;14.1116;
0.00209104;5;14.0837;
0.00209604;5;14.0558;
0.00210104;5;14.0279;
0.00210604;5;14;
0.00211104;5;13.9722;
0.00211604;5;13.9443;
0.00212104;5;13.9165;
0.00212604;5;13.8887;
0.00213104;5;13.8608;
0.00213604;5;13.8331;
0.00214104;5;13.8053;
0.00214604;5;13.7775;
0.00215104;5;13.7497;
0.00215604;5;13.722;
0.00216104;5;13.6943;
0.00216604;5;13.6666;
0.00217104;5;13.6389;
0.00217604;5;13.6112;
0.00218104;5;13.5835;
0.00218604;5;13.5559;
0.00219104;5;13.5282;
0.00219604;5;13.5006;
0.00220104;5;13.473;
0.00220604;5;13.4454;
0.00221104;5;13.4178;
0.00221604;5;13.3902;
0.00222104;5;13.3626;
0.00222604;5;13.3351;
0.00223104;5;13.3076;
0.00223604;5;13.28;
0.00224104;5;13.2525;
0.00224604;5;13.225;
0.00225104;5;13.1976;
0.00225604;5;13.1701;
0.00226104;5;13.1426;
0.00226604;5;13.1152;
0.00227104;5;13.0878;
0.00227604;5;13.0604;
0.00228104;5;13.033;
0.00228604;5;13.0056;
0.00229104;5;12.9782;
0.00229604;5;12.9509;
0.00230104;5;12.9235;
0.00230604;5;12.8962;
0.00231104;5;12.8689;
0.00231604;5;12.8416;
0.00232104;5;12.8143;
0.00232604;5;12.787;
0.00233104;5;12.7598;
0.00233604;5;12.7325;
0.00234104;5;12.7053;
0.00234604;5;12.6781;
0.00235104;5;12.6509;
0.00235604;5;12.6237;
0.00236104;5;12.5965;
0.00236604;5;12.5693;
0.00237104;5;12.5422;
0.00237604;5;12.5151;
0.00238104;5;12.4879;
0.00238604;5;12.4608;
0.00239104;5;12.4337;
0.00239604;5;12.4066;
0.00240104;5;12.3796;
0.00240604;5;12.3525;
0.00241104;5;12.3255;
0.00241604;5;12.2984;
0.00242104;5;12.2714;
0.00242604;5;12.2444;
0.00243104;5;12.2174;
0.00243604;5;12.1905;
0.00244104;5;12.1635;
0.00244604;5;12.1366;
0.00245104;5;12.1096;
0.00245604;5;12.0827;
0.00246104;5;12.0558;
0.00246604;5;12.0289;
0.00247104;5;12.002;
0.00247604;5;11.9752;
0.00248104;5;11.9483;
0.00248604;5;11.9215;
0.00249104;5;11.8946;
0.00249604;5;11.8678;
0.00250104;5;11.841;
0.00250604;5;11.8142;
0.00251104;5;11.7875;
0.00251604;5;11.7607;
0.00252104;5;11.734;
0.00252604;5;11.7072;
0.00253104;5;11.6805;
0.00253604;5;11.6538;
0.00254104;5;11.6271;
0.00254604;5;11.6004;
0.00255104;5;11.5738;
0.00255604;5;11.5471;
0.00256104;5;11.5205;
0.00256604;5;11.4938;
0.00257104;5;11.4672;
0.00257604;5;11.4406;
0.00258104;5;11.414;
0.00258604;5;11.3875;
0.00259104;5;11.3609;
0.00259604;5;11.3344;
0.00260104;5;11.3078;
0.00260604;5;11.2813;
0.00261104;5;11.2548;
0.00261604;5;11.2283;
0.00262104;5;11.2018;
0.00262604;5;11.1754;
0.00263104;5;11.1489;
0.00263604;5;11.1225;
0.00264104;5;11.096;
0.00264604;5;11.0696;
0.00265104;5;11.0432;
0.00265604;5;11.0168;
0.00266104;5;10.9905;
0.00266604;5;10.9641;
0.00267104;5;10.9378;
0.00267604;5;10.9114;
0.00268104;5;10.8851;
0.00268604;5;10.8588;
0.00269104;5;10.8325;
0.00269604;5;10.8062;
0.00270104;5;10.7799;
0.00270604;5;10.7537;
0.00271104;5;10.7275;
0.00271604;5;10.7012;
0.00272104;5;10.675;
0.00272604;5;10.6488;
0.00273104;5;10.6226;
0.00273604;5;10.5964;
0.00274104;5;10.5703;
0.00274604;5;10.5441;
0.00275104;5;10.518;
0.00275604;5;10.4919;
0.00276104;5;10.4657;
0.00276604;5;10.4396;
0.00277104;5;10.4136;
0.00277604;5;10.3875;
0.00278104;5;10.3614;
0.00278604;5;10.3354;
0.00279104;5;10.3093;
0.00279604;5;10.2833;
0.00280104;5;10.2573;
0.00280604;5;10.2313;
0.00281104;5;10.2053;
0.00281604;5;10.1794;
0.00282104;5;10.1534;
0.00282604;5;10.1275;
0.00283104;5;10.1015;
0.00283604;5;10.0756;
0.00284104;5;10.0497;
0.00284604;5;10.0238;
0.00285104;5;9.99796;
0.00285604;5;9.97209;
0.00286104;5;9.94624;
0.00286604;5;9.9204;
0.00287104;5;9.89457;
0.00287604;5;9.86876;
0.00288104;5;9.84296;
0.00288604;5;9.81717;
0.00289104;5;9.7914;
0.00289604;5;9.76564;
0.00290104;5;9.73989;
0.00290604;5;9.71415;
0.00291104;5;9.68843;
0.00291604;5;9.66272;
0.00292104;5;9.63702;
0.00292604;5;9.61134;
0.00293104;5;9.58566;
0.00293604;5;9.56;
0.00294104;5;9.53436;
0.00294604;5;9.50873;
0.00295104;5;9.48311;
0.00295604;5;9.4575;
0.00296104;5;9.4319;
0.00296604;5;9.40632;
0.00297104;5;9.38075;
0.00297604;5;9.3552;
0.00298104;5;9.32965;
0.00298604;5;9.30412;
0.00299104;5;9.2786;
0.00299604;5;9.2531;
0.003001;5;9.22781;
0.0030011;4;9.22665;
0.0030013;2;9.22466;
0.0030017;-2;9.22232;
0.003002;-5;9.22175;
0.00300208;-5;9.22232;
0.00300224;-5;9.22335;
0.00300256;-5;9.22497;
0.0030032;-5;9.22743;
0.00300448;-5;9.23163;
0.00300704;-5;9.23989;
0.00301204;-5;9.25605;
0.00301704;-5;9.27219;
0.00302204;-5;9.28833;
0.00302704;-5;9.30446;
0.00303204;-5;9.32058;
0.00303704;-5;9.3367;
0.00304204;-5;9.3528;
0.00304704;-5;9.3689;
0.00305204;-5;9.38499;
0.00305704;-5;9.40107;
0.00306204;-5;9.41715;
0.00306704;-5;9.43321;
0.00307204;-5;9.44927;
0.00307704;-5;9.46532;
0.00308204;-5;9.48136;
0.00308704;-5;9.49739;
0.00309204;-5;9.51342;
0.00309704;-5;9.52944;
0.00310204;-5;9.54545;
0.00310704;-5;9.56145;
0.00311204;-5;9.57744;
0.00311704;-5;9.59343;
0.00312204;-5;9.60941;
0.00312704;-5;9.62538;
0.00313204;-5;9.64134;
0.00313704;-5;9.65729;
0.00314204;-5;9.67324;
0.00314704;-5;9.68917;
0.00315204;-5;9.7051;
0.00315704;-5;9.72103;
0.00316204;-5;9.73694;
0.00316704;-5;9.75285;
0.00317204;-5;9.76874;
0.00317704;-5;9.78463;
0.00318204;-5;9.80052;
0.00318704;-5;9.81639;
0.00319204;-5;9.83226;
0.00319704;-5;9.84811;
0.00320204;-5;9.86396;
0.00320704;-5;9.87981;
0.00321204;-5;9.89564;
0.00321704;-5;9.91147;
0.00322204;-5;9.92729;
0.00322704;-5;9.9431;
0.00323204;-5;9.9589;
0.00323704;-5;9.97469;
0.00324204;-5;9.99048;
0.00324704;-5;10.0063;
0.00325204;-5;10.022;
0.00325704;-5;10.0378;
0.00326204;-5;10.0536;
0.00326704;-5;10.0693;
0.00327204;-5;10.085;
0.00327704;-5;10.1008;
0.00328204;-5;10.1165;
0.00328704;-5;10.1322;
0.00329204;-5;10.1479;
0.00329704;-5;10.1636;
0.00330204;-5;10.1793;
0.00330704;-5;10.195;
0.00331204;-5;10.2107;
0.00331704;-5;10.2263;
0.00332204;-5;10.242;
0.00332704;-5;10.2577;
0.00333204;-5;10.2733;
0.00333704;-5;10.2889;
0.00334204;-5;10.3046;
0.00334704;-5;10.3202;
0.00335204;-5;10.3358;
0.00335704;-5;10.3514;
0.00336204;-5;10.367;
0.00336704;-5;10.3826;
0.00337204;-5;10.3982;
0.00337704;-5;10.4138;
0.00338204;-5;10.4293;
0.00338704;-5;10.4449;
0.00339204;-5;10.4604;
0.00339704;-5;10.476;
0.00340204;-5;10.4915;
0.00340704;-5;10.507;
0.00341204;-5;10.5226;
0.00341704;-5;10.5381;
0.00342204;-5;10.5536;
0.00342704;-5;10.5691;
0.00343204;-5;10.5846;
0.00343704;-5;10.6001;
0.00344204;-5;10.6155;
0.00344704;-5;10.631;
0.00345204;-5;10.6465;
0.00345704;-5;10.6619;
0.00346204;-5;10.6774;
0.00346704;-5;10.6928;
0.00347204;-5;10.7082;
0.00347704;-5;10.7236;
0.00348204;-5;10.739;
0.00348704;-5;10.7545;
0.00349204;-5;10.7699;
0.00349704;-5;10.7852;
0.00350204;-5;10.8006;
0.00350704;-5;10.816;
0.00351204;-5;10.8314;
0.00351704;-5;10.8467;
0.00352204;-5;10.8621;
0.00352704;-5;10.8774;
0.00353204;-5;10.8928;
0.00353704;-5;10.9081;
0.00354204;-5;10.9234;
0.00354704;-5;10.9387;
0.00355204;-5;10.954;
0.00355704;-5;10.9693;
0.00356204;-5;10.9846;
0.00356704;-5;10.9999;
0.00357204;-5;11.0152;
0.00357704;-5;11.0304;
0.00358204;-5;11.0457;
0.00358704;-5;11.0609;
0.00359204;-5;11.0762;
0.00359704;-5;11.0914;
0.00360204;-5;11.1066;
0.00360704;-5;11.1219;
0.00361204;-5;11.1371;
0.00361704;-5;11.1523;
0.00362204;-5;11.1675;
0.00362704;-5;11.1827;
0.00363204;-5;11.1979;
0.00363704;-5;11.213;
0.00364204;-5;11.2282;
0.00364704;-5;11.2434;
0.00365204;-5;11.2585;
0.00365704;-5;11.2737;
0.00366204;-5;11.2888;
0.00366704;-5;11.3039;
0.00367204;-5;11.3191;
0.00367704;-5;11.3342;
0.00368204;-5;11.3493;
0.00368704;-5;11.3644;
0.00369204;-5;11.3795;
0.00369704;-5;11.3946;
0.00370204;-5;11.4096;
0.00370704;-5;11.4247;
0.00371204;-5;11.4398;
0.00371704;-5;11.4548;
0.00372204;-5;11.4699;
0.00372704;-5;11.4849;
0.00373204;-5;11.4999;
0.00373704;-5;11.515;
0.00374204;-5;11.53;
0.00374704;-5;11.545;
0.00375204;-5;11.56;
0.00375704;-5;11.575;
0.00376204;-5;11.59;
0.00376704;-5;11.6049;
0.00377204;-5;11.6199;
0.00377704;-5;11.6349;
0.00378204;-5;11.6498;
0.00378704;-5;11.6648;
0.00379204;-5;11.6797;
0.00379704;-5;11.6947;
0.00380204;-5;11.7096;
0.00380704;-5;11.7245;
0.00381204;-5;11.7394;
0.00381704;-5;11.7543;
0.00382204;-5;11.7692;
0.00382704;-5;11.7841;
0.00383204;-5;11.799;
0.00383704;-5;11.8139;
0.00384204;-5;11.8287;
0.00384704;-5;11.8436;
0.00385204;-5;11.8585;
0.00385704;-5;11.8733;
0.00386204;-5;11.8881;
0.00386704;-5;11.903;
0.00387204;-5;11.9178;
0.00387704;-5;11.9326;
0.00388204;-5;11.9474;
0.00388704;-5;11.9622;
0.00389204;-5;11.977;
0.00389704;-5;11.9918;
0.00390204;-5;12.0066;
0.00390704;-5;12.0213;
0.00391204;-5;12.0361;
0.00391704;-5;12.0509;
0.00392204;-5;12.0656;
0.00392704;-5;12.0804;
0.00393204;-5;12.0951;
0.00393704;-5;12.1098;
0.00394204;-5;12.1245;
0.00394704;-5;12.1393;
0.00395204;-5;12.154;
0.00395704;-5;12.1687;
0.00396204;-5;12.1833;
0.00396704;-5;12.198;
0.00397204;-5;12.2127;
0.00397704;-5;12.2274;
0.00398204;-5;12.242;
0.00398704;-5;12.2567;
0.00399204;-5;12.2713;
0.00399704;-5;12.286;
0.004;-5;12.2946;
0.0040001;-4;12.2956;
0.0040003;-2;12.2971;
0.0040007;2;12.2986;
0.004001;5;12.2985;
0.00400108;5;12.2978;
0.00400124;5;12.2964;
0.00400156;5;12.2941;
0.0040022;5;12.2902;
0.00400348;5;12.2833;
0.00400604;5;12.2694;
0.00401104;5;12.2424;
0.00401604;5;12.2155;
0.00402104;5;12.1885;
0.00402604;5;12.1615;
0.00403104;5;12.1346;
0.00403604;5;12.1076;
0.00404104;5;12.0807;
0.00404604;5;12.0538;
0.00405104;5;12.0269;
0.00405604;5;12;
0.00406104;5;11.9732;
0.00406604;5;11.9463;
0.00407104;5;11.9195;
0.00407604;5;11.8927;
0.00408104;5;11.8658;
0.00408604;5;11.839;
0.00409104;5;11.8123;
0.00409604;5;11.7855;
0.00410104;5;11.7587;
0.00410604;5;11.732;
0.00411104;5;11.7053;
0.00411604;5;11.6785;
0.00412104;5;11.6518;
0.00412604;5;11.6251;
0.00413104;5;11.5985;
0.00413604;5;11.5718;
0.00414104;5;11.5451;
0.00414604;5;11.5185;
0.00415104;5;11.4919;
0.00415604;5;11.4653;
0.00416104;5;11.4387;
0.00416604;5;11.4121;
0.00417104;5;11.3855;
0.00417604;5;11.359;
0.00418104;5;11.3324;
0.00418604;5;11.3059;
0.00419104;5;11.2794;
0.00419604;5;11.2529;
0.00420104;5;11.2264;
0.00420604;5;11.1999;
0.00421104;5;11.1734;
0.00421604;5;11.147;
0.00422104;5;11.1205;
0.00422604;5;11.0941;
0.00423104;5;11.0677;
0.00423604;5;11.0413;
0.00424104;5;11.0149;
0.00424604;5;10.9885;
0.00425104;5;10.9622;
0.00425604;5;10.9358;
0.00426104;5;10.9095;
0.00426604;5;10.8832;
0.00427104;5;10.8569;
0.00427604;5;10.8306;
0.00428104;5;10.8043;
0.00428604;5;10.778;
0.00429104;5;10.7518;
0.00429604;5;10.7255;
0.00430104;5;10.6993;
0.00430604;5;10.6731;
0.00431104;5;10.6469;
0.00431604;5;10.6207;
0.00432104;5;10.5945;
0.00432604;5;10.5683;
0.00433104;5;10.5422;
0.00433604;5;10.5161;
0.00434104;5;10.4899;
0.00434604;5;10.4638;
0.00435104;5;10.4377;
0.00435604;5;10.4116;
0.00436104;5;10.3856;
0.00436604;5;10.3595;
0.00437104;5;10.3335;
0.00437604;5;10.3074;
0.00438104;5;10.2814;
0.00438604;5;10.2554;
0.00439104;5;10.2294;
0.00439604;5;10.2034;
0.00440104;5;10.1775;
0.00440604;5;10.1515;
0.00441104;5;10.1256;
0.00441604;5;10.0996;
0.00442104;5;10.0737;
0.00442604;5;10.0478;
0.00443104;5;10.0219;
0.00443604;5;9.99605;
0.00444104;5;9.97019;
0.00444604;5;9.94433;
0.00445104;5;9.9185;
0.00445604;5;9.89267;
0.00446104;5;9.86686;
0.00446604;5;9.84106;
0.00447104;5;9.81527;
0.00447604;5;9.7895;
0.00448104;5;9.76374;
0.00448604;5;9.73799;
0.00449104;5;9.71226;
0.00449604;5;9.68653;
0.00450104;5;9.66082;
0.00450604;5;9.63513;
0.00451104;5;9.60944;
0.00451604;5;9.58377;
0.00452104;5;9.55811;
0.00452604;5;9.53247;
0.00453104;5;9.50684;
0.00453604;5;9.48122;
0.00454104;5;9.45561;
0.00454604;5;9.43002;
0.00455104;5;9.40444;
0.00455604;5;9.37887;
0.00456104;5;9.35331;
0.00456604;5;9.32777;
0.00457104;5;9.30224;
0.00457604;5;9.27672;
0.00458104;5;9.25122;
0.00458604;5;9.22573;
0.00459104;5;9.20025;
0.00459604;5;9.17478;
0.00460104;5;9.14933;
0.00460604;5;9.12389;
0.00461104;5;9.09846;
0.00461604;5;9.07304;
0.00462104;5;9.04764;
0.00462604;5;9.02225;
0.00463104;5;8.99687;
0.00463604;5;8.97151;
0.00464104;5;8.94616;
0.00464604;5;8.92082;
0.00465104;5;8.89549;
0.00465604;5;8.87018;
0.00466104;5;8.84488;
0.00466604;5;8.81959;
0.00467104;5;8.79431;
0.00467604;5;8.76905;
0.00468104;5;8.7438;
0.00468604;5;8.71856;
0.00469104;5;8.69334;
0.00469604;5;8.66812;
0.00470104;5;8.64292;
0.00470604;5;8.61774;
0.00471104;5;8.59256;
0.00471604;5;8.5674;
0.00472104;5;8.54225;
0.00472604;5;8.51711;
0.00473104;5;8.49199;
0.00473604;5;8.46687;
0.00474104;5;8.44177;
0.00474604;5;8.41669;
0.00475104;5;8.39161;
0.00475604;5;8.36655;
0.00476104;5;8.3415;
0.00476604;5;8.31647;
0.00477104;5;8.29144;
0.00477604;5;8.26643;
0.00478104;5;8.24143;
0.00478604;5;8.21644;
0.00479104;5;8.19147;
0.00479604;5;8.16651;
0.00480104;5;8.14156;
0.00480604;5;8.11662;
0.00481104;5;8.0917;
0.00481604;5;8.06678;
0.00482104;5;8.04188;
0.00482604;5;8.017;
0.00483104;5;7.99212;
0.00483604;5;7.96726;
0.00484104;5;7.94241;
0.00484604;5;7.91757;
0.00485104;5;7.89275;
0.00485604;5;7.86794;
0.00486104;5;7.84314;
0.00486604;5;7.81835;
0.00487104;5;7.79357;
0.00487604;5;7.76881;
0.00488104;5;7.74406;
0.00488604;5;7.71932;
0.00489104;5;7.69459;
0.00489604;5;7.66988;
0.00490104;5;7.64518;
0.00490604;5;7.62049;
0.00491104;5;7.59582;
0.00491604;5;7.57115;
0.00492104;5;7.5465;
0.00492604;5;7.52186;
0.00493104;5;7.49723;
0.00493604;5;7.47262;
0.00494104;5;7.44802;
0.00494604;5;7.42343;
0.00495104;5;7.39885;
0.00495604;5;7.37428;
0.00496104;5;7.34973;
0.00496604;5;7.32519;
0.00497104;5;7.30066;
0.00497604;5;7.27614;
0.00498104;5;7.25164;
0.00498604;5;7.22715;
0.00499104;5;7.20267;
0.00499604;5;7.1782;
0.005001;5;7.15394;
0.0050011;4;7.1528;
0.0050013;2;7.15085;
0.0050017;-2;7.1486;
0.005002;-5;7.14809;
0.00500208;-5;7.14867;
0.00500224;-5;7.14974;
0.00500256;-5;7.15143;
0.0050032;-5;7.15402;
0.00500448;-5;7.15848;
0.00500704;-5;7.16727;
0.00501204;-5;7.18447;
0.00501704;-5;7.20164;
0.00502204;-5;7.21882;
0.00502704;-5;7.23598;
0.00503204;-5;7.25314;
0.00503704;-5;7.27029;
0.00504204;-5;7.28743;
0.00504704;-5;7.30456;
0.00505204;-5;7.32168;
0.00505704;-5;7.33879;
0.00506204;-5;7.3559;
0.00506704;-5;7.37299;
0.00507204;-5;7.39008;
0.00507704;-5;7.40716;
0.00508204;-5;7.42423;
0.00508704;-5;7.44129;
0.00509204;-5;7.45835;
0.00509704;-5;7.47539;
0.00510204;-5;7.49243;
0.00510704;-5;7.50946;
0.00511204;-5;7.52648;
0.00511704;-5;7.54349;
0.00512204;-5;7.56049;
0.00512704;-5;7.57748;
0.00513204;-5;7.59447;
0.00513704;-5;7.61145;
0.00514204;-5;7.62841;
0.00514704;-5;7.64537;
0.00515204;-5;7.66233;
0.00515704;-5;7.67927;
0.00516204;-5;7.6962;
0.00516704;-5;7.71313;
0.00517204;-5;7.73005;
0.00517704;-5;7.74696;
0.00518204;-5;7.76386;
0.00518704;-5;7.78075;
0.00519204;-5;7.79763;
0.00519704;-5;7.81451;
0.00520204;-5;7.83137;
0.00520704;-5;7.84823;
0.00521204;-5;7.86508;
0.00521704;-5;7.88192;
0.00522204;-5;7.89876;
0.00522704;-5;7.91558;
0.00523204;-5;7.9324;
0.00523704;-5;7.94921;
0.00524204;-5;7.96601;
0.00524704;-5;7.9828;
0.00525204;-5;7.99958;
0.00525704;-5;8.01636;
0.00526204;-5;8.03312;
0.00526704;-5;8.04988;
0.00527204;-5;8.06663;
0.00527704;-5;8.08337;
0.00528204;-5;8.1001;
0.00528704;-5;8.11683;
0.00529204;-5;8.13354;
0.00529704;-5;8.15025;
0.00530204;-5;8.16695;
0.00530704;-5;8.18364;
0.00531204;-5;8.20032;
0.00531704;-5;8.217;
0.00532204;-5;8.23366;
0.00532704;-5;8.25032;
0.00533204;-5;8.26697;
0.00533704;-5;8.28361;
0.00534204;-5;8.30024;
0.00534704;-5;8.31686;
0.00535204;-5;8.33348;
0.00535704;-5;8.35009;
0.00536204;-5;8.36669;
0.00536704;-5;8.38328;
0.00537204;-5;8.39986;
0.00537704;-5;8.41643;
0.00538204;-5;8.433;
0.00538704;-5;8.44956;
0.00539204;-5;8.46611;
0.00539704;-5;8.48265;
0.00540204;-5;8.49918;
0.00540704;-5;8.51571;
0.00541204;-5;8.53222;
0.00541704;-5;8.54873;
0.00542204;-5;8.56523;
0.00542704;-5;8.58172;
0.00543204;-5;8.59821;
0.00543704;-5;8.61468;
0.00544204;-5;8.63115;
0.00544704;-5;8.64761;
0.00545204;-5;8.66406;
0.00545704;-5;8.6805;
0.00546204;-5;8.69693;
0.00546704;-5;8.71336;
0.00547204;-5;8.72978;
0.00547704;-5;8.74619;
0.00548204;-5;8.76259;
0.00548704;-5;8.77898;
0.00549204;-5;8.79537;
0.00549704;-5;8.81174;
0.00550204;-5;8.82811;
0.00550704;-5;8.84447;
0.00551204;-5;8.86082;
0.00551704;-5;8.87717;
0.00552204;-5;8.8935;
0.00552704;-5;8.90983;
0.00553204;-5;8.92615;
0.00553704;-5;8.94246;
0.00554204;-5;8.95876;
0.00554704;-5;8.97506;
0.00555204;-5;8.99134;
0.00555704;-5;9.00762;
0.00556204;-5;9.02389;
0.00556704;-5;9.04016;
0.00557204;-5;9.05641;
0.00557704;-5;9.07266;
0.00558204;-5;9.08889;
0.00558704;-5;9.10512;
0.00559204;-5;9.12135;
0.00559704;-5;9.13756;
0.00560204;-5;9.15377;
0.00560704;-5;9.16996;
0.00561204;-5;9.18615;
0.00561704;-5;9.20233;
0.00562204;-5;9.21851;
0.00562704;-5;9.23467;
0.00563204;-5;9.25083;
0.00563704;-5;9.26698;
0.00564204;-5;9.28312;
0.00564704;-5;9.29925;
0.00565204;-5;9.31538;
0.00565704;-5;9.33149;
0.00566204;-5;9.3476;
0.00566704;-5;9.3637;
0.00567204;-5;9.37979;
0.00567704;-5;9.39588;
0.00568204;-5;9.41195;
0.00568704;-5;9.42802;
0.00569204;-5;9.44408;
0.00569704;-5;9.46014;
0.00570204;-5;9.47618;
0.00570704;-5;9.49222;
0.00571204;-5;9.50824;
0.00571704;-5;9.52426;
0.00572204;-5;9.54028;
0.00572704;-5;9.55628;
0.00573204;-5;9.57228;
0.00573704;-5;9.58826;
0.00574204;-5;9.60425;
0.00574704;-5;9.62022;
0.00575204;-5;9.63618;
0.00575704;-5;9.65214;
0.00576204;-5;9.66809;
0.00576704;-5;9.68403;
0.00577204;-5;9.69996;
0.00577704;-5;9.71588;
0.00578204;-5;9.7318;
0.00578704;-5;9.74771;
0.00579204;-5;9.76361;
0.00579704;-5;9.7795;
0.00580204;-5;9.79539;
0.00580704;-5;9.81126;
0.00581204;-5;9.82713;
0.00581704;-5;9.84299;
0.00582204;-5;9.85884;
0.00582704;-5;9.87469;
0.00583204;-5;9.89053;
0.00583704;-5;9.90636;
0.00584204;-5;9.92218;
0.00584704;-5;9.93799;
0.00585204;-5;9.9538;
0.00585704;-5;9.96959;
0.00586204;-5;9.98538;
0.00586704;-5;10.0012;
0.00587204;-5;10.0169;
0.00587704;-5;10.0327;
0.00588204;-5;10.0485;
0.00588704;-5;10.0642;
0.00589204;-5;10.08;
0.00589704;-5;10.0957;
0.00590204;-5;10.1114;
0.00590704;-5;10.1271;
0.00591204;-5;10.1428;
0.00591704;-5;10.1585;
0.00592204;-5;10.1742;
0.00592704;-5;10.1899;
0.00593204;-5;10.2056;
0.00593704;-5;10.2213;
0.00594204;-5;10.2369;
0.00594704;-5;10.2526;
0.00595204;-5;10.2682;
0.00595704;-5;10.2839;
0.00596204;-5;10.2995;
0.00596704;-5;10.3151;
0.00597204;-5;10.3308;
0.00597704;-5;10.3464;
0.00598204;-5;10.362;
0.00598704;-5;10.3776;
0.00599204;-5;10.3932;
0.00599704;-5;10.4087;
0.006;-5;10.4179;
0.0060001;-4;10.4189;
0.0060003;-2;10.4205;
0.0060007;2;10.422;
0.006001;5;10.422;
0.00600108;5;10.4213;
0.00600124;5;10.4199;
0.00600156;5;10.4177;
0.0060022;5;10.414;
0.00600348;5;10.4072;
0.00600604;5;10.3939;
0.00601104;5;10.3678;
0.00601604;5;10.3418;
0.00602104;5;10.3157;
0.00602604;5;10.2897;
0.00603104;5;10.2637;
0.00603604;5;10.2377;
0.00604104;5;10.2117;
0.00604604;5;10.1858;
0.00605104;5;10.1598;
0.00605604;5;10.1338;
0.00606104;5;10.1079;
0.00606604;5;10.082;
0.00607104;5;10.0561;
0.00607604;5;10.0302;
0.00608104;5;10.0043;
0.00608604;5;9.97844;
0.00609104;5;9.95259;
0.00609604;5;9.92674;
0.00610104;5;9.90092;
0.00610604;5;9.8751;
0.00611104;5;9.8493;
0.00611604;5;9.8235;
0.00612104;5;9.79773;
0.00612604;5;9.77196;
0.00613104;5;9.74621;
0.00613604;5;9.72047;
0.00614104;5;9.69474;
0.00614604;5;9.66903;
0.00615104;5;9.64333;
0.00615604;5;9.61764;
0.00616104;5;9.59197;
0.00616604;5;9.56631;
0.00617104;5;9.54066;
0.00617604;5;9.51502;
0.00618104;5;9.4894;
0.00618604;5;9.46379;
0.00619104;5;9.43819;
0.00619604;5;9.4126;
0.00620104;5;9.38703;
0.00620604;5;9.36147;
0.00621104;5;9.33592;
0.00621604;5;9.31039;
0.00622104;5;9.28487;
0.00622604;5;9.25936;
0.00623104;5;9.23387;
0.00623604;5;9.20838;
0.00624104;5;9.18291;
0.00624604;5;9.15745;
0.00625104;5;9.13201;
0.00625604;5;9.10658;
0.00626104;5;9.08116;
0.00626604;5;9.05575;
0.00627104;5;9.03036;
0.00627604;5;9.00498;
0.00628104;5;8.97961;
0.00628604;5;8.95425;
0.00629104;5;8.92891;
0.00629604;5;8.90358;
0.00630104;5;8.87826;
0.00630604;5;8.85296;
0.00631104;5;8.82766;
0.00631604;5;8.80238;
0.00632104;5;8.77712;
0.00632604;5;8.75186;
0.00633104;5;8.72662;
0.00633604;5;8.70139;
0.00634104;5;8.67617;
0.00634604;5;8.65097;
0.00635104;5;8.62578;
0.00635604;5;8.6006;
0.00636104;5;8.57543;
0.00636604;5;8.55028;
0.00637104;5;8.52514;
0.00637604;5;8.50001;
0.00638104;5;8.47489;
0.00638604;5;8.44979;
0.00639104;5;8.4247;
0.00639604;5;8.39962;
0.00640104;5;8.37455;
0.00640604;5;8.3495;
0.00641104;5;8.32446;
0.00641604;5;8.29943;
0.00642104;5;8.27441;
0.00642604;5;8.24941;
0.00643104;5;8.22442;
0.00643604;5;8.19944;
0.00644104;5;8.17448;
0.00644604;5;8.14952;
0.00645104;5;8.12458;
0.00645604;5;8.09965;
0.00646104;5;8.07474;
0.00646604;5;8.04983;
0.00647104;5;8.02494;
0.00647604;5;8.00006;
0.00648104;5;7.9752;
0.00648604;5;7.95034;
0.00649104;5;7.9255;
0.00649604;5;7.90067;
0.00650104;5;7.87586;
0.00650604;5;7.85105;
0.00651104;5;7.82626;
0.00651604;5;7.80148;
0.00652104;5;7.77672;
0.00652604;5;7.75196;
0.00653104;5;7.72722;
0.00653604;5;7.70249;
0.00654104;5;7.67777;
0.00654604;5;7.65307;
0.00655104;5;7.62837;
0.00655604;5;7.60369;
0.00656104;5;7.57903;
0.00656604;5;7.55437;
0.00657104;5;7.52973;
0.00657604;5;7.50509;
0.00658104;5;7.48048;
0.00658604;5;7.45587;
0.00659104;5;7.43128;
0.00659604;5;7.40669;
0.00660104;5;7.38212;
0.00660604;5;7.35757;
0.00661104;5;7.33302;
0.00661604;5;7.30849;
0.00662104;5;7.28397;
0.00662604;5;7.25946;
0.00663104;5;7.23496;
0.00663604;5;7.21048;
0.00664104;5;7.18601;
0.00664604;5;7.16155;
0.00665104;5;7.1371;
0.00665604;5;7.11267;
0.00666104;5;7.08825;
0.00666604;5;7.06384;
0.00667104;5;7.03944;
0.00667604;5;7.01505;
0.00668104;5;6.99068;
0.00668604;5;6.96632;
0.00669104;5;6.94197;
0.00669604;5;6.91763;
0.00670104;5;6.8933;
0.00670604;5;6.86899;
0.00671104;5;6.84469;
0.00671604;5;6.8204;
0.00672104;5;6.79613;
0.00672604;5;6.77186;
0.00673104;5;6.74761;
0.00673604;5;6.72337;
0.00674104;5;6.69914;
0.00674604;5;6.67493;
0.00675104;5;6.65072;
0.00675604;5;6.62653;
0.00676104;5;6.60235;
0.00676604;5;6.57818;
0.00677104;5;6.55403;
0.00677604;5;6.52988;
0.00678104;5;6.50575;
0.00678604;5;6.48163;
0.00679104;5;6.45753;
0.00679604;5;6.43343;
0.00680104;5;6.40935;
0.00680604;5;6.38528;
0.00681104;5;6.36122;
0.00681604;5;6.33717;
0.00682104;5;6.31314;
0.00682604;5;6.28911;
0.00683104;5;6.2651;
0.00683604;5;6.2411;
0.00684104;5;6.21712;
0.00684604;5;6.19314;
0.00685104;5;6.16918;
0.00685604;5;6.14523;
0.00686104;5;6.12129;
0.00686604;5;6.09736;
0.00687104;5;6.07345;
0.00687604;5;6.04955;
0.00688104;5;6.02565;
0.00688604;5;6.00178;
0.00689104;5;5.97791;
0.00689604;5;5.95405;
0.00690104;5;5.93021;
0.00690604;5;5.90638;
0.00691104;5;5.88256;
0.00691604;5;5.85875;
0.00692104;5;5.83495;
0.00692604;5;5.81117;
0.00693104;5;5.7874;
0.00693604;5;5.76364;
0.00694104;5;5.73989;
0.00694604;5;5.71615;
0.00695104;5;5.69243;
0.00695604;5;5.66872;
0.00696104;5;5.64502;
0.00696604;5;5.62133;
0.00697104;5;5.59765;
0.00697604;5;5.57399;
0.00698104;5;5.55033;
0.00698604;5;5.52669;
0.00699104;5;5.50306;
0.00699604;5;5.47944;
0.007001;5;5.45603;
0.0070011;4;5.45491;
0.0070013;2;5.45299;
0.0070017;-2;5.4508;
0.007002;-5;5.45034;
0.00700208;-5;5.45094;
0.00700224;-5;5.45204;
0.00700256;-5;5.45378;
0.0070032;-5;5.45648;
0.00700448;-5;5.46116;
0.00700704;-5;5.47038;
0.00701204;-5;5.48843;
0.00701704;-5;5.50645;
0.00702204;-5;5.52448;
0.00702704;-5;5.54249;
0.00703204;-5;5.56049;
0.00703704;-5;5.57848;
0.00704204;-5;5.59647;
0.00704704;-5;5.61444;
0.00705204;-5;5.63241;
0.00705704;-5;5.65037;
0.00706204;-5;5.66832;
0.00706704;-5;5.68626;
0.00707204;-5;5.70419;
0.00707704;-5;5.72211;
0.00708204;-5;5.74002;
0.00708704;-5;5.75793;
0.00709204;-5;5.77582;
0.00709704;-5;5.79371;
0.00710204;-5;5.81159;
0.00710704;-5;5.82945;
0.00711204;-5;5.84731;
0.00711704;-5;5.86516;
0.00712204;-5;5.88301;
0.00712704;-5;5.90084;
0.00713204;-5;5.91866;
0.00713704;-5;5.93648;
0.00714204;-5;5.95428;
0.00714704;-5;5.97208;
0.00715204;-5;5.98987;
0.00715704;-5;6.00765;
0.00716204;-5;6.02542;
0.00716704;-5;6.04318;
0.00717204;-5;6.06093;
0.00717704;-5;6.07867;
0.00718204;-5;6.09641;
0.00718704;-5;6.11413;
0.00719204;-5;6.13185;
0.00719704;-5;6.14956;
0.00720204;-5;6.16726;
0.00720704;-5;6.18495;
0.00721204;-5;6.20263;
0.00721704;-5;6.2203;
0.00722204;-5;6.23797;
0.00722704;-5;6.25562;
0.00723204;-5;6.27327;
0.00723704;-5;6.29091;
0.00724204;-5;6.30854;
0.00724704;-5;6.32615;
0.00725204;-5;6.34377;
0.00725704;-5;6.36137;
0.00726204;-5;6.37896;
0.00726704;-5;6.39655;
0.00727204;-5;6.41412;
0.00727704;-5;6.43169;
0.00728204;-5;6.44925;
0.00728704;-5;6.4668;
0.00729204;-5;6.48434;
0.00729704;-5;6.50187;
0.00730204;-5;6.51939;
0.00730704;-5;6.53691;
0.00731204;-5;6.55441;
0.00731704;-5;6.57191;
0.00732204;-5;6.5894;
0.00732704;-5;6.60688;
0.00733204;-5;6.62435;
0.00733704;-5;6.64181;
0.00734204;-5;6.65926;
0.00734704;-5;6.67671;
0.00735204;-5;6.69414;
0.00735704;-5;6.71157;
0.00736204;-5;6.72899;
0.00736704;-5;6.7464;
0.00737204;-5;6.7638;
0.00737704;-5;6.78119;
0.00738204;-5;6.79857;
0.00738704;-5;6.81595;
0.00739204;-5;6.83331;
0.00739704;-5;6.85067;
0.00740204;-5;6.86802;
0.00740704;-5;6.88536;
0.00741204;-5;6.90269;
0.00741704;-5;6.92002;
0.00742204;-5;6.93733;
0.00742704;-5;6.95464;
0.00743204;-5;6.97193;
0.00743704;-5;6.98922;
0.00744204;-5;7.0065;
0.00744704;-5;7.02377;
0.00745204;-5;7.04103;
0.00745704;-5;7.05829;
0.00746204;-5;7.07553;
0.00746704;-5;7.09277;
0.00747204;-5;7.11;
0.00747704;-5;7.12721;
0.00748204;-5;7.14442;
0.00748704;-5;7.16163;
0.00749204;-5;7.17882;
0.00749704;-5;7.196;
0.00750204;-5;7.21318;
0.00750704;-5;7.23035;
0.00751204;-5;7.24751;
0.00751704;-5;7.26466;
0.00752204;-5;7.2818;
0.00752704;-5;7.29893;
0.00753204;-5;7.31606;
0.00753704;-5;7.33317;
0.00754204;-5;7.35028;
0.00754704;-5;7.36738;
0.00755204;-5;7.38447;
0.00755704;-5;7.40155;
0.00756204;-5;7.41863;
0.00756704;-5;7.43569;
0.00757204;-5;7.45275;
0.00757704;-5;7.46979;
0.00758204;-5;7.48683;
0.00758704;-5;7.50386;
0.00759204;-5;7.52089;
0.00759704;-5;7.5379;
0.00760204;-5;7.55491;
0.00760704;-5;7.5719;
0.00761204;-5;7.58889;
0.00761704;-5;7.60587;
0.00762204;-5;7.62284;
0.00762704;-5;7.6398;
0.00763204;-5;7.65676;
0.00763704;-5;7.6737;
0.00764204;-5;7.69064;
0.00764704;-5;7.70757;
0.00765204;-5;7.72449;
0.00765704;-5;7.7414;
0.00766204;-5;7.75831;
0.00766704;-5;7.7752;
0.00767204;-5;7.79209;
0.00767704;-5;7.80897;
0.00768204;-5;7.82584;
0.00768704;-5;7.8427;
0.00769204;-5;7.85955;
0.00769704;-5;7.87639;
0.00770204;-5;7.89323;
0.00770704;-5;7.91006;
0.00771204;-5;7.92688;
0.00771704;-5;7.94369;
0.00772204;-5;7.96049;
0.00772704;-5;7.97728;
0.00773204;-5;7.99407;
0.00773704;-5;8.01085;
0.00774204;-5;8.02762;
0.00774704;-5;8.04438;
0.00775204;-5;8.06113;
0.00775704;-5;8.07787;
0.00776204;-5;8.09461;
0.00776704;-5;8.11133;
0.00777204;-5;8.12805;
0.00777704;-5;8.14476;
0.00778204;-5;8.16146;
0.00778704;-5;8.17816;
0.00779204;-5;8.19484;
0.00779704;-5;8.21152;
0.00780204;-5;8.22819;
0.00780704;-5;8.24485;
0.00781204;-5;8.2615;
0.00781704;-5;8.27814;
0.00782204;-5;8.29478;
0.00782704;-5;8.31141;
0.00783204;-5;8.32802;
0.00783704;-5;8.34463;
0.00784204;-5;8.36124;
0.00784704;-5;8.37783;
0.00785204;-5;8.39442;
0.00785704;-5;8.41099;
0.00786204;-5;8.42756;
0.00786704;-5;8.44412;
0.00787204;-5;8.46067;
0.00787704;-5;8.47722;
0.00788204;-5;8.49375;
0.00788704;-5;8.51028;
0.00789204;-5;8.5268;
0.00789704;-5;8.54331;
0.00790204;-5;8.55981;
0.00790704;-5;8.57631;
0.00791204;-5;8.59279;
0.00791704;-5;8.60927;
0.00792204;-5;8.62574;
0.00792704;-5;8.6422;
0.00793204;-5;8.65866;
0.00793704;-5;8.6751;
0.00794204;-5;8.69154;
0.00794704;-5;8.70797;
0.00795204;-5;8.72439;
0.00795704;-5;8.7408;
0.00796204;-5;8.7572;
0.00796704;-5;8.7736;
0.00797204;-5;8.78999;
0.00797704;-5;8.80636;
0.00798204;-5;8.82274;
0.00798704;-5;8.8391;
0.00799204;-5;8.85545;
0.00799704;-5;8.8718;
0.008;-5;8.88147;
0.0080001;-4;8.88245;
0.0080003;-2;8.88407;
0.0080007;2;8.88568;
0.008001;5;8.8857;
0.00800108;5;8.88499;
0.00800124;5;8.88366;
0.00800156;5;8.88145;
0.0080022;5;8.87782;
0.00800348;5;8.87129;
0.00800604;5;8.85835;
0.00801104;5;8.83304;
0.00801604;5;8.80777;
0.00802104;5;8.78249;
0.00802604;5;8.75724;
0.00803104;5;8.73199;
0.00803604;5;8.70676;
0.00804104;5;8.68154;
0.00804604;5;8.65633;
0.00805104;5;8.63114;
0.00805604;5;8.60596;
0.00806104;5;8.58079;
0.00806604;5;8.55563;
0.00807104;5;8.53049;
0.00807604;5;8.50536;
0.00808104;5;8.48024;
0.00808604;5;8.45513;
0.00809104;5;8.43004;
0.00809604;5;8.40496;
0.00810104;5;8.37989;
0.00810604;5;8.35483;
0.00811104;5;8.32979;
0.00811604;5;8.30476;
0.00812104;5;8.27974;
0.00812604;5;8.25473;
0.00813104;5;8.22974;
0.00813604;5;8.20476;
0.00814104;5;8.17979;
0.00814604;5;8.15483;
0.00815104;5;8.12989;
0.00815604;5;8.10496;
0.00816104;5;8.08004;
0.00816604;5;8.05513;
0.00817104;5;8.03024;
0.00817604;5;8.00536;
0.00818104;5;7.98049;
0.00818604;5;7.95563;
0.00819104;5;7.93079;
0.00819604;5;7.90596;
0.00820104;5;7.88114;
0.00820604;5;7.85633;
0.00821104;5;7.83154;
0.00821604;5;7.80676;
0.00822104;5;7.78199;
0.00822604;5;7.75723;
0.00823104;5;7.73248;
0.00823604;5;7.70775;
0.00824104;5;7.68303;
0.00824604;5;7.65832;
0.00825104;5;7.63363;
0.00825604;5;7.60895;
0.00826104;5;7.58428;
0.00826604;5;7.55962;
0.00827104;5;7.53497;
0.00827604;5;7.51034;
0.00828104;5;7.48572;
0.00828604;5;7.46111;
0.00829104;5;7.43651;
0.00829604;5;7.41193;
0.00830104;5;7.38735;
0.00830604;5;7.36279;
0.00831104;5;7.33825;
0.00831604;5;7.31371;
0.00832104;5;7.28919;
0.00832604;5;7.26468;
0.00833104;5;7.24018;
0.00833604;5;7.21569;
0.00834104;5;7.19122;
0.00834604;5;7.16676;
0.00835104;5;7.14231;
0.00835604;5;7.11787;
0.00836104;5;7.09344;
0.00836604;5;7.06903;
0.00837104;5;7.04463;
0.00837604;5;7.02024;
0.00838104;5;6.99587;
0.00838604;5;6.9715;
0.00839104;5;6.94715;
0.00839604;5;6.92281;
0.00840104;5;6.89848;
0.00840604;5;6.87417;
0.00841104;5;6.84986;
0.00841604;5;6.82557;
0.00842104;5;6.80129;
0.00842604;5;6.77703;
0.00843104;5;6.75277;
0.00843604;5;6.72853;
0.00844104;5;6.7043;
0.00844604;5;6.68008;
0.00845104;5;6.65587;
0.00845604;5;6.63168;
0.00846104;5;6.6075;
0.00846604;5;6.58333;
0.00847104;5;6.55917;
0.00847604;5;6.53502;
0.00848104;5;6.51089;
0.00848604;5;6.48677;
0.00849104;5;6.46266;
0.00849604;5;6.43856;
0.00850104;5;6.41448;
0.00850604;5;6.3904;
0.00851104;5;6.36634;
0.00851604;5;6.34229;
0.00852104;5;6.31825;
0.00852604;5;6.29423;
0.00853104;5;6.27021;
0.00853604;5;6.24621;
0.00854104;5;6.22222;
0.00854604;5;6.19825;
0.00855104;5;6.17428;
0.00855604;5;6.15033;
0.00856104;5;6.12639;
0.00856604;5;6.10246;
0.00857104;5;6.07854;
0.00857604;5;6.05463;
0.00858104;5;6.03074;
0.00858604;5;6.00686;
0.00859104;5;5.98299;
0.00859604;5;5.95913;
0.00860104;5;5.93528;
0.00860604;5;5.91145;
0.00861104;5;5.88763;
0.00861604;5;5.86382;
0.00862104;5;5.84002;
0.00862604;5;5.81623;
0.00863104;5;5.79246;
0.00863604;5;5.7687;
0.00864104;5;5.74495;
0.00864604;5;5.72121;
0.00865104;5;5.69748;
0.00865604;5;5.67377;
0.00866104;5;5.65006;
0.00866604;5;5.62637;
0.00867104;5;5.60269;
0.00867604;5;5.57902;
0.00868104;5;5.55537;
0.00868604;5;5.53172;
0.00869104;5;5.50809;
0.00869604;5;5.48447;
0.00870104;5;5.46086;
0.00870604;5;5.43727;
0.00871104;5;5.41368;
0.00871604;5;5.39011;
0.00872104;5;5.36655;
0.00872604;5;5.343;
0.00873104;5;5.31946;
0.00873604;5;5.29593;
0.00874104;5;5.27242;
0.00874604;5;5.24892;
0.00875104;5;5.22542;
0.00875604;5;5.20195;
0.00876104;5;5.17848;
0.00876604;5;5.15502;
0.00877104;5;5.13158;
0.00877604;5;5.10815;
0.00878104;5;5.08473;
0.00878604;5;5.06132;
0.00879104;5;5.03792;
0.00879604;5;5.01453;
0.00880104;5;4.99116;
0.00880604;5;4.9678;
0.00881104;5;4.94445;
0.00881604;5;4.92111;
0.00882104;5;4.89778;
0.00882604;5;4.87447;
0.00883104;5;4.85116;
0.00883604;5;4.82787;
0.00884104;5;4.80459;
0.00884604;5;4.78132;
0.00885104;5;4.75807;
0.00885604;5;4.73482;
0.00886104;5;4.71159;
0.00886604;5;4.68836;
0.00887104;5;4.66515;
0.00887604;5;4.64195;
0.00888104;5;4.61877;
0.00888604;5;4.59559;
0.00889104;5;4.57243;
0.00889604;5;4.54927;
0.00890104;5;4.52613;
0.00890604;5;4.503;
0.00891104;5;4.47989;
0.00891604;5;4.45678;
0.00892104;5;4.43368;
0.00892604;5;4.4106;
0.00893104;5;4.38753;
0.00893604;5;4.36447;
0.00894104;5;4.34142;
0.00894604;5;4.31838;
0.00895104;5;4.29536;
0.00895604;5;4.27234;
0.00896104;5;4.24934;
0.00896604;5;4.22635;
0.00897104;5;4.20337;
0.00897604;5;4.1804;
0.00898104;5;4.15745;
0.00898604;5;4.1345;
0.00899104;5;4.11157;
0.00899604;5;4.08864;
0.009001;5;4.06592;
0.0090011;4;4.06481;
0.0090013;2;4.06292;
0.0090017;-2;4.06079;
0.009002;-5;4.06037;
0.00900208;-5;4.06098;
0.00900224;-5;4.0621;
0.00900256;-5;4.06389;
0.0090032;-5;4.06668;
0.00900448;-5;4.07153;
0.00900704;-5;4.08111;
0.00901204;-5;4.09985;
0.00901704;-5;4.11857;
0.00902204;-5;4.13729;
0.00902704;-5;4.15599;
0.00903204;-5;4.17469;
0.00903704;-5;4.19338;
0.00904204;-5;4.21205;
0.00904704;-5;4.23072;
0.00905204;-5;4.24938;
0.00905704;-5;4.26803;
0.00906204;-5;4.28667;
0.00906704;-5;4.3053;
0.00907204;-5;4.32392;
0.00907704;-5;4.34253;
0.00908204;-5;4.36114;
0.00908704;-5;4.37973;
0.00909204;-5;4.39831;
0.00909704;-5;4.41689;
0.00910204;-5;4.43545;
0.00910704;-5;4.45401;
0.00911204;-5;4.47256;
0.00911704;-5;4.49109;
0.00912204;-5;4.50962;
0.00912704;-5;4.52814;
0.00913204;-5;4.54665;
0.00913704;-5;4.56515;
0.00914204;-5;4.58364;
0.00914704;-5;4.60213;
0.00915204;-5;4.6206;
0.00915704;-5;4.63906;
0.00916204;-5;4.65752;
0.00916704;-5;4.67596;
0.00917204;-5;4.6944;
0.00917704;-5;4.71282;
0.00918204;-5;4.73124;
0.00918704;-5;4.74965;
0.00919204;-5;4.76805;
0.00919704;-5;4.78644;
0.00920204;-5;4.80482;
0.00920704;-5;4.82319;
0.00921204;-5;4.84155;
0.00921704;-5;4.85991;
0.00922204;-5;4.87825;
0.00922704;-5;4.89659;
0.00923204;-5;4.91491;
0.00923704;-5;4.93323;
0.00924204;-5;4.95154;
0.00924704;-5;4.96983;
0.00925204;-5;4.98812;
0.00925704;-5;5.0064;
0.00926204;-5;5.02467;
0.00926704;-5;5.04293;
0.00927204;-5;5.06119;
0.00927704;-5;5.07943;
0.00928204;-5;5.09766;
0.00928704;-5;5.11589;
0.00929204;-5;5.13411;
0.00929704;-5;5.15231;
0.00930204;-5;5.17051;
0.00930704;-5;5.1887;
0.00931204;-5;5.20688;
0.00931704;-5;5.22505;
0.00932204;-5;5.24321;
0.00932704;-5;5.26136;
0.00933204;-5;5.27951;
0.00933704;-5;5.29764;
0.00934204;-5;5.31577;
0.00934704;-5;5.33388;
0.00935204;-5;5.35199;
0.00935704;-5;5.37009;
0.00936204;-5;5.38818;
0.00936704;-5;5.40626;
0.00937204;-5;5.42433;
0.00937704;-5;5.44239;
0.00938204;-5;5.46044;
0.00938704;-5;5.47849;
0.00939204;-5;5.49652;
0.00939704;-5;5.51455;
0.00940204;-5;5.53256;
0.00940704;-5;5.55057;
0.00941204;-5;5.56857;
0.00941704;-5;5.58656;
0.00942204;-5;5.60454;
0.00942704;-5;5.62251;
0.00943204;-5;5.64047;
0.00943704;-5;5.65843;
0.00944204;-5;5.67637;
0.00944704;-5;5.69431;
0.00945204;-5;5.71223;
0.00945704;-5;5.73015;
0.00946204;-5;5.74806;
0.00946704;-5;5.76596;
0.00947204;-5;5.78385;
0.00947704;-5;5.80173;
0.00948204;-5;5.81961;
0.00948704;-5;5.83747;
0.00949204;-5;5.85533;
0.00949704;-5;5.87317;
0.00950204;-5;5.89101;
0.00950704;-5;5.90884;
0.00951204;-5;5.92666;
0.00951704;-5;5.94447;
0.00952204;-5;5.96227;
0.00952704;-5;5.98006;
0.00953204;-5;5.99785;
0.00953704;-5;6.01562;
0.00954204;-5;6.03339;
0.00954704;-5;6.05115;
0.00955204;-5;6.0689;
0.00955704;-5;6.08664;
0.00956204;-5;6.10437;
0.00956704;-5;6.12209;
0.00957204;-5;6.1398;
0.00957704;-5;6.15751;
0.00958204;-5;6.1752;
0.00958704;-5;6.19289;
0.00959204;-5;6.21056;
0.00959704;-5;6.22823;
0.00960204;-5;6.24589;
0.00960704;-5;6.26354;
0.00961204;-5;6.28119;
0.00961704;-5;6.29882;
0.00962204;-5;6.31644;
0.00962704;-5;6.33406;
0.00963204;-5;6.35167;
0.00963704;-5;6.36927;
0.00964204;-5;6.38686;
0.00964704;-5;6.40444;
0.00965204;-5;6.42201;
0.00965704;-5;6.43957;
0.00966204;-5;6.45713;
0.00966704;-5;6.47467;
0.00967204;-5;6.49221;
0.00967704;-5;6.50974;
0.00968204;-5;6.52725;
0.00968704;-5;6.54477;
0.00969204;-5;6.56227;
0.00969704;-5;6.57976;
0.00970204;-5;6.59724;
0.00970704;-5;6.61472;
0.00971204;-5;6.63219;
0.00971704;-5;6.64964;
0.00972204;-5;6.66709;
0.00972704;-5;6.68453;
0.00973204;-5;6.70197;
0.00973704;-5;6.71939;
0.00974204;-5;6.7368;
0.00974704;-5;6.75421;
0.00975204;-5;6.77161;
0.00975704;-5;6.78899;
0.00976204;-5;6.80637;
0.00976704;-5;6.82374;
0.00977204;-5;6.84111;
0.00977704;-5;6.85846;
0.00978204;-5;6.87581;
0.00978704;-5;6.89314;
0.00979204;-5;6.91047;
0.00979704;-5;6.92779;
0.00980204;-5;6.9451;
0.00980704;-5;6.9624;
0.00981204;-5;6.97969;
0.00981704;-5;6.99698;
0.00982204;-5;7.01425;
0.00982704;-5;7.03152;
0.00983204;-5;7.04878;
0.00983704;-5;7.06603;
0.00984204;-5;7.08327;
0.00984704;-5;7.1005;
0.00985204;-5;7.11773;
0.00985704;-5;7.13494;
0.00986204;-5;7.15215;
0.00986704;-5;7.16935;
0.00987204;-5;7.18653;
0.00987704;-5;7.20372;
0.00988204;-5;7.22089;
0.00988704;-5;7.23805;
0.00989204;-5;7.25521;
0.00989704;-5;7.27235;
0.00990204;-5;7.28949;
0.00990704;-5;7.30662;
0.00991204;-5;7.32374;
0.00991704;-5;7.34085;
0.00992204;-5;7.35796;
0.00992704;-5;7.37505;
0.00993204;-5;7.39214;
0.00993704;-5;7.40922;
0.00994204;-5;7.42629;
0.00994704;-5;7.44335;
0.00995204;-5;7.4604;
0.00995704;-5;7.47744;
0.00996204;-5;7.49448;
0.00996704;-5;7.51151;
0.00997204;-5;7.52852;
0.00997704;-5;7.54553;
0.00998204;-5;7.56254;
0.00998704;-5;7.57953;
0.00999204;-5;7.59651;
0.00999704;-5;7.61349;
0.01;-5;7.62354;
0.0100001;-4;7.62452;
0.0100003;-2;7.62617;
0.0100007;2;7.62783;
0.010001;5;7.62789;
0.0100011;5;7.62719;
0.0100012;5;7.62588;
0.0100016;5;7.62371;
0.0100022;5;7.62016;
0.0100035;5;7.61379;
0.010006;5;7.60117;
0.010011;5;7.57649;
0.010016;5;7.55184;
0.010021;5;7.5272;
0.010026;5;7.50257;
0.010031;5;7.47795;
0.010036;5;7.45335;
0.010041;5;7.42875;
0.010046;5;7.40417;
0.010051;5;7.37961;
0.010056;5;7.35505;
0.010061;5;7.33051;
0.010066;5;7.30597;
0.010071;5;7.28146;
0.010076;5;7.25695;
0.010081;5;7.23245;
0.010086;5;7.20797;
0.010091;5;7.1835;
0.010096;5;7.15904;
0.010101;5;7.1346;
0.010106;5;7.11016;
0.010111;5;7.08574;
0.010116;5;7.06133;
0.010121;5;7.03694;
0.010126;5;7.01255;
0.010131;5;6.98818;
0.010136;5;6.96382;
0.010141;5;6.93947;
0.010146;5;6.91513;
0.010151;5;6.89081;
0.010156;5;6.8665;
0.010161;5;6.8422;
0.010166;5;6.81791;
0.010171;5;6.79364;
0.010176;5;6.76937;
0.010181;5;6.74512;
0.010186;5;6.72088;
0.010191;5;6.69666;
0.010196;5;6.67244;
0.010201;5;6.64824;
0.010206;5;6.62405;
0.010211;5;6.59987;
0.010216;5;6.57571;
0.010221;5;6.55155;
0.010226;5;6.52741;
0.010231;5;6.50328;
0.010236;5;6.47916;
0.010241;5;6.45506;
0.010246;5;6.43096;
0.010251;5;6.40688;
0.010256;5;6.38281;
0.010261;5;6.35875;
0.010266;5;6.33471;
0.010271;5;6.31067;
0.010276;5;6.28665;
0.010281;5;6.26264;
0.010286;5;6.23864;
0.010291;5;6.21466;
0.010296;5;6.19069;
0.010301;5;6.16672;
0.010306;5;6.14277;
0.010311;5;6.11884;
0.010316;5;6.09491;
0.010321;5;6.071;
0.010326;5;6.04709;
0.010331;5;6.02321;
0.010336;5;5.99933;
0.010341;5;5.97546;
0.010346;5;5.95161;
0.010351;5;5.92777;
0.010356;5;5.90393;
0.010361;5;5.88012;
0.010366;5;5.85631;
0.010371;5;5.83252;
0.010376;5;5.80873;
0.010381;5;5.78496;
0.010386;5;5.7612;
0.010391;5;5.73746;
0.010396;5;5.71372;
0.010401;5;5.69;
0.010406;5;5.66629;
0.010411;5;5.64259;
0.010416;5;5.6189;
0.010421;5;5.59522;
0.010426;5;5.57156;
0.010431;5;5.54791;
0.010436;5;5.52427;
0.010441;5;5.50064;
0.010446;5;5.47702;
0.010451;5;5.45342;
0.010456;5;5.42982;
0.010461;5;5.40624;
0.010466;5;5.38267;
0.010471;5;5.35912;
0.010476;5;5.33557;
0.010481;5;5.31204;
0.010486;5;5.28851;
0.010491;5;5.265;
0.010496;5;5.2415;
0.010501;5;5.21802;
0.010506;5;5.19454;
0.010511;5;5.17108;
0.010516;5;5.14763;
0.010521;5;5.12419;
0.010526;5;5.10076;
0.010531;5;5.07734;
0.010536;5;5.05394;
0.010541;5;5.03054;
0.010546;5;5.00716;
0.010551;5;4.98379;
0.010556;5;4.96043;
0.010561;5;4.93709;
0.010566;5;4.91375;
0.010571;5;4.89043;
0.010576;5;4.86712;
0.010581;5;4.84382;
0.010586;5;4.82053;
0.010591;5;4.79725;
0.010596;5;4.77399;
0.010601;5;4.75073;
0.010606;5;4.72749;
0.010611;5;4.70426;
0.010616;5;4.68104;
0.010621;5;4.65783;
0.010626;5;4.63464;
0.010631;5;4.61146;
0.010636;5;4.58828;
0.010641;5;4.56512;
0.010646;5;4.54197;
0.010651;5;4.51884;
0.010656;5;4.49571;
0.010661;5;4.4726;
0.010666;5;4.44949;
0.010671;5;4.4264;
0.010676;5;4.40332;
0.010681;5;4.38025;
0.010686;5;4.3572;
0.010691;5;4.33415;
0.010696;5;4.31112;
0.010701;5;4.2881;
0.010706;5;4.26509;
0.010711;5;4.24209;
0.010716;5;4.2191;
0.010721;5;4.19612;
0.010726;5;4.17316;
0.010731;5;4.15021;
0.010736;5;4.12727;
0.010741;5;4.10434;
0.010746;5;4.08142;
0.010751;5;4.05851;
0.010756;5;4.03561;
0.010761;5;4.01273;
0.010766;5;3.98986;
0.010771;5;3.967;
0.010776;5;3.94415;
0.010781;5;3.92131;
0.010786;5;3.89848;
0.010791;5;3.87566;
0.010796;5;3.85286;
0.010801;5;3.83007;
0.010806;5;3.80728;
0.010811;5;3.78451;
0.010816;5;3.76176;
0.010821;5;3.73901;
0.010826;5;3.71627;
0.010831;5;3.69355;
0.010836;5;3.67083;
0.010841;5;3.64813;
0.010846;5;3.62544;
0.010851;5;3.60276;
0.010856;5;3.58009;
0.010861;5;3.55744;
0.010866;5;3.53479;
0.010871;5;3.51216;
0.010876;5;3.48954;
0.010881;5;3.46693;
0.010886;5;3.44433;
0.010891;5;3.42174;
0.010896;5;3.39916;
0.010901;5;3.37659;
0.010906;5;3.35404;
0.010911;5;3.33149;
0.010916;5;3.30896;
0.010921;5;3.28644;
0.010926;5;3.26393;
0.010931;5;3.24143;
0.010936;5;3.21895;
0.010941;5;3.19647;
0.010946;5;3.17401;
0.010951;5;3.15155;
0.010956;5;3.12911;
0.010961;5;3.10668;
0.010966;5;3.08426;
0.010971;5;3.06185;
0.010976;5;3.03945;
0.010981;5;3.01707;
0.010986;5;2.99469;
0.010991;5;2.97233;
0.010996;5;2.94997;
0.011001;5;2.92781;
0.0110011;4;2.92672;
0.0110013;2;2.92485;
0.0110017;-2;2.92277;
0.011002;-5;2.92238;
0.0110021;-5;2.923;
0.0110022;-5;2.92413;
0.0110026;-5;2.92596;
0.0110032;-5;2.92882;
0.0110045;-5;2.93382;
0.011007;-5;2.94369;
0.011012;-5;2.963;
0.011017;-5;2.98229;
0.011022;-5;3.00158;
0.011027;-5;3.02085;
0.011032;-5;3.04011;
0.011037;-5;3.05936;
0.011042;-5;3.07861;
0.011047;-5;3.09784;
0.011052;-5;3.11707;
0.011057;-5;3.13628;
0.011062;-5;3.15549;
0.011067;-5;3.17469;
0.011072;-5;3.19387;
0.011077;-5;3.21305;
0.011082;-5;3.23222;
0.011087;-5;3.25137;
0.011092;-5;3.27052;
0.011097;-5;3.28966;
0.011102;-5;3.30879;
0.011107;-5;3.32791;
0.011112;-5;3.34702;
0.011117;-5;3.36612;
0.011122;-5;3.38521;
0.011127;-5;3.40429;
0.011132;-5;3.42336;
0.011137;-5;3.44243;
0.011142;-5;3.46148;
0.011147;-5;3.48052;
0.011152;-5;3.49955;
0.011157;-5;3.51858;
0.011162;-5;3.53759;
0.011167;-5;3.5566;
0.011172;-5;3.57559;
0.011177;-5;3.59458;
0.011182;-5;3.61356;
0.011187;-5;3.63252;
0.011192;-5;3.65148;
0.011197;-5;3.67043;
0.011202;-5;3.68937;
0.011207;-5;3.7083;
0.011212;-5;3.72722;
0.011217;-5;3.74613;
0.011222;-5;3.76503;
0.011227;-5;3.78392;
0.011232;-5;3.8028;
0.011237;-5;3.82167;
0.011242;-5;3.84054;
0.011247;-5;3.85939;
0.011252;-5;3.87823;
0.011257;-5;3.89707;
0.011262;-5;3.91589;
0.011267;-5;3.93471;
0.011272;-5;3.95352;
0.011277;-5;3.97231;
0.011282;-5;3.9911;
0.011287;-5;4.00988;
0.011292;-5;4.02865;
0.011297;-5;4.04741;
0.011302;-5;4.06616;
0.011307;-5;4.0849;
0.011312;-5;4.10363;
0.011317;-5;4.12235;
0.011322;-5;4.14107;
0.011327;-5;4.15977;
0.011332;-5;4.17846;
0.011337;-5;4.19715;
0.011342;-5;4.21582;
0.011347;-5;4.23449;
0.011352;-5;4.25315;
0.011357;-5;4.27179;
0.011362;-5;4.29043;
0.011367;-5;4.30906;
0.011372;-5;4.32768;
0.011377;-5;4.34629;
0.011382;-5;4.36489;
0.011387;-5;4.38348;
0.011392;-5;4.40206;
0.011397;-5;4.42064;
0.011402;-5;4.4392;
0.011407;-5;4.45775;
0.011412;-5;4.4763;
0.011417;-5;4.49483;
0.011422;-5;4.51336;
0.011427;-5;4.53188;
0.011432;-5;4.55039;
0.011437;-5;4.56889;
0.011442;-5;4.58737;
0.011447;-5;4.60585;
0.011452;-5;4.62433;
0.011457;-5;4.64279;
0.011462;-5;4.66124;
0.011467;-5;4.67968;
0.011472;-5;4.69812;
0.011477;-5;4.71654;
0.011482;-5;4.73496;
0.011487;-5;4.75336;
0.011492;-5;4.77176;
0.011497;-5;4.79015;
0.011502;-5;4.80853;
0.011507;-5;4.8269;
0.011512;-5;4.84526;
0.011517;-5;4.86361;
0.011522;-5;4.88195;
0.011527;-5;4.90029;
0.011532;-5;4.91861;
0.011537;-5;4.93692;
0.011542;-5;4.95523;
0.011547;-5;4.97353;
0.011552;-5;4.99181;
0.011557;-5;5.01009;
0.011562;-5;5.02836;
0.011567;-5;5.04662;
0.011572;-5;5.06487;
0.011577;-5;5.08311;
0.011582;-5;5.10134;
0.011587;-5;5.11957;
0.011592;-5;5.13778;
0.011597;-5;5.15599;
0.011602;-5;5.17418;
0.011607;-5;5.19237;
0.011612;-5;5.21055;
0.011617;-5;5.22872;
0.011622;-5;5.24688;
0.011627;-5;5.26503;
0.011632;-5;5.28317;
0.011637;-5;5.3013;
0.011642;-5;5.31942;
0.011647;-5;5.33754;
0.011652;-5;5.35564;
0.011657;-5;5.37374;
0.011662;-5;5.39183;
0.011667;-5;5.4099;
0.011672;-5;5.42797;
0.011677;-5;5.44603;
0.011682;-5;5.46408;
0.011687;-5;5.48213;
0.011692;-5;5.50016;
0.011697;-5;5.51818;
0.011702;-5;5.5362;
0.011707;-5;5.5542;
0.011712;-5;5.5722;
0.011717;-5;5.59019;
0.011722;-5;5.60817;
0.011727;-5;5.62614;
0.011732;-5;5.6441;
0.011737;-5;5.66205;
0.011742;-5;5.67999;
0.011747;-5;5.69793;
0.011752;-5;5.71585;
0.011757;-5;5.73377;
0.011762;-5;5.75168;
0.011767;-5;5.76957;
0.011772;-5;5.78746;
0.011777;-5;5.80534;
0.011782;-5;5.82321;
0.011787;-5;5.84108;
0.011792;-5;5.85893;
0.011797;-5;5.87677;
0.011802;-5;5.89461;
0.011807;-5;5.91244;
0.011812;-5;5.93026;
0.011817;-5;5.94806;
0.011822;-5;5.96586;
0.011827;-5;5.98366;
0.011832;-5;6.00144;
0.011837;-5;6.01921;
0.011842;-5;6.03697;
0.011847;-5;6.05473;
0.011852;-5;6.07248;
0.011857;-5;6.09021;
0.011862;-5;6.10794;
0.011867;-5;6.12566;
0.011872;-5;6.14338;
0.011877;-5;6.16108;
0.011882;-5;6.17877;
0.011887;-5;6.19646;
0.011892;-5;6.21413;
0.011897;-5;6.2318;
0.011902;-5;6.24946;
0.011907;-5;6.26711;
0.011912;-5;6.28475;
0.011917;-5;6.30238;
0.011922;-5;6.32;
0.011927;-5;6.33762;
0.011932;-5;6.35522;
0.011937;-5;6.37282;
0.011942;-5;6.3904;
0.011947;-5;6.40798;
0.011952;-5;6.42555;
0.011957;-5;6.44311;
0.011962;-5;6.46067;
0.011967;-5;6.47821;
0.011972;-5;6.49575;
0.011977;-5;6.51327;
0.011982;-5;6.53079;
0.011987;-5;6.5483;
0.011992;-5;6.5658;
0.011997;-5;6.58329;
0.012;-5;6.59364;
0.0120001;-4;6.59464;
0.0120003;-2;6.59631;
0.0120007;2;6.59801;
0.012001;5;6.5981;
0.0120011;5;6.5974;
0.0120012;5;6.59611;
0.0120016;5;6.59398;
0.0120022;5;6.59049;
0.0120035;5;6.58425;
0.012006;5;6.5719;
0.012011;5;6.54773;
0.012016;5;6.5236;
0.012021;5;6.49947;
0.012026;5;6.47536;
0.012031;5;6.45125;
0.012036;5;6.42716;
0.012041;5;6.40308;
0.012046;5;6.37901;
0.012051;5;6.35495;
0.012056;5;6.33091;
0.012061;5;6.30688;
0.012066;5;6.28286;
0.012071;5;6.25885;
0.012076;5;6.23486;
0.012081;5;6.21087;
0.012086;5;6.1869;
0.012091;5;6.16294;
0.012096;5;6.13899;
0.012101;5;6.11506;
0.012106;5;6.09113;
0.012111;5;6.06722;
0.012116;5;6.04332;
0.012121;5;6.01943;
0.012126;5;5.99556;
0.012131;5;5.97169;
0.012136;5;5.94784;
0.012141;5;5.924;
0.012146;5;5.90017;
0.012151;5;5.87636;
0.012156;5;5.85255;
0.012161;5;5.82876;
0.012166;5;5.80498;
0.012171;5;5.78121;
0.012176;5;5.75745;
0.012181;5;5.73371;
0.012186;5;5.70997;
0.012191;5;5.68625;
0.012196;5;5.66254;
0.012201;5;5.63885;
0.012206;5;5.61516;
0.012211;5;5.59149;
0.012216;5;5.56782;
0.012221;5;5.54417;
0.012226;5;5.52054;
0.012231;5;5.49691;
0.012236;5;5.47329;
0.012241;5;5.44969;
0.012246;5;5.4261;
0.012251;5;5.40252;
0.012256;5;5.37895;
0.012261;5;5.3554;
0.012266;5;5.33185;
0.012271;5;5.30832;
0.012276;5;5.2848;
0.012281;5;5.26129;
0.012286;5;5.23779;
0.012291;5;5.21431;
0.012296;5;5.19083;
0.012301;5;5.16737;
0.012306;5;5.14392;
0.012311;5;5.12048;
0.012316;5;5.09706;
0.012321;5;5.07364;
0.012326;5;5.05024;
0.012331;5;5.02685;
0.012336;5;5.00347;
0.012341;5;4.9801;
0.012346;5;4.95674;
0.012351;5;4.9334;
0.012356;5;4.91007;
0.012361;5;4.88674;
0.012366;5;4.86343;
0.012371;5;4.84014;
0.012376;5;4.81685;
0.012381;5;4.79358;
0.012386;5;4.77031;
0.012391;5;4.74706;
0.012396;5;4.72382;
0.012401;5;4.70059;
0.012406;5;4.67738;
0.012411;5;4.65417;
0.012416;5;4.63098;
0.012421;5;4.6078;
0.012426;5;4.58462;
0.012431;5;4.56147;
0.012436;5;4.53832;
0.012441;5;4.51518;
0.012446;5;4.49206;
0.012451;5;4.46895;
0.012456;5;4.44585;
0.012461;5;4.42276;
0.012466;5;4.39968;
0.012471;5;4.37661;
0.012476;5;4.35356;
0.012481;5;4.33051;
0.012486;5;4.30748;
0.012491;5;4.28446;
0.012496;5;4.26145;
0.012501;5;4.23846;
0.012506;5;4.21547;
0.012511;5;4.1925;
0.012516;5;4.16953;
0.012521;5;4.14658;
0.012526;5;4.12364;
0.012531;5;4.10071;
0.012536;5;4.0778;
0.012541;5;4.05489;
0.012546;5;4.032;
0.012551;5;4.00912;
0.012556;5;3.98625;
0.012561;5;3.96339;
0.012566;5;3.94054;
0.012571;5;3.9177;
0.012576;5;3.89488;
0.012581;5;3.87206;
0.012586;5;3.84926;
0.012591;5;3.82647;
0.012596;5;3.80369;
0.012601;5;3.78092;
0.012606;5;3.75816;
0.012611;5;3.73542;
0.012616;5;3.71268;
0.012621;5;3.68996;
0.012626;5;3.66725;
0.012631;5;3.64455;
0.012636;5;3.62186;
0.012641;5;3.59918;
0.012646;5;3.57652;
0.012651;5;3.55386;
0.012656;5;3.53122;
0.012661;5;3.50859;
0.012666;5;3.48596;
0.012671;5;3.46336;
0.012676;5;3.44076;
0.012681;5;3.41817;
0.012686;5;3.39559;
0.012691;5;3.37303;
0.012696;5;3.35048;
0.012701;5;3.32794;
0.012706;5;3.3054;
0.012711;5;3.28289;
0.012716;5;3.26038;
0.012721;5;3.23788;
0.012726;5;3.2154;
0.012731;5;3.19292;
0.012736;5;3.17046;
0.012741;5;3.14801;
0.012746;5;3.12557;
0.012751;5;3.10314;
0.012756;5;3.08072;
0.012761;5;3.05831;
0.012766;5;3.03592;
0.012771;5;3.01353;
0.012776;5;2.99116;
0.012781;5;2.9688;
0.012786;5;2.94644;
0.012791;5;2.9241;
0.012796;5;2.90178;
0.012801;5;2.87946;
0.012806;5;2.85715;
0.012811;5;2.83486;
0.012816;5;2.81257;
0.012821;5;2.7903;
0.012826;5;2.76804;
0.012831;5;2.74579;
0.012836;5;2.72355;
0.012841;5;2.70132;
0.012846;5;2.6791;
0.012851;5;2.6569;
0.012856;5;2.6347;
0.012861;5;2.61252;
0.012866;5;2.59035;
0.012871;5;2.56818;
0.012876;5;2.54603;
0.012881;5;2.52389;
0.012886;5;2.50176;
0.012891;5;2.47965;
0.012896;5;2.45754;
0.012901;5;2.43545;
0.012906;5;2.41336;
0.012911;5;2.39129;
0.012916;5;2.36923;
0.012921;5;2.34717;
0.012926;5;2.32513;
0.012931;5;2.3031;
0.012936;5;2.28109;
0.012941;5;2.25908;
0.012946;5;2.23708;
0.012951;5;2.2151;
0.012956;5;2.19312;
0.012961;5;2.17116;
0.012966;5;2.14921;
0.012971;5;2.12727;
0.012976;5;2.10534;
0.012981;5;2.08342;
0.012986;5;2.06151;
0.012991;5;2.03961;
0.012996;5;2.01773;
0.013001;5;1.99602;
0.0130011;4;1.99494;
0.0130013;2;1.99309;
0.0130017;-2;1.99104;
0.013002;-5;1.99069;
0.0130021;-5;1.99131;
0.0130022;-5;1.99246;
0.0130026;-5;1.99432;
0.0130032;-5;1.99724;
0.0130045;-5;2.00236;
0.013007;-5;2.01247;
0.013012;-5;2.03225;
0.013017;-5;2.052;
0.013022;-5;2.07175;
0.013027;-5;2.09148;
0.013032;-5;2.11121;
0.013037;-5;2.13093;
0.013042;-5;2.15064;
0.013047;-5;2.17034;
0.013052;-5;2.19003;
0.013057;-5;2.20971;
0.013062;-5;2.22937;
0.013067;-5;2.24903;
0.013072;-5;2.26868;
0.013077;-5;2.28832;
0.013082;-5;2.30795;
0.013087;-5;2.32757;
0.013092;-5;2.34718;
0.013097;-5;2.36678;
0.013102;-5;2.38637;
0.013107;-5;2.40595;
0.013112;-5;2.42552;
0.013117;-5;2.44508;
0.013122;-5;2.46464;
0.013127;-5;2.48418;
0.013132;-5;2.50371;
0.013137;-5;2.52323;
0.013142;-5;2.54274;
0.013147;-5;2.56224;
0.013152;-5;2.58174;
0.013157;-5;2.60122;
0.013162;-5;2.62069;
0.013167;-5;2.64016;
0.013172;-5;2.65961;
0.013177;-5;2.67905;
0.013182;-5;2.69849;
0.013187;-5;2.71791;
0.013192;-5;2.73733;
0.013197;-5;2.75673;
0.013202;-5;2.77613;
0.013207;-5;2.79551;
0.013212;-5;2.81489;
0.013217;-5;2.83426;
0.013222;-5;2.85361;
0.013227;-5;2.87296;
0.013232;-5;2.8923;
0.013237;-5;2.91163;
0.013242;-5;2.93094;
0.013247;-5;2.95025;
0.013252;-5;2.96955;
0.013257;-5;2.98884;
0.013262;-5;3.00812;
0.013267;-5;3.02739;
0.013272;-5;3.04665;
0.013277;-5;3.0659;
0.013282;-5;3.08514;
0.013287;-5;3.10437;
0.013292;-5;3.12359;
0.013297;-5;3.1428;
0.013302;-5;3.16201;
0.013307;-5;3.1812;
0.013312;-5;3.20038;
0.013317;-5;3.21956;
0.013322;-5;3.23872;
0.013327;-5;3.25787;
0.013332;-5;3.27702;
0.013337;-5;3.29616;
0.013342;-5;3.31528;
0.013347;-5;3.3344;
0.013352;-5;3.3535;
0.013357;-5;3.3726;
0.013362;-5;3.39169;
0.013367;-5;3.41077;
0.013372;-5;3.42983;
0.013377;-5;3.44889;
0.013382;-5;3.46794;
0.013387;-5;3.48698;
0.013392;-5;3.50601;
0.013397;-5;3.52503;
0.013402;-5;3.54405;
0.013407;-5;3.56305;
0.013412;-5;3.58204;
0.013417;-5;3.60102;
0.013422;-5;3.62;
0.013427;-5;3.63896;
0.013432;-5;3.65791;
0.013437;-5;3.67686;
0.013442;-5;3.69579;
0.013447;-5;3.71472;
0.013452;-5;3.73364;
0.013457;-5;3.75254;
0.013462;-5;3.77144;
0.013467;-5;3.79033;
0.013472;-5;3.80921;
0.013477;-5;3.82808;
0.013482;-5;3.84694;
0.013487;-5;3.86579;
0.013492;-5;3.88463;
0.013497;-5;3.90346;
0.013502;-5;3.92228;
0.013507;-5;3.94109;
0.013512;-5;3.9599;
0.013517;-5;3.97869;
0.013522;-5;3.99748;
0.013527;-5;4.01625;
0.013532;-5;4.03502;
0.013537;-5;4.05377;
0.013542;-5;4.07252;
0.013547;-5;4.09126;
0.013552;-5;4.10999;
0.013557;-5;4.12871;
0.013562;-5;4.14741;
0.013567;-5;4.16612;
0.013572;-5;4.18481;
0.013577;-5;4.20349;
0.013582;-5;4.22216;
0.013587;-5;4.24082;
0.013592;-5;4.25948;
0.013597;-5;4.27812;
0.013602;-5;4.29675;
0.013607;-5;4.31538;
0.013612;-5;4.334;
0.013617;-5;4.3526;
0.013622;-5;4.3712;
0.013627;-5;4.38979;
0.013632;-5;4.40837;
0.013637;-5;4.42694;
0.013642;-5;4.4455;
0.013647;-5;4.46405;
0.013652;-5;4.48259;
0.013657;-5;4.50112;
0.013662;-5;4.51965;
0.013667;-5;4.53816;
0.013672;-5;4.55667;
0.013677;-5;4.57516;
0.013682;-5;4.59365;
0.013687;-5;4.61213;
0.013692;-5;4.63059;
0.013697;-5;4.64905;
0.013702;-5;4.6675;
0.013707;-5;4.68594;
0.013712;-5;4.70437;
0.013717;-5;4.72279;
0.013722;-5;4.74121;
0.013727;-5;4.75961;
0.013732;-5;4.778;
0.013737;-5;4.79639;
0.013742;-5;4.81476;
0.013747;-5;4.83313;
0.013752;-5;4.85149;
0.013757;-5;4.86984;
0.013762;-5;4.88818;
0.013767;-5;4.90651;
0.013772;-5;4.92483;
0.013777;-5;4.94314;
0.013782;-5;4.96144;
0.013787;-5;4.97973;
0.013792;-5;4.99802;
0.013797;-5;5.01629;
0.013802;-5;5.03456;
0.013807;-5;5.05282;
0.013812;-5;5.07106;
0.013817;-5;5.0893;
0.013822;-5;5.10753;
0.013827;-5;5.12575;
0.013832;-5;5.14396;
0.013837;-5;5.16216;
0.013842;-5;5.18036;
0.013847;-5;5.19854;
0.013852;-5;5.21672;
0.013857;-5;5.23488;
0.013862;-5;5.25304;
0.013867;-5;5.27118;
0.013872;-5;5.28932;
0.013877;-5;5.30745;
0.013882;-5;5.32557;
0.013887;-5;5.34368;
0.013892;-5;5.36179;
0.013897;-5;5.37988;
0.013902;-5;5.39796;
0.013907;-5;5.41604;
0.013912;-5;5.4341;
0.013917;-5;5.45216;
0.013922;-5;5.47021;
0.013927;-5;5.48825;
0.013932;-5;5.50628;
0.013937;-5;5.5243;
0.013942;-5;5.54231;
0.013947;-5;5.56031;
0.013952;-5;5.57831;
0.013957;-5;5.59629;
0.013962;-5;5.61427;
0.013967;-5;5.63223;
0.013972;-5;5.65019;
0.013977;-5;5.66814;
0.013982;-5;5.68608;
0.013987;-5;5.70401;
0.013992;-5;5.72193;
0.013997;-5;5.73985;
0.014;-5;5.75045;
0.0140001;-4;5.75145;
0.0140003;-2;5.75314;
0.0140007;2;5.75487;
0.014001;5;5.75499;
0.0140011;5;5.7543;
0.0140012;5;5.75303;
0.0140016;5;5.75092;
0.0140022;5;5.74749;
0.0140035;5;5.74135;
0.014006;5;5.72921;
0.014011;5;5.70547;
0.014016;5;5.68176;
0.014021;5;5.65805;
0.014026;5;5.63436;
0.014031;5;5.61067;
0.014036;5;5.587;
0.014041;5;5.56334;
0.014046;5;5.53969;
0.014051;5;5.51605;
0.014056;5;5.49243;
0.014061;5;5.46882;
0.014066;5;5.44522;
0.014071;5;5.42163;
0.014076;5;5.39805;
0.014081;5;5.37449;
0.014086;5;5.35093;
0.014091;5;5.32739;
0.014096;5;5.30386;
0.014101;5;5.28034;
0.014106;5;5.25684;
0.014111;5;5.23334;
0.014116;5;5.20986;
0.014121;5;5.18639;
0.014126;5;5.16293;
0.014131;5;5.13948;
0.014136;5;5.11604;
0.014141;5;5.09262;
0.014146;5;5.06921;
0.014151;5;5.0458;
0.014156;5;5.02242;
0.014161;5;4.99904;
0.014166;5;4.97567;
0.014171;5;4.95232;
0.014176;5;4.92897;
0.014181;5;4.90564;
0.014186;5;4.88232;
0.014191;5;4.85902;
0.014196;5;4.83572;
0.014201;5;4.81244;
0.014206;5;4.78916;
0.014211;5;4.7659;
0.014216;5;4.74265;
0.014221;5;4.71942;
0.014226;5;4.69619;
0.014231;5;4.67298;
0.014236;5;4.64977;
0.014241;5;4.62658;
0.014246;5;4.6034;
0.014251;5;4.58023;
0.014256;5;4.55708;
0.014261;5;4.53393;
0.014266;5;4.5108;
0.014271;5;4.48768;
0.014276;5;4.46457;
0.014281;5;4.44147;
0.014286;5;4.41838;
0.014291;5;4.3953;
0.014296;5;4.37224;
0.014301;5;4.34919;
0.014306;5;4.32615;
0.014311;5;4.30312;
0.014316;5;4.2801;
0.014321;5;4.25709;
0.014326;5;4.2341;
0.014331;5;4.21111;
0.014336;5;4.18814;
0.014341;5;4.16518;
0.014346;5;4.14223;
0.014351;5;4.1193;
0.014356;5;4.09637;
0.014361;5;4.07345;
0.014366;5;4.05055;
0.014371;5;4.02766;
0.014376;5;4.00478;
0.014381;5;3.98191;
0.014386;5;3.95905;
0.014391;5;3.93621;
0.014396;5;3.91337;
0.014401;5;3.89055;
0.014406;5;3.86774;
0.014411;5;3.84494;
0.014416;5;3.82215;
0.014421;5;3.79937;
0.014426;5;3.7766;
0.014431;5;3.75385;
0.014436;5;3.73111;
0.014441;5;3.70837;
0.014446;5;3.68565;
0.014451;5;3.66294;
0.014456;5;3.64025;
0.014461;5;3.61756;
0.014466;5;3.59488;
0.014471;5;3.57222;
0.014476;5;3.54957;
0.014481;5;3.52693;
0.014486;5;3.5043;
0.014491;5;3.48168;
0.014496;5;3.45907;
0.014501;5;3.43647;
0.014506;5;3.41389;
0.014511;5;3.39132;
0.014516;5;3.36875;
0.014521;5;3.3462;
0.014526;5;3.32366;
0.014531;5;3.30113;
0.014536;5;3.27862;
0.014541;5;3.25611;
0.014546;5;3.23362;
0.014551;5;3.21113;
0.014556;5;3.18866;
0.014561;5;3.1662;
0.014566;5;3.14375;
0.014571;5;3.12131;
0.014576;5;3.09889;
0.014581;5;3.07647;
0.014586;5;3.05406;
0.014591;5;3.03167;
0.014596;5;3.00929;
0.014601;5;2.98692;
0.014606;5;2.96456;
0.014611;5;2.94221;
0.014616;5;2.91987;
0.014621;5;2.89754;
0.014626;5;2.87523;
0.014631;5;2.85292;
0.014636;5;2.83063;
0.014641;5;2.80835;
0.014646;5;2.78608;
0.014651;5;2.76382;
0.014656;5;2.74157;
0.014661;5;2.71933;
0.014666;5;2.69711;
0.014671;5;2.67489;
0.014676;5;2.65269;
0.014681;5;2.6305;
0.014686;5;2.60831;
0.014691;5;2.58614;
0.014696;5;2.56398;
0.014701;5;2.54183;
0.014706;5;2.5197;
0.014711;5;2.49757;
0.014716;5;2.47546;
0.014721;5;2.45335;
0.014726;5;2.43126;
0.014731;5;2.40918;
0.014736;5;2.3871;
0.014741;5;2.36504;
0.014746;5;2.34299;
0.014751;5;2.32096;
0.014756;5;2.29893;
0.014761;5;2.27691;
0.014766;5;2.25491;
0.014771;5;2.23291;
0.014776;5;2.21093;
0.014781;5;2.18896;
0.014786;5;2.167;
0.014791;5;2.14505;
0.014796;5;2.12311;
0.014801;5;2.10118;
0.014806;5;2.07926;
0.014811;5;2.05736;
0.014816;5;2.03546;
0.014821;5;2.01358;
0.014826;5;1.9917;
0.014831;5;1.96984;
0.014836;5;1.94799;
0.014841;5;1.92615;
0.014846;5;1.90432;
0.014851;5;1.8825;
0.014856;5;1.86069;
0.014861;5;1.8389;
0.014866;5;1.81711;
0.014871;5;1.79533;
0.014876;5;1.77357;
0.014881;5;1.75182;
0.014886;5;1.73007;
0.014891;5;1.70834;
0.014896;5;1.68662;
0.014901;5;1.66491;
0.014906;5;1.64321;
0.014911;5;1.62152;
0.014916;5;1.59985;
0.014921;5;1.57818;
0.014926;5;1.55652;
0.014931;5;1.53488;
0.014936;5;1.51325;
0.014941;5;1.49162;
0.014946;5;1.47001;
0.014951;5;1.44841;
0.014956;5;1.42682;
0.014961;5;1.40524;
0.014966;5;1.38367;
0.014971;5;1.36211;
0.014976;5;1.34056;
0.014981;5;1.31902;
0.014986;5;1.2975;
0.014991;5;1.27598;
0.014996;5;1.25448;
0.015001;5;1.23316;
0.0150011;4;1.23208;
0.0150013;2;1.23025;
0.0150017;-2;1.22823;
0.015002;-5;1.2279;
0.0150021;-5;1.22853;
0.0150022;-5;1.22969;
0.0150026;-5;1.23157;
0.0150032;-5;1.23454;
0.0150045;-5;1.23976;
0.015007;-5;1.25006;
0.015012;-5;1.27022;
0.015017;-5;1.29035;
0.015022;-5;1.31048;
0.015027;-5;1.3306;
0.015032;-5;1.35071;
0.015037;-5;1.37081;
0.015042;-5;1.3909;
0.015047;-5;1.41097;
0.015052;-5;1.43104;
0.015057;-5;1.4511;
0.015062;-5;1.47115;
0.015067;-5;1.49119;
0.015072;-5;1.51121;
0.015077;-5;1.53123;
0.015082;-5;1.55124;
0.015087;-5;1.57124;
0.015092;-5;1.59123;
0.015097;-5;1.6112;
0.015102;-5;1.63117;
0.015107;-5;1.65113;
0.015112;-5;1.67108;
0.015117;-5;1.69102;
0.015122;-5;1.71095;
0.015127;-5;1.73086;
0.015132;-5;1.75077;
0.015137;-5;1.77067;
0.015142;-5;1.79056;
0.015147;-5;1.81044;
0.015152;-5;1.83031;
0.015157;-5;1.85016;
0.015162;-5;1.87001;
0.015167;-5;1.88985;
0.015172;-5;1.90968;
0.015177;-5;1.9295;
0.015182;-5;1.94931;
0.015187;-5;1.96911;
0.015192;-5;1.9889;
0.015197;-5;2.00867;
0.015202;-5;2.02844;
0.015207;-5;2.0482;
0.015212;-5;2.06795;
0.015217;-5;2.08769;
0.015222;-5;2.10742;
0.015227;-5;2.12714;
0.015232;-5;2.14685;
0.015237;-5;2.16655;
0.015242;-5;2.18624;
0.015247;-5;2.20592;
0.015252;-5;2.2256;
0.015257;-5;2.24526;
0.015262;-5;2.26491;
0.015267;-5;2.28455;
0.015272;-5;2.30418;
0.015277;-5;2.3238;
0.015282;-5;2.34341;
0.015287;-5;2.36302;
0.015292;-5;2.38261;
0.015297;-5;2.40219;
0.015302;-5;2.42176;
0.015307;-5;2.44133;
0.015312;-5;2.46088;
0.015317;-5;2.48042;
0.015322;-5;2.49996;
0.015327;-5;2.51948;
0.015332;-5;2.53899;
0.015337;-5;2.5585;
0.015342;-5;2.57799;
0.015347;-5;2.59748;
0.015352;-5;2.61695;
0.015357;-5;2.63642;
0.015362;-5;2.65587;
0.015367;-5;2.67532;
0.015372;-5;2.69475;
0.015377;-5;2.71418;
0.015382;-5;2.7336;
0.015387;-5;2.753;
0.015392;-5;2.7724;
0.015397;-5;2.79179;
0.015402;-5;2.81117;
0.015407;-5;2.83054;
0.015412;-5;2.84989;
0.015417;-5;2.86924;
0.015422;-5;2.88858;
0.015427;-5;2.90791;
0.015432;-5;2.92723;
0.015437;-5;2.94654;
0.015442;-5;2.96584;
0.015447;-5;2.98513;
0.015452;-5;3.00441;
0.015457;-5;3.02369;
0.015462;-5;3.04295;
0.015467;-5;3.0622;
0.015472;-5;3.08144;
0.015477;-5;3.10068;
0.015482;-5;3.1199;
0.015487;-5;3.13911;
0.015492;-5;3.15832;
0.015497;-5;3.17751;
0.015502;-5;3.1967;
0.015507;-5;3.21587;
0.015512;-5;3.23504;
0.015517;-5;3.25419;
0.015522;-5;3.27334;
0.015527;-5;3.29248;
0.015532;-5;3.31161;
0.015537;-5;3.33072;
0.015542;-5;3.34983;
0.015547;-5;3.36893;
0.015552;-5;3.38802;
0.015557;-5;3.4071;
0.015562;-5;3.42617;
0.015567;-5;3.44523;
0.015572;-5;3.46428;
0.015577;-5;3.48332;
0.015582;-5;3.50236;
0.015587;-5;3.52138;
0.015592;-5;3.54039;
0.015597;-5;3.5594;
0.015602;-5;3.57839;
0.015607;-5;3.59737;
0.015612;-5;3.61635;
0.015617;-5;3.63532;
0.015622;-5;3.65427;
0.015627;-5;3.67322;
0.015632;-5;3.69216;
0.015637;-5;3.71108;
0.015642;-5;3.73;
0.015647;-5;3.74891;
0.015652;-5;3.76781;
0.015657;-5;3.7867;
0.015662;-5;3.80558;
0.015667;-5;3.82445;
0.015672;-5;3.84331;
0.015677;-5;3.86217;
0.015682;-5;3.88101;
0.015687;-5;3.89984;
0.015692;-5;3.91867;
0.015697;-5;3.93748;
0.015702;-5;3.95629;
0.015707;-5;3.97508;
0.015712;-5;3.99387;
0.015717;-5;4.01264;
0.015722;-5;4.03141;
0.015727;-5;4.05017;
0.015732;-5;4.06892;
0.015737;-5;4.08766;
0.015742;-5;4.10639;
0.015747;-5;4.12511;
0.015752;-5;4.14382;
0.015757;-5;4.16252;
0.015762;-5;4.18121;
0.015767;-5;4.1999;
0.015772;-5;4.21857;
0.015777;-5;4.23724;
0.015782;-5;4.25589;
0.015787;-5;4.27454;
0.015792;-5;4.29317;
0.015797;-5;4.3118;
0.015802;-5;4.33042;
0.015807;-5;4.34903;
0.015812;-5;4.36763;
0.015817;-5;4.38622;
0.015822;-5;4.4048;
0.015827;-5;4.42337;
0.015832;-5;4.44193;
0.015837;-5;4.46049;
0.015842;-5;4.47903;
0.015847;-5;4.49756;
0.015852;-5;4.51609;
0.015857;-5;4.5346;
0.015862;-5;4.55311;
0.015867;-5;4.57161;
0.015872;-5;4.5901;
0.015877;-5;4.60858;
0.015882;-5;4.62704;
0.015887;-5;4.64551;
0.015892;-5;4.66396;
0.015897;-5;4.6824;
0.015902;-5;4.70083;
0.015907;-5;4.71925;
0.015912;-5;4.73767;
0.015917;-5;4.75607;
0.015922;-5;4.77447;
0.015927;-5;4.79286;
0.015932;-5;4.81123;
0.015937;-5;4.8296;
0.015942;-5;4.84796;
0.015947;-5;4.86631;
0.015952;-5;4.88465;
0.015957;-5;4.90298;
0.015962;-5;4.92131;
0.015967;-5;4.93962;
0.015972;-5;4.95792;
0.015977;-5;4.97622;
0.015982;-5;4.9945;
0.015987;-5;5.01278;
0.015992;-5;5.03105;
0.015997;-5;5.04931;
0.016;-5;5.06011;
0.0160001;-4;5.06113;
0.0160003;-2;5.06283;
0.0160007;2;5.06459;
0.016001;5;5.06472;
0.0160011;5;5.06404;
0.0160012;5;5.06278;
0.0160016;5;5.06069;
0.0160022;5;5.0573;
0.0160035;5;5.05125;
0.016006;5;5.03929;
0.016011;5;5.0159;
0.016016;5;4.99253;
0.016021;5;4.96916;
0.016026;5;4.94582;
0.016031;5;4.92247;
0.016036;5;4.89915;
0.016041;5;4.87583;
0.016046;5;4.85253;
0.016051;5;4.82923;
0.016056;5;4.80595;
0.016061;5;4.78268;
0.016066;5;4.75943;
0.016071;5;4.73618;
0.016076;5;4.71295;
0.016081;5;4.68972;
0.016086;5;4.66651;
0.016091;5;4.64331;
0.016096;5;4.62012;
0.016101;5;4.59695;
0.016106;5;4.57378;
0.016111;5;4.55063;
0.016116;5;4.52749;
0.016121;5;4.50436;
0.016126;5;4.48124;
0.016131;5;4.45813;
0.016136;5;4.43504;
0.016141;5;4.41195;
0.016146;5;4.38888;
0.016151;5;4.36582;
0.016156;5;4.34277;
0.016161;5;4.31973;
0.016166;5;4.2967;
0.016171;5;4.27369;
0.016176;5;4.25069;
0.016181;5;4.22769;
0.016186;5;4.20471;
0.016191;5;4.18175;
0.016196;5;4.15879;
0.016201;5;4.13584;
0.016206;5;4.11291;
0.016211;5;4.08998;
0.016216;5;4.06707;
0.016221;5;4.04417;
0.016226;5;4.02128;
0.016231;5;3.99841;
0.016236;5;3.97554;
0.016241;5;3.95269;
0.016246;5;3.92984;
0.016251;5;3.90701;
0.016256;5;3.88419;
0.016261;5;3.86138;
0.016266;5;3.83859;
0.016271;5;3.8158;
0.016276;5;3.79303;
0.016281;5;3.77026;
0.016286;5;3.74751;
0.016291;5;3.72477;
0.016296;5;3.70204;
0.016301;5;3.67933;
0.016306;5;3.65662;
0.016311;5;3.63393;
0.016316;5;3.61124;
0.016321;5;3.58857;
0.016326;5;3.56591;
0.016331;5;3.54326;
0.016336;5;3.52062;
0.016341;5;3.49799;
0.016346;5;3.47538;
0.016351;5;3.45277;
0.016356;5;3.43018;
0.016361;5;3.4076;
0.016366;5;3.38503;
0.016371;5;3.36247;
0.016376;5;3.33992;
0.016381;5;3.31739;
0.016386;5;3.29486;
0.016391;5;3.27235;
0.016396;5;3.24984;
0.016401;5;3.22735;
0.016406;5;3.20487;
0.016411;5;3.1824;
0.016416;5;3.15995;
0.016421;5;3.1375;
0.016426;5;3.11506;
0.016431;5;3.09264;
0.016436;5;3.07023;
0.016441;5;3.04783;
0.016446;5;3.02544;
0.016451;5;3.00306;
0.016456;5;2.98069;
0.016461;5;2.95833;
0.016466;5;2.93599;
0.016471;5;2.91365;
0.016476;5;2.89133;
0.016481;5;2.86901;
0.016486;5;2.84671;
0.016491;5;2.82442;
0.016496;5;2.80215;
0.016501;5;2.77988;
0.016506;5;2.75762;
0.016511;5;2.73538;
0.016516;5;2.71314;
0.016521;5;2.69092;
0.016526;5;2.66871;
0.016531;5;2.64651;
0.016536;5;2.62432;
0.016541;5;2.60214;
0.016546;5;2.57997;
0.016551;5;2.55781;
0.016556;5;2.53567;
0.016561;5;2.51353;
0.016566;5;2.49141;
0.016571;5;2.4693;
0.016576;5;2.4472;
0.016581;5;2.42511;
0.016586;5;2.40303;
0.016591;5;2.38096;
0.016596;5;2.3589;
0.016601;5;2.33685;
0.016606;5;2.31482;
0.016611;5;2.2928;
0.016616;5;2.27078;
0.016621;5;2.24878;
0.016626;5;2.22679;
0.016631;5;2.20481;
0.016636;5;2.18284;
0.016641;5;2.16088;
0.016646;5;2.13894;
0.016651;5;2.117;
0.016656;5;2.09507;
0.016661;5;2.07316;
0.016666;5;2.05126;
0.016671;5;2.02936;
0.016676;5;2.00748;
0.016681;5;1.98561;
0.016686;5;1.96375;
0.016691;5;1.9419;
0.016696;5;1.92007;
0.016701;5;1.89824;
0.016706;5;1.87642;
0.016711;5;1.85462;
0.016716;5;1.83283;
0.016721;5;1.81104;
0.016726;5;1.78927;
0.016731;5;1.76751;
0.016736;5;1.74576;
0.016741;5;1.72402;
0.016746;5;1.70229;
0.016751;5;1.68057;
0.016756;5;1.65887;
0.016761;5;1.63717;
0.016766;5;1.61548;
0.016771;5;1.59381;
0.016776;5;1.57215;
0.016781;5;1.55049;
0.016786;5;1.52885;
0.016791;5;1.50722;
0.016796;5;1.4856;
0.016801;5;1.46399;
0.016806;5;1.44239;
0.016811;5;1.4208;
0.016816;5;1.39923;
0.016821;5;1.37766;
0.016826;5;1.35611;
0.016831;5;1.33456;
0.016836;5;1.31303;
0.016841;5;1.2915;
0.016846;5;1.26999;
0.016851;5;1.24849;
0.016856;5;1.227;
0.016861;5;1.20552;
0.016866;5;1.18405;
0.016871;5;1.16259;
0.016876;5;1.14114;
0.016881;5;1.1197;
0.016886;5;1.09828;
0.016891;5;1.07686;
0.016896;5;1.05546;
0.016901;5;1.03406;
0.016906;5;1.01268;
0.016911;5;0.991306;
0.016916;5;0.969943;
0.016921;5;0.948592;
0.016926;5;0.92725;
0.016931;5;0.90592;
0.016936;5;0.8846;
0.016941;5;0.863291;
0.016946;5;0.841993;
0.016951;5;0.820705;
0.016956;5;0.799428;
0.016961;5;0.778162;
0.016966;5;0.756906;
0.016971;5;0.735661;
0.016976;5;0.714426;
0.016981;5;0.693202;
0.016986;5;0.671989;
0.016991;5;0.650786;
0.016996;5;0.629594;
0.017001;5;0.608582;
0.0170011;4;0.607509;
0.0170013;2;0.605692;
0.0170017;-2;0.603699;
0.017002;-5;0.603384;
0.0170021;-5;0.604021;
0.0170022;-5;0.605192;
0.0170026;-5;0.607091;
0.0170032;-5;0.610101;
0.0170045;-5;0.615401;
0.017007;-5;0.625864;
0.017012;-5;0.646335;
0.017017;-5;0.666778;
0.017022;-5;0.687223;
0.017027;-5;0.70765;
0.017032;-5;0.728072;
0.017037;-5;0.74848;
0.017042;-5;0.76888;
0.017047;-5;0.789269;
0.017052;-5;0.809648;
0.017057;-5;0.830017;
0.017062;-5;0.850376;
0.017067;-5;0.870724;
0.017072;-5;0.891062;
0.017077;-5;0.91139;
0.017082;-5;0.931708;
0.017087;-5;0.952016;
0.017092;-5;0.972313;
0.017097;-5;0.992601;
0.017102;-5;1.01288;
0.017107;-5;1.03315;
0.017112;-5;1.0534;
0.017117;-5;1.07365;
0.017122;-5;1.09389;
0.017127;-5;1.11411;
0.017132;-5;1.13433;
0.017137;-5;1.15454;
0.017142;-5;1.17473;
0.017147;-5;1.19492;
0.017152;-5;1.21509;
0.017157;-5;1.23526;
0.017162;-5;1.25542;
0.017167;-5;1.27556;
0.017172;-5;1.2957;
0.017177;-5;1.31582;
0.017182;-5;1.33594;
0.017187;-5;1.35605;
0.017192;-5;1.37614;
0.017197;-5;1.39623;
0.017202;-5;1.4163;
0.017207;-5;1.43637;
0.017212;-5;1.45642;
0.017217;-5;1.47647;
0.017222;-5;1.4965;
0.017227;-5;1.51653;
0.017232;-5;1.53655;
0.017237;-5;1.55655;
0.017242;-5;1.57655;
0.017247;-5;1.59653;
0.017252;-5;1.61651;
0.017257;-5;1.63647;
0.017262;-5;1.65643;
0.017267;-5;1.67637;
0.017272;-5;1.69631;
0.017277;-5;1.71623;
0.017282;-5;1.73615;
0.017287;-5;1.75606;
0.017292;-5;1.77595;
0.017297;-5;1.79584;
0.017302;-5;1.81571;
0.017307;-5;1.83558;
0.017312;-5;1.85543;
0.017317;-5;1.87528;
0.017322;-5;1.89512;
0.017327;-5;1.91494;
0.017332;-5;1.93476;
0.017337;-5;1.95456;
0.017342;-5;1.97436;
0.017347;-5;1.99415;
0.017352;-5;2.01392;
0.017357;-5;2.03369;
0.017362;-5;2.05345;
0.017367;-5;2.0732;
0.017372;-5;2.09293;
0.017377;-5;2.11266;
0.017382;-5;2.13238;
0.017387;-5;2.15208;
0.017392;-5;2.17178;
0.017397;-5;2.19147;
0.017402;-5;2.21115;
0.017407;-5;2.23082;
0.017412;-5;2.25047;
0.017417;-5;2.27012;
0.017422;-5;2.28976;
0.017427;-5;2.30939;
0.017432;-5;2.32901;
0.017437;-5;2.34862;
0.017442;-5;2.36822;
0.017447;-5;2.38781;
0.017452;-5;2.40739;
0.017457;-5;2.42696;
0.017462;-5;2.44652;
0.017467;-5;2.46607;
0.017472;-5;2.48561;
0.017477;-5;2.50514;
0.017482;-5;2.52466;
0.017487;-5;2.54417;
0.017492;-5;2.56367;
0.017497;-5;2.58317;
0.017502;-5;2.60265;
0.017507;-5;2.62212;
0.017512;-5;2.64158;
0.017517;-5;2.66104;
0.017522;-5;2.68048;
0.017527;-5;2.69991;
0.017532;-5;2.71934;
0.017537;-5;2.73875;
0.017542;-5;2.75816;
0.017547;-5;2.77755;
0.017552;-5;2.79694;
0.017557;-5;2.81631;
0.017562;-5;2.83568;
0.017567;-5;2.85503;
0.017572;-5;2.87438;
0.017577;-5;2.89371;
0.017582;-5;2.91304;
0.017587;-5;2.93236;
0.017592;-5;2.95167;
0.017597;-5;2.97096;
0.017602;-5;2.99025;
0.017607;-5;3.00953;
0.017612;-5;3.0288;
0.017617;-5;3.04806;
0.017622;-5;3.06731;
0.017627;-5;3.08655;
0.017632;-5;3.10578;
0.017637;-5;3.125;
0.017642;-5;3.14421;
0.017647;-5;3.16341;
0.017652;-5;3.18261;
0.017657;-5;3.20179;
0.017662;-5;3.22096;
0.017667;-5;3.24012;
0.017672;-5;3.25928;
0.017677;-5;3.27842;
0.017682;-5;3.29756;
0.017687;-5;3.31668;
0.017692;-5;3.3358;
0.017697;-5;3.3549;
0.017702;-5;3.374;
0.017707;-5;3.39309;
0.017712;-5;3.41216;
0.017717;-5;3.43123;
0.017722;-5;3.45029;
0.017727;-5;3.46934;
0.017732;-5;3.48838;
0.017737;-5;3.50741;
0.017742;-5;3.52643;
0.017747;-5;3.54544;
0.017752;-5;3.56444;
0.017757;-5;3.58343;
0.017762;-5;3.60241;
0.017767;-5;3.62139;
0.017772;-5;3.64035;
0.017777;-5;3.6593;
0.017782;-5;3.67825;
0.017787;-5;3.69718;
0.017792;-5;3.71611;
0.017797;-5;3.73502;
0.017802;-5;3.75393;
0.017807;-5;3.77283;
0.017812;-5;3.79171;
0.017817;-5;3.81059;
0.017822;-5;3.82946;
0.017827;-5;3.84832;
0.017832;-5;3.86717;
0.017837;-5;3.88601;
0.017842;-5;3.90484;
0.017847;-5;3.92366;
0.017852;-5;3.94247;
0.017857;-5;3.96128;
0.017862;-5;3.98007;
0.017867;-5;3.99885;
0.017872;-5;4.01763;
0.017877;-5;4.03639;
0.017882;-5;4.05515;
0.017887;-5;4.07389;
0.017892;-5;4.09263;
0.017897;-5;4.11136;
0.017902;-5;4.13008;
0.017907;-5;4.14879;
0.017912;-5;4.16749;
0.017917;-5;4.18618;
0.017922;-5;4.20486;
0.017927;-5;4.22353;
0.017932;-5;4.24219;
0.017937;-5;4.26084;
0.017942;-5;4.27949;
0.017947;-5;4.29812;
0.017952;-5;4.31675;
0.017957;-5;4.33536;
0.017962;-5;4.35397;
0.017967;-5;4.37256;
0.017972;-5;4.39115;
0.017977;-5;4.40973;
0.017982;-5;4.4283;
0.017987;-5;4.44686;
0.017992;-5;4.46541;
0.017997;-5;4.48395;
0.018;-5;4.49492;
0.0180001;-4;4.49594;
0.0180003;-2;4.49765;
0.0180007;2;4.49944;
0.018001;5;4.49959;
0.0180011;5;4.49891;
0.0180012;5;4.49766;
0.0180016;5;4.49559;
0.0180022;5;4.49224;
0.0180035;5;4.48626;
0.018006;5;4.47445;
0.018011;5;4.45133;
0.018016;5;4.42825;
0.018021;5;4.40516;
0.018026;5;4.3821;
0.018031;5;4.35904;
0.018036;5;4.33599;
0.018041;5;4.31296;
0.018046;5;4.28993;
0.018051;5;4.26692;
0.018056;5;4.24392;
0.018061;5;4.22093;
0.018066;5;4.19796;
0.018071;5;4.17499;
0.018076;5;4.15204;
0.018081;5;4.12909;
0.018086;5;4.10616;
0.018091;5;4.08324;
0.018096;5;4.06034;
0.018101;5;4.03744;
0.018106;5;4.01455;
0.018111;5;3.99168;
0.018116;5;3.96882;
0.018121;5;3.94597;
0.018126;5;3.92313;
0.018131;5;3.9003;
0.018136;5;3.87748;
0.018141;5;3.85468;
0.018146;5;3.83188;
0.018151;5;3.8091;
0.018156;5;3.78633;
0.018161;5;3.76357;
0.018166;5;3.74082;
0.018171;5;3.71809;
0.018176;5;3.69536;
0.018181;5;3.67265;
0.018186;5;3.64994;
0.018191;5;3.62725;
0.018196;5;3.60457;
0.018201;5;3.5819;
0.018206;5;3.55925;
0.018211;5;3.5366;
0.018216;5;3.51396;
0.018221;5;3.49134;
0.018226;5;3.46873;
0.018231;5;3.44613;
0.018236;5;3.42354;
0.018241;5;3.40096;
0.018246;5;3.37839;
0.018251;5;3.35584;
0.018256;5;3.33329;
0.018261;5;3.31076;
0.018266;5;3.28824;
0.018271;5;3.26573;
0.018276;5;3.24323;
0.018281;5;3.22074;
0.018286;5;3.19826;
0.018291;5;3.1758;
0.018296;5;3.15334;
0.018301;5;3.1309;
0.018306;5;3.10847;
0.018311;5;3.08605;
0.018316;5;3.06364;
0.018321;5;3.04124;
0.018326;5;3.01885;
0.018331;5;2.99648;
0.018336;5;2.97411;
0.018341;5;2.95176;
0.018346;5;2.92941;
0.018351;5;2.90708;
0.018356;5;2.88476;
0.018361;5;2.86245;
0.018366;5;2.84016;
0.018371;5;2.81787;
0.018376;5;2.79559;
0.018381;5;2.77333;
0.018386;5;2.75108;
0.018391;5;2.72883;
0.018396;5;2.7066;
0.018401;5;2.68438;
0.018406;5;2.66217;
0.018411;5;2.63998;
0.018416;5;2.61779;
0.018421;5;2.59561;
0.018426;5;2.57345;
0.018431;5;2.5513;
0.018436;5;2.52915;
0.018441;5;2.50702;
0.018446;5;2.4849;
0.018451;5;2.46279;
0.018456;5;2.4407;
0.018461;5;2.41861;
0.018466;5;2.39653;
0.018471;5;2.37447;
0.018476;5;2.35241;
0.018481;5;2.33037;
0.018486;5;2.30834;
0.018491;5;2.28632;
0.018496;5;2.26431;
0.018501;5;2.24231;
0.018506;5;2.22032;
0.018511;5;2.19835;
0.018516;5;2.17638;
0.018521;5;2.15443;
0.018526;5;2.13248;
0.018531;5;2.11055;
0.018536;5;2.08863;
0.018541;5;2.06672;
0.018546;5;2.04482;
0.018551;5;2.02293;
0.018556;5;2.00105;
0.018561;5;1.97918;
0.018566;5;1.95733;
0.018571;5;1.93548;
0.018576;5;1.91365;
0.018581;5;1.89182;
0.018586;5;1.87001;
0.018591;5;1.84821;
0.018596;5;1.82642;
0.018601;5;1.80464;
0.018606;5;1.78287;
0.018611;5;1.76111;
0.018616;5;1.73936;
0.018621;5;1.71763;
0.018626;5;1.6959;
0.018631;5;1.67419;
0.018636;5;1.65248;
0.018641;5;1.63079;
0.018646;5;1.60911;
0.018651;5;1.58744;
0.018656;5;1.56578;
0.018661;5;1.54413;
0.018666;5;1.52249;
0.018671;5;1.50086;
0.018676;5;1.47924;
0.018681;5;1.45764;
0.018686;5;1.43604;
0.018691;5;1.41446;
0.018696;5;1.39288;
0.018701;5;1.37132;
0.018706;5;1.34977;
0.018711;5;1.32823;
0.018716;5;1.30669;
0.018721;5;1.28517;
0.018726;5;1.26367;
0.018731;5;1.24217;
0.018736;5;1.22068;
0.018741;5;1.1992;
0.018746;5;1.17774;
0.018751;5;1.15628;
0.018756;5;1.13483;
0.018761;5;1.1134;
0.018766;5;1.09198;
0.018771;5;1.07056;
0.018776;5;1.04916;
0.018781;5;1.02777;
0.018786;5;1.00639;
0.018791;5;0.985021;
0.018796;5;0.963662;
0.018801;5;0.942313;
0.018806;5;0.920975;
0.018811;5;0.899648;
0.018816;5;0.878331;
0.018821;5;0.857025;
0.018826;5;0.83573;
0.018831;5;0.814445;
0.018836;5;0.793172;
0.018841;5;0.771908;
0.018846;5;0.750655;
0.018851;5;0.729413;
0.018856;5;0.708182;
0.018861;5;0.686961;
0.018866;5;0.665751;
0.018871;5;0.644551;
0.018876;5;0.623362;
0.018881;5;0.602184;
0.018886;5;0.581016;
0.018891;5;0.559859;
0.018896;5;0.538712;
0.018901;5;0.517576;
0.018906;5;0.49645;
0.018911;5;0.475335;
0.018916;5;0.454231;
0.018921;5;0.433137;
0.018926;5;0.412054;
0.018931;5;0.390981;
0.018936;5;0.369918;
0.018941;5;0.348867;
0.018946;5;0.327826;
0.018951;5;0.306795;
0.018956;5;0.285775;
0.018961;5;0.264765;
0.018966;5;0.243766;
0.018971;5;0.222777;
0.018976;5;0.201799;
0.018981;5;0.180831;
0.018986;5;0.159874;
0.018991;5;0.138927;
0.018996;5;0.117991;
0.019001;5;0.0972326;
0.0190011;4;0.0961653;
0.0190013;2;0.0943582;
0.0190017;-2;0.0923853;
0.019002;-5;0.0920858;
0.0190021;-5;0.0927272;
0.0190022;-5;0.0939064;
0.0190026;-5;0.0958212;
0.0190032;-5;0.0988648;
0.0190045;-5;0.10423;
0.019007;-5;0.114824;
0.019012;-5;0.13555;
0.019017;-5;0.156248;
0.019022;-5;0.176949;
0.019027;-5;0.19763;
0.019032;-5;0.218308;
0.019037;-5;0.23897;
0.019042;-5;0.259626;
0.019047;-5;0.280268;
0.019052;-5;0.300903;
0.019057;-5;0.321525;
0.019062;-5;0.342138;
0.019067;-5;0.362741;
0.019072;-5;0.383333;
0.019077;-5;0.403915;
0.019082;-5;0.424487;
0.019087;-5;0.445048;
0.019092;-5;0.465599;
0.019097;-5;0.48614;
0.019102;-5;0.50667;
0.019107;-5;0.52719;
0.019112;-5;0.5477;
0.019117;-5;0.5682;
0.019122;-5;0.58869;
0.019127;-5;0.609169;
0.019132;-5;0.629638;
0.019137;-5;0.650097;
0.019142;-5;0.670545;
0.019147;-5;0.690984;
0.019152;-5;0.711412;
0.019157;-5;0.73183;
0.019162;-5;0.752237;
0.019167;-5;0.772635;
0.019172;-5;0.793022;
0.019177;-5;0.813399;
0.019182;-5;0.833766;
0.019187;-5;0.854123;
0.019192;-5;0.874469;
0.019197;-5;0.894806;
0.019202;-5;0.915132;
0.019207;-5;0.935448;
0.019212;-5;0.955754;
0.019217;-5;0.97605;
0.019222;-5;0.996335;
0.019227;-5;1.01661;
0.019232;-5;1.03688;
0.019237;-5;1.05713;
0.019242;-5;1.07738;
0.019247;-5;1.09761;
0.019252;-5;1.11784;
0.019257;-5;1.13805;
0.019262;-5;1.15826;
0.019267;-5;1.17845;
0.019272;-5;1.19863;
0.019277;-5;1.21881;
0.019282;-5;1.23897;
0.019287;-5;1.25913;
0.019292;-5;1.27927;
0.019297;-5;1.2994;
0.019302;-5;1.31953;
0.019307;-5;1.33964;
0.019312;-5;1.35975;
0.019317;-5;1.37984;
0.019322;-5;1.39992;
0.019327;-5;1.42;
0.019332;-5;1.44006;
0.019337;-5;1.46012;
0.019342;-5;1.48016;
0.019347;-5;1.50019;
0.019352;-5;1.52022;
0.019357;-5;1.54023;
0.019362;-5;1.56023;
0.019367;-5;1.58023;
0.019372;-5;1.60021;
0.019377;-5;1.62018;
0.019382;-5;1.64015;
0.019387;-5;1.6601;
0.019392;-5;1.68004;
0.019397;-5;1.69998;
0.019402;-5;1.7199;
0.019407;-5;1.73982;
0.019412;-5;1.75972;
0.019417;-5;1.77961;
0.019422;-5;1.7995;
0.019427;-5;1.81937;
0.019432;-5;1.83923;
0.019437;-5;1.85909;
0.019442;-5;1.87893;
0.019447;-5;1.89877;
0.019452;-5;1.91859;
0.019457;-5;1.93841;
0.019462;-5;1.95821;
0.019467;-5;1.97801;
0.019472;-5;1.99779;
0.019477;-5;2.01756;
0.019482;-5;2.03733;
0.019487;-5;2.05708;
0.019492;-5;2.07683;
0.019497;-5;2.09657;
0.019502;-5;2.11629;
0.019507;-5;2.13601;
0.019512;-5;2.15571;
0.019517;-5;2.17541;
0.019522;-5;2.19509;
0.019527;-5;2.21477;
0.019532;-5;2.23444;
0.019537;-5;2.25409;
0.019542;-5;2.27374;
0.019547;-5;2.29338;
0.019552;-5;2.313;
0.019557;-5;2.33262;
0.019562;-5;2.35223;
0.019567;-5;2.37183;
0.019572;-5;2.39141;
0.019577;-5;2.41099;
0.019582;-5;2.43056;
0.019587;-5;2.45012;
0.019592;-5;2.46967;
0.019597;-5;2.48921;
0.019602;-5;2.50873;
0.019607;-5;2.52825;
0.019612;-5;2.54776;
0.019617;-5;2.56726;
0.019622;-5;2.58675;
0.019627;-5;2.60623;
0.019632;-5;2.6257;
0.019637;-5;2.64517;
0.019642;-5;2.66462;
0.019647;-5;2.68406;
0.019652;-5;2.70349;
0.019657;-5;2.72291;
0.019662;-5;2.74232;
0.019667;-5;2.76173;
0.019672;-5;2.78112;
0.019677;-5;2.8005;
0.019682;-5;2.81988;
0.019687;-5;2.83924;
0.019692;-5;2.85859;
0.019697;-5;2.87794;
0.019702;-5;2.89727;
0.019707;-5;2.9166;
0.019712;-5;2.93591;
0.019717;-5;2.95522;
0.019722;-5;2.97452;
0.019727;-5;2.9938;
0.019732;-5;3.01308;
0.019737;-5;3.03235;
0.019742;-5;3.0516;
0.019747;-5;3.07085;
0.019752;-5;3.09009;
0.019757;-5;3.10932;
0.019762;-5;3.12854;
0.019767;-5;3.14775;
0.019772;-5;3.16695;
0.019777;-5;3.18614;
0.019782;-5;3.20532;
0.019787;-5;3.22449;
0.019792;-5;3.24365;
0.019797;-5;3.2628;
0.019802;-5;3.28195;
0.019807;-5;3.30108;
0.019812;-5;3.3202;
0.019817;-5;3.33932;
0.019822;-5;3.35842;
0.019827;-5;3.37752;
0.019832;-5;3.3966;
0.019837;-5;3.41568;
0.019842;-5;3.43474;
0.019847;-5;3.4538;
0.019852;-5;3.47285;
0.019857;-5;3.49188;
0.019862;-5;3.51091;
0.019867;-5;3.52993;
0.019872;-5;3.54894;
0.019877;-5;3.56794;
0.019882;-5;3.58693;
0.019887;-5;3.60591;
0.019892;-5;3.62488;
0.019897;-5;3.64384;
0.019902;-5;3.66279;
0.019907;-5;3.68173;
0.019912;-5;3.70067;
0.019917;-5;3.71959;
0.019922;-5;3.7385;
0.019927;-5;3.75741;
0.019932;-5;3.7763;
0.019937;-5;3.79519;
0.019942;-5;3.81407;
0.019947;-5;3.83293;
0.019952;-5;3.85179;
0.019957;-5;3.87064;
0.019962;-5;3.88948;
0.019967;-5;3.90831;
0.019972;-5;3.92713;
0.019977;-5;3.94594;
0.019982;-5;3.96474;
0.019987;-5;3.98353;
0.019992;-5;4.00231;
0.019997;-5;4.02108;
0.02;-5;4.03219;
0.0200001;-4;4.03322;
0.0200003;-2;4.03494;
0.0200007;2;4.03674;
0.020001;5;4.03691;
0.0200011;5;4.03623;
0.0200012;5;4.03498;
0.0200016;5;4.03293;
0.0200022;5;4.02961;
0.0200035;5;4.02369;
0.020006;5;4.01199;
0.020011;5;3.98911;
0.020016;5;3.96626;
0.020021;5;3.9434;
0.020026;5;3.92057;
0.020031;5;3.89774;
0.020036;5;3.87493;
0.020041;5;3.85212;
0.020046;5;3.82933;
0.020051;5;3.80655;
0.020056;5;3.78378;
0.020061;5;3.76102;
0.020066;5;3.73827;
0.020071;5;3.71554;
0.020076;5;3.69281;
0.020081;5;3.6701;
0.020086;5;3.6474;
0.020091;5;3.62471;
0.020096;5;3.60203;
0.020101;5;3.57936;
0.020106;5;3.55671;
0.020111;5;3.53406;
0.020116;5;3.51143;
0.020121;5;3.4888;
0.020126;5;3.46619;
0.020131;5;3.44359;
0.020136;5;3.42101;
0.020141;5;3.39843;
0.020146;5;3.37586;
0.020151;5;3.35331;
0.020156;5;3.33077;
0.020161;5;3.30823;
0.020166;5;3.28571;
0.020171;5;3.2632;
0.020176;5;3.24071;
0.020181;5;3.21822;
0.020186;5;3.19574;
0.020191;5;3.17328;
0.020196;5;3.15083;
0.020201;5;3.12838;
0.020206;5;3.10595;
0.020211;5;3.08353;
0.020216;5;3.06112;
0.020221;5;3.03873;
0.020226;5;3.01634;
0.020231;5;2.99397;
0.020236;5;2.9716;
0.020241;5;2.94925;
0.020246;5;2.92691;
0.020251;5;2.90458;
0.020256;5;2.88226;
0.020261;5;2.85995;
0.020266;5;2.83766;
0.020271;5;2.81537;
0.020276;5;2.7931;
0.020281;5;2.77083;
0.020286;5;2.74858;
0.020291;5;2.72634;
0.020296;5;2.70411;
0.020301;5;2.68189;
0.020306;5;2.65968;
0.020311;5;2.63749;
0.020316;5;2.6153;
0.020321;5;2.59313;
0.020326;5;2.57097;
0.020331;5;2.54881;
0.020336;5;2.52667;
0.020341;5;2.50454;
0.020346;5;2.48242;
0.020351;5;2.46032;
0.020356;5;2.43822;
0.020361;5;2.41613;
0.020366;5;2.39406;
0.020371;5;2.372;
0.020376;5;2.34994;
0.020381;5;2.3279;
0.020386;5;2.30587;
0.020391;5;2.28385;
0.020396;5;2.26184;
0.020401;5;2.23984;
0.020406;5;2.21786;
0.020411;5;2.19588;
0.020416;5;2.17392;
0.020421;5;2.15196;
0.020426;5;2.13002;
0.020431;5;2.10809;
0.020436;5;2.08617;
0.020441;5;2.06426;
0.020446;5;2.04236;
0.020451;5;2.02047;
0.020456;5;1.9986;
0.020461;5;1.97673;
0.020466;5;1.95488;
0.020471;5;1.93303;
0.020476;5;1.9112;
0.020481;5;1.88938;
0.020486;5;1.86756;
0.020491;5;1.84576;
0.020496;5;1.82397;
0.020501;5;1.8022;
0.020506;5;1.78043;
0.020511;5;1.75867;
0.020516;5;1.73693;
0.020521;5;1.71519;
0.020526;5;1.69347;
0.020531;5;1.67175;
0.020536;5;1.65005;
0.020541;5;1.62836;
0.020546;5;1.60668;
0.020551;5;1.58501;
0.020556;5;1.56335;
0.020561;5;1.5417;
0.020566;5;1.52006;
0.020571;5;1.49844;
0.020576;5;1.47682;
0.020581;5;1.45521;
0.020586;5;1.43362;
0.020591;5;1.41204;
0.020596;5;1.39046;
0.020601;5;1.3689;
0.020606;5;1.34735;
0.020611;5;1.32581;
0.020616;5;1.30428;
0.020621;5;1.28276;
0.020626;5;1.26125;
0.020631;5;1.23976;
0.020636;5;1.21827;
0.020641;5;1.19679;
0.020646;5;1.17533;
0.020651;5;1.15387;
0.020656;5;1.13243;
0.020661;5;1.111;
0.020666;5;1.08958;
0.020671;5;1.06816;
0.020676;5;1.04676;
0.020681;5;1.02537;
0.020686;5;1.00399;
0.020691;5;0.982625;
0.020696;5;0.961267;
0.020701;5;0.93992;
0.020706;5;0.918583;
0.020711;5;0.897257;
0.020716;5;0.875942;
0.020721;5;0.854637;
0.020726;5;0.833343;
0.020731;5;0.81206;
0.020736;5;0.790787;
0.020741;5;0.769525;
0.020746;5;0.748273;
0.020751;5;0.727032;
0.020756;5;0.705802;
0.020761;5;0.684582;
0.020766;5;0.663373;
0.020771;5;0.642175;
0.020776;5;0.620987;
0.020781;5;0.59981;
0.020786;5;0.578643;
0.020791;5;0.557487;
0.020796;5;0.536341;
0.020801;5;0.515207;
0.020806;5;0.494082;
0.020811;5;0.472968;
0.020816;5;0.451865;
0.020821;5;0.430772;
0.020826;5;0.40969;
0.020831;5;0.388619;
0.020836;5;0.367557;
0.020841;5;0.346507;
0.020846;5;0.325467;
0.020851;5;0.304437;
0.020856;5;0.283418;
0.020861;5;0.26241;
0.020866;5;0.241412;
0.020871;5;0.220424;
0.020876;5;0.199447;
0.020881;5;0.178481;
0.020886;5;0.157525;
0.020891;5;0.136579;
0.020896;5;0.115644;
0.020901;5;0.0947195;
0.020906;5;0.0738053;
0.020911;5;0.0529016;
0.020916;5;0.0320084;
0.020921;5;0.0111255;
0.020926;5;-0.00974684;
0.020931;5;-0.0306088;
0.020936;5;-0.0514603;
0.020941;5;-0.0723014;
0.020946;5;-0.093132;
0.020951;5;-0.113952;
0.020956;5;-0.134762;
0.020961;5;-0.155562;
0.020966;5;-0.176351;
0.020971;5;-0.197129;
0.020976;5;-0.217898;
0.020981;5;-0.238655;
0.020986;5;-0.259403;
0.020991;5;-0.28014;
0.020996;5;-0.300867;
0.021001;5;-0.321418;
0.0210011;4;-0.322481;
0.0210013;2;-0.324279;
0.0210017;-2;-0.326236;
0.021002;-5;-0.326522;
0.0210021;-5;-0.325878;
0.0210022;-5;-0.324692;
0.0210026;-5;-0.322764;
0.0210032;-5;-0.319693;
0.0210045;-5;-0.314274;
0.021007;-5;-0.303574;
0.021012;-5;-0.282638;
0.021017;-5;-0.261731;
0.021022;-5;-0.240821;
0.021027;-5;-0.219931;
0.021032;-5;-0.199045;
0.021037;-5;-0.178174;
0.021042;-5;-0.15731;
0.021047;-5;-0.136458;
0.021052;-5;-0.115616;
0.021057;-5;-0.0947851;
0.021062;-5;-0.0739638;
0.021067;-5;-0.0531536;
0.021072;-5;-0.0323533;
0.021077;-5;-0.0115637;
0.021082;-5;0.00921573;
0.021087;-5;0.0299846;
0.021092;-5;0.0507432;
0.021097;-5;0.0714913;
0.021102;-5;0.0922292;
0.021107;-5;0.112957;
0.021112;-5;0.133674;
0.021117;-5;0.15438;
0.021122;-5;0.175077;
0.021127;-5;0.195763;
0.021132;-5;0.216438;
0.021137;-5;0.237104;
0.021142;-5;0.257759;
0.021147;-5;0.278403;
0.021152;-5;0.299038;
0.021157;-5;0.319662;
0.021162;-5;0.340276;
0.021167;-5;0.360879;
0.021172;-5;0.381472;
0.021177;-5;0.402055;
0.021182;-5;0.422628;
0.021187;-5;0.44319;
0.021192;-5;0.463742;
0.021197;-5;0.484283;
0.021202;-5;0.504815;
0.021207;-5;0.525336;
0.021212;-5;0.545847;
0.021217;-5;0.566348;
0.021222;-5;0.586838;
0.021227;-5;0.607318;
0.021232;-5;0.627788;
0.021237;-5;0.648248;
0.021242;-5;0.668697;
0.021247;-5;0.689137;
0.021252;-5;0.709566;
0.021257;-5;0.729984;
0.021262;-5;0.750393;
0.021267;-5;0.770791;
0.021272;-5;0.79118;
0.021277;-5;0.811558;
0.021282;-5;0.831925;
0.021287;-5;0.852283;
0.021292;-5;0.872631;
0.021297;-5;0.892968;
0.021302;-5;0.913295;
0.021307;-5;0.933612;
0.021312;-5;0.953919;
0.021317;-5;0.974215;
0.021322;-5;0.994502;
0.021327;-5;1.01478;
0.021332;-5;1.03504;
0.021337;-5;1.0553;
0.021342;-5;1.07555;
0.021347;-5;1.09578;
0.021352;-5;1.11601;
0.021357;-5;1.13622;
0.021362;-5;1.15643;
0.021367;-5;1.17662;
0.021372;-5;1.19681;
0.021377;-5;1.21699;
0.021382;-5;1.23715;
0.021387;-5;1.25731;
0.021392;-5;1.27745;
0.021397;-5;1.29759;
0.021402;-5;1.31771;
0.021407;-5;1.33783;
0.021412;-5;1.35793;
0.021417;-5;1.37802;
0.021422;-5;1.39811;
0.021427;-5;1.41818;
0.021432;-5;1.43825;
0.021437;-5;1.4583;
0.021442;-5;1.47835;
0.021447;-5;1.49838;
0.021452;-5;1.51841;
0.021457;-5;1.53842;
0.021462;-5;1.55843;
0.021467;-5;1.57842;
0.021472;-5;1.5984;
0.021477;-5;1.61838;
0.021482;-5;1.63834;
0.021487;-5;1.6583;
0.021492;-5;1.67824;
0.021497;-5;1.69818;
0.021502;-5;1.7181;
0.021507;-5;1.73802;
0.021512;-5;1.75792;
0.021517;-5;1.77782;
0.021522;-5;1.7977;
0.021527;-5;1.81757;
0.021532;-5;1.83744;
0.021537;-5;1.85729;
0.021542;-5;1.87714;
0.021547;-5;1.89698;
0.021552;-5;1.9168;
0.021557;-5;1.93662;
0.021562;-5;1.95642;
0.021567;-5;1.97622;
0.021572;-5;1.996;
0.021577;-5;2.01578;
0.021582;-5;2.03554;
0.021587;-5;2.0553;
0.021592;-5;2.07505;
0.021597;-5;2.09478;
0.021602;-5;2.11451;
0.021607;-5;2.13422;
0.021612;-5;2.15393;
0.021617;-5;2.17363;
0.021622;-5;2.19331;
0.021627;-5;2.21299;
0.021632;-5;2.23266;
0.021637;-5;2.25232;
0.021642;-5;2.27196;
0.021647;-5;2.2916;
0.021652;-5;2.31123;
0.021657;-5;2.33085;
0.021662;-5;2.35046;
0.021667;-5;2.37005;
0.021672;-5;2.38964;
0.021677;-5;2.40922;
0.021682;-5;2.42879;
0.021687;-5;2.44835;
0.021692;-5;2.4679;
0.021697;-5;2.48744;
0.021702;-5;2.50697;
0.021707;-5;2.52649;
0.021712;-5;2.546;
0.021717;-5;2.5655;
0.021722;-5;2.58499;
0.021727;-5;2.60447;
0.021732;-5;2.62395;
0.021737;-5;2.64341;
0.021742;-5;2.66286;
0.021747;-5;2.6823;
0.021752;-5;2.70173;
0.021757;-5;2.72116;
0.021762;-5;2.74057;
0.021767;-5;2.75997;
0.021772;-5;2.77937;
0.021777;-5;2.79875;
0.021782;-5;2.81813;
0.021787;-5;2.83749;
0.021792;-5;2.85685;
0.021797;-5;2.87619;
0.021802;-5;2.89553;
0.021807;-5;2.91485;
0.021812;-5;2.93417;
0.021817;-5;2.95348;
0.021822;-5;2.97277;
0.021827;-5;2.99206;
0.021832;-5;3.01134;
0.021837;-5;3.03061;
0.021842;-5;3.04986;
0.021847;-5;3.06911;
0.021852;-5;3.08835;
0.021857;-5;3.10758;
0.021862;-5;3.1268;
0.021867;-5;3.14601;
0.021872;-5;3.16521;
0.021877;-5;3.1844;
0.021882;-5;3.20359;
0.021887;-5;3.22276;
0.021892;-5;3.24192;
0.021897;-5;3.26107;
0.021902;-5;3.28022;
0.021907;-5;3.29935;
0.021912;-5;3.31847;
0.021917;-5;3.33759;
0.021922;-5;3.35669;
0.021927;-5;3.37579;
0.021932;-5;3.39488;
0.021937;-5;3.41395;
0.021942;-5;3.43302;
0.021947;-5;3.45208;
0.021952;-5;3.47112;
0.021957;-5;3.49016;
0.021962;-5;3.50919;
0.021967;-5;3.52821;
0.021972;-5;3.54722;
0.021977;-5;3.56622;
0.021982;-5;3.58521;
0.021987;-5;3.60419;
0.021992;-5;3.62316;
0.021997;-5;3.64213;
0.022;-5;3.65335;
0.0220001;-4;3.65438;
0.0220003;-2;3.6561;
0.0220007;2;3.65792;
0.022001;5;3.6581;
0.0220011;5;3.65743;
0.0220012;5;3.65619;
0.0220016;5;3.65414;
0.0220022;5;3.65085;
0.0220035;5;3.64498;
0.022006;5;3.63338;
0.022011;5;3.61069;
0.022016;5;3.58802;
0.022021;5;3.56535;
0.022026;5;3.54271;
0.022031;5;3.52007;
0.022036;5;3.49744;
0.022041;5;3.47483;
0.022046;5;3.45222;
0.022051;5;3.42963;
0.022056;5;3.40705;
0.022061;5;3.38448;
0.022066;5;3.36192;
0.022071;5;3.33937;
0.022076;5;3.31684;
0.022081;5;3.29431;
0.022086;5;3.2718;
0.022091;5;3.2493;
0.022096;5;3.22681;
0.022101;5;3.20433;
0.022106;5;3.18186;
0.022111;5;3.1594;
0.022116;5;3.13695;
0.022121;5;3.11452;
0.022126;5;3.09209;
0.022131;5;3.06968;
0.022136;5;3.04728;
0.022141;5;3.02489;
0.022146;5;3.00251;
0.022151;5;2.98014;
0.022156;5;2.95779;
0.022161;5;2.93544;
0.022166;5;2.91311;
0.022171;5;2.89078;
0.022176;5;2.86847;
0.022181;5;2.84617;
0.022186;5;2.82388;
0.022191;5;2.8016;
0.022196;5;2.77934;
0.022201;5;2.75708;
0.022206;5;2.73483;
0.022211;5;2.7126;
0.022216;5;2.69038;
0.022221;5;2.66817;
0.022226;5;2.64596;
0.022231;5;2.62378;
0.022236;5;2.6016;
0.022241;5;2.57943;
0.022246;5;2.55727;
0.022251;5;2.53513;
0.022256;5;2.51299;
0.022261;5;2.49087;
0.022266;5;2.46876;
0.022271;5;2.44666;
0.022276;5;2.42457;
0.022281;5;2.40249;
0.022286;5;2.38042;
0.022291;5;2.35836;
0.022296;5;2.33632;
0.022301;5;2.31428;
0.022306;5;2.29226;
0.022311;5;2.27025;
0.022316;5;2.24824;
0.022321;5;2.22625;
0.022326;5;2.20427;
0.022331;5;2.18231;
0.022336;5;2.16035;
0.022341;5;2.1384;
0.022346;5;2.11647;
0.022351;5;2.09454;
0.022356;5;2.07263;
0.022361;5;2.05072;
0.022366;5;2.02883;
0.022371;5;2.00695;
0.022376;5;1.98508;
0.022381;5;1.96322;
0.022386;5;1.94137;
0.022391;5;1.91954;
0.022396;5;1.89771;
0.022401;5;1.87589;
0.022406;5;1.85409;
0.022411;5;1.8323;
0.022416;5;1.81051;
0.022421;5;1.78874;
0.022426;5;1.76698;
0.022431;5;1.74523;
0.022436;5;1.72349;
0.022441;5;1.70176;
0.022446;5;1.68004;
0.022451;5;1.65834;
0.022456;5;1.63664;
0.022461;5;1.61496;
0.022466;5;1.59328;
0.022471;5;1.57162;
0.022476;5;1.54997;
0.022481;5;1.52832;
0.022486;5;1.50669;
0.022491;5;1.48507;
0.022496;5;1.46346;
0.022501;5;1.44187;
0.022506;5;1.42028;
0.022511;5;1.3987;
0.022516;5;1.37714;
0.022521;5;1.35558;
0.022526;5;1.33404;
0.022531;5;1.3125;
0.022536;5;1.29098;
0.022541;5;1.26947;
0.022546;5;1.24797;
0.022551;5;1.22648;
0.022556;5;1.205;
0.022561;5;1.18353;
0.022566;5;1.16207;
0.022571;5;1.14062;
0.022576;5;1.11918;
0.022581;5;1.09776;
0.022586;5;1.07634;
0.022591;5;1.05494;
0.022596;5;1.03354;
0.022601;5;1.01216;
0.022606;5;0.990785;
0.022611;5;0.969423;
0.022616;5;0.948072;
0.022621;5;0.926731;
0.022626;5;0.905401;
0.022631;5;0.884081;
0.022636;5;0.862773;
0.022641;5;0.841475;
0.022646;5;0.820187;
0.022651;5;0.79891;
0.022656;5;0.777644;
0.022661;5;0.756388;
0.022666;5;0.735144;
0.022671;5;0.713909;
0.022676;5;0.692685;
0.022681;5;0.671472;
0.022686;5;0.65027;
0.022691;5;0.629078;
0.022696;5;0.607897;
0.022701;5;0.586726;
0.022706;5;0.565566;
0.022711;5;0.544416;
0.022716;5;0.523277;
0.022721;5;0.502149;
0.022726;5;0.481031;
0.022731;5;0.459924;
0.022736;5;0.438827;
0.022741;5;0.417741;
0.022746;5;0.396665;
0.022751;5;0.3756;
0.022756;5;0.354546;
0.022761;5;0.333501;
0.022766;5;0.312468;
0.022771;5;0.291445;
0.022776;5;0.270432;
0.022781;5;0.24943;
0.022786;5;0.228439;
0.022791;5;0.207458;
0.022796;5;0.186487;
0.022801;5;0.165527;
0.022806;5;0.144578;
0.022811;5;0.123639;
0.022816;5;0.10271;
0.022821;5;0.0817918;
0.022826;5;0.0608841;
0.022831;5;0.0399869;
0.022836;5;0.0191001;
0.022841;5;-0.00177628;
0.022846;5;-0.0226422;
0.022851;5;-0.0434977;
0.022856;5;-0.0643428;
0.022861;5;-0.0851774;
0.022866;5;-0.106002;
0.022871;5;-0.126815;
0.022876;5;-0.147619;
0.022881;5;-0.168412;
0.022886;5;-0.189195;
0.022891;5;-0.209967;
0.022896;5;-0.230729;
0.022901;5;-0.25148;
0.022906;5;-0.272221;
0.022911;5;-0.292952;
0.022916;5;-0.313672;
0.022921;5;-0.334382;
0.022926;5;-0.355082;
0.022931;5;-0.375771;
0.022936;5;-0.39645;
0.022941;5;-0.417119;
0.022946;5;-0.437777;
0.022951;5;-0.458425;
0.022956;5;-0.479063;
0.022961;5;-0.49969;
0.022966;5;-0.520307;
0.022971;5;-0.540914;
0.022976;5;-0.56151;
0.022981;5;-0.582096;
0.022986;5;-0.602672;
0.022991;5;-0.623238;
0.022996;5;-0.643793;
0.023001;5;-0.664173;
0.0230011;4;-0.665233;
0.0230013;2;-0.667025;
0.0230017;-2;-0.668967;
0.023002;-5;-0.669244;
0.0230021;-5;-0.668597;
0.0230022;-5;-0.667405;
0.0230026;-5;-0.665466;
0.0230032;-5;-0.662374;
0.0230045;-5;-0.656911;
0.023007;-5;-0.646123;
0.023012;-5;-0.625016;
0.023017;-5;-0.603937;
0.023022;-5;-0.582856;
0.023027;-5;-0.561795;
0.023032;-5;-0.540738;
0.023037;-5;-0.519696;
0.023042;-5;-0.498662;
0.023047;-5;-0.47764;
0.023052;-5;-0.456627;
0.023057;-5;-0.435625;
0.023062;-5;-0.414634;
0.023067;-5;-0.393653;
0.023072;-5;-0.372683;
0.023077;-5;-0.351723;
0.023082;-5;-0.330773;
0.023087;-5;-0.309835;
0.023092;-5;-0.288906;
0.023097;-5;-0.267988;
0.023102;-5;-0.247081;
0.023107;-5;-0.226184;
0.023112;-5;-0.205297;
0.023117;-5;-0.184421;
0.023122;-5;-0.163555;
0.023127;-5;-0.1427;
0.023132;-5;-0.121855;
0.023137;-5;-0.10102;
0.023142;-5;-0.0801964;
0.023147;-5;-0.0593828;
0.023152;-5;-0.0385796;
0.023157;-5;-0.0177868;
0.023162;-5;0.00299567;
0.023167;-5;0.0237677;
0.023172;-5;0.0445294;
0.023177;-5;0.0652806;
0.023182;-5;0.0860216;
0.023187;-5;0.106752;
0.023192;-5;0.127472;
0.023197;-5;0.148182;
0.023202;-5;0.168882;
0.023207;-5;0.189571;
0.023212;-5;0.210249;
0.023217;-5;0.230918;
0.023222;-5;0.251576;
0.023227;-5;0.272224;
0.023232;-5;0.292861;
0.023237;-5;0.313488;
0.023242;-5;0.334105;
0.023247;-5;0.354712;
0.023252;-5;0.375308;
0.023257;-5;0.395894;
0.023262;-5;0.416469;
0.023267;-5;0.437035;
0.023272;-5;0.45759;
0.023277;-5;0.478135;
0.023282;-5;0.498669;
0.023287;-5;0.519193;
0.023292;-5;0.539707;
0.023297;-5;0.560211;
0.023302;-5;0.580705;
0.023307;-5;0.601188;
0.023312;-5;0.621661;
0.023317;-5;0.642124;
0.023322;-5;0.662576;
0.023327;-5;0.683018;
0.023332;-5;0.70345;
0.023337;-5;0.723872;
0.023342;-5;0.744284;
0.023347;-5;0.764685;
0.023352;-5;0.785077;
0.023357;-5;0.805458;
0.023362;-5;0.825829;
0.023367;-5;0.846189;
0.023372;-5;0.86654;
0.023377;-5;0.88688;
0.023382;-5;0.90721;
0.023387;-5;0.92753;
0.023392;-5;0.94784;
0.023397;-5;0.96814;
0.023402;-5;0.988429;
0.023407;-5;1.00871;
0.023412;-5;1.02898;
0.023417;-5;1.04924;
0.023422;-5;1.06949;
0.023427;-5;1.08973;
0.023432;-5;1.10995;
0.023437;-5;1.13017;
0.023442;-5;1.15038;
0.023447;-5;1.17058;
0.023452;-5;1.19077;
0.023457;-5;1.21095;
0.023462;-5;1.23111;
0.023467;-5;1.25127;
0.023472;-5;1.27142;
0.023477;-5;1.29156;
0.023482;-5;1.31169;
0.023487;-5;1.3318;
0.023492;-5;1.35191;
0.023497;-5;1.37201;
0.023502;-5;1.3921;
0.023507;-5;1.41217;
0.023512;-5;1.43224;
0.023517;-5;1.4523;
0.023522;-5;1.47235;
0.023527;-5;1.49238;
0.023532;-5;1.51241;
0.023537;-5;1.53243;
0.023542;-5;1.55244;
0.023547;-5;1.57243;
0.023552;-5;1.59242;
0.023557;-5;1.6124;
0.023562;-5;1.63237;
0.023567;-5;1.65232;
0.023572;-5;1.67227;
0.023577;-5;1.69221;
0.023582;-5;1.71214;
0.023587;-5;1.73205;
0.023592;-5;1.75196;
0.023597;-5;1.77186;
0.023602;-5;1.79175;
0.023607;-5;1.81163;
0.023612;-5;1.83149;
0.023617;-5;1.85135;
0.023622;-5;1.8712;
0.023627;-5;1.89104;
0.023632;-5;1.91087;
0.023637;-5;1.93068;
0.023642;-5;1.95049;
0.023647;-5;1.97029;
0.023652;-5;1.99008;
0.023657;-5;2.00986;
0.023662;-5;2.02963;
0.023667;-5;2.04939;
0.023672;-5;2.06913;
0.023677;-5;2.08887;
0.023682;-5;2.1086;
0.023687;-5;2.12832;
0.023692;-5;2.14803;
0.023697;-5;2.16773;
0.023702;-5;2.18742;
0.023707;-5;2.2071;
0.023712;-5;2.22677;
0.023717;-5;2.24643;
0.023722;-5;2.26608;
0.023727;-5;2.28572;
0.023732;-5;2.30535;
0.023737;-5;2.32498;
0.023742;-5;2.34459;
0.023747;-5;2.36419;
0.023752;-5;2.38378;
0.023757;-5;2.40336;
0.023762;-5;2.42293;
0.023767;-5;2.4425;
0.023772;-5;2.46205;
0.023777;-5;2.48159;
0.023782;-5;2.50112;
0.023787;-5;2.52065;
0.023792;-5;2.54016;
0.023797;-5;2.55966;
0.023802;-5;2.57916;
0.023807;-5;2.59864;
0.023812;-5;2.61812;
0.023817;-5;2.63758;
0.023822;-5;2.65704;
0.023827;-5;2.67648;
0.023832;-5;2.69592;
0.023837;-5;2.71534;
0.023842;-5;2.73476;
0.023847;-5;2.75417;
0.023852;-5;2.77356;
0.023857;-5;2.79295;
0.023862;-5;2.81233;
0.023867;-5;2.83169;
0.023872;-5;2.85105;
0.023877;-5;2.8704;
0.023882;-5;2.88974;
0.023887;-5;2.90907;
0.023892;-5;2.92839;
0.023897;-5;2.9477;
0.023902;-5;2.967;
0.023907;-5;2.98629;
0.023912;-5;3.00557;
0.023917;-5;3.02484;
0.023922;-5;3.0441;
0.023927;-5;3.06335;
0.023932;-5;3.08259;
0.023937;-5;3.10183;
0.023942;-5;3.12105;
0.023947;-5;3.14026;
0.023952;-5;3.15947;
0.023957;-5;3.17866;
0.023962;-5;3.19784;
0.023967;-5;3.21702;
0.023972;-5;3.23618;
0.023977;-5;3.25534;
0.023982;-5;3.27449;
0.023987;-5;3.29362;
0.023992;-5;3.31275;
0.023997;-5;3.33187;
0.024;-5;3.34318;
0.0240001;-4;3.34421;
0.0240003;-2;3.34595;
0.0240007;2;3.34777;
0.024001;5;3.34796;
0.0240011;5;3.34729;
0.0240012;5;3.34606;
0.0240016;5;3.34403;
0.0240022;5;3.34075;
0.0240035;5;3.33492;
0.024006;5;3.3234;
0.024011;5;3.30086;
0.024016;5;3.27835;
0.024021;5;3.25584;
0.024026;5;3.23335;
0.024031;5;3.21086;
0.024036;5;3.18839;
0.024041;5;3.16593;
0.024046;5;3.14348;
0.024051;5;3.12104;
0.024056;5;3.09862;
0.024061;5;3.0762;
0.024066;5;3.0538;
0.024071;5;3.0314;
0.024076;5;3.00902;
0.024081;5;2.98665;
0.024086;5;2.96429;
0.024091;5;2.94194;
0.024096;5;2.9196;
0.024101;5;2.89728;
0.024106;5;2.87496;
0.024111;5;2.85266;
0.024116;5;2.83037;
0.024121;5;2.80808;
0.024126;5;2.78581;
0.024131;5;2.76355;
0.024136;5;2.7413;
0.024141;5;2.71907;
0.024146;5;2.69684;
0.024151;5;2.67463;
0.024156;5;2.65242;
0.024161;5;2.63023;
0.024166;5;2.60805;
0.024171;5;2.58588;
0.024176;5;2.56372;
0.024181;5;2.54157;
0.024186;5;2.51943;
0.024191;5;2.49731;
0.024196;5;2.47519;
0.024201;5;2.45309;
0.024206;5;2.43099;
0.024211;5;2.40891;
0.024216;5;2.38684;
0.024221;5;2.36478;
0.024226;5;2.34273;
0.024231;5;2.32069;
0.024236;5;2.29867;
0.024241;5;2.27665;
0.024246;5;2.25465;
0.024251;5;2.23265;
0.024256;5;2.21067;
0.024261;5;2.1887;
0.024266;5;2.16674;
0.024271;5;2.14479;
0.024276;5;2.12285;
0.024281;5;2.10092;
0.024286;5;2.079;
0.024291;5;2.05709;
0.024296;5;2.0352;
0.024301;5;2.01332;
0.024306;5;1.99144;
0.024311;5;1.96958;
0.024316;5;1.94773;
0.024321;5;1.92589;
0.024326;5;1.90406;
0.024331;5;1.88224;
0.024336;5;1.86043;
0.024341;5;1.83863;
0.024346;5;1.81685;
0.024351;5;1.79507;
0.024356;5;1.77331;
0.024361;5;1.75156;
0.024366;5;1.72981;
0.024371;5;1.70808;
0.024376;5;1.68636;
0.024381;5;1.66465;
0.024386;5;1.64295;
0.024391;5;1.62126;
0.024396;5;1.59959;
0.024401;5;1.57792;
0.024406;5;1.55627;
0.024411;5;1.53462;
0.024416;5;1.51299;
0.024421;5;1.49136;
0.024426;5;1.46975;
0.024431;5;1.44815;
0.024436;5;1.42656;
0.024441;5;1.40498;
0.024446;5;1.38341;
0.024451;5;1.36185;
0.024456;5;1.3403;
0.024461;5;1.31877;
0.024466;5;1.29724;
0.024471;5;1.27572;
0.024476;5;1.25422;
0.024481;5;1.23273;
0.024486;5;1.21124;
0.024491;5;1.18977;
0.024496;5;1.16831;
0.024501;5;1.14686;
0.024506;5;1.12542;
0.024511;5;1.10399;
0.024516;5;1.08257;
0.024521;5;1.06116;
0.024526;5;1.03976;
0.024531;5;1.01838;
0.024536;5;0.997002;
0.024541;5;0.975637;
0.024546;5;0.954283;
0.024551;5;0.932939;
0.024556;5;0.911606;
0.024561;5;0.890283;
0.024566;5;0.868971;
0.024571;5;0.84767;
0.024576;5;0.826379;
0.024581;5;0.805099;
0.024586;5;0.78383;
0.024591;5;0.762571;
0.024596;5;0.741323;
0.024601;5;0.720086;
0.024606;5;0.698859;
0.024611;5;0.677643;
0.024616;5;0.656437;
0.024621;5;0.635242;
0.024626;5;0.614058;
0.024631;5;0.592884;
0.024636;5;0.571721;
0.024641;5;0.550568;
0.024646;5;0.529426;
0.024651;5;0.508295;
0.024656;5;0.487174;
0.024661;5;0.466064;
0.024666;5;0.444964;
0.024671;5;0.423875;
0.024676;5;0.402796;
0.024681;5;0.381728;
0.024686;5;0.36067;
0.024691;5;0.339623;
0.024696;5;0.318586;
0.024701;5;0.29756;
0.024706;5;0.276545;
0.024711;5;0.25554;
0.024716;5;0.234545;
0.024721;5;0.213561;
0.024726;5;0.192587;
0.024731;5;0.171624;
0.024736;5;0.150672;
0.024741;5;0.12973;
0.024746;5;0.108798;
0.024751;5;0.0878767;
0.024756;5;0.0669659;
0.024761;5;0.0460656;
0.024766;5;0.0251758;
0.024771;5;0.0042964;
0.024776;5;-0.0165726;
0.024781;5;-0.0374311;
0.024786;5;-0.0582792;
0.024791;5;-0.0791169;
0.024796;5;-0.0999441;
0.024801;5;-0.120761;
0.024806;5;-0.141567;
0.024811;5;-0.162363;
0.024816;5;-0.183149;
0.024821;5;-0.203924;
0.024826;5;-0.224689;
0.024831;5;-0.245444;
0.024836;5;-0.266188;
0.024841;5;-0.286922;
0.024846;5;-0.307645;
0.024851;5;-0.328358;
0.024856;5;-0.349061;
0.024861;5;-0.369753;
0.024866;5;-0.390435;
0.024871;5;-0.411107;
0.024876;5;-0.431768;
0.024881;5;-0.452419;
0.024886;5;-0.473059;
0.024891;5;-0.49369;
0.024896;5;-0.51431;
0.024901;5;-0.534919;
0.024906;5;-0.555519;
0.024911;5;-0.576108;
0.024916;5;-0.596687;
0.024921;5;-0.617255;
0.024926;5;-0.637814;
0.024931;5;-0.658361;
0.024936;5;-0.678899;
0.024941;5;-0.699427;
0.024946;5;-0.719944;
0.024951;5;-0.740451;
0.024956;5;-0.760947;
0.024961;5;-0.781434;
0.024966;5;-0.80191;
0.024971;5;-0.822376;
0.024976;5;-0.842831;
0.024981;5;-0.863277;
0.024986;5;-0.883712;
0.024991;5;-0.904137;
0.024996;5;-0.924552;
0.025001;5;-0.944793;
0.0250011;4;-0.94585;
0.0250013;2;-0.947637;
0.0250017;-2;-0.949568;
0.025002;-5;-0.949836;
0.0250021;-5;-0.949186;
0.0250022;-5;-0.94799;
0.0250026;-5;-0.946042;
0.0250032;-5;-0.942932;
0.0250045;-5;-0.937433;
0.025007;-5;-0.926573;
0.025012;-5;-0.905326;
0.025017;-5;-0.884107;
0.025022;-5;-0.862887;
0.025027;-5;-0.841686;
0.025032;-5;-0.820488;
0.025037;-5;-0.799307;
0.025042;-5;-0.778132;
0.025047;-5;-0.756971;
0.025052;-5;-0.735818;
0.025057;-5;-0.714677;
0.025062;-5;-0.693546;
0.025067;-5;-0.672426;
0.025072;-5;-0.651316;
0.025077;-5;-0.630217;
0.025082;-5;-0.609128;
0.025087;-5;-0.58805;
0.025092;-5;-0.566983;
0.025097;-5;-0.545926;
0.025102;-5;-0.524879;
0.025107;-5;-0.503843;
0.025112;-5;-0.482818;
0.025117;-5;-0.461803;
0.025122;-5;-0.440799;
0.025127;-5;-0.419805;
0.025132;-5;-0.398821;
0.025137;-5;-0.377848;
0.025142;-5;-0.356886;
0.025147;-5;-0.335934;
0.025152;-5;-0.314993;
0.025157;-5;-0.294062;
0.025162;-5;-0.273141;
0.025167;-5;-0.252231;
0.025172;-5;-0.231331;
0.025177;-5;-0.210442;
0.025182;-5;-0.189563;
0.025187;-5;-0.168695;
0.025192;-5;-0.147837;
0.025197;-5;-0.12699;
0.025202;-5;-0.106153;
0.025207;-5;-0.0853262;
0.025212;-5;-0.06451;
0.025217;-5;-0.0437042;
0.025222;-5;-0.0229088;
0.025227;-5;-0.00212379;
0.025232;-5;0.0186508;
0.025237;-5;0.039415;
0.025242;-5;0.0601689;
0.025247;-5;0.0809123;
0.025252;-5;0.101645;
0.025257;-5;0.122368;
0.025262;-5;0.143081;
0.025267;-5;0.163783;
0.025272;-5;0.184474;
0.025277;-5;0.205155;
0.025282;-5;0.225826;
0.025287;-5;0.246487;
0.025292;-5;0.267137;
0.025297;-5;0.287777;
0.025302;-5;0.308407;
0.025307;-5;0.329026;
0.025312;-5;0.349636;
0.025317;-5;0.370234;
0.025322;-5;0.390823;
0.025327;-5;0.411401;
0.025332;-5;0.431969;
0.025337;-5;0.452526;
0.025342;-5;0.473074;
0.025347;-5;0.493611;
0.025352;-5;0.514137;
0.025357;-5;0.534654;
0.025362;-5;0.55516;
0.025367;-5;0.575656;
0.025372;-5;0.596142;
0.025377;-5;0.616618;
0.025382;-5;0.637083;
0.025387;-5;0.657538;
0.025392;-5;0.677983;
0.025397;-5;0.698417;
0.025402;-5;0.718842;
0.025407;-5;0.739256;
0.025412;-5;0.75966;
0.025417;-5;0.780054;
0.025422;-5;0.800437;
0.025427;-5;0.820811;
0.025432;-5;0.841174;
0.025437;-5;0.861527;
0.025442;-5;0.88187;
0.025447;-5;0.902202;
0.025452;-5;0.922525;
0.025457;-5;0.942837;
0.025462;-5;0.963139;
0.025467;-5;0.983431;
0.025472;-5;1.00371;
0.025477;-5;1.02399;
0.025482;-5;1.04425;
0.025487;-5;1.0645;
0.025492;-5;1.08474;
0.025497;-5;1.10497;
0.025502;-5;1.12519;
0.025507;-5;1.1454;
0.025512;-5;1.1656;
0.025517;-5;1.18579;
0.025522;-5;1.20598;
0.025527;-5;1.22615;
0.025532;-5;1.24631;
0.025537;-5;1.26646;
0.025542;-5;1.2866;
0.025547;-5;1.30673;
0.025552;-5;1.32685;
0.025557;-5;1.34696;
0.025562;-5;1.36706;
0.025567;-5;1.38715;
0.025572;-5;1.40723;
0.025577;-5;1.4273;
0.025582;-5;1.44736;
0.025587;-5;1.46741;
0.025592;-5;1.48745;
0.025597;-5;1.50748;
0.025602;-5;1.5275;
0.025607;-5;1.54751;
0.025612;-5;1.56751;
0.025617;-5;1.5875;
0.025622;-5;1.60748;
0.025627;-5;1.62745;
0.025632;-5;1.64741;
0.025637;-5;1.66736;
0.025642;-5;1.6873;
0.025647;-5;1.70723;
0.025652;-5;1.72715;
0.025657;-5;1.74706;
0.025662;-5;1.76696;
0.025667;-5;1.78685;
0.025672;-5;1.80673;
0.025677;-5;1.8266;
0.025682;-5;1.84646;
0.025687;-5;1.86631;
0.025692;-5;1.88615;
0.025697;-5;1.90598;
0.025702;-5;1.9258;
0.025707;-5;1.94561;
0.025712;-5;1.96541;
0.025717;-5;1.9852;
0.025722;-5;2.00499;
0.025727;-5;2.02476;
0.025732;-5;2.04452;
0.025737;-5;2.06427;
0.025742;-5;2.08401;
0.025747;-5;2.10374;
0.025752;-5;2.12347;
0.025757;-5;2.14318;
0.025762;-5;2.16288;
0.025767;-5;2.18257;
0.025772;-5;2.20225;
0.025777;-5;2.22193;
0.025782;-5;2.24159;
0.025787;-5;2.26124;
0.025792;-5;2.28089;
0.025797;-5;2.30052;
0.025802;-5;2.32014;
0.025807;-5;2.33976;
0.025812;-5;2.35936;
0.025817;-5;2.37895;
0.025822;-5;2.39854;
0.025827;-5;2.41811;
0.025832;-5;2.43768;
0.025837;-5;2.45723;
0.025842;-5;2.47678;
0.025847;-5;2.49631;
0.025852;-5;2.51584;
0.025857;-5;2.53535;
0.025862;-5;2.55486;
0.025867;-5;2.57436;
0.025872;-5;2.59384;
0.025877;-5;2.61332;
0.025882;-5;2.63279;
0.025887;-5;2.65224;
0.025892;-5;2.67169;
0.025897;-5;2.69113;
0.025902;-5;2.71056;
0.025907;-5;2.72998;
0.025912;-5;2.74939;
0.025917;-5;2.76878;
0.025922;-5;2.78817;
0.025927;-5;2.80755;
0.025932;-5;2.82692;
0.025937;-5;2.84628;
0.025942;-5;2.86563;
0.025947;-5;2.88498;
0.025952;-5;2.90431;
0.025957;-5;2.92363;
0.025962;-5;2.94294;
0.025967;-5;2.96224;
0.025972;-5;2.98153;
0.025977;-5;3.00082;
0.025982;-5;3.02009;
0.025987;-5;3.03936;
0.025992;-5;3.05861;
0.025997;-5;3.07785;
0.026;-5;3.08924;
0.0260001;-4;3.09028;
0.0260003;-2;3.09202;
0.0260007;2;3.09385;
0.026001;5;3.09405;
0.0260011;5;3.09338;
0.0260012;5;3.09215;
0.0260016;5;3.09013;
0.0260022;5;3.08687;
0.0260035;5;3.08107;
0.026006;5;3.06961;
0.026011;5;3.0472;
0.026016;5;3.02482;
0.026021;5;3.00244;
0.026026;5;2.98007;
0.026031;5;2.95771;
0.026036;5;2.93537;
0.026041;5;2.91303;
0.026046;5;2.89071;
0.026051;5;2.8684;
0.026056;5;2.8461;
0.026061;5;2.82381;
0.026066;5;2.80153;
0.026071;5;2.77926;
0.026076;5;2.75701;
0.026081;5;2.73476;
0.026086;5;2.71253;
0.026091;5;2.6903;
0.026096;5;2.66809;
0.026101;5;2.64589;
0.026106;5;2.6237;
0.026111;5;2.60152;
0.026116;5;2.57936;
0.026121;5;2.5572;
0.026126;5;2.53505;
0.026131;5;2.51292;
0.026136;5;2.4908;
0.026141;5;2.46869;
0.026146;5;2.44658;
0.026151;5;2.42449;
0.026156;5;2.40242;
0.026161;5;2.38035;
0.026166;5;2.35829;
0.026171;5;2.33625;
0.026176;5;2.31421;
0.026181;5;2.29219;
0.026186;5;2.27017;
0.026191;5;2.24817;
0.026196;5;2.22618;
0.026201;5;2.2042;
0.026206;5;2.18223;
0.026211;5;2.16028;
0.026216;5;2.13833;
0.026221;5;2.11639;
0.026226;5;2.09447;
0.026231;5;2.07255;
0.026236;5;2.05065;
0.026241;5;2.02876;
0.026246;5;2.00688;
0.026251;5;1.98501;
0.026256;5;1.96315;
0.026261;5;1.9413;
0.026266;5;1.91946;
0.026271;5;1.89764;
0.026276;5;1.87582;
0.026281;5;1.85402;
0.026286;5;1.83222;
0.026291;5;1.81044;
0.026296;5;1.78867;
0.026301;5;1.76691;
0.026306;5;1.74516;
0.026311;5;1.72342;
0.026316;5;1.70169;
0.026321;5;1.67997;
0.026326;5;1.65827;
0.026331;5;1.63657;
0.026336;5;1.61489;
0.026341;5;1.59321;
0.026346;5;1.57155;
0.026351;5;1.5499;
0.026356;5;1.52825;
0.026361;5;1.50662;
0.026366;5;1.485;
0.026371;5;1.46339;
0.026376;5;1.4418;
0.026381;5;1.42021;
0.026386;5;1.39863;
0.026391;5;1.37706;
0.026396;5;1.35551;
0.026401;5;1.33397;
0.026406;5;1.31243;
0.026411;5;1.29091;
0.026416;5;1.2694;
0.026421;5;1.2479;
0.026426;5;1.2264;
0.026431;5;1.20492;
0.026436;5;1.18346;
0.026441;5;1.162;
0.026446;5;1.14055;
0.026451;5;1.11911;
0.026456;5;1.09769;
0.026461;5;1.07627;
0.026466;5;1.05487;
0.026471;5;1.03347;
0.026476;5;1.01209;
0.026481;5;0.990715;
0.026486;5;0.969353;
0.026491;5;0.948002;
0.026496;5;0.926661;
0.026501;5;0.905331;
0.026506;5;0.884011;
0.026511;5;0.862703;
0.026516;5;0.841405;
0.026521;5;0.820117;
0.026526;5;0.79884;
0.026531;5;0.777574;
0.026536;5;0.756319;
0.026541;5;0.735074;
0.026546;5;0.713839;
0.026551;5;0.692616;
0.026556;5;0.671403;
0.026561;5;0.6502;
0.026566;5;0.629008;
0.026571;5;0.607827;
0.026576;5;0.586656;
0.026581;5;0.565496;
0.026586;5;0.544347;
0.026591;5;0.523208;
0.026596;5;0.502079;
0.026601;5;0.480962;
0.026606;5;0.459854;
0.026611;5;0.438758;
0.026616;5;0.417671;
0.026621;5;0.396596;
0.026626;5;0.375531;
0.026631;5;0.354476;
0.026636;5;0.333432;
0.026641;5;0.312399;
0.026646;5;0.291376;
0.026651;5;0.270363;
0.026656;5;0.249361;
0.026661;5;0.22837;
0.026666;5;0.207389;
0.026671;5;0.186418;
0.026676;5;0.165458;
0.026681;5;0.144509;
0.026686;5;0.12357;
0.026691;5;0.102641;
0.026696;5;0.081723;
0.026701;5;0.0608154;
0.026706;5;0.0399181;
0.026711;5;0.0190314;
0.026716;5;-0.00184495;
0.026721;5;-0.0227108;
0.026726;5;-0.0435663;
0.026731;5;-0.0644113;
0.026736;5;-0.0852459;
0.026741;5;-0.10607;
0.026746;5;-0.126884;
0.026751;5;-0.147687;
0.026756;5;-0.16848;
0.026761;5;-0.189263;
0.026766;5;-0.210035;
0.026771;5;-0.230797;
0.026776;5;-0.251548;
0.026781;5;-0.272289;
0.026786;5;-0.29302;
0.026791;5;-0.31374;
0.026796;5;-0.33445;
0.026801;5;-0.35515;
0.026806;5;-0.375839;
0.026811;5;-0.396518;
0.026816;5;-0.417187;
0.026821;5;-0.437845;
0.026826;5;-0.458493;
0.026831;5;-0.479131;
0.026836;5;-0.499758;
0.026841;5;-0.520375;
0.026846;5;-0.540982;
0.026851;5;-0.561578;
0.026856;5;-0.582164;
0.026861;5;-0.60274;
0.026866;5;-0.623305;
0.026871;5;-0.64386;
0.026876;5;-0.664405;
0.026881;5;-0.68494;
0.026886;5;-0.705464;
0.026891;5;-0.725979;
0.026896;5;-0.746482;
0.026901;5;-0.766976;
0.026906;5;-0.787459;
0.026911;5;-0.807933;
0.026916;5;-0.828396;
0.026921;5;-0.848848;
0.026926;5;-0.869291;
0.026931;5;-0.889723;
0.026936;5;-0.910145;
0.026941;5;-0.930557;
0.026946;5;-0.950958;
0.026951;5;-0.97135;
0.026956;5;-0.991731;
0.026961;5;-1.0121;
0.026966;5;-1.03246;
0.026971;5;-1.05281;
0.026976;5;-1.07315;
0.026981;5;-1.09348;
0.026986;5;-1.1138;
0.026991;5;-1.13411;
0.026996;5;-1.15441;
0.027001;5;-1.17454;
0.0270011;4;-1.1756;
0.0270013;2;-1.17738;
0.0270017;-2;-1.1793;
0.027002;-5;-1.17956;
0.0270021;-5;-1.17891;
0.0270022;-5;-1.17771;
0.0270026;-5;-1.17575;
0.0270032;-5;-1.17263;
0.0270045;-5;-1.1671;
0.027007;-5;-1.15618;
0.027012;-5;-1.13482;
0.027017;-5;-1.11349;
0.027022;-5;-1.09215;
0.027027;-5;-1.07084;
0.027032;-5;-1.04952;
0.027037;-5;-1.02823;
0.027042;-5;-1.00694;
0.027047;-5;-0.985664;
0.027052;-5;-0.964397;
0.027057;-5;-0.943141;
0.027062;-5;-0.921896;
0.027067;-5;-0.900662;
0.027072;-5;-0.879438;
0.027077;-5;-0.858225;
0.027082;-5;-0.837022;
0.027087;-5;-0.81583;
0.027092;-5;-0.794649;
0.027097;-5;-0.773478;
0.027102;-5;-0.752318;
0.027107;-5;-0.731168;
0.027112;-5;-0.710029;
0.027117;-5;-0.688901;
0.027122;-5;-0.667783;
0.027127;-5;-0.646675;
0.027132;-5;-0.625578;
0.027137;-5;-0.604492;
0.027142;-5;-0.583416;
0.027147;-5;-0.562351;
0.027152;-5;-0.541297;
0.027157;-5;-0.520252;
0.027162;-5;-0.499219;
0.027167;-5;-0.478196;
0.027172;-5;-0.457183;
0.027177;-5;-0.436181;
0.027182;-5;-0.415189;
0.027187;-5;-0.394208;
0.027192;-5;-0.373238;
0.027197;-5;-0.352278;
0.027202;-5;-0.331328;
0.027207;-5;-0.310389;
0.027212;-5;-0.28946;
0.027217;-5;-0.268542;
0.027222;-5;-0.247634;
0.027227;-5;-0.226737;
0.027232;-5;-0.20585;
0.027237;-5;-0.184973;
0.027242;-5;-0.164107;
0.027247;-5;-0.143252;
0.027252;-5;-0.122407;
0.027257;-5;-0.101572;
0.027262;-5;-0.0807476;
0.027267;-5;-0.0599337;
0.027272;-5;-0.0391302;
0.027277;-5;-0.0183371;
0.027282;-5;0.00244564;
0.027287;-5;0.023218;
0.027292;-5;0.0439799;
0.027297;-5;0.0647314;
0.027302;-5;0.0854726;
0.027307;-5;0.106203;
0.027312;-5;0.126924;
0.027317;-5;0.147634;
0.027322;-5;0.168334;
0.027327;-5;0.189023;
0.027332;-5;0.209702;
0.027337;-5;0.230371;
0.027342;-5;0.251029;
0.027347;-5;0.271677;
0.027352;-5;0.292315;
0.027357;-5;0.312942;
0.027362;-5;0.333559;
0.027367;-5;0.354166;
0.027372;-5;0.374763;
0.027377;-5;0.395349;
0.027382;-5;0.415925;
0.027387;-5;0.43649;
0.027392;-5;0.457046;
0.027397;-5;0.477591;
0.027402;-5;0.498126;
0.027407;-5;0.51865;
0.027412;-5;0.539164;
0.027417;-5;0.559668;
0.027422;-5;0.580162;
0.027427;-5;0.600646;
0.027432;-5;0.621119;
0.027437;-5;0.641582;
0.027442;-5;0.662035;
0.027447;-5;0.682477;
0.027452;-5;0.70291;
0.027457;-5;0.723332;
0.027462;-5;0.743744;
0.027467;-5;0.764145;
0.027472;-5;0.784537;
0.027477;-5;0.804918;
0.027482;-5;0.825289;
0.027487;-5;0.84565;
0.027492;-5;0.866001;
0.027497;-5;0.886342;
0.027502;-5;0.906672;
0.027507;-5;0.926993;
0.027512;-5;0.947303;
0.027517;-5;0.967603;
0.027522;-5;0.987892;
0.027527;-5;1.00817;
0.027532;-5;1.02844;
0.027537;-5;1.0487;
0.027542;-5;1.06895;
0.027547;-5;1.08919;
0.027552;-5;1.10942;
0.027557;-5;1.12964;
0.027562;-5;1.14985;
0.027567;-5;1.17004;
0.027572;-5;1.19023;
0.027577;-5;1.21041;
0.027582;-5;1.23058;
0.027587;-5;1.25074;
0.027592;-5;1.27089;
0.027597;-5;1.29103;
0.027602;-5;1.31115;
0.027607;-5;1.33127;
0.027612;-5;1.35138;
0.027617;-5;1.37148;
0.027622;-5;1.39157;
0.027627;-5;1.41164;
0.027632;-5;1.43171;
0.027637;-5;1.45177;
0.027642;-5;1.47182;
0.027647;-5;1.49185;
0.027652;-5;1.51188;
0.027657;-5;1.5319;
0.027662;-5;1.55191;
0.027667;-5;1.57191;
0.027672;-5;1.59189;
0.027677;-5;1.61187;
0.027682;-5;1.63184;
0.027687;-5;1.6518;
0.027692;-5;1.67174;
0.027697;-5;1.69168;
0.027702;-5;1.71161;
0.027707;-5;1.73153;
0.027712;-5;1.75144;
0.027717;-5;1.77133;
0.027722;-5;1.79122;
0.027727;-5;1.8111;
0.027732;-5;1.83097;
0.027737;-5;1.85083;
0.027742;-5;1.87067;
0.027747;-5;1.89051;
0.027752;-5;1.91034;
0.027757;-5;1.93016;
0.027762;-5;1.94997;
0.027767;-5;1.96977;
0.027772;-5;1.98956;
0.027777;-5;2.00933;
0.027782;-5;2.0291;
0.027787;-5;2.04886;
0.027792;-5;2.06861;
0.027797;-5;2.08835;
0.027802;-5;2.10808;
0.027807;-5;2.1278;
0.027812;-5;2.14751;
0.027817;-5;2.16721;
0.027822;-5;2.1869;
0.027827;-5;2.20658;
0.027832;-5;2.22625;
0.027837;-5;2.24591;
0.027842;-5;2.26556;
0.027847;-5;2.2852;
0.027852;-5;2.30483;
0.027857;-5;2.32446;
0.027862;-5;2.34407;
0.027867;-5;2.36367;
0.027872;-5;2.38326;
0.027877;-5;2.40284;
0.027882;-5;2.42242;
0.027887;-5;2.44198;
0.027892;-5;2.46153;
0.027897;-5;2.48107;
0.027902;-5;2.50061;
0.027907;-5;2.52013;
0.027912;-5;2.53964;
0.027917;-5;2.55915;
0.027922;-5;2.57864;
0.027927;-5;2.59813;
0.027932;-5;2.6176;
0.027937;-5;2.63707;
0.027942;-5;2.65652;
0.027947;-5;2.67597;
0.027952;-5;2.6954;
0.027957;-5;2.71483;
0.027962;-5;2.73425;
0.027967;-5;2.75365;
0.027972;-5;2.77305;
0.027977;-5;2.79244;
0.027982;-5;2.81181;
0.027987;-5;2.83118;
0.027992;-5;2.85054;
0.027997;-5;2.86989;
0.028;-5;2.88134;
0.0280001;-4;2.88237;
0.0280003;-2;2.88412;
0.0280007;2;2.88596;
0.028001;5;2.88617;
0.0280011;5;2.8855;
0.0280012;5;2.88427;
0.0280016;5;2.88226;
0.0280022;5;2.87901;
0.0280035;5;2.87324;
0.028006;5;2.86184;
0.028011;5;2.83953;
0.028016;5;2.81725;
0.028021;5;2.79497;
0.028026;5;2.77271;
0.028031;5;2.75045;
0.028036;5;2.72821;
0.028041;5;2.70598;
0.028046;5;2.68376;
0.028051;5;2.66155;
0.028056;5;2.63936;
0.028061;5;2.61717;
0.028066;5;2.59499;
0.028071;5;2.57283;
0.028076;5;2.55068;
0.028081;5;2.52854;
0.028086;5;2.5064;
0.028091;5;2.48428;
0.028096;5;2.46218;
0.028101;5;2.44008;
0.028106;5;2.41799;
0.028111;5;2.39592;
0.028116;5;2.37385;
0.028121;5;2.3518;
0.028126;5;2.32976;
0.028131;5;2.30772;
0.028136;5;2.2857;
0.028141;5;2.26369;
0.028146;5;2.2417;
0.028151;5;2.21971;
0.028156;5;2.19773;
0.028161;5;2.17577;
0.028166;5;2.15381;
0.028171;5;2.13187;
0.028176;5;2.10994;
0.028181;5;2.08801;
0.028186;5;2.0661;
0.028191;5;2.0442;
0.028196;5;2.02231;
0.028201;5;2.00044;
0.028206;5;1.97857;
0.028211;5;1.95671;
0.028216;5;1.93487;
0.028221;5;1.91303;
0.028226;5;1.89121;
0.028231;5;1.8694;
0.028236;5;1.8476;
0.028241;5;1.82581;
0.028246;5;1.80403;
0.028251;5;1.78226;
0.028256;5;1.7605;
0.028261;5;1.73875;
0.028266;5;1.71702;
0.028271;5;1.69529;
0.028276;5;1.67358;
0.028281;5;1.65188;
0.028286;5;1.63018;
0.028291;5;1.6085;
0.028296;5;1.58683;
0.028301;5;1.56517;
0.028306;5;1.54352;
0.028311;5;1.52188;
0.028316;5;1.50025;
0.028321;5;1.47864;
0.028326;5;1.45703;
0.028331;5;1.43544;
0.028336;5;1.41385;
0.028341;5;1.39228;
0.028346;5;1.37072;
0.028351;5;1.34916;
0.028356;5;1.32762;
0.028361;5;1.30609;
0.028366;5;1.28457;
0.028371;5;1.26306;
0.028376;5;1.24156;
0.028381;5;1.22008;
0.028386;5;1.1986;
0.028391;5;1.17713;
0.028396;5;1.15568;
0.028401;5;1.13423;
0.028406;5;1.1128;
0.028411;5;1.09138;
0.028416;5;1.06997;
0.028421;5;1.04856;
0.028426;5;1.02717;
0.028431;5;1.00579;
0.028436;5;0.984423;
0.028441;5;0.963064;
0.028446;5;0.941716;
0.028451;5;0.920378;
0.028456;5;0.899051;
0.028461;5;0.877735;
0.028466;5;0.856429;
0.028471;5;0.835134;
0.028476;5;0.81385;
0.028481;5;0.792576;
0.028486;5;0.771313;
0.028491;5;0.750061;
0.028496;5;0.728819;
0.028501;5;0.707588;
0.028506;5;0.686367;
0.028511;5;0.665157;
0.028516;5;0.643958;
0.028521;5;0.622769;
0.028526;5;0.601591;
0.028531;5;0.580424;
0.028536;5;0.559267;
0.028541;5;0.53812;
0.028546;5;0.516984;
0.028551;5;0.495859;
0.028556;5;0.474744;
0.028561;5;0.45364;
0.028566;5;0.432547;
0.028571;5;0.411464;
0.028576;5;0.390391;
0.028581;5;0.369329;
0.028586;5;0.348278;
0.028591;5;0.327237;
0.028596;5;0.306206;
0.028601;5;0.285186;
0.028606;5;0.264177;
0.028611;5;0.243178;
0.028616;5;0.22219;
0.028621;5;0.201212;
0.028626;5;0.180245;
0.028631;5;0.159288;
0.028636;5;0.138341;
0.028641;5;0.117405;
0.028646;5;0.0964797;
0.028651;5;0.0755646;
0.028656;5;0.05466;
0.028661;5;0.0337659;
0.028666;5;0.0128822;
0.028671;5;-0.00799107;
0.028676;5;-0.0288539;
0.028681;5;-0.0497063;
0.028686;5;-0.0705482;
0.028691;5;-0.0913798;
0.028696;5;-0.112201;
0.028701;5;-0.133012;
0.028706;5;-0.153812;
0.028711;5;-0.174602;
0.028716;5;-0.195381;
0.028721;5;-0.216151;
0.028726;5;-0.236909;
0.028731;5;-0.257658;
0.028736;5;-0.278396;
0.028741;5;-0.299123;
0.028746;5;-0.319841;
0.028751;5;-0.340548;
0.028756;5;-0.361244;
0.028761;5;-0.38193;
0.028766;5;-0.402606;
0.028771;5;-0.423272;
0.028776;5;-0.443927;
0.028781;5;-0.464572;
0.028786;5;-0.485206;
0.028791;5;-0.505831;
0.028796;5;-0.526445;
0.028801;5;-0.547048;
0.028806;5;-0.567642;
0.028811;5;-0.588225;
0.028816;5;-0.608797;
0.028821;5;-0.62936;
0.028826;5;-0.649912;
0.028831;5;-0.670454;
0.028836;5;-0.690986;
0.028841;5;-0.711507;
0.028846;5;-0.732018;
0.028851;5;-0.752519;
0.028856;5;-0.77301;
0.028861;5;-0.79349;
0.028866;5;-0.81396;
0.028871;5;-0.83442;
0.028876;5;-0.85487;
0.028881;5;-0.875309;
0.028886;5;-0.895738;
0.028891;5;-0.916157;
0.028896;5;-0.936566;
0.028901;5;-0.956965;
0.028906;5;-0.977353;
0.028911;5;-0.997731;
0.028916;5;-1.0181;
0.028921;5;-1.03846;
0.028926;5;-1.0588;
0.028931;5;-1.07914;
0.028936;5;-1.09947;
0.028941;5;-1.11979;
0.028946;5;-1.14009;
0.028951;5;-1.16039;
0.028956;5;-1.18068;
0.028961;5;-1.20095;
0.028966;5;-1.22122;
0.028971;5;-1.24148;
0.028976;5;-1.26172;
0.028981;5;-1.28196;
0.028986;5;-1.30218;
0.028991;5;-1.3224;
0.028996;5;-1.34261;
0.029001;5;-1.36264;
0.0290011;4;-1.36369;
0.0290013;2;-1.36547;
0.0290017;-2;-1.36739;
0.029002;-5;-1.36764;
0.0290021;-5;-1.36699;
0.0290022;-5;-1.36579;
0.0290026;-5;-1.36382;
0.0290032;-5;-1.36069;
0.0290045;-5;-1.35514;
0.029007;-5;-1.34417;
0.029012;-5;-1.32271;
0.029017;-5;-1.30128;
0.029022;-5;-1.27986;
0.029027;-5;-1.25845;
0.029032;-5;-1.23704;
0.029037;-5;-1.21565;
0.029042;-5;-1.19427;
0.029047;-5;-1.1729;
0.029052;-5;-1.15154;
0.029057;-5;-1.13019;
0.029062;-5;-1.10885;
0.029067;-5;-1.08752;
0.029072;-5;-1.06621;
0.029077;-5;-1.0449;
0.029082;-5;-1.0236;
0.029087;-5;-1.00232;
0.029092;-5;-0.981043;
0.029097;-5;-0.959779;
0.029102;-5;-0.938525;
0.029107;-5;-0.917283;
0.029112;-5;-0.896051;
0.029117;-5;-0.874829;
0.029122;-5;-0.853618;
0.029127;-5;-0.832418;
0.029132;-5;-0.811228;
0.029137;-5;-0.790049;
0.029142;-5;-0.768881;
0.029147;-5;-0.747723;
0.029152;-5;-0.726575;
0.029157;-5;-0.705439;
0.029162;-5;-0.684313;
0.029167;-5;-0.663197;
0.029172;-5;-0.642092;
0.029177;-5;-0.620997;
0.029182;-5;-0.599913;
0.029187;-5;-0.57884;
0.029192;-5;-0.557777;
0.029197;-5;-0.536725;
0.029202;-5;-0.515683;
0.029207;-5;-0.494651;
0.029212;-5;-0.473631;
0.029217;-5;-0.45262;
0.029222;-5;-0.43162;
0.029227;-5;-0.410631;
0.029232;-5;-0.389652;
0.029237;-5;-0.368684;
0.029242;-5;-0.347726;
0.029247;-5;-0.326779;
0.029252;-5;-0.305842;
0.029257;-5;-0.284915;
0.029262;-5;-0.263999;
0.029267;-5;-0.243094;
0.029272;-5;-0.222199;
0.029277;-5;-0.201314;
0.029282;-5;-0.18044;
0.029287;-5;-0.159576;
0.029292;-5;-0.138723;
0.029297;-5;-0.11788;
0.029302;-5;-0.0970476;
0.029307;-5;-0.0762255;
0.029312;-5;-0.0554139;
0.029317;-5;-0.0346127;
0.029322;-5;-0.0138218;
0.029327;-5;0.00695864;
0.029332;-5;0.0277287;
0.029337;-5;0.0484884;
0.029342;-5;0.0692377;
0.029347;-5;0.0899766;
0.029352;-5;0.110705;
0.029357;-5;0.131423;
0.029362;-5;0.152131;
0.029367;-5;0.172829;
0.029372;-5;0.193516;
0.029377;-5;0.214193;
0.029382;-5;0.234859;
0.029387;-5;0.255515;
0.029392;-5;0.276161;
0.029397;-5;0.296796;
0.029402;-5;0.317422;
0.029407;-5;0.338037;
0.029412;-5;0.358641;
0.029417;-5;0.379235;
0.029422;-5;0.399819;
0.029427;-5;0.420393;
0.029432;-5;0.440956;
0.029437;-5;0.461509;
0.029442;-5;0.482052;
0.029447;-5;0.502585;
0.029452;-5;0.523107;
0.029457;-5;0.543619;
0.029462;-5;0.564121;
0.029467;-5;0.584612;
0.029472;-5;0.605094;
0.029477;-5;0.625565;
0.029482;-5;0.646026;
0.029487;-5;0.666476;
0.029492;-5;0.686916;
0.029497;-5;0.707347;
0.029502;-5;0.727767;
0.029507;-5;0.748176;
0.029512;-5;0.768576;
0.029517;-5;0.788965;
0.029522;-5;0.809344;
0.029527;-5;0.829713;
0.029532;-5;0.850072;
0.029537;-5;0.87042;
0.029542;-5;0.890759;
0.029547;-5;0.911087;
0.029552;-5;0.931405;
0.029557;-5;0.951713;
0.029562;-5;0.972011;
0.029567;-5;0.992298;
0.029572;-5;1.01258;
0.029577;-5;1.03284;
0.029582;-5;1.0531;
0.029587;-5;1.07335;
0.029592;-5;1.09358;
0.029597;-5;1.11381;
0.029602;-5;1.13403;
0.029607;-5;1.15423;
0.029612;-5;1.17443;
0.029617;-5;1.19462;
0.029622;-5;1.21479;
0.029627;-5;1.23496;
0.029632;-5;1.25512;
0.029637;-5;1.27526;
0.029642;-5;1.2954;
0.029647;-5;1.31552;
0.029652;-5;1.33564;
0.029657;-5;1.35575;
0.029662;-5;1.37584;
0.029667;-5;1.39593;
0.029672;-5;1.416;
0.029677;-5;1.43607;
0.029682;-5;1.45612;
0.029687;-5;1.47617;
0.029692;-5;1.49621;
0.029697;-5;1.51623;
0.029702;-5;1.53625;
0.029707;-5;1.55625;
0.029712;-5;1.57625;
0.029717;-5;1.59623;
0.029722;-5;1.61621;
0.029727;-5;1.63617;
0.029732;-5;1.65613;
0.029737;-5;1.67608;
0.029742;-5;1.69601;
0.029747;-5;1.71594;
0.029752;-5;1.73585;
0.029757;-5;1.75576;
0.029762;-5;1.77565;
0.029767;-5;1.79554;
0.029772;-5;1.81542;
0.029777;-5;1.83528;
0.029782;-5;1.85514;
0.029787;-5;1.87498;
0.029792;-5;1.89482;
0.029797;-5;1.91465;
0.029802;-5;1.93446;
0.029807;-5;1.95427;
0.029812;-5;1.97407;
0.029817;-5;1.99385;
0.029822;-5;2.01363;
0.029827;-5;2.0334;
0.029832;-5;2.05315;
0.029837;-5;2.0729;
0.029842;-5;2.09264;
0.029847;-5;2.11237;
0.029852;-5;2.13208;
0.029857;-5;2.15179;
0.029862;-5;2.17149;
0.029867;-5;2.19118;
0.029872;-5;2.21085;
0.029877;-5;2.23052;
0.029882;-5;2.25018;
0.029887;-5;2.26983;
0.029892;-5;2.28947;
0.029897;-5;2.3091;
0.029902;-5;2.32872;
0.029907;-5;2.34833;
0.029912;-5;2.36793;
0.029917;-5;2.38752;
0.029922;-5;2.4071;
0.029927;-5;2.42667;
0.029932;-5;2.44623;
0.029937;-5;2.46578;
0.029942;-5;2.48532;
0.029947;-5;2.50485;
0.029952;-5;2.52437;
0.029957;-5;2.54388;
0.029962;-5;2.56338;
0.029967;-5;2.58288;
0.029972;-5;2.60236;
0.029977;-5;2.62183;
0.029982;-5;2.64129;
0.029987;-5;2.66075;
0.029992;-5;2.68019;
0.029997;-5;2.69962;
0.03;-5;2.71112;
0.0300001;-4;2.71216;
0.0300003;-2;2.71391;
0.0300007;2;2.71576;
0.030001;5;2.71597;
0.0300011;5;2.71531;
0.0300012;5;2.71408;
0.0300016;5;2.71207;
0.0300022;5;2.70883;
0.0300035;5;2.70308;
0.030006;5;2.69172;
0.030011;5;2.6695;
0.030016;5;2.64731;
0.030021;5;2.62511;
0.030026;5;2.60294;
0.030031;5;2.58077;
0.030036;5;2.55861;
0.030041;5;2.53646;
0.030046;5;2.51433;
0.030051;5;2.4922;
0.030056;5;2.47009;
0.030061;5;2.44799;
0.030066;5;2.4259;
0.030071;5;2.40382;
0.030076;5;2.38175;
0.030081;5;2.35969;
0.030086;5;2.33765;
0.030091;5;2.31561;
0.030096;5;2.29359;
0.030101;5;2.27157;
0.030106;5;2.24957;
0.030111;5;2.22758;
0.030116;5;2.2056;
0.030121;5;2.18363;
0.030126;5;2.16167;
0.030131;5;2.13973;
0.030136;5;2.11779;
0.030141;5;2.09586;
0.030146;5;2.07395;
0.030151;5;2.05205;
0.030156;5;2.03015;
0.030161;5;2.00827;
0.030166;5;1.9864;
0.030171;5;1.96454;
0.030176;5;1.94269;
0.030181;5;1.92085;
0.030186;5;1.89903;
0.030191;5;1.87721;
0.030196;5;1.8554;
0.030201;5;1.83361;
0.030206;5;1.81183;
0.030211;5;1.79005;
0.030216;5;1.76829;
0.030221;5;1.74654;
0.030226;5;1.7248;
0.030231;5;1.70307;
0.030236;5;1.68135;
0.030241;5;1.65965;
0.030246;5;1.63795;
0.030251;5;1.61626;
0.030256;5;1.59459;
0.030261;5;1.57293;
0.030266;5;1.55127;
0.030271;5;1.52963;
0.030276;5;1.508;
0.030281;5;1.48638;
0.030286;5;1.46477;
0.030291;5;1.44317;
0.030296;5;1.42158;
0.030301;5;1.4;
0.030306;5;1.37844;
0.030311;5;1.35688;
0.030316;5;1.33534;
0.030321;5;1.3138;
0.030326;5;1.29228;
0.030331;5;1.27077;
0.030336;5;1.24926;
0.030341;5;1.22777;
0.030346;5;1.20629;
0.030351;5;1.18482;
0.030356;5;1.16336;
0.030361;5;1.14191;
0.030366;5;1.12048;
0.030371;5;1.09905;
0.030376;5;1.07763;
0.030381;5;1.05623;
0.030386;5;1.03483;
0.030391;5;1.01345;
0.030396;5;0.992075;
0.030401;5;0.970712;
0.030406;5;0.94936;
0.030411;5;0.928019;
0.030416;5;0.906688;
0.030421;5;0.885368;
0.030426;5;0.864058;
0.030431;5;0.84276;
0.030436;5;0.821471;
0.030441;5;0.800194;
0.030446;5;0.778927;
0.030451;5;0.757671;
0.030456;5;0.736425;
0.030461;5;0.71519;
0.030466;5;0.693966;
0.030471;5;0.672752;
0.030476;5;0.651549;
0.030481;5;0.630357;
0.030486;5;0.609175;
0.030491;5;0.588003;
0.030496;5;0.566843;
0.030501;5;0.545692;
0.030506;5;0.524553;
0.030511;5;0.503424;
0.030516;5;0.482305;
0.030521;5;0.461197;
0.030526;5;0.4401;
0.030531;5;0.419013;
0.030536;5;0.397937;
0.030541;5;0.376871;
0.030546;5;0.355816;
0.030551;5;0.334771;
0.030556;5;0.313737;
0.030561;5;0.292713;
0.030566;5;0.2717;
0.030571;5;0.250698;
0.030576;5;0.229705;
0.030581;5;0.208724;
0.030586;5;0.187753;
0.030591;5;0.166792;
0.030596;5;0.145842;
0.030601;5;0.124902;
0.030606;5;0.103973;
0.030611;5;0.083054;
0.030616;5;0.0621456;
0.030621;5;0.0412478;
0.030626;5;0.0203603;
0.030631;5;-0.000516668;
0.030636;5;-0.0213832;
0.030641;5;-0.0422393;
0.030646;5;-0.063085;
0.030651;5;-0.0839203;
0.030656;5;-0.104745;
0.030661;5;-0.12556;
0.030666;5;-0.146364;
0.030671;5;-0.167157;
0.030676;5;-0.187941;
0.030681;5;-0.208713;
0.030686;5;-0.229476;
0.030691;5;-0.250228;
0.030696;5;-0.27097;
0.030701;5;-0.291701;
0.030706;5;-0.312422;
0.030711;5;-0.333133;
0.030716;5;-0.353833;
0.030721;5;-0.374523;
0.030726;5;-0.395202;
0.030731;5;-0.415872;
0.030736;5;-0.436531;
0.030741;5;-0.457179;
0.030746;5;-0.477817;
0.030751;5;-0.498445;
0.030756;5;-0.519063;
0.030761;5;-0.53967;
0.030766;5;-0.560267;
0.030771;5;-0.580854;
0.030776;5;-0.601431;
0.030781;5;-0.621997;
0.030786;5;-0.642553;
0.030791;5;-0.663098;
0.030796;5;-0.683633;
0.030801;5;-0.704159;
0.030806;5;-0.724673;
0.030811;5;-0.745178;
0.030816;5;-0.765672;
0.030821;5;-0.786156;
0.030826;5;-0.80663;
0.030831;5;-0.827094;
0.030836;5;-0.847547;
0.030841;5;-0.86799;
0.030846;5;-0.888423;
0.030851;5;-0.908846;
0.030856;5;-0.929258;
0.030861;5;-0.94966;
0.030866;5;-0.970052;
0.030871;5;-0.990434;
0.030876;5;-1.01081;
0.030881;5;-1.03117;
0.030886;5;-1.05152;
0.030891;5;-1.07186;
0.030896;5;-1.09219;
0.030901;5;-1.11251;
0.030906;5;-1.13282;
0.030911;5;-1.15312;
0.030916;5;-1.17341;
0.030921;5;-1.19369;
0.030926;5;-1.21396;
0.030931;5;-1.23422;
0.030936;5;-1.25447;
0.030941;5;-1.27471;
0.030946;5;-1.29494;
0.030951;5;-1.31516;
0.030956;5;-1.33537;
0.030961;5;-1.35557;
0.030966;5;-1.37576;
0.030971;5;-1.39594;
0.030976;5;-1.41611;
0.030981;5;-1.43627;
0.030986;5;-1.45642;
0.030991;5;-1.47655;
0.030996;5;-1.49668;
0.031001;5;-1.51664;
0.0310011;4;-1.51769;
0.0310013;2;-1.51947;
0.0310017;-2;-1.52137;
0.031002;-5;-1.52163;
0.0310021;-5;-1.52097;
0.0310022;-5;-1.51977;
0.0310026;-5;-1.5178;
0.0310032;-5;-1.51465;
0.0310045;-5;-1.50908;
0.031007;-5;-1.49807;
0.031012;-5;-1.47654;
0.031017;-5;-1.45504;
0.031022;-5;-1.43353;
0.031027;-5;-1.41205;
0.031032;-5;-1.39056;
0.031037;-5;-1.3691;
0.031042;-5;-1.34764;
0.031047;-5;-1.32619;
0.031052;-5;-1.30475;
0.031057;-5;-1.28333;
0.031062;-5;-1.26191;
0.031067;-5;-1.24051;
0.031072;-5;-1.21911;
0.031077;-5;-1.19773;
0.031082;-5;-1.17636;
0.031087;-5;-1.155;
0.031092;-5;-1.13365;
0.031097;-5;-1.11231;
0.031102;-5;-1.09098;
0.031107;-5;-1.06966;
0.031112;-5;-1.04835;
0.031117;-5;-1.02705;
0.031122;-5;-1.00577;
0.031127;-5;-0.984489;
0.031132;-5;-0.963223;
0.031137;-5;-0.941968;
0.031142;-5;-0.920723;
0.031147;-5;-0.89949;
0.031152;-5;-0.878266;
0.031157;-5;-0.857054;
0.031162;-5;-0.835852;
0.031167;-5;-0.81466;
0.031172;-5;-0.79348;
0.031177;-5;-0.772309;
0.031182;-5;-0.75115;
0.031187;-5;-0.730001;
0.031192;-5;-0.708862;
0.031197;-5;-0.687734;
0.031202;-5;-0.666617;
0.031207;-5;-0.64551;
0.031212;-5;-0.624414;
0.031217;-5;-0.603328;
0.031222;-5;-0.582253;
0.031227;-5;-0.561189;
0.031232;-5;-0.540134;
0.031237;-5;-0.519091;
0.031242;-5;-0.498058;
0.031247;-5;-0.477035;
0.031252;-5;-0.456023;
0.031257;-5;-0.435022;
0.031262;-5;-0.414031;
0.031267;-5;-0.39305;
0.031272;-5;-0.37208;
0.031277;-5;-0.351121;
0.031282;-5;-0.330172;
0.031287;-5;-0.309233;
0.031292;-5;-0.288305;
0.031297;-5;-0.267387;
0.031302;-5;-0.24648;
0.031307;-5;-0.225583;
0.031312;-5;-0.204697;
0.031317;-5;-0.183821;
0.031322;-5;-0.162956;
0.031327;-5;-0.142101;
0.031332;-5;-0.121256;
0.031337;-5;-0.100422;
0.031342;-5;-0.0795981;
0.031347;-5;-0.0587848;
0.031352;-5;-0.0379818;
0.031357;-5;-0.0171893;
0.031362;-5;0.00359281;
0.031367;-5;0.0243646;
0.031372;-5;0.0451259;
0.031377;-5;0.0658769;
0.031382;-5;0.0866175;
0.031387;-5;0.107348;
0.031392;-5;0.128068;
0.031397;-5;0.148777;
0.031402;-5;0.169476;
0.031407;-5;0.190165;
0.031412;-5;0.210844;
0.031417;-5;0.231512;
0.031422;-5;0.25217;
0.031427;-5;0.272817;
0.031432;-5;0.293454;
0.031437;-5;0.314081;
0.031442;-5;0.334698;
0.031447;-5;0.355304;
0.031452;-5;0.3759;
0.031457;-5;0.396485;
0.031462;-5;0.417061;
0.031467;-5;0.437626;
0.031472;-5;0.45818;
0.031477;-5;0.478725;
0.031482;-5;0.499259;
0.031487;-5;0.519783;
0.031492;-5;0.540297;
0.031497;-5;0.5608;
0.031502;-5;0.581293;
0.031507;-5;0.601776;
0.031512;-5;0.622249;
0.031517;-5;0.642711;
0.031522;-5;0.663164;
0.031527;-5;0.683606;
0.031532;-5;0.704038;
0.031537;-5;0.724459;
0.031542;-5;0.74487;
0.031547;-5;0.765272;
0.031552;-5;0.785663;
0.031557;-5;0.806043;
0.031562;-5;0.826414;
0.031567;-5;0.846774;
0.031572;-5;0.867125;
0.031577;-5;0.887465;
0.031582;-5;0.907795;
0.031587;-5;0.928114;
0.031592;-5;0.948424;
0.031597;-5;0.968723;
0.031602;-5;0.989012;
0.031607;-5;1.00929;
0.031612;-5;1.02956;
0.031617;-5;1.04982;
0.031622;-5;1.07007;
0.031627;-5;1.09031;
0.031632;-5;1.11054;
0.031637;-5;1.13075;
0.031642;-5;1.15096;
0.031647;-5;1.17116;
0.031652;-5;1.19135;
0.031657;-5;1.21153;
0.031662;-5;1.23169;
0.031667;-5;1.25185;
0.031672;-5;1.272;
0.031677;-5;1.29214;
0.031682;-5;1.31226;
0.031687;-5;1.33238;
0.031692;-5;1.35249;
0.031697;-5;1.37259;
0.031702;-5;1.39267;
0.031707;-5;1.41275;
0.031712;-5;1.43282;
0.031717;-5;1.45288;
0.031722;-5;1.47292;
0.031727;-5;1.49296;
0.031732;-5;1.51299;
0.031737;-5;1.533;
0.031742;-5;1.55301;
0.031747;-5;1.57301;
0.031752;-5;1.593;
0.031757;-5;1.61297;
0.031762;-5;1.63294;
0.031767;-5;1.6529;
0.031772;-5;1.67285;
0.031777;-5;1.69278;
0.031782;-5;1.71271;
0.031787;-5;1.73263;
0.031792;-5;1.75253;
0.031797;-5;1.77243;
0.031802;-5;1.79232;
0.031807;-5;1.8122;
0.031812;-5;1.83206;
0.031817;-5;1.85192;
0.031822;-5;1.87177;
0.031827;-5;1.89161;
0.031832;-5;1.91144;
0.031837;-5;1.93125;
0.031842;-5;1.95106;
0.031847;-5;1.97086;
0.031852;-5;1.99065;
0.031857;-5;2.01043;
0.031862;-5;2.03019;
0.031867;-5;2.04995;
0.031872;-5;2.0697;
0.031877;-5;2.08944;
0.031882;-5;2.10917;
0.031887;-5;2.12889;
0.031892;-5;2.1486;
0.031897;-5;2.1683;
0.031902;-5;2.18799;
0.031907;-5;2.20767;
0.031912;-5;2.22734;
0.031917;-5;2.247;
0.031922;-5;2.26665;
0.031927;-5;2.28629;
0.031932;-5;2.30592;
0.031937;-5;2.32554;
0.031942;-5;2.34515;
0.031947;-5;2.36475;
0.031952;-5;2.38434;
0.031957;-5;2.40392;
0.031962;-5;2.4235;
0.031967;-5;2.44306;
0.031972;-5;2.46261;
0.031977;-5;2.48215;
0.031982;-5;2.50169;
0.031987;-5;2.52121;
0.031992;-5;2.54072;
0.031997;-5;2.56022;
0.032;-5;2.57177;
0.0320001;-4;2.5728;
0.0320003;-2;2.57455;
0.0320007;2;2.57641;
0.032001;5;2.57663;
0.0320011;5;2.57596;
0.0320012;5;2.57474;
0.0320016;5;2.57273;
0.0320022;5;2.56951;
0.0320035;5;2.56378;
0.032006;5;2.55245;
0.032011;5;2.5303;
0.032016;5;2.50817;
0.032021;5;2.48605;
0.032026;5;2.46394;
0.032031;5;2.44184;
0.032036;5;2.41975;
0.032041;5;2.39768;
0.032046;5;2.37561;
0.032051;5;2.35356;
0.032056;5;2.33151;
0.032061;5;2.30948;
0.032066;5;2.28746;
0.032071;5;2.26545;
0.032076;5;2.24345;
0.032081;5;2.22146;
0.032086;5;2.19948;
0.032091;5;2.17752;
0.032096;5;2.15556;
0.032101;5;2.13362;
0.032106;5;2.11169;
0.032111;5;2.08976;
0.032116;5;2.06785;
0.032121;5;2.04595;
0.032126;5;2.02406;
0.032131;5;2.00218;
0.032136;5;1.98031;
0.032141;5;1.95846;
0.032146;5;1.93661;
0.032151;5;1.91478;
0.032156;5;1.89295;
0.032161;5;1.87114;
0.032166;5;1.84934;
0.032171;5;1.82755;
0.032176;5;1.80577;
0.032181;5;1.784;
0.032186;5;1.76224;
0.032191;5;1.74049;
0.032196;5;1.71875;
0.032201;5;1.69703;
0.032206;5;1.67531;
0.032211;5;1.65361;
0.032216;5;1.63191;
0.032221;5;1.61023;
0.032226;5;1.58856;
0.032231;5;1.5669;
0.032236;5;1.54525;
0.032241;5;1.52361;
0.032246;5;1.50198;
0.032251;5;1.48036;
0.032256;5;1.45876;
0.032261;5;1.43716;
0.032266;5;1.41557;
0.032271;5;1.394;
0.032276;5;1.37244;
0.032281;5;1.35088;
0.032286;5;1.32934;
0.032291;5;1.30781;
0.032296;5;1.28629;
0.032301;5;1.26478;
0.032306;5;1.24328;
0.032311;5;1.22179;
0.032316;5;1.20031;
0.032321;5;1.17885;
0.032326;5;1.15739;
0.032331;5;1.13595;
0.032336;5;1.11451;
0.032341;5;1.09309;
0.032346;5;1.07167;
0.032351;5;1.05027;
0.032356;5;1.02888;
0.032361;5;1.0075;
0.032366;5;0.986128;
0.032371;5;0.964768;
0.032376;5;0.943419;
0.032381;5;0.922081;
0.032386;5;0.900753;
0.032391;5;0.879436;
0.032396;5;0.858129;
0.032401;5;0.836833;
0.032406;5;0.815548;
0.032411;5;0.794274;
0.032416;5;0.77301;
0.032421;5;0.751757;
0.032426;5;0.730514;
0.032431;5;0.709282;
0.032436;5;0.688061;
0.032441;5;0.66685;
0.032446;5;0.64565;
0.032451;5;0.62446;
0.032456;5;0.603281;
0.032461;5;0.582113;
0.032466;5;0.560955;
0.032471;5;0.539808;
0.032476;5;0.518671;
0.032481;5;0.497545;
0.032486;5;0.476429;
0.032491;5;0.455324;
0.032496;5;0.43423;
0.032501;5;0.413146;
0.032506;5;0.392073;
0.032511;5;0.37101;
0.032516;5;0.349957;
0.032521;5;0.328916;
0.032526;5;0.307884;
0.032531;5;0.286864;
0.032536;5;0.265853;
0.032541;5;0.244854;
0.032546;5;0.223865;
0.032551;5;0.202886;
0.032556;5;0.181918;
0.032561;5;0.16096;
0.032566;5;0.140013;
0.032571;5;0.119076;
0.032576;5;0.0981494;
0.032581;5;0.0772335;
0.032586;5;0.0563281;
0.032591;5;0.0354331;
0.032596;5;0.0145486;
0.032601;5;-0.00632553;
0.032606;5;-0.0271892;
0.032611;5;-0.0480424;
0.032616;5;-0.0688852;
0.032621;5;-0.0897176;
0.032626;5;-0.11054;
0.032631;5;-0.131351;
0.032636;5;-0.152152;
0.032641;5;-0.172943;
0.032646;5;-0.193723;
0.032651;5;-0.214493;
0.032656;5;-0.235253;
0.032661;5;-0.256002;
0.032666;5;-0.276741;
0.032671;5;-0.297469;
0.032676;5;-0.318188;
0.032681;5;-0.338895;
0.032686;5;-0.359593;
0.032691;5;-0.38028;
0.032696;5;-0.400956;
0.032701;5;-0.421623;
0.032706;5;-0.442279;
0.032711;5;-0.462925;
0.032716;5;-0.48356;
0.032721;5;-0.504185;
0.032726;5;-0.5248;
0.032731;5;-0.545404;
0.032736;5;-0.565998;
0.032741;5;-0.586582;
0.032746;5;-0.607156;
0.032751;5;-0.627719;
0.032756;5;-0.648272;
0.032761;5;-0.668815;
0.032766;5;-0.689347;
0.032771;5;-0.709869;
0.032776;5;-0.730381;
0.032781;5;-0.750883;
0.032786;5;-0.771375;
0.032791;5;-0.791856;
0.032796;5;-0.812327;
0.032801;5;-0.832787;
0.032806;5;-0.853238;
0.032811;5;-0.873678;
0.032816;5;-0.894108;
0.032821;5;-0.914528;
0.032826;5;-0.934938;
0.032831;5;-0.955337;
0.032836;5;-0.975726;
0.032841;5;-0.996105;
0.032846;5;-1.01647;
0.032851;5;-1.03683;
0.032856;5;-1.05718;
0.032861;5;-1.07752;
0.032866;5;-1.09785;
0.032871;5;-1.11817;
0.032876;5;-1.13847;
0.032881;5;-1.15877;
0.032886;5;-1.17906;
0.032891;5;-1.19934;
0.032896;5;-1.2196;
0.032901;5;-1.23986;
0.032906;5;-1.26011;
0.032911;5;-1.28034;
0.032916;5;-1.30057;
0.032921;5;-1.32079;
0.032926;5;-1.34099;
0.032931;5;-1.36119;
0.032936;5;-1.38138;
0.032941;5;-1.40155;
0.032946;5;-1.42172;
0.032951;5;-1.44188;
0.032956;5;-1.46202;
0.032961;5;-1.48216;
0.032966;5;-1.50228;
0.032971;5;-1.5224;
0.032976;5;-1.5425;
0.032981;5;-1.5626;
0.032986;5;-1.58269;
0.032991;5;-1.60276;
0.032996;5;-1.62283;
0.033001;5;-1.64272;
0.0330011;4;-1.64377;
0.0330013;2;-1.64554;
0.0330017;-2;-1.64745;
0.033002;-5;-1.6477;
0.0330021;-5;-1.64704;
0.0330022;-5;-1.64583;
0.0330026;-5;-1.64386;
0.0330032;-5;-1.64071;
0.0330045;-5;-1.63512;
0.033007;-5;-1.62408;
0.033012;-5;-1.60249;
0.033017;-5;-1.58092;
0.033022;-5;-1.55935;
0.033027;-5;-1.5378;
0.033032;-5;-1.51625;
0.033037;-5;-1.49472;
0.033042;-5;-1.4732;
0.033047;-5;-1.45169;
0.033052;-5;-1.43019;
0.033057;-5;-1.40871;
0.033062;-5;-1.38723;
0.033067;-5;-1.36576;
0.033072;-5;-1.3443;
0.033077;-5;-1.32286;
0.033082;-5;-1.30142;
0.033087;-5;-1.28;
0.033092;-5;-1.25859;
0.033097;-5;-1.23718;
0.033102;-5;-1.21579;
0.033107;-5;-1.19441;
0.033112;-5;-1.17304;
0.033117;-5;-1.15168;
0.033122;-5;-1.13033;
0.033127;-5;-1.10899;
0.033132;-5;-1.08766;
0.033137;-5;-1.06635;
0.033142;-5;-1.04504;
0.033147;-5;-1.02374;
0.033152;-5;-1.00246;
0.033157;-5;-0.981184;
0.033162;-5;-0.95992;
0.033167;-5;-0.938666;
0.033172;-5;-0.917423;
0.033177;-5;-0.896191;
0.033182;-5;-0.87497;
0.033187;-5;-0.853759;
0.033192;-5;-0.832558;
0.033197;-5;-0.811369;
0.033202;-5;-0.790189;
0.033207;-5;-0.769021;
0.033212;-5;-0.747863;
0.033217;-5;-0.726716;
0.033222;-5;-0.705579;
0.033227;-5;-0.684452;
0.033232;-5;-0.663337;
0.033237;-5;-0.642232;
0.033242;-5;-0.621137;
0.033247;-5;-0.600053;
0.033252;-5;-0.578979;
0.033257;-5;-0.557916;
0.033262;-5;-0.536864;
0.033267;-5;-0.515822;
0.033272;-5;-0.494791;
0.033277;-5;-0.47377;
0.033282;-5;-0.452759;
0.033287;-5;-0.431759;
0.033292;-5;-0.41077;
0.033297;-5;-0.389791;
0.033302;-5;-0.368823;
0.033307;-5;-0.347865;
0.033312;-5;-0.326917;
0.033317;-5;-0.30598;
0.033322;-5;-0.285054;
0.033327;-5;-0.264138;
0.033332;-5;-0.243232;
0.033337;-5;-0.222337;
0.033342;-5;-0.201452;
0.033347;-5;-0.180578;
0.033352;-5;-0.159714;
0.033357;-5;-0.138861;
0.033362;-5;-0.118018;
0.033367;-5;-0.0971855;
0.033372;-5;-0.0763634;
0.033377;-5;-0.0555517;
0.033382;-5;-0.0347504;
0.033387;-5;-0.0139595;
0.033392;-5;0.00682106;
0.033397;-5;0.0275912;
0.033402;-5;0.0483509;
0.033407;-5;0.0691003;
0.033412;-5;0.0898393;
0.033417;-5;0.110568;
0.033422;-5;0.131286;
0.033427;-5;0.151994;
0.033432;-5;0.172692;
0.033437;-5;0.193379;
0.033442;-5;0.214056;
0.033447;-5;0.234722;
0.033452;-5;0.255378;
0.033457;-5;0.276024;
0.033462;-5;0.29666;
0.033467;-5;0.317285;
0.033472;-5;0.3379;
0.033477;-5;0.358505;
0.033482;-5;0.379099;
0.033487;-5;0.399683;
0.033492;-5;0.420257;
0.033497;-5;0.44082;
0.033502;-5;0.461373;
0.033507;-5;0.481916;
0.033512;-5;0.502449;
0.033517;-5;0.522971;
0.033522;-5;0.543483;
0.033527;-5;0.563985;
0.033532;-5;0.584477;
0.033537;-5;0.604958;
0.033542;-5;0.625429;
0.033547;-5;0.64589;
0.033552;-5;0.666341;
0.033557;-5;0.686781;
0.033562;-5;0.707211;
0.033567;-5;0.727631;
0.033572;-5;0.748041;
0.033577;-5;0.768441;
0.033582;-5;0.78883;
0.033587;-5;0.809209;
0.033592;-5;0.829578;
0.033597;-5;0.849937;
0.033602;-5;0.870286;
0.033607;-5;0.890624;
0.033612;-5;0.910953;
0.033617;-5;0.931271;
0.033622;-5;0.951579;
0.033627;-5;0.971876;
0.033632;-5;0.992164;
0.033637;-5;1.01244;
0.033642;-5;1.03271;
0.033647;-5;1.05297;
0.033652;-5;1.07321;
0.033657;-5;1.09345;
0.033662;-5;1.11368;
0.033667;-5;1.13389;
0.033672;-5;1.1541;
0.033677;-5;1.1743;
0.033682;-5;1.19448;
0.033687;-5;1.21466;
0.033692;-5;1.23483;
0.033697;-5;1.25498;
0.033702;-5;1.27513;
0.033707;-5;1.29527;
0.033712;-5;1.31539;
0.033717;-5;1.33551;
0.033722;-5;1.35561;
0.033727;-5;1.37571;
0.033732;-5;1.39579;
0.033737;-5;1.41587;
0.033742;-5;1.43594;
0.033747;-5;1.45599;
0.033752;-5;1.47604;
0.033757;-5;1.49607;
0.033762;-5;1.5161;
0.033767;-5;1.53611;
0.033772;-5;1.55612;
0.033777;-5;1.57612;
0.033782;-5;1.5961;
0.033787;-5;1.61608;
0.033792;-5;1.63604;
0.033797;-5;1.656;
0.033802;-5;1.67594;
0.033807;-5;1.69588;
0.033812;-5;1.71581;
0.033817;-5;1.73572;
0.033822;-5;1.75563;
0.033827;-5;1.77552;
0.033832;-5;1.79541;
0.033837;-5;1.81528;
0.033842;-5;1.83515;
0.033847;-5;1.85501;
0.033852;-5;1.87485;
0.033857;-5;1.89469;
0.033862;-5;1.91452;
0.033867;-5;1.93433;
0.033872;-5;1.95414;
0.033877;-5;1.97394;
0.033882;-5;1.99372;
0.033887;-5;2.0135;
0.033892;-5;2.03327;
0.033897;-5;2.05302;
0.033902;-5;2.07277;
0.033907;-5;2.09251;
0.033912;-5;2.11223;
0.033917;-5;2.13195;
0.033922;-5;2.15166;
0.033927;-5;2.17136;
0.033932;-5;2.19105;
0.033937;-5;2.21072;
0.033942;-5;2.23039;
0.033947;-5;2.25005;
0.033952;-5;2.2697;
0.033957;-5;2.28934;
0.033962;-5;2.30897;
0.033967;-5;2.32859;
0.033972;-5;2.3482;
0.033977;-5;2.3678;
0.033982;-5;2.38739;
0.033987;-5;2.40697;
0.033992;-5;2.42654;
0.033997;-5;2.4461;
0.034;-5;2.45767;
0.0340001;-4;2.45871;
0.0340003;-2;2.46046;
0.0340007;2;2.46233;
0.034001;5;2.46254;
0.0340011;5;2.46188;
0.0340012;5;2.46066;
0.0340016;5;2.45866;
0.0340022;5;2.45544;
0.0340035;5;2.44972;
0.034006;5;2.43843;
0.034011;5;2.41633;
0.034016;5;2.39426;
0.034021;5;2.37219;
0.034026;5;2.35014;
0.034031;5;2.3281;
0.034036;5;2.30607;
0.034041;5;2.28405;
0.034046;5;2.26204;
0.034051;5;2.24004;
0.034056;5;2.21806;
0.034061;5;2.19608;
0.034066;5;2.17412;
0.034071;5;2.15216;
0.034076;5;2.13022;
0.034081;5;2.10829;
0.034086;5;2.08637;
0.034091;5;2.06446;
0.034096;5;2.04256;
0.034101;5;2.02067;
0.034106;5;1.99879;
0.034111;5;1.97693;
0.034116;5;1.95507;
0.034121;5;1.93323;
0.034126;5;1.9114;
0.034131;5;1.88957;
0.034136;5;1.86776;
0.034141;5;1.84596;
0.034146;5;1.82417;
0.034151;5;1.80239;
0.034156;5;1.78063;
0.034161;5;1.75887;
0.034166;5;1.73712;
0.034171;5;1.71539;
0.034176;5;1.69366;
0.034181;5;1.67195;
0.034186;5;1.65025;
0.034191;5;1.62855;
0.034196;5;1.60687;
0.034201;5;1.5852;
0.034206;5;1.56354;
0.034211;5;1.5419;
0.034216;5;1.52026;
0.034221;5;1.49863;
0.034226;5;1.47702;
0.034231;5;1.45541;
0.034236;5;1.43382;
0.034241;5;1.41223;
0.034246;5;1.39066;
0.034251;5;1.3691;
0.034256;5;1.34755;
0.034261;5;1.32601;
0.034266;5;1.30448;
0.034271;5;1.28296;
0.034276;5;1.26145;
0.034281;5;1.23995;
0.034286;5;1.21846;
0.034291;5;1.19699;
0.034296;5;1.17552;
0.034301;5;1.15407;
0.034306;5;1.13263;
0.034311;5;1.11119;
0.034316;5;1.08977;
0.034321;5;1.06836;
0.034326;5;1.04696;
0.034331;5;1.02557;
0.034336;5;1.00419;
0.034341;5;0.982819;
0.034346;5;0.961461;
0.034351;5;0.940113;
0.034356;5;0.918776;
0.034361;5;0.89745;
0.034366;5;0.876135;
0.034371;5;0.85483;
0.034376;5;0.833536;
0.034381;5;0.812252;
0.034386;5;0.790979;
0.034391;5;0.769717;
0.034396;5;0.748466;
0.034401;5;0.727225;
0.034406;5;0.705994;
0.034411;5;0.684774;
0.034416;5;0.663565;
0.034421;5;0.642367;
0.034426;5;0.621179;
0.034431;5;0.600002;
0.034436;5;0.578835;
0.034441;5;0.557679;
0.034446;5;0.536533;
0.034451;5;0.515398;
0.034456;5;0.494273;
0.034461;5;0.47316;
0.034466;5;0.452056;
0.034471;5;0.430963;
0.034476;5;0.409881;
0.034481;5;0.388809;
0.034486;5;0.367748;
0.034491;5;0.346698;
0.034496;5;0.325657;
0.034501;5;0.304628;
0.034506;5;0.283609;
0.034511;5;0.2626;
0.034516;5;0.241602;
0.034521;5;0.220614;
0.034526;5;0.199637;
0.034531;5;0.178671;
0.034536;5;0.157715;
0.034541;5;0.136769;
0.034546;5;0.115834;
0.034551;5;0.094909;
0.034556;5;0.0739947;
0.034561;5;0.0530909;
0.034566;5;0.0321976;
0.034571;5;0.0113147;
0.034576;5;-0.0095578;
0.034581;5;-0.0304198;
0.034586;5;-0.0512714;
0.034591;5;-0.0721126;
0.034596;5;-0.0929434;
0.034601;5;-0.113764;
0.034606;5;-0.134574;
0.034611;5;-0.155373;
0.034616;5;-0.176162;
0.034621;5;-0.196941;
0.034626;5;-0.217709;
0.034631;5;-0.238467;
0.034636;5;-0.259215;
0.034641;5;-0.279952;
0.034646;5;-0.300679;
0.034651;5;-0.321396;
0.034656;5;-0.342102;
0.034661;5;-0.362798;
0.034666;5;-0.383483;
0.034671;5;-0.404158;
0.034676;5;-0.424823;
0.034681;5;-0.445477;
0.034686;5;-0.466121;
0.034691;5;-0.486755;
0.034696;5;-0.507379;
0.034701;5;-0.527992;
0.034706;5;-0.548595;
0.034711;5;-0.569187;
0.034716;5;-0.58977;
0.034721;5;-0.610342;
0.034726;5;-0.630903;
0.034731;5;-0.651455;
0.034736;5;-0.671996;
0.034741;5;-0.692527;
0.034746;5;-0.713047;
0.034751;5;-0.733558;
0.034756;5;-0.754058;
0.034761;5;-0.774548;
0.034766;5;-0.795027;
0.034771;5;-0.815497;
0.034776;5;-0.835956;
0.034781;5;-0.856405;
0.034786;5;-0.876843;
0.034791;5;-0.897272;
0.034796;5;-0.91769;
0.034801;5;-0.938098;
0.034806;5;-0.958496;
0.034811;5;-0.978883;
0.034816;5;-0.999261;
0.034821;5;-1.01963;
0.034826;5;-1.03999;
0.034831;5;-1.06033;
0.034836;5;-1.08067;
0.034841;5;-1.101;
0.034846;5;-1.12131;
0.034851;5;-1.14162;
0.034856;5;-1.16191;
0.034861;5;-1.1822;
0.034866;5;-1.20248;
0.034871;5;-1.22274;
0.034876;5;-1.243;
0.034881;5;-1.26324;
0.034886;5;-1.28348;
0.034891;5;-1.3037;
0.034896;5;-1.32392;
0.034901;5;-1.34412;
0.034906;5;-1.36432;
0.034911;5;-1.3845;
0.034916;5;-1.40468;
0.034921;5;-1.42484;
0.034926;5;-1.445;
0.034931;5;-1.46514;
0.034936;5;-1.48528;
0.034941;5;-1.5054;
0.034946;5;-1.52551;
0.034951;5;-1.54562;
0.034956;5;-1.56571;
0.034961;5;-1.5858;
0.034966;5;-1.60587;
0.034971;5;-1.62593;
0.034976;5;-1.64599;
0.034981;5;-1.66603;
0.034986;5;-1.68607;
0.034991;5;-1.70609;
0.034996;5;-1.7261;
0.035001;5;-1.74595;
0.0350011;4;-1.747;
0.0350013;2;-1.74877;
0.0350017;-2;-1.75067;
0.035002;-5;-1.75091;
0.0350021;-5;-1.75025;
0.0350022;-5;-1.74905;
0.0350026;-5;-1.74707;
0.0350032;-5;-1.74391;
0.0350045;-5;-1.73831;
0.035007;-5;-1.72724;
0.035012;-5;-1.7056;
0.035017;-5;-1.68398;
0.035022;-5;-1.66236;
0.035027;-5;-1.64076;
0.035032;-5;-1.61916;
0.035037;-5;-1.59758;
0.035042;-5;-1.57601;
0.035047;-5;-1.55444;
0.035052;-5;-1.53289;
0.035057;-5;-1.51135;
0.035062;-5;-1.48982;
0.035067;-5;-1.46831;
0.035072;-5;-1.4468;
0.035077;-5;-1.4253;
0.035082;-5;-1.40382;
0.035087;-5;-1.38234;
0.035092;-5;-1.36088;
0.035097;-5;-1.33942;
0.035102;-5;-1.31798;
0.035107;-5;-1.29655;
0.035112;-5;-1.27512;
0.035117;-5;-1.25371;
0.035122;-5;-1.23231;
0.035127;-5;-1.21092;
0.035132;-5;-1.18955;
0.035137;-5;-1.16818;
0.035142;-5;-1.14682;
0.035147;-5;-1.12547;
0.035152;-5;-1.10414;
0.035157;-5;-1.08281;
0.035162;-5;-1.0615;
0.035167;-5;-1.04019;
0.035172;-5;-1.0189;
0.035177;-5;-0.997615;
0.035182;-5;-0.976343;
0.035187;-5;-0.955081;
0.035192;-5;-0.93383;
0.035197;-5;-0.91259;
0.035202;-5;-0.89136;
0.035207;-5;-0.870141;
0.035212;-5;-0.848933;
0.035217;-5;-0.827735;
0.035222;-5;-0.806547;
0.035227;-5;-0.785371;
0.035232;-5;-0.764204;
0.035237;-5;-0.743049;
0.035242;-5;-0.721904;
0.035247;-5;-0.700769;
0.035252;-5;-0.679646;
0.035257;-5;-0.658532;
0.035262;-5;-0.63743;
0.035267;-5;-0.616337;
0.035272;-5;-0.595256;
0.035277;-5;-0.574185;
0.035282;-5;-0.553124;
0.035287;-5;-0.532074;
0.035292;-5;-0.511034;
0.035297;-5;-0.490005;
0.035302;-5;-0.468987;
0.035307;-5;-0.447979;
0.035312;-5;-0.426981;
0.035317;-5;-0.405994;
0.035322;-5;-0.385018;
0.035327;-5;-0.364052;
0.035332;-5;-0.343096;
0.035337;-5;-0.322151;
0.035342;-5;-0.301217;
0.035347;-5;-0.280293;
0.035352;-5;-0.259379;
0.035357;-5;-0.238476;
0.035362;-5;-0.217583;
0.035367;-5;-0.196701;
0.035372;-5;-0.175829;
0.035377;-5;-0.154967;
0.035382;-5;-0.134116;
0.035387;-5;-0.113276;
0.035392;-5;-0.0924455;
0.035397;-5;-0.0716258;
0.035402;-5;-0.0508164;
0.035407;-5;-0.0300175;
0.035412;-5;-0.00922894;
0.035417;-5;0.0115492;
0.035422;-5;0.032317;
0.035427;-5;0.0530744;
0.035432;-5;0.0738214;
0.035437;-5;0.094558;
0.035442;-5;0.115284;
0.035447;-5;0.136;
0.035452;-5;0.156706;
0.035457;-5;0.177401;
0.035462;-5;0.198086;
0.035467;-5;0.21876;
0.035472;-5;0.239424;
0.035477;-5;0.260078;
0.035482;-5;0.280722;
0.035487;-5;0.301355;
0.035492;-5;0.321978;
0.035497;-5;0.342591;
0.035502;-5;0.363193;
0.035507;-5;0.383785;
0.035512;-5;0.404366;
0.035517;-5;0.424938;
0.035522;-5;0.445499;
0.035527;-5;0.46605;
0.035532;-5;0.48659;
0.035537;-5;0.507121;
0.035542;-5;0.527641;
0.035547;-5;0.54815;
0.035552;-5;0.56865;
0.035557;-5;0.589139;
0.035562;-5;0.609618;
0.035567;-5;0.630087;
0.035572;-5;0.650545;
0.035577;-5;0.670994;
0.035582;-5;0.691432;
0.035587;-5;0.71186;
0.035592;-5;0.732277;
0.035597;-5;0.752685;
0.035602;-5;0.773082;
0.035607;-5;0.793469;
0.035612;-5;0.813846;
0.035617;-5;0.834213;
0.035622;-5;0.854569;
0.035627;-5;0.874916;
0.035632;-5;0.895252;
0.035637;-5;0.915578;
0.035642;-5;0.935894;
0.035647;-5;0.956199;
0.035652;-5;0.976495;
0.035657;-5;0.99678;
0.035662;-5;1.01706;
0.035667;-5;1.03732;
0.035672;-5;1.05758;
0.035677;-5;1.07782;
0.035682;-5;1.09805;
0.035687;-5;1.11828;
0.035692;-5;1.13849;
0.035697;-5;1.1587;
0.035702;-5;1.17889;
0.035707;-5;1.19908;
0.035712;-5;1.21925;
0.035717;-5;1.23942;
0.035722;-5;1.25957;
0.035727;-5;1.27971;
0.035732;-5;1.29985;
0.035737;-5;1.31997;
0.035742;-5;1.34008;
0.035747;-5;1.36019;
0.035752;-5;1.38028;
0.035757;-5;1.40036;
0.035762;-5;1.42044;
0.035767;-5;1.4405;
0.035772;-5;1.46056;
0.035777;-5;1.4806;
0.035782;-5;1.50063;
0.035787;-5;1.52066;
0.035792;-5;1.54067;
0.035797;-5;1.56067;
0.035802;-5;1.58067;
0.035807;-5;1.60065;
0.035812;-5;1.62062;
0.035817;-5;1.64059;
0.035822;-5;1.66054;
0.035827;-5;1.68048;
0.035832;-5;1.70042;
0.035837;-5;1.72034;
0.035842;-5;1.74025;
0.035847;-5;1.76016;
0.035852;-5;1.78005;
0.035857;-5;1.79993;
0.035862;-5;1.81981;
0.035867;-5;1.83967;
0.035872;-5;1.85952;
0.035877;-5;1.87937;
0.035882;-5;1.8992;
0.035887;-5;1.91903;
0.035892;-5;1.93884;
0.035897;-5;1.95865;
0.035902;-5;1.97844;
0.035907;-5;1.99822;
0.035912;-5;2.018;
0.035917;-5;2.03776;
0.035922;-5;2.05752;
0.035927;-5;2.07726;
0.035932;-5;2.097;
0.035937;-5;2.11672;
0.035942;-5;2.13644;
0.035947;-5;2.15614;
0.035952;-5;2.17584;
0.035957;-5;2.19553;
0.035962;-5;2.2152;
0.035967;-5;2.23487;
0.035972;-5;2.25452;
0.035977;-5;2.27417;
0.035982;-5;2.29381;
0.035987;-5;2.31343;
0.035992;-5;2.33305;
0.035997;-5;2.35266;
0.036;-5;2.36426;
0.0360001;-4;2.3653;
0.0360003;-2;2.36706;
0.0360007;2;2.36892;
0.036001;5;2.36914;
0.0360011;5;2.36848;
0.0360012;5;2.36726;
0.0360016;5;2.36526;
0.0360022;5;2.36205;
0.0360035;5;2.35634;
0.036006;5;2.34507;
0.036011;5;2.32302;
0.036016;5;2.301;
0.036021;5;2.27898;
0.036026;5;2.25698;
0.036031;5;2.23498;
0.036036;5;2.213;
0.036041;5;2.19102;
0.036046;5;2.16906;
0.036051;5;2.14711;
0.036056;5;2.12517;
0.036061;5;2.10324;
0.036066;5;2.08132;
0.036071;5;2.05941;
0.036076;5;2.03752;
0.036081;5;2.01563;
0.036086;5;1.99376;
0.036091;5;1.97189;
0.036096;5;1.95004;
0.036101;5;1.9282;
0.036106;5;1.90637;
0.036111;5;1.88455;
0.036116;5;1.86274;
0.036121;5;1.84094;
0.036126;5;1.81915;
0.036131;5;1.79738;
0.036136;5;1.77561;
0.036141;5;1.75386;
0.036146;5;1.73212;
0.036151;5;1.71038;
0.036156;5;1.68866;
0.036161;5;1.66695;
0.036166;5;1.64525;
0.036171;5;1.62356;
0.036176;5;1.60188;
0.036181;5;1.58021;
0.036186;5;1.55856;
0.036191;5;1.53691;
0.036196;5;1.51528;
0.036201;5;1.49365;
0.036206;5;1.47204;
0.036211;5;1.45044;
0.036216;5;1.42884;
0.036221;5;1.40726;
0.036226;5;1.38569;
0.036231;5;1.36413;
0.036236;5;1.34258;
0.036241;5;1.32105;
0.036246;5;1.29952;
0.036251;5;1.278;
0.036256;5;1.2565;
0.036261;5;1.235;
0.036266;5;1.21352;
0.036271;5;1.19204;
0.036276;5;1.17058;
0.036281;5;1.14913;
0.036286;5;1.12769;
0.036291;5;1.10626;
0.036296;5;1.08484;
0.036301;5;1.06343;
0.036306;5;1.04203;
0.036311;5;1.02064;
0.036316;5;0.999265;
0.036321;5;0.977899;
0.036326;5;0.956543;
0.036331;5;0.935198;
0.036336;5;0.913864;
0.036341;5;0.89254;
0.036346;5;0.871227;
0.036351;5;0.849925;
0.036356;5;0.828633;
0.036361;5;0.807352;
0.036366;5;0.786082;
0.036371;5;0.764822;
0.036376;5;0.743573;
0.036381;5;0.722334;
0.036386;5;0.701106;
0.036391;5;0.679889;
0.036396;5;0.658682;
0.036401;5;0.637486;
0.036406;5;0.616301;
0.036411;5;0.595126;
0.036416;5;0.573961;
0.036421;5;0.552808;
0.036426;5;0.531664;
0.036431;5;0.510532;
0.036436;5;0.48941;
0.036441;5;0.468298;
0.036446;5;0.447197;
0.036451;5;0.426107;
0.036456;5;0.405027;
0.036461;5;0.383958;
0.036466;5;0.362899;
0.036471;5;0.341851;
0.036476;5;0.320813;
0.036481;5;0.299786;
0.036486;5;0.278769;
0.036491;5;0.257763;
0.036496;5;0.236767;
0.036501;5;0.215782;
0.036506;5;0.194808;
0.036511;5;0.173843;
0.036516;5;0.15289;
0.036521;5;0.131946;
0.036526;5;0.111014;
0.036531;5;0.0900913;
0.036536;5;0.0691794;
0.036541;5;0.048278;
0.036546;5;0.0273871;
0.036551;5;0.00650659;
0.036556;5;-0.0143635;
0.036561;5;-0.0352231;
0.036566;5;-0.0560723;
0.036571;5;-0.0769111;
0.036576;5;-0.0977395;
0.036581;5;-0.118557;
0.036586;5;-0.139365;
0.036591;5;-0.160162;
0.036596;5;-0.180949;
0.036601;5;-0.201725;
0.036606;5;-0.222491;
0.036611;5;-0.243247;
0.036616;5;-0.263992;
0.036621;5;-0.284727;
0.036626;5;-0.305451;
0.036631;5;-0.326165;
0.036636;5;-0.346869;
0.036641;5;-0.367563;
0.036646;5;-0.388246;
0.036651;5;-0.408918;
0.036656;5;-0.429581;
0.036661;5;-0.450233;
0.036666;5;-0.470875;
0.036671;5;-0.491506;
0.036676;5;-0.512127;
0.036681;5;-0.532738;
0.036686;5;-0.553338;
0.036691;5;-0.573929;
0.036696;5;-0.594508;
0.036701;5;-0.615078;
0.036706;5;-0.635637;
0.036711;5;-0.656186;
0.036716;5;-0.676725;
0.036721;5;-0.697254;
0.036726;5;-0.717772;
0.036731;5;-0.73828;
0.036736;5;-0.758778;
0.036741;5;-0.779265;
0.036746;5;-0.799742;
0.036751;5;-0.820209;
0.036756;5;-0.840666;
0.036761;5;-0.861113;
0.036766;5;-0.881549;
0.036771;5;-0.901975;
0.036776;5;-0.922391;
0.036781;5;-0.942797;
0.036786;5;-0.963192;
0.036791;5;-0.983578;
0.036796;5;-1.00395;
0.036801;5;-1.02432;
0.036806;5;-1.04467;
0.036811;5;-1.06502;
0.036816;5;-1.08535;
0.036821;5;-1.10568;
0.036826;5;-1.12599;
0.036831;5;-1.14629;
0.036836;5;-1.16659;
0.036841;5;-1.18687;
0.036846;5;-1.20714;
0.036851;5;-1.22741;
0.036856;5;-1.24766;
0.036861;5;-1.2679;
0.036866;5;-1.28814;
0.036871;5;-1.30836;
0.036876;5;-1.32857;
0.036881;5;-1.34878;
0.036886;5;-1.36897;
0.036891;5;-1.38915;
0.036896;5;-1.40932;
0.036901;5;-1.42948;
0.036906;5;-1.44964;
0.036911;5;-1.46978;
0.036916;5;-1.48991;
0.036921;5;-1.51003;
0.036926;5;-1.53015;
0.036931;5;-1.55025;
0.036936;5;-1.57034;
0.036941;5;-1.59042;
0.036946;5;-1.61049;
0.036951;5;-1.63055;
0.036956;5;-1.65061;
0.036961;5;-1.67065;
0.036966;5;-1.69068;
0.036971;5;-1.7107;
0.036976;5;-1.73071;
0.036981;5;-1.75071;
0.036986;5;-1.77071;
0.036991;5;-1.79069;
0.036996;5;-1.81066;
0.037001;5;-1.83046;
0.0370011;4;-1.83151;
0.0370013;2;-1.83328;
0.0370017;-2;-1.83517;
0.037002;-5;-1.83541;
0.0370021;-5;-1.83476;
0.0370022;-5;-1.83355;
0.0370026;-5;-1.83157;
0.0370032;-5;-1.8284;
0.0370045;-5;-1.82279;
0.037007;-5;-1.81171;
0.037012;-5;-1.79002;
0.037017;-5;-1.76835;
0.037022;-5;-1.74669;
0.037027;-5;-1.72505;
0.037032;-5;-1.70341;
0.037037;-5;-1.68179;
0.037042;-5;-1.66017;
0.037047;-5;-1.63857;
0.037052;-5;-1.61698;
0.037057;-5;-1.59539;
0.037062;-5;-1.57382;
0.037067;-5;-1.55226;
0.037072;-5;-1.53071;
0.037077;-5;-1.50917;
0.037082;-5;-1.48765;
0.037087;-5;-1.46613;
0.037092;-5;-1.44462;
0.037097;-5;-1.42313;
0.037102;-5;-1.40164;
0.037107;-5;-1.38017;
0.037112;-5;-1.3587;
0.037117;-5;-1.33725;
0.037122;-5;-1.31581;
0.037127;-5;-1.29438;
0.037132;-5;-1.27296;
0.037137;-5;-1.25155;
0.037142;-5;-1.23015;
0.037147;-5;-1.20876;
0.037152;-5;-1.18738;
0.037157;-5;-1.16601;
0.037162;-5;-1.14466;
0.037167;-5;-1.12331;
0.037172;-5;-1.10198;
0.037177;-5;-1.08065;
0.037182;-5;-1.05934;
0.037187;-5;-1.03804;
0.037192;-5;-1.01674;
0.037197;-5;-0.995462;
0.037202;-5;-0.974191;
0.037207;-5;-0.95293;
0.037212;-5;-0.93168;
0.037217;-5;-0.910441;
0.037222;-5;-0.889212;
0.037227;-5;-0.867994;
0.037232;-5;-0.846787;
0.037237;-5;-0.82559;
0.037242;-5;-0.804403;
0.037247;-5;-0.783228;
0.037252;-5;-0.762063;
0.037257;-5;-0.740908;
0.037262;-5;-0.719764;
0.037267;-5;-0.698631;
0.037272;-5;-0.677508;
0.037277;-5;-0.656396;
0.037282;-5;-0.635294;
0.037287;-5;-0.614203;
0.037292;-5;-0.593122;
0.037297;-5;-0.572052;
0.037302;-5;-0.550993;
0.037307;-5;-0.529944;
0.037312;-5;-0.508905;
0.037317;-5;-0.487877;
0.037322;-5;-0.46686;
0.037327;-5;-0.445853;
0.037332;-5;-0.424857;
0.037337;-5;-0.403871;
0.037342;-5;-0.382895;
0.037347;-5;-0.36193;
0.037352;-5;-0.340976;
0.037357;-5;-0.320032;
0.037362;-5;-0.299098;
0.037367;-5;-0.278175;
0.037372;-5;-0.257263;
0.037377;-5;-0.236361;
0.037382;-5;-0.215469;
0.037387;-5;-0.194588;
0.037392;-5;-0.173717;
0.037397;-5;-0.152856;
0.037402;-5;-0.132006;
0.037407;-5;-0.111167;
0.037412;-5;-0.0903378;
0.037417;-5;-0.0695191;
0.037422;-5;-0.0487108;
0.037427;-5;-0.0279129;
0.037432;-5;-0.0071254;
0.037437;-5;0.0136517;
0.037442;-5;0.0344184;
0.037447;-5;0.0551747;
0.037452;-5;0.0759207;
0.037457;-5;0.0966563;
0.037462;-5;0.117382;
0.037467;-5;0.138096;
0.037472;-5;0.158801;
0.037477;-5;0.179495;
0.037482;-5;0.200179;
0.037487;-5;0.220852;
0.037492;-5;0.241515;
0.037497;-5;0.262168;
0.037502;-5;0.282811;
0.037507;-5;0.303443;
0.037512;-5;0.324065;
0.037517;-5;0.344676;
0.037522;-5;0.365277;
0.037527;-5;0.385868;
0.037532;-5;0.406449;
0.037537;-5;0.427019;
0.037542;-5;0.447579;
0.037547;-5;0.468129;
0.037552;-5;0.488669;
0.037557;-5;0.509198;
0.037562;-5;0.529717;
0.037567;-5;0.550226;
0.037572;-5;0.570724;
0.037577;-5;0.591212;
0.037582;-5;0.61169;
0.037587;-5;0.632158;
0.037592;-5;0.652616;
0.037597;-5;0.673063;
0.037602;-5;0.6935;
0.037607;-5;0.713927;
0.037612;-5;0.734343;
0.037617;-5;0.75475;
0.037622;-5;0.775146;
0.037627;-5;0.795532;
0.037632;-5;0.815908;
0.037637;-5;0.836274;
0.037642;-5;0.856629;
0.037647;-5;0.876974;
0.037652;-5;0.89731;
0.037657;-5;0.917634;
0.037662;-5;0.937949;
0.037667;-5;0.958254;
0.037672;-5;0.978548;
0.037677;-5;0.998833;
0.037682;-5;1.01911;
0.037687;-5;1.03937;
0.037692;-5;1.05962;
0.037697;-5;1.07987;
0.037702;-5;1.1001;
0.037707;-5;1.12033;
0.037712;-5;1.14054;
0.037717;-5;1.16074;
0.037722;-5;1.18094;
0.037727;-5;1.20112;
0.037732;-5;1.22129;
0.037737;-5;1.24146;
0.037742;-5;1.26161;
0.037747;-5;1.28175;
0.037752;-5;1.30188;
0.037757;-5;1.32201;
0.037762;-5;1.34212;
0.037767;-5;1.36222;
0.037772;-5;1.38231;
0.037777;-5;1.4024;
0.037782;-5;1.42247;
0.037787;-5;1.44253;
0.037792;-5;1.46258;
0.037797;-5;1.48263;
0.037802;-5;1.50266;
0.037807;-5;1.52268;
0.037812;-5;1.54269;
0.037817;-5;1.5627;
0.037822;-5;1.58269;
0.037827;-5;1.60267;
0.037832;-5;1.62264;
0.037837;-5;1.64261;
0.037842;-5;1.66256;
0.037847;-5;1.6825;
0.037852;-5;1.70243;
0.037857;-5;1.72235;
0.037862;-5;1.74227;
0.037867;-5;1.76217;
0.037872;-5;1.78206;
0.037877;-5;1.80195;
0.037882;-5;1.82182;
0.037887;-5;1.84168;
0.037892;-5;1.86153;
0.037897;-5;1.88138;
0.037902;-5;1.90121;
0.037907;-5;1.92103;
0.037912;-5;1.94085;
0.037917;-5;1.96065;
0.037922;-5;1.98044;
0.037927;-5;2.00023;
0.037932;-5;2.02;
0.037937;-5;2.03976;
0.037942;-5;2.05952;
0.037947;-5;2.07926;
0.037952;-5;2.099;
0.037957;-5;2.11872;
0.037962;-5;2.13843;
0.037967;-5;2.15814;
0.037972;-5;2.17783;
0.037977;-5;2.19752;
0.037982;-5;2.21719;
0.037987;-5;2.23686;
0.037992;-5;2.25651;
0.037997;-5;2.27616;
0.038;-5;2.28778;
0.0380001;-4;2.28883;
0.0380003;-2;2.29058;
0.0380007;2;2.29245;
0.038001;5;2.29267;
0.0380011;5;2.29201;
0.0380012;5;2.29079;
0.0380016;5;2.28879;
0.0380022;5;2.28559;
0.0380035;5;2.27989;
0.038006;5;2.26864;
0.038011;5;2.24663;
0.038016;5;2.22465;
0.038021;5;2.20266;
0.038026;5;2.1807;
0.038031;5;2.15874;
0.038036;5;2.13679;
0.038041;5;2.11486;
0.038046;5;2.09293;
0.038051;5;2.07102;
0.038056;5;2.04912;
0.038061;5;2.02723;
0.038066;5;2.00535;
0.038071;5;1.98348;
0.038076;5;1.96162;
0.038081;5;1.93977;
0.038086;5;1.91794;
0.038091;5;1.89611;
0.038096;5;1.8743;
0.038101;5;1.85249;
0.038106;5;1.8307;
0.038111;5;1.80892;
0.038116;5;1.78715;
0.038121;5;1.76539;
0.038126;5;1.74364;
0.038131;5;1.7219;
0.038136;5;1.70017;
0.038141;5;1.67845;
0.038146;5;1.65675;
0.038151;5;1.63505;
0.038156;5;1.61337;
0.038161;5;1.59169;
0.038166;5;1.57003;
0.038171;5;1.54838;
0.038176;5;1.52674;
0.038181;5;1.50511;
0.038186;5;1.48349;
0.038191;5;1.46188;
0.038196;5;1.44028;
0.038201;5;1.4187;
0.038206;5;1.39712;
0.038211;5;1.37556;
0.038216;5;1.354;
0.038221;5;1.33246;
0.038226;5;1.31092;
0.038231;5;1.2894;
0.038236;5;1.26789;
0.038241;5;1.24639;
0.038246;5;1.2249;
0.038251;5;1.20342;
0.038256;5;1.18195;
0.038261;5;1.1605;
0.038266;5;1.13905;
0.038271;5;1.11761;
0.038276;5;1.09619;
0.038281;5;1.07477;
0.038286;5;1.05337;
0.038291;5;1.03197;
0.038296;5;1.01059;
0.038301;5;0.98922;
0.038306;5;0.967858;
0.038311;5;0.946508;
0.038316;5;0.925168;
0.038321;5;0.903838;
0.038326;5;0.88252;
0.038331;5;0.861212;
0.038336;5;0.839914;
0.038341;5;0.818627;
0.038346;5;0.797351;
0.038351;5;0.776086;
0.038356;5;0.754831;
0.038361;5;0.733587;
0.038366;5;0.712353;
0.038371;5;0.691131;
0.038376;5;0.669918;
0.038381;5;0.648717;
0.038386;5;0.627525;
0.038391;5;0.606345;
0.038396;5;0.585175;
0.038401;5;0.564016;
0.038406;5;0.542867;
0.038411;5;0.521729;
0.038416;5;0.500601;
0.038421;5;0.479484;
0.038426;5;0.458377;
0.038431;5;0.437281;
0.038436;5;0.416196;
0.038441;5;0.395121;
0.038446;5;0.374057;
0.038451;5;0.353003;
0.038456;5;0.33196;
0.038461;5;0.310927;
0.038466;5;0.289905;
0.038471;5;0.268893;
0.038476;5;0.247892;
0.038481;5;0.226901;
0.038486;5;0.205921;
0.038491;5;0.184951;
0.038496;5;0.163992;
0.038501;5;0.143043;
0.038506;5;0.122105;
0.038511;5;0.101177;
0.038516;5;0.0802593;
0.038521;5;0.0593524;
0.038526;5;0.0384559;
0.038531;5;0.0175698;
0.038536;5;-0.00330575;
0.038541;5;-0.0241709;
0.038546;5;-0.0450256;
0.038551;5;-0.0658699;
0.038556;5;-0.0867038;
0.038561;5;-0.107527;
0.038566;5;-0.12834;
0.038571;5;-0.149143;
0.038576;5;-0.169935;
0.038581;5;-0.190717;
0.038586;5;-0.211489;
0.038591;5;-0.23225;
0.038596;5;-0.253;
0.038601;5;-0.273741;
0.038606;5;-0.294471;
0.038611;5;-0.31519;
0.038616;5;-0.3359;
0.038621;5;-0.356598;
0.038626;5;-0.377287;
0.038631;5;-0.397965;
0.038636;5;-0.418633;
0.038641;5;-0.439291;
0.038646;5;-0.459938;
0.038651;5;-0.480575;
0.038656;5;-0.501201;
0.038661;5;-0.521817;
0.038666;5;-0.542423;
0.038671;5;-0.563019;
0.038676;5;-0.583604;
0.038681;5;-0.604179;
0.038686;5;-0.624744;
0.038691;5;-0.645299;
0.038696;5;-0.665843;
0.038701;5;-0.686377;
0.038706;5;-0.706901;
0.038711;5;-0.727414;
0.038716;5;-0.747917;
0.038721;5;-0.76841;
0.038726;5;-0.788893;
0.038731;5;-0.809365;
0.038736;5;-0.829827;
0.038741;5;-0.850279;
0.038746;5;-0.870721;
0.038751;5;-0.891153;
0.038756;5;-0.911574;
0.038761;5;-0.931985;
0.038766;5;-0.952386;
0.038771;5;-0.972777;
0.038776;5;-0.993157;
0.038781;5;-1.01353;
0.038786;5;-1.03389;
0.038791;5;-1.05424;
0.038796;5;-1.07458;
0.038801;5;-1.09491;
0.038806;5;-1.11523;
0.038811;5;-1.13554;
0.038816;5;-1.15583;
0.038821;5;-1.17612;
0.038826;5;-1.1964;
0.038831;5;-1.21667;
0.038836;5;-1.23693;
0.038841;5;-1.25718;
0.038846;5;-1.27742;
0.038851;5;-1.29764;
0.038856;5;-1.31786;
0.038861;5;-1.33807;
0.038866;5;-1.35827;
0.038871;5;-1.37846;
0.038876;5;-1.39863;
0.038881;5;-1.4188;
0.038886;5;-1.43896;
0.038891;5;-1.45911;
0.038896;5;-1.47924;
0.038901;5;-1.49937;
0.038906;5;-1.51949;
0.038911;5;-1.5396;
0.038916;5;-1.55969;
0.038921;5;-1.57978;
0.038926;5;-1.59986;
0.038931;5;-1.61992;
0.038936;5;-1.63998;
0.038941;5;-1.66003;
0.038946;5;-1.68007;
0.038951;5;-1.70009;
0.038956;5;-1.72011;
0.038961;5;-1.74012;
0.038966;5;-1.76011;
0.038971;5;-1.7801;
0.038976;5;-1.80008;
0.038981;5;-1.82004;
0.038986;5;-1.84;
0.038991;5;-1.85995;
0.038996;5;-1.87988;
0.039001;5;-1.89965;
0.0390011;4;-1.9007;
0.0390013;2;-1.90247;
0.0390017;-2;-1.90436;
0.039002;-5;-1.9046;
0.0390021;-5;-1.90394;
0.0390022;-5;-1.90273;
0.0390026;-5;-1.90075;
0.0390032;-5;-1.89758;
0.0390045;-5;-1.89196;
0.039007;-5;-1.88086;
0.039012;-5;-1.85913;
0.039017;-5;-1.83744;
0.039022;-5;-1.81574;
0.039027;-5;-1.79406;
0.039032;-5;-1.77239;
0.039037;-5;-1.75073;
0.039042;-5;-1.72908;
0.039047;-5;-1.70744;
0.039052;-5;-1.68582;
0.039057;-5;-1.6642;
0.039062;-5;-1.64259;
0.039067;-5;-1.621;
0.039072;-5;-1.59941;
0.039077;-5;-1.57784;
0.039082;-5;-1.55628;
0.039087;-5;-1.53473;
0.039092;-5;-1.51319;
0.039097;-5;-1.49166;
0.039102;-5;-1.47014;
0.039107;-5;-1.44863;
0.039112;-5;-1.42713;
0.039117;-5;-1.40564;
0.039122;-5;-1.38417;
0.039127;-5;-1.3627;
0.039132;-5;-1.34125;
0.039137;-5;-1.3198;
0.039142;-5;-1.29837;
0.039147;-5;-1.27695;
0.039152;-5;-1.25554;
0.039157;-5;-1.23414;
0.039162;-5;-1.21274;
0.039167;-5;-1.19136;
0.039172;-5;-1.17;
0.039177;-5;-1.14864;
0.039182;-5;-1.12729;
0.039187;-5;-1.10595;
0.039192;-5;-1.08463;
0.039197;-5;-1.06331;
0.039202;-5;-1.04201;
0.039207;-5;-1.02071;
0.039212;-5;-0.999427;
0.039217;-5;-0.978154;
0.039222;-5;-0.956891;
0.039227;-5;-0.935639;
0.039232;-5;-0.914398;
0.039237;-5;-0.893167;
0.039242;-5;-0.871947;
0.039247;-5;-0.850738;
0.039252;-5;-0.829539;
0.039257;-5;-0.808351;
0.039262;-5;-0.787173;
0.039267;-5;-0.766006;
0.039272;-5;-0.74485;
0.039277;-5;-0.723704;
0.039282;-5;-0.702568;
0.039287;-5;-0.681444;
0.039292;-5;-0.660329;
0.039297;-5;-0.639226;
0.039302;-5;-0.618133;
0.039307;-5;-0.59705;
0.039312;-5;-0.575978;
0.039317;-5;-0.554917;
0.039322;-5;-0.533866;
0.039327;-5;-0.512825;
0.039332;-5;-0.491795;
0.039337;-5;-0.470776;
0.039342;-5;-0.449767;
0.039347;-5;-0.428769;
0.039352;-5;-0.407781;
0.039357;-5;-0.386803;
0.039362;-5;-0.365836;
0.039367;-5;-0.34488;
0.039372;-5;-0.323934;
0.039377;-5;-0.302999;
0.039382;-5;-0.282074;
0.039387;-5;-0.261159;
0.039392;-5;-0.240255;
0.039397;-5;-0.219361;
0.039402;-5;-0.198478;
0.039407;-5;-0.177605;
0.039412;-5;-0.156743;
0.039417;-5;-0.135891;
0.039422;-5;-0.11505;
0.039427;-5;-0.0942185;
0.039432;-5;-0.0733979;
0.039437;-5;-0.0525876;
0.039442;-5;-0.0317878;
0.039447;-5;-0.0109984;
0.039452;-5;0.00978065;
0.039457;-5;0.0305493;
0.039462;-5;0.0513076;
0.039467;-5;0.0720555;
0.039472;-5;0.092793;
0.039477;-5;0.11352;
0.039482;-5;0.134237;
0.039487;-5;0.154943;
0.039492;-5;0.175639;
0.039497;-5;0.196325;
0.039502;-5;0.217001;
0.039507;-5;0.237666;
0.039512;-5;0.25832;
0.039517;-5;0.278965;
0.039522;-5;0.299599;
0.039527;-5;0.320223;
0.039532;-5;0.340836;
0.039537;-5;0.361439;
0.039542;-5;0.382032;
0.039547;-5;0.402615;
0.039552;-5;0.423187;
0.039557;-5;0.443749;
0.039562;-5;0.464301;
0.039567;-5;0.484842;
0.039572;-5;0.505373;
0.039577;-5;0.525894;
0.039582;-5;0.546405;
0.039587;-5;0.566905;
0.039592;-5;0.587395;
0.039597;-5;0.607875;
0.039602;-5;0.628345;
0.039607;-5;0.648804;
0.039612;-5;0.669253;
0.039617;-5;0.689692;
0.039622;-5;0.710121;
0.039627;-5;0.73054;
0.039632;-5;0.750948;
0.039637;-5;0.771346;
0.039642;-5;0.791734;
0.039647;-5;0.812112;
0.039652;-5;0.832479;
0.039657;-5;0.852837;
0.039662;-5;0.873184;
0.039667;-5;0.893521;
0.039672;-5;0.913848;
0.039677;-5;0.934164;
0.039682;-5;0.954471;
0.039687;-5;0.974767;
0.039692;-5;0.995054;
0.039697;-5;1.01533;
0.039702;-5;1.0356;
0.039707;-5;1.05585;
0.039712;-5;1.0761;
0.039717;-5;1.09633;
0.039722;-5;1.11656;
0.039727;-5;1.13677;
0.039732;-5;1.15698;
0.039737;-5;1.17717;
0.039742;-5;1.19736;
0.039747;-5;1.21753;
0.039752;-5;1.2377;
0.039757;-5;1.25785;
0.039762;-5;1.278;
0.039767;-5;1.29813;
0.039772;-5;1.31826;
0.039777;-5;1.33837;
0.039782;-5;1.35848;
0.039787;-5;1.37857;
0.039792;-5;1.39866;
0.039797;-5;1.41873;
0.039802;-5;1.43879;
0.039807;-5;1.45885;
0.039812;-5;1.47889;
0.039817;-5;1.49893;
0.039822;-5;1.51895;
0.039827;-5;1.53896;
0.039832;-5;1.55897;
0.039837;-5;1.57896;
0.039842;-5;1.59895;
0.039847;-5;1.61892;
0.039852;-5;1.63889;
0.039857;-5;1.65884;
0.039862;-5;1.67878;
0.039867;-5;1.69872;
0.039872;-5;1.71864;
0.039877;-5;1.73856;
0.039882;-5;1.75846;
0.039887;-5;1.77836;
0.039892;-5;1.79824;
0.039897;-5;1.81812;
0.039902;-5;1.83798;
0.039907;-5;1.85783;
0.039912;-5;1.87768;
0.039917;-5;1.89751;
0.039922;-5;1.91734;
0.039927;-5;1.93715;
0.039932;-5;1.95696;
0.039937;-5;1.97675;
0.039942;-5;1.99654;
0.039947;-5;2.01632;
0.039952;-5;2.03608;
0.039957;-5;2.05584;
0.039962;-5;2.07558;
0.039967;-5;2.09532;
0.039972;-5;2.11504;
0.039977;-5;2.13476;
0.039982;-5;2.15447;
0.039987;-5;2.17416;
0.039992;-5;2.19385;
0.039997;-5;2.21353;
0.04;-5;2.22517;
0.0400001;-4;2.22621;
0.0400003;-2;2.22797;
0.0400007;2;2.22984;
0.040001;5;2.23007;
0.0400011;5;2.22941;
0.0400012;5;2.22819;
0.0400016;5;2.22619;
0.0400022;5;2.22299;
0.0400035;5;2.2173;
0.040006;5;2.20606;
0.040011;5;2.18408;
0.040016;5;2.16213;
0.040021;5;2.14018;
0.040026;5;2.11825;
0.040031;5;2.09632;
0.040036;5;2.07441;
0.040041;5;2.0525;
0.040046;5;2.03061;
0.040051;5;2.00873;
0.040056;5;1.98686;
0.040061;5;1.965;
0.040066;5;1.94315;
0.040071;5;1.92131;
0.040076;5;1.89948;
0.040081;5;1.87766;
0.040086;5;1.85586;
0.040091;5;1.83406;
0.040096;5;1.81228;
0.040101;5;1.79051;
0.040106;5;1.76875;
0.040111;5;1.74699;
0.040116;5;1.72525;
0.040121;5;1.70353;
0.040126;5;1.68181;
0.040131;5;1.6601;
0.040136;5;1.6384;
0.040141;5;1.61672;
0.040146;5;1.59504;
0.040151;5;1.57338;
0.040156;5;1.55172;
0.040161;5;1.53008;
0.040166;5;1.50845;
0.040171;5;1.48683;
0.040176;5;1.46522;
0.040181;5;1.44362;
0.040186;5;1.42203;
0.040191;5;1.40045;
0.040196;5;1.37889;
0.040201;5;1.35733;
0.040206;5;1.33579;
0.040211;5;1.31425;
0.040216;5;1.29273;
0.040221;5;1.27121;
0.040226;5;1.24971;
0.040231;5;1.22822;
0.040236;5;1.20674;
0.040241;5;1.18527;
0.040246;5;1.16381;
0.040251;5;1.14236;
0.040256;5;1.12092;
0.040261;5;1.0995;
0.040266;5;1.07808;
0.040271;5;1.05667;
0.040276;5;1.03528;
0.040281;5;1.01389;
0.040286;5;0.99252;
0.040291;5;0.971157;
0.040296;5;0.949805;
0.040301;5;0.928463;
0.040306;5;0.907132;
0.040311;5;0.885812;
0.040316;5;0.864503;
0.040321;5;0.843204;
0.040326;5;0.821915;
0.040331;5;0.800637;
0.040336;5;0.77937;
0.040341;5;0.758114;
0.040346;5;0.736868;
0.040351;5;0.715633;
0.040356;5;0.694408;
0.040361;5;0.673194;
0.040366;5;0.651991;
0.040371;5;0.630798;
0.040376;5;0.609616;
0.040381;5;0.588445;
0.040386;5;0.567284;
0.040391;5;0.546133;
0.040396;5;0.524993;
0.040401;5;0.503864;
0.040406;5;0.482745;
0.040411;5;0.461637;
0.040416;5;0.44054;
0.040421;5;0.419453;
0.040426;5;0.398376;
0.040431;5;0.37731;
0.040436;5;0.356255;
0.040441;5;0.33521;
0.040446;5;0.314175;
0.040451;5;0.293152;
0.040456;5;0.272138;
0.040461;5;0.251135;
0.040466;5;0.230143;
0.040471;5;0.209161;
0.040476;5;0.18819;
0.040481;5;0.167229;
0.040486;5;0.146278;
0.040491;5;0.125338;
0.040496;5;0.104409;
0.040501;5;0.0834899;
0.040506;5;0.0625814;
0.040511;5;0.0416833;
0.040516;5;0.0207956;
0.040521;5;-8.15713e-05;
0.040526;5;-0.0209483;
0.040531;5;-0.0418047;
0.040536;5;-0.0626506;
0.040541;5;-0.0834861;
0.040546;5;-0.104311;
0.040551;5;-0.125126;
0.040556;5;-0.14593;
0.040561;5;-0.166724;
0.040566;5;-0.187507;
0.040571;5;-0.208281;
0.040576;5;-0.229043;
0.040581;5;-0.249796;
0.040586;5;-0.270537;
0.040591;5;-0.291269;
0.040596;5;-0.31199;
0.040601;5;-0.332701;
0.040606;5;-0.353402;
0.040611;5;-0.374092;
0.040616;5;-0.394771;
0.040621;5;-0.415441;
0.040626;5;-0.4361;
0.040631;5;-0.456749;
0.040636;5;-0.477387;
0.040641;5;-0.498016;
0.040646;5;-0.518633;
0.040651;5;-0.539241;
0.040656;5;-0.559838;
0.040661;5;-0.580425;
0.040666;5;-0.601002;
0.040671;5;-0.621568;
0.040676;5;-0.642124;
0.040681;5;-0.66267;
0.040686;5;-0.683206;
0.040691;5;-0.703731;
0.040696;5;-0.724246;
0.040701;5;-0.744751;
0.040706;5;-0.765245;
0.040711;5;-0.785729;
0.040716;5;-0.806203;
0.040721;5;-0.826667;
0.040726;5;-0.847121;
0.040731;5;-0.867564;
0.040736;5;-0.887997;
0.040741;5;-0.90842;
0.040746;5;-0.928833;
0.040751;5;-0.949235;
0.040756;5;-0.969627;
0.040761;5;-0.990009;
0.040766;5;-1.01038;
0.040771;5;-1.03074;
0.040776;5;-1.05109;
0.040781;5;-1.07144;
0.040786;5;-1.09177;
0.040791;5;-1.11209;
0.040796;5;-1.1324;
0.040801;5;-1.1527;
0.040806;5;-1.17299;
0.040811;5;-1.19327;
0.040816;5;-1.21354;
0.040821;5;-1.2338;
0.040826;5;-1.25405;
0.040831;5;-1.27429;
0.040836;5;-1.29452;
0.040841;5;-1.31474;
0.040846;5;-1.33495;
0.040851;5;-1.35515;
0.040856;5;-1.37534;
0.040861;5;-1.39552;
0.040866;5;-1.41569;
0.040871;5;-1.43585;
0.040876;5;-1.456;
0.040881;5;-1.47613;
0.040886;5;-1.49626;
0.040891;5;-1.51638;
0.040896;5;-1.53649;
0.040901;5;-1.55659;
0.040906;5;-1.57668;
0.040911;5;-1.59676;
0.040916;5;-1.61683;
0.040921;5;-1.63688;
0.040926;5;-1.65693;
0.040931;5;-1.67697;
0.040936;5;-1.697;
0.040941;5;-1.71702;
0.040946;5;-1.73703;
0.040951;5;-1.75702;
0.040956;5;-1.77701;
0.040961;5;-1.79699;
0.040966;5;-1.81696;
0.040971;5;-1.83692;
0.040976;5;-1.85687;
0.040981;5;-1.87681;
0.040986;5;-1.89673;
0.040991;5;-1.91665;
0.040996;5;-1.93656;
0.041001;5;-1.9563;
0.0410011;4;-1.95735;
0.0410013;2;-1.95911;
0.0410017;-2;-1.961;
0.041002;-5;-1.96124;
0.0410021;-5;-1.96058;
0.0410022;-5;-1.95937;
0.0410026;-5;-1.95739;
0.0410032;-5;-1.95422;
0.0410045;-5;-1.94859;
0.041007;-5;-1.93747;
0.041012;-5;-1.91572;
0.041017;-5;-1.89399;
0.041022;-5;-1.87227;
0.041027;-5;-1.85056;
0.041032;-5;-1.82886;
0.041037;-5;-1.80717;
0.041042;-5;-1.7855;
0.041047;-5;-1.76383;
0.041052;-5;-1.74218;
0.041057;-5;-1.72053;
0.041062;-5;-1.6989;
0.041067;-5;-1.67727;
0.041072;-5;-1.65566;
0.041077;-5;-1.63406;
0.041082;-5;-1.61247;
0.041087;-5;-1.59089;
0.041092;-5;-1.56932;
0.041097;-5;-1.54776;
0.041102;-5;-1.52622;
0.041107;-5;-1.50468;
0.041112;-5;-1.48315;
0.041117;-5;-1.46164;
0.041122;-5;-1.44014;
0.041127;-5;-1.41864;
0.041132;-5;-1.39716;
0.041137;-5;-1.37569;
0.041142;-5;-1.35423;
0.041147;-5;-1.33278;
0.041152;-5;-1.31134;
0.041157;-5;-1.28991;
0.041162;-5;-1.26849;
0.041167;-5;-1.24708;
0.041172;-5;-1.22568;
0.041177;-5;-1.2043;
0.041182;-5;-1.18292;
0.041187;-5;-1.16156;
0.041192;-5;-1.1402;
0.041197;-5;-1.11886;
0.041202;-5;-1.09753;
0.041207;-5;-1.0762;
0.041212;-5;-1.05489;
0.041217;-5;-1.03359;
0.041222;-5;-1.0123;
0.041227;-5;-0.991022;
0.041232;-5;-0.969753;
0.041237;-5;-0.948494;
0.041242;-5;-0.927247;
0.041247;-5;-0.906009;
0.041252;-5;-0.884783;
0.041257;-5;-0.863567;
0.041262;-5;-0.842362;
0.041267;-5;-0.821167;
0.041272;-5;-0.799983;
0.041277;-5;-0.77881;
0.041282;-5;-0.757647;
0.041287;-5;-0.736495;
0.041292;-5;-0.715353;
0.041297;-5;-0.694222;
0.041302;-5;-0.673101;
0.041307;-5;-0.651991;
0.041312;-5;-0.630892;
0.041317;-5;-0.609803;
0.041322;-5;-0.588724;
0.041327;-5;-0.567656;
0.041332;-5;-0.546599;
0.041337;-5;-0.525552;
0.041342;-5;-0.504516;
0.041347;-5;-0.48349;
0.041352;-5;-0.462475;
0.041357;-5;-0.44147;
0.041362;-5;-0.420476;
0.041367;-5;-0.399492;
0.041372;-5;-0.378519;
0.041377;-5;-0.357556;
0.041382;-5;-0.336604;
0.041387;-5;-0.315662;
0.041392;-5;-0.294731;
0.041397;-5;-0.27381;
0.041402;-5;-0.252899;
0.041407;-5;-0.231999;
0.041412;-5;-0.21111;
0.041417;-5;-0.190231;
0.041422;-5;-0.169362;
0.041427;-5;-0.148504;
0.041432;-5;-0.127656;
0.041437;-5;-0.106819;
0.041442;-5;-0.085992;
0.041447;-5;-0.0651755;
0.041452;-5;-0.0443693;
0.041457;-5;-0.0235736;
0.041462;-5;-0.00278828;
0.041467;-5;0.0179866;
0.041472;-5;0.0387512;
0.041477;-5;0.0595054;
0.041482;-5;0.0802492;
0.041487;-5;0.100983;
0.041492;-5;0.121706;
0.041497;-5;0.142418;
0.041502;-5;0.163121;
0.041507;-5;0.183813;
0.041512;-5;0.204494;
0.041517;-5;0.225166;
0.041522;-5;0.245827;
0.041527;-5;0.266477;
0.041532;-5;0.287118;
0.041537;-5;0.307748;
0.041542;-5;0.328367;
0.041547;-5;0.348977;
0.041552;-5;0.369576;
0.041557;-5;0.390165;
0.041562;-5;0.410743;
0.041567;-5;0.431311;
0.041572;-5;0.451869;
0.041577;-5;0.472417;
0.041582;-5;0.492954;
0.041587;-5;0.513481;
0.041592;-5;0.533998;
0.041597;-5;0.554505;
0.041602;-5;0.575001;
0.041607;-5;0.595487;
0.041612;-5;0.615963;
0.041617;-5;0.636429;
0.041622;-5;0.656884;
0.041627;-5;0.677329;
0.041632;-5;0.697764;
0.041637;-5;0.718189;
0.041642;-5;0.738603;
0.041647;-5;0.759008;
0.041652;-5;0.779402;
0.041657;-5;0.799786;
0.041662;-5;0.820159;
0.041667;-5;0.840523;
0.041672;-5;0.860876;
0.041677;-5;0.881219;
0.041682;-5;0.901552;
0.041687;-5;0.921875;
0.041692;-5;0.942188;
0.041697;-5;0.96249;
0.041702;-5;0.982783;
0.041707;-5;1.00306;
0.041712;-5;1.02334;
0.041717;-5;1.0436;
0.041722;-5;1.06385;
0.041727;-5;1.08409;
0.041732;-5;1.10432;
0.041737;-5;1.12455;
0.041742;-5;1.14476;
0.041747;-5;1.16496;
0.041752;-5;1.18515;
0.041757;-5;1.20533;
0.041762;-5;1.2255;
0.041767;-5;1.24566;
0.041772;-5;1.26581;
0.041777;-5;1.28595;
0.041782;-5;1.30608;
0.041787;-5;1.32621;
0.041792;-5;1.34632;
0.041797;-5;1.36642;
0.041802;-5;1.38651;
0.041807;-5;1.40659;
0.041812;-5;1.42666;
0.041817;-5;1.44672;
0.041822;-5;1.46677;
0.041827;-5;1.48681;
0.041832;-5;1.50684;
0.041837;-5;1.52686;
0.041842;-5;1.54687;
0.041847;-5;1.56687;
0.041852;-5;1.58686;
0.041857;-5;1.60684;
0.041862;-5;1.62681;
0.041867;-5;1.64677;
0.041872;-5;1.66672;
0.041877;-5;1.68666;
0.041882;-5;1.70659;
0.041887;-5;1.72651;
0.041892;-5;1.74642;
0.041897;-5;1.76632;
0.041902;-5;1.78621;
0.041907;-5;1.80609;
0.041912;-5;1.82596;
0.041917;-5;1.84582;
0.041922;-5;1.86568;
0.041927;-5;1.88552;
0.041932;-5;1.90535;
0.041937;-5;1.92517;
0.041942;-5;1.94498;
0.041947;-5;1.96478;
0.041952;-5;1.98457;
0.041957;-5;2.00435;
0.041962;-5;2.02413;
0.041967;-5;2.04389;
0.041972;-5;2.06364;
0.041977;-5;2.08338;
0.041982;-5;2.10311;
0.041987;-5;2.12283;
0.041992;-5;2.14255;
0.041997;-5;2.16225;
0.042;-5;2.17391;
0.0420001;-4;2.17495;
0.0420003;-2;2.17671;
0.0420007;2;2.17858;
0.042001;5;2.17881;
0.0420011;5;2.17815;
0.0420012;5;2.17693;
0.0420016;5;2.17494;
0.0420022;5;2.17174;
0.0420035;5;2.16606;
0.042006;5;2.15483;
0.042011;5;2.13288;
0.042016;5;2.11095;
0.042021;5;2.08903;
0.042026;5;2.06712;
0.042031;5;2.04522;
0.042036;5;2.02333;
0.042041;5;2.00145;
0.042046;5;1.97958;
0.042051;5;1.95773;
0.042056;5;1.93588;
0.042061;5;1.91405;
0.042066;5;1.89222;
0.042071;5;1.87041;
0.042076;5;1.84861;
0.042081;5;1.82682;
0.042086;5;1.80504;
0.042091;5;1.78327;
0.042096;5;1.76151;
0.042101;5;1.73976;
0.042106;5;1.71802;
0.042111;5;1.6963;
0.042116;5;1.67458;
0.042121;5;1.65288;
0.042126;5;1.63119;
0.042131;5;1.6095;
0.042136;5;1.58783;
0.042141;5;1.56617;
0.042146;5;1.54452;
0.042151;5;1.52288;
0.042156;5;1.50126;
0.042161;5;1.47964;
0.042166;5;1.45803;
0.042171;5;1.43644;
0.042176;5;1.41485;
0.042181;5;1.39328;
0.042186;5;1.37171;
0.042191;5;1.35016;
0.042196;5;1.32862;
0.042201;5;1.30709;
0.042206;5;1.28557;
0.042211;5;1.26406;
0.042216;5;1.24256;
0.042221;5;1.22107;
0.042226;5;1.19959;
0.042231;5;1.17813;
0.042236;5;1.15667;
0.042241;5;1.13523;
0.042246;5;1.11379;
0.042251;5;1.09237;
0.042256;5;1.07096;
0.042261;5;1.04955;
0.042266;5;1.02816;
0.042271;5;1.00678;
0.042276;5;0.985412;
0.042281;5;0.964052;
0.042286;5;0.942704;
0.042291;5;0.921366;
0.042296;5;0.900038;
0.042301;5;0.878721;
0.042306;5;0.857415;
0.042311;5;0.83612;
0.042316;5;0.814835;
0.042321;5;0.793561;
0.042326;5;0.772297;
0.042331;5;0.751044;
0.042336;5;0.729802;
0.042341;5;0.708571;
0.042346;5;0.687349;
0.042351;5;0.666139;
0.042356;5;0.644939;
0.042361;5;0.62375;
0.042366;5;0.602571;
0.042371;5;0.581403;
0.042376;5;0.560246;
0.042381;5;0.539099;
0.042386;5;0.517963;
0.042391;5;0.496837;
0.042396;5;0.475722;
0.042401;5;0.454617;
0.042406;5;0.433523;
0.042411;5;0.412439;
0.042416;5;0.391366;
0.042421;5;0.370304;
0.042426;5;0.349252;
0.042431;5;0.328211;
0.042436;5;0.30718;
0.042441;5;0.286159;
0.042446;5;0.265149;
0.042451;5;0.24415;
0.042456;5;0.223161;
0.042461;5;0.202183;
0.042466;5;0.181215;
0.042471;5;0.160258;
0.042476;5;0.139311;
0.042481;5;0.118374;
0.042486;5;0.0974482;
0.042491;5;0.0765326;
0.042496;5;0.0556276;
0.042501;5;0.0347329;
0.042506;5;0.0138488;
0.042511;5;-0.00702496;
0.042516;5;-0.0278883;
0.042521;5;-0.0487411;
0.042526;5;-0.0695836;
0.042531;5;-0.0904156;
0.042536;5;-0.111237;
0.042541;5;-0.132048;
0.042546;5;-0.152849;
0.042551;5;-0.17364;
0.042556;5;-0.19442;
0.042561;5;-0.215189;
0.042566;5;-0.235948;
0.042571;5;-0.256697;
0.042576;5;-0.277436;
0.042581;5;-0.298164;
0.042586;5;-0.318882;
0.042591;5;-0.339589;
0.042596;5;-0.360286;
0.042601;5;-0.380973;
0.042606;5;-0.401649;
0.042611;5;-0.422315;
0.042616;5;-0.442971;
0.042621;5;-0.463616;
0.042626;5;-0.484251;
0.042631;5;-0.504876;
0.042636;5;-0.52549;
0.042641;5;-0.546095;
0.042646;5;-0.566688;
0.042651;5;-0.587272;
0.042656;5;-0.607845;
0.042661;5;-0.628408;
0.042666;5;-0.648961;
0.042671;5;-0.669503;
0.042676;5;-0.690035;
0.042681;5;-0.710557;
0.042686;5;-0.731069;
0.042691;5;-0.75157;
0.042696;5;-0.772061;
0.042701;5;-0.792542;
0.042706;5;-0.813013;
0.042711;5;-0.833473;
0.042716;5;-0.853923;
0.042721;5;-0.874363;
0.042726;5;-0.894793;
0.042731;5;-0.915212;
0.042736;5;-0.935622;
0.042741;5;-0.956021;
0.042746;5;-0.976409;
0.042751;5;-0.996788;
0.042756;5;-1.01716;
0.042761;5;-1.03751;
0.042766;5;-1.05786;
0.042771;5;-1.0782;
0.042776;5;-1.09853;
0.042781;5;-1.11885;
0.042786;5;-1.13915;
0.042791;5;-1.15945;
0.042796;5;-1.17974;
0.042801;5;-1.20002;
0.042806;5;-1.22028;
0.042811;5;-1.24054;
0.042816;5;-1.26079;
0.042821;5;-1.28102;
0.042826;5;-1.30125;
0.042831;5;-1.32147;
0.042836;5;-1.34167;
0.042841;5;-1.36187;
0.042846;5;-1.38205;
0.042851;5;-1.40223;
0.042856;5;-1.4224;
0.042861;5;-1.44255;
0.042866;5;-1.4627;
0.042871;5;-1.48283;
0.042876;5;-1.50296;
0.042881;5;-1.52307;
0.042886;5;-1.54318;
0.042891;5;-1.56327;
0.042896;5;-1.58336;
0.042901;5;-1.60343;
0.042906;5;-1.6235;
0.042911;5;-1.64355;
0.042916;5;-1.6636;
0.042921;5;-1.68364;
0.042926;5;-1.70366;
0.042931;5;-1.72368;
0.042936;5;-1.74368;
0.042941;5;-1.76368;
0.042946;5;-1.78366;
0.042951;5;-1.80364;
0.042956;5;-1.8236;
0.042961;5;-1.84356;
0.042966;5;-1.8635;
0.042971;5;-1.88344;
0.042976;5;-1.90336;
0.042981;5;-1.92328;
0.042986;5;-1.94318;
0.042991;5;-1.96308;
0.042996;5;-1.98296;
0.043001;5;-2.00268;
0.0430011;4;-2.00373;
0.0430013;2;-2.00549;
0.0430017;-2;-2.00738;
0.043002;-5;-2.00762;
0.0430021;-5;-2.00696;
0.0430022;-5;-2.00575;
0.0430026;-5;-2.00376;
0.0430032;-5;-2.00059;
0.0430045;-5;-1.99495;
0.043007;-5;-1.98382;
0.043012;-5;-1.96205;
0.043017;-5;-1.9403;
0.043022;-5;-1.91855;
0.043027;-5;-1.89682;
0.043032;-5;-1.8751;
0.043037;-5;-1.85339;
0.043042;-5;-1.83169;
0.043047;-5;-1.81;
0.043052;-5;-1.78832;
0.043057;-5;-1.76665;
0.043062;-5;-1.74499;
0.043067;-5;-1.72335;
0.043072;-5;-1.70171;
0.043077;-5;-1.68009;
0.043082;-5;-1.65848;
0.043087;-5;-1.63687;
0.043092;-5;-1.61528;
0.043097;-5;-1.5937;
0.043102;-5;-1.57213;
0.043107;-5;-1.55057;
0.043112;-5;-1.52902;
0.043117;-5;-1.50748;
0.043122;-5;-1.48596;
0.043127;-5;-1.46444;
0.043132;-5;-1.44293;
0.043137;-5;-1.42144;
0.043142;-5;-1.39996;
0.043147;-5;-1.37848;
0.043152;-5;-1.35702;
0.043157;-5;-1.33557;
0.043162;-5;-1.31413;
0.043167;-5;-1.2927;
0.043172;-5;-1.27128;
0.043177;-5;-1.24987;
0.043182;-5;-1.22847;
0.043187;-5;-1.20708;
0.043192;-5;-1.1857;
0.043197;-5;-1.16434;
0.043202;-5;-1.14298;
0.043207;-5;-1.12164;
0.043212;-5;-1.1003;
0.043217;-5;-1.07898;
0.043222;-5;-1.05767;
0.043227;-5;-1.03636;
0.043232;-5;-1.01507;
0.043237;-5;-0.993791;
0.043242;-5;-0.972521;
0.043247;-5;-0.951261;
0.043252;-5;-0.930012;
0.043257;-5;-0.908774;
0.043262;-5;-0.887546;
0.043267;-5;-0.866329;
0.043272;-5;-0.845122;
0.043277;-5;-0.823926;
0.043282;-5;-0.80274;
0.043287;-5;-0.781566;
0.043292;-5;-0.760401;
0.043297;-5;-0.739248;
0.043302;-5;-0.718105;
0.043307;-5;-0.696972;
0.043312;-5;-0.67585;
0.043317;-5;-0.654739;
0.043322;-5;-0.633638;
0.043327;-5;-0.612548;
0.043332;-5;-0.591468;
0.043337;-5;-0.570399;
0.043342;-5;-0.54934;
0.043347;-5;-0.528292;
0.043352;-5;-0.507254;
0.043357;-5;-0.486227;
0.043362;-5;-0.46521;
0.043367;-5;-0.444204;
0.043372;-5;-0.423209;
0.043377;-5;-0.402223;
0.043382;-5;-0.381249;
0.043387;-5;-0.360285;
0.043392;-5;-0.339331;
0.043397;-5;-0.318388;
0.043402;-5;-0.297455;
0.043407;-5;-0.276533;
0.043412;-5;-0.255621;
0.043417;-5;-0.23472;
0.043422;-5;-0.213829;
0.043427;-5;-0.192949;
0.043432;-5;-0.172079;
0.043437;-5;-0.151219;
0.043442;-5;-0.13037;
0.043447;-5;-0.109531;
0.043452;-5;-0.0887028;
0.043457;-5;-0.0678849;
0.043462;-5;-0.0470775;
0.043467;-5;-0.0262804;
0.043472;-5;-0.00549371;
0.043477;-5;0.0152826;
0.043482;-5;0.0360485;
0.043487;-5;0.056804;
0.043492;-5;0.0775491;
0.043497;-5;0.0982839;
0.043502;-5;0.119008;
0.043507;-5;0.139722;
0.043512;-5;0.160426;
0.043517;-5;0.181119;
0.043522;-5;0.201802;
0.043527;-5;0.222475;
0.043532;-5;0.243137;
0.043537;-5;0.263789;
0.043542;-5;0.284431;
0.043547;-5;0.305062;
0.043552;-5;0.325683;
0.043557;-5;0.346294;
0.043562;-5;0.366895;
0.043567;-5;0.387485;
0.043572;-5;0.408064;
0.043577;-5;0.428634;
0.043582;-5;0.449193;
0.043587;-5;0.469742;
0.043592;-5;0.490281;
0.043597;-5;0.510809;
0.043602;-5;0.531328;
0.043607;-5;0.551836;
0.043612;-5;0.572333;
0.043617;-5;0.592821;
0.043622;-5;0.613298;
0.043627;-5;0.633765;
0.043632;-5;0.654221;
0.043637;-5;0.674668;
0.043642;-5;0.695104;
0.043647;-5;0.71553;
0.043652;-5;0.735946;
0.043657;-5;0.756352;
0.043662;-5;0.776747;
0.043667;-5;0.797132;
0.043672;-5;0.817507;
0.043677;-5;0.837872;
0.043682;-5;0.858227;
0.043687;-5;0.878571;
0.043692;-5;0.898906;
0.043697;-5;0.91923;
0.043702;-5;0.939544;
0.043707;-5;0.959848;
0.043712;-5;0.980141;
0.043717;-5;1.00042;
0.043722;-5;1.0207;
0.043727;-5;1.04096;
0.043732;-5;1.06121;
0.043737;-5;1.08146;
0.043742;-5;1.10169;
0.043747;-5;1.12191;
0.043752;-5;1.14213;
0.043757;-5;1.16233;
0.043762;-5;1.18252;
0.043767;-5;1.2027;
0.043772;-5;1.22288;
0.043777;-5;1.24304;
0.043782;-5;1.26319;
0.043787;-5;1.28333;
0.043792;-5;1.30346;
0.043797;-5;1.32359;
0.043802;-5;1.3437;
0.043807;-5;1.3638;
0.043812;-5;1.38389;
0.043817;-5;1.40397;
0.043822;-5;1.42404;
0.043827;-5;1.44411;
0.043832;-5;1.46416;
0.043837;-5;1.4842;
0.043842;-5;1.50423;
0.043847;-5;1.52425;
0.043852;-5;1.54426;
0.043857;-5;1.56427;
0.043862;-5;1.58426;
0.043867;-5;1.60424;
0.043872;-5;1.62421;
0.043877;-5;1.64417;
0.043882;-5;1.66412;
0.043887;-5;1.68407;
0.043892;-5;1.704;
0.043897;-5;1.72392;
0.043902;-5;1.74383;
0.043907;-5;1.76373;
0.043912;-5;1.78362;
0.043917;-5;1.80351;
0.043922;-5;1.82338;
0.043927;-5;1.84324;
0.043932;-5;1.86309;
0.043937;-5;1.88293;
0.043942;-5;1.90277;
0.043947;-5;1.92259;
0.043952;-5;1.9424;
0.043957;-5;1.9622;
0.043962;-5;1.982;
0.043967;-5;2.00178;
0.043972;-5;2.02155;
0.043977;-5;2.04131;
0.043982;-5;2.06107;
0.043987;-5;2.08081;
0.043992;-5;2.10054;
0.043997;-5;2.12027;
0.044;-5;2.13194;
0.0440001;-4;2.13298;
0.0440003;-2;2.13474;
0.0440007;2;2.13662;
0.044001;5;2.13684;
0.0440011;5;2.13618;
0.0440012;5;2.13497;
0.0440016;5;2.13297;
0.0440022;5;2.12978;
0.0440035;5;2.1241;
0.044006;5;2.11289;
0.044011;5;2.09096;
0.044016;5;2.06905;
0.044021;5;2.04714;
0.044026;5;2.02526;
0.044031;5;2.00338;
0.044036;5;1.98151;
0.044041;5;1.95965;
0.044046;5;1.93781;
0.044051;5;1.91597;
0.044056;5;1.89415;
0.044061;5;1.87233;
0.044066;5;1.85053;
0.044071;5;1.82874;
0.044076;5;1.80696;
0.044081;5;1.78519;
0.044086;5;1.76343;
0.044091;5;1.74168;
0.044096;5;1.71994;
0.044101;5;1.69821;
0.044106;5;1.6765;
0.044111;5;1.65479;
0.044116;5;1.6331;
0.044121;5;1.61142;
0.044126;5;1.58974;
0.044131;5;1.56808;
0.044136;5;1.54643;
0.044141;5;1.52479;
0.044146;5;1.50316;
0.044151;5;1.48154;
0.044156;5;1.45994;
0.044161;5;1.43834;
0.044166;5;1.41675;
0.044171;5;1.39518;
0.044176;5;1.37361;
0.044181;5;1.35206;
0.044186;5;1.33052;
0.044191;5;1.30899;
0.044196;5;1.28746;
0.044201;5;1.26595;
0.044206;5;1.24445;
0.044211;5;1.22297;
0.044216;5;1.20149;
0.044221;5;1.18002;
0.044226;5;1.15856;
0.044231;5;1.13712;
0.044236;5;1.11568;
0.044241;5;1.09426;
0.044246;5;1.07284;
0.044251;5;1.05144;
0.044256;5;1.03005;
0.044261;5;1.00867;
0.044266;5;0.987295;
0.044271;5;0.965935;
0.044276;5;0.944585;
0.044281;5;0.923246;
0.044286;5;0.901918;
0.044291;5;0.8806;
0.044296;5;0.859293;
0.044301;5;0.837997;
0.044306;5;0.816711;
0.044311;5;0.795436;
0.044316;5;0.774171;
0.044321;5;0.752918;
0.044326;5;0.731674;
0.044331;5;0.710442;
0.044336;5;0.68922;
0.044341;5;0.668008;
0.044346;5;0.646808;
0.044351;5;0.625618;
0.044356;5;0.604438;
0.044361;5;0.583269;
0.044366;5;0.562111;
0.044371;5;0.540963;
0.044376;5;0.519826;
0.044381;5;0.498699;
0.044386;5;0.477583;
0.044391;5;0.456477;
0.044396;5;0.435382;
0.044401;5;0.414298;
0.044406;5;0.393224;
0.044411;5;0.37216;
0.044416;5;0.351107;
0.044421;5;0.330065;
0.044426;5;0.309033;
0.044431;5;0.288012;
0.044436;5;0.267001;
0.044441;5;0.246001;
0.044446;5;0.225011;
0.044451;5;0.204032;
0.044456;5;0.183063;
0.044461;5;0.162105;
0.044466;5;0.141157;
0.044471;5;0.120219;
0.044476;5;0.0992925;
0.044481;5;0.0783761;
0.044486;5;0.0574701;
0.044491;5;0.0365745;
0.044496;5;0.0156894;
0.044501;5;-0.00518522;
0.044506;5;-0.0260494;
0.044511;5;-0.0469032;
0.044516;5;-0.0677466;
0.044521;5;-0.0885795;
0.044526;5;-0.109402;
0.044531;5;-0.130214;
0.044536;5;-0.151016;
0.044541;5;-0.171807;
0.044546;5;-0.192588;
0.044551;5;-0.213359;
0.044556;5;-0.234119;
0.044561;5;-0.254869;
0.044566;5;-0.275608;
0.044571;5;-0.296337;
0.044576;5;-0.317056;
0.044581;5;-0.337764;
0.044586;5;-0.358462;
0.044591;5;-0.37915;
0.044596;5;-0.399827;
0.044601;5;-0.420494;
0.044606;5;-0.44115;
0.044611;5;-0.461797;
0.044616;5;-0.482433;
0.044621;5;-0.503058;
0.044626;5;-0.523674;
0.044631;5;-0.544279;
0.044636;5;-0.564873;
0.044641;5;-0.585458;
0.044646;5;-0.606032;
0.044651;5;-0.626596;
0.044656;5;-0.647149;
0.044661;5;-0.667693;
0.044666;5;-0.688226;
0.044671;5;-0.708748;
0.044676;5;-0.729261;
0.044681;5;-0.749763;
0.044686;5;-0.770255;
0.044691;5;-0.790737;
0.044696;5;-0.811208;
0.044701;5;-0.83167;
0.044706;5;-0.852121;
0.044711;5;-0.872562;
0.044716;5;-0.892992;
0.044721;5;-0.913413;
0.044726;5;-0.933823;
0.044731;5;-0.954223;
0.044736;5;-0.974612;
0.044741;5;-0.994992;
0.044746;5;-1.01536;
0.044751;5;-1.03572;
0.044756;5;-1.05607;
0.044761;5;-1.07641;
0.044766;5;-1.09674;
0.044771;5;-1.11706;
0.044776;5;-1.13736;
0.044781;5;-1.15766;
0.044786;5;-1.17795;
0.044791;5;-1.19823;
0.044796;5;-1.2185;
0.044801;5;-1.23875;
0.044806;5;-1.259;
0.044811;5;-1.27924;
0.044816;5;-1.29947;
0.044821;5;-1.31968;
0.044826;5;-1.33989;
0.044831;5;-1.36009;
0.044836;5;-1.38027;
0.044841;5;-1.40045;
0.044846;5;-1.42062;
0.044851;5;-1.44077;
0.044856;5;-1.46092;
0.044861;5;-1.48106;
0.044866;5;-1.50118;
0.044871;5;-1.5213;
0.044876;5;-1.54141;
0.044881;5;-1.5615;
0.044886;5;-1.58159;
0.044891;5;-1.60167;
0.044896;5;-1.62173;
0.044901;5;-1.64179;
0.044906;5;-1.66183;
0.044911;5;-1.68187;
0.044916;5;-1.7019;
0.044921;5;-1.72191;
0.044926;5;-1.74192;
0.044931;5;-1.76191;
0.044936;5;-1.7819;
0.044941;5;-1.80188;
0.044946;5;-1.82184;
0.044951;5;-1.8418;
0.044956;5;-1.86174;
0.044961;5;-1.88168;
0.044966;5;-1.90161;
0.044971;5;-1.92152;
0.044976;5;-1.94143;
0.044981;5;-1.96132;
0.044986;5;-1.98121;
0.044991;5;-2.00109;
0.044996;5;-2.02095;
0.045001;5;-2.04065;
0.0450011;4;-2.0417;
0.0450013;2;-2.04346;
0.0450017;-2;-2.04535;
0.045002;-5;-2.04558;
0.0450021;-5;-2.04493;
0.0450022;-5;-2.04371;
0.0450026;-5;-2.04173;
0.0450032;-5;-2.03855;
0.0450045;-5;-2.03291;
0.045007;-5;-2.02177;
0.045012;-5;-1.99997;
0.045017;-5;-1.97821;
0.045022;-5;-1.95644;
0.045027;-5;-1.93469;
0.045032;-5;-1.91295;
0.045037;-5;-1.89122;
0.045042;-5;-1.8695;
0.045047;-5;-1.84779;
0.045052;-5;-1.8261;
0.045057;-5;-1.80441;
0.045062;-5;-1.78273;
0.045067;-5;-1.76107;
0.045072;-5;-1.73942;
0.045077;-5;-1.71777;
0.045082;-5;-1.69614;
0.045087;-5;-1.67452;
0.045092;-5;-1.65291;
0.045097;-5;-1.63131;
0.045102;-5;-1.60972;
0.045107;-5;-1.58814;
0.045112;-5;-1.56657;
0.045117;-5;-1.54502;
0.045122;-5;-1.52347;
0.045127;-5;-1.50194;
0.045132;-5;-1.48041;
0.045137;-5;-1.4589;
0.045142;-5;-1.43739;
0.045147;-5;-1.4159;
0.045152;-5;-1.39442;
0.045157;-5;-1.37295;
0.045162;-5;-1.35149;
0.045167;-5;-1.33004;
0.045172;-5;-1.3086;
0.045177;-5;-1.28718;
0.045182;-5;-1.26576;
0.045187;-5;-1.24435;
0.045192;-5;-1.22296;
0.045197;-5;-1.20157;
0.045202;-5;-1.1802;
0.045207;-5;-1.15883;
0.045212;-5;-1.13748;
0.045217;-5;-1.11614;
0.045222;-5;-1.09481;
0.045227;-5;-1.07349;
0.045232;-5;-1.05218;
0.045237;-5;-1.03088;
0.045242;-5;-1.00959;
0.045247;-5;-0.98831;
0.045252;-5;-0.967042;
0.045257;-5;-0.945785;
0.045262;-5;-0.924539;
0.045267;-5;-0.903303;
0.045272;-5;-0.882078;
0.045277;-5;-0.860863;
0.045282;-5;-0.839659;
0.045287;-5;-0.818466;
0.045292;-5;-0.797283;
0.045297;-5;-0.776111;
0.045302;-5;-0.75495;
0.045307;-5;-0.733799;
0.045312;-5;-0.712658;
0.045317;-5;-0.691529;
0.045322;-5;-0.670409;
0.045327;-5;-0.649301;
0.045332;-5;-0.628203;
0.045337;-5;-0.607115;
0.045342;-5;-0.586038;
0.045347;-5;-0.564971;
0.045352;-5;-0.543915;
0.045357;-5;-0.52287;
0.045362;-5;-0.501835;
0.045367;-5;-0.480811;
0.045372;-5;-0.459797;
0.045377;-5;-0.438793;
0.045382;-5;-0.4178;
0.045387;-5;-0.396818;
0.045392;-5;-0.375846;
0.045397;-5;-0.354885;
0.045402;-5;-0.333934;
0.045407;-5;-0.312993;
0.045412;-5;-0.292063;
0.045417;-5;-0.271144;
0.045422;-5;-0.250235;
0.045427;-5;-0.229336;
0.045432;-5;-0.208448;
0.045437;-5;-0.18757;
0.045442;-5;-0.166703;
0.045447;-5;-0.145846;
0.045452;-5;-0.124999;
0.045457;-5;-0.104163;
0.045462;-5;-0.0833378;
0.045467;-5;-0.0625226;
0.045472;-5;-0.0417178;
0.045477;-5;-0.0209234;
0.045482;-5;-0.000139373;
0.045487;-5;0.0206342;
0.045492;-5;0.0413975;
0.045497;-5;0.0621503;
0.045502;-5;0.0828928;
0.045507;-5;0.103625;
0.045512;-5;0.124347;
0.045517;-5;0.145058;
0.045522;-5;0.165759;
0.045527;-5;0.18645;
0.045532;-5;0.20713;
0.045537;-5;0.2278;
0.045542;-5;0.24846;
0.045547;-5;0.269109;
0.045552;-5;0.289748;
0.045557;-5;0.310377;
0.045562;-5;0.330995;
0.045567;-5;0.351603;
0.045572;-5;0.372201;
0.045577;-5;0.392788;
0.045582;-5;0.413366;
0.045587;-5;0.433932;
0.045592;-5;0.454489;
0.045597;-5;0.475035;
0.045602;-5;0.495571;
0.045607;-5;0.516097;
0.045612;-5;0.536613;
0.045617;-5;0.557118;
0.045622;-5;0.577613;
0.045627;-5;0.598098;
0.045632;-5;0.618572;
0.045637;-5;0.639037;
0.045642;-5;0.659491;
0.045647;-5;0.679935;
0.045652;-5;0.700368;
0.045657;-5;0.720792;
0.045662;-5;0.741205;
0.045667;-5;0.761608;
0.045672;-5;0.782001;
0.045677;-5;0.802383;
0.045682;-5;0.822756;
0.045687;-5;0.843118;
0.045692;-5;0.86347;
0.045697;-5;0.883812;
0.045702;-5;0.904144;
0.045707;-5;0.924465;
0.045712;-5;0.944776;
0.045717;-5;0.965078;
0.045722;-5;0.985369;
0.045727;-5;1.00565;
0.045732;-5;1.02592;
0.045737;-5;1.04618;
0.045742;-5;1.06643;
0.045747;-5;1.08667;
0.045752;-5;1.1069;
0.045757;-5;1.12712;
0.045762;-5;1.14733;
0.045767;-5;1.16753;
0.045772;-5;1.18772;
0.045777;-5;1.2079;
0.045782;-5;1.22807;
0.045787;-5;1.24823;
0.045792;-5;1.26838;
0.045797;-5;1.28852;
0.045802;-5;1.30865;
0.045807;-5;1.32877;
0.045812;-5;1.34888;
0.045817;-5;1.36898;
0.045822;-5;1.38907;
0.045827;-5;1.40915;
0.045832;-5;1.42922;
0.045837;-5;1.44927;
0.045842;-5;1.46932;
0.045847;-5;1.48936;
0.045852;-5;1.50939;
0.045857;-5;1.52941;
0.045862;-5;1.54942;
0.045867;-5;1.56942;
0.045872;-5;1.58941;
0.045877;-5;1.60939;
0.045882;-5;1.62935;
0.045887;-5;1.64931;
0.045892;-5;1.66926;
0.045897;-5;1.6892;
0.045902;-5;1.70913;
0.045907;-5;1.72905;
0.045912;-5;1.74896;
0.045917;-5;1.76886;
0.045922;-5;1.78875;
0.045927;-5;1.80863;
0.045932;-5;1.8285;
0.045937;-5;1.84836;
0.045942;-5;1.86821;
0.045947;-5;1.88805;
0.045952;-5;1.90787;
0.045957;-5;1.92769;
0.045962;-5;1.9475;
0.045967;-5;1.9673;
0.045972;-5;1.98709;
0.045977;-5;2.00687;
0.045982;-5;2.02664;
0.045987;-5;2.04641;
0.045992;-5;2.06616;
0.045997;-5;2.0859;
0.046;-5;2.09758;
0.0460001;-4;2.09862;
0.0460003;-2;2.10038;
0.0460007;2;2.10226;
0.046001;5;2.10249;
0.0460011;5;2.10183;
0.0460012;5;2.10061;
0.0460016;5;2.09862;
0.0460022;5;2.09542;
0.0460035;5;2.08975;
0.046006;5;2.07855;
0.046011;5;2.05663;
0.046016;5;2.03475;
0.046021;5;2.01286;
0.046026;5;1.99099;
0.046031;5;1.96912;
0.046036;5;1.94727;
0.046041;5;1.92543;
0.046046;5;1.9036;
0.046051;5;1.88178;
0.046056;5;1.85998;
0.046061;5;1.83818;
0.046066;5;1.81639;
0.046071;5;1.79462;
0.046076;5;1.77285;
0.046081;5;1.7511;
0.046086;5;1.72936;
0.046091;5;1.70763;
0.046096;5;1.68591;
0.046101;5;1.6642;
0.046106;5;1.6425;
0.046111;5;1.62081;
0.046116;5;1.59913;
0.046121;5;1.57747;
0.046126;5;1.55581;
0.046131;5;1.53417;
0.046136;5;1.51253;
0.046141;5;1.49091;
0.046146;5;1.4693;
0.046151;5;1.4477;
0.046156;5;1.42611;
0.046161;5;1.40453;
0.046166;5;1.38296;
0.046171;5;1.3614;
0.046176;5;1.33985;
0.046181;5;1.31832;
0.046186;5;1.29679;
0.046191;5;1.27528;
0.046196;5;1.25377;
0.046201;5;1.23228;
0.046206;5;1.21079;
0.046211;5;1.18932;
0.046216;5;1.16786;
0.046221;5;1.14641;
0.046226;5;1.12497;
0.046231;5;1.10354;
0.046236;5;1.08212;
0.046241;5;1.06071;
0.046246;5;1.03932;
0.046251;5;1.01793;
0.046256;5;0.996556;
0.046261;5;0.975191;
0.046266;5;0.953836;
0.046271;5;0.932493;
0.046276;5;0.91116;
0.046281;5;0.889838;
0.046286;5;0.868526;
0.046291;5;0.847225;
0.046296;5;0.825935;
0.046301;5;0.804655;
0.046306;5;0.783386;
0.046311;5;0.762127;
0.046316;5;0.740879;
0.046321;5;0.719642;
0.046326;5;0.698416;
0.046331;5;0.6772;
0.046336;5;0.655994;
0.046341;5;0.6348;
0.046346;5;0.613615;
0.046351;5;0.592442;
0.046356;5;0.571279;
0.046361;5;0.550126;
0.046366;5;0.528985;
0.046371;5;0.507853;
0.046376;5;0.486733;
0.046381;5;0.465623;
0.046386;5;0.444523;
0.046391;5;0.423434;
0.046396;5;0.402355;
0.046401;5;0.381287;
0.046406;5;0.36023;
0.046411;5;0.339183;
0.046416;5;0.318147;
0.046421;5;0.297121;
0.046426;5;0.276106;
0.046431;5;0.255101;
0.046436;5;0.234106;
0.046441;5;0.213123;
0.046446;5;0.192149;
0.046451;5;0.171186;
0.046456;5;0.150234;
0.046461;5;0.129292;
0.046466;5;0.108361;
0.046471;5;0.0874396;
0.046476;5;0.066529;
0.046481;5;0.045629;
0.046486;5;0.0247393;
0.046491;5;0.00386016;
0.046496;5;-0.0170086;
0.046501;5;-0.0378669;
0.046506;5;-0.0587148;
0.046511;5;-0.0795522;
0.046516;5;-0.100379;
0.046521;5;-0.121196;
0.046526;5;-0.142002;
0.046531;5;-0.162798;
0.046536;5;-0.183583;
0.046541;5;-0.204358;
0.046546;5;-0.225123;
0.046551;5;-0.245877;
0.046556;5;-0.266621;
0.046561;5;-0.287355;
0.046566;5;-0.308078;
0.046571;5;-0.328791;
0.046576;5;-0.349493;
0.046581;5;-0.370185;
0.046586;5;-0.390867;
0.046591;5;-0.411538;
0.046596;5;-0.4322;
0.046601;5;-0.45285;
0.046606;5;-0.473491;
0.046611;5;-0.494121;
0.046616;5;-0.514741;
0.046621;5;-0.53535;
0.046626;5;-0.555949;
0.046631;5;-0.576538;
0.046636;5;-0.597117;
0.046641;5;-0.617685;
0.046646;5;-0.638243;
0.046651;5;-0.658791;
0.046656;5;-0.679328;
0.046661;5;-0.699855;
0.046666;5;-0.720372;
0.046671;5;-0.740879;
0.046676;5;-0.761376;
0.046681;5;-0.781862;
0.046686;5;-0.802338;
0.046691;5;-0.822803;
0.046696;5;-0.843259;
0.046701;5;-0.863704;
0.046706;5;-0.884139;
0.046711;5;-0.904564;
0.046716;5;-0.924979;
0.046721;5;-0.945383;
0.046726;5;-0.965777;
0.046731;5;-0.986161;
0.046736;5;-1.00654;
0.046741;5;-1.0269;
0.046746;5;-1.04725;
0.046751;5;-1.0676;
0.046756;5;-1.08793;
0.046761;5;-1.10825;
0.046766;5;-1.12856;
0.046771;5;-1.14887;
0.046776;5;-1.16916;
0.046781;5;-1.18944;
0.046786;5;-1.20971;
0.046791;5;-1.22998;
0.046796;5;-1.25023;
0.046801;5;-1.27047;
0.046806;5;-1.2907;
0.046811;5;-1.31092;
0.046816;5;-1.33113;
0.046821;5;-1.35134;
0.046826;5;-1.37153;
0.046831;5;-1.39171;
0.046836;5;-1.41188;
0.046841;5;-1.43204;
0.046846;5;-1.45219;
0.046851;5;-1.47233;
0.046856;5;-1.49246;
0.046861;5;-1.51258;
0.046866;5;-1.53269;
0.046871;5;-1.55279;
0.046876;5;-1.57289;
0.046881;5;-1.59297;
0.046886;5;-1.61304;
0.046891;5;-1.6331;
0.046896;5;-1.65315;
0.046901;5;-1.67319;
0.046906;5;-1.69322;
0.046911;5;-1.71324;
0.046916;5;-1.73325;
0.046921;5;-1.75325;
0.046926;5;-1.77324;
0.046931;5;-1.79322;
0.046936;5;-1.81319;
0.046941;5;-1.83315;
0.046946;5;-1.8531;
0.046951;5;-1.87304;
0.046956;5;-1.89297;
0.046961;5;-1.91289;
0.046966;5;-1.9328;
0.046971;5;-1.9527;
0.046976;5;-1.97259;
0.046981;5;-1.99247;
0.046986;5;-2.01234;
0.046991;5;-2.03221;
0.046996;5;-2.05206;
0.047001;5;-2.07174;
0.0470011;4;-2.07278;
0.0470013;2;-2.07455;
0.0470017;-2;-2.07643;
0.047002;-5;-2.07667;
0.0470021;-5;-2.07601;
0.0470022;-5;-2.0748;
0.0470026;-5;-2.07281;
0.0470032;-5;-2.06963;
0.0470045;-5;-2.06399;
0.047007;-5;-2.05284;
0.047012;-5;-2.03103;
0.047017;-5;-2.00925;
0.047022;-5;-1.98746;
0.047027;-5;-1.9657;
0.047032;-5;-1.94394;
0.047037;-5;-1.9222;
0.047042;-5;-1.90046;
0.047047;-5;-1.87874;
0.047052;-5;-1.85703;
0.047057;-5;-1.83532;
0.047062;-5;-1.81363;
0.047067;-5;-1.79195;
0.047072;-5;-1.77028;
0.047077;-5;-1.74862;
0.047082;-5;-1.72698;
0.047087;-5;-1.70534;
0.047092;-5;-1.68371;
0.047097;-5;-1.6621;
0.047102;-5;-1.64049;
0.047107;-5;-1.6189;
0.047112;-5;-1.59732;
0.047117;-5;-1.57575;
0.047122;-5;-1.55418;
0.047127;-5;-1.53263;
0.047132;-5;-1.51109;
0.047137;-5;-1.48957;
0.047142;-5;-1.46805;
0.047147;-5;-1.44654;
0.047152;-5;-1.42504;
0.047157;-5;-1.40356;
0.047162;-5;-1.38208;
0.047167;-5;-1.36062;
0.047172;-5;-1.33916;
0.047177;-5;-1.31772;
0.047182;-5;-1.29629;
0.047187;-5;-1.27487;
0.047192;-5;-1.25346;
0.047197;-5;-1.23206;
0.047202;-5;-1.21067;
0.047207;-5;-1.18929;
0.047212;-5;-1.16792;
0.047217;-5;-1.14656;
0.047222;-5;-1.12522;
0.047227;-5;-1.10388;
0.047232;-5;-1.08255;
0.047237;-5;-1.06124;
0.047242;-5;-1.03994;
0.047247;-5;-1.01864;
0.047252;-5;-0.997359;
0.047257;-5;-0.976087;
0.047262;-5;-0.954825;
0.047267;-5;-0.933574;
0.047272;-5;-0.912334;
0.047277;-5;-0.891105;
0.047282;-5;-0.869886;
0.047287;-5;-0.848677;
0.047292;-5;-0.827479;
0.047297;-5;-0.806292;
0.047302;-5;-0.785116;
0.047307;-5;-0.76395;
0.047312;-5;-0.742794;
0.047317;-5;-0.721649;
0.047322;-5;-0.700515;
0.047327;-5;-0.679391;
0.047332;-5;-0.658278;
0.047337;-5;-0.637175;
0.047342;-5;-0.616083;
0.047347;-5;-0.595002;
0.047352;-5;-0.573931;
0.047357;-5;-0.55287;
0.047362;-5;-0.53182;
0.047367;-5;-0.510781;
0.047372;-5;-0.489752;
0.047377;-5;-0.468734;
0.047382;-5;-0.447726;
0.047387;-5;-0.426728;
0.047392;-5;-0.405742;
0.047397;-5;-0.384765;
0.047402;-5;-0.363799;
0.047407;-5;-0.342844;
0.047412;-5;-0.321899;
0.047417;-5;-0.300965;
0.047422;-5;-0.280041;
0.047427;-5;-0.259127;
0.047432;-5;-0.238224;
0.047437;-5;-0.217331;
0.047442;-5;-0.196449;
0.047447;-5;-0.175577;
0.047452;-5;-0.154716;
0.047457;-5;-0.133865;
0.047462;-5;-0.113025;
0.047467;-5;-0.0921946;
0.047472;-5;-0.071375;
0.047477;-5;-0.0505658;
0.047482;-5;-0.029767;
0.047487;-5;-0.00897855;
0.047492;-5;0.0117995;
0.047497;-5;0.0325671;
0.047502;-5;0.0533244;
0.047507;-5;0.0740713;
0.047512;-5;0.0948078;
0.047517;-5;0.115534;
0.047522;-5;0.13625;
0.047527;-5;0.156955;
0.047532;-5;0.17765;
0.047537;-5;0.198335;
0.047542;-5;0.219009;
0.047547;-5;0.239673;
0.047552;-5;0.260327;
0.047557;-5;0.28097;
0.047562;-5;0.301604;
0.047567;-5;0.322226;
0.047572;-5;0.342839;
0.047577;-5;0.363441;
0.047582;-5;0.384033;
0.047587;-5;0.404614;
0.047592;-5;0.425186;
0.047597;-5;0.445747;
0.047602;-5;0.466297;
0.047607;-5;0.486838;
0.047612;-5;0.507368;
0.047617;-5;0.527888;
0.047622;-5;0.548397;
0.047627;-5;0.568897;
0.047632;-5;0.589386;
0.047637;-5;0.609865;
0.047642;-5;0.630333;
0.047647;-5;0.650792;
0.047652;-5;0.67124;
0.047657;-5;0.691678;
0.047662;-5;0.712106;
0.047667;-5;0.732523;
0.047672;-5;0.752931;
0.047677;-5;0.773328;
0.047682;-5;0.793715;
0.047687;-5;0.814092;
0.047692;-5;0.834458;
0.047697;-5;0.854814;
0.047702;-5;0.875161;
0.047707;-5;0.895497;
0.047712;-5;0.915823;
0.047717;-5;0.936138;
0.047722;-5;0.956444;
0.047727;-5;0.976739;
0.047732;-5;0.997024;
0.047737;-5;1.0173;
0.047742;-5;1.03756;
0.047747;-5;1.05782;
0.047752;-5;1.07806;
0.047757;-5;1.0983;
0.047762;-5;1.11852;
0.047767;-5;1.13874;
0.047772;-5;1.15894;
0.047777;-5;1.17914;
0.047782;-5;1.19932;
0.047787;-5;1.21949;
0.047792;-5;1.23966;
0.047797;-5;1.25981;
0.047802;-5;1.27996;
0.047807;-5;1.30009;
0.047812;-5;1.32021;
0.047817;-5;1.34033;
0.047822;-5;1.36043;
0.047827;-5;1.38052;
0.047832;-5;1.40061;
0.047837;-5;1.42068;
0.047842;-5;1.44074;
0.047847;-5;1.4608;
0.047852;-5;1.48084;
0.047857;-5;1.50087;
0.047862;-5;1.5209;
0.047867;-5;1.54091;
0.047872;-5;1.56091;
0.047877;-5;1.58091;
0.047882;-5;1.60089;
0.047887;-5;1.62086;
0.047892;-5;1.64083;
0.047897;-5;1.66078;
0.047902;-5;1.68072;
0.047907;-5;1.70066;
0.047912;-5;1.72058;
0.047917;-5;1.74049;
0.047922;-5;1.7604;
0.047927;-5;1.78029;
0.047932;-5;1.80017;
0.047937;-5;1.82005;
0.047942;-5;1.83991;
0.047947;-5;1.85976;
0.047952;-5;1.87961;
0.047957;-5;1.89944;
0.047962;-5;1.91927;
0.047967;-5;1.93908;
0.047972;-5;1.95888;
0.047977;-5;1.97868;
0.047982;-5;1.99846;
0.047987;-5;2.01824;
0.047992;-5;2.038;
0.047997;-5;2.05776;
0.048;-5;2.06945;
0.0480001;-4;2.07049;
0.0480003;-2;2.07225;
0.0480007;2;2.07413;
0.048001;5;2.07436;
0.0480011;5;2.0737;
0.0480012;5;2.07248;
0.0480016;5;2.07049;
0.0480022;5;2.0673;
0.0480035;5;2.06163;
0.048006;5;2.05043;
0.048011;5;2.02853;
0.048016;5;2.00666;
0.048021;5;1.98478;
0.048026;5;1.96293;
0.048031;5;1.94108;
0.048036;5;1.91924;
0.048041;5;1.89741;
0.048046;5;1.8756;
0.048051;5;1.85379;
0.048056;5;1.832;
0.048061;5;1.81022;
0.048066;5;1.78845;
0.048071;5;1.76669;
0.048076;5;1.74494;
0.048081;5;1.7232;
0.048086;5;1.70147;
0.048091;5;1.67975;
0.048096;5;1.65804;
0.048101;5;1.63635;
0.048106;5;1.61466;
0.048111;5;1.59299;
0.048116;5;1.57133;
0.048121;5;1.54967;
0.048126;5;1.52803;
0.048131;5;1.5064;
0.048136;5;1.48478;
0.048141;5;1.46317;
0.048146;5;1.44158;
0.048151;5;1.41999;
0.048156;5;1.39841;
0.048161;5;1.37684;
0.048166;5;1.35529;
0.048171;5;1.33375;
0.048176;5;1.31221;
0.048181;5;1.29069;
0.048186;5;1.26918;
0.048191;5;1.24768;
0.048196;5;1.22619;
0.048201;5;1.20471;
0.048206;5;1.18324;
0.048211;5;1.16178;
0.048216;5;1.14033;
0.048221;5;1.11889;
0.048226;5;1.09747;
0.048231;5;1.07605;
0.048236;5;1.05465;
0.048241;5;1.03325;
0.048246;5;1.01187;
0.048251;5;0.990497;
0.048256;5;0.969135;
0.048261;5;0.947784;
0.048266;5;0.926443;
0.048271;5;0.905113;
0.048276;5;0.883794;
0.048281;5;0.862485;
0.048286;5;0.841187;
0.048291;5;0.8199;
0.048296;5;0.798623;
0.048301;5;0.777357;
0.048306;5;0.756102;
0.048311;5;0.734857;
0.048316;5;0.713623;
0.048321;5;0.692399;
0.048326;5;0.671186;
0.048331;5;0.649984;
0.048336;5;0.628792;
0.048341;5;0.607611;
0.048346;5;0.58644;
0.048351;5;0.56528;
0.048356;5;0.544131;
0.048361;5;0.522992;
0.048366;5;0.501864;
0.048371;5;0.480746;
0.048376;5;0.459639;
0.048381;5;0.438542;
0.048386;5;0.417456;
0.048391;5;0.396381;
0.048396;5;0.375316;
0.048401;5;0.354262;
0.048406;5;0.333218;
0.048411;5;0.312184;
0.048416;5;0.291161;
0.048421;5;0.270149;
0.048426;5;0.249147;
0.048431;5;0.228156;
0.048436;5;0.207175;
0.048441;5;0.186204;
0.048446;5;0.165245;
0.048451;5;0.144295;
0.048456;5;0.123356;
0.048461;5;0.102428;
0.048466;5;0.0815097;
0.048471;5;0.0606021;
0.048476;5;0.039705;
0.048481;5;0.0188184;
0.048486;5;-0.00205787;
0.048491;5;-0.0229237;
0.048496;5;-0.043779;
0.048501;5;-0.0646239;
0.048506;5;-0.0854584;
0.048511;5;-0.106283;
0.048516;5;-0.127096;
0.048521;5;-0.147899;
0.048526;5;-0.168692;
0.048531;5;-0.189475;
0.048536;5;-0.210247;
0.048541;5;-0.231009;
0.048546;5;-0.25176;
0.048551;5;-0.272501;
0.048556;5;-0.293232;
0.048561;5;-0.313952;
0.048566;5;-0.334662;
0.048571;5;-0.355361;
0.048576;5;-0.37605;
0.048581;5;-0.396729;
0.048586;5;-0.417398;
0.048591;5;-0.438056;
0.048596;5;-0.458704;
0.048601;5;-0.479341;
0.048606;5;-0.499968;
0.048611;5;-0.520585;
0.048616;5;-0.541192;
0.048621;5;-0.561788;
0.048626;5;-0.582374;
0.048631;5;-0.60295;
0.048636;5;-0.623515;
0.048641;5;-0.64407;
0.048646;5;-0.664615;
0.048651;5;-0.685149;
0.048656;5;-0.705674;
0.048661;5;-0.726188;
0.048666;5;-0.746692;
0.048671;5;-0.767185;
0.048676;5;-0.787668;
0.048681;5;-0.808141;
0.048686;5;-0.828604;
0.048691;5;-0.849057;
0.048696;5;-0.869499;
0.048701;5;-0.889931;
0.048706;5;-0.910353;
0.048711;5;-0.930765;
0.048716;5;-0.951166;
0.048721;5;-0.971558;
0.048726;5;-0.991939;
0.048731;5;-1.01231;
0.048736;5;-1.03267;
0.048741;5;-1.05302;
0.048746;5;-1.07336;
0.048751;5;-1.09369;
0.048756;5;-1.11401;
0.048761;5;-1.13432;
0.048766;5;-1.15462;
0.048771;5;-1.17491;
0.048776;5;-1.19519;
0.048781;5;-1.21546;
0.048786;5;-1.23572;
0.048791;5;-1.25597;
0.048796;5;-1.27621;
0.048801;5;-1.29644;
0.048806;5;-1.31665;
0.048811;5;-1.33686;
0.048816;5;-1.35706;
0.048821;5;-1.37725;
0.048826;5;-1.39743;
0.048831;5;-1.4176;
0.048836;5;-1.43775;
0.048841;5;-1.4579;
0.048846;5;-1.47804;
0.048851;5;-1.49817;
0.048856;5;-1.51829;
0.048861;5;-1.53839;
0.048866;5;-1.55849;
0.048871;5;-1.57858;
0.048876;5;-1.59866;
0.048881;5;-1.61872;
0.048886;5;-1.63878;
0.048891;5;-1.65883;
0.048896;5;-1.67887;
0.048901;5;-1.6989;
0.048906;5;-1.71891;
0.048911;5;-1.73892;
0.048916;5;-1.75892;
0.048921;5;-1.77891;
0.048926;5;-1.79888;
0.048931;5;-1.81885;
0.048936;5;-1.83881;
0.048941;5;-1.85876;
0.048946;5;-1.87869;
0.048951;5;-1.89862;
0.048956;5;-1.91854;
0.048961;5;-1.93845;
0.048966;5;-1.95834;
0.048971;5;-1.97823;
0.048976;5;-1.99811;
0.048981;5;-2.01798;
0.048986;5;-2.03784;
0.048991;5;-2.05768;
0.048996;5;-2.07752;
0.049001;5;-2.09719;
0.0490011;4;-2.09824;
0.0490013;2;-2.1;
0.0490017;-2;-2.10188;
0.049002;-5;-2.10212;
0.0490021;-5;-2.10146;
0.0490022;-5;-2.10025;
0.0490026;-5;-2.09826;
0.0490032;-5;-2.09508;
0.0490045;-5;-2.08943;
0.049007;-5;-2.07827;
0.049012;-5;-2.05645;
0.049017;-5;-2.03466;
0.049022;-5;-2.01286;
0.049027;-5;-1.99109;
0.049032;-5;-1.96931;
0.049037;-5;-1.94756;
0.049042;-5;-1.92581;
0.049047;-5;-1.90407;
0.049052;-5;-1.88235;
0.049057;-5;-1.86063;
0.049062;-5;-1.83893;
0.049067;-5;-1.81724;
0.049072;-5;-1.79556;
0.049077;-5;-1.77388;
0.049082;-5;-1.75222;
0.049087;-5;-1.73057;
0.049092;-5;-1.70894;
0.049097;-5;-1.68731;
0.049102;-5;-1.66569;
0.049107;-5;-1.64408;
0.049112;-5;-1.62249;
0.049117;-5;-1.6009;
0.049122;-5;-1.57933;
0.049127;-5;-1.55777;
0.049132;-5;-1.53622;
0.049137;-5;-1.51467;
0.049142;-5;-1.49314;
0.049147;-5;-1.47162;
0.049152;-5;-1.45011;
0.049157;-5;-1.42862;
0.049162;-5;-1.40713;
0.049167;-5;-1.38565;
0.049172;-5;-1.36418;
0.049177;-5;-1.34273;
0.049182;-5;-1.32128;
0.049187;-5;-1.29985;
0.049192;-5;-1.27843;
0.049197;-5;-1.25701;
0.049202;-5;-1.23561;
0.049207;-5;-1.21422;
0.049212;-5;-1.19284;
0.049217;-5;-1.17147;
0.049222;-5;-1.15011;
0.049227;-5;-1.12876;
0.049232;-5;-1.10742;
0.049237;-5;-1.0861;
0.049242;-5;-1.06478;
0.049247;-5;-1.04348;
0.049252;-5;-1.02218;
0.049257;-5;-1.0009;
0.049262;-5;-0.979622;
0.049267;-5;-0.958358;
0.049272;-5;-0.937106;
0.049277;-5;-0.915864;
0.049282;-5;-0.894632;
0.049287;-5;-0.873411;
0.049292;-5;-0.852201;
0.049297;-5;-0.831002;
0.049302;-5;-0.809813;
0.049307;-5;-0.788634;
0.049312;-5;-0.767467;
0.049317;-5;-0.746309;
0.049322;-5;-0.725163;
0.049327;-5;-0.704027;
0.049332;-5;-0.682901;
0.049337;-5;-0.661786;
0.049342;-5;-0.640682;
0.049347;-5;-0.619588;
0.049352;-5;-0.598505;
0.049357;-5;-0.577432;
0.049362;-5;-0.55637;
0.049367;-5;-0.535318;
0.049372;-5;-0.514277;
0.049377;-5;-0.493246;
0.049382;-5;-0.472226;
0.049387;-5;-0.451217;
0.049392;-5;-0.430218;
0.049397;-5;-0.409229;
0.049402;-5;-0.388251;
0.049407;-5;-0.367283;
0.049412;-5;-0.346326;
0.049417;-5;-0.325379;
0.049422;-5;-0.304443;
0.049427;-5;-0.283517;
0.049432;-5;-0.262602;
0.049437;-5;-0.241697;
0.049442;-5;-0.220803;
0.049447;-5;-0.199919;
0.049452;-5;-0.179046;
0.049457;-5;-0.158182;
0.049462;-5;-0.13733;
0.049467;-5;-0.116488;
0.049472;-5;-0.0956559;
0.049477;-5;-0.0748345;
0.049482;-5;-0.0540236;
0.049487;-5;-0.033223;
0.049492;-5;-0.0124329;
0.049497;-5;0.00834687;
0.049502;-5;0.0291162;
0.049507;-5;0.0498752;
0.049512;-5;0.0706238;
0.049517;-5;0.0913621;
0.049522;-5;0.11209;
0.049527;-5;0.132807;
0.049532;-5;0.153515;
0.049537;-5;0.174211;
0.049542;-5;0.194898;
0.049547;-5;0.215574;
0.049552;-5;0.23624;
0.049557;-5;0.256895;
0.049562;-5;0.27754;
0.049567;-5;0.298175;
0.049572;-5;0.3188;
0.049577;-5;0.339414;
0.049582;-5;0.360018;
0.049587;-5;0.380611;
0.049592;-5;0.401194;
0.049597;-5;0.421767;
0.049602;-5;0.44233;
0.049607;-5;0.462882;
0.049612;-5;0.483425;
0.049617;-5;0.503956;
0.049622;-5;0.524478;
0.049627;-5;0.544989;
0.049632;-5;0.56549;
0.049637;-5;0.585981;
0.049642;-5;0.606462;
0.049647;-5;0.626932;
0.049652;-5;0.647392;
0.049657;-5;0.667842;
0.049662;-5;0.688282;
0.049667;-5;0.708711;
0.049672;-5;0.729131;
0.049677;-5;0.74954;
0.049682;-5;0.769939;
0.049687;-5;0.790327;
0.049692;-5;0.810706;
0.049697;-5;0.831074;
0.049702;-5;0.851432;
0.049707;-5;0.87178;
0.049712;-5;0.892118;
0.049717;-5;0.912445;
0.049722;-5;0.932762;
0.049727;-5;0.95307;
0.049732;-5;0.973367;
0.049737;-5;0.993654;
0.049742;-5;1.01393;
0.049747;-5;1.0342;
0.049752;-5;1.05445;
0.049757;-5;1.0747;
0.049762;-5;1.09494;
0.049767;-5;1.11516;
0.049772;-5;1.13538;
0.049777;-5;1.15558;
0.049782;-5;1.17578;
0.049787;-5;1.19597;
0.049792;-5;1.21614;
0.049797;-5;1.23631;
0.049802;-5;1.25646;
0.049807;-5;1.27661;
0.049812;-5;1.29674;
0.049817;-5;1.31687;
0.049822;-5;1.33698;
0.049827;-5;1.35709;
0.049832;-5;1.37718;
0.049837;-5;1.39727;
0.049842;-5;1.41734;
0.049847;-5;1.43741;
0.049852;-5;1.45746;
0.049857;-5;1.47751;
0.049862;-5;1.49754;
0.049867;-5;1.51757;
0.049872;-5;1.53758;
0.049877;-5;1.55759;
0.049882;-5;1.57758;
0.049887;-5;1.59757;
0.049892;-5;1.61754;
0.049897;-5;1.63751;
0.049902;-5;1.65746;
0.049907;-5;1.67741;
0.049912;-5;1.69734;
0.049917;-5;1.71727;
0.049922;-5;1.73718;
0.049927;-5;1.75709;
0.049932;-5;1.77698;
0.049937;-5;1.79687;
0.049942;-5;1.81674;
0.049947;-5;1.83661;
0.049952;-5;1.85646;
0.049957;-5;1.87631;
0.049962;-5;1.89615;
0.049967;-5;1.91597;
0.049972;-5;1.93579;
0.049977;-5;1.95559;
0.049982;-5;1.97539;
0.049987;-5;1.99517;
0.049992;-5;2.01495;
0.049997;-5;2.03472;
0.05;-5;2.04641;
